sample_id,tri_consensus,selected,consensus_class,tri_score,source_ema_js,p_source_BG,p_ema_BG,p_proto_BG,q_consensus_BG,selected_BG,target_prior_BG,p_source_Healthy,p_ema_Healthy,p_proto_Healthy,q_consensus_Healthy,selected_Healthy,target_prior_Healthy,p_source_WSSV,p_ema_WSSV,p_proto_WSSV,q_consensus_WSSV,selected_WSSV,target_prior_WSSV
TSBD_BG_b9ded89290,1,1,0,0.89218897,0.0041368064,0.8496757,0.90793335,0.99998915,0.9806369,1,0.21060502529144287,0.08406625,0.047296967,5.2107407e-06,0.010134885,0,0.36409977078437805,0.06625808,0.0447696,5.5972487e-06,0.009228204,0,0.42529523372650146
TSBD_BG_ec6804e1c1,1,1,0,0.89526445,0.003773964,0.85204214,0.9081924,0.9999893,0.98077536,1,0.21060502529144287,0.079543635,0.04826981,5.8399733e-06,0.010253618,0,0.36409977078437805,0.06841423,0.043537755,4.9160717e-06,0.008971058,0,0.42529523372650146
TSBD_BG_e6c7f786d1,1,1,0,0.88246834,0.0053428058,0.8423926,0.90780956,0.9999887,0.9801118,1,0.21060502529144287,0.09832266,0.050005127,7.041883e-06,0.011688849,0,0.36409977078437805,0.059284758,0.04218532,4.2499933e-06,0.008199346,0,0.42529523372650146
TSBD_BG_27046d49de,1,1,0,0.8887707,0.0044695367,0.84582645,0.9076423,0.99998903,0.98029643,1,0.21060502529144287,0.07993192,0.048970327,6.244652e-06,0.010501995,0,0.36409977078437805,0.074241556,0.043387376,4.817924e-06,0.009201535,0,0.42529523372650146
TSBD_BG_ef94f9e30a,1,0,0,0.4150869,0.09749881,0.55677575,0.9028332,0.999984,0.9685826,0,0.21060502529144287,0.06862965,0.055341985,1.1750266e-05,0.013686416,0,0.36409977078437805,0.3745946,0.0418248,4.131199e-06,0.017731009,0,0.42529523372650146
TSBD_BG_014cc1626a,1,0,0,0.6667389,0.021231938,0.5930142,0.7691976,0.99353397,0.85941136,0,0.21060502529144287,0.1160981,0.037414655,2.1065089e-06,0.009135768,0,0.36409977078437805,0.29088777,0.19338773,0.006463849,0.13145284,0,0.42529523372650146
TSBD_BG_ab942e7799,0,0,1,0.16903417,0.22262442,0.16351314,0.30535623,0.009250186,0.20849822,0,0.21060502529144287,0.16839772,0.62636054,0.9907312,0.74121743,0,0.36409977078437805,0.6680892,0.068283215,1.869251e-05,0.05028433,0,0.42529523372650146
TSBD_BG_92d3bac25d,1,1,0,0.88900137,0.0041199336,0.84399736,0.90398175,0.99998116,0.97830117,1,0.21060502529144287,0.0950519,0.05897161,1.6422662e-05,0.014728116,0,0.36409977078437805,0.060950797,0.03704671,2.41586e-06,0.0069707166,0,0.42529523372650146
TSBD_BG_3179613a58,1,0,0,0.86775666,0.005552008,0.8314527,0.87829196,0.99986553,0.9669774,0,0.21060502529144287,0.08906963,0.089745,0.00013309173,0.026603429,0,0.36409977078437805,0.0794777,0.031962994,1.3559642e-06,0.006419098,0,0.42529523372650146
TSBD_BG_72fcb5ad43,1,1,1,0.85216254,0.004473442,0.10750409,0.07318981,5.7059838e-06,0.014296026,0,0.21060502529144287,0.78753734,0.8593229,0.99999,0.97277445,1,0.36409977078437805,0.104958564,0.06748724,4.321627e-06,0.012929542,0,0.42529523372650146
TSBD_BG_1adf4fa166,1,0,0,0.5919017,0.051963583,0.65664965,0.8928611,0.99995625,0.9663601,0,0.21060502529144287,0.10550998,0.07045574,4.1417923e-05,0.021596134,0,0.36409977078437805,0.23784043,0.03668305,2.339623e-06,0.012043754,0,0.42529523372650146
TSBD_BG_19f57a7d83,1,1,1,0.828073,0.007362297,0.1433555,0.078161195,7.4231043e-06,0.017312154,0,0.21060502529144287,0.7663494,0.85848314,0.9999894,0.9713385,1,0.36409977078437805,0.09029511,0.06335565,3.237525e-06,0.011349361,0,0.42529523372650146
TSBD_BG_b06b80d500,1,1,0,0.8863876,0.0036750142,0.8374392,0.8950741,0.9999528,0.9735539,1,0.21060502529144287,0.10634382,0.071830586,4.5782916e-05,0.020597901,0,0.36409977078437805,0.056217104,0.033095296,1.4737091e-06,0.00584824,0,0.42529523372650146
TSBD_BG_5c745e387f,1,1,0,0.8914814,0.003982289,0.84716445,0.9056608,0.9999846,0.9792779,1,0.21060502529144287,0.091362365,0.056229733,1.275531e-05,0.013501294,0,0.36409977078437805,0.06147311,0.0381095,2.6790135e-06,0.0072207763,0,0.42529523372650146
TSBD_BG_c333741c9b,0,0,1,0.38236055,0.10830105,0.69977856,0.26343015,0.0028848287,0.22221904,0,0.21060502529144287,0.2466739,0.6988833,0.9971143,0.77036357,0,0.36409977078437805,0.053547557,0.037686583,8.529558e-07,0.007417369,0,0.42529523372650146
TSBD_BG_a3ac70c2de,1,1,0,0.88532525,0.004450039,0.840076,0.90292484,0.9999789,0.9775765,1,0.21060502529144287,0.1008383,0.060707085,1.9012716e-05,0.015708448,0,0.36409977078437805,0.05908563,0.036368035,2.190498e-06,0.0067150467,0,0.42529523372650146
TSBD_BG_6ff47981ea,0,0,0,0.18372151,0.22555175,0.28013933,0.9008722,0.99997365,0.9438105,0,0.21060502529144287,0.6265358,0.063691355,2.4331592e-05,0.04536376,0,0.36409977078437805,0.09332487,0.035436425,1.9724203e-06,0.01082578,0,0.42529523372650146
TSBD_BG_64274bed67,1,0,1,0.7887483,0.008222144,0.21870163,0.13673419,8.930547e-05,0.043604415,0,0.21060502529144287,0.70812833,0.81688195,0.99990976,0.9489974,0,0.36409977078437805,0.073170036,0.046383854,9.714488e-07,0.007398226,0,0.42529523372650146
TSBD_BG_7031e4d230,1,1,0,0.8931702,0.0039813267,0.8499194,0.9078433,0.99998915,0.98059964,1,0.21060502529144287,0.07951552,0.047767628,5.4860366e-06,0.010086153,0,0.36409977078437805,0.07056512,0.044389054,5.355453e-06,0.009314201,0,0.42529523372650146
TSBD_BG_03136a4786,1,0,2,0.855515,0.0017976654,0.09899038,0.073788084,1.863921e-05,0.01767179,0,0.21060502529144287,0.11833079,0.096845224,5.732341e-05,0.026615202,0,0.36409977078437805,0.7826788,0.8293666,0.99992406,0.95571303,0,0.42529523372650146
TSBD_BG_daacfdf534,1,0,0,0.79603314,0.016553242,0.7903328,0.8887735,0.99993527,0.9707908,0,0.21060502529144287,0.07830717,0.0767848,6.298434e-05,0.020748787,0,0.36409977078437805,0.13136002,0.03444176,1.7438064e-06,0.008460418,0,0.42529523372650146
TSBD_BG_873a3617a3,1,0,2,0.841755,0.0038355887,0.11639651,0.13263348,0.00020551041,0.039332476,0,0.21060502529144287,0.09501644,0.050571483,2.1463613e-06,0.0095332125,0,0.36409977078437805,0.78858703,0.816795,0.9997924,0.9511343,0,0.42529523372650146
TSBD_BG_abfa756b67,1,1,0,0.8772677,0.0058339722,0.8364725,0.9070327,0.99998856,0.9796579,1,0.21060502529144287,0.07309771,0.047002796,5.0997487e-06,0.009629833,0,0.36409977078437805,0.09042979,0.045964453,6.294743e-06,0.010712271,0,0.42529523372650146
TSBD_BG_897409ab6a,1,0,0,0.862047,0.0038806847,0.80970144,0.8553314,0.99963355,0.9541027,0,0.21060502529144287,0.07330887,0.034768626,1.1814358e-06,0.0063543892,0,0.36409977078437805,0.11698972,0.10989994,0.00036523773,0.0395429,0,0.42529523372650146
TSBD_BG_029a32b87f,1,1,0,0.89314157,0.003964012,0.8497602,0.907612,0.99998903,0.98056424,1,0.21060502529144287,0.07349321,0.046124883,4.5382703e-06,0.009300444,0,0.36409977078437805,0.07674663,0.046263143,6.4227193e-06,0.01013534,0,0.42529523372650146
TSBD_BG_ad84846145,0,0,1,0.28274205,0.14846732,0.83868736,0.4118025,0.052089367,0.5306633,0,0.21060502529144287,0.07225264,0.5538284,0.9479089,0.4592722,0,0.36409977078437805,0.08905998,0.03436902,1.7283761e-06,0.01006447,0,0.42529523372650146
TSBD_BG_6250909f04,1,1,1,0.82167363,0.008230761,0.13352102,0.07337325,5.728803e-06,0.01561587,0,0.21060502529144287,0.7604823,0.86001235,0.9999901,0.9714632,1,0.36409977078437805,0.10599668,0.06661435,4.1360217e-06,0.012920911,0,0.42529523372650146
TSBD_Healthy_c7fd512124,1,1,1,0.80735475,0.01078482,0.08099336,0.0712757,4.9905266e-06,0.01259812,0,0.21060502529144287,0.75974584,0.859419,0.9999901,0.9716744,1,0.36409977078437805,0.15926085,0.06930528,4.936371e-06,0.015727516,0,0.42529523372650146
TSBD_Healthy_1ab857c1ee,1,0,1,0.49698293,0.06790194,0.06820866,0.06450222,3.4870268e-06,0.011643634,0,0.21060502529144287,0.5575859,0.8560654,0.999987,0.96002215,0,0.36409977078437805,0.37420538,0.079432346,9.470941e-06,0.028334208,0,0.42529523372650146
TSBD_Healthy_a4108c60ab,1,0,1,0.6169856,0.04188197,0.088617146,0.06844436,4.341913e-06,0.013158119,0,0.21060502529144287,0.63177913,0.8591055,0.9999896,0.9652555,0,0.36409977078437805,0.2796037,0.072450124,6.0777234e-06,0.021586396,0,0.42529523372650146
TSBD_Healthy_603954b4fc,0,0,1,0.27423713,0.15751699,0.56579304,0.08857335,1.2795672e-05,0.042974766,0,0.21060502529144287,0.33491424,0.8509481,0.9999844,0.9424668,0,0.36409977078437805,0.099292755,0.06047858,2.831067e-06,0.014558482,0,0.42529523372650146
TSBD_Healthy_a7669a6337,1,0,1,0.34951243,0.10663165,0.23100212,0.08772396,1.2239865e-05,0.028764565,0,0.21060502529144287,0.42406827,0.8494732,0.9999844,0.9491879,0,0.36409977078437805,0.3449296,0.06280285,3.4052794e-06,0.022047572,0,0.42529523372650146
TSBD_Healthy_0969d7950f,0,0,1,0.13814041,0.26364955,0.23561926,0.061907113,3.238697e-06,0.025884397,0,0.21060502529144287,0.15720175,0.8466142,0.9999784,0.9133213,0,0.36409977078437805,0.60717905,0.091478705,1.8344374e-05,0.060794234,0,0.42529523372650146
TSBD_Healthy_3535a7f645,1,0,1,0.68223476,0.029493045,0.09892923,0.06960277,4.542142e-06,0.013661657,0,0.21060502529144287,0.6676469,0.8578921,0.9999893,0.96636444,0,0.36409977078437805,0.23342383,0.0725051,6.1616684e-06,0.019973861,0,0.42529523372650146
TSBD_Healthy_28874652ec,0,0,1,0.19291154,0.20447093,0.25342417,0.06686417,3.922798e-06,0.024922615,0,0.21060502529144287,0.245024,0.85462654,0.9999869,0.9347852,0,0.36409977078437805,0.50155187,0.07850927,9.141774e-06,0.040292256,0,0.42529523372650146
TSBD_Healthy_c9a3ba4645,0,0,1,0.16838372,0.24377334,0.74664426,0.108821474,3.102869e-05,0.07378876,0,0.21060502529144287,0.1903282,0.8378937,0.99996734,0.9136597,0,0.36409977078437805,0.063027546,0.053284872,1.6665539e-06,0.012551555,0,0.42529523372650146
TSBD_Healthy_ec9cff4659,0,0,1,0.30818826,0.14430293,0.74133337,0.25016743,0.002160714,0.22533008,0,0.21060502529144287,0.1916803,0.7092086,0.9978382,0.7651624,0,0.36409977078437805,0.066986375,0.040623985,1.1591505e-06,0.009507507,0,0.42529523372650146
TSBD_Healthy_d0dd7481d3,1,1,1,0.8144759,0.008889416,0.16223024,0.08352326,9.784976e-06,0.019788515,0,0.21060502529144287,0.7543665,0.855599,0.9999875,0.9696526,1,0.36409977078437805,0.08340322,0.06087776,2.762373e-06,0.010558899,0,0.42529523372650146
TSBD_Healthy_9b9c4b2008,0,0,1,0.29019034,0.14968261,0.060685024,0.05938611,2.501452e-06,0.011493273,0,0.21060502529144287,0.36849394,0.854442,0.9999833,0.9464004,0,0.36409977078437805,0.57082105,0.08617193,1.4139858e-05,0.0421063,0,0.42529523372650146
TSBD_Healthy_6af33a64f0,0,0,1,0.18379222,0.22871113,0.060491685,0.05749732,2.188079e-06,0.012757181,0,0.21060502529144287,0.23227267,0.85110927,0.9999802,0.9308899,0,0.36409977078437805,0.7072357,0.09139342,1.7548984e-05,0.05635296,0,0.42529523372650146
TSBD_Healthy_11508a2a47,1,0,0,0.84174216,0.0032150317,0.7696133,0.8276779,0.9984555,0.9263623,0,0.21060502529144287,0.17265485,0.14014393,0.0015428835,0.0676581,0,0.36409977078437805,0.05773188,0.03217824,1.5505092e-06,0.005979647,0,0.42529523372650146
TSBD_Healthy_9c80ffce77,0,0,1,0.17918642,0.23228635,0.061690297,0.061912943,2.935411e-06,0.014017751,0,0.21060502529144287,0.23855603,0.85622853,0.9999863,0.93775165,0,0.36409977078437805,0.6997537,0.081858516,1.0770352e-05,0.048230596,0,0.42529523372650146
TSBD_Healthy_fdc6d1fa33,1,0,1,0.54478425,0.05782726,0.065587394,0.06984918,4.484187e-06,0.012254734,0,0.21060502529144287,0.5989542,0.8581547,0.99998987,0.9647147,0,0.36409977078437805,0.3354584,0.07199617,5.645076e-06,0.023030542,0,0.42529523372650146
TSBD_Healthy_8c646c1060,1,0,1,0.78694963,0.011563672,0.16661523,0.090573885,1.3889104e-05,0.022532374,0,0.21060502529144287,0.72415644,0.8481186,0.9999832,0.9655306,0,0.36409977078437805,0.10922838,0.061307516,2.9200287e-06,0.011937034,0,0.42529523372650146
TSBD_Healthy_1b2ea804f3,0,0,1,0.2814511,0.15219304,0.54796493,0.08602861,1.1063344e-05,0.040299196,0,0.21060502529144287,0.34689695,0.8538745,0.9999863,0.94528455,0,0.36409977078437805,0.10513817,0.060096882,2.6117825e-06,0.014416283,0,0.42529523372650146
TSBD_Healthy_181a36e89e,0,0,1,0.3500867,0.112125166,0.47374937,0.086252056,1.10587625e-05,0.035861436,0,0.21060502529144287,0.42732078,0.852886,0.99998605,0.95063055,0,0.36409977078437805,0.09892985,0.06086193,2.848529e-06,0.013508036,0,0.42529523372650146
TSBD_Healthy_b13db56cba,0,0,1,0.14913097,0.2636806,0.072058454,0.04460653,1.0617886e-06,0.011946683,0,0.21060502529144287,0.1352925,0.8165667,0.99984205,0.8628775,0,0.36409977078437805,0.79264903,0.13882671,0.00015687056,0.12517576,0,0.42529523372650146
TSBD_Healthy_e91e5f3d2c,1,0,1,0.6318524,0.038112212,0.2980362,0.088798046,1.2323762e-05,0.027839253,0,0.21060502529144287,0.6340185,0.8526873,0.99998534,0.96232784,0,0.36409977078437805,0.06794531,0.05851469,2.3020186e-06,0.009832865,0,0.42529523372650146
TSBD_Healthy_b9f53cb41a,0,0,1,0.2827662,0.1592732,0.78648925,0.26494753,0.0030192798,0.25948822,0,0.21060502529144287,0.15964897,0.6971603,0.9969798,0.7320953,0,0.36409977078437805,0.053861797,0.037892204,9.3988183e-07,0.008416528,0,0.42529523372650146
TSBD_Healthy_eb22129a24,1,0,0,0.81695527,0.0018481505,0.7607647,0.75589335,0.98386776,0.86266804,0,0.21060502529144287,0.18841423,0.21453308,0.016130744,0.13197888,0,0.36409977078437805,0.050821118,0.029573625,1.5147317e-06,0.00535305,0,0.42529523372650146
TSBD_Healthy_968a78b93d,1,1,1,0.8034533,0.01053841,0.15063396,0.074932165,6.0829957e-06,0.016750999,0,0.21060502529144287,0.74568933,0.8587443,0.99998987,0.9704578,1,0.36409977078437805,0.1036767,0.066323504,3.99626e-06,0.012791254,0,0.42529523372650146
TSBD_Healthy_c7a3a188a8,0,0,1,0.30084667,0.14915621,0.70938545,0.2000396,0.0006021782,0.15387547,0,0.21060502529144287,0.23399393,0.7585245,0.9993969,0.83766234,0,0.36409977078437805,0.05662058,0.041435897,8.730479e-07,0.008462168,0,0.42529523372650146
TSBD_Healthy_f55a2f1b43,1,0,1,0.52589643,0.06265454,0.062414046,0.07105314,5.0993463e-06,0.012496746,0,0.21060502529144287,0.59234184,0.8596923,0.99998987,0.96513206,0,0.36409977078437805,0.3452441,0.06925456,4.9780197e-06,0.022371247,0,0.42529523372650146
TSBD_Healthy_11a0ec4d06,0,0,1,0.32640767,0.12060537,0.833472,0.4486229,0.09867094,0.56796074,0,0.21060502529144287,0.08436546,0.51650286,0.9013267,0.42251173,0,0.36409977078437805,0.082162574,0.034874164,2.3685204e-06,0.009527521,0,0.42529523372650146
TSBD_Healthy_dda7c6bbc5,1,0,1,0.6927101,0.027378146,0.21537729,0.073944844,5.987494e-06,0.019458652,0,0.21060502529144287,0.6687348,0.8594262,0.99998987,0.9666451,0,0.36409977078437805,0.11588793,0.06662893,4.159021e-06,0.013896171,0,0.42529523372650146
TSBD_Healthy_b83d452fe7,1,0,1,0.45214492,0.080811635,0.062040392,0.06932895,4.609657e-06,0.012440898,0,0.21060502529144287,0.5413138,0.8596252,0.99998975,0.9625334,0,0.36409977078437805,0.39664578,0.07104581,5.590072e-06,0.025025748,0,0.42529523372650146
TSBD_Healthy_ec04a77054,1,1,1,0.846721,0.00514281,0.107110776,0.07471564,6.0430375e-06,0.01460495,0,0.21060502529144287,0.782874,0.85941553,0.9999901,0.9726462,1,0.36409977078437805,0.11001525,0.0658688,3.88083e-06,0.012748861,0,0.42529523372650146
TSBD_Healthy_63480c13ab,1,1,1,0.808086,0.010044975,0.15207736,0.075228095,6.2736913e-06,0.016902348,0,0.21060502529144287,0.7506177,0.85942477,0.99998987,0.97081864,1,0.36409977078437805,0.097304985,0.065347165,3.8069793e-06,0.012279036,0,0.42529523372650146
TSBD_Healthy_a334fe0843,1,0,1,0.74029064,0.019090317,0.22266793,0.08983412,1.3144287e-05,0.024833847,0,0.21060502529144287,0.6982412,0.851186,0.9999844,0.96489334,0,0.36409977078437805,0.079090856,0.05897986,2.5107854e-06,0.010272841,0,0.42529523372650146
TSBD_Healthy_af48f4f88b,1,0,1,0.59418726,0.036667895,0.3911647,0.1610354,0.00020546757,0.07288555,0,0.21060502529144287,0.54927045,0.7953655,0.9997937,0.9200567,0,0.36409977078437805,0.059564874,0.04359906,8.912596e-07,0.00705772,0,0.42529523372650146
TSBD_Healthy_58fc6d9018,1,0,0,0.85422784,0.00603583,0.8147081,0.8634202,0.99982363,0.9611527,0,0.21060502529144287,0.0879525,0.09448019,0.00017180831,0.028777692,0,0.36409977078437805,0.09733939,0.04209957,4.6522077e-06,0.010069654,0,0.42529523372650146
TSBD_Healthy_ed8a98aaef,0,0,1,0.077400625,0.35668004,0.6979553,0.062456273,3.3660842e-06,0.04927946,0,0.21060502529144287,0.07090071,0.83273387,0.9999604,0.8827632,0,0.36409977078437805,0.231144,0.10480981,3.6226113e-05,0.067957334,0,0.42529523372650146
TSBD_Healthy_c1a36abd3d,0,0,1,0.17501765,0.21607912,0.48071894,0.1050208,2.6716618e-05,0.058750436,0,0.21060502529144287,0.20891222,0.83985865,0.9999714,0.91896003,0,0.36409977078437805,0.31036878,0.055120602,1.92606e-06,0.022289567,0,0.42529523372650146
TSBD_Healthy_ba89f16ead,1,1,1,0.84876645,0.004841566,0.11486537,0.076111786,6.5932063e-06,0.01534971,0,0.21060502529144287,0.78407556,0.8591408,0.99998975,0.97255623,1,0.36409977078437805,0.10105901,0.06474741,3.604052e-06,0.012094024,0,0.42529523372650146
TSBD_Healthy_ff7717e05f,1,1,0,0.89141786,0.004148934,0.84819835,0.9073787,0.9999889,0.98036414,1,0.21060502529144287,0.083895236,0.049009573,6.2247564e-06,0.010670098,0,0.36409977078437805,0.06790633,0.043611713,4.9083637e-06,0.008965752,0,0.42529523372650146
TSBD_Healthy_9697828448,0,0,1,0.123234816,0.26751962,0.5184984,0.15041798,0.00021589536,0.13705401,0,0.21060502529144287,0.07924183,0.76068544,0.99975497,0.796621,0,0.36409977078437805,0.4022597,0.088896506,2.9175993e-05,0.06632497,0,0.42529523372650146
TSBD_Healthy_0dc7202194,0,0,1,0.28238857,0.14845651,0.6944596,0.32299572,0.01075401,0.34269416,0,0.21060502529144287,0.13199995,0.63836306,0.98924434,0.6433091,0,0.36409977078437805,0.17354049,0.038641177,1.6441265e-06,0.013996761,0,0.42529523372650146
TSBD_Healthy_aafafefd6f,1,1,0,0.88528174,0.0048499517,0.8434213,0.9064236,0.9999882,0.9798448,1,0.21060502529144287,0.07224488,0.049559407,6.596674e-06,0.010315682,0,0.36409977078437805,0.08433394,0.044016965,5.1880647e-06,0.0098395385,0,0.42529523372650146
TSBD_Healthy_3e37e6f481,1,0,1,0.580909,0.047368642,0.14701183,0.07539105,6.765026e-06,0.018308846,0,0.21060502529144287,0.5915247,0.85466397,0.99998784,0.9610311,0,0.36409977078437805,0.26146343,0.069944955,5.3492445e-06,0.020660112,0,0.42529523372650146
TSBD_Healthy_d5c6d15d07,0,0,2,0.15708458,0.25022227,0.79772085,0.1357225,0.00041164306,0.14732437,0,0.21060502529144287,0.074071646,0.13925336,0.0005082806,0.06766136,0,0.36409977078437805,0.12820745,0.72502416,0.99908006,0.7850143,0,0.42529523372650146
TSBD_Healthy_968206666f,1,0,1,0.7164582,0.022562914,0.21706858,0.0868391,1.1417402e-05,0.023790853,0,0.21060502529144287,0.67727834,0.85268867,0.99998593,0.96446997,0,0.36409977078437805,0.10565315,0.060472235,2.6580597e-06,0.01173918,0,0.42529523372650146
TSBD_Healthy_cacd4fa5f3,1,0,1,0.7083907,0.02586042,0.077361375,0.07110092,5.0849117e-06,0.0127887195,0,0.21060502529144287,0.6951375,0.85777456,0.9999894,0.9682443,0,0.36409977078437805,0.22750114,0.07112454,5.5208934e-06,0.018966978,0,0.42529523372650146
TSBD_Healthy_c00e285b89,1,0,1,0.7012388,0.027425451,0.07278897,0.07029482,4.821274e-06,0.012324147,0,0.21060502529144287,0.69433886,0.8594987,0.99998987,0.9688256,0,0.36409977078437805,0.23287213,0.07020654,5.288785e-06,0.018850299,0,0.42529523372650146
TSBD_Healthy_e318b96772,1,0,1,0.40183872,0.09228378,0.112374075,0.06797367,4.277034e-06,0.0155167775,0,0.21060502529144287,0.47984582,0.8562992,0.9999881,0.95576835,0,0.36409977078437805,0.4077801,0.075727105,7.630217e-06,0.028714823,0,0.42529523372650146
TSBD_Healthy_f874d1c34c,0,0,1,0.20651585,0.20646836,0.067575276,0.07618239,6.63448e-06,0.017583957,0,0.21060502529144287,0.29433706,0.8577204,0.9999894,0.94971967,0,0.36409977078437805,0.6380877,0.06609729,3.99085e-06,0.032696325,0,0.42529523372650146
TSBD_Healthy_a486752b98,0,0,1,0.32581106,0.12489233,0.06048552,0.076709144,6.926963e-06,0.014906983,0,0.21060502529144287,0.44952688,0.8580606,0.9999893,0.9595525,0,0.36409977078437805,0.48998764,0.06523021,3.7862014e-06,0.025540506,0,0.42529523372650146
TSBD_Healthy_79eca515b7,0,0,1,0.08425351,0.34390467,0.23180439,0.07497286,6.2373565e-06,0.038673956,0,0.21060502529144287,0.08883419,0.85464543,0.99998844,0.9082903,0,0.36409977078437805,0.67936146,0.07038173,5.3123285e-06,0.053035706,0,0.42529523372650146
TSBD_Healthy_28f91e3b3c,0,0,1,0.12596981,0.2834833,0.14922851,0.09440985,1.6327314e-05,0.036687784,0,0.21060502529144287,0.16740215,0.84811854,0.9999815,0.9299355,0,0.36409977078437805,0.6833694,0.057471626,2.1683888e-06,0.033376705,0,0.42529523372650146
TSBD_Healthy_b4c784db60,0,0,1,0.1898394,0.22350226,0.7354251,0.13985789,9.9712524e-05,0.104006186,0,0.21060502529144287,0.17896616,0.8127936,0.99989927,0.88392186,0,0.36409977078437805,0.08560878,0.04734848,1.0356721e-06,0.012071891,0,0.42529523372650146
TSBD_Healthy_46afbf57c8,1,0,1,0.42443556,0.08458789,0.19717135,0.08130428,8.495295e-06,0.023420485,0,0.21060502529144287,0.48531452,0.8553386,0.9999883,0.9562756,0,0.36409977078437805,0.31751418,0.063357204,3.1674263e-06,0.02030394,0,0.42529523372650146
TSBD_Healthy_5238685a4f,1,0,1,0.45665684,0.07943943,0.06962463,0.072358005,5.381312e-06,0.013614036,0,0.21060502529144287,0.542977,0.8590036,0.99999,0.9628165,0,0.36409977078437805,0.38739842,0.068638414,4.675543e-06,0.023569483,0,0.42529523372650146
TSBD_Healthy_115a1b2ce7,0,0,1,0.09706154,0.33085978,0.084431686,0.065008864,3.6096123e-06,0.020957047,0,0.21060502529144287,0.11695851,0.8562961,0.99998736,0.91878563,0,0.36409977078437805,0.79860973,0.07869503,9.046189e-06,0.060257316,0,0.42529523372650146
TSBD_Healthy_2b0f2e29de,0,0,1,0.12178093,0.29508087,0.07366126,0.06255052,3.1566012e-06,0.017478852,0,0.21060502529144287,0.15404727,0.85507196,0.9999857,0.9245067,0,0.36409977078437805,0.77229154,0.08237755,1.120304e-05,0.0580144,0,0.42529523372650146
TSBD_Healthy_2cb9913a0d,0,0,1,0.4832842,0.064445086,0.0662317,0.03799544,1.5716902e-06,0.008058784,0,0.21060502529144287,0.32148117,0.6759791,0.98965174,0.7392902,0,0.36409977078437805,0.6122871,0.2860255,0.010346723,0.252651,0,0.42529523372650146
TSBD_Healthy_f7b6201d8c,0,0,1,0.2427339,0.15849933,0.40083888,0.08572367,1.090048e-05,0.03721151,0,0.21060502529144287,0.31092083,0.84944534,0.99998546,0.93927014,0,0.36409977078437805,0.2882403,0.06483103,3.67015e-06,0.023518343,0,0.42529523372650146
TSBD_Healthy_1cb0a1deed,0,0,1,0.29513335,0.13978416,0.133964,0.06997107,4.6876007e-06,0.01845948,0,0.21060502529144287,0.37420803,0.85584724,0.9999888,0.9495922,0,0.36409977078437805,0.49182796,0.07418174,6.5546556e-06,0.03194835,0,0.42529523372650146
TSBD_Healthy_e53d9705ff,0,0,1,0.14901266,0.2587747,0.13648252,0.058413487,2.3972843e-06,0.018960506,0,0.21060502529144287,0.1760061,0.85130775,0.99998045,0.92081,0,0.36409977078437805,0.6875114,0.090278745,1.718899e-05,0.060229532,0,0.42529523372650146
TSBD_Healthy_fea6d00053,0,0,1,0.22385587,0.18508643,0.16751213,0.094766386,1.6714224e-05,0.031937126,0,0.21060502529144287,0.29568222,0.8467143,0.9999809,0.9419692,0,0.36409977078437805,0.5368057,0.058519308,2.3454713e-06,0.026093643,0,0.42529523372650146
TSBD_Healthy_f69458ce94,1,0,1,0.3916043,0.09646477,0.099907175,0.083275884,9.925671e-06,0.019305952,0,0.21060502529144287,0.48566455,0.85132265,0.9999863,0.95720625,0,0.36409977078437805,0.4144283,0.06540152,3.7789212e-06,0.023487788,0,0.42529523372650146
TSBD_Healthy_bb30558caa,1,0,1,0.5793241,0.05003802,0.08530454,0.07868863,7.63976e-06,0.015624328,0,0.21060502529144287,0.61767256,0.8563202,0.9999887,0.96524036,0,0.36409977078437805,0.29702288,0.064991124,3.6471158e-06,0.019135304,0,0.42529523372650146
TSBD_Healthy_f8b382f850,1,0,1,0.65100396,0.035499956,0.09827682,0.07341256,5.665463e-06,0.014699724,0,0.21060502529144287,0.65322214,0.85909873,0.99999,0.9667126,0,0.36409977078437805,0.24850109,0.067488685,4.36514e-06,0.018587712,0,0.42529523372650146
TSBD_Healthy_4e764a8c1f,0,0,1,0.13584566,0.2763788,0.08295667,0.06746508,4.0232107e-06,0.018798351,0,0.21060502529144287,0.18335174,0.85945654,0.99998975,0.9355595,0,0.36409977078437805,0.7336916,0.073078394,6.252373e-06,0.04564209,0,0.42529523372650146
TSBD_Healthy_63950b8869,0,0,1,0.15669255,0.23945668,0.18450323,0.24318177,0.0032452128,0.18047227,0,0.21060502529144287,0.10020887,0.64867926,0.9966176,0.7125705,0,0.36409977078437805,0.71528786,0.10813896,0.00013718005,0.106957175,0,0.42529523372650146
TSBD_Healthy_ea2ac521c5,1,0,1,0.66941863,0.033634737,0.06498548,0.07336498,5.756805e-06,0.012581785,0,0.21060502529144287,0.6836977,0.8597677,0.99999,0.9692223,0,0.36409977078437805,0.25131682,0.06686732,4.2072684e-06,0.018195927,0,0.42529523372650146
TSBD_Healthy_1402c548f4,0,0,1,0.25749856,0.17019229,0.056228213,0.0634319,3.2846278e-06,0.012460332,0,0.21060502529144287,0.34588543,0.8589783,0.9999882,0.9497891,0,0.36409977078437805,0.5978864,0.077589855,8.509858e-06,0.037750542,0,0.42529523372650146
TSBD_Healthy_44b1d181ba,0,0,1,0.25165716,0.17468548,0.057282012,0.060946558,2.78266e-06,0.012076133,0,0.21060502529144287,0.33048576,0.8566757,0.9999862,0.94617623,0,0.36409977078437805,0.61223215,0.08237768,1.1040134e-05,0.041747656,0,0.42529523372650146
TSBD_Healthy_5031d03cd3,1,1,1,0.8490549,0.004922297,0.10545862,0.072733685,5.4575876e-06,0.014045237,0,0.21060502529144287,0.78519005,0.8601839,0.99999034,0.9729166,1,0.36409977078437805,0.10935136,0.06708239,4.2356605e-06,0.013038143,0,0.42529523372650146
TSBD_Healthy_584e036b15,1,0,1,0.76161355,0.0170931,0.19999711,0.07762801,7.237586e-06,0.01963884,0,0.21060502529144287,0.7241283,0.8587402,0.9999894,0.96939963,0,0.36409977078437805,0.07587454,0.063631766,3.3439317e-06,0.010961471,0,0.42529523372650146
TSBD_Healthy_ceedc9841a,0,0,1,0.3126234,0.13927382,0.5941154,0.11578105,4.0890198e-05,0.06103646,0,0.21060502529144287,0.34935936,0.83354485,0.9999578,0.9296801,0,0.36409977078437805,0.056525268,0.05067408,1.310623e-06,0.009283422,0,0.42529523372650146
TSBD_Healthy_539b7c9614,1,1,1,0.83187747,0.0070504993,0.09758354,0.070697404,4.887854e-06,0.013276191,0,0.21060502529144287,0.7711856,0.85953456,0.9999901,0.9719849,1,0.36409977078437805,0.13123085,0.069767974,5.0565e-06,0.014738871,0,0.42529523372650146
TSBD_Healthy_9405a524b8,1,1,1,0.817897,0.008724252,0.13367003,0.06954208,4.542873e-06,0.014575706,0,0.21060502529144287,0.7578878,0.85955393,0.99999,0.971234,1,0.36409977078437805,0.108442195,0.070903935,5.4846237e-06,0.014190269,0,0.42529523372650146
TSBD_Healthy_84b5bbabe5,1,1,1,0.847848,0.0050664805,0.103153855,0.07234912,5.3683652e-06,0.013863591,0,0.21060502529144287,0.78425187,0.86002207,0.9999902,0.9728154,1,0.36409977078437805,0.112594284,0.067628786,4.3906844e-06,0.013321067,0,0.42529523372650146
TSBD_Healthy_cd1699cbb8,0,0,1,0.28745914,0.15139225,0.5760715,0.090464726,1.351835e-05,0.04332817,0,0.21060502529144287,0.3554833,0.85159904,0.99998426,0.94491863,0,0.36409977078437805,0.06844519,0.057936262,2.2504385e-06,0.011753152,0,0.42529523372650146
TSBD_Healthy_3971c8d6d2,0,0,1,0.18658696,0.2268695,0.8352543,0.23197319,0.0013763327,0.24954541,0,0.21060502529144287,0.09929326,0.7277579,0.9986228,0.7396354,0,0.36409977078437805,0.06545238,0.040268958,9.3396187e-07,0.0108192675,0,0.42529523372650146
TSBD_Healthy_062f8eb68b,1,0,1,0.73786104,0.020787647,0.21026947,0.07478758,6.129449e-06,0.019143825,0,0.21060502529144287,0.70854783,0.859247,0.99999,0.9690158,0,0.36409977078437805,0.0811827,0.06596542,3.8909907e-06,0.011840386,0,0.42529523372650146
TSBD_Healthy_64c2fd2799,1,0,1,0.74663115,0.020172339,0.074505344,0.07340379,5.733252e-06,0.0129415775,0,0.21060502529144287,0.7250641,0.8593318,0.99999,0.97044647,0,0.36409977078437805,0.20043056,0.06726444,4.303366e-06,0.01661196,0,0.42529523372650146
TSBD_Healthy_06ad797b28,1,0,1,0.51950586,0.06395725,0.06373399,0.070275195,4.7550825e-06,0.012393655,0,0.21060502529144287,0.5861735,0.859558,0.9999901,0.9647378,0,0.36409977078437805,0.35009256,0.07016682,5.1783813e-06,0.02286858,0,0.42529523372650146
TSBD_Healthy_d37fadc7b5,0,0,1,0.31240666,0.13345963,0.061270047,0.07292087,5.4399766e-06,0.014176267,0,0.21060502529144287,0.42652622,0.85889053,0.9999901,0.9580198,0,0.36409977078437805,0.51220375,0.068188585,4.4672847e-06,0.027803933,0,0.42529523372650146
TSBD_Healthy_23703b21e8,1,0,1,0.68253314,0.028870743,0.22669512,0.07601768,6.5296904e-06,0.020498166,0,0.21060502529144287,0.6609267,0.85701966,0.9999893,0.9656479,0,0.36409977078437805,0.112378165,0.066962644,4.1825815e-06,0.013853916,0,0.42529523372650146
TSBD_Healthy_e761f95881,0,0,1,0.19113055,0.21814553,0.10369839,0.07465926,6.1542473e-06,0.020831235,0,0.21060502529144287,0.25500166,0.85451937,0.9999887,0.94196796,0,0.36409977078437805,0.6413,0.0708214,5.190047e-06,0.03720076,0,0.42529523372650146
TSBD_Healthy_049d7b0b8e,0,0,1,0.30580932,0.13656253,0.073240645,0.07739454,6.9865846e-06,0.016467066,0,0.21060502529144287,0.41356748,0.85554767,0.9999889,0.95605016,0,0.36409977078437805,0.5131918,0.06705778,4.13902e-06,0.027482733,0,0.42529523372650146
TSBD_Healthy_d0a2ad85a2,1,0,1,0.58104575,0.05057538,0.06111604,0.06973936,4.615136e-06,0.011836189,0,0.21060502529144287,0.62715894,0.86010146,0.9999902,0.9666835,0,0.36409977078437805,0.311725,0.07015924,5.1776265e-06,0.021480288,0,0.42529523372650146
TSBD_Healthy_427d279e02,1,0,1,0.56854093,0.05321507,0.06217478,0.071064465,4.9682603e-06,0.012237487,0,0.21060502529144287,0.6197085,0.8596512,0.9999901,0.9663902,0,0.36409977078437805,0.3181167,0.06928432,4.9101063e-06,0.021372335,0,0.42529523372650146
TSBD_Healthy_194fe9c226,1,0,1,0.7905035,0.012753092,0.09496817,0.071257174,4.912219e-06,0.0133745875,0,0.21060502529144287,0.7418204,0.85938716,0.9999902,0.9707073,0,0.36409977078437805,0.16321146,0.06935564,4.83296e-06,0.015918123,0,0.42529523372650146
TSBD_Healthy_7fd586cd0c,0,0,1,0.12769102,0.28690115,0.077491455,0.06690939,3.984008e-06,0.018766025,0,0.21060502529144287,0.1674199,0.8560123,0.99998796,0.93013877,0,0.36409977078437805,0.7550887,0.07707833,8.068788e-06,0.051095262,0,0.42529523372650146
TSBD_Healthy_8a16be7271,1,1,1,0.8384247,0.00651077,0.08952671,0.073163226,5.6365247e-06,0.013410872,0,0.21060502529144287,0.7806293,0.86000973,0.9999902,0.97279394,1,0.36409977078437805,0.12984404,0.06682708,4.152551e-06,0.013795225,0,0.42529523372650146
TSBD_Healthy_7497e074fb,1,0,1,0.61229116,0.04428164,0.06294441,0.07177748,5.167864e-06,0.012270371,0,0.21060502529144287,0.6474638,0.85958356,0.9999902,0.96765363,0,0.36409977078437805,0.2895918,0.06863893,4.6360583e-06,0.020076014,0,0.42529523372650146
TSBD_Healthy_0008f80a75,0,0,1,0.11943809,0.2949172,0.12553528,0.07031542,4.7501285e-06,0.024458578,0,0.21060502529144287,0.14795674,0.8546957,0.9999882,0.92514664,0,0.36409977078437805,0.726508,0.074988894,7.0675196e-06,0.05039476,0,0.42529523372650146
TSBD_Healthy_5ceaf1db7f,0,0,1,0.15007105,0.2605414,0.07394552,0.06752776,3.9770007e-06,0.017408218,0,0.21060502529144287,0.20418462,0.8579664,0.9999893,0.9376173,0,0.36409977078437805,0.7218699,0.07450582,6.8047584e-06,0.044974424,0,0.42529523372650146
TSBD_Healthy_e4fa44cd99,0,0,1,0.12996148,0.2845123,0.07216185,0.06317053,3.0836788e-06,0.01684229,0,0.21060502529144287,0.17008017,0.8573558,0.9999877,0.9302473,0,0.36409977078437805,0.757758,0.07947368,9.18935e-06,0.052910447,0,0.42529523372650146
TSBD_Healthy_441bde1a65,1,1,1,0.82407665,0.0082634445,0.09067095,0.071135834,4.991594e-06,0.013048331,0,0.21060502529144287,0.7678199,0.85985076,0.9999902,0.9720391,1,0.36409977078437805,0.14150919,0.06901337,4.781011e-06,0.014912552,0,0.42529523372650146
TSBD_Healthy_dbb2f8ca89,1,1,1,0.7990733,0.012259269,0.07587304,0.07171713,5.1794937e-06,0.012448587,0,0.21060502529144287,0.75791866,0.860249,0.9999902,0.971963,1,0.36409977078437805,0.16620831,0.068033904,4.552285e-06,0.015588437,0,0.42529523372650146
TSBD_Healthy_9b317a63ad,1,1,1,0.8275282,0.0080076605,0.08546925,0.07242703,5.4230954e-06,0.013071907,0,0.21060502529144287,0.7734778,0.8599208,0.9999902,0.97244024,1,0.36409977078437805,0.1410529,0.06765221,4.4000944e-06,0.014487848,0,0.42529523372650146
TSBD_Healthy_d85abeff44,1,0,1,0.63972044,0.03837885,0.07679198,0.07717754,6.958937e-06,0.01435683,0,0.21060502529144287,0.6584783,0.8566205,0.99998915,0.9673014,0,0.36409977078437805,0.2647297,0.066201985,3.8348817e-06,0.018341793,0,0.42529523372650146
TSBD_Healthy_32490efb09,1,0,1,0.757502,0.017484501,0.10437643,0.07582469,6.4756855e-06,0.015181471,0,0.21060502529144287,0.71841556,0.8583186,0.99998975,0.9694013,0,0.36409977078437805,0.17720802,0.06585666,3.803488e-06,0.015417236,0,0.42529523372650146
TSBD_Healthy_003e47f46b,1,0,1,0.36874214,0.10592394,0.061508283,0.0712903,5.000413e-06,0.013240897,0,0.21060502529144287,0.48501226,0.85993093,0.9999902,0.960831,0,0.36409977078437805,0.45347944,0.068778805,4.73124e-06,0.025928097,0,0.42529523372650146
TSBD_Healthy_db7fb385bc,1,1,1,0.81555396,0.009284256,0.09743737,0.075147495,6.316568e-06,0.014424116,0,0.21060502529144287,0.760585,0.85873044,0.99998975,0.97143555,1,0.36409977078437805,0.14197765,0.06612207,3.9468177e-06,0.01414034,0,0.42529523372650146
TSBD_Healthy_e07653b53b,1,0,1,0.7345772,0.021838874,0.0726976,0.0697315,4.7136905e-06,0.012109167,0,0.21060502529144287,0.71421623,0.8589683,0.9999896,0.9693847,0,0.36409977078437805,0.21308622,0.07130019,5.6927524e-06,0.01850617,0,0.42529523372650146
TSBD_Healthy_372dafd03c,1,0,1,0.37833813,0.10253114,0.068504296,0.07560627,6.384086e-06,0.014780901,0,0.21060502529144287,0.49075967,0.8577293,0.9999896,0.9608152,0,0.36409977078437805,0.440736,0.06666445,4.0001332e-06,0.024403878,0,0.42529523372650146
TSBD_Healthy_8a4d12c896,0,0,1,0.14022975,0.272102,0.08396844,0.05820181,2.4988744e-06,0.01645627,0,0.21060502529144287,0.16350906,0.8461742,0.9999747,0.91456574,0,0.36409977078437805,0.75252247,0.09562402,2.2791004e-05,0.068977945,0,0.42529523372650146
TSBD_Healthy_ddf26df6fc,0,0,1,0.19265783,0.19837165,0.44502616,0.087734826,1.2326172e-05,0.043111574,0,0.21060502529144287,0.2448675,0.8492106,0.99998426,0.9316384,0,0.36409977078437805,0.3101063,0.06305457,3.3610386e-06,0.025250014,0,0.42529523372650146
TSBD_Healthy_f43e3f4c5b,1,0,1,0.537886,0.056251694,0.19671191,0.07466347,6.1169253e-06,0.0201304,0,0.21060502529144287,0.55928284,0.85711664,0.9999893,0.9601615,0,0.36409977078437805,0.24400525,0.068219945,4.62325e-06,0.019708144,0,0.42529523372650146
TSBD_Healthy_b5fbb9ed8e,1,1,1,0.7994661,0.011066375,0.12169745,0.07620778,6.497678e-06,0.015895387,0,0.21060502529144287,0.742568,0.8585974,0.99998987,0.9703612,1,0.36409977078437805,0.1357346,0.065194815,3.6849628e-06,0.013743442,0,0.42529523372650146
TSBD_Healthy_eb36a09ca4,1,0,1,0.6552222,0.032901313,0.18928197,0.082920186,9.332031e-06,0.021766419,0,0.21060502529144287,0.6352855,0.855026,0.9999877,0.9634632,0,0.36409977078437805,0.17543247,0.062053848,2.9444489e-06,0.01477038,0,0.42529523372650146
TSBD_Healthy_6b4a97bd93,0,0,1,0.20014024,0.21221747,0.06923546,0.071413845,5.00736e-06,0.01652491,0,0.21060502529144287,0.2800309,0.8588194,0.99999,0.9477142,0,0.36409977078437805,0.65073365,0.069766745,4.9644846e-06,0.035760872,0,0.42529523372650146
TSBD_Healthy_ba33e2e4e1,1,0,1,0.7176098,0.024489274,0.08309078,0.07645493,6.6963626e-06,0.01427103,0,0.21060502529144287,0.7031563,0.8576873,0.9999895,0.9691189,0,0.36409977078437805,0.21375297,0.06585778,3.828945e-06,0.016610019,0,0.42529523372650146
TSBD_Healthy_c2d1e8a97b,1,0,1,0.7579278,0.018030105,0.08339006,0.07210627,5.248495e-06,0.013108371,0,0.21060502529144287,0.72632855,0.85973006,0.9999902,0.9703373,0,0.36409977078437805,0.19028136,0.06816363,4.5164884e-06,0.016554328,0,0.42529523372650146
TSBD_Healthy_acaf94d2e8,1,0,1,0.590413,0.047374845,0.09868931,0.09358485,1.583614e-05,0.020523438,0,0.21060502529144287,0.62540513,0.8488028,0.999982,0.96360993,0,0.36409977078437805,0.27590558,0.057612337,2.1553556e-06,0.015866643,0,0.42529523372650146
TSBD_Healthy_4c1057862a,0,0,1,0.17095317,0.23915057,0.06406042,0.069680795,4.663439e-06,0.016449207,0,0.21060502529144287,0.24136397,0.8593136,0.99998987,0.94405895,0,0.36409977078437805,0.6945756,0.07100559,5.5034484e-06,0.039491788,0,0.42529523372650146
TSBD_Healthy_d28eee88b2,0,0,1,0.11699837,0.3015399,0.067812145,0.06582973,3.6993051e-06,0.017927648,0,0.21060502529144287,0.15644616,0.8589522,0.99998915,0.93103224,0,0.36409977078437805,0.77574164,0.07521808,7.2038974e-06,0.051040083,0,0.42529523372650146
TSBD_Healthy_9f799d79c9,1,0,1,0.6920098,0.028322268,0.09082969,0.07007778,4.7319204e-06,0.013336216,0,0.21060502529144287,0.6792537,0.8596331,0.99999,0.9677995,0,0.36409977078437805,0.22991659,0.07028917,5.2393775e-06,0.018864254,0,0.42529523372650146
TSBD_Healthy_0797e50b91,1,0,1,0.5021504,0.067942366,0.062764116,0.06905212,4.4772123e-06,0.012166294,0,0.21060502529144287,0.5734918,0.85924816,0.99998975,0.963752,0,0.36409977078437805,0.3637441,0.071699694,5.774162e-06,0.024081716,0,0.42529523372650146
TSBD_Healthy_35d58d516e,0,0,1,0.26184043,0.16540986,0.080813006,0.06864443,4.393062e-06,0.015531064,0,0.21060502529144287,0.34713018,0.85784227,0.99998903,0.9500834,0,0.36409977078437805,0.57205683,0.07351331,6.520087e-06,0.03438556,0,0.42529523372650146
TSBD_Healthy_3369d16a81,0,0,1,0.21751846,0.20235038,0.06864572,0.040106017,1.1524684e-06,0.01032608,0,0.21060502529144287,0.14769523,0.7526451,0.9985367,0.777978,0,0.36409977078437805,0.7836591,0.2072489,0.0014621054,0.21169588,0,0.42529523372650146
TSBD_Healthy_f12cfc128f,1,1,1,0.8294846,0.0073128976,0.100311965,0.07569242,6.678993e-06,0.014726154,0,0.21060502529144287,0.76986766,0.8580896,0.99998915,0.9714812,1,0.36409977078437805,0.12982039,0.066217944,4.141757e-06,0.013792597,0,0.42529523372650146
TSBD_Healthy_8cb3c49027,0,0,1,0.23944494,0.1831572,0.67815757,0.16494925,0.00023356303,0.122015096,0,0.21060502529144287,0.20557511,0.7893531,0.99976546,0.8654676,0,0.36409977078437805,0.116267264,0.04569769,1.0433836e-06,0.012517303,0,0.42529523372650146
TSBD_Healthy_0d4d34f349,1,0,0,0.8528671,0.0029466068,0.80832237,0.8161692,0.9974088,0.9239749,0,0.21060502529144287,0.13376665,0.15525413,0.002590281,0.07092354,0,0.36409977078437805,0.057910975,0.028576652,9.728469e-07,0.005101644,0,0.42529523372650146
TSBD_Healthy_aac43b5b94,1,0,0,0.85416025,0.004773861,0.7932425,0.86460465,0.9996772,0.9533256,0,0.21060502529144287,0.15096861,0.10540916,0.00032188674,0.041433867,0,0.36409977078437805,0.05578883,0.029986173,1.0064832e-06,0.0052405447,0,0.42529523372650146
TSBD_Healthy_713f0a2197,1,0,0,0.87183094,0.0029633273,0.82052976,0.85732174,0.99953437,0.9527588,0,0.21060502529144287,0.11866373,0.11297125,0.00046472464,0.041923895,0,0.36409977078437805,0.060806558,0.02970697,9.925401e-07,0.005317335,0,0.42529523372650146
TSBD_Healthy_ac26bcc532,1,1,0,0.8882081,0.004279358,0.84373593,0.90472114,0.999984,0.97886896,1,0.21060502529144287,0.09090122,0.056867797,1.3251671e-05,0.013669901,0,0.36409977078437805,0.065362915,0.038411137,2.7640922e-06,0.007461125,0,0.42529523372650146
TSBD_Healthy_46f4698e93,0,0,1,0.14118661,0.26864266,0.09656446,0.08239427,8.856132e-06,0.025223056,0,0.21060502529144287,0.18895929,0.84878737,0.9999865,0.9336767,0,0.36409977078437805,0.71447635,0.06881832,4.595811e-06,0.04110024,0,0.42529523372650146
TSBD_Healthy_ffc31af5e9,0,0,1,0.16770995,0.23850793,0.10823232,0.103048325,2.7108332e-05,0.03437841,0,0.21060502529144287,0.22374035,0.83281654,0.9999689,0.9298801,0,0.36409977078437805,0.6680273,0.064135134,3.9595834e-06,0.035741508,0,0.42529523372650146
TSBD_Healthy_ffc39b3360,1,0,1,0.46169215,0.077348076,0.061918497,0.064200506,3.4498103e-06,0.011331515,0,0.21060502529144287,0.53900665,0.8576413,0.9999876,0.9599398,0,0.36409977078437805,0.39907482,0.07815828,8.903166e-06,0.028728716,0,0.42529523372650146
TSBD_Healthy_13e3dd820d,0,0,1,0.14737876,0.2593681,0.15804332,0.07359979,9.191029e-06,0.030952686,0,0.21060502529144287,0.13200217,0.8071535,0.99990916,0.8683307,0,0.36409977078437805,0.7099545,0.119246684,8.166781e-05,0.1007166,0,0.42529523372650146
TSBD_Healthy_0e7dca224f,0,0,1,0.18005137,0.23191513,0.8179709,0.2200169,0.0010269313,0.23093691,0,0.21060502529144287,0.10054231,0.73839265,0.99897206,0.7569787,0,0.36409977078437805,0.0814868,0.041590463,9.679984e-07,0.012084372,0,0.42529523372650146
TSBD_Healthy_e30ffbbca2,0,0,1,0.21928503,0.19517106,0.09144255,0.07376095,5.846551e-06,0.018632857,0,0.21060502529144287,0.29964188,0.8584371,0.9999896,0.9483194,0,0.36409977078437805,0.6089156,0.067801975,4.4932567e-06,0.033047765,0,0.42529523372650146
TSBD_Healthy_33ee2c0488,0,0,1,0.32746646,0.12585315,0.8252442,0.40967077,0.05007126,0.4981097,0,0.21060502529144287,0.100699574,0.555104,0.9499269,0.49269018,0,0.36409977078437805,0.07405629,0.035225198,1.8271504e-06,0.00920012,0,0.42529523372650146
TSBD_Healthy_cf66e36f26,0,0,0,0.16747355,0.18305808,0.22777821,0.4875601,0.4541391,0.5152764,0,0.21060502529144287,0.08219035,0.38410246,0.5432054,0.33576995,0,0.36409977078437805,0.6900314,0.12833746,0.0026554505,0.1489537,0,0.42529523372650146
TSBD_Healthy_198c19a2fa,0,0,1,0.20695546,0.20538437,0.083963394,0.07913026,7.5463854e-06,0.020023972,0,0.21060502529144287,0.28387845,0.8526213,0.99998796,0.94569737,0,0.36409977078437805,0.63215816,0.06824837,4.522547e-06,0.034278642,0,0.42529523372650146
TSBD_Healthy_0f0af1a35d,1,0,1,0.52738166,0.0617855,0.075167336,0.075722,6.5008417e-06,0.014446345,0,0.21060502529144287,0.58857656,0.8575092,0.9999894,0.96447617,0,0.36409977078437805,0.3362561,0.06676881,4.1458284e-06,0.021077493,0,0.42529523372650146
TSBD_Healthy_24a755565d,1,0,1,0.71221024,0.025593659,0.07773798,0.07372729,5.915734e-06,0.013382984,0,0.21060502529144287,0.70156914,0.8591367,0.99998975,0.9692788,0,0.36409977078437805,0.2206929,0.067136064,4.2929414e-06,0.017338203,0,0.42529523372650146
TSBD_Healthy_00488f3c0b,1,1,1,0.8442871,0.005446594,0.116435006,0.07288777,5.614924e-06,0.014664695,0,0.21060502529144287,0.78025585,0.8600945,0.9999901,0.97254175,1,0.36409977078437805,0.10330916,0.06701775,4.2255288e-06,0.012793537,0,0.42529523372650146
TSBD_Healthy_7f10feedf0,1,0,0,0.7011992,0.027795285,0.84316623,0.73348707,0.97195286,0.87976575,0,0.21060502529144287,0.07963616,0.23683329,0.028045515,0.11397309,0,0.36409977078437805,0.077197604,0.029679615,1.5857607e-06,0.006261189,0,0.42529523372650146
TSBD_Healthy_083843a5b2,0,0,1,0.18201107,0.22939634,0.6896618,0.0737157,5.8411974e-06,0.03971331,0,0.21060502529144287,0.25737864,0.8593552,0.99999,0.9457758,0,0.36409977078437805,0.05295963,0.066929124,4.2205984e-06,0.014510863,0,0.42529523372650146
TSBD_Healthy_846b819a49,0,0,1,0.2456783,0.17724338,0.05651486,0.07143282,5.1957e-06,0.014479254,0,0.21060502529144287,0.34624898,0.85995364,0.9999901,0.9536862,0,0.36409977078437805,0.5972362,0.068613544,4.7182757e-06,0.031834558,0,0.42529523372650146
TSBD_Healthy_ef882f9638,0,0,1,0.10022252,0.30485123,0.5251547,0.08672024,1.1929572e-05,0.05740773,0,0.21060502529144287,0.11486422,0.85215646,0.9999852,0.91030675,0,0.36409977078437805,0.3599811,0.061123263,2.8551844e-06,0.032285567,0,0.42529523372650146
TSBD_Healthy_f510479194,1,0,1,0.72032726,0.023864202,0.08679657,0.076846674,6.964301e-06,0.014639546,0,0.21060502529144287,0.7027075,0.85723835,0.99998915,0.9687477,0,0.36409977078437805,0.21049583,0.06591493,3.927321e-06,0.016612772,0,0.42529523372650146
TSBD_Healthy_78ac2c01e9,1,0,1,0.46070468,0.071534574,0.3791608,0.10836853,3.1539043e-05,0.043334134,0,0.21060502529144287,0.48831442,0.83738273,0.99996674,0.94432956,0,0.36409977078437805,0.13252477,0.05424874,1.7607814e-06,0.012336337,0,0.42529523372650146
TSBD_Healthy_aa968b53a4,0,0,1,0.15128516,0.25328177,0.18307647,0.06140189,3.4405439e-06,0.023654059,0,0.21060502529144287,0.15826339,0.83315057,0.9999578,0.89966756,0,0.36409977078437805,0.6586601,0.105447605,3.8814134e-05,0.0766784,0,0.42529523372650146
TSBD_Healthy_d6be26c310,0,0,1,0.15174049,0.26043,0.078911245,0.046195757,1.3490582e-06,0.013224406,0,0.21060502529144287,0.12955315,0.8072157,0.99979395,0.850716,0,0.36409977078437805,0.7915356,0.1465885,0.00020468963,0.1360596,0,0.42529523372650146
TSBD_Healthy_8d0baa1858,1,1,1,0.8122814,0.0086503755,0.15831575,0.08962753,1.3244021e-05,0.021586297,0,0.21060502529144287,0.74770683,0.8521796,0.9999845,0.9680231,1,0.36409977078437805,0.09397738,0.0581929,2.2528955e-06,0.010390583,0,0.42529523372650146
TSBD_Healthy_9a86700e7b,1,0,1,0.36682832,0.106343865,0.08022419,0.099264696,2.0735695e-05,0.022452153,0,0.21060502529144287,0.48992154,0.8452068,0.99997735,0.9583528,0,0.36409977078437805,0.42985424,0.05552856,1.8545013e-06,0.019195078,0,0.42529523372650146
TSBD_Healthy_8de20870d1,0,0,1,0.1565179,0.25176376,0.09122829,0.08674793,1.194667e-05,0.025955375,0,0.21060502529144287,0.21026811,0.8439622,0.9999831,0.9339647,0,0.36409977078437805,0.6985036,0.069289885,4.934595e-06,0.040079907,0,0.42529523372650146
TSBD_Healthy_2125dc16c6,1,0,1,0.7352163,0.0210499,0.09951502,0.07672022,7.0922238e-06,0.015370659,0,0.21060502529144287,0.7060492,0.8575357,0.99998903,0.9685458,0,0.36409977078437805,0.19443576,0.06574402,3.8998623e-06,0.016083566,0,0.42529523372650146
TSBD_Healthy_f1a3293d1d,0,0,1,0.22406685,0.19435522,0.06197298,0.063038886,3.1472268e-06,0.01337641,0,0.21060502529144287,0.29738608,0.85639024,0.999987,0.9441103,0,0.36409977078437805,0.6406409,0.08057085,9.859413e-06,0.0425133,0,0.42529523372650146
TSBD_Healthy_db02ad0e48,0,0,1,0.24945875,0.1753033,0.06019341,0.0657077,3.797141e-06,0.013460301,0,0.21060502529144287,0.33761016,0.8588711,0.9999887,0.9497431,0,0.36409977078437805,0.6021965,0.0754212,7.5538073e-06,0.03679659,0,0.42529523372650146
TSBD_Healthy_6e62793bdf,0,0,1,0.32177788,0.12754188,0.07191703,0.07229636,5.443529e-06,0.01487465,0,0.21060502529144287,0.4307623,0.85871947,0.99998975,0.95717764,0,0.36409977078437805,0.49732065,0.06898417,4.8033567e-06,0.027947705,0,0.42529523372650146
TSBD_Healthy_097e8db62c,0,0,1,0.24298088,0.17866553,0.06555639,0.07379474,5.9309623e-06,0.016006531,0,0.21060502529144287,0.33869335,0.85807616,0.9999895,0.9522776,0,0.36409977078437805,0.5957503,0.06812912,4.5582074e-06,0.03171586,0,0.42529523372650146
TSBD_Healthy_9a88507804,1,0,1,0.3756764,0.102282435,0.08359228,0.073505715,5.8599967e-06,0.015488116,0,0.21060502529144287,0.47827372,0.85740054,0.9999893,0.9585942,0,0.36409977078437805,0.43813404,0.0690938,4.867991e-06,0.025917683,0,0.42529523372650146
TSBD_Healthy_d3268932b8,0,0,1,0.27158886,0.1657792,0.0631371,0.042596903,1.2468842e-06,0.009556378,0,0.21060502529144287,0.23184876,0.78295004,0.99941003,0.8467577,0,0.36409977078437805,0.7050142,0.17445302,0.0005887177,0.14368598,0,0.42529523372650146
TSBD_Healthy_7ef69613b9,1,0,1,0.7434245,0.018780164,0.1330131,0.08816726,1.242762e-05,0.020314837,0,0.21060502529144287,0.70195246,0.85218096,0.9999851,0.96634024,0,0.36409977078437805,0.16503441,0.059651744,2.5104566e-06,0.013344935,0,0.42529523372650146
TSBD_Healthy_ddc759b323,1,0,1,0.7507035,0.019358158,0.08105971,0.075432956,6.385152e-06,0.013786899,0,0.21060502529144287,0.72542125,0.858939,0.99998975,0.9703688,0,0.36409977078437805,0.19351903,0.065628044,3.818695e-06,0.015844353,0,0.42529523372650146
TSBD_Healthy_cb4b1d8b67,1,0,1,0.39893433,0.09492564,0.06776048,0.067225054,4.0415184e-06,0.012681252,0,0.21060502529144287,0.49469006,0.8568199,0.99998844,0.95816094,0,0.36409977078437805,0.43754947,0.07595508,7.5442376e-06,0.029157862,0,0.42529523372650146
TSBD_Healthy_886fdcfd30,1,1,0,0.888557,0.0045022373,0.84570843,0.90770763,0.99998915,0.9803426,1,0.21060502529144287,0.08254977,0.04790499,5.607956e-06,0.010293401,0,0.36409977078437805,0.07174182,0.044387482,5.3024673e-06,0.009363947,0,0.42529523372650146
TSBD_Healthy_784f1bc940,0,0,1,0.22148766,0.18525946,0.12838806,0.17097233,0.00027345426,0.065795936,0,0.21060502529144287,0.3073891,0.7831781,0.9997254,0.9139579,0,0.36409977078437805,0.5642229,0.045849536,1.0928541e-06,0.02024616,0,0.42529523372650146
TSBD_Healthy_ba996de886,0,0,1,0.12278187,0.29324192,0.06897752,0.07168067,5.157597e-06,0.01950132,0,0.21060502529144287,0.17169169,0.8590986,0.99999,0.9366486,0,0.36409977078437805,0.75933075,0.06922077,4.8204383e-06,0.043850094,0,0.42529523372650146
TSBD_Healthy_619dcca295,1,0,1,0.5653824,0.05079143,0.15531223,0.0770504,7.0181645e-06,0.019080773,0,0.21060502529144287,0.582866,0.85631156,0.9999889,0.96164113,0,0.36409977078437805,0.26182178,0.066638015,4.107049e-06,0.019278066,0,0.42529523372650146
TSBD_Healthy_e5fac835da,0,0,1,0.20243883,0.21114609,0.062677525,0.06685396,4.0251107e-06,0.014844618,0,0.21060502529144287,0.27736104,0.8577474,0.9999887,0.94491684,0,0.36409977078437805,0.6599614,0.07539862,7.301348e-06,0.040238567,0,0.42529523372650146
TSBD_Healthy_7b8508b66d,0,0,1,0.12452809,0.28572506,0.72329736,0.14051592,0.00010288277,0.124590114,0,0.21060502529144287,0.09839264,0.8096674,0.9998957,0.8551522,0,0.36409977078437805,0.17831008,0.049816698,1.3976904e-06,0.020257695,0,0.42529523372650146
TSBD_Healthy_1bf9b6920f,0,0,1,0.25808984,0.15835169,0.47692895,0.0814659,8.625793e-06,0.036428295,0,0.21060502529144287,0.32374084,0.8556368,0.9999882,0.94401604,0,0.36409977078437805,0.19933015,0.06289737,3.1679485e-06,0.019555636,0,0.42529523372650146
TSBD_Healthy_c2dd44b1c5,0,0,1,0.2490505,0.17406788,0.6905787,0.23033884,0.0013928275,0.20752887,0,0.21060502529144287,0.16085885,0.7280967,0.99860615,0.7791642,0,0.36409977078437805,0.14856249,0.041564427,1.0468544e-06,0.013306984,0,0.42529523372650146
TSBD_Healthy_6941b60386,1,0,1,0.731703,0.021300688,0.10804367,0.07475935,6.195556e-06,0.01526237,0,0.21060502529144287,0.69924235,0.85782105,0.9999895,0.9681527,0,0.36409977078437805,0.19271395,0.06741964,4.3024415e-06,0.016584916,0,0.42529523372650146
TSBD_Healthy_905510a905,1,0,1,0.7125612,0.024693806,0.10387987,0.075964615,6.5415975e-06,0.015390312,0,0.21060502529144287,0.69050145,0.85860634,0.9999896,0.96819663,0,0.36409977078437805,0.20561868,0.065429024,3.822553e-06,0.01641303,0,0.42529523372650146
TSBD_Healthy_9731a208b9,1,0,1,0.49789375,0.068779714,0.07648834,0.075304575,6.476506e-06,0.014642921,0,0.21060502529144287,0.56916034,0.85820895,0.9999895,0.9637839,0,0.36409977078437805,0.35435134,0.0664865,4.0668315e-06,0.021573205,0,0.42529523372650146
TSBD_Healthy_0dca3c0bc2,1,1,1,0.8274798,0.0074684415,0.13645455,0.07498913,6.2546706e-06,0.01614132,0,0.21060502529144287,0.76564693,0.859247,0.99998987,0.97155046,1,0.36409977078437805,0.09789851,0.065763846,3.873707e-06,0.012308194,0,0.42529523372650146
TSBD_Healthy_12ac808983,0,0,1,0.07819088,0.35622653,0.6998697,0.0676962,4.5752563e-06,0.053349815,0,0.21060502529144287,0.076824315,0.8484048,0.9999825,0.8981198,0,0.36409977078437805,0.22330602,0.08389899,1.2981914e-05,0.048530333,0,0.42529523372650146
TSBD_Healthy_511fba2ceb,1,0,1,0.6837218,0.029293139,0.1084335,0.079735704,8.015993e-06,0.01679509,0,0.21060502529144287,0.67099184,0.8557815,0.99998844,0.9666139,0,0.36409977078437805,0.22057462,0.06448281,3.509136e-06,0.01659105,0,0.42529523372650146
TSBD_Healthy_549679688a,0,0,1,0.2493271,0.17735595,0.061584808,0.0560828,2.127034e-06,0.011565739,0,0.21060502529144287,0.30267018,0.84631395,0.9999727,0.933374,0,0.36409977078437805,0.635745,0.0976033,2.5148025e-05,0.05506026,0,0.42529523372650146
TSBD_Healthy_708f7d8e32,1,0,2,0.63525933,0.023934763,0.06921283,0.033137225,2.6135751e-06,0.0069314186,0,0.21060502529144287,0.17055716,0.35565266,0.109541655,0.23238052,0,0.36409977078437805,0.76023006,0.6112101,0.89045566,0.76068807,0,0.42529523372650146
TSBD_Healthy_30a7ad7ba3,1,0,1,0.7750455,0.0154445,0.08657169,0.07762702,7.3631227e-06,0.014618764,0,0.21060502529144287,0.73911315,0.85787624,0.99998903,0.9705095,0,0.36409977078437805,0.1743152,0.06449679,3.5764047e-06,0.014871665,0,0.42529523372650146
TSBD_Healthy_dad4aa07c4,0,0,1,0.10831811,0.31283996,0.09923037,0.05984947,2.6226483e-06,0.019744454,0,0.21060502529144287,0.11929435,0.8481847,0.999979,0.90746576,0,0.36409977078437805,0.78147525,0.09196581,1.8349283e-05,0.07278979,0,0.42529523372650146
TSBD_Healthy_8eff6e388b,0,0,1,0.31209177,0.13360971,0.0651016,0.07183415,5.2669507e-06,0.014317941,0,0.21060502529144287,0.42303807,0.8594466,0.99999,0.9573994,0,0.36409977078437805,0.5118603,0.068719216,4.7406834e-06,0.028282583,0,0.42529523372650146
TSBD_Healthy_fec7f36a5c,0,0,1,0.21892513,0.19753926,0.06746756,0.06703652,4.1262133e-06,0.014988656,0,0.21060502529144287,0.29670975,0.8577483,0.99998856,0.9461418,0,0.36409977078437805,0.63582265,0.07521514,7.3685e-06,0.03886959,0,0.42529523372650146
TSBD_Healthy_1cf19a1878,1,0,1,0.47565302,0.0737697,0.06610024,0.066842414,4.2018796e-06,0.012214937,0,0.21060502529144287,0.5488673,0.85736173,0.9999881,0.9607145,0,0.36409977078437805,0.38503245,0.07579584,7.751261e-06,0.027070537,0,0.42529523372650146
TSBD_Healthy_0fbc0f2310,0,0,1,0.14065789,0.27122885,0.08891443,0.05871303,2.5042193e-06,0.016762512,0,0.21060502529144287,0.16770852,0.84948564,0.9999789,0.91885364,0,0.36409977078437805,0.7433771,0.091801316,1.862907e-05,0.064383864,0,0.42529523372650146
TSBD_Healthy_24a6f36a78,1,0,1,0.5974964,0.044589706,0.13759284,0.073191844,5.659666e-06,0.016896768,0,0.21060502529144287,0.60644156,0.85806996,0.9999895,0.9633612,0,0.36409977078437805,0.25596562,0.06873819,4.7896788e-06,0.01974207,0,0.42529523372650146
TSBD_Healthy_7bca399e6d,1,0,1,0.5640925,0.051972196,0.12198357,0.08321645,9.780328e-06,0.019308543,0,0.21060502529144287,0.5940508,0.8543933,0.9999871,0.9626369,0,0.36409977078437805,0.28396565,0.06239017,3.0465887e-06,0.018054571,0,0.42529523372650146
TSBD_Healthy_06733b9af0,0,0,1,0.23799318,0.1828875,0.06509086,0.06924817,4.5222178e-06,0.014857335,0,0.21060502529144287,0.32604098,0.85845083,0.9999895,0.9501039,0,0.36409977078437805,0.6088682,0.072301045,5.9838276e-06,0.03503876,0,0.42529523372650146
TSBD_Healthy_2e5b036845,1,0,1,0.65355414,0.036152583,0.06888145,0.07274446,5.6522076e-06,0.012827673,0,0.21060502529144287,0.66962576,0.85908145,0.99998975,0.96808696,0,0.36409977078437805,0.2614928,0.06817412,4.618594e-06,0.019085355,0,0.42529523372650146
TSBD_Healthy_363f51fde7,1,0,1,0.7982549,0.011988044,0.08974743,0.07727202,7.174164e-06,0.014607483,0,0.21060502529144287,0.7531138,0.8584118,0.9999893,0.97121775,0,0.36409977078437805,0.15713878,0.06431621,3.5002415e-06,0.014174783,0,0.42529523372650146
TSBD_Healthy_c6ac85b839,1,0,1,0.4796535,0.07278361,0.08777513,0.07310263,5.6944045e-06,0.01492158,0,0.21060502529144287,0.550517,0.8594231,0.99998987,0.9625811,0,0.36409977078437805,0.36170787,0.06747425,4.4574917e-06,0.022497313,0,0.42529523372650146
TSBD_Healthy_ddbacc20a2,0,0,1,0.27180034,0.15954782,0.073715955,0.06608848,3.8040773e-06,0.014226241,0,0.21060502529144287,0.35688257,0.8573362,0.9999883,0.9498127,0,0.36409977078437805,0.5694015,0.076575324,7.875717e-06,0.03596098,0,0.42529523372650146
TSBD_Healthy_8643328d51,0,0,1,0.26841846,0.16777384,0.0665215,0.040404644,1.182614e-06,0.009570917,0,0.21060502529144287,0.19589558,0.75253564,0.9985372,0.79794466,0,0.36409977078437805,0.7375829,0.20705968,0.001461582,0.19248438,0,0.42529523372650146
TSBD_Healthy_006fc27c69,0,0,1,0.13281432,0.2811392,0.07010783,0.06348977,3.414503e-06,0.016988866,0,0.21060502529144287,0.17133854,0.8544734,0.9999857,0.9276334,0,0.36409977078437805,0.75855356,0.08203689,1.0936073e-05,0.05537779,0,0.42529523372650146
TSBD_Healthy_33406626c7,0,0,1,0.10489542,0.31751227,0.08986186,0.0749047,6.1893625e-06,0.024158426,0,0.21060502529144287,0.14020255,0.8584125,0.99998975,0.93107766,0,0.36409977078437805,0.76993555,0.066682786,4.092796e-06,0.044763923,0,0.42529523372650146
TSBD_Healthy_b06da16348,0,0,1,0.2256256,0.19135228,0.12968343,0.042516593,2.0852706e-06,0.014821374,0,0.21060502529144287,0.121813156,0.7079726,0.9954502,0.70274776,0,0.36409977078437805,0.7485034,0.2495108,0.004547732,0.28243086,0,0.42529523372650146
TSBD_Healthy_06f251fee4,0,0,1,0.1326451,0.2813286,0.07621581,0.05984123,2.5369445e-06,0.01625168,0,0.21060502529144287,0.16323836,0.8522064,0.99998283,0.922362,0,0.36409977078437805,0.76054585,0.08795234,1.4637907e-05,0.06138624,0,0.42529523372650146
TSBD_Healthy_4ac4f94767,0,0,1,0.20328161,0.21124953,0.09602079,0.04380604,1.9441072e-06,0.01388907,0,0.21060502529144287,0.11878567,0.7331939,0.9976743,0.73743665,0,0.36409977078437805,0.7851935,0.22300011,0.0023238256,0.24867429,0,0.42529523372650146
TSBD_Healthy_e7cd92f08f,1,0,2,0.5606612,0.039230395,0.07631723,0.0348407,3.5109151e-06,0.007823725,0,0.21060502529144287,0.14044002,0.37789264,0.1603031,0.24204642,0,0.36409977078437805,0.78324276,0.5872667,0.83969337,0.7501298,0,0.42529523372650146
TSBD_Healthy_1597a65755,0,0,1,0.31391397,0.13640484,0.06292582,0.05659839,2.2200566e-06,0.010999459,0,0.21060502529144287,0.37818846,0.8470665,0.99997413,0.94081676,0,0.36409977078437805,0.5588857,0.09633516,2.3683224e-05,0.048183784,0,0.42529523372650146
TSBD_Healthy_a8ea0e137d,0,0,1,0.21404177,0.204382,0.064202964,0.050850436,1.6898323e-06,0.011541802,0,0.21060502529144287,0.22949915,0.82752925,0.9999169,0.902603,0,0.36409977078437805,0.70629793,0.12162025,8.14147e-05,0.08585528,0,0.42529523372650146
TSBD_Healthy_fafc24f635,0,0,1,0.25240433,0.17157458,0.09093088,0.06818269,4.2793586e-06,0.01633646,0,0.21060502529144287,0.32777002,0.8554094,0.99998784,0.9464692,0,0.36409977078437805,0.58129907,0.07640797,7.883581e-06,0.03719434,0,0.42529523372650146
TSBD_Healthy_7c877797f5,0,0,1,0.21995373,0.19459823,0.100136794,0.070590846,4.835057e-06,0.018296726,0,0.21060502529144287,0.29117295,0.85676354,0.99998915,0.9453398,0,0.36409977078437805,0.60869026,0.07264562,5.972662e-06,0.036363464,0,0.42529523372650146
TSBD_Healthy_d249c82c7a,0,0,1,0.23856595,0.18298145,0.08160464,0.060013782,2.639761e-06,0.01381899,0,0.21060502529144287,0.30054143,0.8536964,0.99998355,0.9401605,0,0.36409977078437805,0.6178539,0.08628979,1.3821193e-05,0.046020493,0,0.42529523372650146
TSBD_Healthy_1dafd9bcec,0,0,1,0.27382925,0.16012374,0.060366806,0.05927688,2.545061e-06,0.011713973,0,0.21060502529144287,0.34821022,0.85381866,0.9999832,0.9445926,0,0.36409977078437805,0.59142303,0.0869044,1.4321165e-05,0.043693386,0,0.42529523372650146
TSBD_Healthy_727f8ba7d1,0,0,1,0.15986486,0.25148624,0.082700066,0.05447117,2.5812321e-06,0.016082384,0,0.21060502529144287,0.1448885,0.8088329,0.99984646,0.8639091,0,0.36409977078437805,0.77241147,0.13669598,0.00015099347,0.12000843,0,0.42529523372650146
TSBD_Healthy_578fae46e9,1,0,1,0.70790786,0.026063023,0.08756052,0.079724066,7.940473e-06,0.015370946,0,0.21060502529144287,0.69723374,0.856914,0.9999888,0.9687494,0,0.36409977078437805,0.21520573,0.06336195,3.247533e-06,0.015879637,0,0.42529523372650146
TSBD_Healthy_d1980c5cf7,0,0,1,0.27724302,0.16278914,0.059767116,0.038884006,1.1012389e-06,0.0088458555,0,0.21060502529144287,0.19524668,0.74341375,0.998094,0.7848689,0,0.36409977078437805,0.7449862,0.21770227,0.001904873,0.20628524,0,0.42529523372650146
TSBD_Healthy_5f95d3f8a2,1,0,1,0.4868326,0.07075405,0.07277406,0.067240044,4.015446e-06,0.012519347,0,0.21060502529144287,0.5537683,0.85778326,0.9999889,0.961378,0,0.36409977078437805,0.37345764,0.0749767,7.077338e-06,0.026102712,0,0.42529523372650146
TSBD_Healthy_ef7cbd4127,1,0,1,0.42987466,0.08278145,0.36319664,0.08220343,9.334976e-06,0.029637884,0,0.21060502529144287,0.48647717,0.8550648,0.9999875,0.95487124,0,0.36409977078437805,0.15032619,0.06273176,3.1322331e-06,0.0154909035,0,0.42529523372650146
TSBD_Healthy_63b700da46,1,0,1,0.70724213,0.025928834,0.084496535,0.070330076,4.8147776e-06,0.012997663,0,0.21060502529144287,0.6915058,0.8592666,0.99998987,0.9683409,0,0.36409977078437805,0.22399767,0.070403315,5.321154e-06,0.018661488,0,0.42529523372650146
TSBD_Healthy_076f98de26,0,0,1,0.14709873,0.26444015,0.082586214,0.05727102,2.4471456e-06,0.015896328,0,0.21060502529144287,0.17204072,0.8459857,0.99997246,0.9148678,0,0.36409977078437805,0.7453731,0.09674326,2.5088468e-05,0.0692359,0,0.42529523372650146
TSBD_Healthy_e3f6aa3d79,0,0,1,0.16139376,0.25025958,0.08144716,0.04439483,1.3061041e-06,0.012992153,0,0.21060502529144287,0.12073999,0.7864783,0.99953866,0.81666917,0,0.36409977078437805,0.7978129,0.16912687,0.0004601132,0.17033869,0,0.42529523372650146
TSBD_Healthy_da00d5de9a,0,0,1,0.27809078,0.15508668,0.07615155,0.06909223,4.7008575e-06,0.015212924,0,0.21060502529144287,0.36492506,0.8556154,0.99998796,0.9500405,0,0.36409977078437805,0.5589234,0.07529242,7.3581655e-06,0.034746565,0,0.42529523372650146
TSBD_Healthy_1fc6860580,0,0,1,0.15171768,0.26029676,0.081216715,0.0471139,1.5307643e-06,0.013760588,0,0.21060502529144287,0.13185215,0.80940837,0.99980015,0.8532005,0,0.36409977078437805,0.78693116,0.1434777,0.0001983478,0.13303892,0,0.42529523372650146
TSBD_Healthy_93437b01b9,0,0,1,0.17497642,0.23642288,0.06332906,0.059761092,2.6655684e-06,0.013839067,0,0.21060502529144287,0.22756693,0.85463107,0.999984,0.93387073,0,0.36409977078437805,0.70910406,0.085607894,1.3341463e-05,0.052290153,0,0.42529523372650146
TSBD_Healthy_d7b2fef984,0,0,1,0.1640998,0.24764459,0.060312945,0.05598987,2.1079863e-06,0.01301105,0,0.21060502529144287,0.20356576,0.84995925,0.99997723,0.92474014,0,0.36409977078437805,0.73612136,0.09405094,2.0639414e-05,0.062248807,0,0.42529523372650146
TSBD_Healthy_6499b6d7a1,0,0,1,0.118282974,0.29946047,0.07157756,0.067893825,4.2270767e-06,0.01892761,0,0.21060502529144287,0.15934804,0.8587832,0.9999893,0.932095,0,0.36409977078437805,0.7690744,0.07332301,6.4681703e-06,0.04897737,0,0.42529523372650146
TSBD_Healthy_b2c3637e41,1,0,1,0.5099186,0.06529818,0.09349319,0.07671216,6.9623507e-06,0.016053783,0,0.21060502529144287,0.5701814,0.85835457,0.9999894,0.96342516,0,0.36409977078437805,0.3363254,0.064933315,3.6795705e-06,0.02052107,0,0.42529523372650146
TSBD_Healthy_ca0105e4b8,0,0,1,0.19404347,0.21838251,0.06251027,0.065947205,3.7636853e-06,0.014736565,0,0.21060502529144287,0.2662229,0.85832775,0.9999889,0.94412863,0,0.36409977078437805,0.6712668,0.07572502,7.3355623e-06,0.041134857,0,0.42529523372650146
TSBD_Healthy_efb3b53d28,1,0,1,0.7788155,0.014053686,0.10865118,0.0825719,9.478733e-06,0.017175464,0,0.21060502529144287,0.7321935,0.8545789,0.99998736,0.96889824,0,0.36409977078437805,0.15915532,0.06284921,3.1474801e-06,0.013926329,0,0.42529523372650146
TSBD_Healthy_b6298539e0,0,0,1,0.16760413,0.24299058,0.06276774,0.06488308,3.524037e-06,0.015156929,0,0.21060502529144287,0.22978522,0.85852796,0.9999887,0.94012904,0,0.36409977078437805,0.70744705,0.07658899,7.819887e-06,0.044714052,0,0.42529523372650146
TSBD_Healthy_32b15941da,1,1,1,0.8357614,0.006798258,0.09196925,0.07247838,5.4249685e-06,0.013393284,0,0.21060502529144287,0.77740943,0.8603007,0.99999034,0.97265357,1,0.36409977078437805,0.13062128,0.06722093,4.268246e-06,0.013953101,0,0.42529523372650146
TSBD_Healthy_0d4ffdc7b0,1,0,1,0.76675314,0.016323421,0.09328772,0.071860984,5.217309e-06,0.0135892,0,0.21060502529144287,0.7269944,0.8594555,0.9999901,0.97001743,0,0.36409977078437805,0.17971791,0.06868355,4.684515e-06,0.016393354,0,0.42529523372650146
TSBD_Healthy_b36f28e306,1,0,1,0.4075335,0.09034389,0.15384574,0.08009596,8.220553e-06,0.021251565,0,0.21060502529144287,0.48186043,0.8556396,0.9999883,0.95688224,0,0.36409977078437805,0.36429387,0.06426449,3.4424313e-06,0.021866253,0,0.42529523372650146
TSBD_Healthy_68a56d28bf,1,1,1,0.8002124,0.010762071,0.14435253,0.075322025,6.461389e-06,0.01677676,0,0.21060502529144287,0.74108106,0.85749745,0.9999893,0.9696977,1,0.36409977078437805,0.11456642,0.067180455,4.2655392e-06,0.013525512,0,0.42529523372650146
TSBD_Healthy_b7798ab5f8,1,0,1,0.62385666,0.040971465,0.09160451,0.07657778,6.7111314e-06,0.015217658,0,0.21060502529144287,0.6419208,0.8583235,0.9999896,0.9665672,0,0.36409977078437805,0.26647466,0.06509869,3.6674396e-06,0.01821508,0,0.42529523372650146
TSBD_Healthy_2a0f79d223,1,0,1,0.6140193,0.04216079,0.10735575,0.07208251,5.264902e-06,0.015015775,0,0.21060502529144287,0.62605435,0.8592952,0.99999,0.9652388,0,0.36409977078437805,0.26658988,0.06862235,4.707282e-06,0.019745406,0,0.42529523372650146
TSBD_Healthy_8fc6471a64,0,0,1,0.13389957,0.2769699,0.10786531,0.077049196,7.137586e-06,0.024895182,0,0.21060502529144287,0.17543316,0.8525791,0.9999875,0.9313636,0,0.36409977078437805,0.7167015,0.0703717,5.329826e-06,0.0437412,0,0.42529523372650146
TSBD_Healthy_78bf1afa4b,0,0,1,0.12970151,0.28524563,0.08363598,0.051437873,1.7913611e-06,0.015463287,0,0.21060502529144287,0.12691748,0.8301467,0.9999299,0.8822598,0,0.36409977078437805,0.7894465,0.11841547,6.8336805e-05,0.102277,0,0.42529523372650146
TSBD_Healthy_d63c012f3e,1,0,1,0.78810966,0.012418991,0.12184185,0.08182364,8.943555e-06,0.017580489,0,0.21060502529144287,0.7339482,0.8550071,0.99998784,0.9688866,0,0.36409977078437805,0.14421,0.06316926,3.2214646e-06,0.013532914,0,0.42529523372650146
TSBD_Healthy_05ab09d318,0,0,1,0.33280036,0.12431312,0.06813881,0.0602733,2.7018034e-06,0.0118049,0,0.21060502529144287,0.41191104,0.85185826,0.99998224,0.94805247,0,0.36409977078437805,0.5199502,0.0878684,1.50152955e-05,0.040142592,0,0.42529523372650146
TSBD_Healthy_18405215f8,0,0,1,0.14657229,0.2645546,0.10027938,0.04303182,1.2475349e-06,0.014285042,0,0.21060502529144287,0.09889356,0.7812122,0.99940145,0.79440963,0,0.36409977078437805,0.800827,0.175756,0.0005972919,0.19130534,0,0.42529523372650146
TSBD_Healthy_fe721e6a35,0,0,1,0.12059587,0.2971056,0.079819314,0.05190202,1.6802272e-06,0.015377001,0,0.21060502529144287,0.12140951,0.83603406,0.99994826,0.8886121,0,0.36409977078437805,0.79877114,0.11206392,5.0110517e-05,0.09601094,0,0.42529523372650146
TSBD_Healthy_8a0b6768d9,1,0,1,0.49654248,0.069628775,0.0670453,0.073465474,5.8409237e-06,0.013512585,0,0.21060502529144287,0.57329065,0.85958064,0.99998987,0.96457314,0,0.36409977078437805,0.35966405,0.066953875,4.2701745e-06,0.021914314,0,0.42529523372650146
TSBD_Healthy_fdb9e6ae23,0,0,1,0.10481063,0.3188609,0.07739815,0.06668397,3.8795e-06,0.020242231,0,0.21060502529144287,0.12888113,0.8533835,0.999987,0.9209113,0,0.36409977078437805,0.7937207,0.07993246,9.117344e-06,0.058846485,0,0.42529523372650146
TSBD_Healthy_4c66cb7f58,1,0,1,0.49986094,0.068424836,0.060828187,0.067082286,3.9735974e-06,0.011608554,0,0.21060502529144287,0.5710044,0.8594947,0.9999895,0.96330386,0,0.36409977078437805,0.3681674,0.07342306,6.5453655e-06,0.025087547,0,0.42529523372650146
TSBD_Healthy_f5058ddf56,1,0,1,0.6733567,0.030108772,0.25234187,0.085051164,1.04694545e-05,0.024697172,0,0.21060502529144287,0.65324086,0.85347253,0.99998665,0.9636513,0,0.36409977078437805,0.09441732,0.06147636,2.83742e-06,0.011651498,0,0.42529523372650146
TSBD_Healthy_69e2554f5f,1,0,1,0.4858293,0.069162786,0.16076098,0.07170173,5.1527895e-06,0.018086668,0,0.21060502529144287,0.5319586,0.8596424,0.9999901,0.9600591,0,0.36409977078437805,0.30728042,0.06865584,4.709483e-06,0.02185422,0,0.42529523372650146
TSBD_Healthy_d4f8817d0f,1,0,1,0.40823728,0.0915328,0.09957159,0.072846256,5.512434e-06,0.01601078,0,0.21060502529144287,0.49480224,0.85773766,0.9999895,0.958899,0,0.36409977078437805,0.40562612,0.06941614,4.9710675e-06,0.025090218,0,0.42529523372650146
TSBD_Healthy_75d585858d,0,0,1,0.16186045,0.24899599,0.066438936,0.061103113,2.8429329e-06,0.014718508,0,0.21060502529144287,0.21344733,0.8566017,0.99998605,0.9344051,0,0.36409977078437805,0.7201137,0.08229515,1.1088323e-05,0.05087636,0,0.42529523372650146
TSBD_Healthy_cb3a9d790a,0,0,1,0.14843449,0.2608393,0.09077491,0.07625763,6.559224e-06,0.021844052,0,0.21060502529144287,0.20555185,0.8567605,0.9999893,0.93962675,0,0.36409977078437805,0.7036732,0.06698183,4.163067e-06,0.038529236,0,0.42529523372650146
TSBD_Healthy_2c254df731,0,0,1,0.29162776,0.13589506,0.18437292,0.07935686,7.995475e-06,0.02427599,0,0.21060502529144287,0.37606254,0.85474896,0.9999881,0.94944185,0,0.36409977078437805,0.43956447,0.06589421,3.950079e-06,0.026282175,0,0.42529523372650146
TSBD_Healthy_4e4bdff12a,1,1,1,0.8066627,0.00983344,0.1429393,0.079648994,8.025419e-06,0.01787284,0,0.21060502529144287,0.74565566,0.85694826,0.9999888,0.9698014,1,0.36409977078437805,0.11140504,0.06340273,3.2352823e-06,0.012325752,0,0.42529523372650146
TSBD_WSSV_ffd2411af1,1,0,1,0.5445863,0.0075378697,0.09385835,0.03716131,4.574549e-06,0.008979308,0,0.21060502529144287,0.51098406,0.50409025,0.7290508,0.5766197,0,0.36409977078437805,0.3951576,0.45874843,0.2709446,0.41440102,0,0.42529523372650146
TSBD_WSSV_c6b9dfd6bd,0,0,1,0.28945467,0.1355371,0.24766293,0.061793823,4.431477e-06,0.022541862,0,0.21060502529144287,0.29789877,0.8027757,0.9998454,0.8971842,0,0.36409977078437805,0.45443827,0.1354305,0.00015011086,0.08027394,0,0.42529523372650146
TSBD_WSSV_258e8224d8,0,0,1,0.26535943,0.16404305,0.05474173,0.069147676,4.554894e-06,0.013474848,0,0.21060502529144287,0.36707503,0.85961163,0.99999,0.95414907,0,0.36409977078437805,0.5781832,0.07124071,5.511648e-06,0.032376043,0,0.42529523372650146
TSBD_WSSV_7759b4323e,1,0,1,0.7518749,0.016697833,0.10531418,0.17683728,0.0003175963,0.048336405,0,0.21060502529144287,0.76130885,0.7799195,0.9996816,0.94310844,0,0.36409977078437805,0.13337693,0.043243244,8.6760355e-07,0.008555124,0,0.42529523372650146
TSBD_WSSV_20ac0fab2b,1,0,0,0.83637774,0.011357497,0.81556207,0.90034926,0.9999752,0.9764844,0,0.21060502529144287,0.07084258,0.062570184,2.228609e-05,0.014680728,0,0.36409977078437805,0.11359537,0.03708059,2.4984922e-06,0.008834875,0,0.42529523372650146
TSBD_WSSV_73ccea8db5,0,0,0,0.22524044,0.18630749,0.09021135,0.6504803,0.9445199,0.5299947,0,0.21060502529144287,0.13757041,0.07828166,0.0001328888,0.040203236,0,0.36409977078437805,0.7722182,0.27123803,0.05534724,0.4298021,0,0.42529523372650146
TSBD_WSSV_2ca61b4065,1,0,1,0.73062235,0.021448236,0.11000586,0.07386798,5.8060455e-06,0.0150864795,0,0.21060502529144287,0.69778347,0.8583405,0.99998975,0.9681866,0,0.36409977078437805,0.19221063,0.06779154,4.4438875e-06,0.016726865,0,0.42529523372650146
TSBD_WSSV_0168d43459,0,0,0,0.30909678,0.12669769,0.43509513,0.82458615,0.9990349,0.9143242,0,0.21060502529144287,0.113102175,0.12937997,0.00095747266,0.061752386,0,0.36409977078437805,0.45180273,0.046033904,7.5711987e-06,0.023923423,0,0.42529523372650146
TSBD_WSSV_a270f6228b,0,0,1,0.43013585,0.08114834,0.508084,0.15961674,0.00019542575,0.08581819,0,0.21060502529144287,0.41093677,0.7939847,0.9998035,0.90498203,0,0.36409977078437805,0.08097929,0.046398558,1.1091865e-06,0.009199816,0,0.42529523372650146
TSBD_WSSV_3868efcb84,1,0,0,0.6451625,0.019173367,0.5429829,0.7281425,0.99664956,0.8388504,0,0.21060502529144287,0.27486715,0.14870949,0.0023411918,0.09636877,0,0.36409977078437805,0.18214998,0.12314804,0.0010092611,0.06478087,0,0.42529523372650146
TSBD_WSSV_98510bdd07,1,1,0,0.87475586,0.004026875,0.82133,0.88342035,0.9998907,0.96659863,1,0.21060502529144287,0.12243455,0.08513616,0.00010808683,0.027891466,0,0.36409977078437805,0.05623552,0.031443484,1.1933355e-06,0.0055099046,0,0.42529523372650146
TSBD_WSSV_365b81a0b8,1,0,1,0.6548478,0.005314718,0.36858556,0.3738843,0.026670136,0.25513354,0,0.21060502529144287,0.54523253,0.5884956,0.973328,0.7368554,0,0.36409977078437805,0.08618189,0.03762013,1.8158164e-06,0.008011091,0,0.42529523372650146
TSBD_WSSV_4c515e509e,0,0,0,0.21359138,0.17458019,0.13187343,0.6597613,0.8803402,0.550644,0,0.21060502529144287,0.5509319,0.29773596,0.11964716,0.42594206,0,0.36409977078437805,0.31719464,0.0425027,1.2598082e-05,0.023413915,0,0.42529523372650146
TSBD_WSSV_d5dc5a32b7,1,0,0,0.5210622,0.0073351096,0.47493672,0.5851373,0.58950454,0.5642523,0,0.21060502529144287,0.4610134,0.38239157,0.41049206,0.4289206,0,0.36409977078437805,0.064049885,0.032471146,3.4077561e-06,0.0068271025,0,0.42529523372650146
TSBD_WSSV_84d358870a,1,0,0,0.86229634,0.0034565427,0.8004252,0.85875165,0.99955004,0.95018893,0,0.21060502529144287,0.1454451,0.111713424,0.0004489496,0.044717543,0,0.36409977078437805,0.05412974,0.029534934,9.68517e-07,0.005093562,0,0.42529523372650146
TSBD_WSSV_b95089e484,1,0,0,0.813428,0.01191117,0.77375835,0.88278717,0.99989665,0.964026,0,0.21060502529144287,0.13568377,0.08478929,0.000101860984,0.029052963,0,0.36409977078437805,0.09055797,0.03242358,1.3789823e-06,0.0069210813,0,0.42529523372650146
TSBD_WSSV_ef2d938994,1,0,0,0.5692396,0.038593084,0.522672,0.7665556,0.9961569,0.8620586,0,0.21060502529144287,0.2121343,0.06133005,2.3014509e-05,0.023856867,0,0.36409977078437805,0.2651937,0.17211434,0.0038201325,0.11408455,0,0.42529523372650146
TSBD_WSSV_32049c3ecf,1,0,0,0.83750343,0.011086892,0.80941594,0.90592694,0.99998724,0.9781577,0,0.21060502529144287,0.078217,0.05251014,8.819474e-06,0.011687218,0,0.36409977078437805,0.112367,0.041562974,3.9211086e-06,0.010155034,0,0.42529523372650146
TSBD_WSSV_8b8160f809,1,0,0,0.6300931,0.038846094,0.6290264,0.8651709,0.9996692,0.93711984,0,0.21060502529144287,0.3145327,0.10490868,0.0003296856,0.05724824,0,0.36409977078437805,0.056440882,0.02992037,1.0329522e-06,0.0056318734,0,0.42529523372650146
TSBD_WSSV_cdf58b2135,1,0,1,0.46398014,0.07671046,0.06429123,0.06599095,3.857207e-06,0.011881732,0,0.21060502529144287,0.5405386,0.85698897,0.99998796,0.9601326,0,0.36409977078437805,0.39517018,0.07702012,8.230512e-06,0.027985675,0,0.42529523372650146
TSBD_WSSV_aa863186fe,0,0,1,0.19939259,0.2161521,0.07392137,0.050950143,2.4185908e-06,0.014023056,0,0.21060502529144287,0.15877213,0.77952087,0.9995478,0.8306143,0,0.36409977078437805,0.76730657,0.16952893,0.00044979216,0.15536259,0,0.42529523372650146
TSBD_WSSV_dfb2880295,0,0,1,0.31628084,0.13409446,0.05473221,0.059226956,2.453278e-06,0.010701702,0,0.21060502529144287,0.40557787,0.85666364,0.9999852,0.9507666,0,0.36409977078437805,0.5396899,0.08410937,1.2288905e-05,0.038531657,0,0.42529523372650146
TSBD_WSSV_baaf0baf99,0,0,0,0.08260796,0.35226643,0.12220128,0.8408984,0.9994048,0.8850953,0,0.21060502529144287,0.10808727,0.119580895,0.0005914541,0.07972303,0,0.36409977078437805,0.76971143,0.039520755,3.850357e-06,0.03518171,0,0.42529523372650146
TSBD_WSSV_24404c91af,0,0,0,0.16978028,0.18012977,0.23724411,0.52660394,0.42067835,0.51404834,0,0.21060502529144287,0.17406486,0.41544667,0.57926524,0.441961,0,0.36409977078437805,0.588691,0.057949416,5.642918e-05,0.043990716,0,0.42529523372650146
TSBD_WSSV_b7563199e4,1,0,1,0.6056372,0.044433355,0.08895662,0.07367114,5.842137e-06,0.014484678,0,0.21060502529144287,0.6292338,0.85856503,0.99998975,0.96578276,0,0.36409977078437805,0.28180963,0.06776378,4.3979867e-06,0.019732514,0,0.42529523372650146
TSBD_WSSV_11a594f754,1,0,1,0.7198277,0.024416532,0.0782893,0.07577809,6.4801334e-06,0.013798303,0,0.21060502529144287,0.7077968,0.85873824,0.99998975,0.9696676,0,0.36409977078437805,0.21391389,0.06548364,3.829052e-06,0.01653408,0,0.42529523372650146
TSBD_WSSV_fc31d39bad,1,0,1,0.4470361,0.08300105,0.058136147,0.07384016,5.883149e-06,0.0131135965,0,0.21060502529144287,0.5465148,0.8597417,0.99999,0.96413386,0,0.36409977078437805,0.39534906,0.06641811,4.099442e-06,0.0227525,0,0.42529523372650146
TSBD_WSSV_d6cd79daa1,0,0,1,0.17883214,0.23041645,0.073570415,0.080013245,8.3323375e-06,0.020317687,0,0.21060502529144287,0.2549733,0.8544684,0.99998784,0.9451204,0,0.36409977078437805,0.6714563,0.0655183,3.8826906e-06,0.03456192,0,0.42529523372650146
TSBD_WSSV_02f81ef95e,0,0,1,0.14663771,0.26502475,0.05959137,0.066740744,3.8185594e-06,0.015925715,0,0.21060502529144287,0.20486711,0.85923094,0.9999896,0.9392745,0,0.36409977078437805,0.7355415,0.07402828,6.554331e-06,0.044799767,0,0.42529523372650146
TSBD_WSSV_3b11acaec9,1,0,1,0.7645365,0.017205654,0.07445872,0.07176847,5.378677e-06,0.012592134,0,0.21060502529144287,0.73423404,0.8586402,0.9999894,0.9702413,0,0.36409977078437805,0.19130717,0.06959131,5.2061323e-06,0.017166516,0,0.42529523372650146
TSBD_WSSV_c286bccb7a,0,0,1,0.21019848,0.20763731,0.058026955,0.048630636,1.2869815e-06,0.010304236,0,0.21060502529144287,0.23511602,0.83579177,0.99993944,0.91119015,0,0.36409977078437805,0.7068571,0.11557757,5.9306345e-05,0.07850563,0,0.42529523372650146
TSBD_WSSV_6aa52b5d04,1,1,1,0.83771294,0.006179955,0.122943364,0.07180891,5.264199e-06,0.014693938,0,0.21060502529144287,0.7742282,0.8592103,0.99998987,0.97194725,1,0.36409977078437805,0.10282838,0.06898078,4.8925676e-06,0.01335885,0,0.42529523372650146
TSBD_WSSV_78ac1c210b,1,0,1,0.56153446,0.052343924,0.11027635,0.06969915,4.6589457e-06,0.01485877,0,0.21060502529144287,0.5883144,0.85738933,0.99998903,0.962269,0,0.36409977078437805,0.3014092,0.072911575,6.261887e-06,0.02287222,0,0.42529523372650146
TSBD_WSSV_f4df9efeef,1,0,1,0.62668836,0.041476127,0.06937496,0.07969444,7.940701e-06,0.014440446,0,0.21060502529144287,0.6586036,0.8566289,0.9999888,0.96787554,0,0.36409977078437805,0.2720214,0.06367664,3.316414e-06,0.017684031,0,0.42529523372650146
TSBD_WSSV_e332624690,1,0,1,0.73960286,0.01810076,0.13573876,0.11214263,3.9330953e-05,0.02883871,0,0.21060502529144287,0.69791317,0.8325945,0.99995863,0.9587553,0,0.36409977078437805,0.16634803,0.055262808,1.995123e-06,0.012405969,0,0.42529523372650146
TSBD_WSSV_de8ce5aa48,1,0,1,0.6828693,0.030612633,0.068459354,0.06958343,4.7617596e-06,0.012036245,0,0.21060502529144287,0.68396693,0.85877645,0.9999895,0.96809036,0,0.36409977078437805,0.24757372,0.07164016,5.770825e-06,0.019873438,0,0.42529523372650146
TSBD_WSSV_2847167d0b,1,0,1,0.613295,0.043077696,0.085931405,0.102787144,2.381479e-05,0.021917477,0,0.21060502529144287,0.64949393,0.84064484,0.99997413,0.9628757,0,0.36409977078437805,0.2645747,0.056568004,2.051019e-06,0.0152068185,0,0.42529523372650146
TSBD_WSSV_ea8e971d58,0,0,1,0.14701626,0.24947298,0.26628876,0.07716197,7.0632655e-06,0.033183627,0,0.21060502529144287,0.1884818,0.8558871,0.9999888,0.9307831,0,0.36409977078437805,0.54522943,0.06695094,4.187577e-06,0.036033258,0,0.42529523372650146
TSBD_WSSV_2cd19b2879,1,0,2,0.8249958,0.009130275,0.13048011,0.06458104,7.6665665e-06,0.015330854,0,0.21060502529144287,0.09735603,0.06253697,4.7659937e-06,0.012401599,0,0.36409977078437805,0.7721639,0.87288207,0.9999876,0.9722675,0,0.42529523372650146
TSBD_WSSV_f00fa9ceb8,1,0,2,0.42932102,0.08843739,0.07002596,0.05658678,4.311162e-06,0.011689376,0,0.21060502529144287,0.40083948,0.06652913,6.0103894e-06,0.02474489,0,0.36409977078437805,0.5291346,0.87688404,0.99998975,0.9635657,0,0.42529523372650146
TSBD_WSSV_6678622b35,1,0,2,0.76616615,0.018620357,0.06593131,0.056681085,4.2617285e-06,0.010238715,0,0.21060502529144287,0.19012691,0.06597743,5.768621e-06,0.016873553,0,0.36409977078437805,0.74394184,0.8773415,0.99999,0.9728877,0,0.42529523372650146
TSBD_WSSV_9ce26c2bf9,1,0,0,0.69586504,0.018617326,0.6198752,0.7930068,0.99472237,0.8722665,0,0.21060502529144287,0.30216432,0.17272857,0.005274943,0.11980372,0,0.36409977078437805,0.07796052,0.034264654,2.732067e-06,0.007929813,0,0.42529523372650146
TSBD_WSSV_3319ef6f32,1,0,2,0.6423376,0.039933316,0.060857806,0.05721284,4.513861e-06,0.010453183,0,0.21060502529144287,0.2678371,0.065320365,5.5363344e-06,0.019414542,0,0.36409977078437805,0.6713051,0.87746686,0.99999,0.9701323,0,0.42529523372650146
TSBD_WSSV_1bb255e74b,1,1,1,0.8253252,0.008125108,0.08937456,0.07126544,5.0005465e-06,0.012991328,0,0.21060502529144287,0.76926696,0.8597581,0.9999902,0.9721315,1,0.36409977078437805,0.14135848,0.06897652,4.7513295e-06,0.01487719,0,0.42529523372650146
TSBD_WSSV_d45bc108bb,1,0,1,0.78480065,0.014337875,0.078906894,0.07614996,6.6773273e-06,0.013696648,0,0.21060502529144287,0.7496156,0.8589761,0.9999896,0.9714858,0,0.36409977078437805,0.1714775,0.06487388,3.648389e-06,0.014817555,0,0.42529523372650146
TSBD_WSSV_319f7dd222,0,0,0,0.19379716,0.17890292,0.082780026,0.5995947,0.64361763,0.3965921,0,0.21060502529144287,0.6752857,0.36847144,0.3563792,0.59005624,0,0.36409977078437805,0.24193428,0.03193383,3.1267944e-06,0.013351663,0,0.42529523372650146
TSBD_WSSV_72962540b9,1,0,0,0.37685668,0.103534326,0.4882556,0.86937445,0.9999131,0.9466662,0,0.21060502529144287,0.13087825,0.08295158,7.991153e-05,0.031436298,0,0.36409977078437805,0.38086617,0.047673985,7.0276246e-06,0.021897445,0,0.42529523372650146
TSBD_WSSV_cbc299712b,1,0,1,0.64018273,0.03648417,0.29501894,0.09013424,1.3491832e-05,0.028364804,0,0.21060502529144287,0.6388453,0.8519624,0.99998426,0.9620421,0,0.36409977078437805,0.06613578,0.057903428,2.2123268e-06,0.009593064,0,0.42529523372650146
TSBD_WSSV_4852ce6b3e,1,0,1,0.40120652,0.094460174,0.060872212,0.06396557,3.3755355e-06,0.011489722,0,0.21060502529144287,0.49776438,0.85813564,0.9999881,0.9582438,0,0.36409977078437805,0.4413634,0.077898785,8.577902e-06,0.030266507,0,0.42529523372650146
TSBD_WSSV_51c0f376ed,0,0,1,0.23801573,0.18362188,0.059732452,0.065148525,3.5460243e-06,0.013391719,0,0.21060502529144287,0.3222686,0.85852635,0.9999887,0.9484663,0,0.36409977078437805,0.61799896,0.07632515,7.798283e-06,0.038142,0,0.42529523372650146
TSBD_WSSV_27c4e89064,0,0,1,0.11053867,0.31081814,0.082095474,0.053577583,1.7630415e-06,0.016188731,0,0.21060502529144287,0.11812329,0.8458956,0.9999696,0.9005619,0,0.36409977078437805,0.79978126,0.10052678,2.8644414e-05,0.08324936,0,0.42529523372650146
TSBD_WSSV_d31ea8472c,0,0,1,0.18350911,0.20775086,0.46229193,0.078676805,8.042038e-06,0.038707227,0,0.21060502529144287,0.23532803,0.85224265,0.9999869,0.93262094,0,0.36409977078437805,0.30238006,0.069080554,5.051596e-06,0.028671902,0,0.42529523372650146
TSBD_WSSV_6fd089aca1,0,0,1,0.23638038,0.18661866,0.057572234,0.055509508,1.9670956e-06,0.011198849,0,0.21060502529144287,0.29265854,0.8492477,0.9999759,0.93467003,0,0.36409977078437805,0.64976925,0.09524282,2.2166114e-05,0.054131072,0,0.42529523372650146
TSBD_WSSV_7131cb4d1e,0,0,1,0.17776209,0.21586555,0.27482373,0.10534841,2.9447629e-05,0.04863582,0,0.21060502529144287,0.22150292,0.8363087,0.99996793,0.9230805,0,0.36409977078437805,0.5036733,0.058342874,2.5643446e-06,0.028283725,0,0.42529523372650146
TSBD_WSSV_d1629a0715,1,1,1,0.84406877,0.0055357404,0.100693494,0.07593417,6.5441063e-06,0.01463504,0,0.21060502529144287,0.78211194,0.85891825,0.99998975,0.97251916,1,0.36409977078437805,0.11719456,0.065147586,3.6902727e-06,0.012845771,0,0.42529523372650146
TSBD_WSSV_8ecaf0ac01,1,0,1,0.67764866,0.025706489,0.21540444,0.12727225,6.1789775e-05,0.040445056,0,0.21060502529144287,0.6322217,0.8231055,0.99993694,0.9487823,0,0.36409977078437805,0.15237385,0.04962223,1.2637889e-06,0.010772605,0,0.42529523372650146
TSBD_WSSV_af3c48a08c,1,0,2,0.84667087,0.005943327,0.12043925,0.07506552,1.4011689e-05,0.017907482,0,0.21060502529144287,0.09275557,0.056159977,2.658225e-06,0.01028606,0,0.36409977078437805,0.78680515,0.8687744,0.9999833,0.97180647,0,0.42529523372650146
TSBD_WSSV_3dae79f506,1,0,1,0.48109975,0.06753211,0.17641015,0.12940745,6.770369e-05,0.041179664,0,0.21060502529144287,0.523994,0.82032424,0.99993086,0.94394624,0,0.36409977078437805,0.2995958,0.050268337,1.3830162e-06,0.014874111,0,0.42529523372650146
TSBD_WSSV_80515fe4b2,1,0,2,0.7877756,0.0040970026,0.062825106,0.035767294,1.2578604e-06,0.0064297584,0,0.21060502529144287,0.24420556,0.19691612,0.002057271,0.0978706,0,0.36409977078437805,0.6929693,0.7673166,0.99794143,0.8956996,0,0.42529523372650146
TSBD_WSSV_aee31f5ae6,1,0,2,0.85449123,0.005548329,0.10025346,0.064734586,7.6087417e-06,0.0138374055,0,0.21060502529144287,0.10263259,0.06068545,3.749383e-06,0.011763213,0,0.36409977078437805,0.79711396,0.87457997,0.9999887,0.9743993,0,0.42529523372650146
TSBD_WSSV_0ef579b068,1,0,2,0.791697,0.014226589,0.07553058,0.058458302,5.024516e-06,0.011206189,0,0.21060502529144287,0.17000504,0.06733545,6.4696774e-06,0.016686428,0,0.36409977078437805,0.75446445,0.8742062,0.99998856,0.9721074,0,0.42529523372650146
TSBD_WSSV_f70db8236e,0,0,1,0.45491326,0.07508284,0.06596396,0.046964798,2.4818296e-06,0.010056454,0,0.21060502529144287,0.35263738,0.72852623,0.9977639,0.82017475,0,0.36409977078437805,0.58139867,0.22450894,0.002233602,0.16976878,0,0.42529523372650146
TSBD_WSSV_36e3c23fc4,1,0,1,0.4780245,0.0688398,0.085976586,0.077560365,8.276447e-06,0.016691938,0,0.21060502529144287,0.520699,0.8312106,0.9999715,0.9467599,0,0.36409977078437805,0.39332438,0.09122905,2.0201278e-05,0.03654815,0,0.42529523372650146
TSBD_WSSV_7e34390794,1,0,2,0.8597787,0.005362856,0.07853722,0.058924507,5.044912e-06,0.011171424,0,0.21060502529144287,0.115529284,0.063173145,4.6471873e-06,0.012979201,0,0.36409977078437805,0.8059336,0.87790227,0.99999034,0.9758494,0,0.42529523372650146
TSBD_WSSV_bd80b0d581,1,0,2,0.8066243,0.011798152,0.110157676,0.061348062,6.0021857e-06,0.013514345,0,0.21060502529144287,0.13119781,0.06274596,4.4301896e-06,0.013658088,0,0.36409977078437805,0.75864446,0.875906,0.9999896,0.97282755,0,0.42529523372650146
TSBD_WSSV_a456bae923,1,0,2,0.72186184,0.02389489,0.0882843,0.05199639,3.2992136e-06,0.010573379,0,0.21060502529144287,0.21473555,0.07764674,1.3074715e-05,0.02276631,0,0.36409977078437805,0.6969801,0.87035686,0.99998355,0.9666603,0,0.42529523372650146
TSBD_WSSV_b6178797f6,1,0,2,0.8593229,0.0053602643,0.07769637,0.056838546,4.357903e-06,0.010638271,0,0.21060502529144287,0.11752362,0.06544339,5.52548e-06,0.013738629,0,0.36409977078437805,0.80478007,0.877718,0.9999901,0.9756231,0,0.42529523372650146
TSBD_WSSV_69762898eb,1,0,2,0.85098916,0.0064341454,0.07946963,0.059870355,5.4612824e-06,0.011511784,0,0.21060502529144287,0.12174845,0.06265513,4.477879e-06,0.013110685,0,0.36409977078437805,0.79878193,0.8774745,0.99999,0.9753775,0,0.42529523372650146
TSBD_WSSV_a73de688c2,1,0,2,0.8067756,0.011967998,0.073100716,0.054621007,3.946073e-06,0.010195008,0,0.21060502529144287,0.16383335,0.07109109,8.939865e-06,0.017930562,0,0.36409977078437805,0.76306593,0.8742879,0.9999871,0.9718744,0,0.42529523372650146
TSBD_WSSV_03cb710db8,0,0,1,0.24401122,0.18361682,0.06590853,0.042493347,1.2899241e-06,0.010282539,0,0.21060502529144287,0.17827816,0.75714624,0.99887353,0.80173546,0,0.36409977078437805,0.75581324,0.20036036,0.0011251515,0.18798201,0,0.42529523372650146
TSBD_WSSV_7f2c043791,1,0,2,0.4778219,0.053205013,0.09307837,0.3435753,0.083740495,0.19020472,0,0.21060502529144287,0.25846636,0.12362977,0.0011124546,0.07234033,0,0.36409977078437805,0.64845526,0.53279495,0.91514707,0.73745495,0,0.42529523372650146
TSBD_WSSV_426ff318e2,1,0,2,0.81579924,0.0115113,0.06719976,0.0591831,5.1229313e-06,0.010749418,0,0.21060502529144287,0.15421405,0.06294089,4.5787406e-06,0.014451934,0,0.36409977078437805,0.77858615,0.87787604,0.99999034,0.9747987,0,0.42529523372650146
TSBD_WSSV_3cb87dc046,1,0,2,0.4094667,0.093644135,0.059347477,0.051387195,3.0036235e-06,0.009921636,0,0.21060502529144287,0.4297673,0.074190676,1.0946721e-05,0.03031269,0,0.36409977078437805,0.51088524,0.8744221,0.99998605,0.9597657,0,0.42529523372650146
TSBD_WSSV_4c414428d2,1,0,2,0.8321297,0.007900253,0.0879893,0.09707269,4.3467564e-05,0.022634849,0,0.21060502529144287,0.12007471,0.050763033,1.6629896e-06,0.009814829,0,0.36409977078437805,0.7919359,0.8521644,0.9999548,0.96755034,0,0.42529523372650146
TSBD_WSSV_4896029d97,1,0,2,0.81167793,0.011666495,0.07415347,0.058197174,4.8545935e-06,0.01095969,0,0.21060502529144287,0.1554179,0.06529226,5.567985e-06,0.015369807,0,0.36409977078437805,0.7704287,0.8765105,0.9999895,0.97367054,0,0.42529523372650146
TSBD_WSSV_c549f00277,1,0,2,0.7988121,0.013594406,0.06702713,0.05585147,4.0628074e-06,0.0100501375,0,0.21060502529144287,0.16979909,0.06756251,6.575114e-06,0.01669088,0,0.36409977078437805,0.76317376,0.8765861,0.9999894,0.973259,0,0.42529523372650146
TSBD_WSSV_254bdb9f4d,0,0,2,0.3812321,0.0526371,0.08881723,0.2942963,0.110192426,0.17088261,0,0.21060502529144287,0.576741,0.30149394,0.20875452,0.3778211,0,0.36409977078437805,0.33444175,0.40420976,0.68105304,0.45129633,0,0.42529523372650146
TSBD_WSSV_b0447870c0,0,0,1,0.24338968,0.18100852,0.061585527,0.059179667,2.4977592e-06,0.012245233,0,0.21060502529144287,0.30456603,0.8494739,0.9999794,0.93770444,0,0.36409977078437805,0.6338484,0.09134649,1.8142451e-05,0.050050344,0,0.42529523372650146
TSBD_WSSV_754fa3c73d,1,0,2,0.8503693,0.006086614,0.104949504,0.065519854,7.807281e-06,0.014228239,0,0.21060502529144287,0.1014329,0.05932727,3.3666488e-06,0.01136336,0,0.36409977078437805,0.79361755,0.8751529,0.9999889,0.97440845,0,0.42529523372650146
TSBD_WSSV_9937a0424b,1,0,2,0.7945262,0.0074731596,0.1921656,0.13762106,0.00023813955,0.05030445,0,0.21060502529144287,0.09253848,0.047948062,1.6218362e-06,0.008935244,0,0.36409977078437805,0.71529585,0.8144309,0.9997602,0.9407603,0,0.42529523372650146
TSBD_WSSV_6fa84e41c3,1,0,2,0.8526349,0.005994751,0.099694125,0.06045454,5.618764e-06,0.012598434,0,0.21060502529144287,0.10365796,0.06234874,4.354085e-06,0.012306192,0,0.36409977078437805,0.79664797,0.8771967,0.99999,0.97509533,0,0.42529523372650146
TSBD_WSSV_577000701d,0,0,0,0.1467611,0.2640199,0.23258883,0.8983994,0.99997723,0.9409001,0,0.21060502529144287,0.07618358,0.04300044,3.3846954e-06,0.013055587,0,0.36409977078437805,0.69122756,0.058600157,1.9403511e-05,0.04604431,0,0.42529523372650146
TSBD_WSSV_7562704d32,1,0,2,0.85186166,0.0030690734,0.075093344,0.044571735,2.10259e-06,0.008220279,0,0.21060502529144287,0.14153759,0.11624946,0.00012718035,0.035885055,0,0.36409977078437805,0.78336906,0.83917886,0.99987066,0.9558947,0,0.42529523372650146
TSBD_WSSV_ab987277c7,1,0,2,0.43426737,0.086825125,0.07116583,0.058135126,4.8346683e-06,0.012161651,0,0.21060502529144287,0.39747724,0.06679354,6.1826677e-06,0.02482857,0,0.36409977078437805,0.53135693,0.87507135,0.9999889,0.9630098,0,0.42529523372650146
TSBD_WSSV_1beeeafcb8,1,0,2,0.569174,0.054891862,0.0602324,0.059144486,5.075304e-06,0.011055441,0,0.21060502529144287,0.31013337,0.06297442,4.5644233e-06,0.019757167,0,0.36409977078437805,0.6296342,0.8778811,0.99999034,0.96918744,0,0.42529523372650146
TSBD_WSSV_e7254cc0d4,1,0,2,0.8431149,0.001058195,0.07039285,0.049071524,3.9056213e-06,0.009508511,0,0.21060502529144287,0.15243827,0.16259271,0.0008589296,0.06282552,0,0.36409977078437805,0.7771688,0.78833574,0.9991372,0.92766595,0,0.42529523372650146
TSBD_WSSV_b5a8a126ab,1,0,2,0.51238483,0.06678473,0.05944051,0.052984707,3.3601664e-06,0.0098648,0,0.21060502529144287,0.35654572,0.071113154,8.667888e-06,0.025481196,0,0.36409977078437805,0.5840139,0.8759022,0.99998796,0.96465397,0,0.42529523372650146
TSBD_WSSV_13e41ad5ef,1,0,2,0.8394359,0.0023525285,0.071961135,0.04177265,2.0405341e-06,0.0078047444,0,0.21060502529144287,0.14559594,0.16512404,0.0008865723,0.062471792,0,0.36409977078437805,0.7824429,0.79310334,0.99911135,0.9297235,0,0.42529523372650146
TSBD_WSSV_5dd3dca816,1,0,2,0.85369754,0.0027673247,0.07267295,0.040147457,1.3289588e-06,0.0070590354,0,0.21060502529144287,0.13756818,0.12706707,0.00018011825,0.039566178,0,0.36409977078437805,0.7897588,0.83278555,0.9998186,0.9533748,0,0.42529523372650146
TSBD_WSSV_084f7a072a,1,0,2,0.83908087,0.008121971,0.07217108,0.059315816,5.2502355e-06,0.011026318,0,0.21060502529144287,0.13568157,0.06336763,4.752602e-06,0.013888325,0,0.36409977078437805,0.7921474,0.8773166,0.99999,0.9750854,0,0.42529523372650146
TSBD_WSSV_7d1aec7b17,1,0,2,0.8549994,0.0058137598,0.07885728,0.057863954,4.7521885e-06,0.010987572,0,0.21060502529144287,0.12039146,0.06533341,5.501753e-06,0.013856842,0,0.36409977078437805,0.8007512,0.8768027,0.99998975,0.9751556,0,0.42529523372650146
TSBD_WSSV_93545fad41,1,1,2,0.86552155,0.0033821166,0.07852225,0.052540477,3.3918857e-06,0.009825127,0,0.21060502529144287,0.11849524,0.083457924,2.0290076e-05,0.01998447,0,0.36409977078437805,0.80298257,0.8640015,0.9999764,0.97019047,1,0.42529523372650146
TSBD_WSSV_ef783ed00d,1,1,2,0.8603037,0.0050693373,0.09858533,0.060478896,5.6129634e-06,0.012516516,0,0.21060502529144287,0.09788225,0.06254459,4.415146e-06,0.012081187,0,0.36409977078437805,0.80353236,0.87697655,0.99999,0.9754023,1,0.42529523372650146
TSBD_WSSV_8b081aa68f,1,0,2,0.59464973,0.042542893,0.08877174,0.13536052,0.00026149917,0.040966213,0,0.21060502529144287,0.2896227,0.0723009,1.2917295e-05,0.025606755,0,0.36409977078437805,0.6216056,0.79233855,0.99972564,0.93342704,0,0.42529523372650146
TSBD_WSSV_6afbaad0ae,1,0,2,0.84392524,0.0069959136,0.09916549,0.06463381,7.5100584e-06,0.013776907,0,0.21060502529144287,0.11157172,0.05945363,3.4764214e-06,0.01185333,0,0.36409977078437805,0.78926283,0.8759126,0.99998903,0.97436976,0,0.42529523372650146
TSBD_WSSV_9223e4a32b,1,0,2,0.83837944,0.007866364,0.08013702,0.055274837,3.9323404e-06,0.01047833,0,0.21060502529144287,0.13348737,0.06767861,6.509075e-06,0.015177269,0,0.36409977078437805,0.78637564,0.87704664,0.9999895,0.9743444,0,0.42529523372650146
TSBD_WSSV_98ea43065f,1,1,2,0.85981476,0.005062191,0.07798012,0.05420514,3.6113895e-06,0.010049396,0,0.21060502529144287,0.11889177,0.069995835,7.949768e-06,0.015302025,0,0.36409977078437805,0.8031281,0.8757991,0.99998844,0.9746486,1,0.42529523372650146
TSBD_WSSV_eb247f0a00,1,0,2,0.85381705,0.0058034994,0.11023865,0.06405348,7.077957e-06,0.014023968,0,0.21060502529144287,0.092185766,0.059479304,3.448784e-06,0.011034645,0,0.36409977078437805,0.7975756,0.8764672,0.9999895,0.9749414,0,0.42529523372650146
TSBD_WSSV_97fa50601b,1,0,2,0.8506567,0.006283339,0.120241694,0.0648959,7.5073262e-06,0.014721077,0,0.21060502529144287,0.08356349,0.058457337,3.1533484e-06,0.010395928,0,0.36409977078437805,0.79619485,0.87664676,0.9999894,0.974883,0,0.42529523372650146
TSBD_WSSV_8b6c4507a2,1,1,2,0.8614348,0.0049457853,0.10011291,0.06275673,6.5289223e-06,0.01318264,0,0.21060502529144287,0.09528267,0.06014578,3.6068514e-06,0.011288557,0,0.36409977078437805,0.80460435,0.8770974,0.99998987,0.9755287,1,0.42529523372650146
TSBD_WSSV_5c925439ac,1,0,2,0.8398295,0.007924214,0.078509055,0.05962741,5.341279e-06,0.01142679,0,0.21060502529144287,0.1307726,0.06259452,4.45547e-06,0.013465531,0,0.36409977078437805,0.7907184,0.87777805,0.9999902,0.97510767,0,0.42529523372650146
TSBD_WSSV_1d810bc413,1,0,2,0.842644,0.006179468,0.10636708,0.070015185,1.0864778e-05,0.015831387,0,0.21060502529144287,0.11160327,0.06423901,5.5711225e-06,0.01355129,0,0.36409977078437805,0.7820297,0.86574584,0.99998355,0.9706173,0,0.42529523372650146
TSBD_WSSV_26de7fcd80,1,0,1,0.58054346,0.001916578,0.07758101,0.06845903,5.482319e-05,0.01861867,0,0.21060502529144287,0.46360922,0.5254971,0.834505,0.59771377,0,0.36409977078437805,0.45880982,0.40604386,0.16544017,0.38366756,0,0.42529523372650146
TSBD_WSSV_8aa47f5a65,1,0,1,0.6695098,0.031531442,0.08578423,0.06695379,3.9912575e-06,0.012497023,0,0.21060502529144287,0.6595618,0.85486853,0.9999875,0.96468645,0,0.36409977078437805,0.25465393,0.078177646,8.5100555e-06,0.022816522,0,0.42529523372650146
TSBD_WSSV_d889bfa7f2,0,0,1,0.32729897,0.13312817,0.06303005,0.03690182,1.5376891e-06,0.008734318,0,0.21060502529144287,0.1708703,0.6652433,0.98606306,0.6597777,0,0.36409977078437805,0.76609963,0.29785487,0.013935389,0.33148804,0,0.42529523372650146
TSBD_WSSV_8a85146e3e,0,0,1,0.19891891,0.21391846,0.06915929,0.068945184,4.3784057e-06,0.016082957,0,0.21060502529144287,0.26511297,0.8527249,0.99998784,0.94165534,0,0.36409977078437805,0.66572773,0.078329876,7.8250505e-06,0.042261686,0,0.42529523372650146
TSBD_WSSV_439d0a5c3f,1,1,2,0.8641465,0.0047952924,0.08474861,0.06058925,5.629209e-06,0.011862083,0,0.21060502529144287,0.106417455,0.06128178,3.9499305e-06,0.012028701,0,0.36409977078437805,0.8088339,0.87812895,0.99999046,0.9761092,1,0.42529523372650146
TSBD_WSSV_3f0184301c,1,0,2,0.85630244,0.0058864076,0.077361286,0.06045948,5.573105e-06,0.011476046,0,0.21060502529144287,0.11822275,0.061461218,3.9995675e-06,0.012550159,0,0.36409977078437805,0.80441594,0.87807935,0.99999034,0.9759738,0,0.42529523372650146
TSBD_WSSV_00abe397a8,1,1,2,0.8659486,0.004448357,0.095011584,0.062784925,6.5447684e-06,0.012930193,0,0.21060502529144287,0.09594338,0.059919138,3.5459711e-06,0.011238961,0,0.36409977078437805,0.80904496,0.8772959,0.99998987,0.9758308,1,0.42529523372650146
TSBD_WSSV_f49daeee4d,1,0,2,0.84488124,0.0067829415,0.10775343,0.064637445,7.3766314e-06,0.014135188,0,0.21060502529144287,0.103314295,0.059838727,3.6268264e-06,0.011672523,0,0.36409977078437805,0.7889322,0.87552387,0.99998903,0.9741923,0,0.42529523372650146
TSBD_WSSV_e3a3f70bef,1,0,2,0.7453145,0.011556328,0.26484573,0.16482738,0.0005320378,0.07303342,0,0.21060502529144287,0.076891646,0.0422551,9.3517946e-07,0.007219462,0,0.36409977078437805,0.6582626,0.79291755,0.9994671,0.9197471,0,0.42529523372650146
TSBD_WSSV_4c6acaba53,1,0,2,0.8294625,0.009084336,0.092215315,0.0599868,5.4368857e-06,0.012217212,0,0.21060502529144287,0.12831499,0.062000345,4.234299e-06,0.013241186,0,0.36409977078437805,0.7794697,0.8780128,0.9999902,0.9745416,0,0.42529523372650146
TSBD_WSSV_1a5ee9d7a4,1,0,2,0.83579427,0.008511483,0.07566241,0.060866445,5.7825614e-06,0.011576893,0,0.21060502529144287,0.13516183,0.062014166,4.3105742e-06,0.013487038,0,0.36409977078437805,0.7891757,0.8771194,0.99998987,0.97493607,0,0.42529523372650146
TSBD_WSSV_1d745dbab2,1,1,0,0.88452107,0.004956552,0.84203696,0.9075079,0.9999888,0.98004174,1,0.21060502529144287,0.08020212,0.048450988,5.9462723e-06,0.010376411,0,0.36409977078437805,0.077760875,0.044041164,5.223914e-06,0.009581837,0,0.42529523372650146
TSBD_WSSV_04529c8937,1,0,2,0.8502985,0.006398782,0.08384414,0.06167629,6.084301e-06,0.012158287,0,0.21060502529144287,0.11902789,0.06178752,4.17506e-06,0.012757819,0,0.36409977078437805,0.79712796,0.8765362,0.99998975,0.9750838,0,0.42529523372650146
TSBD_WSSV_eb7b8b7c67,1,1,2,0.8615938,0.005066484,0.08571213,0.060956072,5.8389373e-06,0.0120409485,0,0.21060502529144287,0.10792287,0.061261006,3.9760153e-06,0.012113892,0,0.36409977078437805,0.8063651,0.87778294,0.9999902,0.9758452,1,0.42529523372650146
TSBD_WSSV_4c43a3a8a6,1,0,2,0.82551336,0.005206409,0.12287002,0.15626098,0.0004121894,0.04976781,0,0.21060502529144287,0.09405434,0.046165816,1.38454e-06,0.008380661,0,0.36409977078437805,0.7830757,0.79757315,0.9995864,0.94185156,0,0.42529523372650146
TSBD_WSSV_417fc1cab3,1,1,2,0.866851,0.0043435786,0.0927739,0.061259218,5.894298e-06,0.012415525,0,0.21060502529144287,0.09734614,0.06144729,3.940268e-06,0.0116652865,0,0.36409977078437805,0.80987996,0.87729347,0.9999902,0.9759192,1,0.42529523372650146
TSBD_WSSV_59c834cf6e,0,0,1,0.2244317,0.19529048,0.07926341,0.05465755,2.1049548e-06,0.013260582,0,0.21060502529144287,0.24248898,0.82825017,0.9999409,0.91013485,0,0.36409977078437805,0.6782476,0.117092304,5.697355e-05,0.07660451,0,0.42529523372650146
TSBD_WSSV_97681928ee,1,0,2,0.8371216,0.008304022,0.070495375,0.05592559,4.2265615e-06,0.010204556,0,0.21060502529144287,0.14022873,0.06652978,6.3324715e-06,0.015218802,0,0.36409977078437805,0.7892759,0.87754464,0.9999895,0.97457665,0,0.42529523372650146
TSBD_WSSV_0c09630268,1,0,2,0.8074934,0.00803283,0.1730069,0.11529632,9.810902e-05,0.03716343,0,0.21060502529144287,0.08950816,0.04624973,1.1589109e-06,0.008051855,0,0.36409977078437805,0.73748493,0.8384539,0.9999007,0.9547847,0,0.42529523372650146
TSBD_WSSV_919a1fc43f,1,0,2,0.83760566,0.007667561,0.10854696,0.06648931,8.346444e-06,0.014749102,0,0.21060502529144287,0.10862288,0.058414433,3.150394e-06,0.011453549,0,0.36409977078437805,0.7828302,0.87509626,0.99998856,0.9737973,0,0.42529523372650146
TSBD_WSSV_df52a25a1c,1,0,2,0.6343195,0.0073494986,0.38114157,0.36306563,0.04650239,0.27908534,0,0.21060502529144287,0.09827617,0.041336235,2.7497113e-06,0.009320338,0,0.36409977078437805,0.52058226,0.59559816,0.9534949,0.7115943,0,0.42529523372650146
TSBD_WSSV_b6df8b235a,1,1,2,0.8658897,0.004495741,0.0914865,0.06212795,6.313323e-06,0.012606249,0,0.21060502529144287,0.09914767,0.06027169,3.6697184e-06,0.011475105,0,0.36409977078437805,0.8093658,0.8776004,0.99999,0.97591865,1,0.42529523372650146
TSBD_WSSV_66dac7b3cb,1,0,2,0.843475,0.0073820055,0.07318486,0.05556873,4.1048656e-06,0.010235658,0,0.21060502529144287,0.13408118,0.06700031,6.4334263e-06,0.015056933,0,0.36409977078437805,0.7927339,0.877431,0.9999895,0.9747075,0,0.42529523372650146
TSBD_WSSV_cb728bde71,0,0,2,0.52807647,0.028838383,0.6587441,0.45716894,0.20750019,0.49578473,0,0.21060502529144287,0.07071441,0.04064563,4.7669705e-06,0.0090227,0,0.36409977078437805,0.27054155,0.50218546,0.7924951,0.49519256,0,0.42529523372650146
TSBD_WSSV_11dccea294,1,0,0,0.71778643,0.019486755,0.65872127,0.8296218,0.999226,0.9224912,0,0.21060502529144287,0.09058651,0.043181743,3.8201038e-06,0.010052175,0,0.36409977078437805,0.25069216,0.12719648,0.00077022274,0.06745656,0,0.42529523372650146
TSBD_WSSV_6c97d0a038,1,0,0,0.82726556,0.011593885,0.7935285,0.899677,0.99997425,0.97390866,0,0.21060502529144287,0.06322299,0.03935401,2.0574469e-06,0.0071622883,0,0.36409977078437805,0.1432485,0.060968988,2.3676386e-05,0.01892902,0,0.42529523372650146
TSBD_WSSV_7930144273,0,0,2,0.23594998,0.18891159,0.7355395,0.17411725,0.0007217679,0.15836914,0,0.21060502529144287,0.069367155,0.0441954,1.2397089e-06,0.010466164,0,0.36409977078437805,0.19509332,0.7816873,0.99927706,0.83116466,0,0.42529523372650146
TSBD_WSSV_46e8a68895,1,0,1,0.65166056,0.026960276,0.074820876,0.046458654,1.4217054e-06,0.008416568,0,0.21060502529144287,0.5920098,0.8017088,0.9997532,0.9238175,0,0.36409977078437805,0.33316934,0.15183255,0.00024541124,0.06776586,0,0.42529523372650146
TSBD_WSSV_68675dc12f,0,0,1,0.59965664,0.0148299225,0.057212032,0.03458945,2.0532705e-06,0.006730793,0,0.21060502529144287,0.4263817,0.5973517,0.94036704,0.66423887,0,0.36409977078437805,0.51640624,0.36805886,0.059630934,0.32903033,0,0.42529523372650146
TSBD_WSSV_33b5dd7e52,0,0,0,0.3975318,0.04648491,0.32064065,0.5780282,0.537289,0.505832,0,0.21060502529144287,0.51253265,0.38696817,0.462706,0.482946,0,0.36409977078437805,0.1668267,0.035003666,4.979963e-06,0.011222006,0,0.42529523372650146
TSBD_WSSV_eaf8feba8d,1,0,2,0.8445861,0.0074663274,0.073233806,0.06047169,5.6939984e-06,0.011340857,0,0.21060502529144287,0.12985922,0.06175932,4.190223e-06,0.013158122,0,0.36409977078437805,0.7969069,0.87776893,0.9999901,0.975501,0,0.42529523372650146
TSBD_WSSV_a092abcd48,1,1,0,0.8727907,0.0043120403,0.82300794,0.88066196,0.99993324,0.96916294,1,0.21060502529144287,0.085878,0.04391096,3.7985717e-06,0.009392639,0,0.36409977078437805,0.091114044,0.075427085,6.2896936e-05,0.021444459,0,0.42529523372650146
TSBD_WSSV_8c4a48a3c8,1,0,1,0.5258282,0.058027986,0.3785628,0.10278374,2.3756094e-05,0.038513046,0,0.21060502529144287,0.55049765,0.84296954,0.9999745,0.9519547,0,0.36409977078437805,0.07093949,0.05424678,1.7413104e-06,0.009532198,0,0.42529523372650146
TSBD_WSSV_36e8b7c576,1,0,1,0.45051467,0.056434054,0.30705974,0.102786675,0.00028872324,0.055157565,0,0.21060502529144287,0.57110584,0.5429036,0.91173255,0.72620404,0,0.36409977078437805,0.12183446,0.35430974,0.08797867,0.2186384,0,0.42529523372650146
TSBD_WSSV_f62b02d7ce,1,0,0,0.8604122,0.007006335,0.81622183,0.89780855,0.9999634,0.973378,0,0.21060502529144287,0.13042824,0.06825557,3.4983073e-05,0.020641107,0,0.36409977078437805,0.053349994,0.033935845,1.6454405e-06,0.0059809354,0,0.42529523372650146
TSBD_WSSV_7b5c5d4331,0,0,1,0.3184378,0.1297501,0.06006267,0.07448794,6.1323412e-06,0.014463389,0,0.21060502529144287,0.43568587,0.85787964,0.9999896,0.95839846,0,0.36409977078437805,0.5042514,0.06763247,4.280031e-06,0.02713814,0,0.42529523372650146
TSBD_WSSV_1115f3a7b9,0,0,1,0.54613066,0.035389308,0.07710978,0.04437155,5.868636e-06,0.010754907,0,0.21060502529144287,0.3284492,0.59194237,0.9394835,0.629624,0,0.36409977078437805,0.594441,0.36368614,0.060510594,0.3596211,0,0.42529523372650146
TSBD_WSSV_8b19cf1542,0,0,0,0.48338366,0.04292217,0.7730875,0.5339034,0.35433874,0.62088823,0,0.21060502529144287,0.16639355,0.4305948,0.64565676,0.37121072,0,0.36409977078437805,0.060518946,0.035501815,4.54562e-06,0.00790105,0,0.42529523372650146
TSBD_WSSV_e980aeec5d,1,0,0,0.8689287,0.006905565,0.8306592,0.9068092,0.9999875,0.9790944,0,0.21060502529144287,0.10971524,0.052352842,8.763412e-06,0.013010583,0,0.36409977078437805,0.059625536,0.04083791,3.6655572e-06,0.007895022,0,0.42529523372650146
TSBD_WSSV_78620c7961,1,1,1,0.82853466,0.007328827,0.1429536,0.07678549,6.8785994e-06,0.016893055,0,0.21060502529144287,0.7673145,0.8582634,0.9999895,0.97136724,1,0.36409977078437805,0.08973193,0.06495112,3.6705394e-06,0.01173967,0,0.42529523372650146
TSBD_WSSV_5cfa598cc4,1,1,1,0.81924164,0.0038986076,0.15738565,0.15511397,0.00016595685,0.04603875,0,0.21060502529144287,0.74785334,0.7949783,0.9998325,0.944876,1,0.36409977078437805,0.09476107,0.04990772,1.5478649e-06,0.009085236,0,0.42529523372650146
TSBD_WSSV_2ab0d58abb,1,0,0,0.69633895,0.024353124,0.6530854,0.84224916,0.99903345,0.92014396,0,0.21060502529144287,0.29488838,0.12923531,0.00096572516,0.0747695,0,0.36409977078437805,0.052026123,0.02851549,8.7810855e-07,0.005086575,0,0.42529523372650146
TSBD_WSSV_d63f9ec96f,1,0,1,0.67892116,0.027900647,0.095631905,0.11011264,3.8183873e-05,0.025616353,0,0.21060502529144287,0.66738236,0.81930274,0.99995553,0.95429116,0,0.36409977078437805,0.23698573,0.070584655,6.299183e-06,0.02009244,0,0.42529523372650146
TSBD_WSSV_c6d6c44306,1,0,0,0.79326427,0.015710866,0.7639965,0.8946225,0.99996626,0.9697899,0,0.21060502529144287,0.16419446,0.06678171,3.064062e-05,0.02203391,0,0.36409977078437805,0.07180906,0.038595736,3.1471677e-06,0.008176176,0,0.42529523372650146
TSBD_WSSV_0e98c598e2,1,0,0,0.8633959,0.0055462644,0.8123006,0.88537735,0.9999057,0.9672088,0,0.21060502529144287,0.124596976,0.08295437,9.3039824e-05,0.027012134,0,0.36409977078437805,0.06310239,0.031668186,1.1973822e-06,0.0057791346,0,0.42529523372650146
TSBD_WSSV_0e0b18da56,0,0,0,0.24224544,0.16157326,0.32107994,0.8162985,0.99799997,0.8754911,0,0.21060502529144287,0.23715173,0.14625594,0.0019967062,0.104809865,0,0.36409977078437805,0.4417684,0.03744563,3.3812905e-06,0.019698994,0,0.42529523372650146
TSBD_WSSV_0e04e30a96,1,1,0,0.8871225,0.0045302357,0.8436126,0.90607244,0.9999863,0.97940236,1,0.21060502529144287,0.08601073,0.05393283,1.0418694e-05,0.012476103,0,0.36409977078437805,0.070376635,0.0399948,3.390312e-06,0.008121541,0,0.42529523372650146
TSBD_WSSV_b14315239e,1,1,0,0.8827544,0.0052302,0.84145296,0.9076608,0.9999889,0.9800969,1,0.21060502529144287,0.074317046,0.048457496,5.9386166e-06,0.010103563,0,0.36409977078437805,0.08422996,0.043881677,5.11806e-06,0.009799541,0,0.42529523372650146
TSBD_WSSV_ad26e82e3c,0,0,0,0.210883,0.18709654,0.24777329,0.72912616,0.9811306,0.77552915,0,0.21060502529144287,0.19926532,0.22308196,0.018853558,0.19132042,0,0.36409977078437805,0.5529614,0.04779193,1.5805916e-05,0.03315044,0,0.42529523372650146
TSBD_WSSV_cda41068f5,1,0,0,0.85947603,0.00699592,0.8143279,0.89677006,0.99996936,0.9736477,0,0.21060502529144287,0.12208736,0.06550286,2.7936172e-05,0.018958475,0,0.36409977078437805,0.06358485,0.037727006,2.7315994e-06,0.00739382,0,0.42529523372650146
TSBD_WSSV_f51f241a0d,1,0,2,0.5537039,0.015733339,0.1906096,0.3431098,0.12280705,0.2458787,0,0.21060502529144287,0.21478271,0.20061758,0.02008441,0.14019041,0,0.36409977078437805,0.5946077,0.45627263,0.85710853,0.61393094,0,0.42529523372650146
TSBD_WSSV_2578508dff,1,0,0,0.6240019,0.021126367,0.529036,0.72585386,0.9654387,0.7718439,0,0.21060502529144287,0.40853545,0.24425706,0.034559477,0.22190017,0,0.36409977078437805,0.06242861,0.029889114,1.8609352e-06,0.006255962,0,0.42529523372650146
TSBD_WSSV_45511a46f0,1,1,0,0.8846489,0.00498838,0.8431567,0.9072737,0.99998784,0.97983474,1,0.21060502529144287,0.09719275,0.051655076,8.375917e-06,0.01222596,0,0.36409977078437805,0.059650663,0.041071303,3.8071241e-06,0.007939273,0,0.42529523372650146
TSBD_WSSV_87146ab98c,1,0,1,0.67717576,0.002932488,0.3744476,0.36044702,0.021138737,0.24095832,0,0.21060502529144287,0.55768985,0.6032012,0.9788598,0.7520559,0,0.36409977078437805,0.067862496,0.03635179,1.500548e-06,0.0069858213,0,0.42529523372650146
TSBD_WSSV_e143d38f01,0,0,1,0.19474888,0.21936882,0.06867596,0.05441558,2.0375587e-06,0.0128788715,0,0.21060502529144287,0.22199444,0.8375496,0.99995303,0.9134171,0,0.36409977078437805,0.7093296,0.108034834,4.4921904e-05,0.073703974,0,0.42529523372650146
TSBD_WSSV_ea73217725,1,0,1,0.7002825,0.022546306,0.11565945,0.2105154,0.0008319409,0.06658074,0,0.21060502529144287,0.7271199,0.7420117,0.99916637,0.9223878,0,0.36409977078437805,0.15722065,0.047472853,1.7321071e-06,0.011031455,0,0.42529523372650146
TSBD_WSSV_7568f33745,0,0,1,0.114838876,0.2809128,0.35260087,0.19440572,0.0005624006,0.15556261,0,0.21060502529144287,0.09648579,0.7575406,0.99943584,0.8140922,0,0.36409977078437805,0.55091333,0.04805371,1.688599e-06,0.030345155,0,0.42529523372650146
TSBD_WSSV_c0b728f042,0,0,1,0.1505248,0.25979498,0.0780752,0.06800315,4.299412e-06,0.01806618,0,0.21060502529144287,0.20439208,0.85809946,0.99998903,0.9373904,0,0.36409977078437805,0.7175327,0.07389735,6.6980574e-06,0.04454349,0,0.42529523372650146
TSBD_WSSV_7555e38281,1,0,2,0.34755257,0.06862803,0.43848,0.1720132,0.005614364,0.14249016,0,0.21060502529144287,0.100143515,0.35817128,0.23024358,0.24844824,0,0.36409977078437805,0.46137655,0.4698155,0.7641421,0.6090616,0,0.42529523372650146
TSBD_WSSV_d921343af4,0,0,0,0.10095674,0.32496268,0.12909223,0.87912405,0.99990034,0.8948513,0,0.21060502529144287,0.09289084,0.038900983,1.9428653e-06,0.014128074,0,0.36409977078437805,0.7780169,0.08197503,9.774103e-05,0.09102069,0,0.42529523372650146
TSBD_WSSV_94a3c39469,1,1,0,0.8845728,0.004874724,0.84160686,0.9066469,0.9999877,0.9796765,1,0.21060502529144287,0.09128032,0.052058488,8.415862e-06,0.01202323,0,0.36409977078437805,0.067112826,0.041294623,3.8067533e-06,0.00830029,0,0.42529523372650146
TSBD_WSSV_65692fdd3f,0,0,1,0.48823762,0.044428464,0.07623212,0.044436373,9.036409e-06,0.01110404,0,0.21060502529144287,0.24046884,0.5276423,0.78495365,0.49140927,0,0.36409977078437805,0.68329895,0.42792132,0.21503738,0.49748668,0,0.42529523372650146
TSBD_WSSV_0464ee44c0,0,0,0,0.06371771,0.37626433,0.09143517,0.893188,0.9999591,0.9085848,0,0.21060502529144287,0.3714764,0.07038719,3.8696653e-05,0.062006567,0,0.36409977078437805,0.53708845,0.03642477,2.1447752e-06,0.029408714,0,0.42529523372650146
TSBD_WSSV_51f7222cef,0,0,1,0.22525983,0.19405648,0.08154587,0.055170886,2.1528967e-06,0.013299508,0,0.21060502529144287,0.25802004,0.8390584,0.9999602,0.9209849,0,0.36409977078437805,0.66043407,0.105770685,3.771052e-05,0.065715514,0,0.42529523372650146
TSBD_WSSV_148921b882,0,0,1,0.18236995,0.22954752,0.09494521,0.04834207,1.718957e-06,0.014166405,0,0.21060502529144287,0.16028889,0.8030934,0.9997658,0.8570087,0,0.36409977078437805,0.74476594,0.14856455,0.0002325048,0.12882489,0,0.42529523372650146
TSBD_WSSV_49f573118f,0,0,0,0.18396685,0.22157781,0.28015178,0.8903486,0.99997485,0.9419918,0,0.21060502529144287,0.13199379,0.055985305,1.1991636e-05,0.02161535,0,0.36409977078437805,0.58785444,0.053666197,1.3068543e-05,0.03639274,0,0.42529523372650146
TSBD_WSSV_f7bb98aadd,0,0,1,0.28076583,0.12034144,0.47876215,0.06346509,3.1732143e-05,0.03723954,0,0.21060502529144287,0.2965904,0.5604821,0.91542673,0.6545671,0,0.36409977078437805,0.22464748,0.37605277,0.08454156,0.30819336,0,0.42529523372650146
TSBD_WSSV_32f477127b,0,0,1,0.3087458,0.13594863,0.06164998,0.07155817,5.206353e-06,0.014042803,0,0.21060502529144287,0.41849914,0.85854614,0.99998975,0.95688504,0,0.36409977078437805,0.51985085,0.069895715,5.0028143e-06,0.02907215,0,0.42529523372650146
TSBD_WSSV_6532d5dd16,1,0,0,0.8652035,0.0071679475,0.8262648,0.90469617,0.99998343,0.9776768,0,0.21060502529144287,0.11801227,0.056676008,1.355702e-05,0.015115265,0,0.36409977078437805,0.055722952,0.038627822,2.94488e-06,0.007207909,0,0.42529523372650146
TSBD_WSSV_399a1e23cc,1,0,2,0.85311174,0.0036127185,0.07499729,0.036455676,9.690514e-07,0.0063838386,0,0.21060502529144287,0.12272853,0.13145079,0.00022369623,0.040110525,0,0.36409977078437805,0.8022742,0.8320935,0.99977535,0.95350564,0,0.42529523372650146
TSBD_WSSV_c07e032039,1,0,2,0.847004,0.0035587756,0.073751956,0.037731305,1.081098e-06,0.006631942,0,0.21060502529144287,0.1433667,0.12867361,0.0001913333,0.040927608,0,0.36409977078437805,0.78288126,0.83359516,0.99980766,0.95244044,0,0.42529523372650146
TSBD_WSSV_a3b514246a,1,0,2,0.56698954,0.02149162,0.0623568,0.035382804,4.0807363e-06,0.0073918053,0,0.21060502529144287,0.22702317,0.4174601,0.2794701,0.32704335,0,0.36409977078437805,0.71062005,0.5471571,0.72052574,0.66556484,0,0.42529523372650146
TSBD_WSSV_9e8ca9f55f,0,0,1,0.3084615,0.14325222,0.058199316,0.044335198,1.1176319e-06,0.008718137,0,0.21060502529144287,0.3080206,0.81286705,0.99981076,0.89639837,0,0.36409977078437805,0.63378006,0.14279777,0.00018810849,0.09488347,0,0.42529523372650146
TSBD_WSSV_978efa34a6,1,0,2,0.7660034,0.009653049,0.06885452,0.0372294,1.2519884e-06,0.0068359044,0,0.21060502529144287,0.25023502,0.16153058,0.00072439667,0.07417072,0,0.36409977078437805,0.6809104,0.80124,0.9992743,0.9189934,0,0.42529523372650146
TSBD_WSSV_4575fa460f,1,0,2,0.85243845,0.0054359604,0.06991108,0.045952976,1.9576814e-06,0.007971757,0,0.21060502529144287,0.136923,0.08338307,1.951708e-05,0.020888545,0,0.36409977078437805,0.79316586,0.870664,0.99997854,0.97113967,0,0.42529523372650146
TSBD_WSSV_6e2231b074,1,0,1,0.7912594,0.01232633,0.105702884,0.0788017,7.590891e-06,0.015872762,0,0.21060502529144287,0.7404777,0.85608053,0.9999888,0.9698004,0,0.36409977078437805,0.15381949,0.06511776,3.6227673e-06,0.014326805,0,0.42529523372650146
TSBD_WSSV_18c088457d,0,0,1,0.25451872,0.16673201,0.18400678,0.06074613,4.2492916e-06,0.02143644,0,0.21060502529144287,0.229674,0.7894792,0.9997702,0.8717396,0,0.36409977078437805,0.58631915,0.14977473,0.00022557942,0.10682393,0,0.42529523372650146
TSBD_WSSV_77302aa089,1,0,2,0.81754625,0.0065434715,0.08493707,0.037642013,1.3626251e-06,0.0072770123,0,0.21060502529144287,0.1255977,0.17261432,0.0010258827,0.062285747,0,0.36409977078437805,0.7894651,0.7897437,0.9989728,0.9304372,0,0.42529523372650146
TSBD_WSSV_bc1451b5cd,1,0,2,0.8536098,0.00535281,0.07027172,0.04546834,1.8845668e-06,0.007882531,0,0.21060502529144287,0.13522147,0.08319969,1.932655e-05,0.020722052,0,0.36409977078437805,0.79450685,0.87133193,0.9999788,0.97139543,0,0.42529523372650146
TSBD_WSSV_2c0825dfbc,1,1,2,0.86886036,0.004194744,0.09030601,0.061102256,5.861892e-06,0.012256623,0,0.21060502529144287,0.09736808,0.060767375,3.83905e-06,0.011533967,0,0.36409977078437805,0.81232595,0.8781304,0.99999034,0.9762094,1,0.42529523372650146
TSBD_WSSV_21eca1a9bc,1,0,2,0.73427975,0.023605164,0.07689639,0.061367434,6.001553e-06,0.012102765,0,0.21060502529144287,0.19979666,0.061029345,3.950841e-06,0.015510616,0,0.36409977078437805,0.72330695,0.87760323,0.9999901,0.97238666,0,0.42529523372650146
TSBD_WSSV_a7578fa09c,1,1,2,0.865517,0.0046866937,0.08173092,0.0613021,5.9394115e-06,0.011891826,0,0.21060502529144287,0.107300155,0.060616273,3.797415e-06,0.011900727,0,0.36409977078437805,0.810969,0.87808174,0.9999902,0.97620744,1,0.42529523372650146
TSBD_WSSV_8acd11d1ec,1,0,2,0.8558592,0.005948296,0.07393778,0.05895183,5.1055863e-06,0.010973521,0,0.21060502529144287,0.121730156,0.0631542,4.650508e-06,0.013227575,0,0.36409977078437805,0.80433214,0.877894,0.9999902,0.97579896,0,0.42529523372650146
TSBD_WSSV_ce8f668353,1,1,2,0.86885667,0.0041973293,0.090191185,0.06117884,5.8915844e-06,0.012270391,0,0.21060502529144287,0.09746063,0.060680952,3.8081612e-06,0.011511735,0,0.36409977078437805,0.8123482,0.8781402,0.99999034,0.97621787,1,0.42529523372650146
TSBD_WSSV_c5bb7f551a,1,1,2,0.8645238,0.0047761314,0.08191659,0.059583742,5.2650958e-06,0.011475371,0,0.21060502529144287,0.10858868,0.062190756,4.3435443e-06,0.012424187,0,0.36409977078437805,0.80949473,0.8782255,0.99999046,0.97610044,1,0.42529523372650146
TSBD_WSSV_95dc6e27d4,1,0,1,0.7982728,0.009405063,0.12720157,0.05496981,2.234348e-06,0.011307452,0,0.21060502529144287,0.73701894,0.8330849,0.9999478,0.95902413,0,0.36409977078437805,0.13577954,0.11194538,5.0028648e-05,0.02966845,0,0.42529523372650146
TSBD_WSSV_309436940c,1,0,2,0.6544666,0.03214911,0.06488578,0.03951662,1.2483414e-06,0.007090072,0,0.21060502529144287,0.3051433,0.11397832,0.0001000265,0.04717915,0,0.36409977078437805,0.62997097,0.846505,0.9998988,0.94573075,0,0.42529523372650146
TSBD_WSSV_29362e9f5a,1,0,2,0.8374802,0.0083880825,0.07472931,0.06116363,5.8689448e-06,0.011575388,0,0.21060502529144287,0.13378856,0.061139286,3.972301e-06,0.013124384,0,0.36409977078437805,0.79148215,0.87769705,0.9999902,0.9753002,0,0.42529523372650146
TSBD_WSSV_e67891395a,1,1,2,0.8616531,0.005071827,0.078941785,0.05644432,4.3407013e-06,0.010646846,0,0.21060502529144287,0.114601284,0.06559759,5.721263e-06,0.013716286,0,0.36409977078437805,0.806457,0.8779581,0.99999,0.97563684,1,0.42529523372650146
TSBD_WSSV_2653717417,1,0,2,0.75366575,0.019939056,0.18839592,0.06429041,7.268348e-06,0.017524429,0,0.21060502529144287,0.08205673,0.06137791,4.0850664e-06,0.011434072,0,0.36409977078437805,0.7295474,0.87433165,0.9999887,0.97104144,0,0.42529523372650146
TSBD_WSSV_c98c109e0f,1,0,2,0.8423971,0.007155586,0.070163056,0.050161064,2.6678342e-06,0.008849431,0,0.21060502529144287,0.14143892,0.074927874,1.143149e-05,0.018125491,0,0.36409977078437805,0.78839797,0.87491107,0.99998593,0.9730251,0,0.42529523372650146
TSBD_WSSV_3339e18081,1,1,2,0.86631536,0.0045264475,0.08501673,0.060767453,5.73146e-06,0.01192508,0,0.21060502529144287,0.10432347,0.061201267,3.9968104e-06,0.011957725,0,0.36409977078437805,0.8106597,0.87803125,0.9999902,0.9761172,1,0.42529523372650146
TSBD_WSSV_f675da990c,1,1,2,0.8670787,0.0043804673,0.0912259,0.061833363,6.2199215e-06,0.012522368,0,0.21060502529144287,0.098200105,0.06028608,3.7062687e-06,0.011454124,0,0.36409977078437805,0.81057405,0.8778806,0.9999901,0.9760235,1,0.42529523372650146
TSBD_WSSV_e8d0267684,1,0,2,0.84498364,0.0066311574,0.12869069,0.071060464,1.1033844e-05,0.017018087,0,0.21060502529144287,0.08258771,0.05551688,2.440151e-06,0.009642428,0,0.36409977078437805,0.7887216,0.8734227,0.9999865,0.9733395,0,0.42529523372650146
TSBD_WSSV_93ee9c6175,1,0,2,0.8209029,0.00467645,0.1400097,0.17834634,0.00078176806,0.0628053,0,0.21060502529144287,0.08167928,0.040599115,7.939006e-07,0.006732575,0,0.36409977078437805,0.778311,0.7810545,0.9992174,0.9304621,0,0.42529523372650146
TSBD_WSSV_56b93bffca,1,1,2,0.86577904,0.0045209713,0.09409597,0.060666855,5.6980084e-06,0.012339212,0,0.21060502529144287,0.09677738,0.06136736,4.0432606e-06,0.011695094,0,0.36409977078437805,0.8091266,0.8779658,0.9999902,0.9759657,1,0.42529523372650146
TSBD_WSSV_05e0a12846,1,0,2,0.8480957,0.0032672058,0.14235212,0.121094026,0.0001197015,0.03634855,0,0.21060502529144287,0.07765486,0.043928493,8.883998e-07,0.0069871685,0,0.36409977078437805,0.77999306,0.8349775,0.9998795,0.9566642,0,0.42529523372650146
TSBD_WSSV_0bc0ac833f,0,0,2,0.36241797,0.110430524,0.5081037,0.10034771,5.1239163e-05,0.052650582,0,0.21060502529144287,0.060892403,0.046774447,1.1449179e-06,0.008309541,0,0.36409977078437805,0.43100387,0.85287786,0.99994755,0.9390399,0,0.42529523372650146
TSBD_WSSV_026c64bd33,1,0,2,0.83903766,0.007713318,0.09800425,0.06426708,7.2066223e-06,0.013589037,0,0.21060502529144287,0.11589199,0.059002545,3.2550145e-06,0.011828591,0,0.36409977078437805,0.7861038,0.8767304,0.9999896,0.97458243,0,0.42529523372650146
TSBD_WSSV_9f2b1f9f8f,0,0,2,0.14108573,0.2662794,0.13728714,0.06691565,8.810897e-06,0.025205154,0,0.21060502529144287,0.66053605,0.05924541,3.3304325e-06,0.034039725,0,0.36409977078437805,0.2021769,0.873839,0.99998784,0.9407551,0,0.42529523372650146
TSBD_WSSV_38f10d750a,1,0,2,0.6060163,0.04515659,0.28917226,0.07397476,1.30124845e-05,0.025513345,0,0.21060502529144287,0.08086695,0.054317113,2.1638016e-06,0.009928598,0,0.36409977078437805,0.6299608,0.8717081,0.99998486,0.96455806,0,0.42529523372650146
TSBD_WSSV_76536085a9,1,1,2,0.8662237,0.00445907,0.090947635,0.06336505,6.7782594e-06,0.012872991,0,0.21060502529144287,0.09916324,0.059230197,3.322255e-06,0.011160931,0,0.36409977078437805,0.809889,0.87740487,0.99998987,0.97596604,1,0.42529523372650146
TSBD_WSSV_e36aec3084,0,0,2,0.10914802,0.30507797,0.19971083,0.050436676,3.0645836e-06,0.023394678,0,0.21060502529144287,0.67409515,0.08814682,2.7788748e-05,0.07155427,0,0.36409977078437805,0.126194,0.8614166,0.9999691,0.90505105,0,0.42529523372650146
TSBD_WSSV_b632ff4665,1,1,2,0.86194843,0.004886603,0.100165546,0.064227365,7.235724e-06,0.013596933,0,0.21060502529144287,0.09472944,0.05869028,3.2155797e-06,0.010886674,0,0.36409977078437805,0.80510503,0.8770823,0.9999895,0.9755164,1,0.42529523372650146
TSBD_WSSV_f392420764,1,1,1,0.8282217,0.0075299125,0.101801395,0.077156946,6.9741e-06,0.015065859,0,0.21060502529144287,0.7694074,0.85840464,0.9999895,0.97180444,1,0.36409977078437805,0.12879121,0.06443842,3.4840039e-06,0.013129697,0,0.42529523372650146
TSBD_WSSV_08f57edf07,1,0,2,0.84476286,0.0073120883,0.0784984,0.061457984,6.0964344e-06,0.011873397,0,0.21060502529144287,0.12624808,0.061106566,4.014703e-06,0.012864629,0,0.36409977078437805,0.7952536,0.8774355,0.99998987,0.975262,0,0.42529523372650146
TSBD_WSSV_922a715bec,1,0,2,0.84923464,0.0062226406,0.106899664,0.057939004,5.094951e-06,0.012437243,0,0.21060502529144287,0.09978575,0.06769735,7.201909e-06,0.013955273,0,0.36409977078437805,0.79331464,0.87436366,0.9999877,0.9736074,0,0.42529523372650146
TSBD_WSSV_aa0b3c4c15,1,1,2,0.86646813,0.0034980248,0.08383,0.052079268,3.4985505e-06,0.010059315,0,0.21060502529144287,0.110611275,0.08184885,1.9388119e-05,0.019133495,0,0.36409977078437805,0.8055587,0.86607194,0.9999771,0.9708072,1,0.42529523372650146
TSBD_WSSV_daa4ba808b,1,0,2,0.82698417,0.008493847,0.085591026,0.082975805,2.4039118e-05,0.01860619,0,0.21060502529144287,0.13366571,0.058461417,3.6461552e-06,0.012739754,0,0.36409977078437805,0.7807433,0.85856277,0.9999722,0.96865404,0,0.42529523372650146
TSBD_WSSV_311dd1baf7,1,1,2,0.86653703,0.004446526,0.084231704,0.06109129,6.027966e-06,0.012036219,0,0.21060502529144287,0.10508509,0.06163176,4.2438896e-06,0.012171746,0,0.36409977078437805,0.81068325,0.87727696,0.9999896,0.975792,1,0.42529523372650146
TSBD_WSSV_34ee093e2e,1,0,2,0.71042836,0.02723796,0.22012196,0.06533172,7.686609e-06,0.019044703,0,0.21060502529144287,0.074288644,0.058475994,3.100238e-06,0.010330728,0,0.36409977078437805,0.7055894,0.8761923,0.9999893,0.9706245,0,0.42529523372650146
TSBD_WSSV_cbb32ff38a,1,0,2,0.72358745,0.025319584,0.07595987,0.05995909,5.4430693e-06,0.011730579,0,0.21060502529144287,0.20792195,0.062200215,4.3370324e-06,0.016211426,0,0.36409977078437805,0.71611816,0.8778407,0.9999902,0.97205806,0,0.42529523372650146
TSBD_WSSV_9291ca740d,1,0,2,0.8390894,0.0055934764,0.1478562,0.09782124,4.4769222e-05,0.027514605,0,0.21060502529144287,0.07911193,0.047443755,1.1914391e-06,0.007728729,0,0.36409977078437805,0.7730319,0.854735,0.999954,0.9647566,0,0.42529523372650146
TSBD_WSSV_73bc44153b,0,0,2,0.197999,0.21851297,0.77078974,0.16230349,0.0004965231,0.1518368,0,0.21060502529144287,0.058642276,0.041081313,7.648069e-07,0.009095746,0,0.36409977078437805,0.17056793,0.79661524,0.9995028,0.83906746,0,0.42529523372650146
TSBD_WSSV_4491558e57,1,0,2,0.60863703,0.04055675,0.33419433,0.11062551,7.924391e-05,0.04669667,0,0.21060502529144287,0.0647142,0.045183405,1.0020341e-06,0.0073303552,0,0.36409977078437805,0.6010915,0.84419113,0.9999198,0.945973,0,0.42529523372650146
TSBD_WSSV_1ee4a00587,1,1,2,0.8658036,0.0045325607,0.09094238,0.061442994,5.990621e-06,0.012385913,0,0.21060502529144287,0.09964748,0.060620647,3.7425336e-06,0.011569872,0,0.36409977078437805,0.8094101,0.87793636,0.99999034,0.97604424,1,0.42529523372650146
TSBD_WSSV_ecb905238d,1,0,2,0.5764116,0.041158088,0.1326686,0.37380943,0.055450965,0.19736198,0,0.21060502529144287,0.08225829,0.037944634,1.869768e-06,0.0076051606,0,0.36409977078437805,0.78507316,0.588246,0.9445471,0.7950328,0,0.42529523372650146
TSBD_WSSV_ccd255a2df,1,1,2,0.8675404,0.00436214,0.088767044,0.060844716,5.7564293e-06,0.012120965,0,0.21060502529144287,0.09996257,0.060948554,3.8495214e-06,0.011667457,0,0.36409977078437805,0.8112704,0.87820673,0.99999046,0.9762116,1,0.42529523372650146
TSBD_WSSV_584c5a10d0,1,0,2,0.8526737,0.0049608536,0.12754567,0.08347728,2.2246017e-05,0.020988928,0,0.21060502529144287,0.08159117,0.050862864,1.6355878e-06,0.008521995,0,0.36409977078437805,0.7908631,0.86565983,0.99997604,0.9704891,0,0.42529523372650146
TSBD_WSSV_aa58f57ab0,1,1,0,0.8876922,0.004552516,0.8445706,0.90719104,0.9999888,0.98011863,1,0.21060502529144287,0.078521386,0.04719709,5.17674e-06,0.009892621,0,0.36409977078437805,0.07690808,0.04561182,6.0844977e-06,0.009988779,0,0.42529523372650146
TSBD_WSSV_4f3b6f89a8,1,0,2,0.52845764,0.044605628,0.4603403,0.19979149,0.0013883668,0.12614529,0,0.21060502529144287,0.06520004,0.040101487,7.9455447e-07,0.0069417097,0,0.36409977078437805,0.47445965,0.760107,0.99861073,0.86691296,0,0.42529523372650146
TSBD_WSSV_279702ba92,1,0,2,0.79537296,0.014271084,0.075548306,0.06115456,5.890388e-06,0.011765239,0,0.21060502529144287,0.16194716,0.06097332,3.831713e-06,0.014079025,0,0.36409977078437805,0.7625045,0.8778722,0.99999034,0.9741557,0,0.42529523372650146
TSBD_WSSV_9dc876dd17,1,0,2,0.74580175,0.020506268,0.14650218,0.0669496,8.55601e-06,0.016991945,0,0.21060502529144287,0.13949056,0.057487,2.876087e-06,0.012540479,0,0.36409977078437805,0.71400726,0.87556344,0.99998856,0.9704676,0,0.42529523372650146
TSBD_WSSV_0ce34b5766,0,0,2,0.4455202,0.06739156,0.7410302,0.42725104,0.1389279,0.49995834,0,0.21060502529144287,0.07242198,0.03931092,3.3399542e-06,0.00902318,0,0.36409977078437805,0.18654779,0.53343797,0.8610687,0.4910185,0,0.42529523372650146
TSBD_WSSV_6c3afb6716,1,0,0,0.8245473,0.009406341,0.83459127,0.81227046,0.9981014,0.93648183,0,0.21060502529144287,0.07919663,0.03432746,1.1662722e-06,0.006437678,0,0.36409977078437805,0.0862121,0.15340206,0.0018974,0.05708054,0,0.42529523372650146
TSBD_WSSV_366db07a25,1,0,2,0.7963174,0.013351606,0.11781557,0.06330642,6.775157e-06,0.01441458,0,0.21060502529144287,0.13033165,0.0594893,3.3915046e-06,0.0126441335,0,0.36409977078437805,0.7518527,0.8772043,0.99998987,0.9729412,0,0.42529523372650146
TSBD_WSSV_b84a0005bf,1,0,0,0.6213392,0.04100897,0.6274059,0.8684149,0.99979216,0.9432837,0,0.21060502529144287,0.06255015,0.034097284,1.0283669e-06,0.0062219226,0,0.36409977078437805,0.31004393,0.097487845,0.00020683896,0.050494432,0,0.42529523372650146
TSBD_WSSV_6624c91a73,1,0,2,0.68686765,0.004586523,0.2987425,0.3701648,0.051458698,0.2561469,0,0.21060502529144287,0.068997584,0.037583698,1.6743282e-06,0.0069370614,0,0.36409977078437805,0.6322599,0.5922515,0.94853956,0.73691607,0,0.42529523372650146
TSBD_WSSV_8a1517bc0e,1,0,2,0.5503222,0.058982756,0.06219682,0.059698146,5.3196536e-06,0.011404623,0,0.21060502529144287,0.32023767,0.062311113,4.380287e-06,0.019846011,0,0.36409977078437805,0.61756545,0.87799066,0.9999902,0.9687494,0,0.42529523372650146
TSBD_WSSV_cada06cffd,1,0,2,0.6106755,0.046099845,0.056239586,0.05543843,3.9302163e-06,0.009839757,0,0.21060502529144287,0.2912136,0.06707107,6.215905e-06,0.020892343,0,0.36409977078437805,0.6525468,0.87749046,0.99998987,0.9692679,0,0.42529523372650146
TSBD_WSSV_72abeff3dc,1,0,0,0.60927564,0.003548156,0.618018,0.57655156,0.6814298,0.63181615,0,0.21060502529144287,0.060041163,0.035201974,2.8267891e-06,0.0066580963,0,0.36409977078437805,0.32194087,0.38824654,0.31856737,0.36152574,0,0.42529523372650146
TSBD_WSSV_71629aa3f2,1,1,2,0.867288,0.004384555,0.08771846,0.061608978,6.062711e-06,0.012266827,0,0.21060502529144287,0.10108221,0.06047998,3.6767922e-06,0.011567306,0,0.36409977078437805,0.8111993,0.877911,0.9999902,0.97616583,1,0.42529523372650146
TSBD_WSSV_bd69e16b82,1,0,2,0.525688,0.063884474,0.060551293,0.054373167,3.7313448e-06,0.010201627,0,0.21060502529144287,0.34482548,0.068947576,7.4873374e-06,0.023987707,0,0.36409977078437805,0.5946232,0.87667924,0.9999888,0.9658107,0,0.42529523372650146
TSBD_WSSV_6fd5eb945a,0,0,2,0.17822364,0.23082128,0.1052848,0.04899212,2.496197e-06,0.014592609,0,0.21060502529144287,0.65671915,0.07921742,1.5302192e-05,0.049407773,0,0.36409977078437805,0.23799604,0.8717904,0.99998224,0.93599963,0,0.42529523372650146
TSBD_WSSV_7ed3990ccb,0,0,0,0.2532959,0.15940869,0.11701027,0.64235294,0.8522029,0.4998651,0,0.21060502529144287,0.7197373,0.31447405,0.14778486,0.48218945,0,0.36409977078437805,0.1632524,0.043172967,1.23368145e-05,0.017945461,0,0.42529523372650146
TSBD_WSSV_8b1c70a3bc,0,0,1,0.22702047,0.17016028,0.071526885,0.30035865,0.008303092,0.12839305,0,0.21060502529144287,0.37403753,0.63968027,0.99168605,0.8378566,0,0.36409977078437805,0.5544357,0.05996113,1.0863919e-05,0.033750314,0,0.42529523372650146
TSBD_WSSV_f583f8e371,1,0,2,0.8269207,0.009280652,0.13368161,0.0647981,7.4185746e-06,0.015348498,0,0.21060502529144287,0.08978052,0.0585156,3.1749328e-06,0.010762332,0,0.36409977078437805,0.77653784,0.87668633,0.9999894,0.97388923,0,0.42529523372650146
TSBD_WSSV_493953f127,1,1,2,0.86546177,0.0044932645,0.09811512,0.06351173,6.9221383e-06,0.013294693,0,0.21060502529144287,0.09341144,0.059264243,3.4121856e-06,0.01099618,0,0.36409977078437805,0.8084734,0.877224,0.9999896,0.97570914,1,0.42529523372650146
TSBD_WSSV_1139b0bbb2,1,0,2,0.84672624,0.0069060274,0.12465449,0.06366668,6.99529e-06,0.014580404,0,0.21060502529144287,0.08086337,0.05906088,3.3474198e-06,0.010454191,0,0.36409977078437805,0.7944821,0.8772724,0.9999896,0.9749654,0,0.42529523372650146
TSBD_WSSV_735499e204,0,0,0,0.31082475,0.110046744,0.8139529,0.49255466,0.3233711,0.6661367,0,0.21060502529144287,0.11453899,0.040996596,5.6012914e-06,0.0122274775,0,0.36409977078437805,0.07150811,0.46644875,0.6766233,0.3216358,0,0.42529523372650146
TSBD_WSSV_01066cc969,1,0,2,0.84138364,0.007813084,0.072961025,0.058495622,4.933854e-06,0.010856561,0,0.21060502529144287,0.13371581,0.06369595,4.889136e-06,0.013919656,0,0.36409977078437805,0.79332316,0.87780845,0.9999902,0.9752238,0,0.42529523372650146
TSBD_WSSV_941d089361,0,0,2,0.21947517,0.19515243,0.60505503,0.082267664,2.0412708e-05,0.048888396,0,0.21060502529144287,0.111394405,0.051880695,1.8018576e-06,0.013522071,0,0.36409977078437805,0.2835506,0.86585164,0.9999778,0.9375895,0,0.42529523372650146
TSBD_WSSV_629e5c7c92,1,0,0,0.822314,0.011752111,0.7862116,0.8946791,0.9999629,0.97121185,0,0.21060502529144287,0.060094845,0.038630515,1.866618e-06,0.006863585,0,0.36409977078437805,0.15369359,0.06669035,3.5133344e-05,0.021924505,0,0.42529523372650146
TSBD_WSSV_cf01831715,0,0,2,0.07995925,0.34754074,0.61630166,0.05296352,3.6392203e-06,0.040471967,0,0.21060502529144287,0.2878938,0.081027426,1.7655653e-05,0.051490583,0,0.36409977078437805,0.09580452,0.86600906,0.99997866,0.9080374,0,0.42529523372650146
TSBD_WSSV_2c0f3e0b28,1,0,2,0.84682995,0.005933985,0.10882459,0.08346709,2.2155362e-05,0.019854544,0,0.21060502529144287,0.10118989,0.050923847,1.6488075e-06,0.009216681,0,0.36409977078437805,0.7899855,0.865609,0.99997616,0.9709288,0,0.42529523372650146
TSBD_WSSV_801c0b8b82,1,0,2,0.84406704,0.0072705047,0.088200174,0.06178999,6.145663e-06,0.012431036,0,0.21060502529144287,0.11965223,0.060239792,3.6561091e-06,0.012325077,0,0.36409977078437805,0.7921475,0.8779702,0.9999901,0.97524387,0,0.42529523372650146
TSBD_WSSV_f2274525f7,1,0,2,0.833923,0.008549124,0.12848805,0.061743867,6.095838e-06,0.014197697,0,0.21060502529144287,0.08758611,0.06052017,3.7197958e-06,0.011146883,0,0.36409977078437805,0.7839258,0.877736,0.9999902,0.9746554,0,0.42529523372650146
TSBD_WSSV_2e17c58aad,1,0,2,0.8382407,0.007783324,0.12662357,0.06495428,7.543323e-06,0.015075403,0,0.21060502529144287,0.08808367,0.058682032,3.1827235e-06,0.010673416,0,0.36409977078437805,0.78529274,0.87636375,0.9999893,0.97425115,0,0.42529523372650146
TSBD_WSSV_bb9d07b1e5,1,0,2,0.85593295,0.0056664054,0.102623045,0.059800945,5.328051e-06,0.01251218,0,0.21060502529144287,0.09724183,0.062434915,4.4355656e-06,0.012068292,0,0.36409977078437805,0.80013514,0.87776417,0.9999902,0.9754195,0,0.42529523372650146
TSBD_WSSV_950d6de8a1,1,0,2,0.742079,0.019536689,0.14196768,0.04480493,2.9148712e-06,0.011134133,0,0.21060502529144287,0.08931327,0.1687015,0.0009612001,0.054822184,0,0.36409977078437805,0.768719,0.78649354,0.99903595,0.9340437,0,0.42529523372650146
TSBD_WSSV_0b909fea6f,1,1,2,0.86440223,0.0046673836,0.09755782,0.06136977,6.0218595e-06,0.012707299,0,0.21060502529144287,0.09468272,0.060800422,3.891729e-06,0.011475381,0,0.36409977078437805,0.80775946,0.87782985,0.99999,0.97581726,1,0.42529523372650146
TSBD_WSSV_50b41d3123,1,1,2,0.8624623,0.0048742862,0.103645965,0.06251039,6.4432165e-06,0.013275941,0,0.21060502529144287,0.09036878,0.06001384,3.631679e-06,0.011078064,0,0.36409977078437805,0.8059852,0.8774758,0.99999,0.975646,1,0.42529523372650146
TSBD_WSSV_1d66e28720,1,0,2,0.85454476,0.0061095385,0.07768802,0.060714245,5.705556e-06,0.011574984,0,0.21060502529144287,0.11925636,0.061214678,3.9271235e-06,0.012526349,0,0.36409977078437805,0.8030557,0.8780711,0.99999034,0.9758986,0,0.42529523372650146
TSBD_WSSV_f9303a9060,1,0,2,0.79859185,0.014153587,0.065491706,0.06062583,5.72038e-06,0.01105052,0,0.21060502529144287,0.16477801,0.061207913,3.9934766e-06,0.014265438,0,0.36409977078437805,0.76973027,0.8781663,0.9999902,0.974684,0,0.42529523372650146
TSBD_WSSV_ffd6ae5c1c,1,1,2,0.86700225,0.004366604,0.09785142,0.061968513,6.219726e-06,0.012848104,0,0.21060502529144287,0.09191847,0.06025392,3.6605993e-06,0.011163601,0,0.36409977078437805,0.8102302,0.8777776,0.9999901,0.9759883,1,0.42529523372650146
TSBD_WSSV_6a97515cc2,1,0,2,0.8115047,0.01219541,0.06745031,0.05996343,5.455808e-06,0.010972837,0,0.21060502529144287,0.15595956,0.06179606,4.2059223e-06,0.014158347,0,0.36409977078437805,0.77659017,0.87824047,0.99999034,0.9748688,0,0.42529523372650146
TSBD_WSSV_6a19d7effb,1,0,2,0.8019066,0.0131054055,0.1533114,0.06118574,5.9483614e-06,0.015091969,0,0.21060502529144287,0.08333741,0.060836807,3.8854514e-06,0.011168117,0,0.36409977078437805,0.76335114,0.8779775,0.9999901,0.97374,0,0.42529523372650146
TSBD_WSSV_9872bb742f,1,0,0,0.83553696,0.003972883,0.8045198,0.7883784,0.9957117,0.9106101,0,0.21060502529144287,0.062295504,0.033070024,1.0839675e-06,0.0057285675,0,0.36409977078437805,0.13318469,0.17855157,0.004287222,0.08366139,0,0.42529523372650146
TSBD_WSSV_e44f2c0a8a,1,0,2,0.3885816,0.10077078,0.057499297,0.053099297,3.3180017e-06,0.010227331,0,0.21060502529144287,0.44044015,0.0699413,7.949156e-06,0.028117063,0,0.36409977078437805,0.5020606,0.8769593,0.9999887,0.9616556,0,0.42529523372650146
TSBD_WSSV_f1294af3d4,1,1,0,0.88715124,0.0029624426,0.8403703,0.8816462,0.99990654,0.9697477,1,0.21060502529144287,0.06842262,0.035731614,1.2691784e-06,0.0063040266,0,0.36409977078437805,0.09120717,0.08262212,9.209796e-05,0.023948219,0,0.42529523372650146
TSBD_WSSV_264790eb51,0,0,2,0.48109347,0.047888882,0.72823703,0.45770955,0.21200058,0.5271588,0,0.21060502529144287,0.059724882,0.036641967,2.6390367e-06,0.0073679565,0,0.36409977078437805,0.21203806,0.5056485,0.78799677,0.46547326,0,0.42529523372650146
TSBD_WSSV_11430ce0d0,1,0,2,0.82212603,0.01028906,0.08015033,0.06018019,5.519024e-06,0.011694621,0,0.21060502529144287,0.14214006,0.062068168,4.283885e-06,0.013775335,0,0.36409977078437805,0.77770966,0.8777516,0.9999902,0.97453004,0,0.42529523372650146
TSBD_WSSV_74c3607b95,1,0,2,0.8216361,0.010024678,0.12697281,0.056939088,4.3792215e-06,0.012814671,0,0.21060502529144287,0.09937726,0.06692416,6.4639767e-06,0.013672797,0,0.36409977078437805,0.77365,0.8761367,0.99998915,0.97351253,0,0.42529523372650146
TSBD_WSSV_2c43cd74d0,1,0,2,0.8016929,0.012838859,0.16288401,0.06716698,8.552826e-06,0.017310372,0,0.21060502529144287,0.07578758,0.057901617,3.0313602e-06,0.010067101,0,0.36409977078437805,0.7613284,0.8749314,0.99998844,0.9726225,0,0.42529523372650146
TSBD_WSSV_59d2b7350f,1,1,2,0.863633,0.0047567277,0.09963613,0.062059563,6.2277572e-06,0.0129571585,0,0.21060502529144287,0.093313955,0.0601158,3.6147178e-06,0.011196303,0,0.36409977078437805,0.80704993,0.8778247,0.9999902,0.9758465,1,0.42529523372650146
TSBD_WSSV_5e189248db,0,0,2,0.36831382,0.105848595,0.80528927,0.40059605,0.08499067,0.4944457,0,0.21060502529144287,0.0583639,0.036198914,1.652602e-06,0.007640828,0,0.36409977078437805,0.13634683,0.56320506,0.91500765,0.49791345,0,0.42529523372650146
TSBD_WSSV_9f5ca0e80d,1,0,0,0.84570724,0.0018181293,0.7819866,0.8043236,0.9972914,0.91581196,0,0.21060502529144287,0.0569975,0.03226963,8.999153e-07,0.005325073,0,0.36409977078437805,0.1610159,0.16340674,0.0027076723,0.07886294,0,0.42529523372650146
TSBD_WSSV_b626137b45,0,0,2,0.4017665,0.08345412,0.7982103,0.4444323,0.17023548,0.54898363,0,0.21060502529144287,0.058153003,0.035902753,2.1353624e-06,0.0074028317,0,0.36409977078437805,0.14363658,0.519665,0.8297624,0.44361356,0,0.42529523372650146
TSBD_WSSV_27c2a5d56f,1,1,2,0.863377,0.004774934,0.102131754,0.06248012,6.387969e-06,0.01317848,0,0.21060502529144287,0.091054305,0.059899233,3.5141718e-06,0.011022042,0,0.36409977078437805,0.806814,0.87762064,0.9999901,0.9757995,1,0.42529523372650146
TSBD_WSSV_eee60542d7,1,0,2,0.64923894,0.024301909,0.3610554,0.18172747,0.0008922582,0.0973168,0,0.21060502529144287,0.06594458,0.04107616,8.733291e-07,0.006874853,0,0.36409977078437805,0.573,0.7771964,0.99910694,0.89580834,0,0.42529523372650146
TSBD_WSSV_d9ea0715c2,1,0,2,0.42155606,0.090445615,0.402987,0.0659833,8.00353e-06,0.026260147,0,0.21060502529144287,0.07495138,0.058126643,3.058332e-06,0.011357488,0,0.36409977078437805,0.52206165,0.87589,0.9999889,0.9623824,0,0.42529523372650146
TSBD_WSSV_514bb3ccf8,1,1,0,0.8795953,0.005468206,0.83773106,0.9062454,0.99998724,0.97938573,1,0.21060502529144287,0.067077786,0.043503884,3.3636652e-06,0.008300615,0,0.36409977078437805,0.09519121,0.0502507,9.468803e-06,0.012313731,0,0.42529523372650146
TSBD_WSSV_d3cfe64d62,1,0,2,0.61985964,0.04359425,0.27926555,0.067093484,8.517008e-06,0.021946324,0,0.21060502529144287,0.070328124,0.05720743,2.7771237e-06,0.010075347,0,0.36409977078437805,0.65040636,0.8756991,0.9999888,0.96797836,0,0.42529523372650146
TSBD_WSSV_f825fa69cd,0,0,2,0.3376273,0.11785655,0.4674571,0.074764535,1.4003208e-05,0.034564015,0,0.21060502529144287,0.094135195,0.055740766,2.6083897e-06,0.012350128,0,0.36409977078437805,0.43840775,0.86949474,0.99998343,0.95308584,0,0.42529523372650146
TSBD_WSSV_b899fa53da,1,0,2,0.81534153,0.011335956,0.074936435,0.0592823,5.1413294e-06,0.011200383,0,0.21060502529144287,0.15047932,0.06287439,4.5521424e-06,0.014326247,0,0.36409977078437805,0.77458423,0.8778434,0.99999034,0.9744733,0,0.42529523372650146
TSBD_WSSV_8b9052d96f,1,1,2,0.8623068,0.0048471284,0.099135,0.058691364,4.9073997e-06,0.012034542,0,0.21060502529144287,0.09512669,0.064515024,5.2450755e-06,0.012543685,0,0.36409977078437805,0.8057383,0.8767936,0.99998987,0.9754217,1,0.42529523372650146
TSBD_WSSV_376e37e18c,1,0,2,0.8556107,0.0058762683,0.078077264,0.058097765,4.748177e-06,0.010958463,0,0.21060502529144287,0.11955327,0.063893035,4.958472e-06,0.013392419,0,0.36409977078437805,0.8023694,0.8780092,0.9999902,0.9756491,0,0.42529523372650146
TSBD_WSSV_33b7d18fc1,1,0,2,0.79661036,0.01376833,0.1651351,0.06542629,7.751263e-06,0.016861925,0,0.21060502529144287,0.07517029,0.05819123,3.0655685e-06,0.0100879865,0,0.36409977078437805,0.75969464,0.8763825,0.99998915,0.97305006,0,0.42529523372650146
TSBD_WSSV_5ae365cdb5,1,0,2,0.45396662,0.080745794,0.3920701,0.07236072,1.1908527e-05,0.029030837,0,0.21060502529144287,0.068839386,0.055139527,2.3624452e-06,0.0101113245,0,0.36409977078437805,0.53909045,0.87249976,0.9999857,0.96085787,0,0.42529523372650146
TSBD_WSSV_48983cce39,1,1,0,0.881625,0.003134301,0.82880133,0.8803859,0.99989057,0.9674093,1,0.21060502529144287,0.06305789,0.03509745,1.1588219e-06,0.0059861196,0,0.36409977078437805,0.10814077,0.08451672,0.00010823949,0.02660461,0,0.42529523372650146
TSBD_WSSV_f41afb12de,1,0,2,0.4827142,0.07051489,0.39683688,0.09246862,3.4486293e-05,0.040222034,0,0.21060502529144287,0.06667537,0.04849712,1.2970261e-06,0.0083612865,0,0.36409977078437805,0.53648776,0.8590343,0.99996424,0.9514167,0,0.42529523372650146
TSBD_WSSV_719214e8fc,1,0,2,0.6623418,0.035895314,0.058182675,0.05234837,3.1005054e-06,0.009128948,0,0.21060502529144287,0.2626808,0.0704952,8.102144e-06,0.0214359,0,0.36409977078437805,0.6791366,0.8771564,0.9999888,0.96943516,0,0.42529523372650146
TSBD_WSSV_f9b891c236,0,0,2,0.33190453,0.1202278,0.46232092,0.06642811,8.1766e-06,0.02915785,0,0.21060502529144287,0.08964685,0.05780968,2.9517564e-06,0.012582179,0,0.36409977078437805,0.44803223,0.87576216,0.9999888,0.95825994,0,0.42529523372650146
TSBD_WSSV_60bf799ad0,1,0,2,0.42338786,0.088354945,0.42771706,0.080732614,1.9113295e-05,0.035098623,0,0.21060502529144287,0.060360547,0.051383972,1.6731701e-06,0.008867274,0,0.36409977078437805,0.5119224,0.8678835,0.99997926,0.9560341,0,0.42529523372650146
TSBD_WSSV_3221471a09,1,0,2,0.7299525,0.02337962,0.2142272,0.07183393,1.1458966e-05,0.02126974,0,0.21060502529144287,0.07453131,0.055304147,2.3772993e-06,0.009540146,0,0.36409977078437805,0.7112415,0.8728619,0.9999862,0.9691901,0,0.42529523372650146
TSBD_WSSV_81c77d6283,1,0,0,0.83046085,0.00234165,0.75421184,0.79842913,0.99670607,0.90609074,0,0.21060502529144287,0.057304528,0.03229326,9.156787e-07,0.0053844857,0,0.36409977078437805,0.18848361,0.1692776,0.0032930546,0.088524744,0,0.42529523372650146
TSBD_WSSV_7ba0bac7cd,1,0,2,0.57019305,0.05364079,0.31129345,0.06800128,9.199719e-06,0.0236585,0,0.21060502529144287,0.069590636,0.056577902,2.6521705e-06,0.010052966,0,0.36409977078437805,0.6191159,0.8754208,0.9999882,0.96628857,0,0.42529523372650146
TSBD_WSSV_b8b164e72b,0,0,2,0.24784943,0.1758288,0.5856901,0.06835807,9.433207e-06,0.035827804,0,0.21060502529144287,0.06553224,0.056394894,2.6222165e-06,0.011816804,0,0.36409977078437805,0.34877777,0.8752471,0.99998796,0.95235544,0,0.42529523372650146
TSBD_WSSV_7942e3c67c,1,0,2,0.83649844,0.008404504,0.07966722,0.06557989,7.820158e-06,0.012948351,0,0.21060502529144287,0.12988085,0.058377557,3.120077e-06,0.0121328,0,0.36409977078437805,0.79045194,0.8760426,0.99998903,0.9749189,0,0.42529523372650146
TSBD_WSSV_e572949946,1,0,0,0.8017637,0.007856376,0.7271372,0.8303064,0.9989047,0.9258957,0,0.21060502529144287,0.05998716,0.033532083,1.0415174e-06,0.0058042356,0,0.36409977078437805,0.21287568,0.13616145,0.001094191,0.068300106,0,0.42529523372650146
TSBD_WSSV_a204c36610,1,0,2,0.82480484,0.009322791,0.12343014,0.06725866,8.692746e-06,0.015698146,0,0.21060502529144287,0.104363516,0.057148993,2.7650644e-06,0.010940056,0,0.36409977078437805,0.7722064,0.87559235,0.99998856,0.97336185,0,0.42529523372650146
TSBD_WSSV_9c4b4f11b8,1,0,0,0.6158666,0.04555115,0.6518586,0.8912129,0.999948,0.96102613,0,0.21060502529144287,0.059729237,0.036985073,1.5295052e-06,0.006830962,0,0.36409977078437805,0.28841218,0.071801975,5.0422535e-05,0.032142933,0,0.42529523372650146
TSBD_WSSV_687a703a75,0,0,0,0.34295464,0.08988713,0.8274116,0.5175464,0.43141937,0.6855123,0,0.21060502529144287,0.087641254,0.038108893,4.108193e-06,0.009565238,0,0.36409977078437805,0.0849471,0.4443447,0.56857646,0.30492243,0,0.42529523372650146
TSBD_WSSV_60273dd644,1,0,2,0.75707865,0.019569112,0.19135278,0.06635791,8.130282e-06,0.018247252,0,0.21060502529144287,0.07568907,0.058005795,2.917535e-06,0.010113685,0,0.36409977078437805,0.73295814,0.8756363,0.99998903,0.97163904,0,0.42529523372650146
TSBD_WSSV_c29e86db5b,0,0,2,0.26048824,0.16884157,0.63120806,0.13673566,0.0002110299,0.0995096,0,0.21060502529144287,0.106939346,0.043246865,8.839647e-07,0.010652552,0,0.36409977078437805,0.26185256,0.8200175,0.9997881,0.88983786,0,0.42529523372650146
TSBD_WSSV_79fa511ed0,1,0,2,0.8591123,0.005280982,0.10480406,0.062091324,6.2270087e-06,0.013212865,0,0.21060502529144287,0.09222125,0.060257014,3.5793948e-06,0.011158375,0,0.36409977078437805,0.80297476,0.8776517,0.9999902,0.9756288,0,0.42529523372650146
TSBD_WSSV_58e35ef754,0,0,2,0.103709005,0.32197642,0.81346786,0.092527315,3.4121407e-05,0.082714,0,0.21060502529144287,0.066020705,0.048902065,1.3204302e-06,0.013451211,0,0.36409977078437805,0.12051143,0.85857064,0.9999646,0.90383476,0,0.42529523372650146
TSBD_WSSV_1ce4e5b49f,1,1,2,0.86466914,0.0043622833,0.08445993,0.050587263,2.8057036e-06,0.009511181,0,0.21060502529144287,0.10868258,0.0751347,1.1285331e-05,0.016397098,0,0.36409977078437805,0.80685747,0.87427795,0.9999858,0.9740917,1,0.42529523372650146
TSBD_WSSV_ea57134108,1,0,2,0.8309109,0.008373141,0.07361296,0.048949648,2.4434514e-06,0.00878672,0,0.21060502529144287,0.14951734,0.07797783,1.3661582e-05,0.019589981,0,0.36409977078437805,0.7768697,0.87307256,0.9999839,0.97162324,0,0.42529523372650146
TSBD_WSSV_8b1af1900d,1,1,2,0.8607779,0.0047166212,0.094071835,0.05749658,4.691049e-06,0.011621838,0,0.21060502529144287,0.103516035,0.069031,7.549286e-06,0.014350754,0,0.36409977078437805,0.8024122,0.8734724,0.99998784,0.9740274,1,0.42529523372650146
TSBD_WSSV_2f46cb1b79,0,0,2,0.10175737,0.32354507,0.7797136,0.072008885,1.1619876e-05,0.057196807,0,0.21060502529144287,0.08421875,0.05492868,2.293479e-06,0.016797014,0,0.36409977078437805,0.13606766,0.87306243,0.9999862,0.9260062,0,0.42529523372650146
TSBD_WSSV_383e727d4a,1,1,0,0.8848641,0.0035720766,0.8353068,0.8909088,0.9999472,0.9728533,1,0.21060502529144287,0.06598258,0.036805302,1.478033e-06,0.006506952,0,0.36409977078437805,0.09871058,0.07228596,5.135812e-05,0.020639744,0,0.42529523372650146
TSBD_WSSV_b076b7af44,1,1,2,0.86392665,0.0047293957,0.09533882,0.06108168,5.8231612e-06,0.012497841,0,0.21060502529144287,0.097308934,0.06100684,3.8186677e-06,0.011562588,0,0.36409977078437805,0.80735224,0.87791145,0.99999034,0.9759396,1,0.42529523372650146
TSBD_WSSV_6a65b3c303,1,0,2,0.6708755,0.027595967,0.29012856,0.12087472,0.00011857464,0.04944517,0,0.21060502529144287,0.08073204,0.0455854,1.0635155e-06,0.007936961,0,0.36409977078437805,0.6291394,0.8335399,0.9998803,0.9426179,0,0.42529523372650146
TSBD_WSSV_d552ad13be,1,0,2,0.8230242,0.0057152044,0.07567184,0.03470961,1.0032592e-06,0.006316994,0,0.21060502529144287,0.13018005,0.1773571,0.0011760382,0.06539661,0,0.36409977078437805,0.7941481,0.78793335,0.998823,0.9282864,0,0.42529523372650146
TSBD_WSSV_64069923e3,0,0,0,0.48644012,0.03611859,0.7300174,0.4986607,0.34886113,0.5792938,0,0.21060502529144287,0.056442395,0.035622735,2.6098307e-06,0.0068053594,0,0.36409977078437805,0.21354015,0.4657165,0.6511363,0.41390085,0,0.42529523372650146
