sample_id,tri_consensus,selected,consensus_class,tri_score,source_ema_js,p_source_BG,p_ema_BG,p_proto_BG,q_consensus_BG,selected_BG,target_prior_BG,p_source_Healthy,p_ema_Healthy,p_proto_Healthy,q_consensus_Healthy,selected_Healthy,target_prior_Healthy,p_source_WSSV,p_ema_WSSV,p_proto_WSSV,q_consensus_WSSV,selected_WSSV,target_prior_WSSV
TSBD_BG_b9ded89290,1,1,0,0.8892815,0.003753387,0.84227574,0.90005666,0.9999889,0.979334,1,0.1454952359199524,0.08082424,0.050123483,5.145634e-06,0.010293124,0,0.19927185773849487,0.07690009,0.049819957,5.91521e-06,0.010372925,0,0.6552329659461975
TSBD_BG_ec6804e1c1,1,1,0,0.8894272,0.0037465696,0.8424779,0.9001601,0.9999889,0.97933346,1,0.1454952359199524,0.081102766,0.050159298,5.2488635e-06,0.010348461,0,0.19927185773849487,0.076419264,0.04968068,5.8648975e-06,0.010318094,0,0.6552329659461975
TSBD_BG_e6c7f786d1,0,0,1,0.2793205,0.16089599,0.67083925,0.14474073,0.00015091973,0.09670127,0,0.1454952359199524,0.27656063,0.81148547,0.99984825,0.89513904,0,0.19927185773849487,0.052600116,0.04377378,8.1922275e-07,0.008159676,0,0.6552329659461975
TSBD_BG_27046d49de,1,1,0,0.8812697,0.0047046267,0.83551854,0.899993,0.9999888,0.9789366,1,0.1454952359199524,0.075116895,0.050353087,5.3103095e-06,0.010141613,0,0.19927185773849487,0.08936456,0.04965394,5.857513e-06,0.010921771,0,0.6552329659461975
TSBD_BG_ef94f9e30a,1,0,2,0.8722692,0.0036591967,0.09668987,0.0745077,1.6866094e-05,0.016923606,0,0.1454952359199524,0.08705666,0.050673727,1.7556997e-06,0.008723465,0,0.19927185773849487,0.81625354,0.87481856,0.9999814,0.97435296,0,0.6552329659461975
TSBD_BG_014cc1626a,1,0,2,0.43198463,0.06505968,0.13133794,0.4504614,0.26065156,0.28841078,0,0.1454952359199524,0.08374364,0.03922775,4.1185463e-06,0.0090015195,0,0.19927185773849487,0.78491837,0.5103109,0.73934424,0.70258766,0,0.6552329659461975
TSBD_BG_ab942e7799,0,0,1,0.123031266,0.29363367,0.07636594,0.056992963,2.8042723e-06,0.01666043,0,0.1454952359199524,0.1491765,0.8541358,0.9999809,0.9182655,0,0.19927185773849487,0.7744575,0.08887119,1.6279604e-05,0.065074086,0,0.6552329659461975
TSBD_BG_92d3bac25d,1,0,1,0.6919266,0.02919386,0.24223943,0.07261297,6.9045677e-06,0.020486904,0,0.1454952359199524,0.68763715,0.8637734,0.9999896,0.96863884,0,0.19927185773849487,0.07012336,0.06361359,3.4293553e-06,0.0108742425,0,0.6552329659461975
TSBD_BG_3179613a58,1,0,1,0.60973805,0.03983515,0.3240991,0.10733747,4.0350737e-05,0.040155943,0,0.1454952359199524,0.5986764,0.83996207,0.9999579,0.95046175,0,0.19927185773849487,0.07722452,0.052700438,1.7134585e-06,0.009382306,0,0.6552329659461975
TSBD_BG_72fcb5ad43,1,0,1,0.7746581,0.009414973,0.2403717,0.14539264,0.00017338865,0.053004514,0,0.1454952359199524,0.692541,0.8104716,0.99982566,0.9400007,0,0.19927185773849487,0.06708725,0.044135734,9.466338e-07,0.0069947373,0,0.6552329659461975
TSBD_BG_1adf4fa166,1,0,0,0.6725885,0.020893946,0.7895969,0.6570886,0.8906386,0.78915536,0,0.1454952359199524,0.14442803,0.30887607,0.1093584,0.20382194,0,0.19927185773849487,0.065975,0.034035295,2.9905673e-06,0.007022653,0,0.6552329659461975
TSBD_BG_19f57a7d83,1,1,1,0.8294499,0.008085132,0.13770121,0.06711814,4.9938335e-06,0.014639975,0,0.1454952359199524,0.77510285,0.86544985,0.9999906,0.97315276,1,0.19927185773849487,0.08719593,0.06743198,4.4313133e-06,0.012207229,0,0.6552329659461975
TSBD_BG_b06b80d500,0,0,1,0.46297473,0.061208203,0.7622416,0.4516011,0.13918112,0.5142885,0,0.1454952359199524,0.18567643,0.51441795,0.8608168,0.4789143,0,0.19927185773849487,0.052082047,0.033981003,2.0728603e-06,0.0067971926,0,0.6552329659461975
TSBD_BG_5c745e387f,1,0,0,0.84462905,0.0016458582,0.78492516,0.7961426,0.9964939,0.90961003,0,0.1454952359199524,0.16244282,0.17362632,0.003505182,0.08531764,0,0.19927185773849487,0.052631985,0.03023107,9.554723e-07,0.0050723553,0,0.6552329659461975
TSBD_BG_c333741c9b,0,0,1,0.21685214,0.20126691,0.6693735,0.09211044,1.9836129e-05,0.053787403,0,0.1454952359199524,0.27478328,0.853128,0.9999783,0.9351201,0,0.19927185773849487,0.055843238,0.054761615,1.8409593e-06,0.011092493,0,0.6552329659461975
TSBD_BG_a3ac70c2de,1,0,1,0.6668523,0.032518703,0.27131504,0.084022395,1.2626857e-05,0.02599114,0,0.1454952359199524,0.66192037,0.85850644,0.9999852,0.9645794,0,0.19927185773849487,0.066764645,0.057471193,2.169431e-06,0.009429432,0,0.6552329659461975
TSBD_BG_6ff47981ea,1,0,1,0.7962632,0.009031057,0.20370647,0.117615506,5.9562026e-05,0.036280356,0,0.1454952359199524,0.7244994,0.8348357,0.9999393,0.9561928,0,0.19927185773849487,0.07179412,0.047548775,1.089569e-06,0.0075268256,0,0.6552329659461975
TSBD_BG_64274bed67,1,1,1,0.84863484,0.005450608,0.11688045,0.0680896,5.3161352e-06,0.014017756,0,0.1454952359199524,0.7876981,0.86526746,0.99999046,0.97365755,1,0.19927185773849487,0.095421426,0.06664291,4.1805847e-06,0.0123246955,0,0.6552329659461975
TSBD_BG_7031e4d230,0,0,1,0.43687448,0.07456626,0.7740335,0.43170315,0.103548616,0.49638575,0,0.1454952359199524,0.17162669,0.5338988,0.8964493,0.4964294,0,0.19927185773849487,0.054339822,0.034398086,2.036888e-06,0.0071848272,0,0.6552329659461975
TSBD_BG_03136a4786,0,0,1,0.10720821,0.31579348,0.08268274,0.05090559,1.894423e-06,0.016365377,0,0.1454952359199524,0.109804176,0.8443048,0.9999603,0.8921315,0,0.19927185773849487,0.80751306,0.10478962,3.7800397e-05,0.09150313,0,0.6552329659461975
TSBD_BG_daacfdf534,1,1,0,0.8779134,0.005024016,0.83175,0.8995087,0.99998844,0.9785938,1,0.1454952359199524,0.08324816,0.05235841,6.4968444e-06,0.011156272,0,0.19927185773849487,0.08500184,0.04813292,4.9554897e-06,0.010249903,0,0.6552329659461975
TSBD_BG_873a3617a3,1,0,2,0.86807156,0.0030574943,0.107640125,0.06523224,1.1322886e-05,0.01536642,0,0.1454952359199524,0.08261513,0.075978234,1.4652387e-05,0.015795926,0,0.19927185773849487,0.80974483,0.8587895,0.999974,0.9688377,0,0.6552329659461975
TSBD_BG_abfa756b67,1,1,0,0.8867511,0.004029432,0.8398153,0.8999647,0.9999888,0.97910994,1,0.1454952359199524,0.08051773,0.05084426,5.6410495e-06,0.010546523,0,0.19927185773849487,0.07966691,0.049191024,5.6174126e-06,0.010343551,0,0.6552329659461975
TSBD_BG_897409ab6a,1,0,2,0.86760193,0.0045020906,0.08498283,0.06891995,1.2333404e-05,0.014676848,0,0.1454952359199524,0.10021559,0.054037314,2.418565e-06,0.010061118,0,0.19927185773849487,0.8148016,0.8770428,0.99998534,0.975262,0,0.6552329659461975
TSBD_BG_029a32b87f,1,0,2,0.81680053,0.0066217734,0.12154743,0.17869753,0.0010819059,0.06327571,0,0.1454952359199524,0.082072586,0.039289016,8.178583e-07,0.006625396,0,0.19927185773849487,0.79638,0.7820134,0.9989172,0.9300989,0,0.6552329659461975
TSBD_BG_ad84846145,0,0,1,0.31092507,0.13470545,0.51499254,0.070231825,6.0274374e-06,0.030041084,0,0.1454952359199524,0.419264,0.8633909,0.99998975,0.9567129,0,0.19927185773849487,0.06574347,0.06637719,4.1835174e-06,0.013245968,0,0.6552329659461975
TSBD_BG_6250909f04,1,1,1,0.85255915,0.0049522873,0.110368766,0.06894369,5.6204867e-06,0.013953825,0,0.1454952359199524,0.7906559,0.86537683,0.99999034,0.9737712,1,0.19927185773849487,0.098975316,0.065679565,3.9958236e-06,0.012274934,0,0.6552329659461975
TSBD_Healthy_c7fd512124,1,0,2,0.86588854,0.0025030533,0.0676059,0.038997024,1.4216694e-06,0.006838195,0,0.1454952359199524,0.12811938,0.1122797,9.806409e-05,0.032101534,0,0.19927185773849487,0.8042747,0.84872323,0.99990046,0.9610603,0,0.6552329659461975
TSBD_Healthy_1ab857c1ee,0,0,1,0.19819763,0.21744676,0.054300755,0.04850845,1.5961052e-06,0.010586426,0,0.1454952359199524,0.23016393,0.8421787,0.9999505,0.9151194,0,0.19927185773849487,0.71553534,0.109312825,4.791513e-05,0.074294135,0,0.6552329659461975
TSBD_Healthy_a4108c60ab,1,0,1,0.42966035,0.08798038,0.06386942,0.072024785,6.5722647e-06,0.013788245,0,0.1454952359199524,0.5336332,0.86362535,0.99998987,0.9641112,0,0.19927185773849487,0.40249744,0.064349905,3.5744677e-06,0.022100518,0,0.6552329659461975
TSBD_Healthy_603954b4fc,0,0,1,0.08763629,0.33716744,0.19542544,0.15517294,0.00027417095,0.10930992,0,0.1454952359199524,0.07626996,0.78425837,0.9997212,0.84071875,0,0.19927185773849487,0.7283046,0.06056867,4.5475294e-06,0.04997133,0,0.6552329659461975
TSBD_Healthy_a7669a6337,1,0,1,0.63146496,0.038892098,0.1109167,0.096708156,2.3638575e-05,0.023217073,0,0.1454952359199524,0.6463439,0.8480231,0.99997437,0.9623198,0,0.19927185773849487,0.24273935,0.05526871,1.9831784e-06,0.014463152,0,0.6552329659461975
TSBD_Healthy_0969d7950f,0,0,1,0.096743524,0.3301288,0.09642839,0.078653075,1.0824414e-05,0.029715013,0,0.1454952359199524,0.11825278,0.8497466,0.9999827,0.916672,0,0.19927185773849487,0.7853188,0.07160041,6.5118493e-06,0.053613007,0,0.6552329659461975
TSBD_Healthy_3535a7f645,1,0,1,0.52852684,0.06242779,0.060105193,0.068512045,5.663018e-06,0.012345286,0,0.1454952359199524,0.5963512,0.86286837,0.9999894,0.9655553,0,0.19927185773849487,0.34354362,0.06861954,4.9095315e-06,0.022099404,0,0.6552329659461975
TSBD_Healthy_28874652ec,0,0,1,0.16257562,0.24900281,0.073623195,0.05620911,3.2852133e-06,0.015867643,0,0.1454952359199524,0.17062785,0.8272402,0.9999262,0.8922305,0,0.19927185773849487,0.755749,0.11655064,7.0492744e-05,0.09190189,0,0.6552329659461975
TSBD_Healthy_c9a3ba4645,1,0,1,0.6419825,0.03686625,0.2810835,0.08267852,1.14227e-05,0.025835797,0,0.1454952359199524,0.643778,0.85912347,0.9999863,0.9641189,0,0.19927185773849487,0.07513847,0.05819803,2.2504173e-06,0.010045287,0,0.6552329659461975
TSBD_Healthy_ec9cff4659,1,0,0,0.49795023,0.052487493,0.75160867,0.61075723,0.7684186,0.7526401,0,0.1454952359199524,0.11094384,0.35290122,0.2315767,0.23680931,0,0.19927185773849487,0.13744748,0.036341503,4.6514206e-06,0.0105505735,0,0.6552329659461975
TSBD_Healthy_d0dd7481d3,1,1,1,0.8454122,0.005669944,0.11591804,0.07097913,6.4676556e-06,0.014838422,0,0.1454952359199524,0.7832828,0.864052,0.99998975,0.97294956,1,0.19927185773849487,0.100799166,0.0649689,3.8055086e-06,0.012211999,0,0.6552329659461975
TSBD_Healthy_9b9c4b2008,0,0,1,0.2752804,0.15915197,0.05997442,0.05786398,2.9723194e-06,0.011861922,0,0.1454952359199524,0.35251382,0.8564329,0.9999825,0.94490093,0,0.19927185773849487,0.5875118,0.08570316,1.4569464e-05,0.043237165,0,0.6552329659461975
TSBD_Healthy_6af33a64f0,1,0,1,0.717874,0.025156585,0.07161141,0.07097239,6.758319e-06,0.013059388,0,0.1454952359199524,0.70944405,0.8624594,0.9999888,0.9696698,0,0.19927185773849487,0.21894452,0.066568136,4.467036e-06,0.017270777,0,0.6552329659461975
TSBD_Healthy_11508a2a47,1,0,0,0.8460944,0.00899371,0.8075747,0.8978371,0.9999876,0.97705513,0,0.1454952359199524,0.11366509,0.049408622,4.7025774e-06,0.011471366,0,0.19927185773849487,0.07876019,0.052754223,7.718315e-06,0.011473472,0,0.6552329659461975
TSBD_Healthy_9c80ffce77,0,0,1,0.20209649,0.21282041,0.063292265,0.055580117,2.7680194e-06,0.012976661,0,0.1454952359199524,0.25266686,0.8514118,0.9999752,0.9300262,0,0.19927185773849487,0.68404084,0.093008064,2.2054028e-05,0.056997124,0,0.6552329659461975
TSBD_Healthy_fdc6d1fa33,1,0,1,0.5254733,0.06142942,0.06361643,0.06218,4.053182e-06,0.011368703,0,0.1454952359199524,0.5779729,0.8576696,0.99998534,0.96032894,0,0.19927185773849487,0.35841066,0.080150396,1.0625694e-05,0.028302321,0,0.6552329659461975
TSBD_Healthy_8c646c1060,0,0,0,0.19720036,0.21487117,0.24891572,0.86679804,0.9998754,0.91029567,0,0.1454952359199524,0.65043867,0.09282731,0.00012197488,0.07688513,0,0.19927185773849487,0.10064559,0.040374633,2.6798732e-06,0.012819223,0,0.6552329659461975
TSBD_Healthy_1b2ea804f3,1,0,1,0.8033779,0.010633878,0.14360954,0.07904967,9.761435e-06,0.018523414,0,0.1454952359199524,0.7452881,0.8606084,0.9999876,0.9698932,0,0.19927185773849487,0.111102425,0.060341947,2.6855162e-06,0.011583412,0,0.6552329659461975
TSBD_Healthy_181a36e89e,0,0,1,0.3335945,0.10882772,0.44231042,0.21496288,0.0012009268,0.14359717,0,0.1454952359199524,0.30219904,0.7408281,0.9987978,0.84148324,0,0.19927185773849487,0.25549057,0.044208966,1.3338712e-06,0.014919632,0,0.6552329659461975
TSBD_Healthy_b13db56cba,1,0,2,0.81009436,0.003028947,0.060929805,0.037057884,2.0684001e-06,0.006942306,0,0.1454952359199524,0.17352757,0.22155996,0.004811524,0.10553507,0,0.19927185773849487,0.7655426,0.7413822,0.9951865,0.88752264,0,0.6552329659461975
TSBD_Healthy_e91e5f3d2c,1,0,1,0.70420074,0.026614882,0.24149422,0.07868997,9.545678e-06,0.022609238,0,0.1454952359199524,0.6900241,0.86179584,0.99998796,0.96755797,0,0.19927185773849487,0.06848172,0.05951413,2.5265006e-06,0.009832809,0,0.6552329659461975
TSBD_Healthy_b9f53cb41a,1,0,1,0.59024704,0.038992792,0.37868077,0.14755015,0.0001719792,0.06656735,0,0.1454952359199524,0.5554782,0.80760074,0.9998271,0.9259861,0,0.19927185773849487,0.06584101,0.044849135,9.3802674e-07,0.007446526,0,0.6552329659461975
TSBD_Healthy_eb22129a24,1,1,0,0.87472856,0.00550435,0.8312197,0.8989167,0.99998796,0.9784641,1,0.1454952359199524,0.097594246,0.049046338,4.6781297e-06,0.010728956,0,0.19927185773849487,0.07118613,0.052036904,7.374872e-06,0.010806894,0,0.6552329659461975
TSBD_Healthy_968a78b93d,1,0,1,0.7801805,0.014171166,0.18329033,0.079554826,9.946795e-06,0.020415725,0,0.1454952359199524,0.7324252,0.86082834,0.9999875,0.9691875,0,0.19927185773849487,0.0842845,0.05961685,2.5392728e-06,0.0103967795,0,0.6552329659461975
TSBD_Healthy_c7a3a188a8,0,0,1,0.30028173,0.1455997,0.62599796,0.15804228,0.00027298168,0.109721966,0,0.1454952359199524,0.2752372,0.79578495,0.99972576,0.8791243,0,0.19927185773849487,0.09876481,0.046172798,1.1955898e-06,0.011153713,0,0.6552329659461975
TSBD_Healthy_f55a2f1b43,1,0,2,0.8640993,0.0020259048,0.06880145,0.041509576,1.8583111e-06,0.007481947,0,0.1454952359199524,0.13001908,0.11976477,0.00014090473,0.035793215,0,0.19927185773849487,0.80117947,0.8387256,0.9998572,0.9567248,0,0.6552329659461975
TSBD_Healthy_11a0ec4d06,1,0,2,0.8512263,0.005542568,0.08774751,0.10568106,8.190328e-05,0.026424937,0,0.1454952359199524,0.09948945,0.046409734,1.2649862e-06,0.008280106,0,0.19927185773849487,0.81276304,0.84790915,0.9999168,0.965295,0,0.6552329659461975
TSBD_Healthy_dda7c6bbc5,1,0,1,0.5888002,0.048769563,0.06008177,0.06437474,4.2546008e-06,0.01113746,0,0.1454952359199524,0.6281533,0.86188644,0.9999888,0.9656219,0,0.19927185773849487,0.31176496,0.07373881,6.951333e-06,0.023240687,0,0.6552329659461975
TSBD_Healthy_b83d452fe7,1,0,2,0.8725505,0.0038959244,0.07901298,0.057236627,5.5302303e-06,0.011196331,0,0.1454952359199524,0.104051225,0.06368413,5.22288e-06,0.01278827,0,0.19927185773849487,0.8169357,0.8790793,0.9999893,0.9760154,0,0.6552329659461975
TSBD_Healthy_ec04a77054,1,1,1,0.8490353,0.005368866,0.09846837,0.068898104,5.6092836e-06,0.013414851,0,0.1454952359199524,0.7878944,0.8648622,0.9999902,0.97352326,1,0.19927185773849487,0.113637224,0.06623974,4.174114e-06,0.013061881,0,0.6552329659461975
TSBD_Healthy_63480c13ab,1,1,1,0.8320072,0.0075388905,0.098885104,0.07096583,6.199799e-06,0.013966954,0,0.1454952359199524,0.77454555,0.8646108,0.9999902,0.97295576,1,0.19927185773849487,0.12656933,0.064423315,3.6006181e-06,0.013077298,0,0.6552329659461975
TSBD_Healthy_a334fe0843,1,1,1,0.8351463,0.0068377815,0.1381306,0.07666011,8.567385e-06,0.017345417,0,0.1454952359199524,0.7744015,0.86241966,0.9999887,0.9720038,1,0.19927185773849487,0.08746792,0.060920212,2.7904e-06,0.010650755,0,0.6552329659461975
TSBD_Healthy_af48f4f88b,1,0,1,0.6166741,0.041102685,0.30145732,0.087027125,1.4681882e-05,0.028774587,0,0.1454952359199524,0.6234049,0.8558894,0.9999832,0.9612475,0,0.19927185773849487,0.07513776,0.05708352,2.1622632e-06,0.009977943,0,0.6552329659461975
TSBD_Healthy_58fc6d9018,0,0,1,0.44935703,0.074659854,0.52190787,0.18110976,0.00049128564,0.10937192,0,0.1454952359199524,0.40355113,0.7742512,0.99950755,0.88191324,0,0.19927185773849487,0.074541,0.044639044,1.1110028e-06,0.0087148575,0,0.6552329659461975
TSBD_Healthy_ed8a98aaef,0,0,1,0.08750809,0.34456092,0.1263567,0.07812437,9.883722e-06,0.033767298,0,0.1454952359199524,0.09935784,0.85127175,0.99998426,0.91148394,0,0.19927185773849487,0.7742854,0.070603915,5.8268815e-06,0.054748792,0,0.6552329659461975
TSBD_Healthy_c1a36abd3d,0,0,1,0.170344,0.23359796,0.12929319,0.114021175,4.8016453e-05,0.04216198,0,0.1454952359199524,0.23661998,0.83341146,0.9999504,0.9316406,0,0.19927185773849487,0.6340868,0.052567326,1.5710242e-06,0.026197435,0,0.6552329659461975
TSBD_Healthy_ba89f16ead,1,1,1,0.8404486,0.0063734967,0.10577161,0.06975725,5.8509286e-06,0.013994554,0,0.1454952359199524,0.7796943,0.8649137,0.99999034,0.97315043,1,0.19927185773849487,0.114534095,0.06532902,3.8582316e-06,0.012855003,0,0.6552329659461975
TSBD_Healthy_ff7717e05f,1,1,0,0.8772149,0.0051986524,0.8327275,0.8994461,0.9999882,0.9785984,1,0.1454952359199524,0.07649536,0.053560063,7.3100396e-06,0.011198903,0,0.19927185773849487,0.09077707,0.046993863,4.5636825e-06,0.010202675,0,0.6552329659461975
TSBD_Healthy_9697828448,0,0,1,0.22582504,0.16403945,0.33126542,0.09059832,1.754196e-05,0.039242327,0,0.1454952359199524,0.30967543,0.8530751,0.99998045,0.9395792,0,0.19927185773849487,0.35905918,0.056326542,2.0321656e-06,0.021178462,0,0.6552329659461975
TSBD_Healthy_0dc7202194,1,0,1,0.7421102,0.02027101,0.10265787,0.070187084,5.9523604e-06,0.014357128,0,0.1454952359199524,0.71003646,0.8633773,0.99998987,0.96953696,0,0.19927185773849487,0.18730569,0.06643568,4.1776093e-06,0.016105924,0,0.6552329659461975
TSBD_Healthy_aafafefd6f,0,0,1,0.09935455,0.32052633,0.16977653,0.10838713,4.0729752e-05,0.055558324,0,0.1454952359199524,0.10978077,0.8280175,0.9999554,0.8992237,0,0.19927185773849487,0.7204427,0.06359535,3.8477056e-06,0.04521799,0,0.6552329659461975
TSBD_Healthy_3e37e6f481,0,0,1,0.22086845,0.19466157,0.066307895,0.07622343,8.225903e-06,0.017750535,0,0.1454952359199524,0.31962487,0.860992,0.99998856,0.9529279,0,0.19927185773849487,0.61406714,0.06278459,3.1838385e-06,0.029321546,0,0.6552329659461975
TSBD_Healthy_d5c6d15d07,1,0,0,0.49953872,0.06376086,0.7259581,0.663822,0.9258999,0.82978994,0,0.1454952359199524,0.07250929,0.2925113,0.07409081,0.15462081,0,0.19927185773849487,0.20153254,0.04366673,9.31369e-06,0.0155892745,0,0.6552329659461975
TSBD_Healthy_968206666f,1,0,2,0.8615212,0.0051150965,0.079172626,0.065491684,1.0231166e-05,0.013513776,0,0.1454952359199524,0.111754514,0.059029885,3.7747632e-06,0.011919549,0,0.19927185773849487,0.80907285,0.87547845,0.99998593,0.9745667,0,0.6552329659461975
TSBD_Healthy_cacd4fa5f3,1,0,2,0.8382763,2.4578592e-05,0.07010772,0.067336254,2.2152704e-05,0.015609057,0,0.1454952359199524,0.164626,0.1618989,0.00080509245,0.06407145,0,0.19927185773849487,0.76526624,0.7707649,0.99917275,0.9203195,0,0.6552329659461975
TSBD_Healthy_c00e285b89,1,1,2,0.8745991,0.0038749352,0.083059296,0.06089823,7.179772e-06,0.01232281,0,0.1454952359199524,0.09666079,0.057795558,3.2622956e-06,0.010839873,0,0.19927185773849487,0.82027984,0.8813062,0.9999896,0.97683734,1,0.6552329659461975
TSBD_Healthy_e318b96772,1,1,2,0.8738851,0.003977076,0.082143106,0.062113937,7.745382e-06,0.012575526,0,0.1454952359199524,0.097686484,0.056820888,3.0201604e-06,0.010633089,0,0.19927185773849487,0.8201704,0.88106513,0.9999893,0.9767914,1,0.6552329659461975
TSBD_Healthy_f874d1c34c,1,1,2,0.8738596,0.0040169833,0.081525475,0.06279744,8.1289645e-06,0.012724028,0,0.1454952359199524,0.09780754,0.056044478,2.835571e-06,0.010437324,0,0.19927185773849487,0.820667,0.8811582,0.99998903,0.97683865,1,0.6552329659461975
TSBD_Healthy_a486752b98,1,0,2,0.86299884,0.0055307588,0.07035347,0.059868947,6.6271214e-06,0.011381415,0,0.1454952359199524,0.11513391,0.05872363,3.604375e-06,0.011868435,0,0.19927185773849487,0.81451267,0.8814074,0.99998975,0.97675014,0,0.6552329659461975
TSBD_Healthy_79eca515b7,1,1,2,0.87400055,0.0038357852,0.087217465,0.06610419,1.0116104e-05,0.013938194,0,0.1454952359199524,0.09316066,0.05437888,2.4116673e-06,0.009806818,0,0.19927185773849487,0.8196219,0.8795169,0.9999875,0.976255,1,0.6552329659461975
TSBD_Healthy_28f91e3b3c,1,1,2,0.87455416,0.003860767,0.08402004,0.063181356,8.319798e-06,0.012956048,0,0.1454952359199524,0.095499426,0.056112725,2.8583931e-06,0.010374162,0,0.19927185773849487,0.8204806,0.88070595,0.9999888,0.9766698,1,0.6552329659461975
TSBD_Healthy_b4c784db60,1,0,2,0.8693026,0.0038691997,0.09952611,0.07419891,1.7072303e-05,0.017132845,0,0.1454952359199524,0.088242546,0.051926844,1.994943e-06,0.009105714,0,0.19927185773849487,0.81223136,0.87387425,0.9999809,0.97376144,0,0.6552329659461975
TSBD_Healthy_46afbf57c8,1,0,2,0.86991704,0.0043710386,0.079261385,0.06569012,1.001567e-05,0.013427818,0,0.1454952359199524,0.102803916,0.05592076,2.8133918e-06,0.010611581,0,0.19927185773849487,0.8179347,0.8783891,0.9999871,0.9759606,0,0.6552329659461975
TSBD_Healthy_5238685a4f,0,0,1,0.5009667,0.04226794,0.08656881,0.17741802,0.004089414,0.07912379,0,0.1454952359199524,0.34154978,0.5335587,0.9595622,0.62546754,0,0.19927185773849487,0.57188135,0.28902325,0.036348414,0.29540864,0,0.6552329659461975
TSBD_Healthy_115a1b2ce7,1,0,2,0.8727348,0.0041324003,0.08065254,0.062637046,8.043513e-06,0.012640963,0,0.1454952359199524,0.09965145,0.056532353,2.92453e-06,0.010617318,0,0.19927185773849487,0.81969607,0.88083065,0.99998903,0.97674173,0,0.6552329659461975
TSBD_Healthy_2b0f2e29de,1,1,2,0.8747457,0.0038410248,0.084823295,0.0639077,8.761266e-06,0.013201205,0,0.1454952359199524,0.094464086,0.055404503,2.6342293e-06,0.0101085855,0,0.19927185773849487,0.82071257,0.88068783,0.9999887,0.97669023,1,0.6552329659461975
TSBD_Healthy_2cb9913a0d,1,0,2,0.7691671,0.0061556017,0.14284436,0.2117227,0.0037345286,0.09464611,0,0.1454952359199524,0.12748416,0.080258094,4.2482e-05,0.02401203,0,0.19927185773849487,0.72967154,0.70801926,0.996223,0.8813419,0,0.6552329659461975
TSBD_Healthy_f7b6201d8c,1,0,2,0.86965555,0.0040514013,0.0909348,0.07217442,1.4758317e-05,0.015908403,0,0.1454952359199524,0.0941161,0.05262281,2.1193412e-06,0.009474186,0,0.19927185773849487,0.81494904,0.87520283,0.9999831,0.9746174,0,0.6552329659461975
TSBD_Healthy_1cb0a1deed,1,0,2,0.87027866,0.004188682,0.08158609,0.06796359,1.1717172e-05,0.014218833,0,0.1454952359199524,0.10085293,0.05535138,2.6996954e-06,0.010410486,0,0.19927185773849487,0.8175609,0.876685,0.9999856,0.97537065,0,0.6552329659461975
TSBD_Healthy_e53d9705ff,1,0,2,0.8734702,0.00399254,0.083929785,0.06356259,8.5865e-06,0.013072832,0,0.1454952359199524,0.096408784,0.055807434,2.757649e-06,0.01031229,0,0.19927185773849487,0.81966144,0.88062996,0.9999887,0.9766149,0,0.6552329659461975
TSBD_Healthy_fea6d00053,1,0,2,0.87274426,0.0038991533,0.09047529,0.06606718,1.000689e-05,0.014095933,0,0.1454952359199524,0.09202919,0.054811705,2.5441038e-06,0.009913543,0,0.19927185773849487,0.81749547,0.8791211,0.9999875,0.97599053,0,0.6552329659461975
TSBD_Healthy_f69458ce94,1,0,2,0.8709689,0.003976614,0.08932818,0.071570985,1.4540024e-05,0.015689734,0,0.1454952359199524,0.093919925,0.05250714,2.0646444e-06,0.009400639,0,0.19927185773849487,0.8167519,0.87592185,0.99998343,0.97490966,0,0.6552329659461975
TSBD_Healthy_bb30558caa,1,0,2,0.8695173,0.0042952253,0.08430607,0.0686822,1.1913093e-05,0.014503463,0,0.1454952359199524,0.099059336,0.054072514,2.3349462e-06,0.00994706,0,0.19927185773849487,0.8166346,0.8772453,0.9999857,0.9755495,0,0.6552329659461975
TSBD_Healthy_f8b382f850,1,0,2,0.8614381,0.0016038022,0.06409292,0.04326035,2.2688891e-06,0.007767306,0,0.1454952359199524,0.14310162,0.124008164,0.00015661959,0.038546175,0,0.19927185773849487,0.79280543,0.8327315,0.9998411,0.95368654,0,0.6552329659461975
TSBD_Healthy_4e764a8c1f,1,1,2,0.87442726,0.0038881646,0.08142706,0.060741346,6.9814864e-06,0.012156115,0,0.1454952359199524,0.098292075,0.058239583,3.4447867e-06,0.011061915,0,0.19927185773849487,0.82028085,0.88101906,0.9999895,0.97678196,1,0.6552329659461975
TSBD_Healthy_63950b8869,1,0,2,0.87264574,0.0038495408,0.09241044,0.06711119,1.0825014e-05,0.014531005,0,0.1454952359199524,0.090599194,0.054393485,2.4944377e-06,0.009788902,0,0.19927185773849487,0.8169904,0.87849534,0.99998665,0.9756801,0,0.6552329659461975
TSBD_Healthy_ea2ac521c5,1,0,2,0.85491985,0.0046103094,0.061798677,0.041269656,1.5704942e-06,0.0069558444,0,0.1454952359199524,0.14568606,0.0940993,3.9263967e-05,0.025904492,0,0.19927185773849487,0.7925153,0.86463106,0.99995923,0.96713966,0,0.6552329659461975
TSBD_Healthy_1402c548f4,1,0,2,0.86387163,0.005159732,0.0712341,0.05450674,4.516926e-06,0.010159796,0,0.1454952359199524,0.11737508,0.06456833,5.679473e-06,0.013670835,0,0.19927185773849487,0.81139076,0.88092494,0.99998975,0.97616935,0,0.6552329659461975
TSBD_Healthy_44b1d181ba,1,0,2,0.87097603,0.004406212,0.07652636,0.05803789,5.8569344e-06,0.011257852,0,0.1454952359199524,0.10538188,0.059913285,3.9402003e-06,0.011799798,0,0.19927185773849487,0.81809175,0.88204885,0.9999902,0.97694236,0,0.6552329659461975
TSBD_Healthy_5031d03cd3,1,1,1,0.8513488,0.005103752,0.095965415,0.06905763,5.4411453e-06,0.013218236,0,0.1454952359199524,0.79031485,0.8646837,0.99999046,0.97378904,1,0.19927185773849487,0.11371976,0.0662586,4.0714617e-06,0.012992765,0,0.6552329659461975
TSBD_Healthy_584e036b15,1,0,1,0.74366164,0.020219412,0.06558017,0.06113644,3.3804292e-06,0.010270788,0,0.1454952359199524,0.7165931,0.85996866,0.99998724,0.96820074,0,0.19927185773849487,0.21782678,0.078894936,9.42963e-06,0.021528507,0,0.6552329659461975
TSBD_Healthy_ceedc9841a,0,0,0,0.18938532,0.22327976,0.14430632,0.7758729,0.99744403,0.7689811,0,0.1454952359199524,0.09230959,0.053301826,1.0182091e-05,0.019788831,0,0.19927185773849487,0.7633841,0.17082538,0.0025457996,0.21123008,0,0.6552329659461975
TSBD_Healthy_539b7c9614,1,0,2,0.81226975,0.0036789682,0.0775614,0.051809944,7.618909e-06,0.011515066,0,0.1454952359199524,0.1467661,0.20259775,0.0025769093,0.08522174,0,0.19927185773849487,0.7756725,0.74559236,0.9974154,0.9032632,0,0.6552329659461975
TSBD_Healthy_9405a524b8,1,0,0,0.5537826,0.059215065,0.6210564,0.893778,0.99998283,0.9662587,0,0.1454952359199524,0.30303636,0.0585645,1.231767e-05,0.022988463,0,0.19927185773849487,0.07590727,0.047657415,4.944227e-06,0.010752843,0,0.6552329659461975
TSBD_Healthy_84b5bbabe5,1,0,1,0.7514406,0.019899175,0.06909108,0.06853848,5.2192618e-06,0.0119421575,0,0.1454952359199524,0.7311464,0.86402375,0.99999046,0.9714713,0,0.19927185773849487,0.1997625,0.06743774,4.363968e-06,0.01658652,0,0.6552329659461975
TSBD_Healthy_cd1699cbb8,1,0,1,0.6682906,0.029803922,0.10125816,0.24362151,0.0023704104,0.08256501,0,0.1454952359199524,0.75886905,0.7155402,0.9976285,0.90854454,0,0.19927185773849487,0.13987282,0.040838327,1.0843012e-06,0.0088904975,0,0.6552329659461975
TSBD_Healthy_3971c8d6d2,0,0,0,0.099751,0.32566923,0.14296506,0.86435163,0.9999387,0.91229886,0,0.1454952359199524,0.08290335,0.07665859,4.6449208e-05,0.034454774,0,0.19927185773849487,0.77413166,0.05898975,1.48002e-05,0.0532463,0,0.6552329659461975
TSBD_Healthy_062f8eb68b,1,1,1,0.83791465,0.006335471,0.12261612,0.07821835,9.248637e-06,0.017046817,0,0.1454952359199524,0.7751913,0.86143965,0.9999881,0.9718305,1,0.19927185773849487,0.10219255,0.06034205,2.6973244e-06,0.011122686,0,0.6552329659461975
TSBD_Healthy_64c2fd2799,1,0,2,0.8632834,0.002251881,0.06900235,0.038874023,1.48364e-06,0.0069360053,0,0.1454952359199524,0.12367784,0.12733129,0.00019424935,0.038467094,0,0.19927185773849487,0.80731976,0.83379465,0.9998043,0.9545969,0,0.6552329659461975
TSBD_Healthy_06ad797b28,0,0,1,0.20163171,0.21296115,0.08127302,0.064967595,1.2873235e-05,0.022918778,0,0.1454952359199524,0.12489885,0.7318592,0.9983425,0.7528401,0,0.19927185773849487,0.7938281,0.20317324,0.0016446013,0.22424114,0,0.6552329659461975
TSBD_Healthy_d37fadc7b5,1,0,2,0.8720801,0.004248495,0.079169996,0.06292855,8.190712e-06,0.012630712,0,0.1454952359199524,0.1010633,0.056254376,2.9140588e-06,0.010638088,0,0.19927185773849487,0.8197667,0.880817,0.9999889,0.9767311,0,0.6552329659461975
TSBD_Healthy_23703b21e8,1,0,2,0.82568496,0.0017211926,0.075609714,0.10272404,0.00012391052,0.02754901,0,0.1454952359199524,0.16155614,0.1331364,0.0003588134,0.049951695,0,0.19927185773849487,0.76283413,0.7641396,0.9995173,0.92249924,0,0.6552329659461975
TSBD_Healthy_e761f95881,0,0,1,0.37581778,0.096969694,0.14429511,0.19150186,0.0025436666,0.105164655,0,0.1454952359199524,0.26416424,0.6270261,0.99524444,0.73127764,0,0.19927185773849487,0.59154063,0.18147203,0.0022118217,0.16355768,0,0.6552329659461975
TSBD_Healthy_049d7b0b8e,1,0,2,0.8419615,0.007197029,0.07166212,0.07833103,2.3539906e-05,0.016822696,0,0.1454952359199524,0.12884296,0.059513696,4.1000153e-06,0.012869711,0,0.19927185773849487,0.79949486,0.86215526,0.99997246,0.9703076,0,0.6552329659461975
TSBD_Healthy_d0a2ad85a2,1,0,2,0.87038875,0.0041130744,0.073822014,0.055934735,4.960471e-06,0.010596869,0,0.1454952359199524,0.11096261,0.06585602,6.094714e-06,0.013706346,0,0.19927185773849487,0.8152154,0.87820923,0.9999889,0.97569674,0,0.6552329659461975
TSBD_Healthy_427d279e02,1,0,2,0.8726642,0.0040159067,0.08169319,0.063854285,8.69523e-06,0.0130178565,0,0.1454952359199524,0.0993273,0.05680882,2.946147e-06,0.010651105,0,0.19927185773849487,0.81897956,0.87933683,0.9999883,0.97633106,0,0.6552329659461975
TSBD_Healthy_194fe9c226,1,0,2,0.8458379,0.0030257879,0.06826552,0.0407643,2.0674556e-06,0.007556971,0,0.1454952359199524,0.1244305,0.1623295,0.0006914182,0.055528443,0,0.19927185773849487,0.8073039,0.79690623,0.99930656,0.9369146,0,0.6552329659461975
TSBD_Healthy_7fd586cd0c,1,0,2,0.8717884,0.003489663,0.08396277,0.07320332,1.6076716e-05,0.015848923,0,0.1454952359199524,0.09921221,0.05698867,3.0810445e-06,0.0107878065,0,0.19927185773849487,0.816825,0.8698081,0.9999808,0.9733633,0,0.6552329659461975
TSBD_Healthy_8a16be7271,1,0,1,0.78001183,0.015212119,0.07056354,0.06810149,5.0174463e-06,0.011828646,0,0.1454952359199524,0.74633855,0.8619914,0.99999,0.97144425,0,0.19927185773849487,0.18309796,0.069907084,5.0426593e-06,0.016727095,0,0.6552329659461975
TSBD_Healthy_7497e074fb,1,0,2,0.8294568,0.009400679,0.060800444,0.053170875,4.2003685e-06,0.009467649,0,0.1454952359199524,0.15371203,0.070028625,8.790611e-06,0.017186588,0,0.19927185773849487,0.78548753,0.8768006,0.999987,0.97334576,0,0.6552329659461975
TSBD_Healthy_0008f80a75,1,0,2,0.86418986,0.003397123,0.11156444,0.09074588,4.203936e-05,0.0234991,0,0.1454952359199524,0.08501175,0.04943127,1.6453803e-06,0.008502283,0,0.19927185773849487,0.80342376,0.85982275,0.99995625,0.9679986,0,0.6552329659461975
TSBD_Healthy_5ceaf1db7f,1,0,2,0.872837,0.0039103124,0.08118171,0.059897993,6.538751e-06,0.011926948,0,0.1454952359199524,0.10110815,0.060736842,4.0984346e-06,0.011804206,0,0.19927185773849487,0.81771016,0.87936527,0.9999894,0.9762688,0,0.6552329659461975
TSBD_Healthy_e4fa44cd99,1,0,2,0.8705159,0.0041465247,0.08018417,0.06191886,7.522665e-06,0.01240815,0,0.1454952359199524,0.103750475,0.059814624,3.808754e-06,0.011668034,0,0.19927185773849487,0.8160653,0.8782665,0.9999887,0.97592384,0,0.6552329659461975
TSBD_Healthy_441bde1a65,1,0,2,0.8255341,0.0041669877,0.06637643,0.038005017,1.9878462e-06,0.007180037,0,0.1454952359199524,0.13854593,0.1913165,0.0020309067,0.07686017,0,0.19927185773849487,0.7950777,0.7706786,0.99796706,0.91595984,0,0.6552329659461975
TSBD_Healthy_dbb2f8ca89,1,0,1,0.58449906,0.04583329,0.055455543,0.048799332,1.5963285e-06,0.007969313,0,0.1454952359199524,0.5917018,0.8440555,0.99995494,0.9500109,0,0.19927185773849487,0.35284266,0.10714521,4.349295e-05,0.04201985,0,0.6552329659461975
TSBD_Healthy_9b317a63ad,1,0,1,0.6317077,0.039396405,0.059671663,0.057555266,2.7264696e-06,0.009572474,0,0.1454952359199524,0.64483607,0.8596037,0.9999856,0.9640223,0,0.19927185773849487,0.29549226,0.082841024,1.16738065e-05,0.026405293,0,0.6552329659461975
TSBD_Healthy_d85abeff44,1,0,2,0.8718712,0.0042040264,0.07750387,0.060141377,6.7192705e-06,0.011812604,0,0.1454952359199524,0.10385793,0.059245475,3.7532145e-06,0.011569626,0,0.19927185773849487,0.8186382,0.88061315,0.9999896,0.9766178,0,0.6552329659461975
TSBD_Healthy_32490efb09,0,0,1,0.34618655,0.12161732,0.05250157,0.048820402,1.6148714e-06,0.008980687,0,0.1454952359199524,0.37719235,0.8283503,0.9999149,0.9220131,0,0.19927185773849487,0.5703061,0.122829296,8.347695e-05,0.06900622,0,0.6552329659461975
TSBD_Healthy_003e47f46b,0,0,1,0.34037688,0.12535724,0.059427705,0.036708727,2.2702036e-06,0.0088508595,0,0.1454952359199524,0.16333307,0.6403594,0.9721666,0.6105831,0,0.19927185773849487,0.77723926,0.32293186,0.02783108,0.380566,0,0.6552329659461975
TSBD_Healthy_db7fb385bc,1,0,2,0.84066015,0.004879768,0.062151853,0.05236985,4.6207183e-06,0.009729674,0,0.1454952359199524,0.16431786,0.10080222,5.509107e-05,0.030138964,0,0.19927185773849487,0.77353036,0.8468279,0.9999403,0.96013135,0,0.6552329659461975
TSBD_Healthy_e07653b53b,1,0,2,0.85072416,0.0063505024,0.065211706,0.053144403,4.185152e-06,0.009647163,0,0.1454952359199524,0.13627242,0.071371436,9.267756e-06,0.016715191,0,0.19927185773849487,0.7985159,0.87548417,0.9999865,0.97363764,0,0.6552329659461975
TSBD_Healthy_372dafd03c,1,0,2,0.6862161,0.017268326,0.059885092,0.041141868,6.708687e-06,0.008833746,0,0.1454952359199524,0.16847695,0.32701385,0.06383369,0.20145682,0,0.19927185773849487,0.7716379,0.63184434,0.9361596,0.78970945,0,0.6552329659461975
TSBD_Healthy_8a4d12c896,0,0,1,0.45300233,0.074686065,0.059414994,0.05996539,8.6743285e-06,0.01377194,0,0.1454952359199524,0.3842246,0.7451471,0.99866104,0.84610945,0,0.19927185773849487,0.55636036,0.19488758,0.001330287,0.1401186,0,0.6552329659461975
TSBD_Healthy_ddf26df6fc,1,0,2,0.8313197,0.004080398,0.07369092,0.056023378,6.16371e-06,0.011387221,0,0.1454952359199524,0.17227487,0.117167234,0.00010991654,0.038013794,0,0.19927185773849487,0.7540342,0.8268094,0.9998839,0.950599,0,0.6552329659461975
TSBD_Healthy_f43e3f4c5b,1,0,2,0.8611929,0.004112354,0.11061418,0.078513846,2.1850985e-05,0.019273728,0,0.1454952359199524,0.089241944,0.05479725,2.510639e-06,0.009865274,0,0.19927185773849487,0.8001439,0.8666889,0.9999757,0.97086096,0,0.6552329659461975
TSBD_Healthy_b5fbb9ed8e,0,0,1,0.45498067,0.069004044,0.05734499,0.037902296,4.0726004e-06,0.008560178,0,0.1454952359199524,0.21627189,0.57381517,0.8982609,0.5420178,0,0.19927185773849487,0.72638315,0.38828254,0.10173505,0.44942194,0,0.6552329659461975
TSBD_Healthy_eb36a09ca4,1,0,2,0.86507034,0.004951628,0.074625604,0.060960505,7.0913243e-06,0.011885585,0,0.1454952359199524,0.1120811,0.06017669,3.96801e-06,0.012130704,0,0.19927185773849487,0.8132933,0.87886286,0.99998903,0.97598374,0,0.6552329659461975
TSBD_Healthy_6b4a97bd93,1,0,2,0.8708967,0.0043717204,0.07691009,0.06285285,8.115114e-06,0.012479442,0,0.1454952359199524,0.1039777,0.057043653,3.0921283e-06,0.010946358,0,0.19927185773849487,0.8191122,0.8801035,0.9999888,0.9765742,0,0.6552329659461975
TSBD_Healthy_ba33e2e4e1,1,0,2,0.8586473,0.005932916,0.07407203,0.06902873,1.22022675e-05,0.013984062,0,0.1454952359199524,0.11295763,0.054154765,2.3968757e-06,0.010495156,0,0.19927185773849487,0.8129703,0.8768165,0.99998546,0.9755208,0,0.6552329659461975
TSBD_Healthy_c2d1e8a97b,1,0,2,0.8528319,0.0037146024,0.060603403,0.04174085,1.7379991e-06,0.0071124155,0,0.1454952359199524,0.15447778,0.10699467,7.707405e-05,0.032179426,0,0.19927185773849487,0.78491884,0.8512645,0.9999211,0.9607082,0,0.6552329659461975
TSBD_Healthy_acaf94d2e8,1,0,2,0.85139567,0.0070916014,0.0684558,0.06241138,7.877938e-06,0.011925476,0,0.1454952359199524,0.1236736,0.057240978,3.1571055e-06,0.011750434,0,0.19927185773849487,0.80787057,0.8803476,0.99998903,0.9763241,0,0.6552329659461975
TSBD_Healthy_4c1057862a,1,0,2,0.8656038,0.0048679197,0.07317829,0.05660654,5.3745275e-06,0.010799106,0,0.1454952359199524,0.11428592,0.06355719,5.3095573e-06,0.013265678,0,0.19927185773849487,0.81253576,0.87983626,0.9999893,0.9759352,0,0.6552329659461975
TSBD_Healthy_d28eee88b2,1,0,2,0.86847967,0.00368769,0.067982614,0.04535035,2.2179734e-06,0.007992519,0,0.1454952359199524,0.12303019,0.08292791,2.015689e-05,0.020067627,0,0.19927185773849487,0.80898714,0.87172174,0.9999776,0.9719398,0,0.6552329659461975
TSBD_Healthy_9f799d79c9,1,0,2,0.862111,0.002230856,0.07132587,0.041369025,1.998542e-06,0.007659287,0,0.1454952359199524,0.1184141,0.13155459,0.00023635723,0.039985996,0,0.19927185773849487,0.81026006,0.8270764,0.99976164,0.95235467,0,0.6552329659461975
TSBD_Healthy_0797e50b91,1,0,2,0.87219095,0.0022059637,0.07358361,0.044269603,2.2893344e-06,0.008186729,0,0.1454952359199524,0.113319755,0.10286386,6.1782295e-05,0.026899602,0,0.19927185773849487,0.8130967,0.8528666,0.999936,0.9649136,0,0.6552329659461975
TSBD_Healthy_35d58d516e,1,0,2,0.87212855,0.0025909215,0.07871342,0.045219164,2.3861426e-06,0.00852407,0,0.1454952359199524,0.10532926,0.09852915,5.0320607e-05,0.02465704,0,0.19927185773849487,0.8159573,0.8562517,0.9999473,0.9668189,0,0.6552329659461975
TSBD_Healthy_3369d16a81,1,0,1,0.6125763,0.043221332,0.062022608,0.06272446,4.0403625e-06,0.010972707,0,0.1454952359199524,0.6356967,0.85832566,0.99998665,0.9639847,0,0.19927185773849487,0.30228066,0.07894986,9.3257495e-06,0.02504257,0,0.6552329659461975
TSBD_Healthy_f12cfc128f,0,0,0,0.12975882,0.28416902,0.17838363,0.88160026,0.99995005,0.91751516,0,0.1454952359199524,0.72848624,0.07751995,4.7398185e-05,0.06862889,0,0.19927185773849487,0.09313017,0.04087984,2.4548976e-06,0.013856018,0,0.6552329659461975
TSBD_Healthy_8cb3c49027,1,0,0,0.6942118,0.031515744,0.703198,0.893609,0.9999839,0.970311,0,0.1454952359199524,0.08274445,0.047440343,3.7916013e-06,0.010084595,0,0.19927185773849487,0.21405758,0.058950644,1.2236404e-05,0.01960447,0,0.6552329659461975
TSBD_Healthy_0d4d34f349,1,1,0,0.8556674,0.0076422,0.8122958,0.8986391,0.99998796,0.9772663,1,0.1454952359199524,0.09939631,0.052768536,6.6822727e-06,0.012067957,0,0.19927185773849487,0.08830788,0.04859241,5.3354224e-06,0.010665715,0,0.6552329659461975
TSBD_Healthy_aac43b5b94,1,0,0,0.83399105,0.010437153,0.7954849,0.8984902,0.9999881,0.97643244,0,0.1454952359199524,0.106021665,0.050450742,5.3881004e-06,0.011662904,0,0.19927185773849487,0.09849342,0.05105905,6.610919e-06,0.011904706,0,0.6552329659461975
TSBD_Healthy_713f0a2197,1,0,0,0.6903446,0.03276248,0.70715535,0.895902,0.99998534,0.97144836,0,0.1454952359199524,0.07083744,0.04687351,3.6504687e-06,0.009409198,0,0.19927185773849487,0.2220072,0.05722451,1.1000609e-05,0.019142441,0,0.6552329659461975
TSBD_Healthy_ac26bcc532,1,1,0,0.85491,0.0077248607,0.8115881,0.8985206,0.99998796,0.9771867,1,0.1454952359199524,0.096537426,0.05237761,6.5673707e-06,0.011867546,0,0.19927185773849487,0.09187444,0.04910179,5.5277133e-06,0.010945728,0,0.6552329659461975
TSBD_Healthy_46f4698e93,1,0,2,0.8698284,0.0041548684,0.07678324,0.061154757,7.661803e-06,0.012201558,0,0.1454952359199524,0.107781544,0.061833512,4.6074065e-06,0.012472252,0,0.19927185773849487,0.8154353,0.87701166,0.9999877,0.9753262,0,0.6552329659461975
TSBD_Healthy_ffc31af5e9,0,0,0,0.09009677,0.3309801,0.10155539,0.853517,0.99991107,0.87866324,0,0.1454952359199524,0.25603712,0.08434539,7.1073555e-05,0.063447416,0,0.19927185773849487,0.64240754,0.062137626,1.7868288e-05,0.05788935,0,0.6552329659461975
TSBD_Healthy_ffc39b3360,1,0,1,0.59303564,0.035998873,0.059918944,0.04834618,2.5217519e-06,0.009040821,0,0.1454952359199524,0.5445426,0.78721803,0.99953437,0.904837,0,0.19927185773849487,0.39553842,0.16443583,0.00046314753,0.08612221,0,0.6552329659461975
TSBD_Healthy_13e3dd820d,0,0,1,0.21978527,0.20008251,0.07521313,0.045509458,2.5201955e-06,0.013177282,0,0.1454952359199524,0.14814493,0.74872303,0.9985002,0.77579147,0,0.19927185773849487,0.77664196,0.20576754,0.0014972575,0.21103117,0,0.6552329659461975
TSBD_Healthy_0e7dca224f,0,0,0,0.31315777,0.10178876,0.10211696,0.5031232,0.60535437,0.35666886,0,0.1454952359199524,0.12568021,0.07688721,0.00013303799,0.030556142,0,0.19927185773849487,0.77220285,0.4199895,0.39451256,0.612775,0,0.6552329659461975
TSBD_Healthy_e30ffbbca2,1,0,2,0.87148166,0.0040329862,0.08570823,0.067416325,1.1326275e-05,0.0143123735,0,0.1454952359199524,0.09687094,0.054845165,2.5592121e-06,0.010110987,0,0.19927185773849487,0.8174208,0.87773854,0.9999862,0.9755767,0,0.6552329659461975
TSBD_Healthy_33ee2c0488,0,0,0,0.25308007,0.16880856,0.38013265,0.89476454,0.9999856,0.9563556,0,0.1454952359199524,0.08980883,0.051629838,6.047928e-06,0.014459817,0,0.19927185773849487,0.53005856,0.053605594,8.329267e-06,0.02918459,0,0.6552329659461975
TSBD_Healthy_cf66e36f26,1,0,2,0.8721665,0.0037302058,0.08897413,0.07342849,1.6289645e-05,0.01621294,0,0.1454952359199524,0.09323053,0.052470405,2.111619e-06,0.0094151655,0,0.19927185773849487,0.8177954,0.87410116,0.9999815,0.9743719,0,0.6552329659461975
TSBD_Healthy_198c19a2fa,1,0,2,0.8732007,0.0040766494,0.07943005,0.060457494,7.010221e-06,0.012036524,0,0.1454952359199524,0.100842744,0.058317438,3.5252165e-06,0.011220954,0,0.19927185773849487,0.8197273,0.88122505,0.9999894,0.9767425,0,0.6552329659461975
TSBD_Healthy_0f0af1a35d,1,0,2,0.8552523,0.005942312,0.073270895,0.07140905,1.4602023e-05,0.014703003,0,0.1454952359199524,0.118041374,0.057378676,3.2869202e-06,0.011684659,0,0.19927185773849487,0.80868775,0.87121224,0.9999821,0.9736123,0,0.6552329659461975
TSBD_Healthy_24a755565d,1,0,2,0.56033117,0.049219925,0.06844183,0.1920477,0.0022141065,0.066483736,0,0.1454952359199524,0.2867738,0.07611726,2.7753575e-05,0.030147348,0,0.19927185773849487,0.64478445,0.731835,0.9977582,0.90336895,0,0.6552329659461975
TSBD_Healthy_00488f3c0b,0,0,0,0.30760685,0.13385555,0.1489775,0.64048755,0.86890006,0.5230718,0,0.1454952359199524,0.76061,0.32498264,0.13109659,0.46720493,0,0.19927185773849487,0.09041249,0.034529854,3.2998835e-06,0.009723281,0,0.6552329659461975
TSBD_Healthy_7f10feedf0,1,1,0,0.85877997,0.0069046454,0.81264836,0.8947924,0.9999857,0.97623056,1,0.1454952359199524,0.08168879,0.04929442,4.539168e-06,0.010121007,0,0.19927185773849487,0.10566288,0.05591327,9.717769e-06,0.013648365,0,0.6552329659461975
TSBD_Healthy_083843a5b2,1,1,0,0.8821837,0.0045224163,0.8355187,0.89951223,0.9999887,0.97886246,1,0.1454952359199524,0.08479291,0.04960285,4.883327e-06,0.010336694,0,0.19927185773849487,0.07968833,0.050884932,6.4024935e-06,0.010800851,0,0.6552329659461975
TSBD_Healthy_846b819a49,1,1,1,0.8482379,0.0054948814,0.0950194,0.07068003,6.1723526e-06,0.013662236,0,0.1454952359199524,0.7882232,0.86424327,0.99999,0.97347873,1,0.19927185773849487,0.1167574,0.0650767,3.8283515e-06,0.012859005,0,0.6552329659461975
TSBD_Healthy_ef882f9638,0,0,0,0.115561426,0.30016434,0.12204672,0.85186285,0.9997937,0.8665074,0,0.1454952359199524,0.14453322,0.04146702,1.9202196e-06,0.016961517,0,0.19927185773849487,0.73342,0.10667013,0.0002044303,0.116531014,0,0.6552329659461975
TSBD_Healthy_f510479194,1,0,2,0.7487708,0.010862314,0.06174554,0.15056385,0.001169857,0.047935963,0,0.1454952359199524,0.18564442,0.15476465,0.0010244136,0.069475956,0,0.19927185773849487,0.75261,0.6946715,0.9978058,0.8825881,0,0.6552329659461975
TSBD_Healthy_78ac2c01e9,0,0,0,0.09110503,0.3384975,0.10596504,0.87279797,0.9999292,0.89030254,0,0.1454952359199524,0.1391235,0.042108376,2.1601927e-06,0.01842384,0,0.19927185773849487,0.7549115,0.08509361,6.8629546e-05,0.09127358,0,0.6552329659461975
TSBD_Healthy_aa968b53a4,0,0,0,0.16768642,0.24424824,0.14902401,0.81209326,0.9989236,0.8159893,0,0.1454952359199524,0.08207802,0.038738392,1.6259156e-06,0.0117132785,0,0.19927185773849487,0.76889795,0.1491683,0.0010746657,0.1722974,0,0.6552329659461975
TSBD_Healthy_d6be26c310,1,0,1,0.41074455,0.09196299,0.060766533,0.06261752,3.6508593e-06,0.011480002,0,0.1454952359199524,0.50649744,0.86084235,0.99998844,0.9593654,0,0.19927185773849487,0.43273604,0.07654017,7.907755e-06,0.02915455,0,0.6552329659461975
TSBD_Healthy_8d0baa1858,1,0,2,0.8454561,0.0056572687,0.06941815,0.073548,1.8651986e-05,0.0154953115,0,0.1454952359199524,0.13772038,0.072905496,1.1066111e-05,0.017671494,0,0.19927185773849487,0.79286146,0.8535465,0.9999703,0.96683323,0,0.6552329659461975
TSBD_Healthy_9a86700e7b,0,0,0,0.16283382,0.24243738,0.07333969,0.7174903,0.98540884,0.61308414,0,0.1454952359199524,0.14757349,0.041092396,3.1059453e-06,0.017163072,0,0.19927185773849487,0.77908677,0.2414173,0.014588099,0.36975282,0,0.6552329659461975
TSBD_Healthy_8de20870d1,1,0,2,0.8691353,0.0045941463,0.07531667,0.059850905,6.6392163e-06,0.011648044,0,0.1454952359199524,0.10761655,0.059275866,3.7282284e-06,0.011708174,0,0.19927185773849487,0.8170668,0.88087314,0.9999896,0.9766438,0,0.6552329659461975
TSBD_Healthy_2125dc16c6,1,0,1,0.7958672,0.012914645,0.07915503,0.074314445,7.818089e-06,0.013929139,0,0.1454952359199524,0.757517,0.8616078,0.99998856,0.97169316,0,0.19927185773849487,0.16332805,0.06407779,3.599452e-06,0.014377733,0,0.6552329659461975
TSBD_Healthy_f1a3293d1d,0,0,1,0.24490684,0.17948265,0.060078662,0.059805423,3.2301257e-06,0.01267864,0,0.1454952359199524,0.31828427,0.8559317,0.9999844,0.9434634,0,0.19927185773849487,0.62163705,0.084262915,1.2392344e-05,0.043857977,0,0.6552329659461975
TSBD_Healthy_db02ad0e48,1,0,1,0.44795984,0.08134358,0.05698564,0.059436455,3.180508e-06,0.010491606,0,0.1454952359199524,0.5311256,0.86112654,0.9999871,0.9596194,0,0.19927185773849487,0.41188878,0.079437,9.752896e-06,0.029888973,0,0.6552329659461975
TSBD_Healthy_6e62793bdf,1,0,1,0.5097583,0.06605993,0.06298858,0.06397981,4.173802e-06,0.01156653,0,0.1454952359199524,0.57581717,0.86218876,0.9999889,0.96328664,0,0.19927185773849487,0.36119422,0.07383139,6.912746e-06,0.025146851,0,0.6552329659461975
TSBD_Healthy_097e8db62c,1,0,1,0.36466604,0.105905645,0.06412002,0.085773125,1.6054531e-05,0.018554853,0,0.1454952359199524,0.4778748,0.84385175,0.99997807,0.9538059,0,0.19927185773849487,0.45800525,0.07037512,5.888501e-06,0.027639257,0,0.6552329659461975
TSBD_Healthy_9a88507804,1,0,1,0.76344025,0.014716152,0.07507636,0.06352294,4.9613514e-06,0.011877762,0,0.1454952359199524,0.7102697,0.8408881,0.999969,0.9593948,0,0.19927185773849487,0.21465398,0.095589,2.6041826e-05,0.028727386,0,0.6552329659461975
TSBD_Healthy_d3268932b8,1,0,1,0.7799035,0.015552275,0.07210358,0.0685875,5.5240525e-06,0.01216618,0,0.1454952359199524,0.74859834,0.8648948,0.9999902,0.9721363,0,0.19927185773849487,0.17929809,0.06651774,4.297802e-06,0.01569749,0,0.6552329659461975
TSBD_Healthy_7ef69613b9,1,0,2,0.85891974,0.0046165604,0.09102977,0.09338299,4.9844144e-05,0.022898301,0,0.1454952359199524,0.09866228,0.04892977,1.6420145e-06,0.008897788,0,0.19927185773849487,0.810308,0.85768723,0.9999485,0.9682039,0,0.6552329659461975
TSBD_Healthy_ddc759b323,1,0,2,0.81843257,0.0064304005,0.060132705,0.05483427,6.3832704e-06,0.010576484,0,0.1454952359199524,0.19139329,0.11211205,0.00010220998,0.038105443,0,0.19927185773849487,0.748474,0.83305365,0.9998914,0.9513181,0,0.6552329659461975
TSBD_Healthy_cb4b1d8b67,1,0,2,0.87307686,0.003869947,0.08356796,0.06685421,1.0530238e-05,0.0139213735,0,0.1454952359199524,0.09720097,0.055396058,2.6497755e-06,0.010234451,0,0.19927185773849487,0.8192311,0.87774974,0.9999869,0.9758442,0,0.6552329659461975
TSBD_Healthy_886fdcfd30,1,1,0,0.88161314,0.0044541564,0.8340776,0.8980934,0.9999876,0.9782643,1,0.1454952359199524,0.08004072,0.049286406,4.8455277e-06,0.010092405,0,0.19927185773849487,0.08588167,0.052620187,7.5553485e-06,0.011643271,0,0.6552329659461975
TSBD_Healthy_784f1bc940,1,0,2,0.86938196,0.0039518774,0.08733259,0.08135969,2.6010664e-05,0.018535694,0,0.1454952359199524,0.09429075,0.04964738,1.6495735e-06,0.008781616,0,0.19927185773849487,0.8183766,0.86899287,0.99997234,0.97268265,0,0.6552329659461975
TSBD_Healthy_ba996de886,1,0,2,0.8705005,0.004460267,0.07691532,0.061305773,7.4141462e-06,0.012118227,0,0.1454952359199524,0.10454283,0.057620335,3.3169754e-06,0.011171395,0,0.19927185773849487,0.8185419,0.88107383,0.9999893,0.9767103,0,0.6552329659461975
TSBD_Healthy_619dcca295,1,0,2,0.8295331,0.0051972317,0.070868745,0.1098144,0.00013590706,0.028052488,0,0.1454952359199524,0.13996236,0.087493375,3.733878e-05,0.024819441,0,0.19927185773849487,0.7891689,0.8026921,0.99982685,0.94712806,0,0.6552329659461975
TSBD_Healthy_e5fac835da,1,0,1,0.798878,0.012629734,0.073942706,0.06722921,4.848963e-06,0.011800617,0,0.1454952359199524,0.7589014,0.8648893,0.9999906,0.9726506,0,0.19927185773849487,0.1671559,0.06788145,4.521502e-06,0.015548832,0,0.6552329659461975
TSBD_Healthy_7b8508b66d,1,0,2,0.84156597,0.0061561493,0.080110244,0.11779409,0.00014670102,0.03030632,0,0.1454952359199524,0.10594311,0.053872447,2.8029972e-06,0.010650383,0,0.19927185773849487,0.81394655,0.8283335,0.9998504,0.95904326,0,0.6552329659461975
TSBD_Healthy_1bf9b6920f,1,0,2,0.81383705,0.0062960554,0.070712894,0.046129774,4.68734e-06,0.0095106745,0,0.1454952359199524,0.12047798,0.19624156,0.0023025959,0.0759324,0,0.19927185773849487,0.8088091,0.7576286,0.9976928,0.9145569,0,0.6552329659461975
TSBD_Healthy_c2dd44b1c5,0,0,0,0.12756628,0.28727728,0.16159308,0.87123764,0.9999161,0.90292376,0,0.1454952359199524,0.09304669,0.040307686,1.7182075e-06,0.013126044,0,0.19927185773849487,0.7453602,0.08845465,8.224363e-05,0.083950214,0,0.6552329659461975
TSBD_Healthy_6941b60386,1,0,2,0.57223064,0.017964106,0.06386247,0.12275514,0.001537733,0.042977348,0,0.1454952359199524,0.24651028,0.37020907,0.23093344,0.3087453,0,0.19927185773849487,0.6896272,0.50703573,0.7675289,0.6482774,0,0.6552329659461975
TSBD_Healthy_905510a905,1,0,2,0.8440691,0.0028580963,0.08826671,0.12149786,0.0001806041,0.03349181,0,0.1454952359199524,0.11430386,0.07985489,2.2206686e-05,0.019960064,0,0.19927185773849487,0.7974294,0.79864717,0.9997973,0.9465481,0,0.6552329659461975
TSBD_Healthy_9731a208b9,1,0,1,0.7922202,0.012948979,0.090398185,0.07002751,5.860205e-06,0.013463322,0,0.1454952359199524,0.7467667,0.86264193,0.9999896,0.9711368,0,0.19927185773849487,0.16283512,0.067330495,4.4754656e-06,0.015399891,0,0.6552329659461975
TSBD_Healthy_0dca3c0bc2,1,0,1,0.7983865,0.01139877,0.09022501,0.10558351,4.0182822e-05,0.023746883,0,0.1454952359199524,0.7632265,0.83755445,0.9999573,0.96404374,0,0.19927185773849487,0.14654846,0.05686203,2.4863796e-06,0.012209361,0,0.6552329659461975
TSBD_Healthy_12ac808983,0,0,1,0.3347283,0.117351115,0.20838194,0.08580584,3.905404e-05,0.038212765,0,0.1454952359199524,0.24715841,0.72114563,0.9985905,0.804861,0,0.19927185773849487,0.54445964,0.19304861,0.0013703456,0.15692626,0,0.6552329659461975
TSBD_Healthy_511fba2ceb,0,0,0,0.17968974,0.19046074,0.06658531,0.59715164,0.8953397,0.46229264,0,0.1454952359199524,0.48957384,0.29927674,0.10405246,0.44281113,0,0.19927185773849487,0.44384086,0.103571706,0.00060787186,0.0948963,0,0.6552329659461975
TSBD_Healthy_549679688a,1,0,2,0.8605268,0.005218433,0.070079364,0.057772566,5.6349736e-06,0.010867958,0,0.1454952359199524,0.12237814,0.06631665,6.5260333e-06,0.01447421,0,0.19927185773849487,0.8075425,0.87591076,0.99998784,0.97465783,0,0.6552329659461975
TSBD_Healthy_708f7d8e32,1,0,2,0.8669669,0.0048491294,0.073658675,0.05912409,6.3954553e-06,0.01141555,0,0.1454952359199524,0.111013964,0.06023443,4.154492e-06,0.0121903485,0,0.19927185773849487,0.8153274,0.8806415,0.9999894,0.9763941,0,0.6552329659461975
TSBD_Healthy_30a7ad7ba3,1,0,2,0.80996555,0.010376185,0.058551878,0.04933447,3.2496457e-06,0.008680996,0,0.1454952359199524,0.18323644,0.08818458,2.8966291e-05,0.026031833,0,0.19927185773849487,0.7582117,0.86248094,0.9999678,0.9652872,0,0.6552329659461975
TSBD_Healthy_dad4aa07c4,1,0,2,0.84428704,0.0043491498,0.110847786,0.13989651,0.00033343286,0.04325316,0,0.1454952359199524,0.08515667,0.043260805,1.0940346e-06,0.007409245,0,0.19927185773849487,0.80399555,0.81684273,0.9996655,0.9493376,0,0.6552329659461975
TSBD_Healthy_8eff6e388b,1,0,2,0.87080634,0.004341943,0.078876816,0.06737619,1.1266314e-05,0.013870688,0,0.1454952359199524,0.10119724,0.05418875,2.4132587e-06,0.010082549,0,0.19927185773849487,0.819926,0.8784351,0.9999863,0.97604674,0,0.6552329659461975
TSBD_Healthy_fec7f36a5c,1,0,2,0.7745333,0.014787152,0.058715794,0.04691564,2.7786937e-06,0.008333605,0,0.1454952359199524,0.21363837,0.09474618,4.02505e-05,0.030669188,0,0.19927185773849487,0.7276459,0.85833824,0.99995697,0.9609972,0,0.6552329659461975
TSBD_Healthy_1cf19a1878,1,0,2,0.8578398,0.0059781214,0.07251561,0.06266295,7.981659e-06,0.012217054,0,0.1454952359199524,0.11789607,0.058548015,3.5366213e-06,0.011936169,0,0.19927185773849487,0.80958825,0.8787891,0.99998844,0.97584677,0,0.6552329659461975
TSBD_Healthy_0fbc0f2310,1,0,2,0.8497382,0.005373041,0.089256085,0.11627096,0.0001374252,0.030772585,0,0.1454952359199524,0.09524329,0.045889296,1.2670264e-06,0.008114929,0,0.19927185773849487,0.81550056,0.8378397,0.99986124,0.96111244,0,0.6552329659461975
TSBD_Healthy_24a6f36a78,1,0,2,0.8698207,0.0043659955,0.07882259,0.06477978,9.377127e-06,0.013145993,0,0.1454952359199524,0.10365072,0.056773722,2.995904e-06,0.010852413,0,0.19927185773849487,0.8175267,0.8784465,0.9999876,0.9760016,0,0.6552329659461975
TSBD_Healthy_7bca399e6d,1,0,2,0.8639816,0.005196101,0.0736778,0.065116175,9.713236e-06,0.012975091,0,0.1454952359199524,0.11130419,0.056904,3.0220767e-06,0.011170283,0,0.19927185773849487,0.815018,0.8779798,0.99998736,0.9758546,0,0.6552329659461975
TSBD_Healthy_06733b9af0,1,0,2,0.86375284,0.0054036696,0.0730704,0.063474216,8.486376e-06,0.012439856,0,0.1454952359199524,0.11133288,0.05622,2.9020384e-06,0.0110129155,0,0.19927185773849487,0.8155968,0.88030577,0.9999887,0.9765472,0,0.6552329659461975
TSBD_Healthy_2e5b036845,1,0,1,0.37223658,0.10486966,0.05582542,0.0635042,3.9823963e-06,0.0115684355,0,0.1454952359199524,0.48626804,0.86391735,0.99998975,0.96031064,0,0.19927185773849487,0.45790645,0.07257845,6.295086e-06,0.028120913,0,0.6552329659461975
TSBD_Healthy_363f51fde7,1,1,1,0.8386551,0.0065701213,0.10333156,0.07301774,7.016865e-06,0.014704154,0,0.1454952359199524,0.7788699,0.8636886,0.9999896,0.9728806,1,0.19927185773849487,0.11779853,0.06329372,3.302114e-06,0.0124152815,0,0.6552329659461975
TSBD_Healthy_c6ac85b839,1,1,1,0.82159925,0.009267939,0.081499316,0.06951614,5.8303285e-06,0.012788245,0,0.1454952359199524,0.77231556,0.86435056,0.9999901,0.9728989,1,0.19927185773849487,0.14618514,0.06613327,4.120514e-06,0.014312822,0,0.6552329659461975
TSBD_Healthy_ddbacc20a2,1,0,2,0.61557484,0.010104625,0.05957403,0.042042375,9.627038e-06,0.0093039395,0,0.1454952359199524,0.2710472,0.40420613,0.22975494,0.3287223,0,0.19927185773849487,0.6693787,0.5537515,0.7702354,0.6619738,0,0.6552329659461975
TSBD_Healthy_8643328d51,1,0,2,0.86877203,0.0045123855,0.08009035,0.063165665,8.4214635e-06,0.012796155,0,0.1454952359199524,0.10393394,0.057326946,3.1630643e-06,0.011032668,0,0.19927185773849487,0.8159757,0.8795074,0.9999883,0.9761712,0,0.6552329659461975
TSBD_Healthy_006fc27c69,1,0,2,0.68199676,0.029436454,0.054684516,0.046538733,2.6605685e-06,0.008246602,0,0.1454952359199524,0.27878454,0.09597421,4.160869e-05,0.035007518,0,0.19927185773849487,0.6665309,0.857487,0.9999558,0.9567459,0,0.6552329659461975
TSBD_Healthy_33406626c7,1,0,2,0.7849143,0.016144957,0.059780955,0.063470535,8.461858e-06,0.011849826,0,0.1454952359199524,0.176372,0.06215133,4.674111e-06,0.015223251,0,0.19927185773849487,0.763847,0.87437814,0.9999869,0.972927,0,0.6552329659461975
TSBD_Healthy_b06da16348,1,0,2,0.8702159,0.0043470524,0.08073031,0.06667686,1.0593644e-05,0.013756065,0,0.1454952359199524,0.101004,0.054805577,2.5951435e-06,0.010281478,0,0.19927185773849487,0.81826574,0.8785176,0.99998677,0.97596246,0,0.6552329659461975
TSBD_Healthy_06f251fee4,1,0,2,0.86921924,0.0044453507,0.0801549,0.06865756,1.2302251e-05,0.014330004,0,0.1454952359199524,0.101674855,0.054013345,2.3603634e-06,0.010048705,0,0.19927185773849487,0.81817025,0.8773291,0.99998534,0.9756213,0,0.6552329659461975
TSBD_Healthy_4ac4f94767,1,0,2,0.8688179,0.0040717637,0.091119684,0.072077125,1.4941026e-05,0.015959382,0,0.1454952359199524,0.09523175,0.053495377,2.287569e-06,0.009737728,0,0.19927185773849487,0.8136485,0.87442756,0.99998283,0.97430295,0,0.6552329659461975
TSBD_Healthy_e7cd92f08f,1,0,2,0.8523923,0.006910621,0.068834536,0.06328547,8.432828e-06,0.012186541,0,0.1454952359199524,0.12265789,0.0571566,3.2271855e-06,0.011758581,0,0.19927185773849487,0.8085076,0.87955785,0.9999883,0.97605485,0,0.6552329659461975
TSBD_Healthy_1597a65755,1,0,2,0.8548638,0.004851684,0.06631329,0.053920925,4.4718554e-06,0.009922124,0,0.1454952359199524,0.13812217,0.08077917,1.8444109e-05,0.020426994,0,0.19927185773849487,0.79556453,0.8652999,0.999977,0.96965086,0,0.6552329659461975
TSBD_Healthy_a8ea0e137d,1,0,2,0.8308145,0.0031332038,0.062990926,0.048429325,3.5421383e-06,0.009011744,0,0.1454952359199524,0.18738608,0.13683653,0.00030029443,0.051188007,0,0.19927185773849487,0.749623,0.8147341,0.99969614,0.93980026,0,0.6552329659461975
TSBD_Healthy_fafc24f635,1,0,2,0.84651697,0.006723957,0.07386601,0.08027164,2.5914165e-05,0.017489405,0,0.1454952359199524,0.12210546,0.05664703,3.1860725e-06,0.011721877,0,0.19927185773849487,0.8040286,0.8630813,0.9999709,0.9707887,0,0.6552329659461975
TSBD_Healthy_7c877797f5,1,0,2,0.85472363,0.006385116,0.0740332,0.06769006,1.13640435e-05,0.01368205,0,0.1454952359199524,0.11694282,0.05534501,2.7247238e-06,0.011021735,0,0.19927185773849487,0.809024,0.8769649,0.99998593,0.9752962,0,0.6552329659461975
TSBD_Healthy_d249c82c7a,1,0,2,0.8609941,0.0021503158,0.081097424,0.04935954,4.2972883e-06,0.010136026,0,0.1454952359199524,0.11265216,0.12404297,0.00019371299,0.036872894,0,0.19927185773849487,0.8062504,0.8265975,0.99980205,0.95299107,0,0.6552329659461975
TSBD_Healthy_1dafd9bcec,1,0,2,0.80374074,0.0135316625,0.061578505,0.05928838,6.534395e-06,0.010962724,0,0.1454952359199524,0.16382627,0.062068205,4.889595e-06,0.014873764,0,0.19927185773849487,0.7745952,0.8786434,0.99998856,0.97416353,0,0.6552329659461975
TSBD_Healthy_727f8ba7d1,1,0,2,0.8680212,0.0044275243,0.07971378,0.066053815,1.0474403e-05,0.013627453,0,0.1454952359199524,0.10506973,0.05738732,3.2825103e-06,0.011171814,0,0.19927185773849487,0.8152165,0.8765589,0.9999862,0.9752007,0,0.6552329659461975
TSBD_Healthy_578fae46e9,1,0,2,0.83510685,0.009246277,0.06520558,0.06577984,1.0345753e-05,0.012731809,0,0.1454952359199524,0.13600202,0.05699708,3.1538655e-06,0.01217417,0,0.19927185773849487,0.79879236,0.8772231,0.9999865,0.9750941,0,0.6552329659461975
TSBD_Healthy_d1980c5cf7,1,0,2,0.8628715,0.005437185,0.07505635,0.065577276,9.886873e-06,0.013144992,0,0.1454952359199524,0.11026257,0.05523205,2.688088e-06,0.010728741,0,0.19927185773849487,0.81468105,0.8791907,0.99998736,0.97612625,0,0.6552329659461975
TSBD_Healthy_5f95d3f8a2,1,0,2,0.8525527,0.00402725,0.102386564,0.12459046,0.00019653306,0.0358426,0,0.1454952359199524,0.08802331,0.045626152,1.286908e-06,0.007912687,0,0.19927185773849487,0.80959016,0.8297834,0.9998022,0.9562447,0,0.6552329659461975
TSBD_Healthy_ef7cbd4127,0,0,2,0.49813166,0.055872727,0.061039284,0.049164407,6.157322e-06,0.0112470435,0,0.1454952359199524,0.50407624,0.19922324,0.0026463394,0.14861393,0,0.19927185773849487,0.43488452,0.75161237,0.9973475,0.84013903,0,0.6552329659461975
TSBD_Healthy_63b700da46,1,0,1,0.7235348,0.02274331,0.07258877,0.06655285,5.322393e-06,0.012214428,0,0.1454952359199524,0.6989884,0.8540062,0.9999844,0.96525663,0,0.19927185773849487,0.22842282,0.07944097,1.0261188e-05,0.022528933,0,0.6552329659461975
TSBD_Healthy_076f98de26,0,0,1,0.3469084,0.12483934,0.056642696,0.039851204,1.4991938e-06,0.008652556,0,0.1454952359199524,0.25720468,0.7404859,0.99780935,0.7995832,0,0.19927185773849487,0.68615264,0.21966285,0.0021891699,0.19176425,0,0.6552329659461975
TSBD_Healthy_e3f6aa3d79,1,0,2,0.87069774,0.0039321994,0.085738026,0.072694026,1.5662737e-05,0.015813153,0,0.1454952359199524,0.09701889,0.053503137,2.3358664e-06,0.009831504,0,0.19927185773849487,0.8172431,0.87380284,0.999982,0.97435534,0,0.6552329659461975
TSBD_Healthy_da00d5de9a,1,0,2,0.8700165,0.004264445,0.07850281,0.061809536,7.672352e-06,0.012352,0,0.1454952359199524,0.10520257,0.05961123,3.8505937e-06,0.011729487,0,0.19927185773849487,0.81629467,0.87857926,0.99998856,0.97591853,0,0.6552329659461975
TSBD_Healthy_1fc6860580,0,0,2,0.47782943,0.02935319,0.059514686,0.0365967,5.8665e-06,0.008076247,0,0.1454952359199524,0.24778974,0.47899434,0.58482045,0.4230082,0,0.19927185773849487,0.6926956,0.48440903,0.4151737,0.56891555,0,0.6552329659461975
TSBD_Healthy_93437b01b9,1,0,2,0.86937636,0.004305628,0.07377365,0.053363774,4.178649e-06,0.010020205,0,0.1454952359199524,0.11199927,0.06704491,7.0059527e-06,0.014250381,0,0.19927185773849487,0.8142271,0.87959135,0.9999888,0.9757294,0,0.6552329659461975
TSBD_Healthy_d7b2fef984,1,0,2,0.8633745,0.0031768112,0.06521338,0.045563933,2.4093722e-06,0.008064106,0,0.1454952359199524,0.13606773,0.09578245,4.5801477e-05,0.026263172,0,0.19927185773849487,0.79871887,0.8586536,0.99995184,0.96567273,0,0.6552329659461975
TSBD_Healthy_6499b6d7a1,1,0,2,0.86831015,0.0046485765,0.07726609,0.063956216,8.81248e-06,0.0128200445,0,0.1454952359199524,0.1057126,0.056670062,2.9366713e-06,0.010875546,0,0.19927185773849487,0.81702125,0.8793737,0.9999882,0.9763044,0,0.6552329659461975
TSBD_Healthy_b2c3637e41,1,0,2,0.86173046,0.005002138,0.0844134,0.08212575,2.6518408e-05,0.018499505,0,0.1454952359199524,0.10124679,0.049376164,1.5979108e-06,0.008940616,0,0.19927185773849487,0.8143398,0.86849815,0.999972,0.97255987,0,0.6552329659461975
TSBD_Healthy_ca0105e4b8,1,0,2,0.8724689,0.003795458,0.08787419,0.07473915,1.7590477e-05,0.0165119,0,0.1454952359199524,0.09266705,0.050885,1.800157e-06,0.008969013,0,0.19927185773849487,0.8194587,0.8743758,0.99998057,0.97451913,0,0.6552329659461975
TSBD_Healthy_efb3b53d28,0,0,0,0.2751557,0.116656885,0.08998527,0.5129794,0.5517954,0.34101737,0,0.1454952359199524,0.15121654,0.052859575,1.9653005e-05,0.018961258,0,0.19927185773849487,0.7587982,0.434161,0.4481849,0.6400213,0,0.6552329659461975
TSBD_Healthy_b6298539e0,1,0,2,0.8701448,0.0042787176,0.082939886,0.07051534,1.35555565e-05,0.014963702,0,0.1454952359199524,0.09850708,0.0526874,2.1215926e-06,0.009619108,0,0.19927185773849487,0.818553,0.8767972,0.99998426,0.97541714,0,0.6552329659461975
TSBD_Healthy_32b15941da,1,1,1,0.8279289,0.007883593,0.09155008,0.0676227,5.2901037e-06,0.012912299,0,0.1454952359199524,0.7704096,0.8624585,0.9999893,0.97190166,1,0.19927185773849487,0.13804032,0.06991878,5.3818726e-06,0.0151860425,0,0.6552329659461975
TSBD_Healthy_0d4ffdc7b0,0,0,1,0.5436503,0.004932694,0.057287086,0.06672865,8.928616e-05,0.017718958,0,0.1454952359199524,0.3931476,0.48276034,0.66842544,0.50443494,0,0.19927185773849487,0.5495653,0.45051107,0.3314853,0.47784606,0,0.6552329659461975
TSBD_Healthy_b36f28e306,1,0,2,0.87116146,0.0037678732,0.090317585,0.074471146,1.7267612e-05,0.01660593,0,0.1454952359199524,0.09323627,0.0523479,2.0600637e-06,0.009365638,0,0.19927185773849487,0.81644607,0.8731809,0.9999807,0.97402847,0,0.6552329659461975
TSBD_Healthy_68a56d28bf,0,0,0,0.21673663,0.13888367,0.122228265,0.4510099,0.52730364,0.37683266,0,0.1454952359199524,0.18931252,0.35952407,0.4545156,0.38498405,0,0.19927185773849487,0.68845916,0.18946607,0.018180728,0.23818332,0,0.6552329659461975
TSBD_Healthy_b7798ab5f8,1,0,2,0.8687246,0.0046213204,0.07669606,0.06493524,9.524959e-06,0.013070943,0,0.1454952359199524,0.105281375,0.055988114,2.8836562e-06,0.010757274,0,0.19927185773849487,0.81802255,0.8790766,0.9999876,0.9761718,0,0.6552329659461975
TSBD_Healthy_2a0f79d223,1,0,2,0.8624579,0.0055211335,0.072998896,0.064404026,9.301583e-06,0.012755506,0,0.1454952359199524,0.11233119,0.056182154,2.8792053e-06,0.011032239,0,0.19927185773849487,0.8146699,0.87941384,0.99998784,0.9762123,0,0.6552329659461975
TSBD_Healthy_8fc6471a64,1,0,2,0.8667638,0.004361882,0.08643319,0.06961711,1.3095238e-05,0.015031434,0,0.1454952359199524,0.10116692,0.055749234,2.7570475e-06,0.010523907,0,0.19927185773849487,0.8124,0.87463355,0.99998415,0.9744447,0,0.6552329659461975
TSBD_Healthy_78bf1afa4b,0,0,1,0.232078,0.18836078,0.057049554,0.06142693,3.6364675e-06,0.012968934,0,0.1454952359199524,0.3150275,0.86115587,0.9999877,0.9473847,0,0.19927185773849487,0.6279229,0.07741719,8.6737e-06,0.039646383,0,0.6552329659461975
TSBD_Healthy_d63c012f3e,1,0,2,0.7529106,0.011224941,0.082402244,0.17885803,0.0019271419,0.063485764,0,0.1454952359199524,0.15805416,0.11626424,0.00022929604,0.04291393,0,0.19927185773849487,0.75954366,0.7048778,0.9978435,0.8936003,0,0.6552329659461975
TSBD_Healthy_05ab09d318,1,0,2,0.86238945,0.0044805286,0.074756,0.07058748,1.46026405e-05,0.014731295,0,0.1454952359199524,0.115691595,0.06286664,5.806253e-06,0.0135480035,0,0.19927185773849487,0.80955243,0.8665459,0.9999796,0.9717207,0,0.6552329659461975
TSBD_Healthy_18405215f8,1,1,2,0.8748375,0.0038193408,0.08472825,0.06410051,8.913291e-06,0.013258738,0,0.1454952359199524,0.09448415,0.0553964,2.7106003e-06,0.01016606,0,0.19927185773849487,0.8207876,0.88050306,0.9999883,0.9765752,1,0.6552329659461975
TSBD_Healthy_fe721e6a35,1,0,2,0.8587452,0.005441416,0.076281816,0.073802926,1.6747375e-05,0.015542632,0,0.1454952359199524,0.112588674,0.055684965,2.7890658e-06,0.010963561,0,0.19927185773849487,0.8111295,0.87051207,0.99998057,0.9734938,0,0.6552329659461975
TSBD_Healthy_8a0b6768d9,1,0,2,0.84756213,0.007568444,0.06556564,0.060067426,6.8212694e-06,0.011231795,0,0.1454952359199524,0.12977523,0.05960143,3.7972673e-06,0.012642375,0,0.19927185773849487,0.80465907,0.88033116,0.9999894,0.97612584,0,0.6552329659461975
TSBD_Healthy_fdb9e6ae23,1,0,2,0.8733237,0.0040498255,0.0814724,0.06372899,8.622549e-06,0.012961856,0,0.1454952359199524,0.09824965,0.055737186,2.7273259e-06,0.010350544,0,0.19927185773849487,0.820278,0.8805338,0.9999887,0.97668755,0,0.6552329659461975
TSBD_Healthy_4c66cb7f58,1,0,2,0.8657183,0.0050659254,0.070941046,0.05780198,5.753375e-06,0.010920542,0,0.1454952359199524,0.11416233,0.06108063,4.2878896e-06,0.012468371,0,0.19927185773849487,0.8148966,0.8811174,0.99999,0.9766111,0,0.6552329659461975
TSBD_Healthy_f5058ddf56,1,0,2,0.76979816,0.01791857,0.06590248,0.09154271,4.3922802e-05,0.020187,0,0.1454952359199524,0.1698111,0.054308653,2.5911424e-06,0.012620161,0,0.19927185773849487,0.76428646,0.8541486,0.9999535,0.9671928,0,0.6552329659461975
TSBD_Healthy_69e2554f5f,1,0,2,0.86315334,0.0020948993,0.06437604,0.040420927,1.5684953e-06,0.00698705,0,0.1454952359199524,0.1386193,0.11807286,0.00013223458,0.03593732,0,0.19927185773849487,0.79700464,0.8415062,0.99986625,0.95707566,0,0.6552329659461975
TSBD_Healthy_d4f8817d0f,1,0,2,0.8520506,0.0063029192,0.070968024,0.05856891,6.0912616e-06,0.011183277,0,0.1454952359199524,0.12804574,0.065393046,6.160225e-06,0.014480783,0,0.19927185773849487,0.80098623,0.876038,0.9999877,0.97433597,0,0.6552329659461975
TSBD_Healthy_75d585858d,1,0,1,0.50688267,0.06584054,0.05602848,0.05608965,2.5266872e-06,0.009501334,0,0.1454952359199524,0.5653857,0.8595434,0.9999845,0.95956415,0,0.19927185773849487,0.3785859,0.084366985,1.3027778e-05,0.03093452,0,0.6552329659461975
TSBD_Healthy_cb3a9d790a,1,0,2,0.84992796,0.006880462,0.06899857,0.06464082,9.663096e-06,0.012682618,0,0.1454952359199524,0.12635973,0.059745215,3.9242627e-06,0.012633233,0,0.19927185773849487,0.80464166,0.8756139,0.9999864,0.9746841,0,0.6552329659461975
TSBD_Healthy_2c254df731,1,0,2,0.694646,0.021032063,0.092783764,0.22078016,0.004773099,0.08772939,0,0.1454952359199524,0.16915666,0.08422295,5.369636e-05,0.028597087,0,0.19927185773849487,0.7380596,0.69499683,0.99517316,0.8836735,0,0.6552329659461975
TSBD_Healthy_4e4bdff12a,1,0,1,0.60500556,0.01784071,0.066679694,0.09179702,0.000109640394,0.0257339,0,0.1454952359199524,0.49393263,0.6481249,0.9883577,0.77242035,0,0.19927185773849487,0.43938762,0.26007813,0.011532591,0.20184574,0,0.6552329659461975
TSBD_WSSV_ffd2411af1,0,0,1,0.25038853,0.17911254,0.061171547,0.045250315,1.5995746e-06,0.010342347,0,0.1454952359199524,0.23725034,0.80468565,0.99975294,0.8756467,0,0.19927185773849487,0.7015781,0.15006407,0.00024546927,0.114010975,0,0.6552329659461975
TSBD_WSSV_c6b9dfd6bd,1,0,2,0.86669266,0.0023678846,0.07452138,0.044798765,2.4379533e-06,0.008393717,0,0.1454952359199524,0.12074117,0.10690632,8.629939e-05,0.0299974,0,0.19927185773849487,0.80473745,0.84829485,0.9999113,0.9616088,0,0.6552329659461975
TSBD_WSSV_258e8224d8,1,0,1,0.718266,0.025649898,0.06358206,0.06883277,5.630389e-06,0.0118790995,0,0.1454952359199524,0.7154616,0.86509955,0.9999902,0.971147,0,0.19927185773849487,0.22095633,0.06606767,4.158063e-06,0.016973892,0,0.6552329659461975
TSBD_WSSV_7759b4323e,1,1,1,0.8280961,0.0076812785,0.11254503,0.07150909,6.4075693e-06,0.014807611,0,0.1454952359199524,0.76758724,0.86265606,0.9999896,0.97194177,1,0.19927185773849487,0.119867764,0.06583485,3.9657657e-06,0.013250609,0,0.6552329659461975
TSBD_WSSV_20ac0fab2b,1,1,0,0.8809451,0.004535488,0.83350956,0.8981237,0.9999877,0.978258,1,0.1454952359199524,0.089856155,0.054094043,7.486444e-06,0.011957727,0,0.19927185773849487,0.07663433,0.047782302,4.796033e-06,0.00978429,0,0.6552329659461975
TSBD_WSSV_73ccea8db5,1,0,0,0.6472476,0.037970606,0.6581895,0.880433,0.9999372,0.9597529,0,0.1454952359199524,0.18172805,0.08121362,6.0871178e-05,0.030035976,0,0.19927185773849487,0.16008247,0.03835338,1.8666341e-06,0.010211099,0,0.6552329659461975
TSBD_WSSV_2ca61b4065,1,0,1,0.79097515,0.0074859858,0.21827666,0.1431648,0.00014573219,0.04893524,0,0.1454952359199524,0.7079944,0.81197923,0.9998534,0.9438971,0,0.19927185773849487,0.07372896,0.044855993,8.9380006e-07,0.007167575,0,0.6552329659461975
TSBD_WSSV_0168d43459,1,1,0,0.8757873,0.0052497797,0.8301458,0.89876425,0.9999882,0.9783317,1,0.1454952359199524,0.09626498,0.052019197,6.154238e-06,0.0115868375,0,0.19927185773849487,0.07358928,0.04921657,5.562044e-06,0.010081486,0,0.6552329659461975
TSBD_WSSV_a270f6228b,1,1,0,0.8518277,0.008338737,0.8126945,0.89859164,0.9999883,0.9775144,1,0.1454952359199524,0.0706196,0.04909537,4.504603e-06,0.009580096,0,0.19927185773849487,0.11668595,0.052313007,7.194417e-06,0.01290555,0,0.6552329659461975
TSBD_WSSV_3868efcb84,1,0,0,0.7209947,0.027209362,0.718874,0.89843357,0.9999883,0.97299945,0,0.1454952359199524,0.15969428,0.05125099,5.598947e-06,0.014104417,0,0.19927185773849487,0.12143173,0.050315376,6.0228604e-06,0.012896108,0,0.6552329659461975
TSBD_WSSV_98510bdd07,1,0,0,0.7576962,0.021092078,0.74041677,0.895818,0.9999833,0.97215134,0,0.1454952359199524,0.16554552,0.06051101,1.3452812e-05,0.018160546,0,0.19927185773849487,0.09403767,0.04367109,3.2573664e-06,0.009688046,0,0.6552329659461975
TSBD_WSSV_365b81a0b8,1,0,0,0.65995306,0.037621148,0.67938954,0.8978394,0.99998796,0.97090137,0,0.1454952359199524,0.1906929,0.053478315,6.9110515e-06,0.016244302,0,0.19927185773849487,0.12991755,0.04868216,5.1852344e-06,0.0128543135,0,0.6552329659461975
TSBD_WSSV_4c515e509e,1,0,0,0.66220623,0.026545689,0.6073083,0.8144646,0.99832326,0.89899045,0,0.1454952359199524,0.32247955,0.15222014,0.0016754352,0.094347164,0,0.19927185773849487,0.070212066,0.033315193,1.2939619e-06,0.0066624274,0,0.6552329659461975
TSBD_WSSV_d5dc5a32b7,0,0,0,0.17991547,0.22282445,0.19881491,0.83922404,0.9994429,0.8649933,0,0.1454952359199524,0.59840906,0.12607138,0.00055583805,0.12108081,0,0.19927185773849487,0.20277603,0.03470466,1.3541675e-06,0.01392591,0,0.6552329659461975
TSBD_WSSV_84d358870a,1,0,0,0.8213353,0.011575364,0.7826467,0.8923785,0.9999746,0.97223467,0,0.1454952359199524,0.14983934,0.06730482,2.3172219e-05,0.02015401,0,0.19927185773849487,0.06751402,0.040316723,2.2757413e-06,0.0076113013,0,0.6552329659461975
TSBD_WSSV_b95089e484,1,0,0,0.40818277,0.09793212,0.5366928,0.8984028,0.9999877,0.966209,0,0.1454952359199524,0.069103576,0.049212333,4.7956664e-06,0.0110162655,0,0.19927185773849487,0.39420357,0.052384783,7.473275e-06,0.022774711,0,0.6552329659461975
TSBD_WSSV_ef2d938994,1,1,0,0.85559267,0.007767193,0.81365395,0.8991484,0.9999888,0.9777477,1,0.1454952359199524,0.105060704,0.05077208,5.3259455e-06,0.011552192,0,0.19927185773849487,0.08128525,0.050079472,5.867526e-06,0.010700192,0,0.6552329659461975
TSBD_WSSV_32049c3ecf,0,0,0,0.19525927,0.21560487,0.30234638,0.8957781,0.99998534,0.95108724,0,0.1454952359199524,0.07769736,0.047321692,3.8265084e-06,0.012987772,0,0.19927185773849487,0.61995625,0.05690017,1.0803755e-05,0.035925034,0,0.6552329659461975
TSBD_WSSV_8b8160f809,1,0,0,0.80419356,0.014224509,0.77444166,0.89259684,0.9999776,0.9722353,0,0.1454952359199524,0.16637066,0.06528788,1.969666e-05,0.02003375,0,0.19927185773849487,0.05918766,0.042115305,2.758139e-06,0.00773098,0,0.6552329659461975
TSBD_WSSV_cdf58b2135,1,0,1,0.7405062,0.020704275,0.100522265,0.07426874,7.679493e-06,0.015375199,0,0.1454952359199524,0.712175,0.86265886,0.99998903,0.96968704,0,0.19927185773849487,0.18730271,0.06307237,3.2310095e-06,0.014937754,0,0.6552329659461975
TSBD_WSSV_aa863186fe,0,0,1,0.0883613,0.33683842,0.21654123,0.09896227,3.5141413e-05,0.061713547,0,0.1454952359199524,0.0786048,0.82498884,0.9999552,0.8742205,0,0.19927185773849487,0.7048539,0.07604887,9.714563e-06,0.06406593,0,0.6552329659461975
TSBD_WSSV_dfb2880295,0,0,1,0.32353863,0.12800178,0.056388613,0.06462633,4.358363e-06,0.012349508,0,0.1454952359199524,0.43616807,0.8633855,0.99998975,0.95797455,0,0.19927185773849487,0.5074433,0.07198812,5.8592223e-06,0.02967596,0,0.6552329659461975
TSBD_WSSV_baaf0baf99,0,0,0,0.37914056,0.07943022,0.8321941,0.52222687,0.38589644,0.6684549,0,0.1454952359199524,0.09911104,0.4424365,0.6140998,0.32328546,0,0.19927185773849487,0.06869492,0.035336666,3.7442178e-06,0.0082596205,0,0.6552329659461975
TSBD_WSSV_24404c91af,1,0,1,0.76258665,0.016231732,0.15097736,0.07989218,1.0127511e-05,0.019345418,0,0.1454952359199524,0.71383536,0.85953206,0.99998724,0.96807194,0,0.19927185773849487,0.13518727,0.06057577,2.666182e-06,0.012582633,0,0.6552329659461975
TSBD_WSSV_b7563199e4,1,1,1,0.833193,0.0075148474,0.09109279,0.069096364,5.7092893e-06,0.01317446,0,0.1454952359199524,0.777165,0.8649699,0.9999902,0.9731311,1,0.19927185773849487,0.13174221,0.06593372,4.0364484e-06,0.013694437,0,0.6552329659461975
TSBD_WSSV_11a594f754,1,1,1,0.8523178,0.00501197,0.099591106,0.06924324,5.7203756e-06,0.013534087,0,0.1454952359199524,0.7909502,0.8653528,0.99999034,0.9738349,1,0.19927185773849487,0.10945873,0.06540393,3.903093e-06,0.012631017,0,0.6552329659461975
TSBD_WSSV_fc31d39bad,1,1,1,0.83029205,0.007873528,0.09278304,0.06884624,5.6225454e-06,0.013210771,0,0.1454952359199524,0.7744219,0.8651827,0.99999034,0.9730187,1,0.19927185773849487,0.13279513,0.06597106,4.0665636e-06,0.013770502,0,0.6552329659461975
TSBD_WSSV_d6cd79daa1,0,0,1,0.08902484,0.3418762,0.7655875,0.08079725,1.1196785e-05,0.06611816,0,0.1454952359199524,0.097371876,0.85910016,0.99998605,0.910009,0,0.19927185773849487,0.13704062,0.060102608,2.7142235e-06,0.023872819,0,0.6552329659461975
TSBD_WSSV_02f81ef95e,1,0,1,0.77855647,0.015308969,0.08682197,0.06933842,5.7650864e-06,0.013198242,0,0.1454952359199524,0.74091226,0.8651269,0.9999902,0.9716273,0,0.19927185773849487,0.17226578,0.065534614,3.964376e-06,0.015174438,0,0.6552329659461975
TSBD_WSSV_3b11acaec9,1,0,1,0.77675325,0.014418852,0.13724093,0.07708045,8.871633e-06,0.017830815,0,0.1454952359199524,0.7260838,0.86120814,0.9999883,0.9693248,0,0.19927185773849487,0.13667528,0.061711423,2.85855e-06,0.012844329,0,0.6552329659461975
TSBD_WSSV_c286bccb7a,1,0,1,0.7086448,0.026939403,0.06804941,0.069609694,5.90653e-06,0.012399527,0,0.1454952359199524,0.7060281,0.86389476,0.99999,0.97038215,0,0.19927185773849487,0.22592245,0.06649551,4.1399285e-06,0.017218273,0,0.6552329659461975
TSBD_WSSV_6aa52b5d04,1,0,1,0.8116598,0.009972118,0.13486746,0.068962775,5.6117447e-06,0.015183445,0,0.1454952359199524,0.7550946,0.8644536,0.9999902,0.97171706,0,0.19927185773849487,0.110037945,0.06658359,4.144405e-06,0.0130994795,0,0.6552329659461975
TSBD_WSSV_78ac1c210b,1,1,1,0.8229208,0.0084855575,0.12754548,0.06961554,5.8496435e-06,0.015022879,0,0.1454952359199524,0.763953,0.86440307,0.9999901,0.9721235,1,0.19927185773849487,0.10850151,0.06598144,4.015899e-06,0.012853622,0,0.6552329659461975
TSBD_WSSV_f4df9efeef,1,0,1,0.80372983,0.011021046,0.11084413,0.07427679,8.030165e-06,0.015782643,0,0.1454952359199524,0.75037616,0.862549,0.99998856,0.9708471,0,0.19927185773849487,0.13877974,0.063174225,3.4034138e-06,0.013370306,0,0.6552329659461975
TSBD_WSSV_e332624690,1,0,1,0.7694382,0.016621543,0.07967308,0.0739099,7.686206e-06,0.01399601,0,0.1454952359199524,0.7382282,0.8604161,0.9999883,0.97044533,0,0.19927185773849487,0.18209869,0.06567398,4.0064047e-06,0.015558649,0,0.6552329659461975
TSBD_WSSV_de8ce5aa48,0,0,1,0.19195728,0.21648109,0.107562795,0.07650603,8.29013e-06,0.022262592,0,0.1454952359199524,0.2692623,0.86166716,0.9999888,0.9475063,0,0.19927185773849487,0.62317485,0.06182685,2.8573575e-06,0.030231165,0,0.6552329659461975
TSBD_WSSV_2847167d0b,1,1,1,0.83064413,0.007242324,0.11401007,0.07960202,1.016044e-05,0.017107815,0,0.1454952359199524,0.77015954,0.8601533,0.9999871,0.9712422,1,0.19927185773849487,0.11583039,0.060244676,2.7088502e-06,0.011649961,0,0.6552329659461975
TSBD_WSSV_ea8e971d58,1,0,1,0.374282,0.100160405,0.40955862,0.08104655,1.1120435e-05,0.032497898,0,0.1454952359199524,0.4523412,0.85924846,0.9999864,0.9531366,0,0.19927185773849487,0.13810022,0.05970498,2.5020036e-06,0.014365477,0,0.6552329659461975
TSBD_WSSV_2cd19b2879,1,0,2,0.87090373,0.0040129684,0.09748262,0.06780835,1.15840385e-05,0.015087705,0,0.1454952359199524,0.08776478,0.053681143,2.3169116e-06,0.009488836,0,0.19927185773849487,0.8147526,0.8785104,0.9999862,0.97542346,0,0.6552329659461975
TSBD_WSSV_f00fa9ceb8,1,0,2,0.8004627,0.012590742,0.1668918,0.07498142,1.773209e-05,0.021242615,0,0.1454952359199524,0.078267366,0.05096466,1.7927983e-06,0.008661741,0,0.19927185773849487,0.75484085,0.8740539,0.99998045,0.97009563,0,0.6552329659461975
TSBD_WSSV_6678622b35,1,0,2,0.873546,0.003970911,0.08516055,0.063505016,8.666752e-06,0.013158035,0,0.1454952359199524,0.09540175,0.055776086,2.8328582e-06,0.010326757,0,0.19927185773849487,0.81943774,0.8807189,0.99998844,0.9765152,0,0.6552329659461975
TSBD_WSSV_9ce26c2bf9,1,0,0,0.66896135,0.033160716,0.66302055,0.87648433,0.9999132,0.9555314,0,0.1454952359199524,0.23971653,0.08591529,8.495813e-05,0.036103573,0,0.19927185773849487,0.09726288,0.03760041,1.765294e-06,0.008364976,0,0.6552329659461975
TSBD_WSSV_3319ef6f32,0,0,0,0.1745577,0.23692217,0.11108945,0.76094466,0.9946366,0.71243423,0,0.1454952359199524,0.08597763,0.036279567,1.4937542e-06,0.011333292,0,0.19927185773849487,0.8029329,0.2027758,0.00536181,0.27623248,0,0.6552329659461975
TSBD_WSSV_1bb255e74b,1,0,1,0.35513824,0.1114654,0.05691763,0.06871775,5.546853e-06,0.012958826,0,0.1454952359199524,0.4811459,0.86515903,0.99999034,0.9621173,0,0.19927185773849487,0.4619365,0.066123165,4.079125e-06,0.02492385,0,0.6552329659461975
TSBD_WSSV_d45bc108bb,1,1,1,0.8509858,0.0051141474,0.10959747,0.069140196,5.6745334e-06,0.013974087,0,0.1454952359199524,0.78899735,0.8652001,0.99999034,0.9736584,1,0.19927185773849487,0.10140517,0.065659694,3.965008e-06,0.012367527,0,0.6552329659461975
TSBD_WSSV_319f7dd222,0,0,1,0.17488864,0.23850147,0.7709316,0.13513435,0.00011208735,0.1076466,0,0.1454952359199524,0.17125535,0.8183056,0.9998869,0.88179266,0,0.19927185773849487,0.057812978,0.046559997,1.0421965e-06,0.010560719,0,0.6552329659461975
TSBD_WSSV_72962540b9,0,0,0,0.38517705,0.10335454,0.37263048,0.80723447,0.99854845,0.8634295,0,0.1454952359199524,0.067175455,0.035018582,9.939527e-07,0.0072809304,0,0.19927185773849487,0.560194,0.1577469,0.0014505596,0.12928961,0,0.6552329659461975
TSBD_WSSV_cbc299712b,1,1,1,0.8260012,0.008430008,0.14366646,0.07028838,5.985635e-06,0.015755735,0,0.1454952359199524,0.77135164,0.8648007,0.9999902,0.9727343,1,0.19927185773849487,0.08498191,0.06491096,3.7335674e-06,0.011510038,0,0.6552329659461975
TSBD_WSSV_4852ce6b3e,1,0,1,0.77770156,0.015968872,0.07227586,0.06995929,5.955866e-06,0.0124749,0,0.1454952359199524,0.7484701,0.8649132,0.9999902,0.97233945,0,0.19927185773849487,0.17925394,0.065127544,3.8152893e-06,0.015185666,0,0.6552329659461975
TSBD_WSSV_51c0f376ed,0,0,1,0.17064402,0.24044022,0.0555074,0.06257179,3.8363705e-06,0.014384156,0,0.1454952359199524,0.2365237,0.8604016,0.9999883,0.94119096,0,0.19927185773849487,0.70796895,0.07702664,7.8457e-06,0.044424932,0,0.6552329659461975
TSBD_WSSV_27c4e89064,1,0,1,0.40855524,0.09416063,0.058376666,0.06863275,5.415989e-06,0.012689564,0,0.1454952359199524,0.51866376,0.8644494,0.99999034,0.9634521,0,0.19927185773849487,0.42295957,0.066917926,4.2098713e-06,0.023858355,0,0.6552329659461975
TSBD_WSSV_d31ea8472c,0,0,1,0.2638652,0.16266772,0.08102097,0.076634,8.556536e-06,0.018378366,0,0.1454952359199524,0.36617312,0.8599884,0.9999881,0.954244,0,0.19927185773849487,0.5528059,0.063377604,3.3410236e-06,0.027377637,0,0.6552329659461975
TSBD_WSSV_6fd089aca1,0,0,1,0.21885271,0.19955024,0.055035498,0.054348253,2.2704262e-06,0.011364184,0,0.1454952359199524,0.28330562,0.8572372,0.9999814,0.9385156,0,0.19927185773849487,0.6616589,0.088414565,1.6330006e-05,0.050120234,0,0.6552329659461975
TSBD_WSSV_7131cb4d1e,0,0,1,0.10161219,0.32261166,0.08952323,0.075449064,8.517046e-06,0.026051927,0,0.1454952359199524,0.13553181,0.8585022,0.9999875,0.9290891,0,0.19927185773849487,0.77494496,0.0660487,3.9812935e-06,0.044858936,0,0.6552329659461975
TSBD_WSSV_d1629a0715,1,1,1,0.853405,0.0048422255,0.10624586,0.068994775,5.6453155e-06,0.013782964,0,0.1454952359199524,0.7913335,0.86530524,0.99999034,0.9738225,1,0.19927185773849487,0.10242061,0.06570002,3.952029e-06,0.012394605,0,0.6552329659461975
TSBD_WSSV_8ecaf0ac01,1,0,1,0.81794745,0.009221889,0.10776219,0.07088934,6.153629e-06,0.014442296,0,0.1454952359199524,0.7614155,0.864289,0.9999902,0.9721843,0,0.19927185773849487,0.13082235,0.064821675,3.6494284e-06,0.013373433,0,0.6552329659461975
TSBD_WSSV_af3c48a08c,1,0,2,0.860812,0.0047501153,0.11601749,0.075354055,1.8126675e-05,0.018483927,0,0.1454952359199524,0.081427544,0.050633043,1.7465125e-06,0.008551633,0,0.19927185773849487,0.8025549,0.8740129,0.9999801,0.9729644,0,0.6552329659461975
TSBD_WSSV_3dae79f506,1,0,2,0.8436781,0.0044014957,0.096479096,0.13019173,0.00024780887,0.037682243,0,0.1454952359199524,0.09850479,0.05497992,4.0308328e-06,0.011300038,0,0.19927185773849487,0.80501616,0.81482834,0.9997482,0.95101774,0,0.6552329659461975
TSBD_WSSV_80515fe4b2,1,0,2,0.8337461,0.008976007,0.064553194,0.058253407,5.8593573e-06,0.010749529,0,0.1454952359199524,0.14456265,0.064829625,6.1570777e-06,0.01510589,0,0.19927185773849487,0.7908842,0.8769169,0.99998796,0.9741446,0,0.6552329659461975
TSBD_WSSV_aee31f5ae6,1,0,2,0.84835935,0.0052993875,0.11199762,0.094994016,5.3842643e-05,0.025353817,0,0.1454952359199524,0.09647449,0.0473222,1.3393721e-06,0.008401087,0,0.19927185773849487,0.7915279,0.8576838,0.9999448,0.9662451,0,0.6552329659461975
TSBD_WSSV_0ef579b068,1,0,2,0.7855696,0.010884619,0.20361774,0.1156471,0.0001286137,0.04177577,0,0.1454952359199524,0.07853787,0.044655908,1.1275966e-06,0.007563536,0,0.19927185773849487,0.7178444,0.83969706,0.9998703,0.95066065,0,0.6552329659461975
TSBD_WSSV_f70db8236e,1,0,2,0.8208522,0.00899904,0.14467548,0.07950252,2.3395996e-05,0.021877054,0,0.1454952359199524,0.091657154,0.053402446,2.3631842e-06,0.009856233,0,0.19927185773849487,0.7636673,0.867095,0.99997425,0.9682667,0,0.6552329659461975
TSBD_WSSV_36e3c23fc4,1,0,2,0.87089115,0.0037307232,0.09819543,0.07215157,1.4913738e-05,0.016380893,0,0.1454952359199524,0.088108994,0.05318344,2.201403e-06,0.009377221,0,0.19927185773849487,0.8136956,0.87466496,0.99998295,0.9742419,0,0.6552329659461975
TSBD_WSSV_7e34390794,1,0,2,0.87044775,0.004490693,0.07596175,0.059293322,6.461183e-06,0.011561887,0,0.1454952359199524,0.10580485,0.05892519,3.7246186e-06,0.011596689,0,0.19927185773849487,0.8182335,0.8817815,0.99998987,0.97684145,0,0.6552329659461975
TSBD_WSSV_bd80b0d581,1,0,2,0.8291974,0.0089516975,0.1452529,0.07136718,1.4260618e-05,0.018766943,0,0.1454952359199524,0.0762681,0.05266634,2.1266594e-06,0.0089288885,0,0.19927185773849487,0.778479,0.8759665,0.99998355,0.9723041,0,0.6552329659461975
TSBD_WSSV_a456bae923,1,0,2,0.8526787,0.005897533,0.11762278,0.071069956,1.4198399e-05,0.01726533,0,0.1454952359199524,0.08623524,0.05274054,2.1584776e-06,0.009291385,0,0.19927185773849487,0.796142,0.87618953,0.99998367,0.97344327,0,0.6552329659461975
TSBD_WSSV_b6178797f6,1,1,2,0.87462884,0.0038646385,0.08557292,0.06299952,8.316881e-06,0.013020195,0,0.1454952359199524,0.094072446,0.055865634,2.79121e-06,0.0102492375,0,0.19927185773849487,0.82035464,0.8811348,0.9999889,0.9767306,1,0.6552329659461975
TSBD_WSSV_69762898eb,1,0,2,0.81230515,0.010831958,0.086162865,0.09157633,4.8017104e-05,0.022401368,0,0.1454952359199524,0.13656881,0.051990196,2.2053516e-06,0.011017021,0,0.19927185773849487,0.77726835,0.8564335,0.9999497,0.9665816,0,0.6552329659461975
TSBD_WSSV_a73de688c2,1,0,2,0.69144917,0.022435248,0.066242196,0.04844966,5.0899625e-06,0.010291987,0,0.1454952359199524,0.29951462,0.13488948,0.00033250113,0.06382244,0,0.19927185773849487,0.63424313,0.8166609,0.9996624,0.92588556,0,0.6552329659461975
TSBD_WSSV_03cb710db8,1,0,2,0.8395184,0.008030531,0.063813575,0.052750226,4.1009666e-06,0.009522691,0,0.1454952359199524,0.14445862,0.06969804,8.84293e-06,0.016754856,0,0.19927185773849487,0.79172784,0.8775517,0.9999871,0.9737224,0,0.6552329659461975
TSBD_WSSV_7f2c043791,1,0,2,0.8503891,0.0055698594,0.11317219,0.083632015,2.82953e-05,0.021097785,0,0.1454952359199524,0.09419685,0.049058467,1.5330644e-06,0.008686874,0,0.19927185773849487,0.792631,0.8673095,0.9999702,0.9702154,0,0.6552329659461975
TSBD_WSSV_426ff318e2,1,0,2,0.8645339,0.0053228326,0.07331913,0.061368603,7.350336e-06,0.011916717,0,0.1454952359199524,0.11124582,0.057187058,3.1275354e-06,0.011259443,0,0.19927185773849487,0.81543505,0.88144433,0.9999895,0.97682387,0,0.6552329659461975
TSBD_WSSV_3cb87dc046,1,0,2,0.8414975,0.007861503,0.07839167,0.06675402,1.1048998e-05,0.013862859,0,0.1454952359199524,0.12583601,0.05693152,3.2605847e-06,0.011931047,0,0.19927185773849487,0.7957724,0.8763144,0.9999857,0.9742061,0,0.6552329659461975
TSBD_WSSV_4c414428d2,1,1,2,0.8746387,0.0038958164,0.08283439,0.062626645,8.060691e-06,0.0127567565,0,0.1454952359199524,0.09627293,0.05623727,2.8606737e-06,0.010413131,0,0.19927185773849487,0.8208927,0.8811361,0.99998903,0.97683007,1,0.6552329659461975
TSBD_WSSV_4896029d97,1,1,2,0.873835,0.0037903902,0.09199954,0.06593391,9.992251e-06,0.014154583,0,0.1454952359199524,0.08961887,0.054515462,2.4913134e-06,0.0097521385,0,0.19927185773849487,0.8183816,0.8795506,0.9999875,0.9760933,1,0.6552329659461975
TSBD_WSSV_c549f00277,1,0,2,0.8477352,0.0074581327,0.072620355,0.06266009,8.159478e-06,0.012301844,0,0.1454952359199524,0.12410287,0.056897763,3.1192285e-06,0.0117232315,0,0.19927185773849487,0.80327684,0.88044214,0.9999888,0.9759749,0,0.6552329659461975
TSBD_WSSV_254bdb9f4d,1,0,2,0.8725418,0.0041528717,0.08134667,0.06414225,8.860704e-06,0.013065804,0,0.1454952359199524,0.09883255,0.055384453,2.6705525e-06,0.0103007415,0,0.19927185773849487,0.81982076,0.8804733,0.99998856,0.9766334,0,0.6552329659461975
TSBD_WSSV_b0447870c0,1,0,2,0.81034523,0.012869425,0.060952257,0.05869873,6.26029e-06,0.0107484935,0,0.1454952359199524,0.15788247,0.060142398,4.146521e-06,0.013963184,0,0.19927185773849487,0.78116524,0.8811589,0.9999895,0.97528833,0,0.6552329659461975
TSBD_WSSV_754fa3c73d,1,1,2,0.8757815,0.0037636403,0.08516311,0.062204868,7.824771e-06,0.012761273,0,0.1454952359199524,0.09334917,0.05617518,2.8418415e-06,0.010278845,0,0.19927185773849487,0.82148767,0.88162,0.9999893,0.9769599,1,0.6552329659461975
TSBD_WSSV_9937a0424b,1,1,2,0.87507343,0.003820506,0.086403966,0.062709145,8.125625e-06,0.012974594,0,0.1454952359199524,0.09296229,0.055890072,2.7840802e-06,0.010201902,0,0.19927185773849487,0.8206337,0.8814007,0.99998915,0.9768235,1,0.6552329659461975
TSBD_WSSV_6fa84e41c3,1,1,2,0.87392104,0.0039505474,0.085026294,0.06285019,8.1979715e-06,0.012942801,0,0.1454952359199524,0.09518425,0.056033917,2.84675e-06,0.010348466,0,0.19927185773849487,0.81978947,0.881116,0.9999889,0.9767087,1,0.6552329659461975
TSBD_WSSV_577000701d,1,0,2,0.87368274,0.0040153163,0.08157447,0.06312938,8.289442e-06,0.012808597,0,0.1454952359199524,0.09797493,0.05604441,2.8831644e-06,0.010479776,0,0.19927185773849487,0.8204506,0.8808262,0.9999888,0.97671163,0,0.6552329659461975
TSBD_WSSV_7562704d32,1,1,2,0.87484705,0.0038885726,0.083134055,0.06203373,7.7432405e-06,0.012614437,0,0.1454952359199524,0.09586876,0.056440324,2.9540558e-06,0.01048007,0,0.19927185773849487,0.82099724,0.8815259,0.9999893,0.97690547,1,0.6552329659461975
TSBD_WSSV_ab987277c7,1,0,2,0.8622615,0.004952154,0.08654946,0.07237772,1.5805343e-05,0.015904542,0,0.1454952359199524,0.10353146,0.053650964,2.430617e-06,0.010177106,0,0.19927185773849487,0.80991906,0.8739713,0.99998176,0.9739183,0,0.6552329659461975
TSBD_WSSV_1beeeafcb8,1,0,2,0.8540687,0.0066626836,0.071977824,0.06812396,1.1777671e-05,0.013672484,0,0.1454952359199524,0.11719746,0.054008476,2.4491787e-06,0.010669997,0,0.19927185773849487,0.81082475,0.8778675,0.9999857,0.97565746,0,0.6552329659461975
TSBD_WSSV_e7254cc0d4,1,0,2,0.8729893,0.0041515045,0.079055026,0.06115463,7.3121405e-06,0.01217916,0,0.1454952359199524,0.10082909,0.057358894,3.2236826e-06,0.0109379515,0,0.19927185773849487,0.8201159,0.8814865,0.9999895,0.9768829,0,0.6552329659461975
TSBD_WSSV_b5a8a126ab,1,0,2,0.85225207,0.0046317894,0.0625078,0.04260711,1.8967656e-06,0.007369218,0,0.1454952359199524,0.14900556,0.096077785,4.6530142e-05,0.02731008,0,0.19927185773849487,0.78848666,0.861315,0.9999516,0.9653207,0,0.6552329659461975
TSBD_WSSV_13e41ad5ef,1,0,2,0.87380946,0.004059246,0.07984294,0.061999958,7.731825e-06,0.012431485,0,0.1454952359199524,0.09921065,0.05654883,3.0084896e-06,0.010655239,0,0.19927185773849487,0.82094646,0.8814512,0.9999893,0.97691333,0,0.6552329659461975
TSBD_WSSV_5dd3dca816,1,0,2,0.87160325,0.0043639652,0.077580445,0.06284493,8.197158e-06,0.012533735,0,0.1454952359199524,0.102351636,0.056072876,2.8774623e-06,0.010641107,0,0.19927185773849487,0.82006794,0.8810822,0.9999889,0.9768252,0,0.6552329659461975
TSBD_WSSV_084f7a072a,1,0,2,0.85328877,0.0042250426,0.06550232,0.045059446,2.4244646e-06,0.008074718,0,0.1454952359199524,0.14646502,0.09698433,5.065802e-05,0.02775,0,0.19927185773849487,0.7880327,0.8579562,0.99994695,0.9641752,0,0.6552329659461975
TSBD_WSSV_7d1aec7b17,1,0,0,0.7990352,0.015399067,0.77511775,0.8955519,0.99998593,0.9745769,0,0.1454952359199524,0.0703847,0.049465846,4.8744596e-06,0.00990234,0,0.19927185773849487,0.15449756,0.054982275,9.182527e-06,0.015520757,0,0.6552329659461975
TSBD_WSSV_93545fad41,1,0,2,0.86403984,0.0041388106,0.09148508,0.08875221,3.8285165e-05,0.021233503,0,0.1454952359199524,0.0955681,0.049250647,1.6284923e-06,0.008796593,0,0.19927185773849487,0.8129468,0.8619971,0.99996006,0.96996987,0,0.6552329659461975
TSBD_WSSV_ef783ed00d,0,0,0,0.29600403,0.14741954,0.3598593,0.8612907,0.99985397,0.92123175,0,0.1454952359199524,0.06565884,0.03958827,1.5927094e-06,0.008796352,0,0.19927185773849487,0.5744819,0.099121,0.00014451821,0.06997187,0,0.6552329659461975
TSBD_WSSV_8b081aa68f,1,0,2,0.86341053,0.0047586253,0.081447504,0.079761595,2.345809e-05,0.017591616,0,0.1454952359199524,0.10327965,0.051891737,2.038067e-06,0.009664419,0,0.19927185773849487,0.8152728,0.86834663,0.9999745,0.9727439,0,0.6552329659461975
TSBD_WSSV_6afbaad0ae,1,0,2,0.6496045,0.014789637,0.30708534,0.2684734,0.013749756,0.1833251,0,0.1454952359199524,0.14260018,0.05261553,6.0804523e-06,0.014363065,0,0.19927185773849487,0.5503145,0.6789111,0.98624414,0.80231184,0,0.6552329659461975
TSBD_WSSV_9223e4a32b,1,0,2,0.78127724,0.003163291,0.09145583,0.053087905,1.0257567e-05,0.013274715,0,0.1454952359199524,0.2198494,0.20609078,0.004237482,0.110824555,0,0.19927185773849487,0.6886948,0.7408213,0.99575233,0.87590075,0,0.6552329659461975
TSBD_WSSV_98ea43065f,1,0,2,0.8704041,0.0044739386,0.07620589,0.058576662,6.06902e-06,0.01137056,0,0.1454952359199524,0.105993785,0.059603263,3.891488e-06,0.011768703,0,0.19927185773849487,0.81780034,0.8818201,0.99999,0.97686076,0,0.6552329659461975
TSBD_WSSV_eb247f0a00,1,0,2,0.87361854,0.003914322,0.08697484,0.0633764,8.439516e-06,0.013177727,0,0.1454952359199524,0.09410494,0.056125913,2.8158709e-06,0.010297515,0,0.19927185773849487,0.8189202,0.8804977,0.9999887,0.9765248,0,0.6552329659461975
TSBD_WSSV_97fa50601b,1,1,2,0.8759634,0.0036947452,0.08725214,0.062738664,8.17969e-06,0.013036576,0,0.1454952359199524,0.09153471,0.05601176,2.7924614e-06,0.01016089,0,0.19927185773849487,0.82121307,0.8812496,0.99998903,0.97680247,1,0.6552329659461975
TSBD_WSSV_8b6c4507a2,1,0,2,0.8372699,0.0064425096,0.09467653,0.13877866,0.00032123888,0.04035786,0,0.1454952359199524,0.08972395,0.042344783,1.0225266e-06,0.007350984,0,0.19927185773849487,0.81559956,0.8188765,0.99967766,0.95229113,0,0.6552329659461975
TSBD_WSSV_5c925439ac,1,0,2,0.8680917,0.0037485408,0.10568143,0.07681787,2.0383697e-05,0.01843641,0,0.1454952359199524,0.08504862,0.05187244,2.1195963e-06,0.009105793,0,0.19927185773849487,0.80927,0.87130976,0.99997747,0.9724578,0,0.6552329659461975
TSBD_WSSV_1d810bc413,1,1,2,0.874158,0.0039008139,0.08478767,0.06248283,7.87525e-06,0.012794368,0,0.1454952359199524,0.09539346,0.056592762,2.9293312e-06,0.010463688,0,0.19927185773849487,0.81981885,0.8809244,0.99998915,0.9767419,1,0.6552329659461975
TSBD_WSSV_26de7fcd80,1,0,2,0.8489676,0.006572008,0.07673922,0.08153314,2.6179292e-05,0.01786034,0,0.1454952359199524,0.11658605,0.05335745,2.393934e-06,0.010588351,0,0.19927185773849487,0.8066747,0.86510944,0.9999714,0.9715513,0,0.6552329659461975
TSBD_WSSV_8aa47f5a65,0,0,0,0.09400865,0.33429086,0.11752157,0.8766572,0.999949,0.90052223,0,0.1454952359199524,0.7591181,0.07700511,4.6655772e-05,0.07879659,0,0.19927185773849487,0.12336035,0.04633767,4.3807077e-06,0.020681161,0,0.6552329659461975
TSBD_WSSV_d889bfa7f2,1,1,1,0.84742147,0.005524505,0.10282737,0.07266753,6.9863636e-06,0.014588103,0,0.1454952359199524,0.7864308,0.86422646,0.99998975,0.97335213,1,0.19927185773849487,0.11074184,0.063106045,3.2542262e-06,0.012059737,0,0.6552329659461975
TSBD_WSSV_8a85146e3e,1,0,2,0.6324173,0.00014547596,0.39648208,0.38977462,0.12331114,0.338232,0,0.1454952359199524,0.07237701,0.06542144,4.1855656e-05,0.01690655,0,0.19927185773849487,0.5311409,0.544804,0.87664694,0.6448614,0,0.6552329659461975
TSBD_WSSV_439d0a5c3f,1,0,2,0.87228614,0.004070948,0.08611602,0.06397578,8.934668e-06,0.013343174,0,0.1454952359199524,0.09589376,0.055799033,2.8313748e-06,0.010352978,0,0.19927185773849487,0.81799024,0.8802251,0.9999882,0.9763039,0,0.6552329659461975
TSBD_WSSV_3f0184301c,1,0,2,0.86758256,0.0046317447,0.0836461,0.060130034,6.847255e-06,0.012198602,0,0.1454952359199524,0.10292756,0.059125826,3.7971874e-06,0.0115701305,0,0.19927185773849487,0.8134263,0.88074416,0.9999894,0.9762313,0,0.6552329659461975
TSBD_WSSV_00abe397a8,1,0,2,0.86825645,0.004398198,0.099152796,0.065442376,9.760718e-06,0.014444274,0,0.1454952359199524,0.08840998,0.054802246,2.5471634e-06,0.009792694,0,0.19927185773849487,0.81243724,0.87975544,0.9999877,0.975763,0,0.6552329659461975
TSBD_WSSV_f49daeee4d,1,0,2,0.8673851,0.0042935265,0.10267783,0.069822,1.3064671e-05,0.015974674,0,0.1454952359199524,0.086704165,0.052936133,2.1774224e-06,0.009289445,0,0.19927185773849487,0.81061804,0.8772419,0.99998474,0.97473586,0,0.6552329659461975
TSBD_WSSV_e3a3f70bef,1,0,2,0.8402157,0.0038771648,0.12556453,0.14266182,0.00036530924,0.046650484,0,0.1454952359199524,0.086181,0.043867745,1.2159418e-06,0.0076846494,0,0.19927185773849487,0.78825444,0.8134704,0.99963343,0.9456649,0,0.6552329659461975
TSBD_WSSV_4c6acaba53,1,0,2,0.8611227,0.0053366725,0.11118786,0.06399937,8.945965e-06,0.014655214,0,0.1454952359199524,0.08206429,0.055324607,2.682303e-06,0.0096992105,0,0.19927185773849487,0.8067478,0.880676,0.9999883,0.9756456,0,0.6552329659461975
TSBD_WSSV_1a5ee9d7a4,1,0,2,0.8702185,0.003415423,0.09925529,0.07412382,1.770228e-05,0.017252816,0,0.1454952359199524,0.08971058,0.055872936,3.0608842e-06,0.010323207,0,0.19927185773849487,0.8110341,0.8700033,0.99997914,0.972424,0,0.6552329659461975
TSBD_WSSV_1d745dbab2,0,0,0,0.30343428,0.1397527,0.40989605,0.8840031,0.9999603,0.94653493,0,0.1454952359199524,0.07293328,0.04156703,2.0470727e-06,0.009516729,0,0.19927185773849487,0.51717067,0.07442984,3.7620543e-05,0.043948412,0,0.6552329659461975
TSBD_WSSV_04529c8937,1,0,2,0.8670192,0.0047293324,0.08338506,0.060436208,7.0398264e-06,0.012281704,0,0.1454952359199524,0.10337729,0.058612816,3.5908217e-06,0.011414732,0,0.19927185773849487,0.8132376,0.880951,0.9999894,0.9763036,0,0.6552329659461975
TSBD_WSSV_eb7b8b7c67,1,0,2,0.872688,0.004033593,0.090864815,0.062122535,7.85189e-06,0.013074472,0,0.1454952359199524,0.091572545,0.056633938,2.973666e-06,0.01035594,0,0.19927185773849487,0.81756264,0.8812435,0.99998915,0.9765696,0,0.6552329659461975
TSBD_WSSV_4c43a3a8a6,1,0,2,0.8679024,0.0041519925,0.09267585,0.075973354,1.9029574e-05,0.017255541,0,0.1454952359199524,0.093711026,0.05091944,1.8019167e-06,0.009029801,0,0.19927185773849487,0.8136132,0.8731072,0.99997914,0.97371465,0,0.6552329659461975
TSBD_WSSV_417fc1cab3,1,0,2,0.87328094,0.0038471539,0.08949201,0.066006415,1.02118765e-05,0.0140888,0,0.1454952359199524,0.092345595,0.05488196,2.5877227e-06,0.0099617895,0,0.19927185773849487,0.81816244,0.87911165,0.9999871,0.9759494,0,0.6552329659461975
TSBD_WSSV_59c834cf6e,1,0,2,0.8306937,0.0027118344,0.07582947,0.048099805,5.5412243e-06,0.010325383,0,0.1454952359199524,0.140506,0.1784427,0.0015798731,0.07159279,0,0.19927185773849487,0.7836646,0.7734575,0.9984145,0.9180818,0,0.6552329659461975
TSBD_WSSV_97681928ee,1,0,2,0.8681337,0.0033267858,0.086698376,0.079394646,2.678975e-05,0.018462025,0,0.1454952359199524,0.101686865,0.058977924,4.2797305e-06,0.011833468,0,0.19927185773849487,0.8116148,0.8616274,0.9999689,0.9697045,0,0.6552329659461975
TSBD_WSSV_0c09630268,1,0,2,0.8300594,0.008011466,0.15174174,0.08260695,2.7557191e-05,0.023279447,0,0.1454952359199524,0.07540264,0.04877574,1.4947911e-06,0.008027397,0,0.19927185773849487,0.7728557,0.86861736,0.9999709,0.96869314,0,0.6552329659461975
TSBD_WSSV_919a1fc43f,1,0,2,0.7750079,0.016152821,0.19372162,0.078300305,2.1441128e-05,0.0238731,0,0.1454952359199524,0.06855379,0.05006237,1.6742194e-06,0.008149049,0,0.19927185773849487,0.73772454,0.87163734,0.9999769,0.9679778,0,0.6552329659461975
TSBD_WSSV_df52a25a1c,0,0,0,0.14502731,0.24271946,0.12895706,0.78365695,0.9980823,0.7877711,0,0.1454952359199524,0.3706727,0.051633585,8.898379e-06,0.032762926,0,0.19927185773849487,0.5003703,0.16470942,0.0019088102,0.17946598,0,0.6552329659461975
TSBD_WSSV_b6df8b235a,1,0,2,0.8713689,0.00411262,0.08767739,0.066771924,1.0785004e-05,0.014220199,0,0.1454952359199524,0.09511851,0.054199383,2.4922954e-06,0.009937429,0,0.19927185773849487,0.8172042,0.87902874,0.99998677,0.97584236,0,0.6552329659461975
TSBD_WSSV_66dac7b3cb,1,0,2,0.860886,0.0051136566,0.09827585,0.06579636,1.0330038e-05,0.014643946,0,0.1454952359199524,0.0967189,0.05627205,3.064204e-06,0.010644243,0,0.19927185773849487,0.80500525,0.87793154,0.9999865,0.97471184,0,0.6552329659461975
TSBD_WSSV_cb728bde71,1,0,2,0.6526834,0.024725273,0.34854904,0.172668,0.00092028856,0.09392639,0,0.1454952359199524,0.07063452,0.04168032,1.0411218e-06,0.00729609,0,0.19927185773849487,0.58081645,0.7856516,0.99907863,0.89877754,0,0.6552329659461975
TSBD_WSSV_11dccea294,1,0,2,0.8605329,0.0030271155,0.11518526,0.11388237,0.000118283395,0.032408126,0,0.1454952359199524,0.08094024,0.043832187,1.0353684e-06,0.0072253398,0,0.19927185773849487,0.8038745,0.84228534,0.9998807,0.96036655,0,0.6552329659461975
TSBD_WSSV_6c97d0a038,1,0,2,0.8665536,0.0034476612,0.10260309,0.09579032,5.231837e-05,0.024354246,0,0.1454952359199524,0.08537345,0.04561751,1.1411428e-06,0.0076099746,0,0.19927185773849487,0.8120235,0.8585921,0.9999465,0.96803576,0,0.6552329659461975
TSBD_WSSV_7930144273,1,1,0,0.85258394,0.004690415,0.78974783,0.8620191,0.9998766,0.9600706,1,0.1454952359199524,0.073637694,0.043337684,2.5365446e-06,0.008281968,0,0.19927185773849487,0.13661446,0.09464322,0.000120869394,0.03164738,0,0.6552329659461975
TSBD_WSSV_46e8a68895,1,0,2,0.6330071,0.02722159,0.06755817,0.047404118,1.5215292e-05,0.011526303,0,0.1454952359199524,0.14030482,0.33659634,0.10402431,0.21029611,0,0.19927185773849487,0.7921369,0.6159995,0.89596057,0.77817756,0,0.6552329659461975
TSBD_WSSV_68675dc12f,0,0,1,0.119897276,0.2938357,0.064655095,0.12756534,9.33971e-05,0.043365866,0,0.1454952359199524,0.18464246,0.8188908,0.99990463,0.92459214,0,0.19927185773849487,0.75070244,0.05354379,1.9859872e-06,0.032041933,0,0.6552329659461975
TSBD_WSSV_33b5dd7e52,1,0,0,0.77150553,0.012148542,0.7131868,0.82174283,0.9990766,0.9277575,0,0.1454952359199524,0.16793865,0.13562477,0.0009195086,0.061422683,0,0.19927185773849487,0.118874535,0.042632412,3.8589947e-06,0.010819853,0,0.6552329659461975
TSBD_WSSV_eaf8feba8d,1,0,2,0.7811537,0.011875842,0.18417211,0.103920974,8.241722e-05,0.03524631,0,0.1454952359199524,0.0991616,0.052585766,2.6690727e-06,0.010518364,0,0.19927185773849487,0.7166663,0.8434933,0.999915,0.9542354,0,0.6552329659461975
TSBD_WSSV_a092abcd48,1,0,2,0.77955675,0.010562414,0.08570421,0.18102987,0.0016075603,0.061572194,0,0.1454952359199524,0.115641676,0.085047275,5.364667e-05,0.024658047,0,0.19927185773849487,0.79865414,0.7339229,0.9983387,0.9137697,0,0.6552329659461975
TSBD_WSSV_8c4a48a3c8,0,0,0,0.20304531,0.21227072,0.2651269,0.8739435,0.9998902,0.91734993,0,0.1454952359199524,0.6685028,0.09092249,0.00010846813,0.07377632,0,0.19927185773849487,0.06637024,0.03513399,1.3208331e-06,0.008873723,0,0.6552329659461975
TSBD_WSSV_36e8b7c576,1,0,0,0.7571922,0.021253884,0.74338335,0.8933513,0.99998176,0.97177017,0,0.1454952359199524,0.070211664,0.044991404,2.9304554e-06,0.008673992,0,0.19927185773849487,0.18640502,0.0616573,1.5213104e-05,0.019555887,0,0.6552329659461975
TSBD_WSSV_f62b02d7ce,1,1,0,0.86743945,0.006563143,0.8273882,0.89953834,0.9999888,0.978598,1,0.1454952359199524,0.10786937,0.050396048,5.2828614e-06,0.011541568,0,0.19927185773849487,0.06474237,0.05006558,5.962643e-06,0.009860402,0,0.6552329659461975
TSBD_WSSV_7b5c5d4331,1,1,1,0.83149403,0.007526664,0.10343385,0.07075698,6.2359995e-06,0.01419368,0,0.1454952359199524,0.7729282,0.8646064,0.9999901,0.9727514,1,0.19927185773849487,0.12363802,0.06463665,3.6821743e-06,0.013054955,0,0.6552329659461975
TSBD_WSSV_1115f3a7b9,0,0,0,0.10013985,0.3223449,0.12734796,0.877394,0.99995506,0.90596145,0,0.1454952359199524,0.15071763,0.04568856,2.9806795e-06,0.019955503,0,0.19927185773849487,0.72193444,0.07691746,4.1978095e-05,0.074083045,0,0.6552329659461975
TSBD_WSSV_8b19cf1542,1,0,1,0.6397168,0.027714744,0.3194404,0.13206922,0.00015650349,0.058080636,0,0.1454952359199524,0.5820793,0.7830428,0.99982244,0.92079127,0,0.19927185773849487,0.09848031,0.084888,2.1129683e-05,0.021128133,0,0.6552329659461975
TSBD_WSSV_e980aeec5d,1,1,0,0.882871,0.004501788,0.83702636,0.8996207,0.9999889,0.97903794,1,0.1454952359199524,0.09006282,0.050041407,5.006686e-06,0.010646681,0,0.19927185773849487,0.07291085,0.050337855,6.1051155e-06,0.010315339,0,0.6552329659461975
TSBD_WSSV_78620c7961,0,0,0,0.23647153,0.18707508,0.26991668,0.84958124,0.99965,0.8902586,0,0.1454952359199524,0.65644306,0.11524052,0.00034857568,0.10061777,0,0.19927185773849487,0.073640235,0.035178155,1.4186835e-06,0.009123558,0,0.6552329659461975
TSBD_WSSV_5cfa598cc4,1,0,0,0.82933086,0.010922738,0.7915912,0.89652425,0.99998677,0.97580487,0,0.1454952359199524,0.11116067,0.048488848,4.2798556e-06,0.011146623,0,0.19927185773849487,0.09724803,0.054986946,8.95881e-06,0.013048511,0,0.6552329659461975
TSBD_WSSV_2ab0d58abb,1,0,0,0.7841325,0.017553404,0.7646039,0.8957866,0.99998677,0.9743497,0,0.1454952359199524,0.076288514,0.050486144,5.248827e-06,0.010479048,0,0.19927185773849487,0.15910754,0.053727295,8.018855e-06,0.015171312,0,0.6552329659461975
TSBD_WSSV_d63f9ec96f,0,0,0,0.07272267,0.3730657,0.10365044,0.896926,0.9999876,0.9263132,0,0.1454952359199524,0.1504749,0.050541397,5.275474e-06,0.025455082,0,0.19927185773849487,0.74587464,0.052532688,7.1728177e-06,0.048231743,0,0.6552329659461975
TSBD_WSSV_c6d6c44306,1,0,0,0.75450283,0.020644896,0.73163354,0.8872077,0.9999608,0.96644694,0,0.1454952359199524,0.19513342,0.073343135,3.7045967e-05,0.02575392,0,0.19927185773849487,0.07323306,0.039449185,2.1163573e-06,0.0077991956,0,0.6552329659461975
TSBD_WSSV_0e98c598e2,0,0,0,0.06331709,0.377419,0.07080341,0.87691045,0.99995553,0.8828887,0,0.1454952359199524,0.54934686,0.074107364,3.8391314e-05,0.07785589,0,0.19927185773849487,0.37984973,0.048982125,6.0574034e-06,0.03925539,0,0.6552329659461975
TSBD_WSSV_0e0b18da56,0,0,0,0.10314076,0.32044017,0.16140324,0.89503855,0.99998605,0.9369585,0,0.1454952359199524,0.09427092,0.049675994,4.8452057e-06,0.018280333,0,0.19927185773849487,0.7443259,0.05528554,9.014244e-06,0.04476118,0,0.6552329659461975
TSBD_WSSV_0e04e30a96,1,0,0,0.62353504,0.04540283,0.67061085,0.8963591,0.99998593,0.97028905,0,0.1454952359199524,0.06761602,0.048160534,4.25717e-06,0.009830451,0,0.19927185773849487,0.2617732,0.055480406,9.802857e-06,0.019880531,0,0.6552329659461975
TSBD_WSSV_b14315239e,1,0,0,0.3767772,0.10372147,0.48313686,0.8812891,0.9999503,0.949011,0,0.1454952359199524,0.065315135,0.040612996,1.8046816e-06,0.008374947,0,0.19927185773849487,0.45154798,0.07809792,4.795723e-05,0.04261403,0,0.6552329659461975
TSBD_WSSV_ad26e82e3c,0,0,0,0.2751565,0.16174999,0.23978117,0.7907627,0.9965377,0.8024146,0,0.1454952359199524,0.6716484,0.17388536,0.0034604592,0.18753776,0,0.19927185773849487,0.08857045,0.035351966,1.9072972e-06,0.010047659,0,0.6552329659461975
TSBD_WSSV_cda41068f5,1,0,0,0.8132136,0.013586335,0.7860532,0.89779395,0.9999875,0.9759358,0,0.1454952359199524,0.06895595,0.048250455,4.1705694e-06,0.009379931,0,0.19927185773849487,0.14499083,0.05395558,8.306184e-06,0.014684208,0,0.6552329659461975
TSBD_WSSV_f51f241a0d,1,0,0,0.35058886,0.11536174,0.48275518,0.8967929,0.9999871,0.9628803,0,0.1454952359199524,0.40124908,0.049971435,5.114918e-06,0.021525089,0,0.19927185773849487,0.11599574,0.053235695,7.768816e-06,0.015594612,0,0.6552329659461975
TSBD_WSSV_2578508dff,1,1,0,0.87244,0.005619025,0.82688636,0.89861196,0.9999883,0.9782415,1,0.1454952359199524,0.09185291,0.049169086,4.5583847e-06,0.010479484,0,0.19927185773849487,0.08126076,0.05221894,7.1250374e-06,0.011279035,0,0.6552329659461975
TSBD_WSSV_45511a46f0,1,1,0,0.86557364,0.0068764826,0.8270104,0.8997758,0.9999887,0.9786181,1,0.1454952359199524,0.11123164,0.050835997,5.5681394e-06,0.011836523,0,0.19927185773849487,0.061757952,0.049388196,5.6752438e-06,0.009545416,0,0.6552329659461975
TSBD_WSSV_87146ab98c,1,1,0,0.8505619,0.008717241,0.81476146,0.89910257,0.99998856,0.97787523,1,0.1454952359199524,0.1202153,0.051103145,5.636042e-06,0.01227982,0,0.19927185773849487,0.0650232,0.049794376,5.8008973e-06,0.009844953,0,0.6552329659461975
TSBD_WSSV_e143d38f01,0,0,1,0.15733343,0.25318447,0.066206284,0.06517159,4.3077916e-06,0.01637861,0,0.1454952359199524,0.2181289,0.8607768,0.9999888,0.939798,0,0.19927185773849487,0.71566474,0.07405164,6.8771847e-06,0.043823414,0,0.6552329659461975
TSBD_WSSV_ea73217725,0,0,0,0.15758194,0.2532103,0.19919331,0.86768234,0.9998925,0.9054235,0,0.1454952359199524,0.08703057,0.039736398,1.5577748e-06,0.011664691,0,0.19927185773849487,0.7137762,0.092581265,0.00010602525,0.082911834,0,0.6552329659461975
TSBD_WSSV_7568f33745,0,0,1,0.26480153,0.16938433,0.68021435,0.1449762,0.00017023263,0.101561636,0,0.1454952359199524,0.25761664,0.8080601,0.99982846,0.888561,0,0.19927185773849487,0.062169,0.046963673,1.2314894e-06,0.009877378,0,0.6552329659461975
TSBD_WSSV_c0b728f042,0,0,1,0.1980409,0.21259457,0.09911344,0.066697344,4.972143e-06,0.018321225,0,0.1454952359199524,0.26832473,0.86246085,0.9999893,0.94463444,0,0.19927185773849487,0.6325618,0.07084178,5.7250086e-06,0.037044372,0,0.6552329659461975
TSBD_WSSV_7555e38281,0,0,1,0.23476581,0.1796628,0.15373993,0.046349723,7.221216e-06,0.019634154,0,0.1454952359199524,0.08784454,0.63762087,0.97267085,0.5573654,0,0.19927185773849487,0.7584156,0.31602943,0.027321953,0.42300045,0,0.6552329659461975
TSBD_WSSV_d921343af4,1,0,2,0.67957413,0.02593735,0.11809561,0.2918649,0.016632512,0.13380043,0,0.1454952359199524,0.081653245,0.03816117,1.2855352e-06,0.0070858123,0,0.19927185773849487,0.80025107,0.6699739,0.9833662,0.8591138,0,0.6552329659461975
TSBD_WSSV_94a3c39469,1,0,0,0.34171408,0.1179902,0.47163832,0.8958526,0.99998355,0.9594741,0,0.1454952359199524,0.43281242,0.059639085,1.2873053e-05,0.028933112,0,0.19927185773849487,0.095549256,0.04450829,3.611816e-06,0.011592793,0,0.6552329659461975
TSBD_WSSV_65692fdd3f,0,0,0,0.26138508,0.13018902,0.07385993,0.51925933,0.5891731,0.3323875,0,0.1454952359199524,0.13723895,0.062328324,5.3578908e-05,0.024731722,0,0.19927185773849487,0.7889011,0.41841233,0.41077334,0.64288074,0,0.6552329659461975
TSBD_WSSV_0464ee44c0,1,0,2,0.71721375,0.025852127,0.06591512,0.16894025,0.0008212356,0.04781893,0,0.1454952359199524,0.1463795,0.044940952,1.4773599e-06,0.009842063,0,0.19927185773849487,0.7877054,0.7861188,0.9991773,0.94233894,0,0.6552329659461975
TSBD_WSSV_51f7222cef,1,0,2,0.54364944,0.043779753,0.07784533,0.30367902,0.053658113,0.15228967,0,0.1454952359199524,0.19455448,0.13545686,0.0012532162,0.06883437,0,0.19927185773849487,0.72760016,0.56086415,0.94508857,0.77887595,0,0.6552329659461975
TSBD_WSSV_148921b882,1,0,2,0.8675162,0.0036772215,0.093135975,0.055035707,5.012839e-06,0.01148144,0,0.1454952359199524,0.097886905,0.0763156,1.2780632e-05,0.016320696,0,0.19927185773849487,0.8089771,0.86864865,0.99998224,0.9721979,0,0.6552329659461975
TSBD_WSSV_49f573118f,0,0,0,0.35656697,0.1182547,0.24459995,0.719758,0.98496616,0.71786344,0,0.1454952359199524,0.074689075,0.036401592,1.7260483e-06,0.008734111,0,0.19927185773849487,0.68071103,0.24384041,0.015032094,0.27340242,0,0.6552329659461975
TSBD_WSSV_f7bb98aadd,0,0,0,0.22441697,0.1945019,0.29725784,0.8755151,0.99993,0.92825794,0,0.1454952359199524,0.07126748,0.0392213,1.4719451e-06,0.009489315,0,0.19927185773849487,0.6314747,0.08526351,6.8494315e-05,0.06225275,0,0.6552329659461975
TSBD_WSSV_32f477127b,1,1,1,0.8237643,0.008702591,0.09402759,0.07018651,5.9945523e-06,0.01359158,0,0.1454952359199524,0.76943916,0.86462665,0.9999902,0.97274286,1,0.19927185773849487,0.13653326,0.06518677,3.7868983e-06,0.013665548,0,0.6552329659461975
TSBD_WSSV_6532d5dd16,1,0,0,0.82755274,0.012150932,0.803333,0.8995762,0.9999889,0.97769785,0,0.1454952359199524,0.13874139,0.05069791,5.4081875e-06,0.01281749,0,0.19927185773849487,0.057925586,0.049726,5.7795237e-06,0.009484636,0,0.6552329659461975
TSBD_WSSV_399a1e23cc,1,0,2,0.8049199,0.0103296265,0.057317127,0.040281516,1.5145552e-06,0.0067668944,0,0.1454952359199524,0.19573626,0.10126467,5.962332e-05,0.032829147,0,0.19927185773849487,0.74694663,0.8584537,0.99993885,0.960404,0,0.6552329659461975
TSBD_WSSV_c07e032039,1,0,2,0.439219,0.06500389,0.076875746,0.034590553,4.579762e-06,0.008395439,0,0.1454952359199524,0.11161286,0.420335,0.29706958,0.26990274,0,0.19927185773849487,0.8115114,0.54507446,0.7029258,0.7217018,0,0.6552329659461975
TSBD_WSSV_a3b514246a,0,0,1,0.23483281,0.18940559,0.066967376,0.038854256,1.5691039e-06,0.010416957,0,0.1454952359199524,0.13842925,0.7226154,0.9962644,0.7243089,0,0.19927185773849487,0.7946034,0.23853037,0.0037340752,0.26527408,0,0.6552329659461975
TSBD_WSSV_9e8ca9f55f,0,0,1,0.13093191,0.2846257,0.0694307,0.047542907,1.5950379e-06,0.013414244,0,0.1454952359199524,0.13490255,0.8368769,0.99993396,0.88813573,0,0.19927185773849487,0.7956667,0.11558021,6.4477885e-05,0.098450065,0,0.6552329659461975
TSBD_WSSV_978efa34a6,0,0,1,0.24752131,0.17862517,0.07870161,0.040851504,2.6741855e-06,0.012154219,0,0.1454952359199524,0.117373645,0.67914087,0.9889649,0.64330775,0,0.19927185773849487,0.8039248,0.28000766,0.011032458,0.34453806,0,0.6552329659461975
TSBD_WSSV_4575fa460f,1,0,2,0.86060965,0.00370247,0.06531628,0.041491386,1.6400018e-06,0.00716429,0,0.1454952359199524,0.13763939,0.09728619,4.4262637e-05,0.026378864,0,0.19927185773849487,0.79704434,0.86122245,0.9999541,0.96645683,0,0.6552329659461975
TSBD_WSSV_6e2231b074,0,0,1,0.45545697,0.07106516,0.060078602,0.036728866,3.304834e-06,0.008401638,0,0.1454952359199524,0.2259129,0.59109163,0.92735934,0.5731948,0,0.19927185773849487,0.7140085,0.37217948,0.072637364,0.41840357,0,0.6552329659461975
TSBD_WSSV_18c088457d,1,0,2,0.8180537,0.005257055,0.07123386,0.038317982,1.9813508e-06,0.0073922947,0,0.1454952359199524,0.13506529,0.19382891,0.0021307087,0.07747276,0,0.19927185773849487,0.7937009,0.76785314,0.9978672,0.9151349,0,0.6552329659461975
TSBD_WSSV_77302aa089,1,0,2,0.7519462,0.016764497,0.103526965,0.046995148,5.338618e-06,0.011333437,0,0.1454952359199524,0.09529859,0.20850371,0.0032536073,0.07761357,0,0.19927185773849487,0.80117446,0.7445012,0.9967411,0.911053,0,0.6552329659461975
TSBD_WSSV_bc1451b5cd,1,0,2,0.7234893,0.018358033,0.05449962,0.036686495,1.277855e-06,0.0063461126,0,0.1454952359199524,0.28343177,0.13729785,0.00031903613,0.06173333,0,0.19927185773849487,0.66206855,0.82601565,0.9996797,0.9319206,0,0.6552329659461975
TSBD_WSSV_2c0825dfbc,1,1,2,0.8752346,0.0038021319,0.08688604,0.062506765,7.997505e-06,0.012939007,0,0.1454952359199524,0.092426464,0.055987425,2.829647e-06,0.010221775,0,0.19927185773849487,0.8206874,0.88150585,0.99998915,0.97683924,1,0.6552329659461975
TSBD_WSSV_21eca1a9bc,1,0,2,0.83454216,0.008610273,0.10476748,0.063142814,8.335395e-06,0.014193269,0,0.1454952359199524,0.111199014,0.056207925,2.9250896e-06,0.011154351,0,0.19927185773849487,0.7840336,0.8806492,0.9999887,0.97465235,0,0.6552329659461975
TSBD_WSSV_a7578fa09c,1,1,2,0.8754967,0.0037629805,0.087972395,0.06258399,8.092795e-06,0.013032401,0,0.1454952359199524,0.09125863,0.055895954,2.828298e-06,0.0101671005,0,0.19927185773849487,0.820769,0.88152003,0.99998903,0.9768005,1,0.6552329659461975
TSBD_WSSV_8acd11d1ec,1,0,2,0.8620259,0.005266739,0.06992853,0.051119007,3.4998732e-06,0.009327823,0,0.1454952359199524,0.12165267,0.068489745,7.673093e-06,0.015111124,0,0.19927185773849487,0.80841875,0.88039124,0.9999889,0.975561,0,0.6552329659461975
TSBD_WSSV_ce8f668353,1,1,2,0.87555695,0.0037922654,0.08524296,0.061650865,7.531615e-06,0.012618163,0,0.1454952359199524,0.09357078,0.056579266,2.9761352e-06,0.010416957,0,0.19927185773849487,0.82118624,0.88176984,0.9999895,0.97696483,1,0.6552329659461975
TSBD_WSSV_c5bb7f551a,1,0,2,0.87183774,0.0043472787,0.077076666,0.059875794,6.6679618e-06,0.011740181,0,0.1454952359199524,0.103403024,0.05803664,3.3993604e-06,0.011213013,0,0.19927185773849487,0.8195203,0.88208747,0.99998987,0.97704685,0,0.6552329659461975
TSBD_WSSV_95dc6e27d4,1,0,2,0.8226569,0.010099517,0.13440244,0.060222495,6.8420677e-06,0.014629308,0,0.1454952359199524,0.089532234,0.061794363,4.4160547e-06,0.011761942,0,0.19927185773849487,0.7760653,0.8779832,0.9999888,0.97360873,0,0.6552329659461975
TSBD_WSSV_309436940c,1,0,2,0.6827623,0.020296754,0.10526272,0.03389423,2.2418844e-06,0.008140078,0,0.1454952359199524,0.16112077,0.29519737,0.029550955,0.16684805,0,0.19927185773849487,0.7336165,0.67090833,0.9704469,0.82501185,0,0.6552329659461975
TSBD_WSSV_29362e9f5a,1,0,2,0.87057817,0.0043524727,0.083278626,0.058118127,5.847971e-06,0.011607701,0,0.1454952359199524,0.100515515,0.059954055,3.948472e-06,0.011622621,0,0.19927185773849487,0.8162058,0.8819278,0.9999902,0.9767697,0,0.6552329659461975
TSBD_WSSV_e67891395a,1,0,2,0.8708236,0.0041285614,0.07851564,0.050441574,3.290108e-06,0.009513723,0,0.1454952359199524,0.106521934,0.069486134,8.299459e-06,0.014712507,0,0.19927185773849487,0.8149623,0.8800723,0.9999883,0.9757738,0,0.6552329659461975
TSBD_WSSV_2653717417,1,0,2,0.8712343,0.0041128797,0.09833968,0.06419482,8.918272e-06,0.014004886,0,0.1454952359199524,0.08613345,0.05537328,2.715868e-06,0.00986212,0,0.19927185773849487,0.81552684,0.8804319,0.9999883,0.976133,0,0.6552329659461975
TSBD_WSSV_c98c109e0f,1,1,2,0.87399995,0.003875222,0.07639647,0.05265788,3.8559037e-06,0.009902627,0,0.1454952359199524,0.10485968,0.06619087,6.5045956e-06,0.013614673,0,0.19927185773849487,0.8187438,0.8811512,0.9999896,0.9764827,1,0.6552329659461975
TSBD_WSSV_3339e18081,1,0,2,0.8738176,0.004031039,0.08194144,0.06168279,7.5137873e-06,0.012446985,0,0.1454952359199524,0.09772935,0.05667585,3.0074689e-06,0.010611346,0,0.19927185773849487,0.82032925,0.8816414,0.9999895,0.9769417,0,0.6552329659461975
TSBD_WSSV_f675da990c,1,1,2,0.87403065,0.0040118275,0.08165668,0.06269183,8.05688e-06,0.012697546,0,0.1454952359199524,0.09748339,0.0559306,2.787199e-06,0.010378775,0,0.19927185773849487,0.82085997,0.8813776,0.99998915,0.97692364,1,0.6552329659461975
TSBD_WSSV_e8d0267684,1,1,2,0.8747324,0.003723164,0.0887559,0.0674937,1.1123885e-05,0.0144237215,0,0.1454952359199524,0.09105251,0.05337232,2.2393049e-06,0.009502889,0,0.19927185773849487,0.8201916,0.879134,0.99998665,0.97607344,1,0.6552329659461975
TSBD_WSSV_93ee9c6175,1,1,2,0.87482405,0.0037931427,0.08622369,0.06581045,1.0010461e-05,0.013817647,0,0.1454952359199524,0.09299674,0.05417935,2.3854334e-06,0.009757611,0,0.19927185773849487,0.8207795,0.88001025,0.9999876,0.9764248,1,0.6552329659461975
TSBD_WSSV_56b93bffca,1,1,2,0.8746737,0.003799229,0.08982443,0.06349437,8.582391e-06,0.013377806,0,0.1454952359199524,0.09055585,0.055597845,2.6631722e-06,0.010000488,0,0.19927185773849487,0.8196197,0.8809078,0.9999888,0.9766217,1,0.6552329659461975
TSBD_WSSV_05e0a12846,1,0,2,0.8670192,0.004041259,0.11109135,0.076414905,1.9048244e-05,0.01846105,0,0.1454952359199524,0.08021894,0.049778953,1.6085396e-06,0.008285544,0,0.19927185773849487,0.8086897,0.8738061,0.9999794,0.9732534,0,0.6552329659461975
TSBD_WSSV_0bc0ac833f,1,0,2,0.8710599,0.0034360015,0.103998266,0.08151741,2.577439e-05,0.019705717,0,0.1454952359199524,0.08251172,0.04822399,1.3930008e-06,0.0080051925,0,0.19927185773849487,0.81349,0.87025857,0.9999728,0.97228914,0,0.6552329659461975
TSBD_WSSV_026c64bd33,1,0,2,0.86691487,0.0030537182,0.11108432,0.097391,5.9587754e-05,0.025919022,0,0.1454952359199524,0.0807357,0.04562678,1.1691241e-06,0.007507046,0,0.19927185773849487,0.80818,0.85698223,0.9999392,0.96657395,0,0.6552329659461975
TSBD_WSSV_9f2b1f9f8f,1,0,2,0.56940824,0.026820356,0.21706384,0.40593323,0.1384565,0.2870083,0,0.1454952359199524,0.119430214,0.04184954,4.186302e-06,0.0104505345,0,0.19927185773849487,0.6635059,0.55221725,0.86153924,0.7025412,0,0.6552329659461975
TSBD_WSSV_38f10d750a,1,0,2,0.8474872,0.0057350183,0.13950293,0.0843307,3.0126314e-05,0.023102555,0,0.1454952359199524,0.07348756,0.04821443,1.4132912e-06,0.0077843796,0,0.19927185773849487,0.78700954,0.8674549,0.9999684,0.9691131,0,0.6552329659461975
TSBD_WSSV_76536085a9,1,0,2,0.8644362,0.004102669,0.11670928,0.07974194,2.3484825e-05,0.019996114,0,0.1454952359199524,0.078386545,0.04909219,1.590196e-06,0.008161546,0,0.19927185773849487,0.8049042,0.8711659,0.99997497,0.97184235,0,0.6552329659461975
TSBD_WSSV_e36aec3084,1,0,0,0.34542325,0.11819969,0.48962408,0.89509106,0.9999864,0.9634173,0,0.1454952359199524,0.07028231,0.052802462,6.7006217e-06,0.012613536,0,0.19927185773849487,0.4400936,0.05210647,6.901432e-06,0.023969179,0,0.6552329659461975
TSBD_WSSV_b632ff4665,1,0,2,0.6803088,0.028884728,0.09424424,0.26451042,0.0096556,0.10671511,0,0.1454952359199524,0.0923606,0.0389903,1.3992428e-06,0.0076420675,0,0.19927185773849487,0.8133952,0.6964992,0.990343,0.8856428,0,0.6552329659461975
TSBD_WSSV_f392420764,1,1,1,0.83349687,0.0073915143,0.096342415,0.06754798,5.1124684e-06,0.013014161,0,0.1454952359199524,0.77556443,0.8655658,0.9999906,0.973148,1,0.19927185773849487,0.12809314,0.066886246,4.3153614e-06,0.013837815,0,0.6552329659461975
TSBD_WSSV_08f57edf07,1,0,2,0.87224334,0.004076834,0.08217022,0.059055835,6.4167657e-06,0.011851548,0,0.1454952359199524,0.10034968,0.06019676,4.0883206e-06,0.0117149595,0,0.19927185773849487,0.8174801,0.8807475,0.9999895,0.97643346,0,0.6552329659461975
TSBD_WSSV_922a715bec,1,0,2,0.64382595,0.031288795,0.08675813,0.034017865,2.769934e-06,0.007869178,0,0.1454952359199524,0.11901535,0.31005725,0.04219012,0.16308379,0,0.19927185773849487,0.7942265,0.6559248,0.9578071,0.8290471,0,0.6552329659461975
TSBD_WSSV_aa0b3c4c15,1,0,2,0.87325,0.0039406326,0.08789213,0.06375161,8.893769e-06,0.013402005,0,0.1454952359199524,0.093664296,0.05588877,2.8419088e-06,0.01028059,0,0.19927185773849487,0.8184436,0.88035965,0.9999882,0.9763174,0,0.6552329659461975
TSBD_WSSV_daa4ba808b,1,1,2,0.87390053,0.0038161208,0.092066824,0.06141382,7.4945115e-06,0.012945194,0,0.1454952359199524,0.08977642,0.058144417,3.40512e-06,0.010692172,0,0.19927185773849487,0.8181568,0.8804418,0.99998903,0.97636265,1,0.6552329659461975
TSBD_WSSV_311dd1baf7,1,1,2,0.8748581,0.0038218396,0.086677305,0.06360404,8.631428e-06,0.013233079,0,0.1454952359199524,0.092887715,0.05540877,2.6604152e-06,0.010069202,0,0.19927185773849487,0.820435,0.88098717,0.9999888,0.97669774,1,0.6552329659461975
TSBD_WSSV_34ee093e2e,1,0,2,0.87225425,0.003674646,0.0999372,0.07330168,1.5754098e-05,0.016764896,0,0.1454952359199524,0.08452058,0.05089194,1.789739e-06,0.008683672,0,0.19927185773849487,0.81554216,0.87580633,0.9999825,0.9745515,0,0.6552329659461975
TSBD_WSSV_cbb32ff38a,0,0,2,0.4099299,0.09120387,0.07293405,0.039383743,1.9519073e-06,0.009020879,0,0.1454952359199524,0.53332114,0.15946147,0.0008949708,0.11567561,0,0.19927185773849487,0.3937448,0.8011548,0.9991032,0.87530357,0,0.6552329659461975
TSBD_WSSV_9291ca740d,1,1,2,0.87445164,0.003757773,0.08984052,0.066121556,1.0247587e-05,0.014120091,0,0.1454952359199524,0.09068344,0.054215778,2.4316043e-06,0.009716585,0,0.19927185773849487,0.819476,0.87966263,0.99998736,0.9761633,1,0.6552329659461975
TSBD_WSSV_73bc44153b,1,1,2,0.875181,0.00374761,0.091934465,0.06342324,8.546128e-06,0.013465301,0,0.1454952359199524,0.08811651,0.055400178,2.6699518e-06,0.0098919915,0,0.19927185773849487,0.81994903,0.8811766,0.9999888,0.9766427,1,0.6552329659461975
TSBD_WSSV_4491558e57,1,0,2,0.82648873,0.00872589,0.15530582,0.080222994,2.3767161e-05,0.022490192,0,0.1454952359199524,0.072668076,0.049050268,1.5228303e-06,0.007975107,0,0.19927185773849487,0.7720261,0.8707267,0.9999747,0.9695347,0,0.6552329659461975
TSBD_WSSV_1ee4a00587,1,0,2,0.8734261,0.0037388606,0.09697849,0.06844207,1.18541875e-05,0.015178809,0,0.1454952359199524,0.08571575,0.052990034,2.1860435e-06,0.009238938,0,0.19927185773849487,0.8173058,0.87856793,0.99998605,0.9755823,0,0.6552329659461975
TSBD_WSSV_ecb905238d,1,0,2,0.8729727,0.0039164443,0.087211415,0.0679357,1.1442008e-05,0.0144681,0,0.1454952359199524,0.09383255,0.053517103,2.2644517e-06,0.009642825,0,0.19927185773849487,0.818956,0.87854725,0.9999863,0.9758891,0,0.6552329659461975
TSBD_WSSV_ccd255a2df,1,0,2,0.8647588,0.004698603,0.11212949,0.06866779,1.2020795e-05,0.016088335,0,0.1454952359199524,0.07926138,0.052787244,2.1317996e-06,0.008956583,0,0.19927185773849487,0.8086091,0.87854505,0.9999858,0.9749551,0,0.6552329659461975
TSBD_WSSV_584c5a10d0,1,0,2,0.87147534,0.0038019875,0.092761084,0.07392241,1.6659458e-05,0.01657985,0,0.1454952359199524,0.090777814,0.05137245,1.8765552e-06,0.009026404,0,0.19927185773849487,0.8164611,0.8747051,0.9999814,0.9743937,0,0.6552329659461975
TSBD_WSSV_aa58f57ab0,1,0,2,0.8627657,0.004757422,0.11043799,0.06961975,1.23872505e-05,0.01622655,0,0.1454952359199524,0.08389873,0.05367451,2.2879892e-06,0.009352136,0,0.19927185773849487,0.8056633,0.8767057,0.99998534,0.9744213,0,0.6552329659461975
TSBD_WSSV_4f3b6f89a8,1,1,2,0.8754227,0.0037280777,0.09034321,0.06362757,8.618243e-06,0.0134237595,0,0.1454952359199524,0.08928685,0.055262044,2.6296063e-06,0.009895384,0,0.19927185773849487,0.82036996,0.88111037,0.9999888,0.9766809,1,0.6552329659461975
TSBD_WSSV_279702ba92,1,0,2,0.8436076,0.0059378445,0.09307868,0.12696448,0.00020567923,0.035240646,0,0.1454952359199524,0.0922515,0.04298397,9.768928e-07,0.0074020023,0,0.19927185773849487,0.81466985,0.8300515,0.99979335,0.9573574,0,0.6552329659461975
TSBD_WSSV_9dc876dd17,1,0,2,0.8687621,0.003754111,0.09942469,0.08120655,2.5354264e-05,0.019311672,0,0.1454952359199524,0.08793357,0.048986405,1.5710896e-06,0.0084488755,0,0.19927185773849487,0.81264174,0.86980695,0.99997306,0.97223943,0,0.6552329659461975
TSBD_WSSV_0ce34b5766,1,0,2,0.8735479,0.0036741234,0.09359467,0.07104653,1.3889686e-05,0.015737556,0,0.1454952359199524,0.08835053,0.05195707,1.9807349e-06,0.009074969,0,0.19927185773849487,0.8180548,0.8769964,0.999984,0.9751875,0,0.6552329659461975
TSBD_WSSV_6c3afb6716,1,0,2,0.8459652,0.0035184692,0.14355925,0.12399161,0.00017611448,0.039712723,0,0.1454952359199524,0.07751673,0.041942604,8.50427e-07,0.0067638503,0,0.19927185773849487,0.778924,0.83406585,0.99982303,0.95352346,0,0.6552329659461975
TSBD_WSSV_366db07a25,1,0,2,0.8423886,0.005337921,0.102465115,0.14179015,0.0003427905,0.042439513,0,0.1454952359199524,0.083544776,0.040814634,8.0908393e-07,0.006729143,0,0.19927185773849487,0.8139901,0.8173952,0.9996563,0.95083135,0,0.6552329659461975
TSBD_WSSV_b84a0005bf,1,0,2,0.8661381,0.004088081,0.109882645,0.076501206,1.9500429e-05,0.018495347,0,0.1454952359199524,0.08245459,0.050428372,1.7699392e-06,0.008581209,0,0.19927185773849487,0.8076627,0.8730705,0.99997866,0.9729234,0,0.6552329659461975
TSBD_WSSV_6624c91a73,1,1,2,0.87419546,0.0037115836,0.093500726,0.06757089,1.1134616e-05,0.01470771,0,0.1454952359199524,0.08789916,0.05341058,2.234422e-06,0.0093905935,0,0.19927185773849487,0.8186001,0.8790186,0.99998665,0.97590166,1,0.6552329659461975
TSBD_WSSV_8a1517bc0e,1,0,2,0.85525095,0.0054074666,0.081121676,0.089017004,4.074328e-05,0.020668592,0,0.1454952359199524,0.10754684,0.051831447,2.4497992e-06,0.0101927435,0,0.19927185773849487,0.8113315,0.85915154,0.9999567,0.9691387,0,0.6552329659461975
TSBD_WSSV_cada06cffd,1,0,2,0.8711207,0.0038523218,0.08733801,0.07977044,2.4111423e-05,0.01807758,0,0.1454952359199524,0.092812516,0.049320456,1.5963016e-06,0.008641579,0,0.19927185773849487,0.8198495,0.8709091,0.99997437,0.9732809,0,0.6552329659461975
TSBD_WSSV_72abeff3dc,1,0,2,0.871496,0.0035627792,0.097559586,0.07942117,2.2685901e-05,0.018551173,0,0.1454952359199524,0.08676043,0.049147915,1.5519937e-06,0.008390198,0,0.19927185773849487,0.81567997,0.8714309,0.9999758,0.97305864,0,0.6552329659461975
TSBD_WSSV_71629aa3f2,1,0,2,0.8691691,0.0037244847,0.09298958,0.08677662,3.399172e-05,0.020592574,0,0.1454952359199524,0.08986426,0.047500253,1.3767856e-06,0.008170427,0,0.19927185773849487,0.8171461,0.86572313,0.9999646,0.971237,0,0.6552329659461975
TSBD_WSSV_bd69e16b82,1,0,1,0.6710167,0.028647806,0.10862449,0.11928963,6.763749e-05,0.031232087,0,0.1454952359199524,0.6583661,0.81394637,0.9999273,0.95004225,0,0.19927185773849487,0.23300941,0.066764,5.0871568e-06,0.018725675,0,0.6552329659461975
TSBD_WSSV_6fd5eb945a,1,1,0,0.8576234,0.005342189,0.80121547,0.87615824,0.9999069,0.96494853,1,0.1454952359199524,0.13348797,0.08757121,9.148756e-05,0.028462801,0,0.19927185773849487,0.06529661,0.03627051,1.5442923e-06,0.006588623,0,0.6552329659461975
TSBD_WSSV_7ed3990ccb,1,0,1,0.8195488,0.0082284305,0.08809127,0.06521693,4.8563493e-06,0.012390552,0,0.1454952359199524,0.75875247,0.8552678,0.999985,0.96854466,0,0.19927185773849487,0.15315628,0.07951523,1.0184983e-05,0.019064777,0,0.6552329659461975
TSBD_WSSV_8b1c70a3bc,1,0,1,0.79694116,0.00957695,0.086154975,0.05088578,1.9381341e-06,0.009257048,0,0.1454952359199524,0.7284233,0.84158814,0.99995315,0.9589688,0,0.19927185773849487,0.1854217,0.10752612,4.485256e-05,0.03177418,0,0.6552329659461975
TSBD_WSSV_f583f8e371,1,0,2,0.8711806,0.0039805584,0.08934031,0.0703434,1.3524772e-05,0.015340938,0,0.1454952359199524,0.09391814,0.053016163,2.310627e-06,0.009653859,0,0.19927185773849487,0.81674165,0.8766404,0.99998426,0.9750052,0,0.6552329659461975
TSBD_WSSV_493953f127,1,1,2,0.87447524,0.0037489254,0.09005418,0.06660042,1.04862875e-05,0.01424387,0,0.1454952359199524,0.09041538,0.053879417,2.3313296e-06,0.0095986165,0,0.19927185773849487,0.8195304,0.87952024,0.9999871,0.97615755,1,0.6552329659461975
TSBD_WSSV_1139b0bbb2,1,1,2,0.87429893,0.0037002116,0.09380155,0.06775132,1.1345068e-05,0.014796173,0,0.1454952359199524,0.08750375,0.053219523,2.1971364e-06,0.009328546,0,0.19927185773849487,0.8186947,0.87902915,0.9999865,0.97587526,1,0.6552329659461975
TSBD_WSSV_735499e204,1,0,0,0.57342505,0.027728971,0.47529575,0.70567375,0.97884244,0.7687141,0,0.1454952359199524,0.067645974,0.037660453,2.4483581e-06,0.007876284,0,0.19927185773849487,0.45705825,0.25666577,0.021155132,0.22340964,0,0.6552329659461975
TSBD_WSSV_01066cc969,1,0,2,0.8540817,0.0064127697,0.07279085,0.05928131,6.622535e-06,0.011507293,0,0.1454952359199524,0.12220116,0.060879204,4.5762536e-06,0.012966352,0,0.19927185773849487,0.80500793,0.8798395,0.9999888,0.9755264,0,0.6552329659461975
TSBD_WSSV_941d089361,0,0,0,0.26778206,0.16572873,0.1693972,0.72297335,0.9864667,0.69100624,0,0.1454952359199524,0.08990504,0.042155325,4.0386694e-06,0.012888398,0,0.19927185773849487,0.7406977,0.23487131,0.013529307,0.29610536,0,0.6552329659461975
TSBD_WSSV_629e5c7c92,1,0,2,0.8648027,0.0039626453,0.10157665,0.08621832,3.3446206e-05,0.021169335,0,0.1454952359199524,0.08959983,0.04815308,1.4781921e-06,0.008353618,0,0.19927185773849487,0.8088235,0.86562866,0.9999651,0.97047704,0,0.6552329659461975
TSBD_WSSV_cf01831715,1,0,2,0.858131,0.0048804777,0.09103484,0.091120206,4.4115568e-05,0.022095019,0,0.1454952359199524,0.099314466,0.048333492,1.5719954e-06,0.00878988,0,0.19927185773849487,0.8096507,0.8605463,0.99995434,0.9691151,0,0.6552329659461975
TSBD_WSSV_2c0f3e0b28,1,0,2,0.86619866,0.004318706,0.10752393,0.072574824,1.534108e-05,0.017072216,0,0.1454952359199524,0.083643466,0.05140679,1.8772557e-06,0.008795351,0,0.19927185773849487,0.8088326,0.87601835,0.9999827,0.9741325,0,0.6552329659461975
TSBD_WSSV_801c0b8b82,1,0,2,0.86448824,0.004006632,0.10881669,0.08253289,2.8022845e-05,0.020531712,0,0.1454952359199524,0.085328266,0.04883787,1.5789352e-06,0.008377087,0,0.19927185773849487,0.8058551,0.8686292,0.99997044,0.9710912,0,0.6552329659461975
TSBD_WSSV_f2274525f7,1,1,2,0.87575203,0.0037227622,0.088938616,0.06253981,8.08226e-06,0.013074279,0,0.1454952359199524,0.09021801,0.055957936,2.839224e-06,0.010138862,0,0.19927185773849487,0.8208434,0.88150233,0.99998903,0.97678685,1,0.6552329659461975
TSBD_WSSV_2e17c58aad,1,1,2,0.8758063,0.0037027807,0.08850506,0.06345233,8.585526e-06,0.013297374,0,0.1454952359199524,0.09050476,0.05539089,2.6921246e-06,0.009997088,0,0.19927185773849487,0.82099015,0.88115674,0.9999887,0.97670555,1,0.6552329659461975
TSBD_WSSV_bb9d07b1e5,1,1,2,0.8751963,0.0038301488,0.0853392,0.06218031,7.859465e-06,0.0127816275,0,0.1454952359199524,0.093737364,0.05618906,2.885735e-06,0.010328223,0,0.19927185773849487,0.8209234,0.88163066,0.9999893,0.97689015,1,0.6552329659461975
TSBD_WSSV_950d6de8a1,1,0,2,0.74854034,0.01261396,0.089363776,0.04078511,3.8259764e-06,0.009349225,0,0.1454952359199524,0.14212021,0.2489941,0.011072479,0.122224554,0,0.19927185773849487,0.76851606,0.71022075,0.9889237,0.8684262,0,0.6552329659461975
TSBD_WSSV_0b909fea6f,1,0,2,0.86461365,0.004142218,0.111072026,0.07926424,2.2557733e-05,0.019439714,0,0.1454952359199524,0.08307271,0.04937389,1.5876109e-06,0.008346751,0,0.19927185773849487,0.8058553,0.8713618,0.9999759,0.9722135,0,0.6552329659461975
TSBD_WSSV_50b41d3123,1,1,2,0.87540257,0.0037403014,0.087263554,0.06415395,8.896774e-06,0.013395413,0,0.1454952359199524,0.091889635,0.05509292,2.5840175e-06,0.009946332,0,0.19927185773849487,0.8208468,0.8807531,0.99998844,0.9766582,1,0.6552329659461975
TSBD_WSSV_1d66e28720,1,1,2,0.87434214,0.003947797,0.0836034,0.062223576,7.888578e-06,0.012705667,0,0.1454952359199524,0.09587362,0.056223884,2.9132902e-06,0.010434594,0,0.19927185773849487,0.820523,0.8815525,0.9999893,0.9768597,1,0.6552329659461975
TSBD_WSSV_f9303a9060,1,0,2,0.86828965,0.0046920776,0.07995062,0.06414979,9.020214e-06,0.013048762,0,0.1454952359199524,0.10331316,0.055466652,2.754341e-06,0.010545635,0,0.19927185773849487,0.8167362,0.88038355,0.9999882,0.9764056,0,0.6552329659461975
TSBD_WSSV_ffd6ae5c1c,1,1,2,0.8744233,0.003801722,0.09087837,0.06448247,9.120791e-06,0.013694109,0,0.1454952359199524,0.08984419,0.054954085,2.5474951e-06,0.009834708,0,0.19927185773849487,0.81927735,0.8805635,0.9999883,0.9764712,1,0.6552329659461975
TSBD_WSSV_6a97515cc2,1,0,2,0.8650397,0.0051437616,0.077790245,0.063534066,8.694344e-06,0.012783346,0,0.1454952359199524,0.107469805,0.0558789,2.8722573e-06,0.010826222,0,0.19927185773849487,0.81473994,0.88058704,0.99998844,0.9763904,0,0.6552329659461975
TSBD_WSSV_6a19d7effb,1,0,2,0.86756057,0.0037042107,0.100525126,0.079823256,2.3835126e-05,0.019028822,0,0.1454952359199524,0.08977335,0.051696215,2.0311393e-06,0.0091922125,0,0.19927185773849487,0.8097015,0.8684805,0.99997413,0.9717789,0,0.6552329659461975
TSBD_WSSV_9872bb742f,1,1,2,0.87387604,0.0037234789,0.09272974,0.068394236,1.1841747e-05,0.014930472,0,0.1454952359199524,0.08885512,0.053142503,2.180507e-06,0.009360616,0,0.19927185773849487,0.81841516,0.87846327,0.99998605,0.97570896,1,0.6552329659461975
TSBD_WSSV_e44f2c0a8a,1,0,2,0.84789246,0.0065919403,0.0811069,0.09605783,5.3429976e-05,0.02259283,0,0.1454952359199524,0.107101336,0.047183722,1.380261e-06,0.008704229,0,0.19927185773849487,0.8117918,0.8567584,0.99994516,0.968703,0,0.6552329659461975
TSBD_WSSV_f1294af3d4,1,0,2,0.81414527,0.0061184233,0.19015442,0.13018051,0.00022439026,0.0476935,0,0.1454952359199524,0.07255763,0.042429157,9.121413e-07,0.006834802,0,0.19927185773849487,0.7372879,0.8273904,0.99977463,0.94547164,0,0.6552329659461975
TSBD_WSSV_264790eb51,1,0,2,0.86770236,0.0043422356,0.089311846,0.07446123,1.6974107e-05,0.01648955,0,0.1454952359199524,0.09585905,0.05101791,1.8175432e-06,0.009120287,0,0.19927185773849487,0.8148291,0.8745208,0.9999813,0.97439015,0,0.6552329659461975
TSBD_WSSV_11430ce0d0,1,0,2,0.8623065,0.004528187,0.08998638,0.09039435,4.088002e-05,0.0215559,0,0.1454952359199524,0.09584954,0.047376536,1.3652037e-06,0.0083490675,0,0.19927185773849487,0.8141641,0.86222917,0.9999578,0.97009504,0,0.6552329659461975
TSBD_WSSV_74c3607b95,1,0,2,0.8426632,0.0077171973,0.12753238,0.06331789,8.552534e-06,0.015246465,0,0.1454952359199524,0.07972271,0.05590853,2.8349475e-06,0.009806729,0,0.19927185773849487,0.79274493,0.88077366,0.99998856,0.9749468,0,0.6552329659461975
TSBD_WSSV_2c43cd74d0,1,0,2,0.67121464,0.03367479,0.25663266,0.073459804,1.5915024e-05,0.024765661,0,0.1454952359199524,0.0658196,0.051258866,1.8579497e-06,0.00851401,0,0.19927185773849487,0.67754775,0.87528133,0.9999821,0.96672034,0,0.6552329659461975
TSBD_WSSV_59d2b7350f,1,0,2,0.8716211,0.0037280526,0.08902887,0.0799481,2.4157964e-05,0.0182276,0,0.1454952359199524,0.09157418,0.049326103,1.6024162e-06,0.008609509,0,0.19927185773849487,0.81939703,0.8707258,0.99997425,0.9731629,0,0.6552329659461975
TSBD_WSSV_5e189248db,1,0,2,0.792201,0.012572719,0.1921454,0.09089925,4.1021707e-05,0.028948093,0,0.1454952359199524,0.067069866,0.046047345,1.1559448e-06,0.0072228513,0,0.19927185773849487,0.7407847,0.8630534,0.9999578,0.96382904,0,0.6552329659461975
TSBD_WSSV_9f5ca0e80d,1,0,2,0.8648399,0.00368165,0.1188704,0.087274395,3.5098976e-05,0.022732792,0,0.1454952359199524,0.0771189,0.046682402,1.226633e-06,0.0075385375,0,0.19927185773849487,0.8040106,0.8660432,0.99996376,0.96972865,0,0.6552329659461975
TSBD_WSSV_b626137b45,1,0,2,0.834157,0.008142666,0.14712621,0.075469375,1.8113942e-05,0.0202557,0,0.1454952359199524,0.071675345,0.050116885,1.6687767e-06,0.008130331,0,0.19927185773849487,0.78119844,0.8744138,0.9999802,0.97161394,0,0.6552329659461975
TSBD_WSSV_27c2a5d56f,1,0,2,0.8732744,0.003604182,0.091393895,0.075068496,1.783267e-05,0.016822051,0,0.1454952359199524,0.08982382,0.050757583,1.8329326e-06,0.008895089,0,0.19927185773849487,0.81878227,0.87417394,0.99998033,0.9742828,0,0.6552329659461975
TSBD_WSSV_eee60542d7,1,0,2,0.71900064,0.0023418996,0.31150725,0.31710187,0.027547935,0.21712083,0,0.1454952359199524,0.06782915,0.037533026,1.4362939e-06,0.0067820484,0,0.19927185773849487,0.62066364,0.6453651,0.9724506,0.7760971,0,0.6552329659461975
TSBD_WSSV_d9ea0715c2,1,0,2,0.8724632,0.0035052197,0.09425499,0.08005833,2.370369e-05,0.018544475,0,0.1454952359199524,0.08784813,0.048978522,1.5105992e-06,0.00836278,0,0.19927185773849487,0.8178969,0.8709631,0.9999747,0.9730928,0,0.6552329659461975
TSBD_WSSV_514bb3ccf8,1,0,2,0.8591075,0.0040308153,0.1187244,0.091965646,4.3931443e-05,0.024408236,0,0.1454952359199524,0.08317769,0.046807945,1.2519355e-06,0.007805905,0,0.19927185773849487,0.79809797,0.8612263,0.9999547,0.9677859,0,0.6552329659461975
TSBD_WSSV_d3cfe64d62,1,0,2,0.86945623,0.0036858823,0.10635704,0.078560986,2.1826285e-05,0.01890481,0,0.1454952359199524,0.08231456,0.049327977,1.5510747e-06,0.008260384,0,0.19927185773849487,0.8113285,0.87211096,0.99997663,0.97283477,0,0.6552329659461975
TSBD_WSSV_f825fa69cd,1,0,2,0.8246214,0.010038302,0.14760366,0.06664492,1.0767996e-05,0.017285807,0,0.1454952359199524,0.07285864,0.054081608,2.4132328e-06,0.009112637,0,0.19927185773849487,0.7795377,0.87927353,0.9999869,0.9736015,0,0.6552329659461975
TSBD_WSSV_b899fa53da,1,1,2,0.87400675,0.0038752733,0.08403601,0.06544462,9.768298e-06,0.013596702,0,0.1454952359199524,0.09569568,0.055018444,2.668877e-06,0.010152439,0,0.19927185773849487,0.8202683,0.8795369,0.9999876,0.9762508,1,0.6552329659461975
TSBD_WSSV_8b9052d96f,1,0,2,0.8727666,0.0041382806,0.08039407,0.064068675,8.90144e-06,0.013015006,0,0.1454952359199524,0.099340424,0.05551192,2.715625e-06,0.01036275,0,0.19927185773849487,0.8202655,0.88041943,0.9999883,0.9766222,0,0.6552329659461975
TSBD_WSSV_376e37e18c,1,0,2,0.8587877,0.005215333,0.08065769,0.089851774,4.0663865e-05,0.020663362,0,0.1454952359199524,0.10270166,0.04926437,1.7044586e-06,0.0090982,0,0.19927185773849487,0.8166407,0.86088383,0.9999577,0.97023845,0,0.6552329659461975
TSBD_WSSV_33b7d18fc1,1,0,2,0.8692691,0.00428299,0.10415129,0.06628834,1.026585e-05,0.014924063,0,0.1454952359199524,0.08249561,0.053898104,2.3077894e-06,0.009297727,0,0.19927185773849487,0.81335306,0.87981355,0.9999875,0.9757782,0,0.6552329659461975
TSBD_WSSV_5ae365cdb5,1,0,2,0.8577007,0.0033785137,0.12649375,0.10480821,7.891467e-05,0.029828142,0,0.1454952359199524,0.07935326,0.045065954,1.1265637e-06,0.0074083805,0,0.19927185773849487,0.794153,0.8501258,0.99992,0.9627635,0,0.6552329659461975
TSBD_WSSV_48983cce39,1,0,2,0.8190284,0.006254384,0.18365078,0.12220862,0.00016602043,0.0429842,0,0.1454952359199524,0.07107982,0.042225026,8.761286e-07,0.006695986,0,0.19927185773849487,0.74526936,0.83556634,0.9998331,0.9503199,0,0.6552329659461975
TSBD_WSSV_f41afb12de,1,0,2,0.86919576,0.003991606,0.105499886,0.07219439,1.4926633e-05,0.016808156,0,0.1454952359199524,0.082691915,0.051658023,1.918387e-06,0.00880794,0,0.19927185773849487,0.81180817,0.8761475,0.9999832,0.9743839,0,0.6552329659461975
TSBD_WSSV_719214e8fc,1,0,2,0.8725588,0.004125133,0.079806425,0.060075834,6.805052e-06,0.011955296,0,0.1454952359199524,0.10135814,0.05882961,3.6752258e-06,0.011383902,0,0.19927185773849487,0.8188354,0.8810946,0.9999895,0.97666085,0,0.6552329659461975
TSBD_WSSV_f9b891c236,1,0,2,0.8718257,0.0035722014,0.09313979,0.08180036,2.6509408e-05,0.019068591,0,0.1454952359199524,0.08858589,0.04837833,1.4564208e-06,0.008279982,0,0.19927185773849487,0.8182743,0.8698212,0.9999721,0.9726514,0,0.6552329659461975
TSBD_WSSV_60bf799ad0,1,0,2,0.8446428,0.00738878,0.13156934,0.06624489,1.0188194e-05,0.01628457,0,0.1454952359199524,0.074312456,0.054089226,2.3731482e-06,0.009094327,0,0.19927185773849487,0.79411817,0.87966585,0.9999875,0.9746211,0,0.6552329659461975
TSBD_WSSV_3221471a09,1,0,2,0.86249775,0.0031779734,0.110753775,0.110894255,0.00010359262,0.030703243,0,0.1454952359199524,0.08105718,0.04302899,8.845674e-07,0.0069342507,0,0.19927185773849487,0.80818903,0.8460767,0.9998956,0.9623625,0,0.6552329659461975
TSBD_WSSV_81c77d6283,1,0,2,0.75664693,0.014360707,0.24291353,0.124097176,0.00017809973,0.049388204,0,0.1454952359199524,0.06486791,0.041741986,8.251792e-07,0.006503808,0,0.19927185773849487,0.6922186,0.8341608,0.9998211,0.944108,0,0.6552329659461975
TSBD_WSSV_7ba0bac7cd,0,0,0,0.32982346,0.13285246,0.26625666,0.76661175,0.9950944,0.7874793,0,0.1454952359199524,0.06332396,0.03429835,1.0901958e-06,0.0075626615,0,0.19927185773849487,0.67041934,0.1990899,0.0049045207,0.20495804,0,0.6552329659461975
TSBD_WSSV_b8b164e72b,0,0,0,0.27713084,0.15822068,0.13508236,0.6681332,0.95270604,0.58053756,0,0.1454952359199524,0.07329209,0.03466449,1.7591946e-06,0.008829204,0,0.19927185773849487,0.7916256,0.29720226,0.04729232,0.41063327,0,0.6552329659461975
TSBD_WSSV_7942e3c67c,0,0,0,0.13401915,0.27951634,0.20903063,0.8935597,0.9999819,0.9396984,0,0.1454952359199524,0.06947517,0.04513205,3.0267327e-06,0.013129987,0,0.19927185773849487,0.7214942,0.061308213,1.5136362e-05,0.04717155,0,0.6552329659461975
TSBD_WSSV_e572949946,1,0,2,0.82297266,0.0031379648,0.15848546,0.18836519,0.0014528941,0.07575398,0,0.1454952359199524,0.072156265,0.039104763,8.20076e-07,0.0063515855,0,0.19927185773849487,0.7693583,0.77252996,0.99854624,0.9178944,0,0.6552329659461975
TSBD_WSSV_a204c36610,1,0,0,0.76249796,0.021515206,0.7585419,0.8987115,0.9999881,0.9751927,0,0.1454952359199524,0.06319773,0.048726924,4.397002e-06,0.009339902,0,0.19927185773849487,0.17826034,0.05256164,7.5229473e-06,0.015467401,0,0.6552329659461975
TSBD_WSSV_9c4b4f11b8,1,0,2,0.7277814,0.017374294,0.12900537,0.26616684,0.009970188,0.11972387,0,0.1454952359199524,0.078948304,0.037983157,1.1429223e-06,0.006837502,0,0.19927185773849487,0.79204637,0.6958501,0.9900287,0.8734386,0,0.6552329659461975
TSBD_WSSV_687a703a75,0,0,0,0.3277727,0.089939125,0.11777565,0.49826184,0.46797094,0.3365645,0,0.1454952359199524,0.07956798,0.037686944,3.7022332e-06,0.008760651,0,0.19927185773849487,0.8026564,0.46405122,0.5320254,0.6546749,0,0.6552329659461975
TSBD_WSSV_60273dd644,0,0,0,0.07208454,0.37839437,0.09123517,0.88883173,0.99997187,0.908001,0,0.1454952359199524,0.09328985,0.04231473,2.2022439e-06,0.017179064,0,0.19927185773849487,0.8154749,0.0688535,2.5969828e-05,0.07481995,0,0.6552329659461975
TSBD_WSSV_c29e86db5b,0,0,0,0.13586722,0.27851307,0.17096761,0.86865336,0.99989486,0.9004675,0,0.1454952359199524,0.07101876,0.038243316,1.3565951e-06,0.010891735,0,0.19927185773849487,0.75801367,0.093103334,0.00010379507,0.088640675,0,0.6552329659461975
TSBD_WSSV_79fa511ed0,0,0,0,0.09556339,0.33431283,0.13470076,0.8883338,0.99997056,0.91956407,0,0.1454952359199524,0.07804418,0.04210449,2.1224498e-06,0.014127982,0,0.19927185773849487,0.78725505,0.06956172,2.7356475e-05,0.066307835,0,0.6552329659461975
TSBD_WSSV_58e35ef754,1,1,0,0.8647679,0.0067462046,0.822766,0.8995474,0.99998856,0.97820824,1,0.1454952359199524,0.073824115,0.050786227,5.5501396e-06,0.010258663,0,0.19927185773849487,0.10340984,0.04966632,5.8106752e-06,0.011533059,0,0.6552329659461975
TSBD_WSSV_1ce4e5b49f,1,0,2,0.8344967,0.0073390016,0.1020451,0.042737246,1.8163095e-06,0.008716994,0,0.1454952359199524,0.11369045,0.099079505,5.1211486e-05,0.0257726,0,0.19927185773849487,0.78426445,0.8581832,0.99994695,0.96551037,0,0.6552329659461975
TSBD_WSSV_ea57134108,1,0,2,0.65674603,0.024679746,0.061117668,0.031994756,2.2837241e-06,0.0063985987,0,0.1454952359199524,0.15027681,0.33530715,0.069957845,0.19917792,0,0.19927185773849487,0.7886055,0.63269806,0.9300399,0.7944235,0,0.6552329659461975
TSBD_WSSV_8b1af1900d,1,0,2,0.8698977,0.0041901916,0.07180312,0.049368266,2.949905e-06,0.008939439,0,0.1454952359199524,0.114211544,0.071227044,9.043287e-06,0.01551676,0,0.19927185773849487,0.8139854,0.8794047,0.99998796,0.9755438,0,0.6552329659461975
TSBD_WSSV_2f46cb1b79,1,0,2,0.8501957,0.0041374164,0.10892803,0.1338454,0.00026464986,0.040126707,0,0.1454952359199524,0.08183416,0.04100426,8.109239e-07,0.0066992296,0,0.19927185773849487,0.8092378,0.8251504,0.99973446,0.95317405,0,0.6552329659461975
TSBD_WSSV_383e727d4a,1,0,2,0.87197405,0.0038843295,0.09950397,0.06857891,1.1931969e-05,0.015359326,0,0.1454952359199524,0.08485058,0.05289604,2.1469364e-06,0.00917135,0,0.19927185773849487,0.8156455,0.87852514,0.99998593,0.9754693,0,0.6552329659461975
TSBD_WSSV_b076b7af44,1,0,2,0.7933756,0.012208432,0.0928364,0.17988682,0.0011598755,0.05836717,0,0.1454952359199524,0.08939826,0.039648388,8.253822e-07,0.006844359,0,0.19927185773849487,0.8177654,0.7804647,0.9988393,0.9347884,0,0.6552329659461975
TSBD_WSSV_6a65b3c303,1,0,2,0.87368566,0.0038426174,0.094391376,0.065087914,9.505479e-06,0.014057027,0,0.1454952359199524,0.08749142,0.054609753,2.4971232e-06,0.009681554,0,0.19927185773849487,0.8181172,0.88030237,0.99998796,0.9762614,0,0.6552329659461975
TSBD_WSSV_d552ad13be,1,0,1,0.6337582,0.03815212,0.0598567,0.05292321,2.090818e-06,0.008769805,0,0.1454952359199524,0.6376558,0.8562066,0.99997914,0.96063894,0,0.19927185773849487,0.30248746,0.09087022,1.8785377e-05,0.030591281,0,0.6552329659461975
TSBD_WSSV_64069923e3,1,0,2,0.7422119,0.012812145,0.27683127,0.15919062,0.0005935702,0.0742136,0,0.1454952359199524,0.06330668,0.039733876,7.6537174e-07,0.006266934,0,0.19927185773849487,0.65986204,0.8010756,0.99940574,0.9195195,0,0.6552329659461975
