sample_id,tri_consensus,selected,consensus_class,tri_score,source_ema_js,p_source_BG,p_ema_BG,p_proto_BG,q_consensus_BG,selected_BG,target_prior_BG,p_source_Healthy,p_ema_Healthy,p_proto_Healthy,q_consensus_Healthy,selected_Healthy,target_prior_Healthy,p_source_WSSV,p_ema_WSSV,p_proto_WSSV,q_consensus_WSSV,selected_WSSV,target_prior_WSSV
TSBD_BG_b9ded89290,1,1,0,0.8891331,0.0037975134,0.84227574,0.9004006,0.9999887,0.97926867,1,0.13641801476478577,0.08082424,0.05048885,5.5746114e-06,0.010491028,0,0.201898992061615,0.07690009,0.04911051,5.7353773e-06,0.010240311,0,0.6616830825805664
TSBD_BG_ec6804e1c1,1,1,0,0.88921267,0.0038081808,0.8424779,0.90061826,0.9999888,0.97931945,1,0.13641801476478577,0.081102766,0.050253976,5.517458e-06,0.010458593,0,0.201898992061615,0.076419264,0.04912784,5.7463276e-06,0.010221934,0,0.6616830825805664
TSBD_BG_e6c7f786d1,0,0,1,0.34389976,0.12638336,0.67083925,0.19935443,0.0006776088,0.14677091,0,0.13641801476478577,0.27656063,0.7598426,0.9993217,0.8456475,0,0.201898992061615,0.052600116,0.040802997,7.6126156e-07,0.0075815795,0,0.6616830825805664
TSBD_BG_27046d49de,1,1,0,0.8817836,0.004599719,0.83551854,0.8996792,0.9999883,0.9787274,1,0.13641801476478577,0.075116895,0.049428422,4.9601936e-06,0.009920557,0,0.201898992061615,0.08936456,0.050892312,6.724672e-06,0.011352051,0,0.6616830825805664
TSBD_BG_ef94f9e30a,1,0,2,0.87098074,0.003582622,0.09668987,0.08244742,2.8908697e-05,0.019738005,0,0.13641801476478577,0.08705666,0.047927674,1.3119317e-06,0.008029922,0,0.201898992061615,0.81625354,0.8696249,0.9999697,0.9722321,0,0.6616830825805664
TSBD_BG_014cc1626a,1,0,2,0.7570753,0.012876275,0.13133794,0.2407087,0.006032529,0.10456765,0,0.13641801476478577,0.08374364,0.03973782,1.1739169e-06,0.0071910447,0,0.201898992061615,0.78491837,0.71955353,0.9939663,0.8882413,0,0.6616830825805664
TSBD_BG_ab942e7799,1,0,2,0.4561859,0.049101748,0.07636594,0.040638696,1.067957e-05,0.0105470745,0,0.13641801476478577,0.1491765,0.4274216,0.38473046,0.3133974,0,0.201898992061615,0.7744575,0.53193974,0.6152588,0.67605555,0,0.6616830825805664
TSBD_BG_92d3bac25d,1,0,1,0.7077873,0.025444139,0.24223943,0.08242774,1.0883874e-05,0.02377377,0,0.13641801476478577,0.68763715,0.8577481,0.99998665,0.9662937,0,0.201898992061615,0.07012336,0.059824154,2.494271e-06,0.00993248,0,0.6616830825805664
TSBD_BG_3179613a58,1,0,1,0.69061136,0.01661247,0.3240991,0.18591669,0.00056839845,0.08654499,0,0.13641801476478577,0.5986764,0.767451,0.9994301,0.90494347,0,0.201898992061615,0.07722452,0.04663232,1.445494e-06,0.008511531,0,0.6616830825805664
TSBD_BG_72fcb5ad43,1,0,1,0.71916354,0.023322511,0.2403717,0.08669886,1.3949233e-05,0.02541948,0,0.13641801476478577,0.692541,0.85629076,0.9999839,0.9653292,0,0.201898992061615,0.06708725,0.0570104,2.1345277e-06,0.00925135,0,0.6616830825805664
TSBD_BG_1adf4fa166,0,0,1,0.42470518,0.0704829,0.7895969,0.4765681,0.18301147,0.5662293,0,0.13641801476478577,0.14442803,0.48623896,0.81698513,0.4252573,0,0.201898992061615,0.065975,0.03719301,3.363781e-06,0.008513432,0,0.6616830825805664
TSBD_BG_19f57a7d83,1,1,1,0.83454674,0.0069876853,0.13770121,0.07364803,6.8008244e-06,0.016251752,0,0.13641801476478577,0.77510285,0.86236525,0.99998987,0.9724631,1,0.201898992061615,0.08719593,0.06398677,3.3517879e-06,0.011285132,0,0.6616830825805664
TSBD_BG_b06b80d500,0,0,1,0.16483094,0.24800584,0.7622416,0.11212033,4.2638512e-05,0.080537416,0,0.13641801476478577,0.18567643,0.8379033,0.99995613,0.9087517,0,0.201898992061615,0.052082047,0.049976356,1.1966399e-06,0.010710862,0,0.6616830825805664
TSBD_BG_5c745e387f,0,0,1,0.29360107,0.15291959,0.78492516,0.27326557,0.0042861286,0.27573195,0,0.13641801476478577,0.16244282,0.68952966,0.9957131,0.71637726,0,0.201898992061615,0.052631985,0.037204836,8.269161e-07,0.007890787,0,0.6616830825805664
TSBD_BG_c333741c9b,0,0,1,0.20323977,0.21135661,0.6693735,0.08027077,1.0014574e-05,0.044332262,0,0.13641801476478577,0.27478328,0.85937583,0.99998736,0.9431624,0,0.201898992061615,0.055843238,0.06035336,2.6237208e-06,0.012505398,0,0.6616830825805664
TSBD_BG_a3ac70c2de,1,0,1,0.67703336,0.029948778,0.27131504,0.090466656,1.6283764e-05,0.028290452,0,0.13641801476478577,0.66192037,0.85342276,0.9999819,0.96262586,0,0.201898992061615,0.066764645,0.05611059,1.893335e-06,0.0090836445,0,0.6616830825805664
TSBD_BG_6ff47981ea,1,0,1,0.7615144,0.017207015,0.20370647,0.07958472,9.442794e-06,0.021053277,0,0.13641801476478577,0.7244994,0.8599233,0.99998796,0.9689329,0,0.201898992061615,0.07179412,0.06049197,2.6432338e-06,0.010013752,0,0.6616830825805664
TSBD_BG_64274bed67,1,1,1,0.8512457,0.0047936775,0.11688045,0.0751495,7.448022e-06,0.015693113,0,0.13641801476478577,0.7876981,0.8618803,0.9999894,0.97297263,1,0.201898992061615,0.095421426,0.062970184,3.1074073e-06,0.011334208,0,0.6616830825805664
TSBD_BG_7031e4d230,0,0,1,0.12999074,0.28555232,0.7740335,0.08296936,1.1122228e-05,0.05624303,0,0.13641801476478577,0.17162669,0.8575497,0.9999864,0.9296547,0,0.201898992061615,0.054339822,0.059480857,2.434296e-06,0.01410222,0,0.6616830825805664
TSBD_BG_03136a4786,1,0,2,0.72106147,0.020358173,0.08268274,0.039515663,3.8335884e-06,0.008931954,0,0.13641801476478577,0.109804176,0.25443503,0.011986663,0.114038095,0,0.201898992061615,0.80751306,0.70604926,0.9880094,0.87702996,0,0.6616830825805664
TSBD_BG_daacfdf534,1,1,0,0.87787074,0.0050089546,0.83175,0.8991073,0.9999876,0.97831804,1,0.13641801476478577,0.08324816,0.05381426,7.693138e-06,0.01168218,0,0.201898992061615,0.08500184,0.047078453,4.6053365e-06,0.009999781,0,0.6616830825805664
TSBD_BG_873a3617a3,1,0,2,0.86911476,0.0036280146,0.107640125,0.070695005,1.5457279e-05,0.016909642,0,0.13641801476478577,0.08261513,0.057531033,3.3648862e-06,0.0103565,0,0.201898992061615,0.80974483,0.8717739,0.99998116,0.97273386,0,0.6616830825805664
TSBD_BG_abfa756b67,1,1,0,0.88661623,0.0040669376,0.8398153,0.90022933,0.99998856,0.979083,1,0.13641801476478577,0.08051773,0.050221305,5.4479165e-06,0.010413697,0,0.201898992061615,0.07966691,0.049549337,5.9713657e-06,0.010503313,0,0.6616830825805664
TSBD_BG_897409ab6a,1,0,2,0.86696935,0.0046901284,0.08498283,0.06822654,1.2791557e-05,0.01471018,0,0.13641801476478577,0.10021559,0.053350314,2.1893711e-06,0.009801476,0,0.201898992061615,0.8148016,0.87842315,0.9999851,0.9754883,0,0.6616830825805664
TSBD_BG_029a32b87f,1,0,2,0.85776216,0.0038251723,0.12154743,0.09946642,6.848064e-05,0.02787774,0,0.13641801476478577,0.082072586,0.045003027,1.0394755e-06,0.007359015,0,0.201898992061615,0.79638,0.85553056,0.9999305,0.9647632,0,0.6616830825805664
TSBD_BG_ad84846145,0,0,1,0.40694308,0.09142053,0.51499254,0.13650161,0.00011377486,0.071902044,0,0.13641801476478577,0.419264,0.8145516,0.99988496,0.91910195,0,0.201898992061615,0.06574347,0.04894686,1.2858197e-06,0.008996018,0,0.6616830825805664
TSBD_BG_6250909f04,1,1,1,0.8541496,0.004478341,0.110368766,0.074641064,7.231309e-06,0.015226202,0,0.13641801476478577,0.7906559,0.86201966,0.9999895,0.97317165,1,0.201898992061615,0.098975316,0.06333923,3.2524074e-06,0.011602195,0,0.6616830825805664
TSBD_Healthy_c7fd512124,1,0,2,0.67967176,0.02477634,0.0676059,0.032768816,2.2743427e-06,0.006784797,0,0.13641801476478577,0.12811938,0.30340627,0.034737606,0.15865363,0,0.201898992061615,0.8042747,0.6638249,0.9652601,0.8345616,0,0.6616830825805664
TSBD_Healthy_1ab857c1ee,0,0,1,0.28563514,0.15807615,0.054300755,0.039113693,1.1092297e-06,0.008415482,0,0.13641801476478577,0.23016393,0.7695816,0.99903595,0.82753897,0,0.201898992061615,0.71553534,0.19130468,0.00096296996,0.16404559,0,0.6616830825805664
TSBD_Healthy_a4108c60ab,1,0,1,0.44268185,0.08340264,0.06386942,0.06684042,4.512591e-06,0.012356805,0,0.13641801476478577,0.5336332,0.86191165,0.99999,0.9624832,0,0.201898992061615,0.40249744,0.07124791,5.457232e-06,0.025159959,0,0.6616830825805664
TSBD_Healthy_603954b4fc,1,0,2,0.2908431,0.10113911,0.19542544,0.061606597,6.6267e-05,0.028046837,0,0.13641801476478577,0.07626996,0.44314244,0.484324,0.29056573,0,0.201898992061615,0.7283046,0.495251,0.51560974,0.6813874,0,0.6616830825805664
TSBD_Healthy_a7669a6337,1,0,1,0.647702,0.035732035,0.1109167,0.07344348,6.936801e-06,0.016008873,0,0.13641801476478577,0.6463439,0.8590758,0.99998844,0.9653315,0,0.201898992061615,0.24273935,0.067480706,4.585238e-06,0.018659638,0,0.6616830825805664
TSBD_Healthy_0969d7950f,0,0,1,0.14284407,0.26902804,0.09642839,0.049798753,2.3444618e-06,0.016809842,0,0.13641801476478577,0.11825278,0.8060829,0.9997898,0.8446403,0,0.201898992061615,0.7853188,0.14411837,0.00020792423,0.1385498,0,0.6616830825805664
TSBD_Healthy_3535a7f645,1,0,1,0.5330866,0.061117616,0.060105193,0.06662952,4.6988216e-06,0.011744239,0,0.13641801476478577,0.5963512,0.86249465,0.99998975,0.9653235,0,0.201898992061615,0.34354362,0.0708759,5.4936e-06,0.02293227,0,0.6616830825805664
TSBD_Healthy_28874652ec,0,0,1,0.15410651,0.25773033,0.073623195,0.05263428,2.1584788e-06,0.014262922,0,0.13641801476478577,0.17062785,0.83892405,0.99995375,0.9041524,0,0.201898992061615,0.755749,0.10844165,4.414951e-05,0.08158467,0,0.6616830825805664
TSBD_Healthy_c9a3ba4645,1,0,1,0.6433413,0.036452293,0.2810835,0.08327201,1.08611775e-05,0.025681172,0,0.13641801476478577,0.643778,0.8574612,0.99998677,0.9641077,0,0.201898992061615,0.07513847,0.05926677,2.3343744e-06,0.010211124,0,0.6616830825805664
TSBD_Healthy_ec9cff4659,0,0,1,0.14134727,0.2680921,0.75160867,0.14821371,0.00016029332,0.1348785,0,0.13641801476478577,0.11094384,0.8008648,0.9998381,0.84690845,0,0.201898992061615,0.13744748,0.050921477,1.5571464e-06,0.018213024,0,0.6616830825805664
TSBD_Healthy_d0dd7481d3,1,1,1,0.84671384,0.0053039826,0.11591804,0.07411209,7.20842e-06,0.015474536,0,0.13641801476478577,0.7832828,0.8617192,0.9999893,0.97259456,1,0.201898992061615,0.100799166,0.06416869,3.4682166e-06,0.011930902,0,0.6616830825805664
TSBD_Healthy_9b9c4b2008,0,0,1,0.33246598,0.12893754,0.05997442,0.047365632,1.6174757e-06,0.009447862,0,0.13641801476478577,0.35251382,0.8245369,0.99988985,0.9143575,0,0.201898992061615,0.5875118,0.12809743,0.00010846251,0.07619463,0,0.6616830825805664
TSBD_Healthy_6af33a64f0,1,0,1,0.73804575,0.020789368,0.07161141,0.06202243,3.7642794e-06,0.010927179,0,0.13641801476478577,0.70944405,0.8588389,0.9999865,0.9673005,0,0.201898992061615,0.21894452,0.07913858,9.664183e-06,0.021772364,0,0.6616830825805664
TSBD_Healthy_11508a2a47,1,1,0,0.84703696,0.008848145,0.8075747,0.89822227,0.9999876,0.9769406,1,0.13641801476478577,0.11366509,0.050955642,5.742486e-06,0.012102039,0,0.201898992061615,0.07876019,0.050822146,6.6789826e-06,0.0109573575,0,0.6616830825805664
TSBD_Healthy_9c80ffce77,0,0,1,0.20480825,0.21068037,0.063292265,0.055689685,2.628222e-06,0.012850213,0,0.13641801476478577,0.25266686,0.8490206,0.9999734,0.92855847,0,0.201898992061615,0.68404084,0.09528971,2.400982e-05,0.05859135,0,0.6616830825805664
TSBD_Healthy_fdc6d1fa33,1,0,1,0.51443607,0.06474298,0.06361643,0.06595185,4.652468e-06,0.012017651,0,0.13641801476478577,0.5779729,0.8598886,0.9999883,0.9628244,0,0.201898992061615,0.35841066,0.074159555,6.9730745e-06,0.02515793,0,0.6616830825805664
TSBD_Healthy_8c646c1060,0,0,0,0.2930613,0.1500258,0.24891572,0.78156775,0.9949698,0.7897017,0,0.13641801476478577,0.65043867,0.18190433,0.005027602,0.19919182,0,0.201898992061615,0.10064559,0.03652795,2.6293828e-06,0.011106524,0,0.6616830825805664
TSBD_Healthy_1b2ea804f3,1,0,1,0.8046323,0.01030761,0.14360954,0.0789987,8.946562e-06,0.018212985,0,0.13641801476478577,0.7452881,0.85902184,0.9999882,0.9698871,0,0.201898992061615,0.111102425,0.061979458,2.8814036e-06,0.011899877,0,0.6616830825805664
TSBD_Healthy_181a36e89e,0,0,1,0.23522694,0.16847679,0.44231042,0.07976533,9.628279e-06,0.03667339,0,0.13641801476478577,0.30219904,0.85528463,0.99998665,0.9405281,0,0.201898992061615,0.25549057,0.064950064,3.7086706e-06,0.022798501,0,0.6616830825805664
TSBD_Healthy_b13db56cba,1,0,2,0.7381788,0.011098107,0.060929805,0.0335098,2.1352948e-06,0.0065315096,0,0.13641801476478577,0.17352757,0.29211983,0.027220052,0.1653345,0,0.201898992061615,0.7655426,0.6743704,0.9727779,0.82813394,0,0.6616830825805664
TSBD_Healthy_e91e5f3d2c,1,0,1,0.7004678,0.027402904,0.24149422,0.07626453,7.776601e-06,0.021414567,0,0.13641801476478577,0.6900241,0.86163574,0.9999893,0.9682468,0,0.201898992061615,0.06848172,0.06209976,2.938736e-06,0.010338621,0,0.6616830825805664
TSBD_Healthy_b9f53cb41a,1,0,1,0.51020736,0.0636068,0.37868077,0.090497255,1.6020413e-05,0.033502247,0,0.13641801476478577,0.5554782,0.853223,0.999982,0.9569024,0,0.201898992061615,0.06584101,0.056279726,1.9202882e-06,0.009595393,0,0.6616830825805664
TSBD_Healthy_eb22129a24,1,1,0,0.8768074,0.00515073,0.8312197,0.8989612,0.99998724,0.97804165,1,0.13641801476478577,0.097594246,0.052919827,7.435572e-06,0.012174864,0,0.201898992061615,0.07118613,0.04811898,5.3604504e-06,0.009783525,0,0.6616830825805664
TSBD_Healthy_968a78b93d,1,0,1,0.78194803,0.013723545,0.18329033,0.08086415,9.909275e-06,0.020566404,0,0.13641801476478577,0.7324252,0.85896766,0.9999876,0.9689838,0,0.201898992061615,0.0842845,0.060168203,2.5415238e-06,0.010449767,0,0.6616830825805664
TSBD_Healthy_c7a3a188a8,0,0,1,0.2511873,0.17473911,0.62599796,0.11438992,5.01338e-05,0.0691343,0,0.13641801476478577,0.2752372,0.83407897,0.9999484,0.9183931,0,0.201898992061615,0.09876481,0.051531106,1.4591973e-06,0.012472608,0,0.6616830825805664
TSBD_Healthy_f55a2f1b43,1,0,2,0.7746802,0.011301165,0.06880145,0.033991307,1.6864251e-06,0.0066457805,0,0.13641801476478577,0.13001908,0.23389737,0.0063766288,0.10274484,0,0.201898992061615,0.80117947,0.73211133,0.99362177,0.89060944,0,0.6616830825805664
TSBD_Healthy_11a0ec4d06,1,0,2,0.84177697,0.006712597,0.08774751,0.11680315,0.00014513377,0.031006485,0,0.13641801476478577,0.09948945,0.04374557,9.621774e-07,0.007636693,0,0.201898992061615,0.81276304,0.83945125,0.99985385,0.9613568,0,0.6616830825805664
TSBD_Healthy_dda7c6bbc5,1,0,1,0.6661023,0.02828822,0.06008177,0.047938295,1.6062233e-06,0.007984838,0,0.13641801476478577,0.6281533,0.82852226,0.9999107,0.9436044,0,0.201898992061615,0.31176496,0.12353948,8.7652006e-05,0.048410803,0,0.6616830825805664
TSBD_Healthy_b83d452fe7,1,0,2,0.87145776,0.0042373715,0.07901298,0.055450324,5.2769064e-06,0.010926564,0,0.13641801476478577,0.104051225,0.06276869,4.708706e-06,0.01243534,0,0.201898992061615,0.8169357,0.881781,0.9999901,0.9766381,0,0.6616830825805664
TSBD_Healthy_ec04a77054,1,1,1,0.84899074,0.0052289963,0.09846837,0.07346556,6.7969336e-06,0.014363065,0,0.13641801476478577,0.7878944,0.86231065,0.99998975,0.9732057,1,0.201898992061615,0.113637224,0.06422385,3.476457e-06,0.012431281,0,0.6616830825805664
TSBD_Healthy_63480c13ab,1,1,1,0.83281523,0.0073105674,0.098885104,0.07179373,6.1404853e-06,0.014021373,0,0.13641801476478577,0.77454555,0.8631815,0.9999902,0.9728072,1,0.201898992061615,0.12656933,0.06502477,3.6440063e-06,0.013171384,0,0.6616830825805664
TSBD_Healthy_a334fe0843,1,1,1,0.83286184,0.0072815027,0.1381306,0.072364904,6.3714197e-06,0.015934056,0,0.13641801476478577,0.7744015,0.8629852,0.9999901,0.9725878,1,0.201898992061615,0.08746792,0.06464983,3.5431801e-06,0.01147813,0,0.6616830825805664
TSBD_Healthy_af48f4f88b,1,0,1,0.6202471,0.04008352,0.30145732,0.08900214,1.4802056e-05,0.029141223,0,0.13641801476478577,0.6234049,0.8532818,0.9999831,0.9608242,0,0.201898992061615,0.07513776,0.05771604,2.1597775e-06,0.010034593,0,0.6616830825805664
TSBD_Healthy_58fc6d9018,0,0,1,0.32352236,0.12878495,0.52190787,0.08489035,1.2183108e-05,0.038251795,0,0.13641801476478577,0.40355113,0.8525848,0.99998474,0.948967,0,0.201898992061615,0.074541,0.06252487,3.0428128e-06,0.012781247,0,0.6616830825805664
TSBD_Healthy_ed8a98aaef,1,0,2,0.3224938,0.08939472,0.1263567,0.03556436,5.4607985e-06,0.010997545,0,0.13641801476478577,0.09935784,0.4559634,0.49081796,0.3119261,0,0.201898992061615,0.7742854,0.50847226,0.50917655,0.67707634,0,0.6616830825805664
TSBD_Healthy_c1a36abd3d,0,0,1,0.17699227,0.2294047,0.12929319,0.071861885,6.044227e-06,0.022545232,0,0.13641801476478577,0.23661998,0.8596121,0.9999895,0.9411609,0,0.201898992061615,0.6340868,0.068526,4.4996063e-06,0.036293816,0,0.6616830825805664
TSBD_Healthy_ba89f16ead,1,1,1,0.8411772,0.006111104,0.10577161,0.07283755,6.566939e-06,0.014615104,0,0.13641801476478577,0.7796943,0.8626265,0.99998987,0.9728213,1,0.201898992061615,0.114534095,0.06453592,3.5211522e-06,0.0125636235,0,0.6616830825805664
TSBD_Healthy_ff7717e05f,1,1,0,0.8779732,0.005063585,0.8327275,0.89934796,0.99998796,0.97846043,1,0.13641801476478577,0.07649536,0.052214805,6.6839934e-06,0.010873954,0,0.201898992061615,0.09077707,0.048437193,5.3249455e-06,0.010665616,0,0.6616830825805664
TSBD_Healthy_9697828448,0,0,1,0.23046342,0.16083702,0.33126542,0.05881782,2.9083624e-06,0.02252747,0,0.13641801476478577,0.30967543,0.85047466,0.9999796,0.9371416,0,0.201898992061615,0.35905918,0.09070755,1.7528484e-05,0.040330954,0,0.6616830825805664
TSBD_Healthy_0dc7202194,1,0,1,0.74374646,0.019847741,0.10265787,0.07094429,5.821827e-06,0.014372323,0,0.13641801476478577,0.71003646,0.8617747,0.99999,0.9693696,0,0.201898992061615,0.18730569,0.067281,4.2418765e-06,0.016258143,0,0.6616830825805664
TSBD_Healthy_aafafefd6f,0,0,1,0.15017103,0.25583896,0.16977653,0.060770445,5.106951e-06,0.02654958,0,0.13641801476478577,0.10978077,0.7842803,0.99971575,0.8240967,0,0.201898992061615,0.7204427,0.15494925,0.0002791398,0.14935371,0,0.6616830825805664
TSBD_Healthy_3e37e6f481,0,0,1,0.22916488,0.18904436,0.066307895,0.071350284,5.818083e-06,0.016055724,0,0.13641801476478577,0.31962487,0.8595107,0.9999895,0.9508987,0,0.201898992061615,0.61406714,0.06913895,4.6916566e-06,0.03304562,0,0.6616830825805664
TSBD_Healthy_d5c6d15d07,0,0,2,0.1389397,0.26704746,0.7259581,0.058428757,1.278251e-05,0.04508981,0,0.13641801476478577,0.07250929,0.16960667,0.0011039122,0.07932831,0,0.201898992061615,0.20153254,0.7719646,0.9988833,0.8755819,0,0.6616830825805664
TSBD_Healthy_968206666f,1,0,2,0.8627653,0.0050911745,0.079172626,0.05947363,7.1173504e-06,0.012024346,0,0.13641801476478577,0.111754514,0.061672285,4.3911746e-06,0.012519868,0,0.201898992061615,0.80907285,0.8788541,0.99998844,0.97545576,0,0.6616830825805664
TSBD_Healthy_cacd4fa5f3,1,0,2,0.80357474,0.012389826,0.07010772,0.06454188,1.06352545e-05,0.01320865,0,0.13641801476478577,0.164626,0.06671693,6.7703863e-06,0.016514506,0,0.201898992061615,0.76526624,0.86874115,0.9999826,0.9702769,0,0.6616830825805664
TSBD_Healthy_c00e285b89,1,1,2,0.87377965,0.0040113376,0.083059296,0.06297296,8.993236e-06,0.013084672,0,0.13641801476478577,0.09666079,0.055794172,2.6569535e-06,0.0102389045,0,0.201898992061615,0.82027984,0.881233,0.99998844,0.9766764,1,0.6616830825805664
TSBD_Healthy_e318b96772,1,1,2,0.87385505,0.0040259976,0.082143106,0.061020706,7.786783e-06,0.012484751,0,0.13641801476478577,0.097686484,0.05714271,3.0138194e-06,0.010652251,0,0.201898992061615,0.8201704,0.8818366,0.9999893,0.97686297,1,0.6616830825805664
TSBD_Healthy_f874d1c34c,1,1,2,0.87367964,0.004059337,0.081525475,0.0628712,8.873286e-06,0.012953294,0,0.13641801476478577,0.09780754,0.05576824,2.6807184e-06,0.010295843,0,0.201898992061615,0.820667,0.88136053,0.99998856,0.97675085,1,0.6616830825805664
TSBD_Healthy_a486752b98,1,0,2,0.8654247,0.005152763,0.07035347,0.05594373,5.3934687e-06,0.010589474,0,0.13641801476478577,0.11513391,0.061889645,4.4709072e-06,0.012682096,0,0.201898992061615,0.81451267,0.8821666,0.9999901,0.97672844,0,0.6616830825805664
TSBD_Healthy_79eca515b7,1,1,2,0.8737194,0.0038819853,0.087217465,0.066745125,1.1424596e-05,0.014341181,0,0.13641801476478577,0.09316066,0.05377322,2.2084841e-06,0.009585656,0,0.201898992061615,0.8196219,0.8794816,0.9999863,0.9760732,1,0.6616830825805664
TSBD_Healthy_28f91e3b3c,1,1,2,0.8738513,0.003961498,0.08402004,0.06512098,1.021076e-05,0.013682022,0,0.13641801476478577,0.095499426,0.05452191,2.3762823e-06,0.00986887,0,0.201898992061615,0.8204806,0.88035715,0.99998736,0.97644913,1,0.6616830825805664
TSBD_Healthy_b4c784db60,1,0,2,0.86884916,0.004074521,0.09952611,0.07164715,1.5750686e-05,0.016586198,0,0.13641801476478577,0.088242546,0.052256323,1.9532447e-06,0.009088049,0,0.201898992061615,0.81223136,0.87609655,0.99998236,0.9743257,0,0.6616830825805664
TSBD_Healthy_46afbf57c8,1,0,2,0.8682809,0.004667707,0.079261385,0.06750702,1.2143793e-05,0.014124902,0,0.13641801476478577,0.102803916,0.053851884,2.259952e-06,0.009983888,0,0.201898992061615,0.8179347,0.8786412,0.9999856,0.97589123,0,0.6616830825805664
TSBD_Healthy_5238685a4f,1,0,2,0.69471717,0.007638611,0.08656881,0.07020583,5.0615436e-05,0.020788753,0,0.13641801476478577,0.34154978,0.24002858,0.009653729,0.1670297,0,0.201898992061615,0.57188135,0.6897656,0.9902956,0.8121816,0,0.6616830825805664
TSBD_Healthy_115a1b2ce7,1,0,2,0.87261415,0.0041982466,0.08065254,0.061808173,8.245919e-06,0.012623943,0,0.13641801476478577,0.09965145,0.056566395,2.8383845e-06,0.010553465,0,0.201898992061615,0.81969607,0.8816255,0.9999889,0.9768226,0,0.6616830825805664
TSBD_Healthy_2b0f2e29de,1,1,2,0.8745376,0.0039229617,0.084823295,0.06315502,9.038187e-06,0.013208618,0,0.13641801476478577,0.094464086,0.055341907,2.5288425e-06,0.0100179585,0,0.201898992061615,0.82071257,0.88150305,0.99998844,0.97677344,1,0.6616830825805664
TSBD_Healthy_2cb9913a0d,1,0,2,0.7366216,0.013466714,0.14284436,0.22840779,0.0049144477,0.10307546,0,0.13641801476478577,0.12748416,0.05095345,3.8422013e-06,0.012058467,0,0.201898992061615,0.72967154,0.7206387,0.9950818,0.88486606,0,0.6616830825805664
TSBD_Healthy_f7b6201d8c,1,0,2,0.8684599,0.0041685533,0.0909348,0.075674064,1.998574e-05,0.017266586,0,0.13641801476478577,0.0941161,0.05067913,1.7064436e-06,0.008919792,0,0.201898992061615,0.81494904,0.8736468,0.9999783,0.9738136,0,0.6616830825805664
TSBD_Healthy_1cb0a1deed,1,0,2,0.87020797,0.004369146,0.08158609,0.06473493,1.022394e-05,0.013525965,0,0.13641801476478577,0.10085293,0.055625957,2.661738e-06,0.010395982,0,0.201898992061615,0.8175609,0.8796392,0.9999871,0.97607803,0,0.6616830825805664
TSBD_Healthy_e53d9705ff,1,0,2,0.8731048,0.004044124,0.083929785,0.06456787,1.0030069e-05,0.013579268,0,0.13641801476478577,0.096408784,0.05499788,2.4868768e-06,0.0100337835,0,0.201898992061615,0.81966144,0.8804343,0.9999875,0.97638696,0,0.6616830825805664
TSBD_Healthy_fea6d00053,1,0,2,0.87251496,0.004041545,0.09047529,0.06318332,8.956713e-06,0.013505491,0,0.13641801476478577,0.09202919,0.055883776,2.7046144e-06,0.010118073,0,0.201898992061615,0.81749547,0.8809329,0.9999883,0.9763764,0,0.6616830825805664
TSBD_Healthy_f69458ce94,1,0,2,0.87019056,0.003955232,0.08932818,0.0756416,2.0308014e-05,0.017201224,0,0.13641801476478577,0.093919925,0.051151298,1.7572112e-06,0.008998145,0,0.201898992061615,0.8167519,0.8732071,0.99997795,0.9738006,0,0.6616830825805664
TSBD_Healthy_bb30558caa,1,0,2,0.8697435,0.0043968465,0.08430607,0.06537849,1.0507418e-05,0.013823448,0,0.13641801476478577,0.099059336,0.054906324,2.4450394e-06,0.010101161,0,0.201898992061615,0.8166346,0.8797152,0.999987,0.9760754,0,0.6616830825805664
TSBD_Healthy_f8b382f850,1,0,2,0.8219907,0.011288919,0.06409292,0.06712907,1.1823295e-05,0.013148976,0,0.13641801476478577,0.14310162,0.054871142,2.4054132e-06,0.011568297,0,0.201898992061615,0.79280543,0.87799984,0.9999858,0.9752827,0,0.6616830825805664
TSBD_Healthy_4e764a8c1f,1,1,2,0.8737098,0.004068249,0.08142706,0.060890086,7.674203e-06,0.012397749,0,0.13641801476478577,0.098292075,0.05708665,2.9865582e-06,0.0106506795,0,0.201898992061615,0.82028085,0.8820232,0.9999894,0.9769516,1,0.6616830825805664
TSBD_Healthy_63950b8869,1,0,2,0.8720431,0.0038154628,0.09241044,0.07207132,1.6224998e-05,0.0162728,0,0.13641801476478577,0.090599194,0.051845364,1.9015666e-06,0.0090753855,0,0.201898992061615,0.8169904,0.8760833,0.9999819,0.9746518,0,0.6616830825805664
TSBD_Healthy_ea2ac521c5,0,0,1,0.36291274,0.10921088,0.061798677,0.034511436,2.7691146e-06,0.00841785,0,0.13641801476478577,0.14568606,0.58401376,0.917423,0.5157124,0,0.201898992061615,0.7925153,0.38147482,0.08257422,0.4758698,0,0.6616830825805664
TSBD_Healthy_1402c548f4,1,0,2,0.8701928,0.003502448,0.0712341,0.043171506,1.9750946e-06,0.00775601,0,0.13641801476478577,0.11737508,0.08576581,2.3444065e-05,0.020634348,0,0.201898992061615,0.81139076,0.8710627,0.9999745,0.9716097,0,0.6616830825805664
TSBD_Healthy_44b1d181ba,1,1,2,0.8736993,0.0038646832,0.07652636,0.049469154,3.2994153e-06,0.009338404,0,0.13641801476478577,0.10538188,0.06977169,8.189982e-06,0.014624504,0,0.201898992061615,0.81809175,0.8807591,0.99998844,0.9760371,1,0.6616830825805664
TSBD_Healthy_5031d03cd3,1,1,1,0.85135806,0.0050092805,0.095965415,0.071695514,5.9611116e-06,0.013699996,0,0.13641801476478577,0.79031485,0.8630798,0.99999034,0.97363335,1,0.201898992061615,0.11371976,0.0652247,3.7021048e-06,0.012666632,0,0.6616830825805664
TSBD_Healthy_584e036b15,1,0,1,0.7293446,0.023276664,0.06558017,0.067545794,4.770589e-06,0.011518635,0,0.13641801476478577,0.7165931,0.8623996,0.99999,0.97030985,0,0.201898992061615,0.21782678,0.070054635,5.254644e-06,0.018171519,0,0.6616830825805664
TSBD_Healthy_ceedc9841a,1,0,2,0.74323094,0.012679111,0.14430632,0.25581565,0.008345624,0.11904812,0,0.13641801476478577,0.09230959,0.04531118,2.6589423e-06,0.009336506,0,0.201898992061615,0.7633841,0.69887316,0.9916517,0.8716154,0,0.6616830825805664
TSBD_Healthy_539b7c9614,1,0,2,0.8310331,0.008232924,0.0775614,0.04816328,3.0156598e-06,0.009265075,0,0.13641801476478577,0.1467661,0.07947859,1.5237191e-05,0.020062571,0,0.201898992061615,0.7756725,0.87235814,0.99998176,0.97067237,0,0.6616830825805664
TSBD_Healthy_9405a524b8,1,0,0,0.5421066,0.06251806,0.6210564,0.89568293,0.9999857,0.96835387,0,0.13641801476478577,0.30303636,0.05235008,6.934573e-06,0.019507878,0,0.201898992061615,0.07590727,0.05196699,7.413816e-06,0.012138215,0,0.6616830825805664
TSBD_Healthy_84b5bbabe5,1,0,1,0.78111106,0.013325227,0.06909108,0.06009521,3.024749e-06,0.010101639,0,0.13641801476478577,0.7311464,0.8509097,0.9999815,0.96566385,0,0.201898992061615,0.1997625,0.08899516,1.5498881e-05,0.024234464,0,0.6616830825805664
TSBD_Healthy_cd1699cbb8,0,0,0,0.14396544,0.26478225,0.10125816,0.7878106,0.9955323,0.72954464,0,0.13641801476478577,0.75886905,0.17465506,0.004464677,0.2541841,0,0.201898992061615,0.13987282,0.03753439,2.9434934e-06,0.016271327,0,0.6616830825805664
TSBD_Healthy_3971c8d6d2,1,0,2,0.6797371,0.022253709,0.14296506,0.31024003,0.024708541,0.1586901,0,0.13641801476478577,0.08290335,0.0405761,1.8951066e-06,0.007891044,0,0.201898992061615,0.77413166,0.64918387,0.9752896,0.8334189,0,0.6616830825805664
TSBD_Healthy_062f8eb68b,1,1,1,0.8385591,0.004975917,0.12261612,0.10720798,3.4077046e-05,0.025605999,0,0.13641801476478577,0.7751913,0.8402876,0.99996436,0.96502376,1,0.201898992061615,0.10219255,0.05250438,1.5330407e-06,0.009370244,0,0.6616830825805664
TSBD_Healthy_64c2fd2799,1,0,2,0.85863227,0.0057702875,0.06900235,0.05455705,4.986768e-06,0.010268456,0,0.13641801476478577,0.12367784,0.06540602,6.015104e-06,0.0141884405,0,0.201898992061615,0.80731976,0.88003695,0.99998903,0.97554314,0,0.6616830825805664
TSBD_Healthy_06ad797b28,0,0,1,0.2877765,0.15199678,0.08127302,0.040192414,3.3394344e-06,0.011866537,0,0.13641801476478577,0.12489885,0.6427852,0.9763392,0.5950982,0,0.201898992061615,0.7938281,0.31702235,0.023657396,0.39303526,0,0.6616830825805664
TSBD_Healthy_d37fadc7b5,1,0,2,0.87216747,0.004289249,0.079169996,0.061562743,8.083771e-06,0.0124691585,0,0.13641801476478577,0.1010633,0.056637127,2.9201683e-06,0.010671118,0,0.201898992061615,0.8197667,0.8818002,0.99998903,0.9768597,0,0.6616830825805664
TSBD_Healthy_23703b21e8,1,0,2,0.8405525,0.0025644028,0.075609714,0.051946733,5.507647e-06,0.010795937,0,0.13641801476478577,0.16155614,0.12839322,0.00021386579,0.04398951,0,0.201898992061615,0.76283413,0.81966,0.9997807,0.9452145,0,0.6616830825805664
TSBD_Healthy_e761f95881,0,0,1,0.3051847,0.13922393,0.14429511,0.047756605,2.2813795e-06,0.014680861,0,0.13641801476478577,0.26416424,0.7784516,0.9994375,0.855993,0,0.201898992061615,0.59154063,0.17379178,0.0005602068,0.12932616,0,0.6616830825805664
TSBD_Healthy_049d7b0b8e,1,0,2,0.8567266,0.005150672,0.07166212,0.05411544,5.1899297e-06,0.010493129,0,0.13641801476478577,0.12884296,0.07400507,1.150863e-05,0.017394843,0,0.201898992061615,0.79949486,0.8718796,0.9999832,0.972112,0,0.6616830825805664
TSBD_Healthy_d0a2ad85a2,1,0,2,0.8700968,0.004326637,0.073822014,0.05158431,3.8543667e-06,0.009705956,0,0.13641801476478577,0.11096261,0.06733518,6.6303883e-06,0.014066248,0,0.201898992061615,0.8152154,0.8810805,0.9999895,0.97622776,0,0.6616830825805664
TSBD_Healthy_427d279e02,1,0,2,0.8728623,0.0040822383,0.08169319,0.06099751,7.818756e-06,0.012476857,0,0.13641801476478577,0.0993273,0.057899166,3.1718625e-06,0.010895857,0,0.201898992061615,0.81897956,0.88110334,0.9999889,0.9766273,0,0.6616830825805664
TSBD_Healthy_194fe9c226,1,0,2,0.86025965,0.005461706,0.06826552,0.05201477,3.9649267e-06,0.009564606,0,0.13641801476478577,0.1244305,0.068363,7.168389e-06,0.015023494,0,0.201898992061615,0.8073039,0.8796222,0.9999889,0.9754119,0,0.6616830825805664
TSBD_Healthy_7fd586cd0c,1,0,2,0.87082684,0.004243511,0.08396277,0.06301031,8.889936e-06,0.013129107,0,0.13641801476478577,0.09921221,0.05689347,2.8589777e-06,0.010595168,0,0.201898992061615,0.816825,0.8800962,0.9999882,0.97627574,0,0.6616830825805664
TSBD_Healthy_8a16be7271,1,0,1,0.80091333,0.010877192,0.07056354,0.056900337,2.3898954e-06,0.009402324,0,0.13641801476478577,0.74633855,0.8556695,0.99998343,0.9678734,0,0.201898992061615,0.18309796,0.08743015,1.4133199e-05,0.022724254,0,0.6616830825805664
TSBD_Healthy_7497e074fb,1,0,2,0.84941685,0.0048957774,0.060800444,0.041990418,1.9000917e-06,0.0072618006,0,0.13641801476478577,0.15371203,0.09747384,4.7361256e-05,0.027921347,0,0.201898992061615,0.78548753,0.86053574,0.99995077,0.9648168,0,0.6616830825805664
TSBD_Healthy_0008f80a75,1,0,2,0.8587053,0.0054606483,0.11156444,0.06521228,1.0289015e-05,0.015240026,0,0.13641801476478577,0.08501175,0.0557168,2.6467883e-06,0.009839746,0,0.201898992061615,0.80342376,0.87907094,0.9999871,0.9749202,0,0.6616830825805664
TSBD_Healthy_5ceaf1db7f,1,0,2,0.8721534,0.004156054,0.08118171,0.05779222,6.1442847e-06,0.011582957,0,0.13641801476478577,0.10110815,0.060585324,3.991301e-06,0.011720253,0,0.201898992061615,0.81771016,0.8816225,0.99998987,0.9766967,0,0.6616830825805664
TSBD_Healthy_e4fa44cd99,1,0,2,0.8718056,0.0040428154,0.08018417,0.053146202,4.361891e-06,0.010378173,0,0.13641801476478577,0.103750475,0.06650605,6.32463e-06,0.013532667,0,0.201898992061615,0.8160653,0.8803477,0.9999893,0.9760892,0,0.6616830825805664
TSBD_Healthy_441bde1a65,1,0,2,0.8496473,0.006242496,0.06637643,0.050952468,3.927593e-06,0.009414301,0,0.13641801476478577,0.13854593,0.07500017,1.2052615e-05,0.018137846,0,0.201898992061615,0.7950777,0.87404734,0.999984,0.9724479,0,0.6616830825805664
TSBD_Healthy_dbb2f8ca89,1,0,1,0.7080264,0.008652715,0.055455543,0.036432747,1.2408152e-06,0.006366949,0,0.13641801476478577,0.5917018,0.71645194,0.99543947,0.844911,0,0.201898992061615,0.35284266,0.24711527,0.004559286,0.14872207,0,0.6616830825805664
TSBD_Healthy_9b317a63ad,1,0,1,0.66497815,0.030879136,0.059671663,0.050243855,1.6333598e-06,0.008115433,0,0.13641801476478577,0.64483607,0.84567106,0.9999634,0.9555068,0,0.201898992061615,0.29549226,0.10408505,3.4926372e-05,0.036377735,0,0.6616830825805664
TSBD_Healthy_d85abeff44,1,0,2,0.871056,0.004421834,0.07750387,0.059832897,7.134551e-06,0.01192245,0,0.13641801476478577,0.10385793,0.058187492,3.318283e-06,0.011192209,0,0.201898992061615,0.8186382,0.8819795,0.9999895,0.9768854,0,0.6616830825805664
TSBD_Healthy_32490efb09,1,0,2,0.6622456,0.019469429,0.05250157,0.03813999,2.2676554e-06,0.007235688,0,0.13641801476478577,0.37719235,0.20752983,0.0034524356,0.13390334,0,0.201898992061615,0.5703061,0.7543301,0.99654526,0.8588609,0,0.6616830825805664
TSBD_Healthy_003e47f46b,0,0,1,0.25097582,0.17922196,0.059427705,0.03812828,1.3207336e-06,0.009337078,0,0.13641801476478577,0.16333307,0.7349106,0.99725986,0.7546293,0,0.201898992061615,0.77723926,0.22696114,0.0027387738,0.23603368,0,0.6616830825805664
TSBD_Healthy_db7fb385bc,1,0,2,0.8381389,0.0059215454,0.062151853,0.0439475,2.271645e-06,0.007782516,0,0.13641801476478577,0.16431786,0.09915826,4.9985014e-05,0.02927037,0,0.201898992061615,0.77353036,0.8568942,0.9999478,0.9629471,0,0.6616830825805664
TSBD_Healthy_e07653b53b,1,0,2,0.8491487,0.00674914,0.065211706,0.05274987,4.3115683e-06,0.00966819,0,0.13641801476478577,0.13627242,0.06965269,8.001316e-06,0.016047293,0,0.201898992061615,0.7985159,0.87759745,0.9999877,0.97428447,0,0.6616830825805664
TSBD_Healthy_372dafd03c,0,0,1,0.31858826,0.13798898,0.059885092,0.04031454,2.5853783e-06,0.010033822,0,0.13641801476478577,0.16847695,0.6699856,0.98802364,0.6674433,0,0.201898992061615,0.7716379,0.2896999,0.011973856,0.3225229,0,0.6616830825805664
TSBD_Healthy_8a4d12c896,0,0,1,0.41930592,0.088576294,0.059414994,0.050548453,3.0485746e-06,0.010523569,0,0.13641801476478577,0.3842246,0.7795218,0.9994764,0.87840277,0,0.201898992061615,0.55636036,0.16992974,0.0005206172,0.111073695,0,0.6616830825805664
TSBD_Healthy_ddf26df6fc,1,0,2,0.808026,0.0031862026,0.07369092,0.041764647,3.1362604e-06,0.008603637,0,0.13641801476478577,0.17227487,0.21024871,0.0030637686,0.09497292,0,0.201898992061615,0.7540342,0.7479866,0.9969331,0.89642346,0,0.6616830825805664
TSBD_Healthy_f43e3f4c5b,1,0,2,0.8531885,0.00626829,0.11061418,0.0588573,6.6912667e-06,0.013331315,0,0.13641801476478577,0.089241944,0.061275493,4.0745604e-06,0.011403061,0,0.201898992061615,0.8001439,0.87986726,0.9999893,0.9752656,0,0.6616830825805664
TSBD_Healthy_b5fbb9ed8e,1,0,2,0.7229468,0.026096368,0.05734499,0.061097942,7.748316e-06,0.011455288,0,0.13641801476478577,0.21627189,0.06224669,4.59753e-06,0.01656099,0,0.201898992061615,0.72638315,0.87665534,0.9999876,0.9719837,0,0.6616830825805664
TSBD_Healthy_eb36a09ca4,1,0,2,0.8673351,0.0045763627,0.074625604,0.05692673,5.7112766e-06,0.011033283,0,0.13641801476478577,0.1120811,0.06391308,5.1831144e-06,0.01314391,0,0.201898992061615,0.8132933,0.87916017,0.99998915,0.97582287,0,0.6616830825805664
TSBD_Healthy_6b4a97bd93,1,0,2,0.869778,0.0046396907,0.07691009,0.062941246,8.922264e-06,0.01272094,0,0.13641801476478577,0.1039777,0.055630993,2.6170762e-06,0.010463908,0,0.201898992061615,0.8191122,0.88142776,0.99998844,0.97681516,0,0.6616830825805664
TSBD_Healthy_ba33e2e4e1,1,0,2,0.86278677,0.005470383,0.07407203,0.060264047,7.403957e-06,0.011888925,0,0.13641801476478577,0.11295763,0.05837155,3.3202764e-06,0.011571518,0,0.201898992061615,0.8129703,0.8813644,0.9999893,0.97653955,0,0.6616830825805664
TSBD_Healthy_c2d1e8a97b,1,0,2,0.81478393,0.012331227,0.060603403,0.05859403,6.5111935e-06,0.010786114,0,0.13641801476478577,0.15447778,0.05951536,3.6719684e-06,0.013439741,0,0.201898992061615,0.78491884,0.88189054,0.99998975,0.97577417,0,0.6616830825805664
TSBD_Healthy_acaf94d2e8,1,0,2,0.85462046,0.0066252854,0.0684558,0.05759792,6.113535e-06,0.010926002,0,0.13641801476478577,0.1236736,0.06027968,3.9187717e-06,0.01254961,0,0.201898992061615,0.80787057,0.8821224,0.99999,0.9765244,0,0.6616830825805664
TSBD_Healthy_4c1057862a,1,0,2,0.86877495,0.004254968,0.07317829,0.04993376,3.490738e-06,0.009359974,0,0.13641801476478577,0.11428592,0.07136138,9.0110425e-06,0.015530704,0,0.201898992061615,0.81253576,0.8787048,0.9999875,0.9751093,0,0.6616830825805664
TSBD_Healthy_d28eee88b2,1,0,2,0.86678517,0.004193808,0.067982614,0.045921057,2.457063e-06,0.008200968,0,0.13641801476478577,0.12303019,0.07863735,1.4510732e-05,0.018340535,0,0.201898992061615,0.80898714,0.8754417,0.99998295,0.9734585,0,0.6616830825805664
TSBD_Healthy_9f799d79c9,1,0,2,0.869157,0.00372212,0.07132587,0.046251703,2.60334e-06,0.008463486,0,0.13641801476478577,0.1184141,0.080759495,1.6795566e-05,0.018856736,0,0.201898992061615,0.81026006,0.8729888,0.99998057,0.97267985,0,0.6616830825805664
TSBD_Healthy_0797e50b91,1,0,2,0.872314,0.0030770265,0.07358361,0.04491574,2.3674795e-06,0.008282114,0,0.13641801476478577,0.113319755,0.08689474,2.41982e-05,0.020636788,0,0.201898992061615,0.8130967,0.8681896,0.9999734,0.9710811,0,0.6616830825805664
TSBD_Healthy_35d58d516e,1,0,2,0.8725581,0.0033060475,0.07871342,0.044866294,2.3430357e-06,0.008447019,0,0.13641801476478577,0.10532926,0.08528701,2.2928501e-05,0.019707482,0,0.201898992061615,0.8159573,0.86984664,0.9999747,0.9718455,0,0.6616830825805664
TSBD_Healthy_3369d16a81,0,0,2,0.5108303,0.045277674,0.062022608,0.039260022,7.820866e-06,0.009552905,0,0.13641801476478577,0.6356967,0.3615764,0.13440384,0.41193077,0,0.201898992061615,0.30228066,0.5991636,0.86558825,0.5785163,0,0.6616830825805664
TSBD_Healthy_f12cfc128f,0,0,0,0.2747162,0.16096115,0.17838363,0.7251909,0.981454,0.6836086,0,0.13641801476478577,0.72848624,0.23118252,0.018539766,0.3023457,0,0.201898992061615,0.09313017,0.04362659,6.252971e-06,0.014045679,0,0.6616830825805664
TSBD_Healthy_8cb3c49027,1,0,0,0.7808854,0.009431941,0.703198,0.81830883,0.9992906,0.9267815,0,0.13641801476478577,0.08274445,0.042988334,2.4195506e-06,0.008764201,0,0.201898992061615,0.21405758,0.13870285,0.00070695917,0.06445431,0,0.6616830825805664
TSBD_Healthy_0d4d34f349,1,1,0,0.8641738,0.0054678842,0.8122958,0.8863221,0.9999794,0.97330934,1,0.13641801476478577,0.09939631,0.05665911,9.358575e-06,0.01335763,0,0.201898992061615,0.08830788,0.057018735,1.1243985e-05,0.013333017,0,0.6616830825805664
TSBD_Healthy_aac43b5b94,1,0,0,0.8394622,0.009140184,0.7954849,0.8928307,0.9999839,0.97433585,0,0.13641801476478577,0.106021665,0.05451031,8.282676e-06,0.013169841,0,0.201898992061615,0.09849342,0.05265893,7.826625e-06,0.012494322,0,0.6616830825805664
TSBD_Healthy_713f0a2197,1,0,0,0.7323639,0.022649135,0.70715535,0.8738176,0.9999378,0.9598529,0,0.13641801476478577,0.07083744,0.043874074,2.6611806e-06,0.00856724,0,0.201898992061615,0.2220072,0.08230827,5.956062e-05,0.031579874,0,0.6616830825805664
TSBD_Healthy_ac26bcc532,1,1,0,0.85811263,0.0069318125,0.8115881,0.8943606,0.999985,0.97574824,1,0.13641801476478577,0.096537426,0.05217926,6.7077976e-06,0.01190487,0,0.201898992061615,0.09187444,0.05346013,8.311274e-06,0.012346848,0,0.6616830825805664
TSBD_Healthy_46f4698e93,1,0,2,0.8667761,0.004811527,0.07678324,0.06318031,9.434004e-06,0.01290076,0,0.13641801476478577,0.107781544,0.057535615,3.142346e-06,0.011178511,0,0.201898992061615,0.8154353,0.87928414,0.9999875,0.97592074,0,0.6616830825805664
TSBD_Healthy_ffc31af5e9,1,0,2,0.5895646,0.04302209,0.10155539,0.18748015,0.001861179,0.07244566,0,0.13641801476478577,0.25603712,0.05694045,5.570469e-06,0.01831904,0,0.201898992061615,0.64240754,0.7555794,0.99813324,0.9092353,0,0.6616830825805664
TSBD_Healthy_ffc39b3360,0,0,2,0.52876556,0.046264075,0.059918944,0.03727809,3.147139e-06,0.008316409,0,0.13641801476478577,0.5445426,0.26758704,0.01477716,0.23710442,0,0.201898992061615,0.39553842,0.6951349,0.9852197,0.7545792,0,0.6616830825805664
TSBD_Healthy_13e3dd820d,1,0,2,0.83758634,0.0027647426,0.07521313,0.040853277,2.6109883e-06,0.008260082,0,0.13641801476478577,0.14814493,0.15897545,0.0006897254,0.058876593,0,0.201898992061615,0.77664196,0.80017126,0.99930763,0.93286335,0,0.6616830825805664
TSBD_Healthy_0e7dca224f,1,0,2,0.8239782,0.009027316,0.10211696,0.075085536,2.1120311e-05,0.01843805,0,0.13641801476478577,0.12568021,0.057080764,3.1336665e-06,0.0119664315,0,0.201898992061615,0.77220285,0.8678337,0.9999758,0.96959555,0,0.6616830825805664
TSBD_Healthy_e30ffbbca2,1,0,2,0.87245536,0.003974907,0.08570823,0.062554576,8.854034e-06,0.013166183,0,0.13641801476478577,0.09687094,0.05778549,3.2089913e-06,0.010824733,0,0.201898992061615,0.8174208,0.8796599,0.99998796,0.9760091,0,0.6616830825805664
TSBD_Healthy_33ee2c0488,0,0,0,0.36491647,0.109420285,0.38013265,0.8182534,0.9994962,0.89007044,0,0.13641801476478577,0.08980883,0.054325093,8.696299e-06,0.015415948,0,0.201898992061615,0.53005856,0.12742142,0.0004950526,0.09451355,0,0.6616830825805664
TSBD_Healthy_cf66e36f26,1,0,2,0.8724242,0.003926644,0.08897413,0.06787396,1.25113165e-05,0.014830032,0,0.13641801476478577,0.09323053,0.053809248,2.2574825e-06,0.009641144,0,0.201898992061615,0.8177954,0.8783168,0.9999852,0.9755288,0,0.6616830825805664
TSBD_Healthy_198c19a2fa,1,0,2,0.870631,0.004405386,0.07943005,0.06684814,1.170045e-05,0.013957075,0,0.13641801476478577,0.100842744,0.0539194,2.2816696e-06,0.0099329995,0,0.201898992061615,0.8197273,0.8792324,0.99998605,0.97611,0,0.6616830825805664
TSBD_Healthy_0f0af1a35d,1,0,2,0.86216074,0.005013898,0.073270895,0.05937704,7.266424e-06,0.011750575,0,0.13641801476478577,0.118041374,0.064551376,5.6220874e-06,0.013695877,0,0.201898992061615,0.80868775,0.8760716,0.9999871,0.9745536,0,0.6616830825805664
TSBD_Healthy_24a755565d,1,0,2,0.6239103,0.039032917,0.06844183,0.10051479,9.661108e-05,0.026375318,0,0.13641801476478577,0.2867738,0.07717169,1.8075913e-05,0.027652934,0,0.201898992061615,0.64478445,0.82231355,0.9998852,0.9459717,0,0.6616830825805664
TSBD_Healthy_00488f3c0b,1,0,1,0.69679654,0.019467521,0.1489775,0.29832542,0.008042777,0.12997083,0,0.13641801476478577,0.76061,0.66184497,0.99195576,0.86219877,0,0.201898992061615,0.09041249,0.039829593,1.4198583e-06,0.00783039,0,0.6616830825805664
TSBD_Healthy_7f10feedf0,1,1,0,0.85485137,0.0077623413,0.81264836,0.8978366,0.9999877,0.97712874,1,0.13641801476478577,0.08168879,0.051863905,6.1800606e-06,0.011007604,0,0.201898992061615,0.10566288,0.050299462,6.137197e-06,0.011863654,0,0.6616830825805664
TSBD_Healthy_083843a5b2,1,1,0,0.8820212,0.004520678,0.8355187,0.89898473,0.99998784,0.9786114,1,0.13641801476478577,0.08479291,0.047836494,4.2070674e-06,0.009870782,0,0.201898992061615,0.07968833,0.05317883,7.994833e-06,0.011517832,0,0.6616830825805664
TSBD_Healthy_846b819a49,1,1,1,0.8484839,0.005287189,0.0950194,0.07414119,7.0150427e-06,0.014336115,0,0.13641801476478577,0.7882232,0.86141056,0.9999894,0.9730497,1,0.201898992061615,0.1167574,0.06444822,3.5359064e-06,0.012614176,0,0.6616830825805664
TSBD_Healthy_ef882f9638,0,0,0,0.122062065,0.28994125,0.12204672,0.81822485,0.9998029,0.8521404,0,0.13641801476478577,0.14453322,0.09059553,8.699909e-05,0.051765583,0,0.201898992061615,0.73342,0.09117961,0.000110175875,0.096093975,0,0.6616830825805664
TSBD_Healthy_f510479194,1,0,2,0.78154606,0.0035975017,0.06174554,0.053851187,1.7394113e-05,0.012561015,0,0.13641801476478577,0.18564442,0.25571218,0.012754463,0.13926873,0,0.201898992061615,0.75261,0.6904366,0.98722816,0.8481703,0,0.6616830825805664
TSBD_Healthy_78ac2c01e9,0,0,0,0.29955566,0.13286728,0.10596504,0.57546884,0.88223684,0.46885824,0,0.13641801476478577,0.1391235,0.087074,0.0002016177,0.041224327,0,0.201898992061615,0.7549115,0.33745718,0.11756149,0.4899174,0,0.6616830825805664
TSBD_Healthy_aa968b53a4,1,0,2,0.8333195,0.0032527326,0.14902401,0.15303865,0.0005787833,0.05628934,0,0.13641801476478577,0.08207802,0.043304447,1.1241013e-06,0.007425114,0,0.201898992061615,0.76889795,0.8036569,0.99942017,0.9362855,0,0.6616830825805664
TSBD_Healthy_d6be26c310,1,0,1,0.43711558,0.082104325,0.060766533,0.055744193,2.3602774e-06,0.009957285,0,0.13641801476478577,0.50649744,0.8518635,0.9999784,0.9522318,0,0.201898992061615,0.43273604,0.09239228,1.9259e-05,0.03781088,0,0.6616830825805664
TSBD_Healthy_8d0baa1858,1,0,2,0.8210202,0.010873542,0.06941815,0.07975815,2.5994064e-05,0.017138714,0,0.13641801476478577,0.13772038,0.052635398,2.0734606e-06,0.01089564,0,0.201898992061615,0.79286146,0.8676064,0.999972,0.9719657,0,0.6616830825805664
TSBD_Healthy_9a86700e7b,1,0,2,0.8153046,0.010793947,0.07333969,0.077309236,2.4157398e-05,0.017076027,0,0.13641801476478577,0.14757349,0.05943188,3.945148e-06,0.013485853,0,0.201898992061615,0.77908677,0.86325884,0.99997187,0.96943814,0,0.6616830825805664
TSBD_Healthy_8de20870d1,1,0,2,0.868343,0.0047800234,0.07531667,0.060022872,7.323655e-06,0.011890223,0,0.13641801476478577,0.10761655,0.058238875,3.345361e-06,0.011362714,0,0.201898992061615,0.8170668,0.88173825,0.9999894,0.97674704,0,0.6616830825805664
TSBD_Healthy_2125dc16c6,1,0,1,0.8045336,0.011232415,0.07915503,0.06860412,5.4111288e-06,0.012482536,0,0.13641801476478577,0.757517,0.8606141,0.99998903,0.9711149,0,0.201898992061615,0.16332805,0.07078174,5.5625896e-06,0.016402556,0,0.6616830825805664
TSBD_Healthy_f1a3293d1d,0,0,1,0.27450395,0.16146417,0.060078662,0.052014355,2.0042075e-06,0.010730236,0,0.13641801476478577,0.31828427,0.84059614,0.99995744,0.9278106,0,0.201898992061615,0.62163705,0.107389554,4.0505394e-05,0.06145917,0,0.6616830825805664
TSBD_Healthy_db02ad0e48,1,0,1,0.44372815,0.08268972,0.05698564,0.063256785,3.9693864e-06,0.011293053,0,0.13641801476478577,0.5311256,0.85979086,0.9999877,0.9601633,0,0.201898992061615,0.41188878,0.07695236,8.2685965e-06,0.028543653,0,0.6616830825805664
TSBD_Healthy_6e62793bdf,1,0,1,0.5644564,0.049601164,0.06298858,0.051441554,1.9041919e-06,0.008925098,0,0.13641801476478577,0.57581717,0.8422764,0.99995863,0.9492667,0,0.201898992061615,0.36119422,0.10628207,3.9494604e-05,0.041808203,0,0.6616830825805664
TSBD_Healthy_097e8db62c,1,0,1,0.6153648,0.0101816505,0.06412002,0.04522533,7.057702e-06,0.010231679,0,0.13641801476478577,0.4778748,0.6195894,0.96475416,0.7143888,0,0.201898992061615,0.45800525,0.33518526,0.035238776,0.27537948,0,0.6616830825805664
TSBD_Healthy_9a88507804,1,0,1,0.7892532,0.0084001925,0.07507636,0.052727833,2.688864e-06,0.00964642,0,0.13641801476478577,0.7102697,0.8189165,0.9998832,0.9463556,0,0.201898992061615,0.21465398,0.1283557,0.000114063434,0.04399804,0,0.6616830825805664
TSBD_Healthy_d3268932b8,1,0,1,0.78027606,0.015342353,0.07210358,0.07061806,5.922203e-06,0.01250994,0,0.13641801476478577,0.74859834,0.86250657,0.99998975,0.97171944,0,0.201898992061615,0.17929809,0.066875406,4.328349e-06,0.015770568,0,0.6616830825805664
TSBD_Healthy_7ef69613b9,1,0,2,0.8624023,0.004380149,0.09102977,0.08514209,3.598923e-05,0.020555226,0,0.13641801476478577,0.09866228,0.050802484,1.8044484e-06,0.009210403,0,0.201898992061615,0.810308,0.86405534,0.9999622,0.97023433,0,0.6616830825805664
TSBD_Healthy_ddc759b323,1,0,2,0.8001653,0.011633601,0.060132705,0.044567555,2.3841708e-06,0.007892286,0,0.13641801476478577,0.19139329,0.091607705,3.2074095e-05,0.027527245,0,0.201898992061615,0.748474,0.8638247,0.99996555,0.9645805,0,0.6616830825805664
TSBD_Healthy_cb4b1d8b67,1,0,2,0.87354815,0.003965728,0.08356796,0.061653715,8.0988075e-06,0.012725817,0,0.13641801476478577,0.09720097,0.057490177,3.0603678e-06,0.01070194,0,0.201898992061615,0.8192311,0.88085616,0.9999888,0.9765723,0,0.6616830825805664
TSBD_Healthy_886fdcfd30,1,1,0,0.88168854,0.0038915044,0.8340776,0.88828725,0.9999697,0.97477233,1,0.13641801476478577,0.08004072,0.041776653,2.1814883e-06,0.0079976795,0,0.201898992061615,0.08588167,0.0699361,2.8076833e-05,0.017229987,0,0.6616830825805664
TSBD_Healthy_784f1bc940,1,0,2,0.87247527,0.0038448796,0.08733259,0.07030603,1.4913652e-05,0.015505694,0,0.13641801476478577,0.09429075,0.05327923,2.1882058e-06,0.009577427,0,0.201898992061615,0.8183766,0.87641484,0.99998295,0.9749169,0,0.6616830825805664
TSBD_Healthy_ba996de886,1,0,2,0.8703082,0.004497991,0.07691532,0.06150554,8.20418e-06,0.012382477,0,0.13641801476478577,0.10454283,0.057339616,3.1162697e-06,0.011007008,0,0.201898992061615,0.8185419,0.88115484,0.9999887,0.97661054,0,0.6616830825805664
TSBD_Healthy_619dcca295,1,0,2,0.81620467,0.0041550584,0.070868745,0.047727812,6.1562296e-06,0.0102307005,0,0.13641801476478577,0.13996236,0.2014142,0.0028452612,0.08466521,0,0.201898992061615,0.7891689,0.750858,0.9971486,0.9051041,0,0.6616830825805664
TSBD_Healthy_e5fac835da,1,0,1,0.80844593,0.0106602665,0.073942706,0.06239994,3.452475e-06,0.010665082,0,0.13641801476478577,0.7589014,0.8617199,0.9999893,0.97133845,0,0.201898992061615,0.1671559,0.07588016,7.298331e-06,0.017996453,0,0.6616830825805664
TSBD_Healthy_7b8508b66d,1,0,2,0.8637515,0.0050186347,0.080110244,0.07078776,1.50305605e-05,0.015148398,0,0.13641801476478577,0.10594311,0.053887185,2.2713928e-06,0.010125162,0,0.201898992061615,0.81394655,0.875325,0.9999827,0.9747265,0,0.6616830825805664
TSBD_Healthy_1bf9b6920f,1,0,2,0.8522471,0.0069404235,0.070712894,0.06522108,1.0461831e-05,0.0130173825,0,0.13641801476478577,0.12047798,0.055472873,2.6355212e-06,0.011069561,0,0.201898992061615,0.8088091,0.8793061,0.9999869,0.97591305,0,0.6616830825805664
TSBD_Healthy_c2dd44b1c5,0,0,0,0.18180759,0.23023346,0.16159308,0.8066924,0.99895096,0.81960213,0,0.13641801476478577,0.09304669,0.04433976,3.1067868e-06,0.014497472,0,0.201898992061615,0.7453602,0.1489678,0.0010459269,0.16590047,0,0.6616830825805664
TSBD_Healthy_6941b60386,1,0,2,0.74219704,0.0028294027,0.06386247,0.10269887,0.00036762469,0.03157709,0,0.13641801476478577,0.24651028,0.25808498,0.01817492,0.1673326,0,0.201898992061615,0.6896272,0.6392162,0.9814574,0.80109024,0,0.6616830825805664
TSBD_Healthy_905510a905,1,0,2,0.8588647,0.0042459564,0.08826671,0.05283149,4.466033e-06,0.010858627,0,0.13641801476478577,0.11430386,0.08225612,1.875333e-05,0.019329576,0,0.201898992061615,0.7974294,0.8649124,0.9999769,0.9698118,0,0.6616830825805664
TSBD_Healthy_9731a208b9,1,0,1,0.7973171,0.011888787,0.090398185,0.06689103,4.6289024e-06,0.012585459,0,0.13641801476478577,0.7467667,0.86094934,0.9999895,0.97063434,0,0.201898992061615,0.16283512,0.07215967,5.871544e-06,0.016780186,0,0.6616830825805664
TSBD_Healthy_0dca3c0bc2,1,0,1,0.81022984,0.009277473,0.09022501,0.09701868,2.5748383e-05,0.02091697,0,0.13641801476478577,0.7632265,0.83901,0.9999703,0.9649859,0,0.201898992061615,0.14654846,0.063971326,3.910362e-06,0.014097107,0,0.6616830825805664
TSBD_Healthy_12ac808983,0,0,1,0.24691124,0.15920216,0.20838194,0.26267734,0.005240057,0.17073566,0,0.13641801476478577,0.24715841,0.6710543,0.9947448,0.789297,0,0.201898992061615,0.54445964,0.0662684,1.5207926e-05,0.039967373,0,0.6616830825805664
TSBD_Healthy_511fba2ceb,0,0,2,0.58581334,0.020031136,0.06658531,0.057137985,2.6518946e-05,0.015038798,0,0.13641801476478577,0.48957384,0.30367428,0.040971853,0.27843285,0,0.201898992061615,0.44384086,0.63918775,0.95900166,0.70652837,0,0.6616830825805664
TSBD_Healthy_549679688a,1,0,2,0.85494035,0.0065002954,0.070079364,0.058747232,6.6145994e-06,0.01129466,0,0.13641801476478577,0.12237814,0.059985925,3.8246644e-06,0.012419637,0,0.201898992061615,0.8075425,0.88126695,0.9999896,0.9762857,0,0.6616830825805664
TSBD_Healthy_708f7d8e32,1,0,2,0.8652803,0.0052089356,0.073658675,0.06007841,7.358884e-06,0.011822131,0,0.13641801476478577,0.111013964,0.05808686,3.3075023e-06,0.011455103,0,0.201898992061615,0.8153274,0.88183475,0.9999893,0.9767227,0,0.6616830825805664
TSBD_Healthy_30a7ad7ba3,1,0,2,0.77956706,0.01716315,0.058551878,0.05478332,4.9955665e-06,0.00991139,0,0.13641801476478577,0.18323644,0.06446858,5.539321e-06,0.016230755,0,0.201898992061615,0.7582117,0.88074815,0.9999895,0.9738579,0,0.6616830825805664
TSBD_Healthy_dad4aa07c4,1,0,2,0.8598876,0.005262807,0.110847786,0.06720863,1.2046969e-05,0.015901804,0,0.13641801476478577,0.08515667,0.054193795,2.381051e-06,0.009516618,0,0.201898992061615,0.80399555,0.8785975,0.9999856,0.97458154,0,0.6616830825805664
TSBD_Healthy_8eff6e388b,1,0,2,0.8718689,0.0043383194,0.078876816,0.062444728,8.674319e-06,0.012710918,0,0.13641801476478577,0.10119724,0.055966385,2.720971e-06,0.010469968,0,0.201898992061615,0.819926,0.88158894,0.99998856,0.9768191,0,0.6616830825805664
TSBD_Healthy_fec7f36a5c,1,0,2,0.73503345,0.023623707,0.058715794,0.057813648,6.5909926e-06,0.010895244,0,0.13641801476478577,0.21363837,0.066799685,6.6503117e-06,0.018305149,0,0.201898992061615,0.7276459,0.87538666,0.99998677,0.97079957,0,0.6616830825805664
TSBD_Healthy_1cf19a1878,1,0,2,0.8559239,0.0063412758,0.07251561,0.06408777,9.626855e-06,0.012809825,0,0.13641801476478577,0.11789607,0.056634188,2.9192447e-06,0.011313863,0,0.201898992061615,0.80958825,0.87927806,0.9999875,0.97587633,0,0.6616830825805664
TSBD_Healthy_0fbc0f2310,1,0,2,0.8700247,0.004061823,0.089256085,0.07066815,1.5112761e-05,0.015720867,0,0.13641801476478577,0.09524329,0.05342361,2.2117028e-06,0.009654976,0,0.201898992061615,0.81550056,0.8759082,0.9999826,0.97462416,0,0.6616830825805664
TSBD_Healthy_24a6f36a78,1,0,2,0.8701365,0.004467739,0.07882259,0.0610218,7.78238e-06,0.012319543,0,0.13641801476478577,0.10365072,0.057785038,3.1552515e-06,0.011044599,0,0.201898992061615,0.8175267,0.88119316,0.99998915,0.9766359,0,0.6616830825805664
TSBD_Healthy_7bca399e6d,1,0,2,0.86689234,0.004842814,0.0736778,0.058692608,6.6985262e-06,0.011486486,0,0.13641801476478577,0.11130419,0.06067013,3.941272e-06,0.0121145155,0,0.201898992061615,0.815018,0.8806373,0.9999894,0.97639894,0,0.6616830825805664
TSBD_Healthy_06733b9af0,1,0,2,0.8648949,0.0052941144,0.0730704,0.060565826,7.5324333e-06,0.0118868705,0,0.13641801476478577,0.11133288,0.057566814,3.124968e-06,0.011291023,0,0.201898992061615,0.8155968,0.88186735,0.9999894,0.976822,0,0.6616830825805664
TSBD_Healthy_2e5b036845,1,0,1,0.37772194,0.102451384,0.05582542,0.06428251,4.085105e-06,0.011695593,0,0.13641801476478577,0.48626804,0.8600572,0.99998856,0.9587193,0,0.201898992061615,0.45790645,0.07566036,7.3757483e-06,0.029585069,0,0.6616830825805664
TSBD_Healthy_363f51fde7,1,1,1,0.839226,0.0062938817,0.10333156,0.0766599,8.0044e-06,0.015447113,0,0.13641801476478577,0.7788699,0.8606858,0.9999889,0.97238004,1,0.201898992061615,0.11779853,0.0626543,3.0451245e-06,0.012172843,0,0.6616830825805664
TSBD_Healthy_c6ac85b839,1,1,1,0.81994665,0.009425024,0.081499316,0.07351308,6.9331445e-06,0.0135902045,0,0.13641801476478577,0.77231556,0.8618492,0.9999895,0.9726202,1,0.201898992061615,0.14618514,0.064637765,3.5827563e-06,0.01378956,0,0.6616830825805664
TSBD_Healthy_ddbacc20a2,1,0,2,0.6749868,0.031829897,0.05957403,0.044706363,2.2841746e-06,0.008082078,0,0.13641801476478577,0.2710472,0.08694005,2.4510513e-05,0.029780092,0,0.201898992061615,0.6693787,0.86835355,0.9999732,0.9621378,0,0.6616830825805664
TSBD_Healthy_8643328d51,1,0,2,0.8675836,0.004776025,0.08009035,0.06373737,9.54868e-06,0.013170035,0,0.13641801476478577,0.10393394,0.055728916,2.6568175e-06,0.01051578,0,0.201898992061615,0.8159757,0.88053375,0.99998784,0.97631425,0,0.6616830825805664
TSBD_Healthy_006fc27c69,1,0,2,0.6337368,0.041729428,0.054684516,0.052167583,4.1700496e-06,0.009512592,0,0.13641801476478577,0.27878454,0.06806345,7.1440436e-06,0.021116989,0,0.201898992061615,0.6665309,0.8797689,0.9999887,0.96937037,0,0.6616830825805664
TSBD_Healthy_33406626c7,1,0,2,0.7983541,0.013748389,0.059780955,0.0522907,4.115231e-06,0.009384387,0,0.13641801476478577,0.176372,0.07070266,8.678137e-06,0.018223044,0,0.201898992061615,0.763847,0.87700665,0.9999871,0.97239256,0,0.6616830825805664
TSBD_Healthy_b06da16348,1,0,2,0.8706265,0.00442278,0.08073031,0.063068956,9.050736e-06,0.012990899,0,0.13641801476478577,0.101004,0.0558369,2.7205238e-06,0.010458904,0,0.201898992061615,0.81826574,0.8810941,0.9999882,0.9765502,0,0.6616830825805664
TSBD_Healthy_06f251fee4,1,0,2,0.8716872,0.0042489124,0.0801549,0.060153678,7.4631507e-06,0.012205134,0,0.13641801476478577,0.101674855,0.05849597,3.3721444e-06,0.011174476,0,0.201898992061615,0.81817025,0.88135034,0.99998915,0.9766204,0,0.6616830825805664
TSBD_Healthy_4ac4f94767,1,0,2,0.8684309,0.004464955,0.091119684,0.06442711,9.88578e-06,0.013952815,0,0.13641801476478577,0.09523175,0.055423114,2.5792237e-06,0.010121545,0,0.201898992061615,0.8136485,0.88014966,0.9999875,0.9759257,0,0.6616830825805664
TSBD_Healthy_e7cd92f08f,1,0,2,0.8511145,0.0072066355,0.068834536,0.06320173,9.12721e-06,0.012369297,0,0.13641801476478577,0.12265789,0.055990696,2.7619267e-06,0.0112889875,0,0.201898992061615,0.8085076,0.8808075,0.9999881,0.9763417,0,0.6616830825805664
TSBD_Healthy_1597a65755,1,0,2,0.8402191,0.008311732,0.06631329,0.055786464,5.3629365e-06,0.010427593,0,0.13641801476478577,0.13812217,0.06376958,5.203943e-06,0.014231154,0,0.201898992061615,0.79556453,0.88044393,0.9999894,0.9753413,0,0.6616830825805664
TSBD_Healthy_a8ea0e137d,1,0,2,0.7641256,0.019483006,0.062990926,0.060354255,7.4413774e-06,0.011553599,0,0.13641801476478577,0.18738608,0.060858894,4.1485023e-06,0.015111337,0,0.201898992061615,0.749623,0.8787868,0.99998844,0.9733351,0,0.6616830825805664
TSBD_Healthy_fafc24f635,1,0,2,0.8524541,0.006689472,0.07386601,0.05932919,7.1541435e-06,0.011753863,0,0.13641801476478577,0.12210546,0.059925545,3.8344865e-06,0.012427014,0,0.201898992061615,0.8040286,0.88074535,0.99998903,0.9758191,0,0.6616830825805664
TSBD_Healthy_7c877797f5,1,0,2,0.8576851,0.006067803,0.0740332,0.06122492,7.9703495e-06,0.012169887,0,0.13641801476478577,0.11694282,0.058271043,3.34795e-06,0.01174287,0,0.201898992061615,0.809024,0.8805041,0.9999887,0.9760873,0,0.6616830825805664
TSBD_Healthy_d249c82c7a,1,0,2,0.85784304,0.0058233775,0.081097424,0.061880097,8.419792e-06,0.012777099,0,0.13641801476478577,0.11265216,0.05840915,3.470813e-06,0.011698577,0,0.201898992061615,0.8062504,0.8797107,0.9999881,0.9755243,0,0.6616830825805664
TSBD_Healthy_1dafd9bcec,1,0,2,0.7995395,0.014475349,0.061578505,0.059305374,7.0024566e-06,0.011112229,0,0.13641801476478577,0.16382627,0.05927849,3.6711476e-06,0.013751719,0,0.201898992061615,0.7745952,0.8814161,0.9999893,0.97513604,0,0.6616830825805664
TSBD_Healthy_727f8ba7d1,1,0,2,0.86740613,0.004771808,0.07971378,0.062102396,8.627201e-06,0.012736811,0,0.13641801476478577,0.10506973,0.05715922,3.0492722e-06,0.010977326,0,0.201898992061615,0.8152165,0.88073844,0.9999883,0.9762859,0,0.6616830825805664
TSBD_Healthy_578fae46e9,1,0,2,0.8406106,0.0083196135,0.06520558,0.060822714,7.973232e-06,0.011660102,0,0.13641801476478577,0.13600202,0.06092498,4.225112e-06,0.0132926805,0,0.201898992061615,0.79879236,0.87825227,0.99998784,0.97504723,0,0.6616830825805664
TSBD_Healthy_d1980c5cf7,1,0,2,0.86435634,0.005315747,0.07505635,0.061400328,8.080139e-06,0.012248094,0,0.13641801476478577,0.11026257,0.05700754,2.9847029e-06,0.011105087,0,0.201898992061615,0.81468105,0.8815921,0.9999889,0.97664684,0,0.6616830825805664
TSBD_Healthy_5f95d3f8a2,1,0,2,0.8667817,0.004041913,0.102386564,0.07753299,2.2954224e-05,0.018742038,0,0.13641801476478577,0.08802331,0.05033481,1.6437147e-06,0.00863785,0,0.201898992061615,0.80959016,0.8721322,0.9999753,0.9726201,0,0.6616830825805664
TSBD_Healthy_ef7cbd4127,0,0,2,0.32336557,0.12821582,0.061039284,0.05628171,5.8999035e-06,0.012592176,0,0.13641801476478577,0.50407624,0.07223222,9.947238e-06,0.032745104,0,0.201898992061615,0.43488452,0.8714861,0.99998426,0.9546627,0,0.6616830825805664
TSBD_Healthy_63b700da46,0,0,2,0.3082606,0.14380771,0.07258877,0.044475593,4.70674e-06,0.012603777,0,0.13641801476478577,0.6989884,0.2092661,0.0034598478,0.20926087,0,0.201898992061615,0.22842282,0.7462583,0.9965354,0.77813536,0,0.6616830825805664
TSBD_Healthy_076f98de26,0,0,1,0.5076527,0.042937927,0.056642696,0.03700312,5.0110793e-06,0.008234546,0,0.13641801476478577,0.25720468,0.54176325,0.8306611,0.5176575,0,0.201898992061615,0.68615264,0.4212336,0.16933386,0.47410795,0,0.6616830825805664
TSBD_Healthy_e3f6aa3d79,1,0,2,0.8710226,0.0041526547,0.085738026,0.06673258,1.1697882e-05,0.0143365525,0,0.13641801476478577,0.09701889,0.054624077,2.4466367e-06,0.010004538,0,0.201898992061615,0.8172431,0.87864333,0.9999858,0.9756589,0,0.6616830825805664
TSBD_Healthy_da00d5de9a,1,0,2,0.8684013,0.0046505937,0.07850281,0.06213428,8.552695e-06,0.012646081,0,0.13641801476478577,0.10520257,0.057396684,3.094168e-06,0.011031723,0,0.201898992061615,0.81629467,0.880469,0.9999883,0.9763222,0,0.6616830825805664
TSBD_Healthy_1fc6860580,0,0,1,0.3101553,0.1436849,0.059514686,0.04178312,1.6315449e-06,0.009453313,0,0.13641801476478577,0.24778974,0.7632984,0.99892277,0.82707214,0,0.201898992061615,0.6926956,0.19491854,0.0010756088,0.16347452,0,0.6616830825805664
TSBD_Healthy_93437b01b9,1,0,2,0.86518466,0.0051663863,0.07377365,0.058232386,6.4589462e-06,0.0113668805,0,0.13641801476478577,0.11199927,0.05978518,3.8263283e-06,0.011988593,0,0.201898992061615,0.8142271,0.88198245,0.99998975,0.9766445,0,0.6616830825805664
TSBD_Healthy_d7b2fef984,1,0,2,0.83636224,0.009259486,0.06521338,0.060990777,7.799885e-06,0.011618022,0,0.13641801476478577,0.13606773,0.05751181,3.1857778e-06,0.012237028,0,0.201898992061615,0.79871887,0.8814973,0.99998903,0.9761449,0,0.6616830825805664
TSBD_Healthy_6499b6d7a1,1,0,2,0.8708215,0.0043103537,0.07726609,0.057697248,6.282796e-06,0.011431134,0,0.13641801476478577,0.1057126,0.06125818,4.16098e-06,0.0120684095,0,0.201898992061615,0.81702125,0.8810446,0.9999895,0.97650045,0,0.6616830825805664
TSBD_Healthy_b2c3637e41,1,0,2,0.86437505,0.0047620274,0.0844134,0.07637774,2.0900758e-05,0.017057585,0,0.13641801476478577,0.10124679,0.051307276,1.815568e-06,0.009323363,0,0.201898992061615,0.8143398,0.87231493,0.99997735,0.97361904,0,0.6616830825805664
TSBD_Healthy_ca0105e4b8,1,1,2,0.87397426,0.003850353,0.08787419,0.06565168,1.0829321e-05,0.014119313,0,0.13641801476478577,0.09266705,0.05447867,2.3719201e-06,0.00976173,0,0.201898992061615,0.8194587,0.8798697,0.99998677,0.976119,1,0.6616830825805664
TSBD_Healthy_efb3b53d28,1,0,2,0.83708483,0.0027939775,0.08998527,0.060389195,1.1219987e-05,0.014210192,0,0.13641801476478577,0.15121654,0.12204065,0.00016059454,0.039823815,0,0.201898992061615,0.7587982,0.81757015,0.9998282,0.945966,0,0.6616830825805664
TSBD_Healthy_b6298539e0,1,0,2,0.8713368,0.0042605735,0.082939886,0.06518137,1.0393169e-05,0.013684768,0,0.13641801476478577,0.09850708,0.05473514,2.4384897e-06,0.01005363,0,0.201898992061615,0.818553,0.88008344,0.99998724,0.9762616,0,0.6616830825805664
TSBD_Healthy_32b15941da,1,1,1,0.824609,0.008426828,0.09155008,0.073248826,6.7715177e-06,0.014074833,0,0.13641801476478577,0.7704096,0.8614331,0.9999895,0.9722243,1,0.201898992061615,0.13804032,0.06531807,3.7331451e-06,0.01370084,0,0.6616830825805664
TSBD_Healthy_0d4ffdc7b0,0,0,1,0.48768166,0.061735302,0.057287086,0.05260969,5.5252767e-06,0.011473175,0,0.13641801476478577,0.3931476,0.7272111,0.9975979,0.82612586,0,0.201898992061615,0.5495653,0.22017916,0.0023966038,0.16240099,0,0.6616830825805664
TSBD_Healthy_b36f28e306,1,0,2,0.8721567,0.0038512843,0.090317585,0.06687416,1.1769955e-05,0.014638653,0,0.13641801476478577,0.09323627,0.055490524,2.6389157e-06,0.010092476,0,0.201898992061615,0.81644607,0.87763536,0.9999856,0.97526884,0,0.6616830825805664
TSBD_Healthy_68a56d28bf,1,0,2,0.7095078,0.020267688,0.122228265,0.16108085,0.00078917405,0.059465136,0,0.13641801476478577,0.18931252,0.06019812,6.3983935e-06,0.01698976,0,0.201898992061615,0.68845916,0.7787211,0.99920446,0.9235451,0,0.6616830825805664
TSBD_Healthy_b7798ab5f8,1,0,2,0.8735446,0.0038473038,0.07669606,0.05427766,4.861536e-06,0.010533486,0,0.13641801476478577,0.105281375,0.06566306,6.136971e-06,0.013433083,0,0.201898992061615,0.81802255,0.8800593,0.99998903,0.97603345,0,0.6616830825805664
TSBD_Healthy_2a0f79d223,1,0,2,0.8662027,0.004936898,0.072998896,0.05871815,6.8103673e-06,0.011490056,0,0.13641801476478577,0.11233119,0.060713455,4.091291e-06,0.012249131,0,0.201898992061615,0.8146699,0.8805684,0.99998915,0.97626084,0,0.6616830825805664
TSBD_Healthy_8fc6471a64,1,0,2,0.8665536,0.0047249636,0.08643319,0.062154453,8.6448335e-06,0.013127164,0,0.13641801476478577,0.10116692,0.057482097,3.0966237e-06,0.010905607,0,0.201898992061615,0.8124,0.8803635,0.9999882,0.9759672,0,0.6616830825805664
TSBD_Healthy_78bf1afa4b,0,0,1,0.24170026,0.18200277,0.057049554,0.058562357,2.9673902e-06,0.012161983,0,0.13641801476478577,0.3150275,0.8566195,0.999984,0.94316566,0,0.201898992061615,0.6279229,0.084818184,1.2962659e-05,0.044672363,0,0.6616830825805664
TSBD_Healthy_d63c012f3e,1,0,2,0.79546916,0.013741534,0.082402244,0.06766886,1.2979122e-05,0.014883192,0,0.13641801476478577,0.15805416,0.059998654,3.9418787e-06,0.013953392,0,0.201898992061615,0.75954366,0.87233245,0.9999831,0.97116345,0,0.6616830825805664
TSBD_Healthy_05ab09d318,1,0,2,0.85697263,0.0061387466,0.074756,0.064768165,1.0332809e-05,0.013192705,0,0.13641801476478577,0.115691595,0.056245692,2.9060764e-06,0.011193311,0,0.201898992061615,0.80955243,0.8789862,0.99998677,0.975614,0,0.6616830825805664
TSBD_Healthy_18405215f8,1,1,2,0.87454987,0.0039254203,0.08472825,0.0632642,9.193642e-06,0.013257631,0,0.13641801476478577,0.09448415,0.05523302,2.5523636e-06,0.010027462,0,0.201898992061615,0.8207876,0.8815028,0.9999883,0.97671485,1,0.6616830825805664
TSBD_Healthy_fe721e6a35,1,0,2,0.8606172,0.0056673093,0.076281816,0.062792085,8.92055e-06,0.012712467,0,0.13641801476478577,0.112588674,0.057029583,2.9885543e-06,0.011210051,0,0.201898992061615,0.8111295,0.88017833,0.9999881,0.9760775,0,0.6616830825805664
TSBD_Healthy_8a0b6768d9,1,0,2,0.8524977,0.006735636,0.06556564,0.054652393,5.036813e-06,0.010124308,0,0.13641801476478577,0.12977523,0.06434503,5.4174366e-06,0.014040454,0,0.201898992061615,0.80465907,0.8810025,0.9999896,0.97583526,0,0.6616830825805664
TSBD_Healthy_fdb9e6ae23,1,1,2,0.8741311,0.0039811367,0.0814724,0.060314845,7.4087056e-06,0.012261653,0,0.13641801476478577,0.09824965,0.057919882,3.1544046e-06,0.010837468,0,0.201898992061615,0.820278,0.8817652,0.9999895,0.9769008,1,0.6616830825805664
TSBD_Healthy_4c66cb7f58,1,0,2,0.86628544,0.0050123353,0.070941046,0.05606073,5.5202804e-06,0.010678614,0,0.13641801476478577,0.11416233,0.062034793,4.506291e-06,0.012676368,0,0.201898992061615,0.8148966,0.88190454,0.99999,0.976645,0,0.6616830825805664
TSBD_Healthy_f5058ddf56,1,0,2,0.79606473,0.01389928,0.06590248,0.06341015,9.647975e-06,0.012577545,0,0.13641801476478577,0.1698111,0.06497763,5.8168675e-06,0.016006315,0,0.201898992061615,0.76428646,0.87161213,0.9999845,0.9714161,0,0.6616830825805664
TSBD_Healthy_69e2554f5f,1,0,2,0.8524927,0.0058648353,0.06437604,0.048700202,3.1604025e-06,0.008729807,0,0.13641801476478577,0.1386193,0.07720219,1.3976809e-05,0.018913295,0,0.201898992061615,0.79700464,0.8740976,0.99998283,0.97235686,0,0.6616830825805664
TSBD_Healthy_d4f8817d0f,1,0,2,0.84758925,0.0072853975,0.070968024,0.059783686,7.182266e-06,0.011657886,0,0.13641801476478577,0.12804574,0.060755968,4.1018616e-06,0.01290691,0,0.201898992061615,0.80098623,0.8794604,0.9999888,0.97543526,0,0.6616830825805664
TSBD_Healthy_75d585858d,1,0,1,0.50369596,0.06676041,0.05602848,0.05840499,2.8477953e-06,0.009920094,0,0.13641801476478577,0.5653857,0.8590931,0.99998593,0.9602983,0,0.201898992061615,0.3785859,0.0825019,1.1273802e-05,0.029781666,0,0.6616830825805664
TSBD_Healthy_cb3a9d790a,1,0,2,0.85502845,0.0060750647,0.06899857,0.058017083,6.5574636e-06,0.011171094,0,0.13641801476478577,0.12635973,0.064756274,5.552238e-06,0.014030974,0,0.201898992061615,0.80464166,0.87722665,0.99998784,0.97479796,0,0.6616830825805664
TSBD_Healthy_2c254df731,1,0,2,0.81140125,0.0071996422,0.092783764,0.057957053,8.5435395e-06,0.013444008,0,0.13641801476478577,0.16915666,0.106078446,7.660795e-05,0.03376574,0,0.201898992061615,0.7380596,0.83596444,0.99991477,0.95279026,0,0.6616830825805664
TSBD_Healthy_4e4bdff12a,0,0,2,0.4396021,0.07706859,0.066679694,0.048471615,4.573025e-06,0.0111936405,0,0.13641801476478577,0.49393263,0.14779298,0.00043775034,0.09277621,0,0.201898992061615,0.43938762,0.8037353,0.9995577,0.8960301,0,0.6616830825805664
TSBD_WSSV_ffd2411af1,1,0,2,0.77391,0.011199603,0.061171547,0.04203529,2.452964e-06,0.0078963,0,0.13641801476478577,0.23725034,0.1311957,0.0002517381,0.05347402,0,0.201898992061615,0.7015781,0.826769,0.9997458,0.9386296,0,0.6616830825805664
TSBD_WSSV_c6b9dfd6bd,1,0,2,0.8647937,0.0016756314,0.07452138,0.04703421,3.6917031e-06,0.009334493,0,0.13641801476478577,0.12074117,0.12174937,0.00017209012,0.036561277,0,0.201898992061615,0.80473745,0.83121645,0.9998242,0.95410424,0,0.6616830825805664
TSBD_WSSV_258e8224d8,1,0,1,0.7205128,0.02505946,0.06358206,0.06960774,5.5143564e-06,0.011897917,0,0.13641801476478577,0.7154616,0.86299187,0.9999901,0.97076976,0,0.201898992061615,0.22095633,0.067400396,4.39751e-06,0.01733228,0,0.6616830825805664
TSBD_WSSV_7759b4323e,1,1,1,0.82767946,0.0075259786,0.11254503,0.080487266,9.784744e-06,0.017018449,0,0.13641801476478577,0.76758724,0.8586852,0.9999876,0.9711527,1,0.201898992061615,0.119867764,0.060827546,2.6693988e-06,0.011828842,0,0.6616830825805664
TSBD_WSSV_20ac0fab2b,1,1,0,0.8820058,0.0042085964,0.83350956,0.8955016,0.99998343,0.9770747,1,0.13641801476478577,0.089856155,0.059967928,1.304685e-05,0.013998682,0,0.201898992061615,0.07663433,0.044530477,3.5508008e-06,0.008926678,0,0.6616830825805664
TSBD_WSSV_73ccea8db5,1,0,0,0.6629251,0.033676453,0.6581895,0.86816126,0.9998894,0.9533657,0,0.13641801476478577,0.18172805,0.09029301,0.000107958236,0.03531582,0,0.201898992061615,0.16008247,0.041545797,2.6138289e-06,0.011318501,0,0.6616830825805664
TSBD_WSSV_2ca61b4065,1,0,1,0.7729519,0.012494352,0.21827666,0.11215293,4.280714e-05,0.034333136,0,0.13641801476478577,0.7079944,0.8374737,0.999956,0.9576055,0,0.201898992061615,0.07372896,0.05037335,1.2359565e-06,0.008061342,0,0.6616830825805664
TSBD_WSSV_0168d43459,1,1,0,0.87564015,0.0053079175,0.8301458,0.8993562,0.9999881,0.97834533,1,0.13641801476478577,0.09626498,0.05234681,6.6177954e-06,0.011786287,0,0.201898992061615,0.07358928,0.048296973,5.2227842e-06,0.009868456,0,0.6616830825805664
TSBD_WSSV_a270f6228b,1,1,0,0.8490411,0.0088693295,0.8126945,0.8992944,0.99998844,0.9777003,1,0.13641801476478577,0.0706196,0.051253382,5.8681508e-06,0.010296166,0,0.201898992061615,0.11668595,0.049452253,5.6880567e-06,0.012003539,0,0.6616830825805664
TSBD_WSSV_3868efcb84,1,0,0,0.7244427,0.02637801,0.718874,0.89635813,0.9999869,0.97202873,0,0.13641801476478577,0.15969428,0.053192034,6.9723264e-06,0.014986249,0,0.201898992061615,0.12143173,0.05044987,6.1946953e-06,0.012985011,0,0.6616830825805664
TSBD_WSSV_98510bdd07,1,0,0,0.7650716,0.019357797,0.74041677,0.8907999,0.9999757,0.9696948,0,0.13641801476478577,0.16554552,0.06582112,2.1142516e-05,0.020646008,0,0.201898992061615,0.09403767,0.04337902,3.2579069e-06,0.009659143,0,0.6616830825805664
TSBD_WSSV_365b81a0b8,1,0,0,0.6634667,0.036736935,0.67938954,0.8962677,0.9999858,0.969838,0,0.13641801476478577,0.1906929,0.056709953,9.646847e-06,0.017823895,0,0.201898992061615,0.12991755,0.04702232,4.5743027e-06,0.01233807,0,0.6616830825805664
TSBD_WSSV_4c515e509e,0,0,1,0.523792,0.048250705,0.6073083,0.32937285,0.014370974,0.2833453,0,0.13641801476478577,0.32247955,0.630166,0.9856273,0.7081726,0,0.201898992061615,0.070212066,0.040461175,1.6870642e-06,0.00848211,0,0.6616830825805664
TSBD_WSSV_d5dc5a32b7,0,0,0,0.15582938,0.24603832,0.19881491,0.8670863,0.9998832,0.90368915,0,0.13641801476478577,0.59840906,0.09238979,0.000114258524,0.07897721,0,0.201898992061615,0.20277603,0.040523924,2.4694132e-06,0.017333603,0,0.6616830825805664
TSBD_WSSV_84d358870a,1,1,0,0.8482085,0.0038577248,0.7826467,0.8427245,0.9994574,0.94413567,1,0.13641801476478577,0.14983934,0.12212941,0.00054109737,0.04931378,0,0.201898992061615,0.06751402,0.03514608,1.4888687e-06,0.006550564,0,0.6616830825805664
TSBD_WSSV_b95089e484,1,0,0,0.4705208,0.07519401,0.5366928,0.87331945,0.999918,0.94634664,0,0.13641801476478577,0.069103576,0.03918697,1.562376e-06,0.007881727,0,0.201898992061615,0.39420357,0.08749354,8.042608e-05,0.045771614,0,0.6616830825805664
TSBD_WSSV_ef2d938994,1,1,0,0.8566969,0.0075460942,0.81365395,0.8986522,0.99998796,0.97736853,1,0.13641801476478577,0.105060704,0.0528593,6.752071e-06,0.01233347,0,0.201898992061615,0.08128525,0.04848852,5.2134183e-06,0.010298054,0,0.6616830825805664
TSBD_WSSV_32049c3ecf,0,0,0,0.49674454,0.030517105,0.30234638,0.5438799,0.669273,0.49821165,0,0.13641801476478577,0.07769736,0.04161581,5.810783e-06,0.009468811,0,0.201898992061615,0.61995625,0.41450426,0.33072117,0.4923195,0,0.6616830825805664
TSBD_WSSV_8b8160f809,1,0,0,0.8262745,0.009237304,0.77444166,0.8763134,0.99990594,0.96247154,0,0.13641801476478577,0.16637066,0.086814664,9.240476e-05,0.030969618,0,0.201898992061615,0.05918766,0.03687201,1.6497047e-06,0.0065588695,0,0.6616830825805664
TSBD_WSSV_cdf58b2135,1,0,1,0.73671865,0.021066008,0.100522265,0.08505301,1.2666474e-05,0.018102033,0,0.13641801476478577,0.712175,0.8556609,0.999985,0.96824205,0,0.201898992061615,0.18730271,0.059286065,2.3457671e-06,0.013655898,0,0.6616830825805664
TSBD_WSSV_aa863186fe,0,0,1,0.08383885,0.3446043,0.21654123,0.114216246,5.6874716e-05,0.07290498,0,0.13641801476478577,0.0786048,0.82311064,0.99993944,0.8784452,0,0.201898992061615,0.7048539,0.0626731,3.681433e-06,0.0486498,0,0.6616830825805664
TSBD_WSSV_dfb2880295,0,0,1,0.3226896,0.12818146,0.056388613,0.06907024,5.3604517e-06,0.013284393,0,0.13641801476478577,0.43616807,0.85969007,0.9999894,0.95771265,0,0.201898992061615,0.5074433,0.07123972,5.3044514e-06,0.029002957,0,0.6616830825805664
TSBD_WSSV_baaf0baf99,1,0,0,0.7281667,0.020771151,0.8321941,0.7222603,0.97317296,0.8696816,0,0.13641801476478577,0.09911104,0.24399103,0.026824944,0.12356637,0,0.201898992061615,0.06869492,0.03374867,2.1271665e-06,0.0067519783,0,0.6616830825805664
TSBD_WSSV_24404c91af,1,0,1,0.76852226,0.014301907,0.15097736,0.098424196,2.3162927e-05,0.025135132,0,0.13641801476478577,0.71383536,0.8464608,0.9999751,0.96380186,0,0.201898992061615,0.13518727,0.05511499,1.7113356e-06,0.011063016,0,0.6616830825805664
TSBD_WSSV_b7563199e4,1,1,1,0.83127975,0.0076481123,0.09109279,0.075749025,7.824926e-06,0.014643993,0,0.13641801476478577,0.777165,0.86131865,0.99998903,0.97258294,1,0.201898992061615,0.13174221,0.06293232,3.143199e-06,0.012773077,0,0.6616830825805664
TSBD_WSSV_11a594f754,1,1,1,0.8524849,0.0047943173,0.099591106,0.07469879,7.2712032e-06,0.014709421,0,0.13641801476478577,0.7909502,0.86210144,0.9999895,0.9733266,1,0.201898992061615,0.10945873,0.063199766,3.195553e-06,0.011963962,0,0.6616830825805664
TSBD_WSSV_fc31d39bad,1,1,1,0.827727,0.008050077,0.09278304,0.07783925,8.727964e-06,0.01527103,0,0.13641801476478577,0.7744219,0.8602227,0.9999883,0.9721835,1,0.201898992061615,0.13279513,0.06193798,2.9160642e-06,0.012545444,0,0.6616830825805664
TSBD_WSSV_d6cd79daa1,0,0,1,0.0979814,0.32677,0.7655875,0.09645548,2.2715547e-05,0.081784934,0,0.13641801476478577,0.097371876,0.84671056,0.9999752,0.8963834,0,0.201898992061615,0.13704062,0.056833927,2.0547684e-06,0.021831654,0,0.6616830825805664
TSBD_WSSV_02f81ef95e,1,0,1,0.7743823,0.015874885,0.08682197,0.07693144,8.2258275e-06,0.01487373,0,0.13641801476478577,0.74091226,0.86097735,0.9999888,0.97113717,0,0.201898992061615,0.17226578,0.062091216,2.9559706e-06,0.013989109,0,0.6616830825805664
TSBD_WSSV_3b11acaec9,1,0,1,0.7797262,0.013140462,0.13724093,0.09529061,2.0774552e-05,0.023312012,0,0.13641801476478577,0.7260838,0.8491531,0.99997747,0.96553683,0,0.201898992061615,0.13667528,0.05555623,1.7643318e-06,0.011151135,0,0.6616830825805664
TSBD_WSSV_c286bccb7a,1,0,1,0.7011024,0.028227754,0.06804941,0.07844319,9.023007e-06,0.014273674,0,0.13641801476478577,0.7060281,0.8584417,0.99998784,0.9698032,0,0.201898992061615,0.22592245,0.06311515,3.1137151e-06,0.015923139,0,0.6616830825805664
TSBD_WSSV_6aa52b5d04,1,0,1,0.8167193,0.008705052,0.13486746,0.07928164,9.376502e-06,0.017941685,0,0.13641801476478577,0.7550946,0.85868436,0.9999877,0.97025156,0,0.201898992061615,0.110037945,0.062034022,2.869041e-06,0.011806753,0,0.6616830825805664
TSBD_WSSV_78ac1c210b,1,1,1,0.8272033,0.007322738,0.12754548,0.08118867,1.0378289e-05,0.01808597,0,0.13641801476478577,0.763953,0.85778874,0.9999869,0.97040796,1,0.201898992061615,0.10850151,0.061022542,2.7287624e-06,0.011506073,0,0.6616830825805664
TSBD_WSSV_f4df9efeef,1,0,1,0.80226547,0.010751164,0.11084413,0.0885192,1.5859308e-05,0.01961702,0,0.13641801476478577,0.75037616,0.8532309,0.9999819,0.96846926,0,0.201898992061615,0.13877974,0.05824993,2.2670367e-06,0.011913754,0,0.6616830825805664
TSBD_WSSV_e332624690,1,0,1,0.7612241,0.017976953,0.07967308,0.08296452,1.1591006e-05,0.01603507,0,0.13641801476478577,0.7382282,0.8560496,0.9999857,0.9700095,0,0.201898992061615,0.18209869,0.060985867,2.722588e-06,0.01395542,0,0.6616830825805664
TSBD_WSSV_de8ce5aa48,0,0,1,0.19187741,0.21612129,0.107562795,0.08591425,1.27911635e-05,0.025629072,0,0.13641801476478577,0.2692623,0.8544247,0.99998486,0.94569933,0,0.201898992061615,0.62317485,0.05966103,2.3533808e-06,0.02867164,0,0.6616830825805664
TSBD_WSSV_2847167d0b,1,1,1,0.8312748,0.0071564354,0.11401007,0.077336974,8.254392e-06,0.01620533,0,0.13641801476478577,0.77015954,0.860633,0.9999888,0.9718223,1,0.201898992061615,0.11583039,0.062030025,2.9024457e-06,0.011972313,0,0.6616830825805664
TSBD_WSSV_ea8e971d58,1,0,1,0.3912498,0.092956945,0.40955862,0.094434015,2.0070447e-05,0.03915233,0,0.13641801476478577,0.4523412,0.8498054,0.9999782,0.9478353,0,0.201898992061615,0.13810022,0.05576052,1.7847306e-06,0.013012403,0,0.6616830825805664
TSBD_WSSV_2cd19b2879,1,0,2,0.8705132,0.004143519,0.09748262,0.06660778,1.1515637e-05,0.0149438465,0,0.13641801476478577,0.08776478,0.053769305,2.2364802e-06,0.009425617,0,0.201898992061615,0.8147526,0.8796229,0.9999862,0.9756306,0,0.6616830825805664
TSBD_WSSV_f00fa9ceb8,1,0,2,0.8127188,0.009690214,0.1668918,0.08952258,4.183945e-05,0.027321696,0,0.13641801476478577,0.078267366,0.047196176,1.2422347e-06,0.0077771535,0,0.201898992061615,0.75484085,0.8632812,0.99995697,0.9649012,0,0.6616830825805664
TSBD_WSSV_6678622b35,1,0,2,0.87331814,0.003975017,0.08516055,0.064902715,1.0280316e-05,0.013748687,0,0.13641801476478577,0.09540175,0.054994103,2.5866275e-06,0.010076083,0,0.201898992061615,0.81943774,0.88010323,0.9999871,0.97617525,0,0.6616830825805664
TSBD_WSSV_9ce26c2bf9,0,0,1,0.4626228,0.06841659,0.66302055,0.34403476,0.02202499,0.3369416,0,0.13641801476478577,0.23971653,0.5999141,0.9779664,0.64723974,0,0.201898992061615,0.09726288,0.056051187,8.566394e-06,0.015818676,0,0.6616830825805664
TSBD_WSSV_3319ef6f32,1,0,2,0.86213106,0.004289919,0.11108945,0.08014782,2.728512e-05,0.020314712,0,0.13641801476478577,0.08597763,0.050261054,1.7514436e-06,0.008692751,0,0.201898992061615,0.8029329,0.8695911,0.9999709,0.9709925,0,0.6616830825805664
TSBD_WSSV_1bb255e74b,1,0,1,0.380212,0.10086253,0.05691763,0.060320478,3.2235353e-06,0.010935303,0,0.13641801476478577,0.4811459,0.8587906,0.99998665,0.9564533,0,0.201898992061615,0.4619365,0.08088898,1.0068866e-05,0.03261136,0,0.6616830825805664
TSBD_WSSV_d45bc108bb,1,1,1,0.85249156,0.0046360195,0.10959747,0.07526224,7.5078046e-06,0.0153725995,0,0.13641801476478577,0.78899735,0.86152405,0.9999893,0.97297275,1,0.201898992061615,0.10140517,0.06321368,3.1899556e-06,0.011654608,0,0.6616830825805664
TSBD_WSSV_319f7dd222,0,0,1,0.14180486,0.27175486,0.7709316,0.096560225,2.1988064e-05,0.06847468,0,0.13641801476478577,0.17125535,0.84820443,0.99997616,0.91849416,0,0.201898992061615,0.057812978,0.05523532,1.7947256e-06,0.013031183,0,0.6616830825805664
TSBD_WSSV_72962540b9,0,0,0,0.3633692,0.11311602,0.37263048,0.8233215,0.99919325,0.8819258,0,0.13641801476478577,0.067175455,0.03600203,1.0639519e-06,0.0075649074,0,0.201898992061615,0.560194,0.14067653,0.0008056777,0.110509306,0,0.6616830825805664
TSBD_WSSV_cbc299712b,1,1,1,0.82934403,0.0076873153,0.14366646,0.07427555,7.069344e-06,0.016710151,0,0.13641801476478577,0.77135164,0.86243707,0.99998975,0.97221977,1,0.201898992061615,0.08498191,0.06328736,3.2412672e-06,0.011070048,0,0.6616830825805664
TSBD_WSSV_4852ce6b3e,1,0,1,0.7736016,0.0165116,0.07227586,0.07636981,7.9824395e-06,0.0137829445,0,0.13641801476478577,0.7484701,0.86059815,0.9999889,0.9717907,0,0.201898992061615,0.17925394,0.06303203,3.1509119e-06,0.014426347,0,0.6616830825805664
TSBD_WSSV_51c0f376ed,0,0,1,0.17158866,0.23942819,0.0555074,0.06524819,4.365946e-06,0.015053135,0,0.13641801476478577,0.2365237,0.8572424,0.9999877,0.9403389,0,0.201898992061615,0.70796895,0.07750939,7.867312e-06,0.04460796,0,0.6616830825805664
TSBD_WSSV_27c4e89064,1,0,1,0.43731436,0.083523646,0.058376666,0.06010608,3.1682007e-06,0.010714198,0,0.13641801476478577,0.51866376,0.8569957,0.9999858,0.9575235,0,0.201898992061615,0.42295957,0.08289828,1.0997834e-05,0.031762287,0,0.6616830825805664
TSBD_WSSV_d31ea8472c,0,0,1,0.4673358,0.06837528,0.08102097,0.05182778,4.4916906e-06,0.012635025,0,0.13641801476478577,0.36617312,0.7263303,0.9978847,0.82442003,0,0.201898992061615,0.5528059,0.22184187,0.002110793,0.16294494,0,0.6616830825805664
TSBD_WSSV_6fd089aca1,1,0,2,0.664101,0.005666299,0.055035498,0.03400088,3.971064e-06,0.00691009,0,0.13641801476478577,0.28330562,0.37722087,0.1579547,0.3011415,0,0.201898992061615,0.6616589,0.58877826,0.84204125,0.6919484,0,0.6616830825805664
TSBD_WSSV_7131cb4d1e,0,0,1,0.09902982,0.32604676,0.08952323,0.088774614,1.5418133e-05,0.031685207,0,0.13641801476478577,0.13553181,0.8512183,0.9999821,0.92912465,0,0.201898992061615,0.77494496,0.060007118,2.4659814e-06,0.039190125,0,0.6616830825805664
TSBD_WSSV_d1629a0715,1,1,1,0.8543679,0.0044704247,0.10624586,0.075486325,7.5823505e-06,0.015242648,0,0.13641801476478577,0.7913335,0.861806,0.9999894,0.9732153,1,0.201898992061615,0.10242061,0.062707685,3.0550623e-06,0.011542072,0,0.6616830825805664
TSBD_WSSV_8ecaf0ac01,1,0,1,0.81759346,0.009061296,0.10776219,0.077890754,8.487994e-06,0.01608961,0,0.13641801476478577,0.7614155,0.86040074,0.9999887,0.9714818,0,0.201898992061615,0.13082235,0.061708465,2.8079144e-06,0.012428635,0,0.6616830825805664
TSBD_WSSV_af3c48a08c,1,0,2,0.86264926,0.0040598856,0.11601749,0.084330775,3.2568987e-05,0.021872388,0,0.13641801476478577,0.081427544,0.04809559,1.3423931e-06,0.007931433,0,0.201898992061615,0.8025549,0.8675737,0.99996614,0.9701961,0,0.6616830825805664
TSBD_WSSV_3dae79f506,1,0,2,0.7774938,0.013004446,0.096479096,0.19320278,0.0019551031,0.068127304,0,0.13641801476478577,0.09850479,0.048058003,2.7523283e-06,0.009869027,0,0.201898992061615,0.80501616,0.7587393,0.9980421,0.9220037,0,0.6616830825805664
TSBD_WSSV_80515fe4b2,1,0,2,0.82435393,0.010782419,0.064553194,0.063453935,9.208287e-06,0.012228684,0,0.13641801476478577,0.14456265,0.057749145,3.3003248e-06,0.012658812,0,0.201898992061615,0.7908842,0.87879694,0.9999875,0.9751125,0,0.6616830825805664
TSBD_WSSV_aee31f5ae6,1,0,2,0.8171729,0.007147832,0.11199762,0.16002867,0.0007308952,0.054221194,0,0.13641801476478577,0.09647449,0.044033837,1.2420276e-06,0.008041931,0,0.201898992061615,0.7915279,0.7959375,0.9992679,0.93773687,0,0.6616830825805664
TSBD_WSSV_0ef579b068,1,0,2,0.7677646,0.015428566,0.20361774,0.093562126,5.2561198e-05,0.03174973,0,0.13641801476478577,0.07853787,0.048040684,1.4366946e-06,0.008203538,0,0.201898992061615,0.7178444,0.85839725,0.999946,0.9600467,0,0.6616830825805664
TSBD_WSSV_f70db8236e,1,0,2,0.81826144,0.0026719095,0.14467548,0.1816225,0.0015556465,0.07362038,0,0.13641801476478577,0.091657154,0.060394697,7.495391e-06,0.013152794,0,0.201898992061615,0.7636673,0.75798285,0.99843687,0.91322684,0,0.6616830825805664
TSBD_WSSV_36e3c23fc4,1,0,2,0.8697511,0.0041143647,0.09819543,0.06949032,1.3793469e-05,0.01584265,0,0.13641801476478577,0.088108994,0.0525657,1.9893278e-06,0.009132917,0,0.201898992061615,0.8136956,0.87794405,0.99998415,0.97502446,0,0.6616830825805664
TSBD_WSSV_7e34390794,1,0,2,0.8686981,0.0047594802,0.07596175,0.06255809,8.744153e-06,0.01258416,0,0.13641801476478577,0.10580485,0.056241322,2.8644965e-06,0.010775973,0,0.201898992061615,0.8182335,0.8812006,0.99998844,0.97663987,0,0.6616830825805664
TSBD_WSSV_bd80b0d581,1,0,2,0.84702754,0.0029385039,0.1452529,0.12862918,0.00023292322,0.042867273,0,0.13641801476478577,0.0762681,0.04329375,9.670888e-07,0.006999087,0,0.201898992061615,0.778479,0.8280771,0.9997662,0.9501337,0,0.6616830825805664
TSBD_WSSV_a456bae923,1,0,2,0.8559256,0.0049326983,0.11762278,0.07985923,2.6075631e-05,0.020561205,0,0.13641801476478577,0.08623524,0.050831176,1.785026e-06,0.008803603,0,0.201898992061615,0.796142,0.86930966,0.9999721,0.97063524,0,0.6616830825805664
TSBD_WSSV_b6178797f6,1,1,2,0.8742348,0.0039224103,0.08557292,0.06422888,9.792138e-06,0.013568156,0,0.13641801476478577,0.094072446,0.054808337,2.4707622e-06,0.009915351,0,0.201898992061615,0.82035464,0.8809628,0.9999877,0.9765165,1,0.6616830825805664
TSBD_WSSV_69762898eb,1,0,2,0.8192688,0.009251237,0.086162865,0.09147941,5.567652e-05,0.023068402,0,0.13641801476478577,0.13656881,0.05720759,3.6830036e-06,0.012746568,0,0.201898992061615,0.77726835,0.85131305,0.99994063,0.96418506,0,0.6616830825805664
TSBD_WSSV_a73de688c2,1,0,2,0.6765247,0.02638375,0.066242196,0.051041402,6.2897934e-06,0.011027852,0,0.13641801476478577,0.29951462,0.12131079,0.00018714542,0.054417465,0,0.201898992061615,0.63424313,0.8276478,0.9998066,0.93455464,0,0.6616830825805664
TSBD_WSSV_03cb710db8,1,0,2,0.8362785,0.008815949,0.063813575,0.052113403,4.1477215e-06,0.009486742,0,0.13641801476478577,0.14445862,0.06672416,6.7565684e-06,0.015559338,0,0.201898992061615,0.79172784,0.8811624,0.99998903,0.97495395,0,0.6616830825805664
TSBD_WSSV_7f2c043791,1,0,2,0.8516825,0.00529417,0.11317219,0.08256619,2.9289746e-05,0.021120131,0,0.13641801476478577,0.09419685,0.0509504,1.8324903e-06,0.009156325,0,0.201898992061615,0.792631,0.86648333,0.9999689,0.9697235,0,0.6616830825805664
TSBD_WSSV_426ff318e2,1,0,2,0.86321807,0.0055014407,0.07331913,0.0637254,9.351947e-06,0.012719965,0,0.13641801476478577,0.11124582,0.055707864,2.68186e-06,0.010791645,0,0.201898992061615,0.81543505,0.8805667,0.9999881,0.9764884,0,0.6616830825805664
TSBD_WSSV_3cb87dc046,1,0,2,0.84086335,0.007789231,0.07839167,0.0705498,1.5646841e-05,0.015242793,0,0.13641801476478577,0.12583601,0.05637438,3.1009465e-06,0.011764651,0,0.201898992061615,0.7957724,0.87307584,0.9999813,0.9729926,0,0.6616830825805664
TSBD_WSSV_4c414428d2,1,1,2,0.8740192,0.0039887996,0.08283439,0.064200446,9.693872e-06,0.0133837275,0,0.13641801476478577,0.09627293,0.054896727,2.4551682e-06,0.009989656,0,0.201898992061615,0.8208927,0.8809029,0.99998784,0.97662663,1,0.6616830825805664
TSBD_WSSV_4896029d97,1,0,2,0.8735539,0.00388214,0.09199954,0.065334715,1.0428426e-05,0.014213002,0,0.13641801476478577,0.08961887,0.05434913,2.3501862e-06,0.009622746,0,0.201898992061615,0.8183816,0.88031614,0.99998724,0.9761643,0,0.6616830825805664
TSBD_WSSV_c549f00277,1,0,2,0.8494346,0.0070516374,0.072620355,0.0629707,9.324544e-06,0.012664398,0,0.13641801476478577,0.12410287,0.058451902,3.5350624e-06,0.012168545,0,0.201898992061615,0.80327684,0.87857735,0.9999871,0.97516704,0,0.6616830825805664
TSBD_WSSV_254bdb9f4d,1,0,2,0.8723581,0.0041869422,0.08134667,0.06439177,9.820175e-06,0.013358213,0,0.13641801476478577,0.09883255,0.055090476,2.5238824e-06,0.010158865,0,0.201898992061615,0.81982076,0.8805177,0.9999877,0.9764829,0,0.6616830825805664
TSBD_WSSV_b0447870c0,1,0,2,0.80882746,0.013207337,0.060952257,0.058726482,6.7309434e-06,0.0109051475,0,0.13641801476478577,0.15788247,0.05911473,3.7054856e-06,0.013543903,0,0.201898992061615,0.78116524,0.88215876,0.9999896,0.97555095,0,0.6616830825805664
TSBD_WSSV_754fa3c73d,1,1,2,0.87551135,0.0038251746,0.08516311,0.06250058,8.626177e-06,0.013037868,0,0.13641801476478577,0.09334917,0.055609737,2.6074335e-06,0.010055561,0,0.201898992061615,0.82148767,0.8818896,0.9999888,0.97690654,1,0.6616830825805664
TSBD_WSSV_9937a0424b,1,1,2,0.87474585,0.0038677407,0.086403966,0.063878946,9.523745e-06,0.013503337,0,0.13641801476478577,0.09296229,0.054876618,2.4664098e-06,0.009874759,0,0.201898992061615,0.8206337,0.8812444,0.99998796,0.9766219,1,0.6616830825805664
TSBD_WSSV_6fa84e41c3,1,0,2,0.87344533,0.0039915284,0.085026294,0.06496558,1.0257714e-05,0.013739155,0,0.13641801476478577,0.09518425,0.054633744,2.4446904e-06,0.009924271,0,0.201898992061615,0.81978947,0.88040066,0.99998724,0.9763366,0,0.6616830825805664
TSBD_WSSV_577000701d,1,0,2,0.8734409,0.0040890863,0.08157447,0.06283242,8.795102e-06,0.01293031,0,0.13641801476478577,0.09797493,0.055772547,2.7179674e-06,0.010331475,0,0.201898992061615,0.8204506,0.881395,0.99998844,0.9767382,0,0.6616830825805664
TSBD_WSSV_7562704d32,1,1,2,0.87459654,0.0039668195,0.083134055,0.061661966,8.145705e-06,0.012705127,0,0.13641801476478577,0.09586876,0.056189414,2.7917588e-06,0.010338794,0,0.201898992061615,0.82099724,0.88214856,0.99998915,0.97695607,1,0.6616830825805664
TSBD_WSSV_ab987277c7,1,0,2,0.8558252,0.0055274777,0.08654946,0.08699218,3.9048213e-05,0.020730395,0,0.13641801476478577,0.10353146,0.048552904,1.4951287e-06,0.008840696,0,0.201898992061615,0.80991906,0.86445487,0.99995935,0.97042894,0,0.6616830825805664
TSBD_WSSV_1beeeafcb8,1,0,2,0.852296,0.006889956,0.071977824,0.07079684,1.5242465e-05,0.014650059,0,0.13641801476478577,0.11719746,0.05281353,2.1279234e-06,0.010271895,0,0.201898992061615,0.81082475,0.8763896,0.9999826,0.97507805,0,0.6616830825805664
TSBD_WSSV_e7254cc0d4,1,0,2,0.87154907,0.004385722,0.079055026,0.06379716,9.453842e-06,0.013067197,0,0.13641801476478577,0.10082909,0.054952204,2.5062827e-06,0.010201863,0,0.201898992061615,0.8201159,0.8812506,0.9999881,0.97673094,0,0.6616830825805664
TSBD_WSSV_b5a8a126ab,1,0,2,0.8452367,0.0063915467,0.0625078,0.047231697,3.0180202e-06,0.00847076,0,0.13641801476478577,0.14900556,0.082471885,2.0489546e-05,0.021640176,0,0.201898992061615,0.78848666,0.87029636,0.9999765,0.9698891,0,0.6616830825805664
TSBD_WSSV_13e41ad5ef,1,0,2,0.8731408,0.004189994,0.07984294,0.06281776,8.813895e-06,0.0128348945,0,0.13641801476478577,0.09921065,0.055449568,2.6127173e-06,0.010266137,0,0.201898992061615,0.82094646,0.88173264,0.99998856,0.97689897,0,0.6616830825805664
TSBD_WSSV_5dd3dca816,1,0,2,0.87170273,0.0044094184,0.077580445,0.061398122,8.007273e-06,0.0123404795,0,0.13641801476478577,0.102351636,0.05641663,2.8505867e-06,0.010646455,0,0.201898992061615,0.82006794,0.8821853,0.99998915,0.97701305,0,0.6616830825805664
TSBD_WSSV_084f7a072a,1,0,2,0.822123,0.011104176,0.06550232,0.061138228,7.915832e-06,0.011735391,0,0.13641801476478577,0.14646502,0.05837933,3.4041702e-06,0.01286748,0,0.201898992061615,0.7880327,0.88048244,0.9999887,0.9753971,0,0.6616830825805664
TSBD_WSSV_7d1aec7b17,1,0,0,0.84163433,0.00230473,0.77511775,0.8064106,0.99876875,0.92714787,0,0.13641801476478577,0.0703847,0.039806,1.8222568e-06,0.0073577194,0,0.201898992061615,0.15449756,0.15378337,0.0012294963,0.0654944,0,0.6616830825805664
TSBD_WSSV_93545fad41,1,0,2,0.8673225,0.0043897703,0.09148508,0.071182236,1.5215426e-05,0.015944703,0,0.13641801476478577,0.0955681,0.05259125,2.0644597e-06,0.00947549,0,0.201898992061615,0.8129468,0.8762264,0.9999827,0.9745798,0,0.6616830825805664
TSBD_WSSV_ef783ed00d,1,0,2,0.68385583,0.01323638,0.3598593,0.23087871,0.0048617194,0.1475962,0,0.13641801476478577,0.06565884,0.04016082,1.1336502e-06,0.006953565,0,0.201898992061615,0.5744819,0.72896045,0.99513716,0.8454503,0,0.6616830825805664
TSBD_WSSV_8b081aa68f,1,0,2,0.8596256,0.005256585,0.081447504,0.085052356,3.4612145e-05,0.01957415,0,0.13641801476478577,0.10327965,0.04938424,1.5970828e-06,0.009002364,0,0.201898992061615,0.8152728,0.86556345,0.9999639,0.9714235,0,0.6616830825805664
TSBD_WSSV_6afbaad0ae,1,0,2,0.63918024,0.017454185,0.30708534,0.2725867,0.014323831,0.18579006,0,0.13641801476478577,0.14260018,0.04486844,2.7645708e-06,0.011400759,0,0.201898992061615,0.5503145,0.6825448,0.9856734,0.8028092,0,0.6616830825805664
TSBD_WSSV_9223e4a32b,1,0,2,0.68610656,0.03115557,0.09145583,0.06629789,1.1872731e-05,0.015488044,0,0.13641801476478577,0.2198494,0.059184372,3.9220313e-06,0.01602976,0,0.201898992061615,0.6886948,0.8745178,0.99998415,0.9684822,0,0.6616830825805664
TSBD_WSSV_98ea43065f,1,0,2,0.8693836,0.0046678465,0.07620589,0.05989701,7.2587936e-06,0.011901908,0,0.13641801476478577,0.105993785,0.057966113,3.2924563e-06,0.011238182,0,0.201898992061615,0.81780034,0.8821368,0.9999894,0.97685987,0,0.6616830825805664
TSBD_WSSV_eb247f0a00,1,0,2,0.8733105,0.0040073404,0.08697484,0.06299059,8.990244e-06,0.0133044,0,0.13641801476478577,0.09410494,0.055804603,2.6439084e-06,0.0101389885,0,0.201898992061615,0.8189202,0.8812048,0.99998844,0.9765566,0,0.6616830825805664
TSBD_WSSV_97fa50601b,1,1,2,0.8756984,0.0037749088,0.08725214,0.06241851,8.68755e-06,0.013160394,0,0.13641801476478577,0.09153471,0.05571837,2.6346388e-06,0.010016712,0,0.201898992061615,0.82121307,0.8818631,0.9999887,0.9768229,1,0.6616830825805664
TSBD_WSSV_8b6c4507a2,1,0,2,0.86916965,0.0036084,0.09467653,0.086261794,3.755242e-05,0.021085914,0,0.13641801476478577,0.08972395,0.04838013,1.4973299e-06,0.008374202,0,0.201898992061615,0.81559956,0.86535805,0.9999609,0.9705399,0,0.6616830825805664
TSBD_WSSV_5c925439ac,1,0,2,0.8682217,0.0035592504,0.10568143,0.08108562,2.783427e-05,0.020108337,0,0.13641801476478577,0.08504862,0.050500937,1.8185967e-06,0.008726731,0,0.201898992061615,0.80927,0.86841345,0.99997044,0.97116494,0,0.6616830825805664
TSBD_WSSV_1d810bc413,1,1,2,0.873878,0.0039895214,0.08478767,0.062018596,8.34873e-06,0.012896855,0,0.13641801476478577,0.09539346,0.056340322,2.790539e-06,0.010338227,0,0.201898992061615,0.81981885,0.8816411,0.9999889,0.97676486,1,0.6616830825805664
TSBD_WSSV_26de7fcd80,1,0,2,0.8544038,0.0063101053,0.07673922,0.06659627,1.1600891e-05,0.013818366,0,0.13641801476478577,0.11658605,0.056188487,2.8770412e-06,0.011212609,0,0.201898992061615,0.8066747,0.8772152,0.9999856,0.97496897,0,0.6616830825805664
TSBD_WSSV_8aa47f5a65,1,0,1,0.65063506,0.028444381,0.11752157,0.29615718,0.009369112,0.12420152,0,0.13641801476478577,0.7591181,0.64693266,0.99062365,0.86146504,0,0.201898992061615,0.12336035,0.056910127,7.2063654e-06,0.014333464,0,0.6616830825805664
TSBD_WSSV_d889bfa7f2,1,1,1,0.8478884,0.005240267,0.10282737,0.077305466,8.45213e-06,0.015600485,0,0.13641801476478577,0.7864308,0.8607498,0.9999887,0.9727186,1,0.201898992061615,0.11074184,0.06194482,2.8758925e-06,0.011680953,0,0.6616830825805664
TSBD_WSSV_8a85146e3e,1,0,2,0.5224992,0.056472443,0.39648208,0.12119464,0.00017788475,0.062674545,0,0.13641801476478577,0.07237701,0.047733773,1.608634e-06,0.008866267,0,0.201898992061615,0.5311409,0.8310715,0.99982065,0.9284592,0,0.6616830825805664
TSBD_WSSV_439d0a5c3f,1,0,2,0.8716906,0.0041470537,0.08611602,0.06589231,1.0954664e-05,0.014083441,0,0.13641801476478577,0.09589376,0.054344986,2.3976102e-06,0.009895509,0,0.201898992061615,0.81799024,0.8797627,0.99998665,0.9760211,0,0.6616830825805664
TSBD_WSSV_3f0184301c,1,0,2,0.8649203,0.0049491804,0.0836461,0.06803334,1.2558536e-05,0.014565452,0,0.13641801476478577,0.10292756,0.05374421,2.2920838e-06,0.010023899,0,0.201898992061615,0.8134263,0.87822247,0.9999852,0.97541064,0,0.6616830825805664
TSBD_WSSV_00abe397a8,1,0,2,0.8683564,0.0043605287,0.099152796,0.06623705,1.1143516e-05,0.0149110835,0,0.13641801476478577,0.08840998,0.054365527,2.380422e-06,0.009625083,0,0.201898992061615,0.81243724,0.8793974,0.9999865,0.9754638,0,0.6616830825805664
TSBD_WSSV_f49daeee4d,1,0,2,0.8666821,0.0045308582,0.10267783,0.06604612,1.11859445e-05,0.015095966,0,0.13641801476478577,0.086704165,0.054680735,2.4532874e-06,0.009648666,0,0.201898992061615,0.81061804,0.87927306,0.9999863,0.97525537,0,0.6616830825805664
TSBD_WSSV_e3a3f70bef,1,0,2,0.84741056,0.005989721,0.12556453,0.07770061,2.3059138e-05,0.02033182,0,0.13641801476478577,0.086181,0.052033275,2.0673574e-06,0.009185794,0,0.201898992061615,0.78825444,0.8702662,0.99997497,0.97048235,0,0.6616830825805664
TSBD_WSSV_4c6acaba53,1,0,2,0.86277884,0.0049387272,0.11118786,0.068238534,1.2801333e-05,0.016205538,0,0.13641801476478577,0.08206429,0.053013626,2.1292826e-06,0.009085612,0,0.201898992061615,0.8067478,0.8787479,0.9999851,0.9747088,0,0.6616830825805664
TSBD_WSSV_1a5ee9d7a4,1,0,2,0.8693892,0.0035647578,0.09925529,0.07618278,2.1294192e-05,0.018119324,0,0.13641801476478577,0.08971058,0.053701483,2.4131657e-06,0.009667113,0,0.201898992061615,0.8110341,0.8701157,0.9999763,0.9722135,0,0.6616830825805664
TSBD_WSSV_1d745dbab2,1,0,2,0.61761886,0.02287398,0.40989605,0.231382,0.0052011022,0.16032057,0,0.13641801476478577,0.07293328,0.04505822,2.2752797e-06,0.008933371,0,0.201898992061615,0.51717067,0.72355974,0.9947967,0.83074605,0,0.6616830825805664
TSBD_WSSV_04529c8937,1,0,2,0.86638457,0.0048699304,0.08338506,0.060950518,7.868244e-06,0.012602981,0,0.13641801476478577,0.10337729,0.05755606,3.1949844e-06,0.011057588,0,0.201898992061615,0.8132376,0.88149345,0.9999889,0.9763394,0,0.6616830825805664
TSBD_WSSV_eb7b8b7c67,1,0,2,0.8725673,0.0039396016,0.090864815,0.06682002,1.1568538e-05,0.014602756,0,0.13641801476478577,0.091572545,0.053953495,2.268206e-06,0.009600546,0,0.201898992061615,0.81756264,0.87922645,0.9999862,0.9757967,0,0.6616830825805664
TSBD_WSSV_4c43a3a8a6,1,0,2,0.8660636,0.004225852,0.09267585,0.08246559,2.9828207e-05,0.019595858,0,0.13641801476478577,0.093711026,0.048673462,1.4222995e-06,0.008442753,0,0.201898992061615,0.8136132,0.8688609,0.99996877,0.9719614,0,0.6616830825805664
TSBD_WSSV_417fc1cab3,1,0,2,0.87289846,0.0039662495,0.08949201,0.06544325,1.0621587e-05,0.01414049,0,0.13641801476478577,0.092345595,0.054505907,2.4037558e-06,0.009782196,0,0.201898992061615,0.81816244,0.8800509,0.999987,0.9760773,0,0.6616830825805664
TSBD_WSSV_59c834cf6e,1,0,2,0.8288743,0.009545442,0.07582947,0.057223536,6.194109e-06,0.01142982,0,0.13641801476478577,0.140506,0.06324515,5.273728e-06,0.014367154,0,0.201898992061615,0.7836646,0.8795314,0.99998856,0.97420305,0,0.6616830825805664
TSBD_WSSV_97681928ee,1,0,2,0.8675215,0.0042982744,0.086698376,0.06395039,1.0147876e-05,0.013755259,0,0.13641801476478577,0.101686865,0.059389353,4.0214773e-06,0.011690927,0,0.201898992061615,0.8116148,0.8766603,0.9999858,0.9745538,0,0.6616830825805664
TSBD_WSSV_0c09630268,1,0,2,0.83932924,0.0054938886,0.15174174,0.100329116,7.296746e-05,0.030884601,0,0.13641801476478577,0.07540264,0.04568623,1.114223e-06,0.0073530963,0,0.201898992061615,0.7728557,0.8539847,0.999926,0.9617623,0,0.6616830825805664
TSBD_WSSV_919a1fc43f,1,0,2,0.7719602,0.01685484,0.19372162,0.07596382,2.0487852e-05,0.02332565,0,0.13641801476478577,0.06855379,0.050462667,1.6849078e-06,0.008184872,0,0.201898992061615,0.73772454,0.8735735,0.9999778,0.96848947,0,0.6616830825805664
TSBD_WSSV_df52a25a1c,1,0,2,0.43481648,0.08063838,0.12895706,0.1125146,0.00013879013,0.040169697,0,0.13641801476478577,0.3706727,0.06314603,7.551607e-06,0.02504017,0,0.201898992061615,0.5003703,0.8243394,0.99985373,0.9347902,0,0.6616830825805664
TSBD_WSSV_b6df8b235a,1,0,2,0.8720193,0.004040285,0.08767739,0.06426095,9.987332e-06,0.013759535,0,0.13641801476478577,0.09511851,0.056014396,2.8519569e-06,0.010358169,0,0.201898992061615,0.8172042,0.8797246,0.9999871,0.9758823,0,0.6616830825805664
TSBD_WSSV_66dac7b3cb,1,0,2,0.8597309,0.005435761,0.09827585,0.064524874,1.0138642e-05,0.0144535,0,0.13641801476478577,0.0967189,0.055422004,2.7376855e-06,0.01033014,0,0.201898992061615,0.80500525,0.8800531,0.9999871,0.9752163,0,0.6616830825805664
TSBD_WSSV_cb728bde71,1,0,2,0.56176907,0.051522605,0.34854904,0.09867658,6.6047796e-05,0.043777253,0,0.13641801476478577,0.07063452,0.045895435,1.1207187e-06,0.007851267,0,0.201898992061615,0.58081645,0.855428,0.9999329,0.94837147,0,0.6616830825805664
TSBD_WSSV_11dccea294,1,0,2,0.8641204,0.0034613367,0.11518526,0.09373203,5.2411302e-05,0.02517013,0,0.13641801476478577,0.08094024,0.046021942,1.1675369e-06,0.0075475792,0,0.201898992061615,0.8038745,0.860246,0.99994636,0.9672823,0,0.6616830825805664
TSBD_WSSV_6c97d0a038,1,0,2,0.869114,0.0036426284,0.10260309,0.081875995,2.8194698e-05,0.02001706,0,0.13641801476478577,0.08537345,0.0485354,1.4383731e-06,0.008180948,0,0.201898992061615,0.8120235,0.8695887,0.9999703,0.971802,0,0.6616830825805664
TSBD_WSSV_7930144273,1,0,0,0.8229593,0.0044465736,0.78974783,0.7740593,0.9965402,0.90890735,0,0.13641801476478577,0.073637694,0.040052544,2.172651e-06,0.007705802,0,0.201898992061615,0.13661446,0.18588819,0.0034577546,0.0833868,0,0.6616830825805664
TSBD_WSSV_46e8a68895,1,0,2,0.8532664,0.0016946056,0.06755817,0.0413209,2.6293008e-06,0.00795602,0,0.13641801476478577,0.14030482,0.14695756,0.0005365745,0.05268683,0,0.201898992061615,0.7921369,0.81172156,0.99946076,0.9393571,0,0.6616830825805664
TSBD_WSSV_68675dc12f,0,0,1,0.36602548,0.11288026,0.064655095,0.047709253,7.551118e-06,0.0130074425,0,0.13641801476478577,0.18464246,0.6382125,0.9785121,0.6354351,0,0.201898992061615,0.75070244,0.31407827,0.021480303,0.35155746,0,0.6616830825805664
TSBD_WSSV_33b5dd7e52,0,0,1,0.24387537,0.17981383,0.7131868,0.19939761,0.00086995715,0.1797593,0,0.13641801476478577,0.16793865,0.7422041,0.9991259,0.80123335,0,0.201898992061615,0.118874535,0.05839821,4.191044e-06,0.019007374,0,0.6616830825805664
TSBD_WSSV_eaf8feba8d,1,0,2,0.76489234,0.016017705,0.18417211,0.08298034,3.2822347e-05,0.02647537,0,0.13641801476478577,0.0991616,0.056763705,3.54137e-06,0.011511376,0,0.201898992061615,0.7166663,0.8602559,0.99996364,0.96201324,0,0.6616830825805664
TSBD_WSSV_a092abcd48,1,0,2,0.8518832,0.006209068,0.08570421,0.06355493,9.3537e-06,0.013512071,0,0.13641801476478577,0.115641676,0.06001269,4.0745495e-06,0.012384336,0,0.201898992061615,0.79865414,0.8764324,0.99998665,0.97410357,0,0.6616830825805664
TSBD_WSSV_8c4a48a3c8,0,0,0,0.21522368,0.20294005,0.2651269,0.8637174,0.9997931,0.90392834,0,0.13641801476478577,0.6685028,0.10131981,0.00020549941,0.087194,0,0.201898992061615,0.06637024,0.03496281,1.4030048e-06,0.008877712,0,0.6616830825805664
TSBD_WSSV_36e8b7c576,1,0,0,0.74417096,0.024099806,0.74338335,0.89771634,0.99998724,0.97396606,0,0.13641801476478577,0.070211664,0.048810948,4.5991596e-06,0.009847354,0,0.201898992061615,0.18640502,0.053472754,8.140245e-06,0.016186578,0,0.6616830825805664
TSBD_WSSV_f62b02d7ce,1,1,0,0.8693246,0.006259676,0.8273882,0.899938,0.9999882,0.97836673,1,0.13641801476478577,0.10786937,0.052823894,7.0029296e-06,0.01246674,0,0.201898992061615,0.06474237,0.04723815,4.72861e-06,0.009166493,0,0.6616830825805664
TSBD_WSSV_7b5c5d4331,1,1,1,0.8310924,0.007283831,0.10343385,0.07955089,9.385638e-06,0.016265256,0,0.13641801476478577,0.7729282,0.8591732,0.99998784,0.97169507,1,0.201898992061615,0.12363802,0.06127592,2.7458716e-06,0.012039699,0,0.6616830825805664
TSBD_WSSV_1115f3a7b9,1,0,2,0.46705213,0.057903595,0.12734796,0.40689594,0.17203344,0.25508073,0,0.13641801476478577,0.15071763,0.05043464,1.0551888e-05,0.015198186,0,0.201898992061615,0.72193444,0.5426694,0.827956,0.7297211,0,0.6616830825805664
TSBD_WSSV_8b19cf1542,1,0,1,0.6689214,0.020082094,0.3194404,0.17727341,0.0004869566,0.08257376,0,0.13641801476478577,0.5820793,0.7687527,0.9995104,0.90619826,0,0.201898992061615,0.09848031,0.053973883,2.5771428e-06,0.011227954,0,0.6616830825805664
TSBD_WSSV_e980aeec5d,1,1,0,0.88298315,0.004492717,0.83702636,0.8998007,0.9999887,0.9789581,1,0.13641801476478577,0.09006282,0.050526958,5.4241214e-06,0.010863826,0,0.201898992061615,0.07291085,0.049672265,5.888378e-06,0.010178132,0,0.6616830825805664
TSBD_WSSV_78620c7961,0,0,0,0.44888687,0.052709818,0.26991668,0.58758557,0.67293674,0.5040053,0,0.13641801476478577,0.65644306,0.3774409,0.32705936,0.48792633,0,0.201898992061615,0.073640235,0.03497352,3.9257047e-06,0.008068343,0,0.6616830825805664
TSBD_WSSV_5cfa598cc4,1,0,0,0.82878137,0.011127931,0.7915912,0.89842176,0.99998796,0.9762063,0,0.13641801476478577,0.11116067,0.05163764,6.089549e-06,0.01229804,0,0.201898992061615,0.09724803,0.04994065,5.9202894e-06,0.011495624,0,0.6616830825805664
TSBD_WSSV_2ab0d58abb,1,0,0,0.7767734,0.018988218,0.7646039,0.8961526,0.99998605,0.9746387,0,0.13641801476478577,0.076288514,0.055419262,8.803196e-06,0.0121201025,0,0.201898992061615,0.15910754,0.048428044,5.127054e-06,0.013241249,0,0.6616830825805664
TSBD_WSSV_d63f9ec96f,0,0,0,0.1003412,0.3224528,0.10365044,0.85631627,0.99983275,0.8654444,0,0.13641801476478577,0.1504749,0.04041869,1.8078765e-06,0.017726643,0,0.201898992061615,0.74587464,0.10326499,0.0001654244,0.11682891,0,0.6616830825805664
TSBD_WSSV_c6d6c44306,1,0,0,0.74287146,0.023252813,0.73163354,0.8921306,0.9999778,0.9698449,0,0.13641801476478577,0.19513342,0.0638212,1.8660168e-05,0.021112619,0,0.201898992061615,0.07323306,0.0440481,3.4421785e-06,0.009042534,0,0.6616830825805664
TSBD_WSSV_0e98c598e2,0,0,2,0.25074127,0.16602011,0.07080341,0.15431516,0.0005803729,0.055160277,0,0.13641801476478577,0.54934686,0.051143765,2.6751522e-06,0.023439866,0,0.201898992061615,0.37984973,0.79454106,0.99941707,0.92139983,0,0.6616830825805664
TSBD_WSSV_0e0b18da56,0,0,0,0.2559468,0.17316473,0.16140324,0.7267694,0.9894162,0.6991559,0,0.13641801476478577,0.09427092,0.03964312,2.439423e-06,0.011824033,0,0.201898992061615,0.7443259,0.23358744,0.010581356,0.2890201,0,0.6616830825805664
TSBD_WSSV_0e04e30a96,1,0,0,0.67522794,0.03228103,0.67061085,0.8755924,0.99992645,0.95689857,0,0.13641801476478577,0.06761602,0.03923057,1.5504762e-06,0.007299836,0,0.201898992061615,0.2617732,0.085177004,7.195533e-05,0.035801657,0,0.6616830825805664
TSBD_WSSV_b14315239e,1,0,0,0.45315152,0.07327296,0.48313686,0.8343217,0.9994647,0.9079668,0,0.13641801476478577,0.065315135,0.03708015,1.2540327e-06,0.007330305,0,0.201898992061615,0.45154798,0.12859811,0.00053397735,0.08470292,0,0.6616830825805664
TSBD_WSSV_ad26e82e3c,0,0,0,0.2973536,0.14858085,0.23978117,0.7692208,0.9935354,0.7720839,0,0.13641801476478577,0.6716484,0.19199488,0.006461464,0.21657874,0,0.201898992061615,0.08857045,0.038784254,3.2172252e-06,0.011337356,0,0.6616830825805664
TSBD_WSSV_cda41068f5,1,0,0,0.80671686,0.014846292,0.7860532,0.8988143,0.99998796,0.9763979,0,0.13641801476478577,0.06895595,0.052042603,6.467484e-06,0.010594419,0,0.201898992061615,0.14499083,0.04914304,5.5914215e-06,0.01300768,0,0.6616830825805664
TSBD_WSSV_f51f241a0d,1,0,0,0.34865227,0.11616251,0.48275518,0.8962544,0.99998605,0.9628895,0,0.13641801476478577,0.40124908,0.048126783,4.3389255e-06,0.02048447,0,0.201898992061615,0.11599574,0.05561875,9.683322e-06,0.016626017,0,0.6616830825805664
TSBD_WSSV_2578508dff,1,1,0,0.8725021,0.005654404,0.82688636,0.89943975,0.99998844,0.9782675,1,0.13641801476478577,0.09185291,0.051354356,5.947552e-06,0.011266138,0,0.201898992061615,0.08126076,0.04920592,5.6146146e-06,0.010466353,0,0.6616830825805664
TSBD_WSSV_45511a46f0,1,1,0,0.8661571,0.0068063866,0.8270104,0.900334,0.99998856,0.9785631,1,0.13641801476478577,0.11123164,0.05152872,6.2067334e-06,0.012166181,0,0.201898992061615,0.061757952,0.048137307,5.2043306e-06,0.009270684,0,0.6616830825805664
TSBD_WSSV_87146ab98c,1,1,0,0.8528839,0.008326135,0.81476146,0.89942384,0.99998784,0.97756624,1,0.13641801476478577,0.1202153,0.05359173,7.5212592e-06,0.01328436,0,0.201898992061615,0.0650232,0.046984453,4.59395e-06,0.009149409,0,0.6616830825805664
TSBD_WSSV_e143d38f01,0,0,1,0.19415233,0.21999845,0.066206284,0.056716975,2.8147006e-06,0.013894339,0,0.13641801476478577,0.2181289,0.83295566,0.99995065,0.9105235,0,0.201898992061615,0.71566474,0.110327385,4.6557176e-05,0.07558214,0,0.6616830825805664
TSBD_WSSV_ea73217725,0,0,0,0.41071856,0.056369416,0.19919331,0.5167226,0.5800053,0.41917008,0,0.13641801476478577,0.08703057,0.048013143,1.0856771e-05,0.012207568,0,0.201898992061615,0.7137762,0.43526423,0.4199839,0.5686224,0,0.6616830825805664
TSBD_WSSV_7568f33745,0,0,1,0.3269555,0.13448372,0.68021435,0.1996804,0.00080158736,0.15495624,0,0.13641801476478577,0.25761664,0.7573203,0.9991974,0.8361591,0,0.201898992061615,0.062169,0.042999327,1.0350388e-06,0.00888468,0,0.6616830825805664
TSBD_WSSV_c0b728f042,0,0,1,0.19761136,0.21269742,0.09911344,0.07233723,6.6198236e-06,0.020154888,0,0.13641801476478577,0.26832473,0.8586258,0.99998844,0.9442652,0,0.201898992061615,0.6325618,0.06903697,4.919285e-06,0.03557994,0,0.6616830825805664
TSBD_WSSV_7555e38281,1,0,2,0.356799,0.08406678,0.15373993,0.057845823,5.3951673e-05,0.023128232,0,0.13641801476478577,0.08784454,0.4277936,0.37435463,0.27438217,0,0.201898992061615,0.7584156,0.5143606,0.62559146,0.70248955,0,0.6616830825805664
TSBD_WSSV_d921343af4,1,0,2,0.85554254,0.0030762143,0.11809561,0.1237763,0.00018798123,0.037306353,0,0.13641801476478577,0.081653245,0.04388467,9.72814e-07,0.0071751107,0,0.201898992061615,0.80025107,0.832339,0.9998111,0.95551854,0,0.6616830825805664
TSBD_WSSV_94a3c39469,1,0,0,0.38802776,0.09744679,0.47163832,0.8698357,0.9998945,0.9374954,0,0.13641801476478577,0.43281242,0.08825899,0.000102493956,0.05174928,0,0.201898992061615,0.095549256,0.04190533,2.9872774e-06,0.010755341,0,0.6616830825805664
TSBD_WSSV_65692fdd3f,1,0,2,0.8065211,0.0109141255,0.07385993,0.11516338,0.00014621078,0.029427143,0,0.13641801476478577,0.13723895,0.05748737,4.140804e-06,0.0131086875,0,0.201898992061615,0.7889011,0.8273493,0.99984956,0.95746416,0,0.6616830825805664
TSBD_WSSV_0464ee44c0,1,0,2,0.8068181,0.013189886,0.06591512,0.08045267,2.5957033e-05,0.01693143,0,0.13641801476478577,0.1463795,0.051504433,1.8761906e-06,0.010829495,0,0.201898992061615,0.7877054,0.86804295,0.9999721,0.9722391,0,0.6616830825805664
TSBD_WSSV_51f7222cef,0,0,1,0.2988165,0.14428271,0.07784533,0.12763877,0.000399562,0.052681573,0,0.13641801476478577,0.19455448,0.6593932,0.9963231,0.7264033,0,0.201898992061615,0.72760016,0.21296802,0.003277296,0.22091512,0,0.6616830825805664
TSBD_WSSV_148921b882,1,0,2,0.81034,0.009152254,0.093135975,0.043355748,3.347409e-06,0.009559891,0,0.13641801476478577,0.097886905,0.16607487,0.00086921913,0.054120935,0,0.201898992061615,0.8089771,0.79056937,0.99912745,0.9363192,0,0.6616830825805664
TSBD_WSSV_49f573118f,1,0,2,0.75030035,0.003098006,0.24459995,0.28553087,0.018063448,0.17472892,0,0.13641801476478577,0.074689075,0.042159744,2.1578658e-06,0.008010323,0,0.201898992061615,0.68071103,0.67230934,0.9819344,0.8172608,0,0.6616830825805664
TSBD_WSSV_f7bb98aadd,0,0,0,0.29107168,0.15244377,0.29725784,0.8242792,0.99926156,0.8711754,0,0.13641801476478577,0.07126748,0.036788415,1.1951008e-06,0.008529087,0,0.201898992061615,0.6314747,0.13893239,0.00073725556,0.12029551,0,0.6616830825805664
TSBD_WSSV_32f477127b,1,1,1,0.821932,0.008746935,0.09402759,0.078216836,8.706258e-06,0.015403368,0,0.13641801476478577,0.76943916,0.85963356,0.99998844,0.9719097,1,0.201898992061615,0.13653326,0.06214957,2.8824265e-06,0.012686951,0,0.6616830825805664
TSBD_WSSV_6532d5dd16,1,0,0,0.8317649,0.011393415,0.803333,0.8996492,0.99998796,0.97718287,0,0.13641801476478577,0.13874139,0.053705472,7.602353e-06,0.0140734445,0,0.201898992061615,0.057925586,0.046645418,4.4562885e-06,0.008743669,0,0.6616830825805664
TSBD_WSSV_399a1e23cc,1,0,2,0.76053154,0.020164847,0.057317127,0.054096982,4.836691e-06,0.009762925,0,0.13641801476478577,0.19573626,0.06441537,5.619399e-06,0.01672673,0,0.201898992061615,0.74694663,0.8814876,0.9999895,0.9735103,0,0.6616830825805664
TSBD_WSSV_c07e032039,1,0,2,0.7626367,0.01480533,0.076875746,0.03487937,1.7774066e-06,0.0070751314,0,0.13641801476478577,0.11161286,0.2261926,0.005385927,0.09290994,0,0.201898992061615,0.8115114,0.738928,0.99461234,0.9000149,0,0.6616830825805664
TSBD_WSSV_a3b514246a,0,0,1,0.33230475,0.12695472,0.066967376,0.03899613,3.6243587e-06,0.010335657,0,0.13641801476478577,0.13842925,0.61163443,0.9564933,0.5584284,0,0.201898992061615,0.7946034,0.34936947,0.043503106,0.43123594,0,0.6616830825805664
TSBD_WSSV_9e8ca9f55f,0,0,1,0.32491183,0.1306802,0.0694307,0.036710743,3.0076417e-06,0.009863052,0,0.13641801476478577,0.13490255,0.6149602,0.9567364,0.5575872,0,0.201898992061615,0.7956667,0.34832904,0.04326064,0.43254972,0,0.6616830825805664
TSBD_WSSV_978efa34a6,0,0,1,0.16619366,0.24539572,0.07870161,0.05007603,2.9640328e-06,0.015893267,0,0.13641801476478577,0.117373645,0.77337104,0.99935585,0.7988721,0,0.201898992061615,0.8039248,0.17655292,0.00064116693,0.18523465,0,0.6616830825805664
TSBD_WSSV_4575fa460f,1,0,2,0.84946615,0.006610837,0.06531628,0.049509857,3.3969588e-06,0.008965887,0,0.13641801476478577,0.13763939,0.07271695,9.687829e-06,0.017062696,0,0.201898992061615,0.79704434,0.87777317,0.999987,0.9739715,0,0.6616830825805664
TSBD_WSSV_6e2231b074,1,0,2,0.7350211,0.005892763,0.060078602,0.034380466,2.8426834e-06,0.006922564,0,0.13641801476478577,0.2259129,0.31196567,0.042732198,0.2032392,0,0.201898992061615,0.7140085,0.6536538,0.9572649,0.7898382,0,0.6616830825805664
TSBD_WSSV_18c088457d,1,0,2,0.83271295,0.003292933,0.07123386,0.043212578,3.3413914e-06,0.008681286,0,0.13641801476478577,0.13506529,0.17869236,0.0013804336,0.068623826,0,0.201898992061615,0.7937009,0.778095,0.9986162,0.9226949,0,0.6616830825805664
TSBD_WSSV_77302aa089,1,0,2,0.5571632,0.044983543,0.103526965,0.07889371,0.00014415337,0.027184226,0,0.13641801476478577,0.09529859,0.33634955,0.092104055,0.18458916,0,0.201898992061615,0.80117446,0.58475673,0.9077518,0.7882266,0,0.6616830825805664
TSBD_WSSV_bc1451b5cd,1,0,2,0.6310976,0.041971076,0.05449962,0.050518643,3.7994464e-06,0.0092058685,0,0.13641801476478577,0.28343177,0.07056309,9.100293e-06,0.022691213,0,0.201898992061615,0.66206855,0.8789183,0.9999871,0.968103,0,0.6616830825805664
TSBD_WSSV_2c0825dfbc,1,1,2,0.8750368,0.0038649589,0.08688604,0.06215113,8.438826e-06,0.013042274,0,0.13641801476478577,0.092426464,0.05583282,2.6647783e-06,0.010084945,0,0.201898992061615,0.8206874,0.88201606,0.9999889,0.97687274,1,0.6616830825805664
TSBD_WSSV_21eca1a9bc,1,0,2,0.83441377,0.008599566,0.10476748,0.06507723,1.0257303e-05,0.014996431,0,0.13641801476478577,0.111199014,0.054867096,2.482341e-06,0.010677189,0,0.201898992061615,0.7840336,0.88005567,0.99998724,0.9743264,0,0.6616830825805664
TSBD_WSSV_a7578fa09c,1,1,2,0.8752914,0.0038233344,0.087972395,0.062389236,8.648499e-06,0.0131852515,0,0.13641801476478577,0.09125863,0.05564634,2.6423259e-06,0.0100073535,0,0.201898992061615,0.820769,0.88196445,0.9999887,0.9768074,1,0.6616830825805664
TSBD_WSSV_8acd11d1ec,1,0,2,0.8575515,0.00602155,0.06992853,0.05843454,6.620641e-06,0.0112594385,0,0.13641801476478577,0.12165267,0.061628435,4.389699e-06,0.012894,0,0.201898992061615,0.80841875,0.87993693,0.9999889,0.9758465,0,0.6616830825805664
TSBD_WSSV_ce8f668353,1,1,2,0.87528086,0.0038714018,0.08524296,0.061453305,8.018431e-06,0.01275592,0,0.13641801476478577,0.09357078,0.056215044,2.7452418e-06,0.010218029,0,0.201898992061615,0.82118624,0.88233167,0.9999893,0.9770261,1,0.6616830825805664
TSBD_WSSV_c5bb7f551a,1,0,2,0.8713821,0.004440372,0.077076666,0.060323868,7.4670475e-06,0.012047646,0,0.13641801476478577,0.103403024,0.05732918,3.0540662e-06,0.01091341,0,0.201898992061615,0.8195203,0.882347,0.9999894,0.9770389,0,0.6616830825805664
TSBD_WSSV_95dc6e27d4,1,0,2,0.83720446,0.0066964636,0.13440244,0.082327485,3.0285677e-05,0.022695346,0,0.13641801476478577,0.089532234,0.053152356,2.1852902e-06,0.009557216,0,0.201898992061615,0.7760653,0.8645201,0.9999676,0.9677474,0,0.6616830825805664
TSBD_WSSV_309436940c,1,0,2,0.78530574,0.013444929,0.10526272,0.050354246,3.929217e-06,0.011290152,0,0.13641801476478577,0.16112077,0.08579142,2.3972312e-05,0.023912275,0,0.201898992061615,0.7336165,0.8638543,0.9999721,0.96479756,0,0.6616830825805664
TSBD_WSSV_29362e9f5a,1,0,2,0.87039727,0.0043456685,0.083278626,0.06001087,7.3391616e-06,0.01232392,0,0.13641801476478577,0.100515515,0.058729935,3.4596897e-06,0.011215151,0,0.201898992061615,0.8162058,0.88125914,0.99998915,0.976461,0,0.6616830825805664
TSBD_WSSV_e67891395a,1,0,2,0.86674964,0.0048600603,0.07851564,0.062065817,8.430963e-06,0.012610542,0,0.13641801476478577,0.106521934,0.057367414,3.1133964e-06,0.0110966,0,0.201898992061615,0.8149623,0.88056684,0.99998844,0.97629285,0,0.6616830825805664
TSBD_WSSV_2653717417,1,0,2,0.87149227,0.0040271054,0.09833968,0.06587244,1.0841649e-05,0.014731743,0,0.13641801476478577,0.08613345,0.054422416,2.425498e-06,0.009566072,0,0.201898992061615,0.81552684,0.87970513,0.99998677,0.97570217,0,0.6616830825805664
TSBD_WSSV_c98c109e0f,1,0,2,0.87271833,0.0041550025,0.07639647,0.055374213,5.148134e-06,0.01073036,0,0.13641801476478577,0.10485968,0.06242334,4.6956616e-06,0.012421638,0,0.201898992061615,0.8187438,0.8822025,0.9999902,0.976848,0,0.6616830825805664
TSBD_WSSV_3339e18081,1,0,2,0.8733859,0.0041105477,0.08194144,0.06244314,8.572853e-06,0.012848503,0,0.13641801476478577,0.09772935,0.055820104,2.6775353e-06,0.010295436,0,0.201898992061615,0.82032925,0.88173676,0.9999888,0.976856,0,0.6616830825805664
TSBD_WSSV_f675da990c,1,0,2,0.8734536,0.0040859357,0.08165668,0.064305775,9.749147e-06,0.013342131,0,0.13641801476478577,0.09748339,0.054755487,2.432181e-06,0.010003217,0,0.201898992061615,0.82085997,0.88093877,0.99998784,0.97665465,0,0.6616830825805664
TSBD_WSSV_e8d0267684,1,1,2,0.8746684,0.003768865,0.0887559,0.06674594,1.1539901e-05,0.014452932,0,0.13641801476478577,0.09105251,0.05350888,2.1889646e-06,0.009467749,0,0.201898992061615,0.8201916,0.8797452,0.9999863,0.97607934,1,0.6616830825805664
TSBD_WSSV_93ee9c6175,1,1,2,0.8746603,0.0038592536,0.08622369,0.065208614,1.0425483e-05,0.013868904,0,0.13641801476478577,0.09299674,0.05411094,2.2696106e-06,0.00965269,0,0.201898992061615,0.8207795,0.8806803,0.99998736,0.9764784,1,0.6616830825805664
TSBD_WSSV_56b93bffca,1,1,2,0.8743856,0.003787173,0.08982443,0.066441946,1.1327435e-05,0.014433369,0,0.13641801476478577,0.09055585,0.053730823,2.1807741e-06,0.009462321,0,0.201898992061615,0.8196197,0.8798272,0.9999865,0.97610426,1,0.6616830825805664
TSBD_WSSV_05e0a12846,1,0,2,0.8658821,0.0044109547,0.11109135,0.07208772,1.6062135e-05,0.017368875,0,0.13641801476478577,0.08021894,0.05108268,1.7256651e-06,0.008495649,0,0.201898992061615,0.8086897,0.87682956,0.99998224,0.97413546,0,0.6616830825805664
TSBD_WSSV_0bc0ac833f,1,0,2,0.8704288,0.0039363503,0.103998266,0.07156481,1.571011e-05,0.016812362,0,0.13641801476478577,0.08251172,0.051341686,1.763143e-06,0.008621218,0,0.201898992061615,0.81349,0.8770935,0.9999825,0.9745664,0,0.6616830825805664
TSBD_WSSV_026c64bd33,1,0,2,0.8673996,0.003256605,0.11108432,0.09182101,4.8645405e-05,0.024216887,0,0.13641801476478577,0.0807357,0.046277456,1.1580555e-06,0.0075342953,0,0.201898992061615,0.80818,0.8619016,0.9999502,0.9682488,0,0.6616830825805664
TSBD_WSSV_9f2b1f9f8f,1,0,2,0.68024075,0.014122328,0.21706384,0.31084943,0.028645998,0.19184992,0,0.13641801476478577,0.119430214,0.04136459,2.2589834e-06,0.009491855,0,0.201898992061615,0.6635059,0.647786,0.97135174,0.7986582,0,0.6616830825805664
TSBD_WSSV_38f10d750a,1,0,2,0.8537532,0.0035486552,0.13950293,0.10732471,9.7780474e-05,0.03261506,0,0.13641801476478577,0.07348756,0.04372308,8.996429e-07,0.0068117245,0,0.201898992061615,0.78700954,0.8489521,0.9999013,0.9605732,0,0.6616830825805664
TSBD_WSSV_76536085a9,1,0,2,0.86541,0.0036303522,0.11670928,0.08722091,3.7942034e-05,0.022922808,0,0.13641801476478577,0.078386545,0.04687194,1.217136e-06,0.007579504,0,0.201898992061615,0.8049042,0.86590713,0.9999609,0.9694977,0,0.6616830825805664
TSBD_WSSV_e36aec3084,1,0,0,0.6097583,0.008575565,0.48962408,0.61587006,0.8924988,0.66757244,0,0.13641801476478577,0.07028231,0.040937033,4.4922936e-06,0.00870957,0,0.201898992061615,0.4400936,0.34319288,0.10749671,0.32371798,0,0.6616830825805664
TSBD_WSSV_b632ff4665,1,0,2,0.84272134,0.006013642,0.09424424,0.12749323,0.00022747347,0.036172096,0,0.13641801476478577,0.0923606,0.042496677,9.2772524e-07,0.007289423,0,0.201898992061615,0.8133952,0.8300102,0.99977154,0.9565385,0,0.6616830825805664
TSBD_WSSV_f392420764,1,1,1,0.832454,0.0073864143,0.096342415,0.07405098,6.921479e-06,0.014429648,0,0.13641801476478577,0.77556443,0.86223364,0.99998975,0.9727194,1,0.201898992061615,0.12809314,0.063715436,3.3037459e-06,0.012850981,0,0.6616830825805664
TSBD_WSSV_08f57edf07,1,0,2,0.87084836,0.004298304,0.08217022,0.06286091,9.058047e-06,0.013059275,0,0.13641801476478577,0.10034968,0.056718387,2.938396e-06,0.010676264,0,0.201898992061615,0.8174801,0.8804207,0.99998796,0.9762645,0,0.6616830825805664
TSBD_WSSV_922a715bec,1,0,2,0.84691495,0.006822194,0.08675813,0.062706254,9.313475e-06,0.013498253,0,0.13641801476478577,0.11901535,0.060620766,4.1034573e-06,0.012604557,0,0.201898992061615,0.7942265,0.87667304,0.99998665,0.9738972,0,0.6616830825805664
TSBD_WSSV_aa0b3c4c15,1,1,2,0.8755702,0.0033043334,0.08789213,0.063692175,1.0166785e-05,0.013766939,0,0.13641801476478577,0.093664296,0.06013188,4.1912876e-06,0.011489391,0,0.201898992061615,0.8184436,0.876176,0.9999857,0.97474366,1,0.6616830825805664
TSBD_WSSV_daa4ba808b,1,1,2,0.87394756,0.003665409,0.092066824,0.06783877,1.2662996e-05,0.015038438,0,0.13641801476478577,0.08977642,0.054224145,2.381095e-06,0.009648131,0,0.201898992061615,0.8181568,0.8779371,0.999985,0.97531337,1,0.6616830825805664
TSBD_WSSV_311dd1baf7,1,1,2,0.8749449,0.0038342634,0.086677305,0.062474888,8.718024e-06,0.013149641,0,0.13641801476478577,0.092887715,0.056056224,2.7243361e-06,0.010167503,0,0.201898992061615,0.820435,0.8814689,0.99998856,0.9766828,1,0.6616830825805664
TSBD_WSSV_34ee093e2e,1,0,2,0.87217474,0.0036369865,0.0999372,0.07496577,1.8933784e-05,0.017567538,0,0.13641801476478577,0.08452058,0.050124094,1.6007322e-06,0.008433193,0,0.201898992061615,0.81554216,0.8749102,0.9999795,0.9739993,0,0.6616830825805664
TSBD_WSSV_cbb32ff38a,0,0,2,0.2749692,0.15582249,0.07293405,0.059662834,7.15919e-06,0.014797957,0,0.13641801476478577,0.53332114,0.060656294,4.378137e-06,0.027110318,0,0.201898992061615,0.3937448,0.8796809,0.99998844,0.95809174,0,0.6616830825805664
TSBD_WSSV_9291ca740d,1,1,2,0.8743385,0.0038301176,0.08984052,0.06478602,1.01347305e-05,0.013955519,0,0.13641801476478577,0.09068344,0.054619484,2.4186072e-06,0.009735445,0,0.201898992061615,0.819476,0.88059455,0.9999875,0.97630906,1,0.6616830825805664
TSBD_WSSV_73bc44153b,1,1,2,0.87503827,0.003740287,0.091934465,0.06550536,1.0610463e-05,0.014265826,0,0.13641801476478577,0.08811651,0.053876434,2.2345955e-06,0.009426429,0,0.201898992061615,0.81994903,0.8806182,0.9999871,0.9763077,1,0.6616830825805664
TSBD_WSSV_4491558e57,1,0,2,0.84281343,0.0039331857,0.15530582,0.1183381,0.00015372137,0.038952414,0,0.13641801476478577,0.072668076,0.04260245,8.3757425e-07,0.006647926,0,0.201898992061615,0.7720261,0.8390594,0.9998454,0.95439965,0,0.6616830825805664
TSBD_WSSV_1ee4a00587,1,0,2,0.87332654,0.0037225261,0.09697849,0.07005207,1.421458e-05,0.015904184,0,0.13641801476478577,0.08571575,0.05196554,1.8987633e-06,0.008902786,0,0.201898992061615,0.8173058,0.8779825,0.9999839,0.975193,0,0.6616830825805664
TSBD_WSSV_ecb905238d,1,0,2,0.8731309,0.0039503025,0.087211415,0.06618001,1.1047386e-05,0.014193732,0,0.13641801476478577,0.09383255,0.05419963,2.2900683e-06,0.009716472,0,0.201898992061615,0.818956,0.8796204,0.99998665,0.97608984,0,0.6616830825805664
TSBD_WSSV_ccd255a2df,1,0,2,0.86666673,0.004154448,0.11212949,0.07521014,1.9398107e-05,0.018448792,0,0.13641801476478577,0.07926138,0.049983174,1.575411e-06,0.008228313,0,0.201898992061615,0.8086091,0.8748066,0.999979,0.97332287,0,0.6616830825805664
TSBD_WSSV_584c5a10d0,1,0,2,0.87182105,0.0039490163,0.092761084,0.06827472,1.2745297e-05,0.01515055,0,0.13641801476478577,0.090777814,0.05340325,2.1691865e-06,0.009447589,0,0.201898992061615,0.8164611,0.87832195,0.9999851,0.97540194,0,0.6616830825805664
TSBD_WSSV_aa58f57ab0,1,0,2,0.86266035,0.004781842,0.11043799,0.07136196,1.5078289e-05,0.017059501,0,0.13641801476478577,0.08389873,0.05182325,1.8683191e-06,0.008836596,0,0.201898992061615,0.8056633,0.8768148,0.9999831,0.97410387,0,0.6616830825805664
TSBD_WSSV_4f3b6f89a8,1,1,2,0.87519705,0.0037350086,0.09034321,0.06560432,1.0666883e-05,0.014201865,0,0.13641801476478577,0.08928685,0.053843167,2.235465e-06,0.00946701,0,0.201898992061615,0.82036996,0.8805526,0.9999871,0.9763311,1,0.6616830825805664
TSBD_WSSV_279702ba92,1,0,2,0.854686,0.0048868526,0.09307868,0.11082013,0.000117300595,0.029560056,0,0.13641801476478577,0.0922515,0.044025272,9.640034e-07,0.0074454583,0,0.201898992061615,0.81466985,0.84515464,0.99988174,0.9629945,0,0.6616830825805664
TSBD_WSSV_9dc876dd17,1,0,2,0.86899644,0.0038623866,0.09942469,0.07777557,2.2514556e-05,0.018484656,0,0.13641801476478577,0.08793357,0.04982851,1.6036586e-06,0.008543937,0,0.201898992061615,0.81264174,0.872396,0.9999759,0.97297144,0,0.6616830825805664
TSBD_WSSV_0ce34b5766,1,0,2,0.8733022,0.0036955094,0.09359467,0.07207477,1.6074851e-05,0.016306587,0,0.13641801476478577,0.08835053,0.051292136,1.8032147e-06,0.0088531645,0,0.201898992061615,0.8180548,0.8766331,0.9999821,0.9748403,0,0.6616830825805664
TSBD_WSSV_6c3afb6716,1,0,2,0.8459212,0.004388463,0.14355925,0.107533574,9.7340795e-05,0.033046443,0,0.13641801476478577,0.07751673,0.04396006,9.584153e-07,0.0070678173,0,0.201898992061615,0.778924,0.8485064,0.99990165,0.9598857,0,0.6616830825805664
TSBD_WSSV_366db07a25,1,0,2,0.86288327,0.0034876745,0.102465115,0.1103366,0.000112898764,0.03025872,0,0.13641801476478577,0.083544776,0.043254834,8.856717e-07,0.0070101805,0,0.201898992061615,0.8139901,0.84640855,0.9998863,0.96273106,0,0.6616830825805664
TSBD_WSSV_b84a0005bf,1,0,2,0.8665497,0.0038487823,0.109882645,0.080943175,2.714819e-05,0.020271651,0,0.13641801476478577,0.08245459,0.04890935,1.4608488e-06,0.008146244,0,0.201898992061615,0.8076627,0.87014747,0.9999714,0.97158206,0,0.6616830825805664
TSBD_WSSV_6624c91a73,1,1,2,0.87394047,0.0037009344,0.093500726,0.06991228,1.4016884e-05,0.015638001,0,0.13641801476478577,0.08789916,0.05202288,1.8896465e-06,0.00897377,0,0.201898992061615,0.8186001,0.87806493,0.999984,0.9753882,1,0.6616830825805664
TSBD_WSSV_8a1517bc0e,1,0,2,0.8471126,0.0066923546,0.081121676,0.09626967,6.1657345e-05,0.023264987,0,0.13641801476478577,0.10754684,0.047123615,1.3521368e-06,0.008672779,0,0.201898992061615,0.8113315,0.8566067,0.99993706,0.9680623,0,0.6616830825805664
TSBD_WSSV_cada06cffd,1,0,2,0.8735726,0.0038196873,0.08733801,0.069828935,1.4468497e-05,0.015352013,0,0.13641801476478577,0.092812516,0.05246829,2.0292553e-06,0.009309508,0,0.201898992061615,0.8198495,0.87770283,0.99998355,0.97533846,0,0.6616830825805664
TSBD_WSSV_72abeff3dc,1,0,2,0.8717926,0.0038412279,0.097559586,0.07107661,1.5098332e-05,0.016248792,0,0.13641801476478577,0.08676043,0.051737465,1.8743671e-06,0.008906551,0,0.201898992061615,0.81567997,0.87718594,0.99998295,0.9748447,0,0.6616830825805664
TSBD_WSSV_71629aa3f2,1,0,2,0.871141,0.003780243,0.09298958,0.07812403,2.3013275e-05,0.018143598,0,0.13641801476478577,0.08986426,0.04928426,1.5170275e-06,0.008458544,0,0.201898992061615,0.8171461,0.87259173,0.99997544,0.9733979,0,0.6616830825805664
TSBD_WSSV_bd69e16b82,0,0,2,0.12280832,0.2320338,0.10862449,0.4662642,0.39121756,0.39242598,0,0.13641801476478577,0.6583661,0.054894257,2.5159154e-05,0.040851198,0,0.201898992061615,0.23300941,0.47884157,0.6087573,0.5667229,0,0.6616830825805664
TSBD_WSSV_6fd5eb945a,1,0,0,0.8300241,0.011391547,0.80121547,0.8963434,0.9999864,0.9764201,0,0.13641801476478577,0.13348797,0.05032893,5.416655e-06,0.012623541,0,0.201898992061615,0.06529661,0.05332766,8.186069e-06,0.010956389,0,0.6616830825805664
TSBD_WSSV_7ed3990ccb,1,0,1,0.8029532,0.009170577,0.08809127,0.110386595,5.077903e-05,0.02531906,0,0.13641801476478577,0.75875247,0.81969047,0.9999429,0.9581739,0,0.201898992061615,0.15315628,0.06992293,6.3476364e-06,0.016507078,0,0.6616830825805664
TSBD_WSSV_8b1c70a3bc,1,0,1,0.79604983,0.009706119,0.086154975,0.05804997,3.116524e-06,0.0108223865,0,0.13641801476478577,0.7284233,0.8409262,0.9999664,0.9605111,0,0.201898992061615,0.1854217,0.101023845,3.054845e-05,0.028666506,0,0.6616830825805664
TSBD_WSSV_f583f8e371,1,0,2,0.8701205,0.0040741283,0.08934031,0.073759995,1.7902736e-05,0.016578162,0,0.13641801476478577,0.09391814,0.05115624,1.8294257e-06,0.009067682,0,0.201898992061615,0.81674165,0.87508374,0.99998033,0.97435415,0,0.6616830825805664
TSBD_WSSV_493953f127,1,1,2,0.87414086,0.003774166,0.09005418,0.068261355,1.2679386e-05,0.014958965,0,0.13641801476478577,0.09041538,0.052781697,2.0256257e-06,0.009245726,0,0.201898992061615,0.8195304,0.878957,0.99998534,0.9757953,1,0.6616830825805664
TSBD_WSSV_1139b0bbb2,1,1,2,0.87410045,0.0037442637,0.09380155,0.06804919,1.2533951e-05,0.015120526,0,0.13641801476478577,0.08750375,0.052744932,2.017213e-06,0.009131592,0,0.201898992061615,0.8186947,0.8792059,0.99998546,0.9757479,1,0.6616830825805664
TSBD_WSSV_735499e204,0,0,2,0.4985331,0.05416461,0.47529575,0.18824777,0.0015658821,0.12774904,0,0.13641801476478577,0.067645974,0.04037485,9.593946e-07,0.007354854,0,0.201898992061615,0.45705825,0.7713774,0.9984332,0.8648961,0,0.6616830825805664
TSBD_WSSV_01066cc969,1,0,2,0.84842706,0.007369049,0.07279085,0.06554719,1.0876369e-05,0.013300265,0,0.13641801476478577,0.12220116,0.055317067,2.6865373e-06,0.011168343,0,0.201898992061615,0.80500793,0.8791358,0.9999864,0.9755314,0,0.6616830825805664
TSBD_WSSV_941d089361,1,0,2,0.80778015,0.0045067994,0.1693972,0.17731138,0.0011380295,0.07264003,0,0.13641801476478577,0.08990504,0.04307536,1.2921408e-06,0.007932062,0,0.201898992061615,0.7406977,0.77961326,0.9988607,0.91942793,0,0.6616830825805664
TSBD_WSSV_629e5c7c92,1,0,2,0.8652811,0.0044894675,0.10157665,0.07177604,1.5894366e-05,0.016768534,0,0.13641801476478577,0.08959983,0.051988717,1.9568188e-06,0.009129653,0,0.201898992061615,0.8088235,0.8762352,0.99998224,0.97410184,0,0.6616830825805664
TSBD_WSSV_cf01831715,1,0,2,0.85461783,0.005321932,0.09103484,0.096148364,6.0513255e-05,0.024115473,0,0.13641801476478577,0.099314466,0.04627964,1.1976631e-06,0.008164432,0,0.201898992061615,0.8096507,0.857572,0.99993825,0.9677201,0,0.6616830825805664
TSBD_WSSV_2c0f3e0b28,1,0,2,0.866454,0.0042047873,0.10752393,0.074780755,1.8934234e-05,0.018046562,0,0.13641801476478577,0.083643466,0.050418414,1.6417692e-06,0.00848773,0,0.201898992061615,0.8088326,0.87480086,0.9999794,0.97346574,0,0.6616830825805664
TSBD_WSSV_801c0b8b82,1,0,2,0.86383253,0.0037516197,0.10881669,0.091130055,4.724238e-05,0.023843443,0,0.13641801476478577,0.085328266,0.04660869,1.2255388e-06,0.007801344,0,0.201898992061615,0.8058551,0.8622613,0.9999516,0.9683552,0,0.6616830825805664
TSBD_WSSV_f2274525f7,1,1,2,0.87548333,0.0037424564,0.088938616,0.06450774,9.926897e-06,0.01381392,0,0.13641801476478577,0.09021801,0.054453168,2.3668022e-06,0.0096570095,0,0.201898992061615,0.8208434,0.88103914,0.9999877,0.97652906,1,0.6616830825805664
TSBD_WSSV_2e17c58aad,1,1,2,0.87555295,0.0037291432,0.08850506,0.06482303,1.0152791e-05,0.013882696,0,0.13641801476478577,0.09050476,0.054319438,2.3397697e-06,0.009634722,0,0.201898992061615,0.82099015,0.88085765,0.9999875,0.9764825,1,0.6616830825805664
TSBD_WSSV_bb9d07b1e5,1,1,2,0.8749402,0.0038949866,0.0853392,0.06225793,8.54493e-06,0.013001731,0,0.13641801476478577,0.093737364,0.05574178,2.6700334e-06,0.01013034,0,0.201898992061615,0.8209234,0.8820003,0.9999888,0.976868,1,0.6616830825805664
TSBD_WSSV_950d6de8a1,0,0,1,0.39353344,0.068810076,0.089363776,0.05725004,4.596609e-05,0.018469702,0,0.13641801476478577,0.14212021,0.4783401,0.65649587,0.38266984,0,0.201898992061615,0.76851606,0.46440986,0.34345812,0.5988605,0,0.6616830825805664
TSBD_WSSV_0b909fea6f,1,0,2,0.86291116,0.0047445693,0.111072026,0.071928,1.5927186e-05,0.017340606,0,0.13641801476478577,0.08307271,0.05135463,1.7843598e-06,0.008688376,0,0.201898992061615,0.8058553,0.8767174,0.99998224,0.973971,0,0.6616830825805664
TSBD_WSSV_50b41d3123,1,1,2,0.8751529,0.003799051,0.087263554,0.06435795,9.783589e-06,0.013668995,0,0.13641801476478577,0.091889635,0.0546072,2.378553e-06,0.009741874,0,0.201898992061615,0.8208468,0.8810349,0.99998784,0.9765891,1,0.6616830825805664
TSBD_WSSV_1d66e28720,1,1,2,0.8741157,0.004018382,0.0836034,0.06188478,8.299671e-06,0.012801154,0,0.13641801476478577,0.09587362,0.056002486,2.7189174e-06,0.0102710035,0,0.201898992061615,0.820523,0.88211274,0.9999889,0.9769278,1,0.6616830825805664
TSBD_WSSV_f9303a9060,1,0,2,0.8671577,0.0048692143,0.07995062,0.0660209,1.1089503e-05,0.013775366,0,0.13641801476478577,0.10331316,0.053920347,2.290754e-06,0.010034956,0,0.201898992061615,0.8167362,0.8800587,0.99998665,0.9761896,0,0.6616830825805664
TSBD_WSSV_ffd6ae5c1c,1,1,2,0.8741916,0.0038375645,0.09087837,0.065426566,1.0478161e-05,0.014169877,0,0.13641801476478577,0.08984419,0.054078188,2.2524248e-06,0.0095251165,0,0.201898992061615,0.81927735,0.8804953,0.99998724,0.97630495,1,0.6616830825805664
TSBD_WSSV_6a97515cc2,1,0,2,0.86385095,0.005321717,0.077790245,0.06549023,1.0777746e-05,0.013527949,0,0.13641801476478577,0.107469805,0.0544199,2.4034919e-06,0.010323641,0,0.201898992061615,0.81473994,0.88008994,0.9999869,0.9761484,0,0.6616830825805664
TSBD_WSSV_6a19d7effb,1,0,2,0.865931,0.0040235836,0.100525126,0.08169845,2.824378e-05,0.019883567,0,0.13641801476478577,0.08977335,0.049168583,1.4957924e-06,0.008449919,0,0.201898992061615,0.8097015,0.86913294,0.9999702,0.9716665,0,0.6616830825805664
TSBD_WSSV_9872bb742f,1,1,2,0.8736643,0.0038094977,0.09272974,0.06747939,1.2153179e-05,0.014912297,0,0.13641801476478577,0.08885512,0.05318365,2.0931898e-06,0.009284394,0,0.201898992061615,0.81841516,0.87933695,0.9999857,0.97580326,1,0.6616830825805664
TSBD_WSSV_e44f2c0a8a,1,0,2,0.8572899,0.005798782,0.0811069,0.07815375,2.285815e-05,0.017324254,0,0.13641801476478577,0.107101336,0.05024719,1.6637854e-06,0.009268221,0,0.201898992061615,0.8117918,0.87159914,0.99997544,0.97340757,0,0.6616830825805664
TSBD_WSSV_f1294af3d4,1,0,2,0.79289603,0.011985104,0.19015442,0.094690055,5.4679036e-05,0.031152312,0,0.13641801476478577,0.07255763,0.046025008,1.1212425e-06,0.007386318,0,0.201898992061615,0.7372879,0.8592849,0.9999442,0.9614613,0,0.6616830825805664
TSBD_WSSV_264790eb51,1,0,2,0.8686036,0.004417791,0.089311846,0.06838223,1.2739063e-05,0.014969937,0,0.13641801476478577,0.09585905,0.053045962,2.098141e-06,0.009542935,0,0.201898992061615,0.8148291,0.8785718,0.9999851,0.9754871,0,0.6616830825805664
TSBD_WSSV_11430ce0d0,1,0,2,0.86624676,0.0043308064,0.08998638,0.07951427,2.5161638e-05,0.018434294,0,0.13641801476478577,0.09584954,0.049839813,1.6309849e-06,0.008836338,0,0.201898992061615,0.8141641,0.8706459,0.9999732,0.9727293,0,0.6616830825805664
TSBD_WSSV_74c3607b95,1,0,2,0.84377366,0.007501394,0.12753238,0.0650693,1.0418555e-05,0.016052462,0,0.13641801476478577,0.07972271,0.054477625,2.4224453e-06,0.009390664,0,0.201898992061615,0.79274493,0.88045317,0.99998724,0.9745568,0,0.6616830825805664
TSBD_WSSV_2c43cd74d0,1,0,2,0.69562274,0.027681854,0.25663266,0.08901971,4.0627176e-05,0.03252803,0,0.13641801476478577,0.0658196,0.046726786,1.1825871e-06,0.0074518155,0,0.201898992061615,0.67754775,0.8642535,0.99995816,0.9600202,0,0.6616830825805664
TSBD_WSSV_59d2b7350f,1,0,2,0.8730369,0.0037838165,0.08902887,0.07297478,1.7186116e-05,0.016325297,0,0.13641801476478577,0.09157418,0.05107895,1.7711052e-06,0.008913335,0,0.201898992061615,0.81939703,0.8759463,0.99998105,0.9747613,0,0.6616830825805664
TSBD_WSSV_5e189248db,1,0,2,0.7871336,0.013767561,0.1921454,0.08597544,3.450041e-05,0.027258508,0,0.13641801476478577,0.067069866,0.046958297,1.196288e-06,0.007333653,0,0.201898992061615,0.7407847,0.8670662,0.99996436,0.96540785,0,0.6616830825805664
TSBD_WSSV_9f5ca0e80d,1,0,2,0.8649158,0.0036215922,0.1188704,0.08841327,4.0561095e-05,0.02353086,0,0.13641801476478577,0.0771189,0.046350826,1.1357981e-06,0.0073977485,0,0.201898992061615,0.8040106,0.86523587,0.9999583,0.96907145,0,0.6616830825805664
TSBD_WSSV_b626137b45,1,0,2,0.8372613,0.0074254437,0.14712621,0.07977066,2.4969364e-05,0.022142326,0,0.13641801476478577,0.071675345,0.048604425,1.3806268e-06,0.0077200383,0,0.201898992061615,0.78119844,0.87162495,0.99997365,0.9701377,0,0.6616830825805664
TSBD_WSSV_27c2a5d56f,1,1,2,0.8736548,0.003789153,0.091393895,0.0689229,1.3197751e-05,0.015227942,0,0.13641801476478577,0.08982382,0.052520197,2.014797e-06,0.009196802,0,0.201898992061615,0.81878227,0.8785569,0.99998474,0.97557527,1,0.6616830825805664
TSBD_WSSV_eee60542d7,1,0,2,0.62565964,0.03859757,0.31150725,0.100971565,7.406663e-05,0.042617876,0,0.13641801476478577,0.06782915,0.045053698,1.0476463e-06,0.007417903,0,0.201898992061615,0.62066364,0.85397476,0.9999249,0.9499642,0,0.6616830825805664
TSBD_WSSV_d9ea0715c2,1,0,2,0.8732294,0.0035972623,0.09425499,0.07457953,1.8674818e-05,0.017111713,0,0.13641801476478577,0.08784813,0.05055612,1.6555064e-06,0.008632715,0,0.201898992061615,0.8178969,0.87486434,0.9999796,0.97425556,0,0.6616830825805664
TSBD_WSSV_514bb3ccf8,1,0,2,0.8566654,0.0034918152,0.1187244,0.11137799,0.000115702554,0.032327265,0,0.13641801476478577,0.08317769,0.043814473,9.3933636e-07,0.007162196,0,0.201898992061615,0.79809797,0.8448075,0.9998833,0.9605105,0,0.6616830825805664
TSBD_WSSV_d3cfe64d62,1,0,2,0.86833274,0.003206377,0.10635704,0.093787044,5.268788e-05,0.02444893,0,0.13641801476478577,0.08231456,0.045743458,1.0747219e-06,0.0074286405,0,0.201898992061615,0.8113285,0.8604695,0.99994624,0.9681224,0,0.6616830825805664
TSBD_WSSV_f825fa69cd,1,0,2,0.8294414,0.009015011,0.14760366,0.07190254,1.6153763e-05,0.019395657,0,0.13641801476478577,0.07285864,0.051437244,1.8260613e-06,0.008425141,0,0.201898992061615,0.7795377,0.87666017,0.999982,0.97217923,0,0.6616830825805664
TSBD_WSSV_b899fa53da,1,0,2,0.8733863,0.0040032687,0.08403601,0.06608365,1.1017483e-05,0.013985807,0,0.13641801476478577,0.09569568,0.054000955,2.3280888e-06,0.009793974,0,0.201898992061615,0.8202683,0.87991536,0.99998665,0.97622025,0,0.6616830825805664
TSBD_WSSV_8b9052d96f,1,0,2,0.8723972,0.004231449,0.08039407,0.0640352,9.574735e-06,0.0132002,0,0.13641801476478577,0.099340424,0.055022713,2.4757512e-06,0.010130189,0,0.201898992061615,0.8202655,0.8809421,0.99998796,0.9766696,0,0.6616830825805664
TSBD_WSSV_376e37e18c,1,0,2,0.861892,0.0051589618,0.08065769,0.0812346,2.7442902e-05,0.018222263,0,0.13641801476478577,0.10270166,0.049504485,1.5725404e-06,0.008957144,0,0.201898992061615,0.8166407,0.86926097,0.99997103,0.97282064,0,0.6616830825805664
TSBD_WSSV_33b7d18fc1,1,0,2,0.8699124,0.0040875585,0.10415129,0.06955853,1.3764721e-05,0.016172307,0,0.13641801476478577,0.08249561,0.052110195,1.8819014e-06,0.008791514,0,0.201898992061615,0.81335306,0.87833124,0.9999844,0.9750362,0,0.6616830825805664
TSBD_WSSV_5ae365cdb5,1,0,2,0.85745335,0.0036795484,0.12649375,0.100253165,7.071893e-05,0.0285765,0,0.13641801476478577,0.07935326,0.045233972,1.0676365e-06,0.007334574,0,0.201898992061615,0.794153,0.85451293,0.99992824,0.9640889,0,0.6616830825805664
TSBD_WSSV_48983cce39,1,0,2,0.8204471,0.005774075,0.18365078,0.1261086,0.0002100571,0.04566252,0,0.13641801476478577,0.07107982,0.041968737,8.289008e-07,0.0065991497,0,0.201898992061615,0.74526936,0.83192265,0.9997892,0.94773835,0,0.6616830825805664
TSBD_WSSV_f41afb12de,1,0,2,0.868986,0.004043174,0.105499886,0.072542794,1.6552536e-05,0.017191509,0,0.13641801476478577,0.082691915,0.051038958,1.7273767e-06,0.008575918,0,0.201898992061615,0.81180817,0.87641823,0.99998176,0.9742326,0,0.6616830825805664
TSBD_WSSV_719214e8fc,1,0,2,0.8712719,0.004289205,0.079806425,0.06374394,9.462922e-06,0.0131176,0,0.13641801476478577,0.10135814,0.05616944,2.8002319e-06,0.010560951,0,0.201898992061615,0.8188354,0.8800866,0.99998784,0.97632146,0,0.6616830825805664
TSBD_WSSV_f9b891c236,1,0,2,0.87335885,0.0037037032,0.09313979,0.07205414,1.6184804e-05,0.016297031,0,0.13641801476478577,0.08858589,0.051233534,1.7908752e-06,0.008843684,0,0.201898992061615,0.8182743,0.8767123,0.999982,0.9748593,0,0.6616830825805664
TSBD_WSSV_60bf799ad0,1,0,2,0.8503887,0.006106796,0.13156934,0.07491468,1.8809962e-05,0.019459326,0,0.13641801476478577,0.074312456,0.050063003,1.5940827e-06,0.008112361,0,0.201898992061615,0.79411817,0.87502235,0.9999796,0.97242826,0,0.6616830825805664
TSBD_WSSV_3221471a09,1,0,2,0.8663851,0.0041193864,0.110753775,0.07666739,2.1103493e-05,0.018849557,0,0.13641801476478577,0.08105718,0.04953608,1.5139174e-06,0.008196757,0,0.201898992061615,0.80818903,0.8737966,0.99997735,0.9729537,0,0.6616830825805664
TSBD_WSSV_81c77d6283,1,0,2,0.78464055,0.005902878,0.24291353,0.17485397,0.0010488781,0.08155493,0,0.13641801476478577,0.06486791,0.03901188,7.217105e-07,0.006096981,0,0.201898992061615,0.6922186,0.78613424,0.9989504,0.91234803,0,0.6616830825805664
TSBD_WSSV_7ba0bac7cd,1,0,2,0.7701233,0.002277554,0.26625666,0.24455668,0.0065524806,0.1395343,0,0.13641801476478577,0.06332396,0.037694763,9.1381287e-07,0.006163405,0,0.201898992061615,0.67041934,0.7177486,0.9934465,0.8543023,0,0.6616830825805664
TSBD_WSSV_b8b164e72b,1,0,2,0.85568213,0.0025620884,0.13508236,0.12508607,0.00020772994,0.040125065,0,0.13641801476478577,0.07329209,0.041689236,7.930789e-07,0.0064879344,0,0.201898992061615,0.7916256,0.8332247,0.99979144,0.953387,0,0.6616830825805664
TSBD_WSSV_7942e3c67c,0,0,0,0.41896987,0.07664892,0.20903063,0.5863441,0.805243,0.50814545,0,0.13641801476478577,0.06947517,0.03690663,2.9951318e-06,0.008169227,0,0.201898992061615,0.7214942,0.3767493,0.19475397,0.48368528,0,0.6616830825805664
TSBD_WSSV_e572949946,1,0,2,0.8406832,0.0041337376,0.15848546,0.11847621,0.00015724411,0.039457645,0,0.13641801476478577,0.072156265,0.042561352,8.4523606e-07,0.0066456026,0,0.201898992061615,0.7693583,0.8389624,0.9998419,0.95389676,0,0.6616830825805664
TSBD_WSSV_a204c36610,1,0,0,0.8055171,0.011997743,0.7585419,0.87596554,0.99992776,0.96316606,0,0.13641801476478577,0.06319773,0.039083634,1.4857743e-06,0.0068018823,0,0.201898992061615,0.17826034,0.08495085,7.0790426e-05,0.03003204,0,0.6616830825805664
TSBD_WSSV_9c4b4f11b8,1,0,2,0.8423657,0.0035429895,0.12900537,0.14894474,0.00047973587,0.05055681,0,0.13641801476478577,0.078948304,0.0405905,7.7845306e-07,0.006563153,0,0.201898992061615,0.79204637,0.81046474,0.99951947,0.94288003,0,0.6616830825805664
TSBD_WSSV_687a703a75,1,0,2,0.8467169,0.0036861338,0.11777565,0.14385095,0.00041991484,0.04679494,0,0.13641801476478577,0.07956798,0.04166037,8.693094e-07,0.0067858635,0,0.201898992061615,0.8026564,0.8144887,0.99957925,0.9464192,0,0.6616830825805664
TSBD_WSSV_60273dd644,1,0,2,0.7624239,0.016601222,0.09123517,0.20102191,0.0022310193,0.06959825,0,0.13641801476478577,0.09328985,0.03979666,9.167103e-07,0.0071154237,0,0.201898992061615,0.8154749,0.75918144,0.99776804,0.9232864,0,0.6616830825805664
TSBD_WSSV_c29e86db5b,1,0,2,0.6807196,0.018668983,0.17096761,0.332083,0.040817745,0.19008206,0,0.13641801476478577,0.07101876,0.037708733,1.5986791e-06,0.006899573,0,0.201898992061615,0.75801367,0.6302083,0.9591806,0.8030184,0,0.6616830825805664
TSBD_WSSV_79fa511ed0,0,0,0,0.2531802,0.17468649,0.13470076,0.6961803,0.97444975,0.62588507,0,0.13641801476478577,0.07804418,0.036555704,1.8076003e-06,0.009801843,0,0.201898992061615,0.78725505,0.26726404,0.025548417,0.36431313,0,0.6616830825805664
TSBD_WSSV_58e35ef754,1,1,0,0.8712037,0.0053495276,0.822766,0.8944496,0.99998236,0.976183,1,0.13641801476478577,0.073824115,0.04514364,3.1419222e-06,0.008686859,0,0.201898992061615,0.10340984,0.060406826,1.449992e-05,0.01513019,0,0.6616830825805664
TSBD_WSSV_1ce4e5b49f,1,0,2,0.835376,0.00843158,0.1020451,0.062228493,8.4269905e-06,0.014001846,0,0.13641801476478577,0.11369045,0.05788952,3.2215273e-06,0.01161353,0,0.201898992061615,0.78426445,0.87988204,0.9999883,0.9743846,0,0.6616830825805664
TSBD_WSSV_ea57134108,1,0,2,0.8436503,0.0069007203,0.061117668,0.043832403,2.0649293e-06,0.007527894,0,0.13641801476478577,0.15027681,0.08203871,1.8552524e-05,0.021214249,0,0.201898992061615,0.7886055,0.87412894,0.9999794,0.9712579,0,0.6616830825805664
TSBD_WSSV_8b1af1900d,1,0,2,0.868537,0.0044441847,0.07180312,0.053330977,4.463197e-06,0.010055864,0,0.13641801476478577,0.114211544,0.066928156,6.476824e-06,0.014115426,0,0.201898992061615,0.8139854,0.87974083,0.99998915,0.9758287,0,0.6616830825805664
TSBD_WSSV_2f46cb1b79,1,0,2,0.8558416,0.0036239512,0.10892803,0.12495898,0.00020533381,0.036940366,0,0.13641801476478577,0.08183416,0.041991513,8.33155e-07,0.0068007954,0,0.201898992061615,0.8092378,0.83304954,0.9997938,0.9562589,0,0.6616830825805664
TSBD_WSSV_383e727d4a,1,0,2,0.8720944,0.0037822318,0.09950397,0.07147257,1.5483092e-05,0.016484877,0,0.13641801476478577,0.08485058,0.051428486,1.8002673e-06,0.0087427,0,0.201898992061615,0.8156455,0.877099,0.9999827,0.97477245,0,0.6616830825805664
TSBD_WSSV_b076b7af44,1,0,2,0.86915714,0.0037013479,0.0928364,0.088346675,4.083954e-05,0.021515248,0,0.13641801476478577,0.08939826,0.047015954,1.201377e-06,0.007896862,0,0.201898992061615,0.8177654,0.8646374,0.9999579,0.9705879,0,0.6616830825805664
TSBD_WSSV_6a65b3c303,1,1,2,0.87362814,0.0037745605,0.094391376,0.06842763,1.2848654e-05,0.015270864,0,0.13641801476478577,0.08749142,0.052638456,2.0109278e-06,0.009119379,0,0.201898992061615,0.8181172,0.87893397,0.9999851,0.9756097,1,0.6616830825805664
TSBD_WSSV_d552ad13be,1,0,1,0.66979843,0.028588071,0.0598567,0.04993833,1.8188239e-06,0.008302447,0,0.13641801476478577,0.6376558,0.834805,0.9999398,0.9490225,0,0.201898992061615,0.30248746,0.11525664,5.8353562e-05,0.042675044,0,0.6616830825805664
TSBD_WSSV_64069923e3,1,0,2,0.7287391,0.016607745,0.27683127,0.14166962,0.00036360262,0.06395464,0,0.13641801476478577,0.06330668,0.040479247,7.305738e-07,0.0062717884,0,0.201898992061615,0.65986204,0.8178511,0.9996357,0.92977357,0,0.6616830825805664
