sample_id,tri_consensus,selected,consensus_class,tri_score,source_ema_js,p_source_BG,p_ema_BG,p_proto_BG,q_consensus_BG,selected_BG,target_prior_BG,p_source_Healthy,p_ema_Healthy,p_proto_Healthy,q_consensus_Healthy,selected_Healthy,target_prior_Healthy,p_source_WSSV,p_ema_WSSV,p_proto_WSSV,q_consensus_WSSV,selected_WSSV,target_prior_WSSV
TSBD_BG_b9ded89290,1,1,0,0.8927895,0.0039268993,0.8496757,0.90595686,0.9999888,0.9803943,1,0.2544211149215698,0.08406625,0.046994213,4.541646e-06,0.009838865,0,0.34527119994163513,0.06625808,0.047048856,6.6227117e-06,0.009766806,0,0.40030771493911743
TSBD_BG_ec6804e1c1,1,1,0,0.8960249,0.0035481085,0.85204214,0.9064049,0.99998915,0.98058796,1,0.2544211149215698,0.079543635,0.047761153,4.9827227e-06,0.009892816,0,0.34527119994163513,0.06841423,0.045833893,5.870663e-06,0.0095192725,0,0.40030771493911743
TSBD_BG_e6c7f786d1,1,1,0,0.88296205,0.0051619094,0.8423926,0.90604985,0.9999889,0.9799807,1,0.2544211149215698,0.09832266,0.049981114,6.330089e-06,0.01144836,0,0.34527119994163513,0.059284758,0.043969106,4.814589e-06,0.008570934,0,0.40030771493911743
TSBD_BG_27046d49de,1,1,0,0.8898275,0.004185208,0.84582645,0.90571886,0.99998856,0.9800717,1,0.2544211149215698,0.07993192,0.046821743,4.48212e-06,0.00963859,0,0.34527119994163513,0.074241556,0.04745937,6.860119e-06,0.0102896625,0,0.40030771493911743
TSBD_BG_ef94f9e30a,1,0,0,0.48582718,0.07275103,0.55677575,0.88248307,0.9999219,0.9502536,0,0.2544211149215698,0.06862965,0.037654117,1.5283615e-06,0.0075863022,0,0.34527119994163513,0.3745946,0.07986283,7.656794e-05,0.042160075,0,0.40030771493911743
TSBD_BG_014cc1626a,1,0,0,0.5932293,0.044341184,0.5930142,0.85484546,0.99967253,0.9335917,0,0.2544211149215698,0.1160981,0.03717167,1.527262e-06,0.008837516,0,0.34527119994163513,0.29088777,0.10798289,0.0003259321,0.057570804,0,0.40030771493911743
TSBD_BG_ab942e7799,0,0,0,0.38081944,0.06144946,0.16351314,0.4834582,0.584396,0.38888627,0,0.2544211149215698,0.16839772,0.12808998,0.0025703358,0.07300855,0,0.34527119994163513,0.6680892,0.38845184,0.41303372,0.53810513,0,0.40030771493911743
TSBD_BG_92d3bac25d,1,1,0,0.8852796,0.0048582433,0.84399736,0.90594816,0.9999887,0.9800172,1,0.2544211149215698,0.0950519,0.049316194,5.932004e-06,0.011094061,0,0.34527119994163513,0.060950797,0.04473567,5.3080807e-06,0.008888802,0,0.40030771493911743
TSBD_BG_3179613a58,1,0,0,0.8751195,0.0052443454,0.8314527,0.89521927,0.9999697,0.9751587,0,0.2544211149215698,0.08906963,0.06756645,2.7755075e-05,0.017108794,0,0.34527119994163513,0.0794777,0.037214298,2.4448245e-06,0.007732526,0,0.40030771493911743
TSBD_BG_72fcb5ad43,1,1,1,0.85139,0.0046986714,0.10750409,0.07314843,5.7029656e-06,0.014283364,0,0.2544211149215698,0.78753734,0.8608565,0.9999902,0.97304326,1,0.34527119994163513,0.104958564,0.06599512,4.1226644e-06,0.012673351,0,0.40030771493911743
TSBD_BG_1adf4fa166,1,0,0,0.7158229,0.019169498,0.65664965,0.82062864,0.9987123,0.9146073,0,0.2544211149215698,0.10550998,0.0371784,1.7244781e-06,0.008433909,0,0.34527119994163513,0.23784043,0.14219299,0.0012860142,0.07695878,0,0.40030771493911743
TSBD_BG_19f57a7d83,1,1,1,0.8234127,0.008386394,0.1433555,0.07149583,5.10889e-06,0.015423528,0,0.2544211149215698,0.7663494,0.8615357,0.99999046,0.9722289,1,0.34527119994163513,0.09029511,0.066968404,4.3707864e-06,0.012347604,0,0.40030771493911743
TSBD_BG_b06b80d500,1,1,0,0.8831824,0.004556682,0.8374392,0.9011273,0.99997866,0.977122,1,0.2544211149215698,0.10634382,0.061838813,1.9021834e-05,0.01616332,0,0.34527119994163513,0.056217104,0.037034,2.276076e-06,0.0067146723,0,0.40030771493911743
TSBD_BG_5c745e387f,1,1,0,0.8886993,0.0044887783,0.84716445,0.9063388,0.99998915,0.9803905,1,0.2544211149215698,0.091362365,0.04824547,5.2050736e-06,0.01054241,0,0.34527119994163513,0.06147311,0.045415737,5.614121e-06,0.0090671275,0,0.40030771493911743
TSBD_BG_c333741c9b,0,0,1,0.28370002,0.1589368,0.69977856,0.17331569,0.00030398925,0.12525365,0,0.2544211149215698,0.2466739,0.78389424,0.99969506,0.86623937,0,0.34527119994163513,0.053547557,0.04279011,9.1842645e-07,0.008507025,0,0.40030771493911743
TSBD_BG_a3ac70c2de,1,1,0,0.87966466,0.0055582114,0.840076,0.90555686,0.9999888,0.97980183,1,0.2544211149215698,0.1008383,0.04957684,5.987773e-06,0.011392346,0,0.34527119994163513,0.05908563,0.04486634,5.2705577e-06,0.008805821,0,0.40030771493911743
TSBD_BG_6ff47981ea,0,0,0,0.23387511,0.18709031,0.28013933,0.86138886,0.9996606,0.89679545,0,0.2544211149215698,0.6265358,0.10809318,0.00033835112,0.09447484,0,0.34527119994163513,0.09332487,0.030517936,1.098373e-06,0.008729736,0,0.40030771493911743
TSBD_BG_64274bed67,1,0,1,0.7385546,0.020562395,0.21870163,0.08008956,8.161517e-06,0.021195557,0,0.2544211149215698,0.70812833,0.85830843,0.9999888,0.96830237,0,0.34527119994163513,0.073170036,0.061601996,2.9890355e-06,0.010502042,0,0.40030771493911743
TSBD_BG_7031e4d230,1,1,0,0.89424837,0.0036989003,0.8499194,0.90600324,0.9999889,0.98032403,1,0.2544211149215698,0.07951552,0.0495968,6.032861e-06,0.0104615735,0,0.34527119994163513,0.07056512,0.04439994,5.0559393e-06,0.009214442,0,0.40030771493911743
TSBD_BG_03136a4786,1,0,2,0.8068516,0.008797299,0.09899038,0.14663756,0.0003473819,0.043417506,0,0.2544211149215698,0.11833079,0.05286109,3.2827065e-06,0.011494169,0,0.34527119994163513,0.7826788,0.8005014,0.9996493,0.94508827,0,0.40030771493911743
TSBD_BG_daacfdf534,1,0,0,0.8191518,0.013028832,0.7903328,0.9025188,0.99998593,0.97609544,0,0.2544211149215698,0.07830717,0.04614463,4.3095547e-06,0.009635543,0,0.34527119994163513,0.13136002,0.05133651,9.76492e-06,0.014268959,0,0.40030771493911743
TSBD_BG_873a3617a3,1,0,2,0.47620997,0.062071867,0.11639651,0.4169301,0.1273,0.2339944,0,0.2544211149215698,0.09501644,0.0400298,3.6778938e-06,0.009387592,0,0.34527119994163513,0.78858703,0.5430401,0.8726964,0.75661796,0,0.40030771493911743
TSBD_BG_abfa756b67,1,1,0,0.88148695,0.004871257,0.8364725,0.90263826,0.999985,0.97845083,1,0.2544211149215698,0.07309771,0.043769628,3.2462324e-06,0.008528469,0,0.34527119994163513,0.09042979,0.05359215,1.17662785e-05,0.013020677,0,0.40030771493911743
TSBD_BG_897409ab6a,1,0,0,0.86015385,0.0039104074,0.80970144,0.85027474,0.99956185,0.95193267,0,0.2544211149215698,0.07330887,0.034107912,1.0158575e-06,0.0061148405,0,0.34527119994163513,0.11698972,0.11561735,0.00043710493,0.041952524,0,0.40030771493911743
TSBD_BG_029a32b87f,1,1,0,0.89389366,0.0037561334,0.8497602,0.90613157,0.99998915,0.9804143,1,0.2544211149215698,0.07349321,0.047649104,4.87614e-06,0.009579596,0,0.34527119994163513,0.07674663,0.04621925,6.019001e-06,0.010006145,0,0.40030771493911743
TSBD_BG_ad84846145,1,1,0,0.8801001,0.005217878,0.83868736,0.90224457,0.99998546,0.97850734,1,0.2544211149215698,0.07225264,0.05425391,9.756555e-06,0.011650953,0,0.34527119994163513,0.08905998,0.043501496,4.7833414e-06,0.009841731,0,0.40030771493911743
TSBD_BG_6250909f04,0,0,0,0.24009466,0.1800465,0.13352102,0.70440924,0.9464494,0.594111,0,0.2544211149215698,0.7604823,0.2642675,0.05354813,0.39557993,0,0.34527119994163513,0.10599668,0.031323325,2.455888e-06,0.010309063,0,0.40030771493911743
TSBD_Healthy_c7fd512124,1,1,1,0.80621845,0.011091514,0.08099336,0.07055529,4.7512895e-06,0.012411733,0,0.2544211149215698,0.75974584,0.86106074,0.99999034,0.97201425,1,0.34527119994163513,0.15926085,0.06838396,4.856181e-06,0.015574024,0,0.40030771493911743
TSBD_Healthy_1ab857c1ee,1,0,1,0.49179372,0.06959858,0.06820866,0.06523715,3.5616706e-06,0.01175347,0,0.2544211149215698,0.5575859,0.85815907,0.9999882,0.96113026,0,0.34527119994163513,0.37420538,0.07660371,8.247071e-06,0.027116248,0,0.40030771493911743
TSBD_Healthy_a4108c60ab,1,0,1,0.6166464,0.041939814,0.088617146,0.06917577,4.461785e-06,0.013293837,0,0.2544211149215698,0.63177913,0.8586822,0.9999894,0.96507174,0,0.34527119994163513,0.2796037,0.072142035,6.203963e-06,0.021634486,0,0.40030771493911743
TSBD_Healthy_603954b4fc,0,0,1,0.28397658,0.15204407,0.56579304,0.09715215,1.9439114e-05,0.048588913,0,0.2544211149215698,0.33491424,0.8469102,0.9999784,0.93814474,0,0.34527119994163513,0.099292755,0.055937678,2.14647e-06,0.013266348,0,0.40030771493911743
TSBD_Healthy_a7669a6337,1,0,1,0.34878203,0.1070082,0.23100212,0.086313054,1.148154e-05,0.028183568,0,0.2544211149215698,0.42406827,0.8505394,0.99998486,0.94942296,0,0.34527119994163513,0.3449296,0.06314752,3.641635e-06,0.022393461,0,0.40030771493911743
TSBD_Healthy_0969d7950f,0,0,1,0.13967979,0.26135325,0.23561926,0.08596488,1.3414257e-05,0.039931595,0,0.2544211149215698,0.15720175,0.8359489,0.9999763,0.9095447,0,0.34527119994163513,0.60717905,0.078086205,1.0302779e-05,0.05052373,0,0.40030771493911743
TSBD_Healthy_3535a7f645,1,0,1,0.67309046,0.03156545,0.09892923,0.07515092,6.225644e-06,0.01506677,0,0.2544211149215698,0.6676469,0.85872084,0.9999895,0.967104,0,0.34527119994163513,0.23342383,0.0661282,4.2883125e-06,0.017829183,0,0.40030771493911743
TSBD_Healthy_28874652ec,0,0,1,0.19686595,0.20094088,0.25342417,0.08096147,8.562138e-06,0.031776447,0,0.2544211149215698,0.245024,0.8463556,0.9999845,0.93140227,0,0.34527119994163513,0.50155187,0.07268296,6.9045523e-06,0.03682131,0,0.40030771493911743
TSBD_Healthy_c9a3ba4645,0,0,1,0.29934064,0.14953846,0.74664426,0.24349497,0.0018954623,0.21885596,0,0.2544211149215698,0.1903282,0.7162789,0.9981034,0.77188617,0,0.34527119994163513,0.063027546,0.04022611,1.11613e-06,0.009257894,0,0.40030771493911743
TSBD_Healthy_ec9cff4659,0,0,1,0.24255912,0.18448767,0.74133337,0.18369313,0.00042212,0.14944983,0,0.2544211149215698,0.1916803,0.77101487,0.9995765,0.8396633,0,0.34527119994163513,0.066986375,0.045291986,1.3573303e-06,0.0108868815,0,0.40030771493911743
TSBD_Healthy_d0dd7481d3,1,1,1,0.8117375,0.009550547,0.16223024,0.08044818,8.387353e-06,0.01885413,0,0.2544211149215698,0.7543665,0.8582707,0.99998856,0.9703686,1,0.34527119994163513,0.08340322,0.06128111,3.0249666e-06,0.010777253,0,0.40030771493911743
TSBD_Healthy_9b9c4b2008,0,0,1,0.28948236,0.15005969,0.060685024,0.059722647,2.517112e-06,0.011536418,0,0.2544211149215698,0.36849394,0.8546247,0.9999833,0.9464498,0,0.34527119994163513,0.57082105,0.08565262,1.4179721e-05,0.04201373,0,0.40030771493911743
TSBD_Healthy_6af33a64f0,0,0,1,0.1797053,0.23222399,0.060491685,0.05911952,2.3837529e-06,0.013161585,0,0.2544211149215698,0.23227267,0.8534889,0.99998295,0.93351316,0,0.34527119994163513,0.7072357,0.087391585,1.4611785e-05,0.053325262,0,0.40030771493911743
TSBD_Healthy_11508a2a47,1,0,0,0.7836858,0.018240798,0.7696133,0.900738,0.9999827,0.9740972,0,0.2544211149215698,0.17265485,0.05770788,1.3489521e-05,0.017799454,0,0.34527119994163513,0.05773188,0.041554086,3.7563896e-06,0.008103359,0,0.40030771493911743
TSBD_Healthy_9c80ffce77,0,0,1,0.18899213,0.22397093,0.061690297,0.058036912,2.3214511e-06,0.012932406,0,0.2544211149215698,0.23855603,0.85071063,0.999979,0.9307676,0,0.34527119994163513,0.6997537,0.0912525,1.8703055e-05,0.056299962,0,0.40030771493911743
TSBD_Healthy_fdc6d1fa33,1,0,1,0.5441895,0.058065478,0.065587394,0.06885418,4.2020633e-06,0.012012558,0,0.2544211149215698,0.5989542,0.85943216,0.99999,0.96487147,0,0.34527119994163513,0.3354584,0.07171369,5.8163887e-06,0.023115993,0,0.40030771493911743
TSBD_Healthy_8c646c1060,1,0,1,0.7895883,0.010858621,0.16661523,0.09483252,1.7412505e-05,0.024074137,0,0.2544211149215698,0.72415644,0.84468627,0.9999796,0.96405137,0,0.34527119994163513,0.10922838,0.060481183,2.928175e-06,0.011874458,0,0.40030771493911743
TSBD_Healthy_1b2ea804f3,0,0,1,0.28241333,0.15165593,0.54796493,0.0868301,1.1590873e-05,0.040832542,0,0.2544211149215698,0.34689695,0.8534452,0.9999857,0.94474816,0,0.34527119994163513,0.10513817,0.059724744,2.655834e-06,0.01441929,0,0.40030771493911743
TSBD_Healthy_181a36e89e,0,0,1,0.35420063,0.11023135,0.47374937,0.08899085,1.2774906e-05,0.037416346,0,0.2544211149215698,0.42732078,0.85047877,0.99998426,0.94897205,0,0.34527119994163513,0.09892985,0.060530413,3.0030653e-06,0.013611569,0,0.40030771493911743
TSBD_Healthy_b13db56cba,0,0,1,0.11306371,0.3074498,0.072058454,0.057502452,2.1704732e-06,0.016076077,0,0.2544211149215698,0.1352925,0.8538309,0.99998116,0.91597176,0,0.34527119994163513,0.79264903,0.08866674,1.6636528e-05,0.06795223,0,0.40030771493911743
TSBD_Healthy_e91e5f3d2c,1,0,1,0.6416815,0.035615828,0.2980362,0.095316775,1.6822734e-05,0.030569822,0,0.2544211149215698,0.6340185,0.8496103,0.9999813,0.960232,0,0.34527119994163513,0.06794531,0.055072863,1.89518e-06,0.009198165,0,0.40030771493911743
TSBD_Healthy_b9f53cb41a,1,0,0,0.57805717,0.027384054,0.78648925,0.6075036,0.69907814,0.71863246,0,0.2544211149215698,0.15964897,0.3614923,0.30091864,0.27507728,0,0.34527119994163513,0.053861797,0.03100413,3.1648647e-06,0.006290284,0,0.40030771493911743
TSBD_Healthy_eb22129a24,1,0,0,0.82773507,0.0066130282,0.7607647,0.85132486,0.99946684,0.9420798,0,0.2544211149215698,0.18841423,0.11807234,0.0005319553,0.052612014,0,0.34527119994163513,0.050821118,0.030602746,1.1493098e-06,0.005308216,0,0.40030771493911743
TSBD_Healthy_968a78b93d,1,1,1,0.80121386,0.01104673,0.15063396,0.07195153,5.089205e-06,0.0158649,0,0.2544211149215698,0.74568933,0.8602848,0.99999034,0.9708446,1,0.34527119994163513,0.1036767,0.067763664,4.6205178e-06,0.013290507,0,0.40030771493911743
TSBD_Healthy_c7a3a188a8,1,0,0,0.5927933,0.01247222,0.70938545,0.5933672,0.63509154,0.66513574,0,0.2544211149215698,0.23399393,0.37446204,0.36490488,0.32826883,0,0.34527119994163513,0.05662058,0.032170765,3.5812056e-06,0.006595431,0,0.40030771493911743
TSBD_Healthy_f55a2f1b43,1,0,1,0.5266558,0.0625212,0.062414046,0.069251776,4.585206e-06,0.012084605,0,0.2544211149215698,0.59234184,0.8611219,0.99999,0.9651541,0,0.34527119994163513,0.3452441,0.069626294,5.3818094e-06,0.022761239,0,0.40030771493911743
TSBD_Healthy_11a0ec4d06,1,0,0,0.8754107,0.005794841,0.833472,0.90382445,0.9999856,0.97857416,0,0.2544211149215698,0.08436546,0.05560491,1.0910154e-05,0.012737085,0,0.34527119994163513,0.082162574,0.04057063,3.4309767e-06,0.008688804,0,0.40030771493911743
TSBD_Healthy_dda7c6bbc5,1,0,1,0.6991972,0.025830377,0.21537729,0.08025882,8.6100035e-06,0.021709556,0,0.2544211149215698,0.6687348,0.85686046,0.99998796,0.9652861,0,0.34527119994163513,0.11588793,0.06288073,3.4015231e-06,0.013004378,0,0.40030771493911743
TSBD_Healthy_b83d452fe7,1,0,1,0.45240122,0.080787584,0.062040392,0.06811026,4.292696e-06,0.012160168,0,0.2544211149215698,0.5413138,0.86067396,0.99998975,0.96248895,0,0.34527119994163513,0.39664578,0.071215786,5.9484673e-06,0.025350893,0,0.40030771493911743
TSBD_Healthy_ec04a77054,1,1,1,0.84610015,0.00536255,0.107110776,0.07239168,5.3096196e-06,0.014021843,0,0.2544211149215698,0.782874,0.86130327,0.99999046,0.97297645,1,0.34527119994163513,0.11001525,0.06630505,4.231801e-06,0.013001705,0,0.40030771493911743
TSBD_Healthy_63480c13ab,1,1,1,0.8077615,0.010167249,0.15207736,0.07558307,6.3431116e-06,0.016969206,0,0.2544211149215698,0.7506177,0.8604916,0.99999,0.9709995,1,0.34527119994163513,0.097304985,0.06392532,3.6193046e-06,0.012031299,0,0.40030771493911743
TSBD_Healthy_a334fe0843,1,0,1,0.7435185,0.018396672,0.22266793,0.09307993,1.5347165e-05,0.026018461,0,0.2544211149215698,0.6982412,0.8504896,0.9999825,0.9641885,0,0.34527119994163513,0.079090856,0.05643048,2.1872888e-06,0.009793033,0,0.40030771493911743
TSBD_Healthy_af48f4f88b,1,0,1,0.5364272,0.054414477,0.3911647,0.11608027,4.300046e-05,0.046272453,0,0.2544211149215698,0.54927045,0.83445626,0.99995565,0.9456133,0,0.34527119994163513,0.059564874,0.049463455,1.3093183e-06,0.008114174,0,0.40030771493911743
TSBD_Healthy_58fc6d9018,1,0,0,0.85771155,0.0067570456,0.8147081,0.88660604,0.9999585,0.971425,0,0.2544211149215698,0.0879525,0.070970975,3.711406e-05,0.018597925,0,0.34527119994163513,0.09733939,0.042422898,4.3953714e-06,0.0099770855,0,0.40030771493911743
TSBD_Healthy_ed8a98aaef,0,0,1,0.11329336,0.29675314,0.6979553,0.15933977,0.0001987926,0.160283,0,0.2544211149215698,0.07090071,0.78784007,0.99979895,0.8126981,0,0.34527119994163513,0.231144,0.052820187,2.2445522e-06,0.027018836,0,0.40030771493911743
TSBD_Healthy_c1a36abd3d,0,0,1,0.33041006,0.09703005,0.48071894,0.40136284,0.05467675,0.38774708,0,0.2544211149215698,0.20891222,0.55269265,0.9453165,0.5915001,0,0.34527119994163513,0.31036878,0.045944534,6.7748756e-06,0.020752827,0,0.40030771493911743
TSBD_Healthy_ba89f16ead,1,1,1,0.84764755,0.005176043,0.11486537,0.07275952,5.5161463e-06,0.014503719,0,0.2544211149215698,0.78407556,0.8614906,0.99999046,0.9730226,1,0.34527119994163513,0.10105901,0.065749876,4.0787518e-06,0.0124737015,0,0.40030771493911743
TSBD_Healthy_ff7717e05f,1,1,0,0.89293414,0.0037566083,0.84819835,0.9048892,0.9999882,0.97989815,1,0.2544211149215698,0.083895236,0.051049724,6.9119105e-06,0.011106176,0,0.34527119994163513,0.06790633,0.04406107,4.8584498e-06,0.008995656,0,0.40030771493911743
TSBD_Healthy_9697828448,0,0,1,0.17605107,0.20235941,0.5184984,0.3347428,0.016077725,0.3791082,0,0.2544211149215698,0.07924183,0.6121857,0.9839131,0.58689374,0,0.34527119994163513,0.4022597,0.053071458,9.167802e-06,0.033998076,0,0.40030771493911743
TSBD_Healthy_0dc7202194,1,0,0,0.51543605,0.04851349,0.6944596,0.63539815,0.81886864,0.75582844,0,0.2544211149215698,0.13199995,0.33084884,0.18112667,0.23305795,0,0.34527119994163513,0.17354049,0.03375303,4.70383e-06,0.011113593,0,0.40030771493911743
TSBD_Healthy_aafafefd6f,1,1,0,0.88659644,0.0045861923,0.8434213,0.90567714,0.9999888,0.9799233,1,0.2544211149215698,0.07224488,0.04794271,5.0194785e-06,0.009626729,0,0.34527119994163513,0.08433394,0.04638015,6.2175527e-06,0.010449937,0,0.40030771493911743
TSBD_Healthy_3e37e6f481,1,0,1,0.5712516,0.049370456,0.14701183,0.09685278,1.9785222e-05,0.025448874,0,0.2544211149215698,0.5915247,0.8459507,0.9999778,0.9584522,0,0.34527119994163513,0.26146343,0.05719653,2.3935772e-06,0.016098905,0,0.40030771493911743
TSBD_Healthy_d5c6d15d07,1,0,0,0.82412845,0.011391477,0.79772085,0.8812549,0.9999478,0.96915305,0,0.2544211149215698,0.074071646,0.07354162,4.6264304e-05,0.0187422,0,0.34527119994163513,0.12820745,0.045203477,5.9501353e-06,0.012104745,0,0.40030771493911743
TSBD_Healthy_968206666f,1,0,1,0.6970203,0.027137384,0.21706858,0.06980132,4.5979227e-06,0.017964128,0,0.2544211149215698,0.67727834,0.86037076,0.9999901,0.96765924,0,0.34527119994163513,0.10565315,0.06982797,5.3174213e-06,0.014376682,0,0.40030771493911743
TSBD_Healthy_cacd4fa5f3,1,0,1,0.7126753,0.025069147,0.077361375,0.06630513,3.8617454e-06,0.011714979,0,0.2544211149215698,0.6951375,0.8597198,0.99998903,0.96803176,0,0.34527119994163513,0.22750114,0.073974974,7.059698e-06,0.020253254,0,0.40030771493911743
TSBD_Healthy_c00e285b89,1,0,1,0.70252997,0.027213147,0.07278897,0.06844145,4.328391e-06,0.011910022,0,0.2544211149215698,0.69433886,0.8605931,0.99998987,0.96881056,0,0.34527119994163513,0.23287213,0.070965424,5.794375e-06,0.019279428,0,0.40030771493911743
TSBD_Healthy_e318b96772,1,0,1,0.38209403,0.09962818,0.112374075,0.087164134,1.19831175e-05,0.021397581,0,0.2544211149215698,0.47984582,0.85265815,0.9999851,0.9571912,0,0.34527119994163513,0.4077801,0.060177676,2.9000362e-06,0.021411214,0,0.40030771493911743
TSBD_Healthy_f874d1c34c,0,0,1,0.20965028,0.20428708,0.067575276,0.07199071,5.3754006e-06,0.016404806,0,0.2544211149215698,0.29433706,0.85906374,0.9999895,0.94862616,0,0.34527119994163513,0.6380877,0.06894555,5.126192e-06,0.03496905,0,0.40030771493911743
TSBD_Healthy_a486752b98,0,0,1,0.33037654,0.122892655,0.06048552,0.07241775,5.5165156e-06,0.013857889,0,0.2544211149215698,0.44952688,0.8595656,0.9999896,0.95883715,0,0.34527119994163513,0.48998764,0.06801669,4.849777e-06,0.027304977,0,0.40030771493911743
TSBD_Healthy_79eca515b7,0,0,1,0.10017154,0.30834544,0.23180439,0.25244105,0.002439446,0.2031154,0,0.2544211149215698,0.08883419,0.7070462,0.9975593,0.7683557,0,0.34527119994163513,0.67936146,0.040512703,1.2461466e-06,0.028528912,0,0.40030771493911743
TSBD_Healthy_28f91e3b3c,0,0,1,0.12715997,0.2780562,0.14922851,0.17349365,0.00030658225,0.08594373,0,0.2544211149215698,0.16740215,0.78287923,0.99969244,0.8888559,0,0.34527119994163513,0.6833694,0.04362715,1.0352544e-06,0.02520046,0,0.40030771493911743
TSBD_Healthy_b4c784db60,1,0,0,0.5870603,0.023713533,0.7354251,0.6119078,0.7224316,0.71156305,0,0.2544211149215698,0.17896616,0.35518497,0.27756456,0.280546,0,0.34527119994163513,0.08560878,0.032907244,3.7500113e-06,0.007890889,0,0.40030771493911743
TSBD_Healthy_46afbf57c8,1,0,1,0.3281761,0.090923965,0.19717135,0.45448527,0.11984527,0.31291547,0,0.2544211149215698,0.48531452,0.5099124,0.8801517,0.6730019,0,0.34527119994163513,0.31751418,0.035602346,2.9606101e-06,0.014082585,0,0.40030771493911743
TSBD_Healthy_5238685a4f,1,0,1,0.46079597,0.078137785,0.06962463,0.069140986,4.4934714e-06,0.012852125,0,0.2544211149215698,0.542977,0.8598947,0.99998975,0.9622404,0,0.34527119994163513,0.38739842,0.07096429,5.7475713e-06,0.024907524,0,0.40030771493911743
TSBD_Healthy_115a1b2ce7,0,0,1,0.09096241,0.34065914,0.084431686,0.07508133,6.2887752e-06,0.025146443,0,0.2544211149215698,0.11695851,0.85740054,0.99998903,0.9252092,0,0.34527119994163513,0.79860973,0.06751811,4.6944024e-06,0.04964429,0,0.40030771493911743
TSBD_Healthy_2b0f2e29de,0,0,1,0.109416425,0.31112468,0.07366126,0.08131217,8.784968e-06,0.024378834,0,0.2544211149215698,0.15404727,0.8548033,0.9999875,0.93363875,0,0.34527119994163513,0.77229154,0.06388452,3.7477985e-06,0.041982464,0,0.40030771493911743
TSBD_Healthy_2cb9913a0d,0,0,1,0.25279486,0.17375302,0.0662317,0.061422568,2.847087e-06,0.012907215,0,0.2544211149215698,0.32148117,0.8522293,0.9999832,0.9420742,0,0.34527119994163513,0.6122871,0.08634817,1.3933521e-05,0.045018606,0,0.40030771493911743
TSBD_Healthy_f7b6201d8c,0,0,0,0.34233007,0.0670769,0.40083888,0.49969363,0.23389876,0.46442363,0,0.2544211149215698,0.31092083,0.46533412,0.7660973,0.5217121,0,0.34527119994163513,0.2882403,0.034972277,3.919854e-06,0.013864248,0,0.40030771493911743
TSBD_Healthy_1cb0a1deed,0,0,1,0.27429655,0.1468844,0.133964,0.16203293,0.00021363946,0.05822235,0,0.2544211149215698,0.37420803,0.79206836,0.99978524,0.923422,0,0.34527119994163513,0.49182796,0.045898736,1.1673397e-06,0.01835568,0,0.40030771493911743
TSBD_Healthy_e53d9705ff,0,0,1,0.13140745,0.2767337,0.13648252,0.10851195,3.1844855e-05,0.042567115,0,0.2544211149215698,0.1760061,0.8361289,0.999966,0.9250799,0,0.34527119994163513,0.6875114,0.055359114,2.1678588e-06,0.032352947,0,0.40030771493911743
TSBD_Healthy_fea6d00053,0,0,1,0.22110721,0.18698287,0.16751213,0.096496515,1.8737961e-05,0.032932516,0,0.2544211149215698,0.29568222,0.84744835,0.99997914,0.94204575,0,0.34527119994163513,0.5368057,0.05605513,2.0982066e-06,0.025021695,0,0.40030771493911743
TSBD_Healthy_f69458ce94,1,0,1,0.37903523,0.10086313,0.099907175,0.10016357,2.2113702e-05,0.024686329,0,0.2544211149215698,0.48566455,0.842944,0.9999757,0.95536894,0,0.34527119994163513,0.4144283,0.0568924,2.2542554e-06,0.019944735,0,0.40030771493911743
TSBD_Healthy_bb30558caa,1,0,1,0.5278178,0.06081441,0.08530454,0.14903858,0.00014340894,0.03786237,0,0.2544211149215698,0.61767256,0.8034963,0.9998553,0.94855714,0,0.34527119994163513,0.29702288,0.047465138,1.2589668e-06,0.013580505,0,0.40030771493911743
TSBD_Healthy_f8b382f850,1,0,1,0.65220386,0.03528912,0.09827682,0.071182385,4.998476e-06,0.014130056,0,0.2544211149215698,0.65322214,0.8602225,0.9999901,0.96670973,0,0.34527119994163513,0.24850109,0.06859508,4.9120736e-06,0.01916022,0,0.40030771493911743
TSBD_Healthy_4e764a8c1f,0,0,1,0.13943528,0.27245858,0.08295667,0.06259505,3.0091746e-06,0.017096072,0,0.2544211149215698,0.18335174,0.8593194,0.9999881,0.9325758,0,0.34527119994163513,0.7336916,0.07808559,8.918449e-06,0.050328076,0,0.40030771493911743
TSBD_Healthy_63950b8869,0,0,0,0.20083818,0.20459202,0.18450323,0.68649715,0.9873769,0.7290712,0,0.2544211149215698,0.10020887,0.19670716,0.01162416,0.13800445,0,0.34527119994163513,0.71528786,0.116795644,0.0009989613,0.13292433,0,0.40030771493911743
TSBD_Healthy_ea2ac521c5,1,0,1,0.667877,0.03406725,0.06498548,0.07272221,5.5393466e-06,0.012430015,0,0.2544211149215698,0.6836977,0.86125916,0.99999034,0.969518,0,0.34527119994163513,0.25131682,0.06601864,4.171265e-06,0.01805199,0,0.40030771493911743
TSBD_Healthy_1402c548f4,0,0,1,0.24489824,0.17785859,0.056228213,0.07014302,4.7825342e-06,0.014095354,0,0.2544211149215698,0.34588543,0.86139536,0.9999902,0.9537489,0,0.34527119994163513,0.5978864,0.06846167,4.984463e-06,0.03215578,0,0.40030771493911743
TSBD_Healthy_44b1d181ba,0,0,1,0.23374714,0.18600458,0.057282012,0.07025783,4.818917e-06,0.014432396,0,0.2544211149215698,0.33048576,0.86087936,0.9999901,0.9524805,0,0.34527119994163513,0.61223215,0.06886284,5.0533085e-06,0.033087086,0,0.40030771493911743
TSBD_Healthy_5031d03cd3,1,1,1,0.8486365,0.005093023,0.10545862,0.06886699,4.376209e-06,0.0131038865,0,0.2544211149215698,0.78519005,0.8618503,0.99999046,0.97315407,1,0.34527119994163513,0.10935136,0.06928264,5.1395405e-06,0.013742045,0,0.40030771493911743
TSBD_Healthy_584e036b15,1,0,1,0.75903666,0.017682424,0.19999711,0.0757495,6.613692e-06,0.019069629,0,0.2544211149215698,0.7241283,0.8601313,0.99998975,0.9697574,0,0.34527119994163513,0.07587454,0.06411913,3.623206e-06,0.011173037,0,0.40030771493911743
TSBD_Healthy_ceedc9841a,0,0,1,0.3337742,0.12871584,0.5941154,0.13201022,7.830695e-05,0.073304854,0,0.2544211149215698,0.34935936,0.82135993,0.9999206,0.91817,0,0.34527119994163513,0.056525268,0.046629917,1.0626014e-06,0.008525161,0,0.40030771493911743
TSBD_Healthy_539b7c9614,1,1,1,0.8312615,0.0072658323,0.09758354,0.0689582,4.4196804e-06,0.012858087,0,0.2544211149215698,0.7711856,0.861328,0.9999902,0.97226197,1,0.34527119994163513,0.13123085,0.06971382,5.3298504e-06,0.014879961,0,0.40030771493911743
TSBD_Healthy_9405a524b8,1,1,1,0.81969684,0.008280655,0.13367003,0.07186866,5.1316642e-06,0.015164856,0,0.2544211149215698,0.7578878,0.8575993,0.9999894,0.9706678,1,0.34527119994163513,0.108442195,0.07053202,5.493064e-06,0.014167327,0,0.40030771493911743
TSBD_Healthy_84b5bbabe5,1,1,1,0.847891,0.005134616,0.103153855,0.06765113,4.1038898e-06,0.012739857,0,0.2544211149215698,0.78425187,0.86132574,0.9999901,0.972894,1,0.34527119994163513,0.112594284,0.07102317,5.7541333e-06,0.014366085,0,0.40030771493911743
TSBD_Healthy_cd1699cbb8,0,0,1,0.28880984,0.1506778,0.5760715,0.09157881,1.4498716e-05,0.044152368,0,0.2544211149215698,0.3554833,0.8514074,0.9999833,0.944193,0,0.34527119994163513,0.06844519,0.057013765,2.2444308e-06,0.0116545595,0,0.40030771493911743
TSBD_Healthy_3971c8d6d2,0,0,1,0.14069843,0.27320665,0.8352543,0.1696136,0.000273452,0.16787522,0,0.2544211149215698,0.09929326,0.78742814,0.99972564,0.82018083,0,0.34527119994163513,0.06545238,0.042958252,9.4390606e-07,0.01194393,0,0.40030771493911743
TSBD_Healthy_062f8eb68b,1,0,1,0.7379081,0.020791516,0.21026947,0.074860595,6.2290255e-06,0.019209703,0,0.2544211149215698,0.70854783,0.8594785,0.99998975,0.9689134,0,0.34527119994163513,0.0811827,0.06566093,3.9973042e-06,0.011876945,0,0.40030771493911743
TSBD_Healthy_64c2fd2799,1,0,1,0.74235255,0.0209821,0.074505344,0.07669657,6.906159e-06,0.013704946,0,0.2544211149215698,0.7250641,0.8584343,0.9999893,0.97031814,0,0.34527119994163513,0.20043056,0.06486909,3.8358553e-06,0.015976885,0,0.40030771493911743
TSBD_Healthy_06ad797b28,1,0,1,0.51634806,0.06490795,0.06373399,0.071231306,5.0076947e-06,0.012598601,0,0.2544211149215698,0.5861735,0.8601794,0.9999901,0.96502,0,0.34527119994163513,0.35009256,0.06858934,4.89466e-06,0.022381391,0,0.40030771493911743
TSBD_Healthy_d37fadc7b5,0,0,1,0.32093933,0.12948354,0.061270047,0.066218965,3.7058742e-06,0.012540747,0,0.2544211149215698,0.42652622,0.86002356,0.9999895,0.9562604,0,0.34527119994163513,0.51220375,0.07375751,6.741793e-06,0.0311989,0,0.40030771493911743
TSBD_Healthy_23703b21e8,1,0,1,0.6700926,0.03180867,0.22669512,0.066191725,3.769197e-06,0.017248427,0,0.2544211149215698,0.6609267,0.86008686,0.9999894,0.96678543,0,0.34527119994163513,0.112378165,0.07372137,6.8635927e-06,0.015966116,0,0.40030771493911743
TSBD_Healthy_e761f95881,0,0,1,0.18740353,0.22137734,0.10369839,0.07233049,5.409002e-06,0.02000432,0,0.2544211149215698,0.25500166,0.85928154,0.99998975,0.943921,0,0.34527119994163513,0.6413,0.06838796,4.825298e-06,0.036074687,0,0.40030771493911743
TSBD_Healthy_049d7b0b8e,0,0,1,0.3011784,0.13874704,0.073240645,0.08233429,9.192702e-06,0.017902771,0,0.2544211149215698,0.41356748,0.8537656,0.99998724,0.9559813,0,0.34527119994163513,0.5131918,0.0639001,3.559382e-06,0.026115922,0,0.40030771493911743
TSBD_Healthy_d0a2ad85a2,1,0,1,0.58421266,0.04981305,0.06111604,0.067293234,3.981296e-06,0.0112996735,0,0.2544211149215698,0.62715894,0.8610139,0.99999,0.9663973,0,0.34527119994163513,0.311725,0.071692884,5.974484e-06,0.022303043,0,0.40030771493911743
TSBD_Healthy_427d279e02,1,0,1,0.5658599,0.05391383,0.06217478,0.072518244,5.396503e-06,0.012557529,0,0.2544211149215698,0.6197085,0.8594751,0.99999,0.9664628,0,0.34527119994163513,0.3181167,0.0680067,4.6628434e-06,0.020979691,0,0.40030771493911743
TSBD_Healthy_194fe9c226,1,0,1,0.7794474,0.014609609,0.09496817,0.08523992,1.0388222e-05,0.01686638,0,0.2544211149215698,0.7418204,0.85499716,0.999987,0.9699726,0,0.34527119994163513,0.16321146,0.05976286,2.5900458e-06,0.013161042,0,0.40030771493911743
TSBD_Healthy_7fd586cd0c,0,0,1,0.11040177,0.30412441,0.077491455,0.17099094,0.00029254792,0.06830773,0,0.2544211149215698,0.1674199,0.7809963,0.999706,0.90188825,0,0.34527119994163513,0.7550887,0.04801272,1.4998877e-06,0.029804042,0,0.40030771493911743
TSBD_Healthy_8a16be7271,1,1,1,0.83809274,0.0066705327,0.08952671,0.07159359,5.1536863e-06,0.013037005,0,0.2544211149215698,0.7806293,0.86173743,0.9999906,0.9730856,1,0.34527119994163513,0.12984404,0.066669,4.3135633e-06,0.013877402,0,0.40030771493911743
TSBD_Healthy_7497e074fb,1,0,1,0.61689496,0.043191426,0.06294441,0.06897844,4.4054304e-06,0.011665189,0,0.2544211149215698,0.6474638,0.86015856,0.99999,0.96721506,0,0.34527119994163513,0.2895918,0.070863016,5.580629e-06,0.021119753,0,0.40030771493911743
TSBD_Healthy_0008f80a75,0,0,1,0.112377554,0.3031827,0.12553528,0.10250795,2.4519955e-05,0.040469162,0,0.2544211149215698,0.14795674,0.8398876,0.99997306,0.9231149,0,0.34527119994163513,0.726508,0.057604365,2.450206e-06,0.036415894,0,0.40030771493911743
TSBD_Healthy_5ceaf1db7f,0,0,1,0.15484361,0.2557788,0.07394552,0.0630246,3.082759e-06,0.015983455,0,0.2544211149215698,0.20418462,0.8568267,0.99998677,0.9338835,0,0.34527119994163513,0.7218699,0.0801486,1.01071955e-05,0.050133016,0,0.40030771493911743
TSBD_Healthy_e4fa44cd99,0,0,1,0.13533796,0.27825338,0.07216185,0.059262637,2.4631258e-06,0.0155745605,0,0.2544211149215698,0.17008017,0.85430664,0.9999831,0.9245126,0,0.34527119994163513,0.757758,0.08643073,1.4491635e-05,0.059912752,0,0.40030771493911743
TSBD_Healthy_441bde1a65,1,1,1,0.82595,0.007947912,0.09067095,0.06803466,4.2189517e-06,0.012360159,0,0.2544211149215698,0.7678199,0.8602827,0.99998975,0.97178286,1,0.34527119994163513,0.14150919,0.071682654,5.9820027e-06,0.015857,0,0.40030771493911743
TSBD_Healthy_dbb2f8ca89,1,1,1,0.79867893,0.01241692,0.07587304,0.07062838,4.891973e-06,0.012215655,0,0.2544211149215698,0.75791866,0.8616885,0.99999034,0.9721281,1,0.34527119994163513,0.16620831,0.067683145,4.720285e-06,0.015656227,0,0.40030771493911743
TSBD_Healthy_9b317a63ad,1,1,1,0.82762825,0.008086482,0.08546925,0.07050634,4.8636157e-06,0.012628616,0,0.2544211149215698,0.7734778,0.8615899,0.99999046,0.9726778,1,0.34527119994163513,0.1410529,0.06790374,4.697033e-06,0.014693609,0,0.40030771493911743
TSBD_Healthy_d85abeff44,1,0,1,0.63925695,0.038613733,0.07679198,0.07522671,6.3088555e-06,0.013906104,0,0.2544211149215698,0.6584783,0.8587841,0.99998975,0.9676622,0,0.34527119994163513,0.2647297,0.06598926,3.9734505e-06,0.018431673,0,0.40030771493911743
TSBD_Healthy_32490efb09,1,0,1,0.7507834,0.018530352,0.10437643,0.08693929,1.16151305e-05,0.018170388,0,0.2544211149215698,0.71841556,0.85334975,0.9999858,0.9681414,0,0.34527119994163513,0.17720802,0.05971093,2.5987397e-06,0.013688228,0,0.40030771493911743
TSBD_Healthy_003e47f46b,1,0,1,0.3701384,0.10543023,0.061508283,0.069156796,4.4477642e-06,0.01274746,0,0.2544211149215698,0.48501226,0.8611906,0.9999902,0.9606167,0,0.34527119994163513,0.45347944,0.06965257,5.2848945e-06,0.026635874,0,0.40030771493911743
TSBD_Healthy_db7fb385bc,1,1,1,0.8189501,0.008773658,0.09743737,0.067507036,4.123343e-06,0.012607387,0,0.2544211149215698,0.760585,0.8606688,0.99998975,0.9713847,1,0.34527119994163513,0.14197765,0.07182418,6.125007e-06,0.016007895,0,0.40030771493911743
TSBD_Healthy_e07653b53b,1,0,1,0.7502503,0.018544935,0.0726976,0.061128583,2.8351392e-06,0.010295376,0,0.2544211149215698,0.71421623,0.85679,0.99998546,0.9669811,0,0.34527119994163513,0.21308622,0.082081415,1.16526935e-05,0.022723498,0,0.40030771493911743
TSBD_Healthy_372dafd03c,1,0,1,0.3880023,0.098863825,0.068504296,0.06773022,4.1000667e-06,0.012845116,0,0.2544211149215698,0.49075967,0.8597236,0.99998975,0.9596018,0,0.34527119994163513,0.440736,0.07254617,6.13793e-06,0.027553054,0,0.40030771493911743
TSBD_Healthy_8a4d12c896,0,0,1,0.13939852,0.2729498,0.08396844,0.06064035,2.9963117e-06,0.017389629,0,0.2544211149215698,0.16350906,0.8454304,0.99997485,0.91455907,0,0.34527119994163513,0.75252247,0.0939293,2.2132166e-05,0.068051286,0,0.40030771493911743
TSBD_Healthy_ddf26df6fc,0,0,1,0.18839537,0.20194568,0.44502616,0.075636916,6.9273756e-06,0.0359474,0,0.2544211149215698,0.2448675,0.85292083,0.99998677,0.93373203,0,0.34527119994163513,0.3101063,0.07144225,6.3270872e-06,0.030320602,0,0.40030771493911743
TSBD_Healthy_f43e3f4c5b,1,0,1,0.5362604,0.056851182,0.19671191,0.06670466,3.8919156e-06,0.017463235,0,0.2544211149215698,0.55928284,0.85961396,0.9999893,0.9604785,0,0.34527119994163513,0.24400525,0.07368135,6.8619624e-06,0.022058267,0,0.40030771493911743
TSBD_Healthy_b5fbb9ed8e,1,0,1,0.7920565,0.011443315,0.12169745,0.1066602,2.8429535e-05,0.024920799,0,0.2544211149215698,0.742568,0.84128,0.99996996,0.96457666,0,0.34527119994163513,0.1357346,0.052059762,1.5680253e-06,0.0105025945,0,0.40030771493911743
TSBD_Healthy_eb36a09ca4,1,0,1,0.5480164,0.04023704,0.18928197,0.36928877,0.026220046,0.20201568,0,0.2544211149215698,0.6352855,0.594903,0.97377837,0.7881109,0,0.34527119994163513,0.17543247,0.03580822,1.5918696e-06,0.009873422,0,0.40030771493911743
TSBD_Healthy_6b4a97bd93,0,0,1,0.1978287,0.21391955,0.06923546,0.07429248,5.8810883e-06,0.017384753,0,0.2544211149215698,0.2800309,0.8581251,0.9999896,0.94810367,0,0.34527119994163513,0.65073365,0.06758245,4.4469393e-06,0.03451163,0,0.40030771493911743
TSBD_Healthy_ba33e2e4e1,1,0,1,0.7237333,0.023371316,0.08309078,0.06974119,4.586777e-06,0.012677712,0,0.2544211149215698,0.7031563,0.86037695,0.9999901,0.96917635,0,0.34527119994163513,0.21375297,0.069881864,5.2493106e-06,0.018145937,0,0.40030771493911743
TSBD_Healthy_c2d1e8a97b,1,0,1,0.7576648,0.018099267,0.08339006,0.07197505,5.2294536e-06,0.013085486,0,0.2544211149215698,0.72632855,0.8600246,0.9999901,0.9702914,0,0.34527119994163513,0.19028136,0.06800043,4.6407868e-06,0.016623173,0,0.40030771493911743
TSBD_Healthy_acaf94d2e8,1,0,1,0.5819325,0.04907365,0.09868931,0.10561567,2.7788306e-05,0.024287673,0,0.2544211149215698,0.62540513,0.8408479,0.99997044,0.96098816,0,0.34527119994163513,0.27590558,0.053536486,1.736428e-06,0.014724182,0,0.40030771493911743
TSBD_Healthy_4c1057862a,0,0,1,0.177224,0.23374173,0.06406042,0.06328317,3.1990794e-06,0.014555179,0,0.2544211149215698,0.24136397,0.8592274,0.9999881,0.9406099,0,0.34527119994163513,0.6945756,0.07748943,8.682525e-06,0.04483494,0,0.40030771493911743
TSBD_Healthy_d28eee88b2,0,0,1,0.122245,0.29485947,0.067812145,0.060040932,2.602221e-06,0.01595197,0,0.2544211149215698,0.15644616,0.85723364,0.9999856,0.9255665,0,0.34527119994163513,0.77574164,0.08272543,1.17752315e-05,0.058481555,0,0.40030771493911743
TSBD_Healthy_9f799d79c9,1,0,1,0.69761133,0.027153023,0.09082969,0.065005966,3.528165e-06,0.012145596,0,0.2544211149215698,0.6792537,0.8603228,0.99998915,0.9671822,0,0.34527119994163513,0.22991659,0.07467127,7.262483e-06,0.020672167,0,0.40030771493911743
TSBD_Healthy_0797e50b91,1,0,1,0.5083902,0.06615428,0.062764116,0.064609826,3.448506e-06,0.011191342,0,0.2544211149215698,0.5734918,0.8603551,0.99998903,0.9629664,0,0.34527119994163513,0.3637441,0.07503509,7.469708e-06,0.025842281,0,0.40030771493911743
TSBD_Healthy_35d58d516e,0,0,1,0.2663378,0.16292971,0.080813006,0.063250385,3.1726706e-06,0.013996706,0,0.2544211149215698,0.34713018,0.8591203,0.9999881,0.9487234,0,0.34527119994163513,0.57205683,0.0776293,8.7313e-06,0.037279926,0,0.40030771493911743
TSBD_Healthy_3369d16a81,0,0,1,0.12839943,0.28741255,0.06864572,0.053875994,1.8197834e-06,0.014311942,0,0.2544211149215698,0.14769523,0.84724534,0.9999695,0.90914226,0,0.34527119994163513,0.7836591,0.098878644,2.8651213e-05,0.07654579,0,0.40030771493911743
TSBD_Healthy_f12cfc128f,1,1,1,0.82574695,0.007938769,0.100311965,0.081481576,9.06088e-06,0.016183924,0,0.2544211149215698,0.76986766,0.8572066,0.99998784,0.9712534,1,0.34527119994163513,0.12982039,0.06131188,3.0838469e-06,0.012562705,0,0.40030771493911743
TSBD_Healthy_8cb3c49027,1,0,0,0.71005785,0.02369731,0.67815757,0.84848225,0.99940157,0.93467134,0,0.2544211149215698,0.20557511,0.121146224,0.0005974059,0.058095023,0,0.34527119994163513,0.116267264,0.03037151,1.0899379e-06,0.0072336323,0,0.40030771493911743
TSBD_Healthy_0d4d34f349,1,0,0,0.866008,0.0026386664,0.80832237,0.8475696,0.9993668,0.9463128,0,0.2544211149215698,0.13376665,0.12258649,0.00063224474,0.04841213,0,0.34527119994163513,0.057910975,0.029843953,1.0095349e-06,0.005275116,0,0.40030771493911743
TSBD_Healthy_aac43b5b94,1,0,0,0.8318083,0.0105378665,0.7932425,0.89579695,0.9999658,0.9719614,0,0.2544211149215698,0.15096861,0.06917119,3.2412656e-05,0.021731276,0,0.34527119994163513,0.05578883,0.035031904,1.7615338e-06,0.006307307,0,0.40030771493911743
TSBD_Healthy_713f0a2197,1,0,0,0.8710828,0.0049846303,0.82052976,0.89002705,0.99994636,0.9711105,0,0.2544211149215698,0.11866373,0.0759133,5.209109e-05,0.022678584,0,0.34527119994163513,0.060806558,0.034059625,1.5695621e-06,0.006210907,0,0.40030771493911743
TSBD_Healthy_ac26bcc532,1,1,0,0.8882636,0.0042671748,0.84373593,0.9046672,0.999987,0.9794205,1,0.2544211149215698,0.09090122,0.054221153,9.382829e-06,0.012494534,0,0.34527119994163513,0.065362915,0.041111607,3.5338685e-06,0.00808496,0,0.40030771493911743
TSBD_Healthy_46f4698e93,0,0,1,0.13715796,0.272687,0.09656446,0.09366736,1.5986463e-05,0.030127177,0,0.2544211149215698,0.18895929,0.8437478,0.9999807,0.93288934,0,0.34527119994163513,0.71447635,0.06258486,3.3263268e-06,0.036983427,0,0.40030771493911743
TSBD_Healthy_ffc31af5e9,0,0,1,0.16070232,0.2420694,0.10823232,0.16117276,0.0002246638,0.06421203,0,0.2544211149215698,0.22374035,0.7869709,0.9997732,0.9069344,0,0.34527119994163513,0.6680273,0.051856264,2.1841756e-06,0.028853575,0,0.40030771493911743
TSBD_Healthy_ffc39b3360,1,0,1,0.44804955,0.082016066,0.061918497,0.0687173,4.420226e-06,0.012291261,0,0.2544211149215698,0.53900665,0.86053985,0.99998975,0.9624867,0,0.34527119994163513,0.39907482,0.07074285,5.7785583e-06,0.025222072,0,0.40030771493911743
TSBD_Healthy_13e3dd820d,0,0,1,0.13037747,0.25222033,0.15804332,0.4112058,0.0807363,0.34957463,0,0.2544211149215698,0.13200217,0.52687967,0.9192289,0.5968788,0,0.34527119994163513,0.7099545,0.061914537,3.478016e-05,0.053546544,0,0.40030771493911743
TSBD_Healthy_0e7dca224f,1,0,0,0.8607895,0.006334489,0.8179709,0.8851318,0.9999211,0.9692657,0,0.2544211149215698,0.10054231,0.08138196,7.73055e-05,0.023935346,0,0.34527119994163513,0.0814868,0.03348622,1.5228591e-06,0.0067989225,0,0.40030771493911743
TSBD_Healthy_e30ffbbca2,0,0,1,0.21792455,0.1961188,0.09144255,0.07469354,6.164514e-06,0.018938562,0,0.2544211149215698,0.29964188,0.8586817,0.9999895,0.94846725,0,0.34527119994163513,0.6089156,0.06662479,4.361193e-06,0.032594174,0,0.40030771493911743
TSBD_Healthy_33ee2c0488,0,0,0,0.39059344,0.07971527,0.8252442,0.5215215,0.3181004,0.65271175,0,0.2544211149215698,0.100699574,0.44472906,0.681896,0.3389054,0,0.34527119994163513,0.07405629,0.033749398,3.5765913e-06,0.008382863,0,0.40030771493911743
TSBD_Healthy_cf66e36f26,0,0,0,0.14819688,0.25232083,0.22777821,0.74307287,0.9868422,0.82392424,0,0.2544211149215698,0.08219035,0.20813109,0.013142457,0.13712561,0,0.34527119994163513,0.6900314,0.048796058,1.5343827e-05,0.038950074,0,0.40030771493911743
TSBD_Healthy_198c19a2fa,0,0,1,0.14882039,0.23321788,0.083963394,0.38483158,0.03628219,0.21504235,0,0.2544211149215698,0.28387845,0.57400817,0.96371424,0.7597681,0,0.34527119994163513,0.63215816,0.04116026,3.5740986e-06,0.025189498,0,0.40030771493911743
TSBD_Healthy_0f0af1a35d,1,0,1,0.5363468,0.059401248,0.075167336,0.06825859,4.2616375e-06,0.012646831,0,0.2544211149215698,0.58857656,0.8599856,0.9999896,0.96391034,0,0.34527119994163513,0.3362561,0.07175582,6.0572224e-06,0.02344285,0,0.40030771493911743
TSBD_Healthy_24a755565d,1,0,1,0.7204072,0.023955755,0.07773798,0.06729657,4.1055555e-06,0.011924647,0,0.2544211149215698,0.70156914,0.86048883,0.9999896,0.96875006,0,0.34527119994163513,0.2206929,0.07221459,6.30702e-06,0.019325234,0,0.40030771493911743
TSBD_Healthy_00488f3c0b,1,1,1,0.84341776,0.005674269,0.116435006,0.07029368,4.8761913e-06,0.014019483,0,0.2544211149215698,0.78025585,0.86135375,0.9999902,0.97272015,1,0.34527119994163513,0.10330916,0.06835255,4.8469224e-06,0.013260373,0,0.40030771493911743
TSBD_Healthy_7f10feedf0,1,1,0,0.88585925,0.0045536947,0.84316623,0.90310985,0.99998426,0.9788792,1,0.2544211149215698,0.07963616,0.057690457,1.2846413e-05,0.013068308,0,0.34527119994163513,0.077197604,0.039199717,2.8744978e-06,0.00805246,0,0.40030771493911743
TSBD_Healthy_083843a5b2,1,0,0,0.779107,0.0068016667,0.6896618,0.78999954,0.9945045,0.88102835,0,0.2544211149215698,0.25737864,0.18071674,0.005494179,0.113591015,0,0.34527119994163513,0.05295963,0.029283673,1.2510943e-06,0.005380641,0,0.40030771493911743
TSBD_Healthy_846b819a49,0,0,1,0.25101858,0.17406864,0.05651486,0.06656801,3.909789e-06,0.013223221,0,0.2544211149215698,0.34624898,0.8608289,0.9999896,0.9520895,0,0.34527119994163513,0.5972362,0.07260314,6.44978e-06,0.03468727,0,0.40030771493911743
TSBD_Healthy_ef882f9638,1,0,0,0.37801224,0.0979674,0.5251547,0.7427187,0.9825168,0.8552308,0,0.2544211149215698,0.11486422,0.22434664,0.01748078,0.13095875,0,0.34527119994163513,0.3599811,0.032934677,2.3153166e-06,0.01381045,0,0.40030771493911743
TSBD_Healthy_f510479194,1,0,1,0.73417276,0.021099746,0.08679657,0.06519005,3.6033603e-06,0.011894505,0,0.2544211149215698,0.7027075,0.8588063,0.99998844,0.9677661,0,0.34527119994163513,0.21049583,0.07600365,7.9140855e-06,0.020339409,0,0.40030771493911743
TSBD_Healthy_78ac2c01e9,1,0,1,0.5002453,0.057353098,0.3791608,0.14506675,0.0001326458,0.06548518,0,0.2544211149215698,0.48831442,0.8073655,0.9998661,0.92368793,0,0.34527119994163513,0.13252477,0.04756783,1.2676211e-06,0.010826881,0,0.40030771493911743
TSBD_Healthy_aa968b53a4,0,0,1,0.13021807,0.27624732,0.18307647,0.093153514,1.6657508e-05,0.03978974,0,0.2544211149215698,0.15826339,0.8410376,0.9999788,0.9190439,0,0.34527119994163513,0.6586601,0.06580894,4.59171e-06,0.041166365,0,0.40030771493911743
TSBD_Healthy_d6be26c310,0,0,1,0.17993815,0.23270857,0.078911245,0.04466291,1.4712829e-06,0.01276241,0,0.2544211149215698,0.12955315,0.77353,0.9993162,0.80358326,0,0.34527119994163513,0.7915356,0.18180709,0.0006822817,0.18365425,0,0.40030771493911743
TSBD_Healthy_8d0baa1858,0,0,0,0.3865571,0.07690189,0.15831575,0.51806724,0.30579638,0.3417137,0,0.2544211149215698,0.74770683,0.44908783,0.6942005,0.65001106,0,0.34527119994163513,0.09397738,0.032844927,3.1457214e-06,0.008275262,0,0.40030771493911743
TSBD_Healthy_9a86700e7b,1,0,1,0.34111515,0.114385486,0.08022419,0.1559359,0.00018144315,0.042783674,0,0.2544211149215698,0.48992154,0.7983538,0.99981743,0.9412688,0,0.34527119994163513,0.42985424,0.045710325,1.0943083e-06,0.015947552,0,0.40030771493911743
TSBD_Healthy_8de20870d1,0,0,1,0.14758843,0.26011813,0.09122829,0.10550737,2.8346076e-05,0.03381692,0,0.2544211149215698,0.21026811,0.83629435,0.9999691,0.9335605,0,0.34527119994163513,0.6985036,0.058198206,2.5626587e-06,0.03262266,0,0.40030771493911743
TSBD_Healthy_2125dc16c6,1,0,1,0.7332804,0.021497441,0.09951502,0.07707541,7.1689583e-06,0.015432353,0,0.2544211149215698,0.7060492,0.858429,0.99998915,0.9687821,0,0.34527119994163513,0.19443576,0.06449554,3.712346e-06,0.015785476,0,0.40030771493911743
TSBD_Healthy_f1a3293d1d,0,0,1,0.23906906,0.1842469,0.06197298,0.057292365,2.1674555e-06,0.011836647,0,0.2544211149215698,0.29738608,0.84979254,0.9999783,0.93643045,0,0.34527119994163513,0.6406409,0.09291507,1.9540821e-05,0.0517329,0,0.40030771493911743
TSBD_Healthy_db02ad0e48,0,0,1,0.24845405,0.1759293,0.06019341,0.06608744,3.847925e-06,0.013530112,0,0.2544211149215698,0.33761016,0.859226,0.99998856,0.9498457,0,0.34527119994163513,0.6021965,0.07468659,7.5457638e-06,0.03662423,0,0.40030771493911743
TSBD_Healthy_6e62793bdf,0,0,1,0.32226926,0.12731838,0.07191703,0.07186804,5.280287e-06,0.014739505,0,0.2544211149215698,0.4307623,0.8588122,0.9999896,0.9568761,0,0.34527119994163513,0.49732065,0.06931973,5.1434986e-06,0.028384376,0,0.40030771493911743
TSBD_Healthy_097e8db62c,0,0,1,0.24228728,0.1791161,0.06555639,0.073900364,6.005557e-06,0.016052807,0,0.2544211149215698,0.33869335,0.85844976,0.9999894,0.95221925,0,0.34527119994163513,0.5957503,0.06764992,4.645938e-06,0.0317279,0,0.40030771493911743
TSBD_Healthy_9a88507804,1,0,1,0.37292755,0.103395104,0.08359228,0.07504752,6.4518545e-06,0.015937729,0,0.2544211149215698,0.47827372,0.8575909,0.9999889,0.9587203,0,0.34527119994163513,0.43813404,0.067361504,4.6058785e-06,0.025341956,0,0.40030771493911743
TSBD_Healthy_d3268932b8,0,0,1,0.18011084,0.2317076,0.0631371,0.05947717,2.6494472e-06,0.013671625,0,0.2544211149215698,0.23184876,0.8531326,0.99998116,0.9319857,0,0.34527119994163513,0.7050142,0.08739021,1.62147e-05,0.054342676,0,0.40030771493911743
TSBD_Healthy_7ef69613b9,1,0,1,0.74307406,0.018450238,0.1330131,0.097778946,2.003479e-05,0.023438772,0,0.2544211149215698,0.70195246,0.8453859,0.9999777,0.9637956,0,0.34527119994163513,0.16503441,0.056835108,2.231261e-06,0.012765655,0,0.40030771493911743
TSBD_Healthy_ddc759b323,1,0,1,0.7556805,0.018468926,0.08105971,0.0703578,4.813365e-06,0.012614733,0,0.2544211149215698,0.72542125,0.86069185,0.9999902,0.9702934,0,0.34527119994163513,0.19351903,0.06895038,5.016332e-06,0.017091809,0,0.40030771493911743
TSBD_Healthy_cb4b1d8b67,1,0,1,0.39817166,0.09535206,0.06776048,0.065043785,3.5011744e-06,0.0121309925,0,0.2544211149215698,0.49469006,0.859212,0.9999887,0.9585836,0,0.34527119994163513,0.43754947,0.07574425,7.790679e-06,0.029285392,0,0.40030771493911743
TSBD_Healthy_886fdcfd30,1,1,0,0.8895789,0.0042227367,0.84570843,0.90576553,0.9999889,0.980119,1,0.2544211149215698,0.08254977,0.047855314,4.9944056e-06,0.01006031,0,0.34527119994163513,0.07174182,0.0463791,6.0730495e-06,0.00982069,0,0.40030771493911743
TSBD_Healthy_784f1bc940,0,0,1,0.21928653,0.1839808,0.12838806,0.2149729,0.0009812763,0.0936022,0,0.2544211149215698,0.3073891,0.7413937,0.9990175,0.88613343,0,0.34527119994163513,0.5642229,0.043633427,1.2652354e-06,0.020264328,0,0.40030771493911743
TSBD_Healthy_ba996de886,0,0,1,0.12529822,0.28999206,0.06897752,0.07256665,5.6112476e-06,0.019913455,0,0.2544211149215698,0.17169169,0.8555546,0.9999883,0.93352985,0,0.34527119994163513,0.75933075,0.0718788,6.0190137e-06,0.04655665,0,0.40030771493911743
TSBD_Healthy_619dcca295,1,0,1,0.56617236,0.050700568,0.15531223,0.07186353,5.293828e-06,0.017462872,0,0.2544211149215698,0.582866,0.8583442,0.9999894,0.9618485,0,0.34527119994163513,0.26182178,0.069792315,5.2908813e-06,0.020688642,0,0.40030771493911743
TSBD_Healthy_e5fac835da,0,0,1,0.20381203,0.21017048,0.062677525,0.064814,3.5677488e-06,0.014273003,0,0.2544211149215698,0.27736104,0.8584078,0.9999881,0.9441116,0,0.34527119994163513,0.6599614,0.07677825,8.343495e-06,0.041615453,0,0.40030771493911743
TSBD_Healthy_7b8508b66d,1,0,0,0.5142737,0.056477867,0.72329736,0.66127926,0.8799172,0.800504,0,0.2544211149215698,0.09839264,0.306254,0.12007942,0.18910739,0,0.34527119994163513,0.17831008,0.032466713,3.3096146e-06,0.0103885615,0,0.40030771493911743
TSBD_Healthy_1bf9b6920f,0,0,1,0.27987412,0.14527924,0.47692895,0.10696895,2.9921246e-05,0.05254502,0,0.2544211149215698,0.32374084,0.8400935,0.9999684,0.93158954,0,0.34527119994163513,0.19933015,0.052937627,1.6825877e-06,0.015865399,0,0.40030771493911743
TSBD_Healthy_c2dd44b1c5,0,0,1,0.28933233,0.14806922,0.6905787,0.27868557,0.004606582,0.2718088,0,0.2544211149215698,0.16085885,0.6809207,0.99539196,0.7150059,0,0.34527119994163513,0.14856249,0.040393706,1.4047197e-06,0.013185269,0,0.40030771493911743
TSBD_Healthy_6941b60386,1,0,1,0.74125135,0.019350367,0.10804367,0.06391808,3.348623e-06,0.012560008,0,0.2544211149215698,0.69924235,0.8577277,0.9999875,0.96683466,0,0.34527119994163513,0.19271395,0.078354165,9.141614e-06,0.02060528,0,0.40030771493911743
TSBD_Healthy_905510a905,1,0,1,0.70434314,0.026009906,0.10387987,0.08975237,1.3631595e-05,0.01924722,0,0.2544211149215698,0.69050145,0.85136247,0.99998367,0.9661837,0,0.34527119994163513,0.20561868,0.05888513,2.64712e-06,0.014569045,0,0.40030771493911743
TSBD_Healthy_9731a208b9,1,0,1,0.49507836,0.06968096,0.07648834,0.07585171,6.6920334e-06,0.014784303,0,0.2544211149215698,0.56916034,0.8590787,0.9999894,0.9640345,0,0.34527119994163513,0.35435134,0.06506954,3.898603e-06,0.021181192,0,0.40030771493911743
TSBD_Healthy_0dca3c0bc2,1,1,1,0.8240197,0.008204259,0.13645455,0.06909303,4.5114043e-06,0.014565249,0,0.2544211149215698,0.76564693,0.8610924,0.9999901,0.9719541,1,0.34527119994163513,0.09789851,0.06981461,5.3517515e-06,0.013480652,0,0.40030771493911743
TSBD_Healthy_12ac808983,0,0,0,0.30092928,0.10423604,0.6998697,0.52895856,0.40796277,0.6756855,0,0.2544211149215698,0.076824315,0.4250001,0.59202105,0.30443302,0,0.34527119994163513,0.22330602,0.046041336,1.6142363e-05,0.019881543,0,0.40030771493911743
TSBD_Healthy_511fba2ceb,1,0,1,0.5991501,0.042521756,0.1084335,0.20747659,0.0008107631,0.06588607,0,0.2544211149215698,0.67099184,0.7508993,0.99918824,0.92334455,0,0.34527119994163513,0.22057462,0.04162411,1.0135611e-06,0.01076939,0,0.40030771493911743
TSBD_Healthy_549679688a,0,0,1,0.2651582,0.16748968,0.061584808,0.054312363,2.0290634e-06,0.011228083,0,0.2544211149215698,0.30267018,0.8357018,0.999949,0.92275053,0,0.34527119994163513,0.635745,0.10998579,4.903866e-05,0.06602135,0,0.40030771493911743
TSBD_Healthy_708f7d8e32,0,0,1,0.1591021,0.25289583,0.06921283,0.05191115,1.7235171e-06,0.013216013,0,0.2544211149215698,0.17055716,0.8331714,0.9999393,0.89818233,0,0.34527119994163513,0.76023006,0.114917435,5.8920115e-05,0.08860169,0,0.40030771493911743
TSBD_Healthy_30a7ad7ba3,1,0,1,0.78024065,0.014576534,0.08657169,0.07127858,5.1342868e-06,0.013075815,0,0.2544211149215698,0.73911315,0.8601799,0.99999,0.9706722,0,0.34527119994163513,0.1743152,0.06854147,4.886576e-06,0.01625199,0,0.40030771493911743
TSBD_Healthy_dad4aa07c4,0,0,1,0.10164771,0.32203853,0.09923037,0.081138894,9.088458e-06,0.029306578,0,0.2544211149215698,0.11929435,0.8425122,0.99998283,0.91329914,0,0.34527119994163513,0.78147525,0.07634894,8.109495e-06,0.057394296,0,0.40030771493911743
TSBD_Healthy_8eff6e388b,0,0,1,0.31537127,0.13207674,0.0651016,0.069034606,4.463655e-06,0.013590874,0,0.2544211149215698,0.42303807,0.8600493,0.99998975,0.95662034,0,0.34527119994163513,0.5118603,0.070916064,5.7571774e-06,0.02978874,0,0.40030771493911743
TSBD_Healthy_fec7f36a5c,0,0,1,0.19638191,0.21177404,0.06746756,0.12190683,6.0226208e-05,0.033909503,0,0.2544211149215698,0.29670975,0.82307875,0.99993753,0.9391345,0,0.34527119994163513,0.63582265,0.055014357,2.2595912e-06,0.026956052,0,0.40030771493911743
TSBD_Healthy_1cf19a1878,1,0,1,0.472052,0.07500768,0.06610024,0.06706646,4.137764e-06,0.012194692,0,0.2544211149215698,0.5488673,0.8590444,0.9999887,0.96147704,0,0.34527119994163513,0.38503245,0.073889144,7.146483e-06,0.026328316,0,0.40030771493911743
TSBD_Healthy_0fbc0f2310,0,0,1,0.12859175,0.28474855,0.08891443,0.0756307,6.6887847e-06,0.023093883,0,0.2544211149215698,0.16770852,0.85060996,0.9999864,0.9286347,0,0.34527119994163513,0.7433771,0.0737594,6.8688246e-06,0.048271485,0,0.40030771493911743
TSBD_Healthy_24a6f36a78,1,0,1,0.6043559,0.04285262,0.13759284,0.06587526,3.7372854e-06,0.0148146,0,0.2544211149215698,0.60644156,0.8576452,0.99998796,0.96207464,0,0.34527119994163513,0.25596562,0.07647957,8.328223e-06,0.023110788,0,0.40030771493911743
TSBD_Healthy_7bca399e6d,1,0,1,0.56186837,0.05254448,0.12198357,0.08509843,1.1004351e-05,0.019967386,0,0.2544211149215698,0.5940508,0.85404694,0.99998605,0.96237016,0,0.34527119994163513,0.28396565,0.060854644,2.8885893e-06,0.017662438,0,0.40030771493911743
TSBD_Healthy_06733b9af0,0,0,1,0.24480408,0.17838115,0.06509086,0.069154546,4.5541037e-06,0.014852934,0,0.2544211149215698,0.32604098,0.85376245,0.99998724,0.94672996,0,0.34527119994163513,0.6088682,0.07708299,8.253687e-06,0.038417093,0,0.40030771493911743
TSBD_Healthy_2e5b036845,1,0,1,0.6501253,0.03703984,0.06888145,0.07281774,5.672134e-06,0.012837453,0,0.2544211149215698,0.66962576,0.8607707,0.99999,0.96856034,0,0.34527119994163513,0.2614928,0.06641153,4.3180635e-06,0.018602237,0,0.40030771493911743
TSBD_Healthy_363f51fde7,1,1,1,0.797831,0.012182642,0.08974743,0.07550965,6.4969345e-06,0.014163609,0,0.2544211149215698,0.7531138,0.8603863,0.99998987,0.97159594,1,0.34527119994163513,0.15713878,0.06410412,3.620402e-06,0.014240409,0,0.40030771493911743
TSBD_Healthy_c6ac85b839,1,0,1,0.48014644,0.07267917,0.08777513,0.07180902,5.3292683e-06,0.014598674,0,0.2544211149215698,0.550517,0.8602765,0.99998975,0.96244365,0,0.34527119994163513,0.36170787,0.06791447,4.875324e-06,0.022957696,0,0.40030771493911743
TSBD_Healthy_ddbacc20a2,0,0,1,0.27457413,0.15804972,0.073715955,0.06332465,3.2081512e-06,0.013469791,0,0.2544211149215698,0.35688257,0.85776466,0.99998736,0.948755,0,0.34527119994163513,0.5694015,0.07891067,9.477992e-06,0.037775178,0,0.40030771493911743
TSBD_Healthy_8643328d51,0,0,1,0.15683965,0.254605,0.0665215,0.057968494,2.4144742e-06,0.014232994,0,0.2544211149215698,0.19589558,0.8512104,0.99997854,0.9246597,0,0.34527119994163513,0.7375829,0.09082106,1.9036259e-05,0.061107237,0,0.40030771493911743
TSBD_Healthy_006fc27c69,0,0,1,0.12278223,0.29321975,0.07010783,0.071063064,5.2320593e-06,0.019582458,0,0.2544211149215698,0.17133854,0.8596053,0.9999895,0.93574536,0,0.34527119994163513,0.75855356,0.069331676,5.2934556e-06,0.04467217,0,0.40030771493911743
TSBD_Healthy_33406626c7,0,0,1,0.10420142,0.3184355,0.08986186,0.07763867,7.281795e-06,0.02536897,0,0.2544211149215698,0.14020255,0.8571695,0.9999888,0.93070537,0,0.34527119994163513,0.76993555,0.06519178,3.913083e-06,0.043925647,0,0.40030771493911743
TSBD_Healthy_b06da16348,0,0,1,0.12951323,0.28171173,0.12968343,0.08192763,1.3457697e-05,0.033855345,0,0.2544211149215698,0.121813156,0.81225365,0.99994004,0.87625194,0,0.34527119994163513,0.7485034,0.10581875,4.6464113e-05,0.08989272,0,0.40030771493911743
TSBD_Healthy_06f251fee4,0,0,1,0.11796679,0.29889768,0.07621581,0.0816111,8.854927e-06,0.024271525,0,0.2544211149215698,0.16323836,0.8518277,0.9999869,0.93282926,0,0.34527119994163513,0.76054585,0.06656124,4.312626e-06,0.042899188,0,0.40030771493911743
TSBD_Healthy_4ac4f94767,0,0,1,0.11616719,0.30183953,0.09602079,0.061231118,3.4387224e-06,0.020645183,0,0.2544211149215698,0.11878567,0.83567137,0.99996126,0.8925944,0,0.34527119994163513,0.7851935,0.10309752,3.5295692e-05,0.086760476,0,0.40030771493911743
TSBD_Healthy_e7cd92f08f,0,0,1,0.21457694,0.20387533,0.07631723,0.04594318,2.0280447e-06,0.012890213,0,0.2544211149215698,0.14044002,0.74538475,0.9984144,0.7690996,0,0.34527119994163513,0.78324276,0.20867206,0.0015835552,0.21801011,0,0.40030771493911743
TSBD_Healthy_1597a65755,0,0,1,0.29275388,0.1473029,0.06292582,0.064406045,3.506577e-06,0.012833497,0,0.2544211149215698,0.37818846,0.8543736,0.9999857,0.94885415,0,0.34527119994163513,0.5588857,0.081220396,1.0797495e-05,0.0383123,0,0.40030771493911743
TSBD_Healthy_a8ea0e137d,0,0,1,0.17439792,0.23669353,0.064202964,0.062886804,3.2373016e-06,0.014763019,0,0.2544211149215698,0.22949915,0.85415477,0.99998426,0.93455744,0,0.34527119994163513,0.70629793,0.08295841,1.245332e-05,0.05067952,0,0.40030771493911743
TSBD_Healthy_fafc24f635,0,0,1,0.25967523,0.16706643,0.09093088,0.06707548,4.2624993e-06,0.016169569,0,0.2544211149215698,0.32777002,0.85117584,0.9999839,0.94236577,0,0.34527119994163513,0.58129907,0.08174862,1.1784143e-05,0.041464698,0,0.40030771493911743
TSBD_Healthy_7c877797f5,0,0,1,0.2065718,0.20350769,0.100136794,0.09366037,1.6414677e-05,0.026667636,0,0.2544211149215698,0.29117295,0.8481456,0.99998116,0.9457866,0,0.34527119994163513,0.60869026,0.05819402,2.393051e-06,0.027545743,0,0.40030771493911743
TSBD_Healthy_d249c82c7a,0,0,1,0.21581589,0.19829857,0.08160464,0.07508598,6.325312e-06,0.018331606,0,0.2544211149215698,0.30054143,0.8585559,0.9999894,0.94916964,0,0.34527119994163513,0.6178539,0.06635809,4.23266e-06,0.032498803,0,0.40030771493911743
TSBD_Healthy_1dafd9bcec,0,0,1,0.2622992,0.1668397,0.060366806,0.06318583,3.170685e-06,0.012626852,0,0.2544211149215698,0.34821022,0.85832024,0.9999876,0.94905573,0,0.34527119994163513,0.59142303,0.07849394,9.230973e-06,0.038317412,0,0.40030771493911743
TSBD_Healthy_727f8ba7d1,0,0,1,0.10889307,0.31190068,0.082700066,0.07500174,6.483078e-06,0.023414385,0,0.2544211149215698,0.1448885,0.8556417,0.9999882,0.9292007,0,0.34527119994163513,0.77241147,0.069356486,5.2593123e-06,0.04738483,0,0.40030771493911743
TSBD_Healthy_578fae46e9,1,0,1,0.6736222,0.03175365,0.08756052,0.12223498,5.496399e-05,0.027622458,0,0.2544211149215698,0.69723374,0.827378,0.9999436,0.96016335,0,0.34527119994163513,0.21520573,0.050387096,1.4145357e-06,0.012214234,0,0.40030771493911743
TSBD_Healthy_d1980c5cf7,0,0,1,0.13770364,0.2751451,0.059767116,0.068535544,4.383536e-06,0.016857004,0,0.2544211149215698,0.19524668,0.86014676,0.99998975,0.9391881,0,0.34527119994163513,0.7449862,0.07131768,5.842839e-06,0.043954864,0,0.40030771493911743
TSBD_Healthy_5f95d3f8a2,1,0,1,0.47771746,0.07359286,0.07277406,0.07231107,5.4757456e-06,0.01377727,0,0.2544211149215698,0.5537683,0.85784596,0.9999893,0.9623623,0,0.34527119994163513,0.37345764,0.06984299,5.272189e-06,0.023860434,0,0.40030771493911743
TSBD_Healthy_ef7cbd4127,1,0,1,0.43024448,0.082647964,0.36319664,0.082652636,9.625301e-06,0.029885504,0,0.2544211149215698,0.48647717,0.85498834,0.9999871,0.9545868,0,0.34527119994163513,0.15032619,0.062359,3.2164737e-06,0.015527634,0,0.40030771493911743
TSBD_Healthy_63b700da46,1,0,1,0.7110656,0.025123084,0.084496535,0.067648605,4.129425e-06,0.012379912,0,0.2544211149215698,0.6915058,0.8593185,0.9999894,0.9678914,0,0.34527119994163513,0.22399767,0.07303287,6.486314e-06,0.019728668,0,0.40030771493911743
TSBD_Healthy_076f98de26,0,0,1,0.26465228,0.16872561,0.082586214,0.047538795,2.8771642e-06,0.013417069,0,0.2544211149215698,0.17204072,0.72830534,0.99740535,0.7595593,0,0.34527119994163513,0.7453731,0.22415587,0.0025917136,0.22702362,0,0.40030771493911743
TSBD_Healthy_e3f6aa3d79,0,0,1,0.101737835,0.32352006,0.08144716,0.06526734,3.7615935e-06,0.02063112,0,0.2544211149215698,0.12073999,0.8523395,0.99998415,0.9150628,0,0.34527119994163513,0.7978129,0.082393125,1.2079128e-05,0.06430609,0,0.40030771493911743
TSBD_Healthy_da00d5de9a,0,0,1,0.2735297,0.15754142,0.07615155,0.07309793,5.987167e-06,0.016391987,0,0.2544211149215698,0.36492506,0.85517305,0.9999877,0.9506857,0,0.34527119994163513,0.5589234,0.071729064,6.238245e-06,0.03292236,0,0.40030771493911743
TSBD_Healthy_1fc6860580,1,0,2,0.6151407,0.031724446,0.081216715,0.04714843,1.1728725e-05,0.011775301,0,0.2544211149215698,0.13185215,0.34098616,0.08821766,0.20256245,0,0.34527119994163513,0.78693116,0.6118654,0.91177064,0.78566223,0,0.40030771493911743
TSBD_Healthy_93437b01b9,0,0,1,0.17799875,0.23371154,0.06332906,0.05934671,2.664462e-06,0.013769757,0,0.2544211149215698,0.22756693,0.85220045,0.9999809,0.9309903,0,0.34527119994163513,0.70910406,0.08845284,1.64569e-05,0.055239946,0,0.40030771493911743
TSBD_Healthy_d7b2fef984,0,0,1,0.14499627,0.26678523,0.060312945,0.06716515,4.074526e-06,0.016276048,0,0.2544211149215698,0.20356576,0.8597906,0.9999894,0.9390695,0,0.34527119994163513,0.73612136,0.07304424,6.579887e-06,0.044654462,0,0.40030771493911743
TSBD_Healthy_6499b6d7a1,0,0,1,0.120637275,0.29647213,0.07157756,0.06508964,3.5698254e-06,0.017914474,0,0.2544211149215698,0.15934804,0.85823333,0.9999882,0.92974764,0,0.34527119994163513,0.7690744,0.076676965,8.241849e-06,0.052337803,0,0.40030771493911743
TSBD_Healthy_b2c3637e41,1,0,1,0.5041204,0.06686565,0.09349319,0.08280892,9.831162e-06,0.017816912,0,0.2544211149215698,0.5701814,0.8558213,0.9999871,0.9628964,0,0.34527119994163513,0.3363254,0.061369814,3.0517008e-06,0.019286677,0,0.40030771493911743
TSBD_Healthy_ca0105e4b8,0,0,1,0.2375691,0.18653408,0.06251027,0.053038478,1.9017667e-06,0.011456539,0,0.2544211149215698,0.2662229,0.8331322,0.9999422,0.91564095,0,0.34527119994163513,0.6712668,0.11382934,5.5874e-05,0.07290254,0,0.40030771493911743
TSBD_Healthy_efb3b53d28,1,0,1,0.77981704,0.014110461,0.10865118,0.075857,6.701095e-06,0.015404487,0,0.2544211149215698,0.7321935,0.8588529,0.9999894,0.96981645,0,0.34527119994163513,0.15915532,0.065290056,3.9138395e-06,0.014779071,0,0.40030771493911743
TSBD_Healthy_b6298539e0,0,0,1,0.16737796,0.24299711,0.06276774,0.069100626,4.744533e-06,0.016554901,0,0.2544211149215698,0.22978522,0.8551701,0.99998736,0.9388548,0,0.34527119994163513,0.70744705,0.07572923,7.894523e-06,0.044590242,0,0.40030771493911743
TSBD_Healthy_32b15941da,1,1,1,0.8351336,0.0069934595,0.09196925,0.071581244,5.1454354e-06,0.013171576,0,0.2544211149215698,0.77740943,0.861721,0.99999046,0.97288203,1,0.34527119994163513,0.13062128,0.06669779,4.3444475e-06,0.013946349,0,0.40030771493911743
TSBD_Healthy_0d4ffdc7b0,1,0,1,0.770166,0.015675273,0.09328772,0.06831101,4.313374e-06,0.012779347,0,0.2544211149215698,0.7269944,0.8597654,0.9999896,0.9695982,0,0.34527119994163513,0.17971791,0.07192362,6.0800658e-06,0.017622469,0,0.40030771493911743
TSBD_Healthy_b36f28e306,1,0,1,0.4048958,0.09102912,0.15384574,0.08977342,1.3576017e-05,0.024752019,0,0.2544211149215698,0.48186043,0.8507159,0.9999838,0.955177,0,0.34527119994163513,0.36429387,0.05951075,2.6555706e-06,0.020070925,0,0.40030771493911743
TSBD_Healthy_68a56d28bf,1,1,1,0.79977584,0.010878511,0.14435253,0.07517625,6.4115216e-06,0.016731566,0,0.2544211149215698,0.74108106,0.85809076,0.9999893,0.9697318,1,0.34527119994163513,0.11456642,0.066733025,4.354015e-06,0.013536647,0,0.40030771493911743
TSBD_Healthy_b7798ab5f8,1,0,1,0.6114183,0.04325826,0.09160451,0.096057765,1.79438e-05,0.020582823,0,0.2544211149215698,0.6419208,0.84582245,0.9999796,0.96339405,0,0.34527119994163513,0.26647466,0.05811983,2.4521553e-06,0.01602311,0,0.40030771493911743
TSBD_Healthy_2a0f79d223,1,0,1,0.61171895,0.042453885,0.10735575,0.07965758,8.090454e-06,0.017134713,0,0.2544211149215698,0.62605435,0.85467076,0.9999877,0.96397084,0,0.34527119994163513,0.26658988,0.06567169,4.146039e-06,0.01889441,0,0.40030771493911743
TSBD_Healthy_8fc6471a64,0,0,1,0.13111117,0.27952343,0.10786531,0.094270036,1.7378023e-05,0.03265186,0,0.2544211149215698,0.17543316,0.84236354,0.999979,0.9286311,0,0.34527119994163513,0.7167015,0.0633665,3.621008e-06,0.038717058,0,0.40030771493911743
TSBD_Healthy_78bf1afa4b,0,0,1,0.10311349,0.32108265,0.08363598,0.06802595,4.510918e-06,0.021717843,0,0.2544211149215698,0.12691748,0.8541182,0.9999864,0.92010397,0,0.34527119994163513,0.7894465,0.07785581,9.035876e-06,0.058178227,0,0.40030771493911743
TSBD_Healthy_d63c012f3e,1,0,1,0.7830871,0.012705602,0.12184185,0.10131781,2.3305616e-05,0.023487028,0,0.2544211149215698,0.7339482,0.84359735,0.9999747,0.9649174,0,0.34527119994163513,0.14421,0.05508488,2.0051427e-06,0.011595529,0,0.40030771493911743
TSBD_Healthy_05ab09d318,0,0,1,0.31558225,0.13256128,0.06813881,0.067261964,4.048368e-06,0.013486918,0,0.2544211149215698,0.41191104,0.85663086,0.99998796,0.953256,0,0.34527119994163513,0.5199502,0.076107204,7.978458e-06,0.03325708,0,0.40030771493911743
TSBD_Healthy_18405215f8,0,0,1,0.09180172,0.3388999,0.10027938,0.066929355,4.3472005e-06,0.024539258,0,0.2544211149215698,0.09889356,0.84853274,0.9999821,0.9046409,0,0.34527119994163513,0.800827,0.08453789,1.3563623e-05,0.07081985,0,0.40030771493911743
TSBD_Healthy_fe721e6a35,0,0,1,0.13281156,0.28167906,0.079819314,0.05099834,1.7476632e-06,0.01513131,0,0.2544211149215698,0.12140951,0.8202901,0.9998872,0.8669836,0,0.34527119994163513,0.79877114,0.12871157,0.00011096372,0.117885076,0,0.40030771493911743
TSBD_Healthy_8a0b6768d9,1,0,1,0.49801177,0.06924822,0.0670453,0.07161969,5.254639e-06,0.013070111,0,0.2544211149215698,0.57329065,0.86065817,0.99999,0.964454,0,0.34527119994163513,0.35966405,0.06772214,4.739517e-06,0.02247589,0,0.40030771493911743
TSBD_Healthy_fdb9e6ae23,0,0,1,0.09524479,0.32372957,0.07739815,0.23770188,0.0019376418,0.12259262,0,0.2544211149215698,0.12888113,0.70726097,0.99805766,0.8345406,0,0.34527119994163513,0.7937207,0.055037163,4.63458e-06,0.042866714,0,0.40030771493911743
TSBD_Healthy_4c66cb7f58,1,0,1,0.5143779,0.06402658,0.060828187,0.061005723,2.741573e-06,0.010307717,0,0.2544211149215698,0.5710044,0.85771143,0.9999862,0.96058357,0,0.34527119994163513,0.3681674,0.08128288,1.1053387e-05,0.029108742,0,0.40030771493911743
TSBD_Healthy_f5058ddf56,1,0,1,0.66748786,0.03156678,0.25234187,0.08076201,8.688272e-06,0.023234867,0,0.2544211149215698,0.65324086,0.85594845,0.99998784,0.96447307,0,0.34527119994163513,0.09441732,0.06328959,3.4811017e-06,0.012292072,0,0.40030771493911743
TSBD_Healthy_69e2554f5f,1,0,1,0.48983055,0.067904696,0.16076098,0.06762107,4.1118196e-06,0.01682566,0,0.2544211149215698,0.5319586,0.85916615,0.9999893,0.95908296,0,0.34527119994163513,0.30728042,0.07321283,6.660052e-06,0.024091406,0,0.40030771493911743
TSBD_Healthy_d4f8817d0f,1,0,1,0.40527374,0.0926824,0.09957159,0.07364457,5.7858583e-06,0.016245387,0,0.2544211149215698,0.49480224,0.8587115,0.9999896,0.95935017,0,0.34527119994163513,0.40562612,0.06764396,4.5881e-06,0.02440447,0,0.40030771493911743
TSBD_Healthy_75d585858d,0,0,1,0.15401252,0.25645858,0.066438936,0.070101574,4.8430193e-06,0.017497372,0,0.2544211149215698,0.21344733,0.85672784,0.99998856,0.9387588,0,0.34527119994163513,0.7201137,0.07317058,6.633671e-06,0.043743808,0,0.40030771493911743
TSBD_Healthy_cb3a9d790a,0,0,1,0.15169136,0.2575864,0.09077491,0.07216981,5.412821e-06,0.02045817,0,0.2544211149215698,0.20555185,0.8568075,0.9999888,0.9374602,0,0.34527119994163513,0.7036732,0.07102264,5.737867e-06,0.042081613,0,0.40030771493911743
TSBD_Healthy_2c254df731,0,0,1,0.29027072,0.13664663,0.18437292,0.07937062,8.057177e-06,0.024309283,0,0.2544211149215698,0.37606254,0.8556374,0.9999881,0.94965345,0,0.34527119994163513,0.43956447,0.06499199,3.8929506e-06,0.02603727,0,0.40030771493911743
TSBD_Healthy_4e4bdff12a,1,1,1,0.80905265,0.00917566,0.1429393,0.08587514,1.1228157e-05,0.019781604,0,0.2544211149215698,0.74565566,0.8532906,0.9999858,0.9683608,1,0.34527119994163513,0.11140504,0.060834173,2.9193347e-06,0.011857586,0,0.40030771493911743
TSBD_WSSV_ffd2411af1,0,0,2,0.4904339,0.008894731,0.09385835,0.04783838,1.4169979e-05,0.012522595,0,0.2544211149215698,0.51098406,0.4401907,0.46128514,0.4915078,0,0.34527119994163513,0.3951576,0.5119709,0.53870064,0.4959696,0,0.40030771493911743
TSBD_WSSV_c6b9dfd6bd,0,0,1,0.27115008,0.14533436,0.24766293,0.119655006,7.033159e-05,0.053356778,0,0.2544211149215698,0.29789877,0.80269223,0.99991584,0.9074089,0,0.34527119994163513,0.45443827,0.07765279,1.3825991e-05,0.03923426,0,0.40030771493911743
TSBD_WSSV_258e8224d8,0,0,1,0.2903708,0.15013069,0.05474173,0.05854843,2.494948e-06,0.011017674,0,0.2544211149215698,0.36707503,0.85274607,0.9999814,0.9449646,0,0.34527119994163513,0.5781832,0.08870547,1.611447e-05,0.04401775,0,0.40030771493911743
TSBD_WSSV_7759b4323e,1,0,1,0.73427266,0.019010853,0.10531418,0.19586848,0.0005637253,0.05686275,0,0.2544211149215698,0.76130885,0.7609964,0.99943525,0.9342849,0,0.34527119994163513,0.13337693,0.043135114,1.0261897e-06,0.008852332,0,0.40030771493911743
TSBD_WSSV_20ac0fab2b,1,0,0,0.84745413,0.009602463,0.81556207,0.90427995,0.9999876,0.9781466,0,0.2544211149215698,0.07084258,0.050476745,6.6638913e-06,0.010466427,0,0.34527119994163513,0.11359537,0.045243263,5.686853e-06,0.0113869775,0,0.40030771493911743
TSBD_WSSV_73ccea8db5,1,0,2,0.8134816,0.010684145,0.09021135,0.08245188,2.2472464e-05,0.01869087,0,0.2544211149215698,0.13757041,0.054340128,2.563487e-06,0.011633809,0,0.34527119994163513,0.7722182,0.863208,0.99997485,0.96967536,0,0.40030771493911743
TSBD_WSSV_2ca61b4065,1,0,1,0.7346633,0.020557057,0.11000586,0.07143115,5.0882127e-06,0.014470515,0,0.2544211149215698,0.69778347,0.8572458,0.99998903,0.96744174,0,0.34527119994163513,0.19221063,0.07132306,5.8669348e-06,0.01808772,0,0.40030771493911743
TSBD_WSSV_0168d43459,0,0,0,0.35138366,0.11005699,0.43509513,0.8677827,0.99983346,0.9293628,0,0.2544211149215698,0.113102175,0.038030386,1.6588978e-06,0.009911689,0,0.34527119994163513,0.45180273,0.09418694,0.0001648794,0.06072555,0,0.40030771493911743
TSBD_WSSV_a270f6228b,0,0,1,0.37071443,0.10454209,0.508084,0.106866114,3.9810435e-05,0.05285584,0,0.2544211149215698,0.41093677,0.811424,0.99994516,0.9268644,0,0.34527119994163513,0.08097929,0.08170988,1.5060847e-05,0.02027974,0,0.40030771493911743
TSBD_WSSV_3868efcb84,1,0,0,0.44724017,0.084744796,0.5429829,0.8972825,0.99997926,0.9624253,0,0.2544211149215698,0.27486715,0.04543174,3.9399692e-06,0.016442915,0,0.34527119994163513,0.18214998,0.05728578,1.6844037e-05,0.021131773,0,0.40030771493911743
TSBD_WSSV_98510bdd07,1,0,0,0.86141986,0.0073940177,0.82133,0.9023153,0.9999821,0.9768933,0,0.2544211149215698,0.12243455,0.059334967,1.5281044e-05,0.016048813,0,0.34527119994163513,0.05623552,0.03834966,2.6189323e-06,0.0070579294,0,0.40030771493911743
TSBD_WSSV_365b81a0b8,0,0,0,0.33896843,0.12318894,0.36858556,0.8400037,0.999126,0.8852499,0,0.2544211149215698,0.54523253,0.1283753,0.0008726736,0.106590256,0,0.34527119994163513,0.08618189,0.031620983,1.35473e-06,0.008159842,0,0.40030771493911743
TSBD_WSSV_4c515e509e,0,0,2,0.26943702,0.14515674,0.13187343,0.27268326,0.0092208,0.15548371,0,0.2544211149215698,0.5509319,0.0739949,3.3454842e-05,0.046349674,0,0.34527119994163513,0.31719464,0.6533218,0.9907458,0.7981666,0,0.40030771493911743
TSBD_WSSV_d5dc5a32b7,1,0,0,0.38366514,0.09979643,0.47493672,0.8751953,0.99985504,0.9356158,0,0.2544211149215698,0.4610134,0.092275634,0.00014365406,0.057331443,0,0.34527119994163513,0.064049885,0.032529067,1.3368337e-06,0.007052765,0,0.40030771493911743
TSBD_WSSV_84d358870a,1,0,0,0.84047234,0.0094658965,0.8004252,0.89636266,0.9999665,0.97253335,0,0.2544211149215698,0.1454451,0.06835269,3.1683285e-05,0.021177672,0,0.34527119994163513,0.05412974,0.035284568,1.8267158e-06,0.006288941,0,0.40030771493911743
TSBD_WSSV_b95089e484,1,0,0,0.79517406,0.016568242,0.77375835,0.9050994,0.99998796,0.9762024,0,0.2544211149215698,0.13568377,0.052246906,7.81669e-06,0.014000135,0,0.34527119994163513,0.09055797,0.042653643,4.2020793e-06,0.009797451,0,0.40030771493911743
TSBD_WSSV_ef2d938994,1,0,0,0.4640478,0.075606674,0.522672,0.8674428,0.99983704,0.940295,0,0.2544211149215698,0.2121343,0.039820634,2.01395e-06,0.012441192,0,0.34527119994163513,0.2651937,0.09273654,0.00016093343,0.04726384,0,0.40030771493911743
TSBD_WSSV_32049c3ecf,1,0,0,0.8410983,0.010440828,0.80941594,0.9058602,0.9999889,0.9784083,0,0.2544211149215698,0.078217,0.048883874,5.548327e-06,0.010318006,0,0.34527119994163513,0.112367,0.04525592,5.4517795e-06,0.011273754,0,0.40030771493911743
TSBD_WSSV_8b8160f809,1,0,0,0.6511678,0.033028737,0.6290264,0.85025835,0.999408,0.9263098,0,0.2544211149215698,0.3145327,0.11948766,0.0005909043,0.06796065,0,0.34527119994163513,0.056440882,0.030254018,1.1185698e-06,0.0057295267,0,0.40030771493911743
TSBD_WSSV_cdf58b2135,1,0,1,0.4695536,0.07480113,0.06429123,0.0649352,3.5464047e-06,0.011594339,0,0.2544211149215698,0.5405386,0.8549666,0.9999863,0.9587037,0,0.34527119994163513,0.39517018,0.080098234,1.01696605e-05,0.029701967,0,0.40030771493911743
TSBD_WSSV_aa863186fe,1,0,2,0.5737816,0.030155022,0.07392137,0.074490584,0.00010174123,0.021322759,0,0.2544211149215698,0.15877213,0.36978498,0.19017857,0.25852913,0,0.34527119994163513,0.76730657,0.55572444,0.80971974,0.72014815,0,0.40030771493911743
TSBD_WSSV_dfb2880295,0,0,1,0.35262263,0.11681814,0.05473221,0.050739944,1.4283008e-06,0.008890729,0,0.2544211149215698,0.40557787,0.84038013,0.9999536,0.9354424,0,0.34527119994163513,0.5396899,0.108879894,4.494627e-05,0.055666845,0,0.40030771493911743
TSBD_WSSV_baaf0baf99,0,0,0,0.08848295,0.34416857,0.12220128,0.8783708,0.99996185,0.91037273,0,0.2544211149215698,0.10808727,0.06161905,1.652169e-05,0.02916719,0,0.34527119994163513,0.76971143,0.06001016,2.161775e-05,0.06046012,0,0.40030771493911743
TSBD_WSSV_24404c91af,0,0,0,0.1869125,0.21481577,0.23724411,0.8152096,0.9991352,0.8758068,0,0.2544211149215698,0.17406486,0.12995604,0.0008459349,0.08356386,0,0.34527119994163513,0.588691,0.054834355,1.8991659e-05,0.04062944,0,0.40030771493911743
TSBD_WSSV_b7563199e4,1,0,1,0.5781671,0.050260883,0.08895662,0.10666439,2.8823128e-05,0.02367683,0,0.2544211149215698,0.6292338,0.83930874,0.99996936,0.961392,0,0.34527119994163513,0.28180963,0.05402686,1.7656355e-06,0.014931149,0,0.40030771493911743
TSBD_WSSV_11a594f754,1,0,1,0.721765,0.024117662,0.0782893,0.07286709,5.4130614e-06,0.013068918,0,0.2544211149215698,0.7077968,0.8605307,0.99999034,0.96990263,0,0.34527119994163513,0.21391389,0.066602185,4.285765e-06,0.017028453,0,0.40030771493911743
TSBD_WSSV_fc31d39bad,1,0,1,0.44897607,0.082461976,0.058136147,0.07099841,4.9216233e-06,0.012421245,0,0.2544211149215698,0.5465148,0.86164284,0.9999906,0.9642344,0,0.34527119994163513,0.39534906,0.067358814,4.5360357e-06,0.023344336,0,0.40030771493911743
TSBD_WSSV_d6cd79daa1,0,0,1,0.1837869,0.22598395,0.073570415,0.08186076,9.215491e-06,0.020928493,0,0.2544211149215698,0.2549733,0.8487967,0.9999856,0.9415375,0,0.34527119994163513,0.6714563,0.06934249,5.182958e-06,0.037534047,0,0.40030771493911743
TSBD_WSSV_02f81ef95e,0,0,1,0.14201197,0.2699297,0.05959137,0.07014879,4.568029e-06,0.01691556,0,0.2544211149215698,0.20486711,0.8608974,0.99999046,0.9420195,0,0.34527119994163513,0.7355415,0.068953745,4.92552e-06,0.041064944,0,0.40030771493911743
TSBD_WSSV_3b11acaec9,1,0,1,0.77193594,0.015604382,0.07445872,0.0693559,4.609697e-06,0.012023711,0,0.2544211149215698,0.73423404,0.85595787,0.99998796,0.9689258,0,0.34527119994163513,0.19130717,0.07468624,7.4727714e-06,0.0190505,0,0.40030771493911743
TSBD_WSSV_c286bccb7a,0,0,1,0.27076513,0.16655135,0.058026955,0.042797014,1.0400969e-06,0.008974189,0,0.2544211149215698,0.23511602,0.7857944,0.999503,0.85303825,0,0.34527119994163513,0.7068571,0.17140856,0.00049593684,0.13798752,0,0.40030771493911743
TSBD_WSSV_6aa52b5d04,1,1,1,0.83725595,0.0063343495,0.122943364,0.07231709,5.3083418e-06,0.014760079,0,0.2544211149215698,0.7742282,0.86045766,0.9999901,0.9722392,1,0.34527119994163513,0.10282838,0.06722521,4.5340266e-06,0.013000717,0,0.40030771493911743
TSBD_WSSV_78ac1c210b,1,0,1,0.5676865,0.050574306,0.11027635,0.06816441,4.2673955e-06,0.014450337,0,0.2544211149215698,0.5883144,0.85507536,0.9999875,0.96081495,0,0.34527119994163513,0.3014092,0.076760255,8.261824e-06,0.024734715,0,0.40030771493911743
TSBD_WSSV_f4df9efeef,1,0,1,0.65143096,0.03560388,0.06937496,0.06820862,4.191345e-06,0.011825207,0,0.2544211149215698,0.6586036,0.85553473,0.99998796,0.96541446,0,0.34527119994163513,0.2720214,0.076256655,7.884423e-06,0.02276038,0,0.40030771493911743
TSBD_WSSV_e332624690,1,0,1,0.73533624,0.0150989,0.13573876,0.1699136,0.00035623155,0.054294005,0,0.2544211149215698,0.69791317,0.77083343,0.9996394,0.9306529,0,0.34527119994163513,0.16634803,0.05925294,4.3748937e-06,0.01505308,0,0.40030771493911743
TSBD_WSSV_de8ce5aa48,1,0,1,0.6828217,0.030663216,0.068459354,0.06893188,4.542619e-06,0.01186843,0,0.2544211149215698,0.68396693,0.8594663,0.9999894,0.9680679,0,0.34527119994163513,0.24757372,0.07160184,6.0712687e-06,0.020063639,0,0.40030771493911743
TSBD_WSSV_2847167d0b,1,0,1,0.64289933,0.036995746,0.085931405,0.07092267,4.9480177e-06,0.013465604,0,0.2544211149215698,0.64949393,0.85743165,0.99998915,0.96576935,0,0.34527119994163513,0.2645747,0.0716457,5.89333e-06,0.020765048,0,0.40030771493911743
TSBD_WSSV_ea8e971d58,0,0,1,0.15525165,0.23990569,0.26628876,0.10926358,3.3343815e-05,0.05276478,0,0.2544211149215698,0.1884818,0.8324139,0.999964,0.9163208,0,0.34527119994163513,0.54522943,0.058322474,2.697056e-06,0.030914377,0,0.40030771493911743
TSBD_WSSV_2cd19b2879,1,0,2,0.83267283,0.0070003355,0.13048011,0.09063831,3.3056087e-05,0.02394769,0,0.2544211149215698,0.09735603,0.049293358,1.6948561e-06,0.009071746,0,0.34527119994163513,0.7721639,0.86006826,0.9999653,0.9669806,0,0.40030771493911743
TSBD_WSSV_f00fa9ceb8,1,0,2,0.42658898,0.089430675,0.07002596,0.057497118,4.6374557e-06,0.011942147,0,0.2544211149215698,0.40083948,0.06499225,6.099007e-06,0.024548464,0,0.34527119994163513,0.5291346,0.8775106,0.9999893,0.9635094,0,0.40030771493911743
TSBD_WSSV_6678622b35,1,0,2,0.7716249,0.017437153,0.06593131,0.055116426,3.801326e-06,0.009878088,0,0.2544211149215698,0.19012691,0.06961307,8.456903e-06,0.018652871,0,0.34527119994163513,0.74394184,0.8752705,0.9999877,0.971469,0,0.40030771493911743
TSBD_WSSV_9ce26c2bf9,1,0,0,0.7019919,0.004636286,0.6198752,0.67590076,0.9058983,0.7415548,0,0.2544211149215698,0.30216432,0.2880615,0.09409627,0.24977075,0,0.34527119994163513,0.07796052,0.036037773,5.468337e-06,0.008674451,0,0.40030771493911743
TSBD_WSSV_3319ef6f32,1,0,2,0.62806207,0.043327697,0.060857806,0.063702494,7.0073006e-06,0.011990383,0,0.2544211149215698,0.2678371,0.058424205,3.4507514e-06,0.016813032,0,0.34527119994163513,0.6713051,0.8778733,0.9999895,0.9711966,0,0.40030771493911743
TSBD_WSSV_1bb255e74b,1,1,1,0.8254815,0.008181136,0.08937456,0.06929132,4.418151e-06,0.012507061,0,0.2544211149215698,0.76926696,0.86121094,0.99999034,0.97230417,1,0.34527119994163513,0.14135848,0.06949771,5.196732e-06,0.015188748,0,0.40030771493911743
TSBD_WSSV_d45bc108bb,1,0,1,0.7839759,0.014536662,0.078906894,0.07602228,6.532758e-06,0.013623864,0,0.2544211149215698,0.7496156,0.85968196,0.99998987,0.97165495,0,0.34527119994163513,0.1714775,0.06429576,3.6066654e-06,0.014721198,0,0.40030771493911743
TSBD_WSSV_319f7dd222,1,0,1,0.395795,0.09166,0.082780026,0.37016562,0.02864566,0.15908514,0,0.2544211149215698,0.6752857,0.59114665,0.97135216,0.8283704,0,0.34527119994163513,0.24193428,0.038687732,2.1524506e-06,0.012544529,0,0.40030771493911743
TSBD_WSSV_72962540b9,1,0,0,0.37577903,0.10514935,0.4882556,0.890176,0.99997735,0.95635194,0,0.2544211149215698,0.13087825,0.052248817,6.945687e-06,0.015657058,0,0.34527119994163513,0.38086617,0.05757521,1.5724238e-05,0.027991055,0,0.40030771493911743
TSBD_WSSV_cbc299712b,1,0,1,0.67294735,0.02801529,0.29501894,0.11317796,3.720655e-05,0.038474057,0,0.2544211149215698,0.6388453,0.8354149,0.99996126,0.9531143,0,0.34527119994163513,0.06613578,0.05140716,1.5025158e-06,0.008411647,0,0.40030771493911743
TSBD_WSSV_4852ce6b3e,1,0,1,0.4629085,0.07149276,0.060872212,0.04966005,1.440766e-06,0.008568759,0,0.2544211149215698,0.49776438,0.83266497,0.99993014,0.9367271,0,0.34527119994163513,0.4413634,0.117675066,6.8457564e-05,0.054704145,0,0.40030771493911743
TSBD_WSSV_51c0f376ed,0,0,1,0.23998389,0.18235354,0.059732452,0.06419718,3.2861049e-06,0.013090432,0,0.2544211149215698,0.3222686,0.857959,0.9999877,0.9473205,0,0.34527119994163513,0.61799896,0.07784391,9.027825e-06,0.039589062,0,0.40030771493911743
TSBD_WSSV_27c4e89064,0,0,1,0.23422426,0.18812743,0.082095474,0.040738642,1.6409879e-06,0.01161529,0,0.2544211149215698,0.11812329,0.6961267,0.9937797,0.67839026,0,0.34527119994163513,0.79978126,0.26313463,0.006218672,0.3099945,0,0.40030771493911743
TSBD_WSSV_d31ea8472c,0,0,1,0.31763318,0.11281948,0.46229193,0.28145635,0.0052240277,0.22592355,0,0.2544211149215698,0.23532803,0.6653895,0.99477035,0.7506185,0,0.34527119994163513,0.30238006,0.053154115,5.636343e-06,0.023457916,0,0.40030771493911743
TSBD_WSSV_6fd089aca1,0,0,1,0.3190846,0.13808298,0.057572234,0.045650497,1.2738901e-06,0.009076986,0,0.2544211149215698,0.29265854,0.7915765,0.9996296,0.8741911,0,0.34527119994163513,0.64976925,0.16277301,0.00036906858,0.116731904,0,0.40030771493911743
TSBD_WSSV_7131cb4d1e,0,0,0,0.29519773,0.13555905,0.27482373,0.7693133,0.998936,0.83114606,0,0.2544211149215698,0.22150292,0.116603054,0.0005818232,0.07433867,0,0.34527119994163513,0.5036733,0.11408373,0.00048219663,0.0945153,0,0.40030771493911743
TSBD_WSSV_d1629a0715,1,1,1,0.8449188,0.0055133924,0.100693494,0.070034154,4.639035e-06,0.013162816,0,0.2544211149215698,0.78211194,0.8611303,0.99999034,0.97285384,1,0.34527119994163513,0.11719456,0.06883556,5.003471e-06,0.013983345,0,0.40030771493911743
TSBD_WSSV_8ecaf0ac01,0,0,0,0.30414364,0.13769063,0.21540444,0.72337323,0.9659841,0.6781389,0,0.2544211149215698,0.6322217,0.2421191,0.03401237,0.3093265,0,0.34527119994163513,0.15237385,0.03450768,3.5915652e-06,0.012534588,0,0.40030771493911743
TSBD_WSSV_af3c48a08c,1,0,2,0.8454399,0.0062624523,0.12043925,0.075935975,1.4990405e-05,0.018231595,0,0.2544211149215698,0.09275557,0.053534716,2.3482796e-06,0.009812885,0,0.34527119994163513,0.78680515,0.87052935,0.9999826,0.9719555,0,0.40030771493911743
TSBD_WSSV_3dae79f506,1,0,1,0.4824321,0.06140863,0.17641015,0.22068474,0.001045893,0.09028629,0,0.2544211149215698,0.523994,0.7325312,0.99895227,0.89451677,0,0.34527119994163513,0.2995958,0.04678407,1.8340071e-06,0.015196914,0,0.40030771493911743
TSBD_WSSV_80515fe4b2,1,0,2,0.76590717,0.011998003,0.062825106,0.039891545,1.3332136e-06,0.0069207405,0,0.2544211149215698,0.24420556,0.13569742,0.00026595415,0.05568811,0,0.34527119994163513,0.6929693,0.82441103,0.9997327,0.93739116,0,0.40030771493911743
TSBD_WSSV_aee31f5ae6,1,0,2,0.85342133,0.005676994,0.10025346,0.07066956,1.1241713e-05,0.015561485,0,0.2544211149215698,0.10263259,0.05578422,2.7869435e-06,0.010672122,0,0.34527119994163513,0.79711396,0.87354624,0.99998605,0.97376645,0,0.40030771493911743
TSBD_WSSV_0ef579b068,1,0,2,0.78108674,0.01632988,0.07553058,0.06492465,7.795068e-06,0.01282809,0,0.2544211149215698,0.17000504,0.05947979,3.877212e-06,0.014246305,0,0.34527119994163513,0.75446445,0.8755955,0.9999883,0.97292566,0,0.40030771493911743
TSBD_WSSV_f70db8236e,1,0,2,0.6117758,0.035781045,0.06596396,0.06415794,1.1860546e-05,0.0142170945,0,0.2544211149215698,0.35263738,0.1300443,0.00029462282,0.06679274,0,0.34527119994163513,0.58139867,0.8057978,0.9996935,0.9189902,0,0.40030771493911743
TSBD_WSSV_36e3c23fc4,0,0,0,0.18606292,0.19510019,0.085976586,0.6492789,0.9431485,0.5383628,0,0.2544211149215698,0.520699,0.25905985,0.056439452,0.38078856,0,0.34527119994163513,0.39332438,0.091661304,0.00041206798,0.080848545,0,0.40030771493911743
TSBD_WSSV_7e34390794,1,1,2,0.85828525,0.0056745643,0.07853722,0.06018871,5.5406513e-06,0.011487489,0,0.2544211149215698,0.115529284,0.061014242,4.350379e-06,0.012605106,0,0.34527119994163513,0.8059336,0.87879705,0.9999902,0.9759074,1,0.40030771493911743
TSBD_WSSV_bd80b0d581,1,0,2,0.80523086,0.012001269,0.110157676,0.06724655,8.901578e-06,0.015238823,0,0.2544211149215698,0.13119781,0.057830215,3.3656431e-06,0.01246118,0,0.34527119994163513,0.75864446,0.8749232,0.9999877,0.9723,0,0.40030771493911743
TSBD_WSSV_a456bae923,1,0,2,0.7108401,0.026455628,0.0882843,0.056182124,4.4814906e-06,0.011638576,0,0.2544211149215698,0.21473555,0.06905263,8.068569e-06,0.019606207,0,0.34527119994163513,0.6969801,0.8747653,0.99998736,0.96875525,0,0.40030771493911743
TSBD_WSSV_b6178797f6,1,0,2,0.85514694,0.0061384467,0.07769637,0.062243007,6.436079e-06,0.011978753,0,0.2544211149215698,0.11752362,0.059205506,3.7648947e-06,0.01216084,0,0.34527119994163513,0.80478007,0.8785515,0.99998975,0.9758605,0,0.40030771493911743
TSBD_WSSV_69762898eb,1,0,2,0.8479722,0.006959036,0.07946963,0.06391845,7.230672e-06,0.012539911,0,0.2544211149215698,0.12174845,0.058743753,3.5791622e-06,0.012177489,0,0.34527119994163513,0.79878193,0.87733775,0.99998915,0.97528255,0,0.40030771493911743
TSBD_WSSV_a73de688c2,1,0,2,0.81690484,0.009707358,0.073100716,0.05096593,3.178168e-06,0.009458621,0,0.2544211149215698,0.16383335,0.08151364,2.0800491e-05,0.022565914,0,0.34527119994163513,0.76306593,0.86752045,0.99997604,0.96797544,0,0.40030771493911743
TSBD_WSSV_03cb710db8,0,0,1,0.43665898,0.05587256,0.06590853,0.04455927,9.811461e-06,0.010696104,0,0.2544211149215698,0.17827816,0.48880115,0.68894315,0.41481823,0,0.34527119994163513,0.75581324,0.4666395,0.31104708,0.57448566,0,0.40030771493911743
TSBD_WSSV_7f2c043791,1,0,2,0.61384517,0.040621012,0.09307837,0.13792299,0.00026709284,0.04159202,0,0.2544211149215698,0.25846636,0.05809878,4.9760606e-06,0.01816927,0,0.34527119994163513,0.64845526,0.80397826,0.9997279,0.9402388,0,0.40030771493911743
TSBD_WSSV_426ff318e2,1,0,2,0.812126,0.012230145,0.06719976,0.061131183,5.9184613e-06,0.01122388,0,0.2544211149215698,0.15421405,0.060255874,4.095011e-06,0.013854738,0,0.34527119994163513,0.77858615,0.87861305,0.99999,0.9749214,0,0.40030771493911743
TSBD_WSSV_3cb87dc046,1,0,2,0.4442025,0.08057919,0.059347477,0.045066427,1.8641069e-06,0.008452447,0,0.2544211149215698,0.4297673,0.095243566,4.4284447e-05,0.04459862,0,0.34527119994163513,0.51088524,0.85969007,0.99995375,0.9469489,0,0.40030771493911743
TSBD_WSSV_4c414428d2,1,0,2,0.83584803,0.008103287,0.0879893,0.08195016,2.0687166e-05,0.018020932,0,0.2544211149215698,0.12007471,0.050916344,1.8215569e-06,0.009976348,0,0.34527119994163513,0.7919359,0.8671335,0.99997747,0.9720027,0,0.40030771493911743
TSBD_WSSV_4896029d97,1,0,2,0.802239,0.0132981725,0.07415347,0.06778443,9.3312265e-06,0.013387751,0,0.2544211149215698,0.1554179,0.057854477,3.4462707e-06,0.013234644,0,0.34527119994163513,0.7704287,0.8743611,0.99998724,0.97337765,0,0.40030771493911743
TSBD_WSSV_c549f00277,1,0,2,0.8025128,0.01282865,0.06702713,0.05415689,3.6453996e-06,0.009694548,0,0.2544211149215698,0.16979909,0.07052423,9.082763e-06,0.018143456,0,0.34527119994163513,0.76317376,0.8753189,0.99998724,0.972162,0,0.40030771493911743
TSBD_WSSV_254bdb9f4d,0,0,0,0.09266448,0.32036814,0.08881723,0.8365957,0.99982834,0.84088755,0,0.2544211149215698,0.576741,0.08165435,7.773419e-05,0.08560581,0,0.34527119994163513,0.33444175,0.08174999,9.391621e-05,0.07350662,0,0.40030771493911743
TSBD_WSSV_b0447870c0,0,0,1,0.26486185,0.16757339,0.061585527,0.05484741,1.9581312e-06,0.011189607,0,0.2544211149215698,0.30456603,0.83679074,0.9999536,0.9246362,0,0.34527119994163513,0.6338484,0.1083619,4.4392647e-05,0.064174175,0,0.40030771493911743
TSBD_WSSV_754fa3c73d,1,0,2,0.84935886,0.0062281676,0.104949504,0.07114158,1.1171254e-05,0.015859043,0,0.2544211149215698,0.1014329,0.05434727,2.4381457e-06,0.010239114,0,0.34527119994163513,0.79361755,0.8745112,0.9999864,0.9739018,0,0.40030771493911743
TSBD_WSSV_9937a0424b,1,0,2,0.78433657,0.0105995685,0.1921656,0.12171229,0.00012837844,0.04202963,0,0.2544211149215698,0.09253848,0.044328738,1.0672096e-06,0.0079257665,0,0.34527119994163513,0.71529585,0.833959,0.99987054,0.95004463,0,0.40030771493911743
TSBD_WSSV_6fa84e41c3,1,0,2,0.8518108,0.0061790897,0.099694125,0.0635627,6.9956022e-06,0.013457942,0,0.2544211149215698,0.10365796,0.058550503,3.5654543e-06,0.011489756,0,0.34527119994163513,0.79664797,0.87788683,0.9999894,0.9750523,0,0.40030771493911743
TSBD_WSSV_577000701d,0,0,0,0.14093491,0.27035415,0.23258883,0.903041,0.9999851,0.9470334,0,0.2544211149215698,0.07618358,0.044065274,3.4014777e-06,0.0132684605,0,0.34527119994163513,0.69122756,0.052893717,1.1399713e-05,0.039698135,0,0.40030771493911743
TSBD_WSSV_7562704d32,1,0,2,0.85630924,0.0009183148,0.075093344,0.059475202,7.875704e-06,0.012218666,0,0.2544211149215698,0.14153759,0.12394171,0.00021900219,0.041275952,0,0.34527119994163513,0.78336906,0.8165831,0.9997731,0.9465054,0,0.40030771493911743
TSBD_WSSV_ab987277c7,1,0,2,0.42032295,0.0918669,0.07116583,0.06324006,6.871846e-06,0.013564468,0,0.2544211149215698,0.39747724,0.059126113,3.6961112e-06,0.02122539,0,0.34527119994163513,0.53135693,0.8776338,0.9999894,0.96521014,0,0.40030771493911743
TSBD_WSSV_1beeeafcb8,1,0,2,0.5651097,0.055986866,0.0602324,0.060738996,5.721884e-06,0.011458664,0,0.2544211149215698,0.31013337,0.061027072,4.3653686e-06,0.01930441,0,0.34527119994163513,0.6296342,0.87823397,0.99998987,0.9692369,0,0.40030771493911743
TSBD_WSSV_e7254cc0d4,1,0,2,0.81341714,0.011594048,0.07039285,0.06590451,7.91932e-06,0.012530593,0,0.2544211149215698,0.15243827,0.060853716,4.423937e-06,0.014101369,0,0.34527119994163513,0.7771688,0.87324184,0.9999877,0.97336805,0,0.40030771493911743
TSBD_WSSV_b5a8a126ab,1,0,2,0.5086201,0.06792456,0.05944051,0.054414053,3.671997e-06,0.010162065,0,0.2544211149215698,0.35654572,0.06909444,8.290526e-06,0.024929227,0,0.34527119994163513,0.5840139,0.8764915,0.99998796,0.96490866,0,0.40030771493911743
TSBD_WSSV_13e41ad5ef,1,0,2,0.830626,0.008674669,0.071961135,0.061005846,5.8739456e-06,0.01146129,0,0.2544211149215698,0.14559594,0.06779615,7.676311e-06,0.016226355,0,0.34527119994163513,0.7824429,0.871198,0.9999865,0.97231233,0,0.40030771493911743
TSBD_WSSV_5dd3dca816,1,0,2,0.81657904,0.011137772,0.07267295,0.08663012,2.606461e-05,0.018150616,0,0.2544211149215698,0.13756818,0.051872622,2.0317277e-06,0.010814997,0,0.34527119994163513,0.7897588,0.8614972,0.99997187,0.97103435,0,0.40030771493911743
TSBD_WSSV_084f7a072a,1,0,2,0.83494973,0.008878829,0.07217108,0.062848136,6.6902717e-06,0.011878172,0,0.2544211149215698,0.13568157,0.05954491,3.8975063e-06,0.012978424,0,0.34527119994163513,0.7921474,0.877607,0.9999894,0.9751434,0,0.40030771493911743
TSBD_WSSV_7d1aec7b17,1,0,2,0.8507602,0.0066268165,0.07885728,0.062572405,6.6151424e-06,0.012156122,0,0.2544211149215698,0.12039146,0.059440266,3.8726203e-06,0.0123755885,0,0.34527119994163513,0.8007512,0.8779873,0.9999896,0.97546834,0,0.40030771493911743
TSBD_WSSV_93545fad41,1,0,2,0.75027984,0.019631308,0.07852225,0.17859659,0.00084553973,0.052126095,0,0.2544211149215698,0.11849524,0.041848246,1.0860402e-06,0.008274797,0,0.34527119994163513,0.80298257,0.7795552,0.9991534,0.9395991,0,0.40030771493911743
TSBD_WSSV_ef783ed00d,1,1,2,0.86001706,0.005091736,0.09858533,0.06652725,8.406098e-06,0.014162367,0,0.2544211149215698,0.09788225,0.05697845,3.1156153e-06,0.01080333,0,0.34527119994163513,0.80353236,0.8764943,0.99998844,0.97503436,1,0.40030771493911743
TSBD_WSSV_8b081aa68f,0,0,0,0.07391965,0.36061716,0.08877174,0.8812072,0.99992466,0.887716,0,0.2544211149215698,0.2896227,0.039307103,1.8907908e-06,0.023745505,0,0.34527119994163513,0.6216056,0.079485685,7.342843e-05,0.088538535,0,0.40030771493911743
TSBD_WSSV_6afbaad0ae,1,0,2,0.84001154,0.007280444,0.09916549,0.080556855,1.9423665e-05,0.018417457,0,0.2544211149215698,0.11157172,0.050721835,1.8150305e-06,0.009701738,0,0.34527119994163513,0.78926283,0.86872125,0.9999788,0.9718808,0,0.40030771493911743
TSBD_WSSV_9223e4a32b,1,0,2,0.83488005,0.0085699195,0.08013702,0.058584053,5.0138483e-06,0.011288289,0,0.2544211149215698,0.13348737,0.063032806,5.0974795e-06,0.013993673,0,0.34527119994163513,0.78637564,0.8783831,0.99998987,0.974718,0,0.40030771493911743
TSBD_WSSV_98ea43065f,1,0,2,0.8532608,0.0062941294,0.07798012,0.063567646,6.955242e-06,0.012309617,0,0.2544211149215698,0.11889177,0.05915819,3.7613474e-06,0.01221546,0,0.34527119994163513,0.8031281,0.87727416,0.9999893,0.9754749,0,0.40030771493911743
TSBD_WSSV_eb247f0a00,1,0,2,0.85607755,0.004750722,0.11023865,0.08556095,2.5186895e-05,0.02062284,0,0.2544211149215698,0.092185766,0.04938474,1.6151704e-06,0.00873304,0,0.34527119994163513,0.7975756,0.8650543,0.9999732,0.9706441,0,0.40030771493911743
TSBD_WSSV_97fa50601b,1,0,2,0.85274243,0.0058594546,0.120241694,0.0700477,1.051256e-05,0.016293088,0,0.2544211149215698,0.08356349,0.05429453,2.4611888e-06,0.009567312,0,0.34527119994163513,0.79619485,0.8756577,0.999987,0.9741396,0,0.40030771493911743
TSBD_WSSV_8b6c4507a2,1,1,2,0.86135435,0.0047943853,0.10011291,0.0719299,1.1806337e-05,0.015784964,0,0.2544211149215698,0.09528267,0.053865913,2.3441546e-06,0.009857871,0,0.34527119994163513,0.80460435,0.87420416,0.9999858,0.9743571,1,0.40030771493911743
TSBD_WSSV_5c925439ac,1,0,2,0.8362861,0.008563936,0.078509055,0.06339342,6.9208436e-06,0.012369987,0,0.2544211149215698,0.1307726,0.058731463,3.5946014e-06,0.012534261,0,0.34527119994163513,0.7907184,0.87787515,0.9999895,0.97509575,0,0.40030771493911743
TSBD_WSSV_1d810bc413,0,0,0,0.083307624,0.3543879,0.10636708,0.88517314,0.99994683,0.90066266,0,0.2544211149215698,0.11160327,0.041553017,2.6758862e-06,0.017765317,0,0.34527119994163513,0.7820297,0.07327375,5.050385e-05,0.08157205,0,0.40030771493911743
TSBD_WSSV_26de7fcd80,0,0,0,0.055800024,0.38888454,0.07758101,0.89448285,0.9999709,0.9049932,0,0.2544211149215698,0.46360922,0.041923106,2.6325e-06,0.032685634,0,0.34527119994163513,0.45880982,0.063593976,2.6454778e-05,0.06232115,0,0.40030771493911743
TSBD_WSSV_8aa47f5a65,1,0,1,0.75877947,0.0026604207,0.08578423,0.05049084,3.858311e-06,0.010645637,0,0.2544211149215698,0.6595618,0.7016808,0.99554247,0.85875297,0,0.34527119994163513,0.25465393,0.24782841,0.004453657,0.13060142,0,0.40030771493911743
TSBD_WSSV_d889bfa7f2,1,0,2,0.837699,0.0016917326,0.06303005,0.03809535,1.4323847e-06,0.006668955,0,0.2544211149215698,0.1708703,0.16736178,0.0010211869,0.06847177,0,0.34527119994163513,0.76609963,0.79454285,0.9989774,0.9248593,0,0.40030771493911743
TSBD_WSSV_8a85146e3e,1,0,2,0.4930088,0.06263928,0.06915929,0.2828992,0.017108308,0.1180701,0,0.2544211149215698,0.26511297,0.07608408,6.750916e-05,0.03459172,0,0.34527119994163513,0.66572773,0.6410167,0.9828242,0.84733814,0,0.40030771493911743
TSBD_WSSV_439d0a5c3f,1,1,2,0.8621586,0.0051553333,0.08474861,0.06426148,7.2713774e-06,0.012817449,0,0.2544211149215698,0.106417455,0.057352617,3.1472741e-06,0.011154354,0,0.34527119994163513,0.8088339,0.8783859,0.9999896,0.9760282,1,0.40030771493911743
TSBD_WSSV_3f0184301c,1,0,2,0.85336375,0.006415354,0.077361286,0.06382232,7.0609276e-06,0.012326831,0,0.2544211149215698,0.11822275,0.057864357,3.2917444e-06,0.0117455525,0,0.34527119994163513,0.80441594,0.8783133,0.9999896,0.9759276,0,0.40030771493911743
TSBD_WSSV_00abe397a8,1,1,2,0.86517876,0.0045112874,0.095011584,0.06882812,9.819257e-06,0.014614365,0,0.2544211149215698,0.09594338,0.0551099,2.6632147e-06,0.010220868,0,0.34527119994163513,0.80904496,0.876062,0.9999876,0.9751648,1,0.40030771493911743
TSBD_WSSV_f49daeee4d,1,0,2,0.7415299,0.017553149,0.10775343,0.22265981,0.0026295087,0.08080564,0,0.2544211149215698,0.103314295,0.0412094,1.3108793e-06,0.008145057,0,0.34527119994163513,0.7889322,0.7361308,0.99736917,0.9110493,0,0.40030771493911743
TSBD_WSSV_e3a3f70bef,0,0,0,0.17695123,0.23326677,0.26484573,0.89393526,0.9999652,0.9383295,0,0.2544211149215698,0.076891646,0.039520055,1.9808979e-06,0.01081985,0,0.34527119994163513,0.6582626,0.06654467,3.282193e-05,0.050850652,0,0.40030771493911743
TSBD_WSSV_4c6acaba53,1,0,2,0.82760215,0.009464821,0.092215315,0.06175362,6.212451e-06,0.012707178,0,0.2544211149215698,0.12831499,0.059465975,3.887578e-06,0.012769411,0,0.34527119994163513,0.7794697,0.87878036,0.99998987,0.9745234,0,0.40030771493911743
TSBD_WSSV_1a5ee9d7a4,1,0,2,0.83037,0.009474598,0.07566241,0.066009894,8.18828e-06,0.012873356,0,0.2544211149215698,0.13516183,0.05710723,3.1915358e-06,0.012238577,0,0.34527119994163513,0.7891757,0.87688285,0.99998856,0.9748881,0,0.40030771493911743
TSBD_WSSV_1d745dbab2,1,1,0,0.88543475,0.004733052,0.84203696,0.90626264,0.99998903,0.9800194,1,0.2544211149215698,0.08020212,0.047818776,4.996303e-06,0.009968267,0,0.34527119994163513,0.077760875,0.045918647,5.906778e-06,0.010012369,0,0.40030771493911743
TSBD_WSSV_04529c8937,1,0,2,0.8418152,0.0075054048,0.08384414,0.07806946,1.7089358e-05,0.016643694,0,0.2544211149215698,0.11902789,0.052326553,2.1525263e-06,0.010383992,0,0.34527119994163513,0.79712796,0.869604,0.9999808,0.97297233,0,0.40030771493911743
TSBD_WSSV_eb7b8b7c67,1,1,2,0.8595953,0.0054456117,0.08571213,0.06414174,7.274505e-06,0.012870242,0,0.2544211149215698,0.10792287,0.057533935,3.2263708e-06,0.011291366,0,0.34527119994163513,0.8063651,0.87832433,0.9999895,0.97583836,1,0.40030771493911743
TSBD_WSSV_4c43a3a8a6,1,0,2,0.612972,0.036216535,0.12287002,0.33633184,0.029190099,0.16278985,0,0.2544211149215698,0.09405434,0.038556464,1.7406618e-06,0.007994618,0,0.34527119994163513,0.7830757,0.6251117,0.9708082,0.8292156,0,0.40030771493911743
TSBD_WSSV_417fc1cab3,1,1,2,0.8657828,0.004449793,0.0927739,0.068481475,9.555895e-06,0.014379014,0,0.2544211149215698,0.09734614,0.055603202,2.722134e-06,0.010357532,0,0.34527119994163513,0.80987996,0.8759152,0.9999877,0.9752635,1,0.40030771493911743
TSBD_WSSV_59c834cf6e,0,0,1,0.2703531,0.164626,0.07926341,0.06114841,4.4635713e-06,0.015857076,0,0.2544211149215698,0.24248898,0.7842347,0.99973077,0.86867505,0,0.34527119994163513,0.6782476,0.15461689,0.00026476447,0.11546792,0,0.40030771493911743
TSBD_WSSV_97681928ee,1,0,2,0.83646286,0.008472842,0.070495375,0.055600394,4.13803e-06,0.010129807,0,0.2544211149215698,0.14022873,0.0659638,6.711621e-06,0.015330176,0,0.34527119994163513,0.7892759,0.87843585,0.99998915,0.97454005,0,0.40030771493911743
TSBD_WSSV_0c09630268,1,0,2,0.7829174,0.006374115,0.1730069,0.21951121,0.0025055325,0.09446532,0,0.2544211149215698,0.08950816,0.039435722,9.658e-07,0.007191084,0,0.34527119994163513,0.73748493,0.74105304,0.9974935,0.89834356,0,0.40030771493911743
TSBD_WSSV_919a1fc43f,1,0,2,0.8372349,0.0070413323,0.10854696,0.08643962,2.6472087e-05,0.020944279,0,0.2544211149215698,0.10862288,0.050488736,1.8035417e-06,0.00961072,0,0.34527119994163513,0.7828302,0.8630717,0.99997175,0.969445,0,0.40030771493911743
TSBD_WSSV_df52a25a1c,0,0,0,0.5158162,0.017822243,0.38114157,0.5630043,0.6687842,0.5422097,0,0.2544211149215698,0.09827617,0.049381085,1.700019e-05,0.013600333,0,0.34527119994163513,0.52058226,0.38761464,0.33119878,0.44418997,0,0.40030771493911743
TSBD_WSSV_b6df8b235a,1,1,2,0.86426055,0.0046851635,0.0914865,0.06937783,1.0246871e-05,0.014597017,0,0.2544211149215698,0.09914767,0.05465123,2.5464044e-06,0.010207654,0,0.34527119994163513,0.8093658,0.87597084,0.99998724,0.97519535,1,0.40030771493911743
TSBD_WSSV_66dac7b3cb,1,0,2,0.83575726,0.008816367,0.07318486,0.06267153,6.7165734e-06,0.011924878,0,0.2544211149215698,0.13408118,0.058922045,3.7286623e-06,0.012744117,0,0.34527119994163513,0.7927339,0.8784064,0.9999896,0.975331,0,0.40030771493911743
TSBD_WSSV_cb728bde71,1,0,0,0.6037658,0.04961805,0.6587441,0.9013085,0.99998236,0.9692592,0,0.2544211149215698,0.07071441,0.04281717,2.9586986e-06,0.008830259,0,0.34527119994163513,0.27054155,0.05587429,1.4609952e-05,0.021910615,0,0.40030771493911743
TSBD_WSSV_11dccea294,1,0,0,0.60422885,0.049570102,0.65872127,0.9025452,0.9999863,0.97046006,0,0.2544211149215698,0.09058651,0.04751088,5.0595e-06,0.011241465,0,0.34527119994163513,0.25069216,0.049943846,8.702148e-06,0.018298429,0,0.40030771493911743
TSBD_WSSV_6c97d0a038,1,0,0,0.8210833,0.012874804,0.7935285,0.9024758,0.9999832,0.9758453,0,0.2544211149215698,0.06322299,0.042144936,2.679528e-06,0.0077918894,0,0.34527119994163513,0.1432485,0.05537921,1.4146695e-05,0.016362818,0,0.40030771493911743
TSBD_WSSV_7930144273,0,0,2,0.20021933,0.21570393,0.7355395,0.13814548,0.00023752847,0.11747607,0,0.2544211149215698,0.069367155,0.046030745,1.4505886e-06,0.011309076,0,0.34527119994163513,0.19509332,0.8158238,0.99976104,0.87121487,0,0.40030771493911743
TSBD_WSSV_46e8a68895,1,0,1,0.6617135,0.023847692,0.074820876,0.05263174,2.4398446e-06,0.009913151,0,0.2544211149215698,0.5920098,0.7887977,0.9996635,0.91662216,0,0.34527119994163513,0.33316934,0.15857057,0.00033410158,0.07346467,0,0.40030771493911743
TSBD_WSSV_68675dc12f,0,0,1,0.45948255,0.07137023,0.057212032,0.04148829,9.848152e-07,0.0073448643,0,0.2544211149215698,0.4263817,0.78338355,0.9994362,0.8846974,0,0.34527119994163513,0.51640624,0.17512819,0.0005628003,0.10795776,0,0.40030771493911743
TSBD_WSSV_33b5dd7e52,0,0,0,0.20830856,0.19670466,0.32064065,0.9014924,0.99998295,0.9501761,0,0.2544211149215698,0.51253265,0.057373106,1.3368308e-05,0.034356017,0,0.34527119994163513,0.1668267,0.041134384,3.7273292e-06,0.015467883,0,0.40030771493911743
TSBD_WSSV_eaf8feba8d,1,0,2,0.8414327,0.008051292,0.073233806,0.06308143,6.8622644e-06,0.0119951945,0,0.2544211149215698,0.12985922,0.058729902,3.6813117e-06,0.012531751,0,0.34527119994163513,0.7969069,0.8781886,0.9999894,0.9754731,0,0.40030771493911743
TSBD_WSSV_a092abcd48,1,0,0,0.86291796,0.007421991,0.82300794,0.9056824,0.9999888,0.9788721,0,0.2544211149215698,0.085878,0.047968864,5.140586e-06,0.010355935,0,0.34527119994163513,0.091114044,0.04634874,6.097155e-06,0.010771936,0,0.40030771493911743
TSBD_WSSV_8c4a48a3c8,1,0,1,0.49863353,0.06663784,0.3785628,0.085623294,1.0984327e-05,0.030434761,0,0.2544211149215698,0.55049765,0.8538937,0.9999862,0.95850754,0,0.34527119994163513,0.07093949,0.060483046,2.8483391e-06,0.011057703,0,0.40030771493911743
TSBD_WSSV_36e8b7c576,1,0,1,0.56030744,0.045044724,0.30705974,0.07710917,1.564711e-05,0.028698973,0,0.2544211149215698,0.57110584,0.75867337,0.99945027,0.912182,0,0.34527119994163513,0.12183446,0.16421746,0.0005340443,0.059119057,0,0.40030771493911743
TSBD_WSSV_f62b02d7ce,1,0,0,0.8458288,0.009988101,0.81622183,0.9053157,0.9999877,0.97834677,0,0.2544211149215698,0.13042824,0.052794185,8.362483e-06,0.013829674,0,0.34527119994163513,0.053349994,0.041890122,3.897489e-06,0.007823574,0,0.40030771493911743
TSBD_WSSV_7b5c5d4331,0,0,1,0.32671034,0.12600347,0.06006267,0.06749315,4.0582545e-06,0.012708843,0,0.2544211149215698,0.43568587,0.8596037,0.9999896,0.9569818,0,0.34527119994163513,0.5042514,0.07290309,6.357396e-06,0.030309424,0,0.40030771493911743
TSBD_WSSV_1115f3a7b9,1,0,2,0.7089341,0.0068657026,0.07710978,0.0835726,7.101766e-05,0.02319792,0,0.2544211149215698,0.3284492,0.22423434,0.00654648,0.14843625,0,0.34527119994163513,0.594441,0.692193,0.99338245,0.82836586,0,0.40030771493911743
TSBD_WSSV_8b19cf1542,1,0,0,0.8042637,0.0141862985,0.7730875,0.89371973,0.9999678,0.97044253,0,0.2544211149215698,0.16639355,0.06741614,2.9359126e-05,0.021975666,0,0.34527119994163513,0.060518946,0.03886405,2.9093824e-06,0.0075817727,0,0.40030771493911743
TSBD_WSSV_e980aeec5d,1,0,0,0.87058175,0.0065068696,0.8306592,0.9047515,0.9999871,0.9787344,0,0.2544211149215698,0.10971524,0.053654745,9.01832e-06,0.013239513,0,0.34527119994163513,0.059625536,0.041593775,3.806751e-06,0.008026101,0,0.40030771493911743
TSBD_WSSV_78620c7961,1,1,1,0.8253766,0.00804341,0.1429536,0.072552316,5.4190373e-06,0.015691416,0,0.2544211149215698,0.7673145,0.8606989,0.99999034,0.97205126,1,0.34527119994163513,0.08973193,0.0667488,4.295254e-06,0.0122573,0,0.40030771493911743
TSBD_WSSV_5cfa598cc4,1,1,1,0.82461816,0.002710634,0.15738565,0.15126134,0.00016514286,0.045487028,0,0.2544211149215698,0.74785334,0.7916982,0.9998317,0.94335085,1,0.34527119994163513,0.09476107,0.057040416,3.204209e-06,0.011162128,0,0.40030771493911743
TSBD_WSSV_2ab0d58abb,1,0,0,0.5957788,0.051114727,0.6530854,0.90006155,0.99997663,0.9672644,0,0.2544211149215698,0.29488838,0.063365504,2.1250724e-05,0.025797283,0,0.34527119994163513,0.052026123,0.036572915,2.1446042e-06,0.0069383127,0,0.40030771493911743
TSBD_WSSV_d63f9ec96f,1,0,1,0.66643065,0.024769016,0.095631905,0.18210529,0.00066158676,0.057168152,0,0.2544211149215698,0.66738236,0.72834265,0.9992988,0.91033655,0,0.34527119994163513,0.23698573,0.08955201,3.9606097e-05,0.032495253,0,0.40030771493911743
TSBD_WSSV_c6d6c44306,1,0,0,0.8151881,0.010478074,0.7639965,0.87447995,0.9998703,0.9591441,0,0.2544211149215698,0.16419446,0.089746274,0.00012747147,0.033445768,0,0.34527119994163513,0.07180906,0.03577382,2.291661e-06,0.0074100774,0,0.40030771493911743
TSBD_WSSV_0e98c598e2,1,0,0,0.8468311,0.0095376065,0.8123006,0.9047358,0.999987,0.9777912,0,0.2544211149215698,0.124596976,0.054214697,9.511265e-06,0.01415271,0,0.34527119994163513,0.06310239,0.04104948,3.4957366e-06,0.008056081,0,0.40030771493911743
TSBD_WSSV_0e0b18da56,0,0,0,0.20508903,0.19125575,0.32107994,0.89509183,0.99997985,0.9472251,0,0.2544211149215698,0.23715173,0.05650739,1.2281072e-05,0.025606709,0,0.34527119994163513,0.4417684,0.048400853,7.875846e-06,0.027168227,0,0.40030771493911743
TSBD_WSSV_0e04e30a96,1,1,0,0.8869119,0.004562082,0.8436126,0.9060017,0.9999888,0.98001117,1,0.2544211149215698,0.08601073,0.04827695,5.3063904e-06,0.01037791,0,0.34527119994163513,0.070376635,0.045721352,5.8034825e-06,0.009610921,0,0.40030771493911743
TSBD_WSSV_b14315239e,1,1,0,0.885091,0.004709089,0.84145296,0.9054024,0.9999883,0.97968227,1,0.2544211149215698,0.074317046,0.046824023,4.5080797e-06,0.009421876,0,0.34527119994163513,0.08422996,0.04777355,7.1585746e-06,0.010895828,0,0.40030771493911743
TSBD_WSSV_ad26e82e3c,0,0,0,0.15740524,0.24220504,0.24777329,0.8956477,0.9999809,0.9418383,0,0.2544211149215698,0.19926532,0.054261558,9.716592e-06,0.024570994,0,0.34527119994163513,0.5529614,0.050090738,9.309737e-06,0.03359067,0,0.40030771493911743
TSBD_WSSV_cda41068f5,1,0,0,0.75164473,0.0143143125,0.8143279,0.7178319,0.96727115,0.85423416,0,0.2544211149215698,0.12208736,0.24680969,0.03272469,0.13814975,0,0.34527119994163513,0.06358485,0.035358332,4.133343e-06,0.0076160976,0,0.40030771493911743
TSBD_WSSV_f51f241a0d,1,0,2,0.63668305,0.030381693,0.1906096,0.13689305,0.00025099269,0.053616762,0,0.2544211149215698,0.21478271,0.06594958,8.416142e-06,0.02040864,0,0.34527119994163513,0.5946077,0.7971574,0.99974054,0.9259746,0,0.40030771493911743
TSBD_WSSV_2578508dff,1,0,0,0.47700107,0.07194866,0.529036,0.8652163,0.9997383,0.93070185,0,0.2544211149215698,0.40853545,0.102519214,0.00026029328,0.062487446,0,0.34527119994163513,0.06242861,0.032264434,1.444997e-06,0.006810687,0,0.40030771493911743
TSBD_WSSV_45511a46f0,1,1,0,0.883375,0.0051510185,0.8431567,0.9063019,0.99998903,0.98012793,1,0.2544211149215698,0.09719275,0.04902773,5.7264265e-06,0.01107619,0,0.34527119994163513,0.059650663,0.04467043,5.2396617e-06,0.008795853,0,0.40030771493911743
TSBD_WSSV_87146ab98c,0,0,0,0.35570896,0.11661053,0.3744476,0.83228844,0.99881256,0.8764769,0,0.2544211149215698,0.55768985,0.13619812,0.0011860773,0.11600339,0,0.34527119994163513,0.067862496,0.031513423,1.4583824e-06,0.0075197113,0,0.40030771493911743
TSBD_WSSV_e143d38f01,0,0,1,0.21612926,0.20194504,0.06867596,0.06772212,5.9711547e-06,0.017451419,0,0.2544211149215698,0.22199444,0.80800456,0.99988735,0.89013284,0,0.34527119994163513,0.7093296,0.12427334,0.000106623775,0.09241581,0,0.40030771493911743
TSBD_WSSV_ea73217725,1,0,1,0.45887455,0.067748144,0.11565945,0.41006878,0.05979386,0.20734914,0,0.2544211149215698,0.7271199,0.5479085,0.9402011,0.78000414,0,0.34527119994163513,0.15722065,0.04202269,4.9636933e-06,0.012646755,0,0.40030771493911743
TSBD_WSSV_7568f33745,0,0,0,0.21914673,0.18905166,0.35260087,0.8385824,0.99921215,0.9212854,0,0.2544211149215698,0.09648579,0.1266098,0.000785716,0.05984715,0,0.34527119994163513,0.55091333,0.03480788,2.1198534e-06,0.018867452,0,0.40030771493911743
TSBD_WSSV_c0b728f042,0,0,1,0.14542523,0.26492807,0.0780752,0.07496911,6.450409e-06,0.020526454,0,0.2544211149215698,0.20439208,0.85746855,0.9999889,0.9395712,0,0.34527119994163513,0.7175327,0.06756232,4.6648133e-06,0.03990234,0,0.40030771493911743
TSBD_WSSV_7555e38281,0,0,0,0.32202017,0.12536743,0.43848,0.888265,0.9999509,0.9473576,0,0.2544211149215698,0.100143515,0.0408644,2.3168961e-06,0.010551061,0,0.34527119994163513,0.46137655,0.07087053,4.681221e-05,0.042091317,0,0.40030771493911743
TSBD_WSSV_d921343af4,0,0,0,0.08022702,0.36078876,0.12909223,0.90312916,0.9999869,0.9353858,0,0.2544211149215698,0.09289084,0.04818648,5.1206957e-06,0.019501235,0,0.34527119994163513,0.7780169,0.0486844,8.038978e-06,0.04511294,0,0.40030771493911743
TSBD_WSSV_94a3c39469,1,1,0,0.883606,0.0049912306,0.84160686,0.9057844,0.9999889,0.9799591,1,0.2544211149215698,0.09128032,0.047831845,4.9483133e-06,0.010414911,0,0.34527119994163513,0.067112826,0.046383787,6.126474e-06,0.009626057,0,0.40030771493911743
TSBD_WSSV_65692fdd3f,0,0,1,0.3451152,0.1231922,0.07623212,0.0724031,1.6931785e-05,0.020656025,0,0.2544211149215698,0.24046884,0.7088567,0.99714166,0.7754261,0,0.34527119994163513,0.68329895,0.21874022,0.0028413995,0.20391786,0,0.40030771493911743
TSBD_WSSV_0464ee44c0,0,0,0,0.06094789,0.38355264,0.09143517,0.90433913,0.9999882,0.92274374,0,0.2544211149215698,0.3714764,0.04962381,5.9964327e-06,0.036851786,0,0.34527119994163513,0.53708845,0.046037056,5.9001013e-06,0.040404506,0,0.40030771493911743
TSBD_WSSV_51f7222cef,1,0,2,0.6760673,0.006504016,0.08154587,0.048368696,1.2936747e-05,0.012008777,0,0.2544211149215698,0.25802004,0.35194105,0.11138665,0.26881042,0,0.34527119994163513,0.66043407,0.59969026,0.8886004,0.7191808,0,0.40030771493911743
TSBD_WSSV_148921b882,0,0,1,0.37467948,0.10307072,0.09494521,0.062116943,2.6788284e-05,0.020634055,0,0.2544211149215698,0.16028889,0.58786005,0.9439455,0.5531139,0,0.34527119994163513,0.74476594,0.350023,0.05602763,0.42625207,0,0.40030771493911743
TSBD_WSSV_49f573118f,0,0,0,0.17371224,0.23087269,0.28015178,0.902738,0.99998677,0.95115364,0,0.2544211149215698,0.13199379,0.048610564,5.4439647e-06,0.017380685,0,0.34527119994163513,0.58785444,0.048651434,7.738997e-06,0.031465586,0,0.40030771493911743
TSBD_WSSV_f7bb98aadd,1,0,0,0.5044671,0.05408095,0.47876215,0.7915207,0.999212,0.88217974,0,0.2544211149215698,0.2965904,0.1170871,0.0005948732,0.07148987,0,0.34527119994163513,0.22464748,0.09139217,0.00019309807,0.046330374,0,0.40030771493911743
TSBD_WSSV_32f477127b,0,0,1,0.31066763,0.1350977,0.06164998,0.06883162,4.418207e-06,0.013338766,0,0.2544211149215698,0.41849914,0.8599188,0.99998975,0.9564962,0,0.34527119994163513,0.51985085,0.07124963,5.7948823e-06,0.030165032,0,0.40030771493911743
TSBD_WSSV_6532d5dd16,1,0,0,0.86473596,0.0071894918,0.8262648,0.90361774,0.99998534,0.9779113,0,0.2544211149215698,0.11801227,0.05554863,1.1068304e-05,0.014394929,0,0.34527119994163513,0.055722952,0.040833592,3.5871892e-06,0.007693727,0,0.40030771493911743
TSBD_WSSV_399a1e23cc,1,0,2,0.8562979,0.005725825,0.07499729,0.055304423,3.983932e-06,0.010199334,0,0.2544211149215698,0.12272853,0.06710784,7.061321e-06,0.014823734,0,0.34527119994163513,0.8022742,0.8775877,0.99998903,0.97497696,0,0.40030771493911743
TSBD_WSSV_c07e032039,1,0,2,0.8342502,0.008124565,0.073751956,0.057276685,4.853364e-06,0.010806201,0,0.2544211149215698,0.1433667,0.07021776,9.006064e-06,0.016912926,0,0.34527119994163513,0.78288126,0.87250555,0.99998605,0.97228086,0,0.40030771493911743
TSBD_WSSV_a3b514246a,1,0,2,0.6943878,0.008944336,0.0623568,0.03876023,4.2322795e-06,0.007894753,0,0.2544211149215698,0.22702317,0.34305835,0.088525794,0.24209994,0,0.34527119994163513,0.71062005,0.6181814,0.91146994,0.7500053,0,0.40030771493911743
TSBD_WSSV_9e8ca9f55f,0,0,2,0.5153359,0.015479006,0.058199316,0.039066147,6.3539715e-06,0.008285305,0,0.2544211149215698,0.3080206,0.4789336,0.6105682,0.4549269,0,0.34527119994163513,0.63378006,0.4820003,0.3894254,0.5367878,0,0.40030771493911743
TSBD_WSSV_978efa34a6,1,0,2,0.7490291,0.014167979,0.06885452,0.05510871,5.78494e-06,0.011168206,0,0.2544211149215698,0.25023502,0.12535854,0.00022138574,0.05264039,0,0.34527119994163513,0.6809104,0.81953275,0.9997727,0.9361914,0,0.40030771493911743
TSBD_WSSV_4575fa460f,1,1,2,0.85789865,0.0030289027,0.06991108,0.039766736,1.2429327e-06,0.0068222075,0,0.2544211149215698,0.136923,0.11436339,0.00011615997,0.034408633,0,0.34527119994163513,0.79316586,0.84586996,0.9998826,0.9587692,1,0.40030771493911743
TSBD_WSSV_6e2231b074,1,1,1,0.8074123,0.008629218,0.105702884,0.055049915,1.891994e-06,0.010224692,0,0.2544211149215698,0.7404777,0.84477234,0.9999696,0.96350676,1,0.34527119994163513,0.15381949,0.10017772,2.8556124e-05,0.026268559,0,0.40030771493911743
TSBD_WSSV_18c088457d,1,0,2,0.6229285,0.034323625,0.18400678,0.09828291,6.429638e-05,0.034840163,0,0.2544211149215698,0.229674,0.08258769,2.9490668e-05,0.029790225,0,0.34527119994163513,0.58631915,0.81912935,0.9999063,0.9353697,0,0.40030771493911743
TSBD_WSSV_77302aa089,1,0,2,0.84060276,0.0066887597,0.08493707,0.079756364,2.030209e-05,0.017552115,0,0.2544211149215698,0.1255977,0.060145617,4.5735305e-06,0.013157661,0,0.34527119994163513,0.7894651,0.86009806,0.9999752,0.9692902,0,0.40030771493911743
TSBD_WSSV_bc1451b5cd,1,0,2,0.83925575,0.008324793,0.07027172,0.05951782,5.467806e-06,0.011012865,0,0.2544211149215698,0.13522147,0.061665922,4.6743835e-06,0.013636547,0,0.34527119994163513,0.79450685,0.87881625,0.99998987,0.97535056,0,0.40030771493911743
TSBD_WSSV_2c0825dfbc,1,1,2,0.8678884,0.0044096634,0.09030601,0.06332072,6.9235125e-06,0.012870756,0,0.2544211149215698,0.09736808,0.057722196,3.3213798e-06,0.010943491,0,0.34527119994163513,0.81232595,0.8789571,0.99998975,0.97618574,1,0.40030771493911743
TSBD_WSSV_21eca1a9bc,1,0,2,0.7248019,0.025470253,0.07689639,0.068477675,9.642109e-06,0.013987144,0,0.2544211149215698,0.19979666,0.05538435,2.7577198e-06,0.013825179,0,0.34527119994163513,0.72330695,0.8761379,0.9999876,0.9721877,0,0.40030771493911743
TSBD_WSSV_a7578fa09c,1,1,2,0.8637439,0.005043054,0.08173092,0.06327617,6.9095286e-06,0.012427822,0,0.2544211149215698,0.107300155,0.057784986,3.3594613e-06,0.011360382,0,0.34527119994163513,0.810969,0.87893885,0.99998975,0.9762118,1,0.40030771493911743
TSBD_WSSV_8acd11d1ec,1,0,2,0.8527768,0.006567017,0.07393778,0.061133828,5.9676463e-06,0.011502966,0,0.2544211149215698,0.121730156,0.059609987,3.9137153e-06,0.012445722,0,0.34527119994163513,0.80433214,0.8792561,0.9999901,0.97605133,0,0.40030771493911743
TSBD_WSSV_ce8f668353,1,1,2,0.8678955,0.004412721,0.090191185,0.063198514,6.852445e-06,0.012827203,0,0.2544211149215698,0.09746063,0.057793383,3.3365397e-06,0.010963059,0,0.34527119994163513,0.8123482,0.8790081,0.99998987,0.9762097,1,0.40030771493911743
TSBD_WSSV_c5bb7f551a,1,1,2,0.862367,0.0052024527,0.08191659,0.062441338,6.476483e-06,0.012210963,0,0.2544211149215698,0.10858868,0.05842557,3.5383573e-06,0.011590329,0,0.34527119994163513,0.80949473,0.879133,0.99999,0.9761987,1,0.40030771493911743
TSBD_WSSV_95dc6e27d4,0,0,0,0.13329,0.27117005,0.12720157,0.7323284,0.99440044,0.7662143,0,0.2544211149215698,0.73701894,0.08100188,0.00010277953,0.083940126,0,0.34527119994163513,0.13577954,0.18666974,0.0054967324,0.14984566,0,0.40030771493911743
TSBD_WSSV_309436940c,1,0,2,0.5685993,0.055045955,0.06488578,0.06226461,6.491859e-06,0.012196872,0,0.2544211149215698,0.3051433,0.06027804,4.041785e-06,0.018796477,0,0.34527119994163513,0.62997097,0.8774573,0.9999895,0.96900666,0,0.40030771493911743
TSBD_WSSV_29362e9f5a,1,0,2,0.83248115,0.009296948,0.07472931,0.06539407,7.852346e-06,0.012643503,0,0.2544211149215698,0.13378856,0.056717936,3.0319027e-06,0.01202035,0,0.34527119994163513,0.79148215,0.877888,0.99998915,0.9753362,0,0.40030771493911743
TSBD_WSSV_e67891395a,1,1,2,0.85712826,0.005926093,0.078941785,0.06263191,6.645717e-06,0.012147373,0,0.2544211149215698,0.114601284,0.058276728,3.5102657e-06,0.011792763,0,0.34527119994163513,0.806457,0.8790914,0.99998987,0.97605985,1,0.40030771493911743
TSBD_WSSV_2653717417,1,0,2,0.7746931,0.015349914,0.18839592,0.0826544,2.1753112e-05,0.024420839,0,0.2544211149215698,0.08205673,0.05103545,1.8881136e-06,0.009013627,0,0.34527119994163513,0.7295474,0.8663101,0.9999764,0.96656555,0,0.40030771493911743
TSBD_WSSV_c98c109e0f,1,0,2,0.8275322,0.010034514,0.070163056,0.06230478,6.3578823e-06,0.0116123855,0,0.2544211149215698,0.14143892,0.059133682,3.7940727e-06,0.013074721,0,0.34527119994163513,0.78839797,0.8785616,0.99998987,0.9753129,0,0.40030771493911743
TSBD_WSSV_3339e18081,1,1,2,0.86500484,0.0048035104,0.08501673,0.062481187,6.5442196e-06,0.012394154,0,0.2544211149215698,0.10432347,0.058609355,3.624727e-06,0.011494914,0,0.34527119994163513,0.8106597,0.87890947,0.99998987,0.97611094,1,0.40030771493911743
TSBD_WSSV_f675da990c,1,1,2,0.8660772,0.004594677,0.0912259,0.06406631,7.32775e-06,0.01314231,0,0.2544211149215698,0.098200105,0.05733517,3.2313037e-06,0.010890735,0,0.34527119994163513,0.81057405,0.8785985,0.9999895,0.97596693,1,0.40030771493911743
TSBD_WSSV_e8d0267684,1,0,2,0.8517363,0.0046144077,0.12869069,0.0939826,3.883876e-05,0.024852812,0,0.2544211149215698,0.08258771,0.046827063,1.2549232e-06,0.007828468,0,0.34527119994163513,0.7887216,0.85919034,0.9999598,0.9673188,0,0.40030771493911743
TSBD_WSSV_93ee9c6175,1,0,2,0.4165005,0.0684416,0.1400097,0.47211823,0.25861624,0.30131575,0,0.2544211149215698,0.08167928,0.035697225,2.6365958e-06,0.007836931,0,0.34527119994163513,0.778311,0.49218452,0.7413811,0.6908473,0,0.40030771493911743
TSBD_WSSV_56b93bffca,1,1,2,0.8651622,0.0046501476,0.09409597,0.063799314,7.1350682e-06,0.013197994,0,0.2544211149215698,0.09677738,0.057843298,3.3835945e-06,0.010985544,0,0.34527119994163513,0.8091266,0.87835735,0.9999895,0.9758165,1,0.40030771493911743
TSBD_WSSV_05e0a12846,1,0,2,0.7041659,0.019412667,0.14235212,0.29453284,0.013028605,0.13734701,0,0.2544211149215698,0.07765486,0.03674418,1.0347827e-06,0.006590462,0,0.34527119994163513,0.77999306,0.66872305,0.9869703,0.8560626,0,0.40030771493911743
TSBD_WSSV_0bc0ac833f,1,0,0,0.5238893,0.052446008,0.5081037,0.80951494,0.99788755,0.8780007,0,0.2544211149215698,0.060892403,0.032350454,8.5454093e-07,0.0060018306,0,0.34527119994163513,0.43100387,0.15813465,0.0021116405,0.11599748,0,0.40030771493911743
TSBD_WSSV_026c64bd33,1,0,2,0.8360893,0.008008847,0.09800425,0.07473588,1.3873825e-05,0.016589489,0,0.2544211149215698,0.11589199,0.05259603,2.0898792e-06,0.010285883,0,0.34527119994163513,0.7861038,0.872668,0.999984,0.9731246,0,0.40030771493911743
TSBD_WSSV_9f2b1f9f8f,0,0,2,0.14008039,0.26745713,0.13728714,0.06556779,8.112006e-06,0.024550544,0,0.2544211149215698,0.66053605,0.058755822,3.5863313e-06,0.034397036,0,0.34527119994163513,0.2021769,0.87567633,0.9999883,0.94105244,0,0.40030771493911743
TSBD_WSSV_38f10d750a,1,0,2,0.61102605,0.043878745,0.28917226,0.077493645,1.6243997e-05,0.027210904,0,0.2544211149215698,0.08086695,0.051543787,1.890614e-06,0.009430821,0,0.34527119994163513,0.6299608,0.87096256,0.9999819,0.9633583,0,0.40030771493911743
TSBD_WSSV_76536085a9,1,1,2,0.8648916,0.0046912003,0.090947635,0.066900745,8.6332375e-06,0.013841629,0,0.2544211149215698,0.09916324,0.0556708,2.7377394e-06,0.010439146,0,0.34527119994163513,0.809889,0.8774284,0.9999887,0.9757193,1,0.40030771493911743
TSBD_WSSV_e36aec3084,0,0,2,0.099195905,0.3199783,0.19971083,0.062370665,6.8039135e-06,0.030570406,0,0.2544211149215698,0.67409515,0.066541515,6.985007e-06,0.04843342,0,0.34527119994163513,0.126194,0.87108785,0.9999862,0.9209962,0,0.40030771493911743
TSBD_WSSV_b632ff4665,1,1,2,0.8613352,0.0050192643,0.100165546,0.06666571,8.620681e-06,0.014313648,0,0.2544211149215698,0.09472944,0.055796504,2.8133957e-06,0.010356749,0,0.34527119994163513,0.80510503,0.8775377,0.99998856,0.97532964,1,0.40030771493911743
TSBD_WSSV_f392420764,1,1,1,0.82948035,0.007466452,0.101801395,0.070748284,4.892402e-06,0.013483525,0,0.2544211149215698,0.7694074,0.86122954,0.99999034,0.9722328,1,0.34527119994163513,0.12879121,0.06802216,4.7246713e-06,0.014283681,0,0.40030771493911743
TSBD_WSSV_08f57edf07,1,0,2,0.8412509,0.007983205,0.0784984,0.064298294,7.4231034e-06,0.012600156,0,0.2544211149215698,0.12624808,0.057454363,3.2963299e-06,0.0120253535,0,0.34527119994163513,0.7952536,0.8782474,0.9999893,0.97537446,0,0.40030771493911743
TSBD_WSSV_922a715bec,1,0,2,0.8499583,0.0060775084,0.106899664,0.07062805,1.1319273e-05,0.01595053,0,0.2544211149215698,0.09978575,0.05531019,2.822665e-06,0.010565701,0,0.34527119994163513,0.79331464,0.8740617,0.9999858,0.97348374,0,0.40030771493911743
TSBD_WSSV_aa0b3c4c15,1,1,2,0.8591769,0.005248364,0.08383,0.06697498,9.085888e-06,0.013626872,0,0.2544211149215698,0.110611275,0.0585593,3.77249e-06,0.011856208,0,0.34527119994163513,0.8055587,0.8744657,0.9999871,0.9745169,1,0.40030771493911743
TSBD_WSSV_daa4ba808b,1,0,2,0.80002755,0.01219609,0.085591026,0.11519237,0.000102643855,0.028936168,0,0.2544211149215698,0.13366571,0.04769174,1.5881378e-06,0.009880255,0,0.34527119994163513,0.7807433,0.83711594,0.9998958,0.96118355,0,0.40030771493911743
TSBD_WSSV_311dd1baf7,1,1,2,0.86458254,0.0048464667,0.084231704,0.0636736,7.220027e-06,0.012707626,0,0.2544211149215698,0.10508509,0.057974137,3.5019714e-06,0.011389795,0,0.34527119994163513,0.81068325,0.8783522,0.9999893,0.97590256,1,0.40030771493911743
TSBD_WSSV_34ee093e2e,1,0,2,0.7262656,0.023691986,0.22012196,0.07600076,1.503541e-05,0.023294806,0,0.2544211149215698,0.074288644,0.051976513,1.9815564e-06,0.008951033,0,0.34527119994163513,0.7055894,0.8720227,0.99998295,0.9677542,0,0.40030771493911743
TSBD_WSSV_cbb32ff38a,1,0,2,0.7243946,0.025164424,0.07595987,0.0591896,5.2245064e-06,0.011560593,0,0.2544211149215698,0.20792195,0.062757246,5.1670922e-06,0.016846867,0,0.34527119994163513,0.71611816,0.87805325,0.9999896,0.97159255,0,0.40030771493911743
TSBD_WSSV_9291ca740d,0,0,0,0.13102081,0.28429228,0.1478562,0.8576279,0.999668,0.8669986,0,0.2544211149215698,0.07911193,0.03383187,9.3402156e-07,0.010122129,0,0.34527119994163513,0.7730319,0.10854027,0.00033103517,0.12287929,0,0.40030771493911743
TSBD_WSSV_73bc44153b,1,0,0,0.7064965,0.013907993,0.77078974,0.65876347,0.9172081,0.7895453,0,0.2544211149215698,0.058642276,0.0334992,1.8060679e-06,0.0060605737,0,0.34527119994163513,0.17056793,0.3077374,0.08279003,0.20439413,0,0.40030771493911743
TSBD_WSSV_4491558e57,0,0,0,0.40286276,0.09702997,0.33419433,0.76355666,0.99193007,0.78884083,0,0.2544211149215698,0.0647142,0.032448456,1.0396129e-06,0.0068277298,0,0.34527119994163513,0.6010915,0.20399494,0.00806885,0.20433144,0,0.40030771493911743
TSBD_WSSV_1ee4a00587,1,1,2,0.864671,0.0047332235,0.09094238,0.06514574,7.7628765e-06,0.01338931,0,0.2544211149215698,0.09964748,0.056841016,3.0552887e-06,0.010789674,0,0.34527119994163513,0.8094101,0.87801313,0.99998915,0.97582096,1,0.40030771493911743
TSBD_WSSV_ecb905238d,0,0,0,0.1233169,0.29391396,0.1326686,0.8535493,0.9996164,0.85649586,0,0.2544211149215698,0.08225829,0.033894125,9.401843e-07,0.010574214,0,0.34527119994163513,0.78507316,0.11255656,0.00038260652,0.13292992,0,0.40030771493911743
TSBD_WSSV_ccd255a2df,1,1,2,0.8662245,0.004617123,0.088767044,0.06411966,7.239176e-06,0.012988298,0,0.2544211149215698,0.09996257,0.0571935,3.1234285e-06,0.0108706495,0,0.34527119994163513,0.8112704,0.87868685,0.9999896,0.97614104,1,0.40030771493911743
TSBD_WSSV_584c5a10d0,1,0,2,0.7313027,0.017145962,0.12754567,0.2608695,0.006540234,0.10948836,0,0.2544211149215698,0.08159117,0.037726533,9.991776e-07,0.0067666024,0,0.34527119994163513,0.7908631,0.70140404,0.9934588,0.8837451,0,0.40030771493911743
TSBD_WSSV_aa58f57ab0,1,1,0,0.88858813,0.0043134573,0.8445706,0.90560067,0.9999887,0.9799127,1,0.2544211149215698,0.078521386,0.049250223,5.868986e-06,0.010346328,0,0.34527119994163513,0.07690808,0.04514914,5.474975e-06,0.00974099,0,0.40030771493911743
TSBD_WSSV_4f3b6f89a8,0,0,0,0.56978256,0.01270692,0.4603403,0.6149313,0.81747144,0.627952,0,0.2544211149215698,0.06520004,0.03392764,2.2318593e-06,0.0066351625,0,0.34527119994163513,0.47445965,0.35114107,0.18252635,0.3654129,0,0.40030771493911743
TSBD_WSSV_279702ba92,1,0,2,0.78964007,0.015360421,0.075548306,0.06513329,7.808123e-06,0.012805019,0,0.2544211149215698,0.16194716,0.05691857,3.055615e-06,0.013045047,0,0.34527119994163513,0.7625045,0.8779481,0.99998903,0.97414994,0,0.40030771493911743
TSBD_WSSV_9dc876dd17,1,0,2,0.7489177,0.019493882,0.14650218,0.08085341,1.960231e-05,0.021843031,0,0.2544211149215698,0.13949056,0.05032501,1.7094563e-06,0.010648949,0,0.34527119994163513,0.71400726,0.8688216,0.9999788,0.967508,0,0.40030771493911743
TSBD_WSSV_0ce34b5766,1,0,0,0.7393141,0.025207268,0.7410302,0.90282834,0.999985,0.97379744,0,0.2544211149215698,0.07242198,0.04329191,3.0303552e-06,0.008662462,0,0.34527119994163513,0.18654779,0.05387967,1.2037865e-05,0.017540123,0,0.40030771493911743
TSBD_WSSV_6c3afb6716,1,1,0,0.87758964,0.005564309,0.83459127,0.9051838,0.9999881,0.97934157,1,0.2544211149215698,0.07919663,0.045440465,3.8001676e-06,0.009209689,0,0.34527119994163513,0.0862121,0.049375754,8.066842e-06,0.011448761,0,0.40030771493911743
TSBD_WSSV_366db07a25,1,0,2,0.7954826,0.013321296,0.11781557,0.07283546,1.2376742e-05,0.017325835,0,0.2544211149215698,0.13033165,0.053242378,2.1989933e-06,0.011033813,0,0.34527119994163513,0.7518527,0.8739222,0.99998546,0.97164035,0,0.40030771493911743
TSBD_WSSV_b84a0005bf,1,0,0,0.54586333,0.06236206,0.6274059,0.9023609,0.9999838,0.9687109,0,0.2544211149215698,0.06255015,0.04231774,2.6682687e-06,0.008375163,0,0.34527119994163513,0.31004393,0.055321317,1.3593637e-05,0.022913914,0,0.40030771493911743
TSBD_WSSV_6624c91a73,0,0,0,0.29305753,0.15153837,0.2987425,0.8255569,0.99876094,0.8599855,0,0.2544211149215698,0.068997584,0.032826673,8.6791306e-07,0.0074011264,0,0.34527119994163513,0.6322599,0.14161642,0.0012382861,0.13261342,0,0.40030771493911743
TSBD_WSSV_8a1517bc0e,1,0,2,0.5458607,0.0602627,0.06219682,0.060784552,5.7624366e-06,0.011679856,0,0.2544211149215698,0.32023767,0.06018899,4.1315593e-06,0.019306853,0,0.34527119994163513,0.61756545,0.8790264,0.9999901,0.9690133,0,0.40030771493911743
TSBD_WSSV_cada06cffd,1,0,2,0.649826,0.03614251,0.056239586,0.044366207,1.6915337e-06,0.007492065,0,0.2544211149215698,0.2912136,0.08922491,2.9644776e-05,0.032347422,0,0.34527119994163513,0.6525468,0.86640894,0.99996865,0.9601605,0,0.40030771493911743
TSBD_WSSV_72abeff3dc,1,0,0,0.5475079,0.06082752,0.618018,0.8964451,0.9999709,0.96392226,0,0.2544211149215698,0.060041163,0.039148647,1.8001602e-06,0.007392656,0,0.34527119994163513,0.32194087,0.06440622,2.7339482e-05,0.028685061,0,0.40030771493911743
TSBD_WSSV_71629aa3f2,1,1,2,0.8659073,0.004660478,0.08771846,0.064197615,7.285045e-06,0.012958803,0,0.2544211149215698,0.10108221,0.057242073,3.1252011e-06,0.01091935,0,0.34527119994163513,0.8111993,0.8785603,0.9999896,0.9761219,1,0.40030771493911743
TSBD_WSSV_bd69e16b82,1,0,2,0.50810325,0.069110334,0.060551293,0.0610883,6.0387033e-06,0.011852394,0,0.2544211149215698,0.34482548,0.06008477,4.1036305e-06,0.020018443,0,0.34527119994163513,0.5946232,0.878827,0.99998987,0.96812916,0,0.40030771493911743
TSBD_WSSV_6fd5eb945a,0,0,2,0.1666141,0.24119824,0.1052848,0.057895564,4.8478214e-06,0.0180672,0,0.2544211149215698,0.65671915,0.065544255,6.357548e-06,0.038277585,0,0.34527119994163513,0.23799604,0.87656015,0.9999888,0.94365525,0,0.40030771493911743
TSBD_WSSV_7ed3990ccb,0,0,2,0.1495224,0.22749096,0.11701027,0.3970127,0.14370573,0.32524145,0,0.2544211149215698,0.7197373,0.08963907,0.00025456256,0.08854506,0,0.34527119994163513,0.1632524,0.5133483,0.85603964,0.5862135,0,0.40030771493911743
TSBD_WSSV_8b1c70a3bc,1,0,2,0.47491974,0.0749134,0.071526885,0.066749945,9.357507e-06,0.014599314,0,0.2544211149215698,0.37403753,0.06886534,9.02315e-06,0.026225608,0,0.34527119994163513,0.5544357,0.8643847,0.99998164,0.9591751,0,0.40030771493911743
TSBD_WSSV_f583f8e371,1,0,2,0.8362935,0.00696652,0.13368161,0.08516943,2.4229212e-05,0.022014843,0,0.2544211149215698,0.08978052,0.04899542,1.5367389e-06,0.008601985,0,0.34527119994163513,0.77653784,0.8658352,0.99997425,0.9693831,0,0.40030771493911743
TSBD_WSSV_493953f127,1,1,2,0.86248976,0.0043160506,0.09811512,0.086545,2.6864329e-05,0.020079343,0,0.2544211149215698,0.09341144,0.048293587,1.4504877e-06,0.008467221,0,0.34527119994163513,0.8084734,0.86516136,0.99997175,0.9714535,1,0.40030771493911743
TSBD_WSSV_1139b0bbb2,1,0,2,0.85688204,0.0041835695,0.12465449,0.09201039,3.554051e-05,0.023856563,0,0.2544211149215698,0.08086337,0.04693036,1.2871325e-06,0.0077988543,0,0.34527119994163513,0.7944821,0.86105925,0.99996316,0.96834457,0,0.40030771493911743
TSBD_WSSV_735499e204,1,0,0,0.84685075,0.009041011,0.8139529,0.8940504,0.99997365,0.974845,0,0.2544211149215698,0.11453899,0.04478415,3.793848e-06,0.010509229,0,0.34527119994163513,0.07150811,0.061165437,2.2554648e-05,0.014645847,0,0.40030771493911743
TSBD_WSSV_01066cc969,1,0,2,0.8383345,0.008381389,0.072961025,0.06113954,5.942899e-06,0.011492345,0,0.2544211149215698,0.13371581,0.060634736,4.3011046e-06,0.01326743,0,0.34527119994163513,0.79332316,0.8782257,0.99998975,0.97524023,0,0.40030771493911743
TSBD_WSSV_941d089361,1,0,0,0.6077005,0.041888483,0.60505503,0.85752,0.9996971,0.93609124,0,0.2544211149215698,0.111394405,0.03649823,1.4692855e-06,0.008523189,0,0.34527119994163513,0.2835506,0.1059818,0.0003015287,0.0553856,0,0.40030771493911743
TSBD_WSSV_629e5c7c92,1,0,0,0.796193,0.01721059,0.7862116,0.90575314,0.9999887,0.9775002,0,0.2544211149215698,0.060094845,0.04652,4.3205287e-06,0.0088341115,0,0.34527119994163513,0.15369359,0.047726896,6.984957e-06,0.013665647,0,0.40030771493911743
TSBD_WSSV_cf01831715,0,0,2,0.19570552,0.19934395,0.61630166,0.2911346,0.013987781,0.35329875,0,0.2544211149215698,0.2878938,0.04418302,2.9349083e-06,0.021297937,0,0.34527119994163513,0.09580452,0.6646824,0.9860093,0.6254033,0,0.40030771493911743
TSBD_WSSV_2c0f3e0b28,1,0,2,0.7318591,0.019250255,0.10882459,0.23062609,0.003260393,0.08583291,0,0.2544211149215698,0.10118989,0.037750263,8.2969467e-07,0.007079982,0,0.34527119994163513,0.7899855,0.7316236,0.99673873,0.90708715,0,0.40030771493911743
TSBD_WSSV_801c0b8b82,1,0,2,0.84185284,0.007706614,0.088200174,0.064032406,7.2082994e-06,0.013036846,0,0.2544211149215698,0.11965223,0.057257295,3.1598486e-06,0.011696104,0,0.34527119994163513,0.7921475,0.8787103,0.9999896,0.97526705,0,0.40030771493911743
TSBD_WSSV_f2274525f7,1,0,2,0.8386474,0.007575399,0.12848805,0.07023735,1.0673749e-05,0.016826916,0,0.2544211149215698,0.08758611,0.054238398,2.4450949e-06,0.00975513,0,0.34527119994163513,0.7839258,0.8755243,0.99998677,0.973418,0,0.40030771493911743
TSBD_WSSV_2e17c58aad,1,0,2,0.8469667,0.00463151,0.12662357,0.106245644,6.647835e-05,0.02915867,0,0.2544211149215698,0.08808367,0.044914894,1.0426098e-06,0.0075932005,0,0.34527119994163513,0.78529274,0.8488394,0.9999324,0.96324813,0,0.40030771493911743
TSBD_WSSV_bb9d07b1e5,1,0,2,0.8563207,0.0055807475,0.102623045,0.06421942,7.2911994e-06,0.013753098,0,0.2544211149215698,0.09724183,0.058326643,3.6107722e-06,0.011229588,0,0.34527119994163513,0.80013514,0.87745404,0.99998915,0.9750173,0,0.40030771493911743
TSBD_WSSV_950d6de8a1,1,0,2,0.83879066,0.0039737104,0.14196768,0.118942946,0.00011840708,0.036125463,0,0.2544211149215698,0.08931327,0.049751483,1.9941247e-06,0.009168597,0,0.34527119994163513,0.768719,0.8313056,0.9998796,0.95470595,0,0.40030771493911743
TSBD_WSSV_0b909fea6f,1,1,2,0.86398375,0.004752254,0.09755782,0.065202974,7.926524e-06,0.013791416,0,0.2544211149215698,0.09468272,0.056751408,3.1108843e-06,0.01063386,0,0.34527119994163513,0.80775946,0.8780455,0.99998903,0.97557473,1,0.40030771493911743
TSBD_WSSV_50b41d3123,1,1,2,0.8635572,0.0041878847,0.103645965,0.0808867,1.9836682e-05,0.018690307,0,0.2544211149215698,0.09036878,0.050290667,1.7599558e-06,0.008861573,0,0.34527119994163513,0.8059852,0.8688226,0.9999784,0.97244805,1,0.40030771493911743
TSBD_WSSV_1d66e28720,1,0,2,0.8518812,0.0066201985,0.07768802,0.06311858,6.7899364e-06,0.012191899,0,0.2544211149215698,0.11925636,0.058065176,3.3990875e-06,0.011879731,0,0.34527119994163513,0.8030557,0.87881625,0.99998975,0.9759283,0,0.40030771493911743
TSBD_WSSV_f9303a9060,1,0,2,0.7932257,0.015202785,0.065491706,0.06332461,6.972513e-06,0.011722003,0,0.2544211149215698,0.16477801,0.057843488,3.3867884e-06,0.013453585,0,0.34527119994163513,0.76973027,0.8788319,0.99998975,0.9748244,0,0.40030771493911743
TSBD_WSSV_ffd6ae5c1c,1,1,2,0.8666951,0.004434163,0.09785142,0.065609396,8.042216e-06,0.013872573,0,0.2544211149215698,0.09191847,0.056359045,2.9527876e-06,0.010373365,0,0.34527119994163513,0.8102302,0.87803155,0.99998903,0.9757541,1,0.40030771493911743
TSBD_WSSV_6a97515cc2,1,0,2,0.8071939,0.013042277,0.06745031,0.06212332,6.412039e-06,0.011511629,0,0.2544211149215698,0.15595956,0.05879371,3.6858276e-06,0.01347996,0,0.34527119994163513,0.77659017,0.879083,0.99998987,0.9750084,0,0.40030771493911743
TSBD_WSSV_6a19d7effb,1,0,2,0.805331,0.012477944,0.1533114,0.0649113,7.699903e-06,0.01631092,0,0.2544211149215698,0.08333741,0.05690436,3.1356246e-06,0.010376729,0,0.34527119994163513,0.76335114,0.8781843,0.99998915,0.9733124,0,0.40030771493911743
TSBD_WSSV_9872bb742f,1,0,0,0.83007175,0.012071343,0.8045198,0.90503603,0.99998796,0.9778604,0,0.2544211149215698,0.062295504,0.045384612,3.82811e-06,0.008572471,0,0.34527119994163513,0.13318469,0.049579397,8.241737e-06,0.0135671515,0,0.40030771493911743
TSBD_WSSV_e44f2c0a8a,1,0,2,0.38476938,0.10231049,0.057499297,0.054219887,3.6051078e-06,0.010495656,0,0.2544211149215698,0.44044015,0.06775334,7.5299727e-06,0.027416397,0,0.34527119994163513,0.5020606,0.8780268,0.9999889,0.962088,0,0.40030771493911743
TSBD_WSSV_f1294af3d4,1,1,0,0.8818949,0.005204807,0.8403703,0.90571773,0.9999889,0.97983646,1,0.2544211149215698,0.06842262,0.047541223,4.868467e-06,0.00936317,0,0.34527119994163513,0.09120717,0.046741012,6.24617e-06,0.010800406,0,0.40030771493911743
TSBD_WSSV_264790eb51,1,0,0,0.69704235,0.0333241,0.72823703,0.90564734,0.9999887,0.9752794,0,0.2544211149215698,0.059724882,0.04667433,4.418224e-06,0.009088496,0,0.34527119994163513,0.21203806,0.047678288,6.9044427e-06,0.015632119,0,0.40030771493911743
TSBD_WSSV_11430ce0d0,1,0,2,0.8190401,0.010863734,0.08015033,0.06296618,6.7012884e-06,0.012405797,0,0.2544211149215698,0.14214006,0.059095934,3.7472846e-06,0.013116649,0,0.34527119994163513,0.77770966,0.8779378,0.9999896,0.9744776,0,0.40030771493911743
TSBD_WSSV_74c3607b95,1,0,2,0.8285719,0.008585976,0.12697281,0.07187808,1.1601003e-05,0.017295528,0,0.2544211149215698,0.09937726,0.055092156,2.7814913e-06,0.010584337,0,0.34527119994163513,0.77365,0.87302977,0.9999857,0.9721201,0,0.40030771493911743
TSBD_WSSV_2c43cd74d0,1,0,2,0.8231111,0.008009259,0.16288401,0.0927477,3.5554916e-05,0.026629936,0,0.2544211149215698,0.07578758,0.047473114,1.350516e-06,0.007836228,0,0.34527119994163513,0.7613284,0.8597791,0.99996316,0.9655338,0,0.40030771493911743
TSBD_WSSV_59d2b7350f,1,1,2,0.8635693,0.004744958,0.09963613,0.06652781,8.420077e-06,0.014197087,0,0.2544211149215698,0.093313955,0.05604666,2.8872996e-06,0.010369688,0,0.34527119994163513,0.80704993,0.8774255,0.9999887,0.97543323,1,0.40030771493911743
TSBD_WSSV_5e189248db,1,0,0,0.85806626,0.005965563,0.80528927,0.88401866,0.9999201,0.9674159,0,0.2544211149215698,0.0583639,0.03570425,1.1563402e-06,0.0059172637,0,0.34527119994163513,0.13634683,0.08027703,7.865884e-05,0.026666787,0,0.40030771493911743
TSBD_WSSV_9f5ca0e80d,1,0,0,0.84788257,0.0018638335,0.7819866,0.81073534,0.99797064,0.92143106,0,0.2544211149215698,0.0569975,0.03235781,8.653798e-07,0.005302804,0,0.34527119994163513,0.1610159,0.1569069,0.002028535,0.073266156,0,0.40030771493911743
TSBD_WSSV_b626137b45,1,0,0,0.8475587,0.0075154165,0.7982103,0.8865407,0.9999342,0.96822083,0,0.2544211149215698,0.058153003,0.036286086,1.25441e-06,0.0060666082,0,0.34527119994163513,0.14363658,0.07717321,6.4541695e-05,0.025712568,0,0.40030771493911743
TSBD_WSSV_27c2a5d56f,1,1,2,0.8637726,0.004654907,0.102131754,0.06786869,9.107563e-06,0.014682271,0,0.2544211149215698,0.091054305,0.05540949,2.6736964e-06,0.010075014,0,0.34527119994163513,0.806814,0.87672186,0.9999883,0.97524273,1,0.40030771493911743
TSBD_WSSV_eee60542d7,0,0,0,0.3039306,0.14322588,0.3610554,0.85968345,0.9997105,0.91076857,0,0.2544211149215698,0.06594458,0.03428361,1.0065532e-06,0.0074455864,0,0.34527119994163513,0.573,0.10603294,0.00028855418,0.081785806,0,0.40030771493911743
TSBD_WSSV_d9ea0715c2,1,0,2,0.50317454,0.0616753,0.402987,0.11818518,0.000109634995,0.05710054,0,0.2544211149215698,0.07495138,0.04392445,1.031378e-06,0.007983979,0,0.34527119994163513,0.52206165,0.83789045,0.99988925,0.9349154,0,0.40030771493911743
TSBD_WSSV_514bb3ccf8,1,1,0,0.87916416,0.0055081868,0.83773106,0.90563625,0.9999883,0.97958094,1,0.2544211149215698,0.067077786,0.0456658,3.9317283e-06,0.008757112,0,0.34527119994163513,0.09519121,0.048697986,7.7230325e-06,0.01166197,0,0.40030771493911743
TSBD_WSSV_d3cfe64d62,1,0,2,0.64583814,0.036985967,0.27926555,0.08245092,2.1090977e-05,0.028827058,0,0.2544211149215698,0.070328124,0.04968407,1.5897584e-06,0.008445903,0,0.34527119994163513,0.65040636,0.867865,0.99997735,0.962727,0,0.40030771493911743
TSBD_WSSV_f825fa69cd,0,0,2,0.33792016,0.11780776,0.4674571,0.075729854,1.5006871e-05,0.03521926,0,0.2544211149215698,0.094135195,0.053360257,2.2964432e-06,0.011795456,0,0.34527119994163513,0.43840775,0.8709099,0.9999827,0.9529853,0,0.40030771493911743
TSBD_WSSV_b899fa53da,1,0,2,0.8112535,0.012136281,0.074936435,0.061818343,6.159416e-06,0.01183056,0,0.2544211149215698,0.15047932,0.05952372,3.8722524e-06,0.0135292085,0,0.34527119994163513,0.77458423,0.87865794,0.99999,0.9746402,0,0.40030771493911743
TSBD_WSSV_8b9052d96f,1,0,2,0.78687817,0.012119259,0.099135,0.18624416,0.0010107737,0.059503026,0,0.2544211149215698,0.09512669,0.042435523,1.1941413e-06,0.007828648,0,0.34527119994163513,0.8057383,0.7713203,0.998988,0.9326683,0,0.40030771493911743
TSBD_WSSV_376e37e18c,1,0,2,0.8512077,0.0066759735,0.078077264,0.06349592,6.9311423e-06,0.012300512,0,0.2544211149215698,0.11955327,0.05804115,3.449291e-06,0.011926607,0,0.34527119994163513,0.8023694,0.878463,0.9999896,0.9757729,0,0.40030771493911743
TSBD_WSSV_33b7d18fc1,1,0,2,0.8124641,0.010373143,0.1651351,0.08134847,2.0152536e-05,0.022513505,0,0.2544211149215698,0.07517029,0.049925234,1.6585444e-06,0.00832687,0,0.34527119994163513,0.75969464,0.8687263,0.9999782,0.9691596,0,0.40030771493911743
TSBD_WSSV_5ae365cdb5,1,0,2,0.57811576,0.040154614,0.3920701,0.15880387,0.00046302317,0.084516205,0,0.2544211149215698,0.068839386,0.040693358,8.209336e-07,0.0070168898,0,0.34527119994163513,0.53909045,0.8005027,0.99953616,0.90846694,0,0.40030771493911743
TSBD_WSSV_48983cce39,1,1,0,0.87995434,0.003954313,0.82880133,0.8898146,0.9999474,0.97217745,1,0.2544211149215698,0.06305789,0.036972355,1.3845304e-06,0.0063507017,0,0.34527119994163513,0.10814077,0.07321298,5.1169085e-05,0.02147188,0,0.40030771493911743
TSBD_WSSV_f41afb12de,1,0,2,0.66521806,0.0050976546,0.39683688,0.33709067,0.0293091,0.25102997,0,0.2544211149215698,0.06667537,0.036973823,1.3625148e-06,0.0067629046,0,0.34527119994163513,0.53648776,0.6259355,0.9706896,0.7422071,0,0.40030771493911743
TSBD_WSSV_719214e8fc,1,0,2,0.6426792,0.04052274,0.058182675,0.06043744,5.612863e-06,0.010977801,0,0.2544211149215698,0.2626808,0.060527824,4.2597544e-06,0.017618528,0,0.34527119994163513,0.6791366,0.8790347,0.9999901,0.97140366,0,0.40030771493911743
TSBD_WSSV_f9b891c236,0,0,2,0.35651502,0.10893258,0.46232092,0.083589256,2.2390746e-05,0.039407168,0,0.2544211149215698,0.08964685,0.050492737,1.7955175e-06,0.010679272,0,0.34527119994163513,0.44803223,0.865918,0.9999758,0.94991356,0,0.40030771493911743
TSBD_WSSV_60bf799ad0,1,0,2,0.64151603,0.003988141,0.42771706,0.37245795,0.056124613,0.30050623,0,0.2544211149215698,0.060360547,0.03578292,1.4532224e-06,0.006382889,0,0.34527119994163513,0.5119224,0.59175915,0.94387394,0.6931109,0,0.40030771493911743
TSBD_WSSV_3221471a09,1,0,2,0.778896,0.003614379,0.2142272,0.24500717,0.0044131004,0.11977878,0,0.2544211149215698,0.07453131,0.037633564,8.5832727e-07,0.006449895,0,0.34527119994163513,0.7112415,0.71735924,0.99558604,0.8737713,0,0.40030771493911743
TSBD_WSSV_81c77d6283,1,0,0,0.7058482,0.011663855,0.75421184,0.65121853,0.90411735,0.7743905,0,0.2544211149215698,0.057304528,0.03300679,1.7478762e-06,0.005910922,0,0.34527119994163513,0.18848361,0.31577468,0.09588086,0.21969858,0,0.40030771493911743
TSBD_WSSV_7ba0bac7cd,1,0,2,0.6376265,0.035132412,0.31129345,0.1104961,8.0329315e-05,0.045221016,0,0.2544211149215698,0.069590636,0.043994118,9.668529e-07,0.0073070563,0,0.34527119994163513,0.6191159,0.8455097,0.9999187,0.9474719,0,0.40030771493911743
TSBD_WSSV_b8b164e72b,0,0,2,0.25572905,0.17102204,0.5856901,0.07446446,1.3816931e-05,0.040089913,0,0.2544211149215698,0.06553224,0.05224696,2.0361945e-06,0.010827858,0,0.34527119994163513,0.34877777,0.87328863,0.99998415,0.9490822,0,0.40030771493911743
TSBD_WSSV_7942e3c67c,1,0,2,0.8350817,0.008751311,0.07966722,0.06511979,7.715132e-06,0.012863982,0,0.2544211149215698,0.12988085,0.057214398,3.1694199e-06,0.012053193,0,0.34527119994163513,0.79045194,0.8776658,0.99998903,0.9750829,0,0.40030771493911743
TSBD_WSSV_e572949946,1,0,0,0.70826757,0.030703954,0.7271372,0.90297073,0.9999845,0.9732411,0,0.2544211149215698,0.05998716,0.04292806,2.9485448e-06,0.008083108,0,0.34527119994163513,0.21287568,0.054101247,1.2573135e-05,0.018675795,0,0.40030771493911743
TSBD_WSSV_a204c36610,1,0,2,0.8280069,0.0078635,0.12343014,0.092615716,3.5690053e-05,0.024086993,0,0.2544211149215698,0.104363516,0.047012594,1.2558634e-06,0.008571261,0,0.34527119994163513,0.7722064,0.8603717,0.99996305,0.9673418,0,0.40030771493911743
TSBD_WSSV_9c4b4f11b8,1,0,0,0.5886837,0.052871175,0.6518586,0.90101945,0.99998057,0.9686008,0,0.2544211149215698,0.059729237,0.04131855,2.4453245e-06,0.007909707,0,0.34527119994163513,0.28841218,0.057662025,1.6964159e-05,0.02348952,0,0.40030771493911743
TSBD_WSSV_687a703a75,1,0,0,0.8232295,0.009796479,0.8274116,0.82132494,0.998659,0.9415853,0,0.2544211149215698,0.087641254,0.034646362,1.1964414e-06,0.006754826,0,0.34527119994163513,0.0849471,0.14402874,0.0013397904,0.051659882,0,0.40030771493911743
TSBD_WSSV_60273dd644,1,0,2,0.8056901,0.00788424,0.19135278,0.12119747,0.000120970486,0.041086454,0,0.2544211149215698,0.07568907,0.04327741,8.9298385e-07,0.0069999737,0,0.34527119994163513,0.73295814,0.83552516,0.99987817,0.9519136,0,0.40030771493911743
TSBD_WSSV_c29e86db5b,0,0,2,0.28804466,0.15229538,0.63120806,0.1626836,0.00051652116,0.12652202,0,0.2544211149215698,0.106939346,0.040693637,8.283749e-07,0.010058052,0,0.34527119994163513,0.26185256,0.79662275,0.99948263,0.8634199,0,0.40030771493911743
TSBD_WSSV_79fa511ed0,1,1,2,0.86035526,0.004673616,0.10480406,0.07821785,1.677242e-05,0.017889174,0,0.2544211149215698,0.09222125,0.05095065,1.7662026e-06,0.00899224,0,0.34527119994163513,0.80297476,0.87083155,0.9999814,0.9731186,1,0.40030771493911743
TSBD_WSSV_58e35ef754,0,0,2,0.22300784,0.19761428,0.81346786,0.24892081,0.004769117,0.29178688,0,0.2544211149215698,0.066020705,0.037976004,8.9566197e-07,0.009346038,0,0.34527119994163513,0.12051143,0.7131031,0.99522996,0.6988671,0,0.40030771493911743
TSBD_WSSV_1ce4e5b49f,1,0,2,0.8481051,0.0063952673,0.08445993,0.09220611,3.4877914e-05,0.020708516,0,0.2544211149215698,0.10868258,0.0485498,1.4817325e-06,0.009010807,0,0.34527119994163513,0.80685747,0.85924405,0.99996364,0.9702807,0,0.40030771493911743
TSBD_WSSV_ea57134108,1,0,2,0.8237868,0.009725027,0.07361296,0.057837263,4.852361e-06,0.010870568,0,0.2544211149215698,0.14951734,0.06804036,7.768929e-06,0.0164662,0,0.34527119994163513,0.7768697,0.8741224,0.99998736,0.9726632,0,0.40030771493911743
TSBD_WSSV_8b1af1900d,1,1,2,0.85962427,0.0049031256,0.094071835,0.067711994,9.1498605e-06,0.014299167,0,0.2544211149215698,0.103516035,0.059071053,3.8549233e-06,0.0116974665,0,0.34527119994163513,0.8024122,0.873217,0.999987,0.9740034,1,0.40030771493911743
TSBD_WSSV_2f46cb1b79,0,0,2,0.11344582,0.30661026,0.7797136,0.08988465,3.1313473e-05,0.07613566,0,0.2544211149215698,0.08421875,0.04787684,1.3617074e-06,0.014056341,0,0.34527119994163513,0.13606766,0.8622385,0.99996734,0.9098079,0,0.40030771493911743
TSBD_WSSV_383e727d4a,1,1,0,0.8847107,0.0037355423,0.8353068,0.893349,0.99996126,0.97434944,1,0.2544211149215698,0.06598258,0.038264725,1.6639331e-06,0.006782648,0,0.34527119994163513,0.09871058,0.06838631,3.7088615e-05,0.018867923,0,0.40030771493911743
TSBD_WSSV_b076b7af44,1,1,2,0.86312723,0.0049102018,0.09533882,0.06386873,7.1300697e-06,0.013272281,0,0.2544211149215698,0.097308934,0.057482388,3.1983645e-06,0.010860065,0,0.34527119994163513,0.80735224,0.8786488,0.9999896,0.9758676,1,0.40030771493911743
TSBD_WSSV_6a65b3c303,0,0,0,0.4584845,0.06742603,0.29012856,0.6521345,0.9047841,0.6196408,0,0.2544211149215698,0.08073204,0.034342155,2.1325204e-06,0.007885693,0,0.34527119994163513,0.6291394,0.31352332,0.095213756,0.3724735,0,0.40030771493911743
TSBD_WSSV_d552ad13be,1,0,2,0.84637535,0.0069182254,0.07567184,0.05646641,4.3643354e-06,0.010553419,0,0.2544211149215698,0.13018005,0.06676848,6.81592e-06,0.01504283,0,0.34527119994163513,0.7941481,0.8767652,0.9999888,0.9744038,0,0.40030771493911743
TSBD_WSSV_64069923e3,1,0,0,0.7108116,0.00811588,0.7300174,0.6460391,0.8957051,0.75962174,0,0.2544211149215698,0.056442395,0.033642672,1.9222716e-06,0.0060298573,0,0.34527119994163513,0.21354015,0.32031825,0.10429297,0.23434833,0,0.40030771493911743
