sample_id,tri_consensus,selected,consensus_class,tri_score,source_ema_js,p_source_BG,p_ema_BG,p_proto_BG,q_consensus_BG,selected_BG,target_prior_BG,p_source_Healthy,p_ema_Healthy,p_proto_Healthy,q_consensus_Healthy,selected_Healthy,target_prior_Healthy,p_source_WSSV,p_ema_WSSV,p_proto_WSSV,q_consensus_WSSV,selected_WSSV,target_prior_WSSV
TSBD_BG_b9ded89290,1,1,0,0.83066636,0.015310985,0.8303713,0.937565,0.99998975,0.9833731,1,0.07541023939847946,0.1019872,0.029197307,4.8764964e-06,0.008582029,0,0.3375519812107086,0.06764147,0.03323767,5.409884e-06,0.00804487,0,0.5870378017425537
TSBD_BG_ec6804e1c1,1,1,0,0.8655855,0.010335308,0.8506498,0.9374648,0.99998975,0.984127,1,0.07541023939847946,0.07613199,0.028597908,4.489201e-06,0.007491905,0,0.3375519812107086,0.07321824,0.033937346,5.7292987e-06,0.00838111,0,0.5870378017425537
TSBD_BG_e6c7f786d1,1,0,1,0.7184696,0.028803622,0.1710733,0.04697754,6.620079e-06,0.014273297,0,0.07541023939847946,0.727874,0.9064813,0.9999889,0.97480434,0,0.3375519812107086,0.10105275,0.046541173,4.457121e-06,0.010922366,0,0.5870378017425537
TSBD_BG_27046d49de,1,1,0,0.80672735,0.018451605,0.81116605,0.9361471,0.9999888,0.98204696,1,0.07541023939847946,0.08958309,0.028049085,4.115525e-06,0.0078445375,0,0.3375519812107086,0.099250905,0.0358038,7.056862e-06,0.0101085175,0,0.5870378017425537
TSBD_BG_ef94f9e30a,1,1,2,0.8360744,0.012320934,0.08184415,0.05070855,1.0470665e-05,0.012022551,0,0.07541023939847946,0.10172774,0.033406768,2.553183e-06,0.008108032,0,0.3375519812107086,0.81642807,0.9158847,0.999987,0.9798694,1,0.5870378017425537
TSBD_BG_014cc1626a,1,0,2,0.28366357,0.14064804,0.07302326,0.18631278,0.0022752916,0.07290327,0,0.07541023939847946,0.44195005,0.027929788,2.2649713e-06,0.014626572,0,0.3375519812107086,0.48502672,0.7857574,0.99772245,0.9124702,0,0.5870378017425537
TSBD_BG_ab942e7799,1,1,1,0.78396267,0.018229669,0.11565005,0.050850023,8.610701e-06,0.013376399,0,0.07541023939847946,0.76629215,0.9053949,0.99998796,0.97614336,1,0.3375519812107086,0.11805775,0.04375501,3.438565e-06,0.010480223,0,0.5870378017425537
TSBD_BG_92d3bac25d,1,1,1,0.786679,0.017929059,0.11683972,0.047673114,7.001364e-06,0.012495285,0,0.07541023939847946,0.76870084,0.90650463,0.9999888,0.97647345,1,0.3375519812107086,0.11445941,0.045822285,4.2552256e-06,0.0110313045,0,0.5870378017425537
TSBD_BG_3179613a58,1,0,1,0.7414076,0.024055433,0.18040705,0.061193045,1.7660523e-05,0.019884625,0,0.07541023939847946,0.73322946,0.89925486,0.99997985,0.97160923,0,0.3375519812107086,0.086363465,0.039552104,2.4512137e-06,0.008506094,0,0.5870378017425537
TSBD_BG_72fcb5ad43,1,1,1,0.8064238,0.015100632,0.10934562,0.0466574,6.5567688e-06,0.011866624,0,0.07541023939847946,0.7822992,0.9067431,0.9999888,0.97710633,1,0.3375519812107086,0.10835511,0.04659946,4.6289083e-06,0.011027037,0,0.5870378017425537
TSBD_BG_1adf4fa166,0,0,0,0.3094825,0.14162557,0.32187322,0.8330685,0.99599874,0.8359474,0,0.07541023939847946,0.6068939,0.14572641,0.0040002014,0.15798987,0,0.3375519812107086,0.07123291,0.021205202,1.0813895e-06,0.006062684,0,0.5870378017425537
TSBD_BG_19f57a7d83,1,1,1,0.7834753,0.01794111,0.14224476,0.057006765,1.3379368e-05,0.016558038,0,0.07541023939847946,0.76293844,0.9024597,0.999984,0.974551,1,0.3375519812107086,0.09481679,0.040533535,2.6160264e-06,0.008890925,0,0.5870378017425537
TSBD_BG_b06b80d500,1,0,1,0.68443274,0.023898982,0.29852146,0.14884673,0.00061792345,0.07486235,0,0.07541023939847946,0.62940085,0.8220871,0.99938107,0.91914994,0,0.3375519812107086,0.072077714,0.029066171,9.59424e-07,0.0059876926,0,0.5870378017425537
TSBD_BG_5c745e387f,1,1,0,0.54382944,0.06786767,0.6669972,0.93704504,0.9999881,0.9774567,1,0.07541023939847946,0.27766153,0.033938564,8.949513e-06,0.01580394,0,0.3375519812107086,0.055341296,0.029016336,3.0200706e-06,0.006739423,0,0.5870378017425537
TSBD_BG_c333741c9b,1,0,1,0.64428824,0.029954214,0.33356982,0.15455203,0.00072152045,0.082731426,0,0.07541023939847946,0.5964065,0.8169417,0.99927753,0.9113494,0,0.3375519812107086,0.07002369,0.028506275,9.3199316e-07,0.005919206,0,0.5870378017425537
TSBD_BG_a3ac70c2de,1,1,1,0.7642235,0.020145528,0.17036402,0.06642565,2.3242053e-05,0.021264208,0,0.07541023939847946,0.7448225,0.8966047,0.99997497,0.9710636,1,0.3375519812107086,0.08481347,0.03696959,1.8002535e-06,0.007672206,0,0.5870378017425537
TSBD_BG_6ff47981ea,0,0,0,0.15715119,0.25331834,0.122018866,0.79851717,0.98947734,0.71092117,0,0.07541023939847946,0.77903724,0.18022013,0.010521475,0.28056598,0,0.3375519812107086,0.09894392,0.021262767,1.2274331e-06,0.008512898,0,0.5870378017425537
TSBD_BG_64274bed67,1,1,1,0.7930637,0.01678006,0.13340968,0.05294792,1.0151525e-05,0.014767265,0,0.07541023939847946,0.7713942,0.90448916,0.99998677,0.97582793,1,0.3375519812107086,0.095196165,0.04256287,3.137726e-06,0.009404808,0,0.5870378017425537
TSBD_BG_7031e4d230,1,1,0,0.4993492,0.07896884,0.644498,0.937369,0.9999895,0.97799575,1,0.07541023939847946,0.2951459,0.02914394,4.8987145e-06,0.0135309,0,0.3375519812107086,0.060356088,0.03348708,5.549764e-06,0.008473305,0,0.5870378017425537
TSBD_BG_03136a4786,0,0,1,0.22950092,0.18116462,0.085060135,0.116606854,0.00022104278,0.042231515,0,0.07541023939847946,0.38319078,0.85176367,0.99977785,0.9421737,0,0.3375519812107086,0.5317491,0.031629432,1.1565174e-06,0.015594819,0,0.5870378017425537
TSBD_BG_daacfdf534,0,0,0,0.2746543,0.16161121,0.3191649,0.85948086,0.99830174,0.86859417,0,0.07541023939847946,0.6117844,0.119867705,0.0016973701,0.12555492,0,0.3375519812107086,0.06905069,0.020651493,8.8747686e-07,0.0058508827,0,0.5870378017425537
TSBD_BG_873a3617a3,0,0,0,0.12889935,0.2831663,0.2653249,0.93014807,0.99997175,0.96215886,0,0.07541023939847946,0.07129354,0.0438959,2.6227232e-05,0.018641777,0,0.3375519812107086,0.6633816,0.02595614,1.9994616e-06,0.019199336,0,0.5870378017425537
TSBD_BG_abfa756b67,1,1,0,0.5876811,0.058335163,0.695548,0.93712074,0.9999893,0.9789517,1,0.07541023939847946,0.24574566,0.03105936,6.3582e-06,0.013411063,0,0.3375519812107086,0.058706343,0.031819865,4.4179146e-06,0.0076372554,0,0.5870378017425537
TSBD_BG_897409ab6a,1,0,2,0.7322785,0.027189286,0.0880008,0.07495788,4.8844373e-05,0.020577408,0,0.07541023939847946,0.1567896,0.029375218,1.7819954e-06,0.008521652,0,0.3375519812107086,0.75520957,0.89566696,0.99994934,0.9709009,0,0.5870378017425537
TSBD_BG_029a32b87f,1,0,2,0.7164812,0.02898916,0.20461161,0.063396215,2.4427038e-05,0.022525888,0,0.07541023939847946,0.071013495,0.029913187,1.724111e-06,0.006527914,0,0.3375519812107086,0.72437495,0.9066906,0.9999739,0.97094625,0,0.5870378017425537
TSBD_BG_ad84846145,1,0,1,0.56444865,0.05747187,0.29588592,0.05970807,1.6390119e-05,0.024169017,0,0.07541023939847946,0.6301356,0.90082794,0.9999813,0.96743846,0,0.3375519812107086,0.07397849,0.03946402,2.3762814e-06,0.0083925,0,0.5870378017425537
TSBD_BG_6250909f04,1,1,1,0.8070957,0.015009509,0.1106741,0.047724545,7.0672136e-06,0.012218597,0,0.07541023939847946,0.78279555,0.90678144,0.9999888,0.97717905,1,0.3375519812107086,0.10653039,0.045493945,4.1393273e-06,0.010602367,0,0.5870378017425537
TSBD_Healthy_c7fd512124,1,1,1,0.790267,0.017598275,0.087046474,0.047398016,7.0375845e-06,0.01123091,0,0.07541023939847946,0.77433974,0.90625757,0.99998844,0.976818,1,0.3375519812107086,0.13861379,0.04634446,4.4745766e-06,0.011951081,0,0.5870378017425537
TSBD_Healthy_1ab857c1ee,1,1,1,0.78742146,0.018043336,0.08745115,0.048602972,7.757267e-06,0.011607847,0,0.07541023939847946,0.7730034,0.9060828,0.9999882,0.97674644,1,0.3375519812107086,0.13954549,0.045314185,4.0745517e-06,0.011645702,0,0.5870378017425537
TSBD_Healthy_a4108c60ab,1,1,1,0.77250844,0.02048238,0.08184877,0.048279263,7.3045453e-06,0.011206935,0,0.07541023939847946,0.76596797,0.90659153,0.9999888,0.97685397,1,0.3375519812107086,0.15218323,0.045129206,3.940676e-06,0.011939059,0,0.5870378017425537
TSBD_Healthy_603954b4fc,1,1,1,0.7699988,0.020379754,0.13118581,0.048430536,7.425016e-06,0.013322537,0,0.07541023939847946,0.7573877,0.9060938,0.99998844,0.9758244,1,0.3375519812107086,0.11142645,0.045475736,4.084271e-06,0.010853081,0,0.5870378017425537
TSBD_Healthy_a7669a6337,1,0,1,0.7500465,0.023490919,0.11126704,0.048128817,7.1647178e-06,0.01251926,0,0.07541023939847946,0.74519396,0.90581524,0.9999887,0.9754151,0,0.3375519812107086,0.14353907,0.04605596,4.212318e-06,0.012065648,0,0.5870378017425537
TSBD_Healthy_0969d7950f,1,1,1,0.76461655,0.021413118,0.098119535,0.047516238,6.8752574e-06,0.011755266,0,0.07541023939847946,0.75670433,0.90657055,0.9999889,0.97619224,1,0.3375519812107086,0.14517613,0.045913193,4.2393e-06,0.01205245,0,0.5870378017425537
TSBD_Healthy_3535a7f645,1,1,1,0.8061518,0.015135387,0.10352991,0.04861286,7.535243e-06,0.012195371,0,0.07541023939847946,0.78231454,0.9064385,0.99998856,0.9771229,1,0.3375519812107086,0.11415555,0.044948615,3.905298e-06,0.01068173,0,0.5870378017425537
TSBD_Healthy_28874652ec,1,1,1,0.79369,0.016873643,0.1237283,0.049312554,7.775542e-06,0.013195061,0,0.07541023939847946,0.7732194,0.9061866,0.99998856,0.9766146,1,0.3375519812107086,0.10305225,0.04450086,3.7059801e-06,0.010190297,0,0.5870378017425537
TSBD_Healthy_c9a3ba4645,1,1,1,0.80355555,0.015511384,0.10981621,0.048028667,7.1684494e-06,0.012267777,0,0.07541023939847946,0.78037494,0.90673304,0.9999888,0.9771094,1,0.3375519812107086,0.10980876,0.04523835,3.9932847e-06,0.010622806,0,0.5870378017425537
TSBD_Healthy_ec9cff4659,1,0,1,0.7630768,0.021545488,0.15039976,0.049228054,7.823175e-06,0.014243754,0,0.07541023939847946,0.7545264,0.9061017,0.99998844,0.97573155,0,0.3375519812107086,0.09507381,0.044670235,3.7508912e-06,0.010024718,0,0.5870378017425537
TSBD_Healthy_d0dd7481d3,1,1,1,0.7895586,0.017549714,0.12776737,0.048007652,7.1317572e-06,0.012967685,0,0.07541023939847946,0.77119803,0.9066233,0.9999888,0.97664285,1,0.3375519812107086,0.101034604,0.045369025,4.03188e-06,0.010389495,0,0.5870378017425537
TSBD_Healthy_9b9c4b2008,1,1,1,0.7914705,0.017305242,0.092869066,0.04615831,6.2984845e-06,0.011106325,0,0.07541023939847946,0.7733335,0.90626186,0.9999887,0.97666913,1,0.3375519812107086,0.1337974,0.047579803,5.01654e-06,0.012224568,0,0.5870378017425537
TSBD_Healthy_6af33a64f0,1,1,1,0.7678218,0.020718355,0.14165941,0.048572272,7.515047e-06,0.01374314,0,0.07541023939847946,0.75644165,0.90566635,0.9999883,0.975652,1,0.3375519812107086,0.10189893,0.045761403,4.18472e-06,0.010604891,0,0.5870378017425537
TSBD_Healthy_11508a2a47,1,1,0,0.841793,0.0137522705,0.83761466,0.93761975,0.99998987,0.98372436,1,0.07541023939847946,0.0987507,0.029580126,5.0400963e-06,0.008568871,0,0.3375519812107086,0.06363461,0.03280016,5.0722824e-06,0.0077068033,0,0.5870378017425537
TSBD_Healthy_9c80ffce77,1,0,1,0.7017125,0.031029493,0.1290883,0.043735474,5.2582463e-06,0.012051955,0,0.07541023939847946,0.7110558,0.9038535,0.9999877,0.9730003,0,0.3375519812107086,0.15985589,0.052411046,7.065306e-06,0.014947728,0,0.5870378017425537
TSBD_Healthy_fdc6d1fa33,1,1,1,0.7945412,0.016685527,0.12189737,0.04929851,7.893605e-06,0.013164754,0,0.07541023939847946,0.77326494,0.90563804,0.9999882,0.97640014,1,0.3375519812107086,0.104837686,0.045063507,3.9359297e-06,0.010435085,0,0.5870378017425537
TSBD_Healthy_8c646c1060,0,0,0,0.3962215,0.09645709,0.2663647,0.69782114,0.931291,0.6455459,0,0.07541023939847946,0.6588708,0.27534297,0.068704806,0.34628144,0,0.3375519812107086,0.07476449,0.026835892,4.272591e-06,0.008172637,0,0.5870378017425537
TSBD_Healthy_1b2ea804f3,1,1,1,0.76753396,0.020826012,0.13711892,0.0483183,7.4041795e-06,0.013512418,0,0.07541023939847946,0.7565125,0.906513,0.9999887,0.9759025,1,0.3375519812107086,0.106368564,0.04516879,3.9640217e-06,0.010585042,0,0.5870378017425537
TSBD_Healthy_181a36e89e,1,0,1,0.7490612,0.023857102,0.09703003,0.04806493,7.193842e-06,0.011925212,0,0.07541023939847946,0.7474069,0.90619135,0.99998856,0.9757241,0,0.3375519812107086,0.15556307,0.04574372,4.1946982e-06,0.012350677,0,0.5870378017425537
TSBD_Healthy_b13db56cba,1,1,1,0.7763281,0.019525366,0.10028823,0.04787337,7.1076583e-06,0.011933215,0,0.07541023939847946,0.7631092,0.9060441,0.99998856,0.9762336,1,0.3375519812107086,0.1366026,0.046082474,4.323587e-06,0.011833216,0,0.5870378017425537
TSBD_Healthy_e91e5f3d2c,1,1,1,0.7909684,0.017388968,0.1317257,0.048154846,7.2202715e-06,0.013148695,0,0.07541023939847946,0.7727442,0.9067451,0.9999888,0.97674036,1,0.3375519812107086,0.095530115,0.04510003,3.947435e-06,0.010110927,0,0.5870378017425537
TSBD_Healthy_b9f53cb41a,1,1,1,0.79671985,0.016472537,0.1267253,0.049085278,7.800929e-06,0.013272278,0,0.07541023939847946,0.7757226,0.9063461,0.99998844,0.97670734,1,0.3375519812107086,0.09755204,0.044568636,3.7584578e-06,0.0100203715,0,0.5870378017425537
TSBD_Healthy_eb22129a24,0,0,1,0.2779671,0.16069102,0.6292617,0.12071922,0.00025871067,0.09165276,0,0.07541023939847946,0.31350976,0.8491925,0.9997403,0.9013852,0,0.3375519812107086,0.057228576,0.030088317,9.89679e-07,0.006962013,0,0.5870378017425537
TSBD_Healthy_968a78b93d,1,1,1,0.81021863,0.014583839,0.10222247,0.047277037,6.80793e-06,0.011734523,0,0.07541023939847946,0.7851959,0.90679073,0.9999889,0.9773457,1,0.3375519812107086,0.11258164,0.04593224,4.2814577e-06,0.010919772,0,0.5870378017425537
TSBD_Healthy_c7a3a188a8,0,0,1,0.47244745,0.069093354,0.5877955,0.25374332,0.007275859,0.21719652,0,0.07541023939847946,0.3534046,0.71968675,0.9927229,0.7766847,0,0.3375519812107086,0.05879987,0.026569951,1.1632977e-06,0.0061187814,0,0.5870378017425537
TSBD_Healthy_f55a2f1b43,1,0,2,0.67392915,0.037127383,0.05617192,0.030764993,1.8352259e-06,0.0062077777,0,0.07541023939847946,0.23731416,0.05886534,2.4457686e-05,0.023105962,0,0.3375519812107086,0.70651394,0.9103697,0.9999738,0.97068626,0,0.5870378017425537
TSBD_Healthy_11a0ec4d06,1,1,2,0.836104,0.012261123,0.08415172,0.050385088,1.0169457e-05,0.0120386835,0,0.07541023939847946,0.100338124,0.03369865,2.6157206e-06,0.008142697,0,0.3375519812107086,0.8155102,0.91591626,0.99998724,0.97981864,1,0.5870378017425537
TSBD_Healthy_dda7c6bbc5,0,0,1,0.40309945,0.09494068,0.05329105,0.025585111,1.1763636e-06,0.0059104376,0,0.07541023939847946,0.41959697,0.8303221,0.99938154,0.8936891,0,0.3375519812107086,0.52711195,0.14409283,0.0006172529,0.10040044,0,0.5870378017425537
TSBD_Healthy_b83d452fe7,1,0,2,0.760768,0.024032561,0.060834464,0.040595956,4.616076e-06,0.008458357,0,0.07541023939847946,0.16416715,0.04063894,5.4244483e-06,0.012371071,0,0.3375519812107086,0.77499837,0.91876507,0.99998987,0.97917056,0,0.5870378017425537
TSBD_Healthy_ec04a77054,1,1,1,0.80986685,0.014611665,0.10912702,0.04842268,7.4135905e-06,0.012347193,0,0.07541023939847946,0.78468037,0.9067098,0.9999887,0.9772745,1,0.3375519812107086,0.10619261,0.044867467,3.8730414e-06,0.010378318,0,0.5870378017425537
TSBD_Healthy_63480c13ab,1,1,1,0.806135,0.015132669,0.11072641,0.048314665,7.259315e-06,0.012359282,0,0.07541023939847946,0.7820404,0.9066498,0.9999888,0.9771647,1,0.3375519812107086,0.10723313,0.04503552,3.935043e-06,0.010476,0,0.5870378017425537
TSBD_Healthy_a334fe0843,1,1,1,0.8055856,0.015194217,0.10929419,0.048510734,7.413972e-06,0.01238031,0,0.07541023939847946,0.781562,0.9064667,0.9999887,0.9770795,1,0.3375519812107086,0.109143786,0.045022495,3.93194e-06,0.010540222,0,0.5870378017425537
TSBD_Healthy_af48f4f88b,1,1,1,0.7999566,0.016048264,0.1236863,0.047968373,7.1740374e-06,0.012794462,0,0.07541023939847946,0.77828616,0.90668905,0.9999888,0.9769693,1,0.3375519812107086,0.09802748,0.04534257,4.0092805e-06,0.010236222,0,0.5870378017425537
TSBD_Healthy_58fc6d9018,1,1,1,0.7923165,0.017193116,0.099810556,0.048754726,7.637121e-06,0.012130136,0,0.07541023939847946,0.7739272,0.9064388,0.99998844,0.9768026,1,0.3375519812107086,0.12626222,0.044806484,3.8695257e-06,0.011067284,0,0.5870378017425537
TSBD_Healthy_ed8a98aaef,1,0,1,0.685749,0.03517553,0.07121855,0.04790335,7.042368e-06,0.0107810395,0,0.07541023939847946,0.71891415,0.9064713,0.9999889,0.97541606,0,0.3375519812107086,0.20986728,0.045625307,4.0785826e-06,0.013802883,0,0.5870378017425537
TSBD_Healthy_c1a36abd3d,1,0,1,0.69470686,0.03348442,0.077014826,0.04858044,7.448025e-06,0.011256337,0,0.07541023939847946,0.7225466,0.90653765,0.9999887,0.97545195,0,0.3375519812107086,0.20043866,0.044881962,3.831546e-06,0.013291716,0,0.5870378017425537
TSBD_Healthy_ba89f16ead,1,1,1,0.80939907,0.014689965,0.107695036,0.047727074,7.0306046e-06,0.012082511,0,0.07541023939847946,0.7844539,0.9068196,0.9999889,0.97730064,1,0.3375519812107086,0.10785107,0.045453314,4.099985e-06,0.010616849,0,0.5870378017425537
TSBD_Healthy_ff7717e05f,1,1,0,0.86002845,0.011010052,0.84609306,0.93703794,0.9999893,0.98371917,1,0.07541023939847946,0.07617703,0.030041076,5.556038e-06,0.008008451,0,0.3375519812107086,0.077729896,0.032920968,5.133098e-06,0.008272357,0,0.5870378017425537
TSBD_Healthy_9697828448,1,1,1,0.7637875,0.021363482,0.13595642,0.048723318,7.4701825e-06,0.013564387,0,0.07541023939847946,0.75366133,0.90637356,0.9999887,0.97580135,1,0.3375519812107086,0.110382274,0.04490315,3.828489e-06,0.010634262,0,0.5870378017425537
TSBD_Healthy_0dc7202194,1,0,1,0.6295254,0.044429973,0.14195034,0.047346078,6.7386204e-06,0.013831999,0,0.07541023939847946,0.6693778,0.90633136,0.9999889,0.972318,0,0.3375519812107086,0.18867183,0.04632258,4.3301866e-06,0.01385003,0,0.5870378017425537
TSBD_Healthy_aafafefd6f,1,0,1,0.42844078,0.09290241,0.079144105,0.046882574,6.509083e-06,0.011855759,0,0.07541023939847946,0.5563377,0.90631425,0.9999889,0.9693189,0,0.3375519812107086,0.36451817,0.04680324,4.5546935e-06,0.018825283,0,0.5870378017425537
TSBD_Healthy_3e37e6f481,1,1,1,0.8011066,0.015854003,0.10555505,0.048154786,7.3402484e-06,0.012178884,0,0.07541023939847946,0.7787823,0.9064962,0.99998856,0.97694284,1,0.3375519812107086,0.11566261,0.045349058,4.0704326e-06,0.010878305,0,0.5870378017425537
TSBD_Healthy_d5c6d15d07,1,0,1,0.41057146,0.09718619,0.12344684,0.04957488,8.211797e-06,0.015068487,0,0.07541023939847946,0.5338877,0.90546185,0.99998784,0.9671508,0,0.3375519812107086,0.34266546,0.04496329,3.920206e-06,0.017780697,0,0.5870378017425537
TSBD_Healthy_968206666f,1,0,2,0.73304296,0.028311063,0.06553478,0.04186062,5.1346456e-06,0.0090642385,0,0.07541023939847946,0.17794126,0.040911976,5.503362e-06,0.012903477,0,0.3375519812107086,0.7565239,0.91722745,0.9999894,0.97803223,0,0.5870378017425537
TSBD_Healthy_cacd4fa5f3,1,0,2,0.49863288,0.07547219,0.056213204,0.03508208,2.8596826e-06,0.0075492896,0,0.07541023939847946,0.33157825,0.048713222,1.1324272e-05,0.021446632,0,0.3375519812107086,0.61220855,0.9162047,0.9999858,0.9710041,0,0.5870378017425537
TSBD_Healthy_c00e285b89,1,0,2,0.7960171,0.018654075,0.06533971,0.045380738,6.9274934e-06,0.009802528,0,0.07541023939847946,0.13706313,0.03625411,3.5272242e-06,0.010033172,0,0.3375519812107086,0.7975971,0.9183651,0.9999895,0.9801643,0,0.5870378017425537
TSBD_Healthy_e318b96772,1,0,2,0.7209997,0.030786665,0.058630988,0.041936997,5.2324563e-06,0.008763089,0,0.07541023939847946,0.18632832,0.039204117,4.807611e-06,0.012528106,0,0.3375519812107086,0.75504065,0.9188589,0.99999,0.9787088,0,0.5870378017425537
TSBD_Healthy_f874d1c34c,1,1,2,0.8328422,0.012909389,0.07802731,0.047222637,7.988318e-06,0.010849904,0,0.07541023939847946,0.106927805,0.03520377,3.1245522e-06,0.008798032,0,0.3375519812107086,0.8150449,0.9175736,0.9999889,0.9803521,1,0.5870378017425537
TSBD_Healthy_a486752b98,1,0,2,0.75820374,0.024649309,0.060956836,0.044123694,6.244407e-06,0.009331517,0,0.07541023939847946,0.16209917,0.03738802,3.9875804e-06,0.011150351,0,0.3375519812107086,0.776944,0.9184883,0.99998987,0.9795181,0,0.5870378017425537
TSBD_Healthy_79eca515b7,1,0,2,0.79429805,0.018797927,0.068158336,0.0484989,8.800755e-06,0.010763509,0,0.07541023939847946,0.1355508,0.03494162,3.0450694e-06,0.009554287,0,0.3375519812107086,0.7962909,0.9165594,0.9999881,0.9796822,0,0.5870378017425537
TSBD_Healthy_28f91e3b3c,1,0,2,0.817421,0.0152508095,0.07208466,0.047754005,8.338288e-06,0.010730298,0,0.07541023939847946,0.119987436,0.035104103,3.1040759e-06,0.009164147,0,0.3375519812107086,0.80792797,0.9171419,0.99998856,0.9801055,0,0.5870378017425537
TSBD_Healthy_b4c784db60,1,0,2,0.8089028,0.016477797,0.07013346,0.044154163,6.3039042e-06,0.009722246,0,0.07541023939847946,0.12827045,0.03780441,4.1982003e-06,0.010324872,0,0.3375519812107086,0.8015961,0.9180414,0.9999895,0.9799529,0,0.5870378017425537
TSBD_Healthy_46afbf57c8,1,0,2,0.72223365,0.030130293,0.059032697,0.037604164,3.5852472e-06,0.0077662915,0,0.07541023939847946,0.1912691,0.044358965,8.060539e-06,0.01484436,0,0.3375519812107086,0.7496982,0.9180369,0.9999883,0.97738934,0,0.5870378017425537
TSBD_Healthy_5238685a4f,0,0,1,0.54572415,0.009321382,0.05482808,0.022396319,3.5941528e-06,0.005578794,0,0.07541023939847946,0.39723244,0.51682675,0.69152284,0.5221829,0,0.3375519812107086,0.5479395,0.46077687,0.3084736,0.4722383,0,0.5870378017425537
TSBD_Healthy_115a1b2ce7,1,0,2,0.7736804,0.022209028,0.06331893,0.04725583,8.103474e-06,0.0102356365,0,0.07541023939847946,0.14974153,0.03514409,3.149154e-06,0.010022614,0,0.3375519812107086,0.78693956,0.91760004,0.9999888,0.9797417,0,0.5870378017425537
TSBD_Healthy_2b0f2e29de,1,1,2,0.83374804,0.012737812,0.07926599,0.048860595,9.127471e-06,0.011377088,0,0.07541023939847946,0.10517086,0.03430399,2.837153e-06,0.008479969,0,0.3375519812107086,0.8155632,0.9168354,0.99998796,0.9801429,1,0.5870378017425537
TSBD_Healthy_2cb9913a0d,1,0,1,0.5627484,0.04379381,0.061205145,0.025398782,1.3419096e-06,0.0058838553,0,0.07541023939847946,0.5312018,0.80659044,0.99866176,0.88775736,0,0.3375519812107086,0.4075931,0.16801079,0.0013368472,0.106358774,0,0.5870378017425537
TSBD_Healthy_f7b6201d8c,1,0,2,0.7942769,0.018726176,0.07080274,0.048419267,8.775142e-06,0.010897663,0,0.07541023939847946,0.13414562,0.034982417,3.090251e-06,0.009556306,0,0.3375519812107086,0.7950517,0.9165983,0.9999881,0.979546,0,0.5870378017425537
TSBD_Healthy_1cb0a1deed,1,0,2,0.7557315,0.02507728,0.062102385,0.051109843,1.0778791e-05,0.0111957695,0,0.07541023939847946,0.15902157,0.03381122,2.6780915e-06,0.009778609,0,0.3375519812107086,0.778876,0.915079,0.99998665,0.9790256,0,0.5870378017425537
TSBD_Healthy_e53d9705ff,1,0,2,0.7741499,0.022094062,0.06418725,0.048974406,9.105163e-06,0.010699108,0,0.07541023939847946,0.14838111,0.03443779,2.8445604e-06,0.009701704,0,0.3375519812107086,0.7874316,0.9165877,0.9999881,0.9795992,0,0.5870378017425537
TSBD_Healthy_fea6d00053,1,0,2,0.79875743,0.018053968,0.06998043,0.04790582,8.437205e-06,0.010705503,0,0.07541023939847946,0.13236819,0.035343062,3.1541244e-06,0.009584899,0,0.3375519812107086,0.79765135,0.9167511,0.99998844,0.9797096,0,0.5870378017425537
TSBD_Healthy_f69458ce94,1,0,2,0.8218058,0.014481368,0.07583086,0.048851717,9.085064e-06,0.011220904,0,0.07541023939847946,0.11504329,0.034758434,3.0011897e-06,0.008926015,0,0.3375519812107086,0.80912584,0.9163899,0.99998796,0.9798531,0,0.5870378017425537
TSBD_Healthy_bb30558caa,1,0,2,0.71450704,0.03194759,0.05697893,0.04148207,5.0896833e-06,0.008596472,0,0.07541023939847946,0.19110416,0.039450526,5.0039225e-06,0.012793087,0,0.3375519812107086,0.7519169,0.91906744,0.99998987,0.97861046,0,0.5870378017425537
TSBD_Healthy_f8b382f850,1,0,2,0.6007218,0.052418225,0.056275204,0.03661219,3.3398014e-06,0.0076928437,0,0.07541023939847946,0.26813525,0.04792114,1.1048702e-05,0.019051248,0,0.3375519812107086,0.67558944,0.91546667,0.9999856,0.97325593,0,0.5870378017425537
TSBD_Healthy_4e764a8c1f,1,0,2,0.79481673,0.018665101,0.06453554,0.04100508,4.8169636e-06,0.0086805,0,0.07541023939847946,0.1417475,0.0401066,5.2764076e-06,0.0115273325,0,0.3375519812107086,0.79371697,0.91888833,0.99999,0.9797921,0,0.5870378017425537
TSBD_Healthy_63950b8869,1,1,2,0.83330953,0.012781529,0.07971511,0.04931668,9.431038e-06,0.011524635,0,0.07541023939847946,0.10507457,0.034096558,2.7788299e-06,0.008420642,0,0.3375519812107086,0.81521034,0.9165867,0.99998784,0.9800547,1,0.5870378017425537
TSBD_Healthy_ea2ac521c5,0,0,1,0.49889368,0.04448775,0.05436927,0.021855218,3.0282886e-06,0.005685824,0,0.07541023939847946,0.26283866,0.55094266,0.80360913,0.5126,0,0.3375519812107086,0.682792,0.42720214,0.19638786,0.48171416,0,0.5870378017425537
TSBD_Healthy_1402c548f4,1,0,2,0.80005884,0.015624912,0.06131091,0.02736662,1.2805632e-06,0.00548587,0,0.07541023939847946,0.16373257,0.069342785,5.1167724e-05,0.024579588,0,0.3375519812107086,0.77495646,0.9032906,0.99994755,0.9699346,0,0.5870378017425537
TSBD_Healthy_44b1d181ba,1,0,2,0.7180947,0.0038739191,0.053719945,0.020974526,1.954168e-06,0.004861246,0,0.07541023939847946,0.29880437,0.31517634,0.06910287,0.24371365,0,0.3375519812107086,0.6474757,0.6638491,0.93089515,0.7514251,0,0.5870378017425537
TSBD_Healthy_5031d03cd3,1,0,1,0.6787006,0.03582352,0.066396296,0.040366128,4.0120563e-06,0.008738558,0,0.07541023939847946,0.70726126,0.90493995,0.99998665,0.9730587,0,0.3375519812107086,0.22634244,0.054693878,9.288436e-06,0.01820276,0,0.5870378017425537
TSBD_Healthy_584e036b15,1,0,2,0.7884313,0.018929744,0.06278419,0.033514515,2.3602215e-06,0.0068364576,0,0.07541023939847946,0.15573101,0.050687823,1.3312577e-05,0.015996635,0,0.3375519812107086,0.7814848,0.9157977,0.99998426,0.97716695,0,0.5870378017425537
TSBD_Healthy_ceedc9841a,1,0,2,0.818496,0.015009762,0.075534776,0.046848573,7.727996e-06,0.010653095,0,0.07541023939847946,0.11755989,0.035653688,3.2999803e-06,0.009277636,0,0.3375519812107086,0.8069054,0.9174977,0.9999889,0.98006934,0,0.5870378017425537
TSBD_Healthy_539b7c9614,1,0,2,0.42464894,0.09618906,0.05827727,0.04407507,6.3591087e-06,0.010185938,0,0.07541023939847946,0.36894673,0.04055213,5.4305888e-06,0.018135224,0,0.3375519812107086,0.5727761,0.9153728,0.9999882,0.9716788,0,0.5870378017425537
TSBD_Healthy_9405a524b8,1,1,1,0.8019302,0.01565621,0.11452844,0.048137434,7.357249e-06,0.012536481,0,0.07541023939847946,0.77854973,0.9059756,0.9999883,0.9766682,1,0.3375519812107086,0.10692183,0.04588704,4.3755986e-06,0.010795348,0,0.5870378017425537
TSBD_Healthy_84b5bbabe5,1,0,1,0.4084765,0.094815366,0.055824198,0.031742122,1.7785214e-06,0.006937205,0,0.07541023939847946,0.5107436,0.88894165,0.9999559,0.9525957,0,0.3375519812107086,0.4334322,0.07931625,4.2372863e-05,0.04046704,0,0.5870378017425537
TSBD_Healthy_cd1699cbb8,1,1,1,0.80645984,0.0149668455,0.112839945,0.049841926,8.292383e-06,0.012961538,0,0.07541023939847946,0.7813316,0.90556264,0.99998784,0.9766654,1,0.3375519812107086,0.10582847,0.044595454,3.9118668e-06,0.010373127,0,0.5870378017425537
TSBD_Healthy_3971c8d6d2,1,0,1,0.70883906,0.029715091,0.15908578,0.053082947,1.0343449e-05,0.016170604,0,0.07541023939847946,0.7146535,0.902933,0.99998593,0.97267896,0,0.3375519812107086,0.1262607,0.04398402,3.688626e-06,0.0111504365,0,0.5870378017425537
TSBD_Healthy_062f8eb68b,1,0,1,0.7179799,0.029173827,0.06825514,0.041967224,4.5057327e-06,0.0090912115,0,0.07541023939847946,0.7322945,0.9058512,0.9999882,0.9748243,0,0.3375519812107086,0.19945036,0.05218159,7.3257e-06,0.016084464,0,0.5870378017425537
TSBD_Healthy_64c2fd2799,1,0,2,0.6540823,0.037485283,0.052993458,0.024559537,9.425748e-07,0.0048762923,0,0.07541023939847946,0.2804604,0.086816974,0.00013213506,0.041445795,0,0.3375519812107086,0.66654617,0.88862354,0.99986684,0.95367795,0,0.5870378017425537
TSBD_Healthy_06ad797b28,1,0,1,0.47028866,0.07543005,0.055857178,0.02838983,1.3509394e-06,0.0061249146,0,0.07541023939847946,0.5363593,0.87671125,0.9999038,0.9444053,0,0.3375519812107086,0.4077835,0.0948989,9.478751e-05,0.04946976,0,0.5870378017425537
TSBD_Healthy_d37fadc7b5,1,0,2,0.8029376,0.017230796,0.0652377,0.037678685,3.5439057e-06,0.007880252,0,0.07541023939847946,0.13938111,0.043693665,7.5061266e-06,0.012766417,0,0.3375519812107086,0.7953812,0.91862774,0.9999889,0.97935337,0,0.5870378017425537
TSBD_Healthy_23703b21e8,1,0,2,0.8196972,0.010522282,0.06888177,0.027167542,1.3620709e-06,0.005772039,0,0.07541023939847946,0.1578174,0.09363568,0.00018016015,0.035765536,0,0.3375519812107086,0.7733008,0.8791969,0.9998185,0.9584625,0,0.5870378017425537
TSBD_Healthy_e761f95881,0,0,2,0.34978095,0.113778286,0.06708298,0.02778527,1.4053461e-06,0.0067850878,0,0.07541023939847946,0.46706203,0.0803026,9.641022e-05,0.050257605,0,0.3375519812107086,0.46585503,0.8919121,0.9999021,0.9429573,0,0.5870378017425537
TSBD_Healthy_049d7b0b8e,1,0,2,0.5767126,0.05426916,0.055964403,0.029036343,1.6120064e-06,0.006084186,0,0.07541023939847946,0.31218645,0.07215349,6.0414975e-05,0.03452436,0,0.3375519812107086,0.63184917,0.8988101,0.9999379,0.9593915,0,0.5870378017425537
TSBD_Healthy_d0a2ad85a2,1,0,2,0.8121614,0.016103778,0.06862337,0.044558093,6.4980727e-06,0.00973436,0,0.07541023939847946,0.12646101,0.03698918,3.825744e-06,0.009973094,0,0.3375519812107086,0.8049156,0.9184528,0.9999896,0.98029256,0,0.5870378017425537
TSBD_Healthy_427d279e02,1,0,2,0.8234373,0.014286448,0.07531972,0.04637073,7.430334e-06,0.010498672,0,0.07541023939847946,0.1149864,0.03600286,3.4139905e-06,0.009298976,0,0.3375519812107086,0.8096939,0.91762644,0.99998915,0.9802023,0,0.5870378017425537
TSBD_Healthy_194fe9c226,1,0,2,0.6368718,0.045102656,0.055462357,0.034558784,2.7299893e-06,0.0070930645,0,0.07541023939847946,0.24922757,0.049767185,1.2834817e-05,0.019273559,0,0.3375519812107086,0.69531006,0.91567403,0.9999844,0.9736334,0,0.5870378017425537
TSBD_Healthy_7fd586cd0c,1,0,2,0.7043366,0.03343346,0.060476255,0.043115955,5.9772174e-06,0.009258141,0,0.07541023939847946,0.19591121,0.039822817,5.4000748e-06,0.013208157,0,0.3375519812107086,0.7436125,0.91706127,0.9999887,0.9775337,0,0.5870378017425537
TSBD_Healthy_8a16be7271,1,0,1,0.524699,0.057573162,0.05542771,0.025482228,1.0689027e-06,0.0054910025,0,0.07541023939847946,0.54001004,0.8463721,0.99963546,0.92143434,0,0.3375519812107086,0.40456226,0.12814571,0.000363506,0.07307466,0,0.5870378017425537
TSBD_Healthy_7497e074fb,1,0,2,0.73758614,0.02759341,0.057926904,0.036069214,3.0700683e-06,0.00731101,0,0.07541023939847946,0.18365468,0.04515876,8.684414e-06,0.014914573,0,0.3375519812107086,0.7584184,0.9187721,0.9999882,0.9777744,0,0.5870378017425537
TSBD_Healthy_0008f80a75,1,0,2,0.77530766,0.021392137,0.06659787,0.04939256,9.840212e-06,0.011073553,0,0.07541023939847946,0.1505629,0.037408352,4.011825e-06,0.01086508,0,0.3375519812107086,0.7828392,0.913199,0.99998605,0.9780613,0,0.5870378017425537
TSBD_Healthy_5ceaf1db7f,1,0,2,0.7756999,0.021807907,0.06336746,0.04558336,6.9645625e-06,0.009773552,0,0.07541023939847946,0.1501016,0.036525805,3.5956332e-06,0.010481352,0,0.3375519812107086,0.7865309,0.9178909,0.9999895,0.9797451,0,0.5870378017425537
TSBD_Healthy_e4fa44cd99,1,0,2,0.78431255,0.020374179,0.06606374,0.045381825,6.862369e-06,0.0098529635,0,0.07541023939847946,0.14392228,0.036697354,3.6813922e-06,0.010382952,0,0.3375519812107086,0.7900139,0.9179209,0.9999894,0.9797641,0,0.5870378017425537
TSBD_Healthy_441bde1a65,1,0,2,0.6639413,0.024211053,0.052125532,0.021653254,1.0598039e-06,0.0046860627,0,0.07541023939847946,0.35014614,0.18061627,0.0038513965,0.12216914,0,0.3375519812107086,0.59772825,0.79773045,0.9961475,0.8731448,0,0.5870378017425537
TSBD_Healthy_dbb2f8ca89,1,0,2,0.3646596,0.11132561,0.05176061,0.027301196,1.2398943e-06,0.005899102,0,0.07541023939847946,0.45150918,0.067956366,4.6058773e-05,0.039104503,0,0.3375519812107086,0.4967302,0.9047424,0.9999528,0.95499647,0,0.5870378017425537
TSBD_Healthy_9b317a63ad,0,0,2,0.47680762,0.023553785,0.057425868,0.021051386,3.0562037e-06,0.005333792,0,0.07541023939847946,0.6273336,0.45924035,0.46745118,0.5368158,0,0.3375519812107086,0.3152406,0.5197083,0.5325458,0.45785037,0,0.5870378017425537
TSBD_Healthy_d85abeff44,1,0,2,0.7833375,0.02055971,0.06470636,0.04382673,6.117536e-06,0.009410695,0,0.07541023939847946,0.14591616,0.03753249,4.0562554e-06,0.010745753,0,0.3375519812107086,0.7893775,0.91864073,0.99998987,0.97984356,0,0.5870378017425537
TSBD_Healthy_32490efb09,1,0,2,0.79536664,0.017703889,0.066806905,0.033623114,2.3820573e-06,0.0070034266,0,0.07541023939847946,0.1493874,0.051684156,1.4797677e-05,0.016229501,0,0.3375519812107086,0.78380567,0.91469276,0.99998283,0.97676706,0,0.5870378017425537
TSBD_Healthy_003e47f46b,1,0,2,0.7575273,0.019093521,0.055922896,0.02415596,9.2207983e-07,0.004785848,0,0.07541023939847946,0.21930638,0.09696083,0.00021257618,0.042837795,0,0.3375519812107086,0.7247707,0.8788832,0.99978644,0.95237637,0,0.5870378017425537
TSBD_Healthy_db7fb385bc,1,0,2,0.7932322,0.01856164,0.074260235,0.056496028,1.5368254e-05,0.013307765,0,0.07541023939847946,0.13147904,0.032605264,2.2698807e-06,0.008657397,0,0.3375519812107086,0.7942607,0.9108987,0.99998236,0.97803485,0,0.5870378017425537
TSBD_Healthy_e07653b53b,1,0,2,0.7762705,0.02166035,0.0641552,0.045573503,7.0141664e-06,0.009830274,0,0.07541023939847946,0.14969158,0.036778234,3.7037532e-06,0.01056774,0,0.3375519812107086,0.78615314,0.91764826,0.9999893,0.97960204,0,0.5870378017425537
TSBD_Healthy_372dafd03c,1,0,2,0.7101632,0.029149154,0.05433696,0.027198657,1.2750814e-06,0.0053701564,0,0.07541023939847946,0.23198852,0.07373833,6.679111e-05,0.030858058,0,0.3375519812107086,0.7136744,0.89906305,0.99993193,0.96377176,0,0.5870378017425537
TSBD_Healthy_8a4d12c896,1,0,2,0.484288,0.07678975,0.055418793,0.030033767,1.6881988e-06,0.0063835285,0,0.07541023939847946,0.36191657,0.064448744,3.7631715e-05,0.032295495,0,0.3375519812107086,0.58266467,0.90551746,0.99996066,0.96132094,0,0.5870378017425537
TSBD_Healthy_ddf26df6fc,1,0,2,0.45486572,0.08584879,0.05469069,0.032012705,2.132263e-06,0.0068956413,0,0.07541023939847946,0.37078574,0.055924434,2.0587064e-05,0.027256774,0,0.3375519812107086,0.57452357,0.9120629,0.99997723,0.9658476,0,0.5870378017425537
TSBD_Healthy_f43e3f4c5b,1,0,2,0.7735998,0.021711987,0.06895845,0.041872982,5.2200276e-06,0.009170705,0,0.07541023939847946,0.15211451,0.040545188,5.399347e-06,0.01200309,0,0.3375519812107086,0.778927,0.9175819,0.9999894,0.97882617,0,0.5870378017425537
TSBD_Healthy_b5fbb9ed8e,1,0,2,0.38061002,0.10631769,0.05571025,0.028766967,1.4814608e-06,0.0063726036,0,0.07541023939847946,0.4339467,0.06537604,3.9004302e-05,0.03638,0,0.3375519812107086,0.5103431,0.90585697,0.9999596,0.9572474,0,0.5870378017425537
TSBD_Healthy_eb36a09ca4,1,0,2,0.7318184,0.028703395,0.060616143,0.039514966,4.2480724e-06,0.008267254,0,0.07541023939847946,0.18195954,0.041751202,6.1807023e-06,0.013420667,0,0.3375519812107086,0.75742435,0.9187339,0.9999895,0.9783121,0,0.5870378017425537
TSBD_Healthy_6b4a97bd93,1,0,2,0.81266564,0.015945967,0.06732802,0.039671876,4.2722113e-06,0.008440703,0,0.07541023939847946,0.12970288,0.040839918,5.680189e-06,0.011388209,0,0.3375519812107086,0.80296904,0.91948813,0.99999,0.9801711,0,0.5870378017425537
TSBD_Healthy_ba33e2e4e1,1,0,2,0.7796714,0.01898488,0.06056269,0.02960582,1.671341e-06,0.0059956075,0,0.07541023939847946,0.17478897,0.064264275,3.7048205e-05,0.022884866,0,0.3375519812107086,0.7646483,0.9061299,0.99996126,0.9711195,0,0.5870378017425537
TSBD_Healthy_c2d1e8a97b,1,0,2,0.70878667,0.026743783,0.0538048,0.024085395,9.325871e-07,0.0047882623,0,0.07541023939847946,0.25436264,0.09702657,0.0002162991,0.0458864,0,0.3375519812107086,0.69183254,0.878888,0.99978274,0.9493254,0,0.5870378017425537
TSBD_Healthy_acaf94d2e8,1,0,2,0.4078857,0.0963909,0.05468535,0.027271392,1.2945096e-06,0.005967551,0,0.07541023939847946,0.4260849,0.07421173,6.713799e-05,0.04231378,0,0.3375519812107086,0.51922977,0.89851695,0.9999316,0.9517187,0,0.5870378017425537
TSBD_Healthy_4c1057862a,1,0,2,0.79366064,0.018837404,0.06590995,0.04183008,5.213945e-06,0.0089669395,0,0.07541023939847946,0.14099325,0.0394095,4.985041e-06,0.011289677,0,0.3375519812107086,0.7930969,0.9187604,0.99998975,0.9797433,0,0.5870378017425537
TSBD_Healthy_d28eee88b2,1,0,2,0.79976696,0.017845284,0.06593526,0.039997607,4.418658e-06,0.008493242,0,0.07541023939847946,0.13866182,0.04101446,5.847466e-06,0.011784448,0,0.3375519812107086,0.79540294,0.91898793,0.99998975,0.9797224,0,0.5870378017425537
TSBD_Healthy_9f799d79c9,1,0,2,0.47682455,0.07752284,0.052749023,0.027245784,1.2721754e-06,0.005706657,0,0.07541023939847946,0.37909424,0.07327535,6.4360815e-05,0.03893404,0,0.3375519812107086,0.5681567,0.89947885,0.9999343,0.9553593,0,0.5870378017425537
TSBD_Healthy_0797e50b91,1,0,2,0.79335284,0.018664047,0.06321823,0.037100274,3.3997642e-06,0.0076932125,0,0.07541023939847946,0.14710744,0.044419188,7.951642e-06,0.013288434,0,0.3375519812107086,0.78967434,0.9184806,0.99998856,0.97901833,0,0.5870378017425537
TSBD_Healthy_35d58d516e,1,0,2,0.6830264,0.035383195,0.053946372,0.029320598,1.5586733e-06,0.005782828,0,0.07541023939847946,0.23529373,0.06089756,2.9107927e-05,0.024160765,0,0.3375519812107086,0.7107598,0.90978193,0.99996936,0.9700565,0,0.5870378017425537
TSBD_Healthy_3369d16a81,1,0,1,0.39903256,0.101872906,0.057594944,0.049014464,7.924629e-06,0.0113767795,0,0.07541023939847946,0.54037994,0.90196264,0.9999864,0.96765745,0,0.3375519812107086,0.40202513,0.049022857,5.6169815e-06,0.02096582,0,0.5870378017425537
TSBD_Healthy_f12cfc128f,1,0,1,0.4667566,0.069761336,0.09550058,0.37338683,0.05908006,0.18351379,0,0.07541023939847946,0.7403991,0.5891105,0.94091004,0.80263495,0,0.3375519812107086,0.16410026,0.037502706,9.881696e-06,0.013851275,0,0.5870378017425537
TSBD_Healthy_8cb3c49027,1,0,2,0.5442678,0.05399382,0.102142185,0.33529726,0.038448907,0.16079043,0,0.07541023939847946,0.12560932,0.025417795,3.5014978e-06,0.008422452,0,0.3375519812107086,0.7722485,0.6392849,0.96154755,0.8307871,0,0.5870378017425537
TSBD_Healthy_0d4d34f349,1,0,2,0.5806268,0.052240502,0.060330678,0.10372669,0.00019710672,0.02901774,0,0.07541023939847946,0.28085265,0.051431287,1.8569754e-05,0.02260296,0,0.3375519812107086,0.65881664,0.844842,0.9997843,0.9483793,0,0.5870378017425537
TSBD_Healthy_aac43b5b94,0,0,0,0.06229991,0.38125145,0.07956406,0.88443905,0.9998215,0.8658629,0,0.07541023939847946,0.5602473,0.041249383,2.2185635e-05,0.05061722,0,0.3375519812107086,0.36018866,0.07431157,0.00015634281,0.08351985,0,0.5870378017425537
TSBD_Healthy_713f0a2197,0,0,0,0.24644391,0.1669027,0.10438755,0.6375673,0.83396965,0.46977675,0,0.07541023939847946,0.10278884,0.022620281,4.3859327e-06,0.009145663,0,0.3375519812107086,0.7928236,0.33981243,0.16602601,0.52107763,0,0.5870378017425537
TSBD_Healthy_ac26bcc532,0,0,0,0.073934555,0.34556502,0.12592773,0.897781,0.99979955,0.8958724,0,0.07541023939847946,0.42221782,0.022235787,1.766818e-06,0.018316567,0,0.3375519812107086,0.45185444,0.07998314,0.00019872257,0.08581095,0,0.5870378017425537
TSBD_Healthy_46f4698e93,1,0,2,0.6358214,0.01778384,0.054586362,0.023771351,2.3910059e-06,0.00569336,0,0.07541023939847946,0.41422015,0.26571724,0.0280339,0.22336,0,0.3375519812107086,0.53119344,0.7105114,0.97196364,0.7709466,0,0.5870378017425537
TSBD_Healthy_ffc31af5e9,1,0,2,0.46325648,0.078424886,0.062777035,0.22924441,0.006388268,0.08524043,0,0.07541023939847946,0.28148848,0.038412627,1.1139323e-05,0.018109256,0,0.3375519812107086,0.6557345,0.7323429,0.99360055,0.8966503,0,0.5870378017425537
TSBD_Healthy_ffc39b3360,1,0,2,0.6416534,0.007963788,0.05430241,0.023040038,2.9316575e-06,0.005551347,0,0.07541023939847946,0.411836,0.33254588,0.09950379,0.3021525,0,0.3375519812107086,0.5338616,0.64441407,0.90049326,0.69229615,0,0.5870378017425537
TSBD_Healthy_13e3dd820d,0,0,1,0.17161171,0.23715773,0.08001778,0.046776306,6.661258e-06,0.015038363,0,0.07541023939847946,0.2750059,0.89955825,0.99998534,0.950482,0,0.3375519812107086,0.64497626,0.053665448,8.034995e-06,0.034479607,0,0.5870378017425537
TSBD_Healthy_0e7dca224f,0,0,2,0.1097421,0.30537957,0.14795081,0.069742076,3.8552855e-05,0.035717748,0,0.07541023939847946,0.6627168,0.03426854,3.0855535e-06,0.026460227,0,0.3375519812107086,0.1893324,0.89598936,0.9999584,0.9378221,0,0.5870378017425537
TSBD_Healthy_e30ffbbca2,1,0,2,0.7988411,0.017874159,0.072177134,0.05147309,1.10347755e-05,0.011801378,0,0.07541023939847946,0.13060296,0.034282878,2.8908328e-06,0.009253415,0,0.3375519812107086,0.79721993,0.91424406,0.99998605,0.97894514,0,0.5870378017425537
TSBD_Healthy_33ee2c0488,1,0,2,0.38434768,0.108260155,0.05781035,0.052853994,1.3186212e-05,0.012982989,0,0.07541023939847946,0.39712137,0.0391884,5.0786202e-06,0.018405894,0,0.3375519812107086,0.54506826,0.9079577,0.99998164,0.96861106,0,0.5870378017425537
TSBD_Healthy_cf66e36f26,1,0,2,0.78078926,0.020760613,0.06659741,0.05391181,1.294633e-05,0.012138181,0,0.07541023939847946,0.143175,0.03369799,2.7006447e-06,0.009386966,0,0.3375519812107086,0.7902276,0.9123901,0.99998426,0.97847486,0,0.5870378017425537
TSBD_Healthy_198c19a2fa,1,1,2,0.8290105,0.013365188,0.078237966,0.04936295,9.3117e-06,0.0114386715,0,0.07541023939847946,0.109200574,0.034590416,2.9816924e-06,0.008722567,0,0.3375519812107086,0.81256145,0.91604674,0.9999877,0.9798388,1,0.5870378017425537
TSBD_Healthy_0f0af1a35d,0,0,2,0.27453893,0.15369162,0.054863784,0.04646223,7.711954e-06,0.011455197,0,0.07541023939847946,0.48872644,0.03795087,4.192505e-06,0.019904079,0,0.3375519812107086,0.4564098,0.9155869,0.9999881,0.96864074,0,0.5870378017425537
TSBD_Healthy_24a755565d,1,0,2,0.71446514,0.030984543,0.062348884,0.03926877,4.26902e-06,0.008394166,0,0.07541023939847946,0.19660424,0.046130497,9.168881e-06,0.015718676,0,0.3375519812107086,0.7410469,0.9146008,0.9999865,0.9758872,0,0.5870378017425537
TSBD_Healthy_00488f3c0b,1,0,1,0.66445994,0.036822908,0.06925043,0.063033156,2.0774703e-05,0.015222063,0,0.07541023939847946,0.6938668,0.8830452,0.99997044,0.9663822,0,0.3375519812107086,0.23688279,0.05392169,8.843533e-06,0.01839577,0,0.5870378017425537
TSBD_Healthy_7f10feedf0,1,1,0,0.82751864,0.015440691,0.8243335,0.93616277,0.9999887,0.98258996,1,0.07541023939847946,0.08260881,0.027258767,3.6321314e-06,0.0073046377,0,0.3375519812107086,0.09305769,0.036578435,7.71001e-06,0.010105425,0,0.5870378017425537
TSBD_Healthy_083843a5b2,1,1,0,0.7393468,0.029774023,0.7845888,0.9343777,0.99998593,0.9814982,1,0.07541023939847946,0.1526424,0.025328605,2.686895e-06,0.008390589,0,0.3375519812107086,0.06276869,0.04029375,1.1377381e-05,0.010111286,0,0.5870378017425537
TSBD_Healthy_846b819a49,1,0,1,0.71563053,0.030012194,0.06932952,0.048080098,7.3517795e-06,0.010703153,0,0.07541023939847946,0.73698384,0.9063507,0.99998844,0.97593313,0,0.3375519812107086,0.19368665,0.045569263,4.169317e-06,0.013363728,0,0.5870378017425537
TSBD_Healthy_ef882f9638,1,0,2,0.82117516,0.014065788,0.07919708,0.06358,2.4701325e-05,0.015695373,0,0.07541023939847946,0.11113815,0.030296117,1.7589674e-06,0.007462995,0,0.3375519812107086,0.8096648,0.9061238,0.99997354,0.9768417,0,0.5870378017425537
TSBD_Healthy_f510479194,1,0,2,0.6410667,0.04291179,0.05977816,0.039211232,4.4138174e-06,0.008525688,0,0.07541023939847946,0.25359502,0.055625737,2.044632e-05,0.022484766,0,0.3375519812107086,0.6866268,0.905163,0.9999751,0.96898955,0,0.5870378017425537
TSBD_Healthy_78ac2c01e9,1,0,2,0.27961394,0.1330151,0.06288301,0.4068348,0.13001706,0.20424253,0,0.07541023939847946,0.29664668,0.032081056,1.37882425e-05,0.017972926,0,0.3375519812107086,0.64047027,0.56108415,0.8699691,0.7777845,0,0.5870378017425537
TSBD_Healthy_aa968b53a4,0,0,0,0.25684494,0.1335072,0.11741517,0.56353945,0.6192826,0.3996199,0,0.07541023939847946,0.1814062,0.02240517,5.059353e-06,0.010470173,0,0.3375519812107086,0.7011786,0.41405538,0.38071233,0.58990985,0,0.5870378017425537
TSBD_Healthy_d6be26c310,0,0,1,0.2510007,0.17194058,0.061313387,0.045249503,5.8231535e-06,0.011694357,0,0.07541023939847946,0.39388856,0.9041727,0.99998796,0.961539,0,0.3375519812107086,0.5447981,0.050577797,6.2270065e-06,0.026766673,0,0.5870378017425537
TSBD_Healthy_8d0baa1858,1,0,2,0.6314591,0.046891507,0.057576485,0.046046525,7.436681e-06,0.009979786,0,0.07541023939847946,0.23905075,0.039524507,5.1343914e-06,0.014239028,0,0.3375519812107086,0.7033728,0.91442895,0.9999875,0.9757812,0,0.5870378017425537
TSBD_Healthy_9a86700e7b,1,0,2,0.820973,0.0143194785,0.07664778,0.053566013,1.284857e-05,0.012599668,0,0.07541023939847946,0.115650415,0.03417157,2.8647935e-06,0.00880405,0,0.3375519812107086,0.8077018,0.91226244,0.99998426,0.97859627,0,0.5870378017425537
TSBD_Healthy_8de20870d1,1,0,2,0.5110193,0.07360563,0.05407137,0.046630006,7.926822e-06,0.010283954,0,0.07541023939847946,0.3105259,0.03799588,4.4800986e-06,0.015426786,0,0.3375519812107086,0.63540274,0.91537416,0.9999876,0.97428924,0,0.5870378017425537
TSBD_Healthy_2125dc16c6,1,0,1,0.6146114,0.048126597,0.072793156,0.047206197,6.625518e-06,0.010896777,0,0.07541023939847946,0.67250633,0.903926,0.9999881,0.972692,0,0.3375519812107086,0.25470048,0.04886776,5.3055924e-06,0.016411189,0,0.5870378017425537
TSBD_Healthy_f1a3293d1d,1,0,1,0.5932746,0.052961037,0.066953585,0.047421813,6.7196506e-06,0.01067525,0,0.07541023939847946,0.66500264,0.90565395,0.9999889,0.97346,0,0.3375519812107086,0.2680438,0.046924256,4.4021667e-06,0.015864704,0,0.5870378017425537
TSBD_Healthy_db02ad0e48,1,0,1,0.70809853,0.03120343,0.07272408,0.048151184,7.2986877e-06,0.01090235,0,0.07541023939847946,0.73121357,0.9062986,0.99998856,0.9756569,0,0.3375519812107086,0.19606236,0.045550242,4.1521007e-06,0.013440732,0,0.5870378017425537
TSBD_Healthy_6e62793bdf,1,0,1,0.39063305,0.10489197,0.060989365,0.047218643,6.7170986e-06,0.011068186,0,0.07541023939847946,0.5362814,0.90573084,0.9999887,0.9691393,0,0.3375519812107086,0.40272927,0.047050573,4.552096e-06,0.019792529,0,0.5870378017425537
TSBD_Healthy_097e8db62c,1,0,2,0.5555306,0.050754227,0.056018334,0.0295394,2.3799064e-06,0.0067639016,0,0.07541023939847946,0.38349774,0.12568918,0.00076346734,0.08069528,0,0.3375519812107086,0.56048393,0.8447714,0.9992342,0.91254085,0,0.5870378017425537
TSBD_Healthy_9a88507804,1,0,2,0.51981026,0.06809594,0.057444762,0.032915853,2.474016e-06,0.0071836766,0,0.07541023939847946,0.3363445,0.06259907,3.5492234e-05,0.030335635,0,0.3375519812107086,0.6062107,0.9044851,0.999962,0.96248066,0,0.5870378017425537
TSBD_Healthy_d3268932b8,1,1,1,0.7668014,0.02085884,0.082792245,0.042224217,4.6384703e-06,0.009710293,0,0.07541023939847946,0.75639206,0.9046586,0.9999877,0.97529685,1,0.3375519812107086,0.1608157,0.053117216,7.599365e-06,0.014992862,0,0.5870378017425537
TSBD_Healthy_7ef69613b9,1,0,2,0.80481595,0.01704967,0.07125532,0.05299445,1.2052162e-05,0.012093823,0,0.07541023939847946,0.12650315,0.033139724,2.4793694e-06,0.0087241195,0,0.3375519812107086,0.8022415,0.9138658,0.99998546,0.97918206,0,0.5870378017425537
TSBD_Healthy_ddc759b323,1,0,2,0.62105983,0.04309018,0.05439174,0.03030762,2.0540444e-06,0.0063997875,0,0.07541023939847946,0.30323288,0.08672034,0.00013390469,0.04321594,0,0.3375519812107086,0.6423754,0.88297206,0.9998641,0.95038426,0,0.5870378017425537
TSBD_Healthy_cb4b1d8b67,1,0,2,0.7571554,0.024687914,0.06326493,0.046164703,7.435421e-06,0.009999228,0,0.07541023939847946,0.16115713,0.036831643,3.8351873e-06,0.010976218,0,0.3375519812107086,0.77557796,0.91700363,0.9999888,0.9790246,0,0.5870378017425537
TSBD_Healthy_886fdcfd30,0,0,0,0.15335883,0.25760877,0.17826407,0.8611544,0.9988086,0.8455594,0,0.07541023939847946,0.72464323,0.11335563,0.0011894176,0.14427747,0,0.3375519812107086,0.09709272,0.02548995,1.9965685e-06,0.010163123,0,0.5870378017425537
TSBD_Healthy_784f1bc940,1,0,2,0.7498613,0.025874715,0.06412469,0.053468004,1.2793333e-05,0.011981709,0,0.07541023939847946,0.16110365,0.03342722,2.5995942e-06,0.009734958,0,0.3375519812107086,0.77477163,0.9131047,0.9999846,0.97828335,0,0.5870378017425537
TSBD_Healthy_ba996de886,1,0,2,0.7968895,0.018486576,0.06705329,0.049328316,9.383893e-06,0.010911713,0,0.07541023939847946,0.13379623,0.034148976,2.78744e-06,0.009238307,0,0.3375519812107086,0.7991505,0.91652274,0.99998784,0.97985005,0,0.5870378017425537
TSBD_Healthy_619dcca295,1,0,2,0.7103589,0.031982694,0.060259633,0.042421132,5.6150257e-06,0.0090687,0,0.07541023939847946,0.19676635,0.042911023,7.0986803e-06,0.014455316,0,0.3375519812107086,0.74297404,0.91466784,0.99998724,0.97647595,0,0.5870378017425537
TSBD_Healthy_e5fac835da,1,0,1,0.74801,0.024473738,0.07672679,0.04869219,7.5894627e-06,0.011143847,0,0.07541023939847946,0.7533632,0.90635633,0.99998856,0.9764269,0,0.3375519812107086,0.16991003,0.04495148,3.900705e-06,0.012429239,0,0.5870378017425537
TSBD_Healthy_7b8508b66d,1,0,2,0.70887935,0.03264622,0.062446866,0.048179515,8.821947e-06,0.010628086,0,0.07541023939847946,0.189401,0.037088282,4.0171926e-06,0.01190283,0,0.3375519812107086,0.7481521,0.9147323,0.9999871,0.9774691,0,0.5870378017425537
TSBD_Healthy_1bf9b6920f,1,0,2,0.40915415,0.09845032,0.061266985,0.036369804,3.426733e-06,0.008529723,0,0.07541023939847946,0.3985348,0.055293947,2.0293497e-05,0.028309729,0,0.3375519812107086,0.54019827,0.9083363,0.9999763,0.9631605,0,0.5870378017425537
TSBD_Healthy_c2dd44b1c5,1,0,2,0.61962944,0.046837837,0.06688826,0.13426949,0.00053928926,0.040200762,0,0.07541023939847946,0.2082618,0.027793668,1.8153955e-06,0.009429548,0,0.3375519812107086,0.72484994,0.8379368,0.99945897,0.9503697,0,0.5870378017425537
TSBD_Healthy_6941b60386,1,0,2,0.7352914,0.027448153,0.064225234,0.054116298,1.3569904e-05,0.0122865215,0,0.07541023939847946,0.17691886,0.03881812,4.7954222e-06,0.012250982,0,0.3375519812107086,0.75885594,0.90706563,0.99998164,0.9754625,0,0.5870378017425537
TSBD_Healthy_905510a905,1,0,2,0.42226014,0.096795455,0.0548011,0.042914465,5.957959e-06,0.009733319,0,0.07541023939847946,0.37488958,0.04215169,6.375179e-06,0.019183371,0,0.3375519812107086,0.5703092,0.9149339,0.9999877,0.9710833,0,0.5870378017425537
TSBD_Healthy_9731a208b9,0,0,1,0.26176304,0.16498953,0.066479295,0.039712783,3.6728552e-06,0.010307996,0,0.07541023939847946,0.3951751,0.903131,0.99998605,0.95868886,0,0.3375519812107086,0.5383456,0.057156224,1.0249654e-05,0.031003201,0,0.5870378017425537
TSBD_Healthy_0dca3c0bc2,1,0,1,0.6497662,0.03734703,0.06796331,0.046504673,7.813986e-06,0.010969846,0,0.07541023939847946,0.6606142,0.8764714,0.999949,0.95755976,0,0.3375519812107086,0.2714225,0.07702387,4.3245644e-05,0.031470418,0,0.5870378017425537
TSBD_Healthy_12ac808983,1,0,1,0.62610906,0.046022516,0.07778705,0.052103676,9.771118e-06,0.012546988,0,0.07541023939847946,0.6820243,0.9034467,0.9999863,0.9730321,0,0.3375519812107086,0.24018863,0.044449624,3.8956478e-06,0.014420893,0,0.5870378017425537
TSBD_Healthy_511fba2ceb,1,0,2,0.6665591,0.04006491,0.059816062,0.04331249,5.9180447e-06,0.009320548,0,0.07541023939847946,0.2194629,0.04098751,5.712557e-06,0.014229166,0,0.3375519812107086,0.72072107,0.9157,0.9999883,0.97645026,0,0.5870378017425537
TSBD_Healthy_549679688a,1,0,2,0.6583548,0.035754777,0.055363104,0.026245454,1.2606051e-06,0.005411563,0,0.07541023939847946,0.28261596,0.092395656,0.00018851802,0.045923814,0,0.3375519812107086,0.6620209,0.88135886,0.99981016,0.9486646,0,0.5870378017425537
TSBD_Healthy_708f7d8e32,1,0,2,0.78844774,0.018753564,0.062882565,0.03509814,2.9450669e-06,0.007303334,0,0.07541023939847946,0.15674713,0.05096266,1.496025e-05,0.01645925,0,0.3375519812107086,0.78037024,0.9139392,0.9999821,0.9762374,0,0.5870378017425537
TSBD_Healthy_30a7ad7ba3,0,0,1,0.5322026,0.045243915,0.054001108,0.024637606,1.8385673e-06,0.005933727,0,0.07541023939847946,0.41640303,0.7121934,0.98780686,0.77144444,0,0.3375519812107086,0.52959585,0.26316896,0.012191326,0.22262181,0,0.5870378017425537
TSBD_Healthy_dad4aa07c4,1,0,2,0.62198424,0.043382555,0.057199463,0.03923163,5.5217433e-06,0.008913103,0,0.07541023939847946,0.29391676,0.0776306,8.956347e-05,0.037515413,0,0.3375519812107086,0.64888376,0.8831378,0.999905,0.95357144,0,0.5870378017425537
TSBD_Healthy_8eff6e388b,1,0,2,0.6055307,0.050918102,0.05507254,0.03558688,2.9573825e-06,0.0073616044,0,0.07541023939847946,0.27129376,0.05185322,1.5154966e-05,0.021127466,0,0.3375519812107086,0.6736337,0.91256,0.9999819,0.97151095,0,0.5870378017425537
TSBD_Healthy_fec7f36a5c,1,0,1,0.5189005,0.051312886,0.058200754,0.025468582,1.2940886e-06,0.0058432724,0,0.07541023939847946,0.4914824,0.79468465,0.9982687,0.8725717,0,0.3375519812107086,0.45031688,0.17984676,0.0017299415,0.121585004,0,0.5870378017425537
TSBD_Healthy_1cf19a1878,1,0,2,0.5573171,0.049833085,0.05565045,0.024570027,1.2241837e-06,0.005424602,0,0.07541023939847946,0.38679585,0.13346122,0.0009908166,0.08738339,0,0.3375519812107086,0.5575537,0.8419688,0.999008,0.90719205,0,0.5870378017425537
TSBD_Healthy_0fbc0f2310,1,0,2,0.6741914,0.03560774,0.05937877,0.03600509,3.4871277e-06,0.0077630896,0,0.07541023939847946,0.24532361,0.06556345,4.5318557e-05,0.027897676,0,0.3375519812107086,0.6952976,0.89843136,0.99995124,0.96433926,0,0.5870378017425537
TSBD_Healthy_24a6f36a78,1,0,1,0.7252081,0.0051334575,0.06053988,0.023572883,1.8823725e-06,0.0055480236,0,0.07541023939847946,0.62749416,0.68807036,0.97889036,0.79825544,0,0.3375519812107086,0.31196597,0.28835672,0.021107728,0.1961965,0,0.5870378017425537
TSBD_Healthy_7bca399e6d,1,0,2,0.55348617,0.061399657,0.056227855,0.036137164,3.2743583e-06,0.0077568083,0,0.07541023939847946,0.3067677,0.054999787,1.9557505e-05,0.024260724,0,0.3375519812107086,0.63700444,0.90886307,0.99997723,0.96798253,0,0.5870378017425537
TSBD_Healthy_06733b9af0,1,0,2,0.6839293,0.036048766,0.05585205,0.033781923,2.4876838e-06,0.0068311654,0,0.07541023939847946,0.22438715,0.05217016,1.552925e-05,0.019493205,0,0.3375519812107086,0.7197608,0.9140479,0.999982,0.97367567,0,0.5870378017425537
TSBD_Healthy_2e5b036845,1,0,1,0.70109576,0.032314125,0.0689228,0.04469181,5.538494e-06,0.00981295,0,0.07541023939847946,0.7255026,0.90651464,0.99998903,0.97528845,0,0.3375519812107086,0.20557457,0.0487936,5.4170205e-06,0.01489863,0,0.5870378017425537
TSBD_Healthy_363f51fde7,1,1,1,0.7990202,0.016205704,0.09659629,0.048283234,7.2553275e-06,0.011797797,0,0.07541023939847946,0.77834827,0.9062855,0.9999887,0.97702163,1,0.3375519812107086,0.12505543,0.04543128,4.0477835e-06,0.011180576,0,0.5870378017425537
TSBD_Healthy_c6ac85b839,1,0,1,0.721163,0.02886946,0.07329162,0.046304975,6.4152005e-06,0.010437925,0,0.07541023939847946,0.7370354,0.90651226,0.9999888,0.9756832,0,0.3375519812107086,0.18967298,0.047182735,4.8405827e-06,0.013878883,0,0.5870378017425537
TSBD_Healthy_ddbacc20a2,1,0,1,0.5830914,0.05040377,0.062120616,0.0327434,1.9718168e-06,0.0070258277,0,0.07541023939847946,0.61638075,0.88143057,0.9999404,0.9551304,0,0.3375519812107086,0.32149857,0.085826114,5.7588455e-05,0.037843782,0,0.5870378017425537
TSBD_Healthy_8643328d51,1,0,2,0.6700521,0.03513366,0.057419673,0.028894013,1.6326803e-06,0.0059938286,0,0.07541023939847946,0.2614117,0.079281375,9.345254e-05,0.03604942,0,0.3375519812107086,0.6811686,0.89182466,0.9999049,0.9579567,0,0.5870378017425537
TSBD_Healthy_006fc27c69,1,0,2,0.68963456,0.013842011,0.05693422,0.024102828,1.9645588e-06,0.0055912426,0,0.07541023939847946,0.35192427,0.23295899,0.014982475,0.17546628,0,0.3375519812107086,0.5911415,0.7429382,0.9850155,0.8189425,0,0.5870378017425537
TSBD_Healthy_33406626c7,1,0,2,0.6535882,0.04286283,0.05914308,0.045382217,6.773555e-06,0.009756701,0,0.07541023939847946,0.22305143,0.037949186,4.280657e-06,0.013069525,0,0.3375519812107086,0.71780545,0.91666865,0.9999889,0.97717375,0,0.5870378017425537
TSBD_Healthy_b06da16348,1,0,2,0.7814752,0.020659883,0.0689174,0.052796006,1.2543209e-05,0.012089606,0,0.07541023939847946,0.14142868,0.033585716,2.7196843e-06,0.009343429,0,0.3375519812107086,0.78965396,0.9136183,0.99998474,0.97856694,0,0.5870378017425537
TSBD_Healthy_06f251fee4,1,0,2,0.6690676,0.032697603,0.058640875,0.02764232,1.6178014e-06,0.0059416834,0,0.07541023939847946,0.2810827,0.09978031,0.00025615422,0.050455466,0,0.3375519812107086,0.6602765,0.87257737,0.9997422,0.9436028,0,0.5870378017425537
TSBD_Healthy_4ac4f94767,1,0,2,0.81939226,0.014795209,0.076343365,0.051137142,1.0912711e-05,0.011917271,0,0.07541023939847946,0.11553654,0.033664636,2.6860248e-06,0.008623652,0,0.3375519812107086,0.80812013,0.9151983,0.9999863,0.9794591,0,0.5870378017425537
TSBD_Healthy_e7cd92f08f,1,0,2,0.77554417,0.021196395,0.062247865,0.045534175,7.457435e-06,0.00986747,0,0.07541023939847946,0.15710662,0.041443508,6.5556687e-06,0.012744995,0,0.3375519812107086,0.7806455,0.91302234,0.99998593,0.97738755,0,0.5870378017425537
TSBD_Healthy_1597a65755,1,0,1,0.6397443,0.010638924,0.061177295,0.023829604,3.4142756e-06,0.005983281,0,0.07541023939847946,0.65287834,0.5722752,0.866943,0.6902114,0,0.3375519812107086,0.2859444,0.40389517,0.13305363,0.3038053,0,0.5870378017425537
TSBD_Healthy_a8ea0e137d,1,0,2,0.5698947,0.052096274,0.058178212,0.028920611,1.892595e-06,0.0064211627,0,0.07541023939847946,0.342115,0.095999196,0.00022970024,0.053481746,0,0.3375519812107086,0.59970677,0.87508017,0.99976844,0.9400971,0,0.5870378017425537
TSBD_Healthy_fafc24f635,1,0,2,0.5230323,0.0034956727,0.05441976,0.02697693,7.65412e-06,0.006910661,0,0.07541023939847946,0.3949623,0.45138007,0.46576655,0.4448886,0,0.3375519812107086,0.550618,0.521643,0.5342258,0.5482008,0,0.5870378017425537
TSBD_Healthy_7c877797f5,1,0,2,0.74440455,0.026578465,0.066586286,0.051715665,1.1365978e-05,0.011706879,0,0.07541023939847946,0.1649349,0.034888398,3.184199e-06,0.010444107,0,0.3375519812107086,0.76847875,0.91339594,0.99998546,0.977849,0,0.5870378017425537
TSBD_Healthy_d249c82c7a,1,0,1,0.47547695,0.077573135,0.06629705,0.05113416,9.424276e-06,0.012377481,0,0.07541023939847946,0.5710699,0.88817936,0.99997723,0.96162164,0,0.3375519812107086,0.36263305,0.06068646,1.34035035e-05,0.026000889,0,0.5870378017425537
TSBD_Healthy_1dafd9bcec,1,0,2,0.692631,0.03498368,0.05784225,0.03921418,4.2214656e-06,0.008188362,0,0.07541023939847946,0.21120088,0.045652762,9.286396e-06,0.016152592,0,0.3375519812107086,0.73095685,0.9151331,0.9999865,0.975659,0,0.5870378017425537
TSBD_Healthy_727f8ba7d1,1,0,2,0.6859667,0.02659978,0.05713719,0.027159857,1.7765329e-06,0.0059399838,0,0.07541023939847946,0.29373047,0.12571682,0.0007536007,0.070407525,0,0.3375519812107086,0.6491323,0.8471234,0.9992447,0.9236525,0,0.5870378017425537
TSBD_Healthy_578fae46e9,1,0,2,0.79360574,0.018885888,0.06785161,0.046053395,7.2433845e-06,0.010101496,0,0.07541023939847946,0.13739276,0.036403753,3.5374028e-06,0.010079143,0,0.3375519812107086,0.7947556,0.9175429,0.99998915,0.9798194,0,0.5870378017425537
TSBD_Healthy_d1980c5cf7,1,0,2,0.63874525,0.044317633,0.05473738,0.032756146,2.311177e-06,0.0066723945,0,0.07541023939847946,0.25318298,0.053606886,1.7736955e-05,0.021397404,0,0.3375519812107086,0.69207966,0.913637,0.99998,0.9719302,0,0.5870378017425537
TSBD_Healthy_5f95d3f8a2,1,0,2,0.35496113,0.11277329,0.05807525,0.03347411,2.7483045e-06,0.007989976,0,0.07541023939847946,0.46416593,0.07342948,6.2167535e-05,0.043944724,0,0.3375519812107086,0.47775877,0.8930964,0.99993503,0.94806534,0,0.5870378017425537
TSBD_Healthy_ef7cbd4127,1,0,2,0.62170815,0.048317447,0.060359564,0.05998706,2.0743659e-05,0.0140918465,0,0.07541023939847946,0.24037059,0.036767747,4.155356e-06,0.013295176,0,0.3375519812107086,0.69926983,0.9032452,0.9999751,0.972613,0,0.5870378017425537
TSBD_Healthy_63b700da46,1,0,1,0.7038962,0.006304631,0.062877364,0.04703697,2.0045376e-05,0.01268253,0,0.07541023939847946,0.58149004,0.6894274,0.98686194,0.8025888,0,0.3375519812107086,0.35563254,0.26353568,0.01311804,0.18472865,0,0.5870378017425537
TSBD_Healthy_076f98de26,1,0,1,0.41342288,0.09722218,0.05806712,0.041906066,4.336436e-06,0.009379984,0,0.07541023939847946,0.545762,0.90499544,0.9999882,0.96786827,0,0.3375519812107086,0.39617088,0.053098522,7.4210634e-06,0.022751728,0,0.5870378017425537
TSBD_Healthy_e3f6aa3d79,1,0,2,0.65533537,0.03171756,0.056649774,0.03260556,3.2929452e-06,0.0073503004,0,0.07541023939847946,0.3150598,0.122057594,0.00069690455,0.070829466,0,0.3375519812107086,0.6282905,0.84533685,0.99929976,0.9218203,0,0.5870378017425537
TSBD_Healthy_da00d5de9a,1,0,2,0.7415152,0.026640426,0.061803333,0.04181366,5.331998e-06,0.008931179,0,0.07541023939847946,0.17874019,0.043528285,7.787396e-06,0.014226133,0,0.3375519812107086,0.7594565,0.91465807,0.9999869,0.9768427,0,0.5870378017425537
TSBD_Healthy_1fc6860580,1,0,1,0.59979546,0.051561464,0.06709619,0.046115313,6.2480217e-06,0.010377672,0,0.07541023939847946,0.6678911,0.9060786,0.9999888,0.9733014,0,0.3375519812107086,0.26501268,0.047806118,5.0094272e-06,0.016320936,0,0.5870378017425537
TSBD_Healthy_93437b01b9,1,0,2,0.81361395,0.0156141305,0.06813112,0.038179822,3.822102e-06,0.008151883,0,0.07541023939847946,0.13058907,0.04327942,7.2648154e-06,0.012315165,0,0.3375519812107086,0.8012797,0.9185407,0.9999889,0.9795329,0,0.5870378017425537
TSBD_Healthy_d7b2fef984,1,0,2,0.6865368,0.03576929,0.055307183,0.035162423,2.8995198e-06,0.007136742,0,0.07541023939847946,0.22116473,0.050237358,1.3720933e-05,0.018574413,0,0.3375519812107086,0.7235281,0.9146002,0.99998343,0.9742888,0,0.5870378017425537
TSBD_Healthy_6499b6d7a1,1,0,2,0.6964213,0.03509853,0.060917035,0.04652489,7.5918383e-06,0.010084327,0,0.07541023939847946,0.19589473,0.036444023,3.6412807e-06,0.011739547,0,0.3375519812107086,0.74318826,0.9170311,0.9999887,0.9781762,0,0.5870378017425537
TSBD_Healthy_b2c3637e41,1,0,2,0.69187295,0.035688855,0.060374767,0.042905103,5.6652157e-06,0.00916108,0,0.07541023939847946,0.20263112,0.03958828,5.14483e-06,0.013240398,0,0.3375519812107086,0.73699415,0.91750664,0.99998915,0.9775985,0,0.5870378017425537
TSBD_Healthy_ca0105e4b8,1,0,2,0.79427016,0.01884587,0.06722012,0.047926668,8.471697e-06,0.01057087,0,0.07541023939847946,0.13616066,0.035109904,3.147964e-06,0.009651605,0,0.3375519812107086,0.7966193,0.91696346,0.99998844,0.9797775,0,0.5870378017425537
TSBD_Healthy_efb3b53d28,0,0,2,0.2699989,0.15914679,0.08519424,0.03718349,4.186228e-06,0.011174525,0,0.07541023939847946,0.5300994,0.06728043,4.8791e-05,0.045217484,0,0.3375519812107086,0.38470635,0.89553607,0.9999471,0.94360805,0,0.5870378017425537
TSBD_Healthy_b6298539e0,1,0,2,0.7386234,0.027903615,0.06017316,0.04648168,7.544824e-06,0.009919221,0,0.07541023939847946,0.17225392,0.036195956,3.5718233e-06,0.011028449,0,0.3375519812107086,0.76757294,0.91732234,0.9999889,0.97905236,0,0.5870378017425537
TSBD_Healthy_32b15941da,1,1,1,0.7739444,0.02013614,0.08340263,0.047597747,6.9403627e-06,0.0110975485,0,0.07541023939847946,0.7653336,0.9061157,0.9999887,0.9765696,1,0.3375519812107086,0.15126379,0.046286557,4.4197327e-06,0.012332891,0,0.5870378017425537
TSBD_Healthy_0d4ffdc7b0,1,0,2,0.4639095,0.083091095,0.05441945,0.03186851,2.088927e-06,0.006827,0,0.07541023939847946,0.36767095,0.05785993,2.3380298e-05,0.028246796,0,0.3375519812107086,0.5779095,0.9102716,0.9999745,0.96492624,0,0.5870378017425537
TSBD_Healthy_b36f28e306,1,1,2,0.8290655,0.013324884,0.07971908,0.05013187,9.96816e-06,0.011755077,0,0.07541023939847946,0.107945375,0.03412208,2.7682217e-06,0.008508084,0,0.3375519812107086,0.81233555,0.9157461,0.99998724,0.97973686,1,0.5870378017425537
TSBD_Healthy_68a56d28bf,1,0,1,0.6841642,0.033874635,0.07001822,0.046097107,6.5195904e-06,0.010448052,0,0.07541023939847946,0.70353,0.896267,0.9999825,0.9701934,0,0.3375519812107086,0.2264517,0.05763591,1.1041462e-05,0.019358544,0,0.5870378017425537
TSBD_Healthy_b7798ab5f8,1,0,2,0.69262064,0.033675544,0.056420796,0.032246526,2.2481088e-06,0.006582158,0,0.07541023939847946,0.22665142,0.058833424,2.6876452e-05,0.023054963,0,0.3375519812107086,0.71692777,0.90892,0.9999709,0.9703629,0,0.5870378017425537
TSBD_Healthy_2a0f79d223,1,0,2,0.53211534,0.06699361,0.056881957,0.037254937,3.6462063e-06,0.008098547,0,0.07541023939847946,0.31276175,0.050024636,1.377176e-05,0.021903852,0,0.3375519812107086,0.6303563,0.91272044,0.9999825,0.9699976,0,0.5870378017425537
TSBD_Healthy_8fc6471a64,1,0,2,0.52820444,0.065745585,0.056696195,0.03243842,2.3458242e-06,0.00701809,0,0.07541023939847946,0.33495235,0.065306015,4.170997e-05,0.03183906,0,0.3375519812107086,0.60835147,0.90225565,0.9999559,0.96114284,0,0.5870378017425537
TSBD_Healthy_78bf1afa4b,1,0,1,0.42448267,0.093080126,0.06226772,0.040986504,4.312618e-06,0.009496326,0,0.07541023939847946,0.54581785,0.9016178,0.999985,0.96527827,0,0.3375519812107086,0.39191446,0.057395697,1.0690456e-05,0.025225446,0,0.5870378017425537
TSBD_Healthy_d63c012f3e,1,0,1,0.7390571,0.024287857,0.07608521,0.0409526,3.9414613e-06,0.00910439,0,0.07541023939847946,0.73165387,0.8968044,0.9999821,0.9713083,0,0.3375519812107086,0.19226092,0.062243033,1.3985252e-05,0.01958729,0,0.5870378017425537
TSBD_Healthy_05ab09d318,1,0,2,0.6238479,0.0020326613,0.05671992,0.03372459,1.4269328e-05,0.008924763,0,0.07541023939847946,0.3982945,0.37772804,0.21162444,0.35747686,0,0.3375519812107086,0.5449856,0.58854735,0.7883613,0.6335984,0,0.5870378017425537
TSBD_Healthy_18405215f8,1,0,2,0.81111467,0.016037423,0.072416164,0.048609886,8.895307e-06,0.010998015,0,0.07541023939847946,0.12442767,0.035693847,3.4221214e-06,0.009555661,0,0.3375519812107086,0.8031561,0.9156962,0.9999876,0.9794463,0,0.5870378017425537
TSBD_Healthy_fe721e6a35,0,0,1,0.5622716,0.017945848,0.05790529,0.027667303,6.2855133e-06,0.0072446424,0,0.07541023939847946,0.36045355,0.54399186,0.80439,0.55146706,0,0.3375519812107086,0.58164114,0.42834088,0.19560365,0.44128826,0,0.5870378017425537
TSBD_Healthy_8a0b6768d9,1,0,2,0.6553643,0.041852213,0.056551196,0.03877715,4.11811e-06,0.008117452,0,0.07541023939847946,0.233371,0.045694422,9.458136e-06,0.016950483,0,0.3375519812107086,0.71007776,0.9155284,0.9999864,0.974932,0,0.5870378017425537
TSBD_Healthy_fdb9e6ae23,1,0,2,0.8116753,0.016080726,0.0708915,0.045865897,7.159195e-06,0.010176075,0,0.07541023939847946,0.12524311,0.036554284,3.669446e-06,0.009810371,0,0.3375519812107086,0.8038653,0.91757977,0.99998915,0.98001355,0,0.5870378017425537
TSBD_Healthy_4c66cb7f58,1,0,2,0.6327584,0.04641742,0.05464937,0.036727037,3.231829e-06,0.007495385,0,0.07541023939847946,0.24681768,0.04555664,8.766367e-06,0.017090308,0,0.3375519812107086,0.698533,0.9177164,0.99998796,0.9754143,0,0.5870378017425537
TSBD_Healthy_f5058ddf56,1,0,2,0.5348727,0.0672515,0.06136351,0.05087341,1.0487628e-05,0.011775155,0,0.07541023939847946,0.2936871,0.03843531,4.3377718e-06,0.01504817,0,0.3375519812107086,0.6449494,0.9106913,0.9999852,0.97317666,0,0.5870378017425537
TSBD_Healthy_69e2554f5f,1,0,1,0.44164458,0.08309426,0.055305455,0.030157533,1.4873746e-06,0.006474747,0,0.07541023939847946,0.51789343,0.8765193,0.999918,0.9446293,0,0.3375519812107086,0.42680112,0.09332315,8.049767e-05,0.04889592,0,0.5870378017425537
TSBD_Healthy_d4f8817d0f,1,0,2,0.6116703,0.009453574,0.058655072,0.027388653,7.366e-06,0.0071476693,0,0.07541023939847946,0.2793998,0.3961598,0.27542323,0.33738464,0,0.3375519812107086,0.6619451,0.57645154,0.7245694,0.65546775,0,0.5870378017425537
TSBD_Healthy_75d585858d,1,0,1,0.37273103,0.111015335,0.056989457,0.04734068,6.841233e-06,0.010930292,0,0.07541023939847946,0.5261935,0.90638554,0.9999888,0.96919686,0,0.3375519812107086,0.41681707,0.0462738,4.3983014e-06,0.01987284,0,0.5870378017425537
TSBD_Healthy_cb3a9d790a,1,0,2,0.66483516,0.010475099,0.05498979,0.023152616,2.4039848e-06,0.005517155,0,0.07541023939847946,0.39125627,0.29166445,0.044995982,0.24521893,0,0.3375519812107086,0.5537539,0.6851829,0.9550016,0.74926394,0,0.5870378017425537
TSBD_Healthy_2c254df731,0,0,1,0.5301359,0.003578174,0.059362505,0.027107548,7.2303433e-06,0.0071289847,0,0.07541023939847946,0.45558548,0.4979121,0.6626745,0.5297294,0,0.3375519812107086,0.48505202,0.4749804,0.33731833,0.46314165,0,0.5870378017425537
TSBD_Healthy_4e4bdff12a,1,0,1,0.7256909,0.026501613,0.074726716,0.042310424,4.576e-06,0.00948972,0,0.07541023939847946,0.72427,0.8965045,0.9999819,0.97084665,0,0.3375519812107086,0.2010033,0.06118507,1.3491581e-05,0.019663587,0,0.5870378017425537
TSBD_WSSV_ffd2411af1,1,0,1,0.5324051,0.06641871,0.066868484,0.04842433,7.5832945e-06,0.0112352725,0,0.07541023939847946,0.6291339,0.9055121,0.99998796,0.97200245,0,0.3375519812107086,0.30399767,0.046063565,4.4315766e-06,0.016762275,0,0.5870378017425537
TSBD_WSSV_c6b9dfd6bd,0,0,1,0.2866708,0.14743808,0.055558495,0.04629752,6.5837094e-06,0.011215906,0,0.07541023939847946,0.44830745,0.90612334,0.9999883,0.96552044,0,0.3375519812107086,0.49613407,0.0475791,5.1526035e-06,0.023263711,0,0.5870378017425537
TSBD_WSSV_258e8224d8,1,1,1,0.80457217,0.015360316,0.1026966,0.0491466,7.863394e-06,0.012330746,0,0.07541023939847946,0.7813579,0.9062916,0.99998844,0.9770521,1,0.3375519812107086,0.1159455,0.04456175,3.7512955e-06,0.010617173,0,0.5870378017425537
TSBD_WSSV_7759b4323e,1,1,1,0.7724652,0.01715358,0.1443601,0.0902542,8.1225415e-05,0.029677268,0,0.07541023939847946,0.7419942,0.8755205,0.99991727,0.96243525,1,0.3375519812107086,0.113645695,0.03422526,1.4508098e-06,0.007887517,0,0.5870378017425537
TSBD_WSSV_20ac0fab2b,1,1,0,0.61788076,0.05191903,0.7110417,0.93710124,0.9999894,0.97952896,1,0.07541023939847946,0.21561283,0.028643193,4.4958656e-06,0.011443512,0,0.3375519812107086,0.07334548,0.034255505,6.060983e-06,0.009027531,0,0.5870378017425537
TSBD_WSSV_73ccea8db5,1,0,1,0.72750944,0.013860775,0.22943449,0.20795248,0.0025913736,0.10368394,0,0.07541023939847946,0.66627336,0.7645112,0.9974076,0.88974726,0,0.3375519812107086,0.10429212,0.02753624,9.936866e-07,0.0065687997,0,0.5870378017425537
TSBD_WSSV_2ca61b4065,1,1,1,0.80274653,0.014949705,0.10641519,0.063122764,1.938792e-05,0.016790407,0,0.07541023939847946,0.77716905,0.8975957,0.9999783,0.97405833,1,0.3375519812107086,0.11641579,0.039281603,2.3166724e-06,0.009151287,0,0.5870378017425537
TSBD_WSSV_0168d43459,1,0,0,0.29741108,0.14217459,0.4827944,0.93589485,0.9999883,0.97070855,0,0.07541023939847946,0.11417422,0.031224992,6.6266066e-06,0.011685682,0,0.3375519812107086,0.40303138,0.032880116,5.037758e-06,0.017605849,0,0.5870378017425537
TSBD_WSSV_a270f6228b,0,0,0,0.28914958,0.13510495,0.14459404,0.6315813,0.77705467,0.48447853,0,0.07541023939847946,0.73450303,0.34080413,0.22293946,0.5050109,0,0.3375519812107086,0.12090295,0.027614526,5.8426003e-06,0.010510527,0,0.5870378017425537
TSBD_WSSV_3868efcb84,0,0,0,0.069204606,0.35471892,0.15377025,0.9352108,0.99998796,0.9464175,0,0.07541023939847946,0.42712018,0.029984664,5.4909665e-06,0.02552679,0,0.3375519812107086,0.41910958,0.034804504,6.5089594e-06,0.028055767,0,0.5870378017425537
TSBD_WSSV_98510bdd07,0,0,0,0.12785661,0.28561038,0.21722457,0.9190252,0.9999244,0.9312296,0,0.07541023939847946,0.6881055,0.056674115,7.3977644e-05,0.05938413,0,0.3375519812107086,0.094669916,0.02430066,1.5784079e-06,0.009386293,0,0.5870378017425537
TSBD_WSSV_365b81a0b8,0,0,0,0.042983264,0.44531423,0.06528918,0.9293183,0.999982,0.9183599,0,0.07541023939847946,0.30420145,0.029020932,4.8295196e-06,0.028592573,0,0.3375519812107086,0.6305093,0.041660715,1.3144733e-05,0.05304757,0,0.5870378017425537
TSBD_WSSV_4c515e509e,1,1,1,0.7903925,0.017285714,0.09564663,0.058005717,1.3939056e-05,0.014592299,0,0.07541023939847946,0.77383226,0.9016345,0.99998355,0.9755948,1,0.3375519812107086,0.13052115,0.040359754,2.5161862e-06,0.009812834,0,0.5870378017425537
TSBD_WSSV_d5dc5a32b7,1,0,1,0.36683062,0.10341308,0.058241162,0.092799895,9.637224e-05,0.02626769,0,0.07541023939847946,0.47192255,0.8276049,0.9998561,0.92953855,0,0.3375519812107086,0.4698363,0.0795952,4.7520276e-05,0.04419376,0,0.5870378017425537
TSBD_WSSV_84d358870a,0,0,0,0.19128801,0.22058107,0.2661356,0.8912982,0.99956554,0.90105677,0,0.07541023939847946,0.64739853,0.08628173,0.0004332159,0.091391966,0,0.3375519812107086,0.08646587,0.022420064,1.1728004e-06,0.007551279,0,0.5870378017425537
TSBD_WSSV_b95089e484,1,1,0,0.6493261,0.04498522,0.7196849,0.93538076,0.9999871,0.97810525,1,0.07541023939847946,0.19370654,0.033837255,8.989915e-06,0.013580681,0,0.3375519812107086,0.08660859,0.030781873,3.9125393e-06,0.008314055,0,0.5870378017425537
TSBD_WSSV_ef2d938994,1,0,0,0.27141076,0.15254706,0.45232466,0.93420774,0.99998736,0.9676669,0,0.07541023939847946,0.3391068,0.029683027,5.1623915e-06,0.016234409,0,0.3375519812107086,0.20856857,0.036109302,7.456337e-06,0.016098695,0,0.5870378017425537
TSBD_WSSV_32049c3ecf,0,0,0,0.09151547,0.33768493,0.17465693,0.9264338,0.99997914,0.9461769,0,0.07541023939847946,0.1161374,0.037777897,1.4226297e-05,0.020857302,0,0.3375519812107086,0.70920575,0.035788294,6.680933e-06,0.032965813,0,0.5870378017425537
TSBD_WSSV_8b8160f809,1,0,1,0.7423693,0.02368046,0.14257193,0.061874807,1.7140599e-05,0.018322445,0,0.07541023939847946,0.73209983,0.89739615,0.9999802,0.97168565,0,0.3375519812107086,0.12532826,0.040728994,2.6543255e-06,0.009991932,0,0.5870378017425537
TSBD_WSSV_cdf58b2135,1,1,1,0.8027539,0.015641259,0.1042493,0.046748653,6.477515e-06,0.0116640385,0,0.07541023939847946,0.7800116,0.90679526,0.99998903,0.9771453,1,0.3375519812107086,0.11573915,0.04645606,4.447552e-06,0.011190687,0,0.5870378017425537
TSBD_WSSV_aa863186fe,0,0,1,0.08935157,0.34350383,0.08833333,0.050915696,8.856121e-06,0.02086693,0,0.07541023939847946,0.15207845,0.90442,0.99998724,0.94378275,0,0.3375519812107086,0.75958824,0.04466427,3.8426206e-06,0.035350274,0,0.5870378017425537
TSBD_WSSV_dfb2880295,1,1,1,0.7946214,0.016998665,0.087221116,0.04835535,7.3324973e-06,0.011419503,0,0.07541023939847946,0.7776909,0.9064154,0.9999887,0.9771431,1,0.3375519812107086,0.13508801,0.045229234,3.994484e-06,0.011437366,0,0.5870378017425537
TSBD_WSSV_baaf0baf99,0,0,1,0.26381403,0.16165584,0.53765565,0.10248528,0.00013106313,0.07011008,0,0.07541023939847946,0.32706913,0.86610734,0.9998678,0.9200891,0,0.3375519812107086,0.1352752,0.03140745,1.1202162e-06,0.009800798,0,0.5870378017425537
TSBD_WSSV_24404c91af,1,0,1,0.7513857,0.023729986,0.08136533,0.050917912,8.861108e-06,0.011973276,0,0.07541023939847946,0.75365263,0.9047719,0.9999875,0.9759358,0,0.3375519812107086,0.16498204,0.044310153,3.6923027e-06,0.012090895,0,0.5870378017425537
TSBD_WSSV_b7563199e4,1,1,1,0.78675133,0.017782133,0.13373263,0.051551707,9.188918e-06,0.0143354535,0,0.07541023939847946,0.76778406,0.90517473,0.9999875,0.9759516,1,0.3375519812107086,0.09848332,0.04327357,3.3231183e-06,0.00971298,0,0.5870378017425537
TSBD_WSSV_11a594f754,1,1,1,0.8029381,0.015275361,0.1227092,0.054515816,1.1398013e-05,0.014836531,0,0.07541023939847946,0.77741516,0.9038148,0.9999857,0.97585976,1,0.3375519812107086,0.09987566,0.041669358,2.9007488e-06,0.00930368,0,0.5870378017425537
TSBD_WSSV_fc31d39bad,1,0,1,0.7449926,0.02486637,0.07988486,0.04849191,7.4691065e-06,0.011259456,0,0.07541023939847946,0.75020766,0.9062875,0.99998856,0.9761852,0,0.3375519812107086,0.16990753,0.0452206,4.0226614e-06,0.012555341,0,0.5870378017425537
TSBD_WSSV_d6cd79daa1,1,0,1,0.6467637,0.04170354,0.09785323,0.049997147,8.324348e-06,0.012877687,0,0.07541023939847946,0.6879506,0.9055598,0.99998796,0.9734146,0,0.3375519812107086,0.21419623,0.044442996,3.7639509e-06,0.013707729,0,0.5870378017425537
TSBD_WSSV_02f81ef95e,1,0,1,0.72251415,0.028561452,0.07841596,0.046986002,6.67349e-06,0.010845744,0,0.07541023939847946,0.73661995,0.9065299,0.9999889,0.9757027,0,0.3375519812107086,0.18496409,0.04648405,4.469112e-06,0.013451569,0,0.5870378017425537
TSBD_WSSV_3b11acaec9,1,1,1,0.7978321,0.016414408,0.096037574,0.046640977,6.4334117e-06,0.011318067,0,0.07541023939847946,0.7776459,0.90684074,0.99998915,0.9771156,1,0.3375519812107086,0.12631656,0.046518266,4.4654103e-06,0.011566402,0,0.5870378017425537
TSBD_WSSV_c286bccb7a,1,1,1,0.8041568,0.015510486,0.09441851,0.047237422,6.7690926e-06,0.011410761,0,0.07541023939847946,0.7820761,0.9067764,0.9999889,0.97728425,1,0.3375519812107086,0.123505384,0.045986116,4.289852e-06,0.011304989,0,0.5870378017425537
TSBD_WSSV_6aa52b5d04,1,1,1,0.8058758,0.015172947,0.11079881,0.047480047,6.8540135e-06,0.012126145,0,0.07541023939847946,0.78187835,0.90669346,0.9999889,0.97717315,1,0.3375519812107086,0.1073228,0.04582656,4.200016e-06,0.010700689,0,0.5870378017425537
TSBD_WSSV_78ac1c210b,1,1,1,0.8037705,0.0154884085,0.10582734,0.047211096,6.6691455e-06,0.011843689,0,0.07541023939847946,0.78062433,0.9067539,0.99998903,0.97716504,1,0.3375519812107086,0.11354832,0.046034995,4.2954e-06,0.010991255,0,0.5870378017425537
TSBD_WSSV_f4df9efeef,1,0,1,0.40100485,0.101374194,0.07825453,0.051593747,9.137482e-06,0.013327805,0,0.07541023939847946,0.54119813,0.9049468,0.9999875,0.96905893,0,0.3375519812107086,0.38054729,0.04345947,3.402651e-06,0.017613303,0,0.5870378017425537
TSBD_WSSV_e332624690,1,1,1,0.7669295,0.017772298,0.12725553,0.10370937,0.00014134323,0.033779133,0,0.07541023939847946,0.74533975,0.8636588,0.9998573,0.958306,1,0.3375519812107086,0.12740467,0.032631844,1.3435866e-06,0.007914902,0,0.5870378017425537
TSBD_WSSV_de8ce5aa48,1,0,1,0.6891695,0.03416101,0.08229857,0.04670443,6.5188106e-06,0.011053026,0,0.07541023939847946,0.7152843,0.9061982,0.9999888,0.974689,0,0.3375519812107086,0.20241718,0.047097355,4.730146e-06,0.014258007,0,0.5870378017425537
TSBD_WSSV_2847167d0b,1,1,1,0.77702093,0.019515488,0.09351633,0.04970493,8.0205555e-06,0.0121243205,0,0.07541023939847946,0.7653422,0.9056431,0.9999881,0.9763498,1,0.3375519812107086,0.14114155,0.044651944,3.85656e-06,0.011525873,0,0.5870378017425537
TSBD_WSSV_ea8e971d58,1,1,1,0.794074,0.016912412,0.10796205,0.04564345,5.925991e-06,0.011501608,0,0.07541023939847946,0.7742022,0.9070526,0.9999893,0.97695374,1,0.3375519812107086,0.117835686,0.04730395,4.78014e-06,0.011544631,0,0.5870378017425537
TSBD_WSSV_2cd19b2879,1,1,2,0.83866704,0.011926659,0.08650437,0.048164506,8.753697e-06,0.011550972,0,0.07541023939847946,0.09706919,0.03466462,2.9905934e-06,0.0083669815,0,0.3375519812107086,0.81642646,0.9171709,0.9999883,0.9800821,1,0.5870378017425537
TSBD_WSSV_f00fa9ceb8,1,1,2,0.83384633,0.012685252,0.080605656,0.049345497,9.545556e-06,0.011599986,0,0.07541023939847946,0.10415857,0.034090333,2.7772294e-06,0.008392811,0,0.3375519812107086,0.81523573,0.91656417,0.9999877,0.98000723,1,0.5870378017425537
TSBD_WSSV_6678622b35,1,0,2,0.79870605,0.017725198,0.071874924,0.06102166,2.2034825e-05,0.014609963,0,0.07541023939847946,0.12802769,0.031183587,2.1067174e-06,0.008266123,0,0.3375519812107086,0.80009735,0.90779483,0.9999758,0.9771239,0,0.5870378017425537
TSBD_WSSV_9ce26c2bf9,0,0,0,0.08820683,0.34467864,0.14206074,0.91365874,0.9999174,0.9147811,0,0.07541023939847946,0.74062604,0.058244117,7.9989484e-05,0.07160365,0,0.3375519812107086,0.11731323,0.02809712,2.5778747e-06,0.013615297,0,0.5870378017425537
TSBD_WSSV_3319ef6f32,0,0,0,0.08699682,0.31724864,0.06851022,0.7443562,0.97778016,0.6426508,0,0.07541023939847946,0.5153175,0.02223668,2.8453758e-06,0.020957844,0,0.3375519812107086,0.41617233,0.23340712,0.022216966,0.3363914,0,0.5870378017425537
TSBD_WSSV_1bb255e74b,1,1,1,0.78416544,0.01855457,0.086019486,0.04902057,7.750317e-06,0.0115929255,0,0.07541023939847946,0.7714613,0.9058931,0.9999883,0.976773,1,0.3375519812107086,0.14251915,0.045086324,3.9358215e-06,0.011634103,0,0.5870378017425537
TSBD_WSSV_d45bc108bb,1,1,1,0.8054046,0.015242303,0.111701444,0.047145516,6.7320043e-06,0.012079542,0,0.07541023939847946,0.78157735,0.9067093,0.9999889,0.97713107,1,0.3375519812107086,0.106721215,0.04614514,4.350092e-06,0.010789398,0,0.5870378017425537
TSBD_WSSV_319f7dd222,0,0,0,0.11978686,0.26147988,0.0880818,0.7052548,0.92553186,0.5727844,0,0.07541023939847946,0.4916722,0.27212653,0.07446607,0.4115021,0,0.3375519812107086,0.4202461,0.022618603,2.145123e-06,0.015713513,0,0.5870378017425537
TSBD_WSSV_72962540b9,0,0,0,0.29823938,0.12654063,0.12946723,0.59482366,0.71522313,0.43482357,0,0.07541023939847946,0.087133214,0.021541966,4.2653433e-06,0.007668803,0,0.3375519812107086,0.78339946,0.38363448,0.28477263,0.55750763,0,0.5870378017425537
TSBD_WSSV_cbc299712b,1,1,1,0.79529005,0.015833572,0.14041165,0.060899038,1.733178e-05,0.01785142,0,0.07541023939847946,0.76795816,0.8990345,0.9999801,0.9734286,1,0.3375519812107086,0.091630235,0.04006644,2.609493e-06,0.00871996,0,0.5870378017425537
TSBD_WSSV_4852ce6b3e,1,0,1,0.69385916,0.033863924,0.06734313,0.047789507,7.021686e-06,0.010524499,0,0.07541023939847946,0.7253341,0.9066068,0.9999889,0.9757457,0,0.3375519812107086,0.2073227,0.045603726,4.119967e-06,0.0137298545,0,0.5870378017425537
TSBD_WSSV_51c0f376ed,1,0,1,0.51485205,0.07081937,0.059559755,0.047721937,6.9561465e-06,0.010583549,0,0.07541023939847946,0.62108546,0.9057953,0.9999887,0.97222424,0,0.3375519812107086,0.3193547,0.04648285,4.418502e-06,0.017192269,0,0.5870378017425537
TSBD_WSSV_27c4e89064,1,0,1,0.71577066,0.029792672,0.07284175,0.046845138,6.594439e-06,0.010542565,0,0.07541023939847946,0.7342608,0.90625834,0.9999888,0.97563773,0,0.3375519812107086,0.19289744,0.046896517,4.6313194e-06,0.013819645,0,0.5870378017425537
TSBD_WSSV_d31ea8472c,1,0,1,0.7625734,0.02038509,0.109327815,0.07270223,3.4737743e-05,0.020549478,0,0.07541023939847946,0.7499381,0.8889929,0.99996305,0.969724,0,0.3375519812107086,0.14073415,0.038304854,2.2429772e-06,0.009726512,0,0.5870378017425537
TSBD_WSSV_6fd089aca1,1,0,1,0.5295485,0.06744081,0.059987843,0.048691332,7.4934e-06,0.010809358,0,0.07541023939847946,0.63157064,0.9059073,0.99998856,0.97279894,0,0.3375519812107086,0.30844152,0.04540142,4.0060536e-06,0.01639169,0,0.5870378017425537
TSBD_WSSV_7131cb4d1e,1,0,1,0.75958365,0.02203472,0.09164903,0.050585907,8.690013e-06,0.012396044,0,0.07541023939847946,0.7535981,0.9036157,0.999987,0.9752403,0,0.3375519812107086,0.15475285,0.045798376,4.289042e-06,0.012363718,0,0.5870378017425537
TSBD_WSSV_d1629a0715,1,1,1,0.7977802,0.016398503,0.09362127,0.047712125,7.1652416e-06,0.011579734,0,0.07541023939847946,0.7777774,0.906223,0.99998844,0.97688293,1,0.3375519812107086,0.12860136,0.04606485,4.3685022e-06,0.011537378,0,0.5870378017425537
TSBD_WSSV_8ecaf0ac01,1,1,1,0.774743,0.017740216,0.11831547,0.08598987,6.641402e-05,0.025906488,0,0.07541023939847946,0.7542219,0.87921065,0.99993205,0.96572036,1,0.3375519812107086,0.12746258,0.034799434,1.5741236e-06,0.008373171,0,0.5870378017425537
TSBD_WSSV_af3c48a08c,1,0,2,0.81661844,0.014628231,0.125211,0.050690558,1.064965e-05,0.014095346,0,0.07541023939847946,0.07773751,0.033855937,2.7790466e-06,0.007604181,0,0.3375519812107086,0.7970515,0.9154535,0.99998665,0.97830045,0,0.5870378017425537
TSBD_WSSV_3dae79f506,0,0,1,0.4744704,0.06528941,0.06461697,0.026494168,1.636973e-06,0.006661979,0,0.07541023939847946,0.4250744,0.7745251,0.99736816,0.84441483,0,0.3375519812107086,0.5103086,0.1989807,0.0026302673,0.1489232,0,0.5870378017425537
TSBD_WSSV_80515fe4b2,1,0,2,0.6425418,0.042595193,0.057016145,0.049750235,1.1991317e-05,0.0113906,0,0.07541023939847946,0.2509618,0.051634327,1.6975682e-05,0.02085771,0,0.3375519812107086,0.692022,0.8986155,0.99997103,0.9677516,0,0.5870378017425537
TSBD_WSSV_aee31f5ae6,1,1,2,0.82992476,0.01001947,0.1160747,0.09777871,0.00013888514,0.030958159,0,0.07541023939847946,0.08679203,0.025878325,1.1287469e-06,0.005871977,0,0.3375519812107086,0.79713327,0.87634295,0.99986005,0.9631699,1,0.5870378017425537
TSBD_WSSV_0ef579b068,1,1,2,0.8393011,0.011624211,0.08510866,0.055225167,1.4814128e-05,0.013576742,0,0.07541023939847946,0.09762354,0.03200132,2.2089528e-06,0.0076157856,0,0.3375519812107086,0.8172678,0.91277343,0.99998295,0.97880745,1,0.5870378017425537
TSBD_WSSV_f70db8236e,1,0,2,0.7291818,0.028320128,0.06854633,0.039793033,4.7527474e-06,0.008891381,0,0.07541023939847946,0.18418846,0.046041906,9.964803e-06,0.015560634,0,0.3375519812107086,0.7472652,0.9141651,0.9999852,0.97554797,0,0.5870378017425537
TSBD_WSSV_36e3c23fc4,1,0,2,0.53681237,0.066461675,0.0764179,0.07101913,3.8463008e-05,0.019152723,0,0.07541023939847946,0.27353022,0.029864853,1.7632425e-06,0.010940095,0,0.3375519812107086,0.6500519,0.89911604,0.9999597,0.96990716,0,0.5870378017425537
TSBD_WSSV_7e34390794,1,1,2,0.8244179,0.014095741,0.07439938,0.049506314,9.8863975e-06,0.011395571,0,0.07541023939847946,0.11448966,0.034691434,3.1048112e-06,0.008956888,0,0.3375519812107086,0.811111,0.9158023,0.999987,0.9796476,1,0.5870378017425537
TSBD_WSSV_bd80b0d581,1,1,2,0.82430285,0.013190936,0.117405385,0.05614993,1.5377358e-05,0.015523507,0,0.07541023939847946,0.0828906,0.03202015,2.2055226e-06,0.00723828,0,0.3375519812107086,0.799704,0.91183,0.99998236,0.97723824,1,0.5870378017425537
TSBD_WSSV_a456bae923,1,1,2,0.83148885,0.012951519,0.08206771,0.051047605,1.0793841e-05,0.012158178,0,0.07541023939847946,0.104416415,0.033355236,2.5368963e-06,0.0081759365,0,0.3375519812107086,0.8135159,0.9155972,0.99998665,0.9796659,1,0.5870378017425537
TSBD_WSSV_b6178797f6,1,1,2,0.8259235,0.013724783,0.07811559,0.053544186,1.3209569e-05,0.012727916,0,0.07541023939847946,0.11037215,0.032882944,2.490113e-06,0.008261947,0,0.3375519812107086,0.8115122,0.9135729,0.99998426,0.9790101,1,0.5870378017425537
TSBD_WSSV_69762898eb,1,0,2,0.6991897,0.028968485,0.09047782,0.18782991,0.0023240678,0.068013735,0,0.07541023939847946,0.13276038,0.02489699,1.5419954e-06,0.0072496915,0,0.3375519812107086,0.7767619,0.78727317,0.9976744,0.92473656,0,0.5870378017425537
TSBD_WSSV_a73de688c2,1,0,2,0.41025943,0.08541346,0.06477221,0.32975358,0.053875122,0.15358053,0,0.07541023939847946,0.27338552,0.06150509,0.00014820801,0.0367234,0,0.3375519812107086,0.6618423,0.6087413,0.9459767,0.8096961,0,0.5870378017425537
TSBD_WSSV_03cb710db8,0,0,2,0.29479364,0.14817525,0.058128346,0.030866098,2.3423447e-06,0.007963769,0,0.07541023939847946,0.5661247,0.09261783,0.00019091899,0.069837324,0,0.3375519812107086,0.375747,0.87651604,0.9998067,0.9221989,0,0.5870378017425537
TSBD_WSSV_7f2c043791,1,1,2,0.83927166,0.011795946,0.089237005,0.048549052,8.859214e-06,0.011748978,0,0.07541023939847946,0.094557166,0.03444677,2.8839058e-06,0.0082083335,0,0.3375519812107086,0.81620586,0.9170041,0.9999883,0.9800427,1,0.5870378017425537
TSBD_WSSV_426ff318e2,1,1,2,0.82669544,0.013744677,0.07636511,0.050168563,1.0106312e-05,0.011616413,0,0.07541023939847946,0.11144763,0.034094293,2.797462e-06,0.008619469,0,0.3375519812107086,0.8121872,0.9157371,0.9999871,0.9797641,1,0.5870378017425537
TSBD_WSSV_3cb87dc046,1,0,2,0.7994572,0.017132854,0.07535263,0.07567889,4.832691e-05,0.019165574,0,0.07541023939847946,0.12165545,0.027904006,1.388321e-06,0.0071122143,0,0.3375519812107086,0.80299187,0.896417,0.9999503,0.9737222,0,0.5870378017425537
TSBD_WSSV_4c414428d2,1,1,2,0.83568084,0.012437461,0.08229281,0.047008894,7.90347e-06,0.011003838,0,0.07541023939847946,0.10215983,0.035277087,3.2314683e-06,0.008722132,0,0.3375519812107086,0.8155474,0.917714,0.9999889,0.980274,1,0.5870378017425537
TSBD_WSSV_4896029d97,1,1,2,0.8377342,0.012008757,0.08466151,0.05100119,1.0638283e-05,0.012236126,0,0.07541023939847946,0.09890177,0.03339275,2.5544616e-06,0.00802774,0,0.3375519812107086,0.8164367,0.9156061,0.9999869,0.9797361,1,0.5870378017425537
TSBD_WSSV_c549f00277,1,0,2,0.807195,0.016144192,0.07693253,0.06805403,3.2047097e-05,0.016921788,0,0.07541023939847946,0.11859135,0.028996328,1.5543252e-06,0.0073222965,0,0.3375519812107086,0.804476,0.90294963,0.9999664,0.9757559,0,0.5870378017425537
TSBD_WSSV_254bdb9f4d,1,1,2,0.8330798,0.01268038,0.081310995,0.052228767,1.1636551e-05,0.012426602,0,0.07541023939847946,0.10407961,0.033117317,2.5479553e-06,0.008145489,0,0.3375519812107086,0.8146094,0.91465396,0.9999858,0.97942793,1,0.5870378017425537
TSBD_WSSV_b0447870c0,1,0,2,0.6044109,0.05200334,0.054571573,0.035387456,2.9605294e-06,0.007296325,0,0.07541023939847946,0.2648091,0.046716366,1.0263894e-05,0.018427225,0,0.3375519812107086,0.6806193,0.91789615,0.99998677,0.9742764,0,0.5870378017425537
TSBD_WSSV_754fa3c73d,1,1,2,0.8385977,0.012038011,0.08276417,0.04688387,7.869708e-06,0.010994979,0,0.07541023939847946,0.09985792,0.03519841,3.1599006e-06,0.0085990615,0,0.3375519812107086,0.8173779,0.9179177,0.9999889,0.9804059,1,0.5870378017425537
TSBD_WSSV_9937a0424b,1,1,2,0.83928406,0.011875581,0.08624385,0.047255743,8.054756e-06,0.011248424,0,0.07541023939847946,0.0968229,0.035055716,3.1256425e-06,0.008474099,0,0.3375519812107086,0.81693316,0.9176885,0.9999888,0.9802775,1,0.5870378017425537
TSBD_WSSV_6fa84e41c3,1,1,2,0.82947326,0.013201075,0.079068094,0.054464564,1.3858893e-05,0.012994587,0,0.07541023939847946,0.10721789,0.03225231,2.285999e-06,0.007963904,0,0.3375519812107086,0.813714,0.91328317,0.9999839,0.9790415,1,0.5870378017425537
TSBD_WSSV_577000701d,1,0,2,0.8235253,0.014245003,0.07475124,0.051838744,1.1384027e-05,0.01198846,0,0.07541023939847946,0.113629274,0.0331744,2.5282002e-06,0.008404045,0,0.3375519812107086,0.81161946,0.9149869,0.9999862,0.97960746,0,0.5870378017425537
TSBD_WSSV_7562704d32,1,0,2,0.8172469,0.015271306,0.07264316,0.048516575,8.9083505e-06,0.010980451,0,0.07541023939847946,0.11937921,0.03460731,3.0074702e-06,0.009031979,0,0.3375519812107086,0.8079776,0.91687614,0.9999881,0.97998756,0,0.5870378017425537
TSBD_WSSV_ab987277c7,0,0,2,0.2409958,0.172459,0.08794239,0.13402225,0.00060645555,0.055281464,0,0.07541023939847946,0.5327433,0.038537227,7.2968246e-06,0.02448359,0,0.3375519812107086,0.37931427,0.82744056,0.9993863,0.920235,0,0.5870378017425537
TSBD_WSSV_1beeeafcb8,1,0,2,0.7525139,0.024179459,0.06292451,0.0646154,2.9936979e-05,0.015424646,0,0.07541023939847946,0.16673662,0.03816834,5.301843e-06,0.012108717,0,0.3375519812107086,0.77033883,0.8972162,0.99996483,0.97246665,0,0.5870378017425537
TSBD_WSSV_e7254cc0d4,1,0,2,0.76593214,0.023158297,0.066333905,0.04857772,8.873635e-06,0.010761504,0,0.07541023939847946,0.15377869,0.035845626,3.3648096e-06,0.010376494,0,0.3375519812107086,0.77988744,0.9155767,0.99998784,0.978862,0,0.5870378017425537
TSBD_WSSV_b5a8a126ab,0,0,2,0.36671168,0.110793844,0.056069814,0.032381784,3.5936685e-06,0.008396439,0,0.07541023939847946,0.5345613,0.12117183,0.0006401063,0.094379395,0,0.3375519812107086,0.40936893,0.8464464,0.9993563,0.8972242,0,0.5870378017425537
TSBD_WSSV_13e41ad5ef,1,0,2,0.8013514,0.01757387,0.069768555,0.054452963,1.3652843e-05,0.012467345,0,0.07541023939847946,0.12897919,0.03279783,2.3922705e-06,0.008685861,0,0.3375519812107086,0.80125225,0.91274923,0.9999839,0.9788468,0,0.5870378017425537
TSBD_WSSV_5dd3dca816,1,0,2,0.7322812,0.02906573,0.058619905,0.047273625,8.018824e-06,0.010035177,0,0.07541023939847946,0.17569776,0.035552543,3.314074e-06,0.010862778,0,0.3375519812107086,0.76568234,0.9171738,0.9999887,0.979102,0,0.5870378017425537
TSBD_WSSV_084f7a072a,0,0,0,0.06968817,0.34619313,0.07906845,0.5981079,0.76246494,0.5291405,0,0.07541023939847946,0.7541763,0.02635256,8.999487e-06,0.029553177,0,0.3375519812107086,0.16675524,0.3755396,0.23752609,0.44130635,0,0.5870378017425537
TSBD_WSSV_7d1aec7b17,0,0,0,0.16852178,0.24321572,0.20713188,0.8707931,0.9992706,0.8684646,0,0.07541023939847946,0.08015478,0.019257015,1.07244e-06,0.007172693,0,0.3375519812107086,0.71271336,0.10994983,0.0007283248,0.1243627,0,0.5870378017425537
TSBD_WSSV_93545fad41,1,0,2,0.77221835,0.022078855,0.06857,0.057780545,1.7621816e-05,0.013479773,0,0.07541023939847946,0.14482929,0.03178403,2.2130223e-06,0.008837195,0,0.3375519812107086,0.78660077,0.9104354,0.9999801,0.977683,0,0.5870378017425537
TSBD_WSSV_ef783ed00d,0,0,0,0.3133275,0.13448137,0.432195,0.9010471,0.99981743,0.9354785,0,0.07541023939847946,0.06497919,0.019938491,1.1385334e-06,0.0056172917,0,0.3375519812107086,0.50282586,0.07901439,0.0001814622,0.05890424,0,0.5870378017425537
TSBD_WSSV_8b081aa68f,0,0,0,0.22322807,0.17849302,0.08699585,0.62528414,0.8197745,0.44487864,0,0.07541023939847946,0.14237538,0.02349541,5.7123552e-06,0.011231842,0,0.3375519812107086,0.7706288,0.35122046,0.18021986,0.5438895,0,0.5870378017425537
TSBD_WSSV_6afbaad0ae,1,1,0,0.73459417,0.028802902,0.75904083,0.92910784,0.9999769,0.9765748,1,0.07541023939847946,0.08465397,0.023859534,2.143889e-06,0.0064098802,0,0.3375519812107086,0.15630524,0.04703263,2.0985894e-05,0.017015353,0,0.5870378017425537
TSBD_WSSV_9223e4a32b,1,0,2,0.2629161,0.15095875,0.060109355,0.20713438,0.003981963,0.08002357,0,0.07541023939847946,0.45205423,0.027053848,2.5903228e-06,0.014953608,0,0.3375519812107086,0.48783648,0.76581186,0.99601537,0.9050228,0,0.5870378017425537
TSBD_WSSV_98ea43065f,1,0,2,0.820701,0.014681702,0.07449492,0.050761975,1.0608787e-05,0.011701542,0,0.07541023939847946,0.11570907,0.033631768,2.7280955e-06,0.008644921,0,0.3375519812107086,0.8097959,0.91560626,0.99998665,0.97965354,0,0.5870378017425537
TSBD_WSSV_eb247f0a00,1,1,2,0.83854234,0.011935734,0.085580714,0.049209207,9.448621e-06,0.0117988,0,0.07541023939847946,0.09776316,0.03412007,2.7898416e-06,0.008213789,0,0.3375519812107086,0.8166562,0.91667074,0.99998784,0.9799874,1,0.5870378017425537
TSBD_WSSV_97fa50601b,1,1,2,0.8411776,0.0115484,0.08919083,0.048228845,8.725751e-06,0.011669744,0,0.07541023939847946,0.09329856,0.034531523,2.9068242e-06,0.008187241,0,0.3375519812107086,0.81751055,0.91723955,0.99998844,0.980143,1,0.5870378017425537
TSBD_WSSV_8b6c4507a2,0,0,0,0.05267367,0.4049677,0.080638915,0.9023889,0.9998399,0.89014167,0,0.07541023939847946,0.5332871,0.021328777,1.4746871e-06,0.021800479,0,0.3375519812107086,0.38607404,0.076282404,0.00015864855,0.08805786,0,0.5870378017425537
TSBD_WSSV_5c925439ac,1,1,0,0.5420383,0.06733265,0.65485364,0.9349648,0.999987,0.9762421,1,0.07541023939847946,0.21139155,0.026158145,3.1011004e-06,0.010400572,0,0.3375519812107086,0.1337548,0.038876995,9.896972e-06,0.013357363,0,0.5870378017425537
TSBD_WSSV_1d810bc413,1,1,2,0.82882607,0.013210361,0.08025814,0.05607704,1.5268888e-05,0.013501353,0,0.07541023939847946,0.106758766,0.031786058,2.1502879e-06,0.0078079756,0,0.3375519812107086,0.81298304,0.912137,0.9999826,0.9786906,1,0.5870378017425537
TSBD_WSSV_26de7fcd80,1,0,2,0.77109396,0.022236746,0.067603864,0.06011263,1.9811474e-05,0.013981941,0,0.07541023939847946,0.14519161,0.031251766,2.038821e-06,0.0086379,0,0.3375519812107086,0.7872045,0.9086357,0.9999782,0.97738016,0,0.5870378017425537
TSBD_WSSV_8aa47f5a65,0,0,0,0.111819305,0.28284335,0.09076619,0.61906683,0.89290076,0.56598,0,0.07541023939847946,0.72402847,0.062373016,0.0002583132,0.08169161,0,0.3375519812107086,0.18520539,0.31856018,0.1068409,0.35232836,0,0.5870378017425537
TSBD_WSSV_d889bfa7f2,1,0,1,0.72170997,0.028151646,0.070006065,0.044782422,5.6916997e-06,0.009906893,0,0.07541023939847946,0.73174304,0.90210533,0.9999869,0.97383034,0,0.3375519812107086,0.1982509,0.053112272,7.476491e-06,0.016262813,0,0.5870378017425537
TSBD_WSSV_8a85146e3e,1,0,2,0.37195638,0.112298615,0.08646008,0.055094313,1.4811453e-05,0.01569155,0,0.07541023939847946,0.38015935,0.033189442,2.57133e-06,0.014778565,0,0.3375519812107086,0.5333806,0.9117162,0.9999826,0.9695299,0,0.5870378017425537
TSBD_WSSV_439d0a5c3f,1,0,2,0.7794847,0.021197833,0.06558496,0.052096862,1.17621685e-05,0.011652761,0,0.07541023939847946,0.14333436,0.033094313,2.5144884e-06,0.009174579,0,0.3375519812107086,0.7910807,0.91480875,0.9999857,0.9791727,0,0.5870378017425537
TSBD_WSSV_3f0184301c,1,1,2,0.8254567,0.013791049,0.079536065,0.053556316,1.3151261e-05,0.012800233,0,0.07541023939847946,0.10949158,0.032601528,2.4020699e-06,0.008149291,0,0.3375519812107086,0.81097233,0.9138421,0.9999845,0.9790505,1,0.5870378017425537
TSBD_WSSV_00abe397a8,1,1,2,0.83312374,0.012537664,0.08777795,0.052151546,1.1731643e-05,0.012785053,0,0.07541023939847946,0.09980768,0.033192102,2.5382203e-06,0.008034424,0,0.3375519812107086,0.81241435,0.91465634,0.9999858,0.9791805,1,0.5870378017425537
TSBD_WSSV_f49daeee4d,1,1,2,0.8252745,0.013582501,0.08462058,0.05623894,1.5681795e-05,0.013865979,0,0.07541023939847946,0.106532805,0.03193268,2.2232057e-06,0.007882411,0,0.3375519812107086,0.8088466,0.9118284,0.999982,0.97825164,1,0.5870378017425537
TSBD_WSSV_e3a3f70bef,1,0,2,0.8238223,0.012074536,0.10492246,0.08053114,6.393389e-05,0.023416607,0,0.07541023939847946,0.096556194,0.027970614,1.4821305e-06,0.006656657,0,0.3375519812107086,0.79852134,0.89149827,0.9999347,0.96992666,0,0.5870378017425537
TSBD_WSSV_4c6acaba53,1,1,2,0.8399153,0.011794477,0.08562981,0.047637697,8.41221e-06,0.011356734,0,0.07541023939847946,0.09681675,0.03478882,3.0100887e-06,0.008379563,0,0.3375519812107086,0.81755346,0.91757345,0.99998856,0.9802637,1,0.5870378017425537
TSBD_WSSV_1a5ee9d7a4,1,1,2,0.8312988,0.011585469,0.08471802,0.083238915,7.5195014e-05,0.02266545,0,0.07541023939847946,0.10026331,0.028035928,1.5128453e-06,0.0067455657,0,0.3375519812107086,0.81501865,0.8887251,0.9999232,0.970589,1,0.5870378017425537
TSBD_WSSV_1d745dbab2,1,1,0,0.45730945,0.088139646,0.5978879,0.93237317,0.999982,0.9717177,1,0.07541023939847946,0.060948238,0.02446627,2.4260946e-06,0.0063970936,0,0.3375519812107086,0.3411639,0.043160576,1.5562133e-05,0.021885153,0,0.5870378017425537
TSBD_WSSV_04529c8937,1,1,2,0.82825583,0.013536432,0.07907787,0.047147702,8.028268e-06,0.0109167,0,0.07541023939847946,0.109103106,0.03533296,3.272729e-06,0.008968018,0,0.3375519812107086,0.81181896,0.9175193,0.9999888,0.9801153,1,0.5870378017425537
TSBD_WSSV_eb7b8b7c67,1,1,2,0.8382473,0.011835695,0.084057294,0.054498244,1.3912166e-05,0.013269975,0,0.07541023939847946,0.098838,0.032126486,2.2319025e-06,0.007678289,0,0.3375519812107086,0.81710476,0.91337526,0.9999838,0.97905177,1,0.5870378017425537
TSBD_WSSV_4c43a3a8a6,1,0,2,0.8026622,0.01734164,0.07309406,0.053580742,1.2980196e-05,0.012452921,0,0.07541023939847946,0.12631445,0.032681406,2.3642501e-06,0.008587861,0,0.3375519812107086,0.8005916,0.9137379,0.9999846,0.97895926,0,0.5870378017425537
TSBD_WSSV_417fc1cab3,1,1,2,0.8306116,0.012961894,0.08152953,0.05496392,1.4265529e-05,0.013267196,0,0.07541023939847946,0.10502167,0.032066416,2.1849792e-06,0.007816028,0,0.3375519812107086,0.81344885,0.91296965,0.99998355,0.97891676,1,0.5870378017425537
TSBD_WSSV_59c834cf6e,1,0,2,0.29649195,0.14176032,0.058074012,0.050756156,1.0753222e-05,0.012745868,0,0.07541023939847946,0.45673463,0.034191314,2.9275745e-06,0.016929502,0,0.3375519812107086,0.4851914,0.9150525,0.9999863,0.9703247,0,0.5870378017425537
TSBD_WSSV_97681928ee,0,0,0,0.108567744,0.3113161,0.07691778,0.8136159,0.9954431,0.71765184,0,0.07541023939847946,0.12375633,0.020267185,1.5600026e-06,0.011106906,0,0.3375519812107086,0.7993258,0.1661169,0.004555315,0.2712412,0,0.5870378017425537
TSBD_WSSV_0c09630268,1,1,2,0.83097917,0.012829974,0.107345015,0.047846932,8.4643325e-06,0.012372417,0,0.07541023939847946,0.084126815,0.034835048,3.022285e-06,0.008015475,0,0.3375519812107086,0.8085281,0.9173181,0.99998856,0.9796122,1,0.5870378017425537
TSBD_WSSV_919a1fc43f,1,1,2,0.8351344,0.01230728,0.09747321,0.04735993,8.155408e-06,0.011802706,0,0.07541023939847946,0.09043315,0.035221383,3.1828733e-06,0.008336604,0,0.3375519812107086,0.8120936,0.9174187,0.9999887,0.97986066,1,0.5870378017425537
TSBD_WSSV_df52a25a1c,0,0,2,0.166733,0.22497395,0.081470445,0.26520705,0.013270516,0.14093463,0,0.07541023939847946,0.5957828,0.025413439,2.7384328e-06,0.0180317,0,0.3375519812107086,0.32274675,0.70937955,0.98672676,0.84103364,0,0.5870378017425537
TSBD_WSSV_b6df8b235a,1,1,2,0.8334167,0.012365877,0.09336705,0.053004533,1.2576078e-05,0.013351065,0,0.07541023939847946,0.095667526,0.032883275,2.4648505e-06,0.007840842,0,0.3375519812107086,0.81096536,0.91411215,0.999985,0.9788081,1,0.5870378017425537
TSBD_WSSV_66dac7b3cb,1,0,2,0.6926606,0.027858049,0.057395916,0.027383262,1.6733849e-06,0.005875309,0,0.07541023939847946,0.27262157,0.10639765,0.00036164545,0.054708764,0,0.3375519812107086,0.66998255,0.8662191,0.99963665,0.93941593,0,0.5870378017425537
TSBD_WSSV_cb728bde71,1,0,2,0.8170822,0.0138774915,0.12982874,0.060239494,2.006897e-05,0.017559133,0,0.07541023939847946,0.07812156,0.030700233,1.9065184e-06,0.006778027,0,0.3375519812107086,0.7920497,0.90906024,0.99997807,0.97566277,0,0.5870378017425537
TSBD_WSSV_11dccea294,1,1,2,0.8300056,0.0129087735,0.09054671,0.052751206,1.2328969e-05,0.0131349135,0,0.07541023939847946,0.09979265,0.032987084,2.5219176e-06,0.008009721,0,0.3375519812107086,0.80966073,0.9142617,0.9999852,0.9788554,1,0.5870378017425537
TSBD_WSSV_6c97d0a038,1,1,2,0.8396749,0.0109201195,0.10386319,0.061427742,2.1193417e-05,0.016451538,0,0.07541023939847946,0.085197985,0.030320143,1.7864481e-06,0.006811897,0,0.3375519812107086,0.8109388,0.90825206,0.999977,0.97673655,1,0.5870378017425537
TSBD_WSSV_7930144273,1,1,2,0.82485056,0.012348314,0.11038843,0.06958118,3.5938236e-05,0.019872703,0,0.07541023939847946,0.09210446,0.029545614,1.7408177e-06,0.0069242353,0,0.3375519812107086,0.7975071,0.90087324,0.99996233,0.9732031,1,0.5870378017425537
TSBD_WSSV_46e8a68895,1,0,1,0.75976026,0.021932283,0.07877268,0.04797175,7.5358107e-06,0.011158086,0,0.07541023939847946,0.7538858,0.90205157,0.9999865,0.974762,0,0.3375519812107086,0.16734153,0.049976613,5.88199e-06,0.014079916,0,0.5870378017425537
TSBD_WSSV_68675dc12f,0,0,0,0.0928021,0.3202414,0.0727849,0.71793205,0.9781878,0.6573087,0,0.07541023939847946,0.6882547,0.04679889,6.126283e-05,0.06095237,0,0.3375519812107086,0.23896036,0.23526905,0.02175098,0.28173897,0,0.5870378017425537
TSBD_WSSV_33b5dd7e52,1,1,1,0.7679477,0.016857458,0.08548798,0.03715836,3.3927492e-06,0.008830113,0,0.07541023939847946,0.7272037,0.87255305,0.9999286,0.9596072,1,0.3375519812107086,0.18730828,0.090288654,6.80614e-05,0.031562682,0,0.5870378017425537
TSBD_WSSV_eaf8feba8d,1,1,2,0.8288716,0.011452848,0.08951475,0.09468386,0.000119061144,0.026882116,0,0.07541023939847946,0.0962029,0.025853738,1.0760658e-06,0.005997101,0,0.3375519812107086,0.81428236,0.8794623,0.99987984,0.9671208,1,0.5870378017425537
TSBD_WSSV_a092abcd48,1,1,2,0.83588094,0.012032472,0.084173255,0.05717088,1.6522183e-05,0.014055281,0,0.07541023939847946,0.10044581,0.031671442,2.1610965e-06,0.007631288,0,0.3375519812107086,0.81538093,0.9111577,0.9999813,0.97831345,1,0.5870378017425537
TSBD_WSSV_8c4a48a3c8,1,0,1,0.68622243,0.026084872,0.11901384,0.26317126,0.008968187,0.113967724,0,0.07541023939847946,0.77623576,0.7077578,0.9910301,0.8786941,0,0.3375519812107086,0.10475044,0.029070985,1.7640502e-06,0.007338176,0,0.5870378017425537
TSBD_WSSV_36e8b7c576,0,0,0,0.30243772,0.14343205,0.22546647,0.74702334,0.9695216,0.6931169,0,0.07541023939847946,0.67274594,0.22651125,0.03047484,0.2973326,0,0.3375519812107086,0.10178757,0.026465358,3.5568314e-06,0.009550513,0,0.5870378017425537
TSBD_WSSV_f62b02d7ce,1,0,0,0.35711795,0.120761156,0.54390687,0.93720174,0.9999894,0.9745117,0,0.07541023939847946,0.39171818,0.030429412,5.890556e-06,0.016714124,0,0.3375519812107086,0.06437496,0.032368846,4.8177835e-06,0.008774189,0,0.5870378017425537
TSBD_WSSV_7b5c5d4331,1,1,1,0.7733821,0.020071499,0.08974116,0.050724745,8.842122e-06,0.012308244,0,0.07541023939847946,0.76380587,0.90478134,0.99998736,0.9760596,1,0.3375519812107086,0.14645296,0.044493854,3.799324e-06,0.011632136,0,0.5870378017425537
TSBD_WSSV_1115f3a7b9,0,0,0,0.05561188,0.40282974,0.07564163,0.905581,0.999936,0.88915676,0,0.07541023939847946,0.3252051,0.03736516,1.4582548e-05,0.038056787,0,0.3375519812107086,0.5991533,0.057053838,4.942202e-05,0.07278648,0,0.5870378017425537
TSBD_WSSV_8b19cf1542,1,0,1,0.3964308,0.100745015,0.15343513,0.05565544,1.2345819e-05,0.01876561,0,0.07541023939847946,0.51809067,0.90191007,0.9999844,0.9646522,0,0.3375519812107086,0.3284742,0.04243443,3.2317557e-06,0.016582236,0,0.5870378017425537
TSBD_WSSV_e980aeec5d,1,0,1,0.5847611,0.015958775,0.44100735,0.355723,0.041266885,0.28769565,0,0.07541023939847946,0.4666642,0.6149655,0.95873016,0.7042554,0,0.3375519812107086,0.09232843,0.029311487,3.0007484e-06,0.008048902,0,0.5870378017425537
TSBD_WSSV_78620c7961,1,1,1,0.77459705,0.019541547,0.13150097,0.04929006,7.94154e-06,0.013613054,0,0.07541023939847946,0.7592842,0.9048242,0.9999877,0.97544336,1,0.3375519812107086,0.10921488,0.045885734,4.335008e-06,0.010943576,0,0.5870378017425537
TSBD_WSSV_5cfa598cc4,1,0,1,0.67034984,0.02843032,0.12232513,0.26008284,0.007993544,0.11282245,0,0.07541023939847946,0.75473434,0.7104594,0.9920047,0.87930655,0,0.3375519812107086,0.122940525,0.029457765,1.7595181e-06,0.007870982,0,0.5870378017425537
TSBD_WSSV_2ab0d58abb,0,0,1,0.1391339,0.268153,0.09954831,0.09909679,0.000111629684,0.042207375,0,0.07541023939847946,0.2366673,0.8659014,0.99988663,0.9356062,0,0.3375519812107086,0.66378444,0.035001766,1.6835239e-06,0.022186438,0,0.5870378017425537
TSBD_WSSV_d63f9ec96f,0,0,0,0.059334252,0.40583926,0.10865871,0.9302935,0.9999839,0.9378727,0,0.07541023939847946,0.75227815,0.032730892,8.043817e-06,0.03919219,0,0.3375519812107086,0.1390631,0.03697564,8.0511e-06,0.022935126,0,0.5870378017425537
TSBD_WSSV_c6d6c44306,0,0,0,0.4912662,0.021690212,0.3439164,0.5151219,0.3589145,0.43941435,0,0.07541023939847946,0.5540227,0.45566878,0.64107937,0.5517816,0,0.3375519812107086,0.10206092,0.029209347,6.1899577e-06,0.008804023,0,0.5870378017425537
TSBD_WSSV_0e98c598e2,1,0,1,0.4476425,0.068655275,0.12045082,0.4293637,0.1216607,0.24014163,0,0.07541023939847946,0.753733,0.53487325,0.87833005,0.7479166,0,0.3375519812107086,0.12581617,0.035763066,9.197522e-06,0.011941811,0,0.5870378017425537
TSBD_WSSV_0e0b18da56,0,0,0,0.05975301,0.38547876,0.113574915,0.92743534,0.9999769,0.9302134,0,0.07541023939847946,0.37352648,0.026267229,3.4318043e-06,0.022914562,0,0.3375519812107086,0.5128986,0.046297465,1.971149e-05,0.046872035,0,0.5870378017425537
TSBD_WSSV_0e04e30a96,0,0,0,0.24173465,0.18001725,0.3363304,0.8944845,0.99966645,0.91648704,0,0.07541023939847946,0.57836074,0.081789576,0.00033223274,0.07609417,0,0.3375519812107086,0.08530888,0.023725927,1.3498204e-06,0.007418791,0,0.5870378017425537
TSBD_WSSV_b14315239e,0,0,0,0.2724394,0.16136108,0.17082216,0.7183524,0.9624645,0.63914657,0,0.07541023939847946,0.09186461,0.025767026,6.4658316e-06,0.010626415,0,0.3375519812107086,0.7373132,0.25588062,0.037528995,0.350227,0,0.5870378017425537
TSBD_WSSV_ad26e82e3c,0,0,0,0.2101849,0.20122698,0.122463234,0.72273815,0.9494936,0.59783995,0,0.07541023939847946,0.7571237,0.25255707,0.0505034,0.3919019,0,0.3375519812107086,0.12041301,0.02470477,2.8953234e-06,0.010258165,0,0.5870378017425537
TSBD_WSSV_cda41068f5,0,0,0,0.10925337,0.3077759,0.21405108,0.9298504,0.99998367,0.9521948,0,0.07541023939847946,0.66100705,0.032608297,7.804515e-06,0.029771395,0,0.3375519812107086,0.12494184,0.037541397,8.555527e-06,0.018033791,0,0.5870378017425537
TSBD_WSSV_f51f241a0d,0,0,0,0.07645339,0.3618367,0.14714706,0.92807907,0.9999815,0.9424219,0,0.07541023939847946,0.6690934,0.030865949,6.2906415e-06,0.031553388,0,0.3375519812107086,0.18375954,0.041054986,1.2128676e-05,0.026024695,0,0.5870378017425537
TSBD_WSSV_2578508dff,0,0,0,0.37340403,0.104374655,0.43693846,0.8615451,0.9985538,0.8920464,0,0.07541023939847946,0.488061,0.116827354,0.0014450748,0.102054,0,0.3375519812107086,0.07500056,0.021627553,1.1003518e-06,0.005899606,0,0.5870378017425537
TSBD_WSSV_45511a46f0,1,1,0,0.5880705,0.058353893,0.6970043,0.93737406,0.9999893,0.9791659,1,0.07541023939847946,0.24569425,0.030596934,6.0439484e-06,0.013177147,0,0.3375519812107086,0.057301443,0.032029036,4.6151267e-06,0.007656912,0,0.5870378017425537
TSBD_WSSV_87146ab98c,1,1,1,0.7922996,0.009079158,0.17635009,0.15984161,0.00084360194,0.065804906,0,0.07541023939847946,0.73552597,0.81151736,0.9991554,0.9280231,1,0.3375519812107086,0.088123955,0.028640984,9.869602e-07,0.0061720074,0,0.5870378017425537
TSBD_WSSV_e143d38f01,1,1,1,0.78203434,0.018668514,0.10148279,0.04973721,8.170133e-06,0.0125155505,0,0.07541023939847946,0.7669889,0.905829,0.9999881,0.97635144,1,0.3375519812107086,0.13152833,0.044433754,3.7249672e-06,0.011133003,0,0.5870378017425537
TSBD_WSSV_ea73217725,0,0,0,0.104761474,0.29757774,0.20022212,0.92115223,0.9999664,0.93759584,0,0.07541023939847946,0.32002744,0.028129324,4.612526e-06,0.019690884,0,0.3375519812107086,0.47975037,0.050718497,2.895418e-05,0.042713266,0,0.5870378017425537
TSBD_WSSV_7568f33745,1,0,1,0.75406235,0.021126667,0.17352028,0.07214398,3.2533124e-05,0.023874227,0,0.07541023939847946,0.7335953,0.89183384,0.9999658,0.9683585,0,0.3375519812107086,0.092884354,0.03602218,1.689082e-06,0.0077672647,0,0.5870378017425537
TSBD_WSSV_c0b728f042,1,0,1,0.59720695,0.050108694,0.17271319,0.058630105,1.4685378e-05,0.019304976,0,0.07541023939847946,0.6440457,0.90095633,0.99998283,0.9689691,0,0.3375519812107086,0.18324111,0.040413618,2.528616e-06,0.011725893,0,0.5870378017425537
TSBD_WSSV_7555e38281,0,0,1,0.083179556,0.3553897,0.08074717,0.051397108,8.816443e-06,0.020762578,0,0.07541023939847946,0.14232817,0.9047983,0.9999877,0.94385403,0,0.3375519812107086,0.77692467,0.043804605,3.454505e-06,0.035383385,0,0.5870378017425537
TSBD_WSSV_d921343af4,1,0,2,0.6154397,0.04187272,0.09493562,0.28585607,0.015023248,0.12087603,0,0.07541023939847946,0.1118476,0.024791189,2.3347968e-06,0.0073743523,0,0.3375519812107086,0.7932168,0.6893528,0.9849744,0.8717496,0,0.5870378017425537
TSBD_WSSV_94a3c39469,0,0,0,0.1147265,0.30223715,0.20863663,0.9258649,0.9999653,0.9415424,0,0.07541023939847946,0.6881089,0.04614657,3.204107e-05,0.046805188,0,0.3375519812107086,0.10325449,0.02798863,2.609091e-06,0.011652457,0,0.5870378017425537
TSBD_WSSV_65692fdd3f,1,0,2,0.40997067,0.074762896,0.060894307,0.31473276,0.07132276,0.15439309,0,0.07541023939847946,0.34723446,0.12373783,0.0038920096,0.104276285,0,0.3375519812107086,0.5918712,0.5615294,0.9247852,0.7413306,0,0.5870378017425537
TSBD_WSSV_0464ee44c0,1,0,2,0.52871287,0.05773084,0.061706755,0.2795637,0.022387527,0.11463226,0,0.07541023939847946,0.20572111,0.06554905,0.00018068886,0.03469458,0,0.3375519812107086,0.7325721,0.65488726,0.9774318,0.85067314,0,0.5870378017425537
TSBD_WSSV_51f7222cef,1,0,1,0.72068936,0.027233133,0.13664837,0.06476271,2.1018817e-05,0.019296562,0,0.07541023939847946,0.7200626,0.896248,0.99997663,0.9706679,0,0.3375519812107086,0.14328898,0.03898931,2.3051423e-06,0.0100355195,0,0.5870378017425537
TSBD_WSSV_148921b882,0,0,1,0.12987067,0.2831301,0.07328416,0.054633602,1.1183642e-05,0.01855105,0,0.07541023939847946,0.22758852,0.9020283,0.99998546,0.95255876,0,0.3375519812107086,0.69912726,0.04333808,3.331314e-06,0.0288902,0,0.5870378017425537
TSBD_WSSV_49f573118f,0,0,0,0.055466935,0.40514743,0.07828804,0.9074368,0.99993825,0.8956737,0,0.07541023939847946,0.30030125,0.048821554,4.5210138e-05,0.052048918,0,0.3375519812107086,0.62141067,0.043741558,1.6573833e-05,0.05227739,0,0.5870378017425537
TSBD_WSSV_f7bb98aadd,0,0,0,0.091993846,0.33989304,0.11482002,0.8871616,0.99965906,0.8657804,0,0.07541023939847946,0.09868667,0.021051135,1.4897075e-06,0.010421125,0,0.3375519812107086,0.78649324,0.09178734,0.00033938893,0.12379836,0,0.5870378017425537
TSBD_WSSV_32f477127b,1,1,1,0.78257084,0.018758703,0.087671734,0.048838567,7.758014e-06,0.011659248,0,0.07541023939847946,0.7699137,0.9058787,0.9999882,0.9765879,1,0.3375519812107086,0.1424146,0.045282695,4.0951286e-06,0.01175285,0,0.5870378017425537
TSBD_WSSV_6532d5dd16,0,0,0,0.19744645,0.21445519,0.30487958,0.91038483,0.999856,0.9302557,0,0.07541023939847946,0.6164808,0.06681078,0.00014283467,0.062537156,0,0.3375519812107086,0.07863959,0.022804443,1.1976413e-06,0.0072072092,0,0.5870378017425537
TSBD_WSSV_399a1e23cc,1,0,1,0.5012984,0.07264812,0.058047183,0.03773422,3.1243662e-06,0.008126833,0,0.07541023939847946,0.5966468,0.9028007,0.99998474,0.96745497,0,0.3375519812107086,0.34530607,0.059465066,1.2135309e-05,0.024418231,0,0.5870378017425537
TSBD_WSSV_c07e032039,1,0,1,0.6478808,0.04212493,0.07017623,0.047121618,6.6617336e-06,0.0106365075,0,0.07541023939847946,0.6966343,0.9065205,0.99998903,0.9746233,0,0.3375519812107086,0.23318954,0.04635786,4.319344e-06,0.014740202,0,0.5870378017425537
TSBD_WSSV_a3b514246a,1,1,1,0.7708862,0.020781564,0.07878595,0.048368145,7.3167666e-06,0.011072983,0,0.07541023939847946,0.7658685,0.90641636,0.9999887,0.9768828,1,0.3375519812107086,0.1553456,0.04521547,3.951476e-06,0.012044194,0,0.5870378017425537
TSBD_WSSV_9e8ca9f55f,1,1,1,0.80310476,0.015676998,0.093597285,0.0479637,7.0917968e-06,0.01156456,0,0.07541023939847946,0.7817056,0.9066651,0.9999889,0.97732794,1,0.3375519812107086,0.124697074,0.045371167,3.9759643e-06,0.011107442,0,0.5870378017425537
TSBD_WSSV_978efa34a6,1,0,1,0.6320254,0.045391865,0.06432959,0.047721893,6.949584e-06,0.0104977945,0,0.07541023939847946,0.69049907,0.9063878,0.9999889,0.97462386,0,0.3375519812107086,0.24517131,0.045890305,4.1747458e-06,0.014878335,0,0.5870378017425537
TSBD_WSSV_4575fa460f,0,0,1,0.26697809,0.16938049,0.057555817,0.02396902,1.0820332e-06,0.006653734,0,0.07541023939847946,0.23938659,0.8021839,0.9985781,0.82952213,0,0.3375519812107086,0.70305765,0.17384708,0.0014208946,0.16382416,0,0.5870378017425537
TSBD_WSSV_6e2231b074,1,0,1,0.50718695,0.072533704,0.059039686,0.045377675,5.838335e-06,0.009991767,0,0.07541023939847946,0.6141299,0.9062925,0.99998903,0.9717759,0,0.3375519812107086,0.32683036,0.048329834,5.1301895e-06,0.018232308,0,0.5870378017425537
TSBD_WSSV_18c088457d,1,0,1,0.33017454,0.12606263,0.05571118,0.04734519,6.8561963e-06,0.011077712,0,0.07541023939847946,0.49418545,0.9063825,0.9999888,0.968122,0,0.3375519812107086,0.4501034,0.046272323,4.351896e-06,0.020800276,0,0.5870378017425537
TSBD_WSSV_77302aa089,1,0,1,0.64065254,0.0437906,0.06400425,0.048011415,7.0878823e-06,0.01052062,0,0.07541023939847946,0.69633925,0.90659213,0.9999889,0.9749482,0,0.3375519812107086,0.23965646,0.045396462,4.009717e-06,0.014531108,0,0.5870378017425537
TSBD_WSSV_bc1451b5cd,1,0,1,0.7226466,0.02833118,0.06901681,0.04089055,4.0725163e-06,0.008832653,0,0.07541023939847946,0.73407435,0.9059919,0.9999883,0.9749181,0,0.3375519812107086,0.19690883,0.053117547,7.605801e-06,0.016249245,0,0.5870378017425537
TSBD_WSSV_2c0825dfbc,1,1,2,0.8346757,0.012643751,0.078841545,0.04693114,7.950096e-06,0.010843447,0,0.07541023939847946,0.105237916,0.03530165,3.2356002e-06,0.008817187,0,0.3375519812107086,0.81592053,0.9177672,0.9999888,0.98033935,1,0.5870378017425537
TSBD_WSSV_21eca1a9bc,1,0,1,0.66546386,0.03762644,0.06840441,0.037340805,2.953667e-06,0.008071439,0,0.07541023939847946,0.6931185,0.9023847,0.9999845,0.97123444,0,0.3375519812107086,0.23847708,0.060274523,1.25262795e-05,0.02069415,0,0.5870378017425537
TSBD_WSSV_a7578fa09c,1,1,2,0.82696253,0.013815766,0.07350652,0.042129245,5.414272e-06,0.009347271,0,0.07541023939847946,0.1153858,0.038722344,4.7365343e-06,0.010259548,0,0.3375519812107086,0.8111077,0.9191484,0.99998987,0.9803932,1,0.5870378017425537
TSBD_WSSV_8acd11d1ec,1,0,1,0.65160507,0.037880816,0.05895901,0.030417504,1.6113663e-06,0.0062581813,0,0.07541023939847946,0.6651947,0.88726765,0.99995077,0.96064645,0,0.3375519812107086,0.2758463,0.0823149,4.76743e-05,0.03309534,0,0.5870378017425537
TSBD_WSSV_ce8f668353,1,1,2,0.83247787,0.012995164,0.076922186,0.04755706,8.279605e-06,0.010906434,0,0.07541023939847946,0.10767925,0.03489747,3.0702774e-06,0.008752967,0,0.3375519812107086,0.8153986,0.91754544,0.9999887,0.9803406,1,0.5870378017425537
TSBD_WSSV_c5bb7f551a,1,0,2,0.7433111,0.011310346,0.053487286,0.021290345,1.1009141e-06,0.0046008956,0,0.07541023939847946,0.28836334,0.19200362,0.005474892,0.12248,0,0.3375519812107086,0.6581493,0.78670603,0.994524,0.8729191,0,0.5870378017425537
TSBD_WSSV_95dc6e27d4,1,1,1,0.798444,0.016190413,0.1091152,0.048364755,7.401784e-06,0.012377827,0,0.07541023939847946,0.7765202,0.90617853,0.99998844,0.9767381,1,0.3375519812107086,0.11436463,0.04545673,4.120487e-06,0.010884046,0,0.5870378017425537
TSBD_WSSV_309436940c,1,0,1,0.703189,0.031955384,0.071432255,0.045566738,6.043387e-06,0.010194311,0,0.07541023939847946,0.72671574,0.9066039,0.9999889,0.9753526,0,0.3375519812107086,0.20185195,0.047829416,5.0402978e-06,0.014453156,0,0.5870378017425537
TSBD_WSSV_29362e9f5a,1,0,1,0.56620795,0.058562804,0.061050944,0.042770267,4.753774e-06,0.009284898,0,0.07541023939847946,0.6463167,0.906061,0.9999887,0.97216296,0,0.3375519812107086,0.29263234,0.05116879,6.5136837e-06,0.01855213,0,0.5870378017425537
TSBD_WSSV_e67891395a,0,0,1,0.24388999,0.17929596,0.051627748,0.03594122,2.6726489e-06,0.008651234,0,0.07541023939847946,0.3679807,0.90201366,0.9999827,0.95509547,0,0.3375519812107086,0.58039165,0.062045086,1.4649246e-05,0.036253285,0,0.5870378017425537
TSBD_WSSV_2653717417,1,1,2,0.8284869,0.012604433,0.06977557,0.03194055,2.1731119e-06,0.006771279,0,0.07541023939847946,0.12797566,0.05596699,2.1566377e-05,0.017053884,0,0.3375519812107086,0.80224884,0.9120925,0.9999763,0.97617483,1,0.5870378017425537
TSBD_WSSV_c98c109e0f,0,0,1,0.22157426,0.20053056,0.055614766,0.024278652,1.0436817e-06,0.006902013,0,0.07541023939847946,0.21122675,0.8194354,0.9991522,0.84287757,0,0.3375519812107086,0.73315847,0.15628591,0.00084675476,0.15022045,0,0.5870378017425537
TSBD_WSSV_3339e18081,0,0,1,0.15194356,0.26165926,0.064496644,0.025053022,1.0107608e-06,0.008258193,0,0.07541023939847946,0.14558178,0.83259857,0.9994722,0.8401716,0,0.3375519812107086,0.7899216,0.14234841,0.0005267481,0.15157025,0,0.5870378017425537
TSBD_WSSV_f675da990c,0,0,1,0.33243844,0.12682933,0.053253382,0.0300051,1.6329732e-06,0.0069459127,0,0.07541023939847946,0.4159895,0.8747892,0.99990785,0.9347631,0,0.3375519812107086,0.5307571,0.09520573,9.048494e-05,0.058290977,0,0.5870378017425537
TSBD_WSSV_e8d0267684,1,1,2,0.83578175,0.012252009,0.08398127,0.052932236,1.2393051e-05,0.01279829,0,0.07541023939847946,0.10034532,0.032557916,2.3384462e-06,0.007841211,0,0.3375519812107086,0.8156734,0.9145099,0.9999852,0.9793605,1,0.5870378017425537
TSBD_WSSV_93ee9c6175,1,1,2,0.83402634,0.0126527585,0.07934696,0.05143379,1.1139255e-05,0.012120684,0,0.07541023939847946,0.104456194,0.033082135,2.47677e-06,0.008099898,0,0.3375519812107086,0.8161968,0.9154841,0.9999864,0.9797794,1,0.5870378017425537
TSBD_WSSV_56b93bffca,1,1,2,0.84090316,0.011555867,0.086396195,0.050499856,1.054481e-05,0.012237534,0,0.07541023939847946,0.09564642,0.033520307,2.5944485e-06,0.007966434,0,0.3375519812107086,0.8179574,0.9159799,0.9999869,0.979796,1,0.5870378017425537
TSBD_WSSV_05e0a12846,1,1,2,0.8424861,0.011275725,0.088225245,0.05157051,1.1256671e-05,0.012606907,0,0.07541023939847946,0.093278445,0.03301648,2.4352407e-06,0.00774371,0,0.3375519812107086,0.81849635,0.91541296,0.9999864,0.97964936,1,0.5870378017425537
TSBD_WSSV_0bc0ac833f,1,1,2,0.84197664,0.011131649,0.093722664,0.05454903,1.3808603e-05,0.013771189,0,0.07541023939847946,0.089861,0.032003175,2.175976e-06,0.0073766536,0,0.3375519812107086,0.8164164,0.91344774,0.999984,0.9788522,1,0.5870378017425537
TSBD_WSSV_026c64bd33,1,0,2,0.74036926,0.024676649,0.07289153,0.1452712,0.00072712905,0.044125315,0,0.07541023939847946,0.12550709,0.024798252,1.2253539e-06,0.0067161964,0,0.3375519812107086,0.8016014,0.8299305,0.9992717,0.9491585,0,0.5870378017425537
TSBD_WSSV_9f2b1f9f8f,0,0,2,0.14294796,0.26356426,0.07062872,0.13859987,0.0007985937,0.0639855,0,0.07541023939847946,0.6977701,0.04582214,1.6231565e-05,0.039768107,0,0.3375519812107086,0.23160112,0.8155779,0.99918514,0.8962464,0,0.5870378017425537
TSBD_WSSV_38f10d750a,1,0,2,0.70348763,0.026641343,0.09944854,0.2327429,0.0063131982,0.093441576,0,0.07541023939847946,0.09806048,0.023409214,1.4785408e-06,0.00621513,0,0.3375519812107086,0.80249095,0.74384785,0.9936854,0.9003433,0,0.5870378017425537
TSBD_WSSV_76536085a9,1,0,2,0.77485716,0.020816293,0.06972158,0.08541064,8.0894424e-05,0.021938201,0,0.07541023939847946,0.13474074,0.027743947,1.5176951e-06,0.007520483,0,0.3375519812107086,0.7955377,0.8868454,0.9999175,0.9705413,0,0.5870378017425537
TSBD_WSSV_e36aec3084,0,0,0,0.070803806,0.3761331,0.11841807,0.9199687,0.9999646,0.92303914,0,0.07541023939847946,0.7136131,0.046352,3.0153418e-05,0.056252155,0,0.3375519812107086,0.16796887,0.03367929,5.2590476e-06,0.020708753,0,0.5870378017425537
TSBD_WSSV_b632ff4665,0,0,0,0.057597656,0.39761734,0.070849754,0.8939071,0.9997634,0.86178625,0,0.07541023939847946,0.32145634,0.022245454,1.8079892e-06,0.019720167,0,0.3375519812107086,0.6076939,0.083847366,0.00023473243,0.11849355,0,0.5870378017425537
TSBD_WSSV_f392420764,1,1,1,0.81021523,0.014532974,0.1073427,0.04815602,7.246297e-06,0.012190449,0,0.07541023939847946,0.7847032,0.9064261,0.9999887,0.9771901,1,0.3375519812107086,0.107954115,0.045417942,4.1059357e-06,0.010619454,0,0.5870378017425537
TSBD_WSSV_08f57edf07,1,0,2,0.8093315,0.016404612,0.07046271,0.04675776,7.997025e-06,0.010477553,0,0.07541023939847946,0.12686051,0.03632029,3.6582826e-06,0.009825193,0,0.3375519812107086,0.8026768,0.9169219,0.9999883,0.9796972,0,0.5870378017425537
TSBD_WSSV_922a715bec,0,0,1,0.10387628,0.31782395,0.1362961,0.03907896,4.8640527e-06,0.021254146,0,0.07541023939847946,0.08289167,0.8274846,0.99959975,0.8147728,0,0.3375519812107086,0.7808122,0.13343643,0.0003954,0.1639731,0,0.5870378017425537
TSBD_WSSV_aa0b3c4c15,0,0,0,0.20311908,0.16991138,0.20244162,0.68208724,0.8900875,0.6247963,0,0.07541023939847946,0.41286793,0.2941604,0.10990961,0.36142892,0,0.3375519812107086,0.3846905,0.023752376,2.8776767e-06,0.013774774,0,0.5870378017425537
TSBD_WSSV_daa4ba808b,0,0,1,0.12761131,0.28498465,0.07035071,0.07398176,3.590986e-05,0.026400924,0,0.07541023939847946,0.23158735,0.8894778,0.9999622,0.9499134,0,0.3375519812107086,0.698062,0.03654044,1.8396694e-06,0.02368565,0,0.5870378017425537
TSBD_WSSV_311dd1baf7,0,0,1,0.06830105,0.379878,0.08114017,0.18524602,0.0016894421,0.114279255,0,0.07541023939847946,0.10424442,0.7809862,0.9983083,0.854201,0,0.3375519812107086,0.8146155,0.033767767,2.1934093e-06,0.031519737,0,0.5870378017425537
TSBD_WSSV_34ee093e2e,1,1,2,0.8279276,0.013591439,0.07692142,0.050561104,1.0419774e-05,0.01175347,0,0.07541023939847946,0.10987567,0.033561304,2.6252542e-06,0.008404999,0,0.3375519812107086,0.8132029,0.9158776,0.999987,0.97984153,1,0.5870378017425537
TSBD_WSSV_cbb32ff38a,1,0,2,0.5273277,0.06534974,0.064144306,0.033723872,2.994939e-06,0.007847613,0,0.07541023939847946,0.33320358,0.06715292,5.111268e-05,0.03359047,0,0.3375519812107086,0.60265213,0.8991232,0.9999459,0.9585619,0,0.5870378017425537
TSBD_WSSV_9291ca740d,1,1,2,0.8420438,0.011266817,0.09001324,0.052572817,1.1973266e-05,0.012970927,0,0.07541023939847946,0.092337824,0.03267033,2.3394375e-06,0.007621717,0,0.3375519812107086,0.81764895,0.9147569,0.9999857,0.9794073,1,0.5870378017425537
TSBD_WSSV_73bc44153b,1,1,2,0.8416703,0.011425352,0.09160377,0.049154196,9.3432445e-06,0.0120455595,0,0.07541023939847946,0.091075525,0.03403839,2.7446808e-06,0.007974995,0,0.3375519812107086,0.81732064,0.9168074,0.99998796,0.9799795,1,0.5870378017425537
TSBD_WSSV_4491558e57,1,1,2,0.83880675,0.011697948,0.09295764,0.05198948,1.154102e-05,0.012968474,0,0.07541023939847946,0.09212549,0.032874912,2.406655e-06,0.007687462,0,0.3375519812107086,0.8149169,0.91513574,0.99998605,0.97934407,1,0.5870378017425537
TSBD_WSSV_1ee4a00587,1,0,2,0.7824904,0.020715939,0.06564498,0.05354916,1.2863397e-05,0.012006713,0,0.07541023939847946,0.1409988,0.032523487,2.3413995e-06,0.008916677,0,0.3375519812107086,0.7933562,0.91392744,0.99998474,0.97907656,0,0.5870378017425537
TSBD_WSSV_ecb905238d,1,1,2,0.8402098,0.0114208665,0.088664286,0.055538394,1.4722106e-05,0.01379372,0,0.07541023939847946,0.09464439,0.031793457,2.1381973e-06,0.0074645444,0,0.3375519812107086,0.8166914,0.91266817,0.9999831,0.97874177,1,0.5870378017425537
TSBD_WSSV_ccd255a2df,1,1,2,0.82713705,0.013626663,0.078218125,0.05299672,1.241592e-05,0.0125121735,0,0.07541023939847946,0.10906774,0.03255173,2.3231578e-06,0.008073006,0,0.3375519812107086,0.8127141,0.91445154,0.99998534,0.9794149,1,0.5870378017425537
TSBD_WSSV_584c5a10d0,1,1,2,0.8388068,0.011886212,0.08386432,0.050789926,1.0593968e-05,0.012157399,0,0.07541023939847946,0.09873361,0.033415105,2.5874208e-06,0.0080424305,0,0.3375519812107086,0.817402,0.9157949,0.99998677,0.9798002,1,0.5870378017425537
TSBD_WSSV_aa58f57ab0,1,0,2,0.81865835,0.015098985,0.071636274,0.05018124,1.0105321e-05,0.011371215,0,0.07541023939847946,0.11837687,0.033632193,2.633673e-06,0.008652712,0,0.3375519812107086,0.8099869,0.91618645,0.99998724,0.97997606,0,0.5870378017425537
TSBD_WSSV_4f3b6f89a8,1,1,2,0.8396854,0.011805103,0.084321305,0.049392782,9.516571e-06,0.011769339,0,0.07541023939847946,0.097833484,0.03391836,2.7169108e-06,0.0081472425,0,0.3375519812107086,0.8178451,0.9166888,0.9999877,0.9800834,1,0.5870378017425537
TSBD_WSSV_279702ba92,1,1,2,0.8301643,0.012793574,0.08355722,0.059999276,2.0164069e-05,0.014930228,0,0.07541023939847946,0.10374301,0.030725837,1.9044902e-06,0.007433763,0,0.3375519812107086,0.81269974,0.90927494,0.99997795,0.977636,1,0.5870378017425537
TSBD_WSSV_9dc876dd17,1,0,2,0.5190854,0.07180555,0.056040317,0.05435731,1.3956327e-05,0.012450558,0,0.07541023939847946,0.2988085,0.034141544,2.9696293e-06,0.0133136995,0,0.3375519812107086,0.6451512,0.91150117,0.9999831,0.9742358,0,0.5870378017425537
TSBD_WSSV_0ce34b5766,1,0,2,0.8090679,0.016494062,0.070829876,0.05288458,1.2286106e-05,0.01208583,0,0.07541023939847946,0.1236659,0.032667477,2.365023e-06,0.008506018,0,0.3375519812107086,0.8055042,0.91444796,0.99998534,0.97940814,0,0.5870378017425537
TSBD_WSSV_6c3afb6716,1,0,2,0.78634584,0.016173156,0.16373913,0.08451515,7.5654636e-05,0.02936262,0,0.07541023939847946,0.08027941,0.026608875,1.1717797e-06,0.005910121,0,0.3375519812107086,0.75598145,0.8888761,0.9999231,0.9647273,0,0.5870378017425537
TSBD_WSSV_366db07a25,1,0,2,0.619381,0.04833051,0.059990376,0.12728329,0.00041238588,0.035636347,0,0.07541023939847946,0.20333897,0.024370156,9.940045e-07,0.0077767447,0,0.3375519812107086,0.7366706,0.8483465,0.99958664,0.95658696,0,0.5870378017425537
TSBD_WSSV_b84a0005bf,1,1,2,0.83360463,0.012514864,0.08107983,0.055941906,1.5201007e-05,0.0135080805,0,0.07541023939847946,0.10338078,0.03174138,2.1484695e-06,0.007706007,0,0.3375519812107086,0.8155394,0.9123167,0.9999826,0.97878593,1,0.5870378017425537
TSBD_WSSV_6624c91a73,1,1,2,0.8398635,0.011752163,0.08403939,0.050498426,1.0361152e-05,0.0120774675,0,0.07541023939847946,0.097888574,0.033453718,2.5635477e-06,0.0080052465,0,0.3375519812107086,0.818072,0.9160478,0.999987,0.9799173,1,0.5870378017425537
TSBD_WSSV_8a1517bc0e,0,0,0,0.10511993,0.30191922,0.06506216,0.7746733,0.9907596,0.66326034,0,0.07541023939847946,0.30047637,0.030178247,9.503788e-06,0.0260854,0,0.3375519812107086,0.63446146,0.19514847,0.009230932,0.31065428,0,0.5870378017425537
TSBD_WSSV_cada06cffd,1,0,2,0.54687345,0.06517035,0.053567693,0.043844394,6.4765495e-06,0.009466758,0,0.07541023939847946,0.28984863,0.039011396,4.858503e-06,0.0153127005,0,0.3375519812107086,0.65658367,0.9171442,0.9999887,0.9752205,0,0.5870378017425537
TSBD_WSSV_72abeff3dc,1,1,2,0.83083963,0.012958213,0.08026397,0.055423487,1.46554985e-05,0.013312552,0,0.07541023939847946,0.10547194,0.03183624,2.163571e-06,0.0077850926,0,0.3375519812107086,0.81426406,0.9127403,0.9999832,0.9789024,1,0.5870378017425537
TSBD_WSSV_71629aa3f2,1,1,2,0.8338024,0.012317089,0.08081743,0.06192669,2.2503778e-05,0.0152823925,0,0.07541023939847946,0.1024808,0.029998984,1.7103611e-06,0.0071582804,0,0.3375519812107086,0.8167017,0.9080743,0.9999758,0.9775593,1,0.5870378017425537
TSBD_WSSV_bd69e16b82,1,0,1,0.7528482,0.020284882,0.07361735,0.057547525,1.6302345e-05,0.013979157,0,0.07541023939847946,0.7309982,0.87581915,0.99996257,0.96389556,0,0.3375519812107086,0.19538441,0.06663339,2.1095835e-05,0.022125248,0,0.5870378017425537
TSBD_WSSV_6fd5eb945a,0,0,0,0.18585521,0.2256357,0.1372861,0.7790833,0.98613447,0.6989129,0,0.07541023939847946,0.7618175,0.19334467,0.0138621675,0.28981262,0,0.3375519812107086,0.10089642,0.027572092,3.3991e-06,0.011274429,0,0.5870378017425537
TSBD_WSSV_7ed3990ccb,1,1,1,0.805402,0.015257098,0.100072116,0.047857612,7.0559136e-06,0.011812116,0,0.07541023939847946,0.782017,0.9064593,0.9999888,0.9771495,1,0.3375519812107086,0.11791091,0.045683097,4.1899857e-06,0.011038396,0,0.5870378017425537
TSBD_WSSV_8b1c70a3bc,1,1,1,0.8044782,0.015505306,0.09190906,0.047006886,6.61859e-06,0.011225076,0,0.07541023939847946,0.7827795,0.9069547,0.99998903,0.9774051,1,0.3375519812107086,0.12531145,0.04603845,4.298625e-06,0.011369862,0,0.5870378017425537
TSBD_WSSV_f583f8e371,1,0,2,0.82096565,0.014263318,0.07973585,0.05914194,1.8888797e-05,0.014425804,0,0.07541023939847946,0.111327104,0.031031074,1.992844e-06,0.0077353697,0,0.3375519812107086,0.8089371,0.90982693,0.99997914,0.9778388,0,0.5870378017425537
TSBD_WSSV_493953f127,1,1,2,0.832595,0.012894704,0.07905322,0.04992543,9.979108e-06,0.011686455,0,0.07541023939847946,0.10575973,0.033745233,2.6952391e-06,0.008349782,0,0.3375519812107086,0.81518704,0.9163294,0.99998724,0.9799638,1,0.5870378017425537
TSBD_WSSV_1139b0bbb2,1,1,2,0.8375427,0.0121080065,0.08301878,0.050131217,1.01094565e-05,0.011932445,0,0.07541023939847946,0.10005513,0.033621937,2.654463e-06,0.008144844,0,0.3375519812107086,0.81692606,0.91624695,0.99998724,0.9799227,1,0.5870378017425537
TSBD_WSSV_735499e204,0,0,0,0.048027635,0.4350921,0.07938118,0.92401814,0.9999702,0.9257039,0,0.07541023939847946,0.721054,0.026430562,3.4434097e-06,0.032707818,0,0.3375519812107086,0.19956486,0.04955131,2.6347976e-05,0.041588284,0,0.5870378017425537
TSBD_WSSV_01066cc969,0,0,2,0.21333122,0.19794166,0.059879825,0.06409858,2.7941014e-05,0.01887634,0,0.07541023939847946,0.5639378,0.033821415,3.0934088e-06,0.019984532,0,0.3375519812107086,0.37618238,0.90207994,0.999969,0.9611391,0,0.5870378017425537
TSBD_WSSV_941d089361,1,0,2,0.6713608,0.03301914,0.10106793,0.17177291,0.0017178507,0.064843476,0,0.07541023939847946,0.16628236,0.027435208,2.3267123e-06,0.009024192,0,0.3375519812107086,0.73264974,0.800792,0.9982798,0.9261323,0,0.5870378017425537
TSBD_WSSV_629e5c7c92,1,0,2,0.7941786,0.018581063,0.07119421,0.059175506,1.8796773e-05,0.0139195165,0,0.07541023939847946,0.13046339,0.0309795,1.9770998e-06,0.008195928,0,0.3375519812107086,0.79834247,0.909845,0.99997914,0.9778846,0,0.5870378017425537
TSBD_WSSV_cf01831715,0,0,0,0.13756181,0.24460429,0.07720804,0.6831461,0.9452627,0.5547068,0,0.07541023939847946,0.38571888,0.03472627,2.0609832e-05,0.029788304,0,0.3375519812107086,0.537073,0.2821276,0.054716736,0.41550493,0,0.5870378017425537
TSBD_WSSV_2c0f3e0b28,1,0,2,0.81510043,0.015521932,0.0745687,0.05083912,1.0546862e-05,0.0117151225,0,0.07541023939847946,0.11874106,0.033459082,2.5955349e-06,0.008628302,0,0.3375519812107086,0.8066902,0.91570175,0.9999869,0.9796566,0,0.5870378017425537
TSBD_WSSV_801c0b8b82,0,0,2,0.17186901,0.23744863,0.06573005,0.03996657,4.8525135e-06,0.011991574,0,0.07541023939847946,0.6430967,0.048491433,1.2461711e-05,0.03509646,0,0.3375519812107086,0.29117325,0.91154194,0.9999826,0.95291203,0,0.5870378017425537
TSBD_WSSV_f2274525f7,1,1,2,0.8301749,0.013107024,0.07848757,0.053797085,1.3465902e-05,0.012812713,0,0.07541023939847946,0.10747548,0.032683454,2.4144301e-06,0.008104775,0,0.3375519812107086,0.81403697,0.91351944,0.99998415,0.9790825,1,0.5870378017425537
TSBD_WSSV_2e17c58aad,1,1,2,0.8372351,0.012048498,0.08264009,0.052952148,1.2609296e-05,0.012767377,0,0.07541023939847946,0.100558616,0.032757357,2.4031824e-06,0.007908461,0,0.3375519812107086,0.8168013,0.9142906,0.999985,0.97932416,1,0.5870378017425537
TSBD_WSSV_bb9d07b1e5,1,1,2,0.82663,0.0139009245,0.074141294,0.047815602,8.426848e-06,0.010842402,0,0.07541023939847946,0.11285937,0.03471784,3.0123056e-06,0.008852817,0,0.3375519812107086,0.81299937,0.9174666,0.99998856,0.9803047,1,0.5870378017425537
TSBD_WSSV_950d6de8a1,1,0,1,0.7304328,0.027023297,0.08630135,0.049071766,7.949817e-06,0.011832999,0,0.07541023939847946,0.73897725,0.90539134,0.99998784,0.9753024,0,0.3375519812107086,0.17472138,0.045536984,4.1575736e-06,0.012864594,0,0.5870378017425537
TSBD_WSSV_0b909fea6f,1,1,2,0.83327746,0.0124505535,0.09623351,0.0511042,1.0939691e-05,0.012905958,0,0.07541023939847946,0.093099155,0.033358034,2.6049345e-06,0.007902242,0,0.3375519812107086,0.81066734,0.9155377,0.9999864,0.9791918,1,0.5870378017425537
TSBD_WSSV_50b41d3123,1,1,2,0.83647317,0.012348992,0.08043732,0.048101295,8.634997e-06,0.011222872,0,0.07541023939847946,0.10275741,0.034613203,2.9801395e-06,0.00852338,0,0.3375519812107086,0.81680524,0.9172855,0.99998844,0.9802537,1,0.5870378017425537
TSBD_WSSV_1d66e28720,1,0,2,0.76311773,0.023789652,0.06319777,0.049042925,9.46577e-06,0.010759797,0,0.07541023939847946,0.15593357,0.03508129,3.1876841e-06,0.010211182,0,0.3375519812107086,0.78086865,0.9158758,0.99998736,0.97902906,0,0.5870378017425537
TSBD_WSSV_f9303a9060,0,0,2,0.12748826,0.28752598,0.07312055,0.035492238,3.3210608e-06,0.012113047,0,0.07541023939847946,0.71817297,0.057494733,2.6677346e-05,0.0507885,0,0.3375519812107086,0.20870653,0.90701306,0.99996996,0.93709844,0,0.5870378017425537
TSBD_WSSV_ffd6ae5c1c,1,1,2,0.84121275,0.011558381,0.08592613,0.049383324,9.51893e-06,0.011844302,0,0.07541023939847946,0.095767476,0.03397035,2.7469216e-06,0.008108253,0,0.3375519812107086,0.8183064,0.9166463,0.9999877,0.9800474,1,0.5870378017425537
TSBD_WSSV_6a97515cc2,0,0,2,0.097786725,0.3299626,0.077139676,0.03851922,4.1715693e-06,0.014387278,0,0.07541023939847946,0.7509924,0.046884537,1.0888891e-05,0.042232722,0,0.3375519812107086,0.1718679,0.9145963,0.999985,0.94338006,0,0.5870378017425537
TSBD_WSSV_6a19d7effb,1,0,2,0.5742889,0.057921894,0.06323067,0.044142246,6.7964393e-06,0.010129002,0,0.07541023939847946,0.27553514,0.04354081,8.433948e-06,0.017594332,0,0.3375519812107086,0.66123426,0.9123169,0.99998474,0.9722766,0,0.5870378017425537
TSBD_WSSV_9872bb742f,1,1,2,0.83483475,0.01243771,0.080497876,0.053932972,1.3288327e-05,0.012894002,0,0.07541023939847946,0.10299781,0.032201223,2.2398317e-06,0.007805667,0,0.3375519812107086,0.81650424,0.9138658,0.9999845,0.97930026,1,0.5870378017425537
TSBD_WSSV_e44f2c0a8a,1,0,2,0.7640001,0.022969125,0.06635694,0.07734671,5.3545245e-05,0.01901808,0,0.07541023939847946,0.14405152,0.028506184,1.5349303e-06,0.00782321,0,0.3375519812107086,0.78959155,0.8941471,0.9999449,0.9731588,0,0.5870378017425537
TSBD_WSSV_f1294af3d4,0,0,2,0.51323986,0.050597534,0.6300846,0.3550032,0.053676017,0.35672066,0,0.07541023939847946,0.05856651,0.021250637,1.9100867e-06,0.0056387577,0,0.3375519812107086,0.31134892,0.62374616,0.9463221,0.63764066,0,0.5870378017425537
TSBD_WSSV_264790eb51,1,0,2,0.78934556,0.019382032,0.07152111,0.05726282,1.6594146e-05,0.013411996,0,0.07541023939847946,0.1333328,0.03132904,2.058451e-06,0.008375676,0,0.3375519812107086,0.7951461,0.91140807,0.9999814,0.9782123,0,0.5870378017425537
TSBD_WSSV_11430ce0d0,1,0,2,0.6645567,0.040855885,0.063846156,0.06365504,2.5252695e-05,0.015121846,0,0.07541023939847946,0.20322357,0.029747108,1.6907396e-06,0.009377301,0,0.3375519812107086,0.7329303,0.9065979,0.99997306,0.9755008,0,0.5870378017425537
TSBD_WSSV_74c3607b95,1,1,2,0.83843786,0.012033636,0.08306094,0.047785487,8.387986e-06,0.011247912,0,0.07541023939847946,0.099691615,0.034755316,3.004743e-06,0.008460963,0,0.3375519812107086,0.81724745,0.91745925,0.9999887,0.9802911,1,0.5870378017425537
TSBD_WSSV_2c43cd74d0,1,1,2,0.840021,0.011639212,0.09336927,0.048959732,9.222917e-06,0.012079177,0,0.07541023939847946,0.09070189,0.03414378,2.8014504e-06,0.008011191,0,0.3375519812107086,0.8159289,0.9168966,0.99998796,0.9799096,1,0.5870378017425537
TSBD_WSSV_59d2b7350f,1,0,2,0.8140273,0.014482516,0.07751745,0.08768569,8.778706e-05,0.023242196,0,0.07541023939847946,0.10902423,0.026355142,1.1493044e-06,0.0064060874,0,0.3375519812107086,0.8134584,0.8859592,0.99991107,0.9703517,0,0.5870378017425537
TSBD_WSSV_5e189248db,1,1,2,0.84254414,0.011285088,0.09360607,0.049026683,9.253506e-06,0.0120982,0,0.07541023939847946,0.08887867,0.034102216,2.750424e-06,0.007916253,0,0.3375519812107086,0.8175153,0.91687113,0.99998796,0.9799856,1,0.5870378017425537
TSBD_WSSV_9f5ca0e80d,1,0,2,0.8229092,0.013462325,0.12528186,0.055446986,1.4562907e-05,0.015619822,0,0.07541023939847946,0.07565991,0.031666484,2.0850089e-06,0.006897867,0,0.3375519812107086,0.7990582,0.9128865,0.99998343,0.9774823,0,0.5870378017425537
TSBD_WSSV_b626137b45,1,1,2,0.8426943,0.01123885,0.09354747,0.0497314,9.745872e-06,0.012301072,0,0.07541023939847946,0.08891654,0.03377789,2.6589867e-06,0.007830786,0,0.3375519812107086,0.81753594,0.9164907,0.9999876,0.9798681,1,0.5870378017425537
TSBD_WSSV_27c2a5d56f,1,1,2,0.8296006,0.013010576,0.07896933,0.060805038,2.0925167e-05,0.014826951,0,0.07541023939847946,0.10608905,0.030330753,1.8103894e-06,0.007369219,0,0.3375519812107086,0.8149416,0.90886414,0.99997723,0.9778038,1,0.5870378017425537
TSBD_WSSV_eee60542d7,1,0,2,0.8178312,0.015016223,0.07599147,0.053264197,1.26350205e-05,0.012482345,0,0.07541023939847946,0.115954846,0.032650873,2.4067374e-06,0.008334063,0,0.3375519812107086,0.80805373,0.91408485,0.999985,0.9791836,0,0.5870378017425537
TSBD_WSSV_d9ea0715c2,1,0,2,0.76613504,0.020023769,0.07992417,0.15019938,0.0008243529,0.0471868,0,0.07541023939847946,0.10719652,0.023434095,9.582575e-07,0.005867476,0,0.3375519812107086,0.8128793,0.82636654,0.99917465,0.9469457,0,0.5870378017425537
TSBD_WSSV_514bb3ccf8,1,1,2,0.8326282,0.012151396,0.09965408,0.058510456,1.803931e-05,0.015371903,0,0.07541023939847946,0.09198536,0.030942399,1.9114377e-06,0.0071627214,0,0.3375519812107086,0.8083606,0.9105472,0.9999801,0.9774654,1,0.5870378017425537
TSBD_WSSV_d3cfe64d62,1,0,2,0.821855,0.013974148,0.080204174,0.06514341,2.7534574e-05,0.016281014,0,0.07541023939847946,0.10913287,0.029257974,1.5764745e-06,0.0071388283,0,0.3375519812107086,0.8106629,0.90559864,0.9999709,0.97658014,0,0.5870378017425537
TSBD_WSSV_f825fa69cd,1,0,2,0.816676,0.015159589,0.07767324,0.051415294,1.1265473e-05,0.012105152,0,0.07541023939847946,0.11624443,0.03352248,2.619687e-06,0.008589448,0,0.3375519812107086,0.80608225,0.91506225,0.99998605,0.9793053,0,0.5870378017425537
TSBD_WSSV_b899fa53da,1,0,2,0.7178715,0.03145823,0.05910068,0.05500708,1.4564206e-05,0.012179813,0,0.07541023939847946,0.18000887,0.032839116,2.552759e-06,0.010066274,0,0.3375519812107086,0.76089036,0.91215384,0.99998295,0.97775394,0,0.5870378017425537
TSBD_WSSV_8b9052d96f,1,0,2,0.8012123,0.017824836,0.067328036,0.05123483,1.09785815e-05,0.01145729,0,0.07541023939847946,0.13028795,0.033196542,2.5140064e-06,0.008842623,0,0.3375519812107086,0.802384,0.9155686,0.9999865,0.97970015,0,0.5870378017425537
TSBD_WSSV_376e37e18c,1,0,1,0.75195384,0.02258898,0.07832337,0.058469187,1.4413903e-05,0.013925479,0,0.07541023939847946,0.74808425,0.89296997,0.99998057,0.97237116,0,0.3375519812107086,0.17359239,0.048560895,5.0169065e-06,0.013703343,0,0.5870378017425537
TSBD_WSSV_33b7d18fc1,1,1,2,0.8405025,0.011661914,0.084773004,0.049924646,9.943665e-06,0.011951856,0,0.07541023939847946,0.09703186,0.033729,2.6501334e-06,0.008062488,0,0.3375519812107086,0.81819516,0.9163463,0.9999875,0.97998565,1,0.5870378017425537
TSBD_WSSV_5ae365cdb5,1,0,2,0.76171213,0.023947805,0.064911395,0.04771982,8.455204e-06,0.010496718,0,0.07541023939847946,0.1566074,0.035769347,3.4106608e-06,0.010464871,0,0.3375519812107086,0.7784812,0.9165109,0.9999881,0.9790384,0,0.5870378017425537
TSBD_WSSV_48983cce39,1,0,2,0.4581817,0.08356953,0.37474087,0.06421821,2.5802203e-05,0.030637218,0,0.07541023939847946,0.060685102,0.029465362,1.6089264e-06,0.006550013,0,0.3375519812107086,0.56457406,0.9063164,0.9999727,0.96281284,0,0.5870378017425537
TSBD_WSSV_f41afb12de,1,1,2,0.82861364,0.013497771,0.076966524,0.04958419,9.709322e-06,0.011487859,0,0.07541023939847946,0.10973958,0.034080833,2.80119e-06,0.008568724,0,0.3375519812107086,0.8132939,0.9163349,0.9999876,0.97994345,1,0.5870378017425537
TSBD_WSSV_719214e8fc,0,0,2,0.23946698,0.17900214,0.058942836,0.060149167,2.265729e-05,0.01720598,0,0.07541023939847946,0.5493504,0.043054555,8.422553e-06,0.026526393,0,0.3375519812107086,0.39170673,0.8967963,0.9999689,0.95626765,0,0.5870378017425537
TSBD_WSSV_f9b891c236,1,0,2,0.8127251,0.015242689,0.07760812,0.06997358,3.6013378e-05,0.017573394,0,0.07541023939847946,0.11462301,0.028545434,1.4674656e-06,0.0070945527,0,0.3375519812107086,0.8077689,0.9014809,0.99996257,0.9753321,0,0.5870378017425537
TSBD_WSSV_60bf799ad0,1,1,2,0.8426095,0.011377374,0.08794357,0.048074134,8.631391e-06,0.011564703,0,0.07541023939847946,0.09329747,0.034543246,2.9034777e-06,0.008182541,0,0.3375519812107086,0.81875896,0.9173826,0.99998856,0.9802528,1,0.5870378017425537
TSBD_WSSV_3221471a09,1,0,2,0.7834728,0.020578157,0.0665676,0.05068991,1.0515566e-05,0.0113044875,0,0.07541023939847946,0.14094357,0.033461243,2.5956858e-06,0.009216964,0,0.3375519812107086,0.7924888,0.9158489,0.9999869,0.97947854,0,0.5870378017425537
TSBD_WSSV_81c77d6283,1,1,2,0.83238655,0.012416305,0.112174995,0.051907033,1.1545711e-05,0.013875527,0,0.07541023939847946,0.08002241,0.03287889,2.3991984e-06,0.007331618,0,0.3375519812107086,0.80780256,0.91521406,0.99998605,0.97879285,1,0.5870378017425537
TSBD_WSSV_7ba0bac7cd,0,0,0,0.11617942,0.2975183,0.15254503,0.8817956,0.9995276,0.8709902,0,0.07541023939847946,0.16443066,0.01917776,1.0024456e-06,0.010081258,0,0.3375519812107086,0.6830243,0.09902662,0.00047149658,0.118928544,0,0.5870378017425537
TSBD_WSSV_b8b164e72b,1,0,2,0.33628106,0.12557425,0.058064703,0.0849113,8.114932e-05,0.023532348,0,0.07541023939847946,0.4137931,0.027695442,1.4354372e-06,0.012611277,0,0.3375519812107086,0.52814215,0.8873933,0.9999174,0.9638564,0,0.5870378017425537
TSBD_WSSV_7942e3c67c,1,0,2,0.79892737,0.017968427,0.06906194,0.050831415,1.104447e-05,0.011548655,0,0.07541023939847946,0.13232943,0.03449556,3.0636645e-06,0.009423905,0,0.3375519812107086,0.7986086,0.91467303,0.9999858,0.9790275,0,0.5870378017425537
TSBD_WSSV_e572949946,1,1,2,0.8315159,0.012490498,0.09114046,0.05802836,1.7408189e-05,0.01472917,0,0.07541023939847946,0.098471776,0.031181302,2.0045657e-06,0.007426874,0,0.3375519812107086,0.81038773,0.91079026,0.99998057,0.97784394,1,0.5870378017425537
TSBD_WSSV_a204c36610,0,0,0,0.20381959,0.2117016,0.18372808,0.81024224,0.99494284,0.7761447,0,0.07541023939847946,0.09160002,0.020424176,1.738192e-06,0.008190173,0,0.3375519812107086,0.7246718,0.16933355,0.0050553973,0.21566509,0,0.5870378017425537
TSBD_WSSV_9c4b4f11b8,1,0,2,0.8228017,0.0127710365,0.09116929,0.08193961,6.607261e-05,0.022562288,0,0.07541023939847946,0.10179154,0.026916305,1.209246e-06,0.006383641,0,0.3375519812107086,0.80703914,0.89114416,0.99993277,0.9710541,0,0.5870378017425537
TSBD_WSSV_687a703a75,1,1,0,0.5115071,0.07417606,0.63076574,0.9353565,0.9999877,0.9749791,1,0.07541023939847946,0.17495771,0.026545372,3.276629e-06,0.010023278,0,0.3375519812107086,0.1942766,0.03809824,9.074611e-06,0.014997634,0,0.5870378017425537
TSBD_WSSV_60273dd644,0,0,0,0.09945807,0.32484132,0.07138884,0.82183486,0.99632347,0.7260741,0,0.07541023939847946,0.13195544,0.019829588,1.4087938e-06,0.011391669,0,0.3375519812107086,0.79665565,0.15833552,0.0036750955,0.2625342,0,0.5870378017425537
TSBD_WSSV_c29e86db5b,0,0,0,0.057176758,0.41360006,0.095631175,0.93042064,0.99997914,0.9290847,0,0.07541023939847946,0.118277974,0.024087701,2.250103e-06,0.014345194,0,0.3375519812107086,0.7860909,0.045491718,1.8655157e-05,0.056570034,0,0.5870378017425537
TSBD_WSSV_79fa511ed0,0,0,0,0.18400985,0.2262176,0.3062882,0.92225814,0.9999534,0.9463051,0,0.07541023939847946,0.070562646,0.021572055,1.5140197e-06,0.007161183,0,0.3375519812107086,0.62314916,0.056169808,4.5018416e-05,0.0465337,0,0.5870378017425537
TSBD_WSSV_58e35ef754,0,0,0,0.082473,0.34769505,0.16780815,0.9332737,0.9999857,0.9499785,0,0.07541023939847946,0.6294676,0.027125623,3.7486388e-06,0.02523264,0,0.3375519812107086,0.20272428,0.03960076,1.06348925e-05,0.024788857,0,0.5870378017425537
TSBD_WSSV_1ce4e5b49f,0,0,1,0.5493793,0.037045002,0.053545468,0.022860965,1.4455069e-06,0.005376705,0,0.07541023939847946,0.46600124,0.7305045,0.9910864,0.80104107,0,0.3375519812107086,0.4804533,0.24663457,0.0089121545,0.19358219,0,0.5870378017425537
TSBD_WSSV_ea57134108,1,0,1,0.66688806,0.03864207,0.06503868,0.04568473,6.098523e-06,0.009978326,0,0.07541023939847946,0.7085138,0.90668404,0.99998903,0.9749487,0,0.3375519812107086,0.22644755,0.047631234,4.920578e-06,0.015072973,0,0.5870378017425537
TSBD_WSSV_8b1af1900d,1,0,1,0.5983337,0.052244373,0.05947264,0.046990164,6.7556584e-06,0.010175274,0,0.07541023939847946,0.671963,0.90631413,0.9999888,0.97396576,0,0.3375519812107086,0.26856434,0.046695683,4.504799e-06,0.015858963,0,0.5870378017425537
TSBD_WSSV_2f46cb1b79,1,0,2,0.7846638,0.014580179,0.10544059,0.17175367,0.0015060094,0.062285062,0,0.07541023939847946,0.09011165,0.023146402,1.0304703e-06,0.005570007,0,0.3375519812107086,0.8044477,0.80509996,0.99849296,0.93214494,0,0.5870378017425537
TSBD_WSSV_383e727d4a,1,1,2,0.8400788,0.0115290405,0.09423058,0.05133473,1.1017924e-05,0.012832445,0,0.07541023939847946,0.09026377,0.033121895,2.4733406e-06,0.0076979576,0,0.3375519812107086,0.8155057,0.91554344,0.9999865,0.9794696,1,0.5870378017425537
TSBD_WSSV_b076b7af44,1,0,2,0.7627736,0.01935802,0.08808011,0.17555937,0.0016599438,0.06016263,0,0.07541023939847946,0.09519113,0.02281303,9.547199e-07,0.0055497885,0,0.3375519812107086,0.8167288,0.8016276,0.99833906,0.93428755,0,0.5870378017425537
TSBD_WSSV_6a65b3c303,1,1,2,0.83880544,0.011791357,0.085361905,0.052898508,1.2386919e-05,0.012859569,0,0.07541023939847946,0.097633176,0.032601126,2.3269715e-06,0.0077591403,0,0.3375519812107086,0.8170049,0.9145004,0.9999852,0.9793813,1,0.5870378017425537
TSBD_WSSV_d552ad13be,1,1,1,0.78959066,0.017880943,0.08161022,0.048771784,7.597429e-06,0.011286285,0,0.07541023939847946,0.7765337,0.90648896,0.99998856,0.97723615,1,0.3375519812107086,0.14185606,0.044739295,3.8133478e-06,0.011477555,0,0.5870378017425537
TSBD_WSSV_64069923e3,1,0,2,0.7753726,0.020719107,0.16028602,0.05220978,1.1724353e-05,0.016042402,0,0.07541023939847946,0.0686588,0.032801244,2.3642017e-06,0.007022329,0,0.3375519812107086,0.77105516,0.914989,0.99998593,0.97693527,0,0.5870378017425537
