sample_id,tri_consensus,selected,consensus_class,tri_score,source_ema_js,p_source_BG,p_ema_BG,p_proto_BG,q_consensus_BG,selected_BG,target_prior_BG,p_source_Healthy,p_ema_Healthy,p_proto_Healthy,q_consensus_Healthy,selected_Healthy,target_prior_Healthy,p_source_WSSV,p_ema_WSSV,p_proto_WSSV,q_consensus_WSSV,selected_WSSV,target_prior_WSSV
TSBD_BG_b9ded89290,1,1,0,0.894912,0.0035166126,0.8499111,0.9047272,0.9999877,0.979769,1,0.12762385606765747,0.07410187,0.04739566,6.133388e-06,0.01003399,0,0.38093727827072144,0.07598704,0.04787713,6.2191884e-06,0.010197044,0,0.4914388656616211
TSBD_BG_ec6804e1c1,1,1,0,0.8951841,0.0035017878,0.85025936,0.9049136,0.9999877,0.9798175,1,0.12762385606765747,0.07524921,0.04795688,6.559514e-06,0.010276921,0,0.38093727827072144,0.07449144,0.047129534,5.776376e-06,0.009905587,0,0.4914388656616211
TSBD_BG_e6c7f786d1,1,1,0,0.89436036,0.0035807583,0.8494048,0.90475404,0.99998736,0.9796659,1,0.12762385606765747,0.07775127,0.04864186,7.1091276e-06,0.010634465,0,0.38093727827072144,0.07284393,0.046604022,5.5383684e-06,0.00969962,0,0.4914388656616211
TSBD_BG_27046d49de,1,1,0,0.89237225,0.0037877108,0.84751785,0.90447044,0.9999875,0.9795512,1,0.12762385606765747,0.072472475,0.047406662,6.1356627e-06,0.009966881,0,0.38093727827072144,0.08000962,0.04812292,6.41835e-06,0.010481933,0,0.4914388656616211
TSBD_BG_ef94f9e30a,1,0,2,0.6159016,0.038213223,0.10398955,0.31461418,0.01936551,0.1384143,0,0.12762385606765747,0.101549156,0.041408386,1.4090241e-06,0.008196695,0,0.38093727827072144,0.7944613,0.6439774,0.9806331,0.853389,0,0.4914388656616211
TSBD_BG_014cc1626a,1,0,2,0.8388091,0.00534729,0.07721689,0.048137274,2.990069e-06,0.00929536,0,0.12762385606765747,0.15159628,0.10015643,2.9558836e-05,0.025882002,0,0.38093727827072144,0.7711868,0.8517062,0.99996746,0.9648226,0,0.4914388656616211
TSBD_BG_ab942e7799,0,0,0,0.22398703,0.18547428,0.29466033,0.87277716,0.99979776,0.91343164,0,0.12762385606765747,0.5258504,0.091726445,0.00020057155,0.07394396,0,0.38093727827072144,0.17948927,0.035496417,1.6160008e-06,0.01262436,0,0.4914388656616211
TSBD_BG_92d3bac25d,1,1,0,0.8735953,0.0061413394,0.83359283,0.9043275,0.99998665,0.978661,1,0.12762385606765747,0.10424999,0.05065381,8.749109e-06,0.012581943,0,0.38093727827072144,0.0621572,0.045018706,4.6055607e-06,0.00875706,0,0.4914388656616211
TSBD_BG_3179613a58,1,0,0,0.8313443,0.011609453,0.80218923,0.90346396,0.9999852,0.97666335,0,0.12762385606765747,0.1346088,0.05291385,1.0734256e-05,0.014791965,0,0.38093727827072144,0.06320201,0.043622196,4.0032032e-06,0.008544669,0,0.4914388656616211
TSBD_BG_72fcb5ad43,0,0,0,0.18817376,0.22574162,0.17707133,0.81946695,0.997519,0.80477273,0,0.12762385606765747,0.74471706,0.1489903,0.002479824,0.18618737,0,0.38093727827072144,0.07821155,0.031542733,1.1358989e-06,0.009039938,0,0.4914388656616211
TSBD_BG_1adf4fa166,1,1,0,0.88838077,0.004226423,0.8436925,0.9043344,0.9999871,0.97926325,1,0.12762385606765747,0.07680259,0.048558757,6.9879316e-06,0.010567192,0,0.38093727827072144,0.07950494,0.047106862,5.8135656e-06,0.010169564,0,0.4914388656616211
TSBD_BG_19f57a7d83,0,0,0,0.12899873,0.28537452,0.2005929,0.89858896,0.99996984,0.9336411,0,0.12762385606765747,0.7193493,0.06266306,2.7773056e-05,0.05402296,0,0.38093727827072144,0.08005777,0.038747996,2.371387e-06,0.012335972,0,0.4914388656616211
TSBD_BG_b06b80d500,1,1,0,0.8930553,0.0037328624,0.8483024,0.90471774,0.9999875,0.9796463,1,0.12762385606765747,0.07971948,0.047965024,6.553304e-06,0.010493069,0,0.38093727827072144,0.07197806,0.04731721,5.9209697e-06,0.009860616,0,0.4914388656616211
TSBD_BG_5c745e387f,1,1,0,0.89504164,0.0035167532,0.8501283,0.9048922,0.9999876,0.9797835,1,0.12762385606765747,0.07715652,0.04829153,6.8101554e-06,0.010478444,0,0.38093727827072144,0.072715186,0.046816226,5.6159706e-06,0.009738124,0,0.4914388656616211
TSBD_BG_c333741c9b,1,0,0,0.809748,0.014974728,0.79252684,0.90387994,0.9999858,0.9765044,0,0.12762385606765747,0.15121518,0.051508687,9.656318e-06,0.014960213,0,0.38093727827072144,0.056257956,0.044611383,4.5517354e-06,0.008535342,0,0.4914388656616211
TSBD_BG_a3ac70c2de,0,0,0,0.08428259,0.35334092,0.13639897,0.9043401,0.99998665,0.93643814,0,0.12762385606765747,0.7761899,0.0506504,8.713869e-06,0.04576573,0,0.38093727827072144,0.087411106,0.04500957,4.6154137e-06,0.0177961,0,0.4914388656616211
TSBD_BG_6ff47981ea,0,0,0,0.18132494,0.22827291,0.29809466,0.9044297,0.99998665,0.9543771,0,0.12762385606765747,0.6335148,0.05044346,8.598283e-06,0.032891825,0,0.38093727827072144,0.06839053,0.04512691,4.720042e-06,0.012730995,0,0.4914388656616211
TSBD_BG_64274bed67,0,0,0,0.090553634,0.34219497,0.11048258,0.88057345,0.99986374,0.88329816,0,0.12762385606765747,0.7911867,0.08542489,0.0001349644,0.103627786,0,0.38093727827072144,0.098330736,0.034001652,1.3178139e-06,0.013074013,0,0.4914388656616211
TSBD_BG_7031e4d230,1,1,0,0.89075327,0.004009971,0.8464142,0.9047424,0.9999875,0.97953993,1,0.12762385606765747,0.08388107,0.04864847,7.0645497e-06,0.010919767,0,0.38093727827072144,0.06970472,0.046609093,5.474968e-06,0.009540318,0,0.4914388656616211
TSBD_BG_03136a4786,0,0,0,0.06117925,0.40025234,0.074297965,0.8951496,0.99997663,0.90480614,0,0.12762385606765747,0.1592684,0.043977037,4.2689203e-06,0.025681667,0,0.38093727827072144,0.76643366,0.06087333,1.9085395e-05,0.06951219,0,0.4914388656616211
TSBD_BG_daacfdf534,1,1,0,0.84491974,0.009575333,0.8081808,0.9038861,0.999987,0.97732013,1,0.12762385606765747,0.08375645,0.04629788,5.474146e-06,0.010289181,0,0.38093727827072144,0.10806272,0.04981601,7.5279345e-06,0.012390722,0,0.4914388656616211
TSBD_BG_873a3617a3,0,0,0,0.08031905,0.36051363,0.11909005,0.8996907,0.9999814,0.9256095,0,0.12762385606765747,0.10152519,0.04240034,3.4710613e-06,0.01791598,0,0.38093727827072144,0.7793848,0.057908885,1.513087e-05,0.05647448,0,0.4914388656616211
TSBD_BG_abfa756b67,1,1,0,0.8820368,0.004953712,0.83816546,0.9039894,0.9999871,0.9789357,1,0.12762385606765747,0.07151996,0.046002008,5.2305154e-06,0.009513154,0,0.38093727827072144,0.0903146,0.050008565,7.605117e-06,0.011551088,0,0.4914388656616211
TSBD_BG_897409ab6a,1,0,2,0.8549928,0.0053678174,0.08269498,0.062740125,7.1108548e-06,0.012604594,0,0.12762385606765747,0.118882164,0.06572854,3.0230844e-06,0.012316906,0,0.38093727827072144,0.7984228,0.87153137,0.99998987,0.9750785,0,0.4914388656616211
TSBD_BG_029a32b87f,1,0,2,0.8132508,0.005992242,0.17207287,0.12517689,0.00014544338,0.041777287,0,0.12762385606765747,0.091657735,0.05116247,1.2088375e-06,0.008595617,0,0.38093727827072144,0.7362694,0.8236606,0.9998534,0.9496271,0,0.4914388656616211
TSBD_BG_ad84846145,1,0,0,0.49600783,0.04817251,0.6713929,0.60470986,0.7877039,0.7281671,0,0.12762385606765747,0.18011019,0.038079932,3.3274605e-06,0.01114281,0,0.38093727827072144,0.14849687,0.35721028,0.2122929,0.26069,0,0.4914388656616211
TSBD_BG_6250909f04,0,0,0,0.3153593,0.13558772,0.3870055,0.8644915,0.99975365,0.917546,0,0.12762385606765747,0.54634005,0.09610382,0.00024372319,0.0729677,0,0.38093727827072144,0.06665442,0.039404646,2.6716266e-06,0.009486318,0,0.4914388656616211
TSBD_Healthy_c7fd512124,1,0,1,0.7017695,0.028172363,0.06245415,0.070396975,5.7880293e-06,0.012074375,0,0.12762385606765747,0.70437807,0.8619528,0.9999908,0.9709828,0,0.38093727827072144,0.23316778,0.067650236,3.4342945e-06,0.016942807,0,0.4914388656616211
TSBD_Healthy_1ab857c1ee,0,0,1,0.18792897,0.22407323,0.05697581,0.06353198,3.961565e-06,0.014258571,0,0.12762385606765747,0.2623233,0.86159724,0.99999046,0.9465495,0,0.38093727827072144,0.6807009,0.07487075,5.5948067e-06,0.039191928,0,0.4914388656616211
TSBD_Healthy_a4108c60ab,1,0,1,0.77313465,0.016410733,0.070962444,0.07119894,6.1731807e-06,0.012625389,0,0.12762385606765747,0.7445632,0.8618064,0.9999906,0.97222996,0,0.38093727827072144,0.18447433,0.06699463,3.3034398e-06,0.015144631,0,0.4914388656616211
TSBD_Healthy_603954b4fc,1,0,1,0.6775029,0.030911589,0.09193946,0.07979497,9.935607e-06,0.01653605,0,0.12762385606765747,0.67458147,0.85545903,0.99998724,0.96722776,0,0.38093727827072144,0.23347911,0.064746,2.840297e-06,0.016236167,0,0.4914388656616211
TSBD_Healthy_a7669a6337,1,0,1,0.69065124,0.0291899,0.07329964,0.07050735,6.1448277e-06,0.013031311,0,0.12762385606765747,0.68739325,0.85924274,0.9999895,0.9686528,0,0.38093727827072144,0.23930715,0.07024997,4.2858965e-06,0.018315919,0,0.4914388656616211
TSBD_Healthy_0969d7950f,1,0,1,0.7292012,0.02179091,0.10756807,0.084633864,1.2504543e-05,0.018545229,0,0.12762385606765747,0.70198214,0.8540746,0.99998534,0.96765506,0,0.38093727827072144,0.19044976,0.061291557,2.1697417e-06,0.013799701,0,0.4914388656616211
TSBD_Healthy_3535a7f645,1,0,1,0.82759255,0.008196408,0.084749356,0.0730235,6.8824884e-06,0.013707669,0,0.12762385606765747,0.77535343,0.8612862,0.9999901,0.9730808,0,0.38093727827072144,0.13989724,0.065690316,3.021157e-06,0.013211497,0,0.4914388656616211
TSBD_Healthy_28874652ec,1,0,1,0.72295284,0.024359692,0.06802243,0.071912736,6.522601e-06,0.012805453,0,0.12762385606765747,0.7144006,0.86095,0.9999901,0.9708199,0,0.38093727827072144,0.21757701,0.067137234,3.402254e-06,0.016374629,0,0.4914388656616211
TSBD_Healthy_c9a3ba4645,1,0,1,0.81010175,0.010339284,0.15556043,0.071085006,6.108678e-06,0.01645861,0,0.12762385606765747,0.7583324,0.8621226,0.9999906,0.9720644,0,0.38093727827072144,0.08610718,0.06679238,3.2620967e-06,0.011477016,0,0.4914388656616211
TSBD_Healthy_ec9cff4659,1,0,1,0.80771613,0.008732492,0.17246872,0.0967319,2.166315e-05,0.02548083,0,0.12762385606765747,0.741111,0.8467448,0.9999769,0.96529484,0,0.38093727827072144,0.086420245,0.056523353,1.5118708e-06,0.009224338,0,0.4914388656616211
TSBD_Healthy_d0dd7481d3,1,0,1,0.82817477,0.0071369167,0.15105149,0.08359112,1.198571e-05,0.020009948,0,0.12762385606765747,0.76531935,0.856091,0.99998593,0.9701195,0,0.38093727827072144,0.08362914,0.060317848,2.0527712e-06,0.00987055,0,0.4914388656616211
TSBD_Healthy_9b9c4b2008,1,1,1,0.84642017,0.005660001,0.08520995,0.06926595,5.66047e-06,0.012827022,0,0.12762385606765747,0.78776866,0.8620363,0.99999046,0.97358745,1,0.38093727827072144,0.12702139,0.06869779,3.8214735e-06,0.013585544,0,0.4914388656616211
TSBD_Healthy_6af33a64f0,1,1,1,0.8508503,0.0048654284,0.09848603,0.07218516,6.7227534e-06,0.014226337,0,0.12762385606765747,0.7883644,0.8611869,0.99999,0.9733036,1,0.38093727827072144,0.11314956,0.06662788,3.2675123e-06,0.012470048,0,0.4914388656616211
TSBD_Healthy_11508a2a47,1,1,0,0.89241356,0.0037793801,0.847476,0.90449005,0.9999875,0.97956747,1,0.12762385606765747,0.07931347,0.048447277,6.783811e-06,0.010598548,0,0.38093727827072144,0.073210545,0.047062617,5.728996e-06,0.009833993,0,0.4914388656616211
TSBD_Healthy_9c80ffce77,1,0,1,0.837178,0.0068123955,0.086723,0.07206642,6.5234226e-06,0.013559618,0,0.12762385606765747,0.7808765,0.8610872,0.9999902,0.97319454,0,0.38093727827072144,0.13240045,0.06684637,3.2774594e-06,0.013245832,0,0.4914388656616211
TSBD_Healthy_fdc6d1fa33,1,1,1,0.8518725,0.0047379285,0.10312815,0.07130553,6.3270977e-06,0.014200267,0,0.12762385606765747,0.78861946,0.86181426,0.99999034,0.97343516,1,0.38093727827072144,0.10825242,0.0668802,3.360277e-06,0.012364603,0,0.4914388656616211
TSBD_Healthy_8c646c1060,1,1,0,0.83937716,0.006838128,0.7806071,0.86885136,0.99974376,0.9549439,1,0.12762385606765747,0.15734114,0.09674742,0.00025482159,0.038797434,0,0.38093727827072144,0.062051676,0.03440124,1.4527011e-06,0.006258649,0,0.4914388656616211
TSBD_Healthy_1b2ea804f3,1,0,1,0.8362835,0.006381439,0.1104706,0.07611761,8.121672e-06,0.015853664,0,0.12762385606765747,0.77352434,0.8590525,0.99998903,0.97200763,0,0.38093727827072144,0.11600501,0.06482988,2.8155011e-06,0.012138715,0,0.4914388656616211
TSBD_Healthy_181a36e89e,1,0,1,0.8116092,0.009097502,0.13944586,0.079890266,1.03094635e-05,0.01862508,0,0.12762385606765747,0.74917865,0.8560143,0.9999869,0.9694088,0,0.38093727827072144,0.11137548,0.064095385,2.7453348e-06,0.011966146,0,0.4914388656616211
TSBD_Healthy_b13db56cba,0,0,1,0.15826014,0.25271016,0.06062612,0.063292034,4.207003e-06,0.015647098,0,0.12762385606765747,0.21634388,0.8589655,0.9999888,0.9390529,0,0.38093727827072144,0.72303003,0.0777425,7.0385e-06,0.045300018,0,0.4914388656616211
TSBD_Healthy_e91e5f3d2c,1,0,1,0.81212443,0.010027891,0.15593061,0.07197483,6.4590117e-06,0.016742539,0,0.12762385606765747,0.75986,0.86146855,0.99999034,0.9719511,0,0.38093727827072144,0.08420941,0.06655661,3.1797476e-06,0.011306329,0,0.4914388656616211
TSBD_Healthy_b9f53cb41a,0,0,1,0.24815486,0.17673089,0.609582,0.077575654,8.690276e-06,0.038578007,0,0.12762385606765747,0.3349758,0.85942113,0.9999888,0.9496026,0,0.38093727827072144,0.05544214,0.06300315,2.4871622e-06,0.011819345,0,0.4914388656616211
TSBD_Healthy_eb22129a24,1,1,0,0.88164884,0.005074147,0.8388505,0.9042358,0.9999863,0.97880507,1,0.12762385606765747,0.096824996,0.05137124,9.460219e-06,0.012507802,0,0.38093727827072144,0.06432447,0.04439299,4.343638e-06,0.008687104,0,0.4914388656616211
TSBD_Healthy_968a78b93d,1,0,1,0.83011323,0.007446997,0.1381568,0.07222236,6.539299e-06,0.016040534,0,0.12762385606765747,0.77091074,0.8611839,0.9999902,0.97235245,0,0.38093727827072144,0.090932466,0.066593766,3.2376545e-06,0.011607081,0,0.4914388656616211
TSBD_Healthy_c7a3a188a8,0,0,1,0.29501694,0.1525447,0.73078984,0.21390818,0.0009763329,0.17842545,0,0.12762385606765747,0.21404889,0.7432916,0.99902296,0.81324947,0,0.38093727827072144,0.055161227,0.042800143,7.418155e-07,0.00832509,0,0.4914388656616211
TSBD_Healthy_f55a2f1b43,1,0,1,0.46622053,0.07775107,0.05459197,0.06704462,4.977843e-06,0.011797275,0,0.12762385606765747,0.5563804,0.8624692,0.9999907,0.9648916,0,0.38093727827072144,0.3890277,0.07048616,4.310627e-06,0.023311093,0,0.4914388656616211
TSBD_Healthy_11a0ec4d06,1,0,1,0.49852282,0.06322789,0.36084762,0.10220865,2.8194321e-05,0.03974528,0,0.12762385606765747,0.52089286,0.8423839,0.9999703,0.948985,0,0.38093727827072144,0.11825949,0.05540745,1.4436861e-06,0.011269722,0,0.4914388656616211
TSBD_Healthy_dda7c6bbc5,1,0,1,0.83341634,0.0074944384,0.080283,0.06925692,5.6900653e-06,0.012614956,0,0.12762385606765747,0.7798509,0.86233175,0.9999906,0.9734024,0,0.38093727827072144,0.13986607,0.068411365,3.7045565e-06,0.013982666,0,0.4914388656616211
TSBD_Healthy_b83d452fe7,0,0,1,0.16006494,0.25064945,0.058178436,0.06501415,4.475798e-06,0.01560583,0,0.12762385606765747,0.22655292,0.8620592,0.99999046,0.9438277,0,0.38093727827072144,0.7152686,0.07292664,5.0823037e-06,0.040566504,0,0.4914388656616211
TSBD_Healthy_ec04a77054,1,1,1,0.8570041,0.0041994713,0.10546537,0.0705936,5.9394547e-06,0.0140399495,0,0.12762385606765747,0.7936402,0.86259145,0.9999908,0.97400945,1,0.38093727827072144,0.10089439,0.0668149,3.2456167e-06,0.011950585,0,0.4914388656616211
TSBD_Healthy_63480c13ab,1,1,1,0.8578334,0.004136104,0.10099656,0.06967547,5.633197e-06,0.0135963755,0,0.12762385606765747,0.7946969,0.8628533,0.99999094,0.9741378,1,0.38093727827072144,0.10430652,0.06747124,3.4200777e-06,0.012265876,0,0.4914388656616211
TSBD_Healthy_a334fe0843,1,0,1,0.573575,0.05000564,0.33313224,0.08624614,1.2960423e-05,0.029348519,0,0.12762385606765747,0.60053295,0.8542475,0.9999852,0.96108776,0,0.38093727827072144,0.066334784,0.059506398,1.8492669e-06,0.009563717,0,0.4914388656616211
TSBD_Healthy_af48f4f88b,1,0,1,0.79667324,0.012049498,0.1695247,0.07459701,7.45538e-06,0.018121967,0,0.12762385606765747,0.7474784,0.8608096,0.99998975,0.9710064,0,0.38093727827072144,0.08299686,0.06459333,2.7952026e-06,0.010871613,0,0.4914388656616211
TSBD_Healthy_58fc6d9018,0,0,1,0.22075832,0.19385113,0.09785306,0.0724897,6.640657e-06,0.019489158,0,0.12762385606765747,0.29640248,0.8575037,0.9999893,0.94763106,0,0.38093727827072144,0.6057445,0.07000659,4.0406358e-06,0.0328798,0,0.4914388656616211
TSBD_Healthy_ed8a98aaef,0,0,1,0.20983504,0.20412445,0.08303591,0.06655441,4.838413e-06,0.016955983,0,0.12762385606765747,0.27727452,0.8563906,0.9999888,0.94390786,0,0.38093727827072144,0.6396896,0.07705493,6.398752e-06,0.039136168,0,0.4914388656616211
TSBD_Healthy_c1a36abd3d,1,0,1,0.72847176,0.022456802,0.09327836,0.07533215,7.663554e-06,0.015146012,0,0.12762385606765747,0.7050752,0.85914123,0.9999894,0.9695234,0,0.38093727827072144,0.2016464,0.06552663,2.8912502e-06,0.0153306145,0,0.4914388656616211
TSBD_Healthy_ba89f16ead,1,1,1,0.8559723,0.00432463,0.10686079,0.06991851,5.709533e-06,0.0139380265,0,0.12762385606765747,0.79267126,0.8626868,0.99999094,0.9739662,1,0.38093727827072144,0.100467935,0.067394696,3.4007517e-06,0.012095797,0,0.4914388656616211
TSBD_Healthy_ff7717e05f,1,1,0,0.89244825,0.0036634933,0.8468259,0.903197,0.9999844,0.9787789,1,0.12762385606765747,0.08320999,0.05337412,1.1852868e-05,0.012588704,0,0.38093727827072144,0.0699642,0.04342889,3.8710823e-06,0.008632357,0,0.4914388656616211
TSBD_Healthy_9697828448,1,0,1,0.8319541,0.0075422153,0.08671596,0.07113034,6.129436e-06,0.013331516,0,0.12762385606765747,0.77686775,0.861918,0.9999906,0.9732321,0,0.38093727827072144,0.13641629,0.06695167,3.3056428e-06,0.013436404,0,0.4914388656616211
TSBD_Healthy_0dc7202194,1,1,1,0.8541005,0.0045296587,0.10064614,0.07091952,5.9940353e-06,0.013881483,0,0.12762385606765747,0.79112315,0.8622455,0.9999907,0.97383845,1,0.38093727827072144,0.10823067,0.066834964,3.2680382e-06,0.012280051,0,0.4914388656616211
TSBD_Healthy_aafafefd6f,0,0,1,0.16555557,0.23991784,0.6638277,0.107194684,3.392267e-05,0.073656976,0,0.12762385606765747,0.17303701,0.8292621,0.9999634,0.9048472,0,0.38093727827072144,0.16313526,0.06354327,2.7152284e-06,0.021495761,0,0.4914388656616211
TSBD_Healthy_3e37e6f481,1,1,1,0.8476869,0.0050117727,0.11192341,0.07567109,7.668147e-06,0.015640924,0,0.12762385606765747,0.783401,0.85952497,0.9999895,0.9727322,1,0.38093727827072144,0.10467557,0.06480388,2.7737694e-06,0.0116268955,0,0.4914388656616211
TSBD_Healthy_d5c6d15d07,1,0,1,0.66581476,0.026015025,0.1674287,0.10235969,3.5009118e-05,0.030341461,0,0.12762385606765747,0.61228466,0.811133,0.9999504,0.9436754,0,0.38093727827072144,0.22028662,0.086507335,1.4566454e-05,0.025983183,0,0.4914388656616211
TSBD_Healthy_968206666f,1,0,1,0.7949197,0.012992322,0.07679151,0.07363911,7.2806065e-06,0.013550466,0,0.12762385606765747,0.75679123,0.86069244,0.9999896,0.9722647,0,0.38093727827072144,0.16641723,0.065668434,3.0595647e-06,0.014184829,0,0.4914388656616211
TSBD_Healthy_cacd4fa5f3,1,0,1,0.7581866,0.01835467,0.078831,0.07076177,6.17298e-06,0.013140027,0,0.12762385606765747,0.72989666,0.8619809,0.99999046,0.9713113,0,0.38093727827072144,0.19127235,0.067257285,3.4036343e-06,0.015548678,0,0.4914388656616211
TSBD_Healthy_c00e285b89,1,0,1,0.6938303,0.029831229,0.058277935,0.07088527,6.144969e-06,0.0119704595,0,0.12762385606765747,0.7035082,0.8621949,0.9999906,0.97117186,0,0.38093727827072144,0.23821387,0.066919886,3.2972425e-06,0.016857717,0,0.4914388656616211
TSBD_Healthy_e318b96772,1,0,1,0.484386,0.07329978,0.056353413,0.070478946,5.981791e-06,0.012559686,0,0.12762385606765747,0.5712491,0.8618407,0.9999906,0.9660371,0,0.38093727827072144,0.37239745,0.06768027,3.4576199e-06,0.021403227,0,0.4914388656616211
TSBD_Healthy_f874d1c34c,0,0,1,0.22526905,0.19263381,0.05179898,0.069373295,5.621035e-06,0.014410851,0,0.12762385606765747,0.32340178,0.8621132,0.9999907,0.95409244,0,0.38093727827072144,0.6247992,0.06851347,3.6931772e-06,0.03149676,0,0.4914388656616211
TSBD_Healthy_a486752b98,1,0,1,0.6444473,0.038730394,0.056505356,0.070279494,5.9045624e-06,0.011868497,0,0.12762385606765747,0.6735001,0.86225665,0.9999907,0.97008085,0,0.38093727827072144,0.2699945,0.06746385,3.4112684e-06,0.018050672,0,0.4914388656616211
TSBD_Healthy_79eca515b7,0,0,1,0.2583127,0.16783273,0.057330407,0.074279405,7.344606e-06,0.015587881,0,0.12762385606765747,0.36800247,0.8606011,0.99998975,0.9571401,0,0.38093727827072144,0.57466716,0.06511952,2.866941e-06,0.02727202,0,0.4914388656616211
TSBD_Healthy_28f91e3b3c,1,0,1,0.44181818,0.08479847,0.05420868,0.07208277,6.446606e-06,0.01290411,0,0.12762385606765747,0.5457239,0.86161274,0.99999046,0.96548086,0,0.38093727827072144,0.4000674,0.066304475,3.1046204e-06,0.021615049,0,0.4914388656616211
TSBD_Healthy_b4c784db60,1,0,1,0.36086965,0.10893039,0.06063571,0.07256238,6.778512e-06,0.0141521795,0,0.12762385606765747,0.48233366,0.86072636,0.99999,0.9620139,0,0.38093727827072144,0.4570306,0.066711284,3.2360606e-06,0.0238339,0,0.4914388656616211
TSBD_Healthy_46afbf57c8,1,0,1,0.7113635,0.026497006,0.06449123,0.07195994,6.628224e-06,0.012638811,0,0.12762385606765747,0.7100513,0.86127025,0.9999901,0.97089887,0,0.38093727827072144,0.22545743,0.06676977,3.2903024e-06,0.016462335,0,0.4914388656616211
TSBD_Healthy_5238685a4f,1,0,1,0.79502004,0.012126267,0.102635354,0.07114967,6.221074e-06,0.014379455,0,0.12762385606765747,0.7437415,0.86108065,0.99999034,0.97118986,0,0.38093727827072144,0.1536231,0.06776974,3.4883153e-06,0.014430677,0,0.4914388656616211
TSBD_Healthy_115a1b2ce7,0,0,1,0.12343489,0.29277763,0.06347076,0.06837137,5.3048075e-06,0.018554198,0,0.12762385606765747,0.1748017,0.86208904,0.9999907,0.939296,0,0.38093727827072144,0.7617275,0.06953959,3.992393e-06,0.042149745,0,0.4914388656616211
TSBD_Healthy_2b0f2e29de,0,0,1,0.10807599,0.3142255,0.0731837,0.062995665,3.9860774e-06,0.018981174,0,0.12762385606765747,0.14014608,0.86045307,0.9999896,0.92877114,0,0.38093727827072144,0.7866702,0.07655124,6.3666303e-06,0.052247666,0,0.4914388656616211
TSBD_Healthy_2cb9913a0d,0,0,1,0.2356492,0.18450388,0.056923393,0.07150091,6.4420847e-06,0.015354974,0,0.12762385606765747,0.33378324,0.8601145,0.99998987,0.9537045,0,0.38093727827072144,0.6092934,0.06838462,3.7348875e-06,0.03094054,0,0.4914388656616211
TSBD_Healthy_f7b6201d8c,0,0,1,0.1937819,0.21773055,0.063631974,0.07219015,6.7086435e-06,0.01715684,0,0.12762385606765747,0.27827778,0.86068076,0.99998987,0.95006746,0,0.38093727827072144,0.65809023,0.06712905,3.3702695e-06,0.03277566,0,0.4914388656616211
TSBD_Healthy_1cb0a1deed,1,0,1,0.6132884,0.044574626,0.058179867,0.070949666,6.0455422e-06,0.012222975,0,0.12762385606765747,0.6529303,0.861592,0.9999906,0.9691255,0,0.38093727827072144,0.2888898,0.06745837,3.3923543e-06,0.018651519,0,0.4914388656616211
TSBD_Healthy_e53d9705ff,0,0,1,0.10062405,0.32526907,0.07439816,0.06874773,5.4688276e-06,0.021494782,0,0.12762385606765747,0.13503636,0.86183214,0.9999906,0.93226254,0,0.38093727827072144,0.7905655,0.06942012,3.9425317e-06,0.04624266,0,0.4914388656616211
TSBD_Healthy_fea6d00053,1,0,1,0.46060467,0.079350114,0.05888615,0.07102463,6.2312633e-06,0.013029735,0,0.12762385606765747,0.55432874,0.86188257,0.99999046,0.9652752,0,0.38093727827072144,0.38678512,0.067092836,3.363551e-06,0.021695018,0,0.4914388656616211
TSBD_Healthy_f69458ce94,0,0,1,0.24794684,0.1753168,0.057049315,0.073172614,7.1565423e-06,0.015586421,0,0.12762385606765747,0.3524252,0.8602488,0.9999895,0.9554644,0,0.38093727827072144,0.59052545,0.06657859,3.2749542e-06,0.028949173,0,0.4914388656616211
TSBD_Healthy_bb30558caa,0,0,1,0.13404962,0.2794456,0.059781265,0.06972897,5.9452354e-06,0.018213911,0,0.12762385606765747,0.19127378,0.8601712,0.99998987,0.94054055,0,0.38093727827072144,0.74894494,0.07009982,4.1932963e-06,0.041245535,0,0.4914388656616211
TSBD_Healthy_f8b382f850,1,1,1,0.8434006,0.006092325,0.08570961,0.07140146,6.335304e-06,0.013337619,0,0.12762385606765747,0.786297,0.86185944,0.99999046,0.9736372,1,0.38093727827072144,0.12799342,0.06673915,3.2471357e-06,0.013025168,0,0.4914388656616211
TSBD_Healthy_4e764a8c1f,0,0,1,0.100388005,0.32569504,0.07315772,0.068826154,5.549363e-06,0.021430057,0,0.12762385606765747,0.13532102,0.8620611,0.9999906,0.9325319,0,0.38093727827072144,0.79152125,0.06911276,3.897589e-06,0.046038046,0,0.4914388656616211
TSBD_Healthy_63950b8869,0,0,1,0.09160352,0.339086,0.0972447,0.07165283,6.8673585e-06,0.026634058,0,0.12762385606765747,0.11222761,0.85721076,0.99998856,0.9223473,0,0.38093727827072144,0.7905277,0.07113634,4.5996785e-06,0.05101864,0,0.4914388656616211
TSBD_Healthy_ea2ac521c5,0,0,1,0.12494258,0.29122683,0.06476562,0.062317193,3.869179e-06,0.016962083,0,0.12762385606765747,0.1682496,0.860822,0.9999895,0.93369573,0,0.38093727827072144,0.76698476,0.07686081,6.6499942e-06,0.049342163,0,0.4914388656616211
TSBD_Healthy_1402c548f4,0,0,1,0.13398738,0.2804733,0.06405387,0.05520344,2.4551896e-06,0.014476633,0,0.12762385606765747,0.16986442,0.8572018,0.999985,0.9266097,0,0.38093727827072144,0.76608175,0.08759478,1.2608107e-05,0.058913704,0,0.4914388656616211
TSBD_Healthy_44b1d181ba,0,0,1,0.109659724,0.31211507,0.07137463,0.06066249,3.4292682e-06,0.017902609,0,0.12762385606765747,0.14068247,0.8602971,0.99998903,0.9274627,0,0.38093727827072144,0.787943,0.07904041,7.4852965e-06,0.054634713,0,0.4914388656616211
TSBD_Healthy_5031d03cd3,1,1,1,0.85623807,0.0043071257,0.10456956,0.06950151,5.683781e-06,0.013779939,0,0.12762385606765747,0.7929858,0.862846,0.9999908,0.97396356,1,0.38093727827072144,0.102444686,0.06765242,3.4848822e-06,0.0122565115,0,0.4914388656616211
TSBD_Healthy_584e036b15,1,0,1,0.8381352,0.006422449,0.10829692,0.068160936,5.3214935e-06,0.013737705,0,0.12762385606765747,0.77598417,0.86273617,0.9999908,0.9729567,0,0.38093727827072144,0.11571883,0.06910295,3.9160027e-06,0.013305589,0,0.4914388656616211
TSBD_Healthy_ceedc9841a,1,0,1,0.54453045,0.056378707,0.33897376,0.08097081,1.0672601e-05,0.027876457,0,0.12762385606765747,0.581772,0.8570745,0.999987,0.9611658,0,0.38093727827072144,0.07925421,0.061954647,2.32686e-06,0.01095778,0,0.4914388656616211
TSBD_Healthy_539b7c9614,1,0,1,0.8243974,0.008697456,0.081593715,0.07509948,7.834435e-06,0.01406532,0,0.12762385606765747,0.7752944,0.8599891,0.9999894,0.97289485,0,0.38093727827072144,0.14311188,0.06491142,2.7863891e-06,0.013039806,0,0.4914388656616211
TSBD_Healthy_9405a524b8,1,1,1,0.8422208,0.0054920344,0.101785555,0.09192207,1.7492885e-05,0.01951203,0,0.12762385606765747,0.78416526,0.8503188,0.9999808,0.97018343,1,0.38093727827072144,0.114049144,0.057759143,1.6752833e-06,0.010304578,0,0.4914388656616211
TSBD_Healthy_84b5bbabe5,1,1,1,0.8543754,0.004470961,0.104453936,0.07100482,6.1105484e-06,0.014124793,0,0.12762385606765747,0.79098725,0.86221415,0.9999906,0.9737518,1,0.38093727827072144,0.104558766,0.06678109,3.2618352e-06,0.012123431,0,0.4914388656616211
TSBD_Healthy_cd1699cbb8,1,0,1,0.744902,0.011884672,0.15748939,0.26839817,0.0031456286,0.10562265,0,0.12762385606765747,0.7601989,0.69177973,0.99685365,0.8876939,0,0.38093727827072144,0.08231174,0.039822154,7.2700175e-07,0.0066834646,0,0.4914388656616211
TSBD_Healthy_3971c8d6d2,1,0,1,0.7210002,0.015278065,0.1561969,0.2815056,0.0043363133,0.11488555,0,0.12762385606765747,0.7526225,0.67892253,0.99566287,0.87807244,0,0.38093727827072144,0.091180615,0.039571848,7.9544384e-07,0.0070420373,0,0.4914388656616211
TSBD_Healthy_062f8eb68b,1,0,1,0.813323,0.009880533,0.15383452,0.07151715,6.2852887e-06,0.016518231,0,0.12762385606765747,0.7605487,0.8619608,0.99999046,0.9720937,0,0.38093727827072144,0.08561678,0.06652204,3.212686e-06,0.011388039,0,0.4914388656616211
TSBD_Healthy_64c2fd2799,1,0,1,0.733778,0.022935972,0.06094231,0.06902037,5.514266e-06,0.011640693,0,0.12762385606765747,0.7246074,0.86261,0.9999908,0.97178763,0,0.38093727827072144,0.21445027,0.06836965,3.6430843e-06,0.016571669,0,0.4914388656616211
TSBD_Healthy_06ad797b28,1,0,1,0.83154196,0.007827522,0.078867055,0.071288295,6.2227123e-06,0.012933105,0,0.12762385606765747,0.78027993,0.86177754,0.99999046,0.97353107,0,0.38093727827072144,0.14085296,0.06693421,3.2635774e-06,0.01353579,0,0.4914388656616211
TSBD_Healthy_d37fadc7b5,1,0,1,0.7841437,0.014997365,0.06649092,0.07112867,6.232963e-06,0.012305292,0,0.12762385606765747,0.7549854,0.86202115,0.99999046,0.97280717,0,0.38093727827072144,0.17852369,0.06685021,3.2986295e-06,0.014887531,0,0.4914388656616211
TSBD_Healthy_23703b21e8,1,0,1,0.800679,0.011113638,0.11868084,0.07270969,6.904701e-06,0.015589478,0,0.12762385606765747,0.7446329,0.86093307,0.99998987,0.97088575,0,0.38093727827072144,0.13668633,0.06635725,3.2555306e-06,0.013524806,0,0.4914388656616211
TSBD_Healthy_e761f95881,1,0,1,0.7700498,0.015778985,0.092587166,0.071680434,6.4302867e-06,0.014108176,0,0.12762385606765747,0.7288616,0.8589548,0.99998975,0.9700927,0,0.38093727827072144,0.17855129,0.06936482,3.86369e-06,0.015799083,0,0.4914388656616211
TSBD_Healthy_049d7b0b8e,1,0,1,0.76842505,0.01729929,0.068535976,0.07578283,8.00177e-06,0.013514387,0,0.12762385606765747,0.7460847,0.85956913,0.99998915,0.9720352,0,0.38093727827072144,0.18537933,0.06464808,2.8031052e-06,0.014450412,0,0.4914388656616211
TSBD_Healthy_d0a2ad85a2,1,1,1,0.8450918,0.005872112,0.0866297,0.07204153,6.5349673e-06,0.013518428,0,0.12762385606765747,0.78762084,0.86179346,0.99999034,0.97369635,1,0.38093727827072144,0.12574938,0.06616495,3.119504e-06,0.012785231,0,0.4914388656616211
TSBD_Healthy_427d279e02,1,0,1,0.6077957,0.045666017,0.0572492,0.06996492,5.9488966e-06,0.012056491,0,0.12762385606765747,0.6493038,0.8619439,0.99999046,0.96881247,0,0.38093727827072144,0.29344702,0.068091154,3.6430897e-06,0.01913103,0,0.4914388656616211
TSBD_Healthy_194fe9c226,1,0,1,0.7867566,0.014462352,0.06915783,0.07185013,6.518311e-06,0.012646,0,0.12762385606765747,0.7550217,0.8613594,0.9999902,0.9725395,0,0.38093727827072144,0.17582048,0.06679047,3.3114e-06,0.0148145165,0,0.4914388656616211
TSBD_Healthy_7fd586cd0c,1,0,1,0.63427526,0.04058613,0.06071688,0.080964856,1.030078e-05,0.014547569,0,0.12762385606765747,0.67115545,0.8561353,0.99998724,0.969071,0,0.38093727827072144,0.26812765,0.06289982,2.4466963e-06,0.016381452,0,0.4914388656616211
TSBD_Healthy_8a16be7271,1,1,1,0.85571307,0.004377379,0.09691081,0.07050881,5.997437e-06,0.01365294,0,0.12762385606765747,0.79312974,0.8623147,0.9999906,0.97389585,1,0.38093727827072144,0.109959446,0.06717642,3.3821723e-06,0.012451205,0,0.4914388656616211
TSBD_Healthy_7497e074fb,1,0,1,0.7526833,0.019803423,0.0632131,0.06930617,5.5818523e-06,0.011788074,0,0.12762385606765747,0.7349176,0.8622089,0.9999907,0.9719988,0,0.38093727827072144,0.2018693,0.06848488,3.6990568e-06,0.016213164,0,0.4914388656616211
TSBD_Healthy_0008f80a75,0,0,1,0.32686186,0.121496655,0.083400786,0.092200935,1.7750059e-05,0.021929916,0,0.12762385606765747,0.4493588,0.8489211,0.99998045,0.9573107,0,0.38093727827072144,0.4672404,0.058877956,1.8142894e-06,0.020759441,0,0.4914388656616211
TSBD_Healthy_5ceaf1db7f,0,0,1,0.21681884,0.20009123,0.054416537,0.06227008,3.8531543e-06,0.013252035,0,0.12762385606765747,0.29804042,0.8609882,0.9999896,0.9482696,0,0.38093727827072144,0.647543,0.0767417,6.517859e-06,0.03847839,0,0.4914388656616211
TSBD_Healthy_e4fa44cd99,1,0,1,0.6418682,0.039017912,0.058288373,0.070184425,5.9499857e-06,0.01203014,0,0.12762385606765747,0.6697197,0.86169565,0.99999046,0.96956396,0,0.38093727827072144,0.27199194,0.06811989,3.6009765e-06,0.01840591,0,0.4914388656616211
TSBD_Healthy_441bde1a65,1,0,1,0.793555,0.013508912,0.070269376,0.074167386,7.2426856e-06,0.013148637,0,0.12762385606765747,0.76070213,0.8607119,0.99998987,0.9728529,0,0.38093727827072144,0.16902842,0.065120794,2.8570637e-06,0.013998473,0,0.4914388656616211
TSBD_Healthy_dbb2f8ca89,1,1,1,0.8578362,0.0041661914,0.09635177,0.069447264,5.670949e-06,0.013368983,0,0.12762385606765747,0.7951854,0.86285096,0.9999908,0.97410524,1,0.38093727827072144,0.10846278,0.0677017,3.5242867e-06,0.012525757,0,0.4914388656616211
TSBD_Healthy_9b317a63ad,1,1,1,0.85749686,0.0041870466,0.09806048,0.06987398,5.7356356e-06,0.013522999,0,0.12762385606765747,0.79466456,0.8627522,0.9999908,0.97410154,1,0.38093727827072144,0.10727499,0.06737377,3.4147906e-06,0.012375425,0,0.4914388656616211
TSBD_Healthy_d85abeff44,1,0,1,0.7158139,0.025951885,0.06305913,0.0740953,7.3178e-06,0.012931225,0,0.12762385606765747,0.71603423,0.860768,0.99998975,0.9713385,0,0.38093727827072144,0.22090665,0.06513665,2.9038633e-06,0.015730254,0,0.4914388656616211
TSBD_Healthy_32490efb09,1,1,1,0.85615003,0.004242422,0.10486569,0.07241757,6.6383914e-06,0.014500552,0,0.12762385606765747,0.7926331,0.86184835,0.99999034,0.9737305,1,0.38093727827072144,0.10250119,0.065734066,3.0253268e-06,0.011768898,0,0.4914388656616211
TSBD_Healthy_003e47f46b,1,1,1,0.8539384,0.0046230666,0.09358587,0.07256108,6.7682936e-06,0.014002251,0,0.12762385606765747,0.7927012,0.86164796,0.9999901,0.9737505,1,0.38093727827072144,0.11371292,0.06579102,3.0715e-06,0.012247294,0,0.4914388656616211
TSBD_Healthy_db7fb385bc,1,1,1,0.8455649,0.0057543106,0.08767347,0.0700543,5.9619483e-06,0.01316243,0,0.12762385606765747,0.7867141,0.8622026,0.99999046,0.97357243,1,0.38093727827072144,0.12561248,0.0677431,3.5624805e-06,0.013265095,0,0.4914388656616211
TSBD_Healthy_e07653b53b,1,1,1,0.8483077,0.005410742,0.08832541,0.069777824,5.788807e-06,0.013084951,0,0.12762385606765747,0.7887441,0.86243284,0.9999907,0.97376627,1,0.38093727827072144,0.12293052,0.06778938,3.5493304e-06,0.013148754,0,0.4914388656616211
TSBD_Healthy_372dafd03c,0,0,1,0.25557214,0.16987988,0.055201005,0.074186385,7.562058e-06,0.01550762,0,0.12762385606765747,0.36459988,0.86005425,0.9999893,0.95644826,0,0.38093727827072144,0.5801992,0.06575937,3.1267828e-06,0.028044159,0,0.4914388656616211
TSBD_Healthy_8a4d12c896,1,0,1,0.7532812,0.019248176,0.07254183,0.07233376,6.8306717e-06,0.013159873,0,0.12762385606765747,0.7302654,0.8601668,0.99998975,0.97102237,0,0.38093727827072144,0.19719274,0.0674995,3.479323e-06,0.015817787,0,0.4914388656616211
TSBD_Healthy_ddf26df6fc,1,0,1,0.74454224,0.020666298,0.07260209,0.07100856,6.2210847e-06,0.012841952,0,0.12762385606765747,0.7244354,0.86134624,0.9999902,0.97110224,0,0.38093727827072144,0.20296259,0.067645244,3.507282e-06,0.016055817,0,0.4914388656616211
TSBD_Healthy_f43e3f4c5b,1,0,1,0.5340413,0.061303966,0.06006523,0.07391986,7.2132093e-06,0.013388774,0,0.12762385606765747,0.60352325,0.86003166,0.99998975,0.9670036,0,0.38093727827072144,0.3364115,0.06604847,3.069982e-06,0.019607618,0,0.4914388656616211
TSBD_Healthy_b5fbb9ed8e,1,1,1,0.8547182,0.004464932,0.09696664,0.07285698,6.7735314e-06,0.014207399,0,0.12762385606765747,0.7925157,0.8614839,0.9999902,0.97372186,1,0.38093727827072144,0.110517666,0.065659106,3.0140347e-06,0.012070779,0,0.4914388656616211
TSBD_Healthy_eb36a09ca4,1,0,1,0.80738163,0.011174556,0.077249214,0.07242975,6.683173e-06,0.013206462,0,0.12762385606765747,0.7642671,0.86110634,0.9999901,0.972691,0,0.38093727827072144,0.15848367,0.066463925,3.201662e-06,0.014102552,0,0.4914388656616211
TSBD_Healthy_6b4a97bd93,1,0,1,0.6930052,0.029873485,0.05992786,0.07138352,6.269706e-06,0.012184561,0,0.12762385606765747,0.7019109,0.86180586,0.99999046,0.97096455,0,0.38093727827072144,0.23816125,0.06681066,3.2910252e-06,0.016850894,0,0.4914388656616211
TSBD_Healthy_ba33e2e4e1,1,0,1,0.7865956,0.014508761,0.07039738,0.07409624,7.273209e-06,0.013188378,0,0.12762385606765747,0.75585407,0.8606815,0.99998975,0.9725781,0,0.38093727827072144,0.17374857,0.06522229,2.9197442e-06,0.014233529,0,0.4914388656616211
TSBD_Healthy_c2d1e8a97b,1,1,1,0.84764785,0.005569021,0.08640388,0.072527125,6.6290345e-06,0.013573822,0,0.12762385606765747,0.7900364,0.86173797,0.99999034,0.9738558,1,0.38093727827072144,0.12355971,0.06573488,3.0124604e-06,0.012570409,0,0.4914388656616211
TSBD_Healthy_acaf94d2e8,1,0,1,0.66727877,0.03435444,0.06145895,0.07435988,7.340377e-06,0.013022018,0,0.12762385606765747,0.6867091,0.8601069,0.99998975,0.97016513,0,0.38093727827072144,0.25183192,0.06553324,2.965452e-06,0.01681288,0,0.4914388656616211
TSBD_Healthy_4c1057862a,1,0,1,0.7146512,0.026020637,0.063215554,0.07140489,6.3573516e-06,0.012387653,0,0.12762385606765747,0.7127893,0.86166376,0.99999034,0.9711924,0,0.38093727827072144,0.22399515,0.06693133,3.28801e-06,0.016419921,0,0.4914388656616211
TSBD_Healthy_d28eee88b2,1,0,1,0.72388273,0.024484377,0.061091967,0.0692641,5.68449e-06,0.0117752245,0,0.12762385606765747,0.71799093,0.86210144,0.9999906,0.9712921,0,0.38093727827072144,0.22091708,0.0686345,3.7624354e-06,0.016932689,0,0.4914388656616211
TSBD_Healthy_9f799d79c9,1,0,1,0.8154542,0.009796405,0.08601509,0.07403749,7.2536136e-06,0.014065043,0,0.12762385606765747,0.76631767,0.8607652,0.99998987,0.97255945,0,0.38093727827072144,0.14766732,0.06519734,2.9168111e-06,0.013375514,0,0.4914388656616211
TSBD_Healthy_0797e50b91,0,0,1,0.18712118,0.22468394,0.058051202,0.06431111,4.3635664e-06,0.014723666,0,0.12762385606765747,0.26157525,0.8614012,0.99999,0.9462054,0,0.38093727827072144,0.68037355,0.074287735,5.5908354e-06,0.03907101,0,0.4914388656616211
TSBD_Healthy_35d58d516e,0,0,1,0.3381984,0.118958004,0.05544396,0.06873078,5.4037073e-06,0.012981591,0,0.12762385606765747,0.46010762,0.86203974,0.9999907,0.96097034,0,0.38093727827072144,0.4844484,0.069229454,3.8943163e-06,0.026048124,0,0.4914388656616211
TSBD_Healthy_3369d16a81,0,0,1,0.14185864,0.27122527,0.066441566,0.056074154,2.9755856e-06,0.015280895,0,0.12762385606765747,0.16977815,0.8480889,0.99997747,0.9181052,0,0.38093727827072144,0.76378024,0.09583693,1.9543264e-05,0.06661397,0,0.4914388656616211
TSBD_Healthy_f12cfc128f,1,1,1,0.8532493,0.0044973437,0.10426497,0.07307622,6.9680464e-06,0.014692529,0,0.12762385606765747,0.7895653,0.8608107,0.99998987,0.9732403,1,0.38093727827072144,0.10616973,0.06611306,3.160434e-06,0.012067173,0,0.4914388656616211
TSBD_Healthy_8cb3c49027,1,0,1,0.7738431,0.013795512,0.19760405,0.09224551,1.7947545e-05,0.025418919,0,0.12762385606765747,0.71836406,0.8500588,0.99998045,0.96510184,0,0.38093727827072144,0.08403191,0.05769566,1.6614849e-06,0.00947919,0,0.4914388656616211
TSBD_Healthy_0d4d34f349,1,0,1,0.5081404,0.064057425,0.3725284,0.08711016,1.4096108e-05,0.031978734,0,0.12762385606765747,0.5539513,0.852869,0.9999839,0.95766896,0,0.38093727827072144,0.07352022,0.060020838,1.9827398e-06,0.0103522865,0,0.4914388656616211
TSBD_Healthy_aac43b5b94,1,0,1,0.7990553,0.010772744,0.17442037,0.08573789,1.3386115e-05,0.021983288,0,0.12762385606765747,0.740904,0.85417354,0.9999846,0.9680241,0,0.38093727827072144,0.0846757,0.060088556,2.0472028e-06,0.009992612,0,0.4914388656616211
TSBD_Healthy_713f0a2197,0,0,1,0.20635578,0.20286942,0.59560937,0.08700695,1.4256173e-05,0.04848774,0,0.12762385606765747,0.2524303,0.853094,0.99998367,0.9343126,0,0.38093727827072144,0.15196027,0.05989901,2.0248538e-06,0.017199613,0,0.4914388656616211
TSBD_Healthy_ac26bcc532,0,0,1,0.27749285,0.15982902,0.6372618,0.1291501,8.06636e-05,0.07949617,0,0.12762385606765747,0.28719214,0.8198418,0.9999182,0.90999424,0,0.38093727827072144,0.075546086,0.05100818,1.0998574e-06,0.010509601,0,0.4914388656616211
TSBD_Healthy_46f4698e93,1,0,1,0.7282219,0.02346918,0.064890854,0.069276385,5.8225774e-06,0.012088697,0,0.12762385606765747,0.7170444,0.8611924,0.9999901,0.97065365,0,0.38093727827072144,0.21806473,0.069531195,4.1052563e-06,0.017257692,0,0.4914388656616211
TSBD_Healthy_ffc31af5e9,1,0,1,0.7591427,0.018303912,0.07198292,0.072226174,6.7036985e-06,0.01304706,0,0.12762385606765747,0.733837,0.85972774,0.9999896,0.97102,0,0.38093727827072144,0.19418007,0.06804607,3.6667122e-06,0.015932908,0,0.4914388656616211
TSBD_Healthy_ffc39b3360,1,0,1,0.44210225,0.08442854,0.05467271,0.07083049,6.224776e-06,0.012764982,0,0.12762385606765747,0.5430904,0.8610679,0.9999901,0.9646013,0,0.38093727827072144,0.40223685,0.06810158,3.6261802e-06,0.022633722,0,0.4914388656616211
TSBD_Healthy_13e3dd820d,0,0,1,0.17713197,0.23612711,0.06831154,0.041327924,1.3206466e-06,0.011172054,0,0.12762385606765747,0.15762642,0.8076051,0.999747,0.855029,0,0.38093727827072144,0.77406204,0.15106696,0.000251657,0.13379894,0,0.4914388656616211
TSBD_Healthy_0e7dca224f,1,0,1,0.8074758,0.009819273,0.15822525,0.081437476,1.07332e-05,0.019801425,0,0.12762385606765747,0.7477231,0.8569244,0.999987,0.9695392,0,0.38093727827072144,0.09405172,0.061638102,2.2565223e-06,0.01065937,0,0.4914388656616211
TSBD_Healthy_e30ffbbca2,1,0,1,0.5080297,0.06737297,0.05881898,0.07267311,6.9774346e-06,0.013220299,0,0.12762385606765747,0.586331,0.86044496,0.9999896,0.9661119,0,0.38093727827072144,0.35485002,0.06688195,3.3820563e-06,0.020667775,0,0.4914388656616211
TSBD_Healthy_33ee2c0488,1,0,1,0.6953185,0.027337676,0.10600972,0.078934476,9.521643e-06,0.01710594,0,0.12762385606765747,0.6785602,0.8558951,0.9999875,0.96695817,0,0.38093727827072144,0.21543014,0.065170445,2.9727876e-06,0.015935894,0,0.4914388656616211
TSBD_Healthy_cf66e36f26,0,0,1,0.16009724,0.25139612,0.08435207,0.043907,2.160387e-06,0.014454784,0,0.12762385606765747,0.118864164,0.7863866,0.9994796,0.8111304,0,0.38093727827072144,0.79678375,0.16970639,0.00051831274,0.17441487,0,0.4914388656616211
TSBD_Healthy_198c19a2fa,0,0,1,0.097292475,0.33087876,0.08318637,0.057712823,3.0057465e-06,0.01913382,0,0.12762385606765747,0.1145381,0.8588089,0.9999869,0.9172873,0,0.38093727827072144,0.8022756,0.083478294,1.0054369e-05,0.063578874,0,0.4914388656616211
TSBD_Healthy_0f0af1a35d,1,0,1,0.8304704,0.0076249894,0.09009559,0.071157105,6.3024668e-06,0.0136021795,0,0.12762385606765747,0.7742249,0.8616668,0.99999034,0.9728981,0,0.38093727827072144,0.13567956,0.06717612,3.3742267e-06,0.013499686,0,0.4914388656616211
TSBD_Healthy_24a755565d,1,0,1,0.3726806,0.10401368,0.07656084,0.072285034,6.9700445e-06,0.015401562,0,0.12762385606765747,0.4817453,0.86029786,0.9999895,0.96055156,0,0.38093727827072144,0.4416939,0.06741713,3.5227326e-06,0.024046864,0,0.4914388656616211
TSBD_Healthy_00488f3c0b,1,0,1,0.8312284,0.007263964,0.14033186,0.073960274,7.3943074e-06,0.016701823,0,0.12762385606765747,0.7717184,0.8605991,0.9999896,0.97207665,0,0.38093727827072144,0.0879498,0.06544063,3.0202425e-06,0.0112215355,0,0.4914388656616211
TSBD_Healthy_7f10feedf0,1,0,0,0.70262367,0.022828234,0.65422547,0.83797735,0.9988311,0.91714585,0,0.12762385606765747,0.28655428,0.12963831,0.0011677056,0.07687763,0,0.38093727827072144,0.059220262,0.03238435,1.1864545e-06,0.005976494,0,0.4914388656616211
TSBD_Healthy_083843a5b2,1,0,1,0.7610686,0.005925564,0.19829217,0.2697547,0.0035402793,0.11808302,0,0.12762385606765747,0.7228996,0.68897396,0.9964588,0.87487775,0,0.38093727827072144,0.0788082,0.041271333,9.151041e-07,0.0070391945,0,0.4914388656616211
TSBD_Healthy_846b819a49,1,0,1,0.8364911,0.0071230847,0.07963234,0.07024524,5.9339104e-06,0.012752444,0,0.12762385606765747,0.7829838,0.86199677,0.99999046,0.9735458,0,0.38093727827072144,0.1373839,0.067757934,3.5481753e-06,0.0137017695,0,0.4914388656616211
TSBD_Healthy_ef882f9638,1,0,1,0.8042415,0.011198318,0.08557122,0.07193659,6.8349577e-06,0.013747064,0,0.12762385606765747,0.7565198,0.86022305,0.9999895,0.9715874,0,0.38093727827072144,0.157909,0.06784034,3.6882768e-06,0.014665519,0,0.4914388656616211
TSBD_Healthy_f510479194,1,0,1,0.8299646,0.0070795007,0.12512922,0.075061835,7.731425e-06,0.016336668,0,0.12762385606765747,0.7667019,0.8591096,0.99998915,0.9714882,0,0.38093727827072144,0.10816883,0.06582858,3.0815404e-06,0.012175119,0,0.4914388656616211
TSBD_Healthy_78ac2c01e9,1,0,1,0.8387011,0.0061395,0.1088809,0.07514639,7.904354e-06,0.015578092,0,0.12762385606765747,0.77592677,0.85967165,0.99998915,0.9721543,0,0.38093727827072144,0.11519227,0.06518197,2.987258e-06,0.012267587,0,0.4914388656616211
TSBD_Healthy_aa968b53a4,1,0,1,0.44783917,0.08088641,0.057117533,0.059221007,3.3861074e-06,0.0106483335,0,0.12762385606765747,0.52746594,0.85851496,0.9999871,0.95898443,0,0.38093727827072144,0.4154165,0.08226403,9.466039e-06,0.030367251,0,0.4914388656616211
TSBD_Healthy_d6be26c310,0,0,1,0.13128754,0.28391743,0.06604277,0.053033676,2.2620525e-06,0.0144204125,0,0.12762385606765747,0.15707354,0.85192126,0.99997807,0.91707337,0,0.38093727827072144,0.7768837,0.09504503,1.9712095e-05,0.068506174,0,0.4914388656616211
TSBD_Healthy_8d0baa1858,1,1,1,0.84507275,0.0057508405,0.090661466,0.07467999,7.51553e-06,0.014364434,0,0.12762385606765747,0.7867692,0.8605786,0.9999896,0.9733256,1,0.38093727827072144,0.122569345,0.06474134,2.8260158e-06,0.012309972,0,0.4914388656616211
TSBD_Healthy_9a86700e7b,1,0,1,0.5580354,0.0560076,0.061274458,0.075708464,8.136759e-06,0.013842866,0,0.12762385606765747,0.619765,0.8594857,0.99998903,0.9675177,0,0.38093727827072144,0.31896055,0.06480588,2.8486136e-06,0.018639492,0,0.4914388656616211
TSBD_Healthy_8de20870d1,0,0,1,0.25126246,0.17514984,0.060898073,0.05861876,3.2784392e-06,0.012602252,0,0.12762385606765747,0.3232194,0.85550725,0.99998486,0.9438662,0,0.38093727827072144,0.6158825,0.085873954,1.1906245e-05,0.043531515,0,0.4914388656616211
TSBD_Healthy_2125dc16c6,1,0,1,0.5674821,0.053154785,0.06514428,0.07293813,7.294408e-06,0.013616087,0,0.12762385606765747,0.61694634,0.85765105,0.99998856,0.9657028,0,0.38093727827072144,0.31790942,0.069410846,4.1142443e-06,0.020681148,0,0.4914388656616211
TSBD_Healthy_f1a3293d1d,0,0,1,0.13512449,0.27918023,0.064878926,0.054524474,2.571686e-06,0.014649033,0,0.12762385606765747,0.16635473,0.85377765,0.9999809,0.92157084,0,0.38093727827072144,0.76876634,0.091697805,1.650693e-05,0.06378016,0,0.4914388656616211
TSBD_Healthy_db02ad0e48,1,0,1,0.7857942,0.014595013,0.06944138,0.07187046,6.497686e-06,0.012662262,0,0.12762385606765747,0.75423205,0.8613833,0.9999902,0.97254485,0,0.38093727827072144,0.17632653,0.06674622,3.2698165e-06,0.014792895,0,0.4914388656616211
TSBD_Healthy_6e62793bdf,0,0,1,0.2238646,0.19716844,0.05851922,0.047613826,1.8388758e-06,0.01080055,0,0.12762385606765747,0.2473672,0.83394617,0.9999331,0.9102846,0,0.38093727827072144,0.6941136,0.118439995,6.4999964e-05,0.07891485,0,0.4914388656616211
TSBD_Healthy_097e8db62c,1,0,1,0.56927687,0.05358507,0.05800907,0.07282039,6.952566e-06,0.012881582,0,0.12762385606765747,0.62629426,0.8602617,0.99998975,0.96773875,0,0.38093727827072144,0.31569663,0.066917874,3.3421222e-06,0.019379638,0,0.4914388656616211
TSBD_Healthy_9a88507804,1,0,1,0.7629723,0.017938143,0.06652141,0.0701622,6.1252067e-06,0.012273742,0,0.12762385606765747,0.7387081,0.86072934,0.99998987,0.9714594,0,0.38093727827072144,0.19477047,0.06910847,3.954248e-06,0.016266907,0,0.4914388656616211
TSBD_Healthy_d3268932b8,1,0,1,0.41446236,0.09148021,0.05180105,0.06304085,4.006074e-06,0.011048695,0,0.12762385606765747,0.51520216,0.86113065,0.99998975,0.9613713,0,0.38093727827072144,0.43299675,0.07582849,6.236027e-06,0.027580023,0,0.4914388656616211
TSBD_Healthy_7ef69613b9,1,0,1,0.50570554,0.067328826,0.071387,0.0763609,8.483947e-06,0.015107599,0,0.12762385606765747,0.5790657,0.8585805,0.99998856,0.9651005,0,0.38093727827072144,0.3495473,0.065058626,2.912563e-06,0.01979186,0,0.4914388656616211
TSBD_Healthy_ddc759b323,1,0,1,0.82471573,0.0088220965,0.07798384,0.07386423,7.3454535e-06,0.013550732,0,0.12762385606765747,0.77727437,0.8609355,0.99998975,0.97319317,0,0.38093727827072144,0.14474177,0.06520019,2.9524094e-06,0.013256145,0,0.4914388656616211
TSBD_Healthy_cb4b1d8b67,1,0,1,0.53557503,0.060805544,0.05531578,0.06836582,5.4511997e-06,0.011870927,0,0.12762385606765747,0.60185575,0.86123776,0.9999902,0.9663586,0,0.38093727827072144,0.34282842,0.07039645,4.349156e-06,0.021770434,0,0.4914388656616211
TSBD_Healthy_886fdcfd30,1,1,0,0.8912236,0.003910093,0.8463071,0.90448225,0.9999876,0.9795211,1,0.12762385606765747,0.07572153,0.047229774,5.976316e-06,0.010055666,0,0.38093727827072144,0.077971354,0.048287977,6.4638375e-06,0.010423242,0,0.4914388656616211
TSBD_Healthy_784f1bc940,0,0,1,0.11554425,0.30305746,0.07099272,0.07102957,6.4016676e-06,0.02101398,0,0.12762385606765747,0.15879796,0.8589435,0.9999894,0.9348803,0,0.38093727827072144,0.77020925,0.0700269,4.151205e-06,0.044105656,0,0.4914388656616211
TSBD_Healthy_ba996de886,1,1,1,0.8468433,0.005588427,0.08816812,0.070448294,6.010021e-06,0.013238365,0,0.12762385606765747,0.7877435,0.8621224,0.99999046,0.97363967,1,0.38093727827072144,0.12408839,0.06742931,3.4895204e-06,0.013121977,0,0.4914388656616211
TSBD_Healthy_619dcca295,1,1,1,0.84930795,0.005021302,0.09755011,0.072513856,6.8798877e-06,0.014282376,0,0.12762385606765747,0.78703636,0.8606365,0.99998975,0.97304124,1,0.38093727827072144,0.11541355,0.0668497,3.3902365e-06,0.012676396,0,0.4914388656616211
TSBD_Healthy_e5fac835da,0,0,1,0.11147065,0.3095441,0.07036246,0.060242157,3.3495578e-06,0.0175473,0,0.12762385606765747,0.14386885,0.8607112,0.99998915,0.92824244,0,0.38093727827072144,0.7857686,0.07904656,7.49833e-06,0.054210257,0,0.4914388656616211
TSBD_Healthy_7b8508b66d,0,0,1,0.14075477,0.2708134,0.07245275,0.0713837,6.4464334e-06,0.019819306,0,0.12762385606765747,0.19662629,0.8585761,0.9999894,0.9398528,0,0.38093727827072144,0.73092103,0.07004021,4.109554e-06,0.040327907,0,0.4914388656616211
TSBD_Healthy_1bf9b6920f,1,1,1,0.8415398,0.0060767494,0.09493288,0.07479816,7.650769e-06,0.014685892,0,0.12762385606765747,0.7822402,0.8603405,0.9999895,0.9729314,1,0.38093727827072144,0.12282693,0.06486137,2.86276e-06,0.012382715,0,0.4914388656616211
TSBD_Healthy_c2dd44b1c5,1,0,1,0.7703198,0.015762927,0.09625533,0.07849829,9.673275e-06,0.016156731,0,0.12762385606765747,0.7310474,0.8570146,0.99998736,0.9695662,0,0.38093727827072144,0.17269723,0.06448709,2.9165453e-06,0.014277082,0,0.4914388656616211
TSBD_Healthy_6941b60386,1,1,1,0.84958744,0.005124742,0.09325681,0.071037635,6.2622344e-06,0.013659749,0,0.12762385606765747,0.7884504,0.8617215,0.9999902,0.9734732,1,0.38093727827072144,0.11829275,0.06724087,3.4662194e-06,0.01286709,0,0.4914388656616211
TSBD_Healthy_905510a905,1,0,1,0.8324092,0.0072839707,0.08858628,0.07326844,7.0959613e-06,0.014026312,0,0.12762385606765747,0.7761728,0.8596556,0.9999895,0.97248065,0,0.38093727827072144,0.1352409,0.06707593,3.4007985e-06,0.013493025,0,0.4914388656616211
TSBD_Healthy_9731a208b9,1,0,1,0.3751342,0.10350339,0.06579044,0.07272845,7.0566025e-06,0.014638227,0,0.12762385606765747,0.48732653,0.85854614,0.99998915,0.96067226,0,0.38093727827072144,0.44688302,0.06872538,3.8281e-06,0.024689527,0,0.4914388656616211
TSBD_Healthy_0dca3c0bc2,1,0,1,0.8413548,0.006049974,0.12807666,0.07167907,6.4850515e-06,0.015481631,0,0.12762385606765747,0.78011286,0.8616555,0.9999902,0.9728531,0,0.38093727827072144,0.09181053,0.06666545,3.3201973e-06,0.011665237,0,0.4914388656616211
TSBD_Healthy_12ac808983,0,0,1,0.23294045,0.18905124,0.062072556,0.055145156,2.574651e-06,0.012216327,0,0.12762385606765747,0.2835439,0.8472106,0.9999753,0.9324268,0,0.38093727827072144,0.65438354,0.09764432,2.2050895e-05,0.055356845,0,0.4914388656616211
TSBD_Healthy_511fba2ceb,1,0,1,0.81532323,0.008964889,0.12006097,0.07886451,9.491776e-06,0.0172359,0,0.12762385606765747,0.7554506,0.8583344,0.9999881,0.9707188,0,0.38093727827072144,0.124488465,0.06280107,2.4791443e-06,0.012045301,0,0.4914388656616211
TSBD_Healthy_549679688a,0,0,1,0.14645685,0.26603648,0.060870495,0.056991342,2.9402252e-06,0.014474418,0,0.12762385606765747,0.18834889,0.8558274,0.9999846,0.9291333,0,0.38093727827072144,0.7507806,0.0871813,1.249271e-05,0.056392316,0,0.4914388656616211
TSBD_Healthy_708f7d8e32,1,0,2,0.6346534,0.034413096,0.082897365,0.031423435,2.0617922e-06,0.0071199695,0,0.12762385606765747,0.114573814,0.3161352,0.028334096,0.15151657,0,0.38093727827072144,0.8025288,0.6524413,0.97166383,0.84136343,0,0.4914388656616211
TSBD_Healthy_30a7ad7ba3,0,0,1,0.121599205,0.29501426,0.0667849,0.07026365,6.248092e-06,0.019957427,0,0.12762385606765747,0.16914275,0.8592579,0.9999895,0.93655246,0,0.38093727827072144,0.76407236,0.07047852,4.284466e-06,0.043490127,0,0.4914388656616211
TSBD_Healthy_dad4aa07c4,0,0,1,0.15572341,0.2559422,0.08363145,0.046359237,2.1699345e-06,0.014806547,0,0.12762385606765747,0.12661181,0.79942906,0.99971,0.8368842,0,0.38093727827072144,0.7897567,0.15421171,0.00028780347,0.14830926,0,0.4914388656616211
TSBD_Healthy_8eff6e388b,1,0,1,0.59356225,0.048690394,0.05782225,0.073337816,7.0839965e-06,0.012845159,0,0.12762385606765747,0.6432551,0.8608734,0.99998987,0.9687439,0,0.38093727827072144,0.29892266,0.06578878,3.0870547e-06,0.018410934,0,0.4914388656616211
TSBD_Healthy_fec7f36a5c,1,0,1,0.8333193,0.0069747176,0.09647114,0.078598045,9.393421e-06,0.015785879,0,0.12762385606765747,0.77565473,0.8577342,0.99998796,0.9718995,0,0.38093727827072144,0.12787418,0.06366777,2.6623675e-06,0.012314623,0,0.4914388656616211
TSBD_Healthy_1cf19a1878,1,0,1,0.39839298,0.09605145,0.05379401,0.063148096,4.0481505e-06,0.011325293,0,0.12762385606765747,0.50174755,0.86049104,0.9999896,0.9604701,0,0.38093727827072144,0.44445845,0.076360814,6.281245e-06,0.028204653,0,0.4914388656616211
TSBD_Healthy_0fbc0f2310,0,0,1,0.098315105,0.3287478,0.08227713,0.0682725,5.5635196e-06,0.022942368,0,0.12762385606765747,0.121580385,0.8557409,0.9999883,0.92271,0,0.38093727827072144,0.7961425,0.07598664,6.1441406e-06,0.05434765,0,0.4914388656616211
TSBD_Healthy_24a6f36a78,1,0,1,0.79555446,0.013044918,0.07353719,0.07575379,8.069245e-06,0.013785606,0,0.12762385606765747,0.76041275,0.8595515,0.99998915,0.97238547,0,0.38093727827072144,0.16605006,0.06469472,2.8107156e-06,0.0138289,0,0.4914388656616211
TSBD_Healthy_7bca399e6d,1,0,1,0.82416344,0.008651119,0.08233854,0.073625535,7.205344e-06,0.013758405,0,0.12762385606765747,0.77369255,0.86023813,0.9999896,0.97272426,0,0.38093727827072144,0.14396892,0.06613634,3.1581644e-06,0.013517375,0,0.4914388656616211
TSBD_Healthy_06733b9af0,0,0,1,0.17263556,0.23762366,0.056754485,0.070531175,6.074806e-06,0.016540477,0,0.12762385606765747,0.25100663,0.86121553,0.9999902,0.948111,0,0.38093727827072144,0.69223887,0.068253286,3.6625486e-06,0.035348568,0,0.4914388656616211
TSBD_Healthy_2e5b036845,0,0,1,0.22390659,0.19403523,0.05488319,0.06722003,5.205776e-06,0.014412694,0,0.12762385606765747,0.31251323,0.8598883,0.9999896,0.95054305,0,0.38093727827072144,0.6326036,0.07289166,5.113624e-06,0.03504424,0,0.4914388656616211
TSBD_Healthy_363f51fde7,1,0,1,0.71597964,0.024874328,0.08142465,0.07616813,8.4255225e-06,0.014808588,0,0.12762385606765747,0.7033564,0.85819733,0.99998856,0.9692959,0,0.38093727827072144,0.215219,0.065634504,3.062811e-06,0.015895473,0,0.4914388656616211
TSBD_Healthy_c6ac85b839,0,0,1,0.32053134,0.12817883,0.060378972,0.0743164,7.5119888e-06,0.015003148,0,0.12762385606765747,0.44259697,0.86017287,0.9999895,0.960282,0,0.38093727827072144,0.49702412,0.06551074,3.0252058e-06,0.024714787,0,0.4914388656616211
TSBD_Healthy_ddbacc20a2,1,0,1,0.4630118,0.07870025,0.059227943,0.074626535,7.752675e-06,0.01393224,0,0.12762385606765747,0.5573791,0.8594325,0.99998915,0.9649202,0,0.38093727827072144,0.3833929,0.06594096,3.1412515e-06,0.021147557,0,0.4914388656616211
TSBD_Healthy_8643328d51,0,0,1,0.1243067,0.29175258,0.06951336,0.06434879,4.466547e-06,0.018264733,0,0.12762385606765747,0.16521832,0.8586285,0.99998903,0.93236053,0,0.38093727827072144,0.76526827,0.07702277,6.466905e-06,0.049374733,0,0.4914388656616211
TSBD_Healthy_006fc27c69,0,0,1,0.15630911,0.25520208,0.06507748,0.056346357,2.8389552e-06,0.014350545,0,0.12762385606765747,0.19993113,0.85572606,0.999984,0.9300447,0,0.38093727827072144,0.7349914,0.08792762,1.3093338e-05,0.05560472,0,0.4914388656616211
TSBD_Healthy_33406626c7,1,0,1,0.7790958,0.015490906,0.070928104,0.07129769,6.354581e-06,0.012683799,0,0.12762385606765747,0.7483014,0.86149484,0.9999902,0.9721904,0,0.38093727827072144,0.18077053,0.06720746,3.4050395e-06,0.015125807,0,0.4914388656616211
TSBD_Healthy_b06da16348,1,0,2,0.5545926,0.048382156,0.08956255,0.035032418,4.609678e-06,0.008976921,0,0.12762385606765747,0.10931274,0.36021125,0.07341361,0.1902297,0,0.38093727827072144,0.8011247,0.6047563,0.9265818,0.80079335,0,0.4914388656616211
TSBD_Healthy_06f251fee4,0,0,1,0.101542555,0.32390994,0.08785858,0.05660039,2.9372338e-06,0.019240364,0,0.12762385606765747,0.11267674,0.8523127,0.9999815,0.9087457,0,0.38093727827072144,0.79946464,0.09108687,1.5514794e-05,0.07201392,0,0.4914388656616211
TSBD_Healthy_4ac4f94767,0,0,1,0.14824766,0.26385283,0.08513071,0.044185318,1.8456493e-06,0.014380509,0,0.12762385606765747,0.11915091,0.8019002,0.9997247,0.8358023,0,0.38093727827072144,0.7957183,0.15391454,0.00027346608,0.14981715,0,0.4914388656616211
TSBD_Healthy_e7cd92f08f,0,0,1,0.36125356,0.100095846,0.073748894,0.034001756,4.729711e-06,0.009214549,0,0.12762385606765747,0.13544753,0.5489369,0.80401987,0.44317526,0,0.38093727827072144,0.7908036,0.41706133,0.19597544,0.54761016,0,0.4914388656616211
TSBD_Healthy_1597a65755,0,0,1,0.16006973,0.25156063,0.059479266,0.056149263,2.7791489e-06,0.013676799,0,0.12762385606765747,0.20705533,0.8562148,0.9999844,0.93166614,0,0.38093727827072144,0.73346543,0.08763589,1.2821447e-05,0.05465708,0,0.4914388656616211
TSBD_Healthy_a8ea0e137d,0,0,1,0.17612152,0.23516771,0.06256778,0.061139833,3.9476636e-06,0.01495965,0,0.12762385606765747,0.23392406,0.85667205,0.99998665,0.9376188,0,0.38093727827072144,0.7035082,0.082188174,9.4062e-06,0.047421575,0,0.4914388656616211
TSBD_Healthy_fafc24f635,0,0,1,0.14300767,0.2685008,0.06968231,0.06982866,6.0010957e-06,0.019034568,0,0.12762385606765747,0.1975807,0.8576356,0.99998915,0.9386093,0,0.38093727827072144,0.732737,0.07253573,4.8947804e-06,0.04235609,0,0.4914388656616211
TSBD_Healthy_7c877797f5,0,0,1,0.122435264,0.29450423,0.08199206,0.053225186,2.7501267e-06,0.017199362,0,0.12762385606765747,0.12459708,0.83612925,0.9999522,0.8902573,0,0.38093727827072144,0.7934109,0.11064555,4.502025e-05,0.09254331,0,0.4914388656616211
TSBD_Healthy_d249c82c7a,0,0,1,0.12984626,0.28437775,0.065547206,0.070762485,6.336149e-06,0.019489475,0,0.12762385606765747,0.18175143,0.85850734,0.9999893,0.9380604,0,0.38093727827072144,0.75270134,0.07073023,4.3405703e-06,0.042450164,0,0.4914388656616211
TSBD_Healthy_1dafd9bcec,0,0,1,0.135813,0.27766174,0.06470087,0.062434338,3.986771e-06,0.016589332,0,0.12762385606765747,0.1836861,0.8601489,0.99998903,0.9352536,0,0.38093727827072144,0.751613,0.077416815,6.929519e-06,0.048157047,0,0.4914388656616211
TSBD_Healthy_727f8ba7d1,0,0,1,0.10888979,0.3126706,0.07586579,0.068470925,5.9112162e-06,0.021650838,0,0.12762385606765747,0.13900751,0.85476995,0.9999877,0.92584866,0,0.38093727827072144,0.78512675,0.07675909,6.4180153e-06,0.05250045,0,0.4914388656616211
TSBD_Healthy_578fae46e9,1,0,1,0.51281536,0.06605391,0.062506326,0.073839806,7.3556503e-06,0.013737033,0,0.12762385606765747,0.5877511,0.85986686,0.9999894,0.96599627,0,0.38093727827072144,0.3497426,0.06629334,3.219031e-06,0.020266699,0,0.4914388656616211
TSBD_Healthy_d1980c5cf7,0,0,1,0.13763566,0.27548203,0.061570734,0.06443035,4.4893877e-06,0.016788857,0,0.12762385606765747,0.18938963,0.8600013,0.9999894,0.93715227,0,0.38093727827072144,0.74903965,0.07556824,6.1497985e-06,0.046058882,0,0.4914388656616211
TSBD_Healthy_5f95d3f8a2,0,0,1,0.13346013,0.28007263,0.06843565,0.066245906,4.869497e-06,0.018150888,0,0.12762385606765747,0.18270257,0.859681,0.9999896,0.93668234,0,0.38093727827072144,0.74886185,0.07407314,5.489106e-06,0.045166783,0,0.4914388656616211
TSBD_Healthy_ef7cbd4127,0,0,1,0.23838355,0.18213283,0.06319694,0.07322937,7.3649685e-06,0.016525201,0,0.12762385606765747,0.3342649,0.8586865,0.9999889,0.9528335,0,0.38093727827072144,0.6025382,0.06808417,3.6762929e-06,0.030641356,0,0.4914388656616211
TSBD_Healthy_63b700da46,1,0,1,0.6777461,0.032061994,0.06367664,0.068893164,5.5467217e-06,0.012033368,0,0.12762385606765747,0.6861928,0.86148167,0.99999046,0.96966904,0,0.38093727827072144,0.25013053,0.06962513,4.0171644e-06,0.01829761,0,0.4914388656616211
TSBD_Healthy_076f98de26,1,0,2,0.57190984,0.04124248,0.07592656,0.033946652,4.220573e-06,0.008104263,0,0.12762385606765747,0.13094339,0.3714705,0.09498526,0.21360889,0,0.38093727827072144,0.79313004,0.5945828,0.9050106,0.7782869,0,0.4914388656616211
TSBD_Healthy_e3f6aa3d79,0,0,1,0.14695287,0.26526672,0.0854187,0.042548444,1.6177645e-06,0.013857847,0,0.12762385606765747,0.11471099,0.7993464,0.99967074,0.82781893,0,0.38093727827072144,0.7998703,0.15810513,0.00032768282,0.15832326,0,0.4914388656616211
TSBD_Healthy_da00d5de9a,0,0,1,0.21988711,0.19831464,0.05592085,0.058435664,3.1869015e-06,0.01260012,0,0.12762385606765747,0.28912425,0.8569056,0.99998593,0.94241726,0,0.38093727827072144,0.65495485,0.0846587,1.0823458e-05,0.04498258,0,0.4914388656616211
TSBD_Healthy_1fc6860580,0,0,1,0.13251267,0.28173858,0.06457153,0.06197425,3.795755e-06,0.01654533,0,0.12762385606765747,0.17725036,0.8593223,0.9999888,0.9336433,0,0.38093727827072144,0.7581781,0.07870346,7.362531e-06,0.049811408,0,0.4914388656616211
TSBD_Healthy_93437b01b9,0,0,1,0.3230591,0.12408575,0.08279406,0.033713296,4.1847807e-06,0.009976463,0,0.12762385606765747,0.11728752,0.576164,0.8750831,0.46851715,0,0.38093727827072144,0.7999185,0.39012274,0.12491274,0.52150637,0,0.4914388656616211
TSBD_Healthy_d7b2fef984,0,0,1,0.12820481,0.28703973,0.06788003,0.06243534,4.030789e-06,0.017472368,0,0.12762385606765747,0.16496289,0.8551252,0.9999871,0.92836326,0,0.38093727827072144,0.767157,0.08243949,8.8637e-06,0.054164387,0,0.4914388656616211
TSBD_Healthy_6499b6d7a1,0,0,1,0.15514047,0.25540727,0.059784003,0.06951232,5.801531e-06,0.017222723,0,0.12762385606765747,0.22282061,0.86071724,0.9999901,0.944347,0,0.38093727827072144,0.71739537,0.06977041,4.1136304e-06,0.038430274,0,0.4914388656616211
TSBD_Healthy_b2c3637e41,1,0,1,0.61195385,0.044576734,0.063344955,0.07377103,7.378041e-06,0.013357594,0,0.12762385606765747,0.6499857,0.85989493,0.9999894,0.9682956,0,0.38093727827072144,0.28666937,0.066334,3.2623043e-06,0.018346857,0,0.4914388656616211
TSBD_Healthy_ca0105e4b8,0,0,1,0.0903955,0.34200406,0.085911535,0.06655213,5.0383474e-06,0.023178577,0,0.12762385606765747,0.11243267,0.8611252,0.99999,0.92444205,0,0.38093727827072144,0.80165577,0.07232273,4.943239e-06,0.052379344,0,0.4914388656616211
TSBD_Healthy_efb3b53d28,1,0,1,0.6925943,0.026836678,0.13830028,0.08645267,1.4625952e-05,0.02142453,0,0.12762385606765747,0.666981,0.8519833,0.9999831,0.96422964,0,0.38093727827072144,0.19471873,0.061564036,2.322406e-06,0.014345829,0,0.4914388656616211
TSBD_Healthy_b6298539e0,0,0,1,0.18066342,0.22998264,0.055156924,0.07111147,6.364812e-06,0.01632222,0,0.12762385606765747,0.26408198,0.8614378,0.9999901,0.94961506,0,0.38093727827072144,0.68076104,0.06745071,3.4913562e-06,0.034062773,0,0.4914388656616211
TSBD_Healthy_32b15941da,1,0,1,0.82899123,0.007986501,0.08155965,0.06943422,5.828973e-06,0.012782843,0,0.12762385606765747,0.77560997,0.8617486,0.9999902,0.9729266,0,0.38093727827072144,0.14283034,0.06881723,3.8955513e-06,0.014290556,0,0.4914388656616211
TSBD_Healthy_0d4ffdc7b0,1,0,1,0.82775974,0.008120436,0.084061235,0.07048217,6.090981e-06,0.013129504,0,0.12762385606765747,0.77426666,0.86170727,0.99999034,0.97294724,0,0.38093727827072144,0.14167209,0.06781059,3.574391e-06,0.013923243,0,0.4914388656616211
TSBD_Healthy_b36f28e306,0,0,1,0.17834996,0.23206808,0.060102798,0.07098257,6.5174977e-06,0.01704643,0,0.12762385606765747,0.25578308,0.85983014,0.9999895,0.94716537,0,0.38093727827072144,0.6841141,0.06918727,3.9924194e-06,0.035788193,0,0.4914388656616211
TSBD_Healthy_68a56d28bf,0,0,1,0.19402994,0.22004879,0.072517574,0.048811384,1.8841937e-06,0.012344486,0,0.12762385606765747,0.2183511,0.83988553,0.99995136,0.9121318,0,0.38093727827072144,0.70913136,0.1113031,4.6742327e-05,0.075523674,0,0.4914388656616211
TSBD_Healthy_b7798ab5f8,1,0,1,0.82199925,0.0092043895,0.077347904,0.073391534,7.1084473e-06,0.013395008,0,0.12762385606765747,0.775389,0.86108756,0.99998987,0.9731789,0,0.38093727827072144,0.14726314,0.06552099,3.0079318e-06,0.013426048,0,0.4914388656616211
TSBD_Healthy_2a0f79d223,1,0,1,0.81136316,0.010841079,0.07292429,0.07222587,6.6590424e-06,0.012886356,0,0.12762385606765747,0.76996934,0.86167014,0.9999902,0.9731932,0,0.38093727827072144,0.15710638,0.06610399,3.1207535e-06,0.013920443,0,0.4914388656616211
TSBD_Healthy_8fc6471a64,0,0,1,0.11161154,0.30883712,0.07791411,0.06541104,5.1487236e-06,0.020872824,0,0.12762385606765747,0.13600822,0.8515169,0.9999846,0.9193189,0,0.38093727827072144,0.78607774,0.083072014,1.0169605e-05,0.059808258,0,0.4914388656616211
TSBD_Healthy_78bf1afa4b,1,0,1,0.6400379,0.039155643,0.06375185,0.07385859,7.431391e-06,0.01330001,0,0.12762385606765747,0.66722757,0.85990244,0.9999893,0.96890706,0,0.38093727827072144,0.2690206,0.066239014,3.274741e-06,0.017792892,0,0.4914388656616211
TSBD_Healthy_d63c012f3e,1,0,1,0.3985709,0.09453969,0.10597655,0.07323334,7.202222e-06,0.017381554,0,0.12762385606765747,0.48812434,0.85931444,0.9999893,0.9594139,0,0.38093727827072144,0.40589905,0.06745221,3.5045168e-06,0.023204543,0,0.4914388656616211
TSBD_Healthy_05ab09d318,0,0,1,0.13856183,0.2740204,0.06338434,0.06818608,5.5030227e-06,0.018018372,0,0.12762385606765747,0.19403347,0.85961044,0.99998975,0.9395727,0,0.38093727827072144,0.7425822,0.07220349,4.710137e-06,0.04240891,0,0.4914388656616211
TSBD_Healthy_18405215f8,0,0,1,0.1074212,0.31527793,0.07706439,0.05912896,3.3186848e-06,0.018394448,0,0.12762385606765747,0.13145286,0.8576372,0.99998665,0.92116994,0,0.38093727827072144,0.79148275,0.08323384,9.990633e-06,0.060435604,0,0.4914388656616211
TSBD_Healthy_fe721e6a35,0,0,1,0.11872568,0.299097,0.07274771,0.06431114,4.5983506e-06,0.019102026,0,0.12762385606765747,0.15293464,0.8563349,0.99998784,0.92781,0,0.38093727827072144,0.7743176,0.07935398,7.5748508e-06,0.05308794,0,0.4914388656616211
TSBD_Healthy_8a0b6768d9,1,1,1,0.8510948,0.0050522014,0.08900366,0.071136996,6.336536e-06,0.013463856,0,0.12762385606765747,0.7912579,0.8619911,0.99999034,0.97375625,1,0.38093727827072144,0.11973841,0.066871874,3.339002e-06,0.01277992,0,0.4914388656616211
TSBD_Healthy_fdb9e6ae23,0,0,1,0.23203108,0.18765177,0.053367157,0.06815889,5.34449e-06,0.014219098,0,0.12762385606765747,0.32828107,0.8616473,0.99999034,0.95332974,0,0.38093727827072144,0.61835176,0.07019382,4.2561537e-06,0.03245115,0,0.4914388656616211
TSBD_Healthy_4c66cb7f58,1,0,1,0.81319535,0.010471368,0.0741027,0.07160224,6.4799756e-06,0.012838646,0,0.12762385606765747,0.7697071,0.8614232,0.9999902,0.9729847,0,0.38093727827072144,0.15619017,0.06697462,3.3531635e-06,0.014176689,0,0.4914388656616211
TSBD_Healthy_f5058ddf56,1,1,1,0.84621173,0.0054593254,0.09590824,0.07539748,8.011016e-06,0.0149068,0,0.12762385606765747,0.78583014,0.86006695,0.99998915,0.9729498,1,0.38093727827072144,0.118261606,0.06453557,2.8264726e-06,0.012143415,0,0.4914388656616211
TSBD_Healthy_69e2554f5f,1,1,1,0.8577003,0.004152283,0.09931522,0.06952826,5.621251e-06,0.013498311,0,0.12762385606765747,0.7946578,0.86277336,0.99999094,0.974093,1,0.38093727827072144,0.10602697,0.06769843,3.494797e-06,0.012408667,0,0.4914388656616211
TSBD_Healthy_d4f8817d0f,0,0,1,0.10838395,0.31340295,0.076650545,0.067560546,5.33879e-06,0.021160018,0,0.12762385606765747,0.13925916,0.8564799,0.99998856,0.92713994,0,0.38093727827072144,0.7840902,0.07595955,6.10346e-06,0.051700003,0,0.4914388656616211
TSBD_Healthy_75d585858d,0,0,1,0.3288226,0.12435325,0.052076682,0.06944891,5.676764e-06,0.012967711,0,0.12762385606765747,0.451799,0.8618215,0.99999046,0.96080744,0,0.38093727827072144,0.49612427,0.0687296,3.8050832e-06,0.026224839,0,0.4914388656616211
TSBD_Healthy_cb3a9d790a,1,0,1,0.7960977,0.012891687,0.07380417,0.07142266,6.44291e-06,0.0128528895,0,0.12762385606765747,0.7579501,0.8614667,0.9999901,0.97243506,0,0.38093727827072144,0.16824569,0.06711056,3.4437378e-06,0.014712011,0,0.4914388656616211
TSBD_Healthy_2c254df731,0,0,1,0.30625626,0.13588741,0.079243384,0.07547822,8.095765e-06,0.01722358,0,0.12762385606765747,0.41401744,0.85857534,0.9999888,0.9571301,0,0.38093727827072144,0.5067392,0.065946445,3.1224906e-06,0.02564638,0,0.4914388656616211
TSBD_Healthy_4e4bdff12a,1,0,1,0.8201123,0.008486649,0.11483771,0.076045,8.222974e-06,0.016185224,0,0.12762385606765747,0.76022756,0.85979563,0.99998903,0.97142375,0,0.38093727827072144,0.12493467,0.0641594,2.7352871e-06,0.01239105,0,0.4914388656616211
TSBD_WSSV_ffd2411af1,1,0,2,0.7165751,0.013995515,0.054802403,0.03676564,1.7118961e-06,0.0068305344,0,0.12762385606765747,0.31896695,0.1851469,0.00095139403,0.09270344,0,0.38093727827072144,0.6262306,0.77808744,0.999047,0.900466,0,0.4914388656616211
TSBD_WSSV_c6b9dfd6bd,0,0,1,0.15821888,0.23885144,0.065580904,0.26681596,0.0044249166,0.12354652,0,0.12762385606765747,0.20583113,0.64844126,0.9955422,0.8122032,0,0.38093727827072144,0.7285879,0.08474277,3.287693e-05,0.064250305,0,0.4914388656616211
TSBD_WSSV_258e8224d8,0,0,1,0.27403772,0.15807506,0.0509422,0.070144065,5.821208e-06,0.013699003,0,0.12762385606765747,0.38492998,0.86115277,0.99999046,0.9575955,0,0.38093727827072144,0.56412786,0.06870318,3.6656209e-06,0.028705454,0,0.4914388656616211
TSBD_WSSV_7759b4323e,0,0,0,0.09090457,0.33369857,0.06818006,0.8277147,0.9982591,0.7628948,0,0.12762385606765747,0.719618,0.13802543,0.0017391602,0.21818498,0,0.38093727827072144,0.21220191,0.034259804,1.6619088e-06,0.018920226,0,0.4914388656616211
TSBD_WSSV_20ac0fab2b,1,0,0,0.798615,0.016461933,0.78311616,0.9040203,0.99998724,0.97652906,0,0.12762385606765747,0.069686376,0.048279956,6.711909e-06,0.010345059,0,0.38093727827072144,0.14719738,0.04769969,6.128059e-06,0.013125883,0,0.4914388656616211
TSBD_WSSV_73ccea8db5,0,0,0,0.10799827,0.30756253,0.17384194,0.90137124,0.9999852,0.9384563,0,0.12762385606765747,0.1703041,0.049537,7.7647055e-06,0.024006395,0,0.38093727827072144,0.6558539,0.0490917,6.9962134e-06,0.037537318,0,0.4914388656616211
TSBD_WSSV_2ca61b4065,1,0,1,0.83677495,0.0046438947,0.11543274,0.13550173,9.8556135e-05,0.034440577,0,0.12762385606765747,0.78782207,0.81616396,0.9999006,0.9576005,0,0.38093727827072144,0.096745215,0.048334304,8.9975725e-07,0.007958912,0,0.4914388656616211
TSBD_WSSV_0168d43459,1,0,0,0.7842222,0.018032908,0.7650723,0.90417486,0.9999871,0.9753071,0,0.12762385606765747,0.1246708,0.048492003,6.9224247e-06,0.012872235,0,0.38093727827072144,0.11025687,0.04733322,5.9185286e-06,0.011820679,0,0.4914388656616211
TSBD_WSSV_a270f6228b,1,1,0,0.8889279,0.0042055384,0.84461135,0.9046424,0.9999876,0.97944814,1,0.12762385606765747,0.072612844,0.047653213,6.334543e-06,0.010071106,0,0.38093727827072144,0.08277578,0.04770437,6.1331243e-06,0.010480732,0,0.4914388656616211
TSBD_WSSV_3868efcb84,0,0,0,0.29871088,0.13869075,0.45032814,0.903587,0.9999862,0.9620155,0,0.12762385606765747,0.47254348,0.0508639,8.9921095e-06,0.026240544,0,0.38093727827072144,0.07712838,0.04554905,4.9379855e-06,0.011743896,0,0.4914388656616211
TSBD_WSSV_98510bdd07,0,0,0,0.29397926,0.14289415,0.44622457,0.9041548,0.9999857,0.96200204,0,0.12762385606765747,0.4896394,0.051652364,9.969114e-06,0.02739068,0,0.38093727827072144,0.06413599,0.044192854,4.3244486e-06,0.010607287,0,0.4914388656616211
TSBD_WSSV_365b81a0b8,0,0,0,0.063078746,0.38826627,0.07816976,0.89480126,0.999959,0.8978068,0,0.12762385606765747,0.66126883,0.06647856,3.8653416e-05,0.07711211,0,0.38093727827072144,0.26056135,0.038720194,2.4226772e-06,0.025081035,0,0.4914388656616211
TSBD_WSSV_4c515e509e,0,0,0,0.061413396,0.37559694,0.09469708,0.90140843,0.99998546,0.91942865,0,0.12762385606765747,0.4701834,0.04820757,6.5942154e-06,0.039683945,0,0.38093727827072144,0.43511957,0.05038403,7.939448e-06,0.04088742,0,0.4914388656616211
TSBD_WSSV_d5dc5a32b7,0,0,0,0.077486135,0.3636037,0.11484427,0.90229094,0.999982,0.9250582,0,0.12762385606765747,0.7422578,0.05521162,1.4284592e-05,0.054300997,0,0.38093727827072144,0.14289795,0.042497452,3.6508427e-06,0.020640835,0,0.4914388656616211
TSBD_WSSV_84d358870a,0,0,0,0.16791268,0.24159026,0.27244133,0.90320504,0.9999832,0.9493077,0,0.12762385606765747,0.6575029,0.054393455,1.3196863e-05,0.038575664,0,0.38093727827072144,0.07005579,0.042401437,3.55627e-06,0.012116709,0,0.4914388656616211
TSBD_WSSV_b95089e484,1,0,0,0.4325529,0.08988807,0.5402956,0.9041704,0.99998605,0.96489763,0,0.12762385606765747,0.311915,0.050602682,9.0356825e-06,0.021317279,0,0.38093727827072144,0.14778942,0.04522687,4.861684e-06,0.013785099,0,0.4914388656616211
TSBD_WSSV_ef2d938994,0,0,0,0.19473991,0.21178766,0.3073134,0.90258026,0.99998546,0.9519777,0,0.12762385606765747,0.565522,0.051304664,9.256519e-06,0.031931795,0,0.38093727827072144,0.12716457,0.04611507,5.20625e-06,0.016090455,0,0.4914388656616211
TSBD_WSSV_32049c3ecf,0,0,0,0.05411824,0.41737875,0.06819499,0.8984638,0.9999784,0.911162,0,0.12762385606765747,0.1873376,0.056297347,1.6743488e-05,0.041363407,0,0.38093727827072144,0.7444674,0.045238793,4.876776e-06,0.047474593,0,0.4914388656616211
TSBD_WSSV_8b8160f809,1,0,0,0.71462846,0.029038437,0.72418404,0.9007932,0.99998057,0.97136784,0,0.12762385606765747,0.2056209,0.05647518,1.5724303e-05,0.019682521,0,0.38093727827072144,0.07019512,0.042731684,3.7541793e-06,0.00894963,0,0.4914388656616211
TSBD_WSSV_cdf58b2135,1,0,1,0.6167164,0.04146933,0.071571775,0.24091971,0.0017936276,0.06983599,0,0.12762385606765747,0.759962,0.70866835,0.9982047,0.91865206,0,0.38093727827072144,0.1684662,0.050411973,1.6481423e-06,0.0115119545,0,0.4914388656616211
TSBD_WSSV_aa863186fe,0,0,0,0.16717996,0.23983985,0.0825183,0.7273077,0.98468494,0.62530315,0,0.12762385606765747,0.12724054,0.044962056,6.5093222e-06,0.01914134,0,0.38093727827072144,0.7902412,0.22773024,0.015308541,0.35555547,0,0.4914388656616211
TSBD_WSSV_dfb2880295,1,0,2,0.77825063,0.0026661837,0.055856936,0.034781814,2.4088934e-06,0.0067594247,0,0.12762385606765747,0.22053774,0.27066377,0.010741646,0.14773634,0,0.38093727827072144,0.72360533,0.6945544,0.989256,0.8455042,0,0.4914388656616211
TSBD_WSSV_baaf0baf99,0,0,0,0.07698146,0.34279957,0.1286075,0.9035909,0.9999858,0.929732,0,0.12762385606765747,0.391977,0.05134842,9.4307225e-06,0.037343573,0,0.38093727827072144,0.47941554,0.045060717,4.738638e-06,0.03292438,0,0.4914388656616211
TSBD_WSSV_24404c91af,0,0,0,0.20882258,0.16369891,0.05800646,0.4924652,0.196963,0.2493072,0,0.12762385606765747,0.60827017,0.46001738,0.8030281,0.7289546,0,0.38093727827072144,0.33372337,0.047517467,8.951681e-06,0.02173814,0,0.4914388656616211
TSBD_WSSV_b7563199e4,1,0,1,0.8167853,0.00983954,0.07713197,0.09190503,1.6791111e-05,0.017609864,0,0.12762385606765747,0.78121495,0.849232,0.9999814,0.97103643,0,0.38093727827072144,0.14165309,0.058862966,1.7593989e-06,0.011353675,0,0.4914388656616211
TSBD_WSSV_11a594f754,1,0,1,0.78997684,0.014096174,0.06908148,0.076371945,7.921493e-06,0.013492561,0,0.12762385606765747,0.7604357,0.85945463,0.9999894,0.97276354,0,0.38093727827072144,0.17048278,0.064173415,2.6447078e-06,0.013743886,0,0.4914388656616211
TSBD_WSSV_fc31d39bad,1,0,1,0.79226995,0.013331272,0.07739407,0.116239585,4.56821e-05,0.024050865,0,0.12762385606765747,0.78040385,0.8319826,0.99995327,0.96623707,0,0.38093727827072144,0.14220212,0.051777817,1.0436095e-06,0.0097121205,0,0.4914388656616211
TSBD_WSSV_d6cd79daa1,0,0,0,0.059589475,0.40156704,0.07326647,0.8864764,0.9999528,0.90009415,0,0.12762385606765747,0.19250903,0.06717328,4.1835327e-05,0.05262958,0,0.38093727827072144,0.7342245,0.046350345,5.4171705e-06,0.047276292,0,0.4914388656616211
TSBD_WSSV_02f81ef95e,1,0,1,0.80630827,0.011600452,0.07113158,0.07900606,8.993752e-06,0.014141781,0,0.12762385606765747,0.771052,0.85740274,0.99998844,0.97265416,0,0.38093727827072144,0.15781638,0.06359119,2.578668e-06,0.013204073,0,0.4914388656616211
TSBD_WSSV_3b11acaec9,1,0,1,0.44804424,0.079482645,0.06792661,0.34672645,0.016519973,0.12798104,0,0.12762385606765747,0.7372599,0.608072,0.9834779,0.85967743,0,0.38093727827072144,0.19481349,0.04520155,2.134205e-06,0.01234152,0,0.4914388656616211
TSBD_WSSV_c286bccb7a,0,0,1,0.22951412,0.19319817,0.05581426,0.056210347,3.4594214e-06,0.013168463,0,0.12762385606765747,0.23426382,0.8116349,0.9998963,0.8944504,0,0.38093727827072144,0.70992196,0.13215478,0.00010024904,0.092381105,0,0.4914388656616211
TSBD_WSSV_6aa52b5d04,1,0,1,0.63046145,0.036703244,0.09469869,0.28176853,0.0043819584,0.09751352,0,0.12762385606765747,0.7779481,0.67411375,0.9956167,0.8931825,0,0.38093727827072144,0.12735324,0.044117745,1.3377987e-06,0.00930394,0,0.4914388656616211
TSBD_WSSV_78ac1c210b,0,0,0,0.30738208,0.11511082,0.09755814,0.5181588,0.2710482,0.29600507,0,0.12762385606765747,0.7686276,0.44426322,0.7289483,0.693294,0,0.38093727827072144,0.1338143,0.037578024,3.5272012e-06,0.010700933,0,0.4914388656616211
TSBD_WSSV_f4df9efeef,1,0,1,0.7741948,0.016338285,0.071410395,0.10043414,2.6355565e-05,0.019701071,0,0.12762385606765747,0.7629188,0.84332895,0.9999721,0.96875924,0,0.38093727827072144,0.16567081,0.056236967,1.5363223e-06,0.0115397,0,0.4914388656616211
TSBD_WSSV_e332624690,0,0,0,0.08501835,0.33875555,0.0756128,0.8426673,0.999273,0.8087587,0,0.12762385606765747,0.6391325,0.11764541,0.000724086,0.1657685,0,0.38093727827072144,0.28525463,0.039687287,2.9351081e-06,0.025472868,0,0.4914388656616211
TSBD_WSSV_de8ce5aa48,1,0,1,0.5128526,0.063839555,0.05993128,0.087243676,1.6623248e-05,0.017335072,0,0.12762385606765747,0.57804596,0.8366207,0.999977,0.9574063,0,0.38093727827072144,0.3620227,0.07613567,6.372649e-06,0.02525863,0,0.4914388656616211
TSBD_WSSV_2847167d0b,0,0,0,0.0678688,0.38251275,0.07973121,0.88745075,0.9999528,0.8919275,0,0.12762385606765747,0.74020153,0.068801075,4.312012e-05,0.082456544,0,0.38093727827072144,0.1800672,0.04374806,4.1010253e-06,0.02561598,0,0.4914388656616211
TSBD_WSSV_ea8e971d58,0,0,0,0.06658073,0.3728106,0.07484709,0.8570605,0.99955803,0.8510653,0,0.12762385606765747,0.32891735,0.10748563,0.00044028246,0.119679324,0,0.38093727827072144,0.5962356,0.035453916,1.6458185e-06,0.029255416,0,0.4914388656616211
TSBD_WSSV_2cd19b2879,1,0,2,0.5441112,0.05328569,0.09454244,0.35180154,0.038131487,0.16121697,0,0.12762385606765747,0.10458539,0.041156948,1.7336253e-06,0.008609065,0,0.38093727827072144,0.80087215,0.60704154,0.96186686,0.8301739,0,0.4914388656616211
TSBD_WSSV_f00fa9ceb8,1,0,2,0.76216155,0.018586326,0.07306307,0.06931403,1.100145e-05,0.014127518,0,0.12762385606765747,0.1868858,0.06307711,2.5345405e-06,0.014024454,0,0.38093727827072144,0.74005115,0.86760885,0.9999865,0.9718481,0,0.4914388656616211
TSBD_WSSV_6678622b35,1,0,2,0.849103,0.0058201468,0.082411565,0.071779326,1.2885484e-05,0.015104607,0,0.12762385606765747,0.12270955,0.06297389,2.6161676e-06,0.01190026,0,0.38093727827072144,0.7948789,0.8652468,0.9999845,0.9729951,0,0.4914388656616211
TSBD_WSSV_9ce26c2bf9,1,0,2,0.81206936,0.0061016753,0.13600656,0.14305414,0.00030970402,0.04733244,0,0.12762385606765747,0.11204634,0.052075755,1.5844992e-06,0.009772417,0,0.38093727827072144,0.75194705,0.80487007,0.99968874,0.9428951,0,0.4914388656616211
TSBD_WSSV_3319ef6f32,1,0,2,0.7733763,0.01276531,0.106383294,0.1937667,0.0013467545,0.06622901,0,0.12762385606765747,0.10694669,0.04618031,1.1268781e-06,0.008435268,0,0.38093727827072144,0.78666997,0.76005304,0.99865216,0.9253357,0,0.4914388656616211
TSBD_WSSV_1bb255e74b,1,0,1,0.64649814,0.03489385,0.056696963,0.052226547,2.0529458e-06,0.008527423,0,0.12762385606765747,0.6394504,0.84916043,0.9999757,0.9585639,0,0.38093727827072144,0.3038527,0.09861303,2.2274606e-05,0.032908645,0,0.4914388656616211
TSBD_WSSV_d45bc108bb,1,0,1,0.8308038,0.007870012,0.0807153,0.085828744,1.3257546e-05,0.016488586,0,0.12762385606765747,0.78588444,0.85408556,0.99998474,0.97201145,0,0.38093727827072144,0.1334003,0.06008565,2.0258874e-06,0.011499959,0,0.4914388656616211
TSBD_WSSV_319f7dd222,0,0,0,0.06181964,0.39741609,0.08494222,0.9036614,0.9999858,0.9201918,0,0.12762385606765747,0.7401028,0.051586684,9.596644e-06,0.05367868,0,0.38093727827072144,0.17495495,0.044751912,4.505958e-06,0.026129471,0,0.4914388656616211
TSBD_WSSV_72962540b9,1,0,0,0.55814314,0.056815818,0.6095068,0.8887385,0.99995434,0.9586811,0,0.12762385606765747,0.07928553,0.03942471,2.2280853e-06,0.008558302,0,0.38093727827072144,0.31120768,0.07183677,4.3371274e-05,0.032760568,0,0.4914388656616211
TSBD_WSSV_cbc299712b,0,0,0,0.26255164,0.16078249,0.13211468,0.6693132,0.8650708,0.523913,0,0.12762385606765747,0.77893656,0.29793814,0.13492693,0.4670732,0,0.38093727827072144,0.0889487,0.03274868,2.314484e-06,0.009013835,0,0.4914388656616211
TSBD_WSSV_4852ce6b3e,1,1,1,0.8498558,0.0053456686,0.084896535,0.07045888,5.9156782e-06,0.013003353,0,0.12762385606765747,0.79181087,0.86268073,0.9999908,0.9741397,1,0.38093727827072144,0.123292595,0.06686038,3.2738908e-06,0.012856973,0,0.4914388656616211
TSBD_WSSV_51c0f376ed,1,0,2,0.766754,0.011933915,0.061449494,0.058080718,7.779659e-06,0.011660703,0,0.12762385606765747,0.23960456,0.1230256,9.895559e-05,0.043766927,0,0.38093727827072144,0.698946,0.81889373,0.9998933,0.9445723,0,0.4914388656616211
TSBD_WSSV_27c4e89064,0,0,1,0.2573555,0.16681434,0.055288095,0.102627985,3.1195035e-05,0.023876356,0,0.12762385606765747,0.36948168,0.8331141,0.9999658,0.94870657,0,0.38093727827072144,0.5752302,0.06425795,2.963111e-06,0.027417101,0,0.4914388656616211
TSBD_WSSV_d31ea8472c,0,0,0,0.097402185,0.3124903,0.112911575,0.8331881,0.9990452,0.84075254,0,0.12762385606765747,0.31213307,0.12437486,0.0009507928,0.12683061,0,0.38093727827072144,0.57495534,0.042437047,4.002019e-06,0.032416888,0,0.4914388656616211
TSBD_WSSV_6fd089aca1,1,0,2,0.86175513,0.0045767454,0.08653673,0.062945776,7.306058e-06,0.012863144,0,0.12762385606765747,0.109619565,0.064610414,2.8430684e-06,0.011706036,0,0.38093727827072144,0.80384374,0.8724438,0.99998987,0.9754308,0,0.4914388656616211
TSBD_WSSV_7131cb4d1e,0,0,1,0.36453688,0.11046626,0.060140215,0.07354746,1.2881049e-05,0.017034374,0,0.12762385606765747,0.39185524,0.80533963,0.99990547,0.9161134,0,0.38093727827072144,0.5480045,0.12111288,8.1689475e-05,0.06685227,0,0.4914388656616211
TSBD_WSSV_d1629a0715,1,1,1,0.8489334,0.005062148,0.09773677,0.07210574,6.447637e-06,0.0140776755,0,0.12762385606765747,0.78656614,0.8607143,0.9999902,0.97327846,1,0.38093727827072144,0.11569709,0.06717992,3.2890794e-06,0.01264386,0,0.4914388656616211
TSBD_WSSV_8ecaf0ac01,0,0,0,0.09449703,0.3347813,0.11598622,0.8788218,0.99986506,0.88450253,0,0.12762385606765747,0.77675754,0.08496283,0.00013310934,0.10092714,0,0.38093727827072144,0.107256226,0.036215376,1.8177723e-06,0.014570378,0,0.4914388656616211
TSBD_WSSV_af3c48a08c,1,0,2,0.7827687,0.011327025,0.11063669,0.197075,0.0013814141,0.06779547,0,0.12762385606765747,0.09587079,0.043747045,7.996936e-07,0.0073754564,0,0.38093727827072144,0.7934925,0.759178,0.99861777,0.924829,0,0.4914388656616211
TSBD_WSSV_3dae79f506,0,0,0,0.06916788,0.37699533,0.06316087,0.86622745,0.9998554,0.8502275,0,0.12762385606765747,0.21791345,0.04128886,2.9449018e-06,0.026109278,0,0.38093727827072144,0.7189257,0.092483714,0.00014160443,0.12366325,0,0.4914388656616211
TSBD_WSSV_80515fe4b2,1,0,2,0.8535761,0.005319801,0.078441344,0.06229741,7.2572243e-06,0.012400805,0,0.12762385606765747,0.12509029,0.06920174,4.0501354e-06,0.013622868,0,0.38093727827072144,0.7964684,0.8685009,0.9999887,0.97397625,0,0.4914388656616211
TSBD_WSSV_aee31f5ae6,1,0,2,0.6864204,0.026433574,0.10100899,0.25823724,0.0065280464,0.10135143,0,0.12762385606765747,0.10824915,0.043241203,1.183615e-06,0.008294366,0,0.38093727827072144,0.79074186,0.6985216,0.9934708,0.8903542,0,0.4914388656616211
TSBD_WSSV_0ef579b068,0,0,0,0.09970047,0.32657862,0.11527938,0.87012774,0.99984527,0.8775922,0,0.12762385606765747,0.10272949,0.036220286,1.5202943e-06,0.013832095,0,0.38093727827072144,0.7819911,0.09365196,0.00015319376,0.10857562,0,0.4914388656616211
TSBD_WSSV_f70db8236e,1,0,2,0.7778281,0.012594886,0.07095929,0.135094,0.00027983394,0.036091097,0,0.12762385606765747,0.16036417,0.07707588,1.35994105e-05,0.020369733,0,0.38093727827072144,0.76867646,0.7878301,0.99970657,0.94353914,0,0.4914388656616211
TSBD_WSSV_36e3c23fc4,1,0,2,0.4703413,0.069893315,0.077594794,0.37429583,0.069891945,0.17658214,0,0.12762385606765747,0.1296248,0.05469467,9.923853e-06,0.015119081,0,0.38093727827072144,0.79278046,0.5710096,0.930098,0.8082988,0,0.4914388656616211
TSBD_WSSV_7e34390794,1,0,2,0.854617,0.00543834,0.07944084,0.060642883,6.25651e-06,0.011929917,0,0.12762385606765747,0.12228683,0.06758194,3.53202e-06,0.012993199,0,0.38093727827072144,0.7982723,0.8717752,0.9999902,0.97507685,0,0.4914388656616211
TSBD_WSSV_bd80b0d581,1,0,2,0.55364186,0.034414,0.18781702,0.4218124,0.12770732,0.2737158,0,0.12762385606765747,0.090072714,0.041972894,2.9101343e-06,0.008834299,0,0.38093727827072144,0.7221103,0.5362147,0.8722897,0.7174499,0,0.4914388656616211
TSBD_WSSV_a456bae923,1,0,2,0.8525272,0.005029531,0.094914064,0.07967206,1.9701112e-05,0.018112509,0,0.12762385606765747,0.110083535,0.05843824,1.7657242e-06,0.010243023,0,0.38093727827072144,0.79500234,0.8618897,0.99997854,0.9716444,0,0.4914388656616211
TSBD_WSSV_b6178797f6,1,0,2,0.8503884,0.00573654,0.08180409,0.06398579,7.841783e-06,0.012949616,0,0.12762385606765747,0.12437352,0.067132756,3.39374e-06,0.012959142,0,0.38093727827072144,0.7938224,0.86888146,0.9999888,0.97409123,0,0.4914388656616211
TSBD_WSSV_69762898eb,1,0,2,0.85387176,0.0049724216,0.09463596,0.0808371,2.1396829e-05,0.018492222,0,0.12762385606765747,0.10802206,0.05671438,1.5881094e-06,0.009816174,0,0.38093727827072144,0.797342,0.8624486,0.9999771,0.9716916,0,0.4914388656616211
TSBD_WSSV_a73de688c2,1,0,2,0.8266524,0.008665806,0.069015965,0.05997193,6.6639523e-06,0.0115551725,0,0.12762385606765747,0.15504512,0.07422921,6.119947e-06,0.016599294,0,0.38093727827072144,0.7759388,0.86579883,0.99998724,0.9718455,0,0.4914388656616211
TSBD_WSSV_03cb710db8,1,0,2,0.84778523,0.005739822,0.075365715,0.06639917,9.925765e-06,0.0134346755,0,0.12762385606765747,0.13272162,0.070538595,4.899133e-06,0.014612876,0,0.38093727827072144,0.79191273,0.8630622,0.9999852,0.9719525,0,0.4914388656616211
TSBD_WSSV_7f2c043791,0,0,0,0.10641555,0.309797,0.070737556,0.80066645,0.9989027,0.76087505,0,0.12762385606765747,0.18982276,0.061614126,2.1076612e-05,0.039356478,0,0.38093727827072144,0.7394397,0.13771947,0.0010762822,0.19976853,0,0.4914388656616211
TSBD_WSSV_426ff318e2,1,0,2,0.85891575,0.004889503,0.08238513,0.060714483,6.2181502e-06,0.012060185,0,0.12762385606765747,0.11631697,0.06725534,3.3524034e-06,0.012592629,0,0.38093727827072144,0.8012979,0.8720302,0.99999046,0.97534716,0,0.4914388656616211
TSBD_WSSV_3cb87dc046,1,0,2,0.81099516,0.011025019,0.072178125,0.08637751,2.8898534e-05,0.018594498,0,0.12762385606765747,0.14898212,0.059771072,2.0689845e-06,0.011982746,0,0.38093727827072144,0.77883977,0.85385144,0.9999691,0.9694227,0,0.4914388656616211
TSBD_WSSV_4c414428d2,1,0,2,0.8615777,0.004475414,0.08824946,0.0659732,8.773976e-06,0.0137310345,0,0.12762385606765747,0.10840736,0.06334376,2.506908e-06,0.01127754,0,0.38093727827072144,0.8033432,0.8706831,0.9999887,0.9749914,0,0.4914388656616211
TSBD_WSSV_4896029d97,1,0,2,0.841072,0.0071010552,0.07719198,0.07153592,1.2283283e-05,0.014620263,0,0.12762385606765747,0.13097884,0.06239331,2.3703722e-06,0.011904251,0,0.38093727827072144,0.79182917,0.86607087,0.99998534,0.9734755,0,0.4914388656616211
TSBD_WSSV_c549f00277,1,0,2,0.83223945,0.007890134,0.070918,0.061448034,6.9530493e-06,0.011881506,0,0.12762385606765747,0.14909837,0.07319047,5.3062136e-06,0.015795007,0,0.38093727827072144,0.77998364,0.86536145,0.9999877,0.9723234,0,0.4914388656616211
TSBD_WSSV_254bdb9f4d,1,0,1,0.54944754,0.054671567,0.05839497,0.1419964,0.00014163057,0.032332465,0,0.12762385606765747,0.6288933,0.7872943,0.9998522,0.9449354,0,0.38093727827072144,0.31271175,0.07070921,6.1962364e-06,0.022732202,0,0.4914388656616211
TSBD_WSSV_b0447870c0,1,0,2,0.56110376,0.043794237,0.051225945,0.038623,1.6958629e-06,0.0071766553,0,0.12762385606765747,0.41848016,0.16119516,0.0004213538,0.0857957,0,0.38093727827072144,0.5302938,0.80018187,0.999577,0.90702766,0,0.4914388656616211
TSBD_WSSV_754fa3c73d,1,0,2,0.86155003,0.004530819,0.087478764,0.06289766,7.153693e-06,0.012860126,0,0.12762385606765747,0.10941214,0.06528502,2.9105956e-06,0.011814713,0,0.38093727827072144,0.8031091,0.87181735,0.99999,0.97532517,0,0.4914388656616211
TSBD_WSSV_9937a0424b,1,0,2,0.8531546,0.0046696076,0.09467738,0.09391864,3.911419e-05,0.022346564,0,0.12762385606765747,0.10535836,0.05378668,1.2234899e-06,0.009027704,0,0.38093727827072144,0.79996425,0.8522947,0.9999597,0.9686257,0,0.4914388656616211
TSBD_WSSV_6fa84e41c3,1,0,2,0.8437053,0.006867133,0.07633614,0.065073386,8.345434e-06,0.012903818,0,0.12762385606765747,0.1315652,0.065074936,2.899679e-06,0.012637086,0,0.38093727827072144,0.7920987,0.8698516,0.9999888,0.97445905,0,0.4914388656616211
TSBD_WSSV_577000701d,1,0,2,0.85278857,0.004861256,0.089530885,0.087203205,2.9648878e-05,0.020051729,0,0.12762385606765747,0.11133235,0.057452433,1.6890625e-06,0.010112428,0,0.38093727827072144,0.79913676,0.8553443,0.99996865,0.9698358,0,0.4914388656616211
TSBD_WSSV_7562704d32,1,0,2,0.8459099,0.0063764313,0.0736836,0.058467273,5.5213586e-06,0.011186034,0,0.12762385606765747,0.13567425,0.07180817,4.7520793e-06,0.014743665,0,0.38093727827072144,0.79064214,0.8697245,0.99998975,0.9740703,0,0.4914388656616211
TSBD_WSSV_ab987277c7,1,0,2,0.71073365,0.027454851,0.061372977,0.068189956,1.0278347e-05,0.013161384,0,0.12762385606765747,0.2229388,0.063105434,2.45954e-06,0.014997416,0,0.38093727827072144,0.7156882,0.8687046,0.99998724,0.97184116,0,0.4914388656616211
TSBD_WSSV_1beeeafcb8,1,0,2,0.8542311,0.0054529402,0.07892658,0.059154376,5.642856e-06,0.011533626,0,0.12762385606765747,0.12364026,0.0690802,3.9004444e-06,0.013441011,0,0.38093727827072144,0.7974332,0.87176543,0.99999046,0.97502536,0,0.4914388656616211
TSBD_WSSV_e7254cc0d4,1,0,2,0.85213673,0.0058606016,0.07704702,0.06320251,7.430204e-06,0.012447809,0,0.12762385606765747,0.12465055,0.065293394,2.9068112e-06,0.012389835,0,0.38093727827072144,0.7983024,0.8715041,0.99998975,0.9751623,0,0.4914388656616211
TSBD_WSSV_b5a8a126ab,1,0,2,0.7785471,0.016085772,0.061095804,0.056403168,4.85818e-06,0.010223206,0,0.12762385606765747,0.19116996,0.072972,5.2738865e-06,0.017395834,0,0.38093727827072144,0.7477342,0.8706248,0.99998987,0.972381,0,0.4914388656616211
TSBD_WSSV_13e41ad5ef,1,0,2,0.85656476,0.005271367,0.07929827,0.061901152,6.8389977e-06,0.012237409,0,0.12762385606765747,0.11995054,0.065983914,3.0675426e-06,0.012400533,0,0.38093727827072144,0.80075127,0.87211496,0.9999901,0.9753621,0,0.4914388656616211
TSBD_WSSV_5dd3dca816,1,0,2,0.85750335,0.0050021196,0.07975121,0.06139795,6.5442446e-06,0.012114989,0,0.12762385606765747,0.11993522,0.06783995,3.593955e-06,0.012965471,0,0.38093727827072144,0.8003136,0.87076205,0.99998987,0.97491956,0,0.4914388656616211
TSBD_WSSV_084f7a072a,1,0,2,0.84118706,0.0072932327,0.07312057,0.061301824,6.4947553e-06,0.011771643,0,0.12762385606765747,0.13664721,0.06718178,3.5059704e-06,0.01349686,0,0.38093727827072144,0.7902322,0.8715164,0.9999901,0.97473145,0,0.4914388656616211
TSBD_WSSV_7d1aec7b17,0,0,0,0.28032264,0.15868686,0.20737633,0.75369567,0.9905014,0.738454,0,0.12762385606765747,0.08750867,0.036779653,1.8818812e-06,0.010062552,0,0.38093727827072144,0.70511496,0.2095247,0.009496659,0.25148347,0,0.4914388656616211
TSBD_WSSV_93545fad41,1,0,2,0.8518609,0.004821404,0.07769403,0.060521826,6.620269e-06,0.012023303,0,0.12762385606765747,0.13207968,0.07801078,7.242513e-06,0.016523145,0,0.38093727827072144,0.79022634,0.8614674,0.99998605,0.97145355,0,0.4914388656616211
TSBD_WSSV_ef783ed00d,1,0,2,0.68829334,0.021591928,0.13923581,0.3009427,0.014958045,0.14198786,0,0.12762385606765747,0.08576743,0.041230306,1.1602043e-06,0.0073801093,0,0.38093727827072144,0.7749968,0.657827,0.9850407,0.8506321,0,0.4914388656616211
TSBD_WSSV_8b081aa68f,1,0,2,0.64728326,0.028672168,0.06320879,0.22157323,0.0062227356,0.08149918,0,0.12762385606765747,0.1958796,0.124654025,0.0003565374,0.052757844,0,0.38093727827072144,0.74091166,0.6537728,0.99342066,0.86574304,0,0.4914388656616211
TSBD_WSSV_6afbaad0ae,1,0,2,0.8202805,0.0080062235,0.092658065,0.13837518,0.0002493882,0.038487423,0,0.12762385606765747,0.10924511,0.04976421,1.0805187e-06,0.008666391,0,0.38093727827072144,0.79809684,0.8118607,0.9997495,0.95284617,0,0.4914388656616211
TSBD_WSSV_9223e4a32b,1,0,2,0.85548437,0.0052960543,0.08072774,0.06175652,6.8145355e-06,0.012301811,0,0.12762385606765747,0.1204331,0.066914275,3.4480613e-06,0.012801947,0,0.38093727827072144,0.7988391,0.87132925,0.99998975,0.97489625,0,0.4914388656616211
TSBD_WSSV_98ea43065f,1,0,2,0.8586083,0.004759156,0.07976812,0.05866843,5.5496334e-06,0.011486221,0,0.12762385606765747,0.1203039,0.071017124,4.5995084e-06,0.013920529,0,0.38093727827072144,0.799928,0.8703145,0.99998975,0.9745932,0,0.4914388656616211
TSBD_WSSV_eb247f0a00,1,0,2,0.8584608,0.004748243,0.08450658,0.06727441,9.477985e-06,0.013875185,0,0.12762385606765747,0.11446493,0.06424232,2.8404115e-06,0.011876338,0,0.38093727827072144,0.8010285,0.8684833,0.9999876,0.97424847,0,0.4914388656616211
TSBD_WSSV_97fa50601b,1,1,2,0.8620708,0.004406169,0.09049186,0.06552047,8.50958e-06,0.013722617,0,0.12762385606765747,0.10619526,0.063474886,2.6266641e-06,0.0113099525,0,0.38093727827072144,0.80331284,0.87100464,0.9999889,0.9749675,1,0.4914388656616211
TSBD_WSSV_8b6c4507a2,1,0,2,0.8449392,0.0052102767,0.097707026,0.10520394,7.008161e-05,0.026797175,0,0.12762385606765747,0.10738174,0.05253921,1.2614402e-06,0.009073948,0,0.38093727827072144,0.79491127,0.8422568,0.9999286,0.96412885,0,0.4914388656616211
TSBD_WSSV_5c925439ac,1,0,2,0.8510993,0.0052116113,0.08940908,0.085667886,2.7894514e-05,0.019638201,0,0.12762385606765747,0.11256408,0.05689259,1.6802196e-06,0.010094493,0,0.38093727827072144,0.79802686,0.85743946,0.99997044,0.97026736,0,0.4914388656616211
TSBD_WSSV_1d810bc413,0,0,0,0.10220491,0.31578642,0.06570447,0.8004162,0.9988643,0.7529924,0,0.12762385606765747,0.19557716,0.0640719,3.1724423e-05,0.044614848,0,0.38093727827072144,0.7387184,0.13551198,0.0011040608,0.2023928,0,0.4914388656616211
TSBD_WSSV_26de7fcd80,0,0,0,0.06797172,0.36413625,0.063329734,0.8528907,0.99978226,0.8364102,0,0.12762385606765747,0.40083274,0.048184786,6.6003936e-06,0.04029343,0,0.38093727827072144,0.53583753,0.098924495,0.00021117523,0.1232964,0,0.4914388656616211
TSBD_WSSV_8aa47f5a65,0,0,0,0.117571205,0.29213068,0.16278955,0.8718513,0.99994683,0.91192436,0,0.12762385606765747,0.6425373,0.056810167,1.530705e-05,0.046981767,0,0.38093727827072144,0.19467312,0.07133852,3.7944246e-05,0.041093875,0,0.4914388656616211
TSBD_WSSV_d889bfa7f2,0,0,1,0.28970683,0.15447965,0.05530733,0.043605637,1.5529051e-06,0.009275567,0,0.12762385606765747,0.2858272,0.8108797,0.9998067,0.8912369,0,0.38093727827072144,0.65886545,0.14551464,0.00019173094,0.09948751,0,0.4914388656616211
TSBD_WSSV_8a85146e3e,1,0,2,0.84022295,0.004851809,0.08215218,0.1085228,9.1571594e-05,0.027104959,0,0.12762385606765747,0.12294713,0.06912995,5.776149e-06,0.014661363,0,0.38093727827072144,0.7949007,0.82234716,0.9999027,0.9582336,0,0.4914388656616211
TSBD_WSSV_439d0a5c3f,1,1,2,0.8621745,0.0044634147,0.08941193,0.06336471,7.4052687e-06,0.013088496,0,0.12762385606765747,0.10701607,0.0646002,2.7854528e-06,0.011562544,0,0.38093727827072144,0.803572,0.872035,0.99998987,0.97534895,1,0.4914388656616211
TSBD_WSSV_3f0184301c,1,0,2,0.8552433,0.005360565,0.07902697,0.06064318,6.2856584e-06,0.011916618,0,0.12762385606765747,0.1221093,0.06766695,3.5580754e-06,0.01301021,0,0.38093727827072144,0.79886377,0.87168986,0.9999901,0.9750731,0,0.4914388656616211
TSBD_WSSV_00abe397a8,1,0,2,0.8598609,0.004713984,0.085816525,0.06703186,9.488461e-06,0.013914712,0,0.12762385606765747,0.111427024,0.06270392,2.475631e-06,0.011309025,0,0.38093727827072144,0.8027564,0.8702643,0.99998796,0.9747763,0,0.4914388656616211
TSBD_WSSV_f49daeee4d,1,0,2,0.8486681,0.0055599594,0.08277158,0.08299016,2.3954048e-05,0.018293744,0,0.12762385606765747,0.1198607,0.06024927,2.2758543e-06,0.011260312,0,0.38093727827072144,0.7973677,0.85676056,0.9999738,0.97044593,0,0.4914388656616211
TSBD_WSSV_e3a3f70bef,0,0,0,0.18993631,0.21750101,0.08546274,0.69831103,0.966359,0.5745388,0,0.12762385606765747,0.1278062,0.040364236,3.8736202e-06,0.0152743505,0,0.38093727827072144,0.78673106,0.26132473,0.033637036,0.41018683,0,0.4914388656616211
TSBD_WSSV_4c6acaba53,1,0,2,0.86121947,0.0043993415,0.09741257,0.068963625,1.0516093e-05,0.015043167,0,0.12762385606765747,0.10086459,0.06100491,2.1380902e-06,0.010478573,0,0.38093727827072144,0.8017228,0.8700314,0.99998736,0.97447824,0,0.4914388656616211
TSBD_WSSV_1a5ee9d7a4,1,0,2,0.853183,0.0054437984,0.087572254,0.07061241,1.1744284e-05,0.015008921,0,0.12762385606765747,0.1150476,0.060924556,2.0945029e-06,0.01094559,0,0.38093727827072144,0.79738015,0.86846304,0.99998605,0.97404546,0,0.4914388656616211
TSBD_WSSV_1d745dbab2,1,0,0,0.73979795,0.024956964,0.738265,0.90345484,0.9999864,0.9738967,0,0.12762385606765747,0.101023145,0.048731666,7.2790835e-06,0.012245024,0,0.38093727827072144,0.16071191,0.04781348,6.2599775e-06,0.0138583295,0,0.4914388656616211
TSBD_WSSV_04529c8937,1,0,2,0.86111236,0.00432315,0.087474056,0.06960774,1.1277889e-05,0.014757463,0,0.12762385606765747,0.109787144,0.06310742,2.6081404e-06,0.011407957,0,0.38093727827072144,0.80273885,0.86728483,0.99998605,0.9738346,0,0.4914388656616211
TSBD_WSSV_eb7b8b7c67,1,0,2,0.8613926,0.004453052,0.090890065,0.07004741,1.1275659e-05,0.01498677,0,0.12762385606765747,0.10562426,0.06037219,2.0112416e-06,0.010465486,0,0.38093727827072144,0.80348563,0.86958045,0.99998665,0.9745477,0,0.4914388656616211
TSBD_WSSV_4c43a3a8a6,1,0,2,0.65361255,0.033044804,0.08501477,0.2637855,0.007098782,0.098621376,0,0.12762385606765747,0.119525924,0.05157495,3.1073057e-06,0.011351001,0,0.38093727827072144,0.79545933,0.6846395,0.9928981,0.89002764,0,0.4914388656616211
TSBD_WSSV_417fc1cab3,1,0,2,0.85625273,0.004751738,0.08776973,0.07820274,1.8408678e-05,0.017203888,0,0.12762385606765747,0.11163432,0.05946529,1.9997062e-06,0.010613113,0,0.38093727827072144,0.800596,0.8623319,0.9999796,0.972183,0,0.4914388656616211
TSBD_WSSV_59c834cf6e,1,0,2,0.6605756,0.02094233,0.05825188,0.060630746,1.643775e-05,0.014002111,0,0.12762385606765747,0.36197576,0.18258885,0.0012652149,0.103893615,0,0.38093727827072144,0.57977235,0.7567804,0.9987184,0.8821043,0,0.4914388656616211
TSBD_WSSV_97681928ee,1,0,2,0.860563,0.004188342,0.09257697,0.07535417,1.6119473e-05,0.016766734,0,0.12762385606765747,0.10571502,0.060237255,2.1755477e-06,0.010639102,0,0.38093727827072144,0.801708,0.86440855,0.99998176,0.97259414,0,0.4914388656616211
TSBD_WSSV_0c09630268,1,0,2,0.81728286,0.008424899,0.09532794,0.1454559,0.00030721194,0.04141553,0,0.12762385606765747,0.10488349,0.046465766,7.9592e-07,0.0077866507,0,0.38093727827072144,0.7997886,0.80807835,0.99969196,0.9507978,0,0.4914388656616211
TSBD_WSSV_919a1fc43f,1,0,2,0.8528788,0.004593333,0.096408255,0.098185875,4.9404167e-05,0.024035007,0,0.12762385606765747,0.103031635,0.05226767,1.1265067e-06,0.008696029,0,0.38093727827072144,0.80056006,0.8495465,0.9999496,0.96726894,0,0.4914388656616211
TSBD_WSSV_df52a25a1c,1,0,2,0.3547162,0.09988448,0.09276194,0.37329602,0.060322687,0.19410399,0,0.12762385606765747,0.3056577,0.044657085,3.493276e-06,0.016101433,0,0.38093727827072144,0.6015803,0.58204687,0.9396738,0.78979456,0,0.4914388656616211
TSBD_WSSV_b6df8b235a,1,0,2,0.8603536,0.004564384,0.08933014,0.06823193,1.0487157e-05,0.014514206,0,0.12762385606765747,0.10837182,0.06211408,2.3939235e-06,0.011078887,0,0.38093727827072144,0.80229807,0.86965406,0.9999871,0.9744069,0,0.4914388656616211
TSBD_WSSV_66dac7b3cb,1,0,2,0.8442941,0.00642519,0.07138667,0.053805348,3.9906276e-06,0.009995555,0,0.12762385606765747,0.1412355,0.07701156,7.140313e-06,0.016754638,0,0.38093727827072144,0.78737783,0.8691831,0.9999889,0.9732498,0,0.4914388656616211
TSBD_WSSV_cb728bde71,1,0,2,0.47740042,0.067140386,0.092612505,0.39151272,0.07803008,0.1937439,0,0.12762385606765747,0.108947806,0.042424306,2.7258272e-06,0.00968854,0,0.38093727827072144,0.7984397,0.566063,0.9219672,0.79656756,0,0.4914388656616211
TSBD_WSSV_11dccea294,1,0,2,0.56355536,0.04874961,0.0980656,0.34221596,0.0327438,0.15641838,0,0.12762385606765747,0.10555918,0.04177781,1.7707233e-06,0.0087312255,0,0.38093727827072144,0.7963752,0.6160062,0.96725446,0.83485043,0,0.4914388656616211
TSBD_WSSV_6c97d0a038,0,0,0,0.15808298,0.25250334,0.12161283,0.7954818,0.9968508,0.75919825,0,0.12762385606765747,0.1010468,0.035282962,1.4165794e-06,0.011853269,0,0.38093727827072144,0.7773403,0.1692352,0.0031477578,0.22894844,0,0.4914388656616211
TSBD_WSSV_7930144273,1,0,2,0.7000527,0.024962239,0.09549401,0.242624,0.004437399,0.08954262,0,0.12762385606765747,0.10923328,0.043492798,1.0963923e-06,0.008224274,0,0.38093727827072144,0.7952727,0.7138832,0.9955615,0.9022331,0,0.4914388656616211
TSBD_WSSV_46e8a68895,1,0,2,0.77685744,0.014672261,0.062162653,0.052385334,4.149546e-06,0.0097073335,0,0.12762385606765747,0.2057419,0.088786215,1.5315129e-05,0.024297556,0,0.38093727827072144,0.7320954,0.85882837,0.99998057,0.96599513,0,0.4914388656616211
TSBD_WSSV_68675dc12f,1,0,2,0.85202616,0.0036688214,0.071292475,0.04331828,1.9855297e-06,0.007902326,0,0.12762385606765747,0.1443498,0.108028054,4.1346666e-05,0.028008351,0,0.38093727827072144,0.7843577,0.8486537,0.9999566,0.96408933,0,0.4914388656616211
TSBD_WSSV_33b5dd7e52,0,0,0,0.3114211,0.11276421,0.100684375,0.52436143,0.30142605,0.3061727,0,0.12762385606765747,0.786434,0.43220603,0.6985676,0.68177974,0,0.38093727827072144,0.11288161,0.04343258,6.3245006e-06,0.01204759,0,0.4914388656616211
TSBD_WSSV_eaf8feba8d,1,0,2,0.85833436,0.004624675,0.09075128,0.07715072,1.6988974e-05,0.017006738,0,0.12762385606765747,0.10729874,0.05788202,1.6515401e-06,0.009941839,0,0.38093727827072144,0.80195004,0.86496735,0.9999813,0.9730514,0,0.4914388656616211
TSBD_WSSV_a092abcd48,1,0,2,0.37941518,0.090342544,0.08072545,0.43229303,0.1652079,0.22871462,0,0.12762385606765747,0.14464949,0.05320547,1.3446059e-05,0.016620504,0,0.38093727827072144,0.77462506,0.51450145,0.83477867,0.7546649,0,0.4914388656616211
TSBD_WSSV_8c4a48a3c8,0,0,0,0.14927502,0.2612534,0.24235192,0.9024725,0.9999819,0.94554186,0,0.12762385606765747,0.6850992,0.055729564,1.4780118e-05,0.04201154,0,0.38093727827072144,0.072548844,0.04179793,3.2782602e-06,0.012446569,0,0.4914388656616211
TSBD_WSSV_36e8b7c576,1,0,0,0.8344078,0.01094323,0.80013794,0.903707,0.99998677,0.9768399,0,0.12762385606765747,0.094581425,0.04969436,7.785843e-06,0.011929865,0,0.38093727827072144,0.10528066,0.04659865,5.5141018e-06,0.011230244,0,0.4914388656616211
TSBD_WSSV_f62b02d7ce,1,1,0,0.8514992,0.009090178,0.8188704,0.9042732,0.9999864,0.9778878,1,0.12762385606765747,0.12078856,0.050179604,8.563076e-06,0.01320694,0,0.38093727827072144,0.060340952,0.045547135,5.0000363e-06,0.008905253,0,0.4914388656616211
TSBD_WSSV_7b5c5d4331,0,0,1,0.39647526,0.09493658,0.05418885,0.06510556,6.4750798e-06,0.013138535,0,0.12762385606765747,0.43550694,0.8155643,0.99992955,0.92704266,0,0.38093727827072144,0.5103043,0.11933018,6.401647e-05,0.059818786,0,0.4914388656616211
TSBD_WSSV_1115f3a7b9,0,0,1,0.24042657,0.18285108,0.0561249,0.062151074,4.122088e-06,0.013331195,0,0.12762385606765747,0.31222656,0.85251665,0.99998474,0.942907,0,0.38093727827072144,0.6316485,0.085332274,1.1135072e-05,0.043761827,0,0.4914388656616211
TSBD_WSSV_8b19cf1542,1,0,1,0.271935,0.13953182,0.069057725,0.26095977,0.0029750231,0.09149587,0,0.12762385606765747,0.47293004,0.69478536,0.99702376,0.891813,0,0.38093727827072144,0.4580122,0.04425484,1.1881732e-06,0.016691148,0,0.4914388656616211
TSBD_WSSV_e980aeec5d,1,0,0,0.6116295,0.049013495,0.6742513,0.9044295,0.999987,0.972236,0,0.12762385606765747,0.2633668,0.049784247,7.982439e-06,0.018139757,0,0.38093727827072144,0.062381886,0.045786265,5.038001e-06,0.009624305,0,0.4914388656616211
TSBD_WSSV_78620c7961,0,0,0,0.22633031,0.18355364,0.104719475,0.6708574,0.8626455,0.50223607,0,0.12762385606765747,0.78721285,0.29617047,0.13735214,0.48768717,0,0.38093727827072144,0.10806763,0.032972064,2.3338007e-06,0.010076742,0,0.4914388656616211
TSBD_WSSV_5cfa598cc4,0,0,0,0.2094779,0.20045114,0.32831368,0.9029518,0.99998546,0.9537564,0,0.12762385606765747,0.5608581,0.051722266,9.716999e-06,0.03158264,0,0.38093727827072144,0.11082823,0.045326,4.81336e-06,0.014660954,0,0.4914388656616211
TSBD_WSSV_2ab0d58abb,1,0,0,0.7797083,0.019391159,0.77243125,0.9044235,0.99998677,0.97594786,0,0.12762385606765747,0.16422193,0.049936075,8.213057e-06,0.014821698,0,0.38093727827072144,0.06334681,0.045640413,4.988954e-06,0.009230442,0,0.4914388656616211
TSBD_WSSV_d63f9ec96f,0,0,0,0.20806429,0.20034683,0.083123036,0.6667511,0.93210286,0.517902,0,0.12762385606765747,0.12006582,0.037239894,2.7963629e-06,0.012639731,0,0.38093727827072144,0.79681116,0.29600897,0.0678944,0.46945837,0,0.4914388656616211
TSBD_WSSV_c6d6c44306,1,0,0,0.5740798,0.056303162,0.64551383,0.9037748,0.99998665,0.97058254,0,0.12762385606765747,0.27498403,0.049108572,7.5207054e-06,0.01833875,0,0.38093727827072144,0.07950213,0.04711663,5.827001e-06,0.01107872,0,0.4914388656616211
TSBD_WSSV_0e98c598e2,0,0,0,0.06945966,0.3555085,0.05292408,0.80723435,0.9962998,0.7311905,0,0.12762385606765747,0.4369048,0.15599495,0.0036978812,0.23853369,0,0.38093727827072144,0.5101711,0.03677073,2.398678e-06,0.030275753,0,0.4914388656616211
TSBD_WSSV_0e0b18da56,0,0,0,0.0778934,0.36446917,0.09643415,0.8865975,0.9999472,0.8975632,0,0.12762385606765747,0.12277055,0.03917728,2.311714e-06,0.017903881,0,0.38093727827072144,0.78079534,0.074225225,5.0569462e-05,0.08453289,0,0.4914388656616211
TSBD_WSSV_0e04e30a96,1,0,0,0.52241594,0.06660855,0.5974403,0.9043048,0.999987,0.9677289,0,0.12762385606765747,0.20897019,0.048484128,6.9929833e-06,0.016718293,0,0.38093727827072144,0.19358954,0.047211073,5.913529e-06,0.015552773,0,0.4914388656616211
TSBD_WSSV_b14315239e,0,0,0,0.106942914,0.30669695,0.17490049,0.90402716,0.9999871,0.9400684,0,0.12762385606765747,0.20105447,0.04814728,6.7013807e-06,0.024347374,0,0.38093727827072144,0.62404513,0.04782563,6.250527e-06,0.035584286,0,0.4914388656616211
TSBD_WSSV_ad26e82e3c,0,0,0,0.17754364,0.23051451,0.26604855,0.89413077,0.9999682,0.93843424,0,0.12762385606765747,0.6291464,0.063498706,2.8147593e-05,0.047449905,0,0.38093727827072144,0.10480505,0.042370513,3.7521536e-06,0.014115893,0,0.4914388656616211
TSBD_WSSV_cda41068f5,1,0,0,0.705022,0.031416737,0.7266916,0.9039529,0.999987,0.97409916,0,0.12762385606765747,0.06769828,0.04641292,5.508022e-06,0.009902731,0,0.38093727827072144,0.20561014,0.049634125,7.458973e-06,0.015998108,0,0.4914388656616211
TSBD_WSSV_f51f241a0d,0,0,0,0.15646352,0.25261784,0.2482127,0.90106213,0.9999795,0.94384015,0,0.12762385606765747,0.6648199,0.057494584,1.7322418e-05,0.043109454,0,0.38093727827072144,0.08696749,0.04144331,3.2329729e-06,0.013050346,0,0.4914388656616211
TSBD_WSSV_2578508dff,1,1,0,0.8655891,0.006910052,0.82381415,0.9039236,0.9999869,0.9780646,1,0.12762385606765747,0.08877353,0.048245188,6.7559545e-06,0.0110907275,0,0.38093727827072144,0.08741234,0.047831167,6.326123e-06,0.010844686,0,0.4914388656616211
TSBD_WSSV_45511a46f0,1,0,0,0.7558638,0.023325002,0.76140255,0.9043169,0.9999863,0.9754503,0,0.12762385606765747,0.18409781,0.050968654,9.179991e-06,0.015992591,0,0.38093727827072144,0.05449963,0.044714388,4.549494e-06,0.00855714,0,0.4914388656616211
TSBD_WSSV_87146ab98c,1,1,0,0.8704873,0.006405418,0.82953614,0.90384614,0.9999865,0.9783069,1,0.12762385606765747,0.100569054,0.04940202,7.715157e-06,0.01199936,0,0.38093727827072144,0.0698948,0.046751764,5.6808685e-06,0.0096936915,0,0.4914388656616211
TSBD_WSSV_e143d38f01,0,0,0,0.101418905,0.31387925,0.13755178,0.7804107,0.99255013,0.8107399,0,0.12762385606765747,0.14531213,0.18342,0.007447502,0.16191281,0,0.38093727827072144,0.71713614,0.03616934,2.4176295e-06,0.027347282,0,0.4914388656616211
TSBD_WSSV_ea73217725,1,0,1,0.34435228,0.10578506,0.07139974,0.33498976,0.016916504,0.13764112,0,0.12762385606765747,0.5695829,0.6049274,0.9830735,0.83706015,0,0.38093727827072144,0.3590174,0.060082912,1.0039451e-05,0.025298715,0,0.4914388656616211
TSBD_WSSV_7568f33745,1,0,0,0.34373042,0.11764757,0.47363803,0.90175563,0.9999821,0.9596534,0,0.12762385606765747,0.3928066,0.055336993,1.4125041e-05,0.027430715,0,0.38093727827072144,0.13355535,0.042907413,3.827529e-06,0.012915889,0,0.4914388656616211
TSBD_WSSV_c0b728f042,0,0,1,0.12817949,0.28198865,0.06682068,0.15073532,0.00019842951,0.055682097,0,0.12762385606765747,0.17589302,0.7827192,0.99979705,0.9020296,0,0.38093727827072144,0.7572863,0.066545576,4.5079914e-06,0.042288274,0,0.4914388656616211
TSBD_WSSV_7555e38281,0,0,0,0.07570544,0.36915848,0.11328671,0.8925892,0.99997437,0.92336524,0,0.12762385606765747,0.10470658,0.057685025,1.7792354e-05,0.029385695,0,0.38093727827072144,0.78200674,0.049725775,7.914828e-06,0.047249094,0,0.4914388656616211
TSBD_WSSV_d921343af4,0,0,0,0.073056035,0.3746805,0.11120118,0.9002933,0.9999846,0.9292368,0,0.12762385606765747,0.11071849,0.050643116,8.376816e-06,0.02452696,0,0.38093727827072144,0.7780803,0.049063604,7.060313e-06,0.046236157,0,0.4914388656616211
TSBD_WSSV_94a3c39469,0,0,0,0.11679006,0.30066058,0.17867988,0.897435,0.9999702,0.9298649,0,0.12762385606765747,0.7256584,0.06287444,2.7186894e-05,0.056077186,0,0.38093727827072144,0.09566166,0.039690547,2.627577e-06,0.014057991,0,0.4914388656616211
TSBD_WSSV_65692fdd3f,1,0,2,0.8418259,0.0015327267,0.069911234,0.047166623,4.0226296e-06,0.009474075,0,0.12762385606765747,0.16451094,0.14910907,0.00026419622,0.04954934,0,0.38093727827072144,0.76557785,0.8037243,0.9997317,0.94097656,0,0.4914388656616211
TSBD_WSSV_0464ee44c0,0,0,1,0.24817981,0.17606115,0.057493534,0.122179836,0.0001436528,0.038973283,0,0.12762385606765747,0.25128996,0.7482646,0.9997185,0.86626214,0,0.38093727827072144,0.6912165,0.12955557,0.00013786077,0.09476457,0,0.4914388656616211
TSBD_WSSV_51f7222cef,1,0,2,0.8312007,0.0020882874,0.07975218,0.116113365,0.0001847706,0.032131337,0,0.12762385606765747,0.13743179,0.11876448,0.00012420693,0.036271363,0,0.38093727827072144,0.78281605,0.7651222,0.9996911,0.9315973,0,0.4914388656616211
TSBD_WSSV_148921b882,1,0,2,0.85792756,0.0032001669,0.07915598,0.05807488,6.4873097e-06,0.011838885,0,0.12762385606765747,0.13029855,0.090333015,1.7516088e-05,0.020973993,0,0.38093727827072144,0.7905455,0.8515921,0.99997604,0.9671871,0,0.4914388656616211
TSBD_WSSV_49f573118f,0,0,0,0.08589769,0.34701252,0.08400062,0.8527001,0.99986744,0.8558738,0,0.12762385606765747,0.14807542,0.05733032,1.51797e-05,0.03367121,0,0.38093727827072144,0.7679239,0.08996952,0.00011737747,0.11045499,0,0.4914388656616211
TSBD_WSSV_f7bb98aadd,0,0,0,0.070106715,0.37932593,0.09293377,0.88058966,0.99994946,0.9055376,0,0.12762385606765747,0.13561198,0.06861239,4.2234293e-05,0.043724075,0,0.38093727827072144,0.7714542,0.050798032,8.341032e-06,0.050738268,0,0.4914388656616211
TSBD_WSSV_32f477127b,1,0,1,0.4822795,0.072446994,0.055535007,0.0790724,9.715949e-06,0.0146044055,0,0.12762385606765747,0.5636033,0.8476098,0.99998534,0.96118045,0,0.38093727827072144,0.38086167,0.073317796,4.965797e-06,0.024215186,0,0.4914388656616211
TSBD_WSSV_6532d5dd16,1,1,0,0.8822185,0.0050878758,0.84028864,0.9046865,0.9999875,0.9792494,1,0.12762385606765747,0.09373753,0.048341256,6.8131358e-06,0.011264258,0,0.38093727827072144,0.065973885,0.046972245,5.693071e-06,0.009486334,0,0.4914388656616211
TSBD_WSSV_399a1e23cc,1,0,2,0.8482411,0.006395418,0.07612739,0.06091989,6.2993313e-06,0.0118086785,0,0.12762385606765747,0.12894765,0.066539265,3.2116322e-06,0.012913277,0,0.38093727827072144,0.794925,0.8725409,0.99999046,0.975278,0,0.4914388656616211
TSBD_WSSV_c07e032039,1,0,2,0.84778565,0.0061430745,0.07418903,0.055257898,4.4446006e-06,0.010460195,0,0.12762385606765747,0.13464406,0.07387386,5.526428e-06,0.015339184,0,0.38093727827072144,0.7911669,0.87086827,0.9999901,0.9742006,0,0.4914388656616211
TSBD_WSSV_a3b514246a,1,0,2,0.7303507,0.024121767,0.058528524,0.060887475,6.2951976e-06,0.011098768,0,0.12762385606765747,0.21731871,0.06757234,3.4469251e-06,0.016320108,0,0.38093727827072144,0.72415274,0.87154025,0.9999902,0.9725811,0,0.4914388656616211
TSBD_WSSV_9e8ca9f55f,1,0,2,0.7068836,0.014930094,0.052960016,0.034085646,1.2396277e-06,0.006131537,0,0.12762385606765747,0.33121762,0.1919052,0.0010958954,0.09845879,0,0.38093727827072144,0.6158224,0.7740091,0.9989029,0.89540964,0,0.4914388656616211
TSBD_WSSV_978efa34a6,1,0,2,0.83008116,0.008812976,0.071143076,0.062007412,6.9307403e-06,0.011908842,0,0.12762385606765747,0.14571545,0.06687973,3.3293593e-06,0.013675682,0,0.38093727827072144,0.78314143,0.87111276,0.99998975,0.9744154,0,0.4914388656616211
TSBD_WSSV_4575fa460f,1,0,2,0.86036503,0.0045424784,0.097954184,0.06721052,9.525183e-06,0.0146090705,0,0.12762385606765747,0.10113255,0.0619795,2.2890433e-06,0.010710193,0,0.38093727827072144,0.8009133,0.87081003,0.9999882,0.9746807,0,0.4914388656616211
TSBD_WSSV_6e2231b074,1,0,2,0.8531087,0.0056500463,0.08214834,0.065402426,8.33834e-06,0.013231511,0,0.12762385606765747,0.119753726,0.06355903,2.5652184e-06,0.011773956,0,0.38093727827072144,0.79809785,0.87103856,0.99998903,0.9749946,0,0.4914388656616211
TSBD_WSSV_18c088457d,1,0,2,0.70356876,0.028437978,0.056480065,0.05867899,5.3433387e-06,0.0105165625,0,0.12762385606765747,0.23755606,0.07005553,4.169687e-06,0.017919207,0,0.38093727827072144,0.7059638,0.8712654,0.99999046,0.97156423,0,0.4914388656616211
TSBD_WSSV_77302aa089,1,0,2,0.84717095,0.0063852975,0.08032085,0.07031486,1.17657055e-05,0.014551498,0,0.12762385606765747,0.12411031,0.061317682,2.217307e-06,0.011411279,0,0.38093727827072144,0.7955688,0.8683675,0.99998593,0.9740373,0,0.4914388656616211
TSBD_WSSV_bc1451b5cd,1,0,2,0.8129893,0.011130612,0.065521605,0.056180462,4.6041732e-06,0.01024933,0,0.12762385606765747,0.16462064,0.07179766,4.7343565e-06,0.01588871,0,0.38093727827072144,0.7698577,0.87202185,0.9999906,0.973862,0,0.4914388656616211
TSBD_WSSV_2c0825dfbc,1,1,2,0.8627809,0.00444391,0.090246856,0.06256287,6.969266e-06,0.012893183,0,0.12762385606765747,0.105518445,0.06462188,2.776045e-06,0.011494762,0,0.38093727827072144,0.80423474,0.8728153,0.99999034,0.97561204,1,0.4914388656616211
TSBD_WSSV_21eca1a9bc,1,0,2,0.85221905,0.005859605,0.07959994,0.061132934,6.32722e-06,0.0120114675,0,0.12762385606765747,0.1231668,0.065959506,3.093166e-06,0.012549848,0,0.38093727827072144,0.79723316,0.8729076,0.9999906,0.9754387,0,0.4914388656616211
TSBD_WSSV_a7578fa09c,1,1,2,0.8630181,0.0044049965,0.091697186,0.062729776,7.046301e-06,0.013008957,0,0.12762385606765747,0.10400385,0.06448436,2.7498588e-06,0.011403713,0,0.38093727827072144,0.804299,0.8727858,0.9999902,0.97558737,1,0.4914388656616211
TSBD_WSSV_8acd11d1ec,1,1,2,0.8624079,0.004512869,0.0876404,0.061413698,6.4847136e-06,0.012474995,0,0.12762385606765747,0.10824121,0.06557357,2.9581247e-06,0.0118240155,0,0.38093727827072144,0.80411845,0.8730127,0.9999906,0.975701,1,0.4914388656616211
TSBD_WSSV_ce8f668353,1,1,2,0.8631084,0.004403189,0.090622194,0.06267586,7.0549004e-06,0.012952442,0,0.12762385606765747,0.104874,0.06451797,2.756959e-06,0.011444642,0,0.38093727827072144,0.8045038,0.87280613,0.9999902,0.9756029,1,0.4914388656616211
TSBD_WSSV_c5bb7f551a,1,0,2,0.8577628,0.0051626936,0.08096184,0.061877556,6.720493e-06,0.012274777,0,0.12762385606765747,0.11735327,0.0652625,2.9306623e-06,0.012127201,0,0.38093727827072144,0.8016849,0.87286,0.99999034,0.97559804,0,0.4914388656616211
TSBD_WSSV_95dc6e27d4,1,0,2,0.654717,0.032600455,0.06153263,0.044998482,2.075916e-06,0.008208015,0,0.12762385606765747,0.30302605,0.10725347,3.8313054e-05,0.037978932,0,0.38093727827072144,0.6354413,0.8477481,0.9999597,0.953813,0,0.4914388656616211
TSBD_WSSV_309436940c,1,0,2,0.77626246,0.015721278,0.06191916,0.05058502,2.9882099e-06,0.008909342,0,0.12762385606765747,0.1998945,0.081618026,8.804197e-06,0.02066983,0,0.38093727827072144,0.73818636,0.86779696,0.9999882,0.9704209,0,0.4914388656616211
TSBD_WSSV_29362e9f5a,1,0,2,0.8616368,0.004613161,0.08685895,0.06227312,6.859424e-06,0.01265782,0,0.12762385606765747,0.10943357,0.064859316,2.8169172e-06,0.0116983885,0,0.38093727827072144,0.8037074,0.8728675,0.9999902,0.97564375,0,0.4914388656616211
TSBD_WSSV_e67891395a,1,0,2,0.8551023,0.00546314,0.08182803,0.06266033,7.0118645e-06,0.012508837,0,0.12762385606765747,0.11881109,0.06483474,2.827376e-06,0.012069189,0,0.38093727827072144,0.7993609,0.87250495,0.9999901,0.97542197,0,0.4914388656616211
TSBD_WSSV_2653717417,1,1,2,0.86225986,0.0044973297,0.089467265,0.06317484,7.252848e-06,0.013016943,0,0.12762385606765747,0.106657796,0.06426839,2.675025e-06,0.011427251,0,0.38093727827072144,0.80387497,0.87255675,0.9999901,0.97555584,1,0.4914388656616211
TSBD_WSSV_c98c109e0f,1,1,2,0.86239195,0.0044793496,0.08954644,0.062557146,7.0202414e-06,0.012878248,0,0.12762385606765747,0.10657277,0.06480552,2.8367695e-06,0.011601426,0,0.38093727827072144,0.80388075,0.8726374,0.9999901,0.9755203,1,0.4914388656616211
TSBD_WSSV_3339e18081,1,0,2,0.85893905,0.0049926024,0.08256743,0.061954916,6.6890157e-06,0.012352209,0,0.12762385606765747,0.11518096,0.065182745,2.8958455e-06,0.0120102735,0,0.38093727827072144,0.80225164,0.87286234,0.99999046,0.97563756,0,0.4914388656616211
TSBD_WSSV_f675da990c,1,1,2,0.86212987,0.0045554126,0.086450994,0.0616352,6.576909e-06,0.012471557,0,0.12762385606765747,0.1094647,0.06541683,2.9007435e-06,0.011812237,0,0.38093727827072144,0.8040843,0.87294805,0.9999906,0.97571623,1,0.4914388656616211
TSBD_WSSV_e8d0267684,1,1,2,0.86204463,0.0045436183,0.08742213,0.062394843,6.9278617e-06,0.012722352,0,0.12762385606765747,0.10867986,0.06491934,2.8291104e-06,0.011684593,0,0.38093727827072144,0.8038981,0.87268585,0.9999902,0.9755931,1,0.4914388656616211
TSBD_WSSV_93ee9c6175,1,0,2,0.86088914,0.0046723047,0.08587123,0.0625389,6.927168e-06,0.012661859,0,0.12762385606765747,0.111088015,0.06511004,2.8444906e-06,0.011808584,0,0.38093727827072144,0.80304086,0.87235105,0.9999902,0.9755295,0,0.4914388656616211
TSBD_WSSV_56b93bffca,1,0,2,0.86153626,0.004527012,0.09159858,0.06295426,7.1883596e-06,0.013087039,0,0.12762385606765747,0.105726466,0.06486508,2.8329814e-06,0.011577401,0,0.38093727827072144,0.80267495,0.8721807,0.99999,0.97533554,0,0.4914388656616211
TSBD_WSSV_05e0a12846,1,1,2,0.86220396,0.0044298833,0.092770055,0.06486605,8.1521175e-06,0.013660493,0,0.12762385606765747,0.103911534,0.06331897,2.4971148e-06,0.011097417,0,0.38093727827072144,0.80331844,0.8718151,0.9999894,0.97524214,1,0.4914388656616211
TSBD_WSSV_0bc0ac833f,1,0,2,0.8597854,0.004604401,0.090717256,0.06979968,1.0926933e-05,0.0148717705,0,0.12762385606765747,0.10748067,0.061035905,2.1043934e-06,0.010686658,0,0.38093727827072144,0.80180216,0.8691644,0.9999869,0.9744415,0,0.4914388656616211
TSBD_WSSV_026c64bd33,1,0,2,0.8608537,0.004673383,0.088048816,0.062145326,6.7771116e-06,0.012681857,0,0.12762385606765747,0.10929238,0.06517732,2.8521838e-06,0.0117536355,0,0.38093727827072144,0.80265874,0.8726773,0.99999034,0.9755645,0,0.4914388656616211
TSBD_WSSV_9f2b1f9f8f,1,0,2,0.8363917,0.0076330677,0.08509008,0.07029936,1.1584657e-05,0.014862667,0,0.12762385606765747,0.12982404,0.061504357,2.20689e-06,0.011645882,0,0.38093727827072144,0.78508586,0.8681963,0.9999862,0.97349143,0,0.4914388656616211
TSBD_WSSV_38f10d750a,1,0,2,0.86163604,0.004395454,0.09665026,0.06835233,1.0076187e-05,0.014811139,0,0.12762385606765747,0.10100185,0.06109992,2.0692776e-06,0.010419969,0,0.38093727827072144,0.8023479,0.8705477,0.99998784,0.9747689,0,0.4914388656616211
TSBD_WSSV_76536085a9,1,0,2,0.8614543,0.004584573,0.09046811,0.06200535,6.762611e-06,0.012782304,0,0.12762385606765747,0.10667672,0.06525485,2.8890206e-06,0.011688802,0,0.38093727827072144,0.80285525,0.8727398,0.99999034,0.97552884,0,0.4914388656616211
TSBD_WSSV_e36aec3084,1,0,2,0.8558552,0.005097772,0.09264322,0.0664011,9.067922e-06,0.014130669,0,0.12762385606765747,0.10990664,0.06307426,2.5142604e-06,0.011341524,0,0.38093727827072144,0.79745007,0.87052464,0.99998844,0.97452784,0,0.4914388656616211
TSBD_WSSV_b632ff4665,1,0,2,0.8613218,0.0045706164,0.095246695,0.06286462,7.1723844e-06,0.013252292,0,0.12762385606765747,0.10237283,0.064525425,2.753254e-06,0.0113550965,0,0.38093727827072144,0.8023805,0.87261003,0.9999901,0.97539264,0,0.4914388656616211
TSBD_WSSV_f392420764,0,0,0,0.3307954,0.12290477,0.4622614,0.8953941,0.9999598,0.952534,0,0.12762385606765747,0.4723011,0.06675643,3.8034847e-05,0.038976405,0,0.38093727827072144,0.06543749,0.037849464,2.124517e-06,0.008489562,0,0.4914388656616211
TSBD_WSSV_08f57edf07,1,1,2,0.8629062,0.0044165887,0.089940734,0.063308865,7.4308505e-06,0.013113468,0,0.12762385606765747,0.1056557,0.06415545,2.668947e-06,0.011372389,0,0.38093727827072144,0.80440354,0.8725357,0.99999,0.9755142,1,0.4914388656616211
TSBD_WSSV_922a715bec,1,0,2,0.85375637,0.004178335,0.099370286,0.10407684,6.504603e-05,0.026351783,0,0.12762385606765747,0.09939334,0.0514954,1.125791e-06,0.008530592,0,0.38093727827072144,0.8012364,0.84442776,0.99993384,0.96511763,0,0.4914388656616211
TSBD_WSSV_aa0b3c4c15,1,0,2,0.76436615,0.015207197,0.09247919,0.19437729,0.0013945273,0.06345665,0,0.12762385606765747,0.10697783,0.04841618,1.4812965e-06,0.009082652,0,0.38093727827072144,0.80054295,0.7572065,0.9986041,0.9274607,0,0.4914388656616211
TSBD_WSSV_daa4ba808b,1,0,2,0.85031545,0.005596822,0.08332003,0.085139655,2.5847907e-05,0.018798715,0,0.12762385606765747,0.11537897,0.05669738,1.6531187e-06,0.010123482,0,0.38093727827072144,0.801301,0.85816294,0.99997246,0.97107786,0,0.4914388656616211
TSBD_WSSV_311dd1baf7,1,1,2,0.8622614,0.004245434,0.09235885,0.07046747,1.1474312e-05,0.015167343,0,0.12762385606765747,0.104189284,0.060895514,2.1488652e-06,0.010597301,0,0.38093727827072144,0.8034519,0.86863697,0.9999864,0.9742354,1,0.4914388656616211
TSBD_WSSV_34ee093e2e,1,1,2,0.8619365,0.0045251213,0.090340815,0.06235614,6.8723493e-06,0.012847996,0,0.12762385606765747,0.10633062,0.06499101,2.8259315e-06,0.011601287,0,0.38093727827072144,0.80332863,0.8726529,0.9999902,0.97555065,1,0.4914388656616211
TSBD_WSSV_cbb32ff38a,1,0,2,0.8465998,0.0065354323,0.07815141,0.05999489,5.9772287e-06,0.011722216,0,0.12762385606765747,0.12939493,0.06737381,3.434818e-06,0.013188732,0,0.38093727827072144,0.7924536,0.87263125,0.9999906,0.975089,0,0.4914388656616211
TSBD_WSSV_9291ca740d,1,1,2,0.86306155,0.0043909242,0.092301816,0.0625416,7.009378e-06,0.01300796,0,0.12762385606765747,0.10346426,0.06471559,2.7826445e-06,0.011428674,0,0.38093727827072144,0.80423397,0.8727428,0.9999902,0.9755634,1,0.4914388656616211
TSBD_WSSV_73bc44153b,1,0,2,0.86171925,0.004498331,0.0985272,0.06434924,7.860337e-06,0.013801703,0,0.12762385606765747,0.09888587,0.063318536,2.4990452e-06,0.0109092705,0,0.38093727827072144,0.8025869,0.8723322,0.9999896,0.97528905,0,0.4914388656616211
TSBD_WSSV_4491558e57,1,0,2,0.84864306,0.003803677,0.11676941,0.11829174,0.00011013904,0.032961372,0,0.12762385606765747,0.09207907,0.0480232,7.829879e-07,0.0075176614,0,0.38093727827072144,0.7911515,0.8336851,0.999889,0.95952106,0,0.4914388656616211
TSBD_WSSV_1ee4a00587,1,1,2,0.8627214,0.004415768,0.09369467,0.063199125,7.3422057e-06,0.013262765,0,0.12762385606765747,0.10249119,0.06420109,2.666708e-06,0.011255839,0,0.38093727827072144,0.8038142,0.8725999,0.99999,0.97548145,1,0.4914388656616211
TSBD_WSSV_ecb905238d,1,0,2,0.86095965,0.004571667,0.08900358,0.065181576,8.191783e-06,0.013512813,0,0.12762385606765747,0.10833851,0.06359095,2.568129e-06,0.011351323,0,0.38093727827072144,0.8026579,0.8712275,0.99998915,0.97513586,0,0.4914388656616211
TSBD_WSSV_ccd255a2df,1,1,2,0.86299485,0.0043899156,0.09435002,0.063078254,7.271159e-06,0.013256282,0,0.12762385606765747,0.101584956,0.06421541,2.6676826e-06,0.011221485,0,0.38093727827072144,0.80406505,0.87270635,0.9999901,0.9755223,1,0.4914388656616211
TSBD_WSSV_584c5a10d0,1,0,2,0.85853,0.0049009174,0.0869727,0.065017015,8.261201e-06,0.013419652,0,0.12762385606765747,0.11197785,0.06365722,2.5546867e-06,0.011483698,0,0.38093727827072144,0.8010494,0.8713258,0.9999893,0.9750967,0,0.4914388656616211
TSBD_WSSV_aa58f57ab0,1,0,2,0.844791,0.0064214617,0.08610797,0.07513404,1.4796174e-05,0.01611446,0,0.12762385606765747,0.12164902,0.059553917,1.9014715e-06,0.010867006,0,0.38093727827072144,0.792243,0.865312,0.9999833,0.9730186,0,0.4914388656616211
TSBD_WSSV_4f3b6f89a8,1,1,2,0.86295587,0.0044086464,0.09169316,0.06261901,6.9820776e-06,0.012975514,0,0.12762385606765747,0.10409659,0.06462357,2.754016e-06,0.011422575,0,0.38093727827072144,0.80421025,0.8727574,0.9999902,0.9756019,1,0.4914388656616211
TSBD_WSSV_279702ba92,1,0,2,0.86034137,0.0046583153,0.09362115,0.06360307,7.5771704e-06,0.013394619,0,0.12762385606765747,0.1049172,0.064237796,2.6765142e-06,0.011371009,0,0.38093727827072144,0.80146164,0.87215906,0.99998975,0.9752344,0,0.4914388656616211
TSBD_WSSV_9dc876dd17,1,0,2,0.8591313,0.0048254402,0.09412811,0.061650604,6.5975137e-06,0.012876296,0,0.12762385606765747,0.10555381,0.06571279,2.998016e-06,0.011780572,0,0.38093727827072144,0.80031806,0.87263656,0.99999046,0.9753431,0,0.4914388656616211
TSBD_WSSV_0ce34b5766,0,0,0,0.076277316,0.36817682,0.102313176,0.89392114,0.9999684,0.91094536,0,0.12762385606765747,0.11453864,0.040271927,2.7175552e-06,0.01809899,0,0.38093727827072144,0.7831483,0.06580691,2.8835499e-05,0.07095572,0,0.4914388656616211
TSBD_WSSV_6c3afb6716,1,1,0,0.8821909,0.0049550645,0.8383997,0.9042351,0.9999871,0.9789646,1,0.12762385606765747,0.07381275,0.047133587,6.021992e-06,0.010000606,0,0.38093727827072144,0.08778748,0.04863129,6.777672e-06,0.011034769,0,0.4914388656616211
TSBD_WSSV_366db07a25,1,0,2,0.86185867,0.0045201927,0.09454484,0.062607594,7.0744395e-06,0.013154268,0,0.12762385606765747,0.102496006,0.06466033,2.7701446e-06,0.011381727,0,0.38093727827072144,0.80295914,0.87273204,0.9999902,0.975464,0,0.4914388656616211
TSBD_WSSV_b84a0005bf,1,0,2,0.8114548,0.009515418,0.09206028,0.147568,0.00031562682,0.041411396,0,0.12762385606765747,0.106574416,0.045661878,7.240063e-07,0.007624992,0,0.38093727827072144,0.80136526,0.8067701,0.9996836,0.9509636,0,0.4914388656616211
TSBD_WSSV_6624c91a73,1,0,2,0.8612173,0.00455066,0.09027574,0.06603403,8.7159415e-06,0.01382804,0,0.12762385606765747,0.106776446,0.0626367,2.3475984e-06,0.011015816,0,0.38093727827072144,0.8029478,0.87132925,0.9999889,0.9751561,0,0.4914388656616211
TSBD_WSSV_8a1517bc0e,1,0,2,0.85966164,0.004843639,0.08659709,0.06291754,7.2357134e-06,0.012848018,0,0.12762385606765747,0.11130032,0.06445586,2.7321196e-06,0.011671004,0,0.38093727827072144,0.8021026,0.87262654,0.99999,0.975481,0,0.4914388656616211
TSBD_WSSV_cada06cffd,1,1,2,0.86209416,0.0044764485,0.08940243,0.06211769,6.9711054e-06,0.012815464,0,0.12762385606765747,0.10725544,0.06561461,3.0064784e-06,0.011832146,0,0.38093727827072144,0.80334216,0.8722676,0.9999901,0.9753524,1,0.4914388656616211
TSBD_WSSV_72abeff3dc,1,0,2,0.8564513,0.005088062,0.08794307,0.06796057,9.961264e-06,0.014278943,0,0.12762385606765747,0.11257409,0.062081147,2.3247765e-06,0.011172715,0,0.38093727827072144,0.7994829,0.86995834,0.9999876,0.97454834,0,0.4914388656616211
TSBD_WSSV_71629aa3f2,1,1,2,0.8628127,0.004438619,0.09076198,0.06184211,6.6991856e-06,0.012750668,0,0.12762385606765747,0.1051007,0.06523307,2.8788174e-06,0.011611796,0,0.38093727827072144,0.8041373,0.87292486,0.99999046,0.97563756,1,0.4914388656616211
TSBD_WSSV_bd69e16b82,1,0,2,0.86112165,0.0045491476,0.093308814,0.06473168,8.107127e-06,0.013665911,0,0.12762385606765747,0.10446568,0.06347179,2.5327815e-06,0.01116635,0,0.38093727827072144,0.8022255,0.8717965,0.9999894,0.97516775,0,0.4914388656616211
TSBD_WSSV_6fd5eb945a,1,0,2,0.85911024,0.0047207074,0.098919615,0.06554945,8.636006e-06,0.0142187495,0,0.12762385606765747,0.10134415,0.06306929,2.4743372e-06,0.010975726,0,0.38093727827072144,0.7997362,0.8713813,0.9999889,0.9748055,0,0.4914388656616211
TSBD_WSSV_7ed3990ccb,1,0,2,0.66527456,0.035344392,0.06275515,0.07549365,1.5761532e-05,0.015316651,0,0.12762385606765747,0.24630973,0.060393065,2.0872324e-06,0.014920528,0,0.38093727827072144,0.69093513,0.8641132,0.9999821,0.9697628,0,0.4914388656616211
TSBD_WSSV_8b1c70a3bc,1,0,2,0.8337833,0.008219735,0.0753451,0.0692113,1.071386e-05,0.013918323,0,0.12762385606765747,0.13758193,0.0627362,2.4274188e-06,0.012216802,0,0.38093727827072144,0.7870731,0.86805254,0.9999869,0.97386485,0,0.4914388656616211
TSBD_WSSV_f583f8e371,1,0,2,0.857149,0.0050319266,0.101904705,0.06323071,7.2437915e-06,0.0136540355,0,0.12762385606765747,0.09979057,0.06437799,2.7040878e-06,0.011220177,0,0.38093727827072144,0.79830474,0.87239134,0.99999,0.9751258,0,0.4914388656616211
TSBD_WSSV_493953f127,1,0,2,0.86118305,0.0046344483,0.08522783,0.060968626,6.246056e-06,0.012227963,0,0.12762385606765747,0.11170797,0.066472605,3.1909246e-06,0.012218939,0,0.38093727827072144,0.8030641,0.8725588,0.9999906,0.9755531,0,0.4914388656616211
TSBD_WSSV_1139b0bbb2,1,1,2,0.8620576,0.004520783,0.08798506,0.061609216,6.542402e-06,0.0125359,0,0.12762385606765747,0.10841422,0.06574161,2.9956411e-06,0.011877663,0,0.38093727827072144,0.8036007,0.8726491,0.99999046,0.9755864,1,0.4914388656616211
TSBD_WSSV_735499e204,1,0,2,0.8123049,0.010587406,0.111452416,0.061404806,6.461174e-06,0.013801913,0,0.12762385606765747,0.1287324,0.06679976,3.2510611e-06,0.013141624,0,0.38093727827072144,0.75981516,0.8717954,0.99999034,0.9730565,0,0.4914388656616211
TSBD_WSSV_01066cc969,1,0,2,0.86184835,0.004566922,0.087970294,0.062832065,7.168924e-06,0.012878684,0,0.12762385606765747,0.10829218,0.064497136,2.7413905e-06,0.011563191,0,0.38093727827072144,0.8037375,0.87267077,0.9999901,0.97555816,0,0.4914388656616211
TSBD_WSSV_941d089361,1,0,2,0.8539772,0.0054411823,0.0844867,0.061409928,6.5408644e-06,0.012376228,0,0.12762385606765747,0.11888397,0.066927716,3.3644867e-06,0.012693391,0,0.38093727827072144,0.7966293,0.8716623,0.9999901,0.9749304,0,0.4914388656616211
TSBD_WSSV_629e5c7c92,1,1,0,0.84916437,0.0030720513,0.79456365,0.8205402,0.998689,0.93267316,1,0.12762385606765747,0.07114646,0.036207415,1.5757482e-06,0.0068024183,0,0.38093727827072144,0.13428994,0.1432524,0.0013094265,0.060524445,0,0.4914388656616211
TSBD_WSSV_cf01831715,1,0,2,0.85455364,0.0053416463,0.091004126,0.063824736,7.664828e-06,0.013340552,0,0.12762385606765747,0.11241376,0.06443166,2.755191e-06,0.011756245,0,0.38093727827072144,0.7965821,0.8717437,0.9999896,0.9749032,0,0.4914388656616211
TSBD_WSSV_2c0f3e0b28,1,0,2,0.85591257,0.0052968543,0.08040695,0.059692737,5.725945e-06,0.011681874,0,0.12762385606765747,0.1205279,0.06790274,3.5843802e-06,0.012987885,0,0.38093727827072144,0.7990652,0.8724045,0.9999907,0.97533023,0,0.4914388656616211
TSBD_WSSV_801c0b8b82,1,0,2,0.8618422,0.004526481,0.09568112,0.062553376,7.037463e-06,0.013190129,0,0.12762385606765747,0.10138225,0.064630285,2.7678657e-06,0.011333803,0,0.38093727827072144,0.8029366,0.8728164,0.9999902,0.9754761,0,0.4914388656616211
TSBD_WSSV_f2274525f7,1,1,2,0.86314905,0.004383765,0.09177093,0.062923074,7.2046873e-06,0.013088342,0,0.12762385606765747,0.10382881,0.06437425,2.7047406e-06,0.011350296,0,0.38093727827072144,0.80440027,0.8727027,0.9999901,0.9755614,1,0.4914388656616211
TSBD_WSSV_2e17c58aad,1,1,2,0.86274403,0.0043763295,0.09429914,0.064879216,8.168562e-06,0.013742452,0,0.12762385606765747,0.101954654,0.06306584,2.429945e-06,0.010941554,0,0.38093727827072144,0.8037462,0.87205493,0.9999894,0.975316,1,0.4914388656616211
TSBD_WSSV_bb9d07b1e5,1,1,2,0.8625408,0.004467576,0.08901509,0.061959032,6.734531e-06,0.012689265,0,0.12762385606765747,0.10696926,0.06530373,2.9513558e-06,0.011748512,0,0.38093727827072144,0.80401564,0.8727372,0.99999034,0.9755622,1,0.4914388656616211
TSBD_WSSV_950d6de8a1,1,0,2,0.84523255,0.0060949503,0.09570416,0.07789216,1.7538889e-05,0.017598748,0,0.12762385606765747,0.114941664,0.057926178,1.7249617e-06,0.010327617,0,0.38093727827072144,0.78935426,0.8641817,0.9999808,0.9720737,0,0.4914388656616211
TSBD_WSSV_0b909fea6f,1,0,2,0.8608405,0.0046569575,0.08786858,0.062773064,7.071915e-06,0.012839577,0,0.12762385606765747,0.109466285,0.064883,2.8367047e-06,0.011723927,0,0.38093727827072144,0.8026651,0.87234396,0.9999901,0.97543645,0,0.4914388656616211
TSBD_WSSV_50b41d3123,1,1,2,0.862536,0.004445021,0.0903686,0.06339182,7.419719e-06,0.013141939,0,0.12762385606765747,0.10568021,0.06420848,2.6819548e-06,0.011391105,0,0.38093727827072144,0.8039512,0.8723997,0.99999,0.9754669,1,0.4914388656616211
TSBD_WSSV_1d66e28720,1,1,2,0.86287403,0.0044189226,0.09119103,0.06294688,7.22238e-06,0.01306898,0,0.12762385606765747,0.10459903,0.064364225,2.7073804e-06,0.011381999,0,0.38093727827072144,0.8042099,0.87268883,0.99999,0.97554904,1,0.4914388656616211
TSBD_WSSV_f9303a9060,1,1,2,0.8630435,0.004414819,0.09121127,0.06183179,6.6737807e-06,0.012760547,0,0.12762385606765747,0.10444791,0.06517921,2.9016617e-06,0.011599141,0,0.38093727827072144,0.80434084,0.872989,0.99999046,0.97564036,1,0.4914388656616211
TSBD_WSSV_ffd6ae5c1c,1,1,2,0.86246604,0.0044674277,0.09130909,0.061814602,6.699575e-06,0.012776757,0,0.12762385606765747,0.10497522,0.06535212,2.9622543e-06,0.01168455,0,0.38093727827072144,0.8037157,0.8728333,0.99999034,0.9755387,1,0.4914388656616211
TSBD_WSSV_6a97515cc2,1,1,2,0.86285156,0.004438962,0.09050597,0.061683834,6.6180496e-06,0.012691593,0,0.12762385606765747,0.10529182,0.06533748,2.9448076e-06,0.011679617,0,0.38093727827072144,0.8042022,0.8729786,0.99999034,0.97562885,1,0.4914388656616211
TSBD_WSSV_6a19d7effb,1,0,2,0.8615929,0.004550283,0.09323246,0.06261494,7.0343162e-06,0.013077297,0,0.12762385606765747,0.104004234,0.064722575,2.800893e-06,0.011471555,0,0.38093727827072144,0.8027633,0.8726625,0.9999902,0.9754511,0,0.4914388656616211
TSBD_WSSV_9872bb742f,1,0,2,0.85803753,0.004900776,0.0866679,0.06566912,8.5831525e-06,0.013572185,0,0.12762385606765747,0.11286973,0.063867755,2.6619687e-06,0.0116326,0,0.38093727827072144,0.80046237,0.87046313,0.9999888,0.97479516,0,0.4914388656616211
TSBD_WSSV_e44f2c0a8a,1,0,2,0.8618736,0.0045370404,0.08886907,0.062670514,7.0825727e-06,0.0128800785,0,0.12762385606765747,0.10765569,0.064818665,2.8098125e-06,0.011623919,0,0.38093727827072144,0.80347526,0.87251085,0.9999901,0.975496,0,0.4914388656616211
TSBD_WSSV_f1294af3d4,1,0,2,0.75877416,0.009292962,0.16304488,0.25209054,0.005156095,0.11327127,0,0.12762385606765747,0.087914266,0.04192494,9.1403325e-07,0.007233913,0,0.38093727827072144,0.7490409,0.7059845,0.99484295,0.8794948,0,0.4914388656616211
TSBD_WSSV_264790eb51,1,0,2,0.85838556,0.0048267394,0.09291115,0.06571648,8.692863e-06,0.013947058,0,0.12762385606765747,0.10739416,0.0632149,2.5084103e-06,0.011245135,0,0.38093727827072144,0.7996947,0.87106866,0.9999888,0.97480786,0,0.4914388656616211
TSBD_WSSV_11430ce0d0,1,1,2,0.86230874,0.0044516437,0.09453875,0.06369007,7.5691114e-06,0.01343491,0,0.12762385606765747,0.1021036,0.06384042,2.6024256e-06,0.011159971,0,0.38093727827072144,0.8033577,0.87246954,0.99998987,0.97540516,1,0.4914388656616211
TSBD_WSSV_74c3607b95,1,0,2,0.86102164,0.0046240073,0.08766276,0.06261868,7.053769e-06,0.012807219,0,0.12762385606765747,0.109584495,0.06515657,2.9686983e-06,0.01185701,0,0.38093727827072144,0.8027527,0.8722248,0.99999,0.97533584,0,0.4914388656616211
TSBD_WSSV_2c43cd74d0,1,0,2,0.86186826,0.0044824444,0.091623716,0.06439174,7.744543e-06,0.013419576,0,0.12762385606765747,0.10524532,0.063691914,2.5798738e-06,0.01125102,0,0.38093727827072144,0.8031309,0.8719163,0.9999896,0.9753294,0,0.4914388656616211
TSBD_WSSV_59d2b7350f,1,1,2,0.86222035,0.00447347,0.09266217,0.063735746,7.5773723e-06,0.013348202,0,0.12762385606765747,0.10387255,0.06379872,2.5763486e-06,0.011201404,0,0.38093727827072144,0.80346525,0.87246555,0.99998975,0.97545034,1,0.4914388656616211
TSBD_WSSV_5e189248db,1,1,2,0.8620475,0.004500163,0.093856946,0.061637238,6.563399e-06,0.012834512,0,0.12762385606765747,0.103019044,0.065586366,2.9701555e-06,0.011636008,0,0.38093727827072144,0.803124,0.87277645,0.99999046,0.9755295,1,0.4914388656616211
TSBD_WSSV_9f5ca0e80d,1,0,2,0.85637176,0.004648763,0.113400966,0.07525111,1.497457e-05,0.017759265,0,0.12762385606765747,0.09158423,0.057791486,1.6479656e-06,0.009411811,0,0.38093727827072144,0.7950148,0.8669573,0.9999833,0.97282887,0,0.4914388656616211
TSBD_WSSV_b626137b45,1,0,2,0.8613806,0.0045471704,0.09662684,0.06305961,7.237729e-06,0.013362562,0,0.12762385606765747,0.1010553,0.06449258,2.7640056e-06,0.011310449,0,0.38093727827072144,0.8023178,0.8724478,0.99999,0.975327,0,0.4914388656616211
TSBD_WSSV_27c2a5d56f,1,0,2,0.8609458,0.0045721736,0.09615963,0.0644386,7.929521e-06,0.013722489,0,0.12762385606765747,0.10198621,0.06349432,2.5186212e-06,0.011063001,0,0.38093727827072144,0.8018542,0.8720671,0.9999895,0.97521454,0,0.4914388656616211
TSBD_WSSV_eee60542d7,1,0,2,0.8141075,0.010690143,0.07280226,0.05948099,5.840962e-06,0.011455813,0,0.12762385606765747,0.15913498,0.07054489,4.456182e-06,0.015407361,0,0.38093727827072144,0.7680628,0.86997414,0.99998975,0.97313684,0,0.4914388656616211
TSBD_WSSV_d9ea0715c2,1,0,2,0.861683,0.0045233974,0.0932629,0.063643076,7.539077e-06,0.013359393,0,0.12762385606765747,0.103891864,0.06397857,2.6227642e-06,0.011259209,0,0.38093727827072144,0.8028452,0.87237847,0.99998987,0.97538143,0,0.4914388656616211
TSBD_WSSV_514bb3ccf8,0,0,0,0.26993158,0.1591892,0.1330286,0.6676158,0.93054414,0.56192166,0,0.12762385606765747,0.10278846,0.03719181,2.776539e-06,0.010992415,0,0.38093727827072144,0.7641829,0.29519248,0.06945303,0.427086,0,0.4914388656616211
TSBD_WSSV_d3cfe64d62,1,0,2,0.86115736,0.0045998963,0.09213333,0.062857725,7.1162626e-06,0.013078744,0,0.12762385606765747,0.105421096,0.064592,2.735118e-06,0.0114632705,0,0.38093727827072144,0.8024456,0.87255025,0.9999901,0.975458,0,0.4914388656616211
TSBD_WSSV_f825fa69cd,1,1,2,0.8623621,0.0044446373,0.08957174,0.063165195,7.317188e-06,0.013046248,0,0.12762385606765747,0.10671448,0.06471221,2.768768e-06,0.01154572,0,0.38093727827072144,0.80371374,0.8721227,0.99999,0.975408,1,0.4914388656616211
TSBD_WSSV_b899fa53da,1,1,2,0.862362,0.004464671,0.09194213,0.06285831,7.1203017e-06,0.013064766,0,0.12762385606765747,0.10446313,0.06454072,2.7282715e-06,0.011411647,0,0.38093727827072144,0.8035948,0.872601,0.9999901,0.9755236,1,0.4914388656616211
TSBD_WSSV_8b9052d96f,1,0,2,0.74400353,0.020512927,0.059955154,0.04944572,2.8073473e-06,0.00869225,0,0.12762385606765747,0.2240776,0.08357134,1.0197404e-05,0.022601591,0,0.38093727827072144,0.7159672,0.86698294,0.9999869,0.9687062,0,0.4914388656616211
TSBD_WSSV_376e37e18c,1,0,2,0.85561603,0.005298855,0.08670689,0.064924024,8.107599e-06,0.013357288,0,0.12762385606765747,0.1144086,0.06334491,2.4687713e-06,0.011475336,0,0.38093727827072144,0.7988845,0.8717311,0.9999894,0.9751674,0,0.4914388656616211
TSBD_WSSV_33b7d18fc1,1,1,2,0.86191255,0.004475639,0.09316579,0.06358432,7.4561767e-06,0.013320033,0,0.12762385606765747,0.103898846,0.06427122,2.6871794e-06,0.011337971,0,0.38093727827072144,0.8029353,0.87214446,0.99998975,0.9753419,1,0.4914388656616211
TSBD_WSSV_5ae365cdb5,1,0,2,0.8570027,0.0048590684,0.09950717,0.06631764,9.012973e-06,0.014463261,0,0.12762385606765747,0.103287116,0.06354746,2.6827327e-06,0.011280704,0,0.38093727827072144,0.7972057,0.87013483,0.9999882,0.97425604,0,0.4914388656616211
TSBD_WSSV_48983cce39,1,0,2,0.84327054,0.0050038286,0.10480728,0.116617456,0.000105528765,0.031249419,0,0.12762385606765747,0.1008627,0.048916154,8.745671e-07,0.007996593,0,0.38093727827072144,0.79433,0.83446634,0.99989367,0.960754,0,0.4914388656616211
TSBD_WSSV_f41afb12de,1,1,2,0.8621225,0.004473109,0.09197623,0.06256834,6.9798666e-06,0.0129897045,0,0.12762385606765747,0.104792826,0.06501569,2.8510517e-06,0.011565359,0,0.38093727827072144,0.803231,0.872416,0.9999901,0.9754449,1,0.4914388656616211
TSBD_WSSV_719214e8fc,1,0,2,0.8589283,0.004910213,0.08569364,0.06203122,6.7457663e-06,0.012547203,0,0.12762385606765747,0.11303606,0.06550866,2.9817143e-06,0.01203338,0,0.38093727827072144,0.8012703,0.8724601,0.9999902,0.9754194,0,0.4914388656616211
TSBD_WSSV_f9b891c236,1,0,2,0.8596338,0.0048356764,0.086794615,0.062232573,6.799414e-06,0.012638652,0,0.12762385606765747,0.11135938,0.065085776,2.8531629e-06,0.011828086,0,0.38093727827072144,0.80184597,0.87268156,0.99999034,0.97553325,0,0.4914388656616211
TSBD_WSSV_60bf799ad0,1,0,2,0.8617614,0.0045079384,0.095527776,0.06310049,7.196083e-06,0.013296356,0,0.12762385606765747,0.10174272,0.064427465,2.7119288e-06,0.011288,0,0.38093727827072144,0.80272955,0.8724721,0.9999901,0.9754156,0,0.4914388656616211
TSBD_WSSV_3221471a09,1,0,2,0.85811514,0.005002356,0.084718056,0.06209559,6.739876e-06,0.012505065,0,0.12762385606765747,0.11460195,0.06567254,2.9698544e-06,0.012099669,0,0.38093727827072144,0.80068,0.8722318,0.9999902,0.97539526,0,0.4914388656616211
TSBD_WSSV_81c77d6283,1,0,2,0.85962236,0.0042297626,0.100743845,0.07995524,1.9563024e-05,0.018448342,0,0.12762385606765747,0.09909251,0.056086607,1.4272192e-06,0.009263214,0,0.38093727827072144,0.8001636,0.8639582,0.999979,0.9722885,0,0.4914388656616211
TSBD_WSSV_7ba0bac7cd,1,0,2,0.8553738,0.0052107954,0.1086589,0.06493617,8.16153e-06,0.014482969,0,0.12762385606765747,0.09467088,0.06318907,2.4586166e-06,0.010724182,0,0.38093727827072144,0.79667026,0.87187475,0.9999894,0.9747929,0,0.4914388656616211
TSBD_WSSV_b8b164e72b,1,0,2,0.84671384,0.0063539674,0.11840625,0.06409358,7.734291e-06,0.014714121,0,0.12762385606765747,0.091330715,0.06367317,2.5506397e-06,0.010730712,0,0.38093727827072144,0.790263,0.8722332,0.99998975,0.97455513,0,0.4914388656616211
TSBD_WSSV_7942e3c67c,1,0,2,0.8605972,0.0046129525,0.09649488,0.06406628,7.762081e-06,0.013646635,0,0.12762385606765747,0.10201378,0.06382006,2.5954332e-06,0.011157669,0,0.38093727827072144,0.80149126,0.87211365,0.9999896,0.9751957,0,0.4914388656616211
TSBD_WSSV_e572949946,1,0,2,0.8568333,0.0048933346,0.099886514,0.06499087,8.170272e-06,0.0140753575,0,0.12762385606765747,0.10307667,0.06461025,2.7357357e-06,0.01140402,0,0.38093727827072144,0.79703677,0.8703988,0.99998903,0.9745207,0,0.4914388656616211
TSBD_WSSV_a204c36610,1,0,2,0.82342845,0.009245114,0.14430177,0.068470016,1.0166301e-05,0.017285487,0,0.12762385606765747,0.083761215,0.061361935,2.1421483e-06,0.009961345,0,0.38093727827072144,0.771937,0.87016803,0.9999877,0.97275317,0,0.4914388656616211
TSBD_WSSV_9c4b4f11b8,1,0,2,0.53655815,0.054790117,0.09160578,0.3171324,0.02032202,0.13783687,0,0.12762385606765747,0.17052115,0.04359377,1.7661316e-06,0.010809576,0,0.38093727827072144,0.73787314,0.6392738,0.97967625,0.8513535,0,0.4914388656616211
TSBD_WSSV_687a703a75,1,0,2,0.8563967,0.0050551705,0.09464444,0.064566,8.042572e-06,0.013722592,0,0.12762385606765747,0.107815154,0.06409867,2.6573666e-06,0.011471819,0,0.38093727827072144,0.7975405,0.8713354,0.9999894,0.9748056,0,0.4914388656616211
TSBD_WSSV_60273dd644,1,0,2,0.8559912,0.0051179375,0.10540142,0.06466447,8.025716e-06,0.014253804,0,0.12762385606765747,0.09761617,0.06353449,2.507551e-06,0.010908757,0,0.38093727827072144,0.7969824,0.871801,0.9999895,0.9748374,0,0.4914388656616211
TSBD_WSSV_c29e86db5b,1,0,2,0.85938925,0.00470984,0.09683619,0.06477525,8.236451e-06,0.013903362,0,0.12762385606765747,0.10300444,0.06364495,2.5701577e-06,0.011166318,0,0.38093727827072144,0.80015934,0.8715798,0.99998915,0.9749303,0,0.4914388656616211
TSBD_WSSV_79fa511ed0,1,0,2,0.86093664,0.0045875814,0.098270774,0.06377586,7.6235815e-06,0.013653885,0,0.12762385606765747,0.099898264,0.063890666,2.6151486e-06,0.011096148,0,0.38093727827072144,0.80183095,0.87233347,0.99998975,0.97525,0,0.4914388656616211
TSBD_WSSV_58e35ef754,1,0,2,0.62380266,0.041986395,0.2767486,0.069145344,1.0699945e-05,0.023298107,0,0.12762385606765747,0.076647475,0.061497968,2.1655737e-06,0.010244655,0,0.38093727827072144,0.646604,0.8693567,0.9999871,0.9664573,0,0.4914388656616211
TSBD_WSSV_1ce4e5b49f,1,0,2,0.52350646,0.056603156,0.17017107,0.06385254,9.9511635e-06,0.019880105,0,0.12762385606765747,0.29888892,0.0978736,2.7972012e-05,0.036080807,0,0.38093727827072144,0.53094,0.83827394,0.9999621,0.94403905,0,0.4914388656616211
TSBD_WSSV_ea57134108,1,0,2,0.8583981,0.005022384,0.08311093,0.06205902,6.8310787e-06,0.012445737,0,0.12762385606765747,0.11538835,0.06539073,2.9857977e-06,0.012112429,0,0.38093727827072144,0.80150074,0.87255025,0.9999902,0.9754418,0,0.4914388656616211
TSBD_WSSV_8b1af1900d,1,0,2,0.8612802,0.0046187826,0.086338244,0.06169647,6.572638e-06,0.012475663,0,0.12762385606765747,0.11053556,0.06579015,3.0102237e-06,0.011976921,0,0.38093727827072144,0.80312616,0.8725133,0.99999046,0.97554743,0,0.4914388656616211
TSBD_WSSV_2f46cb1b79,1,0,2,0.86040163,0.004636323,0.09485202,0.06350167,7.383175e-06,0.013378207,0,0.12762385606765747,0.10379986,0.064416125,2.7061358e-06,0.011368841,0,0.38093727827072144,0.80134815,0.87208223,0.99998987,0.975253,0,0.4914388656616211
TSBD_WSSV_383e727d4a,1,0,2,0.8571572,0.004733664,0.10105328,0.07096494,1.1582329e-05,0.015769925,0,0.12762385606765747,0.10179061,0.060554594,2.0255914e-06,0.0103868125,0,0.38093727827072144,0.7971561,0.8684804,0.9999864,0.97384334,0,0.4914388656616211
TSBD_WSSV_b076b7af44,1,1,2,0.86256087,0.004379902,0.09465732,0.065409906,8.498286e-06,0.013922358,0,0.12762385606765747,0.10183384,0.06277053,2.395678e-06,0.010884064,0,0.38093727827072144,0.8035088,0.8718196,0.99998915,0.9751936,1,0.4914388656616211
TSBD_WSSV_6a65b3c303,1,0,2,0.8606288,0.0046132347,0.08885895,0.065536104,8.35669e-06,0.013593938,0,0.12762385606765747,0.10866467,0.06331976,2.4805756e-06,0.011264473,0,0.38093727827072144,0.80247635,0.8711442,0.99998915,0.97514164,0,0.4914388656616211
TSBD_WSSV_d552ad13be,1,0,2,0.8576314,0.0050129285,0.08499654,0.06420374,7.845783e-06,0.013104742,0,0.12762385606765747,0.11458055,0.064574316,2.7692363e-06,0.011843942,0,0.38093727827072144,0.80042297,0.871222,0.9999894,0.9750513,0,0.4914388656616211
TSBD_WSSV_64069923e3,1,0,2,0.81449866,0.0059256144,0.1876388,0.12715179,0.00015460279,0.043818746,0,0.12762385606765747,0.07577049,0.04684536,7.2446005e-07,0.0069636423,0,0.38093727827072144,0.7365907,0.82600284,0.9998447,0.9492177,0,0.4914388656616211
