sample_id,tri_consensus,selected,consensus_class,tri_score,source_ema_js,p_source_BG,p_ema_BG,p_proto_BG,q_consensus_BG,selected_BG,target_prior_BG,p_source_Healthy,p_ema_Healthy,p_proto_Healthy,q_consensus_Healthy,selected_Healthy,target_prior_Healthy,p_source_WSSV,p_ema_WSSV,p_proto_WSSV,q_consensus_WSSV,selected_WSSV,target_prior_WSSV
TSBD_BG_b9ded89290,0,0,0,0.069842026,0.37418598,0.08357923,0.87949747,0.9999678,0.8982769,0,0.06774367392063141,0.6890771,0.056803115,1.178501e-05,0.056610927,0,0.1557409167289734,0.22734374,0.0636994,2.0375219e-05,0.045112137,0,0.7765154242515564
TSBD_BG_ec6804e1c1,1,1,0,0.8895813,0.0036718403,0.8424377,0.8993283,0.9999864,0.97862744,1,0.06774367392063141,0.09091232,0.055295397,9.7178045e-06,0.012725033,0,0.1557409167289734,0.066649966,0.045376282,3.7831912e-06,0.008647522,0,0.7765154242515564
TSBD_BG_e6c7f786d1,1,1,1,0.8344042,0.0065753814,0.12545319,0.07353035,9.594291e-06,0.016863976,0,0.06774367392063141,0.7710505,0.8593406,0.99998665,0.9705795,1,0.1557409167289734,0.103496276,0.06712906,3.7738553e-06,0.012556523,0,0.7765154242515564
TSBD_BG_27046d49de,1,1,0,0.84778744,0.0068760393,0.79518855,0.87931013,0.99993825,0.9674314,1,0.06774367392063141,0.08165606,0.04053405,2.2037498e-06,0.0080713155,0,0.1557409167289734,0.12315531,0.08015582,5.9629027e-05,0.024497282,0,0.7765154242515564
TSBD_BG_ef94f9e30a,1,0,2,0.87286186,0.0038900087,0.08639501,0.07001866,8.872343e-06,0.013911327,0,0.06774367392063141,0.09419592,0.052720737,1.986746e-06,0.0093556745,0,0.1557409167289734,0.8194091,0.8772606,0.99998915,0.976733,0,0.7765154242515564
TSBD_BG_014cc1626a,1,0,2,0.86809355,0.004479509,0.0839746,0.071916476,1.01358955e-05,0.014335203,0,0.06774367392063141,0.09921837,0.052104298,1.8899694e-06,0.009395031,0,0.1557409167289734,0.81680703,0.8759792,0.99998796,0.9762698,0,0.7765154242515564
TSBD_BG_ab942e7799,1,0,2,0.85929734,0.0041552195,0.08010112,0.038546354,1.0935989e-06,0.006829893,0,0.06774367392063141,0.101380765,0.11898815,0.00013292805,0.032170713,0,0.1557409167289734,0.8185181,0.8424655,0.999866,0.96099937,0,0.7765154242515564
TSBD_BG_92d3bac25d,0,0,1,0.19877508,0.2135398,0.108557135,0.05053349,6.354181e-06,0.019692635,0,0.06774367392063141,0.103697635,0.7163473,0.99622935,0.69919366,0,0.1557409167289734,0.7877453,0.23311922,0.0037642668,0.28111374,0,0.7765154242515564
TSBD_BG_3179613a58,1,1,0,0.5579552,0.05881704,0.6327276,0.89015895,0.9999814,0.967176,1,0.06774367392063141,0.06937848,0.057643775,1.1355423e-05,0.013354533,0,0.1557409167289734,0.2978939,0.052197192,7.300341e-06,0.019469388,0,0.7765154242515564
TSBD_BG_72fcb5ad43,1,1,1,0.8526306,0.004259864,0.10880073,0.07792808,1.269977e-05,0.017312633,0,0.06774367392063141,0.78751427,0.857101,0.9999839,0.97067493,1,0.1557409167289734,0.10368501,0.06497088,3.3452786e-06,0.012012428,0,0.7765154242515564
TSBD_BG_1adf4fa166,0,0,0,0.24090955,0.1647163,0.38768467,0.7477161,0.9886751,0.85755056,0,0.06774367392063141,0.102422215,0.2183346,0.011323493,0.12651415,0,0.1557409167289734,0.5098931,0.03394926,1.4250829e-06,0.015935266,0,0.7765154242515564
TSBD_BG_19f57a7d83,0,0,1,0.30400544,0.13683194,0.06530067,0.084445484,1.7513803e-05,0.01958184,0,0.06774367392063141,0.4269971,0.85418236,0.99998,0.9568446,0,0.1557409167289734,0.50770223,0.061372146,2.5083834e-06,0.023573587,0,0.7765154242515564
TSBD_BG_b06b80d500,1,1,1,0.84194326,0.005655395,0.10469443,0.08011028,1.4231616e-05,0.017748378,0,0.06774367392063141,0.7798502,0.85697246,0.99998295,0.9703139,1,0.1557409167289734,0.115455374,0.062917255,2.8430272e-06,0.01193774,0,0.7765154242515564
TSBD_BG_5c745e387f,1,1,0,0.64026123,0.04055442,0.6654445,0.8876261,0.99995625,0.9622438,1,0.06774367392063141,0.2825834,0.07534211,4.2342985e-05,0.03136324,0,0.1557409167289734,0.051972114,0.037031837,1.4260588e-06,0.006392964,0,0.7765154242515564
TSBD_BG_c333741c9b,1,0,1,0.5681726,0.039040443,0.4108663,0.17747849,0.0006061684,0.0967136,0,0.06774367392063141,0.51516634,0.77778226,0.99939287,0.8955156,0,0.1557409167289734,0.073967345,0.04473922,9.060754e-07,0.0077707833,0,0.7765154242515564
TSBD_BG_a3ac70c2de,1,0,1,0.4274537,0.088386424,0.06909414,0.09229685,2.5826883e-05,0.020849144,0,0.06774367392063141,0.53823185,0.85001117,0.9999722,0.96075636,0,0.1557409167289734,0.39267406,0.057692017,1.8997303e-06,0.018394463,0,0.7765154242515564
TSBD_BG_6ff47981ea,1,0,1,0.50605106,0.0348397,0.2285821,0.4622713,0.21560007,0.33627108,0,0.06774367392063141,0.6630519,0.500165,0.784397,0.6548489,0,0.1557409167289734,0.10836597,0.037563745,2.899509e-06,0.008880036,0,0.7765154242515564
TSBD_BG_64274bed67,0,0,1,0.23617522,0.18064538,0.05344303,0.10747168,5.379469e-05,0.026981845,0,0.06774367392063141,0.3638513,0.8381921,0.99994457,0.9503922,0,0.1557409167289734,0.5827056,0.054336213,1.5817911e-06,0.022625959,0,0.7765154242515564
TSBD_BG_7031e4d230,1,1,0,0.6840856,0.03320958,0.7002758,0.8882402,0.9999691,0.9683849,1,0.06774367392063141,0.111657,0.07010467,2.8522742e-05,0.020033289,0,0.1557409167289734,0.18806715,0.041655064,2.3864109e-06,0.011581825,0,0.7765154242515564
TSBD_BG_03136a4786,1,1,2,0.87742835,0.0030969935,0.07715502,0.05484781,3.3607157e-06,0.009860243,0,0.06774367392063141,0.10272302,0.06883487,7.3700235e-06,0.014125163,0,0.1557409167289734,0.820122,0.8763173,0.9999893,0.9760146,1,0.7765154242515564
TSBD_BG_daacfdf534,1,0,2,0.80443424,0.0056785597,0.077774584,0.14062054,0.00049057725,0.04192132,0,0.06774367392063141,0.11952277,0.13221438,0.0004134208,0.045797307,0,0.1557409167289734,0.8027026,0.72716504,0.99909604,0.9122814,0,0.7765154242515564
TSBD_BG_873a3617a3,1,0,2,0.8678941,0.0044415044,0.07177213,0.0631556,6.0499424e-06,0.01154656,0,0.06774367392063141,0.11217607,0.061325714,4.308338e-06,0.012447976,0,0.1557409167289734,0.81605184,0.8755187,0.9999896,0.97600543,0,0.7765154242515564
TSBD_BG_abfa756b67,0,0,0,0.34219918,0.12393735,0.23305716,0.7194402,0.97940123,0.7008538,0,0.06774367392063141,0.08869638,0.037101507,2.742859e-06,0.0102049215,0,0.1557409167289734,0.6782465,0.24345832,0.02059611,0.2889413,0,0.7765154242515564
TSBD_BG_897409ab6a,0,0,2,0.26106668,0.17134503,0.062316958,0.038251538,1.137585e-06,0.008572783,0,0.06774367392063141,0.6553837,0.12591696,0.00017378239,0.09129217,0,0.1557409167289734,0.28229934,0.8358315,0.99982506,0.90013504,0,0.7765154242515564
TSBD_BG_029a32b87f,1,0,2,0.83464926,0.0071613155,0.15309772,0.08720026,2.3327691e-05,0.023171572,0,0.06774367392063141,0.071947716,0.046937354,1.1884131e-06,0.0074223583,0,0.1557409167289734,0.7749546,0.86586237,0.99997544,0.969406,0,0.7765154242515564
TSBD_BG_ad84846145,1,0,2,0.85980946,0.004528968,0.1145936,0.070147984,9.70395e-06,0.015781887,0,0.06774367392063141,0.085316576,0.060066894,3.8759144e-06,0.011047867,0,0.1557409167289734,0.80008984,0.86978513,0.9999864,0.9731702,0,0.7765154242515564
TSBD_BG_6250909f04,1,1,1,0.755783,0.016934458,0.14899054,0.07196158,9.143001e-06,0.018049255,0,0.06774367392063141,0.70657074,0.8572999,0.9999857,0.9661703,1,0.1557409167289734,0.14443868,0.07073848,5.125322e-06,0.015780449,0,0.7765154242515564
TSBD_Healthy_c7fd512124,0,0,1,0.2920526,0.14760306,0.07494864,0.042452704,6.3283915e-06,0.012995133,0,0.06774367392063141,0.10934354,0.6115986,0.9559739,0.5350249,0,0.1557409167289734,0.81570774,0.34594867,0.044019777,0.45197996,0,0.7765154242515564
TSBD_Healthy_1ab857c1ee,0,0,1,0.14461051,0.2682207,0.055309556,0.05931223,4.199273e-06,0.01528716,0,0.06774367392063141,0.18909447,0.8551699,0.99998367,0.9290875,0,0.1557409167289734,0.755596,0.08551789,1.211275e-05,0.05562531,0,0.7765154242515564
TSBD_Healthy_a4108c60ab,0,0,1,0.10758432,0.31529212,0.06280876,0.06588466,6.0184248e-06,0.01980213,0,0.06774367392063141,0.14328113,0.8591586,0.99998784,0.92908084,0,0.1557409167289734,0.7939101,0.07495676,6.0901175e-06,0.051117,0,0.7765154242515564
TSBD_Healthy_603954b4fc,0,0,1,0.112941995,0.30681372,0.07808796,0.071422055,9.504804e-06,0.025106657,0,0.06774367392063141,0.12386453,0.8346419,0.9999713,0.9011048,0,0.1557409167289734,0.79804754,0.09393604,1.9260458e-05,0.07378857,0,0.7765154242515564
TSBD_Healthy_a7669a6337,0,0,1,0.1551751,0.25662854,0.060112048,0.061204534,4.812757e-06,0.016314019,0,0.06774367392063141,0.19029526,0.84469146,0.9999765,0.92088443,0,0.1557409167289734,0.7495927,0.094103985,1.8677627e-05,0.06280151,0,0.7765154242515564
TSBD_Healthy_0969d7950f,0,0,1,0.11413269,0.30537856,0.06416486,0.070815064,8.112546e-06,0.021243507,0,0.06774367392063141,0.15789081,0.8585617,0.9999871,0.93305063,0,0.1557409167289734,0.7779443,0.07062323,4.776867e-06,0.045705795,0,0.7765154242515564
TSBD_Healthy_3535a7f645,1,0,1,0.5653212,0.054466955,0.059918914,0.077486835,1.21236935e-05,0.014970369,0,0.06774367392063141,0.6259171,0.85796535,0.9999846,0.96615434,0,0.1557409167289734,0.31416398,0.06454777,3.2076618e-06,0.01887533,0,0.7765154242515564
TSBD_Healthy_28874652ec,0,0,1,0.12387951,0.29331565,0.07293477,0.04796126,2.0292443e-06,0.015149762,0,0.06774367392063141,0.109772086,0.82105726,0.9998952,0.8632611,0,0.1557409167289734,0.8172931,0.13098153,0.000102691665,0.12158914,0,0.7765154242515564
TSBD_Healthy_c9a3ba4645,0,0,1,0.28420952,0.15053801,0.05967534,0.075343646,1.0612606e-05,0.016665872,0,0.06774367392063141,0.3977286,0.859017,0.99998605,0.95635545,0,0.1557409167289734,0.5425961,0.0656393,3.3793392e-06,0.026978714,0,0.7765154242515564
TSBD_Healthy_ec9cff4659,0,0,1,0.2717759,0.15627646,0.09102735,0.08703641,1.967597e-05,0.02383674,0,0.06774367392063141,0.3717976,0.8509947,0.9999776,0.9505095,0,0.1557409167289734,0.5371751,0.061968908,2.7305123e-06,0.02565379,0,0.7765154242515564
TSBD_Healthy_d0dd7481d3,1,1,1,0.8444424,0.0052827317,0.12694225,0.07741498,1.21386765e-05,0.018102154,0,0.06774367392063141,0.7798962,0.8581537,0.99998474,0.9704617,1,0.1557409167289734,0.09316155,0.064431325,3.1728237e-06,0.0114361085,0,0.7765154242515564
TSBD_Healthy_9b9c4b2008,0,0,1,0.12550946,0.2893576,0.059750758,0.08470143,1.8812323e-05,0.025501382,0,0.06774367392063141,0.18057387,0.848671,0.99997723,0.9336071,0,0.1557409167289734,0.75967544,0.06662756,3.9978377e-06,0.04089152,0,0.7765154242515564
TSBD_Healthy_6af33a64f0,0,0,1,0.10232701,0.32266608,0.069958486,0.07549506,1.2646183e-05,0.02636578,0,0.06774367392063141,0.12512177,0.8450252,0.9999782,0.91421264,0,0.1557409167289734,0.8049197,0.079479784,9.112108e-06,0.05942155,0,0.7765154242515564
TSBD_Healthy_11508a2a47,1,1,0,0.86772543,0.006475156,0.8267609,0.89952815,0.9999881,0.9782696,1,0.06774367392063141,0.10732381,0.05100292,6.181283e-06,0.011952177,0,0.1557409167289734,0.065915346,0.049468998,5.694856e-06,0.009778261,0,0.7765154242515564
TSBD_Healthy_9c80ffce77,0,0,1,0.12974586,0.28215104,0.07677273,0.12105013,0.00016135989,0.0548753,0,0.06774367392063141,0.11863787,0.7665545,0.9997608,0.8407418,0,0.1557409167289734,0.80458945,0.112395406,7.778633e-05,0.1043829,0,0.7765154242515564
TSBD_Healthy_fdc6d1fa33,1,1,1,0.7506956,0.019778185,0.07370603,0.0828142,1.5922466e-05,0.016633462,0,0.06774367392063141,0.7347286,0.8551925,0.9999814,0.9691227,1,0.1557409167289734,0.19156536,0.061993316,2.6440914e-06,0.0142438905,0,0.7765154242515564
TSBD_Healthy_8c646c1060,1,0,0,0.37885883,0.10490936,0.49473158,0.89598465,0.99998415,0.9605712,0,0.06774367392063141,0.3809058,0.058658015,1.220892e-05,0.026750704,0,0.1557409167289734,0.124362595,0.045357376,3.6921283e-06,0.012678116,0,0.7765154242515564
TSBD_Healthy_1b2ea804f3,0,0,1,0.18789169,0.2224094,0.064314894,0.07907292,1.27141e-05,0.020495705,0,0.06774367392063141,0.27401105,0.8568579,0.9999844,0.94800514,0,0.1557409167289734,0.661674,0.064069234,2.9613075e-06,0.031499136,0,0.7765154242515564
TSBD_Healthy_181a36e89e,0,0,1,0.19419867,0.21717215,0.058646195,0.07773383,1.2014145e-05,0.019250927,0,0.06774367392063141,0.28358597,0.8570493,0.99998474,0.9487364,0,0.1557409167289734,0.65776783,0.06521694,3.2990888e-06,0.032012608,0,0.7765154242515564
TSBD_Healthy_b13db56cba,0,0,1,0.12701222,0.28873843,0.07216209,0.063245095,7.803382e-06,0.022184797,0,0.06774367392063141,0.1136968,0.81064624,0.9998976,0.86140174,0,0.1557409167289734,0.81414104,0.12610862,9.461766e-05,0.11641347,0,0.7765154242515564
TSBD_Healthy_e91e5f3d2c,1,1,1,0.8431008,0.0055118445,0.11576541,0.07489648,1.0327149e-05,0.016727583,0,0.06774367392063141,0.7787434,0.8592613,0.9999862,0.9710022,1,0.1557409167289734,0.10549128,0.06584223,3.4482725e-06,0.01227016,0,0.7765154242515564
TSBD_Healthy_b9f53cb41a,1,1,1,0.70352376,0.026031496,0.24414147,0.08211015,1.5224649e-05,0.025460256,0,0.06774367392063141,0.6843933,0.8563376,0.99998224,0.9643747,1,0.1557409167289734,0.07146523,0.061552234,2.5356562e-06,0.010165083,0,0.7765154242515564
TSBD_Healthy_eb22129a24,1,1,0,0.8100249,0.014694873,0.7926919,0.8995681,0.99998784,0.97682446,1,0.06774367392063141,0.15337472,0.052460577,7.249512e-06,0.014348812,0,0.1557409167289734,0.053933315,0.047971353,4.8636402e-06,0.008826728,0,0.7765154242515564
TSBD_Healthy_968a78b93d,1,1,1,0.7715533,0.016173575,0.08214213,0.07666122,1.1507097e-05,0.015585712,0,0.06774367392063141,0.73919094,0.85867596,0.99998534,0.96975726,1,0.1557409167289734,0.17866696,0.06466287,3.1863676e-06,0.01465702,0,0.7765154242515564
TSBD_Healthy_c7a3a188a8,1,1,0,0.6916699,0.027026266,0.6629199,0.8572335,0.9997321,0.9411471,1,0.06774367392063141,0.27735636,0.10896797,0.00026699467,0.052896034,0,0.1557409167289734,0.059723813,0.033798482,9.895209e-07,0.0059568295,0,0.7765154242515564
TSBD_Healthy_f55a2f1b43,1,0,2,0.8585631,0.004327383,0.08161274,0.039360683,1.1478734e-06,0.0070079537,0,0.06774367392063141,0.09837659,0.11897045,0.00013001704,0.031694118,0,0.1557409167289734,0.8200107,0.84166884,0.99986875,0.96129787,0,0.7765154242515564
TSBD_Healthy_11a0ec4d06,0,0,1,0.15528499,0.25406912,0.096809514,0.07392755,2.1782262e-05,0.032175366,0,0.06774367392063141,0.088772155,0.74087507,0.9991072,0.75348294,0,0.1557409167289734,0.8144183,0.18519741,0.0008710184,0.21434171,0,0.7765154242515564
TSBD_Healthy_dda7c6bbc5,0,0,1,0.13508333,0.2781595,0.05548418,0.07260346,8.863945e-06,0.019396195,0,0.06774367392063141,0.19663145,0.85909086,0.9999871,0.940581,0,0.1557409167289734,0.74788433,0.06830571,4.0113773e-06,0.04002282,0,0.7765154242515564
TSBD_Healthy_b83d452fe7,1,0,2,0.8252681,0.008128286,0.08240524,0.036295105,1.0683698e-06,0.0066935755,0,0.06774367392063141,0.09747196,0.15689734,0.0006026934,0.048702605,0,0.1557409167289734,0.8201228,0.8068075,0.9993962,0.9446038,0,0.7765154242515564
TSBD_Healthy_ec04a77054,1,1,1,0.8499991,0.0049210936,0.09562996,0.074190944,9.841054e-06,0.015375255,0,0.06774367392063141,0.78826684,0.8596707,0.99998665,0.9719238,1,0.1557409167289734,0.11610315,0.0661384,3.490885e-06,0.012700915,0,0.7765154242515564
TSBD_Healthy_63480c13ab,1,1,1,0.80867213,0.010864092,0.078883,0.07419221,9.883358e-06,0.014530339,0,0.06774367392063141,0.764525,0.8595989,0.99998665,0.97119963,1,0.1557409167289734,0.15659198,0.06620892,3.513731e-06,0.0142700365,0,0.7765154242515564
TSBD_Healthy_a334fe0843,1,1,1,0.84324104,0.0054931752,0.12248234,0.07478915,1.03212315e-05,0.017046234,0,0.06774367392063141,0.7790046,0.85908115,0.9999862,0.97091705,1,0.1557409167289734,0.09851302,0.066129684,3.4984955e-06,0.012036676,0,0.7765154242515564
TSBD_Healthy_af48f4f88b,1,1,1,0.7542619,0.017549366,0.21088248,0.084887214,1.7696606e-05,0.024979651,0,0.06774367392063141,0.71294695,0.8549681,0.99998,0.96507484,1,0.1557409167289734,0.07617053,0.060144678,2.2842685e-06,0.009945552,0,0.7765154242515564
TSBD_Healthy_58fc6d9018,0,0,1,0.30568233,0.13180521,0.09163513,0.03399531,3.110932e-06,0.010041162,0,0.06774367392063141,0.09640304,0.5597903,0.87719357,0.44361654,0,0.1557409167289734,0.8119619,0.40621433,0.122803316,0.5463423,0,0.7765154242515564
TSBD_Healthy_ed8a98aaef,1,0,2,0.86857337,0.0033959567,0.07967423,0.040789682,1.2076041e-06,0.0071217585,0,0.06774367392063141,0.10008814,0.10413156,6.6630484e-05,0.02622853,0,0.1557409167289734,0.82023764,0.8550788,0.99993217,0.96664965,0,0.7765154242515564
TSBD_Healthy_c1a36abd3d,0,0,1,0.117517926,0.3017725,0.064444035,0.05546479,3.1517095e-06,0.016261326,0,0.06774367392063141,0.13755926,0.85012645,0.9999778,0.91235113,0,0.1557409167289734,0.79799676,0.09440882,1.899787e-05,0.07138746,0,0.7765154242515564
TSBD_Healthy_ba89f16ead,1,1,1,0.84444326,0.0055355467,0.0986124,0.074450955,1.0129626e-05,0.015689492,0,0.06774367392063141,0.78268546,0.85943145,0.9999863,0.97145337,1,0.1557409167289734,0.11870221,0.06611761,3.5345906e-06,0.012857121,0,0.7765154242515564
TSBD_Healthy_ff7717e05f,1,1,0,0.852793,0.008279564,0.81511486,0.89791036,0.99998724,0.977221,1,0.06774367392063141,0.121381015,0.05339807,7.6133397e-06,0.013343412,0,0.1557409167289734,0.06350407,0.048691627,5.1475004e-06,0.009435539,0,0.7765154242515564
TSBD_Healthy_9697828448,0,0,1,0.089222915,0.34442586,0.07458163,0.070806354,8.130316e-06,0.024802124,0,0.06774367392063141,0.11494291,0.85968584,0.9999875,0.9249842,0,0.1557409167289734,0.8104755,0.06950779,4.43272e-06,0.05021366,0,0.7765154242515564
TSBD_Healthy_0dc7202194,1,1,1,0.800858,0.01145865,0.094386585,0.07674337,1.1522349e-05,0.016276823,0,0.06774367392063141,0.75238335,0.85854375,0.9999852,0.9698842,1,0.1557409167289734,0.15323009,0.06471279,3.2179005e-06,0.013839002,0,0.7765154242515564
TSBD_Healthy_aafafefd6f,0,0,1,0.10839934,0.31312305,0.083778,0.06554061,6.250957e-06,0.022251375,0,0.06774367392063141,0.13710101,0.85749817,0.9999864,0.9237621,0,0.1557409167289734,0.77912104,0.076961264,7.3925485e-06,0.05398651,0,0.7765154242515564
TSBD_Healthy_3e37e6f481,0,0,1,0.19444568,0.21777734,0.05988554,0.06872844,7.1954064e-06,0.016700638,0,0.06774367392063141,0.2737151,0.8595192,0.9999876,0.9462728,0,0.1557409167289734,0.6663993,0.07175234,5.1601432e-06,0.037026573,0,0.7765154242515564
TSBD_Healthy_d5c6d15d07,1,0,2,0.86817414,0.004454614,0.09275365,0.0473605,1.9102163e-06,0.008800359,0,0.06774367392063141,0.08975292,0.07758448,1.3507298e-05,0.016064243,0,0.1557409167289734,0.8174934,0.875055,0.9999846,0.9751354,0,0.7765154242515564
TSBD_Healthy_968206666f,0,0,1,0.118575126,0.30024058,0.06906931,0.054167937,3.0090553e-06,0.016540743,0,0.06774367392063141,0.12930739,0.84310484,0.9999666,0.9008388,0,0.1557409167289734,0.8016233,0.10272725,3.0375346e-05,0.08262043,0,0.7765154242515564
TSBD_Healthy_cacd4fa5f3,0,0,1,0.27085033,0.16048798,0.056889582,0.06875121,7.2288863e-06,0.014888018,0,0.06774367392063141,0.36970526,0.85844606,0.99998724,0.95258576,0,0.1557409167289734,0.57340515,0.07280269,5.5475393e-06,0.032526173,0,0.7765154242515564
TSBD_Healthy_c00e285b89,1,0,2,0.87435466,0.0037388713,0.084899895,0.0461441,1.6493402e-06,0.00817236,0,0.06774367392063141,0.09340033,0.077195495,1.2926679e-05,0.016078718,0,0.1557409167289734,0.82169974,0.8766604,0.99998546,0.9757489,0,0.7765154242515564
TSBD_Healthy_e318b96772,1,0,2,0.86071706,0.0037758518,0.07673448,0.03760876,9.5317864e-07,0.0064740228,0,0.06774367392063141,0.10547722,0.121382646,0.00014507194,0.03349695,0,0.1557409167289734,0.81778836,0.84100854,0.99985397,0.960029,0,0.7765154242515564
TSBD_Healthy_f874d1c34c,1,0,2,0.86280507,0.0043995148,0.083545074,0.039142054,1.0201045e-06,0.0068742456,0,0.06774367392063141,0.096379355,0.10554013,6.737324e-05,0.026107432,0,0.1557409167289734,0.8200756,0.8553179,0.9999316,0.9670183,0,0.7765154242515564
TSBD_Healthy_a486752b98,1,0,2,0.7244814,0.021275131,0.07706564,0.033533182,1.5118493e-06,0.006707935,0,0.06774367392063141,0.10417796,0.24855982,0.009959383,0.10656982,0,0.1557409167289734,0.8187564,0.71790695,0.99003905,0.8867222,0,0.7765154242515564
TSBD_Healthy_79eca515b7,1,0,2,0.8392866,0.0067980206,0.084588006,0.03691807,9.681506e-07,0.0066705355,0,0.06774367392063141,0.09470125,0.13758971,0.00028760935,0.039174654,0,0.1557409167289734,0.8207107,0.82549226,0.99971145,0.9541548,0,0.7765154242515564
TSBD_Healthy_28f91e3b3c,1,0,2,0.8615088,0.004371271,0.08157293,0.038281202,9.496761e-07,0.006652728,0,0.06774367392063141,0.09736378,0.11173219,9.384465e-05,0.028721113,0,0.1557409167289734,0.8210633,0.8499866,0.9999052,0.96462613,0,0.7765154242515564
TSBD_Healthy_b4c784db60,0,0,1,0.14936872,0.26246142,0.08286372,0.043511387,1.8929697e-06,0.01459379,0,0.06774367392063141,0.09783744,0.7750279,0.99937904,0.7884173,0,0.1557409167289734,0.81929886,0.18146075,0.0006190452,0.196989,0,0.7765154242515564
TSBD_Healthy_46afbf57c8,1,0,2,0.6862195,0.027524164,0.079784535,0.03392496,1.8838801e-06,0.007107169,0,0.06774367392063141,0.10023852,0.2701095,0.01808814,0.12255036,0,0.1557409167289734,0.8199769,0.6959656,0.98190993,0.87034243,0,0.7765154242515564
TSBD_Healthy_5238685a4f,0,0,1,0.0984317,0.32936236,0.077465005,0.058431283,4.0417717e-06,0.020188885,0,0.06774367392063141,0.10696208,0.84870493,0.9999777,0.9032118,0,0.1557409167289734,0.8155729,0.092863835,1.8209903e-05,0.07659933,0,0.7765154242515564
TSBD_Healthy_115a1b2ce7,0,0,1,0.33495206,0.11588081,0.073422484,0.03550183,3.8226244e-06,0.009468228,0,0.06774367392063141,0.11073109,0.54893756,0.85181373,0.44003972,0,0.1557409167289734,0.81584644,0.4155606,0.14818245,0.55049205,0,0.7765154242515564
TSBD_Healthy_2b0f2e29de,1,0,2,0.8714885,0.0030712406,0.07713972,0.041056525,1.1892427e-06,0.007040037,0,0.06774367392063141,0.10400041,0.099386364,5.123208e-05,0.024695586,0,0.1557409167289734,0.8188598,0.85955703,0.99994755,0.96826434,0,0.7765154242515564
TSBD_Healthy_2cb9913a0d,1,0,2,0.80115783,0.008887103,0.06990073,0.034370508,1.2328559e-06,0.0063251345,0,0.06774367392063141,0.12080222,0.20438272,0.0029574044,0.08102954,0,0.1557409167289734,0.8092971,0.7612468,0.9970414,0.91264534,0,0.7765154242515564
TSBD_Healthy_f7b6201d8c,1,0,2,0.8170218,0.0047098594,0.085470125,0.094764404,9.226966e-05,0.025764335,0,0.06774367392063141,0.102846235,0.16599932,0.001196039,0.059053354,0,0.1557409167289734,0.8116836,0.7392363,0.9987117,0.9151823,0,0.7765154242515564
TSBD_Healthy_1cb0a1deed,0,0,1,0.18774337,0.22535154,0.06108416,0.06505323,7.2645007e-06,0.01747642,0,0.06774367392063141,0.21523295,0.82898027,0.99995327,0.90996397,0,0.1557409167289734,0.7236829,0.10596653,3.951926e-05,0.07255961,0,0.7765154242515564
TSBD_Healthy_e53d9705ff,1,0,2,0.8327991,0.0067899264,0.08165953,0.03874865,1.3173855e-06,0.0071713408,0,0.06774367392063141,0.09939381,0.1529572,0.00052289554,0.047157954,0,0.1557409167289734,0.8189467,0.8082941,0.9994758,0.94567066,0,0.7765154242515564
TSBD_Healthy_fea6d00053,1,0,2,0.73971796,0.0191334,0.08236012,0.036682926,1.8145606e-06,0.007450294,0,0.06774367392063141,0.1004351,0.2323362,0.0065340074,0.094266586,0,0.1557409167289734,0.8172047,0.7309809,0.9934642,0.8982832,0,0.7765154242515564
TSBD_Healthy_f69458ce94,1,0,2,0.8729593,0.0029851533,0.08068645,0.044521615,1.6570436e-06,0.007928759,0,0.06774367392063141,0.10019489,0.093333974,3.5697227e-05,0.022051694,0,0.1557409167289734,0.81911874,0.8621445,0.9999627,0.9700195,0,0.7765154242515564
TSBD_Healthy_bb30558caa,1,1,2,0.87589407,0.003449726,0.07785549,0.050848875,2.4490728e-06,0.008969776,0,0.06774367392063141,0.10271683,0.07050718,8.220679e-06,0.014586952,0,0.1557409167289734,0.81942767,0.8786439,0.9999893,0.97644323,1,0.7765154242515564
TSBD_Healthy_f8b382f850,0,0,1,0.093024634,0.33821565,0.074303955,0.06387099,5.3144277e-06,0.02186238,0,0.06774367392063141,0.110366054,0.8554024,0.9999858,0.9158689,0,0.1557409167289734,0.81532997,0.08072658,8.8900415e-06,0.062268768,0,0.7765154242515564
TSBD_Healthy_4e764a8c1f,1,0,2,0.8693721,0.0038484675,0.082500994,0.04096305,1.1377322e-06,0.007129615,0,0.06774367392063141,0.09654123,0.09458469,3.8650036e-05,0.022218766,0,0.1557409167289734,0.8209578,0.86445224,0.9999602,0.9706516,0,0.7765154242515564
TSBD_Healthy_63950b8869,1,1,2,0.87590504,0.0036785672,0.087246574,0.060419306,4.901927e-06,0.011582057,0,0.06774367392063141,0.092036635,0.0582619,3.3141284e-06,0.010735059,0,0.1557409167289734,0.8207168,0.88131875,0.9999918,0.97768295,1,0.7765154242515564
TSBD_Healthy_ea2ac521c5,0,0,1,0.37865764,0.09479071,0.06280727,0.034406524,3.5500068e-06,0.0083659375,0,0.06774367392063141,0.13754685,0.53947556,0.8379387,0.45098743,0,0.1557409167289734,0.79964584,0.42611784,0.16205773,0.54064655,0,0.7765154242515564
TSBD_Healthy_1402c548f4,1,0,2,0.8339022,0.0069419304,0.07809949,0.03471199,8.508631e-07,0.006141363,0,0.06774367392063141,0.10124845,0.15297973,0.0005464838,0.047767967,0,0.1557409167289734,0.820652,0.8123083,0.99945265,0.9460907,0,0.7765154242515564
TSBD_Healthy_44b1d181ba,1,0,2,0.8650881,0.0032922141,0.07337884,0.036846716,8.7391385e-07,0.006199924,0,0.06774367392063141,0.10851447,0.11783138,0.00012594386,0.032418057,0,0.1557409167289734,0.81810665,0.84532195,0.99987316,0.96138203,0,0.7765154242515564
TSBD_Healthy_5031d03cd3,1,0,1,0.39435524,0.09839527,0.055272434,0.07422458,9.869088e-06,0.014635322,0,0.06774367392063141,0.51079875,0.8591504,0.9999865,0.9619219,0,0.1557409167289734,0.4339288,0.06662503,3.6038755e-06,0.023442812,0,0.7765154242515564
TSBD_Healthy_584e036b15,0,0,1,0.098832086,0.3287861,0.0647619,0.06645709,6.1712817e-06,0.020874951,0,0.06774367392063141,0.12939408,0.85950404,0.9999881,0.9268846,0,0.1557409167289734,0.805844,0.07403883,5.7621937e-06,0.05224048,0,0.7765154242515564
TSBD_Healthy_ceedc9841a,0,0,1,0.0880427,0.346547,0.07863449,0.067901656,6.740895e-06,0.024389034,0,0.06774367392063141,0.106556855,0.8572329,0.999987,0.91872877,0,0.1557409167289734,0.8148086,0.07486539,6.240204e-06,0.056882184,0,0.7765154242515564
TSBD_Healthy_539b7c9614,0,0,1,0.23439015,0.18962839,0.05779572,0.054393575,3.65309e-06,0.013149653,0,0.06774367392063141,0.24022019,0.81401044,0.99988973,0.8947664,0,0.1557409167289734,0.70198417,0.13159601,0.000106644366,0.09208392,0,0.7765154242515564
TSBD_Healthy_9405a524b8,1,1,1,0.81083363,0.009496324,0.11544996,0.07825678,1.2344445e-05,0.017866252,0,0.06774367392063141,0.7520059,0.85716546,0.9999846,0.96910655,1,0.1557409167289734,0.1325442,0.064577736,3.0786155e-06,0.0130272005,0,0.7765154242515564
TSBD_Healthy_84b5bbabe5,1,1,1,0.7981863,0.01200401,0.08640681,0.074192315,9.762124e-06,0.015037638,0,0.06774367392063141,0.7526646,0.8589793,0.99998665,0.97032946,1,0.1557409167289734,0.16092853,0.06682838,3.6290148e-06,0.014632867,0,0.7765154242515564
TSBD_Healthy_cd1699cbb8,1,1,1,0.7428926,0.018637244,0.21633942,0.08902577,2.1432556e-05,0.02692946,0,0.06774367392063141,0.69871134,0.85186666,0.9999765,0.9629478,1,0.1557409167289734,0.084949225,0.059107523,2.0753473e-06,0.010122704,0,0.7765154242515564
TSBD_Healthy_3971c8d6d2,0,0,1,0.09996779,0.31095466,0.23130575,0.21438642,0.0015810648,0.17583747,0,0.06774367392063141,0.08726783,0.7375083,0.9984174,0.7915421,0,0.1557409167289734,0.6814264,0.04810534,1.5133629e-06,0.032620426,0,0.7765154242515564
TSBD_Healthy_062f8eb68b,1,1,1,0.57373327,0.05122242,0.071002275,0.0692177,7.228371e-06,0.013686283,0,0.06774367392063141,0.61314243,0.8579982,0.9999875,0.96415895,1,0.1557409167289734,0.3158553,0.072784096,5.2659684e-06,0.022154773,0,0.7765154242515564
TSBD_Healthy_64c2fd2799,0,0,1,0.13394956,0.28115702,0.067598596,0.045960803,1.725388e-06,0.013517401,0,0.06774367392063141,0.12340068,0.8222824,0.9998913,0.86830914,0,0.1557409167289734,0.80900073,0.13175684,0.00010699997,0.11817349,0,0.7765154242515564
TSBD_Healthy_06ad797b28,0,0,1,0.24374263,0.18029,0.056074303,0.062435344,4.944383e-06,0.0137335975,0,0.06774367392063141,0.32018,0.8546186,0.99998486,0.9443546,0,0.1557409167289734,0.62374574,0.08294605,1.0194728e-05,0.041911837,0,0.7765154242515564
TSBD_Healthy_d37fadc7b5,0,0,1,0.30994266,0.13268684,0.078038506,0.034432933,3.0357692e-06,0.009650982,0,0.06774367392063141,0.101780005,0.57107776,0.9031128,0.46613795,0,0.1557409167289734,0.8201815,0.3944893,0.09688416,0.5242111,0,0.7765154242515564
TSBD_Healthy_23703b21e8,0,0,1,0.09294185,0.33738333,0.07941039,0.077000305,1.199202e-05,0.028030517,0,0.06774367392063141,0.12049518,0.8550153,0.9999839,0.9240598,0,0.1557409167289734,0.8000945,0.06798435,4.0628356e-06,0.047909673,0,0.7765154242515564
TSBD_Healthy_e761f95881,1,0,1,0.46826002,0.07142997,0.06057018,0.05489304,3.2895794e-06,0.010506502,0,0.06774367392063141,0.5114115,0.83780116,0.9999602,0.94392276,0,0.1557409167289734,0.42801836,0.107305765,3.6490805e-05,0.045570698,0,0.7765154242515564
TSBD_Healthy_049d7b0b8e,0,0,1,0.30218247,0.1476025,0.058330253,0.03901028,2.2085217e-06,0.009772452,0,0.06774367392063141,0.17022054,0.6897323,0.9928392,0.69940066,0,0.1557409167289734,0.77144927,0.27125737,0.0071585895,0.2908269,0,0.7765154242515564
TSBD_Healthy_d0a2ad85a2,0,0,1,0.25297907,0.17465779,0.07324685,0.03572997,1.880363e-06,0.010278681,0,0.06774367392063141,0.108793184,0.6610485,0.9847971,0.6111295,0,0.1557409167289734,0.81795996,0.30322152,0.015201023,0.37859178,0,0.7765154242515564
TSBD_Healthy_427d279e02,1,0,2,0.8741412,0.003370084,0.0816356,0.045094136,1.5769018e-06,0.007916467,0,0.06774367392063141,0.098402426,0.08347603,1.963895e-05,0.01846448,0,0.1557409167289734,0.81996197,0.8714298,0.9999788,0.97361904,0,0.7765154242515564
TSBD_Healthy_194fe9c226,0,0,1,0.19961834,0.21670169,0.06342117,0.042913612,1.9131041e-06,0.011804987,0,0.06774367392063141,0.14126313,0.7633275,0.9990742,0.7941776,0,0.1557409167289734,0.7953157,0.19375893,0.00092380535,0.19401745,0,0.7765154242515564
TSBD_Healthy_7fd586cd0c,1,0,2,0.86919415,0.002095607,0.0683374,0.040128343,1.251112e-06,0.0067697223,0,0.06774367392063141,0.12154005,0.11449451,0.000110748675,0.03253875,0,0.1557409167289734,0.8101225,0.84537715,0.99988806,0.9606915,0,0.7765154242515564
TSBD_Healthy_8a16be7271,0,0,1,0.15377493,0.25904533,0.055877045,0.050339673,2.2034665e-06,0.012640549,0,0.06774367392063141,0.17713743,0.8431883,0.9999633,0.9105936,0,0.1557409167289734,0.76698554,0.106472075,3.4468078e-05,0.07676586,0,0.7765154242515564
TSBD_Healthy_7497e074fb,0,0,1,0.36965966,0.10507647,0.06265636,0.035951994,3.5453772e-06,0.00899019,0,0.06774367392063141,0.1436867,0.5719189,0.910168,0.5041314,0,0.1557409167289734,0.79365695,0.39212912,0.08982849,0.48687845,0,0.7765154242515564
TSBD_Healthy_0008f80a75,1,0,2,0.8247657,0.0061828718,0.07300007,0.037773002,1.4126904e-06,0.0069142096,0,0.06774367392063141,0.11650933,0.1779172,0.0012414521,0.063452505,0,0.1557409167289734,0.8104906,0.78430986,0.9987571,0.92963326,0,0.7765154242515564
TSBD_Healthy_5ceaf1db7f,1,0,2,0.87538743,0.003674902,0.08439212,0.053733215,2.9573428e-06,0.009819461,0,0.06774367392063141,0.095772244,0.06562864,5.732931e-06,0.012820166,0,0.1557409167289734,0.8198357,0.8806382,0.9999913,0.97736037,0,0.7765154242515564
TSBD_Healthy_e4fa44cd99,1,0,2,0.8735747,0.0029880223,0.07510388,0.044445235,1.5221804e-06,0.007599076,0,0.06774367392063141,0.10936643,0.087742805,2.5259662e-05,0.0206445,0,0.1557409167289734,0.81552964,0.867812,0.9999732,0.97175646,0,0.7765154242515564
TSBD_Healthy_441bde1a65,1,0,2,0.83442855,0.005346583,0.06972543,0.034891296,9.997966e-07,0.0061165206,0,0.06774367392063141,0.11733449,0.16903839,0.00092574646,0.058519863,0,0.1557409167289734,0.8129401,0.7960703,0.99907327,0.9353636,0,0.7765154242515564
TSBD_Healthy_dbb2f8ca89,0,0,1,0.3531251,0.111664474,0.053138155,0.06609892,6.123394e-06,0.012782347,0,0.06774367392063141,0.46869028,0.8592363,0.9999877,0.9580588,0,0.1557409167289734,0.4781716,0.07466478,6.1504975e-06,0.029158888,0,0.7765154242515564
TSBD_Healthy_9b317a63ad,0,0,1,0.3317304,0.123299085,0.052859604,0.06791165,6.7639044e-06,0.013387681,0,0.06774367392063141,0.4471018,0.85964626,0.99998796,0.9578173,0,0.1557409167289734,0.50003856,0.0724421,5.276709e-06,0.028795017,0,0.7765154242515564
TSBD_Healthy_d85abeff44,1,0,2,0.7870255,0.01196664,0.07370578,0.033308752,1.0583187e-06,0.006158478,0,0.06774367392063141,0.10937765,0.20623817,0.0030858268,0.079202496,0,0.1557409167289734,0.8169165,0.76045305,0.9969131,0.91463906,0,0.7765154242515564
TSBD_Healthy_32490efb09,0,0,1,0.13529795,0.27842838,0.055982787,0.06624017,6.135095e-06,0.017535279,0,0.06774367392063141,0.1881133,0.8586389,0.9999875,0.93602,0,0.1557409167289734,0.75590396,0.07512096,6.335467e-06,0.046444707,0,0.7765154242515564
TSBD_Healthy_003e47f46b,0,0,1,0.21876484,0.20132287,0.05313232,0.048370197,2.029149e-06,0.010809615,0,0.06774367392063141,0.2416808,0.8323867,0.9999341,0.90925807,0,0.1557409167289734,0.70518684,0.11924316,6.383309e-05,0.07993233,0,0.7765154242515564
TSBD_Healthy_db7fb385bc,0,0,1,0.23495825,0.18751182,0.07537911,0.041494224,3.0960778e-06,0.0128042,0,0.06774367392063141,0.10971054,0.68284494,0.9913958,0.64988863,0,0.1557409167289734,0.8149104,0.27566078,0.008601095,0.33730716,0,0.7765154242515564
TSBD_Healthy_e07653b53b,1,0,2,0.6112607,0.038166724,0.074745,0.03413411,2.576503e-06,0.0073459214,0,0.06774367392063141,0.10924747,0.32867846,0.057608712,0.17228214,0,0.1557409167289734,0.81600755,0.6371874,0.9423887,0.820372,0,0.7765154242515564
TSBD_Healthy_372dafd03c,0,0,1,0.2243088,0.19698068,0.052155633,0.049431898,2.232126e-06,0.010918303,0,0.06774367392063141,0.25338793,0.8353535,0.9999447,0.91456485,0,0.1557409167289734,0.69445646,0.11521466,5.3056436e-05,0.07451685,0,0.7765154242515564
TSBD_Healthy_8a4d12c896,1,0,2,0.7092333,0.008540161,0.058083374,0.035374414,3.441416e-06,0.007102148,0,0.06774367392063141,0.2204709,0.33217147,0.072497435,0.22728173,0,0.1557409167289734,0.72144574,0.6324541,0.9274991,0.7656162,0,0.7765154242515564
TSBD_Healthy_ddf26df6fc,0,0,2,0.39759517,0.057364453,0.060875144,0.035954062,5.6490203e-06,0.008208226,0,0.06774367392063141,0.15361945,0.4607482,0.50073785,0.34910083,0,0.1557409167289734,0.78550535,0.50329775,0.49925646,0.64269096,0,0.7765154242515564
TSBD_Healthy_f43e3f4c5b,1,0,2,0.86457187,2.8143812e-05,0.07932326,0.07532175,2.102857e-05,0.016838342,0,0.06774367392063141,0.11807758,0.11888207,0.00015445922,0.035412498,0,0.1557409167289734,0.8025992,0.80579615,0.9998246,0.9477492,0,0.7765154242515564
TSBD_Healthy_b5fbb9ed8e,0,0,1,0.26133242,0.16768834,0.07840909,0.036926143,2.4507535e-06,0.010989486,0,0.06774367392063141,0.10107541,0.6376631,0.97594213,0.57064474,0,0.1557409167289734,0.82051545,0.32541066,0.02405541,0.4183658,0,0.7765154242515564
TSBD_Healthy_eb36a09ca4,0,0,2,0.37339026,0.07177167,0.066422105,0.035556532,5.2345918e-06,0.008490158,0,0.06774367392063141,0.12784666,0.46593282,0.54453397,0.34253728,0,0.1557409167289734,0.80573124,0.49851063,0.45546082,0.6489726,0,0.7765154242515564
TSBD_Healthy_6b4a97bd93,0,0,1,0.20898768,0.2071251,0.07805148,0.036729094,1.5722924e-06,0.011242458,0,0.06774367392063141,0.101817414,0.70455295,0.99455994,0.67420477,0,0.1557409167289734,0.82013106,0.258718,0.005438493,0.3145528,0,0.7765154242515564
TSBD_Healthy_ba33e2e4e1,0,0,1,0.12293139,0.29416478,0.062374245,0.061756928,4.8364086e-06,0.017741024,0,0.06774367392063141,0.15707001,0.8544247,0.9999845,0.92448145,0,0.1557409167289734,0.7805558,0.08381832,1.0702999e-05,0.057777483,0,0.7765154242515564
TSBD_Healthy_c2d1e8a97b,0,0,1,0.10241433,0.3234433,0.06508236,0.060682233,4.3722594e-06,0.018758887,0,0.06774367392063141,0.12683716,0.85709,0.99998593,0.92039245,0,0.1557409167289734,0.80808043,0.08222777,9.650206e-06,0.06084862,0,0.7765154242515564
TSBD_Healthy_acaf94d2e8,0,0,1,0.13384655,0.280909,0.059057936,0.056884523,3.5342705e-06,0.015424445,0,0.06774367392063141,0.16537593,0.8514442,0.9999796,0.9202138,0,0.1557409167289734,0.77556616,0.091671266,1.6865788e-05,0.06436175,0,0.7765154242515564
TSBD_Healthy_4c1057862a,0,0,1,0.12046246,0.2977573,0.07372663,0.048007056,2.1140763e-06,0.015405082,0,0.06774367392063141,0.10909539,0.82521325,0.99990666,0.8670871,0,0.1557409167289734,0.81717795,0.12677974,9.1200425e-05,0.117507756,0,0.7765154242515564
TSBD_Healthy_d28eee88b2,0,0,1,0.28956902,0.14937708,0.07364572,0.035525866,2.636106e-06,0.010083307,0,0.06774367392063141,0.10774417,0.61348385,0.95906645,0.53750515,0,0.1557409167289734,0.81861013,0.3509903,0.04093092,0.45241156,0,0.7765154242515564
TSBD_Healthy_9f799d79c9,0,0,1,0.15790425,0.2548637,0.058416497,0.048806425,2.0605326e-06,0.012597859,0,0.06774367392063141,0.1675247,0.8320586,0.99993455,0.8951383,0,0.1557409167289734,0.77405876,0.119134925,6.3346204e-05,0.092263855,0,0.7765154242515564
TSBD_Healthy_0797e50b91,1,0,2,0.47117925,0.060887735,0.073927015,0.032334037,3.1689417e-06,0.0074228533,0,0.06774367392063141,0.10829728,0.4025619,0.23499958,0.24857898,0,0.1557409167289734,0.8177758,0.56510407,0.76499724,0.74399817,0,0.7765154242515564
TSBD_Healthy_35d58d516e,1,0,2,0.6693469,0.028971855,0.07348643,0.032323416,1.7000397e-06,0.006579496,0,0.06774367392063141,0.109938204,0.29260486,0.02892041,0.14325681,0,0.1557409167289734,0.8165753,0.67507166,0.9710778,0.8501637,0,0.7765154242515564
TSBD_Healthy_3369d16a81,1,0,2,0.7922063,0.008248962,0.06405146,0.03408132,1.384426e-06,0.0062426645,0,0.06774367392063141,0.13852672,0.22668284,0.005295536,0.09987475,0,0.1557409167289734,0.7974218,0.7392358,0.994703,0.89388263,0,0.7765154242515564
TSBD_Healthy_f12cfc128f,0,0,1,0.21433432,0.19954781,0.06221312,0.10394483,5.1518884e-05,0.029757265,0,0.06774367392063141,0.28893328,0.821116,0.9999405,0.93011284,0,0.1557409167289734,0.6488536,0.074939154,7.926623e-06,0.04012985,0,0.7765154242515564
TSBD_Healthy_8cb3c49027,0,0,1,0.21767692,0.18490279,0.08736702,0.22487347,0.002166047,0.09487222,0,0.06774367392063141,0.3410958,0.7300963,0.9978327,0.8851176,0,0.1557409167289734,0.57153714,0.045030206,1.2596054e-06,0.020010171,0,0.7765154242515564
TSBD_Healthy_0d4d34f349,0,0,1,0.12425498,0.29160947,0.061527334,0.07384152,9.993836e-06,0.02160379,0,0.06774367392063141,0.17267592,0.85451955,0.99998486,0.93320936,0,0.1557409167289734,0.7657967,0.0716389,5.192824e-06,0.045186825,0,0.7765154242515564
TSBD_Healthy_aac43b5b94,0,0,1,0.32410964,0.124586135,0.062194202,0.08749503,2.034609e-05,0.01976724,0,0.06774367392063141,0.45450625,0.8511592,0.99997723,0.9576057,0,0.1557409167289734,0.4832995,0.061345797,2.4576443e-06,0.022627031,0,0.7765154242515564
TSBD_Healthy_713f0a2197,0,0,1,0.08729103,0.34720603,0.08493195,0.07782809,1.3430139e-05,0.03128156,0,0.06774367392063141,0.0981027,0.844321,0.9999788,0.9067781,0,0.1557409167289734,0.81696534,0.07785088,7.7756895e-06,0.061940357,0,0.7765154242515564
TSBD_Healthy_ac26bcc532,0,0,1,0.08139007,0.35561848,0.08299254,0.12937824,0.00012990356,0.06026627,0,0.06774367392063141,0.10630373,0.81615406,0.9998683,0.90141934,0,0.1557409167289734,0.81070375,0.054467622,1.7508313e-06,0.038314365,0,0.7765154242515564
TSBD_Healthy_46f4698e93,1,1,2,0.8775022,0.0025333404,0.08210613,0.051663928,2.7572746e-06,0.009444884,0,0.06774367392063141,0.09856133,0.080780745,1.6617556e-05,0.017633313,0,0.1557409167289734,0.8193325,0.8675554,0.9999807,0.9729218,1,0.7765154242515564
TSBD_Healthy_ffc31af5e9,1,0,2,0.82258654,0.00577409,0.07750609,0.03883022,1.8006497e-06,0.0075139315,0,0.06774367392063141,0.1236518,0.17797102,0.0014594977,0.06701242,0,0.1557409167289734,0.7988422,0.7831987,0.99853873,0.92547363,0,0.7765154242515564
TSBD_Healthy_ffc39b3360,1,0,2,0.841701,0.006639015,0.060523987,0.042797398,1.3520939e-06,0.0068393857,0,0.06774367392063141,0.15588878,0.08811495,2.5647603e-05,0.023744889,0,0.1557409167289734,0.78358716,0.8690877,0.99997306,0.9694158,0,0.7765154242515564
TSBD_Healthy_13e3dd820d,1,0,2,0.87456584,0.0036520716,0.08140892,0.054882605,3.4153372e-06,0.010082339,0,0.06774367392063141,0.10024731,0.06575633,5.9390454e-06,0.01313967,0,0.1557409167289734,0.81834376,0.8793611,0.9999906,0.976778,0,0.7765154242515564
TSBD_Healthy_0e7dca224f,0,0,1,0.14524505,0.26685095,0.081702486,0.05445948,4.3740506e-06,0.019091612,0,0.06774367392063141,0.103843026,0.7824016,0.9996432,0.81263363,0,0.1557409167289734,0.81445456,0.16313897,0.00035242832,0.1682747,0,0.7765154242515564
TSBD_Healthy_e30ffbbca2,1,0,2,0.8700014,0.0032476857,0.08301133,0.04409969,1.5999166e-06,0.007922659,0,0.06774367392063141,0.097734,0.098129906,4.71283e-05,0.0236505,0,0.1557409167289734,0.8192547,0.85777044,0.99995136,0.9684268,0,0.7765154242515564
TSBD_Healthy_33ee2c0488,0,0,1,0.08593274,0.31361556,0.07579196,0.4393132,0.14580415,0.32161352,0,0.06774367392063141,0.1641889,0.51775753,0.8541911,0.64640105,0,0.1557409167289734,0.76001906,0.042929325,4.7022327e-06,0.03198545,0,0.7765154242515564
TSBD_Healthy_cf66e36f26,1,0,2,0.87442327,0.003787268,0.085156195,0.06699305,7.432788e-06,0.0130855255,0,0.06774367392063141,0.09423453,0.05412891,2.259924e-06,0.0097075,0,0.1557409167289734,0.8206093,0.87887806,0.99999034,0.977207,0,0.7765154242515564
TSBD_Healthy_198c19a2fa,1,0,2,0.8752149,0.0038105156,0.07914107,0.05403797,3.2141695e-06,0.009779967,0,0.06774367392063141,0.10058706,0.0639232,5.361669e-06,0.0127076255,0,0.1557409167289734,0.8202718,0.88203883,0.9999914,0.9775124,0,0.7765154242515564
TSBD_Healthy_0f0af1a35d,0,0,1,0.16446315,0.247574,0.07263609,0.05140022,3.1132458e-06,0.015456761,0,0.06774367392063141,0.14412118,0.8031484,0.9998018,0.8547397,0,0.1557409167289734,0.78324276,0.14545137,0.00019512263,0.12980352,0,0.7765154242515564
TSBD_Healthy_24a755565d,0,0,1,0.24659865,0.17817825,0.08040355,0.04102657,3.3021413e-06,0.012769968,0,0.06774367392063141,0.10298318,0.658384,0.9842672,0.6041036,0,0.1557409167289734,0.8166133,0.30058935,0.015729556,0.38312644,0,0.7765154242515564
TSBD_Healthy_00488f3c0b,1,1,1,0.8369512,0.006572807,0.094305634,0.076737516,1.1425523e-05,0.016069867,0,0.06774367392063141,0.77877706,0.8585869,0.99998546,0.971162,1,0.1557409167289734,0.12691727,0.064675525,3.1610468e-06,0.012768117,0,0.7765154242515564
TSBD_Healthy_7f10feedf0,1,1,0,0.84400415,0.008648325,0.8010713,0.89225626,0.99998,0.9740465,1,0.06774367392063141,0.06643705,0.045118477,3.361848e-06,0.008554508,0,0.1557409167289734,0.13249171,0.06262528,1.6719183e-05,0.017398933,0,0.7765154242515564
TSBD_Healthy_083843a5b2,1,1,0,0.8755687,0.005239074,0.829208,0.89891475,0.9999877,0.9780873,1,0.06774367392063141,0.0881024,0.050462056,5.9717877e-06,0.011014729,0,0.1557409167289734,0.082689576,0.05062321,6.281245e-06,0.010898017,0,0.7765154242515564
TSBD_Healthy_846b819a49,1,1,1,0.57034034,0.05201368,0.05758984,0.06397378,5.5231108e-06,0.011629709,0,0.06774367392063141,0.6122804,0.85751694,0.99998665,0.9631655,1,0.1557409167289734,0.3301297,0.078509346,7.844977e-06,0.025204772,0,0.7765154242515564
TSBD_Healthy_ef882f9638,1,0,2,0.8627291,0.0009426237,0.08430054,0.06737606,1.29569535e-05,0.014814171,0,0.06774367392063141,0.10479706,0.12553103,0.00017425936,0.03557199,0,0.1557409167289734,0.81090236,0.80709296,0.9998128,0.9496138,0,0.7765154242515564
TSBD_Healthy_f510479194,0,0,1,0.12587018,0.29026088,0.07358177,0.058018252,4.065303e-06,0.018199882,0,0.06774367392063141,0.1370898,0.83887935,0.9999664,0.9013427,0,0.1557409167289734,0.7893284,0.10310242,2.960685e-05,0.08045739,0,0.7765154242515564
TSBD_Healthy_78ac2c01e9,0,0,1,0.19079311,0.21995705,0.056560945,0.085630074,1.9314128e-05,0.022022063,0,0.06774367392063141,0.27663973,0.8476678,0.99997675,0.9440389,0,0.1557409167289734,0.66679937,0.066702105,3.92725e-06,0.033939015,0,0.7765154242515564
TSBD_Healthy_aa968b53a4,1,0,2,0.8529603,0.0063112937,0.07971127,0.081663944,1.808784e-05,0.01680365,0,0.06774367392063141,0.10976275,0.04968092,1.6100589e-06,0.009263895,0,0.1557409167289734,0.81052595,0.86865515,0.9999802,0.97393245,0,0.7765154242515564
TSBD_Healthy_d6be26c310,0,0,1,0.33079135,0.12624729,0.06700062,0.037084375,3.2895355e-06,0.009828824,0,0.06774367392063141,0.12584162,0.5930998,0.9443788,0.52684915,0,0.1557409167289734,0.80715775,0.36981586,0.055617932,0.46332207,0,0.7765154242515564
TSBD_Healthy_8d0baa1858,0,0,1,0.1531358,0.25769392,0.07850961,0.07277523,1.6000396e-05,0.027404891,0,0.06774367392063141,0.106848136,0.7634056,0.9995597,0.8001226,0,0.1557409167289734,0.8146423,0.16381909,0.00042428184,0.17247246,0,0.7765154242515564
TSBD_Healthy_9a86700e7b,1,0,2,0.8508372,0.0028260103,0.0681497,0.038451016,1.407946e-06,0.0068020634,0,0.06774367392063141,0.12491928,0.15339524,0.0005615684,0.051918104,0,0.1557409167289734,0.80693096,0.8081538,0.99943703,0.9412798,0,0.7765154242515564
TSBD_Healthy_8de20870d1,1,0,2,0.8729792,0.003999321,0.07658191,0.05512412,3.3120361e-06,0.009826568,0,0.06774367392063141,0.10526738,0.06398993,5.1821585e-06,0.012846658,0,0.1557409167289734,0.81815076,0.88088596,0.99999154,0.97732675,0,0.7765154242515564
TSBD_Healthy_2125dc16c6,0,0,1,0.14326786,0.26998726,0.06078461,0.05884269,4.5510324e-06,0.016712788,0,0.06774367392063141,0.1581862,0.833445,0.9999572,0.90123373,0,0.1557409167289734,0.78102916,0.10771235,3.819716e-05,0.08205344,0,0.7765154242515564
TSBD_Healthy_f1a3293d1d,1,0,2,0.8560971,0.0021392363,0.061868455,0.0368907,1.0235791e-06,0.0060827956,0,0.06774367392063141,0.14966978,0.13234253,0.00025104455,0.04425516,0,0.1557409167289734,0.78846174,0.8307668,0.99974793,0.9496621,0,0.7765154242515564
TSBD_Healthy_db02ad0e48,0,0,1,0.16935053,0.2436724,0.061452255,0.045117777,1.7757127e-06,0.012170672,0,0.06774367392063141,0.14755034,0.80313903,0.99978215,0.8536136,0,0.1557409167289734,0.79099745,0.15174323,0.00021614163,0.13421574,0,0.7765154242515564
TSBD_Healthy_6e62793bdf,1,0,2,0.87467116,0.0035456046,0.07335751,0.048547704,2.0776447e-06,0.008326128,0,0.06774367392063141,0.10868489,0.073227026,1.0700855e-05,0.015954845,0,0.1557409167289734,0.8179576,0.8782252,0.99998724,0.97571903,0,0.7765154242515564
TSBD_Healthy_097e8db62c,1,0,2,0.87067556,0.003751291,0.07120372,0.050413944,2.3554421e-06,0.008618186,0,0.06774367392063141,0.115886845,0.07436868,1.0833494e-05,0.016518444,0,0.1557409167289734,0.8129095,0.8752173,0.99998677,0.97486335,0,0.7765154242515564
TSBD_Healthy_9a88507804,1,0,2,0.8523477,0.0024345824,0.0607081,0.042782467,1.6501997e-06,0.007142806,0,0.06774367392063141,0.1597618,0.12308388,0.00016326005,0.04041455,0,0.1557409167289734,0.7795301,0.8341337,0.999835,0.9524426,0,0.7765154242515564
TSBD_Healthy_d3268932b8,0,0,1,0.32248694,0.13738967,0.05311151,0.04168146,1.7024038e-06,0.009071444,0,0.06774367392063141,0.26016837,0.7629808,0.99906665,0.8338013,0,0.1557409167289734,0.6867201,0.19533768,0.0009316597,0.15712728,0,0.7765154242515564
TSBD_Healthy_7ef69613b9,1,0,2,0.5052162,0.056879546,0.08305578,0.038859572,6.6918774e-06,0.009786638,0,0.06774367392063141,0.09779892,0.37414122,0.163461,0.21658888,0,0.1557409167289734,0.81914526,0.58699924,0.8365323,0.7736244,0,0.7765154242515564
TSBD_Healthy_ddc759b323,1,0,2,0.67571837,0.019513652,0.059298787,0.03410612,2.705716e-06,0.006728472,0,0.06774367392063141,0.1662581,0.3331787,0.06976186,0.20526825,0,0.1557409167289734,0.7744431,0.6327151,0.9302355,0.7880033,0,0.7765154242515564
TSBD_Healthy_cb4b1d8b67,1,0,2,0.82329285,0.001036322,0.057984084,0.038554773,1.8971309e-06,0.006887792,0,0.06774367392063141,0.19305538,0.19881596,0.002545732,0.09268757,0,0.1557409167289734,0.7489605,0.7626292,0.9974523,0.90042466,0,0.7765154242515564
TSBD_Healthy_886fdcfd30,1,1,0,0.81343836,0.013795377,0.78851247,0.89948875,0.99998796,0.97650063,1,0.06774367392063141,0.07302615,0.05113903,6.426873e-06,0.010696668,0,0.1557409167289734,0.13846146,0.049372226,5.5769256e-06,0.012802767,0,0.7765154242515564
TSBD_Healthy_784f1bc940,1,0,2,0.87539333,0.003562301,0.0793781,0.04999173,2.2841411e-06,0.008835764,0,0.06774367392063141,0.101255484,0.070827715,8.714837e-06,0.014710918,0,0.1557409167289734,0.81936634,0.87918055,0.99998903,0.9764533,0,0.7765154242515564
TSBD_Healthy_ba996de886,1,0,2,0.8037226,0.009172345,0.074176386,0.037426077,1.6766369e-06,0.007146182,0,0.06774367392063141,0.111501426,0.19488892,0.00227715,0.07329857,0,0.1557409167289734,0.8143222,0.76768506,0.99772114,0.91955525,0,0.7765154242515564
TSBD_Healthy_619dcca295,0,0,1,0.3804501,0.07629579,0.06719501,0.039285306,7.988948e-06,0.009936253,0,0.06774367392063141,0.13254443,0.48533693,0.65210146,0.3751132,0,0.1557409167289734,0.80026054,0.47537777,0.34789053,0.61495066,0,0.7765154242515564
TSBD_Healthy_e5fac835da,0,0,1,0.13154073,0.28418067,0.06266856,0.048778664,2.0070052e-06,0.013703056,0,0.06774367392063141,0.13712578,0.83630353,0.99994755,0.8926637,0,0.1557409167289734,0.8002056,0.11491773,5.040693e-05,0.09363317,0,0.7765154242515564
TSBD_Healthy_7b8508b66d,0,0,2,0.4114819,0.059226587,0.07182617,0.056020167,3.819235e-05,0.015949294,0,0.06774367392063141,0.1474153,0.4569194,0.59894663,0.36415628,0,0.1557409167289734,0.78075856,0.4870604,0.40101522,0.61989444,0,0.7765154242515564
TSBD_Healthy_1bf9b6920f,1,0,2,0.86718136,0.0011972873,0.08756415,0.104508646,7.354279e-05,0.025867114,0,0.06774367392063141,0.09852531,0.07477926,1.44511505e-05,0.016746756,0,0.1557409167289734,0.81391054,0.8207121,0.999912,0.95738614,0,0.7765154242515564
TSBD_Healthy_c2dd44b1c5,0,0,1,0.29151002,0.1507453,0.06902292,0.055258118,1.411801e-05,0.01743908,0,0.06774367392063141,0.13200182,0.6436928,0.9819863,0.6142887,0,0.1557409167289734,0.7989753,0.30104905,0.017999565,0.3682722,0,0.7765154242515564
TSBD_Healthy_6941b60386,0,0,1,0.11883856,0.299423,0.06768052,0.06270062,5.501542e-06,0.019305687,0,0.06774367392063141,0.14432985,0.84940636,0.99998,0.91628104,0,0.1557409167289734,0.7879896,0.08789304,1.44977275e-05,0.064413294,0,0.7765154242515564
TSBD_Healthy_905510a905,1,0,2,0.5686623,0.043858435,0.07366726,0.03596225,4.0992118e-06,0.008154759,0,0.06774367392063141,0.11226492,0.35505947,0.10823102,0.20290145,0,0.1557409167289734,0.8140679,0.6089783,0.8917648,0.7889438,0,0.7765154242515564
TSBD_Healthy_9731a208b9,0,0,1,0.12771116,0.28844514,0.072412476,0.04851675,2.1696817e-06,0.015227902,0,0.06774367392063141,0.1134687,0.81931156,0.9998901,0.86302626,0,0.1557409167289734,0.81411886,0.13217175,0.00010767872,0.12174581,0,0.7765154242515564
TSBD_Healthy_0dca3c0bc2,1,1,1,0.6553163,0.03508559,0.08668385,0.08153929,1.4235293e-05,0.017651368,0,0.06774367392063141,0.6644925,0.8543185,0.99998283,0.9656295,1,0.1557409167289734,0.24882364,0.06414227,2.941886e-06,0.01671913,0,0.7765154242515564
TSBD_Healthy_12ac808983,0,0,1,0.3501302,0.10682586,0.090279825,0.21645641,0.009741384,0.11710047,0,0.06774367392063141,0.20371437,0.5307254,0.97026014,0.5850429,0,0.1557409167289734,0.7060058,0.25281814,0.019998522,0.29785663,0,0.7765154242515564
TSBD_Healthy_511fba2ceb,0,0,1,0.1200107,0.2983218,0.06671835,0.055979066,3.3933802e-06,0.016806161,0,0.06774367392063141,0.1348952,0.84459746,0.99997056,0.9051766,0,0.1557409167289734,0.7983865,0.09942349,2.6092008e-05,0.07801729,0,0.7765154242515564
TSBD_Healthy_549679688a,1,0,2,0.874862,0.003938891,0.079709575,0.05745021,3.945864e-06,0.01050041,0,0.06774367392063141,0.09943379,0.059942566,3.7724374e-06,0.011460674,0,0.1557409167289734,0.82085663,0.8826072,0.99999225,0.9780389,0,0.7765154242515564
TSBD_Healthy_708f7d8e32,1,0,2,0.8753136,0.003943799,0.07959055,0.057581693,3.939924e-06,0.010498444,0,0.06774367392063141,0.098757945,0.05921223,3.5291323e-06,0.011215456,0,0.1557409167289734,0.82165146,0.88320607,0.9999925,0.97828615,0,0.7765154242515564
TSBD_Healthy_30a7ad7ba3,1,0,2,0.87521,0.003413829,0.07505069,0.046441257,1.8378386e-06,0.008026043,0,0.06774367392063141,0.10639021,0.07666807,1.325545e-05,0.016870582,0,0.1557409167289734,0.81855905,0.8768908,0.999985,0.9751034,0,0.7765154242515564
TSBD_Healthy_dad4aa07c4,1,0,2,0.87430304,0.0039792918,0.077873774,0.054213904,3.1159027e-06,0.009680411,0,0.06774367392063141,0.102234684,0.063119434,4.9164983e-06,0.012491199,0,0.1557409167289734,0.8198916,0.88266665,0.999992,0.9778284,0,0.7765154242515564
TSBD_Healthy_8eff6e388b,0,0,1,0.25632656,0.17472577,0.06284401,0.03744688,1.8121166e-06,0.010018185,0,0.06774367392063141,0.13766462,0.69806284,0.9938506,0.6910779,0,0.1557409167289734,0.79949147,0.26449025,0.0061475188,0.29890388,0,0.7765154242515564
TSBD_Healthy_fec7f36a5c,1,0,2,0.5074786,0.031424318,0.05894093,0.04044339,9.539602e-06,0.009198915,0,0.06774367392063141,0.19588692,0.42584607,0.38390788,0.33675507,0,0.1557409167289734,0.74517214,0.53371054,0.61608255,0.65404606,0,0.7765154242515564
TSBD_Healthy_1cf19a1878,1,0,2,0.8698734,0.0043830527,0.07342344,0.05128707,2.5086952e-06,0.008872975,0,0.06774367392063141,0.11138666,0.0672905,6.6531998e-06,0.0140997395,0,0.1557409167289734,0.81518996,0.8814224,0.9999908,0.97702736,0,0.7765154242515564
TSBD_Healthy_0fbc0f2310,1,0,2,0.8721877,0.004261665,0.08038498,0.0616481,5.1978013e-06,0.011498404,0,0.06774367392063141,0.10019929,0.056602065,2.749153e-06,0.010522418,0,0.1557409167289734,0.81941575,0.8817498,0.999992,0.9779791,0,0.7765154242515564
TSBD_Healthy_24a6f36a78,1,0,2,0.8072005,0.008258758,0.06944982,0.03497857,1.2076873e-06,0.006334436,0,0.06774367392063141,0.119006604,0.1985783,0.0025579948,0.07728947,0,0.1557409167289734,0.8115435,0.76644313,0.9974408,0.9163761,0,0.7765154242515564
TSBD_Healthy_7bca399e6d,0,0,1,0.31622517,0.13393585,0.06973803,0.042047612,6.228818e-06,0.012134177,0,0.06774367392063141,0.120996766,0.60126895,0.9466332,0.52968735,0,0.1557409167289734,0.80926526,0.35668343,0.053360604,0.45817843,0,0.7765154242515564
TSBD_Healthy_06733b9af0,1,0,2,0.87129605,0.0041950187,0.07126399,0.049746428,2.2370734e-06,0.0084602265,0,0.06774367392063141,0.112403795,0.069058396,7.5704343e-06,0.014677204,0,0.1557409167289734,0.81633216,0.8811952,0.9999901,0.97686255,0,0.7765154242515564
TSBD_Healthy_2e5b036845,0,0,1,0.2930735,0.15349334,0.052036554,0.042279396,1.6070775e-06,0.009155607,0,0.06774367392063141,0.25614703,0.7840953,0.9995307,0.85784787,0,0.1557409167289734,0.69181645,0.17362535,0.0004677545,0.13299647,0,0.7765154242515564
TSBD_Healthy_363f51fde7,0,0,1,0.29570258,0.14411128,0.05661812,0.073457554,9.672649e-06,0.015788788,0,0.06774367392063141,0.40407902,0.85599935,0.9999857,0.954693,0,0.1557409167289734,0.5393029,0.07054311,4.685714e-06,0.029518206,0,0.7765154242515564
TSBD_Healthy_c6ac85b839,0,0,1,0.15540795,0.2567309,0.056673042,0.05683956,3.6532624e-06,0.014561892,0,0.06774367392063141,0.19248918,0.8488286,0.999977,0.9223933,0,0.1557409167289734,0.75083774,0.09433187,1.9320838e-05,0.06304483,0,0.7765154242515564
TSBD_Healthy_ddbacc20a2,1,0,2,0.87532175,0.003331678,0.07649126,0.045148987,1.6127185e-06,0.0077714752,0,0.06774367392063141,0.10434735,0.079705596,1.6435928e-05,0.017800538,0,0.1557409167289734,0.8191614,0.8751454,0.9999819,0.974428,0,0.7765154242515564
TSBD_Healthy_8643328d51,1,0,2,0.8588151,0.0040584533,0.062784664,0.040875837,1.2040514e-06,0.006598602,0,0.06774367392063141,0.14141645,0.09581529,4.3115102e-05,0.026312422,0,0.1557409167289734,0.7957989,0.86330885,0.99995565,0.96708894,0,0.7765154242515564
TSBD_Healthy_006fc27c69,1,0,2,0.8747648,0.003932667,0.081622496,0.058704667,4.3365612e-06,0.010896743,0,0.06774367392063141,0.09771641,0.058882236,3.447087e-06,0.011099503,0,0.1557409167289734,0.8206612,0.8824132,0.99999225,0.9780037,0,0.7765154242515564
TSBD_Healthy_33406626c7,0,0,1,0.20738862,0.21019357,0.06505604,0.042532887,2.1033977e-06,0.012012144,0,0.06774367392063141,0.13493098,0.74748486,0.9985582,0.76912016,0,0.1557409167289734,0.80001295,0.2099822,0.0014397294,0.21886767,0,0.7765154242515564
TSBD_Healthy_b06da16348,1,0,2,0.8734883,0.0041043805,0.08073636,0.05902119,4.4238386e-06,0.010928464,0,0.06774367392063141,0.09943099,0.05850944,3.3420283e-06,0.0110702645,0,0.1557409167289734,0.8198326,0.88246936,0.99999225,0.9780013,0,0.7765154242515564
TSBD_Healthy_06f251fee4,1,0,2,0.8709181,0.004374394,0.078552544,0.058027357,4.0554023e-06,0.010568165,0,0.06774367392063141,0.103982724,0.05998628,3.6386589e-06,0.011579771,0,0.1557409167289734,0.81746465,0.8819863,0.99999225,0.97785205,0,0.7765154242515564
TSBD_Healthy_4ac4f94767,1,0,2,0.8749888,0.0037898012,0.08866079,0.06337431,5.8404607e-06,0.01232969,0,0.06774367392063141,0.091172256,0.05552283,2.5392858e-06,0.009931212,0,0.1557409167289734,0.820167,0.8811029,0.99999166,0.9777391,0,0.7765154242515564
TSBD_Healthy_e7cd92f08f,1,0,2,0.8743052,0.0040643066,0.07880478,0.057825234,4.0069144e-06,0.010520839,0,0.06774367392063141,0.10027602,0.059106797,3.4854831e-06,0.011242183,0,0.1557409167289734,0.8209192,0.88306797,0.9999925,0.978237,0,0.7765154242515564
TSBD_Healthy_1597a65755,1,0,2,0.8728532,0.0041430723,0.07581003,0.054254048,3.1703173e-06,0.009630685,0,0.06774367392063141,0.10543646,0.063356355,5.024293e-06,0.0127088195,0,0.1557409167289734,0.81875354,0.88238955,0.9999918,0.9776605,0,0.7765154242515564
TSBD_Healthy_a8ea0e137d,1,0,2,0.8688853,0.00442636,0.07478174,0.05201335,2.7204985e-06,0.00913893,0,0.06774367392063141,0.11137731,0.067345574,6.920163e-06,0.014224165,0,0.1557409167289734,0.81384087,0.88064104,0.99999034,0.9766369,0,0.7765154242515564
TSBD_Healthy_fafc24f635,1,0,2,0.8745307,0.003955704,0.07936181,0.05571007,3.5100727e-06,0.010102249,0,0.06774367392063141,0.10045274,0.061666597,4.3945047e-06,0.012011903,0,0.1557409167289734,0.8201854,0.8826234,0.99999213,0.9778859,0,0.7765154242515564
TSBD_Healthy_7c877797f5,1,0,2,0.8726027,0.0042184293,0.08055739,0.059599232,4.5499983e-06,0.01103309,0,0.06774367392063141,0.10017467,0.057995748,3.1732407e-06,0.010944454,0,0.1557409167289734,0.8192679,0.88240504,0.99999225,0.97802246,0,0.7765154242515564
TSBD_Healthy_d249c82c7a,1,0,2,0.8753794,0.0038714567,0.08318424,0.06039592,4.873477e-06,0.011370144,0,0.06774367392063141,0.095416136,0.057205036,2.9832358e-06,0.0105531225,0,0.1557409167289734,0.82139957,0.8823991,0.99999213,0.97807676,0,0.7765154242515564
TSBD_Healthy_1dafd9bcec,1,0,2,0.8699728,0.0035221819,0.06770112,0.042681,1.3360802e-06,0.00701367,0,0.06774367392063141,0.12156715,0.08586564,2.3701525e-05,0.020956777,0,0.1557409167289734,0.81073165,0.87145334,0.99997497,0.9720295,0,0.7765154242515564
TSBD_Healthy_727f8ba7d1,1,0,2,0.8703373,0.004419012,0.07383109,0.05348825,3.0033625e-06,0.0093874065,0,0.06774367392063141,0.10967614,0.06445359,5.4185434e-06,0.013194741,0,0.1557409167289734,0.8164928,0.8820581,0.99999166,0.9774178,0,0.7765154242515564
TSBD_Healthy_578fae46e9,0,0,1,0.2787148,0.15957955,0.06558675,0.037051152,2.2452223e-06,0.010114401,0,0.06774367392063141,0.13189678,0.66520345,0.98664725,0.63692135,0,0.1557409167289734,0.8025165,0.29774544,0.01335052,0.35296428,0,0.7765154242515564
TSBD_Healthy_d1980c5cf7,1,0,2,0.8742853,0.004009867,0.076479845,0.05374261,3.0325652e-06,0.009528572,0,0.06774367392063141,0.10341722,0.06333238,4.9172063e-06,0.01255925,0,0.1557409167289734,0.820103,0.88292503,0.99999213,0.9779122,0,0.7765154242515564
TSBD_Healthy_5f95d3f8a2,1,0,2,0.87319726,0.003903016,0.092383906,0.06328454,5.800516e-06,0.012497543,0,0.06774367392063141,0.089980796,0.056310654,2.6705704e-06,0.010060688,0,0.1557409167289734,0.81763524,0.88040483,0.99999154,0.9774418,0,0.7765154242515564
TSBD_Healthy_ef7cbd4127,1,0,2,0.8526221,0.005940973,0.064359106,0.045988288,1.6987132e-06,0.007514392,0,0.06774367392063141,0.13856208,0.07826595,1.4452092e-05,0.019157315,0,0.1557409167289734,0.7970789,0.87574583,0.9999839,0.9733283,0,0.7765154242515564
TSBD_Healthy_63b700da46,1,0,2,0.8552125,0.006118061,0.06718283,0.0499141,2.2638485e-06,0.008362927,0,0.06774367392063141,0.12981284,0.06974779,8.028749e-06,0.015769854,0,0.1557409167289734,0.8030044,0.88033813,0.99998975,0.9758672,0,0.7765154242515564
TSBD_Healthy_076f98de26,1,0,2,0.8750624,0.003908611,0.078656785,0.05559515,3.500072e-06,0.010053285,0,0.06774367392063141,0.10053522,0.06167334,4.329916e-06,0.011977598,0,0.1557409167289734,0.82080793,0.8827315,0.99999225,0.9779691,0,0.7765154242515564
TSBD_Healthy_e3f6aa3d79,1,0,2,0.87460774,0.003994121,0.08153448,0.060119715,4.7626127e-06,0.011216866,0,0.06774367392063141,0.097388856,0.057304394,3.0014687e-06,0.010651354,0,0.1557409167289734,0.82107663,0.8825759,0.99999225,0.97813183,0,0.7765154242515564
TSBD_Healthy_da00d5de9a,1,0,2,0.87508875,0.0039003687,0.08180211,0.05877401,4.2654706e-06,0.010874017,0,0.06774367392063141,0.097219884,0.058743123,3.398801e-06,0.011035855,0,0.1557409167289734,0.820978,0.8824829,0.99999225,0.97809017,0,0.7765154242515564
TSBD_Healthy_1fc6860580,1,0,2,0.8737287,0.0030856226,0.07608607,0.041648857,1.2577274e-06,0.0071248906,0,0.06774367392063141,0.10479533,0.0921881,3.3606775e-05,0.021983225,0,0.1557409167289734,0.81911856,0.86616296,0.9999651,0.9708919,0,0.7765154242515564
TSBD_Healthy_93437b01b9,1,0,2,0.87409747,0.00402392,0.07996978,0.056946397,3.8495245e-06,0.010421628,0,0.06774367392063141,0.10000431,0.0603666,3.9269926e-06,0.0116157485,0,0.1557409167289734,0.82002586,0.88268703,0.99999225,0.9779626,0,0.7765154242515564
TSBD_Healthy_d7b2fef984,1,0,2,0.8742051,0.0040634368,0.07809092,0.057392735,3.8768844e-06,0.010384491,0,0.06774367392063141,0.101149306,0.05968636,3.6063552e-06,0.011404783,0,0.1557409167289734,0.8207598,0.88292086,0.9999925,0.97821075,0,0.7765154242515564
TSBD_Healthy_6499b6d7a1,0,0,1,0.34717736,0.12298295,0.05196124,0.04536823,1.9334566e-06,0.009168526,0,0.06774367392063141,0.33895737,0.8040628,0.9997818,0.8951972,0,0.1557409167289734,0.60908145,0.15056896,0.00021624651,0.095634274,0,0.7765154242515564
TSBD_Healthy_b2c3637e41,1,0,2,0.8682084,0.001899676,0.072935395,0.044358257,2.2536753e-06,0.008161257,0,0.06774367392063141,0.11749863,0.115845956,0.00012107025,0.03295165,0,0.1557409167289734,0.809566,0.83979577,0.9998766,0.9588871,0,0.7765154242515564
TSBD_Healthy_ca0105e4b8,1,0,2,0.875112,0.003747332,0.08587633,0.064965405,6.6607236e-06,0.012657694,0,0.06774367392063141,0.09331839,0.05499205,2.434813e-06,0.009885628,0,0.1557409167289734,0.8208053,0.88004255,0.99999094,0.9774567,0,0.7765154242515564
TSBD_Healthy_efb3b53d28,0,0,2,0.4844192,0.05841201,0.071275644,0.0567899,8.71567e-06,0.013717316,0,0.06774367392063141,0.4733402,0.17001088,0.0010047958,0.112641536,0,0.1557409167289734,0.45538417,0.7731992,0.99898654,0.87364113,0,0.7765154242515564
TSBD_Healthy_b6298539e0,1,0,2,0.8754694,0.003759237,0.08366233,0.06178559,5.4848624e-06,0.011790385,0,0.06774367392063141,0.095264174,0.057171762,2.9717794e-06,0.010540729,0,0.1557409167289734,0.8210735,0.88104266,0.99999154,0.9776688,0,0.7765154242515564
TSBD_Healthy_32b15941da,0,0,1,0.15311462,0.2591253,0.05929448,0.05777594,3.8863427e-06,0.015309441,0,0.06774367392063141,0.18226087,0.84308684,0.9999707,0.91536164,0,0.1557409167289734,0.7584447,0.09913723,2.5387668e-05,0.06932892,0,0.7765154242515564
TSBD_Healthy_0d4ffdc7b0,0,0,1,0.19197403,0.22112843,0.054210883,0.061721537,4.6490763e-06,0.014325081,0,0.06774367392063141,0.25686094,0.8555727,0.9999856,0.93951946,0,0.1557409167289734,0.6889282,0.082705796,9.769424e-06,0.046155445,0,0.7765154242515564
TSBD_Healthy_b36f28e306,1,0,2,0.87381357,0.0029677732,0.09003916,0.052784633,3.1169234e-06,0.010106034,0,0.06774367392063141,0.09219858,0.08141951,1.6800635e-05,0.017346133,0,0.1557409167289734,0.8177623,0.8657959,0.9999801,0.9725478,0,0.7765154242515564
TSBD_Healthy_68a56d28bf,1,0,2,0.85676634,0.0055230074,0.06743137,0.047454912,1.8434948e-06,0.007864348,0,0.06774367392063141,0.13150175,0.07575308,1.1999529e-05,0.017835911,0,0.1557409167289734,0.8010668,0.8767921,0.9999862,0.9742997,0,0.7765154242515564
TSBD_Healthy_b7798ab5f8,1,0,2,0.8637282,0.002867398,0.07118557,0.03742305,1.0284284e-06,0.0063898964,0,0.06774367392063141,0.11414184,0.12479346,0.00017753373,0.036312602,0,0.1557409167289734,0.8146726,0.8377834,0.99982136,0.9572975,0,0.7765154242515564
TSBD_Healthy_2a0f79d223,0,0,1,0.14400299,0.2691283,0.07191847,0.048817545,2.6524503e-06,0.015407039,0,0.06774367392063141,0.11793271,0.8021616,0.99978477,0.8417969,0,0.1557409167289734,0.8101488,0.14902087,0.00021262123,0.14279611,0,0.7765154242515564
TSBD_Healthy_8fc6471a64,1,0,2,0.8674769,0.0047134906,0.07471559,0.05830382,4.2667943e-06,0.010526709,0,0.06774367392063141,0.11049902,0.06130622,4.141783e-06,0.012274524,0,0.1557409167289734,0.81478536,0.8803899,0.99999154,0.9771988,0,0.7765154242515564
TSBD_Healthy_78bf1afa4b,0,0,1,0.36008087,0.113680914,0.062291667,0.042467307,6.107767e-06,0.011353375,0,0.06774367392063141,0.15789542,0.6082378,0.9562159,0.569701,0,0.1557409167289734,0.779813,0.34929484,0.043777984,0.41894567,0,0.7765154242515564
TSBD_Healthy_d63c012f3e,1,0,2,0.87383103,0.0037526926,0.08514456,0.052727215,2.881871e-06,0.009723678,0,0.06774367392063141,0.09688109,0.067961924,6.97102e-06,0.013607787,0,0.1557409167289734,0.8179743,0.87931085,0.9999902,0.97666854,0,0.7765154242515564
TSBD_Healthy_05ab09d318,1,0,2,0.8752392,0.0039079776,0.081960045,0.05926861,4.421048e-06,0.010999477,0,0.06774367392063141,0.09670345,0.058044493,3.1589295e-06,0.010795433,0,0.1557409167289734,0.8213365,0.8826869,0.9999925,0.9782051,0,0.7765154242515564
TSBD_Healthy_18405215f8,1,1,2,0.8758028,0.0037849941,0.085873276,0.060910124,4.951247e-06,0.011579646,0,0.06774367392063141,0.09278239,0.05687729,2.8381555e-06,0.010321298,0,0.1557409167289734,0.8213443,0.88221264,0.99999213,0.9780991,1,0.7765154242515564
TSBD_Healthy_fe721e6a35,1,0,2,0.8750075,0.0038191946,0.084390536,0.060224067,4.7558483e-06,0.011364768,0,0.06774367392063141,0.095291026,0.058261573,3.2226549e-06,0.010808082,0,0.1557409167289734,0.8203184,0.8815144,0.999992,0.9778271,0,0.7765154242515564
TSBD_Healthy_8a0b6768d9,0,0,1,0.2523173,0.17827266,0.059474703,0.0389138,1.6176782e-06,0.009897641,0,0.06774367392063141,0.16063501,0.7300483,0.9974995,0.7542668,0,0.1557409167289734,0.77989036,0.23103796,0.0024989005,0.23583555,0,0.7765154242515564
TSBD_Healthy_fdb9e6ae23,1,1,2,0.8757016,0.0034690266,0.07798842,0.044629067,1.533212e-06,0.007698691,0,0.06774367392063141,0.10110854,0.07854128,1.4984029e-05,0.01715352,0,0.1557409167289734,0.82090306,0.87682974,0.99998343,0.97514784,1,0.7765154242515564
TSBD_Healthy_4c66cb7f58,0,0,1,0.21880694,0.20216937,0.05777756,0.040945567,1.571649e-06,0.01033198,0,0.06774367392063141,0.16888048,0.77294946,0.9992669,0.8166965,0,0.1557409167289734,0.77334195,0.186105,0.0007315573,0.17297147,0,0.7765154242515564
TSBD_Healthy_f5058ddf56,0,0,1,0.11849557,0.29917824,0.061067224,0.07493964,1.0190918e-05,0.02200063,0,0.06774367392063141,0.16824846,0.8567716,0.9999858,0.93542784,0,0.1557409167289734,0.7706843,0.06828873,4.0325526e-06,0.04257153,0,0.7765154242515564
TSBD_Healthy_69e2554f5f,0,0,1,0.100368,0.32658505,0.067145415,0.0607112,4.2900588e-06,0.01911621,0,0.06774367392063141,0.12213755,0.8562579,0.9999856,0.9184391,0,0.1557409167289734,0.810717,0.08303095,1.0086798e-05,0.062444653,0,0.7765154242515564
TSBD_Healthy_d4f8817d0f,1,0,2,0.8704248,0.0043192096,0.07240684,0.05031016,2.3255752e-06,0.008620143,0,0.06774367392063141,0.1119446,0.06821281,6.9763964e-06,0.014343578,0,0.1557409167289734,0.81564856,0.88147706,0.9999906,0.9770363,0,0.7765154242515564
TSBD_Healthy_75d585858d,0,0,2,0.3376504,0.08701655,0.07738249,0.033492208,4.3560103e-06,0.008564886,0,0.06774367392063141,0.10216601,0.46576566,0.5340118,0.32143772,0,0.1557409167289734,0.8204515,0.50074214,0.46598384,0.6699974,0,0.7765154242515564
TSBD_Healthy_cb3a9d790a,0,0,1,0.14101267,0.27305445,0.062188752,0.048268117,1.9979784e-06,0.013351552,0,0.06774367392063141,0.14303736,0.8303884,0.9999316,0.8872489,0,0.1557409167289734,0.7947739,0.12134348,6.6469554e-05,0.099399604,0,0.7765154242515564
TSBD_Healthy_2c254df731,1,0,2,0.8723923,0.0039333464,0.08393588,0.054228973,3.0971323e-06,0.009947739,0,0.06774367392063141,0.09966956,0.06593055,5.7543202e-06,0.013056635,0,0.1557409167289734,0.8163945,0.87984043,0.9999912,0.9769956,0,0.7765154242515564
TSBD_Healthy_4e4bdff12a,1,0,2,0.6050223,0.026999846,0.05925002,0.03289826,3.1153922e-06,0.0067254542,0,0.06774367392063141,0.17429201,0.37816104,0.1580748,0.25705412,0,0.1557409167289734,0.766458,0.5889407,0.8419221,0.7362205,0,0.7765154242515564
TSBD_WSSV_ffd2411af1,1,0,2,0.8612363,0.0056870533,0.072347745,0.060101856,4.7873145e-06,0.010807583,0,0.06774367392063141,0.115396455,0.058697775,3.4001578e-06,0.011758683,0,0.1557409167289734,0.81225586,0.8812004,0.9999918,0.97743374,0,0.7765154242515564
TSBD_WSSV_c6b9dfd6bd,1,0,2,0.8752375,0.0035206908,0.0834437,0.055632446,3.5756539e-06,0.010327983,0,0.06774367392063141,0.09784389,0.06568752,5.735739e-06,0.0129339425,0,0.1557409167289734,0.8187125,0.87868005,0.9999907,0.9767381,0,0.7765154242515564
TSBD_WSSV_258e8224d8,1,1,2,0.8771739,0.0033120457,0.08276282,0.0513241,2.650211e-06,0.0093431715,0,0.06774367392063141,0.09599377,0.07054744,8.3399145e-06,0.0142818745,0,0.1557409167289734,0.8212434,0.8781285,0.99998903,0.976375,1,0.7765154242515564
TSBD_WSSV_7759b4323e,0,0,1,0.09391206,0.33495897,0.06680161,0.09978903,3.8173697e-05,0.036244698,0,0.06774367392063141,0.13505933,0.8424019,0.9999598,0.9263876,0,0.1557409167289734,0.79813904,0.057809044,1.977916e-06,0.037367675,0,0.7765154242515564
TSBD_WSSV_20ac0fab2b,0,0,1,0.0822768,0.3484239,0.15620513,0.17167939,0.0005503878,0.120658815,0,0.06774367392063141,0.07833564,0.77360946,0.99944717,0.83691484,0,0.1557409167289734,0.76545924,0.05471108,2.4021558e-06,0.04242634,0,0.7765154242515564
TSBD_WSSV_73ccea8db5,0,0,1,0.096608445,0.33102638,0.08274538,0.082200326,1.9744613e-05,0.033503354,0,0.06774367392063141,0.10326642,0.83119047,0.999966,0.89504164,0,0.1557409167289734,0.81398815,0.08660918,1.4177136e-05,0.07145505,0,0.7765154242515564
TSBD_WSSV_2ca61b4065,1,1,1,0.8199455,0.008094288,0.10981996,0.089339614,2.2535933e-05,0.020954942,0,0.06774367392063141,0.76189524,0.8507003,0.9999751,0.9673058,1,0.1557409167289734,0.12828478,0.059959993,2.323803e-06,0.011739293,0,0.7765154242515564
TSBD_WSSV_0168d43459,0,0,0,0.08607617,0.34707892,0.097365975,0.8529852,0.9999273,0.88268155,0,0.06774367392063141,0.12919132,0.076611675,4.479438e-05,0.044468578,0,0.1557409167289734,0.7734427,0.07040314,2.7899216e-05,0.07284988,0,0.7765154242515564
TSBD_WSSV_a270f6228b,0,0,0,0.18900645,0.14420193,0.20366175,0.5314802,0.50323284,0.46962726,0,0.06774367392063141,0.34479868,0.43163568,0.4967635,0.5128528,0,0.1557409167289734,0.45153955,0.036884155,3.6517808e-06,0.017520007,0,0.7765154242515564
TSBD_WSSV_3868efcb84,0,0,0,0.062227946,0.39268595,0.062617935,0.8596221,0.99989665,0.8709479,0,0.06774367392063141,0.21540968,0.08955986,9.695379e-05,0.07640558,0,0.1557409167289734,0.72197235,0.05081807,6.490916e-06,0.052646525,0,0.7765154242515564
TSBD_WSSV_98510bdd07,0,0,0,0.1872353,0.22236809,0.3073453,0.8997052,0.99998796,0.9565881,0,0.06774367392063141,0.069590405,0.05194497,6.921295e-06,0.014643201,0,0.1557409167289734,0.62306434,0.048349824,5.1371753e-06,0.028768731,0,0.7765154242515564
TSBD_WSSV_365b81a0b8,0,0,0,0.0943711,0.32300773,0.07420387,0.67842406,0.97824085,0.67201436,0,0.06774367392063141,0.116365515,0.23996136,0.02164331,0.2299489,0,0.1557409167289734,0.80943054,0.08161454,0.000115832205,0.09803669,0,0.7765154242515564
TSBD_WSSV_4c515e509e,1,0,2,0.7403032,0.015790222,0.07826447,0.070930585,4.269549e-05,0.01852369,0,0.06774367392063141,0.10645693,0.23923394,0.010653885,0.10752544,0,0.1557409167289734,0.81527865,0.6898355,0.98930335,0.87395084,0,0.7765154242515564
TSBD_WSSV_d5dc5a32b7,0,0,1,0.07342926,0.3510169,0.071736105,0.3769701,0.057618458,0.27433294,0,0.06774367392063141,0.11698566,0.579571,0.942378,0.6908896,0,0.1557409167289734,0.81127816,0.043458875,3.4927905e-06,0.03477751,0,0.7765154242515564
TSBD_WSSV_84d358870a,1,1,0,0.5825481,0.054621298,0.6553176,0.89946294,0.99998784,0.9717633,1,0.06774367392063141,0.066442095,0.05191112,6.8750205e-06,0.011212132,0,0.1557409167289734,0.2782403,0.048625965,5.2437094e-06,0.017024577,0,0.7765154242515564
TSBD_WSSV_b95089e484,0,0,0,0.06680682,0.3900941,0.1008544,0.898504,0.999987,0.93106234,0,0.06774367392063141,0.08769498,0.053277846,7.8133435e-06,0.023667758,0,0.1557409167289734,0.81145066,0.048218187,5.100348e-06,0.045269877,0,0.7765154242515564
TSBD_WSSV_ef2d938994,0,0,0,0.059271682,0.40271637,0.068155035,0.8813388,0.999969,0.89995193,0,0.06774367392063141,0.18820569,0.068705514,2.5216446e-05,0.049010348,0,0.1557409167289734,0.74363923,0.049955755,5.7126645e-06,0.051037747,0,0.7765154242515564
TSBD_WSSV_32049c3ecf,1,0,2,0.85447866,0.005553309,0.07604612,0.09855117,4.4387187e-05,0.021533199,0,0.06774367392063141,0.10425303,0.050890833,1.967485e-06,0.009577084,0,0.1557409167289734,0.81970084,0.8505579,0.9999536,0.9688897,0,0.7765154242515564
TSBD_WSSV_8b8160f809,1,1,1,0.7874389,0.012518646,0.1469813,0.077897884,1.2448336e-05,0.019590728,0,0.06774367392063141,0.7309777,0.8580031,0.9999845,0.96768737,1,0.1557409167289734,0.122040965,0.064098984,3.0864408e-06,0.012721885,0,0.7765154242515564
TSBD_WSSV_cdf58b2135,1,0,1,0.43640423,0.08267424,0.053742398,0.066036485,7.104506e-06,0.012809354,0,0.06774367392063141,0.51365435,0.84548247,0.99997795,0.95199907,0,0.1557409167289734,0.43260327,0.08848103,1.4965495e-05,0.035191577,0,0.7765154242515564
TSBD_WSSV_aa863186fe,0,0,1,0.29207325,0.15153027,0.06293427,0.047430295,7.0487836e-06,0.013788649,0,0.06774367392063141,0.13891551,0.655988,0.9855299,0.63439995,0,0.1557409167289734,0.7981502,0.29658172,0.014463057,0.35181138,0,0.7765154242515564
TSBD_WSSV_dfb2880295,1,0,2,0.7830634,0.011071818,0.066651955,0.03265112,1.1352024e-06,0.005950639,0,0.06774367392063141,0.123199284,0.22373697,0.0053989706,0.09539318,0,0.1557409167289734,0.8101488,0.74361193,0.9945998,0.8986562,0,0.7765154242515564
TSBD_WSSV_baaf0baf99,0,0,1,0.27607903,0.15613723,0.08291271,0.0836269,0.00010955548,0.034071296,0,0.06774367392063141,0.10276612,0.603648,0.97210115,0.5507204,0,0.1557409167289734,0.81432116,0.31272513,0.027789306,0.41520825,0,0.7765154242515564
TSBD_WSSV_24404c91af,0,0,1,0.097677715,0.33008677,0.06864218,0.07536534,1.1157696e-05,0.025649907,0,0.06774367392063141,0.12509082,0.85116196,0.9999831,0.9216579,0,0.1557409167289734,0.80626696,0.073472746,5.799947e-06,0.052692167,0,0.7765154242515564
TSBD_WSSV_b7563199e4,0,0,1,0.17283037,0.24032229,0.06028361,0.047851257,2.4813748e-06,0.01314764,0,0.06774367392063141,0.15196414,0.80164444,0.99977344,0.8536291,0,0.1557409167289734,0.7877522,0.15050425,0.00022402457,0.13322324,0,0.7765154242515564
TSBD_WSSV_11a594f754,0,0,1,0.37252367,0.11201093,0.052682962,0.046328932,3.1173893e-06,0.010230607,0,0.06774367392063141,0.30451143,0.75641197,0.99893695,0.8385621,0,0.1557409167289734,0.6428056,0.1972591,0.0010599021,0.1512073,0,0.7765154242515564
TSBD_WSSV_fc31d39bad,0,0,1,0.09818269,0.32966608,0.067933835,0.06880909,7.930091e-06,0.023064962,0,0.06774367392063141,0.12125818,0.85238665,0.999984,0.91835403,0,0.1557409167289734,0.81080806,0.07880429,8.059512e-06,0.058580987,0,0.7765154242515564
TSBD_WSSV_d6cd79daa1,0,0,1,0.1318278,0.2835657,0.060717247,0.055815715,3.681194e-06,0.016066918,0,0.06774367392063141,0.14508682,0.83778197,0.9999603,0.90055555,0,0.1557409167289734,0.79419595,0.10640232,3.606244e-05,0.0833775,0,0.7765154242515564
TSBD_WSSV_02f81ef95e,0,0,1,0.15427011,0.25846994,0.065676086,0.04571648,2.136102e-06,0.013545597,0,0.06774367392063141,0.12519017,0.7979665,0.9997274,0.8370812,0,0.1557409167289734,0.8091337,0.15631701,0.00027044045,0.14937323,0,0.7765154242515564
TSBD_WSSV_3b11acaec9,0,0,1,0.27331895,0.15767094,0.053520534,0.08004946,1.446821e-05,0.017727453,0,0.06774367392063141,0.3863059,0.8535068,0.99998176,0.9539763,0,0.1557409167289734,0.5601736,0.06644374,3.7429086e-06,0.028296266,0,0.7765154242515564
TSBD_WSSV_c286bccb7a,0,0,1,0.3755209,0.09709699,0.062605575,0.039246112,6.5672734e-06,0.0100957155,0,0.06774367392063141,0.13818285,0.54545486,0.84694564,0.4580454,0,0.1557409167289734,0.7992115,0.415299,0.1530478,0.5318589,0,0.7765154242515564
TSBD_WSSV_6aa52b5d04,0,0,1,0.22748418,0.18015127,0.055495523,0.19116981,0.0010171403,0.063586175,0,0.06774367392063141,0.37351033,0.75759804,0.9989808,0.913529,0,0.1557409167289734,0.5709941,0.051232163,2.010825e-06,0.022884835,0,0.7765154242515564
TSBD_WSSV_78ac1c210b,0,0,1,0.12027435,0.29445237,0.062023222,0.122298285,0.000113064794,0.045647006,0,0.06774367392063141,0.15387551,0.8012735,0.9998777,0.89994043,0,0.1557409167289734,0.7841012,0.07642818,9.246081e-06,0.054412615,0,0.7765154242515564
TSBD_WSSV_f4df9efeef,0,0,1,0.09884496,0.328458,0.07323639,0.0682966,8.554861e-06,0.024439361,0,0.06774367392063141,0.111089945,0.84393173,0.9999764,0.90434813,0,0.1557409167289734,0.81567365,0.08777165,1.5049169e-05,0.071212456,0,0.7765154242515564
TSBD_WSSV_e332624690,0,0,1,0.09321598,0.3106737,0.07045707,0.37999326,0.08406814,0.28094777,0,0.06774367392063141,0.12274012,0.547446,0.9158824,0.64832586,0,0.1557409167289734,0.80680275,0.0725607,4.9471324e-05,0.07072638,0,0.7765154242515564
TSBD_WSSV_de8ce5aa48,0,0,1,0.20739676,0.20982751,0.06697419,0.040596325,2.013358e-06,0.011817324,0,0.06774367392063141,0.1223092,0.7329105,0.9977564,0.73881674,0,0.1557409167289734,0.8107166,0.22649312,0.0022415535,0.24936588,0,0.7765154242515564
TSBD_WSSV_2847167d0b,0,0,1,0.11947647,0.2977872,0.057496816,0.07787809,1.2386536e-05,0.022603108,0,0.06774367392063141,0.17309277,0.8555446,0.9999839,0.9364216,0,0.1557409167289734,0.76941043,0.06657728,3.6856998e-06,0.040975288,0,0.7765154242515564
TSBD_WSSV_ea8e971d58,0,0,1,0.08685059,0.3471098,0.07060338,0.10461207,4.8661033e-05,0.04120095,0,0.06774367392063141,0.118870415,0.83662486,0.9999491,0.9182911,0,0.1557409167289734,0.8105262,0.05876306,2.285708e-06,0.0405079,0,0.7765154242515564
TSBD_WSSV_2cd19b2879,1,1,2,0.87639457,0.0036925287,0.084526904,0.059137467,4.3840987e-06,0.011088975,0,0.06774367392063141,0.09384179,0.058801953,3.4096472e-06,0.01091027,0,0.1557409167289734,0.8216314,0.8820605,0.99999213,0.97800076,1,0.7765154242515564
TSBD_WSSV_f00fa9ceb8,1,0,2,0.86805516,0.004850831,0.07419542,0.061502963,5.204134e-06,0.011179317,0,0.06774367392063141,0.10796742,0.057219956,2.9760172e-06,0.011035352,0,0.1557409167289734,0.8178372,0.8812771,0.9999918,0.97778535,0,0.7765154242515564
TSBD_WSSV_6678622b35,1,0,2,0.8676177,0.0049615325,0.07273834,0.060083892,4.831355e-06,0.010820886,0,0.06774367392063141,0.10954928,0.057885863,3.2421833e-06,0.011339116,0,0.1557409167289734,0.8177123,0.88203025,0.9999919,0.97783995,0,0.7765154242515564
TSBD_WSSV_9ce26c2bf9,1,0,2,0.86036074,0.005484606,0.074879825,0.0819335,1.8046869e-05,0.016410701,0,0.06774367392063141,0.10602446,0.05039712,1.7163017e-06,0.00930368,0,0.1557409167289734,0.8190957,0.8676694,0.99998033,0.97428566,0,0.7765154242515564
TSBD_WSSV_3319ef6f32,1,0,2,0.856591,0.0063974997,0.06783118,0.056925796,3.8429916e-06,0.0098743625,0,0.06774367392063141,0.12272544,0.060593206,4.040077e-06,0.012623555,0,0.1557409167289734,0.80944335,0.88248104,0.99999213,0.97750205,0,0.7765154242515564
TSBD_WSSV_1bb255e74b,1,0,2,0.8706751,0.003003923,0.07556475,0.040220834,1.101358e-06,0.006824417,0,0.06774367392063141,0.10693708,0.102349065,5.7258807e-05,0.02585629,0,0.1557409167289734,0.8174982,0.8574301,0.9999417,0.96731925,0,0.7765154242515564
TSBD_WSSV_d45bc108bb,0,0,1,0.3293752,0.11749433,0.078216836,0.048451737,1.5886624e-05,0.014970346,0,0.06774367392063141,0.10105399,0.5369632,0.8501021,0.4265246,0,0.1557409167289734,0.8207292,0.41458505,0.149882,0.55850506,0,0.7765154242515564
TSBD_WSSV_319f7dd222,0,0,0,0.12911068,0.2236053,0.08571531,0.43104127,0.45847327,0.37244156,0,0.06774367392063141,0.09447728,0.3911261,0.53317136,0.3801648,0,0.1557409167289734,0.81980747,0.1778326,0.008355329,0.24739362,0,0.7765154242515564
TSBD_WSSV_72962540b9,1,0,2,0.8553205,0.0029353714,0.12091197,0.12714459,0.00013220502,0.03561361,0,0.06774367392063141,0.07940801,0.04295773,8.5775446e-07,0.006887503,0,0.1557409167289734,0.79968005,0.82989764,0.99986696,0.95749885,0,0.7765154242515564
TSBD_WSSV_cbc299712b,0,0,1,0.15024267,0.25296563,0.1641217,0.11116833,6.4247935e-05,0.05084546,0,0.06774367392063141,0.19371246,0.8317505,0.9999337,0.9187072,0,0.1557409167289734,0.6421659,0.057081167,2.0363443e-06,0.030447343,0,0.7765154242515564
TSBD_WSSV_4852ce6b3e,0,0,1,0.18428123,0.22932792,0.068690196,0.04066854,1.7593323e-06,0.012012504,0,0.06774367392063141,0.12063803,0.75864077,0.9988009,0.7725311,0,0.1557409167289734,0.8106718,0.20069075,0.0011973174,0.21545637,0,0.7765154242515564
TSBD_WSSV_51c0f376ed,1,0,2,0.8691803,0.004538454,0.07529255,0.06332911,6.1491432e-06,0.011776072,0,0.06774367392063141,0.106745414,0.05760559,3.1729116e-06,0.011170584,0,0.1557409167289734,0.8179621,0.8790653,0.9999906,0.9770533,0,0.7765154242515564
TSBD_WSSV_27c4e89064,1,0,2,0.8659378,0.004863022,0.07034437,0.060745157,5.1226884e-06,0.010895434,0,0.06774367392063141,0.114553966,0.06126009,4.2159113e-06,0.012476598,0,0.1557409167289734,0.81510174,0.8779948,0.9999907,0.97662795,0,0.7765154242515564
TSBD_WSSV_d31ea8472c,1,1,2,0.8760978,0.0028543589,0.084254056,0.06104901,5.774476e-06,0.01191533,0,0.06774367392063141,0.0987894,0.06747142,7.3326523e-06,0.013822808,0,0.1557409167289734,0.8169566,0.8714796,0.9999869,0.9742619,1,0.7765154242515564
TSBD_WSSV_6fd089aca1,1,0,2,0.87550527,0.0038806777,0.0821483,0.061546735,5.1794436e-06,0.011555506,0,0.06774367392063141,0.09580203,0.056208916,2.7124722e-06,0.010286014,0,0.1557409167289734,0.8220496,0.88224435,0.99999213,0.97815853,0,0.7765154242515564
TSBD_WSSV_7131cb4d1e,1,0,2,0.86581135,0.0038211746,0.08795428,0.09654331,3.795006e-05,0.021730319,0,0.06774367392063141,0.09266682,0.048404742,1.3979785e-06,0.008381698,0,0.1557409167289734,0.8193789,0.8550519,0.99996066,0.969888,0,0.7765154242515564
TSBD_WSSV_d1629a0715,0,0,1,0.35273993,0.111702584,0.053966813,0.068137154,7.1368654e-06,0.01344352,0,0.06774367392063141,0.46805844,0.85743475,0.99998665,0.9573895,0,0.1557409167289734,0.47797474,0.074428074,6.185461e-06,0.029167013,0,0.7765154242515564
TSBD_WSSV_8ecaf0ac01,0,0,1,0.36113355,0.098260514,0.06826419,0.0541509,3.1062642e-05,0.01623999,0,0.06774367392063141,0.1201789,0.5199874,0.7964742,0.41727164,0,0.1557409167289734,0.8115569,0.4258617,0.20349468,0.5664884,0,0.7765154242515564
TSBD_WSSV_af3c48a08c,1,0,2,0.80928534,0.00927484,0.09535716,0.049593557,4.910636e-06,0.011072815,0,0.06774367392063141,0.09107311,0.16546975,0.00083333225,0.052322567,0,0.1557409167289734,0.81356966,0.78493667,0.99916184,0.9366047,0,0.7765154242515564
TSBD_WSSV_3dae79f506,1,0,2,0.50684166,0.043045156,0.06494837,0.037994888,7.14491e-06,0.008823381,0,0.06774367392063141,0.148141,0.40634516,0.29567635,0.28672338,0,0.1557409167289734,0.7869107,0.55565995,0.7043165,0.7044533,0,0.7765154242515564
TSBD_WSSV_80515fe4b2,1,0,2,0.87400335,0.0040980503,0.07680982,0.058000278,4.1275316e-06,0.010503122,0,0.06774367392063141,0.1022063,0.0593199,3.6321894e-06,0.011429624,0,0.1557409167289734,0.8209839,0.88267976,0.99999225,0.9780673,0,0.7765154242515564
TSBD_WSSV_aee31f5ae6,1,0,2,0.86999995,0.004414078,0.07931226,0.06410571,6.2571953e-06,0.012101208,0,0.06774367392063141,0.10288619,0.056358002,2.7546382e-06,0.010615684,0,0.1557409167289734,0.8178016,0.8795364,0.99999106,0.97728306,0,0.7765154242515564
TSBD_WSSV_0ef579b068,1,0,2,0.8753622,0.0038194666,0.08071321,0.05984429,4.615778e-06,0.01108688,0,0.06774367392063141,0.09801422,0.058589324,3.300705e-06,0.010991583,0,0.1557409167289734,0.8212725,0.88156635,0.999992,0.97792155,0,0.7765154242515564
TSBD_WSSV_f70db8236e,1,0,2,0.7597836,0.016076462,0.07628077,0.034888256,1.5612133e-06,0.0068655536,0,0.06774367392063141,0.10387895,0.223305,0.005307523,0.08968078,0,0.1557409167289734,0.81984025,0.7418067,0.99469095,0.90345365,0,0.7765154242515564
TSBD_WSSV_36e3c23fc4,1,0,2,0.84872204,0.0057767127,0.086863354,0.11969976,9.932326e-05,0.028973177,0,0.06774367392063141,0.092563,0.04393075,9.868141e-07,0.0075023486,0,0.1557409167289734,0.8205737,0.8363695,0.99989974,0.96352446,0,0.7765154242515564
TSBD_WSSV_7e34390794,1,0,2,0.87422806,0.0040925806,0.078311265,0.06050089,4.8970082e-06,0.01115086,0,0.06774367392063141,0.09998029,0.057013445,2.9547125e-06,0.010689411,0,0.1557409167289734,0.82170844,0.8824857,0.99999213,0.9781597,0,0.7765154242515564
TSBD_WSSV_bd80b0d581,1,0,2,0.86069995,0.0040442897,0.091506585,0.101629525,4.9606722e-05,0.023855371,0,0.06774367392063141,0.09466276,0.048853863,1.578445e-06,0.00871212,0,0.1557409167289734,0.8138306,0.84951663,0.99994886,0.9674325,0,0.7765154242515564
TSBD_WSSV_a456bae923,1,0,2,0.8740835,0.00403516,0.078593455,0.058402915,4.104937e-06,0.010613743,0,0.06774367392063141,0.100872114,0.059301503,3.4746502e-06,0.011279974,0,0.1557409167289734,0.82053447,0.8822956,0.9999925,0.9781063,0,0.7765154242515564
TSBD_WSSV_b6178797f6,1,0,2,0.8747449,0.0039717173,0.08102428,0.06032683,4.8102725e-06,0.011232023,0,0.06774367392063141,0.097696126,0.057295594,2.972921e-06,0.010642103,0,0.1557409167289734,0.8212796,0.8823776,0.99999225,0.9781259,0,0.7765154242515564
TSBD_WSSV_69762898eb,1,0,2,0.87099695,0.0042780945,0.082987405,0.064828716,6.5590093e-06,0.012470605,0,0.06774367392063141,0.099017486,0.05521277,2.5320633e-06,0.010201923,0,0.1557409167289734,0.8179951,0.87995857,0.99999094,0.9773275,0,0.7765154242515564
TSBD_WSSV_a73de688c2,1,1,2,0.8756818,0.0037170546,0.08656833,0.06466074,6.607239e-06,0.012640463,0,0.06774367392063141,0.09207251,0.054705188,2.4324484e-06,0.009809848,0,0.1557409167289734,0.8213592,0.8806341,0.99999106,0.9775497,1,0.7765154242515564
TSBD_WSSV_03cb710db8,1,0,2,0.87467223,0.0038779369,0.08141056,0.06276171,5.7405587e-06,0.011870731,0,0.06774367392063141,0.09747901,0.05655141,2.8029217e-06,0.010452651,0,0.1557409167289734,0.8211104,0.88068694,0.9999914,0.97767663,0,0.7765154242515564
TSBD_WSSV_7f2c043791,1,0,2,0.8650864,0.0035182992,0.0878263,0.090648,3.0918654e-05,0.02031361,0,0.06774367392063141,0.0992731,0.054846123,2.7387175e-06,0.010415481,0,0.1557409167289734,0.8129006,0.8545058,0.9999664,0.9692709,0,0.7765154242515564
TSBD_WSSV_426ff318e2,1,0,2,0.8755616,0.0038490966,0.08314285,0.061482348,5.242476e-06,0.011627607,0,0.06774367392063141,0.09507555,0.056372542,2.770818e-06,0.010316511,0,0.1557409167289734,0.82178164,0.8821451,0.999992,0.97805595,0,0.7765154242515564
TSBD_WSSV_3cb87dc046,1,0,2,0.87104934,0.0044218795,0.07642581,0.060600568,4.990873e-06,0.011119719,0,0.06774367392063141,0.10450771,0.057902846,3.237499e-06,0.011147277,0,0.1557409167289734,0.8190665,0.8814966,0.9999918,0.97773296,0,0.7765154242515564
TSBD_WSSV_4c414428d2,1,0,2,0.8753412,0.0039161444,0.08085871,0.060530033,4.8420757e-06,0.011252633,0,0.06774367392063141,0.09717284,0.05700901,2.9352013e-06,0.01056817,0,0.1557409167289734,0.8219685,0.882461,0.99999213,0.9781792,0,0.7765154242515564
TSBD_WSSV_4896029d97,1,0,2,0.8731049,0.0039574085,0.082234345,0.06994142,8.873858e-06,0.01365819,0,0.06774367392063141,0.0965438,0.052821394,2.0272512e-06,0.009477002,0,0.1557409167289734,0.82122195,0.8772372,0.99998915,0.9768648,0,0.7765154242515564
TSBD_WSSV_c549f00277,1,0,2,0.8726557,0.0041437773,0.07819161,0.06286844,5.773302e-06,0.011732116,0,0.06774367392063141,0.101602755,0.056889296,2.9236944e-06,0.010728968,0,0.1557409167289734,0.8202057,0.8802423,0.9999913,0.9775389,0,0.7765154242515564
TSBD_WSSV_254bdb9f4d,1,0,2,0.87363094,0.0039025303,0.07438908,0.058606353,4.3060563e-06,0.01053635,0,0.06774367392063141,0.10587407,0.06194525,4.5106644e-06,0.012336704,0,0.1557409167289734,0.81973684,0.8794484,0.9999912,0.9771269,0,0.7765154242515564
TSBD_WSSV_b0447870c0,1,0,2,0.8750034,0.0039110575,0.079991564,0.0591159,4.4478497e-06,0.010908334,0,0.06774367392063141,0.098804586,0.058713462,3.3472436e-06,0.011062103,0,0.1557409167289734,0.8212038,0.8821707,0.99999225,0.9780296,0,0.7765154242515564
TSBD_WSSV_754fa3c73d,1,1,2,0.87606525,0.0038204575,0.08296989,0.06036557,4.754535e-06,0.01129825,0,0.06774367392063141,0.09481625,0.056936834,2.84136e-06,0.010402874,0,0.1557409167289734,0.82221395,0.8826976,0.9999924,0.9782989,1,0.7765154242515564
TSBD_WSSV_9937a0424b,1,1,2,0.8757817,0.0037520947,0.08602905,0.06341436,5.808921e-06,0.012184454,0,0.06774367392063141,0.09242712,0.055230908,2.4383844e-06,0.009869812,0,0.1557409167289734,0.8215439,0.8813547,0.9999918,0.9779457,1,0.7765154242515564
TSBD_WSSV_6fa84e41c3,1,0,2,0.87413603,0.0041074306,0.07855114,0.059682656,4.5811607e-06,0.010948381,0,0.06774367392063141,0.100056134,0.057509374,3.0421886e-06,0.010797537,0,0.1557409167289734,0.8213927,0.88280797,0.9999924,0.9782541,0,0.7765154242515564
TSBD_WSSV_577000701d,1,0,2,0.8725579,0.0036660926,0.088505335,0.07946741,1.5495625e-05,0.016617203,0,0.06774367392063141,0.09102613,0.049225185,1.445614e-06,0.00841772,0,0.1557409167289734,0.8204686,0.87130743,0.9999831,0.9749651,0,0.7765154242515564
TSBD_WSSV_7562704d32,1,0,2,0.87548965,0.0038757734,0.08214074,0.061082218,5.0366007e-06,0.011452193,0,0.06774367392063141,0.09597069,0.05663453,2.7872582e-06,0.010384236,0,0.1557409167289734,0.82188857,0.8822833,0.99999225,0.97816354,0,0.7765154242515564
TSBD_WSSV_ab987277c7,1,0,2,0.8691384,0.004764556,0.07427156,0.05983741,4.6832693e-06,0.0108090015,0,0.06774367392063141,0.10728839,0.05775809,3.149141e-06,0.011176547,0,0.1557409167289734,0.8184401,0.88240457,0.99999225,0.9780144,0,0.7765154242515564
TSBD_WSSV_1beeeafcb8,1,0,2,0.8704125,0.0046148067,0.07420731,0.05918363,4.4848134e-06,0.010654896,0,0.06774367392063141,0.10646588,0.058132265,3.2775692e-06,0.011263546,0,0.1557409167289734,0.8193268,0.8826841,0.99999225,0.9780815,0,0.7765154242515564
TSBD_WSSV_e7254cc0d4,1,0,2,0.87490594,0.0039801486,0.080196634,0.061122622,5.1072907e-06,0.011391041,0,0.06774367392063141,0.0978825,0.05655225,2.8101929e-06,0.010465888,0,0.1557409167289734,0.8219209,0.8823252,0.999992,0.9781431,0,0.7765154242515564
TSBD_WSSV_b5a8a126ab,1,0,2,0.79759866,0.014689911,0.05780564,0.05531954,3.5678427e-06,0.009218835,0,0.06774367392063141,0.17026961,0.062866636,4.8632314e-06,0.015162885,0,0.1557409167289734,0.77192473,0.8818139,0.99999154,0.97561824,0,0.7765154242515564
TSBD_WSSV_13e41ad5ef,1,0,2,0.8750465,0.003969836,0.08058732,0.060719963,4.9588125e-06,0.011308901,0,0.06774367392063141,0.09749528,0.056707904,2.8427767e-06,0.01048781,0,0.1557409167289734,0.82191736,0.8825721,0.99999213,0.9782033,0,0.7765154242515564
TSBD_WSSV_5dd3dca816,1,0,2,0.8732249,0.004232703,0.07721193,0.059714757,4.6204914e-06,0.010905817,0,0.06774367392063141,0.1018227,0.057568118,3.0771594e-06,0.010895614,0,0.1557409167289734,0.8209654,0.8827172,0.99999225,0.9781985,0,0.7765154242515564
TSBD_WSSV_084f7a072a,1,0,2,0.87034625,0.0045838254,0.07477292,0.058356784,4.1528324e-06,0.01045631,0,0.06774367392063141,0.10658899,0.058965746,3.537279e-06,0.011517572,0,0.1557409167289734,0.81863815,0.88267756,0.99999225,0.9780261,0,0.7765154242515564
TSBD_WSSV_7d1aec7b17,1,0,2,0.8724869,0.004125937,0.08024453,0.06268328,5.682316e-06,0.011789347,0,0.06774367392063141,0.10041572,0.05696977,2.914194e-06,0.010687968,0,0.1557409167289734,0.8193397,0.88034695,0.9999914,0.97752273,0,0.7765154242515564
TSBD_WSSV_93545fad41,1,0,2,0.875366,0.0038433885,0.0823726,0.0633058,5.9046242e-06,0.012028557,0,0.06774367392063141,0.09563688,0.055464502,2.5199813e-06,0.010071792,0,0.1557409167289734,0.8219905,0.8812297,0.99999154,0.9778997,0,0.7765154242515564
TSBD_WSSV_ef783ed00d,1,0,2,0.87505025,0.0039048614,0.08334538,0.061096698,5.0335416e-06,0.011513675,0,0.06774367392063141,0.09546311,0.056686863,2.7972203e-06,0.010379522,0,0.1557409167289734,0.8211915,0.88221645,0.99999225,0.97810686,0,0.7765154242515564
TSBD_WSSV_8b081aa68f,1,0,2,0.87267274,0.0039113015,0.084722154,0.07206561,1.0293852e-05,0.014417085,0,0.06774367392063141,0.09491272,0.051891346,1.8629335e-06,0.0091935005,0,0.1557409167289734,0.8203651,0.876043,0.99998784,0.97638947,0,0.7765154242515564
TSBD_WSSV_6afbaad0ae,1,0,2,0.8688256,0.0033907616,0.10807456,0.08574451,2.207691e-05,0.019876914,0,0.06774367392063141,0.081894614,0.047776245,1.3001072e-06,0.007868567,0,0.1557409167289734,0.8100308,0.86647934,0.99997663,0.97225446,0,0.7765154242515564
TSBD_WSSV_9223e4a32b,1,0,2,0.87142104,0.00443637,0.07605798,0.059210725,4.527278e-06,0.010768779,0,0.06774367392063141,0.104516156,0.05829528,3.3936865e-06,0.011282409,0,0.1557409167289734,0.8194259,0.882494,0.99999213,0.97794884,0,0.7765154242515564
TSBD_WSSV_98ea43065f,1,0,2,0.87483,0.0040055607,0.07925775,0.059829738,4.653889e-06,0.0110279,0,0.06774367392063141,0.09895215,0.05748606,3.061803e-06,0.010765886,0,0.1557409167289734,0.82179,0.88268423,0.99999225,0.9782062,0,0.7765154242515564
TSBD_WSSV_eb247f0a00,1,0,2,0.87545913,0.0038460968,0.08279246,0.061330806,5.0683666e-06,0.011521734,0,0.06774367392063141,0.0955922,0.05670816,2.8054105e-06,0.010391533,0,0.1557409167289734,0.8216153,0.8819611,0.999992,0.9780867,0,0.7765154242515564
TSBD_WSSV_97fa50601b,1,0,2,0.87564665,0.0038186572,0.084481835,0.0622797,5.412389e-06,0.011838007,0,0.06774367392063141,0.09380624,0.05578039,2.5814745e-06,0.01007741,0,0.1557409167289734,0.82171184,0.88193995,0.999992,0.97808456,0,0.7765154242515564
TSBD_WSSV_8b6c4507a2,1,0,2,0.86713916,0.0050097015,0.07476608,0.064059034,6.236536e-06,0.011836693,0,0.06774367392063141,0.10698471,0.055098422,2.546206e-06,0.010481848,0,0.1557409167289734,0.8182493,0.88084257,0.9999913,0.97768146,0,0.7765154242515564
TSBD_WSSV_5c925439ac,1,0,2,0.86817855,0.004682024,0.077596195,0.06868845,8.551235e-06,0.013186932,0,0.06774367392063141,0.10360702,0.05365751,2.277003e-06,0.01002049,0,0.1557409167289734,0.8187968,0.87765396,0.99998915,0.9767926,0,0.7765154242515564
TSBD_WSSV_1d810bc413,1,0,2,0.8709612,0.0040777205,0.08062433,0.073087454,1.0475896e-05,0.014320503,0,0.06774367392063141,0.09914174,0.05297027,2.0696837e-06,0.009629696,0,0.1557409167289734,0.82023394,0.87394226,0.9999875,0.9760498,0,0.7765154242515564
TSBD_WSSV_26de7fcd80,1,0,2,0.8666902,0.0046365466,0.07963856,0.07843295,1.437221e-05,0.015691467,0,0.06774367392063141,0.10048442,0.050357897,1.6809443e-06,0.0090785595,0,0.1557409167289734,0.819877,0.87120914,0.9999839,0.97523,0,0.7765154242515564
TSBD_WSSV_8aa47f5a65,1,1,1,0.70140094,0.026108474,0.07068594,0.06706905,6.9305215e-06,0.012901126,0,0.06774367392063141,0.68342793,0.85111654,0.9999831,0.9636272,1,0.1557409167289734,0.24588609,0.081814356,9.970267e-06,0.023471698,0,0.7765154242515564
TSBD_WSSV_d889bfa7f2,1,0,2,0.8703071,0.004497328,0.07146902,0.053614248,3.0426188e-06,0.009311171,0,0.06774367392063141,0.11122033,0.063921094,5.2987953e-06,0.013145504,0,0.1557409167289734,0.8173107,0.8824646,0.99999166,0.97754335,0,0.7765154242515564
TSBD_WSSV_8a85146e3e,1,0,2,0.875384,0.0033844626,0.08770348,0.07003464,9.208245e-06,0.014092673,0,0.06774367392063141,0.09227254,0.054636624,2.316643e-06,0.009734785,0,0.1557409167289734,0.820024,0.87532866,0.99998856,0.9761725,0,0.7765154242515564
TSBD_WSSV_439d0a5c3f,1,0,2,0.87242526,0.0043311417,0.07734165,0.06038259,4.815248e-06,0.011060575,0,0.06774367392063141,0.10218667,0.057056908,2.967256e-06,0.010789384,0,0.1557409167289734,0.82047164,0.88256043,0.99999225,0.97815,0,0.7765154242515564
TSBD_WSSV_3f0184301c,1,0,2,0.8657461,0.005234177,0.071837865,0.060067687,4.7254903e-06,0.01072934,0,0.06774367392063141,0.11145054,0.057726767,3.1815548e-06,0.011355284,0,0.1557409167289734,0.8167116,0.8822056,0.999992,0.9779154,0,0.7765154242515564
TSBD_WSSV_00abe397a8,1,1,2,0.87624884,0.0038089454,0.08175089,0.059090942,4.410099e-06,0.010964178,0,0.06774367392063141,0.09589656,0.058008563,3.171414e-06,0.010764222,0,0.1557409167289734,0.8223526,0.8829006,0.9999924,0.9782716,1,0.7765154242515564
TSBD_WSSV_f49daeee4d,1,1,2,0.8757335,0.0038306331,0.08098574,0.06016512,4.708909e-06,0.011167104,0,0.06774367392063141,0.097044475,0.057697937,3.043166e-06,0.010698807,0,0.1557409167289734,0.82196975,0.88213694,0.99999213,0.97813416,1,0.7765154242515564
TSBD_WSSV_e3a3f70bef,1,0,2,0.8749212,0.0038855523,0.080882974,0.06325075,5.905029e-06,0.011949297,0,0.06774367392063141,0.09732162,0.05591049,2.6527964e-06,0.010276723,0,0.1557409167289734,0.8217954,0.88083875,0.9999914,0.977774,0,0.7765154242515564
TSBD_WSSV_4c6acaba53,1,0,2,0.8752124,0.003899714,0.082445264,0.060741518,4.914596e-06,0.011383481,0,0.06774367392063141,0.0960835,0.05694333,2.9094701e-06,0.010504862,0,0.1557409167289734,0.8214712,0.88231516,0.99999225,0.9781116,0,0.7765154242515564
TSBD_WSSV_1a5ee9d7a4,1,0,2,0.8748172,0.0038348902,0.08283381,0.06624016,7.2393887e-06,0.012816991,0,0.06774367392063141,0.09536652,0.054130986,2.3133116e-06,0.009787111,0,0.1557409167289734,0.82179964,0.8796289,0.99999046,0.9773959,0,0.7765154242515564
TSBD_WSSV_1d745dbab2,1,0,2,0.82996535,0.0075951684,0.09083855,0.14484863,0.0002534167,0.038814034,0,0.06774367392063141,0.09031882,0.042207073,9.02419e-07,0.0072018323,0,0.1557409167289734,0.81884265,0.8129443,0.99974567,0.9539841,0,0.7765154242515564
TSBD_WSSV_04529c8937,1,1,2,0.8763998,0.0037466409,0.08232876,0.059213106,4.358316e-06,0.010978228,0,0.06774367392063141,0.09549547,0.058340386,3.2128517e-06,0.01080677,0,0.1557409167289734,0.8221758,0.8824464,0.9999924,0.978215,1,0.7765154242515564
TSBD_WSSV_eb7b8b7c67,1,1,2,0.87596256,0.0038298257,0.083103694,0.060536373,4.8972383e-06,0.011385945,0,0.06774367392063141,0.09477482,0.05681174,2.8455925e-06,0.010393902,0,0.1557409167289734,0.8221215,0.8826519,0.99999225,0.97822016,1,0.7765154242515564
TSBD_WSSV_4c43a3a8a6,1,0,2,0.87425125,0.0035880897,0.087119035,0.072648145,1.0257173e-05,0.014605734,0,0.06774367392063141,0.092442736,0.052299816,1.8709793e-06,0.009152119,0,0.1557409167289734,0.8204382,0.8750521,0.99998784,0.9762421,0,0.7765154242515564
TSBD_WSSV_417fc1cab3,1,0,2,0.8746664,0.0037732292,0.08529719,0.06630274,7.05294e-06,0.012894864,0,0.06774367392063141,0.09401036,0.0544222,2.3127232e-06,0.009767015,0,0.1557409167289734,0.8206924,0.879275,0.9999907,0.97733814,0,0.7765154242515564
TSBD_WSSV_59c834cf6e,1,0,2,0.7552606,0.013940465,0.065345176,0.033508386,1.4885572e-06,0.00629285,0,0.06774367392063141,0.12954709,0.2518717,0.010428101,0.1164587,0,0.1557409167289734,0.8051077,0.71462,0.9895704,0.8772484,0,0.7765154242515564
TSBD_WSSV_97681928ee,1,0,2,0.87197334,0.004190363,0.077758424,0.059624385,4.7748613e-06,0.011010668,0,0.06774367392063141,0.10371243,0.05957793,3.7240563e-06,0.01158382,0,0.1557409167289734,0.8185291,0.8807977,0.99999154,0.97740555,0,0.7765154242515564
TSBD_WSSV_0c09630268,1,0,2,0.8736577,0.0036772294,0.08738171,0.074762434,1.1738121e-05,0.015214549,0,0.06774367392063141,0.09186061,0.050747555,1.6537696e-06,0.00878844,0,0.1557409167289734,0.8207577,0.87448996,0.99998665,0.975997,0,0.7765154242515564
TSBD_WSSV_919a1fc43f,1,1,2,0.87579256,0.0037436122,0.08606228,0.06212335,5.3335916e-06,0.011869968,0,0.06774367392063141,0.09267908,0.05633272,2.6885155e-06,0.0101644695,0,0.1557409167289734,0.8212586,0.88154393,0.9999919,0.9779656,1,0.7765154242515564
TSBD_WSSV_df52a25a1c,1,0,2,0.86933976,0.0046562674,0.073088005,0.05843379,4.250283e-06,0.01043281,0,0.06774367392063141,0.109076045,0.059807725,3.7866193e-06,0.011851384,0,0.1557409167289734,0.81783605,0.88175845,0.9999919,0.97771585,0,0.7765154242515564
TSBD_WSSV_b6df8b235a,1,0,2,0.8754937,0.0038940506,0.08138707,0.06058185,4.8800534e-06,0.011299987,0,0.06774367392063141,0.096604064,0.05692912,2.9048565e-06,0.01051764,0,0.1557409167289734,0.8220089,0.882489,0.99999225,0.9781823,0,0.7765154242515564
TSBD_WSSV_66dac7b3cb,1,0,2,0.8752814,0.0039022584,0.08072507,0.058489777,4.2773167e-06,0.01080322,0,0.06774367392063141,0.09789874,0.05883918,3.4595091e-06,0.011107207,0,0.1557409167289734,0.82137614,0.88267106,0.99999225,0.9780896,0,0.7765154242515564
TSBD_WSSV_cb728bde71,1,0,2,0.87511873,0.00374036,0.084832974,0.06596627,6.9698067e-06,0.012806886,0,0.06774367392063141,0.093956046,0.054527994,2.3385257e-06,0.009792591,0,0.1557409167289734,0.821211,0.87950575,0.9999907,0.97740054,0,0.7765154242515564
TSBD_WSSV_11dccea294,1,0,2,0.8537693,0.0051849084,0.088725686,0.115108535,8.134835e-05,0.027531434,0,0.06774367392063141,0.09078619,0.043456357,8.9236545e-07,0.007260774,0,0.1557409167289734,0.8204881,0.8414351,0.99991786,0.96520776,0,0.7765154242515564
TSBD_WSSV_6c97d0a038,1,0,2,0.5102035,0.060355112,0.09715183,0.38200244,0.061623506,0.18430075,0,0.06774367392063141,0.087649226,0.03746281,2.2882582e-06,0.00812874,0,0.1557409167289734,0.815199,0.58053476,0.9383743,0.8075706,0,0.7765154242515564
TSBD_WSSV_7930144273,1,1,2,0.875673,0.0037812889,0.08601653,0.06245541,5.5119635e-06,0.011973354,0,0.06774367392063141,0.092624456,0.05580521,2.5846794e-06,0.010038834,0,0.1557409167289734,0.82135904,0.88173944,0.9999919,0.9779878,1,0.7765154242515564
TSBD_WSSV_46e8a68895,1,0,2,0.8192186,0.010008579,0.05860405,0.047117554,2.057584e-06,0.007719071,0,0.06774367392063141,0.17084217,0.0812388,1.9110681e-05,0.022399792,0,0.1557409167289734,0.7705538,0.87164366,0.9999789,0.9698811,0,0.7765154242515564
TSBD_WSSV_68675dc12f,1,0,2,0.87370956,0.004081997,0.07713663,0.05796365,4.175985e-06,0.010543435,0,0.06774367392063141,0.10251884,0.059842095,3.8248777e-06,0.011609852,0,0.1557409167289734,0.82034457,0.88219416,0.999992,0.9778467,0,0.7765154242515564
TSBD_WSSV_33b5dd7e52,0,0,1,0.3177182,0.13691416,0.062042005,0.06263984,2.4273879e-05,0.01944261,0,0.06774367392063141,0.15722524,0.6444195,0.9855451,0.64172316,0,0.1557409167289734,0.7807328,0.29294074,0.014430578,0.33883423,0,0.7765154242515564
TSBD_WSSV_eaf8feba8d,1,0,2,0.87559485,0.003831639,0.0841185,0.0617613,5.2697346e-06,0.01171241,0,0.06774367392063141,0.094230965,0.05616045,2.6968614e-06,0.010212628,0,0.1557409167289734,0.82165056,0.88207823,0.999992,0.97807497,0,0.7765154242515564
TSBD_WSSV_a092abcd48,1,0,2,0.8729713,0.003954361,0.08385252,0.06953887,8.648521e-06,0.013648264,0,0.06774367392063141,0.09571404,0.052837476,2.0059292e-06,0.009431583,0,0.1557409167289734,0.82043344,0.8776236,0.9999893,0.9769201,0,0.7765154242515564
TSBD_WSSV_8c4a48a3c8,1,1,1,0.85036826,0.0047766026,0.099690646,0.073048435,9.203078e-06,0.0152923735,0,0.06774367392063141,0.78707904,0.859602,0.999987,0.97179234,1,0.1557409167289734,0.11323033,0.06734966,3.798917e-06,0.012915294,0,0.7765154242515564
TSBD_WSSV_36e8b7c576,0,0,0,0.14575437,0.2604255,0.2356478,0.8901888,0.9999758,0.944911,0,0.06774367392063141,0.12840602,0.0655182,2.0804357e-05,0.027342137,0,0.1557409167289734,0.63594615,0.044292975,3.2859466e-06,0.027746862,0,0.7765154242515564
TSBD_WSSV_f62b02d7ce,0,0,0,0.17213297,0.23405337,0.27841634,0.8992141,0.9999876,0.9528257,0,0.06774367392063141,0.10966167,0.05300244,7.652016e-06,0.01823226,0,0.1557409167289734,0.611922,0.047783513,4.8071593e-06,0.02894206,0,0.7765154242515564
TSBD_WSSV_7b5c5d4331,1,0,2,0.85476387,0.0035959664,0.07323181,0.038642984,1.3266574e-06,0.0068925517,0,0.06774367392063141,0.10997766,0.1394785,0.0003339141,0.042777292,0,0.1557409167289734,0.81679046,0.8218785,0.9996648,0.9503302,0,0.7765154242515564
TSBD_WSSV_1115f3a7b9,1,0,2,0.86411107,0.0045629535,0.07836399,0.07820297,1.4976726e-05,0.015750492,0,0.06774367392063141,0.10624438,0.054868095,2.7339174e-06,0.010631085,0,0.1557409167289734,0.8153916,0.86692894,0.99998224,0.9736184,0,0.7765154242515564
TSBD_WSSV_8b19cf1542,0,0,1,0.08753443,0.34691718,0.08348551,0.07483699,1.0679366e-05,0.028645588,0,0.06774367392063141,0.105204254,0.8523953,0.99998367,0.9160752,0,0.1557409167289734,0.81131023,0.07276765,5.6912368e-06,0.055279173,0,0.7765154242515564
TSBD_WSSV_e980aeec5d,0,0,0,0.18452379,0.2140474,0.124302246,0.734313,0.983817,0.67406726,0,0.06774367392063141,0.62885946,0.23381531,0.01618188,0.312391,0,0.1557409167289734,0.2468383,0.031871673,1.1270795e-06,0.013541711,0,0.7765154242515564
TSBD_WSSV_78620c7961,1,0,1,0.45804137,0.08001098,0.057026263,0.077364735,1.1990163e-05,0.015254686,0,0.06774367392063141,0.5557154,0.8567123,0.9999845,0.9630311,0,0.1557409167289734,0.38725838,0.06592298,3.5159724e-06,0.021714183,0,0.7765154242515564
TSBD_WSSV_5cfa598cc4,0,0,1,0.16395195,0.23811671,0.06404891,0.17785512,0.00064640614,0.06534894,0,0.06774367392063141,0.27044243,0.77541256,0.9993524,0.911566,0,0.1557409167289734,0.6655087,0.04673229,1.196343e-06,0.023085067,0,0.7765154242515564
TSBD_WSSV_2ab0d58abb,0,0,0,0.10129142,0.2960317,0.18355718,0.6289431,0.85168946,0.6882873,0,0.06774367392063141,0.09346635,0.3383998,0.14830866,0.28988424,0,0.1557409167289734,0.72297645,0.03265706,1.9280312e-06,0.021828521,0,0.7765154242515564
TSBD_WSSV_d63f9ec96f,1,0,2,0.54379445,0.046450756,0.07086687,0.038944647,6.094866e-06,0.009004086,0,0.06774367392063141,0.11605753,0.37138987,0.15074757,0.22325404,0,0.1557409167289734,0.81307554,0.5896655,0.8492464,0.7677419,0,0.7765154242515564
TSBD_WSSV_c6d6c44306,1,0,2,0.8581031,0.0053949375,0.0808699,0.09094202,2.9501409e-05,0.019526146,0,0.06774367392063141,0.10178426,0.047894202,1.389709e-06,0.0086075375,0,0.1557409167289734,0.81734586,0.8611638,0.9999691,0.9718663,0,0.7765154242515564
TSBD_WSSV_0e98c598e2,1,0,2,0.8155695,0.008810044,0.07726675,0.15000372,0.0003960319,0.040912256,0,0.06774367392063141,0.102733254,0.06065076,6.480861e-06,0.013211915,0,0.1557409167289734,0.82,0.7893455,0.9995976,0.9458758,0,0.7765154242515564
TSBD_WSSV_0e0b18da56,1,0,2,0.85407186,0.006418246,0.06674144,0.060857534,5.086866e-06,0.010724146,0,0.06774367392063141,0.12599377,0.061698213,4.534244e-06,0.013171598,0,0.1557409167289734,0.8072648,0.8774442,0.99999034,0.97610426,0,0.7765154242515564
TSBD_WSSV_0e04e30a96,0,0,0,0.07555452,0.3667102,0.08508009,0.8247751,0.99954224,0.85747284,0,0.06774367392063141,0.113520704,0.1181989,0.00044647584,0.08460214,0,0.1557409167289734,0.8013992,0.057026017,1.1326203e-05,0.057925027,0,0.7765154242515564
TSBD_WSSV_b14315239e,0,0,0,0.07581094,0.37053716,0.08769548,0.87943107,0.9999436,0.890448,0,0.06774367392063141,0.09296615,0.04120178,2.3336927e-06,0.017136224,0,0.1557409167289734,0.8193383,0.07936722,5.4022603e-05,0.0924158,0,0.7765154242515564
TSBD_WSSV_ad26e82e3c,1,0,2,0.6958546,0.018003507,0.06629608,0.060575463,3.601164e-05,0.015445306,0,0.06774367392063141,0.1448358,0.30098984,0.04098052,0.17065698,0,0.1557409167289734,0.7888682,0.63843477,0.9589834,0.8138977,0,0.7765154242515564
TSBD_WSSV_cda41068f5,0,0,0,0.076802485,0.367096,0.09388402,0.8806771,0.9999639,0.9006901,0,0.06774367392063141,0.11200707,0.048654765,4.9759824e-06,0.022637164,0,0.1557409167289734,0.7941089,0.07066815,3.1091527e-05,0.076672725,0,0.7765154242515564
TSBD_WSSV_f51f241a0d,0,0,1,0.30276436,0.14181514,0.069674544,0.06525191,4.0539857e-05,0.022426909,0,0.06774367392063141,0.11822933,0.6042673,0.96442485,0.5513288,0,0.1557409167289734,0.8120961,0.3304808,0.035534553,0.42624432,0,0.7765154242515564
TSBD_WSSV_2578508dff,1,1,0,0.70099664,0.0307588,0.7086261,0.8992978,0.99998784,0.97250676,1,0.06774367392063141,0.18025617,0.051397614,6.5059485e-06,0.01524541,0,0.1557409167289734,0.111117736,0.049304575,5.5747764e-06,0.012247852,0,0.7765154242515564
TSBD_WSSV_45511a46f0,1,1,0,0.8628511,0.006872008,0.819285,0.89963716,0.9999877,0.97775453,1,0.06774367392063141,0.08747636,0.052708227,7.4618524e-06,0.011756408,0,0.1557409167289734,0.093238644,0.047654632,4.7333633e-06,0.010489096,0,0.7765154242515564
TSBD_WSSV_87146ab98c,1,1,0,0.71553767,0.029323256,0.7322421,0.8993871,0.99998784,0.9742278,1,0.06774367392063141,0.2067084,0.052182402,7.001211e-06,0.01618274,0,0.1557409167289734,0.061049424,0.048430473,5.1137513e-06,0.00958951,0,0.7765154242515564
TSBD_WSSV_e143d38f01,0,0,1,0.2124694,0.2043547,0.07752815,0.03818615,1.8505899e-06,0.011773955,0,0.06774367392063141,0.10213841,0.7003112,0.99451184,0.6720647,0,0.1557409167289734,0.8203335,0.2615027,0.0054862946,0.31616127,0,0.7765154242515564
TSBD_WSSV_ea73217725,1,0,2,0.54992664,0.04100738,0.072355166,0.0648664,6.602398e-05,0.018367888,0,0.06774367392063141,0.1252163,0.36639962,0.17240292,0.23397286,0,0.1557409167289734,0.8024285,0.568734,0.8275311,0.74765927,0,0.7765154242515564
TSBD_WSSV_7568f33745,0,0,1,0.082489945,0.353823,0.07383488,0.1285079,0.00012171998,0.055784773,0,0.06774367392063141,0.11472617,0.8189703,0.99987686,0.90860516,0,0.1557409167289734,0.811439,0.0525218,1.4562488e-06,0.035610072,0,0.7765154242515564
TSBD_WSSV_c0b728f042,0,0,0,0.07720168,0.30780286,0.07701333,0.48583812,0.45421425,0.43327904,0,0.06774367392063141,0.104433015,0.42896417,0.54561096,0.47277614,0,0.1557409167289734,0.8185536,0.08519775,0.00017481807,0.09394476,0,0.7765154242515564
TSBD_WSSV_7555e38281,1,0,2,0.8720291,0.003721702,0.098379835,0.06762143,7.676884e-06,0.0139460135,0,0.06774367392063141,0.086823,0.055631872,2.673231e-06,0.009901094,0,0.1557409167289734,0.81479716,0.8767467,0.99998975,0.9761529,0,0.7765154242515564
TSBD_WSSV_d921343af4,0,0,0,0.10194804,0.32401273,0.10219611,0.85183,0.99970716,0.84900564,0,0.06774367392063141,0.08637655,0.038422294,1.8577879e-06,0.014176709,0,0.1557409167289734,0.8114274,0.10974769,0.0002909104,0.1368177,0,0.7765154242515564
TSBD_WSSV_94a3c39469,0,0,0,0.14893639,0.19227706,0.07056078,0.50703996,0.37724513,0.319179,0,0.06774367392063141,0.48948923,0.45459428,0.62275094,0.66167873,0,0.1557409167289734,0.43995005,0.038365785,3.9620836e-06,0.019142298,0,0.7765154242515564
TSBD_WSSV_65692fdd3f,1,0,2,0.8689122,0.003978354,0.085142426,0.06924575,9.3092285e-06,0.013943163,0,0.06774367392063141,0.10128451,0.057597496,3.343976e-06,0.011112832,0,0.1557409167289734,0.81357306,0.8731567,0.99998736,0.97494406,0,0.7765154242515564
TSBD_WSSV_0464ee44c0,1,0,2,0.8700218,0.004323408,0.07735629,0.06967964,9.383365e-06,0.013504711,0,0.06774367392063141,0.10277797,0.054519206,2.5658787e-06,0.01030628,0,0.1557409167289734,0.81986576,0.8758012,0.99998796,0.976189,0,0.7765154242515564
TSBD_WSSV_51f7222cef,1,0,2,0.68775284,0.026643677,0.06752448,0.2154469,0.0028838853,0.06985258,0,0.06774367392063141,0.14585806,0.07786677,3.4074124e-05,0.023814492,0,0.1557409167289734,0.7866175,0.7066864,0.99708194,0.9063329,0,0.7765154242515564
TSBD_WSSV_148921b882,1,0,2,0.87436754,0.0028302427,0.08271288,0.07828616,1.5714217e-05,0.016201006,0,0.06774367392063141,0.09784955,0.05842171,3.4300804e-06,0.011109364,0,0.1557409167289734,0.81943756,0.86329216,0.9999808,0.9726897,0,0.7765154242515564
TSBD_WSSV_49f573118f,1,0,2,0.79372764,0.01159034,0.07286661,0.14556414,0.0003016008,0.037812553,0,0.06774367392063141,0.12864174,0.06457376,8.330069e-06,0.015610924,0,0.1557409167289734,0.7984916,0.78986204,0.99969006,0.94657654,0,0.7765154242515564
TSBD_WSSV_f7bb98aadd,0,0,0,0.13101345,0.27887473,0.0825327,0.74245566,0.9979748,0.7170448,0,0.06774367392063141,0.11499009,0.11497909,0.0006092058,0.0791706,0,0.1557409167289734,0.8024773,0.14256525,0.0014159955,0.20378466,0,0.7765154242515564
TSBD_WSSV_32f477127b,0,0,1,0.30106792,0.14512351,0.06568307,0.0386902,3.2896962e-06,0.010621691,0,0.06774367392063141,0.12814736,0.63327444,0.973872,0.58660847,0,0.1557409167289734,0.80616957,0.3280353,0.026124699,0.40276986,0,0.7765154242515564
TSBD_WSSV_6532d5dd16,0,0,0,0.23680536,0.18472724,0.32564616,0.88512886,0.999948,0.93718827,0,0.06774367392063141,0.603547,0.0782511,5.0656003e-05,0.054008625,0,0.1557409167289734,0.070806816,0.036620002,1.3680017e-06,0.008803072,0,0.7765154242515564
TSBD_WSSV_399a1e23cc,1,0,2,0.873937,0.0041392427,0.07850899,0.06068792,4.9363916e-06,0.011194858,0,0.06774367392063141,0.0999393,0.056716125,2.8578334e-06,0.010592586,0,0.1557409167289734,0.8215517,0.8825959,0.99999225,0.97821254,0,0.7765154242515564
TSBD_WSSV_c07e032039,1,0,2,0.87433314,0.0040055877,0.08186141,0.061306383,5.1683955e-06,0.01152094,0,0.06774367392063141,0.09721357,0.056583453,2.812295e-06,0.0104493275,0,0.1557409167289734,0.82092506,0.8821101,0.999992,0.9780297,0,0.7765154242515564
TSBD_WSSV_a3b514246a,1,0,2,0.8713976,0.004433998,0.07747766,0.062880106,5.6985814e-06,0.011662449,0,0.06774367392063141,0.102287844,0.055608537,2.570336e-06,0.010371551,0,0.1557409167289734,0.8202346,0.88151133,0.99999166,0.977966,0,0.7765154242515564
TSBD_WSSV_9e8ca9f55f,1,0,2,0.8747045,0.003972646,0.08152178,0.059077196,4.380121e-06,0.010944095,0,0.06774367392063141,0.09758923,0.05823119,3.227251e-06,0.010893696,0,0.1557409167289734,0.82088894,0.88269156,0.9999924,0.9781622,0,0.7765154242515564
TSBD_WSSV_978efa34a6,1,0,2,0.87076217,0.0045608375,0.07573794,0.06120063,5.0896942e-06,0.0111739775,0,0.06774367392063141,0.10439351,0.056587517,2.8102518e-06,0.010717136,0,0.1557409167289734,0.81986856,0.8822118,0.999992,0.9781089,0,0.7765154242515564
TSBD_WSSV_4575fa460f,1,0,2,0.8748576,0.0039353548,0.080940515,0.060059085,4.704874e-06,0.0111567695,0,0.06774367392063141,0.09787225,0.057764594,3.1105176e-06,0.010785878,0,0.1557409167289734,0.8211872,0.88217634,0.99999225,0.9780574,0,0.7765154242515564
TSBD_WSSV_6e2231b074,1,0,2,0.86859775,0.004756204,0.07341247,0.057729125,3.9920646e-06,0.010265575,0,0.06774367392063141,0.109591305,0.060102805,3.7658524e-06,0.011887579,0,0.1557409167289734,0.81699616,0.882168,0.99999225,0.97784686,0,0.7765154242515564
TSBD_WSSV_18c088457d,1,0,2,0.8706831,0.0045197057,0.0738909,0.05686214,3.8195712e-06,0.010120781,0,0.06774367392063141,0.107606515,0.06042129,3.9515953e-06,0.011944488,0,0.1557409167289734,0.81850266,0.88271654,0.99999225,0.9779347,0,0.7765154242515564
TSBD_WSSV_77302aa089,1,0,2,0.87293094,0.004178551,0.08003609,0.06513044,6.586133e-06,0.012334384,0,0.06774367392063141,0.09873967,0.054274768,2.2539982e-06,0.009868938,0,0.1557409167289734,0.8212243,0.88059485,0.9999912,0.9777967,0,0.7765154242515564
TSBD_WSSV_bc1451b5cd,1,0,2,0.8722969,0.004363443,0.076712325,0.060535897,4.9060823e-06,0.011082275,0,0.06774367392063141,0.102640904,0.05691167,2.9168489e-06,0.010756198,0,0.1557409167289734,0.82064676,0.88255244,0.99999225,0.9781615,0,0.7765154242515564
TSBD_WSSV_2c0825dfbc,1,1,2,0.87600994,0.0038215313,0.08435173,0.060887057,4.944609e-06,0.011497813,0,0.06774367392063141,0.09358963,0.056396816,2.746138e-06,0.010241378,0,0.1557409167289734,0.8220587,0.8827162,0.9999924,0.9782608,1,0.7765154242515564
TSBD_WSSV_21eca1a9bc,1,0,2,0.8725945,0.004186501,0.08060141,0.05868286,4.3372224e-06,0.010854929,0,0.06774367392063141,0.100550495,0.059048384,3.5315284e-06,0.011287697,0,0.1557409167289734,0.8188481,0.8822688,0.99999213,0.9778574,0,0.7765154242515564
TSBD_WSSV_a7578fa09c,1,1,2,0.87598056,0.0038234545,0.08404921,0.061464764,5.134827e-06,0.011619877,0,0.06774367392063141,0.09377974,0.055994686,2.648466e-06,0.010142173,0,0.1557409167289734,0.82217103,0.8825406,0.99999225,0.9782379,1,0.7765154242515564
TSBD_WSSV_8acd11d1ec,1,0,2,0.875346,0.003925862,0.08141622,0.05948804,4.5071997e-06,0.011032438,0,0.06774367392063141,0.096853666,0.05760887,3.049535e-06,0.010686991,0,0.1557409167289734,0.82173014,0.8829031,0.9999924,0.9782806,0,0.7765154242515564
TSBD_WSSV_ce8f668353,1,1,2,0.8759178,0.0038304087,0.08415383,0.06063356,4.85004e-06,0.011423221,0,0.06774367392063141,0.09390418,0.056647167,2.7963004e-06,0.010311677,0,0.1557409167289734,0.82194203,0.88271934,0.9999924,0.9782651,1,0.7765154242515564
TSBD_WSSV_c5bb7f551a,1,0,2,0.87521297,0.003949005,0.08115528,0.060071323,4.689174e-06,0.011156501,0,0.06774367392063141,0.09702655,0.05711409,2.9358657e-06,0.010571602,0,0.1557409167289734,0.8218181,0.8828145,0.9999924,0.9782719,0,0.7765154242515564
TSBD_WSSV_95dc6e27d4,1,0,2,0.87025523,0.004508948,0.07912915,0.059960164,4.5783218e-06,0.011016163,0,0.06774367392063141,0.103230126,0.057884783,3.1119066e-06,0.011016017,0,0.1557409167289734,0.8176407,0.8821551,0.9999924,0.9779678,0,0.7765154242515564
TSBD_WSSV_309436940c,1,0,2,0.8696339,0.004600796,0.07602035,0.056897383,3.7733732e-06,0.010207191,0,0.06774367392063141,0.10702237,0.06047925,3.8204967e-06,0.011855124,0,0.1557409167289734,0.8169572,0.8826234,0.9999924,0.9779377,0,0.7765154242515564
TSBD_WSSV_29362e9f5a,1,0,2,0.8744723,0.0040357634,0.080632344,0.06037955,4.7535336e-06,0.011190478,0,0.06774367392063141,0.09805375,0.05697455,2.8833012e-06,0.010563634,0,0.1557409167289734,0.8213139,0.88264596,0.9999924,0.97824585,0,0.7765154242515564
TSBD_WSSV_e67891395a,1,0,2,0.8752446,0.0039050896,0.08322602,0.059840333,4.6029613e-06,0.011196796,0,0.06774367392063141,0.09549397,0.057446603,2.986966e-06,0.010579249,0,0.1557409167289734,0.82128,0.8827131,0.9999924,0.978224,0,0.7765154242515564
TSBD_WSSV_2653717417,1,1,2,0.87573165,0.0038584806,0.083148636,0.060943775,4.9457594e-06,0.011446307,0,0.06774367392063141,0.09485123,0.056466375,2.763957e-06,0.010309279,0,0.1557409167289734,0.8220001,0.8825899,0.9999924,0.9782444,1,0.7765154242515564
TSBD_WSSV_c98c109e0f,1,0,2,0.87521374,0.0039578527,0.08065429,0.06013879,4.7174503e-06,0.011150788,0,0.06774367392063141,0.09738122,0.05704535,2.9192258e-06,0.010566806,0,0.1557409167289734,0.8219645,0.88281584,0.9999924,0.9782824,0,0.7765154242515564
TSBD_WSSV_3339e18081,1,0,2,0.8753601,0.0039187195,0.0820359,0.06052221,4.8252423e-06,0.011301266,0,0.06774367392063141,0.096125305,0.056774948,2.8478298e-06,0.0104454355,0,0.1557409167289734,0.8218388,0.88270277,0.9999924,0.9782533,0,0.7765154242515564
TSBD_WSSV_f675da990c,1,1,2,0.875818,0.0038473792,0.0827261,0.06026301,4.8128877e-06,0.0113055715,0,0.06774367392063141,0.09528245,0.05707237,2.9375767e-06,0.010501644,0,0.1557409167289734,0.8219914,0.8826645,0.99999225,0.97819275,1,0.7765154242515564
TSBD_WSSV_e8d0267684,1,0,2,0.875547,0.0038745096,0.084091194,0.061092075,5.039382e-06,0.011548234,0,0.06774367392063141,0.09420192,0.056278583,2.7182655e-06,0.010235711,0,0.1557409167289734,0.82170683,0.88262933,0.99999225,0.97821605,0,0.7765154242515564
TSBD_WSSV_93ee9c6175,1,0,2,0.87435627,0.0040792935,0.07978146,0.06063008,4.858085e-06,0.011217134,0,0.06774367392063141,0.098613344,0.056619998,2.7883139e-06,0.010483246,0,0.1557409167289734,0.82160515,0.88275,0.9999924,0.97829956,0,0.7765154242515564
TSBD_WSSV_56b93bffca,1,0,2,0.8753781,0.0038333102,0.087344445,0.061510246,5.1640804e-06,0.011800762,0,0.06774367392063141,0.09175942,0.05622709,2.695129e-06,0.010124462,0,0.1557409167289734,0.82089615,0.88226265,0.99999213,0.9780748,0,0.7765154242515564
TSBD_WSSV_05e0a12846,1,0,2,0.8754765,0.0037654536,0.08745528,0.06427145,6.219799e-06,0.012500438,0,0.06774367392063141,0.09142893,0.05460038,2.3496334e-06,0.009710778,0,0.1557409167289734,0.82111573,0.8811282,0.9999914,0.9777888,0,0.7765154242515564
TSBD_WSSV_0bc0ac833f,1,0,2,0.8748212,0.0038225567,0.08807229,0.06495212,6.465649e-06,0.012692981,0,0.06774367392063141,0.09146016,0.054196574,2.2546133e-06,0.009603142,0,0.1557409167289734,0.82046753,0.8808513,0.9999913,0.97770387,0,0.7765154242515564
TSBD_WSSV_026c64bd33,1,0,2,0.87420857,0.0040286426,0.08168908,0.062175065,5.3571694e-06,0.01167007,0,0.06774367392063141,0.09719726,0.05588748,2.5836025e-06,0.010216856,0,0.1557409167289734,0.82111365,0.88193744,0.999992,0.97811306,0,0.7765154242515564
TSBD_WSSV_9f2b1f9f8f,1,0,2,0.8658776,0.005175771,0.07258347,0.059742026,4.6269374e-06,0.010699119,0,0.06774367392063141,0.11119545,0.058150977,3.2265023e-06,0.011418197,0,0.1557409167289734,0.8162211,0.88210696,0.99999213,0.9778826,0,0.7765154242515564
TSBD_WSSV_38f10d750a,1,1,2,0.8760293,0.0038161147,0.08369369,0.060656272,4.924923e-06,0.011437168,0,0.06774367392063141,0.094212174,0.056702722,2.847539e-06,0.01036466,0,0.1557409167289734,0.8220942,0.882641,0.99999225,0.9781982,1,0.7765154242515564
TSBD_WSSV_76536085a9,1,1,2,0.8756676,0.003878937,0.0824874,0.06101622,5.010543e-06,0.011449541,0,0.06774367392063141,0.0953818,0.056366768,2.7332726e-06,0.010297573,0,0.1557409167289734,0.82213074,0.882617,0.99999225,0.9782529,1,0.7765154242515564
TSBD_WSSV_e36aec3084,1,0,2,0.84890455,0.007519449,0.06686795,0.059583046,4.6003656e-06,0.010413587,0,0.06774367392063141,0.12712467,0.058243185,3.2796945e-06,0.012061957,0,0.1557409167289734,0.80600744,0.8821738,0.999992,0.9775244,0,0.7765154242515564
TSBD_WSSV_b632ff4665,1,0,2,0.8719419,0.0044057546,0.07698277,0.06019762,4.733023e-06,0.010990639,0,0.06774367392063141,0.10282876,0.05708784,2.9341832e-06,0.010792677,0,0.1557409167289734,0.8201884,0.8827145,0.99999225,0.9782167,0,0.7765154242515564
TSBD_WSSV_f392420764,1,0,1,0.476093,0.0740985,0.062161747,0.09885829,3.888948e-05,0.022133574,0,0.06774367392063141,0.56799144,0.8363026,0.9999573,0.95647943,0,0.1557409167289734,0.36984682,0.06483921,3.7333025e-06,0.021386974,0,0.7765154242515564
TSBD_WSSV_08f57edf07,1,0,2,0.8721722,0.004367751,0.07699015,0.060577303,4.93722e-06,0.011114916,0,0.06774367392063141,0.102582805,0.056936435,2.9039315e-06,0.010747732,0,0.1557409167289734,0.82042706,0.8824862,0.99999225,0.9781374,0,0.7765154242515564
TSBD_WSSV_922a715bec,1,1,2,0.8759502,0.0035888404,0.0868221,0.06564709,6.8257227e-06,0.012829142,0,0.06774367392063141,0.091985025,0.054987047,2.4675269e-06,0.009862133,0,0.1557409167289734,0.82119286,0.8793658,0.9999907,0.9773087,1,0.7765154242515564
TSBD_WSSV_aa0b3c4c15,1,0,2,0.8740195,0.003937071,0.0815075,0.06654268,7.234392e-06,0.012772883,0,0.06774367392063141,0.09694201,0.054171145,2.2824588e-06,0.009823124,0,0.1557409167289734,0.8215505,0.87928617,0.99999046,0.977404,0,0.7765154242515564
TSBD_WSSV_daa4ba808b,1,0,2,0.87498146,0.003796855,0.08515081,0.06739735,7.5146972e-06,0.013142694,0,0.06774367392063141,0.09315029,0.0530392,2.0170944e-06,0.009359982,0,0.1557409167289734,0.8216989,0.8795634,0.99999046,0.97749734,0,0.7765154242515564
TSBD_WSSV_311dd1baf7,1,1,2,0.87596315,0.0037686108,0.0848251,0.062856436,5.660376e-06,0.012010291,0,0.06774367392063141,0.0931866,0.055426788,2.521956e-06,0.009977893,0,0.1557409167289734,0.8219883,0.8817167,0.9999919,0.97801185,1,0.7765154242515564
TSBD_WSSV_34ee093e2e,1,0,2,0.8748684,0.0038994402,0.086113155,0.061738167,5.25994e-06,0.011806536,0,0.06774367392063141,0.09324636,0.05609891,2.6818018e-06,0.010162226,0,0.1557409167289734,0.82064044,0.8821629,0.99999213,0.9780312,0,0.7765154242515564
TSBD_WSSV_cbb32ff38a,1,0,2,0.8598096,0.006116747,0.06815272,0.058642093,4.309385e-06,0.010240398,0,0.06774367392063141,0.11840123,0.058255974,3.3197423e-06,0.011757616,0,0.1557409167289734,0.81344604,0.8831019,0.9999924,0.97800195,0,0.7765154242515564
TSBD_WSSV_9291ca740d,1,0,2,0.87522095,0.0038275663,0.08718131,0.06279808,5.600105e-06,0.012100427,0,0.06774367392063141,0.09198401,0.055449236,2.4909466e-06,0.009914314,0,0.1557409167289734,0.82083464,0.88175267,0.9999919,0.97798526,0,0.7765154242515564
TSBD_WSSV_73bc44153b,1,0,2,0.87504035,0.0038521378,0.090359494,0.062060945,5.3475073e-06,0.012076605,0,0.06774367392063141,0.089349926,0.055714313,2.5593154e-06,0.009888909,0,0.1557409167289734,0.82029057,0.8822247,0.99999213,0.97803444,0,0.7765154242515564
TSBD_WSSV_4491558e57,1,0,2,0.87398684,0.0037482763,0.094803534,0.06811434,7.9260935e-06,0.013873743,0,0.06774367392063141,0.086768575,0.05266939,1.9670763e-06,0.009066262,0,0.1557409167289734,0.8184279,0.8792163,0.9999901,0.97706,0,0.7765154242515564
TSBD_WSSV_1ee4a00587,1,1,2,0.8759672,0.0038185325,0.0845622,0.060973205,5.0181366e-06,0.01154973,0,0.06774367392063141,0.09347556,0.056389213,2.7308258e-06,0.010225406,0,0.1557409167289734,0.82196224,0.8826376,0.99999225,0.9782248,1,0.7765154242515564
TSBD_WSSV_ecb905238d,1,0,2,0.8743553,0.0038932944,0.084040105,0.06511023,6.662515e-06,0.012575053,0,0.06774367392063141,0.095105365,0.054614544,2.3758193e-06,0.00987172,0,0.1557409167289734,0.82085454,0.8802752,0.99999094,0.97755325,0,0.7765154242515564
TSBD_WSSV_ccd255a2df,1,1,2,0.8759122,0.0037949607,0.087484024,0.061264426,5.132251e-06,0.011767644,0,0.06774367392063141,0.09103768,0.056160484,2.688129e-06,0.010082549,0,0.1557409167289734,0.8214783,0.8825751,0.99999213,0.97814983,1,0.7765154242515564
TSBD_WSSV_584c5a10d0,1,0,2,0.8740588,0.00384433,0.088311456,0.0669865,7.449728e-06,0.013259627,0,0.06774367392063141,0.09188134,0.05337181,2.092653e-06,0.009415912,0,0.1557409167289734,0.81980723,0.8796416,0.99999046,0.9773245,0,0.7765154242515564
TSBD_WSSV_aa58f57ab0,1,0,2,0.87303007,0.004051595,0.09308551,0.06117859,5.0428534e-06,0.011993496,0,0.06774367392063141,0.088871315,0.05674463,2.7934454e-06,0.010136618,0,0.1557409167289734,0.8180432,0.88207686,0.99999225,0.97786987,0,0.7765154242515564
TSBD_WSSV_4f3b6f89a8,1,1,2,0.8757986,0.0037955092,0.086893864,0.062225886,5.4647367e-06,0.011972735,0,0.06774367392063141,0.09160305,0.055559028,2.5659722e-06,0.0099633355,0,0.1557409167289734,0.8215031,0.8822151,0.9999919,0.97806394,1,0.7765154242515564
TSBD_WSSV_279702ba92,1,0,2,0.87503606,0.0039156675,0.08447967,0.061604913,5.178467e-06,0.01167752,0,0.06774367392063141,0.0943335,0.05602581,2.618392e-06,0.0101469355,0,0.1557409167289734,0.8211868,0.88236916,0.99999225,0.9781755,0,0.7765154242515564
TSBD_WSSV_9dc876dd17,1,0,2,0.868119,0.004939995,0.07395057,0.05956148,4.5225843e-06,0.010696565,0,0.06774367392063141,0.1081158,0.057498198,3.0508672e-06,0.0111145815,0,0.1557409167289734,0.8179336,0.8829403,0.9999924,0.9781889,0,0.7765154242515564
TSBD_WSSV_0ce34b5766,1,0,2,0.87535834,0.0038317358,0.085256055,0.06330972,5.772743e-06,0.012121639,0,0.06774367392063141,0.09330468,0.055098087,2.4171281e-06,0.009874316,0,0.1557409167289734,0.8214393,0.8815921,0.9999919,0.9780041,0,0.7765154242515564
TSBD_WSSV_6c3afb6716,1,0,2,0.87144244,0.0040606437,0.085156344,0.07353173,1.08425975e-05,0.014732978,0,0.06774367392063141,0.09504469,0.0509112,1.6761495e-06,0.008932594,0,0.1557409167289734,0.81979895,0.87555707,0.9999875,0.97633445,0,0.7765154242515564
TSBD_WSSV_366db07a25,1,1,2,0.87591016,0.003836683,0.08392626,0.060968503,4.997772e-06,0.011509113,0,0.06774367392063141,0.094016105,0.056348406,2.722097e-06,0.010235832,0,0.1557409167289734,0.82205766,0.8826831,0.99999225,0.978255,1,0.7765154242515564
TSBD_WSSV_b84a0005bf,1,0,2,0.8748902,0.0038858661,0.08286405,0.06386715,5.988635e-06,0.012139115,0,0.06774367392063141,0.09558562,0.055119943,2.4519484e-06,0.009989579,0,0.1557409167289734,0.8215503,0.881013,0.99999154,0.9778713,0,0.7765154242515564
TSBD_WSSV_6624c91a73,1,1,2,0.8758155,0.0037758239,0.0858684,0.06321975,5.781866e-06,0.012146234,0,0.06774367392063141,0.092406325,0.055099916,2.4141239e-06,0.009837123,0,0.1557409167289734,0.8217253,0.8816804,0.9999918,0.9780166,1,0.7765154242515564
TSBD_WSSV_8a1517bc0e,1,0,2,0.874991,0.003989309,0.08076451,0.060819738,4.964586e-06,0.011328353,0,0.06774367392063141,0.097289175,0.056463726,2.7702347e-06,0.010405549,0,0.1557409167289734,0.8219464,0.88271666,0.99999225,0.9782661,0,0.7765154242515564
TSBD_WSSV_cada06cffd,1,0,2,0.8750209,0.0039309002,0.08300857,0.06211443,5.486115e-06,0.011782421,0,0.06774367392063141,0.09541107,0.055715892,2.5815655e-06,0.01013161,0,0.1557409167289734,0.82158035,0.88216966,0.9999919,0.978086,0,0.7765154242515564
TSBD_WSSV_72abeff3dc,1,0,2,0.87492263,0.0037927954,0.08896552,0.06503512,6.5740533e-06,0.012787795,0,0.06774367392063141,0.09069058,0.054198537,2.2753884e-06,0.009592616,0,0.1557409167289734,0.82034385,0.88076633,0.9999912,0.9776196,0,0.7765154242515564
TSBD_WSSV_71629aa3f2,1,1,2,0.87598723,0.003839584,0.083163045,0.060851175,4.951394e-06,0.011440109,0,0.06774367392063141,0.09456157,0.056415256,2.7361675e-06,0.010271766,0,0.1557409167289734,0.8222754,0.8827335,0.99999225,0.97828805,1,0.7765154242515564
TSBD_WSSV_bd69e16b82,1,0,2,0.872666,0.004308272,0.077723674,0.06080418,4.977537e-06,0.011187455,0,0.06774367392063141,0.1015113,0.056624196,2.8118661e-06,0.010611936,0,0.1557409167289734,0.82076496,0.8825716,0.99999213,0.97820055,0,0.7765154242515564
TSBD_WSSV_6fd5eb945a,1,0,2,0.8564793,0.0065076314,0.069758385,0.060506772,4.8429256e-06,0.01073168,0,0.06774367392063141,0.11923871,0.05711215,2.926467e-06,0.011405597,0,0.1557409167289734,0.81100285,0.8823811,0.99999213,0.9778627,0,0.7765154242515564
TSBD_WSSV_7ed3990ccb,1,0,2,0.8621832,0.0015207143,0.0652169,0.04087903,1.5520882e-06,0.0070383446,0,0.06774367392063141,0.13498932,0.13281634,0.00025353231,0.04275241,0,0.1557409167289734,0.7997938,0.8263046,0.99974495,0.95020926,0,0.7765154242515564
TSBD_WSSV_8b1c70a3bc,1,1,2,0.876009,0.0032310812,0.07648463,0.047564987,1.9205104e-06,0.008242301,0,0.06774367392063141,0.10449172,0.076845616,1.2974285e-05,0.016717026,0,0.1557409167289734,0.8190237,0.8755893,0.9999851,0.9750407,1,0.7765154242515564
TSBD_WSSV_f583f8e371,1,0,2,0.8510695,0.0071866903,0.068078764,0.05806346,4.1017743e-06,0.010119727,0,0.06774367392063141,0.12567222,0.059157565,3.5411101e-06,0.012280902,0,0.1557409167289734,0.806249,0.88277894,0.9999924,0.9775994,0,0.7765154242515564
TSBD_WSSV_493953f127,1,0,2,0.8728144,0.004266246,0.07882324,0.060594425,4.8536253e-06,0.011169955,0,0.06774367392063141,0.10071412,0.056800313,2.848677e-06,0.010626313,0,0.1557409167289734,0.8204626,0.88260525,0.99999225,0.9782037,0,0.7765154242515564
TSBD_WSSV_1139b0bbb2,1,0,2,0.8729171,0.004231196,0.08043107,0.06086899,4.954124e-06,0.011319407,0,0.06774367392063141,0.09937705,0.056541685,2.7863096e-06,0.010509343,0,0.1557409167289734,0.8201919,0.8825893,0.99999225,0.9781712,0,0.7765154242515564
TSBD_WSSV_735499e204,1,0,2,0.8642719,0.005266658,0.0793739,0.06090798,4.9274645e-06,0.011290319,0,0.06774367392063141,0.10751286,0.05692856,2.8707018e-06,0.010931965,0,0.1557409167289734,0.8131133,0.88216347,0.99999225,0.9777778,0,0.7765154242515564
TSBD_WSSV_01066cc969,1,0,2,0.86987466,0.004700671,0.07504175,0.06052337,4.890611e-06,0.010995176,0,0.06774367392063141,0.1056771,0.056864537,2.8988015e-06,0.0108548505,0,0.1557409167289734,0.8192812,0.88261217,0.99999225,0.97814995,0,0.7765154242515564
TSBD_WSSV_941d089361,1,0,2,0.8672457,0.0050014425,0.07593527,0.06062403,4.844866e-06,0.011039415,0,0.06774367392063141,0.107234895,0.056824412,2.854328e-06,0.010884374,0,0.1557409167289734,0.81682986,0.8825516,0.99999225,0.9780763,0,0.7765154242515564
TSBD_WSSV_629e5c7c92,1,0,2,0.8457158,0.0063526165,0.09005788,0.10456218,5.2631585e-05,0.02437378,0,0.06774367392063141,0.102470264,0.044794764,1.0170761e-06,0.00790869,0,0.1557409167289734,0.8074719,0.85064304,0.99994624,0.9677175,0,0.7765154242515564
TSBD_WSSV_cf01831715,1,0,2,0.86962485,0.004678106,0.07734055,0.06206688,5.446792e-06,0.011487168,0,0.06774367392063141,0.10393552,0.05587873,2.6774978e-06,0.010542163,0,0.1557409167289734,0.818724,0.8820544,0.9999919,0.9779707,0,0.7765154242515564
TSBD_WSSV_2c0f3e0b28,1,0,2,0.8739307,0.004088374,0.07998175,0.061040394,5.0329363e-06,0.011344381,0,0.06774367392063141,0.09897457,0.056734443,2.8598452e-06,0.0105626965,0,0.1557409167289734,0.82104367,0.8822251,0.99999213,0.9780929,0,0.7765154242515564
TSBD_WSSV_801c0b8b82,1,0,2,0.873583,0.004175951,0.07959914,0.060975093,5.0615577e-06,0.011331169,0,0.06774367392063141,0.09930774,0.056360863,2.7664726e-06,0.010472509,0,0.1557409167289734,0.8210931,0.8826641,0.99999225,0.9781963,0,0.7765154242515564
TSBD_WSSV_f2274525f7,1,1,2,0.8763285,0.0037719398,0.08540887,0.06078169,4.9423743e-06,0.011537302,0,0.06774367392063141,0.09245469,0.05649845,2.7758256e-06,0.010227353,0,0.1557409167289734,0.82213646,0.8827198,0.9999924,0.97823536,1,0.7765154242515564
TSBD_WSSV_2e17c58aad,1,1,2,0.87622887,0.0037667183,0.08638119,0.06106139,5.036802e-06,0.011652526,0,0.06774367392063141,0.0917276,0.056348693,2.734279e-06,0.010157545,0,0.1557409167289734,0.8218912,0.88258994,0.99999225,0.97818995,1,0.7765154242515564
TSBD_WSSV_bb9d07b1e5,1,1,2,0.87625396,0.0037945583,0.08416369,0.059813596,4.6055698e-06,0.011235329,0,0.06774367392063141,0.09370733,0.057284243,2.9716798e-06,0.010481241,0,0.1557409167289734,0.8221289,0.8829021,0.9999924,0.9782834,1,0.7765154242515564
TSBD_WSSV_950d6de8a1,1,0,2,0.8672719,0.0048470534,0.074058,0.060009845,4.671461e-06,0.0108213285,0,0.06774367392063141,0.109919414,0.059208814,3.5022142e-06,0.011658921,0,0.1557409167289734,0.8160225,0.88078135,0.9999919,0.97751975,0,0.7765154242515564
TSBD_WSSV_0b909fea6f,1,0,2,0.8691357,0.004732269,0.07694413,0.060774636,4.9924893e-06,0.011164655,0,0.06774367392063141,0.10510695,0.0568692,2.8924635e-06,0.010835891,0,0.1557409167289734,0.81794894,0.8823561,0.99999213,0.97799945,0,0.7765154242515564
TSBD_WSSV_50b41d3123,1,1,2,0.875751,0.003836261,0.084376164,0.06072975,4.919172e-06,0.011475548,0,0.06774367392063141,0.09392352,0.0566922,2.8135296e-06,0.010329856,0,0.1557409167289734,0.82170033,0.8825781,0.99999225,0.97819465,1,0.7765154242515564
TSBD_WSSV_1d66e28720,1,1,2,0.8759509,0.0038623763,0.082047805,0.060269356,4.766139e-06,0.011249803,0,0.06774367392063141,0.095563516,0.05682643,2.8505822e-06,0.010427527,0,0.1557409167289734,0.8223887,0.88290423,0.9999924,0.9783227,1,0.7765154242515564
TSBD_WSSV_f9303a9060,1,0,2,0.8698447,0.004721298,0.07478098,0.060764115,4.918609e-06,0.011013482,0,0.06774367392063141,0.10570574,0.05660078,2.8199872e-06,0.010773139,0,0.1557409167289734,0.81951326,0.8826351,0.99999225,0.9782134,0,0.7765154242515564
TSBD_WSSV_ffd6ae5c1c,1,1,2,0.87593913,0.003784678,0.08621971,0.061959956,5.3272324e-06,0.011856191,0,0.06774367392063141,0.0920863,0.055796683,2.5870347e-06,0.010016941,0,0.1557409167289734,0.82169396,0.88224334,0.999992,0.9781269,1,0.7765154242515564
TSBD_WSSV_6a97515cc2,1,0,2,0.85534304,0.0067460462,0.06735237,0.059744034,4.598188e-06,0.010429452,0,0.06774367392063141,0.12147019,0.057371747,3.0285978e-06,0.0115801655,0,0.1557409167289734,0.8111775,0.8828842,0.9999924,0.9779903,0,0.7765154242515564
TSBD_WSSV_6a19d7effb,1,0,2,0.8607745,0.0058479495,0.07437957,0.06064584,4.8876127e-06,0.010999933,0,0.06774367392063141,0.11327381,0.056833625,2.8582888e-06,0.011118351,0,0.1557409167289734,0.8123467,0.8825205,0.99999225,0.9778817,0,0.7765154242515564
TSBD_WSSV_9872bb742f,1,0,2,0.874408,0.003942514,0.08425333,0.063793644,6.000607e-06,0.012210559,0,0.06774367392063141,0.09487825,0.05492062,2.3946561e-06,0.009902142,0,0.1557409167289734,0.8208685,0.8812858,0.99999166,0.97788733,0,0.7765154242515564
TSBD_WSSV_e44f2c0a8a,1,0,2,0.87552243,0.003907117,0.0820415,0.060846835,4.952962e-06,0.011386978,0,0.06774367392063141,0.09585936,0.05644367,2.7656101e-06,0.010346025,0,0.1557409167289734,0.8220992,0.8827095,0.99999225,0.97826695,0,0.7765154242515564
TSBD_WSSV_f1294af3d4,1,0,2,0.8470011,0.0026845275,0.14574505,0.13648234,0.00018381789,0.04219525,0,0.06774367392063141,0.07412873,0.041493077,8.056274e-07,0.006578923,0,0.1557409167289734,0.7801262,0.8220246,0.9998154,0.9512258,0,0.7765154242515564
TSBD_WSSV_264790eb51,1,0,2,0.8744778,0.0039073564,0.08906542,0.06269677,5.591838e-06,0.012181908,0,0.06774367392063141,0.091031976,0.05538888,2.5178201e-06,0.009897117,0,0.1557409167289734,0.81990266,0.8819144,0.9999919,0.97792095,0,0.7765154242515564
TSBD_WSSV_11430ce0d0,1,0,2,0.8751103,0.003833441,0.08788326,0.06309546,5.7419074e-06,0.0122217275,0,0.06774367392063141,0.09145339,0.055198617,2.4579565e-06,0.009848214,0,0.1557409167289734,0.82066333,0.881706,0.9999918,0.97793007,0,0.7765154242515564
TSBD_WSSV_74c3607b95,1,0,2,0.8751254,0.0038957046,0.08255981,0.060598902,4.8156985e-06,0.011332887,0,0.06774367392063141,0.096179426,0.057193473,2.8912095e-06,0.010517951,0,0.1557409167289734,0.82126075,0.88220763,0.9999924,0.9781492,0,0.7765154242515564
TSBD_WSSV_2c43cd74d0,1,0,2,0.87410426,0.003915073,0.09220088,0.061825402,5.2755527e-06,0.0121148825,0,0.06774367392063141,0.08875807,0.056327134,2.7288309e-06,0.010047879,0,0.1557409167289734,0.8190411,0.8818475,0.999992,0.9778372,0,0.7765154242515564
TSBD_WSSV_59d2b7350f,1,1,2,0.8757761,0.0038497373,0.08381682,0.061400093,5.1398633e-06,0.011605974,0,0.06774367392063141,0.09416216,0.0560524,2.6551477e-06,0.010166961,0,0.1557409167289734,0.82202107,0.88254744,0.99999225,0.9782271,1,0.7765154242515564
TSBD_WSSV_5e189248db,1,0,2,0.8751226,0.0038066134,0.09091107,0.062961884,5.686671e-06,0.0123335365,0,0.06774367392063141,0.08887229,0.055288024,2.4665417e-06,0.009765288,0,0.1557409167289734,0.8202167,0.88175017,0.9999918,0.97790116,0,0.7765154242515564
TSBD_WSSV_9f5ca0e80d,1,0,2,0.8258298,0.009076884,0.15599328,0.07801408,1.4318381e-05,0.020115003,0,0.06774367392063141,0.0703698,0.049050506,1.4344629e-06,0.007798105,0,0.1557409167289734,0.7736369,0.8729355,0.99998426,0.9720869,0,0.7765154242515564
TSBD_WSSV_b626137b45,1,0,2,0.8740169,0.003927944,0.091195606,0.062205683,5.3695835e-06,0.012145341,0,0.06774367392063141,0.08974815,0.056000758,2.6256253e-06,0.009983894,0,0.1557409167289734,0.8190563,0.88179356,0.999992,0.97787076,0,0.7765154242515564
TSBD_WSSV_27c2a5d56f,1,1,2,0.8757102,0.003835084,0.08441487,0.061862957,5.330338e-06,0.011760779,0,0.06774367392063141,0.09374677,0.055851117,2.629472e-06,0.010116202,0,0.1557409167289734,0.8218384,0.88228595,0.999992,0.978123,1,0.7765154242515564
TSBD_WSSV_eee60542d7,1,0,2,0.6661661,0.03625471,0.057808384,0.057174042,3.992573e-06,0.009912324,0,0.06774367392063141,0.249657,0.061342657,4.3467285e-06,0.017365392,0,0.1557409167289734,0.6925346,0.8814833,0.9999918,0.9727223,0,0.7765154242515564
TSBD_WSSV_d9ea0715c2,1,1,2,0.87596637,0.003833253,0.08351321,0.06094066,4.9591063e-06,0.011468891,0,0.06774367392063141,0.09431234,0.056392662,2.7220997e-06,0.010250571,0,0.1557409167289734,0.82217455,0.88266677,0.99999225,0.97828054,1,0.7765154242515564
TSBD_WSSV_514bb3ccf8,1,0,2,0.65537983,0.033891812,0.2859847,0.09473822,3.342435e-05,0.03402287,0,0.06774367392063141,0.06868091,0.04607021,1.097287e-06,0.0075387224,0,0.1557409167289734,0.6453344,0.8591915,0.99996555,0.95843846,0,0.7765154242515564
TSBD_WSSV_d3cfe64d62,1,0,2,0.87426656,0.003824999,0.09275904,0.06533726,6.6035686e-06,0.01302143,0,0.06774367392063141,0.0881349,0.053981442,2.199262e-06,0.00942048,0,0.1557409167289734,0.819106,0.88068134,0.9999913,0.9775581,0,0.7765154242515564
TSBD_WSSV_f825fa69cd,1,1,2,0.87616247,0.0037779044,0.08514956,0.06063044,4.8326287e-06,0.011462525,0,0.06774367392063141,0.09294149,0.056801658,2.8158836e-06,0.01030215,0,0.1557409167289734,0.82190895,0.8825679,0.99999225,0.9782353,1,0.7765154242515564
TSBD_WSSV_b899fa53da,1,0,2,0.8755114,0.003895686,0.08268635,0.061230015,5.0833883e-06,0.011510999,0,0.06774367392063141,0.0953131,0.056189593,2.705218e-06,0.010259725,0,0.1557409167289734,0.8220005,0.8825804,0.99999213,0.97822934,0,0.7765154242515564
TSBD_WSSV_8b9052d96f,1,0,2,0.86425096,0.0053965244,0.07366897,0.059997607,4.6031455e-06,0.010769859,0,0.06774367392063141,0.11143767,0.05754084,3.0273848e-06,0.0112344865,0,0.1557409167289734,0.8148933,0.88246155,0.9999924,0.97799563,0,0.7765154242515564
TSBD_WSSV_376e37e18c,1,0,2,0.8540005,0.0069445046,0.06681834,0.059995864,4.671151e-06,0.010455763,0,0.06774367392063141,0.12255228,0.057179388,2.9695436e-06,0.011556097,0,0.1557409167289734,0.8106293,0.8828248,0.9999924,0.9779881,0,0.7765154242515564
TSBD_WSSV_33b7d18fc1,1,0,2,0.87480974,0.0038335966,0.092551365,0.063151166,5.7431407e-06,0.012454252,0,0.06774367392063141,0.087665156,0.05510302,2.430324e-06,0.009676832,0,0.1557409167289734,0.8197835,0.8817458,0.9999919,0.97786885,0,0.7765154242515564
TSBD_WSSV_5ae365cdb5,1,0,2,0.8743149,0.0039309394,0.08492437,0.063023895,5.8833375e-06,0.01213032,0,0.06774367392063141,0.094719335,0.055625737,2.606404e-06,0.010123834,0,0.1557409167289734,0.82035625,0.88135046,0.99999154,0.97774583,0,0.7765154242515564
TSBD_WSSV_48983cce39,1,0,2,0.85358,0.0028563007,0.12567817,0.13393222,0.00016716319,0.03874771,0,0.06774367392063141,0.07612386,0.040971894,7.1784046e-07,0.006414094,0,0.1557409167289734,0.798198,0.8250959,0.99983203,0.9548382,0,0.7765154242515564
TSBD_WSSV_f41afb12de,1,0,2,0.87552124,0.0037893513,0.087077454,0.06283815,5.7045527e-06,0.012141854,0,0.06774367392063141,0.09181661,0.055466864,2.523327e-06,0.0099335695,0,0.1557409167289734,0.82110584,0.881695,0.9999918,0.9779245,0,0.7765154242515564
TSBD_WSSV_719214e8fc,1,0,2,0.87377644,0.0041380543,0.0790879,0.060795426,4.903051e-06,0.011220001,0,0.06774367392063141,0.09970638,0.05674442,2.8108047e-06,0.010553674,0,0.1557409167289734,0.8212057,0.8824602,0.99999225,0.9782263,0,0.7765154242515564
TSBD_WSSV_f9b891c236,1,0,2,0.8752157,0.003952997,0.08116583,0.060600944,4.835607e-06,0.011270298,0,0.06774367392063141,0.0968684,0.05666438,2.8056893e-06,0.010433018,0,0.1557409167289734,0.8219657,0.8827348,0.99999225,0.97829664,0,0.7765154242515564
TSBD_WSSV_60bf799ad0,1,0,2,0.87420076,0.003932154,0.09253556,0.061785,5.247649e-06,0.01211225,0,0.06774367392063141,0.088188685,0.056026954,2.6086489e-06,0.009910207,0,0.1557409167289734,0.8192757,0.8821881,0.99999213,0.9779775,0,0.7765154242515564
TSBD_WSSV_3221471a09,1,0,2,0.8733251,0.004027809,0.089113794,0.06297068,5.7542907e-06,0.012283547,0,0.06774367392063141,0.09207136,0.05530916,2.5079967e-06,0.0099265855,0,0.1557409167289734,0.8188149,0.8817202,0.9999918,0.9777898,0,0.7765154242515564
TSBD_WSSV_81c77d6283,1,0,2,0.8727069,0.0038761497,0.09766525,0.06790899,7.804076e-06,0.0139645245,0,0.06774367392063141,0.085508086,0.05277031,1.9650633e-06,0.009031062,0,0.1557409167289734,0.81682664,0.87932074,0.99999034,0.97700435,0,0.7765154242515564
TSBD_WSSV_7ba0bac7cd,1,0,2,0.8742575,0.0039683627,0.08653825,0.061667364,5.1861457e-06,0.011790674,0,0.06774367392063141,0.09344553,0.056130957,2.6505224e-06,0.0101513695,0,0.1557409167289734,0.82001615,0.8822016,0.99999213,0.978058,0,0.7765154242515564
TSBD_WSSV_b8b164e72b,1,0,2,0.8740162,0.004085674,0.08164991,0.06008929,4.6738833e-06,0.011179557,0,0.06774367392063141,0.09767995,0.05707301,2.8961688e-06,0.010569058,0,0.1557409167289734,0.8206701,0.88283765,0.9999925,0.9782514,0,0.7765154242515564
TSBD_WSSV_7942e3c67c,1,1,2,0.87567055,0.0038673813,0.08359225,0.060616624,4.8534257e-06,0.011396971,0,0.06774367392063141,0.09457348,0.056642983,2.804844e-06,0.010343609,0,0.1557409167289734,0.82183427,0.88274044,0.99999225,0.9782594,1,0.7765154242515564
TSBD_WSSV_e572949946,1,0,2,0.8706665,0.003840208,0.10220721,0.073649004,1.1155537e-05,0.01583313,0,0.06774367392063141,0.08402149,0.0505322,1.6689918e-06,0.008534111,0,0.1557409167289734,0.81377125,0.87581885,0.9999871,0.9756328,0,0.7765154242515564
TSBD_WSSV_a204c36610,1,0,2,0.8746296,0.0039767483,0.08271827,0.061458725,5.0916706e-06,0.011540996,0,0.06774367392063141,0.0961541,0.056260325,2.6889213e-06,0.010289483,0,0.1557409167289734,0.8211276,0.88228095,0.99999213,0.9781695,0,0.7765154242515564
TSBD_WSSV_9c4b4f11b8,1,0,2,0.82315326,0.0027358946,0.1655364,0.18833224,0.00094228535,0.07108473,0,0.06774367392063141,0.07114611,0.039146807,7.549689e-07,0.006268493,0,0.1557409167289734,0.76331747,0.77252096,0.999057,0.92264676,0,0.7765154242515564
TSBD_WSSV_687a703a75,1,0,2,0.8698898,0.004438827,0.08254585,0.067361005,7.568942e-06,0.013034685,0,0.06774367392063141,0.099290945,0.053389385,2.1157944e-06,0.009705857,0,0.1557409167289734,0.81816316,0.87924963,0.99999034,0.9772595,0,0.7765154242515564
TSBD_WSSV_60273dd644,1,0,2,0.8753692,0.003848561,0.086331785,0.0620144,5.330185e-06,0.011870205,0,0.06774367392063141,0.09250771,0.055764653,2.5718227e-06,0.010020756,0,0.1557409167289734,0.8211605,0.8822209,0.999992,0.97810906,0,0.7765154242515564
TSBD_WSSV_c29e86db5b,1,0,2,0.8741545,0.004041832,0.08207151,0.06180052,5.243257e-06,0.011607117,0,0.06774367392063141,0.09697731,0.056018695,2.6246817e-06,0.01025156,0,0.1557409167289734,0.82095116,0.88218075,0.99999213,0.9781413,0,0.7765154242515564
TSBD_WSSV_79fa511ed0,1,0,2,0.8749996,0.003878504,0.089527994,0.061139643,4.982263e-06,0.01178808,0,0.06774367392063141,0.090131454,0.056347422,2.7016501e-06,0.010077496,0,0.1557409167289734,0.8203406,0.88251287,0.99999225,0.97813445,0,0.7765154242515564
TSBD_WSSV_58e35ef754,1,0,2,0.8751615,0.0038572,0.08632615,0.06289873,5.6463523e-06,0.012085867,0,0.06774367392063141,0.09262908,0.055231415,2.4655587e-06,0.009899518,0,0.1557409167289734,0.8210447,0.88186985,0.9999919,0.97801465,0,0.7765154242515564
TSBD_WSSV_1ce4e5b49f,1,0,2,0.869289,0.0041328203,0.09046419,0.049039837,2.131974e-06,0.009068291,0,0.06774367392063141,0.0941117,0.07595208,1.1271722e-05,0.01561965,0,0.1557409167289734,0.81542414,0.8750081,0.9999865,0.97531205,0,0.7765154242515564
TSBD_WSSV_ea57134108,1,0,2,0.87484765,0.0039782505,0.080939114,0.059918016,4.666191e-06,0.011124088,0,0.06774367392063141,0.097653575,0.057415448,3.0383471e-06,0.010695396,0,0.1557409167289734,0.8214074,0.88266647,0.9999924,0.97818047,0,0.7765154242515564
TSBD_WSSV_8b1af1900d,1,0,2,0.8751931,0.0038778763,0.0834307,0.06323599,5.826269e-06,0.012044307,0,0.06774367392063141,0.09484001,0.055168428,2.463161e-06,0.009972687,0,0.1557409167289734,0.82172924,0.88159555,0.99999166,0.977983,0,0.7765154242515564
TSBD_WSSV_2f46cb1b79,1,1,2,0.8760396,0.0038266284,0.08374494,0.060456753,4.7717112e-06,0.011350913,0,0.06774367392063141,0.094123185,0.056726027,2.8004854e-06,0.010328871,0,0.1557409167289734,0.8221319,0.88281715,0.9999925,0.97832024,1,0.7765154242515564
TSBD_WSSV_383e727d4a,1,0,2,0.86758476,0.0041350503,0.10920511,0.07354064,1.0866717e-05,0.016132766,0,0.06774367392063141,0.080825485,0.0506913,1.6436702e-06,0.008417665,0,0.1557409167289734,0.8099694,0.8757681,0.9999875,0.97544956,0,0.7765154242515564
TSBD_WSSV_b076b7af44,1,1,2,0.8758748,0.003790738,0.08603835,0.06203064,5.3771114e-06,0.011875673,0,0.06774367392063141,0.092301264,0.055777382,2.602501e-06,0.010035526,0,0.1557409167289734,0.82166034,0.882192,0.999992,0.9780888,1,0.7765154242515564
TSBD_WSSV_6a65b3c303,1,0,2,0.87549144,0.003829238,0.086438216,0.061553977,5.1542947e-06,0.011756271,0,0.06774367392063141,0.09241099,0.056186393,2.674727e-06,0.010130171,0,0.1557409167289734,0.8211509,0.88225967,0.99999225,0.97811353,0,0.7765154242515564
TSBD_WSSV_d552ad13be,1,0,2,0.87266564,0.004226841,0.07945031,0.060409103,4.8578618e-06,0.011190973,0,0.06774367392063141,0.100747675,0.057421643,3.0014196e-06,0.010795198,0,0.1557409167289734,0.819802,0.8821693,0.99999213,0.9780138,0,0.7765154242515564
TSBD_WSSV_64069923e3,1,0,2,0.85836655,0.0049548796,0.12448371,0.077482834,1.3760685e-05,0.018201355,0,0.06774367392063141,0.07569776,0.04940296,1.4790434e-06,0.007994803,0,0.1557409167289734,0.79981846,0.8731142,0.99998486,0.9738039,0,0.7765154242515564
