sample_id,tri_consensus,selected,consensus_class,tri_score,source_ema_js,p_source_BG,p_ema_BG,p_proto_BG,q_consensus_BG,selected_BG,target_prior_BG,p_source_Healthy,p_ema_Healthy,p_proto_Healthy,q_consensus_Healthy,selected_Healthy,target_prior_Healthy,p_source_WSSV,p_ema_WSSV,p_proto_WSSV,q_consensus_WSSV,selected_WSSV,target_prior_WSSV
TSBD_BG_b9ded89290,1,1,0,0.88616455,0.0056734663,0.8496757,0.9174394,0.9999807,0.98014355,1,0.2208726853132248,0.08406625,0.04449232,1.634707e-05,0.012328968,0,0.36869552731513977,0.06625808,0.038068198,2.9879166e-06,0.0075275428,0,0.410431832075119
TSBD_BG_ec6804e1c1,1,1,0,0.88886017,0.00537421,0.85204214,0.91775435,0.99998295,0.98064923,1,0.2208726853132248,0.079543635,0.0431558,1.369256e-05,0.011505445,0,0.36869552731513977,0.06841423,0.039089803,3.2829976e-06,0.007845322,0,0.410431832075119
TSBD_BG_e6c7f786d1,1,1,0,0.8776418,0.006626414,0.8423926,0.9162339,0.9999708,0.9783511,1,0.2208726853132248,0.09832266,0.04854931,2.6828971e-05,0.014982913,0,0.36869552731513977,0.059284758,0.035216738,2.3342147e-06,0.006665912,0,0.410431832075119
TSBD_BG_27046d49de,1,1,0,0.8814984,0.0062420676,0.84582645,0.9175049,0.99998343,0.9803606,1,0.2208726853132248,0.07993192,0.042888302,1.3140679e-05,0.011425969,0,0.36869552731513977,0.074241556,0.039606795,3.4329726e-06,0.008213383,0,0.410431832075119
TSBD_BG_ef94f9e30a,1,0,0,0.40971017,0.10005114,0.55677575,0.9136761,0.99997866,0.96892446,0,0.2208726853132248,0.06862965,0.045147877,1.6948941e-05,0.0133703165,0,0.36869552731513977,0.3745946,0.04117606,4.3560085e-06,0.017705234,0,0.410431832075119
TSBD_BG_014cc1626a,1,0,0,0.64634025,0.028391395,0.5930142,0.8044299,0.9986994,0.90008134,0,0.2208726853132248,0.1160981,0.03836908,4.195136e-06,0.010873813,0,0.36869552731513977,0.29088777,0.15720102,0.0012963965,0.08904486,0,0.410431832075119
TSBD_BG_ab942e7799,0,0,1,0.16216676,0.22508371,0.16351314,0.35529464,0.011494989,0.23209314,0,0.2208726853132248,0.16839772,0.5822898,0.98847127,0.71379817,0,0.36869552731513977,0.6680892,0.062415596,3.3744574e-05,0.054108683,0,0.410431832075119
TSBD_BG_92d3bac25d,1,1,0,0.88281083,0.00566238,0.84399736,0.9129933,0.9999473,0.9761322,1,0.2208726853132248,0.0950519,0.054591183,5.0947816e-05,0.01772148,0,0.36869552731513977,0.060950797,0.03241559,1.7978823e-06,0.0061463565,0,0.410431832075119
TSBD_BG_3179613a58,1,1,0,0.86422217,0.0072188126,0.8314527,0.8971251,0.9997409,0.9664421,1,0.2208726853132248,0.08906963,0.07437896,0.00025793724,0.02762689,0,0.36869552731513977,0.0794777,0.028495835,1.2433896e-06,0.005931032,0,0.410431832075119
TSBD_BG_72fcb5ad43,1,1,1,0.8461625,0.0062093884,0.10750409,0.0644965,2.8622574e-06,0.011698553,0,0.2208726853132248,0.78753734,0.8710238,0.9999865,0.9732123,1,0.36869552731513977,0.104958564,0.06447973,1.0661884e-05,0.015089117,0,0.410431832075119
TSBD_BG_1adf4fa166,1,0,0,0.57256204,0.05728841,0.65664965,0.89913774,0.9997894,0.96030647,0,0.2208726853132248,0.10550998,0.07121518,0.00020900827,0.029715473,0,0.36869552731513977,0.23784043,0.02964712,1.5455074e-06,0.009978052,0,0.410431832075119
TSBD_BG_19f57a7d83,1,1,1,0.82346016,0.008725494,0.1433555,0.07747696,5.050351e-06,0.015911441,0,0.2208726853132248,0.7663494,0.8675487,0.9999902,0.9726423,1,0.36869552731513977,0.09029511,0.05497428,4.7281233e-06,0.011446282,0,0.410431832075119
TSBD_BG_b06b80d500,1,1,0,0.8837996,0.0034973808,0.8374392,0.8846806,0.9993082,0.9565569,1,0.2208726853132248,0.10634382,0.08909937,0.0006907382,0.038577925,0,0.36869552731513977,0.056217104,0.026220033,1.0541065e-06,0.0048651835,0,0.410431832075119
TSBD_BG_5c745e387f,1,1,0,0.88551176,0.00547185,0.84716445,0.91445386,0.99995697,0.97729504,1,0.2208726853132248,0.091362365,0.052541967,4.1104773e-05,0.016443446,0,0.36869552731513977,0.06147311,0.033004142,1.8742344e-06,0.006261498,0,0.410431832075119
TSBD_BG_c333741c9b,0,0,1,0.33487198,0.13140053,0.69977856,0.22142647,0.00040605688,0.14795952,0,0.2208726853132248,0.2466739,0.7433321,0.9995932,0.8444542,0,0.36869552731513977,0.053547557,0.035241418,8.077615e-07,0.0075862193,0,0.410431832075119
TSBD_BG_a3ac70c2de,1,1,0,0.87812763,0.006229204,0.840076,0.9130274,0.9999465,0.9757778,1,0.2208726853132248,0.1008383,0.05482596,5.1868617e-05,0.01821462,0,0.36869552731513977,0.05908563,0.032146625,1.714804e-06,0.00600757,0,0.410431832075119
TSBD_BG_6ff47981ea,0,0,0,0.18867642,0.22151884,0.28013933,0.9002986,0.9997892,0.9197652,0,0.2208726853132248,0.6265358,0.071441315,0.00020968083,0.071640804,0,0.36869552731513977,0.09332487,0.028260069,1.1752732e-06,0.008593998,0,0.410431832075119
TSBD_BG_64274bed67,1,0,1,0.7724361,0.012797207,0.21870163,0.11564212,2.228968e-05,0.030636963,0,0.2208726853132248,0.70812833,0.84070045,0.99997604,0.9613914,0,0.36869552731513977,0.073170036,0.04365747,1.6167685e-06,0.00797163,0,0.410431832075119
TSBD_BG_7031e4d230,1,1,0,0.8867,0.005589952,0.8499194,0.9173049,0.99998224,0.9803823,1,0.2208726853132248,0.07951552,0.04368014,1.4515594e-05,0.011712145,0,0.36869552731513977,0.07056512,0.039014947,3.2317303e-06,0.007905533,0,0.410431832075119
TSBD_BG_03136a4786,1,0,2,0.40878478,0.073299974,0.09899038,0.045729782,1.839573e-05,0.013964539,0,0.2208726853132248,0.11833079,0.45426682,0.24384022,0.27882478,0,0.36869552731513977,0.7826788,0.5000034,0.7561414,0.70721066,0,0.410431832075119
TSBD_BG_daacfdf534,1,0,0,0.62686807,0.038076714,0.7903328,0.7436748,0.897564,0.84776574,0,0.2208726853132248,0.07830717,0.22883043,0.10243283,0.14388196,0,0.36869552731513977,0.13136002,0.027494736,3.2126634e-06,0.0083522685,0,0.410431832075119
TSBD_BG_873a3617a3,1,1,2,0.8527027,0.004448992,0.11639651,0.08208149,7.104419e-05,0.025366317,0,0.2208726853132248,0.09501644,0.058471102,3.90771e-06,0.011355331,0,0.36869552731513977,0.78858703,0.8594474,0.999925,0.96327835,1,0.410431832075119
TSBD_BG_abfa756b67,1,1,0,0.86307317,0.008450052,0.8364725,0.9101594,0.9999306,0.975352,1,0.2208726853132248,0.07309771,0.05770113,6.761501e-05,0.017604118,0,0.36869552731513977,0.09042979,0.0321395,1.7829274e-06,0.007043844,0,0.410431832075119
TSBD_BG_897409ab6a,1,1,0,0.8542065,0.004626924,0.80970144,0.8447363,0.9996124,0.95121664,1,0.2208726853132248,0.07330887,0.03110855,1.5929002e-06,0.0064329933,0,0.36869552731513977,0.11698972,0.12415513,0.00038612873,0.042350363,0,0.410431832075119
TSBD_BG_029a32b87f,1,1,0,0.8862454,0.0056627453,0.8497602,0.91739976,0.99998367,0.9806119,1,0.2208726853132248,0.07349321,0.042414904,1.2622298e-05,0.010936821,0,0.36869552731513977,0.07674663,0.040185392,3.6402034e-06,0.008451232,0,0.410431832075119
TSBD_BG_ad84846145,0,0,1,0.28183666,0.15134837,0.83868736,0.40899548,0.014952261,0.4649869,0,0.2208726853132248,0.07225264,0.55915326,0.9850463,0.5243787,0,0.36869552731513977,0.08905998,0.031851325,1.4782274e-06,0.0106343385,0,0.410431832075119
TSBD_BG_6250909f04,1,1,1,0.81396407,0.010260722,0.13352102,0.06922583,3.5514108e-06,0.013762845,0,0.2208726853132248,0.7604823,0.8706726,0.99998915,0.9724779,1,0.36869552731513977,0.10599668,0.060101647,7.3011147e-06,0.013759222,0,0.410431832075119
TSBD_Healthy_c7fd512124,1,1,1,0.7906823,0.014442829,0.08099336,0.07435785,4.543534e-06,0.012553644,0,0.2208726853132248,0.75974584,0.86854243,0.9999896,0.97258085,1,0.36869552731513977,0.15926085,0.05709972,5.8694222e-06,0.014865493,0,0.410431832075119
TSBD_Healthy_1ab857c1ee,1,0,1,0.47118974,0.07659744,0.06820866,0.06581875,3.1389147e-06,0.011449385,0,0.2208726853132248,0.5575859,0.86815864,0.999985,0.96139634,0,0.36869552731513977,0.37420538,0.06602263,1.1893515e-05,0.027154222,0,0.410431832075119
TSBD_Healthy_a4108c60ab,1,0,1,0.6084249,0.0445988,0.088617146,0.06047936,2.3991734e-06,0.010973956,0,0.2208726853132248,0.63177913,0.86984825,0.99998236,0.96370095,0,0.36869552731513977,0.2796037,0.06967242,1.5290976e-05,0.025325082,0,0.410431832075119
TSBD_Healthy_603954b4fc,0,0,1,0.26087642,0.16576396,0.56579304,0.08104208,6.35299e-06,0.035882413,0,0.2208726853132248,0.33491424,0.86389124,0.9999888,0.94856787,0,0.36869552731513977,0.099292755,0.05506663,4.8677657e-06,0.015549728,0,0.410431832075119
TSBD_Healthy_a7669a6337,1,0,1,0.3327786,0.114663534,0.23100212,0.08526329,7.696744e-06,0.025820253,0,0.2208726853132248,0.42406827,0.8609748,0.99998796,0.9526597,0,0.36869552731513977,0.3449296,0.053761948,4.33176e-06,0.021520028,0,0.410431832075119
TSBD_Healthy_0969d7950f,0,0,1,0.12514506,0.27944767,0.23561926,0.06023265,2.5389763e-06,0.024223432,0,0.2208726853132248,0.15720175,0.8633516,0.9999727,0.91653264,0,0.36869552731513977,0.60717905,0.07641579,2.4815583e-05,0.059243925,0,0.410431832075119
TSBD_Healthy_3535a7f645,1,0,1,0.66177464,0.034674596,0.09892923,0.07038976,3.9027072e-06,0.013258401,0,0.2208726853132248,0.6676469,0.86849743,0.9999877,0.96718854,0,0.36869552731513977,0.23342383,0.061112776,8.330032e-06,0.019553056,0,0.410431832075119
TSBD_Healthy_28874652ec,0,0,1,0.18688022,0.20971176,0.25342417,0.056240276,2.2098402e-06,0.02030337,0,0.2208726853132248,0.245024,0.8628255,0.999964,0.9272843,0,0.36869552731513977,0.50155187,0.080934204,3.3820324e-05,0.0524123,0,0.410431832075119
TSBD_Healthy_c9a3ba4645,0,0,1,0.14526606,0.26733568,0.74664426,0.0848298,7.4055824e-06,0.05003441,0,0.2208726853132248,0.1903282,0.8618505,0.99998844,0.9347378,0,0.36869552731513977,0.063027546,0.053319678,4.158202e-06,0.015227773,0,0.410431832075119
TSBD_Healthy_ec9cff4659,0,0,1,0.1604522,0.25141093,0.74133337,0.09995722,1.40524735e-05,0.06067547,0,0.2208726853132248,0.1916803,0.8506648,0.9999831,0.9254086,0,0.36869552731513977,0.066986375,0.049377993,2.9270377e-06,0.013915939,0,0.410431832075119
TSBD_Healthy_d0dd7481d3,1,1,1,0.8068207,0.010973951,0.16223024,0.07809478,5.344039e-06,0.016948327,0,0.2208726853132248,0.7543665,0.86710477,0.99998987,0.9718787,1,0.36869552731513977,0.08340322,0.05480048,4.730079e-06,0.011172943,0,0.410431832075119
TSBD_Healthy_9b9c4b2008,0,0,1,0.26598376,0.16358417,0.060685024,0.061070453,2.585043e-06,0.011659299,0,0.2208726853132248,0.36849394,0.8688558,0.9999809,0.9489688,0,0.36869552731513977,0.57082105,0.07007373,1.6488257e-05,0.039371893,0,0.410431832075119
TSBD_Healthy_6af33a64f0,0,0,1,0.16905975,0.24202736,0.060491685,0.057358302,2.1593419e-06,0.012607753,0,0.2208726853132248,0.23227267,0.8645555,0.99996924,0.92996156,0,0.36869552731513977,0.7072357,0.078086205,2.8617591e-05,0.05743069,0,0.410431832075119
TSBD_Healthy_11508a2a47,1,0,0,0.8350477,0.0048955576,0.7696133,0.83943456,0.9940235,0.9096318,0,0.2208726853132248,0.17265485,0.13379169,0.0059746923,0.08483316,0,0.36869552731513977,0.05773188,0.026773784,1.7938174e-06,0.0055349963,0,0.410431832075119
TSBD_Healthy_9c80ffce77,0,0,1,0.16174161,0.24839701,0.061690297,0.06495662,3.019511e-06,0.014358055,0,0.2208726853132248,0.23855603,0.8691118,0.99998486,0.94100344,0,0.36869552731513977,0.6997537,0.06593154,1.2096949e-05,0.044638526,0,0.410431832075119
TSBD_Healthy_fdc6d1fa33,1,0,1,0.5127144,0.06741301,0.065587394,0.076806985,5.095648e-06,0.013083866,0,0.2208726853132248,0.5989542,0.8665217,0.99998915,0.96619886,0,0.36869552731513977,0.3354584,0.056671254,5.778759e-06,0.020717276,0,0.410431832075119
TSBD_Healthy_8c646c1060,1,1,1,0.78735024,0.010369651,0.16661523,0.12685533,3.43692e-05,0.031537827,0,0.2208726853132248,0.72415644,0.8293861,0.9999639,0.9591523,1,0.36869552731513977,0.10922838,0.043758545,1.7688905e-06,0.0093098935,0,0.410431832075119
TSBD_Healthy_1b2ea804f3,0,0,1,0.27006534,0.15904865,0.54796493,0.08022341,5.833218e-06,0.034335155,0,0.2208726853132248,0.34689695,0.8652414,0.9999896,0.95025367,0,0.36869552731513977,0.10513817,0.054535184,4.5528423e-06,0.015411167,0,0.410431832075119
TSBD_Healthy_181a36e89e,0,0,1,0.34050438,0.116912186,0.47374937,0.08268937,6.6808207e-06,0.031760126,0,0.2208726853132248,0.42732078,0.8635957,0.99998903,0.95438695,0,0.36869552731513977,0.09892985,0.053714897,4.315869e-06,0.013852961,0,0.410431832075119
TSBD_Healthy_b13db56cba,0,0,1,0.11347491,0.30722877,0.072058454,0.0488171,1.4176446e-06,0.013400734,0,0.2208726853132248,0.1352925,0.85941577,0.99993205,0.8976344,0,0.36869552731513977,0.79264903,0.09176715,6.649913e-05,0.08896493,0,0.410431832075119
TSBD_Healthy_e91e5f3d2c,1,0,1,0.6132923,0.043390375,0.2980362,0.07879964,5.492924e-06,0.022382615,0,0.2208726853132248,0.6340185,0.86654055,0.99998975,0.9666289,0,0.36869552731513977,0.06794531,0.05465979,4.74307e-06,0.010988499,0,0.410431832075119
TSBD_Healthy_b9f53cb41a,0,0,1,0.18441115,0.23049325,0.78648925,0.1601479,9.1478985e-05,0.115347296,0,0.2208726853132248,0.15964897,0.8012126,0.9999075,0.87498945,0,0.36869552731513977,0.053861797,0.038639456,1.0091798e-06,0.009663225,0,0.410431832075119
TSBD_Healthy_eb22129a24,1,0,0,0.80299526,0.00238899,0.7607647,0.76403564,0.9343841,0.8276843,0,0.2208726853132248,0.18841423,0.21020752,0.06561352,0.16703251,0,0.36869552731513977,0.050821118,0.025756797,2.3162202e-06,0.0052831587,0,0.410431832075119
TSBD_Healthy_968a78b93d,1,1,1,0.79673916,0.012370689,0.15063396,0.07460809,4.5832116e-06,0.01573419,0,0.2208726853132248,0.74568933,0.8686513,0.99998975,0.97153527,1,0.36869552731513977,0.1036767,0.05674067,5.657293e-06,0.0127305295,0,0.410431832075119
TSBD_Healthy_c7a3a188a8,0,0,1,0.3281816,0.13468224,0.70938545,0.22758447,0.00048178658,0.1574033,0,0.2208726853132248,0.23399393,0.7370638,0.9995173,0.8345973,0,0.36869552731513977,0.05662058,0.03535175,8.995813e-07,0.007999342,0,0.410431832075119
TSBD_Healthy_f55a2f1b43,1,0,1,0.49683228,0.071598716,0.062414046,0.077474795,5.2288133e-06,0.013030398,0,0.2208726853132248,0.59234184,0.8668817,0.99998975,0.9666902,0,0.36869552731513977,0.3452441,0.055643547,5.039038e-06,0.02027946,0,0.410431832075119
TSBD_Healthy_11a0ec4d06,0,0,0,0.4639817,0.057559177,0.833472,0.6242291,0.39295223,0.7210061,0,0.2208726853132248,0.08436546,0.34773305,0.6070441,0.27115443,0,0.36869552731513977,0.082162574,0.028037885,3.7072894e-06,0.007839472,0,0.410431832075119
TSBD_Healthy_dda7c6bbc5,1,0,1,0.69345486,0.027494706,0.21537729,0.08314382,6.6132175e-06,0.020876914,0,0.2208726853132248,0.6687348,0.86421365,0.9999895,0.9668468,0,0.36869552731513977,0.11588793,0.05264256,3.8464646e-06,0.012276298,0,0.410431832075119
TSBD_Healthy_b83d452fe7,1,0,1,0.4233113,0.09113697,0.062040392,0.07615326,4.9972487e-06,0.013161735,0,0.2208726853132248,0.5413138,0.8672427,0.9999895,0.9643635,0,0.36869552731513977,0.39664578,0.056604072,5.501825e-06,0.022474755,0,0.410431832075119
TSBD_Healthy_ec04a77054,1,1,1,0.8399094,0.006967962,0.107110776,0.07185456,3.9988786e-06,0.013153673,0,0.2208726853132248,0.782874,0.87002707,0.99998975,0.97363096,1,0.36869552731513977,0.11001525,0.058118373,6.2962995e-06,0.013215384,0,0.410431832075119
TSBD_Healthy_63480c13ab,1,1,1,0.799274,0.012345811,0.15207736,0.06987761,3.6872145e-06,0.014635068,0,0.2208726853132248,0.7506177,0.8707776,0.9999894,0.9721521,1,0.36869552731513977,0.097304985,0.059344847,6.9778516e-06,0.013212783,0,0.410431832075119
TSBD_Healthy_a334fe0843,1,0,1,0.7243508,0.023179878,0.22266793,0.07959978,5.9476356e-06,0.019998768,0,0.2208726853132248,0.6982412,0.86533433,0.99998915,0.96867394,0,0.36869552731513977,0.079090856,0.055065844,4.860688e-06,0.011327259,0,0.410431832075119
TSBD_Healthy_af48f4f88b,1,0,1,0.54987454,0.05047193,0.3911647,0.12702142,3.3326785e-05,0.045923125,0,0.2208726853132248,0.54927045,0.8306408,0.9999653,0.9463686,0,0.36869552731513977,0.059564874,0.042337775,1.4171321e-06,0.007708301,0,0.410431832075119
TSBD_Healthy_58fc6d9018,0,0,1,0.120097704,0.26807237,0.8147081,0.12281016,0.0011603853,0.15820508,0,0.2208726853132248,0.0879525,0.533746,0.84862226,0.52580446,0,0.36869552731513977,0.09733939,0.3434439,0.15021737,0.31599045,0,0.410431832075119
TSBD_Healthy_ed8a98aaef,0,0,1,0.07319016,0.3666634,0.6979553,0.074724644,5.2228193e-06,0.058468394,0,0.2208726853132248,0.07090071,0.85967696,0.9999833,0.8976747,0,0.36869552731513977,0.231144,0.06559844,1.1499373e-05,0.04385688,0,0.410431832075119
TSBD_Healthy_c1a36abd3d,0,0,1,0.15075096,0.24012214,0.48071894,0.06675812,3.3452145e-06,0.031673487,0,0.2208726853132248,0.20891222,0.86809963,0.9999857,0.9342533,0,0.36869552731513977,0.31036878,0.06514223,1.0951666e-05,0.034073263,0,0.410431832075119
TSBD_Healthy_ba89f16ead,1,1,1,0.8427635,0.0065207947,0.11486537,0.07255188,4.1441976e-06,0.013630139,0,0.2208726853132248,0.78407556,0.8697663,0.99998975,0.97366554,1,0.36869552731513977,0.10105901,0.05768186,6.1114238e-06,0.012704323,0,0.410431832075119
TSBD_Healthy_ff7717e05f,1,1,0,0.8842077,0.0059054727,0.84819835,0.91720605,0.99998367,0.9804056,1,0.2208726853132248,0.083895236,0.042558353,1.26802715e-05,0.011489468,0,0.36869552731513977,0.06790633,0.040235627,3.6384924e-06,0.008104959,0,0.410431832075119
TSBD_Healthy_9697828448,0,0,1,0.085987285,0.32597357,0.5184984,0.075568154,8.771165e-06,0.055142563,0,0.2208726853132248,0.07924183,0.8316799,0.99992955,0.863117,0,0.36869552731513977,0.4022597,0.092751935,6.173266e-05,0.08174046,0,0.410431832075119
TSBD_Healthy_0dc7202194,0,0,1,0.3222703,0.123772405,0.6944596,0.3864803,0.011245539,0.37339407,0,0.2208726853132248,0.13199995,0.57942814,0.98875284,0.613417,0,0.36869552731513977,0.17354049,0.03409153,1.6507959e-06,0.013188868,0,0.410431832075119
TSBD_Healthy_aafafefd6f,1,1,0,0.8783178,0.006592061,0.8434213,0.9165914,0.9999831,0.9801225,1,0.2208726853132248,0.07224488,0.043064073,1.3201934e-05,0.011072582,0,0.36869552731513977,0.08433394,0.040344488,3.7083357e-06,0.008804945,0,0.410431832075119
TSBD_Healthy_3e37e6f481,1,0,1,0.5720515,0.05033206,0.14701183,0.060970716,2.637908e-06,0.013678893,0,0.2208726853132248,0.5915247,0.8660056,0.9999784,0.9593876,0,0.36869552731513977,0.26146343,0.07302374,1.8993009e-05,0.026933484,0,0.410431832075119
TSBD_Healthy_d5c6d15d07,0,0,2,0.20119,0.21152747,0.79772085,0.19061603,0.00520555,0.25750124,0,0.2208726853132248,0.074071646,0.10369858,0.00016533441,0.042747933,0,0.36869552731513977,0.12820745,0.70568544,0.9946292,0.6997508,0,0.410431832075119
TSBD_Healthy_968206666f,1,0,1,0.72838765,0.01958289,0.21706858,0.11007221,1.910842e-05,0.029361147,0,0.2208726853132248,0.67727834,0.8441594,0.9999788,0.9607755,0,0.36869552731513977,0.10565315,0.045768365,2.076027e-06,0.009863345,0,0.410431832075119
TSBD_Healthy_cacd4fa5f3,1,0,1,0.673671,0.033614516,0.077361375,0.08516465,7.303687e-06,0.014900723,0,0.2208726853132248,0.6951375,0.86148936,0.99998856,0.96935976,0,0.36869552731513977,0.22750114,0.05334594,4.166408e-06,0.0157395,0,0.410431832075119
TSBD_Healthy_c00e285b89,1,0,1,0.6681365,0.034980856,0.07278897,0.08158698,6.209013e-06,0.013843875,0,0.2208726853132248,0.69433886,0.8647059,0.9999895,0.97015405,0,0.36869552731513977,0.23287213,0.053707145,4.288926e-06,0.016002066,0,0.410431832075119
TSBD_Healthy_e318b96772,1,0,1,0.37351182,0.10361487,0.112374075,0.080450214,6.2862628e-06,0.018064534,0,0.2208726853132248,0.47984582,0.8625889,0.99998796,0.9581296,0,0.36869552731513977,0.4077801,0.05696084,5.6949857e-06,0.023805924,0,0.410431832075119
TSBD_Healthy_f874d1c34c,0,0,1,0.18584497,0.22207886,0.067575276,0.096599504,1.17407935e-05,0.022007946,0,0.2208726853132248,0.29433706,0.8541435,0.99998546,0.95117193,0,0.36869552731513977,0.6380877,0.049257044,2.823776e-06,0.026820116,0,0.410431832075119
TSBD_Healthy_a486752b98,0,0,1,0.30252483,0.1362195,0.06048552,0.086381145,7.685286e-06,0.016052013,0,0.2208726853132248,0.44952688,0.8615699,0.9999887,0.961115,0,0.36869552731513977,0.48998764,0.052049004,3.596721e-06,0.02283299,0,0.410431832075119
TSBD_Healthy_79eca515b7,0,0,1,0.07882583,0.35366067,0.23180439,0.099007405,1.3293385e-05,0.05106123,0,0.2208726853132248,0.08883419,0.8506864,0.99998355,0.90765136,0,0.36869552731513977,0.67936146,0.050306246,3.2111266e-06,0.04128744,0,0.410431832075119
TSBD_Healthy_28f91e3b3c,0,0,1,0.119044796,0.29183447,0.14922851,0.107148364,1.7530849e-05,0.039428003,0,0.2208726853132248,0.16740215,0.8459141,0.9999801,0.9296382,0,0.36869552731513977,0.6833694,0.046937518,2.3285668e-06,0.030933833,0,0.410431832075119
TSBD_Healthy_b4c784db60,0,0,1,0.18282844,0.22976461,0.7354251,0.13503818,4.2602405e-05,0.087458454,0,0.2208726853132248,0.17896616,0.8228522,0.9999559,0.90008134,0,0.36869552731513977,0.08560878,0.042109594,1.4834064e-06,0.012460221,0,0.410431832075119
TSBD_Healthy_46afbf57c8,1,0,1,0.40925965,0.090435855,0.19717135,0.08483582,7.212231e-06,0.023044135,0,0.2208726853132248,0.48531452,0.86197436,0.99998856,0.95712817,0,0.36869552731513977,0.31751418,0.053189825,4.223834e-06,0.019827679,0,0.410431832075119
TSBD_Healthy_5238685a4f,1,0,1,0.42833197,0.08940379,0.06962463,0.08029098,5.909349e-06,0.014511628,0,0.2208726853132248,0.542977,0.8651994,0.9999894,0.9643084,0,0.36869552731513977,0.38739842,0.054509606,4.6407567e-06,0.02118005,0,0.410431832075119
TSBD_Healthy_115a1b2ce7,0,0,1,0.08914463,0.3442706,0.084431686,0.06532159,3.1487425e-06,0.0203357,0,0.2208726853132248,0.11695851,0.8674696,0.9999839,0.91960955,0,0.36869552731513977,0.79860973,0.06720879,1.3003058e-05,0.060054746,0,0.410431832075119
TSBD_Healthy_2b0f2e29de,0,0,1,0.11493201,0.3043216,0.07366126,0.06077166,2.6643509e-06,0.016525313,0,0.2208726853132248,0.15404727,0.86468107,0.99997544,0.9206492,0,0.36869552731513977,0.77229154,0.074547306,2.187404e-05,0.062825486,0,0.410431832075119
TSBD_Healthy_2cb9913a0d,0,0,1,0.25821945,0.17079818,0.0662317,0.05142919,1.7002742e-06,0.010555883,0,0.2208726853132248,0.32148117,0.85620075,0.9999316,0.9271092,0,0.36869552731513977,0.6122871,0.09237006,6.67077e-05,0.06233497,0,0.410431832075119
TSBD_Healthy_f7b6201d8c,0,0,1,0.32653007,0.10541745,0.40083888,0.2473911,0.00077750406,0.13733962,0,0.2208726853132248,0.31092083,0.7157847,0.9992213,0.8484082,0,0.36869552731513977,0.2882403,0.03682421,1.210777e-06,0.014252135,0,0.410431832075119
TSBD_Healthy_1cb0a1deed,0,0,1,0.27472386,0.15102139,0.133964,0.076953195,5.2348223e-06,0.019651316,0,0.2208726853132248,0.37420803,0.86424375,0.9999881,0.95156443,0,0.36869552731513977,0.49182796,0.05880306,6.639497e-06,0.028784249,0,0.410431832075119
TSBD_Healthy_e53d9705ff,0,0,1,0.1268319,0.283639,0.13648252,0.07821138,5.675926e-06,0.025865182,0,0.2208726853132248,0.1760061,0.86311406,0.9999877,0.9328764,0,0.36869552731513977,0.6875114,0.058674544,6.6071293e-06,0.04125843,0,0.410431832075119
TSBD_Healthy_fea6d00053,0,0,1,0.21351166,0.19138601,0.16751213,0.1221823,2.9067724e-05,0.040111393,0,0.2208726853132248,0.29568222,0.8333335,0.9999691,0.93792945,0,0.36869552731513977,0.5368057,0.0444842,1.8086612e-06,0.02195915,0,0.410431832075119
TSBD_Healthy_f69458ce94,1,0,1,0.34832162,0.11074335,0.099907175,0.16079377,9.812218e-05,0.041609664,0,0.2208726853132248,0.48566455,0.7971731,0.99990034,0.9420385,0,0.36869552731513977,0.4144283,0.042033177,1.5610365e-06,0.016351858,0,0.410431832075119
TSBD_Healthy_bb30558caa,1,0,1,0.5045525,0.066911206,0.08530454,0.16631216,0.00011436026,0.038253393,0,0.2208726853132248,0.61767256,0.7928559,0.99988425,0.94874966,0,0.36869552731513977,0.29702288,0.040831976,1.3749036e-06,0.012996903,0,0.410431832075119
TSBD_Healthy_f8b382f850,1,0,1,0.6255924,0.04180521,0.09827682,0.08141132,6.2609574e-06,0.015678257,0,0.2208726853132248,0.65322214,0.8648356,0.9999894,0.9675958,0,0.36869552731513977,0.24850109,0.05375305,4.3421855e-06,0.016725976,0,0.410431832075119
TSBD_Healthy_4e764a8c1f,0,0,1,0.12244533,0.29244858,0.08295667,0.07466258,4.636174e-06,0.020231627,0,0.2208726853132248,0.18335174,0.86794823,0.9999894,0.93923795,0,0.36869552731513977,0.7336916,0.057389133,5.961669e-06,0.04053044,0,0.410431832075119
TSBD_Healthy_63950b8869,0,0,1,0.10664621,0.2998877,0.18450323,0.2676214,0.001620728,0.17566934,0,0.2208726853132248,0.10020887,0.68368137,0.9983735,0.78185856,0,0.36869552731513977,0.71528786,0.048697222,5.7803104e-06,0.042472087,0,0.410431832075119
TSBD_Healthy_ea2ac521c5,1,0,1,0.6482513,0.038977444,0.06498548,0.07463517,4.547268e-06,0.012050633,0,0.2208726853132248,0.6836977,0.86880875,0.99999,0.9702126,0,0.36869552731513977,0.25131682,0.05655608,5.4974116e-06,0.017736765,0,0.410431832075119
TSBD_Healthy_1402c548f4,0,0,1,0.23031071,0.18755224,0.056228213,0.07164743,4.0019568e-06,0.013687874,0,0.2208726853132248,0.34588543,0.8697339,0.9999895,0.954787,0,0.36869552731513977,0.5978864,0.058618672,6.5063196e-06,0.03152513,0,0.410431832075119
TSBD_Healthy_44b1d181ba,0,0,1,0.22017181,0.19545853,0.057282012,0.07142087,3.966648e-06,0.013933813,0,0.2208726853132248,0.33048576,0.8691704,0.99998903,0.9531417,0,0.36869552731513977,0.61223215,0.059408728,6.999083e-06,0.0329245,0,0.410431832075119
TSBD_Healthy_5031d03cd3,1,1,1,0.8417174,0.006701788,0.10545862,0.07586157,4.7820313e-06,0.01389153,0,0.2208726853132248,0.78519005,0.86843944,0.99999,0.9736707,1,0.36869552731513977,0.10935136,0.05569903,5.175127e-06,0.012437784,0,0.410431832075119
TSBD_Healthy_584e036b15,1,0,1,0.7669882,0.01632832,0.19999711,0.084227115,6.858307e-06,0.02010909,0,0.2208726853132248,0.7241283,0.863736,0.9999895,0.9697133,0,0.36869552731513977,0.07587454,0.05203689,3.6700842e-06,0.01017762,0,0.410431832075119
TSBD_Healthy_ceedc9841a,0,0,1,0.40698633,0.095827974,0.5941154,0.19169831,0.00020161476,0.10425849,0,0.2208726853132248,0.34935936,0.7714501,0.9997975,0.88836235,0,0.36869552731513977,0.056525268,0.036851607,8.9787136e-07,0.0073791654,0,0.410431832075119
TSBD_Healthy_539b7c9614,1,1,1,0.82001203,0.009698637,0.09758354,0.074948736,4.7072435e-06,0.01347836,0,0.2208726853132248,0.7711856,0.8680557,0.9999895,0.97276753,1,0.36869552731513977,0.13123085,0.056995567,5.743406e-06,0.013754123,0,0.410431832075119
TSBD_Healthy_9405a524b8,1,1,1,0.813325,0.010019863,0.13367003,0.07646717,4.996053e-06,0.015450861,0,0.2208726853132248,0.7578878,0.8674078,0.9999896,0.9718811,1,0.36869552731513977,0.108442195,0.05612502,5.352923e-06,0.01266805,0,0.410431832075119
TSBD_Healthy_84b5bbabe5,1,1,1,0.8398385,0.006981775,0.103153855,0.07538426,4.6723026e-06,0.0136864865,0,0.2208726853132248,0.78425187,0.8685183,0.99999,0.97364044,1,0.36869552731513977,0.112594284,0.056097414,5.3049603e-06,0.012673043,0,0.410431832075119
TSBD_Healthy_cd1699cbb8,0,0,1,0.33043548,0.1293459,0.5760715,0.12507612,3.197127e-05,0.05929433,0,0.2208726853132248,0.3554833,0.83230484,0.9999665,0.9312729,0,0.36869552731513977,0.06844519,0.042619083,1.5271955e-06,0.009432719,0,0.410431832075119
TSBD_Healthy_3971c8d6d2,0,0,0,0.4751128,0.062935084,0.8352543,0.57665575,0.21602242,0.6539645,0,0.2208726853132248,0.09929326,0.39483303,0.78397465,0.33866766,0,0.36869552731513977,0.06545238,0.028511262,2.9308947e-06,0.0073677823,0,0.410431832075119
TSBD_Healthy_062f8eb68b,1,0,1,0.7389899,0.021003716,0.21026947,0.07799449,5.2496493e-06,0.018852897,0,0.2208726853132248,0.70854783,0.866935,0.99998987,0.9697819,0,0.36869552731513977,0.0811827,0.05507047,4.836204e-06,0.011365237,0,0.410431832075119
TSBD_Healthy_64c2fd2799,1,0,1,0.73189235,0.023720035,0.074505344,0.07227782,4.152447e-06,0.011995709,0,0.2208726853132248,0.7250641,0.86895955,0.99998915,0.971019,0,0.36869552731513977,0.20043056,0.05876258,6.663558e-06,0.016985217,0,0.410431832075119
TSBD_Healthy_06ad797b28,1,0,1,0.50067836,0.070077375,0.06373399,0.06930453,3.6504132e-06,0.011624377,0,0.2208726853132248,0.5861735,0.8696402,0.9999883,0.9650271,0,0.36869552731513977,0.35009256,0.06105537,8.052894e-06,0.023348486,0,0.410431832075119
TSBD_Healthy_d37fadc7b5,0,0,1,0.2895276,0.14523572,0.061270047,0.08015112,5.8889777e-06,0.015004209,0,0.2208726853132248,0.42652622,0.865233,0.9999894,0.9596193,0,0.36869552731513977,0.51220375,0.054615866,4.7002763e-06,0.025376521,0,0.410431832075119
TSBD_Healthy_23703b21e8,1,0,1,0.6891783,0.027517967,0.22669512,0.090748236,9.20835e-06,0.023734093,0,0.2208726853132248,0.6609267,0.8587462,0.9999876,0.9647086,0,0.36869552731513977,0.112378165,0.050505586,3.217724e-06,0.011557276,0,0.410431832075119
TSBD_Healthy_e761f95881,0,0,1,0.17406625,0.23243147,0.10369839,0.086589195,7.920488e-06,0.023423469,0,0.2208726853132248,0.25500166,0.85893804,0.9999875,0.9442647,0,0.36869552731513977,0.6413,0.05447273,4.6284963e-06,0.032311857,0,0.410431832075119
TSBD_Healthy_049d7b0b8e,0,0,1,0.27944702,0.14989844,0.073240645,0.09699494,1.2351565e-05,0.020465197,0,0.2208726853132248,0.41356748,0.8523672,0.99998426,0.95618755,0,0.36869552731513977,0.5131918,0.05063787,3.4139935e-06,0.023347238,0,0.410431832075119
TSBD_Healthy_d0a2ad85a2,1,0,1,0.5582671,0.05714609,0.06111604,0.070710346,3.7962018e-06,0.01140487,0,0.2208726853132248,0.62715894,0.8699973,0.99998915,0.9675272,0,0.36869552731513977,0.311725,0.059292287,7.0107612e-06,0.021067897,0,0.410431832075119
TSBD_Healthy_427d279e02,1,0,1,0.54533523,0.059965868,0.06217478,0.07337717,4.418655e-06,0.012081581,0,0.2208726853132248,0.6197085,0.8682903,0.99998903,0.96707964,0,0.36869552731513977,0.3181167,0.05833257,6.4943765e-06,0.02083872,0,0.410431832075119
TSBD_Healthy_194fe9c226,1,1,1,0.7729518,0.016577935,0.09496817,0.07656612,5.0017074e-06,0.01381732,0,0.2208726853132248,0.7418204,0.86727536,0.9999896,0.97141665,1,0.36869552731513977,0.16321146,0.056158535,5.428225e-06,0.014765992,0,0.410431832075119
TSBD_Healthy_7fd586cd0c,0,0,1,0.108959466,0.3097603,0.077491455,0.110211805,2.0827347e-05,0.033035737,0,0.2208726853132248,0.1674199,0.8401393,0.9999759,0.9317601,0,0.36869552731513977,0.7550887,0.04964881,3.203339e-06,0.03520419,0,0.410431832075119
TSBD_Healthy_8a16be7271,1,1,1,0.8283985,0.008844323,0.08952671,0.073779315,4.384958e-06,0.012751729,0,0.2208726853132248,0.7806293,0.869157,0.99998987,0.97357833,1,0.36869552731513977,0.12984404,0.05706366,5.773315e-06,0.01366994,0,0.410431832075119
TSBD_Healthy_7497e074fb,1,0,1,0.59185433,0.049902096,0.06294441,0.07242234,4.1777494e-06,0.011755947,0,0.2208726853132248,0.6474638,0.86871594,0.99998903,0.9680798,0,0.36869552731513977,0.2895918,0.05886175,6.842272e-06,0.020164244,0,0.410431832075119
TSBD_Healthy_0008f80a75,0,0,1,0.1057116,0.31320637,0.12553528,0.09381569,1.1084082e-05,0.033132873,0,0.2208726853132248,0.14795674,0.8542992,0.9999851,0.9289614,0,0.36869552731513977,0.726508,0.05188518,3.8138874e-06,0.037905686,0,0.410431832075119
TSBD_Healthy_5ceaf1db7f,0,0,1,0.1337796,0.27809858,0.07394552,0.08009911,6.1794913e-06,0.020547973,0,0.2208726853132248,0.20418462,0.86347455,0.9999881,0.9411229,0,0.36869552731513977,0.7218699,0.056426316,5.6933786e-06,0.03832908,0,0.410431832075119
TSBD_Healthy_e4fa44cd99,0,0,1,0.1138164,0.30495396,0.07216185,0.074108094,4.6608434e-06,0.019686261,0,0.2208726853132248,0.17008017,0.86673373,0.9999882,0.9362665,0,0.36869552731513977,0.757758,0.05915817,7.0838023e-06,0.04404725,0,0.410431832075119
TSBD_Healthy_441bde1a65,1,1,1,0.8098968,0.011338588,0.09067095,0.07562743,4.7385897e-06,0.013228778,0,0.2208726853132248,0.7678199,0.86800027,0.99998987,0.9728464,1,0.36869552731513977,0.14150919,0.0563723,5.4428756e-06,0.013924845,0,0.410431832075119
TSBD_Healthy_dbb2f8ca89,1,1,1,0.7855007,0.015402913,0.07587304,0.07124744,3.9169986e-06,0.011685699,0,0.2208726853132248,0.75791866,0.8701813,0.9999895,0.9726991,1,0.36869552731513977,0.16620831,0.05857125,6.5746067e-06,0.0156152,0,0.410431832075119
TSBD_Healthy_9b317a63ad,1,1,1,0.81528765,0.010781534,0.08546925,0.073611245,4.3347563e-06,0.012541407,0,0.2208726853132248,0.7734778,0.8692332,0.99998987,0.97333485,1,0.36869552731513977,0.1410529,0.05715561,5.7738876e-06,0.01412371,0,0.410431832075119
TSBD_Healthy_d85abeff44,1,0,1,0.61376435,0.044956803,0.07679198,0.08319395,6.533514e-06,0.014630133,0,0.2208726853132248,0.6584783,0.86289513,0.99998915,0.96824825,0,0.36869552731513977,0.2647297,0.053910915,4.364812e-06,0.01712165,0,0.410431832075119
TSBD_Healthy_32490efb09,1,0,1,0.74162,0.021150537,0.10437643,0.07766097,5.198657e-06,0.014635111,0,0.2208726853132248,0.71841556,0.8667308,0.99998975,0.9702735,0,0.36869552731513977,0.17720802,0.05560827,5.0892454e-06,0.015091351,0,0.410431832075119
TSBD_Healthy_003e47f46b,1,0,1,0.34760922,0.11528344,0.061508283,0.07409138,4.4920102e-06,0.013142627,0,0.2208726853132248,0.48501226,0.86869025,0.9999896,0.961997,0,0.36869552731513977,0.45347944,0.057218414,5.8986407e-06,0.024860425,0,0.410431832075119
TSBD_Healthy_db7fb385bc,1,1,1,0.8024861,0.012183864,0.09743737,0.07790164,5.2301057e-06,0.014069979,0,0.2208726853132248,0.760585,0.8669559,0.99998987,0.9723908,1,0.36869552731513977,0.14197765,0.055142447,4.858884e-06,0.01353924,0,0.410431832075119
TSBD_Healthy_e07653b53b,1,0,1,0.71009797,0.02747028,0.0726976,0.0738573,4.4331264e-06,0.012232013,0,0.2208726853132248,0.71421623,0.8684275,0.9999895,0.97077036,0,0.36869552731513977,0.21308622,0.05771515,6.093079e-06,0.016997658,0,0.410431832075119
TSBD_Healthy_372dafd03c,1,0,1,0.34781894,0.11505456,0.068504296,0.093471676,1.0191167e-05,0.0178827,0,0.2208726853132248,0.49075967,0.8561462,0.9999865,0.96145874,0,0.36869552731513977,0.440736,0.050382104,3.240911e-06,0.02065862,0,0.410431832075119
TSBD_Healthy_8a4d12c896,0,0,1,0.11033872,0.30894607,0.08396844,0.08296649,6.954854e-06,0.024026806,0,0.2208726853132248,0.16350906,0.86127317,0.99998784,0.935069,0,0.36869552731513977,0.75252247,0.055760358,5.238866e-06,0.040904153,0,0.410431832075119
TSBD_Healthy_ddf26df6fc,0,0,1,0.19354072,0.19752368,0.44502616,0.105237186,1.7050703e-05,0.049849514,0,0.2208726853132248,0.2448675,0.84646493,0.99998033,0.9288587,0,0.36869552731513977,0.3101063,0.048297826,2.6306875e-06,0.021291753,0,0.410431832075119
TSBD_Healthy_f43e3f4c5b,1,0,1,0.52744275,0.058823727,0.19671191,0.10087785,1.39281965e-05,0.027194284,0,0.2208726853132248,0.55928284,0.85082096,0.99998343,0.95773757,0,0.36869552731513977,0.24400525,0.048301224,2.6163543e-06,0.015068154,0,0.410431832075119
TSBD_Healthy_b5fbb9ed8e,1,1,1,0.7889131,0.013567263,0.12169745,0.07677,5.076424e-06,0.015123018,0,0.2208726853132248,0.742568,0.86736,0.9999896,0.9711555,1,0.36869552731513977,0.1357346,0.055869978,5.2713913e-06,0.013721425,0,0.410431832075119
TSBD_Healthy_eb36a09ca4,1,0,1,0.647744,0.03464555,0.18928197,0.094375014,1.0709603e-05,0.023692107,0,0.2208726853132248,0.6352855,0.8554105,0.9999862,0.9627013,0,0.36869552731513977,0.17543247,0.050214484,3.1609045e-06,0.013606576,0,0.410431832075119
TSBD_Healthy_6b4a97bd93,0,0,1,0.181835,0.22697195,0.06923546,0.08025622,5.8932815e-06,0.017983034,0,0.2208726853132248,0.2800309,0.8651412,0.9999894,0.95032334,0,0.36869552731513977,0.65073365,0.054602627,4.724586e-06,0.031693563,0,0.410431832075119
TSBD_Healthy_ba33e2e4e1,1,0,1,0.69365203,0.029894363,0.08309078,0.08363151,6.792263e-06,0.014869548,0,0.2208726853132248,0.7031563,0.8630523,0.99998903,0.96977043,0,0.36869552731513977,0.21375297,0.053316165,4.2097768e-06,0.015360048,0,0.410431832075119
TSBD_Healthy_c2d1e8a97b,1,0,1,0.7365093,0.022772122,0.08339006,0.07726447,5.1132056e-06,0.013410923,0,0.2208726853132248,0.72632855,0.86736554,0.99998987,0.9712381,0,0.36869552731513977,0.19028136,0.05536991,5.0196995e-06,0.0153509965,0,0.410431832075119
TSBD_Healthy_acaf94d2e8,1,0,1,0.56474936,0.05372538,0.09868931,0.11036825,1.9201583e-05,0.023014558,0,0.2208726853132248,0.62540513,0.84346646,0.99997866,0.96260047,0,0.36869552731513977,0.27590558,0.046165284,2.153758e-06,0.014384954,0,0.410431832075119
TSBD_Healthy_4c1057862a,0,0,1,0.1557973,0.25351062,0.06406042,0.07618395,4.96612e-06,0.01731882,0,0.2208726853132248,0.24136397,0.86682224,0.9999893,0.94661397,0,0.36869552731513977,0.6945756,0.05699387,5.7688867e-06,0.03606724,0,0.410431832075119
TSBD_Healthy_d28eee88b2,0,0,1,0.10453311,0.31897512,0.067812145,0.072813824,4.314308e-06,0.019341744,0,0.2208726853132248,0.15644616,0.86822486,0.9999888,0.9353432,0,0.36869552731513977,0.77574164,0.058961343,6.8807003e-06,0.045315064,0,0.410431832075119
TSBD_Healthy_9f799d79c9,1,0,1,0.66672385,0.03431289,0.09082969,0.07726105,5.153578e-06,0.014137918,0,0.2208726853132248,0.6792537,0.8666594,0.9999895,0.96882164,0,0.36869552731513977,0.22991659,0.05607949,5.306926e-06,0.01704048,0,0.410431832075119
TSBD_Healthy_0797e50b91,1,0,1,0.47190446,0.07769192,0.062764116,0.07625715,5.0019867e-06,0.012978264,0,0.2208726853132248,0.5734918,0.86668855,0.9999893,0.9653499,0,0.36869552731513977,0.3637441,0.05705437,5.7626185e-06,0.02167182,0,0.410431832075119
TSBD_Healthy_35d58d516e,0,0,1,0.23471642,0.18174869,0.080813006,0.090326175,9.397788e-06,0.020521378,0,0.2208726853132248,0.34713018,0.856734,0.9999865,0.95239854,0,0.36869552731513977,0.57205683,0.05293985,4.0727346e-06,0.027080083,0,0.410431832075119
TSBD_Healthy_3369d16a81,0,0,1,0.13212363,0.28294516,0.06864572,0.051590912,2.0520704e-06,0.013992016,0,0.2208726853132248,0.14769523,0.84430736,0.9998715,0.8834084,0,0.36869552731513977,0.7836591,0.10410178,0.00012643862,0.102599606,0,0.410431832075119
TSBD_Healthy_f12cfc128f,1,1,1,0.8154859,0.010026192,0.100311965,0.08683949,7.965247e-06,0.01620576,0,0.2208726853132248,0.76986766,0.8608448,0.9999882,0.971615,1,0.36869552731513977,0.12982039,0.052315697,3.8033152e-06,0.012179243,0,0.410431832075119
TSBD_Healthy_8cb3c49027,0,0,1,0.47650185,0.055766147,0.67815757,0.4635758,0.03662723,0.42753586,0,0.2208726853132248,0.20557511,0.50518256,0.9633707,0.5627841,0,0.36869552731513977,0.116267264,0.031241618,2.0616703e-06,0.0096800085,0,0.410431832075119
TSBD_Healthy_0d4d34f349,1,1,0,0.8602929,0.0053966707,0.80832237,0.8783519,0.99898905,0.9481441,1,0.2208726853132248,0.13376665,0.09542425,0.0010097646,0.04683483,0,0.36869552731513977,0.057910975,0.026223857,1.1319024e-06,0.005021096,0,0.410431832075119
TSBD_Healthy_aac43b5b94,1,0,0,0.8273552,0.011669768,0.7932425,0.9018041,0.9998161,0.9642008,0,0.2208726853132248,0.15096861,0.06920104,0.00018263608,0.030378697,0,0.36869552731513977,0.05578883,0.028994834,1.3352567e-06,0.0054205046,0,0.410431832075119
TSBD_Healthy_713f0a2197,1,1,0,0.8608817,0.007533135,0.82052976,0.90413374,0.99985135,0.9683624,1,0.2208726853132248,0.11866373,0.06642831,0.00014718981,0.026029088,0,0.36869552731513977,0.060806558,0.029437922,1.3747941e-06,0.00560856,0,0.410431832075119
TSBD_Healthy_ac26bcc532,1,1,0,0.8804997,0.0061843004,0.84373593,0.91561097,0.9999684,0.9782086,1,0.2208726853132248,0.09090122,0.049362894,2.9349849e-05,0.014946611,0,0.36869552731513977,0.065362915,0.035026126,2.2783242e-06,0.006844748,0,0.410431832075119
TSBD_Healthy_46f4698e93,0,0,1,0.12440574,0.2835964,0.09656446,0.17419243,0.00014736895,0.06261219,0,0.2208726853132248,0.18895929,0.7832227,0.99985075,0.9094792,0,0.36869552731513977,0.71447635,0.042584825,1.85887e-06,0.027908647,0,0.410431832075119
TSBD_Healthy_ffc31af5e9,0,0,1,0.14178541,0.25148737,0.10823232,0.30832362,0.0028548397,0.14280033,0,0.2208726853132248,0.22374035,0.65423614,0.9971433,0.8332543,0,0.36869552731513977,0.6680273,0.037440214,1.7990013e-06,0.023945363,0,0.410431832075119
TSBD_Healthy_ffc39b3360,1,0,1,0.4324037,0.08770393,0.061918497,0.07055177,4.0942086e-06,0.0121986605,0,0.2208726853132248,0.53900665,0.8666952,0.99998665,0.96163225,0,0.36869552731513977,0.39907482,0.06275305,9.286539e-06,0.02616904,0,0.410431832075119
TSBD_Healthy_13e3dd820d,0,0,1,0.10989581,0.30543408,0.15804332,0.09474484,1.4052643e-05,0.038790695,0,0.2208726853132248,0.13200217,0.84079564,0.9999751,0.90879565,0,0.36869552731513977,0.7099545,0.06445952,1.0861723e-05,0.052413594,0,0.410431832075119
TSBD_Healthy_0e7dca224f,0,0,1,0.28672105,0.15214112,0.8179709,0.35901913,0.006409219,0.37083092,0,0.2208726853132248,0.10054231,0.60801566,0.9935895,0.6188407,0,0.36869552731513977,0.0814868,0.032965235,1.3102764e-06,0.010328377,0,0.410431832075119
TSBD_Healthy_e30ffbbca2,0,0,1,0.19747284,0.21049562,0.09144255,0.09986901,1.332994e-05,0.025289554,0,0.2208726853132248,0.29964188,0.85175276,0.999984,0.9490308,0,0.36869552731513977,0.6089156,0.048378177,2.6628902e-06,0.025679564,0,0.410431832075119
TSBD_Healthy_33ee2c0488,1,0,0,0.8355927,0.007887557,0.8252442,0.8340272,0.9925027,0.92002046,0,0.2208726853132248,0.100699574,0.14058854,0.0074959197,0.07442491,0,0.36869552731513977,0.07405629,0.025384303,1.3985401e-06,0.0055545913,0,0.410431832075119
TSBD_Healthy_cf66e36f26,0,0,0,0.13521598,0.27244353,0.22777821,0.83547693,0.99700016,0.88710123,0,0.2208726853132248,0.08219035,0.12655477,0.0029933515,0.08311482,0,0.36869552731513977,0.6900314,0.03796821,6.4123474e-06,0.029783858,0,0.410431832075119
TSBD_Healthy_198c19a2fa,0,0,1,0.18464296,0.22172995,0.083963394,0.112224326,2.273599e-05,0.029366968,0,0.2208726853132248,0.28387845,0.8396635,0.9999745,0.944033,0,0.36869552731513977,0.63215816,0.048112147,2.7237286e-06,0.026600033,0,0.410431832075119
TSBD_Healthy_0f0af1a35d,1,0,1,0.4905102,0.0725462,0.075167336,0.09457969,1.0874427e-05,0.017723273,0,0.2208726853132248,0.58857656,0.85560936,0.9999862,0.96493316,0,0.36869552731513977,0.3362561,0.049810905,3.0013903e-06,0.017343566,0,0.410431832075119
TSBD_Healthy_24a755565d,1,0,1,0.6846958,0.03177373,0.07773798,0.08303845,6.613488e-06,0.014415589,0,0.2208726853132248,0.70156914,0.86379397,0.9999894,0.9701911,0,0.36869552731513977,0.2206929,0.05316763,4.032521e-06,0.015393288,0,0.410431832075119
TSBD_Healthy_00488f3c0b,1,1,1,0.83868355,0.006688278,0.116435006,0.083288975,6.484863e-06,0.015996918,0,0.2208726853132248,0.78025585,0.864282,0.99998975,0.9728361,1,0.36869552731513977,0.10330916,0.052429043,3.7548618e-06,0.0111670215,0,0.410431832075119
TSBD_Healthy_7f10feedf0,1,1,0,0.8778744,0.0066779465,0.84316623,0.91705906,0.99997795,0.9795844,1,0.2208726853132248,0.07963616,0.04593546,1.9285806e-05,0.012714467,0,0.36869552731513977,0.077197604,0.037005525,2.7002002e-06,0.0077011567,0,0.410431832075119
TSBD_Healthy_083843a5b2,0,0,1,0.2209964,0.1994101,0.6896618,0.110229686,1.9203932e-05,0.059838466,0,0.2208726853132248,0.25737864,0.8444668,0.9999789,0.9298352,0,0.36869552731513977,0.05295963,0.045303557,1.9399888e-06,0.010326318,0,0.410431832075119
TSBD_Healthy_846b819a49,0,0,1,0.2298595,0.18774214,0.05651486,0.07317681,4.2606703e-06,0.014021418,0,0.2208726853132248,0.34624898,0.86886674,0.9999896,0.95496005,0,0.36869552731513977,0.5972362,0.057956472,6.15905e-06,0.031018509,0,0.410431832075119
TSBD_Healthy_ef882f9638,0,0,1,0.22837271,0.15724744,0.5251547,0.43000427,0.021222072,0.40992323,0,0.2208726853132248,0.11486422,0.538017,0.97877616,0.57311416,0,0.36869552731513977,0.3599811,0.031978756,1.7263782e-06,0.016962677,0,0.410431832075119
TSBD_Healthy_f510479194,1,0,1,0.6663563,0.033917338,0.08679657,0.12595053,3.3692857e-05,0.025273247,0,0.2208726853132248,0.7027075,0.8297794,0.9999645,0.9626951,0,0.36869552731513977,0.21049583,0.044270113,1.8376135e-06,0.012031597,0,0.410431832075119
TSBD_Healthy_78ac2c01e9,1,0,1,0.58577293,0.022699751,0.3791608,0.31585383,0.002858533,0.16865776,0,0.2208726853132248,0.48831442,0.6499794,0.9971403,0.8222835,0,0.36869552731513977,0.13252477,0.034166757,1.1983758e-06,0.00905868,0,0.410431832075119
TSBD_Healthy_aa968b53a4,0,0,1,0.13403745,0.27100456,0.18307647,0.110031106,2.7650332e-05,0.047116198,0,0.2208726853132248,0.15826339,0.8259421,0.9999615,0.9049692,0,0.36869552731513977,0.6586601,0.06402682,1.0820139e-05,0.047914565,0,0.410431832075119
TSBD_Healthy_d6be26c310,0,0,1,0.09918955,0.3275817,0.078911245,0.06440706,3.1140241e-06,0.018984,0,0.2208726853132248,0.12955315,0.8635257,0.9999783,0.9170296,0,0.36869552731513977,0.7915356,0.072067305,1.860713e-05,0.06398636,0,0.410431832075119
TSBD_Healthy_8d0baa1858,1,1,1,0.81382877,0.0063861823,0.15831575,0.13960285,5.018078e-05,0.034624282,0,0.2208726853132248,0.74770683,0.81914306,0.9999485,0.95730615,1,0.36869552731513977,0.09397738,0.041254155,1.3350004e-06,0.008069607,0,0.410431832075119
TSBD_Healthy_9a86700e7b,1,0,1,0.33038723,0.11943685,0.08022419,0.15710776,8.405795e-05,0.036958974,0,0.2208726853132248,0.48992154,0.80240864,0.99991465,0.94737786,0,0.36869552731513977,0.42985424,0.0404836,1.2872603e-06,0.01566317,0,0.410431832075119
TSBD_Healthy_8de20870d1,0,0,1,0.13945326,0.26768857,0.09122829,0.13085914,4.4027674e-05,0.040805735,0,0.2208726853132248,0.21026811,0.8208261,0.99995315,0.9284286,0,0.36869552731513977,0.6985036,0.048314728,2.8642453e-06,0.030765628,0,0.410431832075119
TSBD_Healthy_2125dc16c6,1,0,1,0.7176979,0.025048917,0.09951502,0.08069238,6.119065e-06,0.015225436,0,0.2208726853132248,0.7060492,0.864106,0.99998903,0.9692675,0,0.36869552731513977,0.19443576,0.055201665,4.8799347e-06,0.015507079,0,0.410431832075119
TSBD_Healthy_f1a3293d1d,0,0,1,0.2063866,0.20729338,0.06197298,0.06624283,3.367042e-06,0.013801533,0,0.2208726853132248,0.29738608,0.86689067,0.99998355,0.9450156,0,0.36869552731513977,0.6406409,0.06686653,1.3086215e-05,0.041182827,0,0.410431832075119
TSBD_Healthy_db02ad0e48,0,0,1,0.23397377,0.18546519,0.06019341,0.06693874,3.4086186e-06,0.013224488,0,0.2208726853132248,0.33761016,0.8683594,0.99998605,0.9502221,0,0.36869552731513977,0.6021965,0.064701825,1.0548925e-05,0.036553457,0,0.410431832075119
TSBD_Healthy_6e62793bdf,0,0,1,0.30727255,0.134978,0.07191703,0.0717446,4.1736675e-06,0.013990992,0,0.2208726853132248,0.4307623,0.86764866,0.9999881,0.9571624,0,0.36869552731513977,0.49732065,0.06060677,7.70805e-06,0.028846616,0,0.410431832075119
TSBD_Healthy_097e8db62c,0,0,1,0.22147381,0.192556,0.06555639,0.08946808,8.939967e-06,0.018977443,0,0.2208726853132248,0.33869335,0.85788375,0.9999871,0.9536268,0,0.36869552731513977,0.5957503,0.05264816,3.885277e-06,0.027395777,0,0.410431832075119
TSBD_Healthy_9a88507804,1,0,1,0.34521794,0.1148435,0.08359228,0.09360102,1.0585608e-05,0.01947313,0,0.2208726853132248,0.47827372,0.8553179,0.99998605,0.9594032,0,0.36869552731513977,0.43813404,0.05108106,3.4210198e-06,0.021123635,0,0.410431832075119
TSBD_Healthy_d3268932b8,0,0,1,0.19665556,0.21802199,0.0631371,0.051074997,1.9964896e-06,0.011738366,0,0.2208726853132248,0.23184876,0.8446734,0.9998776,0.90277964,0,0.36869552731513977,0.7050142,0.1042516,0.00012037532,0.085482016,0,0.410431832075119
TSBD_Healthy_7ef69613b9,1,0,1,0.7228002,0.021613562,0.1330131,0.12778349,3.481696e-05,0.029663095,0,0.2208726853132248,0.70195246,0.8288881,0.9999635,0.9596422,0,0.36869552731513977,0.16503441,0.043328423,1.6574529e-06,0.010694705,0,0.410431832075119
TSBD_Healthy_ddc759b323,1,0,1,0.7283933,0.024213817,0.08105971,0.08208583,6.371841e-06,0.014283316,0,0.2208726853132248,0.72542125,0.8646307,0.9999895,0.97107553,0,0.36869552731513977,0.19351903,0.053283513,4.1581866e-06,0.014641123,0,0.410431832075119
TSBD_Healthy_cb4b1d8b67,1,0,1,0.35048825,0.11398906,0.06776048,0.09960195,1.364349e-05,0.019411752,0,0.2208726853132248,0.49469006,0.8507283,0.9999833,0.96036977,0,0.36869552731513977,0.43754947,0.049669746,3.0595513e-06,0.020218542,0,0.410431832075119
TSBD_Healthy_886fdcfd30,1,1,0,0.8814545,0.006235839,0.84570843,0.9173836,0.9999814,0.98003745,1,0.2208726853132248,0.08254977,0.04411358,1.5460791e-05,0.01208714,0,0.36869552731513977,0.07174182,0.038502827,3.151943e-06,0.007875475,0,0.410431832075119
TSBD_Healthy_784f1bc940,0,0,1,0.20882109,0.19111697,0.12838806,0.22482097,0.00045894328,0.08330498,0,0.2208726853132248,0.3073891,0.73806244,0.99954,0.8980528,0,0.36869552731513977,0.5642229,0.037116595,1.1114266e-06,0.018642258,0,0.410431832075119
TSBD_Healthy_ba996de886,0,0,1,0.11064194,0.30908126,0.06897752,0.08315127,6.6927128e-06,0.021986697,0,0.2208726853132248,0.17169169,0.8629362,0.9999889,0.9395127,0,0.36869552731513977,0.75933075,0.05391251,4.3906116e-06,0.038500555,0,0.410431832075119
TSBD_Healthy_619dcca295,1,0,1,0.54538715,0.05443243,0.15531223,0.12969251,3.743268e-05,0.03392701,0,0.2208726853132248,0.582866,0.82671714,0.9999609,0.95261616,0,0.36869552731513977,0.26182178,0.043590337,1.7130584e-06,0.013456862,0,0.410431832075119
TSBD_Healthy_e5fac835da,0,0,1,0.18532906,0.22494102,0.062677525,0.071386695,4.0622576e-06,0.015278652,0,0.2208726853132248,0.27736104,0.86722165,0.9999876,0.9471916,0,0.36869552731513977,0.6599614,0.061391633,8.287046e-06,0.037529696,0,0.410431832075119
TSBD_Healthy_7b8508b66d,0,0,1,0.20288602,0.2046457,0.72329736,0.27126434,0.0012849893,0.2542477,0,0.2208726853132248,0.09839264,0.69267315,0.99871373,0.7300496,0,0.36869552731513977,0.17831008,0.036062486,1.2545611e-06,0.015702704,0,0.410431832075119
TSBD_Healthy_1bf9b6920f,0,0,1,0.2857781,0.14184633,0.47692895,0.12018213,2.7990756e-05,0.054701626,0,0.2208726853132248,0.32374084,0.8350408,0.9999701,0.9301341,0,0.36869552731513977,0.19933015,0.04477706,1.9449994e-06,0.015164223,0,0.410431832075119
TSBD_Healthy_c2dd44b1c5,1,0,0,0.6497132,0.02643669,0.6905787,0.7467418,0.9024179,0.8094088,0,0.2208726853132248,0.16085885,0.22617647,0.097578995,0.18199667,0,0.36869552731513977,0.14856249,0.027081799,3.123088e-06,0.0085945865,0,0.410431832075119
TSBD_Healthy_6941b60386,1,0,1,0.69571686,0.027724175,0.10804367,0.1160731,2.378152e-05,0.024479324,0,0.2208726853132248,0.69924235,0.83847517,0.99997413,0.9634975,0,0.36869552731513977,0.19271395,0.045451697,2.0356613e-06,0.012023218,0,0.410431832075119
TSBD_Healthy_905510a905,1,0,1,0.6874214,0.030028095,0.10387987,0.092111796,9.803111e-06,0.018200228,0,0.2208726853132248,0.69050145,0.8576909,0.999987,0.9677909,0,0.36869552731513977,0.20561868,0.050197348,3.1423413e-06,0.01400893,0,0.410431832075119
TSBD_Healthy_9731a208b9,1,0,1,0.4723781,0.07698012,0.07648834,0.082355596,6.491392e-06,0.0152255185,0,0.2208726853132248,0.56916034,0.8635358,0.99998903,0.96480995,0,0.36869552731513977,0.35435134,0.054108538,4.4260946e-06,0.019964574,0,0.410431832075119
TSBD_Healthy_0dca3c0bc2,1,1,1,0.8272018,0.0073138904,0.13645455,0.095947616,1.1045202e-05,0.020209672,0,0.2208726853132248,0.76564693,0.8557353,0.9999864,0.9698958,1,0.36869552731513977,0.09789851,0.048317056,2.6006005e-06,0.009894531,0,0.410431832075119
TSBD_Healthy_12ac808983,0,0,1,0.097975,0.32097957,0.6998697,0.12744968,3.9404436e-05,0.10660603,0,0.2208726853132248,0.076824315,0.8247835,0.9999579,0.8665393,0,0.36869552731513977,0.22330602,0.047766816,2.6848575e-06,0.026854722,0,0.410431832075119
TSBD_Healthy_511fba2ceb,1,0,1,0.63644016,0.03769023,0.1084335,0.14109421,5.4720953e-05,0.032206338,0,0.2208726853132248,0.67099184,0.81649417,0.99994373,0.95598125,0,0.36869552731513977,0.22057462,0.042411584,1.5667943e-06,0.011812433,0,0.410431832075119
TSBD_Healthy_549679688a,0,0,1,0.20197552,0.20983785,0.061584808,0.079024285,6.316703e-06,0.016912043,0,0.2208726853132248,0.30267018,0.86148494,0.9999864,0.9483958,0,0.36869552731513977,0.635745,0.059490804,7.310577e-06,0.034692198,0,0.410431832075119
TSBD_Healthy_708f7d8e32,0,0,1,0.12462485,0.29150552,0.06921283,0.05863428,2.2384415e-06,0.014874799,0,0.2208726853132248,0.17055716,0.86669075,0.9999758,0.924527,0,0.36869552731513977,0.76023006,0.074675016,2.199682e-05,0.06059823,0,0.410431832075119
TSBD_Healthy_30a7ad7ba3,1,0,1,0.7555558,0.019539818,0.08657169,0.08463438,7.1423556e-06,0.015077876,0,0.2208726853132248,0.73911315,0.8626094,0.9999889,0.9710881,0,0.36869552731513977,0.1743152,0.05275626,3.951982e-06,0.013834007,0,0.410431832075119
TSBD_Healthy_dad4aa07c4,0,0,1,0.090924814,0.34006083,0.09923037,0.07122858,4.3018645e-06,0.023711711,0,0.2208726853132248,0.11929435,0.8647079,0.9999852,0.92070067,0,0.36869552731513977,0.78147525,0.06406352,1.0443751e-05,0.055587612,0,0.410431832075119
TSBD_Healthy_8eff6e388b,0,0,1,0.29330498,0.14341941,0.0651016,0.07441525,4.5763436e-06,0.014098767,0,0.2208726853132248,0.42303807,0.86803377,0.9999894,0.95861876,0,0.36869552731513977,0.5118603,0.057550948,5.9968e-06,0.027282437,0,0.410431832075119
TSBD_Healthy_fec7f36a5c,0,0,1,0.19694804,0.21388167,0.06746756,0.07635967,5.1535494e-06,0.016616054,0,0.2208726853132248,0.29670975,0.86591727,0.9999888,0.95019805,0,0.36869552731513977,0.63582265,0.057723135,6.0634366e-06,0.033185884,0,0.410431832075119
TSBD_Healthy_1cf19a1878,1,0,1,0.43358532,0.08805249,0.06610024,0.08132843,6.1956794e-06,0.014427143,0,0.2208726853132248,0.5488673,0.8641224,0.9999893,0.96461475,0,0.36869552731513977,0.38503245,0.054549173,4.5077404e-06,0.020958155,0,0.410431832075119
TSBD_Healthy_0fbc0f2310,0,0,1,0.115659885,0.3014071,0.08891443,0.077376045,5.488347e-06,0.022405354,0,0.2208726853132248,0.16770852,0.8636405,0.9999877,0.9341001,0,0.36869552731513977,0.7433771,0.05898354,6.77893e-06,0.043494534,0,0.410431832075119
TSBD_Healthy_24a6f36a78,1,0,1,0.57428986,0.050429072,0.13759284,0.093004435,1.0344083e-05,0.021239083,0,0.2208726853132248,0.60644156,0.8563112,0.9999863,0.9627671,0,0.36869552731513977,0.25596562,0.050684318,3.3125557e-06,0.015993794,0,0.410431832075119
TSBD_Healthy_7bca399e6d,1,0,1,0.53546345,0.05875781,0.12198357,0.11798645,2.515748e-05,0.027423706,0,0.2208726853132248,0.5940508,0.8370309,0.99997294,0.95836824,0,0.36869552731513977,0.28396565,0.044982664,1.874082e-06,0.014208032,0,0.410431832075119
TSBD_Healthy_06733b9af0,0,0,1,0.2146882,0.19852935,0.06509086,0.08349175,6.989772e-06,0.017651452,0,0.2208726853132248,0.32604098,0.86160916,0.9999882,0.9526868,0,0.36869552731513977,0.6088682,0.05489907,4.808024e-06,0.02966176,0,0.410431832075119
TSBD_Healthy_2e5b036845,1,0,1,0.63494176,0.04100685,0.06888145,0.072943285,4.320439e-06,0.012121113,0,0.2208726853132248,0.66962576,0.8680712,0.9999888,0.9686081,0,0.36869552731513977,0.2614928,0.05898548,6.854582e-06,0.019270817,0,0.410431832075119
TSBD_Healthy_363f51fde7,1,1,1,0.7862736,0.014792431,0.08974743,0.07634325,4.9335654e-06,0.013428514,0,0.2208726853132248,0.7531138,0.86766136,0.99998987,0.9721861,1,0.36869552731513977,0.15713878,0.05599538,5.245906e-06,0.0143854385,0,0.410431832075119
TSBD_Healthy_c6ac85b839,1,0,1,0.45894295,0.07983579,0.08777513,0.076147765,5.076001e-06,0.01480703,0,0.2208726853132248,0.550517,0.8668716,0.9999893,0.9633548,0,0.36869552731513977,0.36170787,0.056980643,5.706611e-06,0.021838162,0,0.410431832075119
TSBD_Healthy_ddbacc20a2,0,0,1,0.24310838,0.17669931,0.073715955,0.079236545,5.8485484e-06,0.016836273,0,0.2208726853132248,0.35688257,0.8645231,0.9999888,0.95412606,0,0.36869552731513977,0.5694015,0.056240357,5.3932554e-06,0.029037666,0,0.410431832075119
TSBD_Healthy_8643328d51,0,0,1,0.1383656,0.2742656,0.0665215,0.06309061,2.9076737e-06,0.015336744,0,0.2208726853132248,0.19589558,0.8660097,0.9999802,0.93131286,0,0.36869552731513977,0.7375829,0.07089971,1.6906526e-05,0.05335044,0,0.410431832075119
TSBD_Healthy_006fc27c69,0,0,1,0.11600258,0.30208772,0.07010783,0.07300375,4.528258e-06,0.019179175,0,0.2208726853132248,0.17133854,0.8656112,0.99998736,0.93489605,0,0.36869552731513977,0.75855356,0.061385006,8.156806e-06,0.045924786,0,0.410431832075119
TSBD_Healthy_33406626c7,0,0,1,0.09545149,0.33193982,0.08986186,0.08400541,6.941769e-06,0.026040621,0,0.2208726853132248,0.14020255,0.86315954,0.99998903,0.93383956,0,0.36869552731513977,0.76993555,0.05283506,3.986467e-06,0.04011986,0,0.410431832075119
TSBD_Healthy_b06da16348,0,0,1,0.10201057,0.32004082,0.12968343,0.0725303,5.3479725e-06,0.026982524,0,0.2208726853132248,0.121813156,0.8542642,0.99997425,0.90762955,0,0.36869552731513977,0.7485034,0.073205486,2.036663e-05,0.06538794,0,0.410431832075119
TSBD_Healthy_06f251fee4,0,0,1,0.10904649,0.31138012,0.07621581,0.079754815,5.929446e-06,0.022105383,0,0.2208726853132248,0.16323836,0.8636305,0.99998844,0.93588626,0,0.36869552731513977,0.76054585,0.056614712,5.6712333e-06,0.04200842,0,0.410431832075119
TSBD_Healthy_4ac4f94767,0,0,1,0.091286734,0.33909753,0.09602079,0.08307794,8.062055e-06,0.028583527,0,0.2208726853132248,0.11878567,0.85431397,0.9999827,0.9175382,0,0.36869552731513977,0.7851935,0.062608086,9.16827e-06,0.05387823,0,0.410431832075119
TSBD_Healthy_e7cd92f08f,0,0,1,0.19189753,0.22236305,0.07631723,0.04220754,2.478637e-06,0.012563279,0,0.2208726853132248,0.14044002,0.7726984,0.9970631,0.76013005,0,0.36869552731513977,0.78324276,0.18509404,0.0029344365,0.22730672,0,0.410431832075119
TSBD_Healthy_1597a65755,0,0,1,0.26160786,0.16472021,0.06292582,0.07588874,5.3172876e-06,0.015017895,0,0.2208726853132248,0.37818846,0.863727,0.9999869,0.9536023,0,0.36869552731513977,0.5588857,0.060384337,7.75089e-06,0.03137982,0,0.410431832075119
TSBD_Healthy_a8ea0e137d,0,0,1,0.17112164,0.23975326,0.064202964,0.06199648,3.3185656e-06,0.01457208,0,0.2208726853132248,0.22949915,0.8578529,0.999964,0.9256099,0,0.36869552731513977,0.70629793,0.08015061,3.2661083e-05,0.059818015,0,0.410431832075119
TSBD_Healthy_fafc24f635,0,0,1,0.22103721,0.19128403,0.09093088,0.09736328,1.2725449e-05,0.023975698,0,0.2208726853132248,0.32777002,0.8520705,0.9999839,0.9498862,0,0.36869552731513977,0.58129907,0.050566215,3.3299557e-06,0.026138123,0,0.410431832075119
TSBD_Healthy_7c877797f5,0,0,1,0.20044641,0.20899388,0.100136794,0.07882529,5.6884332e-06,0.01984223,0,0.2208726853132248,0.29117295,0.8647709,0.9999888,0.94829184,0,0.36869552731513977,0.60869026,0.05640388,5.4836496e-06,0.031865913,0,0.410431832075119
TSBD_Healthy_d249c82c7a,0,0,1,0.20582828,0.20588991,0.08160464,0.0737371,4.599748e-06,0.016981682,0,0.2208726853132248,0.30054143,0.8669048,0.9999883,0.94891524,0,0.36869552731513977,0.6178539,0.059358064,7.0829583e-06,0.034103084,0,0.410431832075119
TSBD_Healthy_1dafd9bcec,0,0,1,0.23364642,0.18469088,0.060366806,0.07479763,4.7656044e-06,0.014790342,0,0.2208726853132248,0.34821022,0.86693907,0.9999888,0.95403475,0,0.36869552731513977,0.59142303,0.058263287,6.411213e-06,0.03117496,0,0.410431832075119
TSBD_Healthy_727f8ba7d1,0,0,1,0.101292096,0.3226888,0.082700066,0.08793281,9.394373e-06,0.027068298,0,0.2208726853132248,0.1448885,0.8545232,0.9999844,0.92795855,0,0.36869552731513977,0.77241147,0.057544045,6.1882793e-06,0.044973172,0,0.410431832075119
TSBD_Healthy_578fae46e9,1,0,1,0.6761536,0.032681204,0.08756052,0.09940911,1.2758936e-05,0.018691804,0,0.2208726853132248,0.69723374,0.85237294,0.9999846,0.96783864,0,0.36869552731513977,0.21520573,0.048217896,2.6173457e-06,0.013469558,0,0.410431832075119
TSBD_Healthy_d1980c5cf7,0,0,1,0.1371308,0.2761411,0.059767116,0.061632216,2.6129005e-06,0.014319013,0,0.2208726853132248,0.19524668,0.8665568,0.9999795,0.93116033,0,0.36869552731513977,0.7449862,0.071810916,1.7928762e-05,0.054520622,0,0.410431832075119
TSBD_Healthy_5f95d3f8a2,1,0,1,0.44133955,0.085613355,0.07277406,0.08783705,8.186474e-06,0.016308477,0,0.2208726853132248,0.5537683,0.86024797,0.9999882,0.9642543,0,0.36869552731513977,0.37345764,0.05191496,3.6737317e-06,0.019437246,0,0.410431832075119
TSBD_Healthy_ef7cbd4127,1,0,1,0.43583712,0.08072658,0.36319664,0.09553957,1.0914282e-05,0.032679707,0,0.2208726853132248,0.48647717,0.8552603,0.9999863,0.95381,0,0.36869552731513977,0.15032619,0.049200077,2.7470119e-06,0.013510327,0,0.410431832075119
TSBD_Healthy_63b700da46,1,0,1,0.68026847,0.0321592,0.084496535,0.07833736,5.461837e-06,0.013958868,0,0.2208726853132248,0.6915058,0.86612576,0.9999895,0.96948683,0,0.36869552731513977,0.22399767,0.055536944,5.044302e-06,0.016554274,0,0.410431832075119
TSBD_Healthy_076f98de26,0,0,1,0.116106585,0.30062646,0.082586214,0.08592461,8.263863e-06,0.024712723,0,0.2208726853132248,0.17204072,0.8578492,0.9999863,0.9347988,0,0.36869552731513977,0.7453731,0.056226186,5.389818e-06,0.04048848,0,0.410431832075119
TSBD_Healthy_e3f6aa3d79,0,0,1,0.10133601,0.32444632,0.08144716,0.058102716,2.5051531e-06,0.017723396,0,0.2208726853132248,0.12073999,0.8580525,0.99995685,0.90117776,0,0.36869552731513977,0.7978129,0.08384479,4.0597646e-05,0.08109887,0,0.410431832075119
TSBD_Healthy_da00d5de9a,0,0,1,0.2516049,0.1705395,0.07615155,0.079832,6.131707e-06,0.017119566,0,0.2208726853132248,0.36492506,0.8631721,0.9999882,0.95372534,0,0.36869552731513977,0.5589234,0.056995895,5.728115e-06,0.029155096,0,0.410431832075119
TSBD_Healthy_1fc6860580,0,0,1,0.102648854,0.321725,0.081216715,0.07085011,4.7644335e-06,0.021669755,0,0.2208726853132248,0.13185215,0.85625666,0.9999758,0.9139511,0,0.36869552731513977,0.78693116,0.072893165,1.9439063e-05,0.06437908,0,0.410431832075119
TSBD_Healthy_93437b01b9,0,0,1,0.17227767,0.23910692,0.06332906,0.055224232,2.0746663e-06,0.012523632,0,0.2208726853132248,0.22756693,0.86069995,0.9999573,0.92361116,0,0.36869552731513977,0.70910406,0.08407586,4.054713e-05,0.063865155,0,0.410431832075119
TSBD_Healthy_d7b2fef984,0,0,1,0.13780016,0.2749182,0.060312945,0.06551026,3.1446434e-06,0.015180896,0,0.2208726853132248,0.20356576,0.86839116,0.999985,0.9370604,0,0.36869552731513977,0.73612136,0.06609865,1.19169135e-05,0.047758654,0,0.410431832075119
TSBD_Healthy_6499b6d7a1,0,0,1,0.104711786,0.31811893,0.07157756,0.07940132,5.746023e-06,0.021642169,0,0.2208726853132248,0.15934804,0.8653045,0.9999893,0.9373015,0,0.36869552731513977,0.7690744,0.05529418,4.9976334e-06,0.04105635,0,0.410431832075119
TSBD_Healthy_b2c3637e41,1,0,1,0.48650104,0.07267578,0.09349319,0.08285803,6.600439e-06,0.016413739,0,0.2208726853132248,0.5701814,0.8639659,0.9999894,0.964487,0,0.36869552731513977,0.3363254,0.053176086,4.0648965e-06,0.019099293,0,0.410431832075119
TSBD_Healthy_ca0105e4b8,0,0,1,0.17484942,0.2345309,0.06251027,0.0733759,4.424806e-06,0.015955953,0,0.2208726853132248,0.2662229,0.86738473,0.9999887,0.9477463,0,0.36869552731513977,0.6712668,0.059239354,6.8494055e-06,0.036297806,0,0.410431832075119
TSBD_Healthy_efb3b53d28,1,0,1,0.7577103,0.01790171,0.10865118,0.10188929,1.40103275e-05,0.020439422,0,0.2208726853132248,0.7321935,0.8499299,0.99998343,0.9677184,0,0.36869552731513977,0.15915532,0.048180748,2.5290567e-06,0.011842169,0,0.410431832075119
TSBD_Healthy_b6298539e0,0,0,1,0.15367918,0.2565977,0.06276774,0.06765519,3.4615068e-06,0.015336229,0,0.2208726853132248,0.22978522,0.86883247,0.9999869,0.9419005,0,0.36869552731513977,0.70744705,0.06351236,9.701743e-06,0.04276329,0,0.410431832075119
TSBD_Healthy_32b15941da,1,1,1,0.8260252,0.009119151,0.09196925,0.07212051,4.05046e-06,0.012551801,0,0.2208726853132248,0.77740943,0.8700465,0.99998975,0.9734743,1,0.36869552731513977,0.13062128,0.05783302,6.1609067e-06,0.013973871,0,0.410431832075119
TSBD_Healthy_0d4ffdc7b0,1,0,1,0.74162376,0.021506954,0.09328772,0.08509454,7.209498e-06,0.015624702,0,0.2208726853132248,0.7269944,0.8626437,0.99998903,0.97049975,0,0.36869552731513977,0.17971791,0.052261718,3.7854782e-06,0.013875551,0,0.410431832075119
TSBD_Healthy_b36f28e306,1,0,1,0.39054787,0.09565948,0.15384574,0.11630035,2.4426678e-05,0.03137258,0,0.2208726853132248,0.48186043,0.83753073,0.9999734,0.9513853,0,0.36869552731513977,0.36429387,0.04616891,2.1661638e-06,0.017242081,0,0.410431832075119
TSBD_Healthy_68a56d28bf,1,1,1,0.7932515,0.012556406,0.14435253,0.07829138,5.3704402e-06,0.01639687,0,0.2208726853132248,0.74108106,0.865835,0.9999895,0.9707046,1,0.36869552731513977,0.11456642,0.05587365,5.17826e-06,0.012898497,0,0.410431832075119
TSBD_Healthy_b7798ab5f8,1,0,1,0.5980223,0.04754564,0.09160451,0.08551578,7.424204e-06,0.016295185,0,0.2208726853132248,0.6419208,0.8622867,0.9999888,0.96716005,0,0.36869552731513977,0.26647466,0.05219756,3.754042e-06,0.016544726,0,0.410431832075119
TSBD_Healthy_2a0f79d223,1,0,1,0.5885187,0.048896506,0.10735575,0.07987507,5.82278e-06,0.016010577,0,0.2208726853132248,0.62605435,0.8657306,0.9999896,0.9663679,0,0.36869552731513977,0.26658988,0.0543944,4.5442143e-06,0.017621515,0,0.410431832075119
TSBD_Healthy_8fc6471a64,0,0,1,0.11858279,0.29476142,0.10786531,0.10655095,1.764902e-05,0.034713693,0,0.2208726853132248,0.17543316,0.84528035,0.9999796,0.9328997,0,0.36869552731513977,0.7167015,0.04816869,2.7072592e-06,0.03238663,0,0.410431832075119
TSBD_Healthy_78bf1afa4b,0,0,1,0.10978772,0.3115944,0.08363598,0.057296854,2.619965e-06,0.017546276,0,0.2208726853132248,0.12691748,0.8527856,0.9999386,0.8946115,0,0.36869552731513977,0.7894465,0.089917555,5.880388e-05,0.08784224,0,0.410431832075119
TSBD_Healthy_d63c012f3e,1,0,1,0.7712661,0.015326146,0.12184185,0.10336308,1.48994895e-05,0.021654543,0,0.2208726853132248,0.7339482,0.84932905,0.9999827,0.96713483,0,0.36869552731513977,0.14421,0.04730784,2.3944428e-06,0.011210646,0,0.410431832075119
TSBD_Healthy_05ab09d318,0,0,1,0.29631358,0.14260657,0.06813881,0.06882417,3.7500158e-06,0.013361995,0,0.2208726853132248,0.41191104,0.86689013,0.9999858,0.9542387,0,0.36869552731513977,0.5199502,0.06428566,1.0459686e-05,0.032399252,0,0.410431832075119
TSBD_Healthy_18405215f8,0,0,1,0.081991054,0.35687217,0.10027938,0.06384686,3.0749065e-06,0.02235524,0,0.2208726853132248,0.09889356,0.86600685,0.9999808,0.9104742,0,0.36869552731513977,0.800827,0.070146345,1.606239e-05,0.06717053,0,0.410431832075119
TSBD_Healthy_fe721e6a35,0,0,1,0.08801056,0.34606516,0.079819314,0.07410277,4.789111e-06,0.022822486,0,0.2208726853132248,0.12140951,0.86511,0.99998724,0.92537594,0,0.36869552731513977,0.79877114,0.06078725,8.001175e-06,0.051801577,0,0.410431832075119
TSBD_Healthy_8a0b6768d9,1,0,1,0.47251216,0.07752173,0.0670453,0.07710196,5.1380084e-06,0.013423114,0,0.2208726853132248,0.57329065,0.8673884,0.99998987,0.965856,0,0.36869552731513977,0.35966405,0.055509597,4.9884225e-06,0.020720877,0,0.410431832075119
TSBD_Healthy_fdb9e6ae23,0,0,1,0.08678153,0.34706885,0.07739815,0.098319575,1.2520222e-05,0.030810367,0,0.2208726853132248,0.12888113,0.8515743,0.9999844,0.93024135,0,0.36869552731513977,0.7937207,0.050106153,3.1341328e-06,0.03894832,0,0.410431832075119
TSBD_Healthy_4c66cb7f58,1,0,1,0.4648321,0.07975909,0.060828187,0.076549105,5.1266406e-06,0.012942223,0,0.2208726853132248,0.5710044,0.867026,0.9999894,0.96553904,0,0.36869552731513977,0.3681674,0.056424968,5.54025e-06,0.021518717,0,0.410431832075119
TSBD_Healthy_f5058ddf56,1,0,1,0.6941745,0.025042236,0.25234187,0.10864258,1.7885888e-05,0.030698251,0,0.2208726853132248,0.65324086,0.8449977,0.99998,0.9595646,0,0.36869552731513977,0.09441732,0.046359755,2.1798492e-06,0.009737158,0,0.410431832075119
TSBD_Healthy_69e2554f5f,1,0,1,0.46616963,0.075798295,0.16076098,0.07704638,5.131578e-06,0.018614119,0,0.2208726853132248,0.5319586,0.8672299,0.99998975,0.961186,0,0.36869552731513977,0.30728042,0.055723738,5.1525126e-06,0.020199923,0,0.410431832075119
TSBD_Healthy_d4f8817d0f,1,0,1,0.3796848,0.1026649,0.09957159,0.08534997,7.352511e-06,0.018207273,0,0.2208726853132248,0.49480224,0.86214226,0.9999888,0.960792,0,0.36869552731513977,0.40562612,0.052507795,3.8335456e-06,0.021000698,0,0.410431832075119
TSBD_Healthy_75d585858d,0,0,1,0.15165189,0.25938562,0.066438936,0.060031176,2.425436e-06,0.014040659,0,0.2208726853132248,0.21344733,0.8672548,0.9999784,0.93267006,0,0.36869552731513977,0.7201137,0.07271404,1.9166653e-05,0.05328929,0,0.410431832075119
TSBD_Healthy_cb3a9d790a,0,0,1,0.1329293,0.27679592,0.09077491,0.10572042,1.6782167e-05,0.030682292,0,0.2208726853132248,0.20555185,0.8466779,0.9999807,0.93918806,0,0.36869552731513977,0.7036732,0.047601636,2.5622753e-06,0.030129602,0,0.410431832075119
TSBD_Healthy_2c254df731,0,0,1,0.27653354,0.14390418,0.18437292,0.09411228,1.0627314e-05,0.027751941,0,0.2208726853132248,0.37606254,0.85538685,0.9999862,0.9499195,0,0.36869552731513977,0.43956447,0.0505008,3.1784552e-06,0.022328485,0,0.410431832075119
TSBD_Healthy_4e4bdff12a,1,1,1,0.8011142,0.011099096,0.1429393,0.08799398,7.924594e-06,0.018613476,0,0.2208726853132248,0.74565566,0.86090523,0.9999888,0.9701582,1,0.36869552731513977,0.11140504,0.05110077,3.325865e-06,0.011228333,0,0.410431832075119
TSBD_WSSV_ffd2411af1,1,0,1,0.6110421,0.022795193,0.09385835,0.04268975,4.0616765e-06,0.010352453,0,0.2208726853132248,0.51098406,0.7154822,0.9844728,0.7951406,0,0.36869552731513977,0.3951576,0.24182804,0.015523197,0.19450693,0,0.410431832075119
TSBD_WSSV_c6b9dfd6bd,0,0,1,0.24589984,0.15982035,0.24766293,0.15143906,8.62114e-05,0.062316004,0,0.2208726853132248,0.29789877,0.7998723,0.9999106,0.9137003,0,0.36869552731513977,0.45443827,0.048688624,3.2333053e-06,0.0239837,0,0.410431832075119
TSBD_WSSV_258e8224d8,0,0,1,0.2557334,0.1701943,0.05474173,0.06450924,2.8055144e-06,0.011771537,0,0.2208726853132248,0.36707503,0.8701453,0.9999862,0.9527272,0,0.36869552731513977,0.5781832,0.065345444,1.0988119e-05,0.035501264,0,0.410431832075119
TSBD_WSSV_7759b4323e,1,1,1,0.778492,0.014064655,0.10531418,0.13681647,4.64423e-05,0.029204207,0,0.2208726853132248,0.76130885,0.82108194,0.9999521,0.9614929,1,0.36869552731513977,0.13337693,0.042101577,1.4285139e-06,0.009302922,0,0.410431832075119
TSBD_WSSV_20ac0fab2b,1,0,0,0.8224525,0.013926487,0.81556207,0.90137774,0.9998447,0.9704278,0,0.2208726853132248,0.07084258,0.06833222,0.0001537714,0.022326386,0,0.36869552731513977,0.11359537,0.030290082,1.5111722e-06,0.0072457423,0,0.410431832075119
TSBD_WSSV_73ccea8db5,1,0,2,0.71838754,0.013651867,0.09021135,0.19225751,0.006360951,0.084364556,0,0.2208726853132248,0.13757041,0.17153557,0.002084511,0.07432087,0,0.36869552731513977,0.7722182,0.63620687,0.99155456,0.8413146,0,0.410431832075119
TSBD_WSSV_2ca61b4065,1,0,1,0.7089984,0.026280157,0.11000586,0.08282824,6.610883e-06,0.016267767,0,0.2208726853132248,0.69778347,0.8639453,0.9999893,0.96899194,0,0.36869552731513977,0.19221063,0.05322652,4.112745e-06,0.014740294,0,0.410431832075119
TSBD_WSSV_0168d43459,0,0,0,0.32049847,0.12463679,0.43509513,0.88132304,0.999943,0.94256747,0,0.2208726853132248,0.113102175,0.05212556,2.552902e-05,0.019874513,0,0.36869552731513977,0.45180273,0.06655146,3.1458658e-05,0.037558056,0,0.410431832075119
TSBD_WSSV_a270f6228b,1,0,0,0.42445937,0.08843221,0.508084,0.8830108,0.99935395,0.92294997,0,0.2208726853132248,0.41093677,0.08929509,0.00064492185,0.07031812,0,0.36869552731513977,0.08097929,0.027694058,1.2396779e-06,0.0067319153,0,0.410431832075119
TSBD_WSSV_3868efcb84,1,0,0,0.43505016,0.089206316,0.5429829,0.9029784,0.99997854,0.9622843,0,0.2208726853132248,0.27486715,0.039479375,6.818516e-06,0.01717406,0,0.36869552731513977,0.18214998,0.057542145,1.4691856e-05,0.020541606,0,0.410431832075119
TSBD_WSSV_98510bdd07,1,0,0,0.8484009,0.010392348,0.82133,0.91530764,0.99996626,0.97645706,0,0.2208726853132248,0.12243455,0.050117556,3.163672e-05,0.017087163,0,0.36869552731513977,0.05623552,0.03457476,2.1910384e-06,0.006455724,0,0.410431832075119
TSBD_WSSV_365b81a0b8,0,0,0,0.31196347,0.13683242,0.36858556,0.86131006,0.99788624,0.8756509,0,0.2208726853132248,0.54523253,0.11160044,0.0021123698,0.11684546,0,0.36869552731513977,0.08618189,0.027089417,1.4078798e-06,0.007503662,0,0.410431832075119
TSBD_WSSV_4c515e509e,1,0,1,0.40390274,0.08100431,0.13187343,0.34333447,0.007930806,0.14819269,0,0.2208726853132248,0.5509319,0.6092399,0.9920615,0.83115536,0,0.36869552731513977,0.31719464,0.04742565,7.713912e-06,0.020651923,0,0.410431832075119
TSBD_WSSV_d5dc5a32b7,1,0,0,0.36332962,0.10880491,0.47493672,0.89028007,0.9995567,0.9267567,0,0.2208726853132248,0.4610134,0.08182533,0.00044192543,0.0668442,0,0.36869552731513977,0.064049885,0.027894538,1.265625e-06,0.006399128,0,0.410431832075119
TSBD_WSSV_84d358870a,1,0,0,0.8195655,0.014189137,0.8004252,0.9134738,0.99995255,0.97363305,0,0.2208726853132248,0.1454451,0.05352846,4.553957e-05,0.02024928,0,0.36869552731513977,0.05412974,0.032997727,1.9195413e-06,0.0061176405,0,0.410431832075119
TSBD_WSSV_b95089e484,1,0,0,0.78348917,0.019283606,0.77375835,0.914125,0.99996173,0.97350526,0,0.2208726853132248,0.13568377,0.05150748,3.6131485e-05,0.018757747,0,0.36869552731513977,0.09055797,0.03436754,2.1753654e-06,0.0077370396,0,0.410431832075119
TSBD_WSSV_ef2d938994,1,0,0,0.44551063,0.082512915,0.522672,0.88119036,0.9999386,0.9495794,0,0.2208726853132248,0.2121343,0.03765289,4.276704e-06,0.014142303,0,0.36869552731513977,0.2651937,0.08115673,5.710065e-05,0.03627826,0,0.410431832075119
TSBD_WSSV_32049c3ecf,1,0,0,0.82717943,0.01350335,0.80941594,0.9160645,0.999977,0.9779984,0,0.2208726853132248,0.078217,0.04654617,2.0260428e-05,0.013006073,0,0.36869552731513977,0.112367,0.037389334,2.7846784e-06,0.008995565,0,0.410431832075119
TSBD_WSSV_8b8160f809,1,0,0,0.5552943,0.060152117,0.6290264,0.9066179,0.99988735,0.95726556,0,0.2208726853132248,0.3145327,0.063483655,0.000111240064,0.036753647,0,0.36869552731513977,0.056440882,0.029898494,1.3962718e-06,0.0059808264,0,0.410431832075119
TSBD_WSSV_cdf58b2135,1,0,1,0.4526292,0.08095739,0.06429123,0.062552825,2.907004e-06,0.010884081,0,0.2208726853132248,0.5405386,0.8661573,0.99997973,0.95795405,0,0.36869552731513977,0.39517018,0.07128982,1.736778e-05,0.031161921,0,0.410431832075119
TSBD_WSSV_aa863186fe,0,0,1,0.36271185,0.08669024,0.07392137,0.039989278,1.1174369e-05,0.011040873,0,0.2208726853132248,0.15877213,0.5486328,0.64182454,0.4196099,0,0.36869552731513977,0.76730657,0.41137788,0.35816434,0.56934917,0,0.410431832075119
TSBD_WSSV_dfb2880295,0,0,1,0.30923575,0.13801023,0.05473221,0.053774077,1.8040143e-06,0.009532269,0,0.2208726853132248,0.40557787,0.8659268,0.9999658,0.94513774,0,0.36869552731513977,0.5396899,0.08029909,3.243758e-05,0.045329977,0,0.410431832075119
TSBD_WSSV_baaf0baf99,0,0,0,0.074540965,0.32426864,0.12220128,0.63275784,0.55741805,0.572021,0,0.2208726853132248,0.10808727,0.32716385,0.44256535,0.38886914,0,0.36869552731513977,0.76971143,0.040078353,1.6523414e-05,0.03910989,0,0.410431832075119
TSBD_WSSV_24404c91af,0,0,0,0.21592765,0.1930052,0.23724411,0.8123147,0.9993895,0.8625829,0,0.2208726853132248,0.17406486,0.10130565,0.00048769984,0.066004604,0,0.36869552731513977,0.588691,0.086379655,0.00012269978,0.07141246,0,0.410431832075119
TSBD_WSSV_b7563199e4,1,0,1,0.587941,0.049296595,0.08895662,0.07532939,4.925501e-06,0.014088523,0,0.2208726853132248,0.6292338,0.8657227,0.99998856,0.96590084,0,0.36869552731513977,0.28180963,0.058947872,6.5717672e-06,0.020010617,0,0.410431832075119
TSBD_WSSV_11a594f754,1,0,1,0.7028023,0.028461957,0.0782893,0.07698064,5.25221e-06,0.013276679,0,0.2208726853132248,0.7077968,0.8665884,0.9999893,0.9701444,0,0.36869552731513977,0.21391389,0.056430962,5.523157e-06,0.016578972,0,0.410431832075119
TSBD_WSSV_fc31d39bad,1,0,1,0.4355285,0.087501094,0.058136147,0.069403596,3.6528172e-06,0.011528289,0,0.2208726853132248,0.5465148,0.8699165,0.99998856,0.96379715,0,0.36869552731513977,0.39534906,0.060679965,7.751346e-06,0.024674602,0,0.410431832075119
TSBD_WSSV_d6cd79daa1,0,0,1,0.17062695,0.23781241,0.073570415,0.08083725,6.499036e-06,0.019346578,0,0.2208726853132248,0.2549733,0.8604847,0.9999871,0.94442934,0,0.36869552731513977,0.6714563,0.05867803,6.416848e-06,0.036224086,0,0.410431832075119
TSBD_WSSV_02f81ef95e,0,0,1,0.13947465,0.27313316,0.05959137,0.06299123,2.7667074e-06,0.01442438,0,0.2208726853132248,0.20486711,0.869541,0.99998367,0.9362864,0,0.36869552731513977,0.7355415,0.06746784,1.3588061e-05,0.04928922,0,0.410431832075119
TSBD_WSSV_3b11acaec9,1,0,1,0.7679166,0.016958207,0.07445872,0.062033102,2.9125217e-06,0.010359654,0,0.2208726853132248,0.73423404,0.86579305,0.9999782,0.96720135,0,0.36869552731513977,0.19130717,0.07217388,1.8942284e-05,0.022439012,0,0.410431832075119
TSBD_WSSV_c286bccb7a,0,0,1,0.20629594,0.21083274,0.058026955,0.04438786,1.2829406e-06,0.009661146,0,0.2208726853132248,0.23511602,0.8423557,0.9998035,0.89382535,0,0.36869552731513977,0.7068571,0.113256425,0.00019531192,0.0965135,0,0.410431832075119
TSBD_WSSV_6aa52b5d04,1,1,1,0.83169985,0.007865196,0.122943364,0.0698473,3.7180914e-06,0.013475842,0,0.2208726853132248,0.7742282,0.86966497,0.9999887,0.9728353,1,0.36869552731513977,0.10282838,0.06048773,7.598799e-06,0.01368884,0,0.410431832075119
TSBD_WSSV_78ac1c210b,1,0,1,0.54403114,0.057771422,0.11027635,0.065875426,3.1645588e-06,0.013328912,0,0.2208726853132248,0.5883144,0.86908895,0.9999857,0.9624509,0,0.36869552731513977,0.3014092,0.06503559,1.1106638e-05,0.024220148,0,0.410431832075119
TSBD_WSSV_f4df9efeef,1,0,1,0.6026157,0.047692645,0.06937496,0.08466411,7.1916497e-06,0.014515295,0,0.2208726853132248,0.6586036,0.86249197,0.9999889,0.96868324,0,0.36869552731513977,0.2720214,0.05284391,3.9497136e-06,0.01680144,0,0.410431832075119
TSBD_WSSV_e332624690,1,0,1,0.7338079,0.019812265,0.13573876,0.10597567,1.755793e-05,0.02390254,0,0.2208726853132248,0.69791317,0.8414768,0.9999788,0.96240497,0,0.36869552731513977,0.16634803,0.052547555,3.6777178e-06,0.013692437,0,0.410431832075119
TSBD_WSSV_de8ce5aa48,1,0,1,0.6705184,0.033954933,0.068459354,0.06571236,3.1365207e-06,0.0107284365,0,0.2208726853132248,0.68396693,0.8692242,0.99998593,0.96777517,0,0.36869552731513977,0.24757372,0.06506349,1.0922328e-05,0.02149639,0,0.410431832075119
TSBD_WSSV_2847167d0b,1,0,1,0.6105489,0.044875097,0.085931405,0.0855265,7.7863015e-06,0.016030025,0,0.2208726853132248,0.64949393,0.85974944,0.9999875,0.96635574,0,0.36869552731513977,0.2645747,0.054724075,4.760061e-06,0.017614255,0,0.410431832075119
TSBD_WSSV_ea8e971d58,0,0,1,0.14005545,0.25697976,0.26628876,0.085094616,7.803317e-06,0.035302404,0,0.2208726853132248,0.1884818,0.8598531,0.99998736,0.93079305,0,0.36869552731513977,0.54522943,0.055052247,4.84658e-06,0.033904515,0,0.410431832075119
TSBD_WSSV_2cd19b2879,1,0,2,0.82873875,0.008152679,0.13048011,0.084,7.691967e-05,0.027211567,0,0.2208726853132248,0.09735603,0.04825785,1.4359883e-06,0.008632619,0,0.36869552731513977,0.7721639,0.8677421,0.9999217,0.9641558,0,0.410431832075119
TSBD_WSSV_f00fa9ceb8,1,0,2,0.41128433,0.09554569,0.07002596,0.053227138,1.0207254e-05,0.013477834,0,0.2208726853132248,0.40083948,0.058052223,2.523294e-06,0.019515943,0,0.36869552731513977,0.5291346,0.8887207,0.99998724,0.96700615,0,0.410431832075119
TSBD_WSSV_6678622b35,1,0,2,0.76042104,0.020355666,0.06593131,0.04831322,6.7096403e-06,0.010394387,0,0.2208726853132248,0.19012691,0.06364187,3.6686638e-06,0.015107707,0,0.36869552731513977,0.74394184,0.8880449,0.9999896,0.9744979,0,0.410431832075119
TSBD_WSSV_9ce26c2bf9,1,0,0,0.5380933,0.06412472,0.6198752,0.9062934,0.99995375,0.9624133,0,0.2208726853132248,0.30216432,0.054563377,4.229574e-05,0.028199283,0,0.36869552731513977,0.07796052,0.039143227,3.908705e-06,0.009387421,0,0.410431832075119
TSBD_WSSV_3319ef6f32,1,0,2,0.6241444,0.04491203,0.060857806,0.053754427,1.0997719e-05,0.012103484,0,0.2208726853132248,0.2678371,0.0569584,2.3137022e-06,0.01527812,0,0.36869552731513977,0.6713051,0.88928723,0.99998677,0.9726184,0,0.410431832075119
TSBD_WSSV_1bb255e74b,1,1,1,0.816972,0.010271834,0.08937456,0.06744857,3.2656399e-06,0.011577776,0,0.2208726853132248,0.76926696,0.8705018,0.9999881,0.97250354,1,0.36869552731513977,0.14135848,0.06204966,8.678916e-06,0.015918693,0,0.410431832075119
TSBD_WSSV_d45bc108bb,1,1,1,0.77284044,0.017213006,0.078906894,0.07405327,4.4846306e-06,0.012436932,0,0.2208726853132248,0.7496156,0.86885154,0.99998975,0.9723015,1,0.36869552731513977,0.1714775,0.0570952,5.7593465e-06,0.015261587,0,0.410431832075119
TSBD_WSSV_319f7dd222,1,0,1,0.59375125,0.047649782,0.082780026,0.15469275,8.145013e-05,0.033192795,0,0.2208726853132248,0.6752857,0.8039754,0.99991715,0.95499885,0,0.36869552731513977,0.24193428,0.041331857,1.3841372e-06,0.011808322,0,0.410431832075119
TSBD_WSSV_72962540b9,1,0,0,0.37429047,0.10539189,0.4882556,0.8839872,0.9998971,0.9460687,0,0.2208726853132248,0.13087825,0.0641107,9.0010944e-05,0.028437132,0,0.36869552731513977,0.38086617,0.05190217,1.2931973e-05,0.025494186,0,0.410431832075119
TSBD_WSSV_cbc299712b,1,0,1,0.6461999,0.03531075,0.29501894,0.095482476,1.0820317e-05,0.027822932,0,0.2208726853132248,0.6388453,0.8558859,0.9999865,0.9629779,0,0.36869552731513977,0.06613578,0.04863163,2.671138e-06,0.00919914,0,0.410431832075119
TSBD_WSSV_4852ce6b3e,1,0,1,0.38869914,0.099815086,0.060872212,0.06018001,2.3947184e-06,0.010361513,0,0.2208726853132248,0.49776438,0.8685767,0.99998057,0.9565162,0,0.36869552731513977,0.4413634,0.07124322,1.7067643e-05,0.033122268,0,0.410431832075119
TSBD_WSSV_51c0f376ed,0,0,1,0.22951837,0.18967187,0.059732452,0.060218718,2.4126696e-06,0.011864101,0,0.2208726853132248,0.3222686,0.8688446,0.99998045,0.9453248,0,0.36869552731513977,0.61799896,0.070936605,1.7107335e-05,0.042811092,0,0.410431832075119
TSBD_WSSV_27c4e89064,0,0,1,0.104530625,0.31985447,0.082095474,0.049397733,1.498405e-06,0.014841441,0,0.2208726853132248,0.11812329,0.8570616,0.9999262,0.88989127,0,0.36869552731513977,0.79978126,0.09354063,7.226305e-05,0.095267296,0,0.410431832075119
TSBD_WSSV_d31ea8472c,0,0,1,0.18603513,0.20558733,0.46229193,0.09118286,1.0510033e-05,0.04350037,0,0.2208726853132248,0.23532803,0.8503247,0.9999831,0.9287268,0,0.36869552731513977,0.30238006,0.058492422,6.3636803e-06,0.027772868,0,0.410431832075119
TSBD_WSSV_6fd089aca1,0,0,1,0.2317892,0.19001317,0.057572234,0.050276283,1.5955336e-06,0.010115676,0,0.2208726853132248,0.29265854,0.85700494,0.9999318,0.92424846,0,0.36869552731513977,0.64976925,0.09271879,6.6622524e-05,0.06563586,0,0.410431832075119
TSBD_WSSV_7131cb4d1e,0,0,1,0.1816925,0.2110035,0.27482373,0.14348066,6.101692e-05,0.06468894,0,0.2208726853132248,0.22150292,0.810294,0.9999367,0.910501,0,0.36869552731513977,0.5036733,0.046225373,2.2430017e-06,0.024810087,0,0.410431832075119
TSBD_WSSV_d1629a0715,1,1,1,0.83722955,0.00735919,0.100693494,0.07238787,4.082851e-06,0.012975974,0,0.2208726853132248,0.78211194,0.8693415,0.9999896,0.9734781,1,0.36869552731513977,0.11719456,0.058270693,6.323492e-06,0.013545933,0,0.410431832075119
TSBD_WSSV_8ecaf0ac01,1,0,1,0.66838336,0.028121978,0.21540444,0.12677078,3.405004e-05,0.035883993,0,0.2208726853132248,0.6322217,0.82887167,0.9999641,0.9530153,0,0.36869552731513977,0.15237385,0.04435761,1.8775413e-06,0.011100732,0,0.410431832075119
TSBD_WSSV_af3c48a08c,1,0,2,0.84097934,0.007417147,0.12043925,0.073786385,4.507607e-05,0.022293532,0,0.2208726853132248,0.09275557,0.04934703,1.4467531e-06,0.008533884,0,0.36869552731513977,0.78680515,0.8768666,0.9999535,0.96917254,0,0.410431832075119
TSBD_WSSV_3dae79f506,1,0,1,0.44685072,0.06924678,0.17641015,0.2812917,0.0015931518,0.110821486,0,0.2208726853132248,0.523994,0.68127745,0.9984053,0.87577,0,0.36869552731513977,0.2995958,0.0374309,1.5288502e-06,0.013408577,0,0.410431832075119
TSBD_WSSV_80515fe4b2,1,0,2,0.72113365,0.02355952,0.062825106,0.039261054,2.9595237e-06,0.008095252,0,0.2208726853132248,0.24420556,0.09381801,2.1894757e-05,0.028751997,0,0.36869552731513977,0.6929693,0.8669209,0.9999751,0.96315277,0,0.410431832075119
TSBD_WSSV_aee31f5ae6,1,0,2,0.84708047,0.0073528746,0.10025346,0.06570612,2.6540187e-05,0.01778038,0,0.2208726853132248,0.10263259,0.05094526,1.6334857e-06,0.009154245,0,0.36869552731513977,0.79711396,0.88334864,0.99997175,0.9730654,0,0.410431832075119
TSBD_WSSV_0ef579b068,1,0,2,0.7660673,0.019571807,0.07553058,0.06786289,3.0381936e-05,0.017107982,0,0.2208726853132248,0.17000504,0.05073424,1.5863119e-06,0.011046449,0,0.36869552731513977,0.75446445,0.88140285,0.99996805,0.97184557,0,0.410431832075119
TSBD_WSSV_f70db8236e,0,0,1,0.28004178,0.15587819,0.06596396,0.059267648,2.7583976e-06,0.012081625,0,0.2208726853132248,0.35263738,0.85340893,0.9999492,0.93336123,0,0.36869552731513977,0.58139867,0.087323375,4.8033206e-05,0.054557126,0,0.410431832075119
TSBD_WSSV_36e3c23fc4,1,0,1,0.49424878,0.061296057,0.085976586,0.10981535,4.7324e-05,0.027510908,0,0.2208726853132248,0.520699,0.79017806,0.9998523,0.9202926,0,0.36869552731513977,0.39332438,0.100006506,0.00010035607,0.052196503,0,0.410431832075119
TSBD_WSSV_7e34390794,1,1,2,0.852592,0.007289524,0.07853722,0.053043164,1.00600355e-05,0.012173887,0,0.2208726853132248,0.115529284,0.05725214,2.3501802e-06,0.010782474,0,0.36869552731513977,0.8059336,0.88970476,0.9999876,0.9770436,1,0.410431832075119
TSBD_WSSV_bd80b0d581,1,0,2,0.79424226,0.014808544,0.110157676,0.055613663,1.25211045e-05,0.014900893,0,0.2208726853132248,0.13119781,0.056305394,2.2642573e-06,0.0113149835,0,0.36869552731513977,0.75864446,0.8880809,0.9999852,0.9737841,0,0.410431832075119
TSBD_WSSV_a456bae923,1,0,2,0.7123159,0.026449496,0.0882843,0.044482656,4.7697276e-06,0.010582022,0,0.2208726853132248,0.21473555,0.07540008,8.346652e-06,0.020483827,0,0.36869552731513977,0.6969801,0.88011724,0.9999869,0.9689341,0,0.410431832075119
TSBD_WSSV_b6178797f6,1,1,2,0.85156,0.007384725,0.07769637,0.05213397,9.294731e-06,0.011851946,0,0.2208726853132248,0.11752362,0.05842604,2.5889199e-06,0.01116704,0,0.36869552731513977,0.80478007,0.88943994,0.9999881,0.976981,1,0.410431832075119
TSBD_WSSV_69762898eb,1,0,2,0.842022,0.008677634,0.07946963,0.0558459,1.2830678e-05,0.013169791,0,0.2208726853132248,0.12174845,0.05511368,2.0637617e-06,0.010546861,0,0.36869552731513977,0.79878193,0.88904047,0.9999851,0.9762834,0,0.410431832075119
TSBD_WSSV_a73de688c2,1,0,2,0.798377,0.014144275,0.073100716,0.04871023,6.8955633e-06,0.010790704,0,0.2208726853132248,0.16383335,0.06633201,4.7127182e-06,0.015240692,0,0.36869552731513977,0.76306593,0.8849578,0.9999883,0.97396857,0,0.410431832075119
TSBD_WSSV_03cb710db8,0,0,1,0.16774479,0.24449202,0.06590853,0.05134914,2.4318333e-06,0.013274939,0,0.2208726853132248,0.17827816,0.8303644,0.99975735,0.87299263,0,0.36869552731513977,0.75581324,0.11828639,0.00024027663,0.11373246,0,0.410431832075119
TSBD_WSSV_7f2c043791,1,0,2,0.62183464,0.022571087,0.09307837,0.24013267,0.01761857,0.11774947,0,0.2208726853132248,0.25846636,0.16503772,0.0033375537,0.10195397,0,0.36869552731513977,0.64845526,0.5948296,0.97904384,0.78029656,0,0.410431832075119
TSBD_WSSV_426ff318e2,1,0,2,0.8069062,0.013836434,0.06719976,0.052853417,9.9514e-06,0.011613687,0,0.2208726853132248,0.15421405,0.057229344,2.3473672e-06,0.012059233,0,0.36869552731513977,0.77858615,0.8899172,0.9999877,0.97632706,0,0.410431832075119
TSBD_WSSV_3cb87dc046,1,0,2,0.3900963,0.101658165,0.059347477,0.048120085,6.4130527e-06,0.011204433,0,0.2208726853132248,0.4297673,0.06433912,3.894483e-06,0.023108661,0,0.36869552731513977,0.51088524,0.8875408,0.9999896,0.9656869,0,0.410431832075119
TSBD_WSSV_4c414428d2,1,0,2,0.8215319,0.009970183,0.0879893,0.101111755,0.00020307656,0.031106293,0,0.2208726853132248,0.12007471,0.044073835,1.1303301e-06,0.008451535,0,0.36869552731513977,0.7919359,0.85481435,0.99979585,0.9604421,0,0.410431832075119
TSBD_WSSV_4896029d97,1,0,2,0.8018652,0.014184922,0.07415347,0.051642008,8.907257e-06,0.011675856,0,0.2208726853132248,0.1554179,0.05959626,2.7662347e-06,0.012770101,0,0.36869552731513977,0.7704287,0.88876176,0.9999883,0.97555405,0,0.410431832075119
TSBD_WSSV_c549f00277,1,0,2,0.78625906,0.016655505,0.06702713,0.051629234,8.844196e-06,0.01128928,0,0.2208726853132248,0.16979909,0.059688568,2.8244388e-06,0.013278796,0,0.36869552731513977,0.76317376,0.8886822,0.9999883,0.9754319,0,0.410431832075119
TSBD_WSSV_254bdb9f4d,0,0,2,0.23601413,0.13309151,0.08881723,0.40074188,0.29452094,0.2865296,0,0.2208726853132248,0.576741,0.13458417,0.002887549,0.13383804,0,0.36869552731513977,0.33444175,0.464674,0.7025915,0.57963234,0,0.410431832075119
TSBD_WSSV_b0447870c0,0,0,1,0.2849142,0.15596229,0.061585527,0.048804883,2.162448e-06,0.010475368,0,0.2208726853132248,0.30456603,0.82600635,0.9996424,0.8891072,0,0.36869552731513977,0.6338484,0.12518878,0.0003554492,0.10041741,0,0.410431832075119
TSBD_WSSV_754fa3c73d,1,0,2,0.84295195,0.007860353,0.104949504,0.06749073,2.978506e-05,0.01873427,0,0.2208726853132248,0.1014329,0.049256705,1.3612289e-06,0.008667468,0,0.36869552731513977,0.79361755,0.88325256,0.9999689,0.97259825,0,0.410431832075119
TSBD_WSSV_9937a0424b,1,0,2,0.7911852,0.006994107,0.1921656,0.16171697,0.0017445602,0.078961276,0,0.2208726853132248,0.09253848,0.040549655,1.2887689e-06,0.0077569764,0,0.36869552731513977,0.71529585,0.79773337,0.9982541,0.91328174,0,0.410431832075119
TSBD_WSSV_6fa84e41c3,1,0,2,0.8438367,0.008243125,0.099694125,0.055223696,1.2155974e-05,0.01403899,0,0.2208726853132248,0.10365796,0.05534183,2.0766909e-06,0.01000453,0,0.36869552731513977,0.79664797,0.8894344,0.9999858,0.9759565,0,0.410431832075119
TSBD_WSSV_577000701d,0,0,0,0.13525248,0.277045,0.23258883,0.9124383,0.99998534,0.94993985,0,0.2208726853132248,0.07618358,0.03815244,6.558085e-06,0.014157665,0,0.36869552731513977,0.69122756,0.049409326,8.104396e-06,0.035902545,0,0.410431832075119
TSBD_WSSV_7562704d32,1,0,2,0.8478307,0.004989436,0.075093344,0.048406765,6.157092e-06,0.010583202,0,0.2208726853132248,0.14153759,0.09196537,2.0710328e-05,0.022477457,0,0.36869552731513977,0.78336906,0.8596278,0.99997306,0.96693933,0,0.410431832075119
TSBD_WSSV_ab987277c7,1,0,2,0.4234846,0.09122201,0.07116583,0.051368047,8.669746e-06,0.012889724,0,0.2208726853132248,0.39747724,0.06254536,3.5752205e-06,0.021539876,0,0.36869552731513977,0.53135693,0.8860866,0.9999877,0.9655704,0,0.410431832075119
TSBD_WSSV_1beeeafcb8,1,0,2,0.553546,0.05975271,0.0602324,0.053805802,1.0873441e-05,0.012293157,0,0.2208726853132248,0.31013337,0.05620665,2.1751193e-06,0.016125737,0,0.36869552731513977,0.6296342,0.8899876,0.999987,0.9715811,0,0.410431832075119
TSBD_WSSV_e7254cc0d4,1,0,2,0.83704495,0.0028045475,0.07039285,0.09367496,0.00012821509,0.025811585,0,0.2208726853132248,0.15243827,0.10800193,7.375958e-05,0.03228881,0,0.36869552731513977,0.7771688,0.79832315,0.999798,0.9418996,0,0.410431832075119
TSBD_WSSV_b5a8a126ab,1,0,2,0.49043724,0.074076116,0.05944051,0.050532725,8.115655e-06,0.011498387,0,0.2208726853132248,0.35654572,0.06078022,3.0941785e-06,0.019287592,0,0.36869552731513977,0.5840139,0.8886871,0.9999888,0.9692141,0,0.410431832075119
TSBD_WSSV_13e41ad5ef,1,0,2,0.8424743,0.0060501955,0.071961135,0.055841062,1.2293766e-05,0.012762078,0,0.2208726853132248,0.14559594,0.081618205,1.3289512e-05,0.019677911,0,0.36869552731513977,0.7824429,0.8625407,0.9999745,0.96756005,0,0.410431832075119
TSBD_WSSV_5dd3dca816,1,0,2,0.841281,0.0076434184,0.07267295,0.051135086,8.949143e-06,0.011484556,0,0.2208726853132248,0.13756818,0.07039831,6.2413037e-06,0.015427419,0,0.36869552731513977,0.7897588,0.87846667,0.99998486,0.973088,0,0.410431832075119
TSBD_WSSV_084f7a072a,1,0,2,0.8266641,0.011011806,0.07217108,0.057558384,1.4641114e-05,0.013290326,0,0.2208726853132248,0.13568157,0.05357675,1.8335172e-06,0.010593113,0,0.36869552731513977,0.7921474,0.8888649,0.99998355,0.97611654,0,0.410431832075119
TSBD_WSSV_7d1aec7b17,1,0,2,0.84523314,0.008202363,0.07885728,0.05560692,1.2738005e-05,0.013081222,0,0.2208726853132248,0.12039146,0.055840243,2.18352e-06,0.010680503,0,0.36869552731513977,0.8007512,0.88855284,0.9999851,0.9762383,0,0.410431832075119
TSBD_WSSV_93545fad41,1,0,2,0.8278981,0.0077646533,0.07852225,0.11810966,0.00035048916,0.03583481,0,0.2208726853132248,0.11849524,0.05619255,3.5898418e-06,0.011851141,0,0.36869552731513977,0.80298257,0.82569784,0.99964595,0.9523141,0,0.410431832075119
TSBD_WSSV_ef783ed00d,1,1,2,0.852978,0.0070018023,0.09858533,0.057023317,1.4151145e-05,0.014586346,0,0.2208726853132248,0.09788225,0.054524697,1.960704e-06,0.009603421,0,0.36869552731513977,0.80353236,0.888452,0.9999839,0.9758102,1,0.410431832075119
TSBD_WSSV_8b081aa68f,0,0,0,0.0774687,0.35316575,0.08877174,0.8738999,0.9999099,0.8768598,0,0.2208726853132248,0.2896227,0.038885377,5.4683182e-06,0.028973442,0,0.36869552731513977,0.6216056,0.08721473,8.4642925e-05,0.0941668,0,0.410431832075119
TSBD_WSSV_6afbaad0ae,1,0,2,0.83550745,0.009037387,0.09916549,0.06283225,2.1745174e-05,0.016732857,0,0.2208726853132248,0.11157172,0.05177249,1.6686847e-06,0.009564287,0,0.36869552731513977,0.78926283,0.88539535,0.99997663,0.97370285,0,0.410431832075119
TSBD_WSSV_9223e4a32b,1,0,2,0.8265898,0.010670398,0.08013702,0.053324364,1.0581034e-05,0.012510805,0,0.2208726853132248,0.13348737,0.057622544,2.4745707e-06,0.011582227,0,0.36869552731513977,0.78637564,0.8890531,0.9999869,0.97590697,0,0.410431832075119
TSBD_WSSV_98ea43065f,1,1,2,0.8545385,0.006527544,0.07798012,0.047959946,6.3012453e-06,0.010594578,0,0.2208726853132248,0.11889177,0.066695854,4.5251754e-06,0.013331622,0,0.36869552731513977,0.8031281,0.8853442,0.99998915,0.97607374,1,0.410431832075119
TSBD_WSSV_eb247f0a00,1,1,2,0.84977645,0.0068815555,0.11023865,0.06595578,2.6610214e-05,0.018417547,0,0.2208726853132248,0.092185766,0.051112957,1.5869776e-06,0.008776608,0,0.36869552731513977,0.7975756,0.88293123,0.99997187,0.9728059,1,0.410431832075119
TSBD_WSSV_97fa50601b,1,0,2,0.8433459,0.008217154,0.120241694,0.060136918,1.7796468e-05,0.016803693,0,0.2208726853132248,0.08356349,0.05193152,1.6297919e-06,0.008585814,0,0.36869552731513977,0.79619485,0.8879315,0.99998057,0.9746105,0,0.410431832075119
TSBD_WSSV_8b6c4507a2,1,1,2,0.85443074,0.0067983633,0.10011291,0.058497403,1.6039981e-05,0.015201822,0,0.2208726853132248,0.09528267,0.053313065,1.7906364e-06,0.009242795,0,0.36869552731513977,0.80460435,0.8881896,0.9999821,0.97555536,1,0.410431832075119
TSBD_WSSV_5c925439ac,1,0,2,0.8301315,0.010328623,0.078509055,0.055086073,1.1955208e-05,0.012892337,0,0.2208726853132248,0.1307726,0.05542997,2.0726138e-06,0.010886773,0,0.36869552731513977,0.7907184,0.8894839,0.99998605,0.97622097,0,0.410431832075119
TSBD_WSSV_1d810bc413,1,0,2,0.83239573,0.007588841,0.10636708,0.09339389,0.00012216905,0.029088486,0,0.2208726853132248,0.11160327,0.048115052,1.4757256e-06,0.009074393,0,0.36869552731513977,0.7820297,0.8584911,0.9998764,0.9618372,0,0.410431832075119
TSBD_WSSV_26de7fcd80,0,0,0,0.2219603,0.15185577,0.07758101,0.5513247,0.89180285,0.43646762,0,0.2208726853132248,0.46360922,0.14670637,0.0052203713,0.16085924,0,0.36869552731513977,0.45880982,0.3019689,0.10297677,0.4026732,0,0.410431832075119
TSBD_WSSV_8aa47f5a65,1,0,1,0.6318073,0.039643127,0.08578423,0.09772105,1.4003908e-05,0.019095844,0,0.2208726853132248,0.6595618,0.84497315,0.99998,0.96231836,0,0.36869552731513977,0.25465393,0.057305846,6.0539473e-06,0.018585818,0,0.410431832075119
TSBD_WSSV_d889bfa7f2,1,0,2,0.8229717,0.0030653174,0.06303005,0.031506706,1.3936981e-06,0.0061478247,0,0.2208726853132248,0.1708703,0.19428994,0.00082862965,0.07090432,0,0.36869552731513977,0.76609963,0.77420336,0.99916995,0.9229479,0,0.410431832075119
TSBD_WSSV_8a85146e3e,0,0,1,0.17490506,0.23319978,0.06915929,0.091119125,9.804919e-06,0.0214827,0,0.2208726853132248,0.26511297,0.8524417,0.9999844,0.9441188,0,0.36869552731513977,0.66572773,0.05643914,5.764096e-06,0.03439849,0,0.410431832075119
TSBD_WSSV_439d0a5c3f,1,1,2,0.85691386,0.006722306,0.08474861,0.05512486,1.201038e-05,0.013160231,0,0.2208726853132248,0.106417455,0.05496226,1.9831125e-06,0.009927787,0,0.36869552731513977,0.8088339,0.8899129,0.99998593,0.97691196,1,0.410431832075119
TSBD_WSSV_3f0184301c,1,0,2,0.8486822,0.007895792,0.077361286,0.05489387,1.1832537e-05,0.012709159,0,0.2208726853132248,0.11822275,0.05520316,2.0248974e-06,0.010383454,0,0.36869552731513977,0.80441594,0.88990295,0.9999862,0.9769074,0,0.410431832075119
TSBD_WSSV_00abe397a8,1,1,2,0.85941553,0.0061883256,0.095011584,0.05930761,1.6887883e-05,0.015148997,0,0.2208726853132248,0.09594338,0.052726608,1.743732e-06,0.009155079,0,0.36869552731513977,0.80904496,0.88796574,0.9999813,0.9756959,1,0.410431832075119
TSBD_WSSV_f49daeee4d,1,0,2,0.84008056,0.007830763,0.10775343,0.07093552,3.7366528e-05,0.02028126,0,0.2208726853132248,0.103314295,0.050128702,1.4993578e-06,0.008985347,0,0.36869552731513977,0.7889322,0.8789358,0.99996114,0.9707334,0,0.410431832075119
TSBD_WSSV_e3a3f70bef,0,0,0,0.34892964,0.1222744,0.26484573,0.748635,0.99450326,0.7746249,0,0.2208726853132248,0.076891646,0.03100577,1.4259939e-06,0.008130765,0,0.36869552731513977,0.6582626,0.22035927,0.0054953224,0.21724439,0,0.410431832075119
TSBD_WSSV_4c6acaba53,1,0,2,0.8188166,0.011681235,0.092215315,0.055255998,1.2164904e-05,0.013762777,0,0.2208726853132248,0.12831499,0.055074573,2.0146608e-06,0.010767079,0,0.36869552731513977,0.7794697,0.88966936,0.9999858,0.9754701,0,0.410431832075119
TSBD_WSSV_1a5ee9d7a4,1,0,2,0.827612,0.010656496,0.07566241,0.054553382,1.1629132e-05,0.012611494,0,0.2208726853132248,0.13516183,0.056503806,2.263879e-06,0.011315765,0,0.36869552731513977,0.7891757,0.88894284,0.99998605,0.9760727,0,0.410431832075119
TSBD_WSSV_1d745dbab2,1,1,0,0.8769258,0.0067853993,0.84203696,0.917279,0.99998426,0.9802312,1,0.2208726853132248,0.08020212,0.042235617,1.2062852e-05,0.011185333,0,0.36869552731513977,0.077760875,0.04048541,3.726893e-06,0.008583382,0,0.410431832075119
TSBD_WSSV_04529c8937,1,0,2,0.84246147,0.008381452,0.08384414,0.05772508,1.4814554e-05,0.014030246,0,0.2208726853132248,0.11902789,0.055262372,2.108616e-06,0.010530963,0,0.36869552731513977,0.79712796,0.88701254,0.9999831,0.9754388,0,0.410431832075119
TSBD_WSSV_eb7b8b7c67,1,1,2,0.85408384,0.0070347013,0.08571213,0.056016374,1.3051959e-05,0.013543559,0,0.2208726853132248,0.10792287,0.054620966,2.0060927e-06,0.00998074,0,0.36869552731513977,0.8063651,0.88936263,0.999985,0.97647566,1,0.410431832075119
TSBD_WSSV_4c43a3a8a6,1,0,2,0.54941785,0.043896507,0.12287002,0.36420658,0.14940578,0.22595394,0,0.2208726853132248,0.09405434,0.03674191,3.482237e-06,0.008681822,0,0.36869552731513977,0.7830757,0.5990515,0.85059077,0.7653643,0,0.410431832075119
TSBD_WSSV_417fc1cab3,1,1,2,0.8601751,0.006097126,0.0927739,0.059529036,1.7400522e-05,0.015134056,0,0.2208726853132248,0.09734614,0.05268713,1.7508797e-06,0.009203343,0,0.36869552731513977,0.80987996,0.8877838,0.9999808,0.9756626,1,0.410431832075119
TSBD_WSSV_59c834cf6e,0,0,1,0.17005338,0.23748404,0.07926341,0.10029958,1.5733882e-05,0.026572855,0,0.2208726853132248,0.24248898,0.8377962,0.9999753,0.9329604,0,0.36869552731513977,0.6782476,0.061904196,8.915385e-06,0.040466793,0,0.410431832075119
TSBD_WSSV_97681928ee,1,0,2,0.82365936,0.01142209,0.070495375,0.0545907,1.1399783e-05,0.012258263,0,0.2208726853132248,0.14022873,0.05573508,2.1167466e-06,0.011240214,0,0.36869552731513977,0.7892759,0.8896742,0.9999864,0.9765015,0,0.410431832075119
TSBD_WSSV_0c09630268,1,0,2,0.7802272,0.0070036296,0.1730069,0.2165965,0.008146262,0.115784265,0,0.2208726853132248,0.08950816,0.036446262,1.1964913e-06,0.0070561897,0,0.36869552731513977,0.73748493,0.74695724,0.9918526,0.87715954,0,0.410431832075119
TSBD_WSSV_919a1fc43f,1,0,2,0.82990897,0.009370023,0.10854696,0.071024485,3.830369e-05,0.020482887,0,0.2208726853132248,0.10862288,0.048275657,1.329416e-06,0.008792764,0,0.36869552731513977,0.7828302,0.88069993,0.9999604,0.97072434,0,0.410431832075119
TSBD_WSSV_df52a25a1c,1,0,2,0.48479855,0.009373142,0.38114157,0.46153358,0.47412017,0.45403567,0,0.2208726853132248,0.09827617,0.036440417,4.8049037e-06,0.009037469,0,0.36869552731513977,0.52058226,0.502026,0.525875,0.53692687,0,0.410431832075119
TSBD_WSSV_b6df8b235a,1,1,2,0.858778,0.006391857,0.0914865,0.057227995,1.4350639e-05,0.014238546,0,0.2208726853132248,0.09914767,0.05352205,1.8350239e-06,0.009418022,0,0.36869552731513977,0.8093658,0.88925,0.9999839,0.97634345,1,0.410431832075119
TSBD_WSSV_66dac7b3cb,1,0,2,0.83295923,0.009953233,0.07318486,0.052061234,9.254107e-06,0.011645087,0,0.2208726853132248,0.13408118,0.058324363,2.566902e-06,0.011721689,0,0.36869552731513977,0.7927339,0.88961434,0.9999881,0.9766332,0,0.410431832075119
TSBD_WSSV_cb728bde71,1,0,0,0.6553518,0.03612815,0.6587441,0.88013506,0.9999137,0.95488685,0,0.2208726853132248,0.07071441,0.031924173,2.0006044e-06,0.00712484,0,0.36869552731513977,0.27054155,0.08794076,8.425715e-05,0.03798833,0,0.410431832075119
TSBD_WSSV_11dccea294,1,0,0,0.6334383,0.04203417,0.65872127,0.89440125,0.999961,0.9627852,0,0.2208726853132248,0.09058651,0.034384433,3.2343748e-06,0.008853008,0,0.36869552731513977,0.25069216,0.0712144,3.5720015e-05,0.028361853,0,0.410431832075119
TSBD_WSSV_6c97d0a038,1,0,0,0.81115544,0.015248064,0.7935285,0.9124283,0.9999863,0.9774448,0,0.2208726853132248,0.06322299,0.036373224,4.9391588e-06,0.008213833,0,0.36869552731513977,0.1432485,0.051198404,8.875128e-06,0.014341315,0,0.410431832075119
TSBD_WSSV_7930144273,1,0,0,0.6935035,0.013794172,0.7355395,0.6323794,0.94488037,0.7834302,0,0.2208726853132248,0.069367155,0.035317782,3.7567272e-06,0.0077827955,0,0.36869552731513977,0.19509332,0.33230272,0.055115893,0.20878695,0,0.410431832075119
TSBD_WSSV_46e8a68895,1,0,1,0.7039969,0.008954519,0.074820876,0.040659424,3.3809345e-06,0.008770146,0,0.2208726853132248,0.5920098,0.7154882,0.9852782,0.8142673,0,0.36869552731513977,0.33316934,0.24385245,0.014718473,0.17696258,0,0.410431832075119
TSBD_WSSV_68675dc12f,1,0,2,0.60247517,0.02806412,0.057212032,0.030022739,1.2657597e-06,0.0062065213,0,0.2208726853132248,0.4263817,0.22621658,0.0019434656,0.13492292,0,0.36869552731513977,0.51640624,0.7437606,0.9980552,0.85887057,0,0.410431832075119
TSBD_WSSV_33b5dd7e52,0,0,0,0.21050921,0.1951684,0.32064065,0.90231454,0.9998734,0.9321642,0,0.2208726853132248,0.51253265,0.06554452,0.00012472912,0.055914346,0,0.36869552731513977,0.1668267,0.032140967,1.9469474e-06,0.011921369,0,0.410431832075119
TSBD_WSSV_eaf8feba8d,1,0,2,0.83599466,0.009673397,0.073233806,0.05516633,1.2072689e-05,0.012584694,0,0.2208726853132248,0.12985922,0.05515919,2.0597367e-06,0.010796562,0,0.36869552731513977,0.7969069,0.8896745,0.99998593,0.97661877,0,0.410431832075119
TSBD_WSSV_a092abcd48,1,1,0,0.8545943,0.00935386,0.82300794,0.91438407,0.9999857,0.97892964,1,0.2208726853132248,0.085878,0.039454326,8.05235e-06,0.0103309285,0,0.36869552731513977,0.091114044,0.046161633,6.190471e-06,0.010739387,0,0.410431832075119
TSBD_WSSV_8c4a48a3c8,0,0,0,0.486615,0.030339506,0.3785628,0.6190286,0.37967616,0.5024151,0,0.2208726853132248,0.55049765,0.352993,0.62032026,0.49073192,0,0.36869552731513977,0.07093949,0.027978415,3.5658068e-06,0.0068529043,0,0.410431832075119
TSBD_WSSV_36e8b7c576,1,0,1,0.5742404,0.012364598,0.30705974,0.45332205,0.10185875,0.32851964,0,0.2208726853132248,0.57110584,0.4728142,0.8979904,0.6429342,0,0.36869552731513977,0.12183446,0.073863745,0.00015080601,0.028546179,0,0.410431832075119
TSBD_WSSV_f62b02d7ce,1,0,0,0.83927226,0.011719829,0.81622183,0.9156135,0.99996614,0.9762224,0,0.2208726853132248,0.13042824,0.050151527,3.16846e-05,0.017511597,0,0.36869552731513977,0.053349994,0.034234975,2.0973534e-06,0.0062660114,0,0.410431832075119
TSBD_WSSV_7b5c5d4331,0,0,1,0.3092496,0.13473496,0.06006267,0.06933111,3.666442e-06,0.012553559,0,0.2208726853132248,0.43568587,0.8681183,0.9999875,0.95732355,0,0.36869552731513977,0.5042514,0.06255055,8.879508e-06,0.03012291,0,0.410431832075119
TSBD_WSSV_1115f3a7b9,0,0,1,0.41880453,0.08838222,0.07710978,0.06796134,2.1601607e-05,0.019138757,0,0.2208726853132248,0.3284492,0.7273401,0.9950984,0.7909141,0,0.36869552731513977,0.594441,0.20469853,0.004879929,0.18994714,0,0.410431832075119
TSBD_WSSV_8b19cf1542,0,0,1,0.44091243,0.077552214,0.7730875,0.43152592,0.022968085,0.41967738,0,0.2208726853132248,0.16639355,0.5352178,0.9770298,0.57184136,0,0.36869552731513977,0.060518946,0.033256233,2.13544e-06,0.008481248,0,0.410431832075119
TSBD_WSSV_e980aeec5d,1,1,0,0.8612632,0.008754051,0.8306592,0.91629094,0.9999726,0.97788745,1,0.2208726853132248,0.10971524,0.04813289,2.5001695e-05,0.015359051,0,0.36869552731513977,0.059625536,0.035576094,2.3585153e-06,0.0067534912,0,0.410431832075119
TSBD_WSSV_78620c7961,1,1,1,0.8311242,0.0052447766,0.1429536,0.12675993,3.2400272e-05,0.029027307,0,0.2208726853132248,0.7673145,0.83098763,0.99996614,0.9629243,1,0.36869552731513977,0.08973193,0.042252485,1.4208196e-06,0.008048401,0,0.410431832075119
TSBD_WSSV_5cfa598cc4,1,0,1,0.6528628,0.026177092,0.15738565,0.3347377,0.0044784476,0.12782967,0,0.2208726853132248,0.74785334,0.6309146,0.9955201,0.8645374,0,0.36869552731513977,0.09476107,0.03434767,1.3861488e-06,0.0076328632,0,0.410431832075119
TSBD_WSSV_2ab0d58abb,1,0,0,0.6845419,0.027377058,0.6530854,0.8524419,0.99622947,0.9016212,0,0.2208726853132248,0.29488838,0.12240751,0.0037692804,0.09342413,0,0.36869552731513977,0.052026123,0.025150556,1.1585009e-06,0.0049546966,0,0.410431832075119
TSBD_WSSV_d63f9ec96f,0,0,0,0.26668692,0.091344364,0.095631905,0.38745922,0.45583895,0.27323952,0,0.2208726853132248,0.66738236,0.28210005,0.19939923,0.39630166,0,0.36869552731513977,0.23698573,0.3304408,0.34476188,0.33045882,0,0.410431832075119
TSBD_WSSV_c6d6c44306,1,0,0,0.75508076,0.024145402,0.7639965,0.91331387,0.99998415,0.9759533,0,0.2208726853132248,0.16419446,0.042394895,1.083976e-05,0.014545875,0,0.36869552731513977,0.07180906,0.044291172,4.9652463e-06,0.009500864,0,0.410431832075119
TSBD_WSSV_0e98c598e2,1,0,0,0.8368699,0.01190348,0.8123006,0.91551185,0.9999665,0.97607833,0,0.2208726853132248,0.124596976,0.049974952,3.140116e-05,0.01720257,0,0.36869552731513977,0.06310239,0.03451326,2.1592703e-06,0.006719068,0,0.410431832075119
TSBD_WSSV_0e0b18da56,0,0,0,0.19321613,0.2009328,0.32107994,0.90828985,0.99997973,0.95038205,0,0.2208726853132248,0.23715173,0.043848626,1.2733043e-05,0.022935605,0,0.36869552731513977,0.4417684,0.047861498,7.501299e-06,0.026682327,0,0.410431832075119
TSBD_WSSV_0e04e30a96,1,1,0,0.8792707,0.006455846,0.8436126,0.9168729,0.9999777,0.97941303,1,0.2208726853132248,0.08601073,0.045999818,1.952099e-05,0.01309823,0,0.36869552731513977,0.070376635,0.037127245,2.7436529e-06,0.0074886982,0,0.410431832075119
TSBD_WSSV_b14315239e,1,1,0,0.8743069,0.0071881246,0.84145296,0.9170785,0.99997866,0.97969115,1,0.2208726853132248,0.074317046,0.045538258,1.8441238e-05,0.012261851,0,0.36869552731513977,0.08422996,0.0373832,2.8109487e-06,0.0080470415,0,0.410431832075119
TSBD_WSSV_ad26e82e3c,0,0,0,0.18014124,0.21963233,0.24777329,0.8552103,0.99947935,0.89631987,0,0.2208726853132248,0.19926532,0.093113065,0.00050534547,0.06710114,0,0.36869552731513977,0.5529614,0.05167661,1.5337526e-05,0.036579087,0,0.410431832075119
TSBD_WSSV_cda41068f5,1,0,0,0.8416782,0.011089363,0.8143279,0.9140608,0.9999652,0.9758288,0,0.2208726853132248,0.12208736,0.05080937,3.2523767e-05,0.01732239,0,0.36869552731513977,0.06358485,0.035129867,2.257588e-06,0.0068488093,0,0.410431832075119
TSBD_WSSV_f51f241a0d,0,0,0,0.13223045,0.27079603,0.1906096,0.87485653,0.99984205,0.9067963,0,0.2208726853132248,0.21478271,0.07301983,0.00014427949,0.052746087,0,0.36869552731513977,0.5946077,0.052123643,1.3764599e-05,0.040457606,0,0.410431832075119
TSBD_WSSV_2578508dff,1,0,0,0.41606858,0.09452899,0.529036,0.9018859,0.99983,0.94582796,0,0.2208726853132248,0.40853545,0.06906397,0.00016865077,0.047838777,0,0.36869552731513977,0.06242861,0.029050115,1.288828e-06,0.006333282,0,0.410431832075119
TSBD_WSSV_45511a46f0,1,1,0,0.87700534,0.006833759,0.8431567,0.91720253,0.99997795,0.9793556,1,0.2208726853132248,0.09719275,0.045885827,1.9265271e-05,0.013619065,0,0.36869552731513977,0.059650663,0.03691169,2.6980945e-06,0.0070253084,0,0.410431832075119
TSBD_WSSV_87146ab98c,0,0,0,0.31139272,0.1385696,0.3744476,0.86678755,0.99820566,0.8817077,0,0.2208726853132248,0.55768985,0.107365415,0.0017933189,0.11183844,0,0.36869552731513977,0.067862496,0.02584701,1.1276371e-06,0.006453897,0,0.410431832075119
TSBD_WSSV_e143d38f01,0,0,1,0.1724638,0.23874184,0.06867596,0.056121938,2.3934635e-06,0.01343023,0,0.2208726853132248,0.22199444,0.8569453,0.99994934,0.919033,0,0.36869552731513977,0.7093296,0.08693275,4.8319398e-05,0.067536816,0,0.410431832075119
TSBD_WSSV_ea73217725,1,0,1,0.43761262,0.075707294,0.11565945,0.4277805,0.024190867,0.18262394,0,0.2208726853132248,0.7271199,0.5368898,0.9758061,0.8063948,0,0.36869552731513977,0.15722065,0.035329733,3.0390452e-06,0.010981296,0,0.410431832075119
TSBD_WSSV_7568f33745,0,0,1,0.09523663,0.3130256,0.35260087,0.12962337,4.4873046e-05,0.08168186,0,0.2208726853132248,0.09648579,0.820834,0.99995196,0.8819515,0,0.36869552731513977,0.55091333,0.049542718,3.1300824e-06,0.03636664,0,0.410431832075119
TSBD_WSSV_c0b728f042,0,0,1,0.14600441,0.26484415,0.0780752,0.06315966,2.8724828e-06,0.015969077,0,0.2208726853132248,0.20439208,0.86630625,0.99998105,0.9325322,0,0.36869552731513977,0.7175327,0.07053415,1.611044e-05,0.051498752,0,0.410431832075119
TSBD_WSSV_7555e38281,0,0,1,0.20154908,0.16149577,0.43848,0.46227643,0.07377235,0.47820503,0,0.2208726853132248,0.100143515,0.48430386,0.9261974,0.4830688,0,0.36869552731513977,0.46137655,0.053419665,3.0189905e-05,0.038726162,0,0.410431832075119
TSBD_WSSV_d921343af4,0,0,0,0.07764163,0.36604643,0.12909223,0.90937394,0.99997985,0.9352163,0,0.2208726853132248,0.09289084,0.04448913,1.3696607e-05,0.022829268,0,0.36869552731513977,0.7780169,0.04613695,6.4154187e-06,0.041954428,0,0.410431832075119
TSBD_WSSV_94a3c39469,1,1,0,0.8773029,0.0066371495,0.84160686,0.9162214,0.99997354,0.97869056,1,0.2208726853132248,0.09128032,0.04764331,2.3961647e-05,0.014161052,0,0.36869552731513977,0.067112826,0.036135264,2.5060933e-06,0.007148415,0,0.410431832075119
TSBD_WSSV_65692fdd3f,0,0,1,0.44847468,0.04556056,0.07623212,0.05803165,6.450675e-05,0.017900812,0,0.2208726853132248,0.24046884,0.5302704,0.61921227,0.45322767,0,0.36869552731513977,0.68329895,0.411698,0.3807232,0.52887154,0,0.410431832075119
TSBD_WSSV_0464ee44c0,0,0,0,0.059366122,0.38742438,0.09143517,0.9031354,0.9998684,0.8988164,0,0.2208726853132248,0.3714764,0.06536464,0.00012988623,0.07521368,0,0.36869552731513977,0.53708845,0.03150002,1.728031e-06,0.0259699,0,0.410431832075119
TSBD_WSSV_51f7222cef,0,0,1,0.1732819,0.23474693,0.08154587,0.08088468,6.395756e-06,0.019916475,0,0.2208726853132248,0.25802004,0.8618295,0.9999877,0.9451938,0,0.36869552731513977,0.66043407,0.057285823,5.897432e-06,0.034889735,0,0.410431832075119
TSBD_WSSV_148921b882,0,0,1,0.122713655,0.29234672,0.09494521,0.0671842,3.9400434e-06,0.020181915,0,0.2208726853132248,0.16028889,0.858936,0.9999751,0.9193327,0,0.36869552731513977,0.74476594,0.07387975,2.0924443e-05,0.060485378,0,0.410431832075119
TSBD_WSSV_49f573118f,0,0,0,0.18185012,0.22179884,0.28015178,0.86434835,0.9993149,0.91229105,0,0.2208726853132248,0.13199379,0.09456288,0.000678616,0.06021271,0,0.36869552731513977,0.58785444,0.04108879,6.4386027e-06,0.027496245,0,0.410431832075119
TSBD_WSSV_f7bb98aadd,0,0,1,0.46265963,0.042878967,0.47876215,0.436199,0.04359208,0.36360833,0,0.2208726853132248,0.2965904,0.50988877,0.9563822,0.61178315,0,0.36869552731513977,0.22464748,0.053912215,2.5688978e-05,0.02460857,0,0.410431832075119
TSBD_WSSV_32f477127b,0,0,1,0.30191648,0.1398523,0.06164998,0.06570027,3.1459397e-06,0.012127422,0,0.2208726853132248,0.41849914,0.8680201,0.9999851,0.9544802,0,0.36869552731513977,0.51985085,0.06627958,1.16994015e-05,0.033392414,0,0.410431832075119
TSBD_WSSV_6532d5dd16,1,0,0,0.85142785,0.010242653,0.8262648,0.9168551,0.99997723,0.97826934,0,0.2208726853132248,0.11801227,0.04628921,2.0044012e-05,0.014841259,0,0.36869552731513977,0.055722952,0.036855716,2.682524e-06,0.0068893977,0,0.410431832075119
TSBD_WSSV_399a1e23cc,1,0,2,0.81022596,0.008361638,0.07499729,0.029787477,1.0281303e-06,0.0059448313,0,0.2208726853132248,0.12272853,0.1860511,0.0006474963,0.05846038,0,0.36869552731513977,0.8022742,0.78416145,0.99935144,0.93559474,0,0.410431832075119
TSBD_WSSV_c07e032039,1,0,2,0.8325564,0.004685841,0.073751956,0.03144731,1.214753e-06,0.006286398,0,0.2208726853132248,0.1433667,0.15877171,0.0002791877,0.04877028,0,0.36869552731513977,0.78288126,0.809781,0.99971956,0.9449433,0,0.410431832075119
TSBD_WSSV_a3b514246a,0,0,1,0.43248853,0.07255113,0.0623568,0.0346478,5.3464178e-06,0.008509029,0,0.2208726853132248,0.22702317,0.59667057,0.8141845,0.52366513,0,0.36869552731513977,0.71062005,0.3686816,0.18581021,0.4678258,0,0.410431832075119
TSBD_WSSV_9e8ca9f55f,0,0,1,0.48687488,0.059164993,0.058199316,0.032423876,2.8890738e-06,0.0072380225,0,0.2208726853132248,0.3080206,0.6480861,0.9174478,0.6289435,0,0.36869552731513977,0.63378006,0.31949008,0.08254933,0.36381847,0,0.410431832075119
TSBD_WSSV_978efa34a6,0,0,1,0.341285,0.12655726,0.06885452,0.03692899,1.9165232e-06,0.008925436,0,0.2208726853132248,0.25023502,0.74010617,0.9913565,0.7505596,0,0.36869552731513977,0.6809104,0.22296488,0.008641629,0.240515,0,0.410431832075119
TSBD_WSSV_4575fa460f,1,1,2,0.84889215,0.0063795596,0.06991108,0.03825627,2.4493986e-06,0.0076673348,0,0.2208726853132248,0.136923,0.08552468,1.362024e-05,0.019636774,0,0.36869552731513977,0.79316586,0.87621903,0.9999839,0.9726959,1,0.410431832075119
TSBD_WSSV_6e2231b074,1,1,1,0.7790402,0.015243009,0.105702884,0.07733664,5.1355323e-06,0.014497586,0,0.2208726853132248,0.7404777,0.8661068,0.9999894,0.97097975,1,0.36869552731513977,0.15381949,0.056556538,5.432491e-06,0.0145226475,0,0.410431832075119
TSBD_WSSV_18c088457d,0,0,1,0.17467637,0.22729461,0.18400678,0.07830262,6.2330823e-06,0.02673615,0,0.2208726853132248,0.229674,0.8567058,0.99998283,0.9320277,0,0.36869552731513977,0.58631915,0.06499152,1.0886656e-05,0.04123616,0,0.410431832075119
TSBD_WSSV_77302aa089,1,0,2,0.533761,0.050464354,0.08493707,0.0346779,5.1638117e-06,0.009021657,0,0.2208726853132248,0.1255977,0.39346376,0.075835295,0.21028551,0,0.36869552731513977,0.7894651,0.5718584,0.9241595,0.7806928,0,0.410431832075119
TSBD_WSSV_bc1451b5cd,1,1,2,0.853252,0.0045331502,0.07027172,0.03349824,1.3914713e-06,0.006478389,0,0.2208726853132248,0.13522147,0.1103932,4.480774e-05,0.027899707,0,0.36869552731513977,0.79450685,0.85610855,0.99995375,0.9656219,1,0.410431832075119
TSBD_WSSV_2c0825dfbc,1,1,2,0.8620531,0.006050529,0.09030601,0.054896645,1.1689891e-05,0.013338874,0,0.2208726853132248,0.09736808,0.055017427,1.9975105e-06,0.009627851,0,0.36869552731513977,0.81232595,0.89008594,0.9999863,0.97703326,1,0.410431832075119
TSBD_WSSV_21eca1a9bc,1,0,2,0.7231655,0.026569929,0.07689639,0.054038413,1.0880628e-05,0.012815419,0,0.2208726853132248,0.19979666,0.05639251,2.230992e-06,0.013291493,0,0.36869552731513977,0.72330695,0.889569,0.9999869,0.9738931,0,0.410431832075119
TSBD_WSSV_a7578fa09c,1,1,2,0.8587871,0.0065360637,0.08173092,0.054948907,1.1786879e-05,0.012916814,0,0.2208726853132248,0.107300155,0.05496956,1.9864501e-06,0.009952672,0,0.36869552731513977,0.810969,0.8900815,0.9999862,0.97713053,1,0.410431832075119
TSBD_WSSV_8acd11d1ec,1,0,2,0.84766334,0.008072211,0.07393778,0.05402305,1.0919818e-05,0.012224048,0,0.2208726853132248,0.121730156,0.0560491,2.1797332e-06,0.010720968,0,0.36869552731513977,0.80433214,0.88992786,0.9999869,0.977055,0,0.410431832075119
TSBD_WSSV_ce8f668353,1,1,2,0.86206055,0.0060442053,0.090191185,0.055512317,1.2369712e-05,0.013551465,0,0.2208726853132248,0.09746063,0.05451511,1.9322174e-06,0.009527211,0,0.36869552731513977,0.8123482,0.88997257,0.9999857,0.9769214,1,0.410431832075119
TSBD_WSSV_c5bb7f551a,1,1,2,0.8581268,0.006556702,0.08191659,0.052239176,9.261755e-06,0.012051709,0,0.2208726853132248,0.10858868,0.057747986,2.415822e-06,0.010635566,0,0.36869552731513977,0.80949473,0.89001286,0.9999883,0.97731274,1,0.410431832075119
TSBD_WSSV_95dc6e27d4,1,1,1,0.7903665,0.012278736,0.12720157,0.05367177,1.911837e-06,0.010743489,0,0.2208726853132248,0.73701894,0.8564132,0.9999429,0.9620931,1,0.36869552731513977,0.13577954,0.08991511,5.518934e-05,0.027163438,0,0.410431832075119
TSBD_WSSV_309436940c,1,0,2,0.7183946,0.014100781,0.06488578,0.031062497,1.2537394e-06,0.006325631,0,0.2208726853132248,0.3051433,0.1880794,0.0007486838,0.08782001,0,0.36869552731513977,0.62997097,0.78085816,0.99925,0.90585434,0,0.410431832075119
TSBD_WSSV_29362e9f5a,1,0,2,0.83329064,0.009821147,0.07472931,0.050085336,7.809473e-06,0.011149651,0,0.2208726853132248,0.13378856,0.060184315,2.8547167e-06,0.012141496,0,0.36869552731513977,0.79148215,0.88973033,0.9999893,0.9767089,0,0.410431832075119
TSBD_WSSV_e67891395a,1,1,2,0.8556408,0.0067571634,0.078941785,0.048277408,6.512997e-06,0.0107190255,0,0.2208726853132248,0.114601284,0.0625429,3.3776676e-06,0.012033079,0,0.36869552731513977,0.806457,0.88917965,0.9999901,0.9772479,1,0.410431832075119
TSBD_WSSV_2653717417,1,0,2,0.7391654,0.023584895,0.18839592,0.0572541,1.4470138e-05,0.018972827,0,0.2208726853132248,0.08205673,0.055519648,2.1465464e-06,0.009550773,0,0.36869552731513977,0.7295474,0.8872262,0.99998343,0.9714764,0,0.410431832075119
TSBD_WSSV_c98c109e0f,1,0,2,0.8425499,0.0073069977,0.070163056,0.039695844,2.6883063e-06,0.007967236,0,0.2208726853132248,0.14143892,0.08226246,1.077548e-05,0.018658027,0,0.36869552731513977,0.78839797,0.8780416,0.9999865,0.9733747,0,0.410431832075119
TSBD_WSSV_3339e18081,1,1,2,0.85964775,0.006360747,0.08501673,0.053943,1.0820796e-05,0.012769912,0,0.2208726853132248,0.10432347,0.056082927,2.1482024e-06,0.010103252,0,0.36869552731513977,0.8106597,0.88997406,0.999987,0.97712684,1,0.410431832075119
TSBD_WSSV_f675da990c,1,1,2,0.8602568,0.006231645,0.0912259,0.05552706,1.2299218e-05,0.013601793,0,0.2208726853132248,0.098200105,0.05481048,2.0077134e-06,0.009656508,0,0.36869552731513977,0.81057405,0.8896624,0.9999857,0.9767417,1,0.410431832075119
TSBD_WSSV_e8d0267684,1,0,2,0.8476012,0.00567275,0.12869069,0.09298672,0.00013178425,0.031308997,0,0.2208726853132248,0.08258771,0.042082623,8.334277e-07,0.006815625,0,0.36869552731513977,0.7887216,0.8649307,0.9998673,0.9618754,0,0.410431832075119
TSBD_WSSV_93ee9c6175,1,0,2,0.5984667,0.03363915,0.1400097,0.3520226,0.12175622,0.22176586,0,0.2208726853132248,0.08167928,0.033453807,2.0370344e-06,0.0070586815,0,0.36869552731513977,0.778311,0.6145236,0.8782418,0.77117544,0,0.410431832075119
TSBD_WSSV_56b93bffca,1,1,2,0.8588096,0.0063885367,0.09409597,0.05532693,1.2111782e-05,0.013693779,0,0.2208726853132248,0.09677738,0.05512294,2.0207838e-06,0.009650165,0,0.36869552731513977,0.8091266,0.88955015,0.9999858,0.976656,1,0.410431832075119
TSBD_WSSV_05e0a12846,1,0,2,0.7980934,0.007229928,0.14235212,0.206934,0.006565139,0.10061704,0,0.2208726853132248,0.07765486,0.034960274,8.924484e-07,0.006161769,0,0.36869552731513977,0.77999306,0.75810575,0.99343395,0.8932212,0,0.410431832075119
TSBD_WSSV_0bc0ac833f,0,0,2,0.4357496,0.08001435,0.5081037,0.15556464,0.0015604008,0.1209516,0,0.2208726853132248,0.060892403,0.0363954,7.422746e-07,0.0064818966,0,0.36869552731513977,0.43100387,0.80803996,0.9984389,0.8725665,0,0.410431832075119
TSBD_WSSV_026c64bd33,1,0,2,0.82957166,0.01013855,0.09800425,0.055730063,1.2957492e-05,0.014250907,0,0.2208726853132248,0.11589199,0.054760493,1.9997549e-06,0.010317786,0,0.36869552731513977,0.7861038,0.88950944,0.999985,0.9754313,0,0.410431832075119
TSBD_WSSV_9f2b1f9f8f,0,0,2,0.13424715,0.27449682,0.13728714,0.055973135,1.3393924e-05,0.02519358,0,0.2208726853132248,0.66053605,0.056718264,2.4276324e-06,0.031212086,0,0.36869552731513977,0.2021769,0.88730854,0.99998426,0.9435944,0,0.410431832075119
TSBD_WSSV_38f10d750a,1,0,2,0.5841689,0.05145979,0.28917226,0.06403081,2.461043e-05,0.026955638,0,0.2208726853132248,0.08086695,0.050268095,1.4710331e-06,0.008809918,0,0.36869552731513977,0.6299608,0.8857011,0.999974,0.9642344,0,0.410431832075119
TSBD_WSSV_76536085a9,1,1,2,0.8591964,0.006372351,0.090947635,0.056603957,1.37521e-05,0.014016259,0,0.2208726853132248,0.09916324,0.05376877,1.8395737e-06,0.009440718,0,0.36869552731513977,0.809889,0.8896272,0.9999845,0.97654307,1,0.410431832075119
TSBD_WSSV_e36aec3084,0,0,2,0.09526797,0.32669806,0.19971083,0.047561783,6.293749e-06,0.026625626,0,0.2208726853132248,0.67409515,0.06978919,5.675954e-06,0.047443457,0,0.36869552731513977,0.126194,0.8826491,0.99998796,0.925931,0,0.410431832075119
TSBD_WSSV_b632ff4665,1,1,2,0.85406315,0.00697188,0.100165546,0.056608696,1.3679581e-05,0.014507871,0,0.2208726853132248,0.09472944,0.053819187,1.8658857e-06,0.009337033,0,0.36869552731513977,0.80510503,0.8895721,0.9999844,0.9761551,1,0.410431832075119
TSBD_WSSV_f392420764,1,1,1,0.8206869,0.009570485,0.101801395,0.071070075,3.850399e-06,0.012829069,0,0.2208726853132248,0.7694074,0.86997926,0.9999895,0.9728679,1,0.36869552731513977,0.12879121,0.05895068,6.69333e-06,0.01430308,0,0.410431832075119
TSBD_WSSV_08f57edf07,1,0,2,0.8362273,0.009518379,0.0784984,0.055575307,1.2392996e-05,0.0130122,0,0.2208726853132248,0.12624808,0.054918066,2.01408e-06,0.010627553,0,0.36869552731513977,0.7952536,0.88950664,0.9999856,0.97636026,0,0.410431832075119
TSBD_WSSV_922a715bec,1,0,2,0.83875006,0.008837706,0.106899664,0.049368404,7.057889e-06,0.012298813,0,0.2208726853132248,0.09978575,0.06302582,3.621885e-06,0.011726777,0,0.36869552731513977,0.79331464,0.8876058,0.9999894,0.97597444,0,0.410431832075119
TSBD_WSSV_aa0b3c4c15,1,1,2,0.8554205,0.0066757714,0.08383,0.051264387,8.723644e-06,0.0119260885,0,0.2208726853132248,0.110611275,0.060696926,3.141021e-06,0.011559008,0,0.36869552731513977,0.8055587,0.8880386,0.9999882,0.9765149,1,0.410431832075119
TSBD_WSSV_daa4ba808b,1,0,2,0.83179206,0.008812386,0.085591026,0.05187076,8.767239e-06,0.012230309,0,0.2208726853132248,0.13366571,0.06893313,5.858833e-06,0.014988625,0,0.36869552731513977,0.7807433,0.87919605,0.99998534,0.97278106,0,0.410431832075119
TSBD_WSSV_311dd1baf7,1,1,2,0.85938776,0.006391028,0.084231704,0.05504395,1.1973543e-05,0.0131063005,0,0.2208726853132248,0.10508509,0.05527541,2.072098e-06,0.0099898875,0,0.36869552731513977,0.81068325,0.8896806,0.99998605,0.9769038,1,0.410431832075119
TSBD_WSSV_34ee093e2e,1,0,2,0.6984829,0.030439153,0.22012196,0.06023799,1.8489509e-05,0.021734904,0,0.2208726853132248,0.074288644,0.051962014,1.6509803e-06,0.008576873,0,0.36869552731513977,0.7055894,0.8878,0.99997985,0.96968824,0,0.410431832075119
TSBD_WSSV_cbb32ff38a,1,0,2,0.7118663,0.028421838,0.07595987,0.053409856,1.0332055e-05,0.012604647,0,0.2208726853132248,0.20792195,0.057214625,2.3654948e-06,0.013771681,0,0.36869552731513977,0.71611816,0.88937557,0.99998724,0.97362363,0,0.410431832075119
TSBD_WSSV_9291ca740d,1,0,2,0.63671243,0.02681363,0.1478562,0.33483365,0.095604815,0.21038629,0,0.2208726853132248,0.07911193,0.03395405,2.0680648e-06,0.0070421207,0,0.36869552731513977,0.7730319,0.63121235,0.90439314,0.78257155,0,0.410431832075119
TSBD_WSSV_73bc44153b,0,0,2,0.38510725,0.08569908,0.77078974,0.40555596,0.26759914,0.5410512,0,0.2208726853132248,0.058642276,0.0328342,2.591315e-06,0.0070406967,0,0.36869552731513977,0.17056793,0.56160986,0.7323982,0.4519081,0,0.410431832075119
TSBD_WSSV_4491558e57,1,0,2,0.6995296,0.013729243,0.33419433,0.21027224,0.0070614815,0.14468926,0,0.2208726853132248,0.0647142,0.034972243,9.171678e-07,0.0060676523,0,0.36869552731513977,0.6010915,0.7547556,0.9929376,0.8492431,0,0.410431832075119
TSBD_WSSV_1ee4a00587,1,1,2,0.858672,0.0064431736,0.09094238,0.055759188,1.2847111e-05,0.0137362415,0,0.2208726853132248,0.09964748,0.054457065,1.9547767e-06,0.009629489,0,0.36869552731513977,0.8094101,0.8897837,0.9999852,0.97663426,1,0.410431832075119
TSBD_WSSV_ecb905238d,0,0,0,0.12620889,0.2903118,0.1326686,0.85134196,0.999705,0.85948163,0,0.2208726853132248,0.08225829,0.030056255,1.3655552e-06,0.010844062,0,0.36869552731513977,0.78507316,0.118601725,0.00029358844,0.1296743,0,0.410431832075119
TSBD_WSSV_ccd255a2df,1,1,2,0.86057264,0.0062432364,0.088767044,0.055140834,1.2168792e-05,0.013396934,0,0.2208726853132248,0.09996257,0.054775093,1.9875088e-06,0.009691077,0,0.36869552731513977,0.8112704,0.89008415,0.9999858,0.97691196,1,0.410431832075119
TSBD_WSSV_584c5a10d0,1,1,2,0.85039175,0.004791218,0.12754567,0.10348607,0.00021571135,0.036105838,0,0.2208726853132248,0.08159117,0.040529575,7.8788315e-07,0.006591557,0,0.36869552731513977,0.7908631,0.85598433,0.99978346,0.9573026,1,0.410431832075119
TSBD_WSSV_aa58f57ab0,1,1,0,0.88030714,0.0063467724,0.8445706,0.9170665,0.99998426,0.9803193,1,0.2208726853132248,0.078521386,0.042041477,1.1807434e-05,0.011022952,0,0.36869552731513977,0.07690808,0.040891938,3.8953867e-06,0.008657713,0,0.410431832075119
TSBD_WSSV_4f3b6f89a8,1,0,2,0.53001016,0.043842684,0.4603403,0.20546731,0.006566663,0.16654615,0,0.2208726853132248,0.06520004,0.035382442,9.278273e-07,0.006466787,0,0.36869552731513977,0.47445965,0.75915027,0.9934324,0.8269871,0,0.410431832075119
TSBD_WSSV_279702ba92,1,0,2,0.7840654,0.017093832,0.075548306,0.055464644,1.2603122e-05,0.013044396,0,0.2208726853132248,0.16194716,0.05472785,2.0031189e-06,0.01172082,0,0.36869552731513977,0.7625045,0.88980746,0.99998534,0.97523475,0,0.410431832075119
TSBD_WSSV_9dc876dd17,1,0,2,0.72929543,0.024597894,0.14650218,0.058451314,1.5819347e-05,0.01796882,0,0.2208726853132248,0.13949056,0.05302277,1.7686821e-06,0.010907051,0,0.36869552731513977,0.71400726,0.88852596,0.99998236,0.9711241,0,0.410431832075119
TSBD_WSSV_0ce34b5766,1,0,0,0.78948915,0.005323004,0.7410302,0.7433056,0.9937338,0.87852794,0,0.2208726853132248,0.07242198,0.030587759,1.4208211e-06,0.006277585,0,0.36869552731513977,0.18654779,0.22610663,0.0062647257,0.11519447,0,0.410431832075119
TSBD_WSSV_6c3afb6716,1,1,0,0.85973215,0.006232366,0.83459127,0.8626398,0.9998153,0.9631609,1,0.2208726853132248,0.07919663,0.030599529,1.5064126e-06,0.0064384835,0,0.36869552731513977,0.0862121,0.10676069,0.00018317407,0.030400628,0,0.410431832075119
TSBD_WSSV_366db07a25,1,0,2,0.78315157,0.016546639,0.11781557,0.05671064,1.3909411e-05,0.015752409,0,0.2208726853132248,0.13033165,0.053814292,1.8702071e-06,0.0106700035,0,0.36869552731513977,0.7518527,0.88947505,0.99998415,0.9735776,0,0.410431832075119
TSBD_WSSV_b84a0005bf,1,0,0,0.656795,0.031315908,0.6274059,0.84510773,0.99962103,0.9302947,0,0.2208726853132248,0.06255015,0.029436007,1.2070627e-06,0.0060037496,0,0.36869552731513977,0.31004393,0.12545626,0.00037770116,0.06370161,0,0.410431832075119
TSBD_WSSV_6624c91a73,0,0,0,0.5096032,0.04901524,0.2987425,0.60694623,0.919161,0.6078544,0,0.2208726853132248,0.068997584,0.031359453,2.1355725e-06,0.0071649025,0,0.36869552731513977,0.6322599,0.3616943,0.08083691,0.38498062,0,0.410431832075119
TSBD_WSSV_8a1517bc0e,1,0,2,0.53474456,0.0639696,0.06219682,0.05433082,1.12569e-05,0.012652537,0,0.2208726853132248,0.32023767,0.055659536,2.1070114e-06,0.016234748,0,0.36869552731513977,0.61756545,0.89000964,0.99998665,0.97111267,0,0.410431832075119
TSBD_WSSV_cada06cffd,1,0,2,0.5884271,0.0523559,0.056239586,0.05353148,1.0692875e-05,0.011796911,0,0.2208726853132248,0.2912136,0.05679726,2.3007606e-06,0.015843686,0,0.36869552731513977,0.6525468,0.88967127,0.999987,0.97235936,0,0.410431832075119
TSBD_WSSV_72abeff3dc,1,0,0,0.66942793,0.026302993,0.618018,0.82209885,0.9991972,0.9132602,0,0.2208726853132248,0.060041163,0.029457847,1.1556374e-06,0.005864894,0,0.36869552731513977,0.32194087,0.14844328,0.00080160436,0.08087493,0,0.410431832075119
TSBD_WSSV_71629aa3f2,1,1,2,0.86038846,0.006266703,0.08771846,0.055166654,1.2176964e-05,0.013346824,0,0.2208726853132248,0.10108221,0.054824814,1.9973647e-06,0.009743188,0,0.36869552731513977,0.8111993,0.8900085,0.9999858,0.97691005,1,0.410431832075119
TSBD_WSSV_bd69e16b82,1,0,2,0.5002584,0.07206044,0.060551293,0.053194437,1.01452615e-05,0.012312901,0,0.2208726853132248,0.34482548,0.057080902,2.364167e-06,0.01745987,0,0.36869552731513977,0.5946232,0.8897247,0.9999875,0.97022724,0,0.410431832075119
TSBD_WSSV_6fd5eb945a,0,0,2,0.1557103,0.2520694,0.1052848,0.053287387,1.0357122e-05,0.020261364,0,0.2208726853132248,0.65671915,0.057460256,2.4653589e-06,0.029852875,0,0.36869552731513977,0.23799604,0.8892524,0.9999871,0.9498857,0,0.410431832075119
TSBD_WSSV_7ed3990ccb,1,1,1,0.78925633,0.010193983,0.11701027,0.0697328,5.637739e-06,0.01473407,0,0.2208726853132248,0.7197373,0.83763033,0.9999348,0.9551144,1,0.36869552731513977,0.1632524,0.09263684,5.9620175e-05,0.030151498,0,0.410431832075119
TSBD_WSSV_8b1c70a3bc,0,0,1,0.42541748,0.085591994,0.071526885,0.046079844,3.0638944e-06,0.010434502,0,0.2208726853132248,0.37403753,0.77112937,0.997494,0.83768845,0,0.36869552731513977,0.5544357,0.1827908,0.0025029876,0.151877,0,0.410431832075119
TSBD_WSSV_f583f8e371,1,0,2,0.81407577,0.012363013,0.13368161,0.05560773,1.2558911e-05,0.01582752,0,0.2208726853132248,0.08978052,0.054736726,1.9558813e-06,0.009425279,0,0.36869552731513977,0.77653784,0.8896556,0.9999856,0.9747472,0,0.410431832075119
TSBD_WSSV_493953f127,1,1,2,0.8588783,0.0062433695,0.09811512,0.060599636,1.8498244e-05,0.015754556,0,0.2208726853132248,0.09341144,0.051494204,1.5720686e-06,0.008789956,0,0.36869552731513977,0.8084734,0.88790613,0.99998,0.97545546,1,0.410431832075119
TSBD_WSSV_1139b0bbb2,1,0,2,0.8398412,0.008763212,0.12465449,0.059629932,1.707524e-05,0.01682248,0,0.2208726853132248,0.08086337,0.05192274,1.6135068e-06,0.00847497,0,0.36869552731513977,0.7944821,0.88844734,0.9999813,0.97470254,0,0.410431832075119
TSBD_WSSV_735499e204,0,0,2,0.064971626,0.39310125,0.8139529,0.06667764,2.8662555e-05,0.08120498,0,0.2208726853132248,0.11453899,0.058299597,2.9127825e-06,0.02435924,0,0.36869552731513977,0.07150811,0.8750229,0.9999685,0.89443576,0,0.410431832075119
TSBD_WSSV_01066cc969,1,0,2,0.8319943,0.010180665,0.072961025,0.05349958,1.0509235e-05,0.012074912,0,0.2208726853132248,0.13371581,0.056593418,2.27084e-06,0.01126876,0,0.36869552731513977,0.79332316,0.88990694,0.99998724,0.9766563,0,0.410431832075119
TSBD_WSSV_941d089361,0,0,2,0.19358678,0.21514496,0.60505503,0.061933897,2.0840076e-05,0.043035183,0,0.2208726853132248,0.111394405,0.05179354,1.6240259e-06,0.013182348,0,0.36869552731513977,0.2835506,0.88627255,0.99997747,0.94378245,0,0.410431832075119
TSBD_WSSV_629e5c7c92,1,0,0,0.803735,0.016004952,0.7862116,0.90954334,0.9999839,0.97607523,0,0.2208726853132248,0.060094845,0.03549522,4.3276923e-06,0.0077982293,0,0.36869552731513977,0.15369359,0.05496146,1.1831935e-05,0.016126577,0,0.410431832075119
TSBD_WSSV_cf01831715,0,0,2,0.07389282,0.36020437,0.61630166,0.048831258,6.930362e-06,0.044447757,0,0.2208726853132248,0.2878938,0.07069891,6.2584813e-06,0.039411027,0,0.36869552731513977,0.09580452,0.88046986,0.99998677,0.9161412,0,0.410431832075119
TSBD_WSSV_2c0f3e0b28,1,0,2,0.83915997,0.008164697,0.10882459,0.07226479,4.092867e-05,0.020874195,0,0.2208726853132248,0.10118989,0.046988323,1.156718e-06,0.008216215,0,0.36869552731513977,0.7899855,0.88074684,0.9999579,0.97090966,0,0.410431832075119
TSBD_WSSV_801c0b8b82,1,0,2,0.83502346,0.009560981,0.088200174,0.055892456,1.29166565e-05,0.01371299,0,0.2208726853132248,0.11965223,0.054205906,1.8988239e-06,0.010255789,0,0.36869552731513977,0.7921475,0.88990164,0.9999852,0.9760312,0,0.410431832075119
TSBD_WSSV_f2274525f7,1,0,2,0.8249308,0.010834906,0.12848805,0.056653615,1.384182e-05,0.016000535,0,0.2208726853132248,0.08758611,0.05395011,1.8667648e-06,0.00916871,0,0.36869552731513977,0.7839258,0.8893962,0.99998426,0.9748308,0,0.410431832075119
TSBD_WSSV_2e17c58aad,1,0,2,0.828719,0.010177342,0.12662357,0.05866811,1.6223918e-05,0.016682858,0,0.2208726853132248,0.08808367,0.05295454,1.7481289e-06,0.008985923,0,0.36869552731513977,0.78529274,0.88837725,0.999982,0.97433126,0,0.410431832075119
TSBD_WSSV_bb9d07b1e5,1,0,2,0.8474237,0.007852727,0.102623045,0.053241406,1.0277213e-05,0.01347297,0,0.2208726853132248,0.09724183,0.056836925,2.2702363e-06,0.010066692,0,0.36869552731513977,0.80013514,0.88992167,0.9999875,0.97646034,0,0.410431832075119
TSBD_WSSV_950d6de8a1,1,0,2,0.5757894,0.04770574,0.14196768,0.041978326,7.135529e-06,0.013039179,0,0.2208726853132248,0.08931327,0.3043131,0.013699968,0.12262984,0,0.36869552731513977,0.768719,0.6537086,0.98629284,0.864331,0,0.410431832075119
TSBD_WSSV_0b909fea6f,1,1,2,0.85743076,0.0065264907,0.09755782,0.05719146,1.4190038e-05,0.0145337405,0,0.2208726853132248,0.09468272,0.0535862,1.8166801e-06,0.009259005,0,0.36869552731513977,0.80775946,0.8892223,0.999984,0.9762072,1,0.410431832075119
TSBD_WSSV_50b41d3123,1,1,2,0.8549003,0.0068761744,0.103645965,0.056230932,1.326301e-05,0.014543596,0,0.2208726853132248,0.09036878,0.054257706,1.8993321e-06,0.009247951,0,0.36869552731513977,0.8059852,0.88951135,0.99998486,0.9762085,1,0.410431832075119
TSBD_WSSV_1d66e28720,1,0,2,0.846785,0.008145122,0.07768802,0.05515175,1.203494e-05,0.01280461,0,0.2208726853132248,0.11925636,0.054976236,2.0116584e-06,0.0103874765,0,0.36869552731513977,0.8030557,0.889872,0.99998593,0.9768079,0,0.410431832075119
TSBD_WSSV_f9303a9060,1,0,2,0.7886639,0.016703416,0.065491706,0.05473477,1.1623835e-05,0.012105158,0,0.2208726853132248,0.16477801,0.055188794,2.0276805e-06,0.011834896,0,0.36869552731513977,0.76973027,0.8900764,0.9999863,0.97606,0,0.410431832075119
TSBD_WSSV_ffd6ae5c1c,1,1,2,0.86021554,0.0062035304,0.09785142,0.056926325,1.4019547e-05,0.014468798,0,0.2208726853132248,0.09191847,0.053660836,1.8405066e-06,0.00918376,0,0.36869552731513977,0.8102302,0.8894128,0.99998415,0.97634745,1,0.410431832075119
TSBD_WSSV_6a97515cc2,1,0,2,0.8020797,0.014616495,0.06745031,0.05408416,1.0968068e-05,0.0119898375,0,0.2208726853132248,0.15595956,0.055847064,2.1224057e-06,0.011744413,0,0.36869552731513977,0.77659017,0.89006877,0.9999869,0.9762657,0,0.410431832075119
TSBD_WSSV_6a19d7effb,1,0,2,0.79112756,0.015805162,0.1533114,0.055649165,1.2519699e-05,0.016687648,0,0.2208726853132248,0.08333741,0.054528575,1.942853e-06,0.009203051,0,0.36869552731513977,0.76335114,0.88982236,0.9999856,0.97410935,0,0.410431832075119
TSBD_WSSV_9872bb742f,1,0,0,0.84183514,0.003968837,0.8045198,0.803949,0.9985935,0.9288838,0,0.2208726853132248,0.062295504,0.02934225,1.1326654e-06,0.005534077,0,0.36869552731513977,0.13318469,0.16670884,0.0014052688,0.06558209,0,0.410431832075119
TSBD_WSSV_e44f2c0a8a,1,0,2,0.3668147,0.11014826,0.057499297,0.05154427,8.908439e-06,0.012282066,0,0.2208726853132248,0.44044015,0.05858949,2.6116757e-06,0.020759229,0,0.36869552731513977,0.5020606,0.8898662,0.99998844,0.9669587,0,0.410431832075119
TSBD_WSSV_f1294af3d4,1,1,0,0.8838297,0.004373383,0.8403703,0.8966805,0.9999635,0.9748207,1,0.2208726853132248,0.06842262,0.032459743,2.524139e-06,0.006910732,0,0.36869552731513977,0.09120717,0.0708598,3.4016364e-05,0.018268542,0,0.410431832075119
TSBD_WSSV_264790eb51,1,0,0,0.4696735,0.038384333,0.72823703,0.49609956,0.61794335,0.63009596,0,0.2208726853132248,0.059724882,0.032380395,3.0853494e-06,0.0066920277,0,0.36869552731513977,0.21203806,0.47152004,0.3820536,0.36321205,0,0.410431832075119
TSBD_WSSV_11430ce0d0,1,0,2,0.81049883,0.013078736,0.08015033,0.05638291,1.3449482e-05,0.013504785,0,0.2208726853132248,0.14214006,0.05432013,1.9358267e-06,0.011013358,0,0.36869552731513977,0.77770966,0.8892969,0.9999846,0.97548187,0,0.410431832075119
TSBD_WSSV_74c3607b95,1,0,2,0.8102118,0.012834618,0.12697281,0.050574128,8.106234e-06,0.013676636,0,0.2208726853132248,0.09937726,0.060765035,3.0016333e-06,0.011176743,0,0.36869552731513977,0.77365,0.88866085,0.9999889,0.97514665,0,0.410431832075119
TSBD_WSSV_2c43cd74d0,1,0,2,0.8097563,0.011380522,0.16288401,0.07883717,6.008751e-05,0.02726375,0,0.2208726853132248,0.07578758,0.045438554,1.0426484e-06,0.0072355303,0,0.36869552731513977,0.7613284,0.8757243,0.99993885,0.9655007,0,0.410431832075119
TSBD_WSSV_59d2b7350f,1,1,2,0.8561291,0.0067466553,0.09963613,0.05585277,1.28521715e-05,0.014205161,0,0.2208726853132248,0.093313955,0.054281265,1.9055504e-06,0.009356488,0,0.36869552731513977,0.80704993,0.88986593,0.9999852,0.9764384,1,0.410431832075119
TSBD_WSSV_5e189248db,1,0,0,0.3951285,0.06979071,0.80528927,0.49539256,0.6244649,0.6734401,0,0.2208726853132248,0.0583639,0.03180498,2.7599624e-06,0.0066349986,0,0.36869552731513977,0.13634683,0.47280252,0.37553227,0.3199249,0,0.410431832075119
TSBD_WSSV_9f5ca0e80d,1,0,0,0.83268076,0.00881822,0.7819866,0.8807805,0.99991393,0.9639059,0,0.2208726853132248,0.0569975,0.030163206,1.5315986e-06,0.005801968,0,0.36869552731513977,0.1610159,0.089056276,8.4474654e-05,0.03029216,0,0.410431832075119
TSBD_WSSV_b626137b45,1,0,0,0.43007362,0.061576195,0.7982103,0.50880104,0.6711309,0.6830775,0,0.2208726853132248,0.058153003,0.03181235,2.7775557e-06,0.0065753907,0,0.36869552731513977,0.14363658,0.45938656,0.32886633,0.31034714,0,0.410431832075119
TSBD_WSSV_27c2a5d56f,1,1,2,0.8560694,0.0067190155,0.102131754,0.05656358,1.3563294e-05,0.014567761,0,0.2208726853132248,0.091054305,0.053988118,1.8672742e-06,0.009217281,0,0.36869552731513977,0.806814,0.88944834,0.9999845,0.976215,1,0.410431832075119
TSBD_WSSV_eee60542d7,1,0,2,0.6470287,0.0027925638,0.3610554,0.3703183,0.16119505,0.3283607,0,0.2208726853132248,0.06594458,0.03372836,2.3941536e-06,0.0066682547,0,0.36869552731513977,0.573,0.59595335,0.8388025,0.66497105,0,0.410431832075119
TSBD_WSSV_d9ea0715c2,1,0,2,0.40275326,0.09802632,0.402987,0.057310212,1.4414938e-05,0.027547346,0,0.2208726853132248,0.07495138,0.053799257,1.8506861e-06,0.009857113,0,0.36869552731513977,0.52206165,0.8888905,0.99998367,0.9625955,0,0.410431832075119
TSBD_WSSV_514bb3ccf8,1,1,0,0.87043065,0.0076157227,0.83773106,0.9167546,0.9999865,0.98037595,1,0.2208726853132248,0.067077786,0.04000835,8.847201e-06,0.0096588405,0,0.36869552731513977,0.09519121,0.043237053,4.707064e-06,0.009965236,0,0.410431832075119
TSBD_WSSV_d3cfe64d62,1,0,2,0.6057017,0.047732793,0.27926555,0.061231285,1.962678e-05,0.024709368,0,0.2208726853132248,0.070328124,0.051198795,1.5399543e-06,0.008456904,0,0.36869552731513977,0.65040636,0.8875699,0.9999788,0.9668337,0,0.410431832075119
TSBD_WSSV_f825fa69cd,0,0,2,0.30781737,0.13273987,0.4674571,0.057256766,1.4177467e-05,0.030596012,0,0.2208726853132248,0.094135195,0.05536537,2.0910927e-06,0.01172893,0,0.36869552731513977,0.43840775,0.8873778,0.99998367,0.9576751,0,0.410431832075119
TSBD_WSSV_b899fa53da,1,0,2,0.8041147,0.014095025,0.074936435,0.054310486,1.1432837e-05,0.012573751,0,0.2208726853132248,0.15047932,0.055834714,2.1443307e-06,0.011627227,0,0.36869552731513977,0.77458423,0.8898547,0.9999864,0.975799,0,0.410431832075119
TSBD_WSSV_8b9052d96f,1,1,2,0.8555502,0.00669281,0.099135,0.05738713,1.4461685e-05,0.014707228,0,0.2208726853132248,0.09512669,0.054061346,1.8679782e-06,0.009371742,0,0.36869552731513977,0.8057383,0.88855165,0.99998367,0.97592103,1,0.410431832075119
TSBD_WSSV_376e37e18c,1,0,2,0.84736663,0.008012381,0.078077264,0.052847378,1.0043702e-05,0.012140392,0,0.2208726853132248,0.11955327,0.057050698,2.3132986e-06,0.010874776,0,0.36869552731513977,0.8023694,0.8901019,0.9999877,0.97698486,0,0.410431832075119
TSBD_WSSV_33b7d18fc1,1,0,2,0.7963337,0.014238208,0.1651351,0.06812808,3.1412295e-05,0.022556175,0,0.2208726853132248,0.07517029,0.04811697,1.2296264e-06,0.0076596686,0,0.36869552731513977,0.75969464,0.8837549,0.99996734,0.96978414,0,0.410431832075119
TSBD_WSSV_5ae365cdb5,1,0,2,0.48249635,0.07122223,0.3920701,0.09104312,0.00011873248,0.050184917,0,0.2208726853132248,0.068839386,0.04299104,9.061102e-07,0.007345476,0,0.36869552731513977,0.53909045,0.8659659,0.9998803,0.9424696,0,0.410431832075119
TSBD_WSSV_48983cce39,1,1,0,0.8629101,0.008176092,0.82880133,0.9129956,0.9999865,0.97922075,1,0.2208726853132248,0.06305789,0.036625065,5.171705e-06,0.008195003,0,0.36869552731513977,0.10814077,0.05037938,8.3853765e-06,0.012584264,0,0.410431832075119
TSBD_WSSV_f41afb12de,1,0,2,0.65389806,0.010974808,0.39683688,0.28934562,0.040697604,0.2444609,0,0.2208726853132248,0.06667537,0.034039643,1.4542132e-06,0.0064483783,0,0.36869552731513977,0.53648776,0.6766148,0.95930094,0.74909073,0,0.410431832075119
TSBD_WSSV_719214e8fc,1,0,2,0.6481346,0.039825693,0.058182675,0.04699912,6.0179923e-06,0.009902317,0,0.2208726853132248,0.2626808,0.06387317,3.6888462e-06,0.01747028,0,0.36869552731513977,0.6791366,0.88912773,0.99999034,0.9726274,0,0.410431832075119
TSBD_WSSV_f9b891c236,0,0,2,0.31433195,0.12913498,0.46232092,0.05744747,1.4640527e-05,0.030490821,0,0.2208726853132248,0.08964685,0.053594254,1.8225359e-06,0.010971885,0,0.36869552731513977,0.44803223,0.88895833,0.99998355,0.9585372,0,0.410431832075119
TSBD_WSSV_60bf799ad0,1,0,2,0.4220456,0.08922276,0.42771706,0.08144132,7.169538e-05,0.045328204,0,0.2208726853132248,0.060360547,0.043807443,9.249394e-07,0.0072388267,0,0.36869552731513977,0.5119224,0.8747512,0.9999274,0.94743294,0,0.410431832075119
TSBD_WSSV_3221471a09,1,0,2,0.742277,0.020814577,0.2142272,0.08375428,8.053149e-05,0.03334138,0,0.2208726853132248,0.07453131,0.044259932,9.576164e-07,0.0071267714,0,0.36869552731513977,0.7112415,0.8719858,0.99991846,0.95953184,0,0.410431832075119
TSBD_WSSV_81c77d6283,1,0,0,0.7678396,0.02033163,0.75421184,0.9014222,0.9999728,0.97121954,0,0.2208726853132248,0.057304528,0.03236653,2.4498174e-06,0.006656033,0,0.36869552731513977,0.18848361,0.06621129,2.4725157e-05,0.022124445,0,0.410431832075119
TSBD_WSSV_7ba0bac7cd,1,0,2,0.5583308,0.057427354,0.31129345,0.06341225,2.3021972e-05,0.02733101,0,0.2208726853132248,0.069590636,0.05000142,1.4168114e-06,0.008324097,0,0.36869552731513977,0.6191159,0.88658637,0.99997556,0.9643449,0,0.410431832075119
TSBD_WSSV_b8b164e72b,0,0,2,0.23325649,0.1856827,0.5856901,0.059441946,1.7121141e-05,0.037636034,0,0.2208726853132248,0.06553224,0.052050795,1.6484399e-06,0.010314254,0,0.36869552731513977,0.34877777,0.8885072,0.99998116,0.9520497,0,0.410431832075119
TSBD_WSSV_7942e3c67c,1,0,2,0.82897943,0.01050055,0.07966722,0.057010196,1.4159702e-05,0.013612923,0,0.2208726853132248,0.12988085,0.05385126,1.8571947e-06,0.010487318,0,0.36869552731513977,0.79045194,0.88913846,0.9999839,0.97589976,0,0.410431832075119
TSBD_WSSV_e572949946,1,0,0,0.8016399,0.007765994,0.7271372,0.8280786,0.99932015,0.9306307,0,0.2208726853132248,0.05998716,0.02990417,1.2024328e-06,0.0057088747,0,0.36869552731513977,0.21287568,0.14201723,0.00067868363,0.06366044,0,0.410431832075119
TSBD_WSSV_a204c36610,1,0,2,0.81309646,0.012193534,0.12343014,0.05928755,1.7161256e-05,0.016887385,0,0.2208726853132248,0.104363516,0.052304044,1.6863588e-06,0.009463344,0,0.36869552731513977,0.7722064,0.8884084,0.99998116,0.97364926,0,0.410431832075119
TSBD_WSSV_9c4b4f11b8,1,0,0,0.5849037,0.05421198,0.6518586,0.907793,0.99998176,0.9693615,0,0.2208726853132248,0.059729237,0.034474436,3.5951323e-06,0.007854558,0,0.36869552731513977,0.28841218,0.05773258,1.471389e-05,0.022783963,0,0.410431832075119
TSBD_WSSV_687a703a75,0,0,2,0.11626262,0.3026186,0.8274116,0.1503655,0.0012499508,0.21179105,0,0.2208726853132248,0.087641254,0.041182887,1.2253473e-06,0.01348441,0,0.36869552731513977,0.0849471,0.8084516,0.9987489,0.77472454,0,0.410431832075119
TSBD_WSSV_60273dd644,1,0,2,0.7458026,0.022485066,0.19135278,0.06107106,1.9857654e-05,0.020869369,0,0.2208726853132248,0.07568907,0.051559187,1.5986423e-06,0.008445105,0,0.36869552731513977,0.73295814,0.8873699,0.99997854,0.9706855,0,0.410431832075119
TSBD_WSSV_c29e86db5b,0,0,2,0.18010122,0.22801137,0.63120806,0.064830676,2.5431567e-05,0.047529325,0,0.2208726853132248,0.106939346,0.050317638,1.4742424e-06,0.012888771,0,0.36869552731513977,0.26185256,0.88485175,0.9999732,0.93958193,0,0.410431832075119
TSBD_WSSV_79fa511ed0,1,1,2,0.85124916,0.00733828,0.10480406,0.05621216,1.3474477e-05,0.014659569,0,0.2208726853132248,0.09222125,0.05414769,1.916521e-06,0.00933184,0,0.36869552731513977,0.80297476,0.8896402,0.9999846,0.9760086,1,0.410431832075119
TSBD_WSSV_58e35ef754,0,0,2,0.08714049,0.34949395,0.81346786,0.068577275,3.3558e-05,0.071993105,0,0.2208726853132248,0.066020705,0.04834175,1.2783295e-06,0.013285964,0,0.36869552731513977,0.12051143,0.883081,0.9999651,0.91472095,0,0.410431832075119
TSBD_WSSV_1ce4e5b49f,1,1,2,0.8554473,0.0068646017,0.08445993,0.051349625,8.719372e-06,0.011954011,0,0.2208726853132248,0.10868258,0.05860321,2.6219807e-06,0.010896668,0,0.36869552731513977,0.80685747,0.89004713,0.9999887,0.9771493,1,0.410431832075119
TSBD_WSSV_ea57134108,1,0,2,0.837829,0.0064606387,0.07361296,0.037314054,2.185733e-06,0.007610191,0,0.2208726853132248,0.14951734,0.10119896,3.0815234e-05,0.025937255,0,0.36869552731513977,0.7768697,0.861487,0.999967,0.96645254,0,0.410431832075119
TSBD_WSSV_8b1af1900d,1,1,2,0.858179,0.005405693,0.094071835,0.05370821,1.0479213e-05,0.013198212,0,0.2208726853132248,0.103516035,0.06869241,5.735103e-06,0.013514188,0,0.36869552731513977,0.8024122,0.8775994,0.9999838,0.97328764,1,0.410431832075119
TSBD_WSSV_2f46cb1b79,0,0,2,0.09299756,0.3378597,0.7797136,0.06127155,1.9670215e-05,0.05868197,0,0.2208726853132248,0.08421875,0.05136686,1.5722618e-06,0.015007361,0,0.36869552731513977,0.13606766,0.8873616,0.9999788,0.9263107,0,0.410431832075119
TSBD_WSSV_383e727d4a,1,1,0,0.8733183,0.0066982843,0.8353068,0.91171396,0.99998534,0.9791397,1,0.2208726853132248,0.06598258,0.035904244,4.6138543e-06,0.008048076,0,0.36869552731513977,0.09871058,0.05238182,9.965822e-06,0.012812227,0,0.410431832075119
TSBD_WSSV_b076b7af44,1,1,2,0.8564232,0.006721449,0.09533882,0.05465902,1.1722926e-05,0.013600182,0,0.2208726853132248,0.097308934,0.05534114,2.0765494e-06,0.009744034,0,0.36869552731513977,0.80735224,0.8899998,0.9999863,0.9766557,1,0.410431832075119
TSBD_WSSV_6a65b3c303,1,0,2,0.6368085,0.036975943,0.29012856,0.097908266,0.00016745113,0.04763745,0,0.2208726853132248,0.08073204,0.042045593,8.672474e-07,0.0072638104,0,0.36869552731513977,0.6291394,0.86004615,0.9998317,0.9450987,0,0.410431832075119
TSBD_WSSV_d552ad13be,1,0,2,0.5285042,0.050915055,0.07567184,0.032148015,3.8627386e-06,0.007856917,0,0.2208726853132248,0.13018005,0.4032271,0.088559575,0.22083195,0,0.36869552731513977,0.7941481,0.56462485,0.9114365,0.77131116,0,0.410431832075119
TSBD_WSSV_64069923e3,1,0,0,0.79521483,0.0024920949,0.7300174,0.7302362,0.9915235,0.86316687,0,0.2208726853132248,0.056442395,0.029728437,1.3010874e-06,0.0055585266,0,0.36869552731513977,0.21354015,0.24003541,0.008475213,0.13127466,0,0.410431832075119
