sample_id,tri_consensus,selected,consensus_class,tri_score,source_ema_js,p_source_BG,p_ema_BG,p_proto_BG,q_consensus_BG,selected_BG,target_prior_BG,p_source_Healthy,p_ema_Healthy,p_proto_Healthy,q_consensus_Healthy,selected_Healthy,target_prior_Healthy,p_source_WSSV,p_ema_WSSV,p_proto_WSSV,q_consensus_WSSV,selected_WSSV,target_prior_WSSV
TSBD_BG_b9ded89290,1,1,0,0.8817833,0.0067266664,0.8499111,0.9228802,0.99998593,0.9812879,1,0.12447063624858856,0.07410187,0.036898077,5.936175e-06,0.0088408645,0,0.38379666209220886,0.07598704,0.040221658,8.119487e-06,0.009871269,0,0.49173274636268616
TSBD_BG_ec6804e1c1,1,1,0,0.8819598,0.006733936,0.85025936,0.92319006,0.9999862,0.9813966,1,0.12447063624858856,0.07524921,0.037595328,6.5237946e-06,0.009132879,0,0.38379666209220886,0.07449144,0.039214566,7.24125e-06,0.0094705,0,0.49173274636268616
TSBD_BG_e6c7f786d1,1,1,0,0.8808622,0.0068612834,0.8494048,0.9230209,0.99998593,0.9812683,1,0.12447063624858856,0.07775127,0.037730858,6.668235e-06,0.009296445,0,0.38379666209220886,0.07284393,0.0392482,7.3658107e-06,0.009435273,0,0.49173274636268616
TSBD_BG_27046d49de,1,1,0,0.8788434,0.0070813596,0.84751785,0.92278343,0.9999858,0.9811158,1,0.12447063624858856,0.072472475,0.03685562,5.9194244e-06,0.008770366,0,0.38379666209220886,0.08000962,0.040360913,8.27535e-06,0.010113791,0,0.49173274636268616
TSBD_BG_ef94f9e30a,1,0,2,0.4225002,0.07801658,0.10398955,0.43731734,0.14907928,0.23900762,0,0.12447063624858856,0.101549156,0.031598352,2.5200334e-06,0.0080703115,0,0.38379666209220886,0.7944613,0.5310843,0.85091823,0.7529221,0,0.49173274636268616
TSBD_BG_014cc1626a,1,0,2,0.8293247,0.0077982107,0.07721689,0.054958276,1.1309547e-05,0.012787878,0,0.12447063624858856,0.15159628,0.08054366,2.4248158e-05,0.022401968,0,0.38379666209220886,0.7711868,0.864498,0.9999645,0.96481013,0,0.49173274636268616
TSBD_BG_ab942e7799,0,0,0,0.18776214,0.21272181,0.29466033,0.88652426,0.99988353,0.9313309,0,0.12447063624858856,0.5258504,0.040264007,8.827303e-06,0.027673924,0,0.38379666209220886,0.17948927,0.07321175,0.000107606065,0.040995184,0,0.49173274636268616
TSBD_BG_92d3bac25d,1,1,0,0.85507494,0.010375622,0.83359283,0.9229669,0.99998605,0.980621,1,0.12447063624858856,0.10424999,0.038642902,7.4055083e-06,0.010696796,0,0.38379666209220886,0.0621572,0.038390253,6.544525e-06,0.008682239,0,0.49173274636268616
TSBD_BG_3179613a58,1,1,0,0.803476,0.017784048,0.80218923,0.9228224,0.99998605,0.9793438,1,0.12447063624858856,0.1346088,0.03829236,7.0082124e-06,0.011663639,0,0.38379666209220886,0.06320201,0.038885206,6.925574e-06,0.008992621,0,0.49173274636268616
TSBD_BG_72fcb5ad43,1,0,1,0.631202,0.026935246,0.17707133,0.37165228,0.031005152,0.19579343,0,0.12447063624858856,0.74471706,0.5972408,0.9689934,0.7976756,0,0.38379666209220886,0.07821155,0.031106902,1.419851e-06,0.0065309545,0,0.49173274636268616
TSBD_BG_1adf4fa166,1,1,0,0.8739114,0.007692717,0.8436925,0.92266124,0.9999857,0.9808934,1,0.12447063624858856,0.07680259,0.037318278,6.2875074e-06,0.00912287,0,0.38379666209220886,0.07950494,0.0400205,7.937753e-06,0.009983761,0,0.49173274636268616
TSBD_BG_19f57a7d83,0,0,0,0.108804055,0.3122063,0.2005929,0.92213017,0.9999832,0.9478857,0,0.12447063624858856,0.7193493,0.04240007,1.2024776e-05,0.03846358,0,0.38379666209220886,0.08005777,0.035469804,4.717083e-06,0.013650632,0,0.49173274636268616
TSBD_BG_b06b80d500,1,1,0,0.87923056,0.007072469,0.8483024,0.92298454,0.99998605,0.981248,1,0.12447063624858856,0.07971948,0.03751725,6.427198e-06,0.009289781,0,0.38379666209220886,0.07197806,0.03949821,7.5042085e-06,0.009462167,0,0.49173274636268616
TSBD_BG_5c745e387f,1,1,0,0.88166463,0.0067773554,0.8501283,0.92320704,0.9999862,0.98140174,1,0.12447063624858856,0.07715652,0.03775033,6.6361476e-06,0.009262365,0,0.38379666209220886,0.072715186,0.039042663,7.0998503e-06,0.009335875,0,0.49173274636268616
TSBD_BG_c333741c9b,1,1,0,0.78152275,0.02133308,0.79252684,0.92281306,0.9999858,0.9790775,1,0.12447063624858856,0.15121518,0.03810433,7.004903e-06,0.012168573,0,0.38379666209220886,0.056257956,0.039082617,7.192876e-06,0.008753859,0,0.49173274636268616
TSBD_BG_a3ac70c2de,0,0,0,0.08296021,0.3563173,0.13639897,0.915359,0.99996054,0.9252314,0,0.12447063624858856,0.7761899,0.05439045,3.713782e-05,0.062057037,0,0.38379666209220886,0.087411106,0.030250615,2.2900042e-06,0.0127115855,0,0.49173274636268616
TSBD_BG_6ff47981ea,0,0,0,0.16387932,0.2444604,0.29809466,0.92294925,0.99998593,0.95882565,0,0.12447063624858856,0.6335148,0.03923747,8.018144e-06,0.028839117,0,0.38379666209220886,0.06839053,0.03781334,6.135507e-06,0.0123351915,0,0.49173274636268616
TSBD_BG_64274bed67,0,0,0,0.25097016,0.137961,0.11048258,0.59212965,0.5327022,0.38304976,0,0.12447063624858856,0.7911867,0.38002327,0.46729493,0.6087631,0,0.38379666209220886,0.098330736,0.027847072,2.8288882e-06,0.008187158,0,0.49173274636268616
TSBD_BG_7031e4d230,1,1,0,0.8763106,0.007465477,0.8464142,0.9230846,0.9999862,0.9811915,1,0.12447063624858856,0.08388107,0.03805059,6.9017196e-06,0.009660035,0,0.38379666209220886,0.06970472,0.03886478,6.9312964e-06,0.009148441,0,0.49173274636268616
TSBD_BG_03136a4786,0,0,0,0.1239156,0.28700173,0.074297965,0.77967817,0.9904975,0.66816896,0,0.12447063624858856,0.1592684,0.02926206,2.2159709e-06,0.014764107,0,0.38379666209220886,0.76643366,0.19105978,0.0095002195,0.31706685,0,0.49173274636268616
TSBD_BG_daacfdf534,1,1,0,0.82479113,0.01416516,0.8081808,0.92165285,0.99998426,0.97877663,1,0.12447063624858856,0.08375645,0.03527838,4.8142633e-06,0.008809327,0,0.38379666209220886,0.10806272,0.04306875,1.093343e-05,0.012414024,0,0.49173274636268616
TSBD_BG_873a3617a3,0,0,0,0.08356576,0.35468453,0.11909005,0.9018269,0.99990916,0.9021278,0,0.12447063624858856,0.10152519,0.028622493,1.7576166e-06,0.012756107,0,0.38379666209220886,0.7793848,0.06955056,8.9073124e-05,0.08511614,0,0.49173274636268616
TSBD_BG_abfa756b67,1,1,0,0.8681006,0.00828304,0.83816546,0.92115587,0.99998343,0.9800566,1,0.12447063624858856,0.07151996,0.03453124,4.3014384e-06,0.007981879,0,0.38379666209220886,0.0903146,0.044312906,1.2330594e-05,0.011961565,0,0.49173274636268616
TSBD_BG_897409ab6a,1,0,2,0.8322389,0.009933212,0.08269498,0.07500418,2.8512357e-05,0.017916461,0,0.12447063624858856,0.118882164,0.0443469,1.3376522e-06,0.00870939,0,0.38379666209220886,0.7984228,0.8806489,0.9999702,0.9733741,0,0.49173274636268616
TSBD_BG_029a32b87f,1,0,2,0.70399255,0.016180463,0.17207287,0.29946175,0.015958577,0.15427475,0,0.12447063624858856,0.091657735,0.034963924,1.6667809e-06,0.007526743,0,0.38379666209220886,0.7362694,0.66557425,0.9840397,0.8381985,0,0.49173274636268616
TSBD_BG_ad84846145,1,0,0,0.6208266,0.03605476,0.6713929,0.7493855,0.97812986,0.85479105,0,0.12447063624858856,0.18011019,0.02769642,1.6922854e-06,0.008608852,0,0.38379666209220886,0.14849687,0.22291812,0.0218684,0.13660017,0,0.49173274636268616
TSBD_BG_6250909f04,0,0,0,0.32758513,0.12963057,0.3870055,0.86069745,0.9991155,0.89443034,0,0.12447063624858856,0.54634005,0.10787745,0.00088156963,0.09710059,0,0.38379666209220886,0.06665442,0.031425048,2.8340562e-06,0.008469069,0,0.49173274636268616
TSBD_Healthy_c7fd512124,1,0,1,0.6792132,0.034435336,0.06245415,0.058361247,6.29751e-06,0.011177141,0,0.12447063624858856,0.70437807,0.88576454,0.99999034,0.973462,0,0.38379666209220886,0.23316778,0.055874214,3.3959886e-06,0.015360907,0,0.49173274636268616
TSBD_Healthy_1ab857c1ee,0,0,1,0.16574188,0.244284,0.05697581,0.057159122,5.930096e-06,0.014662449,0,0.12447063624858856,0.2623233,0.8854591,0.9999902,0.9533048,0,0.38379666209220886,0.6807009,0.05738176,3.8105259e-06,0.032032713,0,0.49173274636268616
TSBD_Healthy_a4108c60ab,1,0,1,0.75309163,0.021729402,0.070962444,0.05886266,6.604423e-06,0.011631003,0,0.12447063624858856,0.7445632,0.8859013,0.9999901,0.9746537,0,0.38379666209220886,0.18447433,0.055236056,3.2645287e-06,0.013715262,0,0.49173274636268616
TSBD_Healthy_603954b4fc,1,0,1,0.6531522,0.03795929,0.09193946,0.062141813,8.223729e-06,0.014077194,0,0.12447063624858856,0.67458147,0.882519,0.99998844,0.9704895,0,0.38379666209220886,0.23347911,0.055339232,3.3094968e-06,0.015433277,0,0.49173274636268616
TSBD_Healthy_a7669a6337,1,0,1,0.66632956,0.036037825,0.07329964,0.05621182,5.7353454e-06,0.011489856,0,0.12447063624858856,0.68739325,0.8848854,0.99998987,0.9716613,0,0.38379666209220886,0.23930715,0.058902804,4.4146745e-06,0.01684884,0,0.49173274636268616
TSBD_Healthy_0969d7950f,1,0,1,0.70670646,0.028134331,0.10756807,0.06304339,8.619717e-06,0.01491278,0,0.12447063624858856,0.70198214,0.882608,0.9999883,0.97127366,0,0.38379666209220886,0.19044976,0.054348655,3.0204633e-06,0.013813563,0,0.49173274636268616
TSBD_Healthy_3535a7f645,1,0,1,0.81126934,0.012577053,0.084749356,0.059715044,7.0398232e-06,0.012451055,0,0.12447063624858856,0.77535343,0.8856106,0.99998987,0.9754201,0,0.38379666209220886,0.13989724,0.054674394,3.1323302e-06,0.012128806,0,0.49173274636268616
TSBD_Healthy_28874652ec,1,0,1,0.7019912,0.03018957,0.06802243,0.05812873,6.4466403e-06,0.011492154,0,0.12447063624858856,0.7144006,0.8856881,0.99999,0.9733872,0,0.38379666209220886,0.21757701,0.05618314,3.587278e-06,0.015120659,0,0.49173274636268616
TSBD_Healthy_c9a3ba4645,1,0,1,0.789352,0.015611984,0.15556043,0.058451716,6.4848164e-06,0.01510103,0,0.12447063624858856,0.7583324,0.8862592,0.9999902,0.9744418,0,0.38379666209220886,0.08610718,0.05528908,3.2945227e-06,0.010457155,0,0.49173274636268616
TSBD_Healthy_ec9cff4659,1,0,1,0.7711111,0.017763844,0.17246872,0.06526259,9.752074e-06,0.017988509,0,0.12447063624858856,0.741111,0.88260734,0.9999877,0.97225827,0,0.38379666209220886,0.086420245,0.052130077,2.5385204e-06,0.0097532505,0,0.49173274636268616
TSBD_Healthy_d0dd7481d3,1,0,1,0.8087262,0.012155797,0.15105149,0.06809605,1.1598443e-05,0.017941736,0,0.12447063624858856,0.76531935,0.8813567,0.9999862,0.97285473,0,0.38379666209220886,0.08362914,0.050547253,2.266731e-06,0.009203545,0,0.49173274636268616
TSBD_Healthy_9b9c4b2008,1,1,1,0.83089125,0.009804307,0.08520995,0.058056396,6.4392725e-06,0.012036126,0,0.12447063624858856,0.78776866,0.88592577,0.99999,0.97584885,1,0.38379666209220886,0.12702139,0.0560178,3.5852975e-06,0.012115012,0,0.49173274636268616
TSBD_Healthy_6af33a64f0,1,1,1,0.8355955,0.008959755,0.09848603,0.0599925,7.288873e-06,0.013169907,0,0.12447063624858856,0.7883644,0.8852974,0.9999895,0.9755951,1,0.38379666209220886,0.11314956,0.05471009,3.1781929e-06,0.011234938,0,0.49173274636268616
TSBD_Healthy_11508a2a47,1,1,0,0.87822044,0.007193785,0.847476,0.9229407,0.9999862,0.9812296,1,0.12447063624858856,0.07931347,0.037197188,6.0958255e-06,0.009143376,0,0.38379666209220886,0.073210545,0.039862104,7.7660525e-06,0.00962702,0,0.49173274636268616
TSBD_Healthy_9c80ffce77,1,1,1,0.8212449,0.011029657,0.086723,0.06073472,7.424004e-06,0.012758115,0,0.12447063624858856,0.7808765,0.8843877,0.9999894,0.97534335,1,0.38379666209220886,0.13240045,0.0548776,3.138375e-06,0.011898586,0,0.49173274636268616
TSBD_Healthy_fdc6d1fa33,1,1,1,0.83652514,0.00883689,0.10312815,0.059101496,6.8481986e-06,0.013125762,0,0.12447063624858856,0.78861946,0.88578856,0.99998987,0.9756843,1,0.38379666209220886,0.10825242,0.05510999,3.3156048e-06,0.0111899255,0,0.49173274636268616
TSBD_Healthy_8c646c1060,1,1,0,0.77744514,0.021207158,0.7806071,0.92000115,0.9999801,0.9765102,1,0.12447063624858856,0.15734114,0.04531923,1.5671494e-05,0.015734991,0,0.38379666209220886,0.062051676,0.03467959,4.238979e-06,0.0077548185,0,0.49173274636268616
TSBD_Healthy_1b2ea804f3,1,1,1,0.8188261,0.010920217,0.1104706,0.063515164,8.819594e-06,0.014708132,0,0.12447063624858856,0.77352434,0.8829942,0.9999883,0.974277,1,0.38379666209220886,0.11600501,0.05349063,2.8071076e-06,0.011014895,0,0.49173274636268616
TSBD_Healthy_181a36e89e,1,0,1,0.78635377,0.015412085,0.13944586,0.060467333,7.606573e-06,0.015299817,0,0.12447063624858856,0.74917865,0.88336664,0.9999888,0.97294766,0,0.38379666209220886,0.11137548,0.056166023,3.5592009e-06,0.011752551,0,0.49173274636268616
TSBD_Healthy_b13db56cba,0,0,1,0.13643341,0.27637005,0.06062612,0.059170596,7.006175e-06,0.016759433,0,0.12447063624858856,0.21634388,0.8833449,0.99998903,0.94807535,0,0.38379666209220886,0.72303003,0.057484515,3.973111e-06,0.03516522,0,0.49173274636268616
TSBD_Healthy_e91e5f3d2c,1,0,1,0.79029125,0.015528828,0.15593061,0.057893172,6.259769e-06,0.014934271,0,0.12447063624858856,0.75986,0.8861633,0.99999034,0.9745434,0,0.38379666209220886,0.08420941,0.055943523,3.4507868e-06,0.010522319,0,0.49173274636268616
TSBD_Healthy_b9f53cb41a,0,0,1,0.21853583,0.19732824,0.609582,0.057983328,6.3304287e-06,0.031557903,0,0.12447063624858856,0.3349758,0.8861585,0.9999902,0.9565504,0,0.38379666209220886,0.05544214,0.05585816,3.4728932e-06,0.011891732,0,0.49173274636268616
TSBD_Healthy_eb22129a24,1,1,0,0.86318,0.009278293,0.8388505,0.9230298,0.9999862,0.9809233,1,0.12447063624858856,0.096824996,0.037576664,6.468977e-06,0.009999434,0,0.38379666209220886,0.06432447,0.039393578,7.3351925e-06,0.009077262,0,0.49173274636268616
TSBD_Healthy_968a78b93d,1,0,1,0.81011665,0.012522798,0.1381568,0.058002956,6.316209e-06,0.014287277,0,0.12447063624858856,0.77091074,0.88596094,0.9999902,0.97490543,0,0.38379666209220886,0.090932466,0.05603613,3.5147389e-06,0.010807279,0,0.49173274636268616
TSBD_Healthy_c7a3a188a8,0,0,1,0.19505899,0.22071558,0.73078984,0.12142831,0.0001181148,0.09461689,0,0.12447063624858856,0.21404889,0.8392054,0.999881,0.8966983,0,0.38379666209220886,0.055161227,0.03936637,8.9276153e-07,0.008684837,0,0.49173274636268616
TSBD_Healthy_f55a2f1b43,1,0,1,0.43784466,0.08853721,0.05459197,0.056826282,5.9604236e-06,0.011254254,0,0.12447063624858856,0.5563804,0.8863742,0.9999902,0.96833605,0,0.38379666209220886,0.3890277,0.056799512,3.765719e-06,0.020409716,0,0.49173274636268616
TSBD_Healthy_11a0ec4d06,1,0,1,0.4365687,0.08538705,0.36084762,0.06740993,1.1198926e-05,0.027184162,0,0.12447063624858856,0.52089286,0.88120663,0.9999864,0.9608095,0,0.38379666209220886,0.11825949,0.051383417,2.442209e-06,0.012006352,0,0.49173274636268616
TSBD_Healthy_dda7c6bbc5,1,1,1,0.81692916,0.0118625,0.080283,0.057476744,6.2219156e-06,0.011692042,0,0.12447063624858856,0.7798509,0.886303,0.9999902,0.9757329,1,0.38379666209220886,0.13986607,0.056220192,3.562174e-06,0.012575052,0,0.49173274636268616
TSBD_Healthy_b83d452fe7,0,0,1,0.14193559,0.27006882,0.058178436,0.05624333,5.7785173e-06,0.0152992075,0,0.12447063624858856,0.22655292,0.886333,0.9999902,0.95024204,0,0.38379666209220886,0.7152686,0.05742376,3.959887e-06,0.034458715,0,0.49173274636268616
TSBD_Healthy_ec04a77054,1,1,1,0.84261703,0.008098053,0.10546537,0.058966745,6.6212115e-06,0.013100496,0,0.12447063624858856,0.7936402,0.88635975,0.9999902,0.9761812,1,0.38379666209220886,0.10089439,0.054673467,3.1093782e-06,0.0107183065,0,0.49173274636268616
TSBD_Healthy_63480c13ab,1,1,1,0.84360915,0.007993797,0.10099656,0.058641385,6.485398e-06,0.01281281,0,0.12447063624858856,0.7946969,0.8864614,0.99999034,0.9762801,1,0.38379666209220886,0.10430652,0.054897275,3.178523e-06,0.010907107,0,0.49173274636268616
TSBD_Healthy_a334fe0843,1,0,1,0.52265924,0.0657242,0.33313224,0.060984183,7.43425e-06,0.022267075,0,0.12447063624858856,0.60053295,0.88510877,0.9999896,0.9678046,0,0.38379666209220886,0.066334784,0.053907026,2.9131384e-06,0.009928287,0,0.49173274636268616
TSBD_Healthy_af48f4f88b,1,0,1,0.77187574,0.01822717,0.1695247,0.059289694,6.8667528e-06,0.015915774,0,0.12447063624858856,0.7474784,0.885864,0.99999,0.9738211,0,0.38379666209220886,0.08299686,0.05484628,3.1836244e-06,0.010263077,0,0.49173274636268616
TSBD_Healthy_58fc6d9018,0,0,1,0.22118025,0.19466344,0.09785306,0.043725006,2.552938e-06,0.012611151,0,0.12447063624858856,0.29640248,0.8765637,0.99997973,0.9412967,0,0.38379666209220886,0.6057445,0.07971128,1.7746812e-05,0.046092093,0,0.49173274636268616
TSBD_Healthy_ed8a98aaef,0,0,1,0.19331902,0.21789998,0.08303591,0.049296986,3.598797e-06,0.013825522,0,0.12447063624858856,0.27727452,0.88209397,0.99998784,0.94718987,0,0.38379666209220886,0.6396896,0.06860903,8.559979e-06,0.03898461,0,0.49173274636268616
TSBD_Healthy_c1a36abd3d,1,0,1,0.7043079,0.028989598,0.09327836,0.0596028,6.9001394e-06,0.013210666,0,0.12447063624858856,0.7050752,0.8848244,0.99998987,0.9723601,0,0.38379666209220886,0.2016464,0.05557275,3.2579653e-06,0.014429246,0,0.49173274636268616
TSBD_Healthy_ba89f16ead,1,1,1,0.84132874,0.008274725,0.10686079,0.058156975,6.3163125e-06,0.012960596,0,0.12447063624858856,0.79267126,0.8865057,0.99999034,0.976143,1,0.38379666209220886,0.100467935,0.055337273,3.3051979e-06,0.010896376,0,0.49173274636268616
TSBD_Healthy_ff7717e05f,1,1,0,0.8778418,0.0071990546,0.8468259,0.92255276,0.99998534,0.9809347,1,0.12447063624858856,0.08320999,0.03953764,8.5071315e-06,0.010217394,0,0.38379666209220886,0.0699642,0.03790954,6.16824e-06,0.008847959,0,0.49173274636268616
TSBD_Healthy_9697828448,1,1,1,0.81509644,0.0120062865,0.08671596,0.058189407,6.3562657e-06,0.012144851,0,0.12447063624858856,0.77686775,0.88627696,0.9999902,0.9755832,1,0.38379666209220886,0.13641629,0.05553356,3.366082e-06,0.012272006,0,0.49173274636268616
TSBD_Healthy_0dc7202194,1,1,1,0.8391297,0.008549072,0.10064614,0.059137855,6.691107e-06,0.012945642,0,0.12447063624858856,0.79112315,0.8861426,0.9999902,0.976038,1,0.38379666209220886,0.10823067,0.0547195,3.1314262e-06,0.011016422,0,0.49173274636268616
TSBD_Healthy_aafafefd6f,0,0,1,0.11609893,0.29592523,0.6638277,0.048004907,3.4627951e-06,0.032765348,0,0.12447063624858856,0.17303701,0.87661815,0.9999832,0.9350687,0,0.38379666209220886,0.16313526,0.075376906,1.3337711e-05,0.032165974,0,0.49173274636268616
TSBD_Healthy_3e37e6f481,1,1,1,0.8309331,0.009469334,0.11192341,0.060002577,6.996466e-06,0.013690122,0,0.12447063624858856,0.783401,0.8850504,0.99998987,0.97535366,1,0.38379666209220886,0.10467557,0.054946993,3.1480495e-06,0.01095625,0,0.49173274636268616
TSBD_Healthy_d5c6d15d07,1,0,1,0.6176496,0.039862838,0.1674287,0.046678126,3.8728717e-06,0.013506841,0,0.12447063624858856,0.61228466,0.854168,0.99994016,0.950886,0,0.38379666209220886,0.22028662,0.09915389,5.6005603e-05,0.035607137,0,0.49173274636268616
TSBD_Healthy_968206666f,1,0,1,0.7764636,0.017929172,0.07679151,0.06030381,7.3964434e-06,0.012299652,0,0.12447063624858856,0.75679123,0.8853653,0.9999895,0.97480863,0,0.38379666209220886,0.16641723,0.05433084,3.0565257e-06,0.012891677,0,0.49173274636268616
TSBD_Healthy_cacd4fa5f3,1,0,1,0.73649836,0.024103263,0.078831,0.057392966,6.1787623e-06,0.0118417675,0,0.12447063624858856,0.72989666,0.886373,0.9999902,0.97380906,0,0.38379666209220886,0.19127235,0.05623405,3.5826974e-06,0.014349134,0,0.49173274636268616
TSBD_Healthy_c00e285b89,1,0,1,0.671549,0.03609865,0.058277935,0.058798574,6.676541e-06,0.011080255,0,0.12447063624858856,0.7035082,0.88617027,0.9999901,0.97369736,0,0.38379666209220886,0.23821387,0.05503114,3.2274531e-06,0.015222366,0,0.49173274636268616
TSBD_Healthy_e318b96772,1,0,1,0.45707974,0.083361685,0.056353413,0.059660085,6.997541e-06,0.011916048,0,0.12447063624858856,0.5712491,0.8855745,0.99998987,0.9691764,0,0.38379666209220886,0.37239745,0.054765392,3.1329694e-06,0.01890753,0,0.49173274636268616
TSBD_Healthy_f874d1c34c,0,0,1,0.20525293,0.20795895,0.05179898,0.05869255,6.612553e-06,0.01370259,0,0.12447063624858856,0.32340178,0.8860134,0.9999901,0.95854175,0,0.38379666209220886,0.6247992,0.055294067,3.303029e-06,0.02775562,0,0.49173274636268616
TSBD_Healthy_a486752b98,1,0,1,0.6195744,0.046001855,0.056505356,0.05877476,6.6313028e-06,0.011101926,0,0.12447063624858856,0.6735001,0.8861638,0.9999901,0.97276956,0,0.38379666209220886,0.2699945,0.055061493,3.2183796e-06,0.016128525,0,0.49173274636268616
TSBD_Healthy_79eca515b7,0,0,1,0.23951574,0.18059242,0.057330407,0.06017901,7.249623e-06,0.014015016,0,0.12447063624858856,0.36800247,0.8855152,0.99998975,0.96079457,0,0.38379666209220886,0.57466716,0.054305706,3.034372e-06,0.025190417,0,0.49173274636268616
TSBD_Healthy_28f91e3b3c,1,0,1,0.4178105,0.09456241,0.05420868,0.059597638,6.9087396e-06,0.011899408,0,0.12447063624858856,0.5457239,0.88578415,0.99999,0.96851397,0,0.38379666209220886,0.4000674,0.054618202,3.0740641e-06,0.019586625,0,0.49173274636268616
TSBD_Healthy_b4c784db60,1,0,1,0.33899373,0.11974165,0.06063571,0.058520287,6.6307516e-06,0.012669764,0,0.12447063624858856,0.48233366,0.8857161,0.99999,0.9653094,0,0.38379666209220886,0.4570306,0.055763684,3.4191216e-06,0.022020906,0,0.49173274636268616
TSBD_Healthy_46afbf57c8,1,0,1,0.6908539,0.032295093,0.06449123,0.058170386,6.520603e-06,0.01133269,0,0.12447063624858856,0.7100513,0.8859003,0.99999,0.9734378,0,0.38379666209220886,0.22545743,0.05592933,3.4930745e-06,0.015229528,0,0.49173274636268616
TSBD_Healthy_5238685a4f,1,0,1,0.77198696,0.017977394,0.102635354,0.056734443,5.8725623e-06,0.0127072325,0,0.12447063624858856,0.7437415,0.8862614,0.99999034,0.9738682,0,0.38379666209220886,0.1536231,0.057004176,3.7749676e-06,0.013424585,0,0.49173274636268616
TSBD_Healthy_115a1b2ce7,0,0,1,0.11100067,0.31008494,0.06347076,0.056069255,5.6356166e-06,0.017056486,0,0.12447063624858856,0.1748017,0.8862266,0.99999034,0.9444078,0,0.38379666209220886,0.7617275,0.057704087,4.0186505e-06,0.03853569,0,0.49173274636268616
TSBD_Healthy_2b0f2e29de,0,0,1,0.09625033,0.33299434,0.0731837,0.05142355,4.2617826e-06,0.017448785,0,0.12447063624858856,0.14014608,0.88464814,0.9999893,0.93460494,0,0.38379666209220886,0.7866702,0.06392826,6.411106e-06,0.047946263,0,0.49173274636268616
TSBD_Healthy_2cb9913a0d,0,0,1,0.21652134,0.1986334,0.056923393,0.05832126,6.514473e-06,0.013923576,0,0.12447063624858856,0.33378324,0.88509095,0.99998975,0.9579815,0,0.38379666209220886,0.6092934,0.056587785,3.6818149e-06,0.02809491,0,0.49173274636268616
TSBD_Healthy_f7b6201d8c,0,0,1,0.1763667,0.23325019,0.063631974,0.059756562,7.180408e-06,0.015848396,0,0.12447063624858856,0.27827778,0.8850226,0.9999895,0.9545342,0,0.38379666209220886,0.65809023,0.055220846,3.27736e-06,0.02961737,0,0.49173274636268616
TSBD_Healthy_1cb0a1deed,1,0,1,0.5864555,0.052661985,0.058179867,0.059742745,6.96019e-06,0.011526724,0,0.12447063624858856,0.6529303,0.8856434,0.99999,0.9719682,0,0.38379666209220886,0.2888898,0.054613885,3.1042935e-06,0.016505105,0,0.49173274636268616
TSBD_Healthy_e53d9705ff,0,0,1,0.08905456,0.3449791,0.07439816,0.057579055,6.2161566e-06,0.02024805,0,0.12447063624858856,0.13503636,0.8861053,0.9999902,0.93872476,0,0.38379666209220886,0.7905655,0.056315698,3.5685016e-06,0.04102718,0,0.49173274636268616
TSBD_Healthy_fea6d00053,1,0,1,0.4359587,0.0889816,0.05888615,0.05838462,6.534829e-06,0.01193229,0,0.12447063624858856,0.55432874,0.88604826,0.9999901,0.9683037,0,0.38379666209220886,0.38678512,0.05556708,3.3789047e-06,0.019764028,0,0.49173274636268616
TSBD_Healthy_f69458ce94,0,0,1,0.2278662,0.18939984,0.057049315,0.06058606,7.6167757e-06,0.01437633,0,0.12447063624858856,0.3524252,0.88493586,0.9999893,0.9596683,0,0.38379666209220886,0.59052545,0.0544781,3.1065715e-06,0.02595541,0,0.49173274636268616
TSBD_Healthy_bb30558caa,0,0,1,0.11856039,0.29923195,0.059781265,0.060900643,7.810744e-06,0.017999804,0,0.12447063624858856,0.19127378,0.8840348,0.9999889,0.9469812,0,0.38379666209220886,0.74894494,0.05506459,3.2735097e-06,0.035019062,0,0.49173274636268616
TSBD_Healthy_f8b382f850,1,1,1,0.828403,0.01017586,0.08570961,0.058392484,6.5096756e-06,0.012126259,0,0.12447063624858856,0.786297,0.8861942,0.9999902,0.9759695,1,0.38379666209220886,0.12799342,0.055413343,3.3099384e-06,0.011904196,0,0.49173274636268616
TSBD_Healthy_4e764a8c1f,0,0,1,0.089363426,0.34453005,0.07315772,0.05682484,5.963232e-06,0.019823935,0,0.12447063624858856,0.13532102,0.88627994,0.9999902,0.93852115,0,0.38379666209220886,0.79152125,0.056895223,3.7739626e-06,0.041654862,0,0.49173274636268616
TSBD_Healthy_63950b8869,0,0,1,0.07942623,0.3619458,0.0972447,0.061400577,8.259829e-06,0.025680348,0,0.12447063624858856,0.11222761,0.8826754,0.9999882,0.93093705,0,0.38379666209220886,0.7905277,0.05592407,3.5829976e-06,0.04338262,0,0.49173274636268616
TSBD_Healthy_ea2ac521c5,0,0,1,0.1072457,0.31556112,0.06476562,0.056881227,5.9686818e-06,0.017710706,0,0.12447063624858856,0.1682496,0.8856992,0.9999901,0.94344234,0,0.38379666209220886,0.76698476,0.057419516,3.9242436e-06,0.038846944,0,0.49173274636268616
TSBD_Healthy_1402c548f4,0,0,1,0.109086074,0.3129556,0.06405387,0.05528582,5.306607e-06,0.016949423,0,0.12447063624858856,0.16986442,0.88579774,0.99999034,0.94310546,0,0.38379666209220886,0.76608175,0.058916472,4.3469545e-06,0.039945193,0,0.49173274636268616
TSBD_Healthy_44b1d181ba,0,0,1,0.093024425,0.33825493,0.07137463,0.055798244,5.5048736e-06,0.01893251,0,0.12447063624858856,0.14068247,0.88581926,0.99999034,0.93870133,0,0.38379666209220886,0.787943,0.058382552,4.1724907e-06,0.04236611,0,0.49173274636268616
TSBD_Healthy_5031d03cd3,1,1,1,0.8415832,0.008258378,0.10456956,0.057679716,6.2256377e-06,0.012775543,0,0.12447063624858856,0.7929858,0.88666856,0.99999034,0.97616917,1,0.38379666209220886,0.102444686,0.05565172,3.3940687e-06,0.01105532,0,0.49173274636268616
TSBD_Healthy_584e036b15,1,1,1,0.8197421,0.011120301,0.10829692,0.056722738,5.902287e-06,0.012785317,0,0.12447063624858856,0.77598417,0.88669187,0.99999046,0.97531843,1,0.38379666209220886,0.11571883,0.056585345,3.6855552e-06,0.011896241,0,0.49173274636268616
TSBD_Healthy_ceedc9841a,1,0,1,0.49849048,0.07126962,0.33897376,0.059124626,6.9135226e-06,0.02199215,0,0.12447063624858856,0.581772,0.8856502,0.99998975,0.9669516,0,0.38379666209220886,0.07925421,0.05522509,3.2928249e-06,0.011056229,0,0.49173274636268616
TSBD_Healthy_539b7c9614,1,0,1,0.8081656,0.013075605,0.081593715,0.062294874,8.3446075e-06,0.012962511,0,0.12447063624858856,0.7752944,0.8843264,0.9999889,0.97524256,0,0.38379666209220886,0.14311188,0.05337871,2.7564138e-06,0.011794933,0,0.49173274636268616
TSBD_Healthy_9405a524b8,1,1,1,0.83072263,0.009526473,0.101785555,0.061687656,7.9262145e-06,0.013744832,0,0.12447063624858856,0.78416526,0.88452697,0.99998915,0.9752333,1,0.38379666209220886,0.114049144,0.05378531,2.9318105e-06,0.01102186,0,0.49173274636268616
TSBD_Healthy_84b5bbabe5,1,1,1,0.8391623,0.008559985,0.104453936,0.057315294,6.0387183e-06,0.012667215,0,0.12447063624858856,0.79098725,0.88659143,0.99999046,0.9760699,1,0.38379666209220886,0.104558766,0.056093242,3.5162116e-06,0.011262835,0,0.49173274636268616
TSBD_Healthy_cd1699cbb8,1,1,1,0.8184776,0.009028822,0.15748939,0.093624026,3.8032493e-05,0.02675288,0,0.12447063624858856,0.7601989,0.86403936,0.9999609,0.96591425,1,0.38379666209220886,0.08231174,0.042336594,1.0922266e-06,0.0073328656,0,0.49173274636268616
TSBD_Healthy_3971c8d6d2,1,0,1,0.81242454,0.0090297535,0.1561969,0.106054276,6.4685715e-05,0.031507466,0,0.12447063624858856,0.7526225,0.8535556,0.9999343,0.9612347,0,0.38379666209220886,0.091180615,0.04039006,9.4445784e-07,0.0072577926,0,0.49173274636268616
TSBD_Healthy_062f8eb68b,1,0,1,0.79108626,0.015450684,0.15383452,0.057163093,5.9903305e-06,0.014643639,0,0.12447063624858856,0.7605487,0.8866486,0.99999046,0.97469735,0,0.38379666209220886,0.08561678,0.05618831,3.5479015e-06,0.010659048,0,0.49173274636268616
TSBD_Healthy_64c2fd2799,1,0,1,0.7121381,0.028794339,0.06094231,0.057299912,6.081346e-06,0.0108111305,0,0.12447063624858856,0.7246074,0.8865402,0.99999034,0.9742707,0,0.38379666209220886,0.21445027,0.056159914,3.5208482e-06,0.014918179,0,0.49173274636268616
TSBD_Healthy_06ad797b28,1,1,1,0.8155099,0.012118606,0.078867055,0.059340775,6.8407257e-06,0.012015232,0,0.12447063624858856,0.78027993,0.88573253,0.99999,0.97580343,1,0.38379666209220886,0.14085296,0.05492674,3.159904e-06,0.012181339,0,0.49173274636268616
TSBD_Healthy_d37fadc7b5,1,0,1,0.7666373,0.019770773,0.06649092,0.058227222,6.4373708e-06,0.011205279,0,0.12447063624858856,0.7549854,0.8862622,0.9999902,0.9751877,0,0.38379666209220886,0.17852369,0.05551054,3.3609176e-06,0.013606979,0,0.49173274636268616
TSBD_Healthy_23703b21e8,1,0,1,0.776739,0.017111655,0.11868084,0.057303876,6.211906e-06,0.013573326,0,0.12447063624858856,0.7446329,0.8861709,0.99999,0.9736151,0,0.38379666209220886,0.13668633,0.05652521,3.7481902e-06,0.012811577,0,0.49173274636268616
TSBD_Healthy_e761f95881,1,0,1,0.74235076,0.022649981,0.092587166,0.06297992,8.579246e-06,0.013965113,0,0.12447063624858856,0.7288616,0.8829226,0.99998844,0.97277164,0,0.38379666209220886,0.17855129,0.054097507,2.9574192e-06,0.013263263,0,0.49173274636268616
TSBD_Healthy_049d7b0b8e,1,0,1,0.7477718,0.022750393,0.068535976,0.064539894,9.394057e-06,0.012855017,0,0.12447063624858856,0.7460847,0.8833477,0.9999881,0.97441036,0,0.38379666209220886,0.18537933,0.05211244,2.5419665e-06,0.012734644,0,0.49173274636268616
TSBD_Healthy_d0a2ad85a2,1,1,1,0.83046675,0.009877168,0.0866297,0.0589532,6.7346186e-06,0.01230128,0,0.12447063624858856,0.78762084,0.88602495,0.99999,0.9759709,1,0.38379666209220886,0.12574938,0.055021793,3.2274804e-06,0.011727804,0,0.49173274636268616
TSBD_Healthy_427d279e02,1,0,1,0.58283246,0.053328063,0.0572492,0.05801832,6.500052e-06,0.011173377,0,0.12447063624858856,0.6493038,0.8859093,0.99999,0.97153527,0,0.38379666209220886,0.29344702,0.056072343,3.5678133e-06,0.017291402,0,0.49173274636268616
TSBD_Healthy_194fe9c226,1,0,1,0.77000725,0.019101646,0.06915783,0.057915285,6.4009932e-06,0.0113184,0,0.12447063624858856,0.7550217,0.88602144,0.99999,0.97491986,0,0.38379666209220886,0.17582048,0.05606329,3.5751946e-06,0.0137617495,0,0.49173274636268616
TSBD_Healthy_7fd586cd0c,1,0,1,0.60648847,0.04859451,0.06071688,0.07206743,1.3994418e-05,0.014543616,0,0.12447063624858856,0.67115545,0.8784923,0.999984,0.9714251,0,0.38379666209220886,0.26812765,0.04944027,2.0300342e-06,0.014031274,0,0.49173274636268616
TSBD_Healthy_8a16be7271,1,1,1,0.8412134,0.008319445,0.09691081,0.05806075,6.3685407e-06,0.012534276,0,0.12447063624858856,0.79312974,0.88642156,0.9999902,0.976161,1,0.38379666209220886,0.109959446,0.055517722,3.3697147e-06,0.011304676,0,0.49173274636268616
TSBD_Healthy_7497e074fb,1,0,1,0.7338687,0.02498242,0.0632131,0.056270234,5.686208e-06,0.0106654465,0,0.12447063624858856,0.7349176,0.8863704,0.99999046,0.9743527,0,0.38379666209220886,0.2018693,0.057359315,3.904441e-06,0.01498183,0,0.49173274636268616
TSBD_Healthy_0008f80a75,0,0,1,0.30483788,0.13347638,0.083400786,0.07673406,1.7818727e-05,0.020013077,0,0.12447063624858856,0.4493588,0.87505645,0.99998033,0.96118397,0,0.38379666209220886,0.4672404,0.048209507,1.8195793e-06,0.018803004,0,0.49173274636268616
TSBD_Healthy_5ceaf1db7f,0,0,1,0.1909296,0.22058895,0.054416537,0.05612095,5.7545285e-06,0.013631923,0,0.12447063624858856,0.29804042,0.8858633,0.9999901,0.95555043,0,0.38379666209220886,0.647543,0.05801576,4.1360177e-06,0.03081764,0,0.49173274636268616
TSBD_Healthy_e4fa44cd99,1,0,1,0.6155678,0.046669073,0.058288373,0.059057023,6.818268e-06,0.011330557,0,0.12447063624858856,0.6697197,0.8857302,0.99998987,0.97238475,0,0.38379666209220886,0.27199194,0.0552128,3.2838125e-06,0.016284673,0,0.49173274636268616
TSBD_Healthy_441bde1a65,1,0,1,0.77664614,0.018135127,0.070269376,0.061066154,7.575507e-06,0.012033566,0,0.12447063624858856,0.76070213,0.8850733,0.9999895,0.9752109,0,0.38379666209220886,0.16902842,0.053860478,2.8942577e-06,0.012755535,0,0.49173274636268616
TSBD_Healthy_dbb2f8ca89,1,1,1,0.8436877,0.008025104,0.09635177,0.05748828,6.1707306e-06,0.012363675,0,0.12447063624858856,0.7951854,0.8867192,0.99999034,0.97630495,1,0.38379666209220886,0.10846278,0.055792492,3.4696031e-06,0.011331359,0,0.49173274636268616
TSBD_Healthy_9b317a63ad,1,1,1,0.8432389,0.008068392,0.09806048,0.057788182,6.212004e-06,0.012488985,0,0.12447063624858856,0.79466456,0.8866524,0.99999046,0.97629917,1,0.38379666209220886,0.10727499,0.055559378,3.3819363e-06,0.011211887,0,0.49173274636268616
TSBD_Healthy_d85abeff44,1,0,1,0.696174,0.031538196,0.06305913,0.06024285,7.307032e-06,0.011659051,0,0.12447063624858856,0.71603423,0.88544476,0.9999896,0.97385526,0,0.38379666209220886,0.22090665,0.05431244,3.0449698e-06,0.014485721,0,0.49173274636268616
TSBD_Healthy_32490efb09,1,1,1,0.8414315,0.008239606,0.10486569,0.058879115,6.69894e-06,0.013100798,0,0.12447063624858856,0.7926331,0.8862509,0.9999901,0.97603905,1,0.38379666209220886,0.10250119,0.054869916,3.1985126e-06,0.010860187,0,0.49173274636268616
TSBD_Healthy_003e47f46b,1,1,1,0.8398286,0.008509269,0.09358587,0.0595281,7.01324e-06,0.01277005,0,0.12447063624858856,0.7927012,0.88588536,0.99998987,0.97603995,1,0.38379666209220886,0.11371292,0.054586556,3.1313534e-06,0.011189963,0,0.49173274636268616
TSBD_Healthy_db7fb385bc,1,1,1,0.8304024,0.009857023,0.08767347,0.057087444,6.0918396e-06,0.011934767,0,0.12447063624858856,0.7867141,0.8864825,0.9999902,0.97589636,1,0.38379666209220886,0.12561248,0.056430034,3.6724675e-06,0.012168857,0,0.49173274636268616
TSBD_Healthy_e07653b53b,1,1,1,0.83333665,0.009460103,0.08832541,0.05721274,6.0774037e-06,0.011962399,0,0.12447063624858856,0.7887441,0.8865411,0.99999034,0.9760324,1,0.38379666209220886,0.12293052,0.056246113,3.6047416e-06,0.012005222,0,0.49173274636268616
TSBD_Healthy_372dafd03c,0,0,1,0.23674239,0.182782,0.055201005,0.06045941,7.5952894e-06,0.014031058,0,0.12447063624858856,0.36459988,0.8848707,0.99998915,0.9602226,0,0.38379666209220886,0.5801992,0.054669835,3.2298115e-06,0.025746323,0,0.49173274636268616
TSBD_Healthy_8a4d12c896,1,0,1,0.73150253,0.025061406,0.07254183,0.05963965,7.1776344e-06,0.0120642595,0,0.12447063624858856,0.7302654,0.88481396,0.9999894,0.97366244,0,0.38379666209220886,0.19719274,0.055546332,3.3927645e-06,0.014273327,0,0.49173274636268616
TSBD_Healthy_ddf26df6fc,1,0,1,0.7223902,0.02660798,0.07260209,0.057984665,6.3599095e-06,0.011657594,0,0.12447063624858856,0.7244354,0.88600075,0.9999901,0.9737333,0,0.38379666209220886,0.20296259,0.05601463,3.515506e-06,0.014609139,0,0.49173274636268616
TSBD_Healthy_f43e3f4c5b,1,0,1,0.5092324,0.06985886,0.06006523,0.060628977,7.4535446e-06,0.012207429,0,0.12447063624858856,0.60352325,0.8847996,0.9999895,0.9699503,0,0.38379666209220886,0.3364115,0.054571465,3.089672e-06,0.017842228,0,0.49173274636268616
TSBD_Healthy_b5fbb9ed8e,1,1,1,0.8404779,0.008389039,0.09696664,0.059033845,6.7572573e-06,0.012786001,0,0.12447063624858856,0.7925157,0.886016,0.99999,0.9760407,1,0.38379666209220886,0.110517666,0.054950155,3.2183177e-06,0.011173269,0,0.49173274636268616
TSBD_Healthy_eb36a09ca4,1,0,1,0.78924125,0.015973957,0.077249214,0.059959188,7.1497698e-06,0.012171944,0,0.12447063624858856,0.7642671,0.8853943,0.99998975,0.9751018,0,0.38379666209220886,0.15848367,0.054646473,3.1296129e-06,0.012726209,0,0.49173274636268616
TSBD_Healthy_6b4a97bd93,1,0,1,0.67079496,0.03614305,0.05992786,0.05891825,6.689389e-06,0.011211437,0,0.12447063624858856,0.7019109,0.8859847,0.99999,0.9735117,0,0.38379666209220886,0.23816125,0.055096965,3.2666649e-06,0.01527689,0,0.49173274636268616
TSBD_Healthy_ba33e2e4e1,1,0,1,0.769538,0.019203687,0.07039738,0.06050684,7.37468e-06,0.011950259,0,0.12447063624858856,0.75585407,0.8852337,0.9999896,0.97499055,0,0.38379666209220886,0.17374857,0.054259505,3.021971e-06,0.013059199,0,0.49173274636268616
TSBD_Healthy_c2d1e8a97b,1,1,1,0.833439,0.0094956625,0.08640388,0.0594018,6.857068e-06,0.0123651475,0,0.12447063624858856,0.7900364,0.8860474,0.99999,0.97612727,1,0.38379666209220886,0.12355971,0.05455072,3.100707e-06,0.01150759,0,0.49173274636268616
TSBD_Healthy_acaf94d2e8,1,0,1,0.64407444,0.041063882,0.06145895,0.061670505,7.87221e-06,0.01201989,0,0.12447063624858856,0.6867091,0.8845378,0.9999893,0.9728222,0,0.38379666209220886,0.25183192,0.05379169,2.893625e-06,0.015157957,0,0.49173274636268616
TSBD_Healthy_4c1057862a,1,0,1,0.6929773,0.03203295,0.063215554,0.058663364,6.6468465e-06,0.011327545,0,0.12447063624858856,0.7127893,0.8860024,0.9999901,0.97373414,0,0.38379666209220886,0.22399515,0.055334195,3.3041126e-06,0.014938285,0,0.49173274636268616
TSBD_Healthy_d28eee88b2,1,0,1,0.70186234,0.030497435,0.061091967,0.057314415,6.1564933e-06,0.010880285,0,0.12447063624858856,0.71799093,0.88621366,0.9999902,0.9738533,0,0.38379666209220886,0.22091708,0.056471936,3.6505528e-06,0.01526642,0,0.49173274636268616
TSBD_Healthy_9f799d79c9,1,0,1,0.79761505,0.014519587,0.08601509,0.06056751,7.3980736e-06,0.01277018,0,0.12447063624858856,0.76631767,0.88530153,0.9999896,0.9749843,0,0.38379666209220886,0.14766732,0.054131024,2.9996493e-06,0.012245566,0,0.49173274636268616
TSBD_Healthy_0797e50b91,0,0,1,0.16460262,0.24531011,0.058051202,0.057711143,6.3724933e-06,0.015049983,0,0.12447063624858856,0.26157525,0.885735,0.99998987,0.9532744,0,0.38379666209220886,0.68037355,0.0565539,3.710317e-06,0.031675626,0,0.49173274636268616
TSBD_Healthy_35d58d516e,0,0,1,0.31247768,0.13218501,0.05544396,0.058883976,6.65433e-06,0.012520897,0,0.12447063624858856,0.46010762,0.8858458,0.99999,0.9648903,0,0.38379666209220886,0.4844484,0.055270273,3.3024994e-06,0.022588808,0,0.49173274636268616
TSBD_Healthy_3369d16a81,0,0,1,0.11162474,0.30897,0.066441566,0.060536906,7.947758e-06,0.019384637,0,0.12447063624858856,0.16977815,0.8790178,0.99998724,0.9395115,0,0.38379666209220886,0.76378024,0.060445353,4.7634926e-06,0.041103903,0,0.49173274636268616
TSBD_Healthy_f12cfc128f,1,1,1,0.8382095,0.008568771,0.10426497,0.059571467,7.0230512e-06,0.013286941,0,0.12447063624858856,0.7895653,0.8853225,0.99998975,0.97562945,1,0.38379666209220886,0.10616973,0.05510604,3.2748114e-06,0.011083617,0,0.49173274636268616
TSBD_Healthy_8cb3c49027,1,0,1,0.74345505,0.02146517,0.19760405,0.07248008,1.4463395e-05,0.0216144,0,0.12447063624858856,0.71836406,0.87876093,0.99998367,0.96944505,0,0.38379666209220886,0.08403191,0.048758984,1.9080735e-06,0.00894049,0,0.49173274636268616
TSBD_Healthy_0d4d34f349,1,0,1,0.46122843,0.08032065,0.3725284,0.06368046,9.038133e-06,0.025192654,0,0.12447063624858856,0.5539513,0.8829542,0.9999881,0.96435225,0,0.38379666209220886,0.07352022,0.053365342,2.8337056e-06,0.010455127,0,0.49173274636268616
TSBD_Healthy_aac43b5b94,1,0,1,0.76395905,0.019279659,0.17442037,0.060342114,7.4328163e-06,0.016508656,0,0.12447063624858856,0.740904,0.8849401,0.9999894,0.97312766,0,0.38379666209220886,0.0846757,0.054717835,3.198864e-06,0.0103637185,0,0.49173274636268616
TSBD_Healthy_713f0a2197,0,0,1,0.17517737,0.22917353,0.59560937,0.063325,8.942399e-06,0.038100097,0,0.12447063624858856,0.2524303,0.88318866,0.9999882,0.94441384,0,0.38379666209220886,0.15196027,0.053486332,2.9069565e-06,0.017486077,0,0.49173274636268616
TSBD_Healthy_ac26bcc532,0,0,1,0.19791423,0.21414429,0.6372618,0.06642158,1.0664741e-05,0.039636392,0,0.12447063624858856,0.28719214,0.8813583,0.99998665,0.947614,0,0.38379666209220886,0.075546086,0.052220043,2.6345856e-06,0.012749618,0,0.49173274636268616
TSBD_Healthy_46f4698e93,1,0,1,0.70328546,0.030060396,0.064890854,0.058931842,6.9022763e-06,0.011519356,0,0.12447063624858856,0.7170444,0.88502324,0.9999895,0.9733698,0,0.38379666209220886,0.21806473,0.056044847,3.5989679e-06,0.015110873,0,0.49173274636268616
TSBD_Healthy_ffc31af5e9,1,0,1,0.7335711,0.024800558,0.07198292,0.06305405,8.614074e-06,0.012783511,0,0.12447063624858856,0.733837,0.8833787,0.99998856,0.97371596,0,0.38379666209220886,0.19418007,0.053567257,2.8762843e-06,0.0135005005,0,0.49173274636268616
TSBD_Healthy_ffc39b3360,1,0,1,0.4124086,0.096208766,0.05467271,0.061768785,8.029985e-06,0.012524063,0,0.12447063624858856,0.5430904,0.8846561,0.99998915,0.968254,0,0.38379666209220886,0.40223685,0.053575166,2.866059e-06,0.019221874,0,0.49173274636268616
TSBD_Healthy_13e3dd820d,0,0,1,0.12675819,0.28990507,0.06831154,0.03935991,1.9832426e-06,0.012238291,0,0.12447063624858856,0.15762642,0.86746716,0.9999598,0.91154635,0,0.38379666209220886,0.77406204,0.093172915,3.819096e-05,0.07621532,0,0.49173274636268616
TSBD_Healthy_0e7dca224f,1,0,1,0.7805192,0.016489578,0.15822525,0.062422775,8.3048335e-06,0.01651644,0,0.12447063624858856,0.7477231,0.8843852,0.9999889,0.97318715,0,0.38379666209220886,0.09405172,0.053191934,2.7853412e-06,0.010296367,0,0.49173274636268616
TSBD_Healthy_e30ffbbca2,1,0,1,0.48274073,0.0764552,0.05881898,0.059589904,7.19516e-06,0.012049312,0,0.12447063624858856,0.586331,0.8852887,0.9999895,0.96924293,0,0.38379666209220886,0.35485002,0.05512144,3.3310926e-06,0.018707795,0,0.49173274636268616
TSBD_Healthy_33ee2c0488,1,0,1,0.66717607,0.035134524,0.10600972,0.061013665,7.722846e-06,0.014454077,0,0.12447063624858856,0.6785602,0.8837153,0.9999889,0.9705485,0,0.38379666209220886,0.21543014,0.05527109,3.353984e-06,0.014997372,0,0.49173274636268616
TSBD_Healthy_cf66e36f26,0,0,1,0.09178082,0.3402987,0.08435207,0.049437217,4.27243e-06,0.018844126,0,0.12447063624858856,0.118864164,0.8764354,0.999982,0.91848785,0,0.38379666209220886,0.79678375,0.07412736,1.3725114e-05,0.062667996,0,0.49173274636268616
TSBD_Healthy_198c19a2fa,0,0,1,0.08059739,0.36066473,0.08318637,0.05471108,5.309496e-06,0.020976061,0,0.12447063624858856,0.1145381,0.8858037,0.9999901,0.9321687,0,0.38379666209220886,0.8022756,0.059485182,4.634453e-06,0.046855215,0,0.49173274636268616
TSBD_Healthy_0f0af1a35d,1,0,1,0.81219655,0.012322953,0.09009559,0.060062632,7.277566e-06,0.012843624,0,0.12447063624858856,0.7742249,0.8854349,0.9999896,0.97520363,0,0.38379666209220886,0.13567956,0.0545024,3.0877459e-06,0.011952744,0,0.49173274636268616
TSBD_Healthy_24a755565d,1,0,1,0.34712914,0.11609341,0.07656084,0.05931162,7.1344493e-06,0.014029789,0,0.12447063624858856,0.4817453,0.8851865,0.9999895,0.9643053,0,0.38379666209220886,0.4416939,0.055501822,3.3870297e-06,0.021664975,0,0.49173274636268616
TSBD_Healthy_00488f3c0b,1,0,1,0.8114106,0.012310635,0.14033186,0.05931028,7.012677e-06,0.014812061,0,0.12447063624858856,0.7717184,0.88551605,0.9999896,0.97470576,0,0.38379666209220886,0.0879498,0.055173602,3.3176789e-06,0.01048223,0,0.49173274636268616
TSBD_Healthy_7f10feedf0,1,0,0,0.60331595,0.04957133,0.65422547,0.9047343,0.9999008,0.9587604,0,0.12447063624858856,0.28655428,0.06715467,9.7379154e-05,0.035130113,0,0.38379666209220886,0.059220262,0.02811102,1.7351848e-06,0.0061095296,0,0.49173274636268616
TSBD_Healthy_083843a5b2,0,0,0,0.24594264,0.1809954,0.19829217,0.78058493,0.98425865,0.7256518,0,0.12447063624858856,0.7228996,0.1936355,0.015739722,0.26648962,0,0.38379666209220886,0.0788082,0.025779607,1.5850269e-06,0.0078585455,0,0.49173274636268616
TSBD_Healthy_846b819a49,1,1,1,0.81995696,0.0114927385,0.07963234,0.05905191,6.775675e-06,0.0119914375,0,0.12447063624858856,0.7829838,0.8860321,0.99999,0.97590816,1,0.38379666209220886,0.1373839,0.05491604,3.2141431e-06,0.012100382,0,0.49173274636268616
TSBD_Healthy_ef882f9638,1,0,1,0.7841483,0.016401032,0.08557122,0.059405938,7.223766e-06,0.012625739,0,0.12447063624858856,0.7565198,0.8847826,0.99998915,0.97415644,0,0.38379666209220886,0.157909,0.055811465,3.5778926e-06,0.013217812,0,0.49173274636268616
TSBD_Healthy_f510479194,1,0,1,0.80926186,0.0123449415,0.12512922,0.06029766,7.365049e-06,0.014508408,0,0.12447063624858856,0.7667019,0.88485515,0.9999894,0.97428215,0,0.38379666209220886,0.10816883,0.0548472,3.237942e-06,0.011209416,0,0.49173274636268616
TSBD_Healthy_78ac2c01e9,1,1,1,0.8209836,0.010753708,0.1088809,0.062035013,8.269583e-06,0.014274031,0,0.12447063624858856,0.77592677,0.88428676,0.9999888,0.9746157,1,0.38379666209220886,0.11519227,0.053678147,2.9644286e-06,0.011110288,0,0.49173274636268616
TSBD_Healthy_aa968b53a4,1,0,1,0.40070432,0.09906776,0.057117533,0.057617147,6.4936357e-06,0.011910687,0,0.12447063624858856,0.52746594,0.88465506,0.9999894,0.9663557,0,0.38379666209220886,0.4154165,0.057727836,4.060646e-06,0.021733679,0,0.49173274636268616
TSBD_Healthy_d6be26c310,0,0,1,0.10743773,0.31580946,0.06604277,0.049379837,3.7716522e-06,0.015519292,0,0.12447063624858856,0.15707354,0.883498,0.9999882,0.9353127,0,0.38379666209220886,0.7768837,0.06712209,8.076019e-06,0.04916803,0,0.49173274636268616
TSBD_Healthy_8d0baa1858,1,1,1,0.83046895,0.009778932,0.090661466,0.060789797,7.5219104e-06,0.012962281,0,0.12447063624858856,0.7867692,0.8852505,0.9999895,0.9757071,1,0.38379666209220886,0.122569345,0.05395974,2.9612322e-06,0.011330615,0,0.49173274636268616
TSBD_Healthy_9a86700e7b,1,0,1,0.53333974,0.064202845,0.061274458,0.0626409,8.586712e-06,0.012725138,0,0.12447063624858856,0.619765,0.8839925,0.99998856,0.9703839,0,0.38379666209220886,0.31896055,0.05336658,2.828558e-06,0.016891003,0,0.49173274636268616
TSBD_Healthy_8de20870d1,0,0,1,0.21436913,0.20060585,0.060898073,0.05592112,5.8186815e-06,0.013799692,0,0.12447063624858856,0.3232194,0.88396233,0.9999893,0.95521784,0,0.38379666209220886,0.6158825,0.06011659,4.918173e-06,0.030982506,0,0.49173274636268616
TSBD_Healthy_2125dc16c6,1,0,1,0.53732246,0.06275012,0.06514428,0.06245219,8.754635e-06,0.013049194,0,0.12447063624858856,0.61694634,0.8820712,0.9999877,0.9690477,0,0.38379666209220886,0.31790942,0.055476684,3.4669313e-06,0.01790309,0,0.49173274636268616
TSBD_Healthy_f1a3293d1d,0,0,1,0.115080886,0.30489665,0.064878926,0.047816414,3.472192e-06,0.0146500915,0,0.12447063624858856,0.16635473,0.88210344,0.99998665,0.9343695,0,0.38379666209220886,0.76876634,0.070080146,9.90644e-06,0.050980367,0,0.49173274636268616
TSBD_Healthy_db02ad0e48,1,0,1,0.76707965,0.019582242,0.06944138,0.059782274,7.135199e-06,0.011758215,0,0.12447063624858856,0.75423205,0.8853399,0.9999896,0.9749032,0,0.38379666209220886,0.17632653,0.054877874,3.1817506e-06,0.0133385705,0,0.49173274636268616
TSBD_Healthy_6e62793bdf,0,0,1,0.17107531,0.2402049,0.05851922,0.047470268,3.502082e-06,0.012395598,0,0.12447063624858856,0.2473672,0.8800982,0.99998474,0.94224834,0,0.38379666209220886,0.6941136,0.072431505,1.1709656e-05,0.045356013,0,0.49173274636268616
TSBD_Healthy_097e8db62c,1,0,1,0.539508,0.06297746,0.05800907,0.06347522,8.951555e-06,0.012623861,0,0.12447063624858856,0.62629426,0.883559,0.9999883,0.9707212,0,0.38379666209220886,0.31569663,0.052965745,2.7728115e-06,0.016654959,0,0.49173274636268616
TSBD_Healthy_9a88507804,1,0,1,0.73655397,0.024555994,0.06652141,0.062329262,8.49282e-06,0.01230853,0,0.12447063624858856,0.7387081,0.88396776,0.99998856,0.97411186,0,0.38379666209220886,0.19477047,0.05370304,2.9616867e-06,0.013579638,0,0.49173274636268616
TSBD_Healthy_d3268932b8,1,0,1,0.39099088,0.1015613,0.05180105,0.051698107,4.3603686e-06,0.010187045,0,0.12447063624858856,0.51520216,0.88445795,0.9999893,0.9644007,0,0.38379666209220886,0.43299675,0.0638439,6.3758757e-06,0.025412237,0,0.49173274636268616
TSBD_Healthy_7ef69613b9,1,0,1,0.48027208,0.07651822,0.071387,0.062048167,8.312572e-06,0.01357107,0,0.12447063624858856,0.5790657,0.8838284,0.9999887,0.968259,0,0.38379666209220886,0.3495473,0.054123394,3.017545e-06,0.01816993,0,0.49173274636268616
TSBD_Healthy_ddc759b323,1,0,1,0.80907536,0.013084676,0.07798384,0.060973592,7.718129e-06,0.01242774,0,0.12447063624858856,0.77727437,0.8852161,0.9999894,0.9755433,0,0.38379666209220886,0.14474177,0.053810276,2.9428818e-06,0.012028906,0,0.49173274636268616
TSBD_Healthy_cb4b1d8b67,1,0,1,0.50618154,0.070646904,0.05531578,0.058322057,6.606001e-06,0.011382372,0,0.12447063624858856,0.60185575,0.88524234,0.9999896,0.96966696,0,0.38379666209220886,0.34282842,0.056435626,3.737955e-06,0.01895072,0,0.49173274636268616
TSBD_Healthy_886fdcfd30,1,1,0,0.8772108,0.0072889826,0.8463071,0.92278665,0.99998605,0.98109776,1,0.12447063624858856,0.07572153,0.037068587,6.01671e-06,0.008962606,0,0.38379666209220886,0.077971354,0.040144667,8.014744e-06,0.009939644,0,0.49173274636268616
TSBD_Healthy_784f1bc940,0,0,1,0.100801624,0.32491893,0.07099272,0.06301834,8.767056e-06,0.021109857,0,0.12447063624858856,0.15879796,0.88309747,0.9999883,0.9423846,0,0.38379666209220886,0.77020925,0.05388428,2.9736777e-06,0.036505584,0,0.49173274636268616
TSBD_Healthy_ba996de886,1,1,1,0.8315808,0.009694915,0.08816812,0.058215115,6.465629e-06,0.012205078,0,0.12447063624858856,0.7877435,0.8862205,0.9999901,0.97593486,1,0.38379666209220886,0.12408839,0.055564366,3.420903e-06,0.011860028,0,0.49173274636268616
TSBD_Healthy_619dcca295,1,1,1,0.83408135,0.009140493,0.09755011,0.059114397,6.966323e-06,0.012927953,0,0.12447063624858856,0.78703636,0.88517326,0.9999895,0.9754329,1,0.38379666209220886,0.11541355,0.055712365,3.5081994e-06,0.01163918,0,0.49173274636268616
TSBD_Healthy_e5fac835da,0,0,1,0.09462209,0.33556885,0.07036246,0.05574306,5.501079e-06,0.0186919,0,0.12447063624858856,0.14386885,0.88593364,0.99999034,0.93934864,0,0.38379666209220886,0.7857686,0.058323257,4.151439e-06,0.041959498,0,0.49173274636268616
TSBD_Healthy_7b8508b66d,0,0,1,0.12423024,0.29095078,0.07245275,0.06198904,8.102693e-06,0.01935891,0,0.12447063624858856,0.19662629,0.88304454,0.9999887,0.9463681,0,0.38379666209220886,0.73092103,0.054966427,3.2344335e-06,0.034273032,0,0.49173274636268616
TSBD_Healthy_1bf9b6920f,1,1,1,0.82593536,0.010304969,0.09493288,0.06054168,7.4931627e-06,0.013161294,0,0.12447063624858856,0.7822402,0.8851369,0.9999894,0.975367,1,0.38379666209220886,0.12282693,0.05432137,3.0652448e-06,0.011471705,0,0.49173274636268616
TSBD_Healthy_c2dd44b1c5,1,0,1,0.7471152,0.021845259,0.09625533,0.063658446,9.2158025e-06,0.014411648,0,0.12447063624858856,0.7310474,0.88301474,0.99998784,0.9726099,0,0.38379666209220886,0.17269723,0.053326845,2.9233024e-06,0.01297847,0,0.49173274636268616
TSBD_Healthy_6941b60386,1,1,1,0.83456504,0.009181157,0.09325681,0.058380038,6.599259e-06,0.012510135,0,0.12447063624858856,0.7884504,0.8858436,0.99998987,0.9757455,1,0.38379666209220886,0.11829275,0.055776373,3.5170108e-06,0.011744336,0,0.49173274636268616
TSBD_Healthy_905510a905,1,0,1,0.81470853,0.011914859,0.08858628,0.061536957,7.914816e-06,0.013120481,0,0.12447063624858856,0.7761728,0.8841872,0.99998903,0.9749931,0,0.38379666209220886,0.1352409,0.054275807,3.0556093e-06,0.011886461,0,0.49173274636268616
TSBD_Healthy_9731a208b9,1,0,1,0.34446225,0.11767582,0.06579044,0.06450123,9.577407e-06,0.014625121,0,0.12447063624858856,0.48732653,0.8825298,0.9999876,0.964943,0,0.38379666209220886,0.44688302,0.05296897,2.7778913e-06,0.020431872,0,0.49173274636268616
TSBD_Healthy_0dca3c0bc2,1,1,1,0.82386714,0.0105952155,0.12807666,0.058497775,6.60957e-06,0.014040498,0,0.12447063624858856,0.78011286,0.886028,0.99999,0.9752734,1,0.38379666209220886,0.09181053,0.055474203,3.40587e-06,0.010686114,0,0.49173274636268616
TSBD_Healthy_12ac808983,0,0,1,0.19819397,0.21519116,0.062072556,0.047970824,3.3103947e-06,0.012037653,0,0.12447063624858856,0.2835439,0.88018006,0.99998605,0.946421,0,0.38379666209220886,0.65438354,0.0718491,1.0584962e-05,0.04154129,0,0.49173274636268616
TSBD_Healthy_511fba2ceb,1,0,1,0.79325706,0.01460295,0.12006097,0.061392784,7.89825e-06,0.014687734,0,0.12447063624858856,0.7554506,0.88487107,0.99998915,0.97380596,0,0.38379666209220886,0.124488465,0.053736184,2.9517855e-06,0.011506346,0,0.49173274636268616
TSBD_Healthy_549679688a,0,0,1,0.12369782,0.29295802,0.060870495,0.0527859,4.7817657e-06,0.01540287,0,0.12447063624858856,0.18834889,0.8834438,0.9999889,0.94194406,0,0.38379666209220886,0.7507806,0.063770294,6.2686195e-06,0.042653102,0,0.49173274636268616
TSBD_Healthy_708f7d8e32,1,0,2,0.33781162,0.085983366,0.082897365,0.025927007,5.199023e-06,0.007952825,0,0.12447063624858856,0.114573814,0.4780276,0.45938522,0.32249898,0,0.38379666209220886,0.8025288,0.49604535,0.54060954,0.66954815,0,0.49173274636268616
TSBD_Healthy_30a7ad7ba3,0,0,1,0.10747799,0.31490368,0.0667849,0.06088683,7.992978e-06,0.0195487,0,0.12447063624858856,0.16914275,0.8831772,0.99998856,0.9430015,0,0.38379666209220886,0.76407236,0.055935957,3.5070286e-06,0.037449766,0,0.49173274636268616
TSBD_Healthy_dad4aa07c4,0,0,1,0.10408763,0.32053012,0.08363145,0.044588972,3.0065532e-06,0.016244385,0,0.12447063624858856,0.12661181,0.868573,0.99996924,0.90872777,0,0.38379666209220886,0.7897567,0.08683802,2.7724453e-05,0.07502783,0,0.49173274636268616
TSBD_Healthy_8eff6e388b,1,0,1,0.56703424,0.056904614,0.05782225,0.06228391,8.3272525e-06,0.012212138,0,0.12447063624858856,0.6432551,0.8845382,0.9999888,0.97150445,0,0.38379666209220886,0.29892266,0.053177908,2.825914e-06,0.016283417,0,0.49173274636268616
TSBD_Healthy_fec7f36a5c,1,1,1,0.8167136,0.0114105195,0.09647114,0.06536215,9.955147e-06,0.014548953,0,0.12447063624858856,0.77565473,0.8823824,0.9999875,0.97434956,1,0.38379666209220886,0.12787418,0.052255422,2.6020027e-06,0.011101484,0,0.49173274636268616
TSBD_Healthy_1cf19a1878,1,0,1,0.36417988,0.11092402,0.05379401,0.05674481,5.970764e-06,0.011580944,0,0.12447063624858856,0.50174755,0.88499486,0.99998987,0.96562064,0,0.38379666209220886,0.44445845,0.05826036,4.13198e-06,0.022798415,0,0.49173274636268616
TSBD_Healthy_0fbc0f2310,0,0,1,0.08253207,0.3564759,0.08227713,0.06399543,9.1452175e-06,0.024598056,0,0.12447063624858856,0.121580385,0.88144034,0.9999877,0.93451303,0,0.38379666209220886,0.7961425,0.05456425,3.1297884e-06,0.04088893,0,0.49173274636268616
TSBD_Healthy_24a6f36a78,1,0,1,0.77805954,0.01778212,0.07353719,0.06282488,8.560222e-06,0.0126935635,0,0.12447063624858856,0.76041275,0.8839905,0.9999887,0.9748048,0,0.38379666209220886,0.16605006,0.05318455,2.7742565e-06,0.012501624,0,0.49173274636268616
TSBD_Healthy_7bca399e6d,1,0,1,0.80790234,0.013047971,0.08233854,0.06027157,7.353048e-06,0.0124966875,0,0.12447063624858856,0.77369255,0.8848018,0.9999894,0.97514373,0,0.38379666209220886,0.14396892,0.054926544,3.2255182e-06,0.012359639,0,0.49173274636268616
TSBD_Healthy_06733b9af0,0,0,1,0.15511481,0.25503382,0.056754485,0.06061931,7.52168e-06,0.016016211,0,0.12447063624858856,0.25100663,0.88492036,0.9999894,0.9532737,0,0.38379666209220886,0.69223887,0.054460265,3.1165246e-06,0.030710112,0,0.49173274636268616
TSBD_Healthy_2e5b036845,0,0,1,0.19949196,0.2127032,0.05488319,0.06066864,7.788487e-06,0.01482922,0,0.12447063624858856,0.31251323,0.8834175,0.9999887,0.9564618,0,0.38379666209220886,0.6326036,0.055913866,3.5297214e-06,0.028708993,0,0.49173274636268616
TSBD_Healthy_363f51fde7,1,0,1,0.68827313,0.03218684,0.08142465,0.06538348,1.000623e-05,0.014171825,0,0.12447063624858856,0.7033564,0.88243735,0.99998736,0.97210765,0,0.38379666209220886,0.215219,0.05217917,2.5805766e-06,0.0137205515,0,0.49173274636268616
TSBD_Healthy_c6ac85b839,0,0,1,0.29780826,0.14058831,0.060378972,0.062361702,8.335468e-06,0.014034303,0,0.12447063624858856,0.44259697,0.8842439,0.9999888,0.9639209,0,0.38379666209220886,0.49702412,0.05339439,2.8254908e-06,0.022044785,0,0.49173274636268616
TSBD_Healthy_ddbacc20a2,1,0,1,0.43769616,0.088537574,0.059227943,0.06213079,8.316164e-06,0.012890677,0,0.12447063624858856,0.5573791,0.88389385,0.9999887,0.9681675,0,0.38379666209220886,0.3833929,0.053975336,2.976462e-06,0.018941836,0,0.49173274636268616
TSBD_Healthy_8643328d51,0,0,1,0.10527279,0.31807122,0.06951336,0.061845407,8.233791e-06,0.020246506,0,0.12447063624858856,0.16521832,0.8828181,0.99998856,0.94271284,0,0.38379666209220886,0.76526827,0.055336483,3.257287e-06,0.03704069,0,0.49173274636268616
TSBD_Healthy_006fc27c69,0,0,1,0.12823248,0.2865729,0.06507748,0.055661965,5.6744757e-06,0.016418472,0,0.12447063624858856,0.19993113,0.88482416,0.99998975,0.945668,0,0.38379666209220886,0.7349914,0.05951389,4.606396e-06,0.0379136,0,0.49173274636268616
TSBD_Healthy_33406626c7,1,0,1,0.7579217,0.020980215,0.070928104,0.06039727,7.445843e-06,0.012032815,0,0.12447063624858856,0.7483014,0.8851825,0.9999895,0.97461,0,0.38379666209220886,0.18077053,0.054420274,3.086356e-06,0.013357228,0,0.49173274636268616
TSBD_Healthy_b06da16348,0,0,1,0.2117076,0.20430285,0.08956255,0.030998645,3.1532363e-06,0.011885632,0,0.12447063624858856,0.10931274,0.7118279,0.9901163,0.6563919,0,0.38379666209220886,0.8011247,0.25717348,0.009880473,0.3317224,0,0.49173274636268616
TSBD_Healthy_06f251fee4,0,0,1,0.082074344,0.35758048,0.08785858,0.054797847,5.392088e-06,0.021530716,0,0.12447063624858856,0.11267674,0.8825361,0.9999888,0.928239,0,0.38379666209220886,0.79946464,0.06266612,5.77976e-06,0.050230283,0,0.49173274636268616
TSBD_Healthy_4ac4f94767,0,0,1,0.09773018,0.3305178,0.08513071,0.04426635,2.921332e-06,0.016547639,0,0.12447063624858856,0.11915091,0.87132305,0.99997354,0.91005754,0,0.38379666209220886,0.7957183,0.08441053,2.3486762e-05,0.073394805,0,0.49173274636268616
TSBD_Healthy_e7cd92f08f,0,0,1,0.2654753,0.16742933,0.073748894,0.029654315,3.0648841e-06,0.009899025,0,0.12447063624858856,0.13544753,0.685456,0.9824186,0.6352223,0,0.38379666209220886,0.7908036,0.28488973,0.017578337,0.35487863,0,0.49173274636268616
TSBD_Healthy_1597a65755,0,0,1,0.13666205,0.27686918,0.059479266,0.05058827,4.1545804e-06,0.014115559,0,0.12447063624858856,0.20705533,0.88394266,0.9999887,0.9433274,0,0.38379666209220886,0.73346543,0.06546902,7.1391537e-06,0.042556968,0,0.49173274636268616
TSBD_Healthy_a8ea0e137d,0,0,1,0.15072575,0.25996345,0.06256778,0.058563195,7.289779e-06,0.016548634,0,0.12447063624858856,0.23392406,0.88168263,0.99998796,0.9476133,0,0.38379666209220886,0.7035082,0.059754144,4.806712e-06,0.03583809,0,0.49173274636268616
TSBD_Healthy_fafc24f635,0,0,1,0.12654847,0.288275,0.06968231,0.05975536,7.2429057e-06,0.018318066,0,0.12447063624858856,0.1975807,0.8825763,0.9999888,0.94521916,0,0.38379666209220886,0.732737,0.057668377,3.993079e-06,0.036462784,0,0.49173274636268616
TSBD_Healthy_7c877797f5,0,0,1,0.09260996,0.33882898,0.08199206,0.052031875,4.8027864e-06,0.019332072,0,0.12447063624858856,0.12459708,0.87803584,0.99998546,0.9243689,0,0.38379666209220886,0.7934109,0.069932275,9.7423945e-06,0.056299016,0,0.49173274636268616
TSBD_Healthy_d249c82c7a,0,0,1,0.11487281,0.30419672,0.065547206,0.060163453,7.439906e-06,0.018600525,0,0.12447063624858856,0.18175143,0.883594,0.99998903,0.9448176,0,0.38379666209220886,0.75270134,0.056242585,3.5563514e-06,0.03658189,0,0.49173274636268616
TSBD_Healthy_1dafd9bcec,0,0,1,0.11709278,0.30133042,0.06470087,0.05684913,6.13749e-06,0.017286304,0,0.12447063624858856,0.1836861,0.8849591,0.9999896,0.9444981,0,0.38379666209220886,0.751613,0.058191773,4.206994e-06,0.038215525,0,0.49173274636268616
TSBD_Healthy_727f8ba7d1,0,0,1,0.09118692,0.34064892,0.07586579,0.06772891,1.1747155e-05,0.02471071,0,0.12447063624858856,0.13900751,0.8784217,0.99998534,0.9370499,0,0.38379666209220886,0.78512675,0.053849354,2.92472e-06,0.03823942,0,0.49173274636268616
TSBD_Healthy_578fae46e9,1,0,1,0.4874448,0.0750984,0.062506326,0.060355976,7.458628e-06,0.012459628,0,0.12447063624858856,0.5877511,0.88487893,0.9999894,0.9691488,0,0.38379666209220886,0.3497426,0.054765057,3.1953698e-06,0.018391568,0,0.49173274636268616
TSBD_Healthy_d1980c5cf7,0,0,1,0.1195133,0.29804313,0.061570734,0.058528494,6.8201234e-06,0.017418481,0,0.12447063624858856,0.18938963,0.8841345,0.9999893,0.94550216,0,0.38379666209220886,0.74903965,0.05733696,3.9402194e-06,0.037079327,0,0.49173274636268616
TSBD_Healthy_5f95d3f8a2,0,0,1,0.11713507,0.30110976,0.06843565,0.05641185,5.818397e-06,0.01740765,0,0.12447063624858856,0.18270257,0.8852573,0.99999,0.9442893,0,0.38379666209220886,0.74886185,0.05833079,4.2278784e-06,0.03830304,0,0.49173274636268616
TSBD_Healthy_ef7cbd4127,0,0,1,0.21285567,0.20037064,0.06319694,0.06828527,1.1929486e-05,0.01752916,0,0.12447063624858856,0.3342649,0.88038874,0.9999857,0.9578114,0,0.38379666209220886,0.6025382,0.051325936,2.4152191e-06,0.024659457,0,0.49173274636268616
TSBD_Healthy_63b700da46,1,0,1,0.6500837,0.03967358,0.06367664,0.058822796,6.7059445e-06,0.011532854,0,0.12447063624858856,0.6861928,0.88525105,0.99998987,0.97250414,0,0.38379666209220886,0.25013053,0.05592611,3.4823042e-06,0.015963001,0,0.49173274636268616
TSBD_Healthy_076f98de26,1,0,2,0.3864487,0.07059238,0.07592656,0.028683206,7.708381e-06,0.008559931,0,0.12447063624858856,0.13094339,0.4634551,0.41203815,0.31965217,0,0.38379666209220886,0.79313004,0.5078617,0.5879541,0.6717879,0,0.49173274636268616
TSBD_Healthy_e3f6aa3d79,0,0,1,0.091437735,0.34103775,0.0854187,0.045173563,3.0321928e-06,0.017117783,0,0.12447063624858856,0.11471099,0.87615657,0.99997985,0.914906,0,0.38379666209220886,0.7998703,0.07866984,1.7145774e-05,0.06797617,0,0.49173274636268616
TSBD_Healthy_da00d5de9a,0,0,1,0.18780415,0.22353765,0.05592085,0.055532154,5.608584e-06,0.013754361,0,0.12447063624858856,0.28912425,0.88416237,0.9999895,0.9534371,0,0.38379666209220886,0.65495485,0.06030548,4.8517054e-06,0.032808572,0,0.49173274636268616
TSBD_Healthy_1fc6860580,0,0,1,0.12066363,0.29711625,0.06457153,0.049250606,3.7908121e-06,0.014795855,0,0.12447063624858856,0.17725036,0.8824339,0.9999875,0.93724954,0,0.38379666209220886,0.7581781,0.068315476,8.717982e-06,0.047954645,0,0.49173274636268616
TSBD_Healthy_93437b01b9,0,0,1,0.1416922,0.27158588,0.08279406,0.032857127,1.7294348e-06,0.012074252,0,0.12447063624858856,0.11728752,0.8131686,0.9994856,0.8208636,0,0.38379666209220886,0.7999185,0.1539743,0.00051265,0.16706218,0,0.49173274636268616
TSBD_Healthy_d7b2fef984,0,0,1,0.109112695,0.31271017,0.06788003,0.058000382,6.623821e-06,0.018637672,0,0.12447063624858856,0.16496289,0.8808717,0.99998844,0.9393146,0,0.38379666209220886,0.767157,0.06112788,4.9379355e-06,0.042047713,0,0.49173274636268616
TSBD_Healthy_6499b6d7a1,0,0,1,0.13851674,0.27378535,0.059784003,0.05964335,7.191859e-06,0.01667555,0,0.12447063624858856,0.22282061,0.88475287,0.9999894,0.95007414,0,0.38379666209220886,0.71739537,0.055603806,3.4307675e-06,0.033250254,0,0.49173274636268616
TSBD_Healthy_b2c3637e41,1,0,1,0.58790994,0.052027002,0.063344955,0.059924062,7.295778e-06,0.0120178405,0,0.12447063624858856,0.6499857,0.88498116,0.9999894,0.9712434,0,0.38379666209220886,0.28666937,0.055094752,3.290306e-06,0.016738743,0,0.49173274636268616
TSBD_Healthy_ca0105e4b8,0,0,1,0.07852719,0.3645042,0.085911535,0.0578557,6.52123e-06,0.022836123,0,0.12447063624858856,0.11243267,0.88536,0.99998975,0.932821,0,0.38379666209220886,0.80165577,0.056784343,3.7688967e-06,0.044342928,0,0.49173274636268616
TSBD_Healthy_efb3b53d28,1,0,1,0.66075766,0.03554077,0.13830028,0.06733432,1.1545642e-05,0.018071147,0,0.12447063624858856,0.666981,0.88048613,0.9999858,0.9684367,0,0.38379666209220886,0.19471873,0.052179486,2.6122966e-06,0.013492104,0,0.49173274636268616
TSBD_Healthy_b6298539e0,0,0,1,0.16405244,0.24583682,0.055156924,0.059230655,6.9874163e-06,0.015201022,0,0.12447063624858856,0.26408198,0.88566434,0.99998975,0.9542942,0,0.38379666209220886,0.68076104,0.055104993,3.2915439e-06,0.030504752,0,0.49173274636268616
TSBD_Healthy_32b15941da,1,0,1,0.81100565,0.012661688,0.08155965,0.058184717,6.575242e-06,0.011973932,0,0.12447063624858856,0.77560997,0.8859529,0.99998987,0.9754008,0,0.38379666209220886,0.14283034,0.055862404,3.5226806e-06,0.012625242,0,0.49173274636268616
TSBD_Healthy_0d4ffdc7b0,1,0,1,0.8097773,0.012795109,0.084061235,0.05890823,6.8025242e-06,0.01225934,0,0.12447063624858856,0.77426666,0.8858244,0.99998987,0.97535473,0,0.38379666209220886,0.14167209,0.055267416,3.316057e-06,0.012385977,0,0.49173274636268616
TSBD_Healthy_b36f28e306,0,0,1,0.15974905,0.24998246,0.060102798,0.060994454,7.95266e-06,0.016458934,0,0.12447063624858856,0.25578308,0.88411987,0.9999888,0.95277345,0,0.38379666209220886,0.6841141,0.0548857,3.2634723e-06,0.030767562,0,0.49173274636268616
TSBD_Healthy_68a56d28bf,0,0,1,0.14455965,0.26674592,0.072517574,0.05304808,4.850652e-06,0.01567326,0,0.12447063624858856,0.2183511,0.8837819,0.9999889,0.9447165,0,0.38379666209220886,0.70913136,0.063170016,6.2431504e-06,0.039610274,0,0.49173274636268616
TSBD_Healthy_b7798ab5f8,1,0,1,0.80591375,0.013548363,0.077347904,0.060857166,7.650921e-06,0.012369763,0,0.12447063624858856,0.775389,0.88517714,0.9999894,0.9754743,0,0.38379666209220886,0.14726314,0.053965703,2.9779121e-06,0.012155964,0,0.49173274636268616
TSBD_Healthy_2a0f79d223,1,0,1,0.79454356,0.0153514035,0.07292429,0.060050216,7.272307e-06,0.011949937,0,0.12447063624858856,0.76996934,0.8855739,0.9999896,0.9754621,0,0.38379666209220886,0.15710638,0.054375835,3.0782755e-06,0.012587991,0,0.49173274636268616
TSBD_Healthy_8fc6471a64,0,0,1,0.09190237,0.33946896,0.07791411,0.06571537,1.08182685e-05,0.024314085,0,0.12447063624858856,0.13600822,0.877225,0.9999851,0.93359226,0,0.38379666209220886,0.78607774,0.057059616,4.0478576e-06,0.04209366,0,0.49173274636268616
TSBD_Healthy_78bf1afa4b,1,0,1,0.6123495,0.04712023,0.06375185,0.06386339,9.350321e-06,0.012923139,0,0.12447063624858856,0.66722757,0.8831013,0.99998784,0.97155285,0,0.38379666209220886,0.2690206,0.053035367,2.8594673e-06,0.015523986,0,0.49173274636268616
TSBD_Healthy_d63c012f3e,1,0,1,0.36885858,0.10755467,0.10597655,0.061651483,8.141763e-06,0.016341543,0,0.12447063624858856,0.48812434,0.883613,0.9999887,0.96306175,0,0.38379666209220886,0.40589905,0.054735597,3.22771e-06,0.020596724,0,0.49173274636268616
TSBD_Healthy_05ab09d318,0,0,1,0.121336,0.29519707,0.06338434,0.06328267,9.053062e-06,0.019163962,0,0.12447063624858856,0.19403347,0.8816148,0.9999877,0.9462063,0,0.38379666209220886,0.7425822,0.0551025,3.2102428e-06,0.03462978,0,0.49173274636268616
TSBD_Healthy_18405215f8,0,0,1,0.08958339,0.34403104,0.07706439,0.05631965,5.9866684e-06,0.02027294,0,0.12447063624858856,0.13145286,0.88401824,0.9999893,0.93488884,0,0.38379666209220886,0.79148275,0.059662096,4.72313e-06,0.044838253,0,0.49173274636268616
TSBD_Healthy_fe721e6a35,0,0,1,0.10185713,0.32355493,0.07274771,0.058012716,6.66948e-06,0.019597214,0,0.12447063624858856,0.15293464,0.8819063,0.9999887,0.93792874,0,0.38379666209220886,0.7743176,0.06008105,4.6998566e-06,0.0424741,0,0.49173274636268616
TSBD_Healthy_8a0b6768d9,1,1,1,0.836848,0.008961722,0.08900366,0.05841902,6.6359644e-06,0.012311361,0,0.12447063624858856,0.7912579,0.8860671,0.99999,0.9760084,1,0.38379666209220886,0.11973841,0.055513952,3.4042885e-06,0.01168022,0,0.49173274636268616
TSBD_Healthy_fdb9e6ae23,0,0,1,0.21036199,0.20372123,0.053367157,0.058561515,6.6834186e-06,0.013787368,0,0.12447063624858856,0.32828107,0.8854635,0.99998975,0.9581253,0,0.38379666209220886,0.61835176,0.055975042,3.567435e-06,0.02808739,0,0.49173274636268616
TSBD_Healthy_4c66cb7f58,1,0,1,0.7958251,0.015083086,0.0741027,0.059712093,7.143097e-06,0.0119445585,0,0.12447063624858856,0.7697071,0.88540494,0.9999896,0.97532576,0,0.38379666209220886,0.15619017,0.054882903,3.219953e-06,0.012729701,0,0.49173274636268616
TSBD_Healthy_f5058ddf56,1,1,1,0.83150303,0.009548364,0.09590824,0.059405793,7.060544e-06,0.012920614,0,0.12447063624858856,0.78583014,0.8855302,0.9999896,0.97554827,1,0.38379666209220886,0.118261606,0.05506397,3.2863304e-06,0.011531107,0,0.49173274636268616
TSBD_Healthy_69e2554f5f,1,1,1,0.8433882,0.008048212,0.09931522,0.05710072,5.9531076e-06,0.012370949,0,0.12447063624858856,0.7946578,0.8867729,0.99999046,0.97631025,1,0.38379666209220886,0.10602697,0.056126438,3.5387982e-06,0.0113188485,0,0.49173274636268616
TSBD_Healthy_d4f8817d0f,0,0,1,0.09185712,0.33973703,0.076650545,0.061369553,7.835684e-06,0.021841532,0,0.12447063624858856,0.13925916,0.8828678,0.9999888,0.9382079,0,0.38379666209220886,0.7840902,0.05576263,3.4013767e-06,0.0399505,0,0.49173274636268616
TSBD_Healthy_75d585858d,0,0,1,0.30496338,0.13701442,0.052076682,0.05880343,6.742844e-06,0.012349513,0,0.12447063624858856,0.451799,0.8856233,0.99998987,0.96453243,0,0.38379666209220886,0.49612427,0.055573262,3.40726e-06,0.023118101,0,0.49173274636268616
TSBD_Healthy_cb3a9d790a,1,0,1,0.77778494,0.01777307,0.07380417,0.058674157,6.7424644e-06,0.011753653,0,0.12447063624858856,0.7579501,0.88576245,0.99998987,0.9748679,0,0.38379666209220886,0.16824569,0.055563398,3.4431657e-06,0.013378473,0,0.49173274636268616
TSBD_Healthy_2c254df731,0,0,1,0.2830724,0.14912811,0.079243384,0.062048912,8.253069e-06,0.015691636,0,0.12447063624858856,0.41401744,0.88353395,0.9999887,0.9610226,0,0.38379666209220886,0.5067392,0.054417167,3.1030638e-06,0.02328582,0,0.49173274636268616
TSBD_Healthy_4e4bdff12a,1,0,1,0.79945755,0.013740711,0.11483771,0.061609685,7.9742385e-06,0.014484338,0,0.12447063624858856,0.76022756,0.8847029,0.99998915,0.97404146,0,0.38379666209220886,0.12493467,0.05368738,2.9258442e-06,0.011474162,0,0.49173274636268616
TSBD_WSSV_ffd2411af1,1,0,2,0.5538303,0.059206165,0.054802403,0.052465968,7.885562e-06,0.011032276,0,0.12447063624858856,0.31896695,0.06107206,5.717244e-06,0.020518767,0,0.38379666209220886,0.6262306,0.88646203,0.9999864,0.96844894,0,0.49173274636268616
TSBD_WSSV_c6b9dfd6bd,1,0,2,0.7929893,0.0005788361,0.065580904,0.07343114,8.7184046e-05,0.020608004,0,0.12447063624858856,0.20583113,0.22874059,0.0077127535,0.12569138,0,0.38379666209220886,0.7285879,0.6978283,0.9922001,0.85370064,0,0.49173274636268616
TSBD_WSSV_258e8224d8,0,0,1,0.2589691,0.16791053,0.0509422,0.054988414,5.2905716e-06,0.011927366,0,0.12447063624858856,0.38492998,0.8847548,0.99999,0.9598379,0,0.38379666209220886,0.56412786,0.060256723,4.7617978e-06,0.028234728,0,0.49173274636268616
TSBD_WSSV_7759b4323e,0,0,0,0.0671717,0.38210505,0.06818006,0.8781247,0.99959236,0.83464396,0,0.12447063624858856,0.719618,0.08992024,0.00040437802,0.14313152,0,0.38379666209220886,0.21220191,0.03195499,3.1722257e-06,0.02222458,0,0.49173274636268616
TSBD_WSSV_20ac0fab2b,1,1,0,0.78092664,0.020768676,0.78311616,0.9213098,0.99998426,0.97763145,1,0.12447063624858856,0.069686376,0.03610526,5.283522e-06,0.008589104,0,0.38379666209220886,0.14719738,0.04258489,1.0464937e-05,0.013779462,0,0.49173274636268616
TSBD_WSSV_73ccea8db5,0,0,0,0.10888635,0.30662578,0.17384194,0.9066756,0.9999516,0.92441577,0,0.12447063624858856,0.1703041,0.03409613,4.0696573e-06,0.0175195,0,0.38379666209220886,0.6558539,0.059228245,4.4374865e-05,0.058064662,0,0.49173274636268616
TSBD_WSSV_2ca61b4065,1,1,1,0.84125584,0.0068586487,0.11543274,0.08917169,3.2853386e-05,0.02256173,0,0.12447063624858856,0.78782207,0.866851,0.9999658,0.96930635,1,0.38379666209220886,0.096745215,0.043977298,1.3355356e-06,0.008131927,0,0.49173274636268616
TSBD_WSSV_0168d43459,1,1,0,0.75606304,0.024493437,0.7650723,0.92198837,0.999985,0.97708905,1,0.12447063624858856,0.1246708,0.036319863,5.500756e-06,0.010719637,0,0.38379666209220886,0.11025687,0.04169177,9.513731e-06,0.012191239,0,0.49173274636268616
TSBD_WSSV_a270f6228b,1,1,0,0.8750039,0.007566601,0.84461135,0.92278767,0.9999858,0.9809575,1,0.12447063624858856,0.072612844,0.036720924,5.858864e-06,0.008752949,0,0.38379666209220886,0.08277578,0.040491387,8.393796e-06,0.01028956,0,0.49173274636268616
TSBD_WSSV_3868efcb84,0,0,0,0.2725659,0.15342408,0.45032814,0.92173046,0.99998486,0.965964,0,0.12447063624858856,0.47254348,0.038199324,7.1032887e-06,0.021899138,0,0.38379666209220886,0.07712838,0.040070157,7.957347e-06,0.012136776,0,0.49173274636268616
TSBD_WSSV_98510bdd07,0,0,0,0.27176547,0.1556811,0.44622457,0.92244875,0.99998415,0.9650347,0,0.12447063624858856,0.4896394,0.041344296,1.0656227e-05,0.024965536,0,0.38379666209220886,0.06413599,0.036206905,5.1921074e-06,0.0099997,0,0.49173274636268616
TSBD_WSSV_365b81a0b8,0,0,0,0.052646525,0.41665363,0.07816976,0.91780007,0.9999782,0.91561764,0,0.12447063624858856,0.66126883,0.044212885,1.5170599e-05,0.053671733,0,0.38379666209220886,0.26056135,0.03798699,6.681047e-06,0.030710641,0,0.49173274636268616
TSBD_WSSV_4c515e509e,0,0,0,0.06584811,0.36417204,0.09469708,0.8843403,0.99977285,0.8775514,0,0.12447063624858856,0.4701834,0.030487824,2.2822014e-06,0.025142988,0,0.38379666209220886,0.43511957,0.0851719,0.00022489481,0.09730563,0,0.49173274636268616
TSBD_WSSV_d5dc5a32b7,0,0,0,0.06870584,0.38262308,0.11484427,0.9201459,0.9999795,0.9299001,0,0.12447063624858856,0.7422578,0.044906683,1.6020647e-05,0.05044688,0,0.38379666209220886,0.14289795,0.034947358,4.5170086e-06,0.019653048,0,0.49173274636268616
TSBD_WSSV_84d358870a,0,0,0,0.15337989,0.2561484,0.27244133,0.9210709,0.99997985,0.9522285,0,0.12447063624858856,0.6575029,0.045010373,1.6156426e-05,0.03667663,0,0.38379666209220886,0.07005579,0.033918705,3.892852e-06,0.011094867,0,0.49173274636268616
TSBD_WSSV_b95089e484,1,0,0,0.40007308,0.102602,0.5402956,0.9225349,0.999985,0.9678215,0,0.12447063624858856,0.311915,0.039604567,8.718991e-06,0.018841896,0,0.38379666209220886,0.14778942,0.037860554,6.335312e-06,0.013336636,0,0.49173274636268616
TSBD_WSSV_ef2d938994,0,0,0,0.17404905,0.2296528,0.3073134,0.92110914,0.9999845,0.95677257,0,0.12447063624858856,0.565522,0.038650814,7.4071218e-06,0.026774734,0,0.38379666209220886,0.12716457,0.040240027,8.072024e-06,0.016452711,0,0.49173274636268616
TSBD_WSSV_32049c3ecf,0,0,0,0.05156201,0.42540482,0.06819499,0.912379,0.99997246,0.90600264,0,0.12447063624858856,0.1873376,0.03793819,7.5095686e-06,0.029131697,0,0.38379666209220886,0.7444674,0.049682796,2.0030062e-05,0.06486565,0,0.49173274636268616
TSBD_WSSV_8b8160f809,1,1,0,0.6806252,0.037418094,0.72418404,0.9202216,0.99998176,0.9744499,1,0.12447063624858856,0.2056209,0.043023214,1.2639126e-05,0.016563253,0,0.38379666209220886,0.07019512,0.036755178,5.5555724e-06,0.008986882,0,0.49173274636268616
TSBD_WSSV_cdf58b2135,1,0,1,0.7152649,0.024814088,0.071571775,0.1573787,0.0003551922,0.040879894,0,0.12447063624858856,0.759962,0.7912191,0.999642,0.94648,0,0.38379666209220886,0.1684662,0.05140216,2.782846e-06,0.01264011,0,0.49173274636268616
TSBD_WSSV_aa863186fe,1,0,2,0.67724705,0.031216718,0.0825183,0.22672835,0.0037679065,0.079751134,0,0.12447063624858856,0.12724054,0.036612455,1.4171341e-06,0.0084387995,0,0.38379666209220886,0.7902412,0.7366592,0.99623066,0.9118101,0,0.49173274636268616
TSBD_WSSV_dfb2880295,1,0,2,0.7044863,0.0306184,0.055856936,0.052733097,7.585448e-06,0.0105375955,0,0.12447063624858856,0.22053774,0.0558746,3.7310701e-06,0.0151762,0,0.38379666209220886,0.72360533,0.89139235,0.9999887,0.9742862,0,0.49173274636268616
TSBD_WSSV_baaf0baf99,0,0,0,0.068710916,0.36071622,0.1286075,0.91942173,0.99998045,0.9318318,0,0.12447063624858856,0.391977,0.04396134,1.4035293e-05,0.037495714,0,0.38379666209220886,0.47941554,0.03661695,5.4530806e-06,0.03067249,0,0.49173274636268616
TSBD_WSSV_24404c91af,1,0,1,0.57910824,0.0065855253,0.05800646,0.08281527,0.00041596388,0.026549678,0,0.12447063624858856,0.60827017,0.49517658,0.7355697,0.6029514,0,0.38379666209220886,0.33372337,0.42200813,0.26401433,0.3704989,0,0.49173274636268616
TSBD_WSSV_b7563199e4,1,1,1,0.8153871,0.012009669,0.07713197,0.06354152,8.461057e-06,0.012838515,0,0.12447063624858856,0.78121495,0.8823496,0.9999887,0.9752796,1,0.38379666209220886,0.14165309,0.0541089,2.8464888e-06,0.011881852,0,0.49173274636268616
TSBD_WSSV_11a594f754,1,0,1,0.7737633,0.018601589,0.06908148,0.06317017,8.336734e-06,0.012388861,0,0.12447063624858856,0.7604357,0.8837676,0.99998903,0.97509843,0,0.38379666209220886,0.17048278,0.053062223,2.6694536e-06,0.012512718,0,0.49173274636268616
TSBD_WSSV_fc31d39bad,1,0,1,0.8066909,0.013364324,0.07739407,0.07220921,1.3461646e-05,0.014961911,0,0.12447063624858856,0.78040385,0.87879944,0.9999846,0.974572,0,0.38379666209220886,0.14220212,0.048991427,1.8612582e-06,0.0104661165,0,0.49173274636268616
TSBD_WSSV_d6cd79daa1,0,0,0,0.06544141,0.38742018,0.07326647,0.88483477,0.9998977,0.8689816,0,0.12447063624858856,0.19250903,0.045953482,1.8400659e-05,0.036373287,0,0.38379666209220886,0.7342245,0.069211826,8.390956e-05,0.094645105,0,0.49173274636268616
TSBD_WSSV_02f81ef95e,1,0,1,0.79619664,0.01508102,0.07113158,0.05967352,6.8294544e-06,0.011662661,0,0.12447063624858856,0.771052,0.8850623,0.99998987,0.97546893,0,0.38379666209220886,0.15781638,0.055264167,3.291356e-06,0.012868402,0,0.49173274636268616
TSBD_WSSV_3b11acaec9,0,0,0,0.1910106,0.20040755,0.06792661,0.6393092,0.8138765,0.43485326,0,0.12447063624858856,0.7372599,0.3082607,0.18608369,0.5371174,0,0.38379666209220886,0.19481349,0.052430075,3.9805305e-05,0.028029362,0,0.49173274636268616
TSBD_WSSV_c286bccb7a,0,0,1,0.25654617,0.17570835,0.05581426,0.039746508,3.0405686e-06,0.010550512,0,0.12447063624858856,0.23426382,0.7992932,0.99945503,0.853502,0,0.38379666209220886,0.70992196,0.1609603,0.00054191856,0.13594751,0,0.49173274636268616
TSBD_WSSV_6aa52b5d04,1,0,1,0.7772863,0.01459394,0.09469869,0.14968185,0.00028989033,0.041702244,0,0.12447063624858856,0.7779481,0.8085004,0.9997087,0.94935715,0,0.38379666209220886,0.12735324,0.041817717,1.3777675e-06,0.008940604,0,0.49173274636268616
TSBD_WSSV_78ac1c210b,1,0,1,0.48541945,0.066507556,0.09755814,0.38074285,0.036768105,0.17080876,0,0.12447063624858856,0.7686276,0.5842291,0.9632293,0.8195933,0,0.38379666209220886,0.1338143,0.03502804,2.5416873e-06,0.009597912,0,0.49173274636268616
TSBD_WSSV_f4df9efeef,1,0,1,0.781978,0.016937295,0.071410395,0.06636014,1.1007603e-05,0.013539653,0,0.12447063624858856,0.7629188,0.87948215,0.9999858,0.97355944,0,0.38379666209220886,0.16567081,0.054157764,3.1311947e-06,0.012900888,0,0.49173274636268616
TSBD_WSSV_e332624690,0,0,0,0.061366897,0.3904869,0.0756128,0.8911791,0.99993706,0.8829803,0,0.12447063624858856,0.6391325,0.05427501,3.4271136e-05,0.06768248,0,0.38379666209220886,0.28525463,0.054545928,2.8620983e-05,0.049337283,0,0.49173274636268616
TSBD_WSSV_de8ce5aa48,1,0,1,0.47767463,0.07663212,0.05993128,0.069084585,1.3029943e-05,0.014699227,0,0.12447063624858856,0.57804596,0.8730914,0.99998283,0.9650906,0,0.38379666209220886,0.3620227,0.057824057,4.104827e-06,0.020210223,0,0.49173274636268616
TSBD_WSSV_2847167d0b,0,0,0,0.069784716,0.37812442,0.07973121,0.88377744,0.99985003,0.8657419,0,0.12447063624858856,0.74020153,0.072638124,0.00013858393,0.10378067,0,0.38379666209220886,0.1800672,0.04358445,1.1336999e-05,0.030477418,0,0.49173274636268616
TSBD_WSSV_ea8e971d58,0,0,0,0.07579367,0.35121492,0.07484709,0.82326156,0.9966834,0.77669716,0,0.12447063624858856,0.32891735,0.13991322,0.0033106846,0.18758036,0,0.38379666209220886,0.5962356,0.03682524,5.9015133e-06,0.035722468,0,0.49173274636268616
TSBD_WSSV_2cd19b2879,1,0,2,0.8442089,0.007926107,0.09454244,0.076171115,2.9854595e-05,0.019053569,0,0.12447063624858856,0.10458539,0.043499317,1.2431112e-06,0.008123311,0,0.38379666209220886,0.80087215,0.8803296,0.999969,0.97282314,0,0.49173274636268616
TSBD_WSSV_f00fa9ceb8,1,0,2,0.73107153,0.025963705,0.07306307,0.06586195,1.7051954e-05,0.014950339,0,0.12447063624858856,0.1868858,0.04668846,1.6382783e-06,0.011134985,0,0.38379666209220886,0.74005115,0.8874496,0.9999813,0.9739146,0,0.49173274636268616
TSBD_WSSV_6678622b35,1,0,2,0.8299154,0.010366637,0.082411565,0.068492286,2.0337706e-05,0.016065108,0,0.12447063624858856,0.12270955,0.04669021,1.6877643e-06,0.009447352,0,0.38379666209220886,0.7948789,0.8848174,0.99997795,0.97448754,0,0.49173274636268616
TSBD_WSSV_9ce26c2bf9,1,0,2,0.796838,0.012850388,0.13600656,0.08695726,5.3997934e-05,0.026364783,0,0.12447063624858856,0.11204634,0.042953387,1.3050668e-06,0.008518827,0,0.38379666209220886,0.75194705,0.8700894,0.9999447,0.9651164,0,0.49173274636268616
TSBD_WSSV_3319ef6f32,1,0,2,0.82656944,0.009011006,0.106383294,0.10110362,9.7766955e-05,0.028814483,0,0.12447063624858856,0.10694669,0.039176695,8.8566316e-07,0.007354384,0,0.38379666209220886,0.78666997,0.85971963,0.9999014,0.9638311,0,0.49173274636268616
TSBD_WSSV_1bb255e74b,1,0,1,0.5853363,0.05180666,0.056696963,0.050947182,4.009932e-06,0.009571927,0,0.12447063624858856,0.6394504,0.883896,0.99998915,0.96902263,0,0.38379666209220886,0.3038527,0.06515679,6.8302966e-06,0.02140543,0,0.49173274636268616
TSBD_WSSV_d45bc108bb,1,1,1,0.8225361,0.011020994,0.0807153,0.065063864,9.750074e-06,0.01353188,0,0.12447063624858856,0.78588444,0.8827521,0.9999876,0.9752614,1,0.38379666209220886,0.1334003,0.05218405,2.5901288e-06,0.011206763,0,0.49173274636268616
TSBD_WSSV_319f7dd222,0,0,0,0.057308465,0.4095257,0.08494222,0.9172144,0.99997294,0.9160708,0,0.12447063624858856,0.7401028,0.0493553,2.353233e-05,0.06226037,0,0.38379666209220886,0.17495495,0.033430263,3.6025413e-06,0.021668822,0,0.49173274636268616
TSBD_WSSV_72962540b9,1,0,0,0.6794337,0.02115281,0.6095068,0.7915664,0.99244446,0.8615419,0,0.12447063624858856,0.07928553,0.027807549,1.54034e-06,0.00644151,0,0.38379666209220886,0.31120768,0.18062611,0.0075540547,0.1320165,0,0.49173274636268616
TSBD_WSSV_cbc299712b,1,0,1,0.6383567,0.031907685,0.13211468,0.3275336,0.0135369925,0.14326046,0,0.12447063624858856,0.77893656,0.6408471,0.98646194,0.85016876,0,0.38379666209220886,0.0889487,0.031619314,1.0569685e-06,0.006570732,0,0.49173274636268616
TSBD_WSSV_4852ce6b3e,1,1,1,0.8350589,0.009322442,0.084896535,0.059532292,6.8939516e-06,0.0123061845,0,0.12447063624858856,0.79181087,0.8861513,0.9999901,0.9762805,1,0.38379666209220886,0.123292595,0.05431641,3.026385e-06,0.011413301,0,0.49173274636268616
TSBD_WSSV_51c0f376ed,1,0,2,0.5679357,0.018162303,0.061449494,0.0816398,0.00042911022,0.027220184,0,0.12447063624858856,0.23960456,0.4029002,0.26840702,0.3258073,0,0.38379666209220886,0.698946,0.51546,0.73116386,0.64697254,0,0.49173274636268616
TSBD_WSSV_27c4e89064,0,0,1,0.26630837,0.16373189,0.055288095,0.060981292,9.05074e-06,0.014484795,0,0.12447063624858856,0.36948168,0.8679175,0.9999802,0.94904524,0,0.38379666209220886,0.5752302,0.07110128,1.0755896e-05,0.036469895,0,0.49173274636268616
TSBD_WSSV_d31ea8472c,0,0,0,0.091032214,0.32387698,0.112911575,0.8539202,0.9992943,0.85008764,0,0.12447063624858856,0.31213307,0.10207519,0.00069374486,0.1089436,0,0.38379666209220886,0.57495534,0.044004623,1.1895731e-05,0.0409688,0,0.49173274636268616
TSBD_WSSV_6fd089aca1,1,0,2,0.84678274,0.008300664,0.08653673,0.05874046,1.1109469e-05,0.013445368,0,0.12447063624858856,0.109619565,0.04949789,2.152174e-06,0.009738505,0,0.38379666209220886,0.80384374,0.8917616,0.99998677,0.9768162,0,0.49173274636268616
TSBD_WSSV_7131cb4d1e,0,0,1,0.2832098,0.15120728,0.060140215,0.07942965,2.7172277e-05,0.020601481,0,0.12447063624858856,0.39185524,0.8529552,0.99996364,0.9459781,0,0.38379666209220886,0.5480045,0.06761517,9.17741e-06,0.033420406,0,0.49173274636268616
TSBD_WSSV_d1629a0715,1,1,1,0.8324838,0.009353612,0.09773677,0.06275023,8.311142e-06,0.01377481,0,0.12447063624858856,0.78656614,0.8843849,0.99998903,0.9754413,1,0.38379666209220886,0.11569709,0.0528649,2.6755297e-06,0.010783911,0,0.49173274636268616
TSBD_WSSV_8ecaf0ac01,0,0,0,0.17165478,0.23759615,0.11598622,0.77003646,0.97927547,0.6625922,0,0.12447063624858856,0.77675754,0.20200743,0.020722164,0.32650912,0,0.38379666209220886,0.107256226,0.027956022,2.3501877e-06,0.010898715,0,0.49173274636268616
TSBD_WSSV_af3c48a08c,1,0,2,0.8423814,0.0072823577,0.11063669,0.08769585,5.240382e-05,0.024086786,0,0.12447063624858856,0.09587079,0.04081812,9.576232e-07,0.0072931284,0,0.38379666209220886,0.7934925,0.8714861,0.9999466,0.96862006,0,0.49173274636268616
TSBD_WSSV_3dae79f506,1,0,2,0.45553768,0.07988916,0.06316087,0.3031159,0.01758859,0.11718614,0,0.12447063624858856,0.21791345,0.035422415,1.7548133e-06,0.010898579,0,0.38379666209220886,0.7189257,0.6614617,0.9824096,0.8719153,0,0.49173274636268616
TSBD_WSSV_80515fe4b2,1,0,2,0.83134437,0.010443023,0.078441344,0.062427893,1.4019786e-05,0.014040935,0,0.12447063624858856,0.12509029,0.0486,1.966787e-06,0.009972464,0,0.38379666209220886,0.7964684,0.88897216,0.999984,0.9759866,0,0.49173274636268616
TSBD_WSSV_aee31f5ae6,1,0,2,0.8093753,0.01063728,0.10100899,0.13364616,0.00032677496,0.040920798,0,0.12447063624858856,0.10824915,0.03659562,7.496145e-07,0.0069414014,0,0.38379666209220886,0.79074186,0.82975817,0.99967253,0.95213777,0,0.49173274636268616
TSBD_WSSV_0ef579b068,1,0,2,0.6716107,0.028363679,0.11527938,0.27745187,0.010399409,0.11930141,0,0.12447063624858856,0.10272949,0.03222056,9.40002e-07,0.0067542237,0,0.38379666209220886,0.7819911,0.6903276,0.9895997,0.8739444,0,0.49173274636268616
TSBD_WSSV_f70db8236e,1,0,2,0.7812524,0.01697734,0.07095929,0.07892806,3.8035334e-05,0.01866883,0,0.12447063624858856,0.16036417,0.049884725,2.6667685e-06,0.01187251,0,0.38379666209220886,0.76867646,0.87118715,0.99995935,0.96945864,0,0.49173274636268616
TSBD_WSSV_36e3c23fc4,1,0,2,0.801207,0.013585673,0.077594794,0.10702193,0.00012455923,0.027824847,0,0.12447063624858856,0.1296248,0.041566376,1.1661297e-06,0.008548259,0,0.38379666209220886,0.79278046,0.8514117,0.99987423,0.9636269,0,0.49173274636268616
TSBD_WSSV_7e34390794,1,0,2,0.8350028,0.009981703,0.07944084,0.06045537,1.2218714e-05,0.0135101015,0,0.12447063624858856,0.12228683,0.049075827,2.0293915e-06,0.0099893855,0,0.38379666209220886,0.7982723,0.89046884,0.9999858,0.9765005,0,0.49173274636268616
TSBD_WSSV_bd80b0d581,1,0,2,0.79097927,0.007140208,0.18781702,0.17344756,0.0010047037,0.07297926,0,0.12447063624858856,0.090072714,0.03524033,7.28336e-07,0.006487855,0,0.38379666209220886,0.7221103,0.79131204,0.9989945,0.9205329,0,0.49173274636268616
TSBD_WSSV_a456bae923,1,0,2,0.83717984,0.009034623,0.094914064,0.070338584,2.2075877e-05,0.01735922,0,0.12447063624858856,0.110083535,0.04541809,1.4494934e-06,0.00871049,0,0.38379666209220886,0.79500234,0.88424325,0.9999765,0.9739303,0,0.49173274636268616
TSBD_WSSV_b6178797f6,1,0,2,0.83048934,0.01039984,0.08180409,0.062373042,1.38986425e-05,0.014234289,0,0.12447063624858856,0.12437352,0.04920839,2.0469124e-06,0.010099823,0,0.38379666209220886,0.7938224,0.88841856,0.999984,0.9756659,0,0.49173274636268616
TSBD_WSSV_69762898eb,1,0,2,0.83470416,0.008701284,0.09463596,0.09132726,6.3891195e-05,0.024156803,0,0.12447063624858856,0.10802206,0.040592965,9.702022e-07,0.0076026674,0,0.38379666209220886,0.797342,0.86807984,0.99993515,0.9682405,0,0.49173274636268616
TSBD_WSSV_a73de688c2,1,0,2,0.78802925,0.016680542,0.069015965,0.07201044,2.6522393e-05,0.016430765,0,0.12447063624858856,0.15504512,0.047554664,1.974829e-06,0.010764107,0,0.38379666209220886,0.7759388,0.88043493,0.9999715,0.97280514,0,0.49173274636268616
TSBD_WSSV_03cb710db8,1,0,2,0.82409364,0.011018882,0.075365715,0.06919,2.167931e-05,0.01587631,0,0.12447063624858856,0.13272162,0.049818665,2.392783e-06,0.01074353,0,0.38379666209220886,0.79191273,0.8809913,0.9999759,0.97338015,0,0.49173274636268616
TSBD_WSSV_7f2c043791,1,0,2,0.6121495,0.04353883,0.070737556,0.21345842,0.0027676814,0.07089254,0,0.12447063624858856,0.18982276,0.043440674,2.3822558e-06,0.011925646,0,0.38379666209220886,0.7394397,0.7431009,0.99723,0.9171818,0,0.49173274636268616
TSBD_WSSV_426ff318e2,1,0,2,0.84135073,0.00907562,0.08238513,0.059369523,1.1371337e-05,0.013359736,0,0.12447063624858856,0.11631697,0.049435157,2.0499906e-06,0.009854315,0,0.38379666209220886,0.8012979,0.89119536,0.99998665,0.97678596,0,0.49173274636268616
TSBD_WSSV_3cb87dc046,1,0,2,0.77648246,0.018041637,0.072178125,0.0962044,7.9537276e-05,0.023743713,0,0.12447063624858856,0.14898212,0.041433886,1.0630764e-06,0.008836388,0,0.38379666209220886,0.77883977,0.8623618,0.9999194,0.9674199,0,0.49173274636268616
TSBD_WSSV_4c414428d2,1,0,2,0.84621215,0.008192431,0.08824946,0.06409611,1.5179662e-05,0.015000812,0,0.12447063624858856,0.10840736,0.047311716,1.6928155e-06,0.009068125,0,0.38379666209220886,0.8033432,0.8885922,0.9999832,0.9759311,0,0.49173274636268616
TSBD_WSSV_4896029d97,1,0,2,0.8202409,0.011971902,0.07719198,0.06815857,1.9301322e-05,0.01552693,0,0.12447063624858856,0.13097884,0.0463417,1.572102e-06,0.009511247,0,0.38379666209220886,0.79182917,0.8854997,0.99997914,0.97496176,0,0.49173274636268616
TSBD_WSSV_c549f00277,1,0,2,0.79593974,0.015593868,0.070918,0.0699678,2.1844773e-05,0.015721524,0,0.12447063624858856,0.14909837,0.04692818,1.688736e-06,0.010210083,0,0.38379666209220886,0.77998364,0.883104,0.9999765,0.9740684,0,0.49173274636268616
TSBD_WSSV_254bdb9f4d,0,0,2,0.4305732,0.086159736,0.05839497,0.043155838,1.0761065e-05,0.01219989,0,0.12447063624858856,0.6288933,0.24055819,0.0072127143,0.2231806,0,0.38379666209220886,0.31271175,0.71628594,0.9927765,0.76461947,0,0.49173274636268616
TSBD_WSSV_b0447870c0,1,0,2,0.4513596,0.08079167,0.051225945,0.04094385,3.3934866e-06,0.008549003,0,0.12447063624858856,0.41848016,0.08645874,3.088307e-05,0.03882167,0,0.38379666209220886,0.5302938,0.87259734,0.9999658,0.9526293,0,0.49173274636268616
TSBD_WSSV_754fa3c73d,1,0,2,0.8461719,0.00832581,0.087478764,0.059737936,1.1592076e-05,0.013722386,0,0.12447063624858856,0.10941214,0.049166564,2.0268685e-06,0.009591984,0,0.38379666209220886,0.8031091,0.89109546,0.9999864,0.97668564,0,0.49173274636268616
TSBD_WSSV_9937a0424b,1,0,2,0.8433471,0.008009578,0.09467738,0.07611018,2.9480994e-05,0.019017555,0,0.12447063624858856,0.10535836,0.043789607,1.2527718e-06,0.008185334,0,0.38379666209220886,0.79996425,0.88010025,0.99996924,0.9727971,0,0.49173274636268616
TSBD_WSSV_6fa84e41c3,1,0,2,0.8209004,0.011969403,0.07633614,0.065698,1.685574e-05,0.014798804,0,0.12447063624858856,0.1315652,0.047013152,1.6788127e-06,0.00971005,0,0.38379666209220886,0.7920987,0.88728887,0.9999815,0.97549117,0,0.49173274636268616
TSBD_WSSV_577000701d,1,0,2,0.8263215,0.00937048,0.089530885,0.10765356,0.0001255672,0.029271705,0,0.12447063624858856,0.11133235,0.040675152,1.0229161e-06,0.0077902814,0,0.38379666209220886,0.79913676,0.8516713,0.9998734,0.962938,0,0.49173274636268616
TSBD_WSSV_7562704d32,1,0,2,0.822616,0.011647207,0.0736836,0.05989111,1.2139981e-05,0.0131330155,0,0.12447063624858856,0.13567425,0.051349234,2.4752678e-06,0.011039951,0,0.38379666209220886,0.79064214,0.8887596,0.99998534,0.9758271,0,0.49173274636268616
TSBD_WSSV_ab987277c7,1,0,2,0.67181486,0.03676737,0.061372977,0.071008965,2.3034534e-05,0.015645927,0,0.12447063624858856,0.2229388,0.04511188,1.4029865e-06,0.011448518,0,0.38379666209220886,0.7156882,0.8838791,0.99997556,0.9729055,0,0.49173274636268616
TSBD_WSSV_1beeeafcb8,1,0,2,0.8332072,0.010254863,0.07892658,0.06056999,1.2335079e-05,0.013521147,0,0.12447063624858856,0.12364026,0.048910532,1.9910258e-06,0.009978007,0,0.38379666209220886,0.7974332,0.8905195,0.9999857,0.9765008,0,0.49173274636268616
TSBD_WSSV_e7254cc0d4,1,0,2,0.83197767,0.010439528,0.07704702,0.06336621,1.4781805e-05,0.014187989,0,0.12447063624858856,0.12465055,0.047737226,1.7669811e-06,0.009664961,0,0.38379666209220886,0.7983024,0.8888966,0.99998343,0.97614706,0,0.49173274636268616
TSBD_WSSV_b5a8a126ab,1,0,2,0.753034,0.022243729,0.061095804,0.051294174,7.0555625e-06,0.010469309,0,0.12447063624858856,0.19116996,0.0576437,4.2833917e-06,0.014885722,0,0.38379666209220886,0.7477342,0.89106214,0.9999887,0.97464496,0,0.49173274636268616
TSBD_WSSV_13e41ad5ef,1,0,2,0.8382513,0.009532091,0.07929827,0.061236486,1.3019589e-05,0.013740801,0,0.12447063624858856,0.11995054,0.048689343,1.9363224e-06,0.009785597,0,0.38379666209220886,0.80075127,0.89007425,0.9999851,0.97647357,0,0.49173274636268616
TSBD_WSSV_5dd3dca816,1,0,2,0.83719283,0.0094970325,0.07975121,0.06578244,1.6891556e-05,0.014993172,0,0.12447063624858856,0.11993522,0.047644228,1.7813642e-06,0.009538688,0,0.38379666209220886,0.8003136,0.8865733,0.9999813,0.97546816,0,0.49173274636268616
TSBD_WSSV_084f7a072a,1,0,2,0.81563795,0.012865705,0.07312057,0.06446479,1.5638283e-05,0.014248021,0,0.12447063624858856,0.13664721,0.047367167,1.7767024e-06,0.009992071,0,0.38379666209220886,0.7902322,0.8881681,0.9999826,0.9757599,0,0.49173274636268616
TSBD_WSSV_7d1aec7b17,1,0,2,0.76835686,0.013150114,0.20737633,0.12615602,0.00024733855,0.049841996,0,0.12447063624858856,0.08750867,0.03678308,7.245007e-07,0.006590677,0,0.38379666209220886,0.70511496,0.83706087,0.999752,0.9435673,0,0.49173274636268616
TSBD_WSSV_93545fad41,1,0,2,0.8207152,0.011766784,0.07769403,0.06683554,1.8171711e-05,0.01525091,0,0.12447063624858856,0.13207968,0.04796837,1.807126e-06,0.009968908,0,0.38379666209220886,0.79022634,0.88519615,0.9999801,0.9747802,0,0.49173274636268616
TSBD_WSSV_ef783ed00d,1,0,2,0.83309716,0.007008791,0.13923581,0.102916524,0.000103559134,0.03237902,0,0.12447063624858856,0.08576743,0.03864349,8.006841e-07,0.006650194,0,0.38379666209220886,0.7749968,0.85844004,0.9998956,0.9609708,0,0.49173274636268616
TSBD_WSSV_8b081aa68f,1,0,2,0.5446487,0.05692481,0.06320879,0.26302293,0.0103435125,0.09760975,0,0.12447063624858856,0.1958796,0.04904689,7.0539204e-06,0.015847031,0,0.38379666209220886,0.74091166,0.68793017,0.9896494,0.88654315,0,0.49173274636268616
TSBD_WSSV_6afbaad0ae,1,0,2,0.81581753,0.010524138,0.092658065,0.122735,0.00021765777,0.03513124,0,0.12447063624858856,0.10924511,0.037360534,7.5448605e-07,0.007018602,0,0.38379666209220886,0.79809684,0.8399045,0.99978167,0.95785016,0,0.49173274636268616
TSBD_WSSV_9223e4a32b,1,0,2,0.8347469,0.009925654,0.08072774,0.06491951,1.6291826e-05,0.014862062,0,0.12447063624858856,0.1204331,0.047053732,1.7382804e-06,0.009453891,0,0.38379666209220886,0.7988391,0.8880268,0.9999819,0.97568405,0,0.49173274636268616
TSBD_WSSV_98ea43065f,1,0,2,0.837382,0.009553555,0.07976812,0.0629159,1.4460581e-05,0.014241865,0,0.12447063624858856,0.1203039,0.04848023,1.9512722e-06,0.009797448,0,0.38379666209220886,0.799928,0.88860387,0.99998367,0.9759607,0,0.49173274636268616
TSBD_WSSV_eb247f0a00,1,0,2,0.841268,0.008989138,0.08450658,0.062208276,1.3677128e-05,0.014287204,0,0.12447063624858856,0.11446493,0.048097946,1.878036e-06,0.009513445,0,0.38379666209220886,0.8010285,0.88969374,0.9999844,0.9761994,0,0.49173274636268616
TSBD_WSSV_97fa50601b,1,1,2,0.84740424,0.008113341,0.09049186,0.06028635,1.2099177e-05,0.014060476,0,0.12447063624858856,0.10619526,0.048739977,1.9825359e-06,0.009411662,0,0.38379666209220886,0.80331284,0.8909737,0.99998593,0.9765278,1,0.49173274636268616
TSBD_WSSV_8b6c4507a2,1,0,2,0.8360066,0.008646796,0.097707026,0.084383085,4.649962e-05,0.022120964,0,0.12447063624858856,0.10738174,0.041768312,1.0884825e-06,0.0078631425,0,0.38379666209220886,0.79491127,0.87384856,0.99995244,0.9700159,0,0.49173274636268616
TSBD_WSSV_5c925439ac,1,0,2,0.8324416,0.009321467,0.08940908,0.087483935,5.3993932e-05,0.022449223,0,0.12447063624858856,0.11256408,0.041486125,1.0705488e-06,0.00794051,0,0.38379666209220886,0.79802686,0.87102985,0.9999449,0.9696102,0,0.49173274636268616
TSBD_WSSV_1d810bc413,1,0,2,0.44587842,0.081337914,0.06570447,0.33452854,0.028948253,0.13624991,0,0.12447063624858856,0.19557716,0.036803357,2.6436762e-06,0.011505647,0,0.38379666209220886,0.7387184,0.6286681,0.97104913,0.85224444,0,0.49173274636268616
TSBD_WSSV_26de7fcd80,1,0,2,0.33447507,0.11680856,0.063329734,0.23258941,0.0042810203,0.085646845,0,0.12447063624858856,0.40083274,0.042125557,2.5490822e-06,0.01714878,0,0.38379666209220886,0.53583753,0.725285,0.9957165,0.8972044,0,0.49173274636268616
TSBD_WSSV_8aa47f5a65,0,0,0,0.13217373,0.25534728,0.16278955,0.66239816,0.8960586,0.65564483,0,0.12447063624858856,0.6425373,0.033052463,5.0713297e-06,0.024550421,0,0.38379666209220886,0.19467312,0.30454934,0.103936315,0.31980482,0,0.49173274636268616
TSBD_WSSV_d889bfa7f2,0,0,1,0.45817372,0.074662805,0.05530733,0.03207365,4.6613022e-06,0.008481654,0,0.12447063624858856,0.2858272,0.6662472,0.9753743,0.6841395,0,0.38379666209220886,0.65886545,0.30167907,0.02462108,0.30737883,0,0.49173274636268616
TSBD_WSSV_8a85146e3e,1,0,2,0.7594334,0.016815625,0.08215218,0.17721322,0.0013680648,0.05795993,0,0.12447063624858856,0.12294713,0.050441645,4.4590583e-06,0.012063459,0,0.38379666209220886,0.7949007,0.77234507,0.99862754,0.92997664,0,0.49173274636268616
TSBD_WSSV_439d0a5c3f,1,1,2,0.847203,0.008129372,0.08941193,0.061478496,1.29914215e-05,0.014329155,0,0.12447063624858856,0.10701607,0.048183013,1.8500851e-06,0.009260257,0,0.38379666209220886,0.803572,0.8903385,0.9999851,0.97641057,1,0.49173274636268616
TSBD_WSSV_3f0184301c,1,0,2,0.83589303,0.009858396,0.07902697,0.06022879,1.2057203e-05,0.013423867,0,0.12447063624858856,0.1221093,0.04931088,2.072418e-06,0.010045624,0,0.38379666209220886,0.79886377,0.8904603,0.99998593,0.9765305,0,0.49173274636268616
TSBD_WSSV_00abe397a8,1,0,2,0.8448892,0.008512365,0.085816525,0.060290232,1.2201027e-05,0.013830345,0,0.12447063624858856,0.111427024,0.048953097,2.0261755e-06,0.009635534,0,0.38379666209220886,0.8027564,0.89075667,0.9999858,0.9765342,0,0.49173274636268616
TSBD_WSSV_f49daeee4d,1,0,2,0.83501095,0.009530005,0.08277158,0.06912357,2.0774232e-05,0.016213005,0,0.12447063624858856,0.1198607,0.04738119,1.8582544e-06,0.009608347,0,0.38379666209220886,0.7973677,0.8834953,0.99997735,0.9741787,0,0.49173274636268616
TSBD_WSSV_e3a3f70bef,1,0,2,0.7993781,0.013344117,0.08546274,0.11152289,0.00014591696,0.030326635,0,0.12447063624858856,0.1278062,0.040469352,1.1109249e-06,0.008340735,0,0.38379666209220886,0.78673106,0.84800774,0.999853,0.9613326,0,0.49173274636268616
TSBD_WSSV_4c6acaba53,1,1,2,0.84742844,0.0079269335,0.09741257,0.06319776,1.4421405e-05,0.015275402,0,0.12447063624858856,0.10086459,0.047305588,1.7251627e-06,0.0088765705,0,0.38379666209220886,0.8017228,0.88949674,0.9999839,0.9758481,1,0.49173274636268616
TSBD_WSSV_1a5ee9d7a4,1,0,2,0.836348,0.009438079,0.087572254,0.06789321,1.918812e-05,0.016134847,0,0.12447063624858856,0.1150476,0.046006773,1.5196426e-06,0.008972917,0,0.38379666209220886,0.79738015,0.88610005,0.99997926,0.97489226,0,0.49173274636268616
TSBD_WSSV_1d745dbab2,1,1,0,0.7180034,0.03031923,0.738265,0.9194435,0.9999809,0.97456205,1,0.12447063624858856,0.101023145,0.034522794,4.325765e-06,0.009381195,0,0.38379666209220886,0.16071191,0.04603373,1.4758032e-05,0.016056743,0,0.49173274636268616
TSBD_WSSV_04529c8937,1,0,2,0.84486824,0.008354793,0.087474056,0.06504255,1.6337446e-05,0.015280886,0,0.12447063624858856,0.109787144,0.047046598,1.7033624e-06,0.009099282,0,0.38379666209220886,0.80273885,0.8879108,0.999982,0.9756198,0,0.49173274636268616
TSBD_WSSV_eb7b8b7c67,1,1,2,0.8472162,0.008027709,0.090890065,0.06457577,1.566369e-05,0.015300172,0,0.12447063624858856,0.10562426,0.046755325,1.6195215e-06,0.008857768,0,0.38379666209220886,0.80348563,0.8886689,0.9999827,0.97584206,1,0.49173274636268616
TSBD_WSSV_4c43a3a8a6,1,0,2,0.82573557,0.01026288,0.08501477,0.08808489,5.3944306e-05,0.022162786,0,0.12447063624858856,0.119525924,0.042812206,1.209392e-06,0.008443785,0,0.38379666209220886,0.79545933,0.8691029,0.9999448,0.96939343,0,0.49173274636268616
TSBD_WSSV_417fc1cab3,1,0,2,0.8414503,0.008593151,0.08776973,0.07043914,2.255612e-05,0.016940858,0,0.12447063624858856,0.11163432,0.045826975,1.553279e-06,0.0088936305,0,0.38379666209220886,0.800596,0.88373387,0.9999759,0.97416556,0,0.49173274636268616
TSBD_WSSV_59c834cf6e,1,0,2,0.48570234,0.07432455,0.05825188,0.065000586,2.0047959e-05,0.015357746,0,0.12447063624858856,0.36197576,0.061143644,7.037885e-06,0.02296818,0,0.38379666209220886,0.57977235,0.87385577,0.99997294,0.96167403,0,0.49173274636268616
TSBD_WSSV_97681928ee,1,0,2,0.84570754,0.008036047,0.09257697,0.06793891,1.9655514e-05,0.016502673,0,0.12447063624858856,0.10571502,0.046020098,1.5809494e-06,0.008763664,0,0.38379666209220886,0.801708,0.886041,0.9999788,0.97473365,0,0.49173274636268616
TSBD_WSSV_0c09630268,1,0,2,0.8414137,0.008059787,0.09532794,0.08302452,4.2582236e-05,0.021351311,0,0.12447063624858856,0.10488349,0.041832685,1.0490229e-06,0.0077320654,0,0.38379666209220886,0.7997886,0.87514275,0.99995637,0.9709166,0,0.49173274636268616
TSBD_WSSV_919a1fc43f,1,0,2,0.84537274,0.007808893,0.096408255,0.07356495,2.6392521e-05,0.018420523,0,0.12447063624858856,0.103031635,0.044188302,1.3237438e-06,0.008238588,0,0.38379666209220886,0.80056006,0.8822467,0.99997234,0.97334087,0,0.49173274636268616
TSBD_WSSV_df52a25a1c,1,0,2,0.5101956,0.068828695,0.09276194,0.08286528,4.2477513e-05,0.02317633,0,0.12447063624858856,0.3056577,0.04260649,1.1835837e-06,0.0127438875,0,0.38379666209220886,0.6015803,0.8745283,0.99995637,0.96407974,0,0.49173274636268616
TSBD_WSSV_b6df8b235a,1,0,2,0.8450662,0.008318043,0.08933014,0.06462028,1.6203465e-05,0.015322626,0,0.12447063624858856,0.10837182,0.04700995,1.7082625e-06,0.0090596955,0,0.38379666209220886,0.80229807,0.88836974,0.9999821,0.97561765,0,0.49173274636268616
TSBD_WSSV_66dac7b3cb,1,0,2,0.81329,0.013230462,0.07138667,0.060041633,1.1946316e-05,0.012975719,0,0.12447063624858856,0.1412355,0.04977872,2.220074e-06,0.010815296,0,0.38379666209220886,0.78737783,0.89017963,0.9999858,0.9762089,0,0.49173274636268616
TSBD_WSSV_cb728bde71,1,0,2,0.83410704,0.0087728305,0.092612505,0.093048185,6.7144414e-05,0.024422094,0,0.12447063624858856,0.108947806,0.04068303,9.697116e-07,0.007633419,0,0.38379666209220886,0.7984397,0.86626875,0.99993193,0.9679445,0,0.49173274636268616
TSBD_WSSV_11dccea294,1,0,2,0.8324045,0.008458492,0.0980656,0.10285104,0.00010151845,0.02835666,0,0.12447063624858856,0.10555918,0.03932234,8.7556026e-07,0.007296086,0,0.38379666209220886,0.7963752,0.8578266,0.9998976,0.96434724,0,0.49173274636268616
TSBD_WSSV_6c97d0a038,1,0,2,0.81781393,0.0081958175,0.12161283,0.13350789,0.00030242658,0.04314722,0,0.12447063624858856,0.1010468,0.037267495,7.7729794e-07,0.006908868,0,0.38379666209220886,0.7773403,0.8292245,0.99969673,0.9499439,0,0.49173274636268616
TSBD_WSSV_7930144273,1,0,2,0.8243758,0.009527676,0.09549401,0.10899196,0.00013297384,0.030470848,0,0.12447063624858856,0.10923328,0.03854778,8.520394e-07,0.0072866534,0,0.38379666209220886,0.7952727,0.85246027,0.9998661,0.9622425,0,0.49173274636268616
TSBD_WSSV_46e8a68895,1,0,2,0.72457755,0.026710859,0.062162653,0.0579523,1.1478002e-05,0.012361696,0,0.12447063624858856,0.2057419,0.05550225,3.803396e-06,0.014778303,0,0.38379666209220886,0.7320954,0.8865454,0.99998474,0.97286,0,0.49173274636268616
TSBD_WSSV_68675dc12f,1,0,2,0.8154217,0.012675071,0.071292475,0.05444125,8.679319e-06,0.011651218,0,0.12447063624858856,0.1443498,0.05485725,3.474634e-06,0.0124616055,0,0.38379666209220886,0.7843577,0.8907014,0.99998784,0.9758871,0,0.49173274636268616
TSBD_WSSV_33b5dd7e52,1,1,1,0.81717116,0.007668649,0.100684375,0.13990803,0.00022162085,0.039043713,0,0.12447063624858856,0.786434,0.8090648,0.9997756,0.950206,1,0.38379666209220886,0.11288161,0.05102716,2.7774427e-06,0.0107503,0,0.49173274636268616
TSBD_WSSV_eaf8feba8d,1,0,2,0.84416413,0.008234002,0.09075128,0.07072588,2.2326663e-05,0.017124929,0,0.12447063624858856,0.10729874,0.044844594,1.3491488e-06,0.008439074,0,0.38379666209220886,0.80195004,0.88442963,0.9999764,0.974436,0,0.49173274636268616
TSBD_WSSV_a092abcd48,1,0,2,0.7703191,0.017623382,0.08072545,0.118897445,0.0001918731,0.032539554,0,0.12447063624858856,0.14464949,0.041489583,1.2643779e-06,0.009100943,0,0.38379666209220886,0.77462506,0.839613,0.9998068,0.95835954,0,0.49173274636268616
TSBD_WSSV_8c4a48a3c8,0,0,0,0.13129057,0.28160018,0.24235192,0.92236346,0.9999844,0.9531355,0,0.12447063624858856,0.6850992,0.041076638,1.0260298e-05,0.033982646,0,0.38379666209220886,0.072548844,0.03655988,5.309643e-06,0.012881896,0,0.49173274636268616
TSBD_WSSV_36e8b7c576,1,1,0,0.8125498,0.015914988,0.80013794,0.9217803,0.999985,0.9785091,1,0.12447063624858856,0.094581425,0.037453264,6.3009124e-06,0.009996759,0,0.38379666209220886,0.10528066,0.040766437,8.67361e-06,0.011494085,0,0.49173274636268616
TSBD_WSSV_f62b02d7ce,1,1,0,0.83123124,0.013715213,0.8188704,0.9227533,0.99998534,0.97977513,1,0.12447063624858856,0.12078856,0.039271183,8.274115e-06,0.011662737,0,0.38379666209220886,0.060340952,0.037975546,6.41031e-06,0.008562112,0,0.49173274636268616
TSBD_WSSV_7b5c5d4331,0,0,1,0.5705813,0.0051878206,0.05418885,0.034589287,1.3018228e-05,0.00880773,0,0.12447063624858856,0.43550694,0.5333135,0.7571848,0.56129605,0,0.38379666209220886,0.5103043,0.43209723,0.24280219,0.42989618,0,0.49173274636268616
TSBD_WSSV_1115f3a7b9,0,0,1,0.49650002,0.059035152,0.0561249,0.035010766,6.945651e-06,0.009319468,0,0.12447063624858856,0.31222656,0.6514618,0.96864814,0.6768632,0,0.38379666209220886,0.6316485,0.31352746,0.03134493,0.31381738,0,0.49173274636268616
TSBD_WSSV_8b19cf1542,1,0,1,0.32164887,0.12374832,0.069057725,0.115057066,0.00010259983,0.031578008,0,0.12447063624858856,0.47293004,0.8361014,0.9998951,0.9488693,0,0.38379666209220886,0.4580122,0.048841517,2.342181e-06,0.019552678,0,0.49173274636268616
TSBD_WSSV_e980aeec5d,1,0,0,0.5806673,0.057811804,0.6742513,0.92281246,0.9999857,0.9746608,0,0.12447063624858856,0.2633668,0.03907167,7.855801e-06,0.016107883,0,0.38379666209220886,0.062381886,0.03811584,6.3848097e-06,0.009231313,0,0.49173274636268616
TSBD_WSSV_78620c7961,1,0,1,0.57223254,0.04779774,0.104719475,0.3389599,0.015368348,0.13888483,0,0.12447063624858856,0.78721285,0.6288078,0.9846305,0.8538331,0,0.38379666209220886,0.10806763,0.032232355,1.1478608e-06,0.0072820876,0,0.49173274636268616
TSBD_WSSV_5cfa598cc4,0,0,0,0.1864983,0.21889642,0.32831368,0.9214851,0.99998474,0.9591432,0,0.12447063624858856,0.5608581,0.037533294,6.4302917e-06,0.025083955,0,0.38379666209220886,0.11082823,0.0409816,8.856597e-06,0.015772836,0,0.49173274636268616
TSBD_WSSV_2ab0d58abb,1,1,0,0.75232375,0.02575432,0.77243125,0.92269886,0.99998546,0.9780245,1,0.12447063624858856,0.16422193,0.038661666,7.581706e-06,0.012910817,0,0.38379666209220886,0.06334681,0.038639423,6.8596396e-06,0.009064644,0,0.49173274636268616
TSBD_WSSV_d63f9ec96f,1,0,2,0.6476606,0.03663618,0.083123036,0.2527541,0.0064599207,0.09332743,0,0.12447063624858856,0.12006582,0.033210266,9.658967e-07,0.007314802,0,0.38379666209220886,0.79681116,0.7140356,0.99353915,0.8993578,0,0.49173274636268616
TSBD_WSSV_c6d6c44306,1,0,0,0.53799975,0.066974714,0.64551383,0.9208372,0.9999833,0.97311115,0,0.12447063624858856,0.27498403,0.035947163,5.345115e-06,0.014798326,0,0.38379666209220886,0.07950213,0.04321565,1.1279676e-05,0.012090523,0,0.49173274636268616
TSBD_WSSV_0e98c598e2,0,0,0,0.059655014,0.38096184,0.05292408,0.84857607,0.99891067,0.78672045,0,0.12447063624858856,0.4369048,0.10856902,0.0010777052,0.16650556,0,0.38379666209220886,0.5101711,0.042854942,1.163826e-05,0.046773974,0,0.49173274636268616
TSBD_WSSV_0e0b18da56,0,0,0,0.13140999,0.28073427,0.09643415,0.8021878,0.99425703,0.7216175,0,0.12447063624858856,0.12277055,0.027029678,1.4229662e-06,0.011575849,0,0.38379666209220886,0.78079534,0.17078249,0.0057416083,0.26680657,0,0.49173274636268616
TSBD_WSSV_0e04e30a96,1,0,0,0.48985097,0.0771935,0.5974403,0.9212946,0.999984,0.969581,0,0.12447063624858856,0.20897019,0.036503688,5.6861495e-06,0.014026445,0,0.38379666209220886,0.19358954,0.04220165,1.0225557e-05,0.01639258,0,0.49173274636268616
TSBD_WSSV_b14315239e,0,0,0,0.096618526,0.32287222,0.17490049,0.9213073,0.999984,0.94236064,0,0.12447063624858856,0.20105447,0.03623133,5.531019e-06,0.020491246,0,0.38379666209220886,0.62404513,0.042461388,1.0441788e-05,0.037148174,0,0.49173274636268616
TSBD_WSSV_ad26e82e3c,0,0,0,0.14928614,0.2577106,0.26604855,0.91571844,0.99997807,0.9514516,0,0.12447063624858856,0.6291464,0.039046977,7.688305e-06,0.029498702,0,0.38379666209220886,0.10480505,0.045234624,1.4277808e-05,0.019049672,0,0.49173274636268616
TSBD_WSSV_cda41068f5,1,1,0,0.6866602,0.03628972,0.7266916,0.920644,0.9999821,0.9747089,1,0.12447063624858856,0.06769828,0.03411051,4.0874284e-06,0.008060361,0,0.38379666209220886,0.20561014,0.04524551,1.3830165e-05,0.01723069,0,0.49173274636268616
TSBD_WSSV_f51f241a0d,0,0,0,0.13816062,0.2723201,0.2482127,0.92002374,0.9999814,0.950623,0,0.12447063624858856,0.6648199,0.04286635,1.2708365e-05,0.03542654,0,0.38379666209220886,0.08696749,0.037109856,5.8500614e-06,0.013950478,0,0.49173274636268616
TSBD_WSSV_2578508dff,1,1,0,0.846545,0.011244229,0.82381415,0.9221329,0.999985,0.9797525,1,0.12447063624858856,0.08877353,0.035986174,5.2460605e-06,0.009173756,0,0.38379666209220886,0.08741234,0.041880947,9.8194005e-06,0.011073759,0,0.49173274636268616
TSBD_WSSV_45511a46f0,1,1,0,0.7281781,0.02993865,0.76140255,0.92288727,0.99998546,0.9777111,1,0.12447063624858856,0.18409781,0.039689895,8.593502e-06,0.014006733,0,0.38379666209220886,0.05449963,0.037422884,5.9680847e-06,0.0082822135,0,0.49173274636268616
TSBD_WSSV_87146ab98c,1,1,0,0.8505408,0.010890838,0.82953614,0.9222598,0.9999851,0.980217,1,0.12447063624858856,0.100569054,0.03644748,5.6129043e-06,0.009749842,0,0.38379666209220886,0.0698948,0.04129271,9.246308e-06,0.010033201,0,0.49173274636268616
TSBD_WSSV_e143d38f01,1,0,2,0.5251672,0.033479076,0.13755178,0.22366926,0.033992033,0.1380534,0,0.12447063624858856,0.14531213,0.30879846,0.122138664,0.21014339,0,0.38379666209220886,0.71713614,0.46753228,0.84386927,0.6518032,0,0.49173274636268616
TSBD_WSSV_ea73217725,1,0,1,0.422621,0.07906662,0.07139974,0.2686574,0.008751893,0.10725831,0,0.12447063624858856,0.5695829,0.6499953,0.99117404,0.85027987,0,0.38379666209220886,0.3590174,0.081347294,7.4110925e-05,0.042461827,0,0.49173274636268616
TSBD_WSSV_7568f33745,1,0,0,0.33003786,0.124388166,0.47363803,0.9134494,0.9999589,0.95627606,0,0.12447063624858856,0.3928066,0.054248355,3.7943657e-05,0.032819867,0,0.38379666209220886,0.13355535,0.032302283,3.2576097e-06,0.01090407,0,0.49173274636268616
TSBD_WSSV_c0b728f042,0,0,1,0.4129663,0.055109497,0.06682068,0.043959755,3.7641003e-05,0.01363766,0,0.12447063624858856,0.17589302,0.48345217,0.57916886,0.3871427,0,0.38379666209220886,0.7572863,0.47258806,0.42079353,0.5992196,0,0.49173274636268616
TSBD_WSSV_7555e38281,0,0,0,0.20885326,0.20427324,0.11328671,0.71523404,0.96863425,0.61093926,0,0.12447063624858856,0.10470658,0.048738997,2.710979e-05,0.021800295,0,0.38379666209220886,0.78200674,0.236027,0.03133866,0.36726052,0,0.49173274636268616
TSBD_WSSV_d921343af4,0,0,0,0.07184234,0.377637,0.11120118,0.90833086,0.99996865,0.91942716,0,0.12447063624858856,0.11071849,0.040657233,8.424704e-06,0.02192158,0,0.38379666209220886,0.7780803,0.051011924,2.2854552e-05,0.05865125,0,0.49173274636268616
TSBD_WSSV_94a3c39469,0,0,0,0.10326003,0.32018226,0.17867988,0.9165253,0.9999722,0.9368604,0,0.12447063624858856,0.7256584,0.049565308,2.3994844e-05,0.049045105,0,0.38379666209220886,0.09566166,0.033909377,3.831004e-06,0.014094525,0,0.49173274636268616
TSBD_WSSV_65692fdd3f,1,0,2,0.783961,0.017028311,0.069911234,0.061572447,1.4229184e-05,0.013626042,0,0.12447063624858856,0.16451094,0.053704213,3.1455481e-06,0.012782903,0,0.38379666209220886,0.76557785,0.88472337,0.9999827,0.973591,0,0.49173274636268616
TSBD_WSSV_0464ee44c0,1,0,2,0.7409467,0.0018058429,0.057493534,0.059540257,7.817596e-05,0.016997509,0,0.12447063624858856,0.25128996,0.30368924,0.041737307,0.20820853,0,0.38379666209220886,0.6912165,0.63677055,0.9581846,0.774794,0,0.49173274636268616
TSBD_WSSV_51f7222cef,1,0,2,0.8230487,0.00980705,0.07975218,0.07698869,3.446616e-05,0.018754391,0,0.12447063624858856,0.13743179,0.056415096,4.539961e-06,0.013151982,0,0.38379666209220886,0.78281605,0.8665962,0.999961,0.96809363,0,0.49173274636268616
TSBD_WSSV_148921b882,1,0,2,0.833826,0.009617555,0.07915598,0.051203266,6.9927955e-06,0.011231421,0,0.12447063624858856,0.13029855,0.059919517,5.2378964e-06,0.0135462005,0,0.38379666209220886,0.7905455,0.8888772,0.9999877,0.97522235,0,0.49173274636268616
TSBD_WSSV_49f573118f,0,0,0,0.1609444,0.24476829,0.08400062,0.73619926,0.98569936,0.633816,0,0.12447063624858856,0.14807542,0.05345077,3.5912053e-05,0.030751323,0,0.38379666209220886,0.7679239,0.21034995,0.014264668,0.33543262,0,0.49173274636268616
TSBD_WSSV_f7bb98aadd,0,0,0,0.21999994,0.18880391,0.09293377,0.66242236,0.9093948,0.5111699,0,0.12447063624858856,0.13561198,0.043261837,1.8066105e-05,0.019605042,0,0.38379666209220886,0.7714542,0.29431581,0.09058706,0.46922505,0,0.49173274636268616
TSBD_WSSV_32f477127b,1,0,1,0.50556004,0.0663954,0.055535007,0.048863202,3.931414e-06,0.009664106,0,0.12447063624858856,0.5636033,0.8650874,0.9999722,0.9552716,0,0.38379666209220886,0.38086167,0.086049445,2.3809069e-05,0.035064302,0,0.49173274636268616
TSBD_WSSV_6532d5dd16,1,1,0,0.8660063,0.008872917,0.84028864,0.92301726,0.99998605,0.98094034,1,0.12447063624858856,0.09373753,0.03752602,6.443928e-06,0.009867313,0,0.38379666209220886,0.065973885,0.039456725,7.4684685e-06,0.009192428,0,0.49173274636268616
TSBD_WSSV_399a1e23cc,1,0,2,0.8266307,0.011268243,0.07612739,0.06154193,1.3078025e-05,0.013621788,0,0.12447063624858856,0.12894765,0.048254132,1.8644815e-06,0.009945029,0,0.38379666209220886,0.794925,0.890204,0.999985,0.97643316,0,0.49173274636268616
TSBD_WSSV_c07e032039,1,0,2,0.8231671,0.011725925,0.07418903,0.057398107,1.036384e-05,0.0125022195,0,0.12447063624858856,0.13464406,0.05124505,2.4725662e-06,0.010988762,0,0.38379666209220886,0.7911669,0.8913568,0.9999871,0.97650903,0,0.49173274636268616
TSBD_WSSV_a3b514246a,1,0,2,0.69029206,0.033461653,0.058528524,0.0650452,1.6408347e-05,0.013759047,0,0.12447063624858856,0.21731871,0.047960866,1.8373805e-06,0.012253858,0,0.38379666209220886,0.72415274,0.88699394,0.99998176,0.97398716,0,0.49173274636268616
TSBD_WSSV_9e8ca9f55f,1,0,2,0.54098624,0.062117875,0.052960016,0.045301132,4.4304265e-06,0.009130064,0,0.12447063624858856,0.33121762,0.06415158,6.848381e-06,0.022128621,0,0.38379666209220886,0.6158224,0.8905473,0.9999888,0.96874136,0,0.49173274636268616
TSBD_WSSV_978efa34a6,1,0,2,0.801998,0.01478512,0.071143076,0.067471,1.9318002e-05,0.015079422,0,0.12447063624858856,0.14571545,0.047187604,1.7342813e-06,0.010188648,0,0.38379666209220886,0.78314143,0.8853414,0.9999789,0.9747319,0,0.49173274636268616
TSBD_WSSV_4575fa460f,1,1,2,0.8468246,0.007880566,0.097954184,0.065856464,1.7173537e-05,0.016154904,0,0.12447063624858856,0.10113255,0.046471212,1.6061591e-06,0.008693753,0,0.38379666209220886,0.8009133,0.8876724,0.9999813,0.97515136,1,0.49173274636268616
TSBD_WSSV_6e2231b074,1,0,2,0.8342283,0.009970987,0.08214834,0.06527592,1.6207514e-05,0.014980302,0,0.12447063624858856,0.119753726,0.046723507,1.624441e-06,0.00928243,0,0.38379666209220886,0.79809785,0.8880006,0.9999821,0.9757372,0,0.49173274636268616
TSBD_WSSV_18c088457d,1,0,2,0.659954,0.039063543,0.056480065,0.06158505,1.3058109e-05,0.012766027,0,0.12447063624858856,0.23755606,0.04907707,2.0280952e-06,0.013130574,0,0.38379666209220886,0.7059638,0.88933784,0.99998486,0.97410345,0,0.49173274636268616
TSBD_WSSV_77302aa089,1,0,2,0.82045174,0.011393449,0.08032085,0.08571432,5.1162755e-05,0.021224277,0,0.12447063624858856,0.12411031,0.04238644,1.160485e-06,0.00844289,0,0.38379666209220886,0.7955688,0.87189925,0.99994767,0.97033286,0,0.49173274636268616
TSBD_WSSV_bc1451b5cd,1,0,2,0.77870584,0.018650947,0.065521605,0.060011886,1.2000911e-05,0.012694801,0,0.12447063624858856,0.16462064,0.04931962,2.0710704e-06,0.011290392,0,0.38379666209220886,0.7698577,0.8906685,0.99998593,0.9760148,0,0.49173274636268616
TSBD_WSSV_2c0825dfbc,1,1,2,0.8484668,0.008032741,0.090246856,0.05893958,1.10082465e-05,0.013638221,0,0.12447063624858856,0.105518445,0.049195923,2.0281266e-06,0.009468511,0,0.38379666209220886,0.80423474,0.8918645,0.999987,0.97689325,1,0.49173274636268616
TSBD_WSSV_21eca1a9bc,1,0,2,0.83369946,0.010239234,0.07959994,0.05835774,1.0574168e-05,0.012928567,0,0.12447063624858856,0.1231668,0.049599558,2.106422e-06,0.010138743,0,0.38379666209220886,0.79723316,0.8920427,0.99998724,0.9769327,0,0.49173274636268616
TSBD_WSSV_a7578fa09c,1,1,2,0.8489928,0.007940282,0.091697186,0.059114926,1.1143244e-05,0.013765714,0,0.12447063624858856,0.10400385,0.049082518,2.0092002e-06,0.009392845,0,0.38379666209220886,0.804299,0.89180255,0.9999869,0.97684145,1,0.49173274636268616
TSBD_WSSV_8acd11d1ec,1,1,2,0.84741104,0.008226088,0.0876404,0.058447268,1.0693255e-05,0.013371157,0,0.12447063624858856,0.10824121,0.049442004,2.057466e-06,0.009602938,0,0.38379666209220886,0.80411845,0.8921107,0.99998724,0.9770259,1,0.49173274636268616
TSBD_WSSV_ce8f668353,1,1,2,0.84897727,0.00797207,0.090622194,0.05848833,1.0724506e-05,0.013537744,0,0.12447063624858856,0.104874,0.049418475,2.0698706e-06,0.009504514,0,0.38379666209220886,0.8045038,0.8920932,0.99998724,0.9769577,1,0.49173274636268616
TSBD_WSSV_c5bb7f551a,1,0,2,0.8406769,0.00925458,0.08096184,0.059031256,1.1148833e-05,0.013188409,0,0.12447063624858856,0.11735327,0.049156327,2.026108e-06,0.00983395,0,0.38379666209220886,0.8016849,0.8918125,0.99998677,0.97697765,0,0.49173274636268616
TSBD_WSSV_95dc6e27d4,1,0,2,0.59657514,0.048574343,0.06153263,0.044147175,3.922258e-06,0.009186382,0,0.12447063624858856,0.30302605,0.07310141,1.2337197e-05,0.02532632,0,0.38379666209220886,0.6354413,0.88275135,0.9999838,0.96548724,0,0.49173274636268616
TSBD_WSSV_309436940c,1,0,2,0.7245779,0.027398227,0.06191916,0.057918828,1.0238571e-05,0.012028451,0,0.12447063624858856,0.1998945,0.05068119,2.2955937e-06,0.012658861,0,0.38379666209220886,0.73818636,0.8914,0.9999875,0.97531265,0,0.49173274636268616
TSBD_WSSV_29362e9f5a,1,0,2,0.8465132,0.008357215,0.08685895,0.058536272,1.0769376e-05,0.013359701,0,0.12447063624858856,0.10943357,0.049394213,2.0600203e-06,0.009639697,0,0.38379666209220886,0.8037074,0.8920695,0.99998724,0.9770006,0,0.49173274636268616
TSBD_WSSV_e67891395a,1,0,2,0.83749974,0.009638069,0.08182803,0.060176767,1.1928526e-05,0.013548823,0,0.12447063624858856,0.11881109,0.048711017,1.9460736e-06,0.00976764,0,0.38379666209220886,0.7993609,0.8911122,0.9999862,0.9766835,0,0.49173274636268616
TSBD_WSSV_2653717417,1,1,2,0.8475405,0.008122668,0.089467265,0.060683712,1.22924175e-05,0.01408882,0,0.12447063624858856,0.106657796,0.048369776,1.867252e-06,0.009280658,0,0.38379666209220886,0.80387497,0.8909465,0.9999858,0.9766305,1,0.49173274636268616
TSBD_WSSV_c98c109e0f,1,1,2,0.8477169,0.008104106,0.08954644,0.06014062,1.1939075e-05,0.013953619,0,0.12447063624858856,0.10657277,0.048693832,1.940288e-06,0.009376982,0,0.38379666209220886,0.80388075,0.89116555,0.9999862,0.9766694,1,0.49173274636268616
TSBD_WSSV_3339e18081,1,0,2,0.8425787,0.008964157,0.08256743,0.058471754,1.0631087e-05,0.013093844,0,0.12447063624858856,0.11518096,0.049480706,2.0692648e-06,0.0098375175,0,0.38379666209220886,0.80225164,0.8920475,0.99998736,0.9770686,0,0.49173274636268616
TSBD_WSSV_f675da990c,1,1,2,0.84680754,0.008312666,0.086450994,0.059071843,1.1132781e-05,0.013480917,0,0.12447063624858856,0.1094647,0.04914114,1.9904166e-06,0.009551974,0,0.38379666209220886,0.8040843,0.891787,0.9999869,0.9769671,1,0.49173274636268616
TSBD_WSSV_e8d0267684,1,0,2,0.84642005,0.008258574,0.08742213,0.06263116,1.3954228e-05,0.014542839,0,0.12447063624858856,0.10867986,0.047559995,1.7446222e-06,0.009148208,0,0.38379666209220886,0.8038981,0.88980883,0.99998426,0.97630894,0,0.49173274636268616
TSBD_WSSV_93ee9c6175,1,0,2,0.843331,0.008578289,0.08587123,0.06744365,1.8456343e-05,0.015816916,0,0.12447063624858856,0.111088015,0.045859404,1.488436e-06,0.008794167,0,0.38379666209220886,0.80304086,0.88669705,0.9999801,0.97538894,0,0.49173274636268616
TSBD_WSSV_56b93bffca,1,1,2,0.8469126,0.008157751,0.09159858,0.060390964,1.2103805e-05,0.014136486,0,0.12447063624858856,0.105726466,0.04868723,1.9449303e-06,0.009359236,0,0.38379666209220886,0.80267495,0.89092183,0.99998593,0.97650427,1,0.49173274636268616
TSBD_WSSV_05e0a12846,1,1,2,0.84684014,0.007808582,0.092770055,0.072001874,2.4112143e-05,0.017656319,0,0.12447063624858856,0.103911534,0.04420201,1.2811524e-06,0.008200817,0,0.38379666209220886,0.80331844,0.88379616,0.9999746,0.9741429,1,0.49173274636268616
TSBD_WSSV_0bc0ac833f,1,0,2,0.8432166,0.008277302,0.090717256,0.073647134,2.6052974e-05,0.017991293,0,0.12447063624858856,0.10748067,0.043968305,1.261089e-06,0.0082605155,0,0.38379666209220886,0.80180216,0.8823845,0.9999726,0.9737482,0,0.49173274636268616
TSBD_WSSV_026c64bd33,1,0,2,0.84536475,0.008443916,0.088048816,0.06019339,1.1932554e-05,0.013883151,0,0.12447063624858856,0.10929238,0.048657544,1.9120291e-06,0.00943439,0,0.38379666209220886,0.80265874,0.89114904,0.9999862,0.9766824,0,0.49173274636268616
TSBD_WSSV_9f2b1f9f8f,1,0,2,0.81685966,0.0123699065,0.08509008,0.06343823,1.4747209e-05,0.014764286,0,0.12447063624858856,0.12982404,0.047409784,1.7169376e-06,0.009766092,0,0.38379666209220886,0.78508586,0.88915205,0.99998355,0.97546965,0,0.49173274636268616
TSBD_WSSV_38f10d750a,1,1,2,0.8479937,0.007698848,0.09665026,0.06798756,1.913345e-05,0.016663413,0,0.12447063624858856,0.10100185,0.045478303,1.4197059e-06,0.008393786,0,0.38379666209220886,0.8023479,0.88653415,0.9999794,0.9749428,1,0.49173274636268616
TSBD_WSSV_76536085a9,1,0,2,0.84662956,0.008254079,0.09046811,0.05950688,1.1467179e-05,0.013829659,0,0.12447063624858856,0.10667672,0.048948593,1.9692598e-06,0.009433211,0,0.38379666209220886,0.80285525,0.89154446,0.9999865,0.97673714,0,0.49173274636268616
TSBD_WSSV_e36aec3084,1,0,2,0.83967566,0.008968637,0.09264322,0.064841256,1.6059439e-05,0.015545485,0,0.12447063624858856,0.10990664,0.046900023,1.6651093e-06,0.009065984,0,0.38379666209220886,0.79745007,0.88825876,0.99998224,0.9753886,0,0.49173274636268616
TSBD_WSSV_b632ff4665,1,1,2,0.84751874,0.008041338,0.095246695,0.060380097,1.2155732e-05,0.01434202,0,0.12447063624858856,0.10237283,0.048533373,1.9099255e-06,0.009207474,0,0.38379666209220886,0.8023805,0.89108646,0.99998593,0.9764505,1,0.49173274636268616
TSBD_WSSV_f392420764,0,0,0,0.4341369,0.07828987,0.4622614,0.8320603,0.9966061,0.8674152,0,0.12447063624858856,0.4723011,0.13984168,0.0033918726,0.12570223,0,0.38379666209220886,0.06543749,0.028098043,1.9625786e-06,0.0068825735,0,0.49173274636268616
TSBD_WSSV_08f57edf07,1,1,2,0.8485854,0.008012972,0.089940734,0.05924634,1.1350524e-05,0.013737099,0,0.12447063624858856,0.1056557,0.049054608,1.990948e-06,0.009425186,0,0.38379666209220886,0.80440354,0.89169914,0.99998665,0.97683775,1,0.49173274636268616
TSBD_WSSV_922a715bec,1,1,2,0.84784716,0.0075313123,0.099370286,0.07092073,2.2876106e-05,0.017783204,0,0.12447063624858856,0.09939334,0.044740196,1.3961715e-06,0.008262709,0,0.38379666209220886,0.8012364,0.8843391,0.9999757,0.973954,1,0.49173274636268616
TSBD_WSSV_aa0b3c4c15,1,0,2,0.8303266,0.008798375,0.09247919,0.10778141,0.00012723966,0.029662238,0,0.12447063624858856,0.10697783,0.039433543,9.53773e-07,0.0074610654,0,0.38379666209220886,0.80054295,0.852785,0.99987173,0.9628767,0,0.49173274636268616
TSBD_WSSV_daa4ba808b,1,0,2,0.83923054,0.0091964835,0.08332003,0.06733969,1.8472436e-05,0.015653875,0,0.12447063624858856,0.11537897,0.04604245,1.5789202e-06,0.009040042,0,0.38379666209220886,0.801301,0.88661784,0.99998,0.9753061,0,0.49173274636268616
TSBD_WSSV_311dd1baf7,1,1,2,0.8479094,0.007825897,0.09235885,0.06643974,1.7583956e-05,0.015951833,0,0.12447063624858856,0.104189284,0.04625786,1.5839271e-06,0.008735662,0,0.38379666209220886,0.8034519,0.88730246,0.9999808,0.9753125,1,0.49173274636268616
TSBD_WSSV_34ee093e2e,1,1,2,0.84725,0.008143128,0.090340815,0.06041537,1.2077275e-05,0.0140615795,0,0.12447063624858856,0.10633062,0.048584316,1.9053557e-06,0.009328538,0,0.38379666209220886,0.80332863,0.8910003,0.99998605,0.9766099,1,0.49173274636268616
TSBD_WSSV_cbb32ff38a,1,0,2,0.82490265,0.011438872,0.07815141,0.0608392,1.266713e-05,0.013600622,0,0.12447063624858856,0.12939493,0.04873563,1.9760846e-06,0.010126885,0,0.38379666209220886,0.7924536,0.89042515,0.99998534,0.9762725,0,0.49173274636268616
TSBD_WSSV_9291ca740d,1,1,2,0.8490748,0.007875413,0.092301816,0.06067538,1.239158e-05,0.014262011,0,0.12447063624858856,0.10346426,0.048347548,1.867802e-06,0.00917883,0,0.38379666209220886,0.80423397,0.8909771,0.9999857,0.9765592,1,0.49173274636268616
TSBD_WSSV_73bc44153b,1,1,2,0.84862417,0.0078392355,0.0985272,0.061240215,1.2798969e-05,0.014755789,0,0.12447063624858856,0.09888587,0.048019372,1.81692e-06,0.008962266,0,0.38379666209220886,0.8025869,0.8907404,0.99998546,0.97628194,1,0.49173274636268616
TSBD_WSSV_4491558e57,1,0,2,0.8398362,0.006482647,0.11676941,0.109735094,0.0001316864,0.032734927,0,0.12447063624858856,0.09207907,0.03777504,7.325274e-07,0.0066000265,0,0.38379666209220886,0.7911515,0.8524899,0.99986756,0.96066505,0,0.49173274636268616
TSBD_WSSV_1ee4a00587,1,1,2,0.8489425,0.007880849,0.09369467,0.060432192,1.2216805e-05,0.014271995,0,0.12447063624858856,0.10249119,0.04844517,1.8820677e-06,0.00917175,0,0.38379666209220886,0.8038142,0.89112264,0.99998593,0.97655624,1,0.49173274636268616
TSBD_WSSV_ecb905238d,1,0,2,0.84326327,0.008304958,0.08900358,0.07395769,2.6402693e-05,0.017949663,0,0.12447063624858856,0.10833851,0.04396427,1.2658458e-06,0.00828775,0,0.38379666209220886,0.8026579,0.88207805,0.99997234,0.97376263,0,0.49173274636268616
TSBD_WSSV_ccd255a2df,1,1,2,0.84942424,0.007836072,0.09435002,0.05965524,1.1599043e-05,0.014074387,0,0.12447063624858856,0.101584956,0.048781995,1.936883e-06,0.009222974,0,0.38379666209220886,0.80406505,0.89156276,0.9999865,0.97670263,1,0.49173274636268616
TSBD_WSSV_584c5a10d0,1,0,2,0.839632,0.008868682,0.0869727,0.07341134,2.6195277e-05,0.017728936,0,0.12447063624858856,0.11197785,0.044216175,1.2897199e-06,0.008442433,0,0.38379666209220886,0.8010494,0.88237244,0.99997246,0.9738286,0,0.49173274636268616
TSBD_WSSV_aa58f57ab0,1,0,2,0.79614246,0.01373117,0.08610797,0.12398551,0.00022384476,0.034709807,0,0.12447063624858856,0.12164902,0.03756109,7.775563e-07,0.0073747505,0,0.38379666209220886,0.792243,0.8384534,0.99977535,0.9579154,0,0.49173274636268616
TSBD_WSSV_4f3b6f89a8,1,1,2,0.84877586,0.007900464,0.09169316,0.06154304,1.2987595e-05,0.014457299,0,0.12447063624858856,0.10409659,0.047947824,1.79847e-06,0.009096253,0,0.38379666209220886,0.80421025,0.8905092,0.9999852,0.97644645,1,0.49173274636268616
TSBD_WSSV_279702ba92,1,0,2,0.84584093,0.008283208,0.09362115,0.060161863,1.2079705e-05,0.014220189,0,0.12447063624858856,0.1049172,0.048717402,1.9392517e-06,0.009334686,0,0.38379666209220886,0.80146164,0.8911207,0.99998605,0.97644514,0,0.49173274636268616
TSBD_WSSV_9dc876dd17,1,0,2,0.84438133,0.008401707,0.09412811,0.062401474,1.3722832e-05,0.014867972,0,0.12447063624858856,0.10555381,0.047708675,1.7617365e-06,0.009096964,0,0.38379666209220886,0.80031806,0.88988984,0.9999845,0.97603506,0,0.49173274636268616
TSBD_WSSV_0ce34b5766,0,0,0,0.09739552,0.3297779,0.102313176,0.8639688,0.99928445,0.83103955,0,0.12447063624858856,0.11453864,0.026850365,1.3137799e-06,0.012082279,0,0.38379666209220886,0.7831483,0.10918087,0.00071422855,0.15687819,0,0.49173274636268616
TSBD_WSSV_6c3afb6716,1,1,0,0.8700101,0.007839596,0.8383997,0.91880834,0.9999784,0.97913164,1,0.12447063624858856,0.07381275,0.03306897,3.5196515e-06,0.0076044695,0,0.38379666209220886,0.08778748,0.04812271,1.803603e-05,0.013263891,0,0.49173274636268616
TSBD_WSSV_366db07a25,1,1,2,0.8480292,0.008019058,0.09454484,0.05935387,1.1416887e-05,0.014013605,0,0.12447063624858856,0.102496006,0.04898954,1.9878817e-06,0.009321525,0,0.38379666209220886,0.80295914,0.8916566,0.9999865,0.9766649,1,0.49173274636268616
TSBD_WSSV_b84a0005bf,1,0,2,0.79774946,0.012668165,0.09206028,0.14800783,0.00048158763,0.044768047,0,0.12447063624858856,0.106574416,0.03538556,6.640587e-07,0.0066293553,0,0.38379666209220886,0.80136526,0.8166066,0.9995177,0.94860256,0,0.49173274636268616
TSBD_WSSV_6624c91a73,1,0,2,0.8445695,0.00814323,0.09027574,0.07298474,2.5071759e-05,0.017741721,0,0.12447063624858856,0.106776446,0.044013526,1.246163e-06,0.008221471,0,0.38379666209220886,0.8029478,0.8830017,0.9999738,0.9740368,0,0.49173274636268616
TSBD_WSSV_8a1517bc0e,1,0,2,0.843764,0.0086893225,0.08659709,0.06048896,1.2323417e-05,0.013925505,0,0.12447063624858856,0.11130032,0.04843709,1.8910687e-06,0.009456482,0,0.38379666209220886,0.8021026,0.8910739,0.9999858,0.97661805,0,0.49173274636268616
TSBD_WSSV_cada06cffd,1,1,2,0.84704524,0.008205026,0.08940243,0.059486996,1.1649836e-05,0.013810949,0,0.12447063624858856,0.10725544,0.04907063,2.018531e-06,0.009506508,0,0.38379666209220886,0.80334216,0.89144236,0.9999863,0.9766826,1,0.49173274636268616
TSBD_WSSV_72abeff3dc,1,0,2,0.8285865,0.009739272,0.08794307,0.095474556,7.557757e-05,0.024845624,0,0.12447063624858856,0.11257409,0.03989236,8.9966795e-07,0.007540003,0,0.38379666209220886,0.7994829,0.8646331,0.99992347,0.9676144,0,0.49173274636268616
TSBD_WSSV_71629aa3f2,1,1,2,0.84852594,0.008034586,0.09076198,0.058288336,1.0631127e-05,0.013502223,0,0.12447063624858856,0.1051007,0.049519937,2.0748137e-06,0.00952621,0,0.38379666209220886,0.8041373,0.89219177,0.99998736,0.97697157,1,0.49173274636268616
TSBD_WSSV_bd69e16b82,1,0,2,0.84666246,0.008122781,0.093308814,0.062316895,1.37717725e-05,0.01481231,0,0.12447063624858856,0.10446568,0.047673505,1.7621967e-06,0.009054312,0,0.38379666209220886,0.8022255,0.89000964,0.9999844,0.97613335,0,0.49173274636268616
TSBD_WSSV_6fd5eb945a,1,0,2,0.8452101,0.008184554,0.098919615,0.063524924,1.4953338e-05,0.015516801,0,0.12447063624858856,0.10134415,0.047182668,1.701462e-06,0.008862924,0,0.38379666209220886,0.7997362,0.8892924,0.99998343,0.97562027,0,0.49173274636268616
TSBD_WSSV_7ed3990ccb,1,0,2,0.6202468,0.046304546,0.06275515,0.08616943,4.9807535e-05,0.020355728,0,0.12447063624858856,0.24630973,0.041914843,1.0729115e-06,0.011023975,0,0.38379666209220886,0.69093513,0.87191576,0.9999491,0.9686203,0,0.49173274636268616
TSBD_WSSV_8b1c70a3bc,1,0,2,0.80662775,0.013905097,0.0753451,0.07518542,2.8360224e-05,0.01743075,0,0.12447063624858856,0.13758193,0.044180855,1.2951402e-06,0.009138179,0,0.38379666209220886,0.7870731,0.8806338,0.9999703,0.9734311,0,0.49173274636268616
TSBD_WSSV_f583f8e371,1,0,2,0.8439635,0.008347754,0.101904705,0.062632464,1.3823919e-05,0.015344565,0,0.12447063624858856,0.09979057,0.04751773,1.7305223e-06,0.008877744,0,0.38379666209220886,0.79830474,0.88984984,0.9999844,0.9757777,0,0.49173274636268616
TSBD_WSSV_493953f127,1,0,2,0.843237,0.008587691,0.08522783,0.06736478,1.8275294e-05,0.015736751,0,0.12447063624858856,0.11170797,0.046093624,1.5410599e-06,0.008893558,0,0.38379666209220886,0.8030641,0.8865416,0.9999802,0.9753697,0,0.49173274636268616
TSBD_WSSV_1139b0bbb2,1,0,2,0.84574467,0.0082247425,0.08798506,0.06632657,1.7267736e-05,0.015616602,0,0.12447063624858856,0.10841422,0.04626216,1.5485956e-06,0.008819753,0,0.38379666209220886,0.8036007,0.88741136,0.99998116,0.97556365,0,0.49173274636268616
TSBD_WSSV_735499e204,1,0,2,0.79152745,0.01541433,0.111452416,0.063858636,1.5009483e-05,0.016494801,0,0.12447063624858856,0.1287324,0.047790725,1.8033869e-06,0.009966824,0,0.38379666209220886,0.75981516,0.88835067,0.9999832,0.97353834,0,0.49173274636268616
TSBD_WSSV_01066cc969,1,0,2,0.8466758,0.008255349,0.087970294,0.061047133,1.2758361e-05,0.014149471,0,0.12447063624858856,0.10829218,0.048217464,1.8605567e-06,0.009310947,0,0.38379666209220886,0.8037375,0.8907353,0.99998534,0.97653955,0,0.49173274636268616
TSBD_WSSV_941d089361,1,0,2,0.83453333,0.00984384,0.0844867,0.064083174,1.5236803e-05,0.014824749,0,0.12447063624858856,0.11888397,0.04756546,1.7841365e-06,0.009513879,0,0.38379666209220886,0.7966293,0.8883513,0.99998295,0.9756614,0,0.49173274636268616
TSBD_WSSV_629e5c7c92,1,1,0,0.82062805,0.0134096,0.79456365,0.90950763,0.9999498,0.9722377,1,0.12447063624858856,0.07114646,0.030304968,2.2820916e-06,0.0067277574,0,0.38379666209220886,0.13428994,0.060187444,4.790267e-05,0.021034572,0,0.49173274636268616
TSBD_WSSV_cf01831715,1,0,2,0.83757603,0.00925669,0.091004126,0.06562643,1.680364e-05,0.015681908,0,0.12447063624858856,0.11241376,0.046701204,1.6375196e-06,0.009094587,0,0.38379666209220886,0.7965821,0.8876724,0.9999815,0.9752235,0,0.49173274636268616
TSBD_WSSV_2c0f3e0b28,1,0,2,0.8349676,0.009917872,0.08040695,0.06448157,1.5454532e-05,0.014640753,0,0.12447063624858856,0.1205279,0.04717741,1.7075795e-06,0.009433892,0,0.38379666209220886,0.7990652,0.88834107,0.99998283,0.9759254,0,0.49173274636268616
TSBD_WSSV_801c0b8b82,1,1,2,0.8483007,0.007962491,0.09568112,0.059629913,1.1617843e-05,0.014151121,0,0.12447063624858856,0.10138225,0.048841055,1.963411e-06,0.00925039,0,0.38379666209220886,0.8029366,0.891529,0.9999865,0.9765985,1,0.49173274636268616
TSBD_WSSV_f2274525f7,1,1,2,0.84910524,0.007895467,0.09177093,0.06022435,1.2071632e-05,0.01410984,0,0.12447063624858856,0.10382881,0.04852979,1.9071902e-06,0.009243117,0,0.38379666209220886,0.80440027,0.8912459,0.99998605,0.976647,1,0.49173274636268616
TSBD_WSSV_2e17c58aad,1,1,2,0.84901917,0.007830026,0.09429914,0.061569754,1.3110445e-05,0.014631555,0,0.12447063624858856,0.101954654,0.0478958,1.7862634e-06,0.009014455,0,0.38379666209220886,0.8037462,0.8905345,0.9999851,0.976354,1,0.49173274636268616
TSBD_WSSV_bb9d07b1e5,1,1,2,0.8477402,0.008119029,0.08901509,0.059773,1.16187375e-05,0.0138099,0,0.12447063624858856,0.10696926,0.04887242,1.9781837e-06,0.009440432,0,0.38379666209220886,0.80401564,0.8913546,0.9999864,0.97674966,1,0.49173274636268616
TSBD_WSSV_950d6de8a1,1,0,2,0.82152873,0.010367038,0.09570416,0.09586837,7.623118e-05,0.025775874,0,0.12447063624858856,0.114941664,0.039807238,9.0053175e-07,0.0076165255,0,0.38379666209220886,0.78935426,0.8643244,0.99992275,0.9666076,0,0.49173274636268616
TSBD_WSSV_0b909fea6f,1,0,2,0.8442524,0.00846526,0.08786858,0.06564422,1.6575948e-05,0.01541429,0,0.12447063624858856,0.109466285,0.046344128,1.5616774e-06,0.008873844,0,0.38379666209220886,0.8026651,0.8880117,0.9999819,0.9757119,0,0.49173274636268616
TSBD_WSSV_50b41d3123,1,1,2,0.8480467,0.008038542,0.0903686,0.06060229,1.2301717e-05,0.014130866,0,0.12447063624858856,0.10568021,0.04843861,1.8851879e-06,0.009273729,0,0.38379666209220886,0.8039512,0.8909591,0.9999858,0.9765954,1,0.49173274636268616
TSBD_WSSV_1d66e28720,1,1,2,0.8486969,0.007957203,0.09119103,0.060091123,1.1955619e-05,0.01403877,0,0.12447063624858856,0.10459903,0.04863772,1.918422e-06,0.009288129,0,0.38379666209220886,0.8042099,0.8912712,0.9999862,0.9766731,1,0.49173274636268616
TSBD_WSSV_f9303a9060,1,1,2,0.84892386,0.007949812,0.09121127,0.05923966,1.1302456e-05,0.013792102,0,0.12447063624858856,0.10444791,0.049051333,2.0111188e-06,0.0094058635,0,0.38379666209220886,0.80434084,0.8917091,0.99998665,0.97680205,1,0.49173274636268616
TSBD_WSSV_ffd6ae5c1c,1,1,2,0.8479835,0.007998283,0.09130909,0.06180848,1.32924515e-05,0.014534289,0,0.12447063624858856,0.10497522,0.047887024,1.8107193e-06,0.009132085,0,0.38379666209220886,0.8037157,0.89030445,0.99998486,0.9763336,1,0.49173274636268616
TSBD_WSSV_6a97515cc2,1,1,2,0.84849995,0.008001792,0.09050597,0.059685316,1.16541705e-05,0.013887448,0,0.12447063624858856,0.10529182,0.048860803,1.9856e-06,0.009392857,0,0.38379666209220886,0.8042022,0.8914538,0.9999863,0.9767197,1,0.49173274636268616
TSBD_WSSV_6a19d7effb,1,1,2,0.84738463,0.00804374,0.09323246,0.06185743,1.330587e-05,0.014653936,0,0.12447063624858856,0.104004234,0.047859926,1.800053e-06,0.009092496,0,0.38379666209220886,0.8027633,0.89028263,0.99998486,0.97625357,1,0.49173274636268616
TSBD_WSSV_9872bb742f,1,0,2,0.82162863,0.010432997,0.0866679,0.10740961,0.00012343613,0.028790293,0,0.12447063624858856,0.11286973,0.03878352,8.41473e-07,0.007362734,0,0.38379666209220886,0.80046237,0.85380685,0.99987566,0.963847,0,0.49173274636268616
TSBD_WSSV_e44f2c0a8a,1,1,2,0.8468406,0.008224717,0.08886907,0.06045442,1.2255078e-05,0.014024861,0,0.12447063624858856,0.10765569,0.04854539,1.9217557e-06,0.009380997,0,0.38379666209220886,0.80347526,0.89100015,0.9999858,0.97659415,1,0.49173274636268616
TSBD_WSSV_f1294af3d4,1,0,2,0.45170885,0.05798401,0.16304488,0.46780652,0.21801752,0.30339697,0,0.12447063624858856,0.087914266,0.030408822,2.3910975e-06,0.007277222,0,0.38379666209220886,0.7490409,0.5017846,0.78198004,0.68932587,0,0.49173274636268616
TSBD_WSSV_264790eb51,1,0,2,0.841326,0.00835141,0.09291115,0.076443225,3.105271e-05,0.019127714,0,0.12447063624858856,0.10739416,0.043476835,1.2319534e-06,0.008186441,0,0.38379666209220886,0.7996947,0.88007987,0.9999678,0.9726858,0,0.49173274636268616
TSBD_WSSV_11430ce0d0,1,1,2,0.8485689,0.007936472,0.09453875,0.05980117,1.1756838e-05,0.014141647,0,0.12447063624858856,0.1021036,0.048755556,1.953083e-06,0.009255044,0,0.38379666209220886,0.8033577,0.8914432,0.9999863,0.9766033,1,0.49173274636268616
TSBD_WSSV_74c3607b95,1,0,2,0.8452789,0.008451764,0.08766276,0.060610525,1.2316532e-05,0.013992659,0,0.12447063624858856,0.109584495,0.04847582,1.9327097e-06,0.009447183,0,0.38379666209220886,0.8027527,0.8909136,0.9999858,0.9765602,0,0.49173274636268616
TSBD_WSSV_2c43cd74d0,1,1,2,0.84692067,0.008047831,0.091623716,0.06499737,1.5836633e-05,0.015425099,0,0.12447063624858856,0.10524532,0.046513855,1.5804142e-06,0.008784691,0,0.38379666209220886,0.8031309,0.8884888,0.9999826,0.9757902,1,0.49173274636268616
TSBD_WSSV_59d2b7350f,1,1,2,0.84807205,0.007975857,0.09266217,0.061671715,1.3174214e-05,0.014569501,0,0.12447063624858856,0.10387255,0.047866862,1.7863945e-06,0.009072596,0,0.38379666209220886,0.80346525,0.8904613,0.999985,0.9763579,1,0.49173274636268616
TSBD_WSSV_5e189248db,1,1,2,0.8480522,0.007908761,0.093856946,0.06312331,1.4237634e-05,0.015024841,0,0.12447063624858856,0.103019044,0.04729315,1.69569e-06,0.008906831,0,0.38379666209220886,0.803124,0.8895835,0.99998415,0.9760683,1,0.49173274636268616
TSBD_WSSV_9f5ca0e80d,1,0,2,0.8440573,0.0063953167,0.113400966,0.10196134,9.701714e-05,0.029426467,0,0.12447063624858856,0.09158423,0.038368057,7.6685404e-07,0.00668071,0,0.38379666209220886,0.7950148,0.8596706,0.99990225,0.9638929,0,0.49173274636268616
TSBD_WSSV_b626137b45,1,1,2,0.8479499,0.007849134,0.09662684,0.0639627,1.507303e-05,0.015448739,0,0.12447063624858856,0.1010553,0.046942186,1.6573371e-06,0.008779763,0,0.38379666209220886,0.8023178,0.8890951,0.9999833,0.9757715,1,0.49173274636268616
TSBD_WSSV_27c2a5d56f,1,1,2,0.847139,0.00802948,0.09615963,0.06187748,1.337601e-05,0.014835426,0,0.12447063624858856,0.10198621,0.047859322,1.7903016e-06,0.009023129,0,0.38379666209220886,0.8018542,0.8902632,0.99998486,0.97614145,1,0.49173274636268616
TSBD_WSSV_eee60542d7,1,0,2,0.7702363,0.01913051,0.07280226,0.08361917,4.534528e-05,0.020032223,0,0.12447063624858856,0.15913498,0.044090517,1.4125193e-06,0.009867487,0,0.38379666209220886,0.7680628,0.87229025,0.99995327,0.9701003,0,0.49173274636268616
TSBD_WSSV_d9ea0715c2,1,1,2,0.847495,0.0080445595,0.0932629,0.061413873,1.2948194e-05,0.014527865,0,0.12447063624858856,0.103891864,0.04803222,1.811423e-06,0.009114628,0,0.38379666209220886,0.8028452,0.890554,0.9999852,0.9763575,1,0.49173274636268616
TSBD_WSSV_514bb3ccf8,0,0,0,0.10669625,0.31579554,0.1330286,0.87974435,0.99967456,0.8715699,0,0.12447063624858856,0.10278846,0.02770104,1.4751492e-06,0.011456722,0,0.38379666209220886,0.7641829,0.09255466,0.00032396524,0.11697344,0,0.49173274636268616
TSBD_WSSV_d3cfe64d62,1,0,2,0.84658945,0.008196652,0.09213333,0.060815044,1.23906575e-05,0.014278419,0,0.12447063624858856,0.105421096,0.04833521,1.8563958e-06,0.00923396,0,0.38379666209220886,0.8024456,0.8908497,0.9999857,0.97648764,0,0.49173274636268616
TSBD_WSSV_f825fa69cd,1,1,2,0.84738016,0.00812899,0.08957174,0.060989168,1.2605418e-05,0.014198912,0,0.12447063624858856,0.10671448,0.048278246,1.8518758e-06,0.009259952,0,0.38379666209220886,0.80371374,0.8907325,0.99998546,0.9765411,1,0.49173274636268616
TSBD_WSSV_b899fa53da,1,1,2,0.8481297,0.007990732,0.09194213,0.060944177,1.25273555e-05,0.014306677,0,0.12447063624858856,0.10446313,0.04829217,1.853399e-06,0.009193748,0,0.38379666209220886,0.8035948,0.89076364,0.9999856,0.97649956,1,0.49173274636268616
TSBD_WSSV_8b9052d96f,1,0,2,0.688338,0.03345954,0.059955154,0.058218393,1.06280895e-05,0.012134332,0,0.12447063624858856,0.2240776,0.052286413,2.6769376e-06,0.013920361,0,0.38379666209220886,0.7159672,0.88949525,0.99998677,0.9739453,0,0.49173274636268616
TSBD_WSSV_376e37e18c,1,0,2,0.8388666,0.009293159,0.08670689,0.062471114,1.3732088e-05,0.014467544,0,0.12447063624858856,0.1144086,0.04767075,1.741999e-06,0.009340209,0,0.38379666209220886,0.7988845,0.8898581,0.9999845,0.9761923,0,0.49173274636268616
TSBD_WSSV_33b7d18fc1,1,1,2,0.84759057,0.007949014,0.09316579,0.06384892,1.4961052e-05,0.015215999,0,0.12447063624858856,0.103898846,0.047094822,1.6657956e-06,0.008886391,0,0.38379666209220886,0.8029353,0.8890562,0.9999833,0.9758976,1,0.49173274636268616
TSBD_WSSV_5ae365cdb5,1,0,2,0.84236294,0.008200892,0.09950717,0.07196629,2.4147277e-05,0.018135987,0,0.12447063624858856,0.103287116,0.044606928,1.3866581e-06,0.008366651,0,0.38379666209220886,0.7972057,0.8834268,0.99997437,0.9734974,0,0.49173274636268616
TSBD_WSSV_48983cce39,1,0,2,0.7915315,0.012198378,0.10480728,0.16801758,0.00086019945,0.055828,0,0.12447063624858856,0.1008627,0.034481015,6.501169e-07,0.006415057,0,0.38379666209220886,0.79433,0.79750144,0.9991392,0.93775696,0,0.49173274636268616
TSBD_WSSV_f41afb12de,1,1,2,0.84754586,0.0080169635,0.09197623,0.062653065,1.3895518e-05,0.0147959385,0,0.12447063624858856,0.104792826,0.047550727,1.7342229e-06,0.009022255,0,0.38379666209220886,0.803231,0.8897962,0.99998426,0.9761818,1,0.49173274636268616
TSBD_WSSV_719214e8fc,1,0,2,0.8419543,0.008882392,0.08569364,0.06252429,1.3803435e-05,0.014415295,0,0.12447063624858856,0.11303606,0.047773167,1.7895819e-06,0.009351498,0,0.38379666209220886,0.8012703,0.8897025,0.9999844,0.9762332,0,0.49173274636268616
TSBD_WSSV_f9b891c236,1,0,2,0.84364927,0.008705983,0.086794615,0.05998001,1.1726896e-05,0.013748232,0,0.12447063624858856,0.11135938,0.048728153,1.9284266e-06,0.009522058,0,0.38379666209220886,0.80184597,0.89129186,0.9999864,0.9767297,0,0.49173274636268616
TSBD_WSSV_60bf799ad0,1,1,2,0.8481203,0.007903441,0.095527776,0.062138803,1.3386922e-05,0.014828022,0,0.12447063624858856,0.10174272,0.047721624,1.7531308e-06,0.008963945,0,0.38379666209220886,0.80272955,0.8901396,0.99998486,0.97620803,1,0.49173274636268616
TSBD_WSSV_3221471a09,1,0,2,0.8398302,0.009140937,0.084718056,0.06501595,1.6047206e-05,0.015067935,0,0.12447063624858856,0.11460195,0.046764445,1.6118996e-06,0.00911948,0,0.38379666209220886,0.80068,0.8882196,0.99998224,0.9758126,0,0.49173274636268616
TSBD_WSSV_81c77d6283,1,0,2,0.84565896,0.0073659103,0.100743845,0.08266535,4.153308e-05,0.0216068,0,0.12447063624858856,0.09909251,0.041534767,9.997409e-07,0.007479398,0,0.38379666209220886,0.8001636,0.87579995,0.99995756,0.97091377,0,0.49173274636268616
TSBD_WSSV_7ba0bac7cd,1,0,2,0.8435493,0.008263281,0.1086589,0.06435097,1.5428366e-05,0.016248519,0,0.12447063624858856,0.09467088,0.046787176,1.6139466e-06,0.008540588,0,0.38379666209220886,0.79667026,0.88886184,0.99998295,0.9752109,0,0.49173274636268616
TSBD_WSSV_b8b164e72b,1,0,2,0.8349646,0.0094817225,0.11840625,0.061703727,1.311172e-05,0.015939578,0,0.12447063624858856,0.091330715,0.04787374,1.7808019e-06,0.008709763,0,0.38379666209220886,0.790263,0.8904226,0.9999851,0.9753506,0,0.49173274636268616
TSBD_WSSV_7942e3c67c,1,0,2,0.8466008,0.008167579,0.09649488,0.059752736,1.1651459e-05,0.014222965,0,0.12447063624858856,0.10201378,0.04882026,1.951069e-06,0.009262574,0,0.38379666209220886,0.80149126,0.891427,0.9999864,0.97651446,0,0.49173274636268616
TSBD_WSSV_e572949946,1,0,2,0.8429983,0.0076608676,0.099886514,0.08021688,3.693562e-05,0.020789232,0,0.12447063624858856,0.10307667,0.04367097,1.2335861e-06,0.008100825,0,0.38379666209220886,0.79703677,0.8761122,0.99996185,0.9711099,0,0.49173274636268616
TSBD_WSSV_a204c36610,1,0,2,0.81134564,0.012514509,0.14430177,0.06462083,1.5715581e-05,0.01821572,0,0.12447063624858856,0.083761215,0.046704102,1.6046334e-06,0.008243609,0,0.38379666209220886,0.771937,0.88867515,0.9999827,0.97354066,0,0.49173274636268616
TSBD_WSSV_9c4b4f11b8,0,0,0,0.0902291,0.33813828,0.09160578,0.8618113,0.9992581,0.82455844,0,0.12447063624858856,0.17052115,0.02754507,1.4031891e-06,0.014697481,0,0.38379666209220886,0.73787314,0.11064372,0.00074043014,0.16074404,0,0.49173274636268616
TSBD_WSSV_687a703a75,1,0,2,0.84060997,0.008762443,0.09464444,0.0661708,1.7317177e-05,0.016047142,0,0.12447063624858856,0.107815154,0.046369374,1.5706889e-06,0.008855826,0,0.38379666209220886,0.7975405,0.88745975,0.99998116,0.97509706,0,0.49173274636268616
TSBD_WSSV_60273dd644,1,0,2,0.8430827,0.008410041,0.10540142,0.062853575,1.4126701e-05,0.01562636,0,0.12447063624858856,0.09761617,0.04749995,1.7224442e-06,0.008803963,0,0.38379666209220886,0.7969824,0.8896465,0.99998415,0.9755697,0,0.49173274636268616
TSBD_WSSV_c29e86db5b,1,0,2,0.84512013,0.008225863,0.09683619,0.063513055,1.4846496e-05,0.015377113,0,0.12447063624858856,0.10300444,0.047214083,1.6911023e-06,0.008904595,0,0.38379666209220886,0.80015934,0.8892728,0.99998343,0.97571826,0,0.49173274636268616
TSBD_WSSV_79fa511ed0,1,1,2,0.8476209,0.00795754,0.098270774,0.061537337,1.3041499e-05,0.014835094,0,0.12447063624858856,0.099898264,0.047936205,1.805168e-06,0.0089786565,0,0.38379666209220886,0.80183095,0.8905265,0.9999852,0.9761863,1,0.49173274636268616
TSBD_WSSV_58e35ef754,1,0,2,0.6116814,0.045947634,0.2767486,0.06655586,1.7693532e-05,0.02509672,0,0.12447063624858856,0.076647475,0.046202756,1.5406582e-06,0.008338851,0,0.38379666209220886,0.646604,0.88724136,0.9999808,0.9665644,0,0.49173274636268616
TSBD_WSSV_1ce4e5b49f,1,0,2,0.551157,0.04717678,0.17017107,0.09129778,0.00010065456,0.036676854,0,0.12447063624858856,0.29888892,0.09843004,7.9290505e-05,0.04405432,0,0.38379666209220886,0.53094,0.8102722,0.99982005,0.9192689,0,0.49173274636268616
TSBD_WSSV_ea57134108,1,0,2,0.84174466,0.008987666,0.08311093,0.060391344,1.2302056e-05,0.013717098,0,0.12447063624858856,0.11538835,0.048954286,2.0271066e-06,0.009760806,0,0.38379666209220886,0.80150074,0.8906543,0.9999857,0.976522,0,0.49173274636268616
TSBD_WSSV_8b1af1900d,1,0,2,0.8454782,0.008419785,0.086338244,0.06079014,1.23651025e-05,0.013948207,0,0.12447063624858856,0.11053556,0.048650227,1.920975e-06,0.009479841,0,0.38379666209220886,0.80312616,0.8905597,0.9999857,0.976572,0,0.49173274636268616
TSBD_WSSV_2f46cb1b79,1,0,2,0.84601706,0.008212826,0.09485202,0.061341867,1.2790171e-05,0.014578915,0,0.12447063624858856,0.10379986,0.04810874,1.8264542e-06,0.009138703,0,0.38379666209220886,0.80134815,0.8905494,0.99998546,0.97628236,0,0.49173274636268616
TSBD_WSSV_383e727d4a,1,0,2,0.8404199,0.007743519,0.10105328,0.09000383,5.741316e-05,0.02403054,0,0.12447063624858856,0.10179061,0.040574744,9.2967673e-07,0.0073795593,0,0.38379666209220886,0.7971561,0.8694215,0.9999416,0.9685899,0,0.49173274636268616
TSBD_WSSV_b076b7af44,1,1,2,0.8487611,0.0077731675,0.09465732,0.06430211,1.547651e-05,0.015449477,0,0.12447063624858856,0.10183384,0.046721965,1.6104317e-06,0.008730899,0,0.38379666209220886,0.8035088,0.8889759,0.99998283,0.9758196,1,0.49173274636268616
TSBD_WSSV_6a65b3c303,1,0,2,0.84146583,0.008425988,0.08885895,0.0783906,3.2921176e-05,0.019259995,0,0.12447063624858856,0.10866467,0.04283158,1.1242071e-06,0.008012925,0,0.38379666209220886,0.80247635,0.87877786,0.999966,0.97272706,0,0.49173274636268616
TSBD_WSSV_d552ad13be,1,0,2,0.8401063,0.009037987,0.08499654,0.06538759,1.6692064e-05,0.015246032,0,0.12447063624858856,0.11458055,0.047059875,1.6846925e-06,0.009227356,0,0.38379666209220886,0.80042297,0.88755256,0.99998164,0.9755266,0,0.49173274636268616
TSBD_WSSV_64069923e3,1,0,2,0.7479212,0.009317814,0.1876388,0.2769623,0.010028142,0.13996951,0,0.12447063624858856,0.07577049,0.031760372,8.383901e-07,0.0058803027,0,0.38379666209220886,0.7365907,0.6912773,0.9899711,0.8541502,0,0.49173274636268616
