sample_id,tri_consensus,selected,consensus_class,tri_score,source_ema_js,p_source_BG,p_ema_BG,p_proto_BG,q_consensus_BG,selected_BG,target_prior_BG,p_source_Healthy,p_ema_Healthy,p_proto_Healthy,q_consensus_Healthy,selected_Healthy,target_prior_Healthy,p_source_WSSV,p_ema_WSSV,p_proto_WSSV,q_consensus_WSSV,selected_WSSV,target_prior_WSSV
TSBD_BG_b9ded89290,1,1,0,0.8951823,0.0034388085,0.8499111,0.9041397,0.9999875,0.97967696,1,0.1264648139476776,0.07410187,0.04638194,5.4736365e-06,0.009715151,0,0.38322213292121887,0.07598704,0.04947836,7.029696e-06,0.0106079215,0,0.4903130829334259
TSBD_BG_ec6804e1c1,1,1,0,0.8953711,0.0034485809,0.85025936,0.90451777,0.9999877,0.9797841,1,0.1264648139476776,0.07524921,0.047318608,6.1158134e-06,0.010074691,0,0.38322213292121887,0.07449144,0.048163623,6.182254e-06,0.010141238,0,0.4903130829334259
TSBD_BG_e6c7f786d1,1,1,0,0.8944252,0.0035482203,0.8494048,0.9043617,0.9999875,0.97966725,1,0.1264648139476776,0.07775127,0.0473929,6.18896e-06,0.010225339,0,0.38322213292121887,0.07284393,0.048245434,6.288508e-06,0.010107366,0,0.4903130829334259
TSBD_BG_27046d49de,1,1,0,0.8929854,0.0036368505,0.84751785,0.903606,0.999987,0.9793727,1,0.1264648139476776,0.072472475,0.045605063,5.008095e-06,0.009407136,0,0.38322213292121887,0.08000962,0.05078888,7.979783e-06,0.0112201935,0,0.4903130829334259
TSBD_BG_ef94f9e30a,1,0,2,0.5910098,0.04279372,0.10398955,0.3313139,0.026138224,0.15024194,0,0.1264648139476776,0.101549156,0.040748946,1.4998594e-06,0.00822964,0,0.38322213292121887,0.7944613,0.62793714,0.9738602,0.8415284,0,0.4903130829334259
TSBD_BG_014cc1626a,1,0,2,0.83707446,0.0058472157,0.07721689,0.051851023,3.8001256e-06,0.010086102,0,0.1264648139476776,0.15159628,0.09321742,2.0092331e-05,0.023203015,0,0.38322213292121887,0.7711868,0.85493165,0.99997604,0.96671087,0,0.4903130829334259
TSBD_BG_ab942e7799,0,0,0,0.30405658,0.13498026,0.29466033,0.7983119,0.99598324,0.82256967,0,0.1264648139476776,0.5258504,0.16143362,0.004013284,0.16288495,0,0.38322213292121887,0.17948927,0.040254425,3.4027212e-06,0.014545438,0,0.4903130829334259
TSBD_BG_92d3bac25d,1,1,0,0.87210727,0.006387282,0.83359283,0.90415,0.99998736,0.97886163,1,0.1264648139476776,0.10424999,0.048745044,7.126995e-06,0.011872902,0,0.38322213292121887,0.0621572,0.04710496,5.5071364e-06,0.0092654675,0,0.4903130829334259
TSBD_BG_3179613a58,1,0,0,0.8297276,0.01189555,0.80218923,0.9033565,0.9999863,0.97692835,0,0.1264648139476776,0.1346088,0.051382266,9.143625e-06,0.014141512,0,0.38322213292121887,0.06320201,0.04526131,4.5863962e-06,0.008930126,0,0.4903130829334259
TSBD_BG_72fcb5ad43,0,0,0,0.25754404,0.17281643,0.17707133,0.74428797,0.9769821,0.6815047,0,0.1264648139476776,0.74471706,0.22348648,0.02301623,0.3098297,0,0.38322213292121887,0.07821155,0.032225564,1.5867801e-06,0.008665518,0,0.4903130829334259
TSBD_BG_1adf4fa166,1,1,0,0.8887332,0.004142141,0.8436925,0.9038863,0.99998724,0.9792209,1,0.1264648139476776,0.07680259,0.047472715,6.2229765e-06,0.0102222655,0,0.38322213292121887,0.07950494,0.04864102,6.5145937e-06,0.010556808,0,0.4903130829334259
TSBD_BG_19f57a7d83,0,0,0,0.1363732,0.27666909,0.2005929,0.8920483,0.99994457,0.9238664,0,0.1264648139476776,0.7193493,0.0711742,5.3674317e-05,0.06479718,0,0.38322213292121887,0.08005777,0.03677751,1.8123066e-06,0.011336487,0,0.4903130829334259
TSBD_BG_b06b80d500,1,1,0,0.8930088,0.0037149345,0.8483024,0.90425193,0.9999876,0.9796193,1,0.1264648139476776,0.07971948,0.046823584,5.7668803e-06,0.010119992,0,0.38322213292121887,0.07197806,0.04892452,6.693674e-06,0.010260662,0,0.4903130829334259
TSBD_BG_5c745e387f,1,1,0,0.895146,0.0034792563,0.8501283,0.90452987,0.9999876,0.97977155,1,0.1264648139476776,0.07715652,0.047537874,6.2619197e-06,0.010233068,0,0.38322213292121887,0.072715186,0.04793227,6.0625443e-06,0.009995358,0,0.4903130829334259
TSBD_BG_c333741c9b,1,0,0,0.8114037,0.014628623,0.79252684,0.90316296,0.999985,0.97619426,0,0.1264648139476776,0.15121518,0.05253152,1.0719368e-05,0.01541236,0,0.38322213292121887,0.056257956,0.04430555,4.2500023e-06,0.008393363,0,0.4903130829334259
TSBD_BG_a3ac70c2de,0,0,0,0.08571591,0.35075042,0.13639897,0.9032379,0.999985,0.9340623,0,0.1264648139476776,0.7761899,0.053110495,1.116896e-05,0.049034845,0,0.38322213292121887,0.087411106,0.043651618,3.8605554e-06,0.016902875,0,0.4903130829334259
TSBD_BG_6ff47981ea,0,0,0,0.18196633,0.22771622,0.29809466,0.9039412,0.9999864,0.9540053,0,0.1264648139476776,0.6335148,0.05092076,9.024406e-06,0.03334773,0,0.38322213292121887,0.06839053,0.04513797,4.5670918e-06,0.01264694,0,0.4903130829334259
TSBD_BG_64274bed67,0,0,0,0.30701533,0.1129212,0.11048258,0.53957623,0.35140875,0.32789138,0,0.1264648139476776,0.7911867,0.42562947,0.6485887,0.6635088,0,0.38322213292121887,0.098330736,0.034794338,2.552141e-06,0.00859987,0,0.4903130829334259
TSBD_BG_7031e4d230,1,1,0,0.89069057,0.0039999615,0.8464142,0.9043701,0.9999876,0.97953165,1,0.1264648139476776,0.08388107,0.047923215,6.535324e-06,0.010680485,0,0.38322213292121887,0.06970472,0.047706727,5.9003114e-06,0.009787849,0,0.4903130829334259
TSBD_BG_03136a4786,0,0,0,0.09530923,0.330005,0.074297965,0.83108544,0.99924386,0.79502445,0,0.1264648139476776,0.1592684,0.038589854,2.266885e-06,0.019386873,0,0.38322213292121887,0.76643366,0.13032475,0.0007538732,0.18558872,0,0.4903130829334259
TSBD_BG_daacfdf534,1,1,0,0.8463103,0.009276812,0.8081808,0.9029498,0.9999864,0.97704846,1,0.1264648139476776,0.08375645,0.04494111,4.6990262e-06,0.009848911,0,0.38322213292121887,0.10806272,0.05210909,8.98648e-06,0.013102566,0,0.4903130829334259
TSBD_BG_873a3617a3,0,0,0,0.08526654,0.35121244,0.11909005,0.89369595,0.9999689,0.91606325,0,0.1264648139476776,0.10152519,0.039650757,2.4604565e-06,0.016108437,0,0.38322213292121887,0.7793848,0.066653274,2.8589673e-05,0.067828305,0,0.4903130829334259
TSBD_BG_abfa756b67,1,1,0,0.8830384,0.004730199,0.83816546,0.9030274,0.9999864,0.9786752,1,0.1264648139476776,0.07151996,0.04453732,4.4261087e-06,0.009069613,0,0.38322213292121887,0.0903146,0.052435257,9.179677e-06,0.012255195,0,0.4903130829334259
TSBD_BG_897409ab6a,1,0,2,0.8530049,0.005627997,0.08269498,0.06767619,9.414695e-06,0.013800662,0,0.1264648139476776,0.118882164,0.062340505,2.3771092e-06,0.011467591,0,0.38322213292121887,0.7984228,0.86998326,0.9999882,0.9747318,0,0.4903130829334259
TSBD_BG_029a32b87f,1,0,2,0.8113524,0.0041826833,0.17207287,0.16394599,0.00052063016,0.060859464,0,0.1264648139476776,0.091657735,0.046923697,9.905319e-07,0.0079426775,0,0.38322213292121887,0.7362694,0.7891303,0.9994784,0.9311979,0,0.4903130829334259
TSBD_BG_ad84846145,0,0,0,0.36471757,0.07776493,0.6713929,0.48398727,0.29283807,0.58159655,0,0.1264648139476776,0.18011019,0.038824525,3.0308213e-06,0.011872097,0,0.38322213292121887,0.14849687,0.47718817,0.70715886,0.4065313,0,0.4903130829334259
TSBD_BG_6250909f04,0,0,0,0.2941679,0.14659306,0.3870055,0.8742889,0.9999057,0.9327991,0,0.1264648139476776,0.54634005,0.08022197,8.947953e-05,0.055685144,0,0.38322213292121887,0.06665442,0.04548907,4.8163465e-06,0.011515757,0,0.4903130829334259
TSBD_Healthy_c7fd512124,1,0,1,0.70448804,0.027673922,0.06245415,0.06772585,5.154278e-06,0.011584492,0,0.1264648139476776,0.70437807,0.8633592,0.99999094,0.9709007,0,0.38322213292121887,0.23316778,0.06891496,3.904979e-06,0.01751484,0,0.4903130829334259
TSBD_Healthy_1ab857c1ee,0,0,1,0.19612628,0.21757159,0.05697581,0.05751236,2.8806876e-06,0.012739935,0,0.1264648139476776,0.2623233,0.8599223,0.9999876,0.941851,0,0.38322213292121887,0.6807009,0.08256537,9.568059e-06,0.04540904,0,0.4903130829334259
TSBD_Healthy_a4108c60ab,1,0,1,0.77398294,0.016313275,0.070962444,0.06959127,5.866541e-06,0.012362266,0,0.1264648139476776,0.7445632,0.8629625,0.9999906,0.9722388,0,0.38322213292121887,0.18447433,0.06744626,3.5469477e-06,0.015398961,0,0.4903130829334259
TSBD_Healthy_603954b4fc,1,0,1,0.68229043,0.029987093,0.09193946,0.074343465,7.834754e-06,0.015257237,0,0.1264648139476776,0.67458147,0.8577149,0.99998844,0.96727777,0,0.38322213292121887,0.23347911,0.06794161,3.691271e-06,0.017465012,0,0.4903130829334259
TSBD_Healthy_a7669a6337,1,0,1,0.6921617,0.028922897,0.07329964,0.068577446,5.7647635e-06,0.012697725,0,0.1264648139476776,0.68739325,0.8602864,0.9999895,0.96852946,0,0.38322213292121887,0.23930715,0.07113613,4.7288777e-06,0.018772805,0,0.4903130829334259
TSBD_Healthy_0969d7950f,1,0,1,0.7322663,0.021317482,0.10756807,0.07912131,9.980088e-06,0.017180827,0,0.1264648139476776,0.70198214,0.85673785,0.99998724,0.96803385,0,0.38322213292121887,0.19044976,0.06414091,2.779703e-06,0.014785275,0,0.4903130829334259
TSBD_Healthy_3535a7f645,1,0,1,0.8278617,0.008215219,0.084749356,0.07153174,6.6003313e-06,0.013460377,0,0.1264648139476776,0.77535343,0.8624511,0.9999902,0.9731423,0,0.38322213292121887,0.13989724,0.06601714,3.212422e-06,0.013397293,0,0.4903130829334259
TSBD_Healthy_28874652ec,1,0,1,0.7239918,0.024200322,0.06802243,0.070449986,6.2561576e-06,0.012575311,0,0.1264648139476776,0.7144006,0.8619158,0.9999901,0.97077906,0,0.38322213292121887,0.21757701,0.067634165,3.6424283e-06,0.016645622,0,0.4903130829334259
TSBD_Healthy_c9a3ba4645,1,0,1,0.80919164,0.010567397,0.15556043,0.070329346,6.0698053e-06,0.016351625,0,0.1264648139476776,0.7583324,0.8631491,0.9999906,0.97216195,0,0.38322213292121887,0.08610718,0.06652154,3.3127817e-06,0.011486436,0,0.4903130829334259
TSBD_Healthy_ec9cff4659,1,0,1,0.8016745,0.010232577,0.17246872,0.0882166,1.5382133e-05,0.022801945,0,0.1264648139476776,0.741111,0.85309494,0.99998283,0.9674507,0,0.38322213292121887,0.086420245,0.05868843,1.8407816e-06,0.009747355,0,0.4903130829334259
TSBD_Healthy_d0dd7481d3,1,0,1,0.8278955,0.007227281,0.15105149,0.083457895,1.2385966e-05,0.020119091,0,0.1264648139476776,0.76531935,0.8567726,0.9999856,0.97006637,0,0.38322213292121887,0.08362914,0.05976954,2.0408088e-06,0.009814537,0,0.4903130829334259
TSBD_Healthy_9b9c4b2008,1,1,1,0.8462182,0.005755415,0.08520995,0.06835905,5.5691585e-06,0.012703778,0,0.1264648139476776,0.78776866,0.8630651,0.99999046,0.97365135,1,0.38322213292121887,0.12702139,0.06857584,3.930545e-06,0.013644876,0,0.4903130829334259
TSBD_Healthy_6af33a64f0,1,1,1,0.850462,0.004977105,0.09848603,0.07193261,6.90397e-06,0.014273906,0,0.1264648139476776,0.7883644,0.8619315,0.99998987,0.9732888,1,0.38322213292121887,0.11314956,0.06613588,3.2857297e-06,0.012437324,0,0.4903130829334259
TSBD_Healthy_11508a2a47,1,1,0,0.8925632,0.0037221913,0.847476,0.90391105,0.99998736,0.97949666,1,0.1264648139476776,0.07931347,0.047567986,6.145617e-06,0.010308112,0,0.38322213292121887,0.073210545,0.04852108,6.3991765e-06,0.010195231,0,0.4903130829334259
TSBD_Healthy_9c80ffce77,1,0,1,0.8379523,0.006744437,0.086723,0.06972377,5.951654e-06,0.013108935,0,0.1264648139476776,0.7808765,0.8623055,0.99999034,0.9732443,0,0.38322213292121887,0.13240045,0.06797075,3.6750746e-06,0.013646803,0,0.4903130829334259
TSBD_Healthy_fdc6d1fa33,1,1,1,0.85148257,0.004874252,0.10312815,0.06979075,6.0299703e-06,0.013922031,0,0.1264648139476776,0.78861946,0.86298096,0.99999034,0.97353566,1,0.38322213292121887,0.10825242,0.06722825,3.5759324e-06,0.012542321,0,0.4903130829334259
TSBD_Healthy_8c646c1060,1,1,0,0.83455575,0.0081268195,0.7806071,0.87616986,0.999848,0.9599221,1,0.1264648139476776,0.15734114,0.087716855,0.00015017026,0.033445068,0,0.38322213292121887,0.062051676,0.036113314,1.7288827e-06,0.0066328496,0,0.4903130829334259
TSBD_Healthy_1b2ea804f3,1,0,1,0.83589756,0.006513426,0.1104706,0.07490895,7.935495e-06,0.015659513,0,0.1264648139476776,0.77352434,0.86013126,0.99998915,0.9720887,0,0.38322213292121887,0.11600501,0.0649598,2.9429175e-06,0.012251782,0,0.4903130829334259
TSBD_Healthy_181a36e89e,1,0,1,0.80978197,0.009573134,0.13944586,0.07659277,9.058392e-06,0.017795619,0,0.1264648139476776,0.74917865,0.8583716,0.99998784,0.969916,0,0.38322213292121887,0.11137548,0.06503559,3.0452663e-06,0.012288412,0,0.4903130829334259
TSBD_Healthy_b13db56cba,0,0,1,0.1632653,0.24798924,0.06062612,0.05854038,3.2903777e-06,0.014331436,0,0.1264648139476776,0.21634388,0.85810095,0.9999863,0.93529004,0,0.38322213292121887,0.72303003,0.08335863,1.0418157e-05,0.05037851,0,0.4903130829334259
TSBD_Healthy_e91e5f3d2c,1,0,1,0.81095916,0.010312287,0.15593061,0.07095195,6.3106713e-06,0.016550336,0,0.1264648139476776,0.75986,0.8626586,0.99999046,0.97210974,0,0.38322213292121887,0.08420941,0.06638947,3.2530622e-06,0.011339953,0,0.4903130829334259
TSBD_Healthy_b9f53cb41a,0,0,1,0.24454707,0.17903586,0.609582,0.074990965,7.874786e-06,0.037257664,0,0.1264648139476776,0.3349758,0.8612823,0.9999894,0.9506526,0,0.38322213292121887,0.05544214,0.0637267,2.7125398e-06,0.012089724,0,0.4903130829334259
TSBD_Healthy_eb22129a24,1,1,0,0.8800495,0.005345244,0.8388505,0.9042125,0.99998736,0.97910804,1,0.1264648139476776,0.096824996,0.048628695,7.0452256e-06,0.011507917,0,0.38322213292121887,0.06432447,0.04715875,5.5678133e-06,0.009384085,0,0.4903130829334259
TSBD_Healthy_968a78b93d,1,0,1,0.8290257,0.0077131,0.1381568,0.07097704,6.3348743e-06,0.015807081,0,0.1264648139476776,0.77091074,0.86238104,0.99999034,0.9724919,0,0.38322213292121887,0.090932466,0.06664187,3.3734739e-06,0.011701028,0,0.4903130829334259
TSBD_Healthy_c7a3a188a8,0,0,1,0.22653906,0.19613536,0.73078984,0.14883608,0.00016438554,0.11081383,0,0.1264648139476776,0.21404889,0.8041156,0.9998348,0.8799007,0,0.38322213292121887,0.055161227,0.047048293,8.337893e-07,0.009285451,0,0.4903130829334259
TSBD_Healthy_f55a2f1b43,1,0,1,0.4639497,0.07853727,0.05459197,0.06726749,5.2069586e-06,0.011919066,0,0.1264648139476776,0.5563804,0.8633981,0.9999907,0.96514434,0,0.38322213292121887,0.3890277,0.06933451,4.129998e-06,0.022936564,0,0.4903130829334259
TSBD_Healthy_11a0ec4d06,1,0,1,0.5209637,0.055756982,0.36084762,0.1204451,6.1711115e-05,0.049945295,0,0.1264648139476776,0.52089286,0.8279427,0.9999372,0.9396368,0,0.38322213292121887,0.11825949,0.051612142,1.1553832e-06,0.010417885,0,0.4903130829334259
TSBD_Healthy_dda7c6bbc5,1,0,1,0.83277965,0.0076483153,0.080283,0.06922133,5.900013e-06,0.012699314,0,0.1264648139476776,0.7798509,0.8630091,0.99999046,0.97340524,0,0.38322213292121887,0.13986607,0.067769535,3.6738559e-06,0.013895458,0,0.4903130829334259
TSBD_Healthy_b83d452fe7,0,0,1,0.1583965,0.2522805,0.058178436,0.06561574,4.7913322e-06,0.015888933,0,0.1264648139476776,0.22655292,0.86308235,0.99999046,0.94452906,0,0.38322213292121887,0.7152686,0.07130187,4.723636e-06,0.03958204,0,0.4903130829334259
TSBD_Healthy_ec04a77054,1,1,1,0.85658145,0.004330123,0.10546537,0.07010513,5.988299e-06,0.0140129095,0,0.1264648139476776,0.7936402,0.8635697,0.9999907,0.9740767,1,0.38322213292121887,0.10089439,0.06632521,3.2518344e-06,0.011910398,0,0.4903130829334259
TSBD_Healthy_63480c13ab,1,1,1,0.85742944,0.0042609237,0.10099656,0.0692586,5.7026755e-06,0.013587185,0,0.1264648139476776,0.7946969,0.8637888,0.9999908,0.97419655,1,0.38322213292121887,0.10430652,0.06695259,3.4174655e-06,0.012216268,0,0.4903130829334259
TSBD_Healthy_a334fe0843,1,0,1,0.56329423,0.05295922,0.33313224,0.0804346,1.0170624e-05,0.027088068,0,0.1264648139476776,0.60053295,0.8583656,0.9999876,0.96290344,0,0.38322213292121887,0.066334784,0.061199762,2.1821475e-06,0.010008457,0,0.4903130829334259
TSBD_Healthy_af48f4f88b,1,0,1,0.79544765,0.012345677,0.1695247,0.07359194,7.3228766e-06,0.017939316,0,0.1264648139476776,0.7474784,0.8619333,0.99998987,0.97114986,0,0.38322213292121887,0.08299686,0.0644748,2.86405e-06,0.010910827,0,0.4903130829334259
TSBD_Healthy_58fc6d9018,0,0,1,0.23871993,0.18184887,0.09785306,0.06026908,3.627081e-06,0.015787804,0,0.1264648139476776,0.29640248,0.8529091,0.9999839,0.93914014,0,0.38322213292121887,0.6057445,0.08682187,1.24532435e-05,0.04507212,0,0.4903130829334259
TSBD_Healthy_ed8a98aaef,0,0,1,0.22020243,0.19678932,0.08303591,0.057952024,3.0588603e-06,0.014464532,0,0.1264648139476776,0.27727452,0.85466146,0.9999844,0.93841094,0,0.38322213292121887,0.6396896,0.087386504,1.2508263e-05,0.047124546,0,0.4903130829334259
TSBD_Healthy_c1a36abd3d,1,0,1,0.7313944,0.02197127,0.09327836,0.0708671,6.3161483e-06,0.014162231,0,0.1264648139476776,0.7050752,0.86112016,0.9999901,0.96956766,0,0.38322213292121887,0.2016464,0.06801277,3.597563e-06,0.016270164,0,0.4903130829334259
TSBD_Healthy_ba89f16ead,1,1,1,0.8555421,0.004456766,0.10686079,0.06949218,5.7733096e-06,0.013924492,0,0.1264648139476776,0.79267126,0.8636664,0.9999908,0.9740348,1,0.38322213292121887,0.100467935,0.0668414,3.3937404e-06,0.01204073,0,0.4903130829334259
TSBD_Healthy_ff7717e05f,1,1,0,0.8919088,0.0037839375,0.8468259,0.90373236,0.99998677,0.9792558,1,0.1264648139476776,0.08320999,0.049585942,8.009591e-06,0.011262794,0,0.38322213292121887,0.0699642,0.046681747,5.254151e-06,0.009481447,0,0.4903130829334259
TSBD_Healthy_9697828448,1,0,1,0.8320269,0.0075990558,0.08671596,0.06966224,5.8628107e-06,0.013082857,0,0.1264648139476776,0.77686775,0.86312497,0.9999906,0.9733114,0,0.38322213292121887,0.13641629,0.06721283,3.4980837e-06,0.013605692,0,0.4903130829334259
TSBD_Healthy_0dc7202194,1,1,1,0.85368246,0.0046764687,0.10064614,0.06953679,5.7675206e-06,0.013646085,0,0.1264648139476776,0.79112315,0.8635118,0.9999908,0.97395754,1,0.38322213292121887,0.10823067,0.06695138,3.4216428e-06,0.012396407,0,0.4903130829334259
TSBD_Healthy_aafafefd6f,0,0,1,0.1455419,0.2588794,0.6638277,0.06750745,6.9172947e-06,0.043842584,0,0.1264648139476776,0.17303701,0.8232424,0.9999515,0.9084754,0,0.38322213292121887,0.16313526,0.10925019,4.1539126e-05,0.047682,0,0.4903130829334259
TSBD_Healthy_3e37e6f481,1,1,1,0.8466579,0.005342085,0.11192341,0.07144642,6.3544057e-06,0.014667025,0,0.1264648139476776,0.783401,0.8620742,0.99999034,0.97319996,1,0.38322213292121887,0.10467557,0.066479355,3.2546068e-06,0.012132991,0,0.4903130829334259
TSBD_Healthy_d5c6d15d07,1,0,1,0.68633413,0.020241585,0.1674287,0.07441104,1.3661002e-05,0.021656482,0,0.1264648139476776,0.61228466,0.7916627,0.9998375,0.9282752,0,0.38322213292121887,0.22028662,0.1339263,0.00014878693,0.050068274,0,0.4903130829334259
TSBD_Healthy_968206666f,1,0,1,0.7929539,0.013397658,0.07679151,0.074421674,7.848462e-06,0.013817686,0,0.1264648139476776,0.75679123,0.86127716,0.9999893,0.9723197,0,0.38322213292121887,0.16641723,0.06430116,2.8632917e-06,0.013862615,0,0.4903130829334259
TSBD_Healthy_cacd4fa5f3,1,0,1,0.7568615,0.018658286,0.078831,0.07089825,6.444717e-06,0.013260813,0,0.1264648139476776,0.72989666,0.86269236,0.9999902,0.9713488,0,0.38322213292121887,0.19127235,0.06640937,3.333078e-06,0.015390399,0,0.4903130829334259
TSBD_Healthy_c00e285b89,1,0,1,0.6935039,0.029957457,0.058277935,0.07019438,6.1352416e-06,0.011908636,0,0.1264648139476776,0.7035082,0.8631549,0.99999046,0.9712173,0,0.38322213292121887,0.23821387,0.06665073,3.3511055e-06,0.016874133,0,0.4903130829334259
TSBD_Healthy_e318b96772,1,0,1,0.4862682,0.07276699,0.056353413,0.068742104,5.651296e-06,0.012270472,0,0.1264648139476776,0.5712491,0.8626847,0.9999906,0.9657859,0,0.38322213292121887,0.37239745,0.06857321,3.8162075e-06,0.02194359,0,0.4903130829334259
TSBD_Healthy_f874d1c34c,0,0,1,0.22613636,0.19210926,0.05179898,0.06775354,5.315204e-06,0.014087921,0,0.1264648139476776,0.32340178,0.8630074,0.9999907,0.9537327,0,0.38322213292121887,0.6247992,0.06923906,4.031738e-06,0.03217931,0,0.4903130829334259
TSBD_Healthy_a486752b98,1,0,1,0.6439043,0.038900077,0.056505356,0.069855414,5.987276e-06,0.011864644,0,0.1264648139476776,0.6735001,0.8630029,0.9999906,0.97008604,0,0.38322213292121887,0.2699945,0.0671417,3.4535337e-06,0.01804932,0,0.4903130829334259
TSBD_Healthy_79eca515b7,0,0,1,0.25852257,0.16776612,0.057330407,0.07312836,7.1929317e-06,0.015404868,0,0.1264648139476776,0.36800247,0.86155194,0.99998975,0.95703346,0,0.38322213292121887,0.57466716,0.06531974,3.0107813e-06,0.027561639,0,0.4903130829334259
TSBD_Healthy_28f91e3b3c,1,0,1,0.4410757,0.08508776,0.05420868,0.07182814,6.5746e-06,0.012930389,0,0.1264648139476776,0.5457239,0.86225057,0.99999034,0.96550786,0,0.38322213292121887,0.4000674,0.065921344,3.1115028e-06,0.02156172,0,0.4903130829334259
TSBD_Healthy_b4c784db60,1,0,1,0.35777238,0.11020378,0.06063571,0.07466502,7.867563e-06,0.01477309,0,0.1264648139476776,0.48233366,0.8603902,0.99998915,0.9621199,0,0.38322213292121887,0.4570306,0.0649448,2.940104e-06,0.023107018,0,0.4903130829334259
TSBD_Healthy_46afbf57c8,1,0,1,0.71200943,0.026422838,0.06449123,0.070657924,6.4106225e-06,0.012445009,0,0.1264648139476776,0.7100513,0.8623381,0.9999901,0.9708963,0,0.38322213292121887,0.22545743,0.06700392,3.4735783e-06,0.016658679,0,0.4903130829334259
TSBD_Healthy_5238685a4f,1,0,1,0.79342663,0.012481345,0.102635354,0.07174344,6.6820576e-06,0.01463545,0,0.1264648139476776,0.7437415,0.86201364,0.9999901,0.9712843,0,0.38322213292121887,0.1536231,0.06624289,3.2535138e-06,0.01408028,0,0.4903130829334259
TSBD_Healthy_115a1b2ce7,0,0,1,0.12580217,0.28997397,0.06347076,0.064227074,4.364167e-06,0.017305149,0,0.1264648139476776,0.1748017,0.8628808,0.99999034,0.9373228,0,0.38322213292121887,0.7617275,0.07289211,5.256004e-06,0.045372054,0,0.4903130829334259
TSBD_Healthy_2b0f2e29de,0,0,1,0.11206662,0.30867112,0.0731837,0.05881859,3.2633914e-06,0.01760313,0,0.1264648139476776,0.14014608,0.8584697,0.9999869,0.9236508,0,0.38322213292121887,0.7866702,0.082711704,9.830737e-06,0.05874611,0,0.4903130829334259
TSBD_Healthy_2cb9913a0d,0,0,1,0.23809585,0.1830639,0.056923393,0.06760342,5.3868225e-06,0.014423487,0,0.1264648139476776,0.33378324,0.8619974,0.9999901,0.9531376,0,0.38322213292121887,0.6092934,0.07039917,4.4671488e-06,0.032438964,0,0.4903130829334259
TSBD_Healthy_f7b6201d8c,0,0,1,0.19630133,0.21584511,0.063631974,0.06891094,5.8763812e-06,0.01633625,0,0.1264648139476776,0.27827778,0.8615794,0.99999,0.94899434,0,0.38322213292121887,0.65809023,0.06950965,4.159692e-06,0.034669407,0,0.4903130829334259
TSBD_Healthy_1cb0a1deed,1,0,1,0.6173588,0.04365717,0.058179867,0.06784722,5.302152e-06,0.011657991,0,0.1264648139476776,0.6529303,0.86288226,0.9999907,0.96884483,0,0.38322213292121887,0.2888898,0.06927051,4.0084624e-06,0.019497188,0,0.4903130829334259
TSBD_Healthy_e53d9705ff,0,0,1,0.10298442,0.32181308,0.07439816,0.064261414,4.417598e-06,0.01992,0,0.1264648139476776,0.13503636,0.8622119,0.9999901,0.92963195,0,0.38322213292121887,0.7905655,0.07352666,5.4348684e-06,0.05044802,0,0.4903130829334259
TSBD_Healthy_fea6d00053,1,0,1,0.4594854,0.07975202,0.05888615,0.07094745,6.4637e-06,0.013114876,0,0.1264648139476776,0.55432874,0.8625203,0.9999902,0.96528536,0,0.38322213292121887,0.38678512,0.06653224,3.3584442e-06,0.021599721,0,0.4903130829334259
TSBD_Healthy_f69458ce94,0,0,1,0.24703486,0.17591032,0.057049315,0.07306671,7.388772e-06,0.01567152,0,0.1264648139476776,0.3524252,0.86095065,0.9999894,0.9555381,0,0.38322213292121887,0.59052545,0.06598261,3.255976e-06,0.028790437,0,0.4903130829334259
TSBD_Healthy_bb30558caa,0,0,1,0.13544175,0.27793407,0.059781265,0.067254566,5.4356688e-06,0.01757223,0,0.1264648139476776,0.19127378,0.86082935,0.9999895,0.93928,0,0.38322213292121887,0.74894494,0.071916156,5.0017734e-06,0.04314774,0,0.4903130829334259
TSBD_Healthy_f8b382f850,1,1,1,0.8429186,0.006227253,0.08570961,0.07108109,6.4671044e-06,0.013360077,0,0.1264648139476776,0.786297,0.8627076,0.99999034,0.9736672,1,0.38322213292121887,0.12799342,0.06621131,3.2463488e-06,0.012972738,0,0.4903130829334259
TSBD_Healthy_4e764a8c1f,0,0,1,0.0996163,0.326906,0.07315772,0.06895131,5.779108e-06,0.02162297,0,0.1264648139476776,0.13532102,0.8629826,0.99999046,0.9330088,0,0.38322213292121887,0.79152125,0.06806612,3.7481527e-06,0.045368254,0,0.4903130829334259
TSBD_Healthy_63950b8869,0,0,1,0.09475756,0.33396864,0.0972447,0.06615735,5.4649718e-06,0.024432706,0,0.1264648139476776,0.11222761,0.85653436,0.99998724,0.91771865,0,0.38322213292121887,0.7905277,0.07730831,7.318117e-06,0.057848662,0,0.4903130829334259
TSBD_Healthy_ea2ac521c5,0,0,1,0.12463743,0.29162735,0.06476562,0.062027298,3.934917e-06,0.016977126,0,0.1264648139476776,0.1682496,0.8614029,0.9999893,0.93362,0,0.38322213292121887,0.76698476,0.07656973,6.7613846e-06,0.04940292,0,0.4903130829334259
TSBD_Healthy_1402c548f4,0,0,1,0.12710048,0.28862625,0.06405387,0.05999494,3.3786725e-06,0.01609496,0,0.1264648139476776,0.16986442,0.8612852,0.99998903,0.93293035,0,0.38322213292121887,0.76608175,0.07871985,7.5964545e-06,0.050974693,0,0.4903130829334259
TSBD_Healthy_44b1d181ba,0,0,1,0.10701004,0.31586695,0.07137463,0.063244976,4.1438425e-06,0.018980194,0,0.1264648139476776,0.14068247,0.861725,0.99998987,0.9298592,0,0.38322213292121887,0.787943,0.075030014,6.0040024e-06,0.051160544,0,0.4903130829334259
TSBD_Healthy_5031d03cd3,1,1,1,0.855886,0.004413739,0.10456956,0.06955045,5.8835517e-06,0.013874777,0,0.1264648139476776,0.7929858,0.8636221,0.9999907,0.9740002,1,0.38322213292121887,0.102444686,0.06682742,3.4005304e-06,0.012124991,0,0.4903130829334259
TSBD_Healthy_584e036b15,1,0,1,0.8376663,0.0065364353,0.10829692,0.06921038,5.8369856e-06,0.014086717,0,0.1264648139476776,0.77598417,0.863255,0.9999906,0.9729479,0,0.38322213292121887,0.11571883,0.06753464,3.6277281e-06,0.012965361,0,0.4903130829334259
TSBD_Healthy_ceedc9841a,1,0,1,0.5469039,0.055719525,0.33897376,0.08255864,1.1984097e-05,0.0287643,0,0.1264648139476776,0.581772,0.85695875,0.9999858,0.96056277,0,0.38322213292121887,0.07925421,0.06048264,2.1592316e-06,0.010672913,0,0.4903130829334259
TSBD_Healthy_539b7c9614,1,0,1,0.82322437,0.008944964,0.081593715,0.0755281,8.343271e-06,0.014275304,0,0.1264648139476776,0.7752944,0.8605732,0.9999889,0.97287345,0,0.38322213292121887,0.14311188,0.06389875,2.6883947e-06,0.012851271,0,0.4903130829334259
TSBD_Healthy_9405a524b8,1,1,1,0.8462761,0.0054214485,0.101785555,0.07315212,7.2290204e-06,0.014710638,0,0.1264648139476776,0.78416526,0.8614365,0.9999896,0.97300583,1,0.38322213292121887,0.114049144,0.06541139,3.0929273e-06,0.012283533,0,0.4903130829334259
TSBD_Healthy_84b5bbabe5,1,1,1,0.85399723,0.0045784935,0.104453936,0.07113684,6.3749285e-06,0.014251752,0,0.1264648139476776,0.79098725,0.86292344,0.99999046,0.97376186,1,0.38322213292121887,0.104558766,0.0659397,3.1764687e-06,0.011986377,0,0.4903130829334259
TSBD_Healthy_cd1699cbb8,1,0,1,0.8331572,0.0048525017,0.15748939,0.11028803,3.9027906e-05,0.029247768,0,0.1264648139476776,0.7601989,0.83833826,0.99995995,0.96272373,0,0.38322213292121887,0.08231174,0.051373668,1.056161e-06,0.008028471,0,0.4903130829334259
TSBD_Healthy_3971c8d6d2,1,0,1,0.8239354,0.0061305854,0.1561969,0.10755444,3.6029876e-05,0.028457506,0,0.1264648139476776,0.7526225,0.84017164,0.9999628,0.962965,0,0.38322213292121887,0.091180615,0.052273896,1.165726e-06,0.008577476,0,0.4903130829334259
TSBD_Healthy_062f8eb68b,1,0,1,0.81312674,0.009963911,0.15383452,0.07149985,6.514533e-06,0.016628189,0,0.1264648139476776,0.7605487,0.86277467,0.99999034,0.97209716,0,0.38322213292121887,0.08561678,0.065725505,3.146478e-06,0.011274648,0,0.4903130829334259
TSBD_Healthy_64c2fd2799,1,0,1,0.7330683,0.0231314,0.06094231,0.06862095,5.579207e-06,0.01163299,0,0.1264648139476776,0.7246074,0.86347806,0.9999908,0.97184753,0,0.38322213292121887,0.21445027,0.067900956,3.6491556e-06,0.016519494,0,0.4903130829334259
TSBD_Healthy_06ad797b28,1,0,1,0.83148414,0.007879797,0.078867055,0.07064521,6.255711e-06,0.012888767,0,0.1264648139476776,0.78027993,0.86249924,0.99999034,0.9734948,0,0.38322213292121887,0.14085296,0.06685554,3.3778329e-06,0.013616419,0,0.4903130829334259
TSBD_Healthy_d37fadc7b5,1,0,1,0.7835748,0.015157156,0.06649092,0.070703655,6.3327e-06,0.01230593,0,0.1264648139476776,0.7549854,0.8628999,0.99999034,0.9728389,0,0.38322213292121887,0.17852369,0.06639647,3.3204353e-06,0.014855214,0,0.4903130829334259
TSBD_Healthy_23703b21e8,1,0,1,0.7997621,0.011287009,0.11868084,0.07468045,7.965361e-06,0.016232591,0,0.1264648139476776,0.7446329,0.8609594,0.99998915,0.97071433,0,0.38322213292121887,0.13668633,0.06436012,2.9228993e-06,0.013053128,0,0.4903130829334259
TSBD_Healthy_e761f95881,1,0,1,0.76330805,0.01703654,0.092587166,0.07818443,9.426515e-06,0.015843479,0,0.1264648139476776,0.7288616,0.85790104,0.99998784,0.96996224,0,0.38322213292121887,0.17855129,0.06391453,2.7130816e-06,0.014194258,0,0.4903130829334259
TSBD_Healthy_049d7b0b8e,1,0,1,0.7654923,0.017863082,0.068535976,0.077513404,9.105095e-06,0.014009282,0,0.1264648139476776,0.7460847,0.8594015,0.9999883,0.97192115,0,0.38322213292121887,0.18537933,0.06308505,2.5919173e-06,0.014069559,0,0.4903130829334259
TSBD_Healthy_d0a2ad85a2,1,1,1,0.8447977,0.0059802905,0.0866297,0.071361944,6.5314534e-06,0.013453448,0,0.1264648139476776,0.78762084,0.8627583,0.99999034,0.9737525,1,0.38322213292121887,0.12574938,0.06587982,3.167943e-06,0.012794092,0,0.4903130829334259
TSBD_Healthy_427d279e02,1,0,1,0.6071199,0.04587572,0.0572492,0.069591075,6.0459893e-06,0.012061849,0,0.1264648139476776,0.6493038,0.8626828,0.9999902,0.9688153,0,0.38322213292121887,0.29344702,0.06772609,3.6865813e-06,0.019122839,0,0.4903130829334259
TSBD_Healthy_194fe9c226,1,0,1,0.7864558,0.014565958,0.06915783,0.07132875,6.604498e-06,0.012632297,0,0.1264648139476776,0.7550217,0.8621566,0.99999,0.972522,0,0.38322213292121887,0.17582048,0.066514574,3.3850615e-06,0.014845706,0,0.4903130829334259
TSBD_Healthy_7fd586cd0c,1,0,1,0.63416475,0.040601406,0.06071688,0.081174456,1.0978747e-05,0.014747712,0,0.1264648139476776,0.67115545,0.85595,0.9999864,0.9687363,0,0.38322213292121887,0.26812765,0.06287547,2.5542386e-06,0.016516013,0,0.4903130829334259
TSBD_Healthy_8a16be7271,1,1,1,0.85518014,0.00451049,0.09691081,0.07091584,6.369501e-06,0.013849178,0,0.1264648139476776,0.79312974,0.86299926,0.99999034,0.9738959,1,0.38322213292121887,0.109959446,0.06608487,3.2468843e-06,0.012254874,0,0.4903130829334259
TSBD_Healthy_7497e074fb,1,0,1,0.75223845,0.019943338,0.0632131,0.0687668,5.6284475e-06,0.01176103,0,0.1264648139476776,0.7349176,0.8630931,0.9999906,0.9720161,0,0.38322213292121887,0.2018693,0.068140134,3.7608752e-06,0.016222902,0,0.4903130829334259
TSBD_Healthy_0008f80a75,0,0,1,0.32331723,0.1228816,0.083400786,0.0987357,2.4676678e-05,0.024176994,0,0.1264648139476776,0.4493588,0.8446827,0.9999738,0.9559598,0,0.38322213292121887,0.4672404,0.056581635,1.5846094e-06,0.01986322,0,0.4903130829334259
TSBD_Healthy_5ceaf1db7f,0,0,1,0.21240991,0.20326075,0.054416537,0.06431093,4.4731514e-06,0.01386584,0,0.1264648139476776,0.29804042,0.8625025,0.9999902,0.9498982,0,0.38322213292121887,0.647543,0.07318661,5.346396e-06,0.036235973,0,0.4903130829334259
TSBD_Healthy_e4fa44cd99,1,0,1,0.6399264,0.039508436,0.058288373,0.07051646,6.2984645e-06,0.012190738,0,0.1264648139476776,0.6697197,0.8623172,0.9999902,0.9696399,0,0.38322213292121887,0.27199194,0.0671663,3.4884881e-06,0.018169327,0,0.4903130829334259
TSBD_Healthy_441bde1a65,1,0,1,0.79209113,0.013811216,0.070269376,0.07468315,7.783309e-06,0.013377264,0,0.1264648139476776,0.76070213,0.8611488,0.9999894,0.97280437,0,0.38322213292121887,0.16902842,0.06416808,2.7721323e-06,0.01381842,0,0.4903130829334259
TSBD_Healthy_dbb2f8ca89,1,1,1,0.85740286,0.0042858794,0.09635177,0.0695204,5.9053737e-06,0.013479044,0,0.1264648139476776,0.7951854,0.8636089,0.9999907,0.9741237,1,0.38322213292121887,0.10846278,0.066870734,3.4479526e-06,0.012397238,0,0.4903130829334259
TSBD_Healthy_9b317a63ad,1,1,1,0.8570848,0.004307613,0.09806048,0.06971629,5.896887e-06,0.013578924,0,0.1264648139476776,0.79466456,0.8635888,0.9999907,0.97413534,1,0.38322213292121887,0.10727499,0.066694856,3.3754573e-06,0.012285707,0,0.4903130829334259
TSBD_Healthy_d85abeff44,1,0,1,0.7143667,0.026281774,0.06305913,0.074395575,7.722672e-06,0.013091766,0,0.1264648139476776,0.71603423,0.86122173,0.9999894,0.9713241,0,0.38322213292121887,0.22090665,0.06438266,2.8486306e-06,0.015584137,0,0.4903130829334259
TSBD_Healthy_32490efb09,1,1,1,0.8557452,0.0043669194,0.10486569,0.071997486,6.7263527e-06,0.014494565,0,0.1264648139476776,0.7926331,0.8627718,0.9999902,0.9737832,1,0.38322213292121887,0.10250119,0.0652307,3.0239996e-06,0.01172221,0,0.4903130829334259
TSBD_Healthy_003e47f46b,1,1,1,0.8535999,0.0047410484,0.09358587,0.07187042,6.7519763e-06,0.013929152,0,0.1264648139476776,0.7927012,0.86265683,0.9999901,0.9738272,1,0.38322213292121887,0.11371292,0.06547278,3.1075133e-06,0.012243645,0,0.4903130829334259
TSBD_Healthy_db7fb385bc,1,1,1,0.8452023,0.0058762357,0.08767347,0.06939362,5.942489e-06,0.013091983,0,0.1264648139476776,0.7867141,0.8631964,0.99999046,0.9736406,1,0.38322213292121887,0.12561248,0.067409985,3.6135086e-06,0.013267453,0,0.4903130829334259
TSBD_Healthy_e07653b53b,1,1,1,0.8475257,0.005591193,0.08832541,0.07012437,6.1249416e-06,0.013258397,0,0.1264648139476776,0.7887441,0.8631597,0.99999046,0.973795,1,0.38322213292121887,0.12293052,0.06671592,3.410809e-06,0.012946585,0,0.4903130829334259
TSBD_Healthy_372dafd03c,0,0,1,0.25633645,0.1694859,0.055201005,0.072687835,7.2746e-06,0.015235149,0,0.1264648139476776,0.36459988,0.8609827,0.9999893,0.9561544,0,0.38322213292121887,0.5801992,0.066329405,3.402504e-06,0.028610485,0,0.4903130829334259
TSBD_Healthy_8a4d12c896,1,0,1,0.74834245,0.020211097,0.07254183,0.075538866,8.4292915e-06,0.013997769,0,0.1264648139476776,0.7302654,0.85975915,0.99998856,0.9709678,0,0.38322213292121887,0.19719274,0.064701945,2.9663454e-06,0.015034437,0,0.4903130829334259
TSBD_Healthy_ddf26df6fc,1,0,1,0.74228,0.021151762,0.07260209,0.07184463,6.786312e-06,0.013133326,0,0.1264648139476776,0.7244354,0.8618464,0.99998987,0.9711375,0,0.38322213292121887,0.20296259,0.06630899,3.3137114e-06,0.01572912,0,0.4903130829334259
TSBD_Healthy_f43e3f4c5b,1,0,1,0.5330376,0.06163271,0.06006523,0.07361715,7.418555e-06,0.013433725,0,0.1264648139476776,0.60352325,0.8608333,0.9999895,0.96700686,0,0.38322213292121887,0.3364115,0.06554955,3.0910276e-06,0.019559417,0,0.4903130829334259
TSBD_Healthy_b5fbb9ed8e,1,1,1,0.8542142,0.00458635,0.09696664,0.07319997,7.182212e-06,0.014400421,0,0.1264648139476776,0.7925157,0.8620517,0.99998987,0.9736831,1,0.38322213292121887,0.110517666,0.06474826,2.9213963e-06,0.011916471,0,0.4903130829334259
TSBD_Healthy_eb36a09ca4,1,0,1,0.8056093,0.01152589,0.077249214,0.07338568,7.2932276e-06,0.013516036,0,0.1264648139476776,0.7642671,0.8614802,0.99998975,0.9726857,0,0.38322213292121887,0.15848367,0.0651341,3.007378e-06,0.013798227,0,0.4903130829334259
TSBD_Healthy_6b4a97bd93,1,0,1,0.69245434,0.030029682,0.05992786,0.07107959,6.411711e-06,0.012211449,0,0.1264648139476776,0.7019109,0.86244273,0.9999902,0.97094274,0,0.38322213292121887,0.23816125,0.06647762,3.3291196e-06,0.016845806,0,0.4903130829334259
TSBD_Healthy_ba33e2e4e1,1,0,1,0.7844834,0.014927831,0.07039738,0.0751172,7.970294e-06,0.013512682,0,0.1264648139476776,0.75585407,0.86095303,0.9999893,0.9725509,0,0.38322213292121887,0.17374857,0.06392979,2.7508609e-06,0.013936438,0,0.4903130829334259
TSBD_Healthy_c2d1e8a97b,1,1,1,0.8472864,0.0056814877,0.08640388,0.072097674,6.7417013e-06,0.013577619,0,0.1264648139476776,0.7900364,0.8625745,0.9999902,0.9738741,1,0.38322213292121887,0.12355971,0.06532775,3.0344286e-06,0.012548301,0,0.4903130829334259
TSBD_Healthy_acaf94d2e8,1,0,1,0.66326773,0.035227012,0.06145895,0.07666829,8.596759e-06,0.0136289215,0,0.1264648139476776,0.6867091,0.8595609,0.9999887,0.97007805,0,0.38322213292121887,0.25183192,0.06377079,2.6921605e-06,0.016293012,0,0.4903130829334259
TSBD_Healthy_4c1057862a,1,0,1,0.713886,0.026236733,0.063215554,0.07092845,6.420002e-06,0.0123692835,0,0.1264648139476776,0.7127893,0.862619,0.9999902,0.9712569,0,0.38322213292121887,0.22399515,0.0664526,3.3019837e-06,0.016373781,0,0.4903130829334259
TSBD_Healthy_d28eee88b2,1,0,1,0.7225304,0.024813011,0.061091967,0.0692156,5.8942314e-06,0.011852871,0,0.1264648139476776,0.71799093,0.8629322,0.99999046,0.9713644,0,0.38322213292121887,0.22091708,0.067852184,3.6993877e-06,0.016782695,0,0.4903130829334259
TSBD_Healthy_9f799d79c9,1,0,1,0.81336105,0.010187672,0.08601509,0.075736284,8.216109e-06,0.0145661775,0,0.1264648139476776,0.76631767,0.86086476,0.99998915,0.9724948,0,0.38322213292121887,0.14766732,0.063398995,2.633015e-06,0.01293903,0,0.4903130829334259
TSBD_Healthy_0797e50b91,0,0,1,0.1854634,0.2260765,0.058051202,0.06474582,4.6385567e-06,0.014950227,0,0.1264648139476776,0.26157525,0.86239654,0.9999901,0.9467127,0,0.38322213292121887,0.68037355,0.0728576,5.3120534e-06,0.038337152,0,0.4903130829334259
TSBD_Healthy_35d58d516e,0,0,1,0.33652377,0.11975923,0.05544396,0.0687191,5.5914306e-06,0.013066044,0,0.1264648139476776,0.46010762,0.8630169,0.9999906,0.96120137,0,0.38322213292121887,0.4844484,0.06826397,3.7868274e-06,0.025732595,0,0.4903130829334259
TSBD_Healthy_3369d16a81,0,0,1,0.14782672,0.26466396,0.066441566,0.05576365,3.2833625e-06,0.015467381,0,0.1264648139476776,0.16977815,0.8416789,0.9999672,0.9103589,0,0.38322213292121887,0.76378024,0.10255748,2.9455978e-05,0.07417368,0,0.4903130829334259
TSBD_Healthy_f12cfc128f,1,1,1,0.8529188,0.004572531,0.10426497,0.07381747,7.521157e-06,0.014982685,0,0.1264648139476776,0.7895653,0.86110497,0.9999894,0.9731344,1,0.38322213292121887,0.10616973,0.06507759,3.036183e-06,0.011882906,0,0.4903130829334259
TSBD_Healthy_8cb3c49027,1,0,1,0.78218,0.011783434,0.19760405,0.10239864,2.9162917e-05,0.029364455,0,0.1264648139476776,0.71836406,0.8432152,0.9999695,0.96180075,0,0.38322213292121887,0.08403191,0.054386098,1.3331454e-06,0.008834774,0,0.4903130829334259
TSBD_Healthy_0d4d34f349,1,0,1,0.52011275,0.060297087,0.3725284,0.09459032,2.0849062e-05,0.03585259,0,0.1264648139476776,0.5539513,0.8483294,0.99997747,0.954407,0,0.38322213292121887,0.07352022,0.057080213,1.6453665e-06,0.00974047,0,0.4903130829334259
TSBD_Healthy_aac43b5b94,1,0,1,0.8010783,0.010331476,0.17442037,0.088606,1.6005968e-05,0.023117365,0,0.1264648139476776,0.740904,0.8531175,0.9999821,0.96723866,0,0.38322213292121887,0.0846757,0.058276482,1.8387398e-06,0.009643974,0,0.4903130829334259
TSBD_Healthy_713f0a2197,0,0,1,0.21873996,0.19361119,0.59560937,0.100495316,2.742969e-05,0.058707476,0,0.1264648139476776,0.2524303,0.8443465,0.99997115,0.92582387,0,0.38322213292121887,0.15196027,0.055158187,1.4668011e-06,0.015468613,0,0.4903130829334259
TSBD_Healthy_ac26bcc532,0,0,1,0.28847224,0.153534,0.6372618,0.13855377,0.000116691124,0.08793154,0,0.1264648139476776,0.28719214,0.812128,0.99988234,0.9019424,0,0.38322213292121887,0.075546086,0.04931825,1.0082722e-06,0.010126071,0,0.4903130829334259
TSBD_Healthy_46f4698e93,1,0,1,0.7257726,0.023982886,0.064890854,0.0704567,6.471227e-06,0.012439607,0,0.1264648139476776,0.7170444,0.8613366,0.9999896,0.9706179,0,0.38322213292121887,0.21806473,0.06820673,3.9115716e-06,0.016942501,0,0.4903130829334259
TSBD_Healthy_ffc31af5e9,1,0,1,0.7572603,0.018716073,0.07198292,0.072705954,7.133e-06,0.013245928,0,0.1264648139476776,0.733837,0.8604115,0.9999894,0.97110873,0,0.38322213292121887,0.19418007,0.066882476,3.4845912e-06,0.015645295,0,0.4903130829334259
TSBD_Healthy_ffc39b3360,1,0,1,0.44345918,0.084025875,0.05467271,0.06918772,5.9319386e-06,0.012500498,0,0.1264648139476776,0.5430904,0.8620504,0.9999901,0.96438223,0,0.38322213292121887,0.40223685,0.06876187,3.958482e-06,0.023117246,0,0.4903130829334259
TSBD_Healthy_13e3dd820d,0,0,1,0.1483369,0.26451993,0.06831154,0.047379002,1.8056265e-06,0.0130329635,0,0.1264648139476776,0.15762642,0.83673763,0.9999387,0.8952845,0,0.38322213292121887,0.77406204,0.11588332,5.941193e-05,0.09168257,0,0.4903130829334259
TSBD_Healthy_0e7dca224f,1,0,1,0.81090814,0.009006543,0.15822525,0.08736569,1.4859538e-05,0.021814696,0,0.1264648139476776,0.7477231,0.85390836,0.9999833,0.9681465,0,0.38322213292121887,0.09405172,0.05872594,1.8627545e-06,0.010038786,0,0.4903130829334259
TSBD_Healthy_e30ffbbca2,1,0,1,0.5059609,0.06802127,0.05881898,0.07304602,7.375115e-06,0.013395828,0,0.1264648139476776,0.586331,0.86106855,0.9999894,0.96623385,0,0.38322213292121887,0.35485002,0.06588541,3.2569076e-06,0.020370329,0,0.4903130829334259
TSBD_Healthy_33ee2c0488,1,0,1,0.6912799,0.028150592,0.10600972,0.08292411,1.2060774e-05,0.018340142,0,0.1264648139476776,0.6785602,0.8548554,0.99998546,0.96662223,0,0.38322213292121887,0.21543014,0.06222047,2.4660671e-06,0.015037605,0,0.4903130829334259
TSBD_Healthy_cf66e36f26,0,0,1,0.15658994,0.25495493,0.08435207,0.045618683,2.5834759e-06,0.015302789,0,0.1264648139476776,0.118864164,0.79006475,0.99953675,0.81612724,0,0.38322213292121887,0.79678375,0.1643166,0.00046064006,0.16856997,0,0.4903130829334259
TSBD_Healthy_198c19a2fa,0,0,1,0.11514542,0.30452475,0.08318637,0.046395194,1.6435434e-06,0.014991563,0,0.1264648139476776,0.1145381,0.84044325,0.99994564,0.88596433,0,0.38322213292121887,0.8022756,0.11316151,5.2717853e-05,0.09904416,0,0.4903130829334259
TSBD_Healthy_0f0af1a35d,1,0,1,0.8294859,0.007840818,0.09009559,0.071580924,6.6741413e-06,0.013791321,0,0.1264648139476776,0.7742249,0.8623205,0.9999901,0.9729158,0,0.38322213292121887,0.13567956,0.06609855,3.2444757e-06,0.013292817,0,0.4903130829334259
TSBD_Healthy_24a755565d,1,0,1,0.37117916,0.10462219,0.07656084,0.07315256,7.650508e-06,0.015773594,0,0.1264648139476776,0.4817453,0.8603494,0.9999889,0.9604525,0,0.38322213292121887,0.4416939,0.066498004,3.4338689e-06,0.023773879,0,0.4903130829334259
TSBD_Healthy_00488f3c0b,1,0,1,0.833136,0.006874148,0.14033186,0.07718984,9.177338e-06,0.017774567,0,0.1264648139476776,0.7717184,0.85980934,0.9999882,0.97149247,0,0.38322213292121887,0.0879498,0.06300084,2.6358414e-06,0.010732994,0,0.4903130829334259
TSBD_Healthy_7f10feedf0,1,0,0,0.73241454,0.014404874,0.65422547,0.80425686,0.9960194,0.88660216,0,0.1264648139476776,0.28655428,0.16356742,0.003979348,0.10747102,0,0.38322213292121887,0.059220262,0.03217575,1.2435099e-06,0.005926867,0,0.4903130829334259
TSBD_Healthy_083843a5b2,1,0,1,0.796698,0.008639593,0.19829217,0.11706446,5.466215e-05,0.035355315,0,0.1264648139476776,0.7228996,0.8315145,0.9999442,0.95649564,0,0.38322213292121887,0.0788082,0.05142113,1.1379462e-06,0.008149053,0,0.4903130829334259
TSBD_Healthy_846b819a49,1,0,1,0.8360908,0.0072566327,0.07963234,0.069595784,5.9556746e-06,0.012702276,0,0.1264648139476776,0.7829838,0.8630621,0.99999046,0.9736057,0,0.38322213292121887,0.1373839,0.067342125,3.5938162e-06,0.013692074,0,0.4903130829334259
TSBD_Healthy_ef882f9638,1,0,1,0.80310565,0.011448601,0.08557122,0.0722206,7.231223e-06,0.01392261,0,0.1264648139476776,0.7565198,0.8608823,0.99998915,0.97157604,0,0.38322213292121887,0.157909,0.066897124,3.6043937e-06,0.014501337,0,0.4903130829334259
TSBD_Healthy_f510479194,1,0,1,0.83022594,0.0069951788,0.12512922,0.07823873,9.442937e-06,0.017321952,0,0.1264648139476776,0.7667019,0.8584738,0.99998796,0.971081,0,0.38322213292121887,0.10816883,0.06328753,2.6411778e-06,0.011597078,0,0.4903130829334259
TSBD_Healthy_78ac2c01e9,1,0,1,0.8378604,0.006203918,0.1088809,0.07968862,1.047611e-05,0.016923845,0,0.1264648139476776,0.77592677,0.85819596,0.999987,0.9715109,0,0.38322213292121887,0.11519227,0.06211545,2.4780402e-06,0.01156531,0,0.4903130829334259
TSBD_Healthy_aa968b53a4,1,0,1,0.44570777,0.08167496,0.057117533,0.059144966,3.4900022e-06,0.010703317,0,0.1264648139476776,0.52746594,0.859768,0.99998736,0.9593111,0,0.38322213292121887,0.4154165,0.08108703,9.193212e-06,0.02998553,0,0.4903130829334259
TSBD_Healthy_d6be26c310,0,0,1,0.1326603,0.28229237,0.06604277,0.052312218,2.2826064e-06,0.014328701,0,0.1264648139476776,0.15707354,0.8508207,0.99997497,0.9146848,0,0.38322213292121887,0.7768837,0.09686705,2.279336e-05,0.070986524,0,0.4903130829334259
TSBD_Healthy_8d0baa1858,1,1,1,0.84443307,0.00589991,0.090661466,0.07483839,7.880383e-06,0.014510063,0,0.1264648139476776,0.7867692,0.86119,0.9999894,0.9732985,1,0.38322213292121887,0.122569345,0.06397159,2.7707686e-06,0.012191403,0,0.4903130829334259
TSBD_Healthy_9a86700e7b,1,0,1,0.55790865,0.056054294,0.061274458,0.07556047,8.458507e-06,0.013933767,0,0.1264648139476776,0.619765,0.8597033,0.99998856,0.96730775,0,0.38322213292121887,0.31896055,0.06473629,2.9526848e-06,0.018758463,0,0.4903130829334259
TSBD_Healthy_8de20870d1,0,0,1,0.23106316,0.18792558,0.060898073,0.071075834,6.853188e-06,0.016021917,0,0.1264648139476776,0.3232194,0.8590136,0.9999887,0.9512026,0,0.38322213292121887,0.6158825,0.06991057,4.442798e-06,0.03277553,0,0.4903130829334259
TSBD_Healthy_2125dc16c6,1,0,1,0.562189,0.054555804,0.06514428,0.075560324,8.700127e-06,0.014334036,0,0.1264648139476776,0.61694634,0.8575719,0.9999877,0.9658993,0,0.38322213292121887,0.31790942,0.06686776,3.5647272e-06,0.019766675,0,0.4903130829334259
TSBD_Healthy_f1a3293d1d,0,0,1,0.12502015,0.2911961,0.064878926,0.061589774,4.0099094e-06,0.017038003,0,0.1264648139476776,0.16635473,0.8598999,0.9999882,0.93140644,0,0.38322213292121887,0.76876634,0.078510314,7.785149e-06,0.051555492,0,0.4903130829334259
TSBD_Healthy_db02ad0e48,1,0,1,0.78677404,0.014473245,0.06944138,0.07024905,6.199137e-06,0.012408147,0,0.1264648139476776,0.75423205,0.8625062,0.9999902,0.97253454,0,0.38322213292121887,0.17632653,0.06724467,3.5238577e-06,0.015057299,0,0.4903130829334259
TSBD_Healthy_6e62793bdf,0,0,1,0.20566165,0.21064073,0.05851922,0.051853716,2.399994e-06,0.011939705,0,0.1264648139476776,0.2473672,0.84653634,0.9999676,0.9243867,0,0.38322213292121887,0.6941136,0.10160994,3.0057701e-05,0.0636736,0,0.4903130829334259
TSBD_Healthy_097e8db62c,1,0,1,0.5647717,0.054779813,0.05800907,0.07479865,8.052699e-06,0.013427856,0,0.1264648139476776,0.62629426,0.8603134,0.9999889,0.9678538,0,0.38322213292121887,0.31569663,0.0648879,3.0097624e-06,0.01871834,0,0.4903130829334259
TSBD_Healthy_9a88507804,1,0,1,0.75917274,0.018710041,0.06652141,0.07197481,7.0433794e-06,0.012765856,0,0.1264648139476776,0.7387081,0.8611267,0.9999894,0.9715625,0,0.38322213292121887,0.19477047,0.066898495,3.5324954e-06,0.015671581,0,0.4903130829334259
TSBD_Healthy_d3268932b8,1,0,1,0.41351748,0.09187186,0.05180105,0.06270556,4.091383e-06,0.011064233,0,0.1264648139476776,0.51520216,0.86197996,0.9999896,0.96140456,0,0.38322213292121887,0.43299675,0.07531444,6.2892473e-06,0.027531235,0,0.4903130829334259
TSBD_Healthy_7ef69613b9,1,0,1,0.5019997,0.068416476,0.071387,0.07845584,9.812807e-06,0.015746498,0,0.1264648139476776,0.5790657,0.8583131,0.9999876,0.96509826,0,0.38322213292121887,0.3495473,0.06323111,2.6352716e-06,0.019155264,0,0.4903130829334259
TSBD_Healthy_ddc759b323,1,0,1,0.82326156,0.00912006,0.07798384,0.0745002,7.853389e-06,0.013782534,0,0.1264648139476776,0.77727437,0.86150855,0.9999894,0.9732223,0,0.38322213292121887,0.14474177,0.06399126,2.7916956e-06,0.012995137,0,0.4903130829334259
TSBD_Healthy_cb4b1d8b67,1,0,1,0.53263664,0.061675377,0.05531578,0.069022335,5.8774854e-06,0.012100753,0,0.1264648139476776,0.60185575,0.86200655,0.99999,0.9665685,0,0.38322213292121887,0.34282842,0.068971075,4.116099e-06,0.021330722,0,0.4903130829334259
TSBD_Healthy_886fdcfd30,1,1,0,0.891757,0.0037643956,0.8463071,0.9034714,0.9999871,0.9792825,1,0.1264648139476776,0.07572153,0.04680974,5.7244174e-06,0.009932007,0,0.38322213292121887,0.077971354,0.049718894,7.17094e-06,0.010785491,0,0.4903130829334259
TSBD_Healthy_784f1bc940,0,0,1,0.111818045,0.30785203,0.07099272,0.07885732,1.00699845e-05,0.024178797,0,0.1264648139476776,0.15879796,0.85684276,0.9999871,0.93632203,0,0.38322213292121887,0.77020925,0.064299956,2.8593781e-06,0.039499108,0,0.4903130829334259
TSBD_Healthy_ba996de886,1,1,1,0.8460708,0.005765572,0.08816812,0.07076986,6.3532175e-06,0.013409081,0,0.1264648139476776,0.7877435,0.8628168,0.9999902,0.97365814,1,0.38322213292121887,0.12408839,0.06641331,3.3636366e-06,0.012932778,0,0.4903130829334259
TSBD_Healthy_619dcca295,1,1,1,0.8484452,0.0051936526,0.09755011,0.07385936,7.685597e-06,0.014719812,0,0.1264648139476776,0.78703636,0.8609792,0.99998915,0.97296774,1,0.38322213292121887,0.11541355,0.06516147,3.108275e-06,0.012312441,0,0.4903130829334259
TSBD_Healthy_e5fac835da,0,0,1,0.11345402,0.30686653,0.07036246,0.05764196,2.9962237e-06,0.016777823,0,0.1264648139476776,0.14386885,0.8601601,0.9999875,0.9254797,0,0.38322213292121887,0.7857686,0.08219792,9.542897e-06,0.057742488,0,0.4903130829334259
TSBD_Healthy_7b8508b66d,0,0,1,0.1401607,0.27141237,0.07245275,0.07284761,7.353933e-06,0.020533113,0,0.1264648139476776,0.19662629,0.85796815,0.99998856,0.93946457,0,0.38322213292121887,0.73092103,0.06918418,4.0589703e-06,0.040002365,0,0.4903130829334259
TSBD_Healthy_1bf9b6920f,1,0,1,0.84100676,0.0061845556,0.09493288,0.075294256,8.197535e-06,0.014930457,0,0.1264648139476776,0.7822402,0.86056054,0.99998903,0.97278655,0,0.38322213292121887,0.12282693,0.06414525,2.8225882e-06,0.012282994,0,0.4903130829334259
TSBD_Healthy_c2dd44b1c5,1,0,1,0.7672646,0.016316598,0.09625533,0.0815672,1.1774706e-05,0.017097848,0,0.1264648139476776,0.7310474,0.85628885,0.9999857,0.9692362,0,0.38322213292121887,0.17269723,0.06214393,2.546522e-06,0.013665942,0,0.4903130829334259
TSBD_Healthy_6941b60386,1,1,1,0.8493108,0.005204901,0.09325681,0.07082345,6.449579e-06,0.013717019,0,0.1264648139476776,0.7884504,0.8622617,0.99999,0.9734043,1,0.38322213292121887,0.11829275,0.06691487,3.5263413e-06,0.012878668,0,0.4903130829334259
TSBD_Healthy_905510a905,1,0,1,0.8300793,0.007735081,0.08858628,0.07523647,8.146425e-06,0.014588835,0,0.1264648139476776,0.7761728,0.8601839,0.9999889,0.9725384,0,0.38322213292121887,0.1352409,0.06457964,2.930331e-06,0.012872723,0,0.4903130829334259
TSBD_Healthy_9731a208b9,1,0,1,0.36993182,0.10557345,0.06579044,0.07616192,8.755231e-06,0.015613443,0,0.1264648139476776,0.48732653,0.8581229,0.9999881,0.9610351,0,0.38322213292121887,0.44688302,0.06571518,3.1948657e-06,0.02335145,0,0.4903130829334259
TSBD_Healthy_0dca3c0bc2,1,1,1,0.841835,0.005979726,0.12807666,0.073059216,7.234332e-06,0.015955621,0,0.1264648139476776,0.78011286,0.8619205,0.99998975,0.97270316,1,0.38322213292121887,0.09181053,0.06502032,3.055279e-06,0.011341243,0,0.4903130829334259
TSBD_Healthy_12ac808983,0,0,1,0.24564444,0.18065551,0.062072556,0.051518586,2.205257e-06,0.011420352,0,0.1264648139476776,0.2835439,0.83996385,0.99995744,0.9234638,0,0.38322213292121887,0.65438354,0.108517565,4.030937e-05,0.06511584,0,0.4903130829334259
TSBD_Healthy_511fba2ceb,1,0,1,0.8145229,0.009228149,0.12006097,0.07636021,8.632595e-06,0.01665713,0,0.1264648139476776,0.7554506,0.8603268,0.9999887,0.97109294,0,0.38322213292121887,0.124488465,0.06331294,2.6569162e-06,0.012249925,0,0.4903130829334259
TSBD_Healthy_549679688a,0,0,1,0.14363638,0.2690243,0.060870495,0.059195448,3.4942498e-06,0.015262619,0,0.1264648139476776,0.18834889,0.8570417,0.99998593,0.93104994,0,0.38322213292121887,0.7507806,0.08376284,1.0614994e-05,0.053687457,0,0.4903130829334259
TSBD_Healthy_708f7d8e32,1,0,2,0.70775974,0.022763994,0.082897365,0.032420028,1.5961784e-06,0.006934362,0,0.1264648139476776,0.114573814,0.26533586,0.008174742,0.11038696,0,0.38322213292121887,0.8025288,0.7022441,0.9918236,0.8826787,0,0.4903130829334259
TSBD_Healthy_30a7ad7ba3,0,0,1,0.120810166,0.2960174,0.0667849,0.07078942,6.701631e-06,0.020305498,0,0.1264648139476776,0.16914275,0.8597163,0.99998915,0.93670326,0,0.38322213292121887,0.76407236,0.069494255,4.1759567e-06,0.04299121,0,0.4903130829334259
TSBD_Healthy_dad4aa07c4,0,0,1,0.12819213,0.28707844,0.08363145,0.05262009,2.761932e-06,0.017062075,0,0.1264648139476776,0.12661181,0.8310946,0.9999355,0.8833745,0,0.38322213292121887,0.7897567,0.116285294,6.169431e-05,0.09956336,0,0.4903130829334259
TSBD_Healthy_8eff6e388b,1,0,1,0.59159315,0.04918459,0.05782225,0.07427922,7.82477e-06,0.013176884,0,0.1264648139476776,0.6432551,0.86080074,0.99998915,0.9685774,0,0.38322213292121887,0.29892266,0.06492009,3.0426463e-06,0.018245742,0,0.4903130829334259
TSBD_Healthy_fec7f36a5c,1,0,1,0.832063,0.0071749967,0.09647114,0.08052606,1.0809046e-05,0.016411941,0,0.1264648139476776,0.77565473,0.8572889,0.99998677,0.97158766,0,0.38322213292121887,0.12787418,0.062185068,2.468054e-06,0.012000398,0,0.4903130829334259
TSBD_Healthy_1cf19a1878,1,0,1,0.39325848,0.098059535,0.05379401,0.064980365,4.6543314e-06,0.011800282,0,0.1264648139476776,0.50174755,0.86156416,0.99999,0.96130335,0,0.38322213292121887,0.44445845,0.07345552,5.396946e-06,0.026896367,0,0.4903130829334259
TSBD_Healthy_0fbc0f2310,0,0,1,0.09643914,0.33157203,0.08227713,0.07315726,7.55792e-06,0.025205659,0,0.1264648139476776,0.121580385,0.85461915,0.9999875,0.92374647,0,0.38322213292121887,0.7961425,0.07222363,4.992923e-06,0.051047847,0,0.4903130829334259
TSBD_Healthy_24a6f36a78,1,0,1,0.79282415,0.013554001,0.07353719,0.07754743,9.2063365e-06,0.014302918,0,0.1264648139476776,0.76041275,0.8594385,0.9999882,0.9722712,0,0.38322213292121887,0.16605006,0.063014105,2.5729755e-06,0.013425865,0,0.4903130829334259
TSBD_Healthy_7bca399e6d,1,0,1,0.8218596,0.009070342,0.08233854,0.07562197,8.295517e-06,0.0143219,0,0.1264648139476776,0.77369255,0.8602276,0.9999889,0.9726424,0,0.38322213292121887,0.14396892,0.0641505,2.822254e-06,0.013035644,0,0.4903130829334259
TSBD_Healthy_06733b9af0,0,0,1,0.17057952,0.23942162,0.056754485,0.07246967,7.0415267e-06,0.01725296,0,0.1264648139476776,0.25100663,0.86122936,0.9999896,0.9485325,0,0.38322213292121887,0.69223887,0.06630095,3.3142542e-06,0.034214526,0,0.4903130829334259
TSBD_Healthy_2e5b036845,0,0,1,0.22022924,0.19653803,0.05488319,0.06978848,6.293169e-06,0.015234858,0,0.1264648139476776,0.31251323,0.860212,0.9999893,0.9513352,0,0.38322213292121887,0.6326036,0.06999945,4.4100725e-06,0.03342996,0,0.4903130829334259
TSBD_Healthy_363f51fde7,1,0,1,0.7135936,0.025367975,0.08142465,0.07764353,9.52912e-06,0.0153074395,0,0.1264648139476776,0.7033564,0.8580771,0.9999876,0.9691192,0,0.38322213292121887,0.215219,0.064279415,2.8994461e-06,0.015573406,0,0.4903130829334259
TSBD_Healthy_c6ac85b839,0,0,1,0.32004157,0.1284371,0.060378972,0.07409306,7.77482e-06,0.015080341,0,0.1264648139476776,0.44259697,0.8606704,0.99998915,0.9601557,0,0.38322213292121887,0.49702412,0.065236606,3.0903989e-06,0.024763916,0,0.4903130829334259
TSBD_Healthy_ddbacc20a2,1,0,1,0.4582302,0.08024922,0.059227943,0.077056564,9.110662e-06,0.014602494,0,0.1264648139476776,0.5573791,0.8592935,0.9999882,0.96512514,0,0.38322213292121887,0.3833929,0.0636499,2.7495332e-06,0.020272365,0,0.4903130829334259
TSBD_Healthy_8643328d51,0,0,1,0.11976517,0.29734242,0.06951336,0.0706795,6.6621587e-06,0.020700036,0,0.1264648139476776,0.16521832,0.85874856,0.9999889,0.9351934,0,0.38322213292121887,0.76526827,0.07057193,4.412708e-06,0.0441065,0,0.4903130829334259
TSBD_Healthy_006fc27c69,0,0,1,0.14850286,0.26311415,0.06507748,0.061378583,3.946608e-06,0.015996186,0,0.1264648139476776,0.19993113,0.8596226,0.9999881,0.93585604,0,0.38322213292121887,0.7349914,0.07899885,7.941891e-06,0.04814779,0,0.4903130829334259
TSBD_Healthy_33406626c7,1,0,1,0.77643913,0.016022617,0.070928104,0.07262291,7.081091e-06,0.013067607,0,0.1264648139476776,0.7483014,0.8618285,0.99998975,0.9722362,0,0.38322213292121887,0.18077053,0.065548554,3.1206446e-06,0.0146961445,0,0.4903130829334259
TSBD_Healthy_b06da16348,1,0,2,0.38062954,0.078584306,0.08956255,0.03633054,8.16423e-06,0.010337717,0,0.1264648139476776,0.10931274,0.45344445,0.35043037,0.29145116,0,0.38322213292121887,0.8011247,0.510225,0.6495615,0.69821113,0,0.4903130829334259
TSBD_Healthy_06f251fee4,0,0,1,0.10693003,0.3157615,0.08785858,0.054927718,2.9030346e-06,0.018799754,0,0.1264648139476776,0.11267674,0.8456326,0.9999714,0.89892244,0,0.38322213292121887,0.79946464,0.09943971,2.5718788e-05,0.08227782,0,0.4903130829334259
TSBD_Healthy_4ac4f94767,0,0,1,0.11992605,0.29771066,0.08513071,0.051894475,2.6186137e-06,0.017258858,0,0.1264648139476776,0.11915091,0.8353836,0.9999473,0.8862193,0,0.38322213292121887,0.7957183,0.11272189,5.0056973e-05,0.09652181,0,0.4903130829334259
TSBD_Healthy_e7cd92f08f,0,0,1,0.3418672,0.11769492,0.073748894,0.036017224,4.689393e-06,0.010140026,0,0.1264648139476776,0.13544753,0.58882666,0.90323603,0.50285906,0,0.38322213292121887,0.7908036,0.3751561,0.09675923,0.48700085,0,0.4903130829334259
TSBD_Healthy_1597a65755,0,0,1,0.1593172,0.25228626,0.059479266,0.056675278,3.0011497e-06,0.013945256,0,0.1264648139476776,0.20705533,0.8565362,0.99998426,0.93170506,0,0.38322213292121887,0.73346543,0.08678856,1.2748459e-05,0.05434962,0,0.4903130829334259
TSBD_Healthy_a8ea0e137d,0,0,1,0.17092152,0.23974442,0.06256778,0.06508377,5.1542274e-06,0.016262127,0,0.1264648139476776,0.23392406,0.85806465,0.9999877,0.9401959,0,0.38322213292121887,0.7035082,0.07685159,7.068096e-06,0.04354193,0,0.4903130829334259
TSBD_Healthy_fafc24f635,0,0,1,0.14092952,0.27066827,0.06968231,0.072932735,7.4191043e-06,0.02026928,0,0.1264648139476776,0.1975807,0.85715103,0.9999883,0.93917227,0,0.38322213292121887,0.732737,0.06991628,4.262307e-06,0.040558413,0,0.4903130829334259
TSBD_Healthy_7c877797f5,0,0,1,0.11968215,0.29798454,0.08199206,0.05709987,3.7395973e-06,0.018933361,0,0.1264648139476776,0.12459708,0.8372761,0.99995875,0.8934535,0,0.38322213292121887,0.7934109,0.10562401,3.7451915e-05,0.087613136,0,0.4903130829334259
TSBD_Healthy_d249c82c7a,0,0,1,0.12671703,0.28807992,0.065547206,0.07387731,7.65426e-06,0.020667057,0,0.1264648139476776,0.18175143,0.85924566,0.9999889,0.93981653,0,0.38322213292121887,0.75270134,0.06687703,3.4162565e-06,0.03951634,0,0.4903130829334259
TSBD_Healthy_1dafd9bcec,0,0,1,0.13453631,0.27911955,0.06470087,0.06325309,4.378561e-06,0.017004745,0,0.1264648139476776,0.1836861,0.8608561,0.99998903,0.93571377,0,0.38322213292121887,0.751613,0.075890824,6.607711e-06,0.047281556,0,0.4903130829334259
TSBD_Healthy_727f8ba7d1,0,0,1,0.10670993,0.31556076,0.07586579,0.0750788,8.937221e-06,0.024557449,0,0.1264648139476776,0.13900751,0.85232776,0.99998593,0.92635834,0,0.38322213292121887,0.78512675,0.072593406,5.1502284e-06,0.049084216,0,0.4903130829334259
TSBD_Healthy_578fae46e9,1,0,1,0.50648147,0.06785852,0.062506326,0.07780564,9.456644e-06,0.014797435,0,0.1264648139476776,0.5877511,0.8588438,0.99998784,0.9660257,0,0.38322213292121887,0.3497426,0.0633506,2.6966934e-06,0.019176828,0,0.4903130829334259
TSBD_Healthy_d1980c5cf7,0,0,1,0.1355921,0.27778128,0.061570734,0.06586559,5.052005e-06,0.017373204,0,0.1264648139476776,0.18938963,0.8609547,0.9999895,0.9382633,0,0.38322213292121887,0.74903965,0.07317966,5.46153e-06,0.044363435,0,0.4903130829334259
TSBD_Healthy_5f95d3f8a2,0,0,1,0.1298804,0.28421545,0.06843565,0.069579646,6.0394054e-06,0.019406877,0,0.1264648139476776,0.18270257,0.8607907,0.99998975,0.93886846,0,0.38322213292121887,0.74886185,0.069629595,4.207468e-06,0.04172468,0,0.4903130829334259
TSBD_Healthy_ef7cbd4127,0,0,1,0.23588423,0.18366471,0.06319694,0.07602859,8.926665e-06,0.017473472,0,0.1264648139476776,0.3342649,0.8578452,0.9999877,0.95284647,0,0.38322213292121887,0.6025382,0.066126265,3.339783e-06,0.029680068,0,0.4903130829334259
TSBD_Healthy_63b700da46,1,0,1,0.6737551,0.032944627,0.06367664,0.07094078,6.452994e-06,0.012569179,0,0.1264648139476776,0.6861928,0.8614255,0.99999,0.9697545,0,0.38322213292121887,0.25013053,0.06763368,3.6058061e-06,0.017676277,0,0.4903130829334259
TSBD_Healthy_076f98de26,0,0,1,0.35680252,0.10016139,0.07592656,0.036677234,6.9282987e-06,0.010336582,0,0.1264648139476776,0.13094339,0.54280156,0.7821479,0.4308845,0,0.38322213292121887,0.79313004,0.4205212,0.21784517,0.5587789,0,0.4903130829334259
TSBD_Healthy_e3f6aa3d79,0,0,1,0.21719797,0.20060997,0.0854187,0.03929397,2.5943498e-06,0.012864896,0,0.1264648139476776,0.11471099,0.71197915,0.9943895,0.68721706,0,0.38322213292121887,0.7998703,0.2487269,0.0056078965,0.2999181,0,0.4903130829334259
TSBD_Healthy_da00d5de9a,0,0,1,0.21208468,0.20386198,0.05592085,0.062884785,4.25563e-06,0.013833212,0,0.1264648139476776,0.28912425,0.8591009,0.9999883,0.94587195,0,0.38322213292121887,0.65495485,0.078014396,7.409997e-06,0.04029489,0,0.4903130829334259
TSBD_Healthy_1fc6860580,0,0,1,0.13061443,0.28393918,0.06457153,0.0637889,4.426901e-06,0.01729852,0,0.1264648139476776,0.17725036,0.8599466,0.99998903,0.93466496,0,0.38322213292121887,0.7581781,0.076264516,6.566489e-06,0.04803645,0,0.4903130829334259
TSBD_Healthy_93437b01b9,0,0,1,0.29193997,0.14732042,0.08279406,0.03445737,3.2741223e-06,0.010506456,0,0.1264648139476776,0.11728752,0.6236093,0.9495793,0.5405246,0,0.38322213292121887,0.7999185,0.34193325,0.0504175,0.44896895,0,0.4903130829334259
TSBD_Healthy_d7b2fef984,0,0,1,0.12203978,0.2945201,0.06788003,0.06939449,6.1741093e-06,0.020038392,0,0.1264648139476776,0.16496289,0.85663146,0.99998844,0.93300384,0,0.38322213292121887,0.767157,0.07397407,5.4243683e-06,0.04695774,0,0.4903130829334259
TSBD_Healthy_6499b6d7a1,0,0,1,0.15298866,0.2574947,0.059784003,0.07195811,6.9451876e-06,0.01814564,0,0.1264648139476776,0.22282061,0.8605855,0.9999894,0.9448992,0,0.38322213292121887,0.71739537,0.06745635,3.6372433e-06,0.036955155,0,0.4903130829334259
TSBD_Healthy_b2c3637e41,1,0,1,0.60988533,0.04506774,0.063344955,0.07500031,8.2324805e-06,0.013754953,0,0.1264648139476776,0.6499857,0.8596053,0.99998856,0.96811116,0,0.38322213292121887,0.28666937,0.065394364,3.1782868e-06,0.018133868,0,0.4903130829334259
TSBD_Healthy_ca0105e4b8,0,0,1,0.09477533,0.33481163,0.085911535,0.05985987,3.6315278e-06,0.020569457,0,0.1264648139476776,0.11243267,0.85948837,0.9999875,0.91789955,0,0.38322213292121887,0.80165577,0.08065174,8.927549e-06,0.061531037,0,0.4903130829334259
TSBD_Healthy_efb3b53d28,1,0,1,0.6911348,0.027180996,0.13830028,0.087039955,1.5595937e-05,0.021760175,0,0.1264648139476776,0.666981,0.85245955,0.99998224,0.9641396,0,0.38322213292121887,0.19471873,0.06050052,2.219321e-06,0.014100251,0,0.4903130829334259
TSBD_Healthy_b6298539e0,0,0,1,0.18124723,0.22954702,0.055156924,0.06965798,6.128983e-06,0.016035799,0,0.1264648139476776,0.26408198,0.8622712,0.9999901,0.94921243,0,0.38322213292121887,0.68076104,0.06807084,3.7966615e-06,0.03475178,0,0.4903130829334259
TSBD_Healthy_32b15941da,1,0,1,0.82756084,0.008290304,0.08155965,0.07008088,6.2345543e-06,0.013006323,0,0.1264648139476776,0.77560997,0.8625203,0.9999901,0.97303337,0,0.38322213292121887,0.14283034,0.067398824,3.6373813e-06,0.013960336,0,0.4903130829334259
TSBD_Healthy_0d4ffdc7b0,1,0,1,0.82602316,0.008471774,0.084061235,0.0715848,6.708926e-06,0.013475931,0,0.1264648139476776,0.77426666,0.86233354,0.99999,0.9730048,0,0.38322213292121887,0.14167209,0.06608166,3.2740127e-06,0.01351924,0,0.4903130829334259
TSBD_Healthy_b36f28e306,0,0,1,0.1745974,0.23518881,0.060102798,0.07582865,8.80983e-06,0.018676886,0,0.1264648139476776,0.25578308,0.8586456,0.99998796,0.9478579,0,0.38322213292121887,0.6841141,0.06552573,3.2040466e-06,0.03346516,0,0.4903130829334259
TSBD_Healthy_68a56d28bf,0,0,1,0.1844778,0.2280542,0.072517574,0.051300984,2.2183515e-06,0.013108105,0,0.1264648139476776,0.2183511,0.847175,0.9999678,0.92026204,0,0.38322213292121887,0.70913136,0.101523995,2.9969806e-05,0.06662989,0,0.4903130829334259
TSBD_Healthy_b7798ab5f8,1,0,1,0.8203592,0.009520177,0.077347904,0.07441562,7.815822e-06,0.013734068,0,0.1264648139476776,0.775389,0.8613671,0.9999894,0.97311455,0,0.38322213292121887,0.14726314,0.06421724,2.8410586e-06,0.013151356,0,0.4903130829334259
TSBD_Healthy_2a0f79d223,1,0,1,0.81014574,0.011095542,0.07292429,0.0726346,7.082571e-06,0.013075682,0,0.1264648139476776,0.76996934,0.86217445,0.99998987,0.9731706,0,0.38322213292121887,0.15710638,0.06519096,3.0360454e-06,0.01375372,0,0.4903130829334259
TSBD_Healthy_8fc6471a64,0,0,1,0.106501155,0.3158505,0.07791411,0.07432093,8.733681e-06,0.024688104,0,0.1264648139476776,0.13600822,0.851229,0.9999851,0.9235277,0,0.38322213292121887,0.78607774,0.074450135,6.1846254e-06,0.05178423,0,0.4903130829334259
TSBD_Healthy_78bf1afa4b,1,0,1,0.63958895,0.03928765,0.06375185,0.07363932,7.739458e-06,0.013384905,0,0.1264648139476776,0.66722757,0.86036336,0.9999889,0.9687311,0,0.38322213292121887,0.2690206,0.065997384,3.3942904e-06,0.017883947,0,0.4903130829334259
TSBD_Healthy_d63c012f3e,1,0,1,0.39407018,0.09617136,0.10597655,0.077926256,9.547559e-06,0.018922377,0,0.1264648139476776,0.48812434,0.85808325,0.9999876,0.959376,0,0.38322213292121887,0.40589905,0.06399051,2.8144398e-06,0.021701649,0,0.4903130829334259
TSBD_Healthy_05ab09d318,0,0,1,0.13995458,0.2724944,0.06338434,0.067002706,5.4314432e-06,0.017806958,0,0.1264648139476776,0.19403347,0.8591673,0.99998915,0.9381285,0,0.38322213292121887,0.7425822,0.07382999,5.4608718e-06,0.04406454,0,0.4903130829334259
TSBD_Healthy_18405215f8,0,0,1,0.10535213,0.31823564,0.07706439,0.061950076,4.1249536e-06,0.019652003,0,0.1264648139476776,0.13145286,0.8583287,0.9999875,0.92303425,0,0.38322213292121887,0.79148275,0.07972125,8.374396e-06,0.057313755,0,0.4903130829334259
TSBD_Healthy_fe721e6a35,0,0,1,0.117355585,0.30086523,0.07274771,0.0658403,5.185778e-06,0.019787246,0,0.1264648139476776,0.15293464,0.8567999,0.99998784,0.9286162,0,0.38322213292121887,0.7743176,0.077359825,6.9344687e-06,0.05159656,0,0.4903130829334259
TSBD_Healthy_8a0b6768d9,1,1,1,0.85058516,0.005173754,0.08900366,0.071301416,6.6628268e-06,0.013609242,0,0.1264648139476776,0.7912579,0.8625383,0.99999,0.97370183,1,0.38322213292121887,0.11973841,0.06616036,3.3059277e-06,0.012688918,0,0.4903130829334259
TSBD_Healthy_fdb9e6ae23,0,0,1,0.22859566,0.18989554,0.053367157,0.07062921,6.4003093e-06,0.014988204,0,0.1264648139476776,0.32828107,0.8617559,0.99998987,0.953957,0,0.38322213292121887,0.61835176,0.06761481,3.7049285e-06,0.031054739,0,0.4903130829334259
TSBD_Healthy_4c66cb7f58,1,0,1,0.8122093,0.010689162,0.0741027,0.07177123,6.8062163e-06,0.012974915,0,0.1264648139476776,0.7697071,0.8620406,0.99998987,0.9729809,0,0.38322213292121887,0.15619017,0.06618827,3.29086e-06,0.0140441675,0,0.4903130829334259
TSBD_Healthy_f5058ddf56,1,1,1,0.84543097,0.005637789,0.09590824,0.07576297,8.4594685e-06,0.015097583,0,0.1264648139476776,0.78583014,0.8607557,0.9999888,0.97295684,1,0.38322213292121887,0.118261606,0.0634814,2.7066674e-06,0.011945565,0,0.4903130829334259
TSBD_Healthy_69e2554f5f,1,1,1,0.85729027,0.004270356,0.09931522,0.06955029,5.838835e-06,0.013597904,0,0.1264648139476776,0.7946578,0.8635737,0.9999907,0.9741229,1,0.38322213292121887,0.10602697,0.066876054,3.4153275e-06,0.012279217,0,0.4903130829334259
TSBD_Healthy_d4f8817d0f,0,0,1,0.110663176,0.31013662,0.076650545,0.06698466,5.4596826e-06,0.021125702,0,0.1264648139476776,0.13925916,0.85400707,0.9999869,0.92385393,0,0.38322213292121887,0.7840902,0.07900831,7.71207e-06,0.055020366,0,0.4903130829334259
TSBD_Healthy_75d585858d,0,0,1,0.33037904,0.123701386,0.052076682,0.06753428,5.310237e-06,0.012624639,0,0.1264648139476776,0.451799,0.8627952,0.99999046,0.9604472,0,0.38322213292121887,0.49612427,0.069670536,4.231228e-06,0.02692818,0,0.4903130829334259
TSBD_Healthy_cb3a9d790a,1,0,1,0.7936544,0.013360271,0.07380417,0.07295111,7.2775997e-06,0.013294512,0,0.1264648139476776,0.7579501,0.8615966,0.9999895,0.97239393,0,0.38322213292121887,0.16824569,0.0654523,3.1753782e-06,0.014311586,0,0.4903130829334259
TSBD_Healthy_2c254df731,0,0,1,0.3012225,0.13825938,0.079243384,0.08102428,1.1117106e-05,0.018965945,0,0.1264648139476776,0.41401744,0.85662234,0.9999864,0.9571344,0,0.38322213292121887,0.5067392,0.06235331,2.4764724e-06,0.023899592,0,0.4903130829334259
TSBD_Healthy_4e4bdff12a,1,0,1,0.8193479,0.0085937735,0.11483771,0.078645736,9.7238535e-06,0.016991494,0,0.1264648139476776,0.76022756,0.8592335,0.99998784,0.9710906,0,0.38322213292121887,0.12493467,0.062120814,2.4216936e-06,0.011917911,0,0.4903130829334259
TSBD_WSSV_ffd2411af1,1,0,2,0.61004525,0.043161906,0.054802403,0.050331727,3.2783623e-06,0.009137379,0,0.1264648139476776,0.31896695,0.09014089,1.6077709e-05,0.030237943,0,0.38322213292121887,0.6262306,0.85952747,0.99998057,0.96062475,0,0.4903130829334259
TSBD_WSSV_c6b9dfd6bd,0,0,1,0.24360985,0.1816331,0.065580904,0.08898478,3.5964964e-05,0.027713168,0,0.1264648139476776,0.20583113,0.75065666,0.99955386,0.8357665,0,0.38322213292121887,0.7285879,0.16035847,0.00041016127,0.13652031,0,0.4903130829334259
TSBD_WSSV_258e8224d8,0,0,1,0.27674508,0.15667924,0.0509422,0.066943176,5.061887e-06,0.013026118,0,0.1264648139476776,0.38492998,0.8625113,0.9999906,0.95693976,0,0.38322213292121887,0.56412786,0.070545554,4.360807e-06,0.030034095,0,0.4903130829334259
TSBD_WSSV_7759b4323e,0,0,0,0.19180772,0.17807923,0.06818006,0.5870992,0.5882491,0.36011353,0,0.1264648139476776,0.719618,0.37322462,0.41174495,0.62391424,0,0.38322213292121887,0.21220191,0.039676238,5.945463e-06,0.015972208,0,0.4903130829334259
TSBD_WSSV_20ac0fab2b,1,0,0,0.8032186,0.015544639,0.78311616,0.9030253,0.99998665,0.9760858,0,0.1264648139476776,0.069686376,0.04600475,5.207409e-06,0.009622158,0,0.38322213292121887,0.14719738,0.05096992,8.07737e-06,0.014292073,0,0.4903130829334259
TSBD_WSSV_73ccea8db5,0,0,0,0.10984643,0.30495644,0.17384194,0.90027505,0.99998474,0.93688947,0,0.1264648139476776,0.1703041,0.047299396,6.0767898e-06,0.022362243,0,0.38322213292121887,0.6558539,0.052425534,9.148069e-06,0.040748294,0,0.4903130829334259
TSBD_WSSV_2ca61b4065,1,0,1,0.84122205,0.004297275,0.11543274,0.1273492,7.737539e-05,0.031861704,0,0.1264648139476776,0.78782207,0.8234998,0.9999217,0.96001154,0,0.38322213292121887,0.096745215,0.04915103,9.690804e-07,0.008126748,0,0.4903130829334259
TSBD_WSSV_0168d43459,1,0,0,0.78488415,0.017858496,0.7650723,0.90330976,0.999987,0.9751605,0,0.1264648139476776,0.1246708,0.047003325,5.8911432e-06,0.012293354,0,0.38322213292121887,0.11025687,0.049686838,7.1371946e-06,0.012546164,0,0.4903130829334259
TSBD_WSSV_a270f6228b,1,1,0,0.8894691,0.004086168,0.84461135,0.90413463,0.9999875,0.9793638,1,0.1264648139476776,0.072612844,0.046575584,5.6345257e-06,0.009738853,0,0.38322213292121887,0.08277578,0.049289774,6.918612e-06,0.01089735,0,0.4903130829334259
TSBD_WSSV_3868efcb84,0,0,0,0.29846328,0.1387822,0.45032814,0.90299165,0.9999862,0.962042,0,0.1264648139476776,0.47254348,0.050473012,8.641025e-06,0.025950557,0,0.38322213292121887,0.07712838,0.046535347,5.2494397e-06,0.012007493,0,0.4903130829334259
TSBD_WSSV_98510bdd07,0,0,0,0.29434443,0.14267813,0.44622457,0.90361583,0.99998546,0.96184635,0,0.1264648139476776,0.4896394,0.05176694,1.0079653e-05,0.02748147,0,0.38322213292121887,0.06413599,0.0446173,4.361242e-06,0.010672215,0,0.4903130829334259
TSBD_WSSV_365b81a0b8,0,0,0,0.0659651,0.3811925,0.07816976,0.88835394,0.9999416,0.8887577,0,0.1264648139476776,0.66126883,0.07133262,5.5585686e-05,0.08500918,0,0.38322213292121887,0.26056135,0.04031352,2.8663983e-06,0.02623311,0,0.4903130829334259
TSBD_WSSV_4c515e509e,0,0,0,0.062196393,0.37359303,0.09469708,0.89954484,0.99998426,0.9176608,0,0.1264648139476776,0.4701834,0.04822637,6.6370153e-06,0.039702836,0,0.38322213292121887,0.43511957,0.05222875,9.07329e-06,0.04263642,0,0.4903130829334259
TSBD_WSSV_d5dc5a32b7,0,0,0,0.07726061,0.36402422,0.11484427,0.9019891,0.9999831,0.925768,0,0.1264648139476776,0.7422578,0.054188527,1.2928189e-05,0.052830502,0,0.38322213292121887,0.14289795,0.043822356,4.0643436e-06,0.021401547,0,0.4903130829334259
TSBD_WSSV_84d358870a,0,0,0,0.16850127,0.2410292,0.27244133,0.90255237,0.9999827,0.9489053,0,0.1264648139476776,0.6575029,0.054806463,1.3666857e-05,0.038975213,0,0.38322213292121887,0.07005579,0.042641163,3.5172238e-06,0.012119502,0,0.4903130829334259
TSBD_WSSV_b95089e484,1,0,0,0.43243545,0.08990461,0.5402956,0.9037324,0.9999864,0.96498305,0,0.1264648139476776,0.311915,0.04974711,8.262942e-06,0.020785814,0,0.38322213292121887,0.14778942,0.046520468,5.3420686e-06,0.014231116,0,0.4903130829334259
TSBD_WSSV_ef2d938994,0,0,0,0.19463567,0.21182892,0.3073134,0.9018754,0.9999856,0.9520237,0,0.1264648139476776,0.565522,0.050625432,8.665727e-06,0.031337455,0,0.38322213292121887,0.12716457,0.04749921,5.7482494e-06,0.016638864,0,0.4903130829334259
TSBD_WSSV_32049c3ecf,0,0,0,0.05563432,0.41324723,0.06819499,0.8986903,0.99998295,0.90943915,0,0.1264648139476776,0.1873376,0.04935025,8.276952e-06,0.03379172,0,0.38322213292121887,0.7444674,0.051959503,8.818596e-06,0.056769133,0,0.4903130829334259
TSBD_WSSV_8b8160f809,1,0,0,0.70845497,0.030398298,0.72418404,0.901843,0.99998426,0.97260106,0,0.1264648139476776,0.2056209,0.052641246,1.0807515e-05,0.01770498,0,0.38322213292121887,0.07019512,0.045515835,4.838382e-06,0.009693946,0,0.4903130829334259
TSBD_WSSV_cdf58b2135,1,0,1,0.67687786,0.030730385,0.071571775,0.19316123,0.0005734846,0.049978305,0,0.1264648139476776,0.759962,0.7549348,0.99942505,0.93872845,0,0.38322213292121887,0.1684662,0.051904015,1.4528724e-06,0.011293253,0,0.4903130829334259
TSBD_WSSV_aa863186fe,0,0,0,0.23340912,0.17510799,0.0825183,0.6217357,0.8589279,0.4550722,0,0.1264648139476776,0.12724054,0.04274586,6.933262e-06,0.015208366,0,0.38322213292121887,0.7902412,0.33551848,0.14106512,0.52971953,0,0.4903130829334259
TSBD_WSSV_dfb2880295,1,0,2,0.79968464,0.0078008994,0.055856936,0.04149746,1.9293054e-06,0.007235269,0,0.1264648139476776,0.22053774,0.13233058,0.0001320494,0.04590936,0,0.38322213292121887,0.72360533,0.82617193,0.999866,0.9468553,0,0.4903130829334259
TSBD_WSSV_baaf0baf99,0,0,0,0.07750561,0.34173676,0.1286075,0.9027787,0.9999858,0.92915714,0,0.1264648139476776,0.391977,0.050416306,8.648177e-06,0.036393076,0,0.38322213292121887,0.47941554,0.04680498,5.4620095e-06,0.0344498,0,0.4903130829334259
TSBD_WSSV_24404c91af,1,0,1,0.50585437,0.065104984,0.05800646,0.15117374,0.00018950415,0.03560586,0,0.1264648139476776,0.60827017,0.78263426,0.9998061,0.94305074,0,0.38322213292121887,0.33372337,0.066192046,4.4004637e-06,0.021343432,0,0.4903130829334259
TSBD_WSSV_b7563199e4,1,0,1,0.8238545,0.008841238,0.07713197,0.08359786,1.1803783e-05,0.015700988,0,0.1264648139476776,0.78121495,0.8542422,0.99998593,0.9720374,0,0.38322213292121887,0.14165309,0.06215995,2.3050625e-06,0.012261638,0,0.4903130829334259
TSBD_WSSV_11a594f754,1,0,1,0.79307514,0.013607703,0.06908148,0.073073655,6.8946147e-06,0.012854531,0,0.1264648139476776,0.7604357,0.861152,0.99999,0.9728419,0,0.38322213292121887,0.17048278,0.06577433,3.067042e-06,0.0143035175,0,0.4903130829334259
TSBD_WSSV_fc31d39bad,1,0,1,0.8053011,0.0115946615,0.07739407,0.10169135,2.6540629e-05,0.020252682,0,0.1264648139476776,0.78040385,0.84387356,0.9999722,0.96941304,0,0.38322213292121887,0.14220212,0.054435037,1.2918539e-06,0.010334272,0,0.4903130829334259
TSBD_WSSV_d6cd79daa1,0,0,0,0.06177832,0.39625055,0.07326647,0.88813686,0.9999721,0.8996091,0,0.1264648139476776,0.19250903,0.055699736,1.5486872e-05,0.039601173,0,0.38322213292121887,0.7342245,0.05616342,1.2447029e-05,0.060789816,0,0.4903130829334259
TSBD_WSSV_02f81ef95e,1,0,1,0.8110049,0.010923848,0.07113158,0.07319131,6.88447e-06,0.012935464,0,0.1264648139476776,0.771052,0.8607449,0.99999,0.97308564,0,0.38322213292121887,0.15781638,0.06606381,3.1679904e-06,0.013978891,0,0.4903130829334259
TSBD_WSSV_3b11acaec9,1,0,1,0.5049325,0.06545611,0.06792661,0.30158067,0.0072917556,0.101784416,0,0.1264648139476776,0.7372599,0.6513332,0.99270636,0.885956,0,0.38322213292121887,0.19481349,0.04708612,1.9084594e-06,0.012259546,0,0.4903130829334259
TSBD_WSSV_c286bccb7a,0,0,1,0.23898996,0.18671407,0.05581426,0.053998515,3.307574e-06,0.012724617,0,0.1264648139476776,0.23426382,0.8049583,0.999845,0.8846908,0,0.38322213292121887,0.70992196,0.14104316,0.00015159968,0.10258451,0,0.4903130829334259
TSBD_WSSV_6aa52b5d04,1,0,1,0.7437644,0.018123321,0.09469869,0.19250776,0.00056833983,0.054199994,0,0.1264648139476776,0.7779481,0.76036125,0.9994306,0.9366941,0,0.38322213292121887,0.12735324,0.047130994,1.0743316e-06,0.009105937,0,0.4903130829334259
TSBD_WSSV_78ac1c210b,1,0,1,0.5756704,0.04688681,0.09755814,0.3188174,0.009804841,0.12243904,0,0.1264648139476776,0.7686276,0.64023453,0.9901939,0.8685461,0,0.38322213292121887,0.1338143,0.040948074,1.2356994e-06,0.009014863,0,0.4903130829334259
TSBD_WSSV_f4df9efeef,1,0,1,0.78526455,0.0146805085,0.071410395,0.08905158,1.6600048e-05,0.01697351,0,0.1264648139476776,0.7629188,0.8513164,0.9999814,0.970513,0,0.38322213292121887,0.16567081,0.059632044,2.043671e-06,0.012513494,0,0.4903130829334259
TSBD_WSSV_e332624690,0,0,0,0.09095383,0.32787943,0.0756128,0.8303915,0.9988807,0.7890994,0,0.1264648139476776,0.6391325,0.1283144,0.001115911,0.18460779,0,0.38322213292121887,0.28525463,0.04129408,3.440009e-06,0.026292767,0,0.4903130829334259
TSBD_WSSV_de8ce5aa48,1,0,1,0.52166444,0.060762405,0.05993128,0.09073514,2.2681048e-05,0.018777419,0,0.1264648139476776,0.57804596,0.8279437,0.9999678,0.9530375,0,0.38322213292121887,0.3620227,0.08132111,9.500059e-06,0.028185122,0,0.4903130829334259
TSBD_WSSV_2847167d0b,0,0,0,0.069498956,0.37866884,0.07973121,0.88243306,0.99995124,0.8885541,0,0.1264648139476776,0.74020153,0.06896629,4.2463485e-05,0.08219091,0,0.38322213292121887,0.1800672,0.04860063,6.3276234e-06,0.029255023,0,0.4903130829334259
TSBD_WSSV_ea8e971d58,0,0,0,0.0781908,0.345986,0.07484709,0.8134845,0.9974613,0.7844291,0,0.1264648139476776,0.32891735,0.14985448,0.0025366573,0.18622592,0,0.38322213292121887,0.5962356,0.036661077,2.067513e-06,0.029345015,0,0.4903130829334259
TSBD_WSSV_2cd19b2879,1,0,2,0.73700905,0.019551333,0.09454244,0.21651858,0.0021935953,0.07354064,0,0.1264648139476776,0.10458539,0.04280248,8.3780066e-07,0.0076112826,0,0.38322213292121887,0.80087215,0.7406789,0.99780554,0.91884804,0,0.4903130829334259
TSBD_WSSV_f00fa9ceb8,1,0,2,0.7585517,0.0192456,0.07306307,0.07229168,1.2657105e-05,0.014812391,0,0.1264648139476776,0.1868858,0.061015148,2.202437e-06,0.013438593,0,0.38322213292121887,0.74005115,0.8666931,0.9999852,0.971749,0,0.4903130829334259
TSBD_WSSV_6678622b35,1,0,2,0.8426121,0.0065035056,0.082411565,0.08472709,2.5524832e-05,0.01869077,0,0.1264648139476776,0.12270955,0.05807188,1.8788576e-06,0.010757211,0,0.38322213292121887,0.7948789,0.85720104,0.9999726,0.970552,0,0.4903130829334259
TSBD_WSSV_9ce26c2bf9,1,0,2,0.7987328,0.007086658,0.13600656,0.16853464,0.0006793133,0.05965233,0,0.1264648139476776,0.11204634,0.050076995,1.5411607e-06,0.009553294,0,0.38322213292121887,0.75194705,0.7813884,0.9993192,0.9307944,0,0.4903130829334259
TSBD_WSSV_3319ef6f32,1,0,2,0.80835414,0.008481686,0.106383294,0.15712896,0.0004505614,0.048337284,0,0.1264648139476776,0.10694669,0.04693253,9.897987e-07,0.008265928,0,0.38322213292121887,0.78666997,0.79593855,0.9995485,0.9433968,0,0.4903130829334259
TSBD_WSSV_1bb255e74b,1,0,1,0.66663074,0.029723078,0.056696963,0.04764655,1.656593e-06,0.007820767,0,0.1264648139476776,0.6394504,0.83954173,0.99995005,0.951466,0,0.38322213292121887,0.3038527,0.112811714,4.8249072e-05,0.04071322,0,0.4903130829334259
TSBD_WSSV_d45bc108bb,1,0,1,0.83428353,0.007476802,0.0807153,0.079944745,1.032974e-05,0.015172527,0,0.1264648139476776,0.78588444,0.8580855,0.99998724,0.972777,0,0.38322213292121887,0.1334003,0.061969746,2.4034675e-06,0.012050455,0,0.4903130829334259
TSBD_WSSV_319f7dd222,0,0,0,0.06309599,0.39423096,0.08494222,0.90150225,0.9999832,0.91664845,0,0.1264648139476776,0.7401028,0.054396782,1.2709721e-05,0.057991344,0,0.38322213292121887,0.17495495,0.044100985,4.066806e-06,0.025360191,0,0.4903130829334259
TSBD_WSSV_72962540b9,1,0,0,0.6828207,0.020782644,0.6095068,0.79403114,0.9968266,0.8822883,0,0.1264648139476776,0.07928553,0.035727058,1.4670828e-06,0.0072958325,0,0.38322213292121887,0.31120768,0.1702418,0.0031720134,0.110415906,0,0.4903130829334259
TSBD_WSSV_cbc299712b,0,0,0,0.19312935,0.21998566,0.13211468,0.7642591,0.9853107,0.6863905,0,0.1264648139476776,0.77893656,0.20399511,0.014687863,0.30395678,0,0.38322213292121887,0.0889487,0.03174575,1.3904106e-06,0.009652762,0,0.4903130829334259
TSBD_WSSV_4852ce6b3e,1,1,1,0.84969085,0.0054315496,0.084896535,0.069603756,5.8375485e-06,0.012891931,0,0.1264648139476776,0.79181087,0.8636608,0.9999908,0.9741974,1,0.38322213292121887,0.123292595,0.0667354,3.3645242e-06,0.012910671,0,0.4903130829334259
TSBD_WSSV_51c0f376ed,1,0,2,0.64433134,0.011410071,0.061449494,0.075238,0.00013931846,0.02125329,0,0.1264648139476776,0.23960456,0.36923814,0.13431911,0.27668467,0,0.38322213292121887,0.698946,0.5555239,0.8655416,0.702062,0,0.4903130829334259
TSBD_WSSV_27c4e89064,0,0,1,0.2673794,0.16207653,0.055288095,0.07954082,1.1078306e-05,0.017209005,0,0.1264648139476776,0.36948168,0.8498217,0.9999844,0.9517611,0,0.38322213292121887,0.5752302,0.07063748,4.5758934e-06,0.031029865,0,0.4903130829334259
TSBD_WSSV_d31ea8472c,0,0,0,0.092857316,0.32097656,0.112911575,0.8548292,0.9997739,0.8732705,0,0.1264648139476776,0.31213307,0.09512246,0.00021845545,0.08599698,0,0.38322213292121887,0.57495534,0.050048307,7.5840144e-06,0.04073251,0,0.4903130829334259
TSBD_WSSV_6fd089aca1,1,1,2,0.861585,0.0045652064,0.08653673,0.064553306,7.847504e-06,0.013199964,0,0.1264648139476776,0.109619565,0.06372041,2.7212327e-06,0.011534061,0,0.38322213292121887,0.80384374,0.8717264,0.9999894,0.975266,1,0.4903130829334259
TSBD_WSSV_7131cb4d1e,0,0,1,0.31481862,0.13344993,0.060140215,0.091232404,2.5637213e-05,0.021818133,0,0.1264648139476776,0.39185524,0.82138395,0.9999589,0.93627805,0,0.38322213292121887,0.5480045,0.08738364,1.5446545e-05,0.04190376,0,0.4903130829334259
TSBD_WSSV_d1629a0715,1,1,1,0.8485006,0.0051840525,0.09773677,0.071873225,6.6294565e-06,0.014129729,0,0.1264648139476776,0.78656614,0.8614968,0.9999901,0.97327,1,0.38322213292121887,0.11569709,0.066630006,3.3000033e-06,0.012600274,0,0.4903130829334259
TSBD_WSSV_8ecaf0ac01,0,0,0,0.10027836,0.32537237,0.11598622,0.8701224,0.99978,0.87056553,0,0.1264648139476776,0.77675754,0.0938202,0.00021824855,0.11518362,0,0.38322213292121887,0.107256226,0.03605747,1.7393686e-06,0.014250868,0,0.4903130829334259
TSBD_WSSV_af3c48a08c,1,0,2,0.7476875,0.016207868,0.11063669,0.22707486,0.0028763933,0.08369784,0,0.1264648139476776,0.09587079,0.042377222,8.4982486e-07,0.007361555,0,0.38322213292121887,0.7934925,0.73054785,0.9971227,0.9089406,0,0.4903130829334259
TSBD_WSSV_3dae79f506,0,0,0,0.07055279,0.37383047,0.06316087,0.8629284,0.9998474,0.846773,0,0.1264648139476776,0.21791345,0.04296679,3.604859e-06,0.027613502,0,0.38322213292121887,0.7189257,0.09410481,0.00014899942,0.12561351,0,0.4903130829334259
TSBD_WSSV_80515fe4b2,1,0,2,0.8494118,0.0059103537,0.078441344,0.07020606,1.1406572e-05,0.014335537,0,0.1264648139476776,0.12509029,0.063771494,2.7951012e-06,0.012201497,0,0.38322213292121887,0.7964684,0.86602247,0.9999858,0.97346294,0,0.4903130829334259
TSBD_WSSV_aee31f5ae6,1,0,2,0.5986439,0.041634254,0.10100899,0.31988382,0.022892052,0.14281927,0,0.1264648139476776,0.10824915,0.041617926,1.5675778e-06,0.0085871285,0,0.38322213292121887,0.79074186,0.63849825,0.9771064,0.84859365,0,0.4903130829334259
TSBD_WSSV_0ef579b068,0,0,0,0.15297407,0.2576973,0.11527938,0.79495704,0.99686974,0.7550718,0,0.1264648139476776,0.10272949,0.03440567,1.3211628e-06,0.011783135,0,0.38322213292121887,0.7819911,0.17063732,0.0031289335,0.23314494,0,0.4903130829334259
TSBD_WSSV_f70db8236e,1,0,2,0.68070024,0.023896404,0.07095929,0.22038412,0.004838899,0.07984681,0,0.1264648139476776,0.16036417,0.11450074,0.00023946792,0.04336351,0,0.38322213292121887,0.76867646,0.6651151,0.9949216,0.8767896,0,0.4903130829334259
TSBD_WSSV_36e3c23fc4,1,0,2,0.45230824,0.074495345,0.077594794,0.38545534,0.08178492,0.18462609,0,0.1264648139476776,0.1296248,0.050559167,7.2725725e-06,0.013712511,0,0.38322213292121887,0.79278046,0.56398547,0.9182078,0.8016614,0,0.4903130829334259
TSBD_WSSV_7e34390794,1,0,2,0.85324955,0.005591451,0.07944084,0.064645514,7.886139e-06,0.012865541,0,0.1264648139476776,0.12228683,0.06509549,3.0218487e-06,0.012388905,0,0.38322213292121887,0.7982723,0.870259,0.99998915,0.9747456,0,0.4903130829334259
TSBD_WSSV_bd80b0d581,0,0,0,0.3771505,0.06507295,0.18781702,0.52674896,0.4817292,0.3980091,0,0.1264648139476776,0.090072714,0.039727647,3.9176475e-06,0.009228006,0,0.38322213292121887,0.7221103,0.43352336,0.51826686,0.5927629,0,0.4903130829334259
TSBD_WSSV_a456bae923,1,0,2,0.8503979,0.0051511647,0.094914064,0.08632744,2.7122775e-05,0.020034257,0,0.1264648139476776,0.110083535,0.056135405,1.5119604e-06,0.009759802,0,0.38322213292121887,0.79500234,0.8575372,0.9999713,0.9702059,0,0.4903130829334259
TSBD_WSSV_b6178797f6,1,0,2,0.84869075,0.0058462135,0.08180409,0.06997262,1.1111167e-05,0.01446632,0,0.1264648139476776,0.12437352,0.06444038,2.8756162e-06,0.012317972,0,0.38322213292121887,0.7938224,0.865587,0.99998605,0.9732157,0,0.4903130829334259
TSBD_WSSV_69762898eb,1,0,2,0.8501487,0.005224337,0.09463596,0.09098052,3.4734097e-05,0.02151257,0,0.1264648139476776,0.10802206,0.05349265,1.2712985e-06,0.009156001,0,0.38322213292121887,0.797342,0.8555268,0.999964,0.96933144,0,0.4903130829334259
TSBD_WSSV_a73de688c2,1,0,2,0.82483655,0.008937946,0.069015965,0.06269357,7.7144e-06,0.012143694,0,0.1264648139476776,0.15504512,0.07250588,5.5229953e-06,0.016097965,0,0.38322213292121887,0.7759388,0.8648005,0.99998677,0.97175837,0,0.4903130829334259
TSBD_WSSV_03cb710db8,1,0,2,0.8557856,0.0034564715,0.075365715,0.068997115,1.2752619e-05,0.014405378,0,0.1264648139476776,0.13272162,0.08289508,1.2414499e-05,0.01897026,0,0.38322213292121887,0.79191273,0.8481078,0.99997485,0.9666244,0,0.4903130829334259
TSBD_WSSV_7f2c043791,0,0,0,0.08465874,0.3458935,0.070737556,0.8290803,0.99979013,0.8242985,0,0.1264648139476776,0.18982276,0.08400937,9.832483e-05,0.06565364,0,0.38322213292121887,0.7394397,0.08691032,0.00011159209,0.11004784,0,0.4903130829334259
TSBD_WSSV_426ff318e2,1,0,2,0.8573478,0.005105043,0.08238513,0.06511628,8.011179e-06,0.0130972825,0,0.1264648139476776,0.11631697,0.06387297,2.6605085e-06,0.011751547,0,0.38322213292121887,0.8012979,0.87101066,0.9999894,0.9751511,0,0.4903130829334259
TSBD_WSSV_3cb87dc046,1,0,2,0.80902255,0.011282183,0.072178125,0.088871695,3.1878128e-05,0.019216131,0,0.1264648139476776,0.14898212,0.059119094,2.0172974e-06,0.011868893,0,0.38322213292121887,0.77883977,0.8520092,0.99996614,0.9689149,0,0.4903130829334259
TSBD_WSSV_4c414428d2,1,0,2,0.8599021,0.0045761345,0.08824946,0.073097475,1.3051438e-05,0.0155795505,0,0.1264648139476776,0.10840736,0.05954101,1.906061e-06,0.010390429,0,0.38322213292121887,0.8033432,0.86736155,0.9999851,0.97402996,0,0.4903130829334259
TSBD_WSSV_4896029d97,1,0,2,0.8350572,0.007852752,0.07719198,0.08105347,2.0236386e-05,0.017112486,0,0.1264648139476776,0.13097884,0.058478072,1.7928656e-06,0.010948784,0,0.38322213292121887,0.79182917,0.86046845,0.99997795,0.9719387,0,0.4903130829334259
TSBD_WSSV_c549f00277,1,0,2,0.83290815,0.007589846,0.070918,0.06384715,8.114597e-06,0.01247598,0,0.1264648139476776,0.14909837,0.07389649,5.6980284e-06,0.01610215,0,0.38322213292121887,0.77998364,0.8622563,0.9999862,0.97142184,0,0.4903130829334259
TSBD_WSSV_254bdb9f4d,1,0,1,0.5247374,0.058687747,0.05839497,0.18236682,0.00055824744,0.04787544,0,0.1264648139476776,0.6288933,0.7434498,0.99943084,0.9259896,0,0.38322213292121887,0.31271175,0.07418336,1.0863352e-05,0.026134944,0,0.4903130829334259
TSBD_WSSV_b0447870c0,1,0,2,0.51050174,0.060042832,0.051225945,0.043972675,2.2067968e-06,0.008122513,0,0.1264648139476776,0.41848016,0.12227055,8.712171e-05,0.055987403,0,0.38322213292121887,0.5302938,0.8337567,0.9999106,0.9358901,0,0.4903130829334259
TSBD_WSSV_754fa3c73d,1,0,2,0.86075205,0.0045842966,0.087478764,0.06716166,9.082723e-06,0.013898449,0,0.1264648139476776,0.10941214,0.06250977,2.4050803e-06,0.011156498,0,0.38322213292121887,0.8031091,0.87032855,0.99998856,0.97494507,0,0.4903130829334259
TSBD_WSSV_9937a0424b,1,0,2,0.84369725,0.0055336226,0.09467738,0.111048475,8.127094e-05,0.027950918,0,0.1264648139476776,0.10535836,0.050284717,9.74672e-07,0.008386759,0,0.38322213292121887,0.79996425,0.83866674,0.99991775,0.9636623,0,0.4903130829334259
TSBD_WSSV_6fa84e41c3,1,0,2,0.8414698,0.0071114795,0.07633614,0.06990072,1.0889781e-05,0.014064935,0,0.1264648139476776,0.1315652,0.06291446,2.513201e-06,0.012104422,0,0.38322213292121887,0.7920987,0.8671848,0.99998665,0.97383064,0,0.4903130829334259
TSBD_WSSV_577000701d,1,0,2,0.8365488,0.0064684832,0.089530885,0.11424953,9.805327e-05,0.028863054,0,0.1264648139476776,0.11133235,0.051915016,1.1890758e-06,0.009037868,0,0.38322213292121887,0.79913676,0.8338354,0.9999007,0.9620991,0,0.4903130829334259
TSBD_WSSV_7562704d32,1,0,2,0.8438563,0.0066221114,0.0736836,0.06335263,7.4573763e-06,0.012324436,0,0.1264648139476776,0.13567425,0.06898774,3.9658594e-06,0.013975423,0,0.38322213292121887,0.79064214,0.8676596,0.99998856,0.97370017,0,0.4903130829334259
TSBD_WSSV_ab987277c7,1,0,2,0.7034155,0.02886467,0.061372977,0.07382594,1.3828942e-05,0.014487636,0,0.1264648139476776,0.2229388,0.059942212,1.9599718e-06,0.014016779,0,0.38322213292121887,0.7156882,0.8662318,0.99998426,0.9714956,0,0.4903130829334259
TSBD_WSSV_1beeeafcb8,1,0,2,0.8518429,0.0058037667,0.07892658,0.06445097,7.710022e-06,0.012765702,0,0.1264648139476776,0.12364026,0.06498703,2.9213945e-06,0.0123480465,0,0.38322213292121887,0.7974332,0.87056196,0.9999893,0.97488624,0,0.4903130829334259
TSBD_WSSV_e7254cc0d4,1,0,2,0.85033584,0.006089459,0.07704702,0.066954054,9.165593e-06,0.013328757,0,0.1264648139476776,0.12465055,0.0630818,2.5044196e-06,0.011846355,0,0.38322213292121887,0.7983024,0.8699641,0.9999883,0.97482485,0,0.4903130829334259
TSBD_WSSV_b5a8a126ab,1,0,2,0.7774483,0.016239647,0.061095804,0.05814642,5.341021e-06,0.010566412,0,0.1264648139476776,0.19116996,0.07223731,5.0862022e-06,0.017198153,0,0.38322213292121887,0.7477342,0.86961627,0.9999895,0.97223544,0,0.4903130829334259
TSBD_WSSV_13e41ad5ef,1,0,2,0.85566473,0.005372919,0.07929827,0.064447366,7.828878e-06,0.0128069,0,0.1264648139476776,0.11995054,0.06441584,2.7671508e-06,0.01202052,0,0.38322213292121887,0.80075127,0.8711368,0.9999894,0.9751726,0,0.4903130829334259
TSBD_WSSV_5dd3dca816,1,0,2,0.85628575,0.0051410357,0.07975121,0.064990655,8.00347e-06,0.012944863,0,0.1264648139476776,0.11993522,0.065538086,3.0879203e-06,0.012389042,0,0.38322213292121887,0.8003136,0.86947125,0.9999889,0.9746661,0,0.4903130829334259
TSBD_WSSV_084f7a072a,1,0,2,0.8393044,0.007569642,0.07312057,0.06430858,7.6266606e-06,0.01242559,0,0.1264648139476776,0.13664721,0.065214045,3.0893707e-06,0.01298982,0,0.38322213292121887,0.7902322,0.87047744,0.9999893,0.9745846,0,0.4903130829334259
TSBD_WSSV_7d1aec7b17,0,0,0,0.4526832,0.045356553,0.20737633,0.48836696,0.33266848,0.36218914,0,0.1264648139476776,0.08750867,0.040275704,3.9839942e-06,0.009031969,0,0.38322213292121887,0.70511496,0.47135732,0.6673275,0.6287789,0,0.4903130829334259
TSBD_WSSV_93545fad41,1,0,2,0.85382754,0.004188493,0.07769403,0.06264546,7.531112e-06,0.012543624,0,0.1264648139476776,0.13207968,0.08081586,8.805761e-06,0.017475706,0,0.38322213292121887,0.79022634,0.8565387,0.99998367,0.96998066,0,0.4903130829334259
TSBD_WSSV_ef783ed00d,1,0,2,0.782506,0.0086445855,0.13923581,0.2208103,0.0025187372,0.0872967,0,0.1264648139476776,0.08576743,0.042398263,8.0509307e-07,0.0070109754,0,0.38322213292121887,0.7749968,0.73679143,0.99748045,0.9056923,0,0.4903130829334259
TSBD_WSSV_8b081aa68f,1,0,2,0.5088472,0.05867707,0.06320879,0.31245857,0.034823284,0.13473928,0,0.1264648139476776,0.1958796,0.09173851,0.000113883645,0.036713723,0,0.38322213292121887,0.74091166,0.5958029,0.96506286,0.82854706,0,0.4903130829334259
TSBD_WSSV_6afbaad0ae,1,0,2,0.787092,0.012331048,0.092658065,0.17076607,0.0006793885,0.05185332,0,0.1264648139476776,0.10924511,0.046845254,9.742405e-07,0.008285837,0,0.38322213292121887,0.79809684,0.7823887,0.9993197,0.9398608,0,0.4903130829334259
TSBD_WSSV_9223e4a32b,1,0,2,0.8544144,0.0054406,0.08072774,0.06445609,7.83063e-06,0.012897928,0,0.1264648139476776,0.1204331,0.064966224,3.038511e-06,0.012320741,0,0.38322213292121887,0.7988391,0.8705777,0.99998915,0.97478133,0,0.4903130829334259
TSBD_WSSV_98ea43065f,1,0,2,0.8585893,0.0046882946,0.07976812,0.06072284,6.1903643e-06,0.011927753,0,0.1264648139476776,0.1203039,0.070252605,4.4391836e-06,0.013760153,0,0.38322213292121887,0.799928,0.8690246,0.9999894,0.97431207,0,0.4903130829334259
TSBD_WSSV_eb247f0a00,1,0,2,0.85416985,0.005224375,0.08450658,0.07752339,1.662903e-05,0.016567158,0,0.1264648139476776,0.11446493,0.058760382,1.9106003e-06,0.0105505595,0,0.38322213292121887,0.8010285,0.86371624,0.9999815,0.9728822,0,0.4903130829334259
TSBD_WSSV_97fa50601b,1,0,2,0.8613396,0.0044294894,0.09049186,0.07000938,1.0833176e-05,0.014843552,0,0.1264648139476776,0.10619526,0.060793463,2.183974e-06,0.010694856,0,0.38322213292121887,0.80331284,0.8691971,0.999987,0.97446156,0,0.4903130829334259
TSBD_WSSV_8b6c4507a2,1,0,2,0.83656496,0.006110169,0.097707026,0.11794812,0.00011336617,0.031105544,0,0.1264648139476776,0.10738174,0.04970889,1.0310674e-06,0.008513036,0,0.38322213292121887,0.79491127,0.83234304,0.99988556,0.9603814,0,0.4903130829334259
TSBD_WSSV_5c925439ac,1,0,2,0.8436388,0.006006958,0.08940908,0.09862784,5.0065257e-05,0.023557192,0,0.1264648139476776,0.11256408,0.052875504,1.2486025e-06,0.009218755,0,0.38322213292121887,0.79802686,0.8484967,0.99994874,0.96722406,0,0.4903130829334259
TSBD_WSSV_1d810bc413,0,0,0,0.19222832,0.20879899,0.06570447,0.6469198,0.9676713,0.52263457,0,0.1264648139476776,0.19557716,0.10906386,0.00069431483,0.08076824,0,0.38322213292121887,0.7387184,0.2440164,0.031634353,0.39659718,0,0.4903130829334259
TSBD_WSSV_26de7fcd80,0,0,0,0.058610402,0.38781428,0.063329734,0.877857,0.9999521,0.8755779,0,0.1264648139476776,0.40083274,0.052532412,1.04808005e-05,0.047479257,0,0.38322213292121887,0.53583753,0.06961054,3.7414076e-05,0.07694279,0,0.4903130829334259
TSBD_WSSV_8aa47f5a65,0,0,0,0.12746935,0.27895224,0.16278955,0.85371286,0.9998975,0.89613056,0,0.1264648139476776,0.6425373,0.06235157,2.3886068e-05,0.053124562,0,0.38322213292121887,0.19467312,0.08393566,7.8648285e-05,0.050744798,0,0.4903130829334259
TSBD_WSSV_d889bfa7f2,0,0,1,0.3236849,0.13615412,0.05530733,0.04211438,1.8134235e-06,0.009222308,0,0.1264648139476776,0.2858272,0.7842229,0.999426,0.85952073,0,0.38322213292121887,0.65886545,0.17366278,0.00057215843,0.13125697,0,0.4903130829334259
TSBD_WSSV_8a85146e3e,1,0,2,0.81952685,0.008116449,0.08215218,0.12623619,0.00016740276,0.032778002,0,0.1264648139476776,0.12294713,0.0591552,2.7330916e-06,0.011784461,0,0.38322213292121887,0.7949007,0.8146087,0.99982977,0.95543754,0,0.4903130829334259
TSBD_WSSV_439d0a5c3f,1,1,2,0.8616661,0.004474107,0.08941193,0.06714642,9.109318e-06,0.014007172,0,0.1264648139476776,0.10701607,0.062173396,2.3686289e-06,0.011006094,0,0.38322213292121887,0.803572,0.8706803,0.99998856,0.9749867,1,0.4903130829334259
TSBD_WSSV_3f0184301c,1,0,2,0.8543555,0.005429861,0.07902697,0.06392792,7.594449e-06,0.012678707,0,0.1264648139476776,0.1221093,0.06588799,3.204585e-06,0.012594265,0,0.38322213292121887,0.79886377,0.870184,0.99998915,0.974727,0,0.4903130829334259
TSBD_WSSV_00abe397a8,1,0,2,0.8586011,0.0048159612,0.085816525,0.071360536,1.1929306e-05,0.014989856,0,0.1264648139476776,0.111427024,0.060424022,2.129339e-06,0.010797133,0,0.38322213292121887,0.8027564,0.86821544,0.99998593,0.974213,0,0.4903130829334259
TSBD_WSSV_f49daeee4d,1,0,2,0.8343639,0.006809311,0.08277158,0.10832033,7.7384386e-05,0.026180146,0,0.1264648139476776,0.1198607,0.056870285,2.0273403e-06,0.010764259,0,0.38322213292121887,0.7973677,0.83480936,0.9999206,0.9630556,0,0.4903130829334259
TSBD_WSSV_e3a3f70bef,0,0,0,0.12715966,0.2856195,0.08546274,0.79313,0.9970956,0.7358816,0,0.1264648139476776,0.1278062,0.038670067,2.4376163e-06,0.016414916,0,0.38322213292121887,0.78673106,0.16819999,0.002901932,0.24770348,0,0.4903130829334259
TSBD_WSSV_4c6acaba53,1,0,2,0.86101496,0.0043832883,0.09741257,0.07131198,1.1742416e-05,0.015615051,0,0.1264648139476776,0.10086459,0.05955422,1.9527329e-06,0.010181257,0,0.38322213292121887,0.8017228,0.8691338,0.9999863,0.97420365,0,0.4903130829334259
TSBD_WSSV_1a5ee9d7a4,1,0,2,0.848989,0.005787379,0.087572254,0.0819772,2.151208e-05,0.018142292,0,0.1264648139476776,0.1150476,0.056395795,1.5104988e-06,0.00991648,0,0.38322213292121887,0.79738015,0.861627,0.999977,0.97194123,0,0.4903130829334259
TSBD_WSSV_1d745dbab2,1,0,0,0.74424756,0.023980344,0.738265,0.90206295,0.9999857,0.97334754,0,0.1264648139476776,0.101023145,0.046143375,5.442126e-06,0.011274269,0,0.38322213292121887,0.16071191,0.051793683,8.792881e-06,0.0153782135,0,0.4903130829334259
TSBD_WSSV_04529c8937,1,0,2,0.8583682,0.0046711164,0.087474056,0.07602706,1.5697167e-05,0.01641313,0,0.1264648139476776,0.109787144,0.05895127,1.911309e-06,0.010401953,0,0.38322213292121887,0.80273885,0.86502165,0.99998236,0.97318494,0,0.4903130829334259
TSBD_WSSV_eb7b8b7c67,1,0,2,0.8603042,0.004509425,0.090890065,0.0746471,1.4236887e-05,0.016166246,0,0.1264648139476776,0.10562426,0.05808491,1.7143714e-06,0.009966814,0,0.38322213292121887,0.80348563,0.86726797,0.99998415,0.9738669,0,0.4903130829334259
TSBD_WSSV_4c43a3a8a6,1,0,2,0.66710365,0.031148508,0.08501477,0.2524236,0.005399601,0.09148077,0,0.1264648139476776,0.119525924,0.04794924,1.9806678e-06,0.010032331,0,0.38322213292121887,0.79545933,0.69962716,0.9945984,0.8984869,0,0.4903130829334259
TSBD_WSSV_417fc1cab3,1,0,2,0.8474999,0.0055476325,0.08776973,0.09624718,4.437236e-05,0.022575377,0,0.1264648139476776,0.11163432,0.05415872,1.3826713e-06,0.009474168,0,0.38322213292121887,0.800596,0.8495942,0.9999542,0.96795046,0,0.4903130829334259
TSBD_WSSV_59c834cf6e,0,0,1,0.53930163,0.0085458625,0.05825188,0.06468952,8.873498e-05,0.017619949,0,0.1264648139476776,0.36197576,0.4842559,0.66281325,0.49175856,0,0.38322213292121887,0.57977235,0.45105454,0.33709806,0.49062148,0,0.4903130829334259
TSBD_WSSV_97681928ee,1,0,2,0.8597189,0.00428472,0.09257697,0.07760562,1.7559567e-05,0.017287858,0,0.1264648139476776,0.10571502,0.058862574,1.9688837e-06,0.010323574,0,0.38322213292121887,0.801708,0.8635318,0.99998045,0.9723886,0,0.4903130829334259
TSBD_WSSV_0c09630268,1,0,2,0.8052826,0.009944657,0.09532794,0.15767841,0.00044449524,0.046296578,0,0.1264648139476776,0.10488349,0.04535264,7.794559e-07,0.007679409,0,0.38322213292121887,0.7997886,0.79696894,0.9995547,0.94602406,0,0.4903130829334259
TSBD_WSSV_919a1fc43f,1,0,2,0.83803207,0.006002235,0.096408255,0.122746654,0.00013310311,0.032496996,0,0.1264648139476776,0.103031635,0.04820302,8.7448456e-07,0.00799438,0,0.38322213292121887,0.80056006,0.8290503,0.999866,0.95950866,0,0.4903130829334259
TSBD_WSSV_df52a25a1c,1,0,2,0.31839895,0.10974111,0.09276194,0.41141373,0.11443246,0.22940199,0,0.1264648139476776,0.3056577,0.04458369,4.807528e-06,0.017069794,0,0.38322213292121887,0.6015803,0.5440026,0.8855627,0.7535282,0,0.4903130829334259
TSBD_WSSV_b6df8b235a,1,0,2,0.8586547,0.004649454,0.08933014,0.0752685,1.5440373e-05,0.016401935,0,0.1264648139476776,0.10837182,0.058743212,1.9009823e-06,0.010324894,0,0.38322213292121887,0.80229807,0.86598825,0.9999826,0.9732731,0,0.4903130829334259
TSBD_WSSV_66dac7b3cb,1,0,2,0.8392865,0.007407536,0.07138667,0.058940917,5.458356e-06,0.011089408,0,0.1264648139476776,0.1412355,0.07031018,4.5358684e-06,0.014689699,0,0.38322213292121887,0.78737783,0.87074894,0.99999,0.9742209,0,0.4903130829334259
TSBD_WSSV_cb728bde71,1,0,2,0.67347616,0.02971118,0.092612505,0.2596204,0.0060841492,0.097351044,0,0.1264648139476776,0.108947806,0.04304136,1.1603073e-06,0.008277585,0,0.38322213292121887,0.7984397,0.6973382,0.99391466,0.89437133,0,0.4903130829334259
TSBD_WSSV_11dccea294,1,0,2,0.47601932,0.066513374,0.0980656,0.39853814,0.086949386,0.20283584,0,0.1264648139476776,0.10555918,0.04042671,2.3381392e-06,0.009058317,0,0.38322213292121887,0.7963752,0.56103516,0.9130483,0.78810585,0,0.4903130829334259
TSBD_WSSV_6c97d0a038,0,0,0,0.17593078,0.23483041,0.12161283,0.77227074,0.99392974,0.721759,0,0.1264648139476776,0.1010468,0.035373487,1.5443528e-06,0.011639088,0,0.38322213292121887,0.7773403,0.19235577,0.00606876,0.2666019,0,0.4903130829334259
TSBD_WSSV_7930144273,1,0,2,0.7174005,0.022273483,0.09549401,0.22934319,0.0031770465,0.08167973,0,0.1264648139476776,0.10923328,0.0435197,1.0341344e-06,0.008132943,0,0.38322213292121887,0.7952727,0.7271371,0.9968219,0.9101873,0,0.4903130829334259
TSBD_WSSV_46e8a68895,1,0,2,0.7853058,0.012582118,0.062162653,0.05297832,4.508554e-06,0.009925449,0,0.1264648139476776,0.2057419,0.09618122,2.4106663e-05,0.027595878,0,0.38322213292121887,0.7320954,0.85084045,0.9999714,0.9624787,0,0.4903130829334259
TSBD_WSSV_68675dc12f,1,0,2,0.85275924,0.0029704575,0.071292475,0.042205296,1.8253556e-06,0.007686052,0,0.1264648139476776,0.1443498,0.1187271,6.889612e-05,0.032391846,0,0.38322213292121887,0.7843577,0.83906764,0.9999293,0.9599221,0,0.4903130829334259
TSBD_WSSV_33b5dd7e52,0,0,0,0.34703398,0.09987408,0.100684375,0.49365282,0.2065301,0.27381167,0,0.1264648139476776,0.786434,0.4622968,0.7934643,0.71446437,0,0.38322213292121887,0.11288161,0.044050332,5.5911655e-06,0.011723967,0,0.4903130829334259
TSBD_WSSV_eaf8feba8d,1,0,2,0.8559169,0.0048201615,0.09075128,0.08360672,2.344296e-05,0.018819284,0,0.1264648139476776,0.10729874,0.055348635,1.3977975e-06,0.009430587,0,0.38322213292121887,0.80195004,0.86104465,0.9999751,0.97175014,0,0.4903130829334259
TSBD_WSSV_a092abcd48,0,0,0,0.1962342,0.21010956,0.08072545,0.6792657,0.9598013,0.55156535,0,0.1264648139476776,0.14464949,0.05299046,1.697831e-05,0.024058461,0,0.38322213292121887,0.77462506,0.26774386,0.04018179,0.42437613,0,0.4903130829334259
TSBD_WSSV_8c4a48a3c8,0,0,0,0.1501708,0.26030904,0.24235192,0.9016267,0.9999809,0.94473916,0,0.1264648139476776,0.6850992,0.05651647,1.5908918e-05,0.042886034,0,0.38322213292121887,0.072548844,0.04185682,3.1815891e-06,0.012374833,0,0.4903130829334259
TSBD_WSSV_36e8b7c576,1,1,0,0.83562183,0.010684976,0.80013794,0.9029815,0.99998665,0.97669333,1,0.1264648139476776,0.094581425,0.048238277,6.655939e-06,0.011410284,0,0.38322213292121887,0.10528066,0.04878014,6.6289654e-06,0.011896435,0,0.4903130829334259
TSBD_WSSV_f62b02d7ce,1,1,0,0.8497571,0.009382206,0.8188704,0.9039985,0.9999869,0.97806394,1,0.1264648139476776,0.12078856,0.048609246,7.224914e-06,0.012588285,0,0.38322213292121887,0.060340952,0.047392275,5.8182623e-06,0.009347786,0,0.4903130829334259
TSBD_WSSV_7b5c5d4331,0,0,1,0.4385633,0.07861407,0.05418885,0.05303201,3.6712456e-06,0.010540595,0,0.1264648139476776,0.43550694,0.79654104,0.9997528,0.90398717,0,0.38322213292121887,0.5103043,0.15042698,0.00024349068,0.08547223,0,0.4903130829334259
TSBD_WSSV_1115f3a7b9,0,0,1,0.2616168,0.16938126,0.0561249,0.05967392,4.2531037e-06,0.013086354,0,0.1264648139476776,0.31222656,0.83900136,0.99996686,0.9300897,0,0.38322213292121887,0.6316485,0.10132472,2.884797e-05,0.056823965,0,0.4903130829334259
TSBD_WSSV_8b19cf1542,1,0,1,0.2839169,0.1338152,0.069057725,0.2468119,0.0024204939,0.08544322,0,0.1264648139476776,0.47293004,0.7049105,0.9975777,0.89585215,0,0.38322213292121887,0.4580122,0.048277587,1.7447741e-06,0.01870459,0,0.4903130829334259
TSBD_WSSV_e980aeec5d,1,0,0,0.6141622,0.048355915,0.6742513,0.9037484,0.9999863,0.97179914,0,0.1264648139476776,0.2633668,0.050929442,9.011727e-06,0.018774262,0,0.38322213292121887,0.062381886,0.045322128,4.649088e-06,0.009426544,0,0.4903130829334259
TSBD_WSSV_78620c7961,0,0,0,0.21486995,0.19563174,0.104719475,0.6913315,0.9119775,0.53807616,0,0.1264648139476776,0.78721285,0.2757121,0.08802036,0.45157766,0,0.38322213292121887,0.10806763,0.032956365,2.1363485e-06,0.010346156,0,0.4903130829334259
TSBD_WSSV_5cfa598cc4,0,0,0,0.21116762,0.19915229,0.32831368,0.90126085,0.9999844,0.95271987,0,0.1264648139476776,0.5608581,0.052566558,1.0586397e-05,0.032355655,0,0.38322213292121887,0.11082823,0.046172637,5.0533563e-06,0.014924488,0,0.4903130829334259
TSBD_WSSV_2ab0d58abb,1,0,0,0.7790715,0.019486321,0.77243125,0.903928,0.9999869,0.97594374,0,0.1264648139476776,0.16422193,0.049411897,7.787389e-06,0.014598834,0,0.38322213292121887,0.06334681,0.046660155,5.353756e-06,0.009457487,0,0.4903130829334259
TSBD_WSSV_d63f9ec96f,1,0,2,0.563185,0.051308744,0.083123036,0.3192926,0.021527791,0.13270824,0,0.1264648139476776,0.12006582,0.041396666,1.5564681e-06,0.008940665,0,0.38322213292121887,0.79681116,0.6393108,0.9784707,0.8583511,0,0.4903130829334259
TSBD_WSSV_c6d6c44306,1,0,0,0.5759349,0.055770185,0.64551383,0.9028886,0.99998605,0.97017866,0,0.1264648139476776,0.27498403,0.04985725,8.175689e-06,0.018775467,0,0.38322213292121887,0.07950213,0.047254104,5.702926e-06,0.011045883,0,0.4903130829334259
TSBD_WSSV_0e98c598e2,0,0,0,0.06232744,0.37362432,0.05292408,0.83571917,0.998898,0.7869089,0,0.1264648139476776,0.4369048,0.12573498,0.0010993722,0.17985976,0,0.38322213292121887,0.5101711,0.038545772,2.5805598e-06,0.033231303,0,0.4903130829334259
TSBD_WSSV_0e0b18da56,0,0,0,0.10348334,0.3194422,0.09643415,0.8451405,0.9995048,0.8294139,0,0.1264648139476776,0.12277055,0.035739884,1.4682998e-06,0.014814277,0,0.38322213292121887,0.78079534,0.119119585,0.00049370166,0.1557718,0,0.4903130829334259
TSBD_WSSV_0e04e30a96,1,0,0,0.523886,0.066131845,0.5974403,0.90330756,0.99998677,0.96745664,0,0.1264648139476776,0.20897019,0.04668117,5.7417637e-06,0.015803592,0,0.38322213292121887,0.19358954,0.050011266,7.4951304e-06,0.01673973,0,0.4903130829334259
TSBD_WSSV_b14315239e,0,0,0,0.10849917,0.3044646,0.17490049,0.9028488,0.9999864,0.9386447,0,0.1264648139476776,0.20105447,0.04648511,5.591242e-06,0.023091465,0,0.38322213292121887,0.62404513,0.05066607,7.9287865e-06,0.03826383,0,0.4903130829334259
TSBD_WSSV_ad26e82e3c,0,0,0,0.17505969,0.23266675,0.26604855,0.8948203,0.9999739,0.9408174,0,0.1264648139476776,0.6291464,0.060431026,2.150104e-05,0.04406687,0,0.38322213292121887,0.10480505,0.044748712,4.621389e-06,0.015115756,0,0.4903130829334259
TSBD_WSSV_cda41068f5,1,0,0,0.712867,0.029658062,0.7266916,0.90217024,0.9999852,0.97305727,0,0.1264648139476776,0.06769828,0.043927528,4.1331195e-06,0.009119618,0,0.38322213292121887,0.20561014,0.053902235,1.0642506e-05,0.017823158,0,0.4903130829334259
TSBD_WSSV_f51f241a0d,0,0,0,0.1658007,0.243524,0.2482127,0.89391214,0.9999604,0.9346473,0,0.1264648139476776,0.6648199,0.066407055,3.6979905e-05,0.053200554,0,0.38322213292121887,0.08696749,0.039680824,2.5744262e-06,0.012152128,0,0.4903130829334259
TSBD_WSSV_2578508dff,1,1,0,0.8659942,0.0068019554,0.82381415,0.9032386,0.99998677,0.97795063,1,0.1264648139476776,0.08877353,0.046776287,5.747259e-06,0.010591798,0,0.38322213292121887,0.08741234,0.049985204,7.5330167e-06,0.011457489,0,0.4903130829334259
TSBD_WSSV_45511a46f0,1,0,0,0.7527567,0.023936003,0.76140255,0.90419185,0.999987,0.9758056,0,0.1264648139476776,0.18409781,0.049321618,7.699468e-06,0.015219773,0,0.38322213292121887,0.05449963,0.046486516,5.27844e-06,0.008974662,0,0.4903130829334259
TSBD_WSSV_87146ab98c,1,1,0,0.8698694,0.006488772,0.82953614,0.9034274,0.9999869,0.97834015,1,0.1264648139476776,0.100569054,0.048137274,6.730719e-06,0.011543515,0,0.38322213292121887,0.0698948,0.048435308,6.486044e-06,0.010116292,0,0.4903130829334259
TSBD_WSSV_e143d38f01,0,0,0,0.10363714,0.3145968,0.13755178,0.83885115,0.999569,0.88117397,0,0.1264648139476776,0.14531213,0.11125721,0.00042289088,0.07653795,0,0.38322213292121887,0.71713614,0.04989164,8.097191e-06,0.042288046,0,0.4903130829334259
TSBD_WSSV_ea73217725,1,0,1,0.30067044,0.11978841,0.07139974,0.38882372,0.050555505,0.18176582,0,0.1264648139476776,0.5695829,0.55172336,0.9494296,0.79120326,0,0.38322213292121887,0.3590174,0.059452914,1.4896327e-05,0.027030883,0,0.4903130829334259
TSBD_WSSV_7568f33745,1,0,0,0.34468538,0.117187865,0.47363803,0.9009709,0.99998176,0.9593837,0,0.1264648139476776,0.3928066,0.05554994,1.4342904e-05,0.027565464,0,0.38322213292121887,0.13355535,0.043479234,3.9111937e-06,0.013050828,0,0.4903130829334259
TSBD_WSSV_c0b728f042,0,0,1,0.21440731,0.20118174,0.06682068,0.11526896,0.00014156543,0.04298798,0,0.1264648139476776,0.17589302,0.7280215,0.9994399,0.8136159,0,0.38322213292121887,0.7572863,0.15670957,0.00041849076,0.14339606,0,0.4903130829334259
TSBD_WSSV_7555e38281,0,0,0,0.096822955,0.33091468,0.11328671,0.8690876,0.9998834,0.8813393,0,0.1264648139476776,0.10470658,0.043591246,4.1010385e-06,0.01865999,0,0.38322213292121887,0.78200674,0.08732121,0.00011254251,0.10000068,0,0.4903130829334259
TSBD_WSSV_d921343af4,0,0,0,0.07413627,0.3724058,0.11120118,0.8989808,0.99998415,0.9276585,0,0.1264648139476776,0.11071849,0.050023265,7.75081e-06,0.023990387,0,0.38322213292121887,0.7780803,0.050996024,8.137053e-06,0.048351146,0,0.4903130829334259
TSBD_WSSV_94a3c39469,0,0,0,0.12570645,0.2891146,0.17867988,0.8883531,0.9999361,0.91670746,0,0.1264648139476776,0.7256584,0.0740086,6.186809e-05,0.07044868,0,0.38322213292121887,0.09566166,0.037638325,1.9782935e-06,0.012843882,0,0.4903130829334259
TSBD_WSSV_65692fdd3f,1,0,2,0.82869273,0.0063672625,0.069911234,0.064611025,1.0314695e-05,0.013196983,0,0.1264648139476776,0.16451094,0.091065325,1.8080578e-05,0.02324735,0,0.38322213292121887,0.76557785,0.84432364,0.9999715,0.9635557,0,0.4903130829334259
TSBD_WSSV_0464ee44c0,0,0,1,0.20514524,0.20669742,0.057493534,0.12705398,0.00012958108,0.039683454,0,0.1264648139476776,0.25128996,0.77980864,0.999846,0.9013268,0,0.38322213292121887,0.6912165,0.09313741,2.4368657e-05,0.058989786,0,0.4903130829334259
TSBD_WSSV_51f7222cef,1,0,2,0.7014124,0.02213623,0.07975218,0.22377075,0.004154753,0.08092023,0,0.1264648139476776,0.13743179,0.08700477,4.3944285e-05,0.025765112,0,0.38322213292121887,0.78281605,0.6892245,0.99580127,0.89331466,0,0.4903130829334259
TSBD_WSSV_148921b882,1,0,2,0.85774976,0.003136577,0.07915598,0.06235317,8.461485e-06,0.012898542,0,0.1264648139476776,0.13029855,0.08766589,1.531026e-05,0.020155558,0,0.38322213292121887,0.7905455,0.84998095,0.9999763,0.96694595,0,0.4903130829334259
TSBD_WSSV_49f573118f,0,0,0,0.092890754,0.33421856,0.08400062,0.8349624,0.9998109,0.8382664,0,0.1264648139476776,0.14807542,0.069319725,3.853853e-05,0.04369011,0,0.38322213292121887,0.7679239,0.095717825,0.0001506337,0.118043505,0,0.4903130829334259
TSBD_WSSV_f7bb98aadd,0,0,0,0.12046017,0.29394054,0.09293377,0.8106928,0.998847,0.7835715,0,0.1264648139476776,0.13561198,0.047638312,6.403148e-06,0.022855787,0,0.38322213292121887,0.7714542,0.14166895,0.0011465616,0.1935728,0,0.4903130829334259
TSBD_WSSV_32f477127b,1,0,1,0.5118576,0.06319605,0.055535007,0.069090925,6.5134163e-06,0.012646067,0,0.1264648139476776,0.5636033,0.84216386,0.9999801,0.95526385,0,0.38322213292121887,0.38086167,0.088745214,1.3424701e-05,0.032090057,0,0.4903130829334259
TSBD_WSSV_6532d5dd16,1,1,0,0.88193333,0.0051153665,0.84028864,0.9043065,0.9999876,0.9792465,1,0.1264648139476776,0.09373753,0.04769658,6.354146e-06,0.011043364,0,0.38322213292121887,0.065973885,0.047996983,6.088403e-06,0.009710204,0,0.4903130829334259
TSBD_WSSV_399a1e23cc,1,0,2,0.84544206,0.006817718,0.07612739,0.065572016,8.241245e-06,0.012886162,0,0.1264648139476776,0.12894765,0.06316737,2.5269499e-06,0.012029512,0,0.38322213292121887,0.794925,0.8712605,0.9999893,0.9750843,0,0.4903130829334259
TSBD_WSSV_c07e032039,1,0,2,0.84378487,0.0068790903,0.07418903,0.06060489,6.1559167e-06,0.011641434,0,0.1264648139476776,0.13464406,0.0680658,3.6998556e-06,0.013648065,0,0.38322213292121887,0.7911669,0.8713293,0.9999901,0.9747106,0,0.4903130829334259
TSBD_WSSV_a3b514246a,1,0,2,0.7209677,0.025973707,0.058528524,0.06703638,9.013113e-06,0.012463974,0,0.1264648139476776,0.21731871,0.06294812,2.4772735e-06,0.014810995,0,0.38322213292121887,0.72415274,0.87001556,0.99998844,0.97272503,0,0.4903130829334259
TSBD_WSSV_9e8ca9f55f,1,0,2,0.6148367,0.04071215,0.052960016,0.043269552,1.8399661e-06,0.0075382413,0,0.1264648139476776,0.33121762,0.10468919,3.4145058e-05,0.03822128,0,0.38322213292121887,0.6158224,0.8520413,0.9999641,0.9542405,0,0.4903130829334259
TSBD_WSSV_978efa34a6,1,0,2,0.8261319,0.009449085,0.071143076,0.06668257,9.010586e-06,0.012974946,0,0.1264648139476776,0.14571545,0.06358288,2.6469e-06,0.012775583,0,0.38322213292121887,0.78314143,0.8697345,0.9999883,0.9742495,0,0.4903130829334259
TSBD_WSSV_4575fa460f,1,0,2,0.8603218,0.004367642,0.097954184,0.0734894,1.3449687e-05,0.01630461,0,0.1264648139476776,0.10113255,0.058867812,1.8329249e-06,0.010016009,0,0.38322213292121887,0.8009133,0.86764276,0.99998474,0.97367936,0,0.4903130829334259
TSBD_WSSV_6e2231b074,1,0,2,0.85072327,0.005960581,0.08214834,0.07045597,1.09888515e-05,0.014466,0,0.1264648139476776,0.119753726,0.060408767,2.0496473e-06,0.011008227,0,0.38322213292121887,0.79809785,0.8691352,0.999987,0.9745258,0,0.4903130829334259
TSBD_WSSV_18c088457d,1,0,2,0.69398105,0.03045849,0.056480065,0.06411021,7.416391e-06,0.011695312,0,0.1264648139476776,0.23755606,0.06527919,2.993939e-06,0.016259532,0,0.38322213292121887,0.7059638,0.8706106,0.9999896,0.97204524,0,0.4903130829334259
TSBD_WSSV_77302aa089,1,0,2,0.84415334,0.0068015354,0.08032085,0.07509368,1.4975925e-05,0.015737694,0,0.1264648139476776,0.12411031,0.05860113,1.8223441e-06,0.010756409,0,0.38322213292121887,0.7955688,0.8663052,0.9999832,0.9735059,0,0.4903130829334259
TSBD_WSSV_bc1451b5cd,1,0,2,0.80578935,0.012446653,0.065521605,0.06212638,6.653747e-06,0.011550541,0,0.1264648139476776,0.16462064,0.066170216,3.1862005e-06,0.014158013,0,0.38322213292121887,0.7698577,0.8717034,0.9999901,0.97429144,0,0.4903130829334259
TSBD_WSSV_2c0825dfbc,1,1,2,0.86250585,0.004438921,0.090246856,0.065498106,8.1245435e-06,0.013575334,0,0.1264648139476776,0.105518445,0.06260763,2.4268743e-06,0.011034264,0,0.38322213292121887,0.80423474,0.87189424,0.9999895,0.97539043,1,0.4903130829334259
TSBD_WSSV_21eca1a9bc,1,0,2,0.85075283,0.0060749417,0.07959994,0.064164825,7.45536e-06,0.012688988,0,0.1264648139476776,0.1231668,0.06367637,2.6502382e-06,0.011979814,0,0.38322213292121887,0.79723316,0.87215877,0.99998987,0.9753311,0,0.4903130829334259
TSBD_WSSV_a7578fa09c,1,1,2,0.8628303,0.0043829856,0.091697186,0.06580313,8.286854e-06,0.013733606,0,0.1264648139476776,0.10400385,0.062363766,2.3780508e-06,0.01091446,0,0.38322213292121887,0.804299,0.8718331,0.9999893,0.975352,1,0.4903130829334259
TSBD_WSSV_8acd11d1ec,1,1,2,0.8619406,0.004548398,0.0876404,0.06439947,7.601295e-06,0.013158978,0,0.1264648139476776,0.10824121,0.06338612,2.549633e-06,0.011306583,0,0.38322213292121887,0.80411845,0.87221444,0.99998987,0.9755345,1,0.4903130829334259
TSBD_WSSV_ce8f668353,1,1,2,0.86292666,0.004393067,0.090622194,0.06504018,7.9319725e-06,0.013485133,0,0.1264648139476776,0.104874,0.06288093,2.47999e-06,0.011078279,0,0.38322213292121887,0.8045038,0.872079,0.9999895,0.9754366,1,0.4903130829334259
TSBD_WSSV_c5bb7f551a,1,0,2,0.85658383,0.0053194137,0.08096184,0.064874545,7.866478e-06,0.0129437195,0,0.1264648139476776,0.11735327,0.06312984,2.5363618e-06,0.011610273,0,0.38322213292121887,0.8016849,0.87199557,0.9999896,0.97544605,0,0.4903130829334259
TSBD_WSSV_95dc6e27d4,1,0,2,0.62067014,0.041502,0.06153263,0.0524295,3.3735744e-06,0.009711338,0,0.1264648139476776,0.30302605,0.08460175,1.0880252e-05,0.026596941,0,0.38322213292121887,0.6354413,0.8629688,0.9999858,0.9636918,0,0.4903130829334259
TSBD_WSSV_309436940c,1,0,2,0.7623363,0.018619427,0.06191916,0.05761681,4.7758363e-06,0.010381331,0,0.1264648139476776,0.1998945,0.07141127,4.539914e-06,0.017058551,0,0.38322213292121887,0.73818636,0.87097186,0.9999907,0.9725601,0,0.4903130829334259
TSBD_WSSV_29362e9f5a,1,0,2,0.8610939,0.0046597533,0.08685895,0.065050244,7.920317e-06,0.013288675,0,0.1264648139476776,0.10943357,0.062918454,2.4806523e-06,0.011252576,0,0.38322213292121887,0.8037074,0.8720314,0.9999896,0.9754588,0,0.4903130829334259
TSBD_WSSV_e67891395a,1,0,2,0.8535442,0.0056713587,0.08182803,0.06638574,8.607336e-06,0.0133800665,0,0.1264648139476776,0.11881109,0.062248427,2.367239e-06,0.011440404,0,0.38322213292121887,0.7993609,0.8713659,0.99998903,0.97517955,0,0.4903130829334259
TSBD_WSSV_2653717417,1,1,2,0.86166954,0.0045246165,0.089467265,0.06711121,8.989896e-06,0.013967397,0,0.1264648139476776,0.106657796,0.06164671,2.2263798e-06,0.01081436,0,0.38322213292121887,0.80387497,0.8712421,0.9999888,0.97521824,1,0.4903130829334259
TSBD_WSSV_c98c109e0f,1,1,2,0.8618296,0.0045024334,0.08954644,0.066673204,8.814006e-06,0.013874584,0,0.1264648139476776,0.10657277,0.061992023,2.3272946e-06,0.010934223,0,0.38322213292121887,0.80388075,0.87133485,0.9999888,0.9751912,1,0.4903130829334259
TSBD_WSSV_3339e18081,1,0,2,0.85791624,0.005122368,0.08256743,0.06493626,7.82367e-06,0.013021481,0,0.1264648139476776,0.11518096,0.0630549,2.5066643e-06,0.011498789,0,0.38322213292121887,0.80225164,0.8720088,0.9999896,0.9754797,0,0.4903130829334259
TSBD_WSSV_f675da990c,1,0,2,0.8614444,0.004619604,0.086450994,0.06503739,7.914473e-06,0.013262378,0,0.1264648139476776,0.1094647,0.06297562,2.456325e-06,0.011235043,0,0.38322213292121887,0.8040843,0.871987,0.9999896,0.97550255,0,0.4903130829334259
TSBD_WSSV_e8d0267684,1,0,2,0.8612448,0.0045951623,0.08742213,0.066827916,8.885941e-06,0.01379674,0,0.1264648139476776,0.10867986,0.062014442,2.3023078e-06,0.010988637,0,0.38322213292121887,0.8038981,0.8711576,0.9999888,0.9752146,0,0.4903130829334259
TSBD_WSSV_93ee9c6175,1,0,2,0.8596106,0.004792476,0.08587123,0.067700796,9.277633e-06,0.013918034,0,0.1264648139476776,0.111088015,0.061737347,2.2378017e-06,0.01099439,0,0.38322213292121887,0.80304086,0.8705619,0.99998844,0.9750876,0,0.4903130829334259
TSBD_WSSV_56b93bffca,1,0,2,0.86123115,0.004507375,0.09159858,0.06675385,8.847668e-06,0.0140109835,0,0.1264648139476776,0.105726466,0.062333036,2.3851358e-06,0.0109905,0,0.38322213292121887,0.80267495,0.8709131,0.9999888,0.9749985,0,0.4903130829334259
TSBD_WSSV_05e0a12846,1,0,2,0.8614119,0.004399932,0.092770055,0.07179823,1.2041656e-05,0.015468853,0,0.1264648139476776,0.103911534,0.059304792,1.8601111e-06,0.010164999,0,0.38322213292121887,0.80331844,0.868897,0.99998605,0.9743662,0,0.4903130829334259
TSBD_WSSV_0bc0ac833f,1,0,2,0.8585342,0.004690321,0.090717256,0.07460328,1.4022167e-05,0.01611556,0,0.1264648139476776,0.10748067,0.058530334,1.7633932e-06,0.010127604,0,0.38322213292121887,0.80180216,0.8668664,0.99998415,0.9737568,0,0.4903130829334259
TSBD_WSSV_026c64bd33,1,0,2,0.8598795,0.004748959,0.088048816,0.06723488,9.058701e-06,0.013930065,0,0.1264648139476776,0.10929238,0.061729964,2.2300537e-06,0.010923494,0,0.38322213292121887,0.80265874,0.8710351,0.9999887,0.9751464,0,0.4903130829334259
TSBD_WSSV_9f2b1f9f8f,1,0,2,0.8334887,0.008038608,0.08509008,0.07516099,1.4779238e-05,0.016089506,0,0.1264648139476776,0.12982404,0.05865208,1.7856048e-06,0.010932441,0,0.38322213292121887,0.78508586,0.86618704,0.99998343,0.972978,0,0.4903130829334259
TSBD_WSSV_38f10d750a,1,0,2,0.86120313,0.0043159053,0.09665026,0.07397824,1.3609605e-05,0.016307311,0,0.1264648139476776,0.10100185,0.058164813,1.6740889e-06,0.009773806,0,0.38322213292121887,0.8023479,0.8678569,0.99998474,0.97391886,0,0.4903130829334259
TSBD_WSSV_76536085a9,1,0,2,0.8609555,0.0045941705,0.09046811,0.06645046,8.684238e-06,0.013867946,0,0.1264648139476776,0.10667672,0.062156618,2.3193365e-06,0.010947994,0,0.38322213292121887,0.80285525,0.87139297,0.99998903,0.975184,0,0.4903130829334259
TSBD_WSSV_e36aec3084,1,0,2,0.8550468,0.0051449286,0.09264322,0.070629634,1.131693e-05,0.01519297,0,0.1264648139476776,0.10990664,0.060489472,2.0857833e-06,0.010725954,0,0.38322213292121887,0.79745007,0.86888087,0.99998665,0.9740811,0,0.4903130829334259
TSBD_WSSV_b632ff4665,1,0,2,0.8613758,0.0044987267,0.095246695,0.06633165,8.6597165e-06,0.014101272,0,0.1264648139476776,0.10237283,0.062147133,2.3427137e-06,0.010812686,0,0.38322213292121887,0.8023805,0.8715211,0.9999889,0.97508603,0,0.4903130829334259
TSBD_WSSV_f392420764,0,0,0,0.36467752,0.107228056,0.4622614,0.8768992,0.9998375,0.9341235,0,0.1264648139476776,0.4723011,0.088284425,0.00016100134,0.058394343,0,0.38322213292121887,0.06543749,0.034816347,1.4338724e-06,0.0074821115,0,0.4903130829334259
TSBD_WSSV_08f57edf07,1,1,2,0.8625573,0.0044234917,0.089940734,0.066188514,8.622741e-06,0.013786129,0,0.1264648139476776,0.1056557,0.062212534,2.33609e-06,0.010924003,0,0.38322213292121887,0.80440354,0.8715989,0.99998903,0.9752899,1,0.4903130829334259
TSBD_WSSV_922a715bec,1,0,2,0.8536213,0.0043055844,0.099370286,0.10293092,5.981994e-05,0.025780052,0,0.1264648139476776,0.09939334,0.050895557,1.0700752e-06,0.008398333,0,0.38322213292121887,0.8012364,0.8461735,0.9999391,0.9658216,0,0.4903130829334259
TSBD_WSSV_aa0b3c4c15,1,0,2,0.8225075,0.0077819927,0.09247919,0.13841286,0.00024374496,0.038250264,0,0.1264648139476776,0.10697783,0.049252726,1.1306669e-06,0.008632086,0,0.38322213292121887,0.80054295,0.81233436,0.9997552,0.95311767,0,0.4903130829334259
TSBD_WSSV_daa4ba808b,1,0,2,0.85373604,0.0053778477,0.08332003,0.076559715,1.585951e-05,0.016232746,0,0.1264648139476776,0.11537897,0.058683377,1.9099296e-06,0.010569424,0,0.38322213292121887,0.801301,0.864757,0.99998224,0.97319776,0,0.4903130829334259
TSBD_WSSV_311dd1baf7,1,0,2,0.861265,0.004317469,0.09235885,0.07454574,1.4105282e-05,0.016217988,0,0.1264648139476776,0.104189284,0.058575314,1.8170373e-06,0.010073849,0,0.38322213292121887,0.8034519,0.8668789,0.99998415,0.97370815,0,0.4903130829334259
TSBD_WSSV_34ee093e2e,1,1,2,0.86151916,0.004528324,0.090340815,0.06623089,8.507043e-06,0.013781243,0,0.1264648139476776,0.10633062,0.062326618,2.344357e-06,0.010970696,0,0.38322213292121887,0.80332863,0.87144256,0.99998915,0.97524804,1,0.4903130829334259
TSBD_WSSV_cbb32ff38a,1,0,2,0.84490216,0.006787684,0.07815141,0.06330319,7.197627e-06,0.012467569,0,0.1264648139476776,0.12939493,0.064916775,2.9065181e-06,0.012548182,0,0.38322213292121887,0.7924536,0.8717801,0.99999,0.9749842,0,0.4903130829334259
TSBD_WSSV_9291ca740d,1,1,2,0.8629342,0.004351735,0.092301816,0.065936625,8.415161e-06,0.0138209015,0,0.1264648139476776,0.10346426,0.0623896,2.3654338e-06,0.010885603,0,0.38322213292121887,0.80423397,0.8716738,0.99998915,0.97529346,1,0.4903130829334259
TSBD_WSSV_73bc44153b,1,1,2,0.8620311,0.0043483432,0.0985272,0.06877702,1.000827e-05,0.014930384,0,0.1264648139476776,0.09888587,0.060557894,2.0528967e-06,0.010283765,0,0.38322213292121887,0.8025869,0.8706651,0.99998796,0.9747858,1,0.4903130829334259
TSBD_WSSV_4491558e57,1,0,2,0.8442628,0.004091529,0.11676941,0.12771575,0.00015347986,0.036491882,0,0.1264648139476776,0.09207907,0.04666679,7.3279506e-07,0.0073302225,0,0.38322213292121887,0.7911515,0.8256175,0.99984574,0.9561779,0,0.4903130829334259
TSBD_WSSV_1ee4a00587,1,1,2,0.8626324,0.004345726,0.09369467,0.067424946,9.273856e-06,0.01431262,0,0.1264648139476776,0.10249119,0.06146475,2.196841e-06,0.010621341,0,0.38322213292121887,0.8038142,0.87111026,0.99998856,0.975066,1,0.4903130829334259
TSBD_WSSV_ecb905238d,1,0,2,0.85896754,0.0047030393,0.08900358,0.07363521,1.3200473e-05,0.015717302,0,0.1264648139476776,0.10833851,0.058891132,1.8147734e-06,0.010238579,0,0.38322213292121887,0.8026579,0.86747366,0.999985,0.97404414,0,0.4903130829334259
TSBD_WSSV_ccd255a2df,1,1,2,0.86300206,0.0043191416,0.09435002,0.06674729,8.868619e-06,0.014152893,0,0.1264648139476776,0.101584956,0.061758198,2.2468678e-06,0.010657064,0,0.38322213292121887,0.80406505,0.87149453,0.9999889,0.97519004,1,0.4903130829334259
TSBD_WSSV_584c5a10d0,1,0,2,0.8575195,0.004996799,0.0869727,0.0687278,1.0079964e-05,0.014322732,0,0.1264648139476776,0.11197785,0.061351273,2.177653e-06,0.0109434705,0,0.38322213292121887,0.8010494,0.8699209,0.9999877,0.9747338,0,0.4903130829334259
TSBD_WSSV_aa58f57ab0,1,0,2,0.8404445,0.0069299284,0.08610797,0.08324686,2.2374832e-05,0.018347591,0,0.1264648139476776,0.12164902,0.056013793,1.4724468e-06,0.010053678,0,0.38322213292121887,0.792243,0.86073935,0.99997616,0.9715988,0,0.4903130829334259
TSBD_WSSV_4f3b6f89a8,1,1,2,0.8626971,0.0043800315,0.09169316,0.06657743,8.679859e-06,0.013936271,0,0.1264648139476776,0.10409659,0.061948083,2.2853305e-06,0.010800258,0,0.38322213292121887,0.80421025,0.87147444,0.99998903,0.97526354,1,0.4903130829334259
TSBD_WSSV_279702ba92,1,0,2,0.8601111,0.0046218345,0.09362115,0.06750854,9.382134e-06,0.014363579,0,0.1264648139476776,0.1049172,0.06166684,2.2522124e-06,0.010788266,0,0.38322213292121887,0.80146164,0.8708247,0.9999883,0.97484815,0,0.4903130829334259
TSBD_WSSV_9dc876dd17,1,0,2,0.8589847,0.0047585554,0.09412811,0.06693645,8.930729e-06,0.0142014325,0,0.1264648139476776,0.10555381,0.062038053,2.3088928e-06,0.010899276,0,0.38322213292121887,0.80031806,0.87102544,0.9999888,0.9748993,0,0.4903130829334259
TSBD_WSSV_0ce34b5766,0,0,0,0.09217614,0.33838838,0.102313176,0.86953115,0.9998399,0.87144685,0,0.1264648139476776,0.11453864,0.036124595,1.539924e-06,0.014902003,0,0.38322213292121887,0.7831483,0.094344236,0.00015850048,0.11365117,0,0.4903130829334259
TSBD_WSSV_6c3afb6716,1,1,0,0.8838336,0.0045697866,0.8383997,0.90231764,0.99998534,0.9784112,1,0.1264648139476776,0.07381275,0.043958027,4.1599346e-06,0.009003958,0,0.38322213292121887,0.08778748,0.0537243,1.0431211e-05,0.012584855,0,0.4903130829334259
TSBD_WSSV_366db07a25,1,1,2,0.8618841,0.0044625243,0.09454484,0.06572475,8.354341e-06,0.013902851,0,0.1264648139476776,0.102496006,0.06247121,2.388745e-06,0.010881966,0,0.38322213292121887,0.80295914,0.871804,0.9999893,0.97521514,1,0.4903130829334259
TSBD_WSSV_b84a0005bf,1,0,2,0.8342247,0.0068788407,0.09206028,0.12088284,0.00011927616,0.031066451,0,0.1264648139476776,0.106574416,0.047698777,7.931801e-07,0.007895373,0,0.38322213292121887,0.80136526,0.83141845,0.99987984,0.9610382,0,0.4903130829334259
TSBD_WSSV_6624c91a73,1,0,2,0.85974187,0.0046181753,0.09027574,0.0732528,1.30420085e-05,0.015716022,0,0.1264648139476776,0.106776446,0.058714014,1.7678118e-06,0.010116735,0,0.38322213292121887,0.8029478,0.8680331,0.9999852,0.9741672,0,0.4903130829334259
TSBD_WSSV_8a1517bc0e,1,0,2,0.85872096,0.0049358336,0.08659709,0.06674426,8.91712e-06,0.0137616955,0,0.1264648139476776,0.11130032,0.06188439,2.2805207e-06,0.011056219,0,0.38322213292121887,0.8021026,0.8713714,0.9999888,0.97518206,0,0.4903130829334259
TSBD_WSSV_cada06cffd,1,0,2,0.86142284,0.004524025,0.08940243,0.066506706,8.908593e-06,0.013884045,0,0.1264648139476776,0.10725544,0.06243187,2.3973932e-06,0.0110616535,0,0.38322213292121887,0.80334216,0.8710615,0.9999887,0.97505426,0,0.4903130829334259
TSBD_WSSV_72abeff3dc,1,0,2,0.85149926,0.005517519,0.08794307,0.08179469,2.1210793e-05,0.01808099,0,0.1264648139476776,0.11257409,0.05586645,1.4658118e-06,0.009730857,0,0.38322213292121887,0.7994829,0.8623389,0.99997735,0.9721881,0,0.4903130829334259
TSBD_WSSV_71629aa3f2,1,1,2,0.8625263,0.0044262297,0.09076198,0.06555367,8.2165725e-06,0.01363898,0,0.1264648139476776,0.1051007,0.06260567,2.3941984e-06,0.010989521,0,0.38322213292121887,0.8041373,0.8718407,0.9999894,0.9753715,1,0.4903130829334259
TSBD_WSSV_bd69e16b82,1,0,2,0.86076194,0.0045259157,0.093308814,0.06879111,1.0075534e-05,0.014674221,0,0.1264648139476776,0.10446568,0.060907405,2.1148971e-06,0.010576426,0,0.38322213292121887,0.8022255,0.8703015,0.9999877,0.9747494,0,0.4903130829334259
TSBD_WSSV_6fd5eb945a,1,0,2,0.85912186,0.00465985,0.098919615,0.06875359,1.0168909e-05,0.01501326,0,0.1264648139476776,0.10134415,0.060888637,2.127849e-06,0.010484492,0,0.38322213292121887,0.7997362,0.87035775,0.9999877,0.9745022,0,0.4903130829334259
TSBD_WSSV_7ed3990ccb,1,0,2,0.64978725,0.038254492,0.06275515,0.091210775,3.5147434e-05,0.019631935,0,0.1264648139476776,0.24630973,0.05536235,1.4643188e-06,0.013402278,0,0.38322213292121887,0.69093513,0.85342693,0.9999634,0.96696573,0,0.4903130829334259
TSBD_WSSV_8b1c70a3bc,1,0,2,0.8304529,0.008769039,0.0753451,0.07268124,1.269848e-05,0.014724746,0,0.1264648139476776,0.13758193,0.060150646,2.007588e-06,0.011544575,0,0.38322213292121887,0.7870731,0.8671681,0.9999852,0.97373074,0,0.4903130829334259
TSBD_WSSV_f583f8e371,1,0,2,0.85788643,0.0047938125,0.101904705,0.06862188,9.8190085e-06,0.015060132,0,0.1264648139476776,0.09979057,0.060886774,2.1128255e-06,0.010419057,0,0.38322213292121887,0.79830474,0.8704913,0.9999881,0.9745208,0,0.4903130829334259
TSBD_WSSV_493953f127,1,0,2,0.85993624,0.00477409,0.08522783,0.06593576,8.33858e-06,0.013425347,0,0.1264648139476776,0.11170797,0.06285928,2.4723472e-06,0.011327048,0,0.38322213292121887,0.8030641,0.871205,0.99998915,0.9752476,0,0.4903130829334259
TSBD_WSSV_1139b0bbb2,1,0,2,0.86115456,0.0045821983,0.08798506,0.06693181,8.901732e-06,0.013844631,0,0.1264648139476776,0.10841422,0.06208788,2.3117575e-06,0.010995886,0,0.38322213292121887,0.8036007,0.8709804,0.9999888,0.9751595,0,0.4903130829334259
TSBD_WSSV_735499e204,1,0,2,0.8129875,0.01029765,0.111452416,0.06896178,1.00817015e-05,0.015904332,0,0.1264648139476776,0.1287324,0.062091008,2.3406424e-06,0.011914457,0,0.38322213292121887,0.75981516,0.8689472,0.9999875,0.97218114,0,0.4903130829334259
TSBD_WSSV_01066cc969,1,0,2,0.86123663,0.004612284,0.087970294,0.06618138,8.59041e-06,0.013672767,0,0.1264648139476776,0.10829218,0.062213562,2.3424436e-06,0.011027982,0,0.38322213292121887,0.8037375,0.8716051,0.99998903,0.97529924,0,0.4903130829334259
TSBD_WSSV_941d089361,1,0,2,0.8524156,0.0056879353,0.0844867,0.06503554,7.988009e-06,0.013220695,0,0.1264648139476776,0.11888397,0.06378553,2.6885546e-06,0.0118794115,0,0.38322213292121887,0.7966293,0.8711789,0.9999893,0.9748999,0,0.4903130829334259
TSBD_WSSV_629e5c7c92,1,0,0,0.76034135,0.011950923,0.79456365,0.71925807,0.9768251,0.85873765,0,0.1264648139476776,0.07114646,0.036266778,2.0729756e-06,0.0070567597,0,0.38322213292121887,0.13428994,0.2444752,0.02317281,0.13420558,0,0.4903130829334259
TSBD_WSSV_cf01831715,1,0,2,0.85344946,0.0053911563,0.091004126,0.070020825,1.0887314e-05,0.014928513,0,0.1264648139476776,0.11241376,0.060747493,2.1181415e-06,0.010868619,0,0.38322213292121887,0.7965821,0.86923164,0.999987,0.9742029,0,0.4903130829334259
TSBD_WSSV_2c0f3e0b28,1,0,2,0.85362893,0.005640786,0.08040695,0.064784944,7.742541e-06,0.0128791,0,0.1264648139476776,0.1205279,0.06380035,2.673557e-06,0.011914104,0,0.38322213292121887,0.7990652,0.8714148,0.9999896,0.97520685,0,0.4903130829334259
TSBD_WSSV_801c0b8b82,1,1,2,0.86196864,0.0044551836,0.09568112,0.0655053,8.2165725e-06,0.013893389,0,0.1264648139476776,0.10138225,0.06253795,2.399744e-06,0.010855271,0,0.38322213292121887,0.8029366,0.8719567,0.9999894,0.9752513,1,0.4903130829334259
TSBD_WSSV_f2274525f7,1,1,2,0.86290646,0.004363003,0.09177093,0.066399455,8.687892e-06,0.013924256,0,0.1264648139476776,0.10382881,0.06199442,2.294682e-06,0.010801465,0,0.38322213292121887,0.80440027,0.8716062,0.99998903,0.97527426,1,0.4903130829334259
TSBD_WSSV_2e17c58aad,1,1,2,0.86256725,0.0043250155,0.09429914,0.06868635,1.0011399e-05,0.014689764,0,0.1264648139476776,0.101954654,0.0606873,2.0595012e-06,0.010407239,0,0.38322213292121887,0.8037462,0.8706263,0.99998796,0.974903,1,0.4903130829334259
TSBD_WSSV_bb9d07b1e5,1,1,2,0.862069,0.0044898177,0.08901509,0.06553979,8.206086e-06,0.013542717,0,0.1264648139476776,0.10696926,0.0627657,2.4727626e-06,0.011142724,0,0.38322213292121887,0.80401564,0.87169456,0.9999893,0.97531456,1,0.4903130829334259
TSBD_WSSV_950d6de8a1,1,0,2,0.84184015,0.0063822605,0.09570416,0.0869123,2.7337303e-05,0.020224223,0,0.1264648139476776,0.114941664,0.054341014,1.3127975e-06,0.009510916,0,0.38322213292121887,0.78935426,0.8587467,0.9999714,0.9702649,0,0.4903130829334259
TSBD_WSSV_0b909fea6f,1,0,2,0.8598982,0.0047425134,0.08786858,0.067180336,9.040999e-06,0.013909215,0,0.1264648139476776,0.109466285,0.06184675,2.289479e-06,0.010996302,0,0.38322213292121887,0.8026651,0.870973,0.9999887,0.97509444,0,0.4903130829334259
TSBD_WSSV_50b41d3123,1,1,2,0.8620027,0.0044497447,0.0903686,0.067723334,9.419745e-06,0.01420596,0,0.1264648139476776,0.10568021,0.06141086,2.197285e-06,0.010732724,0,0.38322213292121887,0.8039512,0.8708658,0.99998844,0.97506136,1,0.4903130829334259
TSBD_WSSV_1d66e28720,1,1,2,0.862558,0.004407581,0.09119103,0.06653452,8.778013e-06,0.013936123,0,0.1264648139476776,0.10459903,0.061931863,2.2861827e-06,0.010817482,0,0.38322213292121887,0.8042099,0.87153363,0.9999889,0.9752464,1,0.4903130829334259
TSBD_WSSV_f9303a9060,1,1,2,0.862889,0.004396146,0.09121127,0.06470251,7.772712e-06,0.013429854,0,0.1264648139476776,0.10444791,0.06310273,2.525556e-06,0.011120729,0,0.38322213292121887,0.80434084,0.87219477,0.99998975,0.9754494,1,0.4903130829334259
TSBD_WSSV_ffd6ae5c1c,1,1,2,0.86214375,0.0044524884,0.09130909,0.06609101,8.544386e-06,0.013827808,0,0.1264648139476776,0.10497522,0.062312845,2.3890157e-06,0.01095865,0,0.38322213292121887,0.8037157,0.8715961,0.99998903,0.9752135,1,0.4903130829334259
TSBD_WSSV_6a97515cc2,1,1,2,0.8626287,0.00443069,0.09050597,0.064678065,7.767273e-06,0.013390137,0,0.1264648139476776,0.10529182,0.06316343,2.5441823e-06,0.0111740595,0,0.38322213292121887,0.8042022,0.8721584,0.99998975,0.97543585,1,0.4903130829334259
TSBD_WSSV_6a19d7effb,1,1,2,0.86147577,0.0045110835,0.09323246,0.06602224,8.448321e-06,0.013896261,0,0.1264648139476776,0.104004234,0.06235374,2.3745558e-06,0.010917103,0,0.38322213292121887,0.8027633,0.8716241,0.99998915,0.9751867,1,0.4903130829334259
TSBD_WSSV_9872bb742f,1,0,2,0.85594785,0.0051255533,0.0866679,0.07193749,1.2117409e-05,0.0151593145,0,0.1264648139476776,0.11286973,0.060047884,2.0056068e-06,0.010697755,0,0.38322213292121887,0.80046237,0.86801463,0.9999858,0.9741429,0,0.4903130829334259
TSBD_WSSV_e44f2c0a8a,1,0,2,0.86135876,0.0045718458,0.08886907,0.06589112,8.416051e-06,0.013639797,0,0.1264648139476776,0.10765569,0.06255358,2.4067315e-06,0.011093366,0,0.38322213292121887,0.80347526,0.87155527,0.99998915,0.9752668,0,0.4903130829334259
TSBD_WSSV_f1294af3d4,1,0,2,0.7852353,0.0063886233,0.16304488,0.22158538,0.002487796,0.092740335,0,0.1264648139476776,0.087914266,0.042093974,7.794294e-07,0.0070466013,0,0.38322213292121887,0.7490409,0.7363206,0.9975114,0.90021306,0,0.4903130829334259
TSBD_WSSV_264790eb51,1,0,2,0.857834,0.004798943,0.09291115,0.07057333,1.1357226e-05,0.015199973,0,0.1264648139476776,0.10739416,0.06051749,2.0782618e-06,0.010624439,0,0.38322213292121887,0.7996947,0.8689092,0.99998665,0.9741756,0,0.4903130829334259
TSBD_WSSV_11430ce0d0,1,1,2,0.86229026,0.004409706,0.09453875,0.06616249,8.584849e-06,0.014018348,0,0.1264648139476776,0.1021036,0.062154703,2.3328173e-06,0.010789844,0,0.38322213292121887,0.8033577,0.8716828,0.99998903,0.9751918,1,0.4903130829334259
TSBD_WSSV_74c3607b95,1,0,2,0.8600139,0.004722899,0.08766276,0.0671383,9.086483e-06,0.013906734,0,0.1264648139476776,0.109584495,0.06197387,2.3658158e-06,0.011082203,0,0.38322213292121887,0.8027527,0.87088776,0.99998856,0.97501105,0,0.4903130829334259
TSBD_WSSV_2c43cd74d0,1,0,2,0.86139995,0.0044934917,0.091623716,0.068033785,9.405311e-06,0.014305351,0,0.1264648139476776,0.10524532,0.06127698,2.173563e-06,0.0106877,0,0.38322213292121887,0.8031309,0.8706892,0.99998844,0.97500694,0,0.4903130829334259
TSBD_WSSV_59d2b7350f,1,1,2,0.86197245,0.0044432953,0.09266217,0.067395404,9.228246e-06,0.014242418,0,0.1264648139476776,0.10387255,0.06141663,2.1870374e-06,0.010659472,0,0.38322213292121887,0.80346525,0.871188,0.9999887,0.9750981,1,0.4903130829334259
TSBD_WSSV_5e189248db,1,1,2,0.86199486,0.004399568,0.093856946,0.06758093,9.231115e-06,0.01432799,0,0.1264648139476776,0.103019044,0.06155458,2.2266363e-06,0.010679932,0,0.38322213292121887,0.803124,0.87086445,0.99998856,0.9749921,1,0.4903130829334259
TSBD_WSSV_9f5ca0e80d,1,0,2,0.8572208,0.004250453,0.113400966,0.08265237,2.1743066e-05,0.019972136,0,0.1264648139476776,0.09158423,0.054703146,1.3078014e-06,0.008772651,0,0.38322213292121887,0.7950148,0.8626445,0.999977,0.97125524,0,0.4903130829334259
TSBD_WSSV_b626137b45,1,1,2,0.86153436,0.0043964777,0.09662684,0.06911266,1.0200231e-05,0.014921017,0,0.1264648139476776,0.1010553,0.060597304,2.0889863e-06,0.010403464,0,0.38322213292121887,0.8023178,0.87029004,0.9999876,0.97467554,1,0.4903130829334259
TSBD_WSSV_27c2a5d56f,1,0,2,0.86092246,0.0044776266,0.09615963,0.06897709,1.016956e-05,0.014876542,0,0.1264648139476776,0.10198621,0.06067233,2.0661919e-06,0.010421887,0,0.38322213292121887,0.8018542,0.87035054,0.99998784,0.97470164,0,0.4903130829334259
TSBD_WSSV_eee60542d7,1,0,2,0.80877745,0.011590859,0.07280226,0.065597415,8.39493e-06,0.012881804,0,0.1264648139476776,0.15913498,0.065897666,3.2228616e-06,0.014014627,0,0.38322213292121887,0.7680628,0.86850494,0.99998844,0.9731036,0,0.4903130829334259
TSBD_WSSV_d9ea0715c2,1,0,2,0.8614333,0.0044800835,0.0932629,0.067901306,9.52921e-06,0.014419217,0,0.1264648139476776,0.103891864,0.06123175,2.1613528e-06,0.010623687,0,0.38322213292121887,0.8028452,0.8708669,0.9999883,0.9749571,0,0.4903130829334259
TSBD_WSSV_514bb3ccf8,1,0,2,0.5741285,0.040858403,0.1330286,0.36765352,0.05093835,0.19444044,0,0.1264648139476776,0.10278846,0.041563544,2.17546e-06,0.008905549,0,0.38322213292121887,0.7641829,0.5907829,0.94905955,0.79665405,0,0.4903130829334259
TSBD_WSSV_d3cfe64d62,1,0,2,0.8607764,0.0045779683,0.09213333,0.06744129,9.21429e-06,0.0142206205,0,0.1264648139476776,0.105421096,0.061546504,2.2042536e-06,0.010746875,0,0.38322213292121887,0.8024456,0.87101215,0.9999887,0.9750325,0,0.4903130829334259
TSBD_WSSV_f825fa69cd,1,1,2,0.8615772,0.00449281,0.08957174,0.06794362,9.5614605e-06,0.014227733,0,0.1264648139476776,0.10671448,0.06147304,2.1967192e-06,0.010775697,0,0.38322213292121887,0.80371374,0.8705833,0.9999883,0.9749966,1,0.4903130829334259
TSBD_WSSV_b899fa53da,1,1,2,0.8620575,0.004446854,0.09194213,0.06677662,8.839884e-06,0.014022883,0,0.1264648139476776,0.10446313,0.061856,2.2616866e-06,0.010786543,0,0.38322213292121887,0.8035948,0.8713674,0.9999889,0.9751905,1,0.4903130829334259
TSBD_WSSV_8b9052d96f,1,0,2,0.74667346,0.019824086,0.059955154,0.050313573,2.927511e-06,0.008838,0,0.1264648139476776,0.2240776,0.085325666,1.1485053e-05,0.02337269,0,0.38322213292121887,0.7159672,0.8643608,0.9999856,0.96778935,0,0.4903130829334259
TSBD_WSSV_376e37e18c,1,0,2,0.8546317,0.0054094363,0.08670689,0.068029806,9.510579e-06,0.0140876295,0,0.1264648139476776,0.1144086,0.061319593,2.1560866e-06,0.01100973,0,0.38322213292121887,0.7988845,0.87065053,0.9999883,0.9749027,0,0.4903130829334259
TSBD_WSSV_33b7d18fc1,1,1,2,0.8614477,0.004414509,0.09316579,0.06998357,1.07465075e-05,0.014970213,0,0.1264648139476776,0.103898846,0.060344137,2.0188681e-06,0.010413763,0,0.38322213292121887,0.8029353,0.86967236,0.99998724,0.97461605,1,0.4903130829334259
TSBD_WSSV_5ae365cdb5,1,0,2,0.85636294,0.004583936,0.09950717,0.079367325,1.8680412e-05,0.018163191,0,0.1264648139476776,0.103287116,0.057201955,1.6822135e-06,0.009811928,0,0.38322213292121887,0.7972057,0.86343074,0.9999796,0.97202486,0,0.4903130829334259
TSBD_WSSV_48983cce39,1,0,2,0.8438584,0.0050081434,0.10480728,0.11491493,9.634219e-05,0.030478163,0,0.1264648139476776,0.1008627,0.048808113,8.700745e-07,0.007979166,0,0.38322213292121887,0.79433,0.83627695,0.99990284,0.96154267,0,0.4903130829334259
TSBD_WSSV_f41afb12de,1,1,2,0.8617449,0.0044333544,0.09197623,0.067877576,9.444562e-06,0.014320989,0,0.1264648139476776,0.104792826,0.061543126,2.216331e-06,0.010733641,0,0.38322213292121887,0.803231,0.8705793,0.9999883,0.97494537,1,0.4903130829334259
TSBD_WSSV_719214e8fc,1,0,2,0.8575888,0.005071666,0.08569364,0.06661074,8.755638e-06,0.013654425,0,0.1264648139476776,0.11303606,0.06219496,2.3528562e-06,0.011215634,0,0.38322213292121887,0.8012703,0.87119424,0.9999889,0.97512996,0,0.4903130829334259
TSBD_WSSV_f9b891c236,1,0,2,0.8587351,0.004924452,0.086794615,0.06612254,8.433992e-06,0.013564531,0,0.1264648139476776,0.11135938,0.062382966,2.3642158e-06,0.0111799585,0,0.38322213292121887,0.80184597,0.87149453,0.99998915,0.9752555,0,0.4903130829334259
TSBD_WSSV_60bf799ad0,1,1,2,0.86185116,0.0044111228,0.095527776,0.067258604,9.0370595e-06,0.014326148,0,0.1264648139476776,0.10174272,0.06168332,2.2410868e-06,0.010658241,0,0.38322213292121887,0.80272955,0.87105805,0.9999887,0.9750156,1,0.4903130829334259
TSBD_WSSV_3221471a09,1,0,2,0.85647786,0.0051947236,0.084718056,0.067344576,9.114934e-06,0.013783562,0,0.1264648139476776,0.11460195,0.0620623,2.2923193e-06,0.0112054115,0,0.38322213292121887,0.80068,0.87059313,0.9999887,0.97501105,0,0.4903130829334259
TSBD_WSSV_81c77d6283,1,0,2,0.8597873,0.0043098517,0.100743845,0.077224225,1.637309e-05,0.017522462,0,0.1264648139476776,0.09909251,0.056937005,1.5520242e-06,0.009481454,0,0.38322213292121887,0.8001636,0.8658387,0.9999821,0.9729961,0,0.4903130829334259
TSBD_WSSV_7ba0bac7cd,1,0,2,0.8568741,0.004815762,0.1086589,0.07066624,1.1223094e-05,0.016040422,0,0.1264648139476776,0.09467088,0.059758406,1.9208435e-06,0.009958152,0,0.38322213292121887,0.79667026,0.8695753,0.9999869,0.9740014,0,0.4903130829334259
TSBD_WSSV_b8b164e72b,1,0,2,0.84867096,0.0059278286,0.11840625,0.06805801,9.576976e-06,0.015780242,0,0.1264648139476776,0.091330715,0.061098944,2.1330065e-06,0.010165314,0,0.38322213292121887,0.790263,0.87084305,0.9999883,0.9740544,0,0.4903130829334259
TSBD_WSSV_7942e3c67c,1,0,2,0.86060965,0.004569375,0.09649488,0.06652153,8.755556e-06,0.014220461,0,0.1264648139476776,0.10201378,0.06208594,2.3154998e-06,0.010773431,0,0.38322213292121887,0.80149126,0.8713925,0.99998903,0.9750061,0,0.4903130829334259
TSBD_WSSV_e572949946,1,0,2,0.85709965,0.0046708426,0.099886514,0.07220076,1.2279902e-05,0.016020188,0,0.1264648139476776,0.10307667,0.06045342,2.0227947e-06,0.010425415,0,0.38322213292121887,0.79703677,0.8673458,0.9999857,0.97355443,0,0.4903130829334259
TSBD_WSSV_a204c36610,1,0,2,0.825707,0.008770939,0.14430177,0.071283996,1.1671623e-05,0.018095931,0,0.1264648139476776,0.083761215,0.059584733,1.8971881e-06,0.009595354,0,0.38322213292121887,0.771937,0.86913127,0.9999864,0.9723087,0,0.4903130829334259
TSBD_WSSV_9c4b4f11b8,1,0,2,0.58130246,0.046013735,0.09160578,0.28135154,0.009868118,0.11330672,0,0.1264648139476776,0.17052115,0.043805603,1.4266241e-06,0.010405103,0,0.38322213292121887,0.73787314,0.67484283,0.9901305,0.8762882,0,0.4903130829334259
TSBD_WSSV_687a703a75,1,0,2,0.8558198,0.005003604,0.09464444,0.07096309,1.1521055e-05,0.015394436,0,0.1264648139476776,0.107815154,0.06035462,2.031397e-06,0.0105872685,0,0.38322213292121887,0.7975405,0.8686822,0.9999864,0.9740183,0,0.4903130829334259
TSBD_WSSV_60273dd644,1,0,2,0.85677546,0.004898687,0.10540142,0.06866855,9.9437275e-06,0.015289783,0,0.1264648139476776,0.09761617,0.060955208,2.0932425e-06,0.010330126,0,0.38322213292121887,0.7969824,0.8703762,0.99998796,0.97438014,0,0.4903130829334259
TSBD_WSSV_c29e86db5b,1,0,2,0.8592917,0.004634791,0.09683619,0.069260314,1.0502853e-05,0.01504744,0,0.1264648139476776,0.10300444,0.060762115,2.0967177e-06,0.010502977,0,0.38322213292121887,0.80015934,0.86997753,0.99998736,0.9744496,0,0.4903130829334259
TSBD_WSSV_79fa511ed0,1,0,2,0.8611962,0.0044564847,0.098270774,0.06818607,9.726036e-06,0.014777863,0,0.1264648139476776,0.099898264,0.060976185,2.1272408e-06,0.010429016,0,0.38322213292121887,0.80183095,0.8708377,0.9999881,0.97479314,0,0.4903130829334259
TSBD_WSSV_58e35ef754,1,0,2,0.627592,0.041035883,0.2767486,0.07133545,1.1785531e-05,0.024085462,0,0.1264648139476776,0.076647475,0.060038052,1.9686113e-06,0.00994182,0,0.38322213292121887,0.646604,0.8686265,0.9999862,0.9659727,0,0.4903130829334259
TSBD_WSSV_1ce4e5b49f,1,0,2,0.5290222,0.054640815,0.17017107,0.07546032,1.9716512e-05,0.024597583,0,0.1264648139476776,0.29888892,0.09277831,2.237645e-05,0.033719458,0,0.38322213292121887,0.53094,0.83176136,0.9999579,0.94168293,0,0.4903130829334259
TSBD_WSSV_ea57134108,1,0,2,0.8572504,0.005169046,0.08311093,0.06539981,8.166418e-06,0.013210205,0,0.1264648139476776,0.11538835,0.06299139,2.526528e-06,0.01152263,0,0.38322213292121887,0.80150074,0.8716088,0.9999893,0.9752672,0,0.4903130829334259
TSBD_WSSV_8b1af1900d,1,0,2,0.8605122,0.004701562,0.086338244,0.065107204,7.905541e-06,0.0132659,0,0.1264648139476776,0.11053556,0.06326894,2.5286333e-06,0.011368015,0,0.38322213292121887,0.80312616,0.8716238,0.9999896,0.97536606,0,0.4903130829334259
TSBD_WSSV_2f46cb1b79,1,0,2,0.86020446,0.0045791445,0.09485202,0.06829484,9.658404e-06,0.014591594,0,0.1264648139476776,0.10379986,0.061216764,2.1544647e-06,0.0106196245,0,0.38322213292121887,0.80134815,0.87048835,0.9999882,0.9747888,0,0.4903130829334259
TSBD_WSSV_383e727d4a,1,0,2,0.85594684,0.0045005847,0.10105328,0.0839061,2.2981016e-05,0.019527862,0,0.1264648139476776,0.10179061,0.055299792,1.3737945e-06,0.009238227,0,0.38322213292121887,0.7971561,0.86079407,0.99997556,0.97123396,0,0.4903130829334259
TSBD_WSSV_b076b7af44,1,1,2,0.8623364,0.0043263026,0.09465732,0.06954788,1.0582573e-05,0.01495916,0,0.1264648139476776,0.10183384,0.060244963,2.0039197e-06,0.010313589,0,0.38322213292121887,0.8035088,0.87020725,0.99998736,0.9747273,1,0.4903130829334259
TSBD_WSSV_6a65b3c303,1,0,2,0.8588821,0.0047288267,0.08885895,0.07292622,1.26661525e-05,0.015511586,0,0.1264648139476776,0.10866467,0.059215214,1.850248e-06,0.01031469,0,0.38322213292121887,0.80247635,0.86785847,0.99998546,0.9741738,0,0.4903130829334259
TSBD_WSSV_d552ad13be,1,0,2,0.8559178,0.005218245,0.08499654,0.06907347,1.0268436e-05,0.014298099,0,0.1264648139476776,0.11458055,0.06135132,2.1996839e-06,0.011058053,0,0.38322213292121887,0.80042297,0.86957526,0.9999876,0.9746438,0,0.4903130829334259
TSBD_WSSV_64069923e3,1,0,2,0.8068296,0.008228743,0.1876388,0.11067836,7.933617e-05,0.03602196,0,0.1264648139476776,0.07577049,0.04864706,8.164095e-07,0.0072537744,0,0.38322213292121887,0.7365907,0.8406746,0.9999198,0.9567242,0,0.4903130829334259
