sample_id,tri_consensus,selected,consensus_class,tri_score,source_ema_js,p_source_BG,p_ema_BG,p_proto_BG,q_consensus_BG,selected_BG,target_prior_BG,p_source_Healthy,p_ema_Healthy,p_proto_Healthy,q_consensus_Healthy,selected_Healthy,target_prior_Healthy,p_source_WSSV,p_ema_WSSV,p_proto_WSSV,q_consensus_WSSV,selected_WSSV,target_prior_WSSV
TSBD_BG_b9ded89290,0,0,0,0.09294529,0.28161833,0.08357923,0.49110627,0.3372495,0.37390476,0,0.06142575666308403,0.6890771,0.036059428,8.2285505e-06,0.028875144,0,0.12374094128608704,0.22734374,0.47283435,0.6627423,0.5972201,0,0.8148333430290222
TSBD_BG_ec6804e1c1,1,1,0,0.87416595,0.007408333,0.8424377,0.9195969,0.9999871,0.9808726,1,0.06142575666308403,0.09091232,0.04156097,7.28004e-06,0.010481174,0,0.12374094128608704,0.066649966,0.03884216,5.5755277e-06,0.008646297,0,0.8148333430290222
TSBD_BG_e6c7f786d1,1,1,1,0.81556356,0.011364652,0.12545319,0.057758823,6.4536252e-06,0.013849871,0,0.06142575666308403,0.7710505,0.88309556,0.9999887,0.97379947,1,0.12374094128608704,0.103496276,0.059145607,4.831326e-06,0.01235066,0,0.8148333430290222
TSBD_BG_27046d49de,1,1,0,0.8164152,0.014447001,0.79518855,0.913604,0.99997747,0.97610044,1,0.06142575666308403,0.08165606,0.03450244,3.0092174e-06,0.007923366,0,0.12374094128608704,0.12315531,0.051893555,1.9503754e-05,0.015976222,0,0.8148333430290222
TSBD_BG_ef94f9e30a,1,0,2,0.860511,0.0073422464,0.08639501,0.055440072,9.215835e-06,0.0124966595,0,0.06142575666308403,0.09419592,0.043927632,2.2721083e-06,0.008766463,0,0.12374094128608704,0.8194091,0.90063226,0.99998856,0.97873694,0,0.8148333430290222
TSBD_BG_014cc1626a,1,0,2,0.85546964,0.007852989,0.0839746,0.061466996,1.3995383e-05,0.014115634,0,0.06142575666308403,0.09921837,0.041700453,1.8336005e-06,0.008369399,0,0.12374094128608704,0.81680703,0.8968326,0.99998426,0.977515,0,0.8148333430290222
TSBD_BG_ab942e7799,1,1,2,0.8644705,0.0061230985,0.08010112,0.03766884,2.3423572e-06,0.007782537,0,0.06142575666308403,0.101380765,0.070224516,2.069479e-05,0.017294247,0,0.12374094128608704,0.8185181,0.89210665,0.9999769,0.9749232,1,0.8148333430290222
TSBD_BG_92d3bac25d,1,0,2,0.36021307,0.08186732,0.108557135,0.035687458,1.3935633e-05,0.012325439,0,0.06142575666308403,0.103697635,0.44827563,0.4088296,0.2964064,0,0.12374094128608704,0.7877453,0.5160369,0.5911564,0.6912682,0,0.8148333430290222
TSBD_BG_3179613a58,1,1,0,0.55070496,0.061814483,0.6327276,0.9087942,0.99997354,0.9666295,1,0.06142575666308403,0.06937848,0.038125664,4.6679947e-06,0.009190296,0,0.12374094128608704,0.2978939,0.053080104,2.1825404e-05,0.02418022,0,0.8148333430290222
TSBD_BG_72fcb5ad43,1,1,1,0.84016573,0.0077731106,0.10880073,0.05960605,7.807784e-06,0.013799199,0,0.06142575666308403,0.78751427,0.8797487,0.99998665,0.973413,1,0.12374094128608704,0.10368501,0.06064526,5.584076e-06,0.012787807,0,0.8148333430290222
TSBD_BG_1adf4fa166,0,0,0,0.23639594,0.16681044,0.38768467,0.7449083,0.97776663,0.8379375,0,0.06142575666308403,0.102422215,0.222833,0.02222936,0.14333916,0,0.12374094128608704,0.5098931,0.032258756,3.9411543e-06,0.018723395,0,0.8148333430290222
TSBD_BG_19f57a7d83,0,0,1,0.2934896,0.14367439,0.06530067,0.061766304,8.4519415e-06,0.014555112,0,0.06142575666308403,0.4269971,0.8812807,0.9999875,0.9605362,0,0.12374094128608704,0.50770223,0.056952987,4.1134635e-06,0.024908734,0,0.8148333430290222
TSBD_BG_b06b80d500,1,1,1,0.82835835,0.009514019,0.10469443,0.062079165,8.783834e-06,0.014236546,0,0.06142575666308403,0.7798502,0.881631,0.99998724,0.97375745,1,0.12374094128608704,0.115455374,0.056289777,3.9350743e-06,0.012005982,0,0.8148333430290222
TSBD_BG_5c745e387f,1,1,0,0.58352727,0.056085616,0.6654445,0.9167128,0.99998105,0.97166896,1,0.06142575666308403,0.2825834,0.04966497,1.5972695e-05,0.021292435,0,0.12374094128608704,0.051972114,0.033622194,2.9363055e-06,0.0070386194,0,0.8148333430290222
TSBD_BG_c333741c9b,1,0,1,0.6410412,0.012277011,0.4108663,0.30275905,0.012966017,0.21291173,0,0.06142575666308403,0.51516634,0.66224056,0.9870322,0.77956855,0,0.12374094128608704,0.073967345,0.035000414,1.8377633e-06,0.007519761,0,0.8148333430290222
TSBD_BG_a3ac70c2de,1,0,1,0.4259308,0.090025075,0.06909414,0.07402755,1.7702972e-05,0.017345907,0,0.06142575666308403,0.53823185,0.86897075,0.9999782,0.9614931,0,0.12374094128608704,0.39267406,0.057001684,4.1171334e-06,0.021160992,0,0.8148333430290222
TSBD_BG_6ff47981ea,0,0,0,0.15023948,0.2585423,0.2285821,0.9005388,0.9999355,0.92765105,0,0.06142575666308403,0.6630519,0.067561135,6.217385e-05,0.06050985,0,0.12374094128608704,0.10836597,0.031900056,2.296175e-06,0.011839109,0,0.8148333430290222
TSBD_BG_64274bed67,0,0,1,0.21916649,0.19198559,0.05344303,0.11569844,0.000118892814,0.03252437,0,0.06142575666308403,0.3638513,0.84040976,0.99987936,0.9467875,0,0.12374094128608704,0.5827056,0.04389177,1.675401e-06,0.020688156,0,0.8148333430290222
TSBD_BG_7031e4d230,1,1,0,0.65838605,0.04047513,0.7002758,0.91567546,0.99998534,0.97355807,1,0.06142575666308403,0.111657,0.042885277,7.699198e-06,0.01225528,0,0.12374094128608704,0.18806715,0.041439272,6.9420344e-06,0.01418658,0,0.8148333430290222
TSBD_BG_03136a4786,1,0,2,0.86005956,0.007440266,0.07715502,0.05317792,7.741638e-06,0.011384381,0,0.06142575666308403,0.10272302,0.04662592,3.0028712e-06,0.009814305,0,0.12374094128608704,0.820122,0.9001962,0.9999893,0.97880137,0,0.8148333430290222
TSBD_BG_daacfdf534,1,0,2,0.8057049,0.012798381,0.077774584,0.11838431,0.00021548005,0.032374583,0,0.06142575666308403,0.11952277,0.039768923,1.8959785e-06,0.008937504,0,0.12374094128608704,0.8027026,0.84184676,0.9997826,0.9586879,0,0.8148333430290222
TSBD_BG_873a3617a3,1,0,2,0.85285074,0.008481038,0.07177213,0.05114623,6.733693e-06,0.010622359,0,0.06142575666308403,0.11217607,0.0481725,3.5158203e-06,0.010615725,0,0.12374094128608704,0.81605184,0.9006812,0.99998987,0.97876185,0,0.8148333430290222
TSBD_BG_abfa756b67,0,0,0,0.41016346,0.054732777,0.23305716,0.54592335,0.55687106,0.44296634,0,0.06142575666308403,0.08869638,0.029790653,3.9147503e-06,0.007953212,0,0.12374094128608704,0.6782465,0.42428607,0.443125,0.5490805,0,0.8148333430290222
TSBD_BG_897409ab6a,0,0,2,0.16718519,0.24201098,0.062316958,0.05032934,6.449876e-06,0.014118354,0,0.06142575666308403,0.6553837,0.047720097,3.3408967e-06,0.027536202,0,0.12374094128608704,0.28229934,0.90195054,0.9999902,0.9583454,0,0.8148333430290222
TSBD_BG_029a32b87f,1,0,2,0.79983145,0.015471039,0.15309772,0.057398237,1.0547019e-05,0.016206652,0,0.06142575666308403,0.071947716,0.042888016,2.0548387e-06,0.007868404,0,0.12374094128608704,0.7749546,0.89971364,0.9999875,0.9759249,0,0.8148333430290222
TSBD_BG_ad84846145,1,0,2,0.8398097,0.009606771,0.1145936,0.052094284,7.5144e-06,0.012980568,0,0.06142575666308403,0.085316576,0.050781664,4.3597774e-06,0.010379484,0,0.12374094128608704,0.80008984,0.89712405,0.9999881,0.97663987,0,0.8148333430290222
TSBD_BG_6250909f04,1,1,1,0.7263565,0.024341457,0.14899054,0.059029624,7.1455324e-06,0.0155785745,0,0.06142575666308403,0.70657074,0.8825233,0.9999882,0.97031784,1,0.12374094128608704,0.14443868,0.058447137,4.691525e-06,0.014103575,0,0.8148333430290222
TSBD_Healthy_c7fd512124,1,1,2,0.86329806,0.003427415,0.07494864,0.037291523,3.1080872e-06,0.0080505395,0,0.06142575666308403,0.10934354,0.11776911,0.00024451397,0.036909394,0,0.12374094128608704,0.81570774,0.84493935,0.99975234,0.9550401,1,0.8148333430290222
TSBD_Healthy_1ab857c1ee,0,0,1,0.16727889,0.24595092,0.055309556,0.037159946,1.6169415e-06,0.009907967,0,0.06142575666308403,0.18909447,0.8479707,0.9998971,0.8960492,0,0.12374094128608704,0.755596,0.11486938,0.00010127511,0.09404281,0,0.8148333430290222
TSBD_Healthy_a4108c60ab,0,0,1,0.09650982,0.3329301,0.06280876,0.054674413,5.1722695e-06,0.017575098,0,0.06142575666308403,0.14328113,0.8825556,0.9999888,0.9356226,0,0.12374094128608704,0.7939101,0.062770024,5.991532e-06,0.046802342,0,0.8148333430290222
TSBD_Healthy_603954b4fc,0,0,1,0.15728702,0.2547063,0.07808796,0.043233793,3.8313133e-06,0.015445244,0,0.06142575666308403,0.12386453,0.79548943,0.9994618,0.8154,0,0.12374094128608704,0.79804754,0.16127679,0.0005343576,0.1691548,0,0.8148333430290222
TSBD_Healthy_a7669a6337,0,0,1,0.15702672,0.25555363,0.060112048,0.042719252,2.4216683e-06,0.011883365,0,0.06142575666308403,0.19029526,0.85670066,0.99994683,0.9104742,0,0.12374094128608704,0.7495927,0.10058009,5.074602e-05,0.077642396,0,0.8148333430290222
TSBD_Healthy_0969d7950f,0,0,1,0.10865573,0.314022,0.06416486,0.05164122,4.2637366e-06,0.016036684,0,0.06142575666308403,0.15789081,0.880593,0.9999871,0.9339567,0,0.12374094128608704,0.7779443,0.067765795,8.658371e-06,0.050006665,0,0.8148333430290222
TSBD_Healthy_3535a7f645,1,1,1,0.55228263,0.059381902,0.059918914,0.05932526,7.2085854e-06,0.011848371,0,0.06142575666308403,0.6259171,0.88258594,0.9999883,0.96906716,1,0.12374094128608704,0.31416398,0.058088746,4.510815e-06,0.019084487,0,0.8148333430290222
TSBD_Healthy_28874652ec,0,0,1,0.10831269,0.31512782,0.07293477,0.03859837,1.7292629e-06,0.013314611,0,0.06142575666308403,0.109772086,0.8489143,0.99991155,0.8768523,0,0.12374094128608704,0.8172931,0.11248728,8.6727545e-05,0.10983312,0,0.8148333430290222
TSBD_Healthy_c9a3ba4645,0,0,1,0.26906088,0.16012831,0.05967534,0.059277415,7.0442e-06,0.01366412,0,0.06142575666308403,0.3977286,0.8829513,0.9999887,0.9598712,0,0.12374094128608704,0.5425961,0.057771243,4.272768e-06,0.02646464,0,0.8148333430290222
TSBD_Healthy_ec9cff4659,0,0,1,0.26728818,0.16032195,0.09102735,0.057252698,6.298115e-06,0.015539748,0,0.06142575666308403,0.3717976,0.8777444,0.9999863,0.95280766,0,0.12374094128608704,0.5371751,0.06500297,7.427259e-06,0.031652622,0,0.8148333430290222
TSBD_Healthy_d0dd7481d3,1,1,1,0.8266171,0.009901242,0.12694225,0.059976637,7.5139646e-06,0.014530351,0,0.06142575666308403,0.7798962,0.8828413,0.9999883,0.97410834,1,0.12374094128608704,0.09316155,0.05718205,4.2014153e-06,0.011361277,0,0.8148333430290222
TSBD_Healthy_9b9c4b2008,0,0,1,0.21277572,0.20607105,0.059750758,0.054668758,1.1921522e-05,0.017466508,0,0.06142575666308403,0.18057387,0.7823305,0.9992132,0.8222869,0,0.12374094128608704,0.75967544,0.16300072,0.00077487953,0.16024663,0,0.8148333430290222
TSBD_Healthy_6af33a64f0,0,0,1,0.36809278,0.082449555,0.069958486,0.03929788,2.0702088e-05,0.0122722965,0,0.06142575666308403,0.12512177,0.49073258,0.65678334,0.37238652,0,0.12374094128608704,0.8049197,0.46996948,0.34319597,0.6153412,0,0.8148333430290222
TSBD_Healthy_11508a2a47,1,1,0,0.8497877,0.010704506,0.8267609,0.91946477,0.9999875,0.9802921,1,0.06142575666308403,0.10732381,0.040228743,6.0173497e-06,0.01060105,0,0.12374094128608704,0.065915346,0.040306564,6.578306e-06,0.009106886,0,0.8148333430290222
TSBD_Healthy_9c80ffce77,0,0,1,0.34695557,0.105929926,0.07677273,0.100491025,0.00082145265,0.044089556,0,0.06142575666308403,0.11863787,0.5158311,0.83721197,0.42836413,0,0.12374094128608704,0.80458945,0.38367787,0.16196652,0.52754635,0,0.8148333430290222
TSBD_Healthy_fdc6d1fa33,1,1,1,0.73723215,0.023920884,0.07370603,0.0663416,1.0851902e-05,0.013811996,0,0.06142575666308403,0.7347286,0.8799667,0.99998593,0.972475,1,0.12374094128608704,0.19156536,0.05369174,3.1672555e-06,0.013712964,0,0.8148333430290222
TSBD_Healthy_8c646c1060,1,0,0,0.34232137,0.12134884,0.49473158,0.91825,0.9999863,0.96591127,0,0.06142575666308403,0.3809058,0.043098483,8.239475e-06,0.021406742,0,0.12374094128608704,0.124362595,0.038651492,5.447868e-06,0.012682011,0,0.8148333430290222
TSBD_Healthy_1b2ea804f3,0,0,1,0.17637147,0.23335123,0.064314894,0.060584374,7.506867e-06,0.016219597,0,0.06142575666308403,0.27401105,0.88208175,0.99998844,0.9520805,0,0.12374094128608704,0.661674,0.05733387,4.1006556e-06,0.031699903,0,0.8148333430290222
TSBD_Healthy_181a36e89e,0,0,1,0.18389298,0.22677612,0.058646195,0.058871064,6.8324466e-06,0.015035811,0,0.06142575666308403,0.28358597,0.88182074,0.9999883,0.95220757,0,0.12374094128608704,0.65776783,0.05930823,4.797362e-06,0.03275665,0,0.8148333430290222
TSBD_Healthy_b13db56cba,1,1,2,0.87043536,0.0028636467,0.07216209,0.03942506,3.6073131e-06,0.008391656,0,0.06142575666308403,0.1136968,0.10267135,0.00012364158,0.030690366,0,0.12374094128608704,0.81414104,0.8579036,0.9998728,0.960918,1,0.8148333430290222
TSBD_Healthy_e91e5f3d2c,1,1,1,0.8266197,0.009840339,0.11576541,0.059229564,7.0613987e-06,0.013823924,0,0.06142575666308403,0.7787434,0.8830795,0.9999887,0.97419345,1,0.12374094128608704,0.10549128,0.05769096,4.3136165e-06,0.011982598,0,0.8148333430290222
TSBD_Healthy_b9f53cb41a,1,1,1,0.6664584,0.035647035,0.24414147,0.062230542,8.402848e-06,0.019800829,0,0.06142575666308403,0.6843933,0.8823581,0.99998796,0.9698799,1,0.12374094128608704,0.07146523,0.055411354,3.6005758e-06,0.010319262,0,0.8148333430290222
TSBD_Healthy_eb22129a24,1,1,0,0.78703606,0.020104263,0.7926919,0.9194082,0.99998724,0.97903365,1,0.06142575666308403,0.15337472,0.04125915,6.8854365e-06,0.012650787,0,0.12374094128608704,0.053933315,0.039332673,5.859141e-06,0.008315516,0,0.8148333430290222
TSBD_Healthy_968a78b93d,1,1,1,0.7564086,0.020541998,0.08214213,0.0600408,7.49217e-06,0.012695141,0,0.06142575666308403,0.73919094,0.88296443,0.99998844,0.9728711,1,0.12374094128608704,0.17866696,0.05699474,4.107748e-06,0.014433742,0,0.8148333430290222
TSBD_Healthy_c7a3a188a8,1,1,0,0.5718009,0.059028324,0.6629199,0.9183174,0.99998605,0.97349536,1,0.06142575666308403,0.27735636,0.043612022,8.797715e-06,0.01775158,0,0.12374094128608704,0.059723813,0.038070682,5.1147076e-06,0.008753034,0,0.8148333430290222
TSBD_Healthy_f55a2f1b43,1,0,2,0.8623857,0.007104232,0.08161274,0.04807325,5.4722113e-06,0.01034575,0,0.06142575666308403,0.09837659,0.050364256,4.298372e-06,0.010746958,0,0.12374094128608704,0.8200107,0.9015625,0.9999902,0.9789073,0,0.8148333430290222
TSBD_Healthy_11a0ec4d06,1,1,2,0.86396545,0.005868916,0.096809514,0.053818263,8.53302e-06,0.012683496,0,0.06142575666308403,0.088772155,0.05569986,6.905369e-06,0.011978352,0,0.12374094128608704,0.8144183,0.89048195,0.9999845,0.9753381,1,0.8148333430290222
TSBD_Healthy_dda7c6bbc5,0,0,1,0.14344242,0.26996657,0.05548418,0.04521348,2.6918735e-06,0.0121130925,0,0.06142575666308403,0.19663145,0.8731886,0.99997747,0.92937183,0,0.12374094128608704,0.74788433,0.081597865,1.9782385e-05,0.058515042,0,0.8148333430290222
TSBD_Healthy_b83d452fe7,1,1,2,0.8630337,0.0069913715,0.08240524,0.046180595,4.638035e-06,0.009862799,0,0.06142575666308403,0.09747196,0.052383244,5.091166e-06,0.011278472,0,0.12374094128608704,0.8201228,0.90143615,0.9999902,0.9788587,1,0.8148333430290222
TSBD_Healthy_ec04a77054,1,1,1,0.83719176,0.008551028,0.09562996,0.059281193,7.0291353e-06,0.012875712,0,0.06142575666308403,0.78826684,0.88324213,0.9999888,0.9748571,1,0.12374094128608704,0.11610315,0.057476725,4.212475e-06,0.012267175,0,0.8148333430290222
TSBD_Healthy_63480c13ab,1,1,1,0.79515964,0.014749788,0.078883,0.059201796,7.059406e-06,0.012159131,0,0.06142575666308403,0.764525,0.8832655,0.9999887,0.9740499,1,0.12374094128608704,0.15659198,0.0575327,4.256475e-06,0.013790975,0,0.8148333430290222
TSBD_Healthy_a334fe0843,1,1,1,0.8260905,0.009946873,0.12248234,0.05896579,6.9712078e-06,0.014033984,0,0.06142575666308403,0.7790046,0.8829686,0.99998856,0.9741753,1,0.12374094128608704,0.09851302,0.05806561,4.422287e-06,0.011790698,0,0.8148333430290222
TSBD_Healthy_af48f4f88b,1,1,1,0.72342795,0.025302373,0.21088248,0.06632963,1.0820159e-05,0.02009471,0,0.06142575666308403,0.71294695,0.8808627,0.9999863,0.97012985,1,0.12374094128608704,0.07617053,0.0528077,2.9256128e-06,0.009775407,0,0.8148333430290222
TSBD_Healthy_58fc6d9018,1,0,2,0.84765244,0.008480788,0.09163513,0.033144012,1.4733786e-06,0.007038912,0,0.06142575666308403,0.09640304,0.0780722,3.3636883e-05,0.019695047,0,0.12374094128608704,0.8119619,0.8887838,0.99996495,0.973266,0,0.8148333430290222
TSBD_Healthy_ed8a98aaef,1,1,2,0.8631341,0.005933048,0.07967423,0.03284513,1.4525223e-06,0.0066379565,0,0.06142575666308403,0.10008814,0.08437729,4.9975566e-05,0.022306101,0,0.12374094128608704,0.82023764,0.8827776,0.9999486,0.9710559,1,0.8148333430290222
TSBD_Healthy_c1a36abd3d,0,0,1,0.14518324,0.26876754,0.064444035,0.034529787,1.3501036e-06,0.0105456235,0,0.06142575666308403,0.13755926,0.828577,0.9997713,0.8576283,0,0.12374094128608704,0.79799676,0.13689323,0.00022733006,0.13182607,0,0.8148333430290222
TSBD_Healthy_ba89f16ead,1,1,1,0.83062184,0.009374889,0.0986124,0.058690995,6.872004e-06,0.012925154,0,0.06142575666308403,0.78268546,0.8831957,0.9999887,0.9744645,1,0.12374094128608704,0.11870221,0.058113288,4.490455e-06,0.012610387,0,0.8148333430290222
TSBD_Healthy_ff7717e05f,1,1,0,0.8291553,0.013655922,0.81511486,0.9189849,0.9999871,0.9798182,1,0.06142575666308403,0.121381015,0.0394269,5.4407433e-06,0.010799965,0,0.12374094128608704,0.06350407,0.04158818,7.416273e-06,0.009381785,0,0.8148333430290222
TSBD_Healthy_9697828448,0,0,1,0.082879186,0.35679603,0.07458163,0.053386502,4.7867684e-06,0.019481985,0,0.06142575666308403,0.11494291,0.88245493,0.9999883,0.92808676,0,0.12374094128608704,0.8104755,0.064158574,6.871281e-06,0.052431263,0,0.8148333430290222
TSBD_Healthy_0dc7202194,1,1,1,0.7879012,0.015299808,0.094386585,0.056075223,5.805729e-06,0.012206507,0,0.06142575666308403,0.75238335,0.88282275,0.99998856,0.97286016,1,0.12374094128608704,0.15323009,0.06110202,5.617497e-06,0.0149333915,0,0.8148333430290222
TSBD_Healthy_aafafefd6f,0,0,1,0.16436417,0.24754678,0.083778,0.03319662,1.4679359e-06,0.011248552,0,0.06142575666308403,0.13710101,0.805806,0.9994248,0.8239207,0,0.12374094128608704,0.77912104,0.16099739,0.00057372235,0.16483067,0,0.8148333430290222
TSBD_Healthy_3e37e6f481,0,0,1,0.18125659,0.22963214,0.05988554,0.054156102,5.1048223e-06,0.01389166,0,0.06142575666308403,0.2737151,0.882493,0.9999883,0.94968086,0,0.12374094128608704,0.6663993,0.06335089,6.5598556e-06,0.036427453,0,0.8148333430290222
TSBD_Healthy_d5c6d15d07,1,0,2,0.8578773,0.007776141,0.09275365,0.04396504,3.8393578e-06,0.009689373,0,0.06142575666308403,0.08975292,0.05376137,5.7868724e-06,0.01138275,0,0.12374094128608704,0.8174934,0.9022736,0.99999034,0.97892785,0,0.8148333430290222
TSBD_Healthy_968206666f,1,0,2,0.37351963,0.06959747,0.06906931,0.028668044,5.5277565e-06,0.00779533,0,0.06142575666308403,0.12930739,0.45976081,0.4888075,0.330203,0,0.12374094128608704,0.8016233,0.51157117,0.51118696,0.6620017,0,0.8148333430290222
TSBD_Healthy_cacd4fa5f3,0,0,1,0.2765232,0.15828645,0.056889582,0.04633281,3.0189074e-06,0.010324463,0,0.06142575666308403,0.36970526,0.87418056,0.99997854,0.9472271,0,0.12374094128608704,0.57340515,0.079486646,1.8467528e-05,0.04244843,0,0.8148333430290222
TSBD_Healthy_c00e285b89,1,1,2,0.8635275,0.007076243,0.084899895,0.049491167,5.840205e-06,0.010759182,0,0.06142575666308403,0.09340033,0.047727052,3.2792652e-06,0.009751247,0,0.12374094128608704,0.82169974,0.9027817,0.9999908,0.97948956,1,0.8148333430290222
TSBD_Healthy_e318b96772,1,0,2,0.8570562,0.007964517,0.07673448,0.048178278,5.3365266e-06,0.01009176,0,0.06142575666308403,0.10547722,0.049066715,3.7682069e-06,0.010608939,0,0.12374094128608704,0.81778836,0.902755,0.9999908,0.9792993,0,0.8148333430290222
TSBD_Healthy_f874d1c34c,1,0,2,0.8611295,0.0073853685,0.083545074,0.05011196,6.1534847e-06,0.010879096,0,0.06142575666308403,0.096379355,0.047269862,3.1582492e-06,0.009749206,0,0.12374094128608704,0.8200756,0.9026181,0.9999907,0.97937167,0,0.8148333430290222
TSBD_Healthy_a486752b98,1,0,2,0.8576733,0.007905876,0.07706564,0.049903654,6.1704254e-06,0.01056743,0,0.06142575666308403,0.10417796,0.047518507,3.2896507e-06,0.010129438,0,0.12374094128608704,0.8187564,0.9025778,0.99999046,0.9793031,0,0.8148333430290222
TSBD_Healthy_79eca515b7,1,0,2,0.8627626,0.007111556,0.084588006,0.0497749,5.9467934e-06,0.010817851,0,0.06142575666308403,0.09470125,0.04811838,3.3966667e-06,0.009909389,0,0.12374094128608704,0.8207107,0.90210676,0.9999907,0.9792727,0,0.8148333430290222
TSBD_Healthy_28f91e3b3c,1,0,2,0.8621347,0.0072895773,0.08157293,0.048940085,5.610117e-06,0.0104737375,0,0.06142575666308403,0.09736378,0.04809863,3.4612701e-06,0.010038366,0,0.12374094128608704,0.8210633,0.9029613,0.99999094,0.9794879,0,0.8148333430290222
TSBD_Healthy_b4c784db60,1,0,2,0.73619926,0.02092931,0.08286372,0.028007168,1.907828e-06,0.006610558,0,0.06142575666308403,0.09783744,0.22570048,0.008197526,0.095484845,0,0.12374094128608704,0.81929886,0.74629235,0.9918006,0.89790463,0,0.8148333430290222
TSBD_Healthy_46afbf57c8,1,1,2,0.8628598,0.0070149554,0.079784535,0.043430448,3.7266007e-06,0.009078463,0,0.06142575666308403,0.10023852,0.05509276,6.5895606e-06,0.012265823,0,0.12374094128608704,0.8199769,0.90147686,0.99998975,0.9786557,1,0.8148333430290222
TSBD_Healthy_5238685a4f,0,0,1,0.13461114,0.2800396,0.077465005,0.035602693,1.7722109e-06,0.01266336,0,0.06142575666308403,0.10696208,0.8097928,0.9995382,0.8174295,0,0.12374094128608704,0.8155729,0.1546045,0.00046003313,0.16990711,0,0.8148333430290222
TSBD_Healthy_115a1b2ce7,1,0,2,0.8522087,0.005369054,0.073422484,0.028961007,1.0660822e-06,0.005750345,0,0.06142575666308403,0.11073109,0.12613037,0.00033359378,0.040624335,0,0.12374094128608704,0.81584644,0.84490865,0.9996654,0.9536253,0,0.8148333430290222
TSBD_Healthy_2b0f2e29de,1,0,2,0.85916823,0.0076434696,0.07713972,0.047815558,5.14531e-06,0.009999227,0,0.06142575666308403,0.10400041,0.0497422,4.0166597e-06,0.010754546,0,0.12374094128608704,0.8188598,0.9024423,0.9999908,0.97924626,0,0.8148333430290222
TSBD_Healthy_2cb9913a0d,1,0,2,0.84670687,0.009210529,0.06990073,0.043835554,3.8721414e-06,0.008806601,0,0.06142575666308403,0.12080222,0.054391414,6.2285276e-06,0.012924671,0,0.12374094128608704,0.8092971,0.901773,0.99999,0.97826874,0,0.8148333430290222
TSBD_Healthy_f7b6201d8c,1,0,2,0.8519652,0.008017749,0.085470125,0.061481968,1.3992759e-05,0.014239259,0,0.06142575666308403,0.102846235,0.044127617,2.3828297e-06,0.009184163,0,0.12374094128608704,0.8116836,0.89439034,0.99998367,0.97657657,0,0.8148333430290222
TSBD_Healthy_1cb0a1deed,1,0,2,0.75375146,0.019500293,0.06108416,0.042871565,3.8951957e-06,0.008638517,0,0.06142575666308403,0.21523295,0.083083995,4.1805513e-05,0.029062286,0,0.12374094128608704,0.7236829,0.8740444,0.9999542,0.9622992,0,0.8148333430290222
TSBD_Healthy_e53d9705ff,1,0,2,0.85976964,0.0074440045,0.08165953,0.052991174,7.6084502e-06,0.011557937,0,0.06142575666308403,0.09939381,0.04636505,2.8736742e-06,0.009595692,0,0.12374094128608704,0.8189467,0.90064377,0.9999895,0.97884643,0,0.8148333430290222
TSBD_Healthy_fea6d00053,1,0,2,0.8607429,0.0070688725,0.08236012,0.040895864,2.895201e-06,0.008507317,0,0.06142575666308403,0.1004351,0.06023915,9.812402e-06,0.013856717,0,0.12374094128608704,0.8172047,0.898865,0.99998736,0.977636,0,0.8148333430290222
TSBD_Healthy_f69458ce94,1,0,2,0.8602497,0.0074136844,0.08068645,0.050491918,6.4219485e-06,0.010883147,0,0.06142575666308403,0.10019489,0.048091844,3.422404e-06,0.010127109,0,0.12374094128608704,0.81911874,0.9014163,0.9999901,0.9789898,0,0.8148333430290222
TSBD_Healthy_bb30558caa,1,0,2,0.8581722,0.007822597,0.07785549,0.05210139,7.1486943e-06,0.0111358855,0,0.06142575666308403,0.10271683,0.045988634,2.7830583e-06,0.009605452,0,0.12374094128608704,0.81942767,0.90191,0.9999901,0.97925866,0,0.8148333430290222
TSBD_Healthy_f8b382f850,1,1,2,0.8636928,0.0059950817,0.074303955,0.037603065,2.2536528e-06,0.0075268336,0,0.06142575666308403,0.110366054,0.07150003,2.1467673e-05,0.018118298,0,0.12374094128608704,0.81532997,0.8908969,0.9999763,0.97435486,1,0.8148333430290222
TSBD_Healthy_4e764a8c1f,1,0,2,0.8624818,0.007214401,0.082500994,0.048387498,5.393514e-06,0.010380136,0,0.06142575666308403,0.09654123,0.048802417,3.6857118e-06,0.010202118,0,0.12374094128608704,0.8209578,0.9028101,0.99999094,0.97941774,0,0.8148333430290222
TSBD_Healthy_63950b8869,1,0,2,0.8625384,0.0071275374,0.087246574,0.05314074,7.844812e-06,0.01190376,0,0.06142575666308403,0.092036635,0.04517279,2.6094754e-06,0.009045959,0,0.12374094128608704,0.8207168,0.90168655,0.9999895,0.9790503,0,0.8148333430290222
TSBD_Healthy_ea2ac521c5,1,0,2,0.8420999,0.009078919,0.06280727,0.035685077,1.85874e-06,0.0067004124,0,0.06142575666308403,0.13754685,0.06882487,1.8775116e-05,0.018814607,0,0.12374094128608704,0.79964584,0.89549005,0.99997926,0.9744849,0,0.8148333430290222
TSBD_Healthy_1402c548f4,1,1,2,0.86316717,0.00703389,0.07809949,0.04133958,3.0122085e-06,0.008442169,0,0.06142575666308403,0.10124845,0.056620564,7.441982e-06,0.012762842,0,0.12374094128608704,0.820652,0.9020398,0.9999896,0.97879493,1,0.8148333430290222
TSBD_Healthy_44b1d181ba,1,0,2,0.8581245,0.00782392,0.07337884,0.04390194,3.7762547e-06,0.008887281,0,0.06142575666308403,0.10851447,0.052858803,5.3666795e-06,0.011886491,0,0.12374094128608704,0.81810665,0.90323925,0.9999908,0.97922623,0,0.8148333430290222
TSBD_Healthy_5031d03cd3,1,0,1,0.38995838,0.101367734,0.055272434,0.053350367,4.7966096e-06,0.010802836,0,0.06142575666308403,0.51079875,0.88161546,0.99998784,0.962771,0,0.12374094128608704,0.4339288,0.06503421,7.3083083e-06,0.026426194,0,0.8148333430290222
TSBD_Healthy_584e036b15,0,0,1,0.3015156,0.14454903,0.0647619,0.027636161,2.0620023e-06,0.00803024,0,0.06142575666308403,0.12939408,0.6352993,0.96435493,0.5709547,0,0.12374094128608704,0.805844,0.33706447,0.035643082,0.42101508,0,0.8148333430290222
TSBD_Healthy_ceedc9841a,0,0,1,0.33213156,0.110739626,0.07863449,0.030321812,5.5274e-06,0.009336713,0,0.06142575666308403,0.106556855,0.5297189,0.77750206,0.40276313,0,0.12374094128608704,0.8148086,0.4399593,0.22249241,0.5879001,0,0.8148333430290222
TSBD_Healthy_539b7c9614,1,0,2,0.7185054,0.025374435,0.05779572,0.037484117,2.481088e-06,0.00734026,0,0.06142575666308403,0.24022019,0.08473629,5.0613642e-05,0.031884987,0,0.12374094128608704,0.70198417,0.87777954,0.99994683,0.9607748,0,0.8148333430290222
TSBD_Healthy_9405a524b8,1,1,1,0.7919041,0.014456283,0.11544996,0.05964741,7.185818e-06,0.014060188,0,0.06142575666308403,0.7520059,0.88179433,0.9999883,0.9725979,1,0.12374094128608704,0.1325442,0.05855834,4.5256033e-06,0.013341912,0,0.8148333430290222
TSBD_Healthy_84b5bbabe5,1,1,1,0.78575337,0.01570668,0.08640681,0.055965196,5.6606004e-06,0.011766343,0,0.06142575666308403,0.7526646,0.88244736,0.9999887,0.97293437,1,0.12374094128608704,0.16092853,0.061587445,5.712472e-06,0.015299312,0,0.8148333430290222
TSBD_Healthy_cd1699cbb8,1,1,1,0.70266384,0.028604578,0.21633942,0.06378692,9.21909e-06,0.019427264,0,0.06142575666308403,0.69871134,0.87984633,0.999987,0.9694683,1,0.12374094128608704,0.084949225,0.056366768,3.8143166e-06,0.011104447,0,0.8148333430290222
TSBD_Healthy_3971c8d6d2,0,0,1,0.0908249,0.33246616,0.23130575,0.053049378,5.4989014e-06,0.031396005,0,0.06142575666308403,0.08726783,0.84914637,0.99994814,0.8761617,0,0.12374094128608704,0.6814264,0.09780429,4.637953e-05,0.0924423,0,0.8148333430290222
TSBD_Healthy_062f8eb68b,1,1,1,0.5703965,0.053182654,0.071002275,0.049352445,3.5806459e-06,0.010108562,0,0.06142575666308403,0.61314243,0.87682873,0.9999839,0.963651,1,0.12374094128608704,0.3158553,0.073818855,1.2518652e-05,0.026240418,0,0.8148333430290222
TSBD_Healthy_64c2fd2799,1,0,2,0.8397952,0.005418678,0.067598596,0.027168812,1.0585353e-06,0.005418301,0,0.06142575666308403,0.12340068,0.15605296,0.0010735507,0.0586422,0,0.12374094128608704,0.80900073,0.8167781,0.9989254,0.93593955,0,0.8148333430290222
TSBD_Healthy_06ad797b28,0,0,1,0.34657475,0.12404013,0.056074303,0.03424626,1.566549e-06,0.007878459,0,0.06142575666308403,0.32018,0.7981376,0.9993192,0.86611044,0,0.12374094128608704,0.62374574,0.16761617,0.00067923794,0.12601106,0,0.8148333430290222
TSBD_Healthy_d37fadc7b5,1,1,2,0.8641339,0.006616885,0.078038506,0.037683807,2.2158556e-06,0.0076174107,0,0.06142575666308403,0.101780005,0.06423961,1.3226855e-05,0.015191681,0,0.12374094128608704,0.8201815,0.89807653,0.9999845,0.9771909,1,0.8148333430290222
TSBD_Healthy_23703b21e8,0,0,1,0.09082827,0.34209055,0.07941039,0.052150436,4.5849274e-06,0.019147342,0,0.06142575666308403,0.12049518,0.87677747,0.9999845,0.92205566,0,0.12374094128608704,0.8000945,0.0710721,1.09486655e-05,0.058796998,0,0.8148333430290222
TSBD_Healthy_e761f95881,1,0,1,0.5258456,0.05236167,0.06057018,0.03576531,1.7591435e-06,0.0074590896,0,0.06142575666308403,0.5114115,0.8105789,0.9995778,0.90733606,0,0.12374094128608704,0.42801836,0.1536558,0.00042038003,0.0852049,0,0.8148333430290222
TSBD_Healthy_049d7b0b8e,1,0,2,0.8225624,0.0032802871,0.058330253,0.027956298,1.592425e-06,0.005666734,0,0.06142575666308403,0.17022054,0.19865616,0.0039183893,0.09496507,0,0.12374094128608704,0.77144927,0.7733875,0.9960801,0.8993682,0,0.8148333430290222
TSBD_Healthy_d0a2ad85a2,1,1,2,0.86385137,0.0053620962,0.07324685,0.030693198,1.1629477e-06,0.005984826,0,0.06142575666308403,0.108793184,0.09191847,7.316239e-05,0.025780652,0,0.12374094128608704,0.81795996,0.8773883,0.9999256,0.96823454,1,0.8148333430290222
TSBD_Healthy_427d279e02,1,0,2,0.86063075,0.007420007,0.0816356,0.051698457,6.9451926e-06,0.011214903,0,0.06142575666308403,0.098402426,0.046501216,2.9296277e-06,0.009605266,0,0.12374094128608704,0.81996197,0.90180045,0.9999901,0.9791798,0,0.8148333430290222
TSBD_Healthy_194fe9c226,1,0,2,0.83500797,0.004234109,0.06342117,0.028451005,1.3857491e-06,0.005719804,0,0.06142575666308403,0.14126313,0.17335264,0.0018398691,0.071929045,0,0.12374094128608704,0.7953157,0.7981963,0.99815875,0.9223511,0,0.8148333430290222
TSBD_Healthy_7fd586cd0c,1,0,2,0.8416669,0.010178265,0.0683374,0.049687266,6.027327e-06,0.010101258,0,0.06142575666308403,0.12154005,0.04815716,3.4677942e-06,0.010908615,0,0.12374094128608704,0.8101225,0.9021556,0.99999046,0.97899014,0,0.8148333430290222
TSBD_Healthy_8a16be7271,1,0,2,0.7599317,0.008892372,0.055877045,0.025244553,1.6924088e-06,0.00528113,0,0.06142575666308403,0.17713743,0.27350247,0.025233373,0.15792644,0,0.12374094128608704,0.76698554,0.701253,0.9747649,0.8367924,0,0.8148333430290222
TSBD_Healthy_7497e074fb,1,0,2,0.8484308,0.0065143425,0.06265636,0.031778775,1.347687e-06,0.0059756413,0,0.06142575666308403,0.1436867,0.09156008,7.356409e-05,0.02862621,0,0.12374094128608704,0.79365695,0.8766612,0.99992514,0.96539813,0,0.8148333430290222
TSBD_Healthy_0008f80a75,1,0,2,0.8536979,0.007838033,0.07300007,0.042269,3.2460864e-06,0.008493372,0,0.06142575666308403,0.11650933,0.059784934,9.079432e-06,0.0143628055,0,0.12374094128608704,0.8104906,0.897946,0.9999877,0.9771438,0,0.8148333430290222
TSBD_Healthy_5ceaf1db7f,1,0,2,0.8620379,0.0071810735,0.08439212,0.04807242,5.2472215e-06,0.01038116,0,0.06142575666308403,0.095772244,0.049878225,3.9965303e-06,0.010447964,0,0.12374094128608704,0.8198357,0.90204936,0.9999907,0.97917086,0,0.8148333430290222
TSBD_Healthy_e4fa44cd99,1,0,2,0.8574343,0.0076316632,0.07510388,0.0450642,4.1421035e-06,0.009250283,0,0.06142575666308403,0.10936643,0.054495603,5.9562726e-06,0.012358667,0,0.12374094128608704,0.81552964,0.9004403,0.99998987,0.97839105,0,0.8148333430290222
TSBD_Healthy_441bde1a65,1,0,2,0.85001665,0.008886777,0.06972543,0.045360424,4.2905394e-06,0.009109215,0,0.06142575666308403,0.11733449,0.052201785,4.9429414e-06,0.011976823,0,0.12374094128608704,0.8129401,0.90243775,0.9999908,0.97891396,0,0.8148333430290222
TSBD_Healthy_dbb2f8ca89,0,0,1,0.4349788,0.07882433,0.053138155,0.034947768,1.3701159e-06,0.0069205207,0,0.06142575666308403,0.46869028,0.8328543,0.9997949,0.9191882,0,0.12374094128608704,0.4781716,0.13219796,0.00020377808,0.07389126,0,0.8148333430290222
TSBD_Healthy_9b317a63ad,0,0,1,0.35134813,0.11530275,0.052859604,0.04278532,2.2494644e-06,0.008595274,0,0.06142575666308403,0.4471018,0.87042034,0.9999709,0.94882405,0,0.12374094128608704,0.50003856,0.08679435,2.6783162e-05,0.04258067,0,0.8148333430290222
TSBD_Healthy_d85abeff44,1,0,2,0.85925955,0.0074406043,0.07370578,0.040696304,2.8576908e-06,0.008141045,0,0.06142575666308403,0.10937765,0.058088597,8.148259e-06,0.01352791,0,0.12374094128608704,0.8169165,0.9012151,0.99998903,0.978331,0,0.8148333430290222
TSBD_Healthy_32490efb09,0,0,1,0.43649602,0.0682204,0.055982787,0.02778677,3.8822345e-06,0.006992941,0,0.06142575666308403,0.1881133,0.5375357,0.80098027,0.46854565,0,0.12374094128608704,0.75590396,0.43467748,0.19901587,0.5244614,0,0.8148333430290222
TSBD_Healthy_003e47f46b,1,0,2,0.7878865,0.0026132732,0.05313232,0.025840163,1.4347434e-06,0.005196646,0,0.06142575666308403,0.2416808,0.23595887,0.010054305,0.14039169,0,0.12374094128608704,0.70518684,0.73820096,0.98994434,0.85441166,0,0.8148333430290222
TSBD_Healthy_db7fb385bc,1,0,2,0.7891638,0.012183068,0.07537911,0.028845372,1.7171178e-06,0.0063601844,0,0.06142575666308403,0.10971054,0.1987398,0.0037632047,0.08051267,0,0.12374094128608704,0.8149104,0.77241474,0.9962352,0.91312706,0,0.8148333430290222
TSBD_Healthy_e07653b53b,1,0,2,0.7949176,0.011741407,0.074745,0.027125606,1.2420164e-06,0.0057835085,0,0.06142575666308403,0.10924747,0.19202791,0.0030082953,0.07572051,0,0.12374094128608704,0.81600755,0.78084654,0.99699044,0.91849595,0,0.8148333430290222
TSBD_Healthy_372dafd03c,1,0,2,0.78665924,0.0035093958,0.052155633,0.026510103,1.4636591e-06,0.0052955034,0,0.06142575666308403,0.25338793,0.21679038,0.006256609,0.1261943,0,0.12374094128608704,0.69445646,0.75669956,0.9937419,0.8685102,0,0.8148333430290222
TSBD_Healthy_8a4d12c896,1,0,2,0.7237729,0.026513223,0.058083374,0.038035855,2.40199e-06,0.0072946404,0,0.06142575666308403,0.2204709,0.068857305,1.8883531e-05,0.022953644,0,0.12374094128608704,0.72144574,0.8931069,0.9999788,0.9697518,0,0.8148333430290222
TSBD_Healthy_ddf26df6fc,1,0,2,0.8474808,0.005122482,0.060875144,0.030502846,1.2516651e-06,0.0057401173,0,0.06142575666308403,0.15361945,0.11085389,0.00018076721,0.038347237,0,0.12374094128608704,0.78550535,0.85864323,0.9998179,0.95591265,0,0.8148333430290222
TSBD_Healthy_f43e3f4c5b,1,0,2,0.8470609,0.008271283,0.07932326,0.047696017,5.2691857e-06,0.010212298,0,0.06142575666308403,0.11807758,0.058803666,8.746826e-06,0.014273427,0,0.12374094128608704,0.8025992,0.8935003,0.99998605,0.9755143,0,0.8148333430290222
TSBD_Healthy_b5fbb9ed8e,1,1,2,0.8653551,0.005949972,0.07840909,0.034672707,1.6884069e-06,0.0069660665,0,0.06142575666308403,0.10107541,0.07573634,2.886709e-05,0.019092504,0,0.12374094128608704,0.82051545,0.889591,0.9999695,0.9739414,1,0.8148333430290222
TSBD_Healthy_eb36a09ca4,1,0,2,0.8431118,0.009577659,0.066422105,0.04136576,3.0003057e-06,0.008020022,0,0.06142575666308403,0.12784666,0.05776735,8.0406435e-06,0.014275816,0,0.12374094128608704,0.80573124,0.9008668,0.99998903,0.9777041,0,0.8148333430290222
TSBD_Healthy_6b4a97bd93,1,1,2,0.8646571,0.0063146176,0.07805148,0.035805676,1.8720776e-06,0.0072006215,0,0.06142575666308403,0.101817414,0.069847584,1.9587937e-05,0.017072493,0,0.12374094128608704,0.82013106,0.8943467,0.99997854,0.97572684,1,0.8148333430290222
TSBD_Healthy_ba33e2e4e1,0,0,1,0.16319664,0.24990417,0.062374245,0.03629972,1.6996361e-06,0.010708669,0,0.06142575666308403,0.15707001,0.82505345,0.99974126,0.8599695,0,0.12374094128608704,0.7805558,0.13864687,0.00025708394,0.12932183,0,0.8148333430290222
TSBD_Healthy_c2d1e8a97b,0,0,1,0.36608586,0.08910674,0.06508236,0.026909081,3.9558226e-06,0.00734772,0,0.06142575666308403,0.12683716,0.50893044,0.7089364,0.39155492,0,0.12374094128608704,0.80808043,0.46416047,0.29105964,0.6010974,0,0.8148333430290222
TSBD_Healthy_acaf94d2e8,0,0,1,0.38220897,0.10088466,0.059057936,0.028431479,3.282002e-06,0.0076749255,0,0.06142575666308403,0.16537593,0.591458,0.9154463,0.5294769,0,0.12374094128608704,0.77556616,0.3801105,0.08455038,0.46284816,0,0.8148333430290222
TSBD_Healthy_4c1057862a,0,0,1,0.2513476,0.17543471,0.07372663,0.029730149,2.3930736e-06,0.009659251,0,0.06142575666308403,0.10909539,0.6635004,0.97830164,0.5938826,0,0.12374094128608704,0.81717795,0.30676943,0.021695971,0.3964581,0,0.8148333430290222
TSBD_Healthy_d28eee88b2,1,0,2,0.8543806,0.005600889,0.07364572,0.028114237,1.0266315e-06,0.0056263185,0,0.06142575666308403,0.10774417,0.11948177,0.0002745525,0.03769396,0,0.12374094128608704,0.81861013,0.85240394,0.9997243,0.95667976,0,0.8148333430290222
TSBD_Healthy_9f799d79c9,1,0,2,0.82625955,0.0035103196,0.058416497,0.026187362,1.10578e-06,0.0051247734,0,0.06142575666308403,0.1675247,0.18975347,0.0029484448,0.08750718,0,0.12374094128608704,0.77405876,0.78405917,0.9970504,0.90736806,0,0.8148333430290222
TSBD_Healthy_0797e50b91,1,1,2,0.86386174,0.006107146,0.073927015,0.033629794,1.4975108e-06,0.0065751323,0,0.06142575666308403,0.10829728,0.075616956,2.8314436e-05,0.01948139,0,0.12374094128608704,0.8177758,0.8907533,0.9999701,0.9739435,1,0.8148333430290222
TSBD_Healthy_35d58d516e,1,1,2,0.8634928,0.0058642603,0.07348643,0.032709587,1.3889156e-06,0.0063878163,0,0.06142575666308403,0.109938204,0.08067814,3.8887196e-05,0.021500291,0,0.12374094128608704,0.8165753,0.88661224,0.9999597,0.9721119,1,0.8148333430290222
TSBD_Healthy_3369d16a81,1,0,2,0.8356048,0.010247617,0.06405146,0.038294457,2.4132514e-06,0.007345338,0,0.06142575666308403,0.13852672,0.06359308,1.252342e-05,0.016803924,0,0.12374094128608704,0.7974218,0.89811254,0.9999851,0.9758507,0,0.8148333430290222
TSBD_Healthy_f12cfc128f,1,0,2,0.7479969,0.0080508515,0.06221312,0.055227783,2.5548952e-05,0.01432254,0,0.06142575666308403,0.28893328,0.1848982,0.0028716626,0.108577885,0,0.12374094128608704,0.6488536,0.75987405,0.9971028,0.8770996,0,0.8148333430290222
TSBD_Healthy_8cb3c49027,0,0,1,0.21408425,0.18811107,0.08736702,0.2173615,0.0022071248,0.093164146,0,0.06142575666308403,0.3410958,0.7405977,0.99779046,0.88492477,0,0.12374094128608704,0.57153714,0.042040806,2.3923762e-06,0.021911036,0,0.8148333430290222
TSBD_Healthy_0d4d34f349,0,0,1,0.23692797,0.18887395,0.061527334,0.037108153,2.9626674e-06,0.010956916,0,0.06142575666308403,0.17267592,0.7605659,0.99801457,0.7803454,0,0.12374094128608704,0.7657967,0.20232596,0.001982393,0.20869772,0,0.8148333430290222
TSBD_Healthy_aac43b5b94,0,0,1,0.33324626,0.12188669,0.062194202,0.05491678,5.6502845e-06,0.0122383395,0,0.06142575666308403,0.45450625,0.87655735,0.9999852,0.9572327,0,0.12374094128608704,0.4832995,0.068525866,9.1699e-06,0.030528951,0,0.8148333430290222
TSBD_Healthy_713f0a2197,0,0,2,0.32829505,0.092003316,0.08493195,0.032827675,9.991484e-06,0.0104294745,0,0.06142575666308403,0.0981027,0.4704879,0.5490849,0.32249025,0,0.12374094128608704,0.81696534,0.4966844,0.45090517,0.6670803,0,0.8148333430290222
TSBD_Healthy_ac26bcc532,0,0,1,0.1448728,0.26674712,0.08299254,0.066649206,2.5103074e-05,0.02906243,0,0.06142575666308403,0.10630373,0.778538,0.9994351,0.7967717,0,0.12374094128608704,0.81070375,0.15481283,0.00053971657,0.17416587,0,0.8148333430290222
TSBD_Healthy_46f4698e93,1,0,2,0.8599211,0.0074772406,0.08210613,0.05266674,7.438443e-06,0.011492571,0,0.06142575666308403,0.09856133,0.046039317,2.7823942e-06,0.009472984,0,0.12374094128608704,0.8193325,0.901294,0.99998987,0.9790344,0,0.8148333430290222
TSBD_Healthy_ffc31af5e9,1,0,2,0.8303967,0.0114469305,0.07750609,0.050046355,6.3842144e-06,0.010759306,0,0.06142575666308403,0.1236518,0.048741486,3.8306184e-06,0.011304625,0,0.12374094128608704,0.7988422,0.9012123,0.99998975,0.977936,0,0.8148333430290222
TSBD_Healthy_ffc39b3360,1,0,2,0.7893697,0.018105628,0.060523987,0.052646574,7.6745555e-06,0.010545109,0,0.06142575666308403,0.15588878,0.0457364,2.7547076e-06,0.011229686,0,0.12374094128608704,0.78358716,0.90161693,0.9999896,0.97822523,0,0.8148333430290222
TSBD_Healthy_13e3dd820d,1,0,2,0.8586142,0.0076808976,0.08140892,0.0509132,6.66211e-06,0.011040763,0,0.06142575666308403,0.10024731,0.04714591,3.1325465e-06,0.009864447,0,0.12374094128608704,0.81834376,0.90194094,0.9999902,0.97909474,0,0.8148333430290222
TSBD_Healthy_0e7dca224f,1,0,2,0.8588779,0.007032361,0.081702486,0.03859773,2.4359101e-06,0.00799535,0,0.06142575666308403,0.103843026,0.06600169,1.5068248e-05,0.015937291,0,0.12374094128608704,0.81445456,0.8954006,0.9999826,0.97606736,0,0.8148333430290222
TSBD_Healthy_e30ffbbca2,1,0,2,0.86095876,0.007209502,0.08301133,0.053974718,8.220457e-06,0.011903995,0,0.06142575666308403,0.097734,0.046208803,2.8651973e-06,0.009519256,0,0.12374094128608704,0.8192547,0.8998165,0.9999889,0.9785767,0,0.8148333430290222
TSBD_Healthy_33ee2c0488,0,0,0,0.22901544,0.11607287,0.07579196,0.36486614,0.35420683,0.24031737,0,0.06142575666308403,0.1641889,0.33035067,0.4414001,0.3147612,0,0.12374094128608704,0.76001906,0.3047832,0.204393,0.44492143,0,0.8148333430290222
TSBD_Healthy_cf66e36f26,1,0,2,0.8617268,0.0072751,0.085156195,0.052957937,7.729254e-06,0.011750436,0,0.06142575666308403,0.09423453,0.045122955,2.5693603e-06,0.009088649,0,0.12374094128608704,0.8206093,0.9019192,0.9999896,0.97916096,0,0.8148333430290222
TSBD_Healthy_198c19a2fa,1,0,2,0.85951406,0.0076722037,0.07914107,0.051605336,7.121075e-06,0.0111362655,0,0.06142575666308403,0.10058706,0.04589854,2.8588545e-06,0.009572264,0,0.12374094128608704,0.8202718,0.90249616,0.99999,0.9792915,0,0.8148333430290222
TSBD_Healthy_0f0af1a35d,1,0,2,0.8394088,0.007158336,0.07263609,0.035968542,2.1318958e-06,0.007332718,0,0.06142575666308403,0.14412118,0.09259843,7.467768e-05,0.029047439,0,0.12374094128608704,0.78324276,0.8714331,0.9999232,0.9636198,0,0.8148333430290222
TSBD_Healthy_24a755565d,0,0,1,0.2804044,0.1533535,0.08040355,0.03118113,3.856555e-06,0.01036226,0,0.06142575666308403,0.10298318,0.61399525,0.9444617,0.5167688,0,0.12374094128608704,0.8166133,0.3548236,0.055534445,0.47286892,0,0.8148333430290222
TSBD_Healthy_00488f3c0b,1,1,1,0.82363063,0.010362187,0.094305634,0.060694717,7.772945e-06,0.013264573,0,0.06142575666308403,0.77877706,0.88266176,0.9999882,0.9742512,1,0.12374094128608704,0.12691727,0.05664353,3.9875817e-06,0.012484226,0,0.8148333430290222
TSBD_Healthy_7f10feedf0,1,1,0,0.8169322,0.014790127,0.8010713,0.9148696,0.9999844,0.97761595,1,0.06142575666308403,0.06643705,0.040100574,5.7751668e-06,0.008971135,0,0.12374094128608704,0.13249171,0.04502974,9.932081e-06,0.013412872,0,0.8148333430290222
TSBD_Healthy_083843a5b2,1,1,0,0.8582226,0.009344788,0.829208,0.91898793,0.999987,0.980093,1,0.06142575666308403,0.0881024,0.040692527,6.4703463e-06,0.010079978,0,0.12374094128608704,0.082689576,0.040319618,6.5003924e-06,0.0098270895,0,0.8148333430290222
TSBD_Healthy_846b819a49,1,1,1,0.5580755,0.056461707,0.05758984,0.04887124,3.6315434e-06,0.00938341,0,0.06142575666308403,0.6122804,0.87812334,0.99998415,0.9642258,1,0.12374094128608704,0.3301297,0.0730054,1.219755e-05,0.02639073,0,0.8148333430290222
TSBD_Healthy_ef882f9638,1,0,2,0.86037767,0.006195197,0.08430054,0.04435287,4.2559072e-06,0.009649688,0,0.06142575666308403,0.10479706,0.066614345,1.4648606e-05,0.016012026,0,0.12374094128608704,0.81090236,0.88903284,0.99998105,0.9743383,0,0.8148333430290222
TSBD_Healthy_f510479194,0,0,1,0.36768508,0.10042609,0.07358177,0.03354658,7.636737e-06,0.010294181,0,0.06142575666308403,0.1370898,0.55200434,0.8501934,0.46113536,0,0.12374094128608704,0.7893284,0.4144491,0.14979894,0.5285705,0,0.8148333430290222
TSBD_Healthy_78ac2c01e9,0,0,1,0.19753712,0.2157295,0.056560945,0.06124169,9.366395e-06,0.016144292,0,0.06142575666308403,0.27663973,0.8644979,0.9999763,0.93834877,0,0.12374094128608704,0.66679937,0.074260384,1.4402148e-05,0.045506876,0,0.8148333430290222
TSBD_Healthy_aa968b53a4,1,0,2,0.84330815,0.00954116,0.07971127,0.06300176,1.5434516e-05,0.014332875,0,0.06142575666308403,0.10976275,0.04148298,1.8267631e-06,0.008668251,0,0.12374094128608704,0.81052595,0.8955152,0.99998283,0.9769989,0,0.8148333430290222
TSBD_Healthy_d6be26c310,1,0,2,0.8383467,0.0051007355,0.06700062,0.028598955,1.3853919e-06,0.0058310563,0,0.06142575666308403,0.12584162,0.16189596,0.0013850365,0.06314433,0,0.12374094128608704,0.80715775,0.80950505,0.9986135,0.93102455,0,0.8148333430290222
TSBD_Healthy_8d0baa1858,1,0,2,0.8576905,0.0073666405,0.07850961,0.05057801,6.427374e-06,0.010816508,0,0.06142575666308403,0.106848136,0.051960703,4.9304786e-06,0.011565771,0,0.12374094128608704,0.8146423,0.89746124,0.9999887,0.97761774,0,0.8148333430290222
TSBD_Healthy_9a86700e7b,1,0,2,0.8432219,0.009597762,0.0681497,0.045689248,4.5517518e-06,0.00919751,0,0.06142575666308403,0.12491928,0.054069236,6.0450157e-06,0.012981748,0,0.12374094128608704,0.80693096,0.9002415,0.9999894,0.97782075,0,0.8148333430290222
TSBD_Healthy_8de20870d1,1,0,2,0.85631657,0.00808045,0.07658191,0.0511439,6.7532833e-06,0.0108597055,0,0.06142575666308403,0.10526738,0.04674541,3.044559e-06,0.0099404,0,0.12374094128608704,0.81815076,0.90211076,0.9999901,0.9791999,0,0.8148333430290222
TSBD_Healthy_2125dc16c6,1,0,2,0.56527656,0.034042798,0.06078461,0.033436976,9.231486e-06,0.008485051,0,0.06142575666308403,0.1581862,0.38612244,0.21285465,0.26590237,0,0.12374094128608704,0.78102916,0.5804405,0.7871362,0.7256125,0,0.8148333430290222
TSBD_Healthy_f1a3293d1d,1,0,2,0.82462066,0.011577997,0.061868455,0.03751097,2.2570712e-06,0.007117878,0,0.06142575666308403,0.14966978,0.06597947,1.5550193e-05,0.018392218,0,0.12374094128608704,0.78846174,0.8965095,0.99998224,0.97448987,0,0.8148333430290222
TSBD_Healthy_db02ad0e48,0,0,1,0.35282508,0.11581922,0.061452255,0.028743757,2.9764062e-06,0.008008561,0,0.06142575666308403,0.14755034,0.60131943,0.93624824,0.53763545,0,0.12374094128608704,0.79099745,0.36993685,0.063748755,0.45435596,0,0.8148333430290222
TSBD_Healthy_6e62793bdf,1,0,2,0.8567495,0.008039483,0.07335751,0.046897806,4.842993e-06,0.00962377,0,0.06142575666308403,0.10868489,0.05014995,4.285558e-06,0.011106583,0,0.12374094128608704,0.8179576,0.90295225,0.9999908,0.9792696,0,0.8148333430290222
TSBD_Healthy_097e8db62c,1,0,2,0.8475553,0.009290569,0.07120372,0.049887393,6.034953e-06,0.010258233,0,0.06142575666308403,0.115886845,0.04820318,3.4255825e-06,0.010695693,0,0.12374094128608704,0.8129095,0.9019094,0.99999046,0.97904605,0,0.8148333430290222
TSBD_Healthy_9a88507804,1,0,2,0.7961319,0.016507166,0.0607081,0.045830604,4.4394824e-06,0.008899229,0,0.06142575666308403,0.1597618,0.053623274,5.710981e-06,0.014092777,0,0.12374094128608704,0.7795301,0.90054613,0.99998987,0.977008,0,0.8148333430290222
TSBD_Healthy_d3268932b8,0,0,1,0.51047724,0.037686802,0.05311151,0.028903263,4.862543e-06,0.0069863093,0,0.06142575666308403,0.26016837,0.5258391,0.7827805,0.4944062,0,0.12374094128608704,0.6867201,0.4452576,0.21721457,0.49860752,0,0.8148333430290222
TSBD_Healthy_7ef69613b9,1,1,2,0.86437887,0.0061000306,0.08305578,0.037928376,2.456968e-06,0.00798216,0,0.06142575666308403,0.09779892,0.07134057,2.2605516e-05,0.01750605,0,0.12374094128608704,0.81914526,0.890731,0.99997485,0.9745118,1,0.8148333430290222
TSBD_Healthy_ddc759b323,1,0,2,0.7885009,0.017663507,0.059298787,0.043857694,3.7719894e-06,0.008390547,0,0.06142575666308403,0.1662581,0.054893382,6.3716366e-06,0.014787607,0,0.12374094128608704,0.7744431,0.90124893,0.99998987,0.9768218,0,0.8148333430290222
TSBD_Healthy_cb4b1d8b67,1,0,2,0.7442691,0.024580311,0.057984084,0.046047974,4.4391268e-06,0.008891441,0,0.06142575666308403,0.19305538,0.05396287,5.6629347e-06,0.015273882,0,0.12374094128608704,0.7489605,0.8999891,0.99998987,0.97583467,0,0.8148333430290222
TSBD_Healthy_886fdcfd30,1,1,0,0.78971165,0.019324299,0.78851247,0.9192878,0.9999871,0.9786115,1,0.06142575666308403,0.07302615,0.041217282,6.8582513e-06,0.009759354,0,0.12374094128608704,0.13846146,0.039494883,5.9198496e-06,0.011629095,0,0.8148333430290222
TSBD_Healthy_784f1bc940,1,0,2,0.8590789,0.007665503,0.0793781,0.0513316,6.843657e-06,0.011038901,0,0.06142575666308403,0.101255484,0.04666758,3.035502e-06,0.009788116,0,0.12374094128608704,0.81936634,0.9020008,0.9999902,0.97917306,0,0.8148333430290222
TSBD_Healthy_ba996de886,1,0,2,0.8511086,0.008769032,0.074176386,0.049256615,5.877718e-06,0.010284167,0,0.06142575666308403,0.111501426,0.048487674,3.5926346e-06,0.010673093,0,0.12374094128608704,0.8143222,0.9022557,0.9999906,0.9790427,0,0.8148333430290222
TSBD_Healthy_619dcca295,1,0,2,0.8439521,0.008721953,0.06719501,0.038455147,2.436271e-06,0.007493014,0,0.06142575666308403,0.13254443,0.067234665,1.6595848e-05,0.017937303,0,0.12374094128608704,0.80026054,0.8943102,0.99998105,0.9745697,0,0.8148333430290222
TSBD_Healthy_e5fac835da,0,0,1,0.30040282,0.14625932,0.06266856,0.027950618,1.9759607e-06,0.008012225,0,0.06142575666308403,0.13712578,0.64900863,0.9728641,0.596855,0,0.12374094128608704,0.8002056,0.32304072,0.027134,0.3951328,0,0.8148333430290222
TSBD_Healthy_7b8508b66d,1,0,2,0.8296852,0.009383259,0.07182617,0.037385136,2.44642e-06,0.0076390794,0,0.06142575666308403,0.1474153,0.08005509,4.1180203e-05,0.024342997,0,0.12374094128608704,0.78075856,0.8825599,0.99995637,0.96801794,0,0.8148333430290222
TSBD_Healthy_1bf9b6920f,1,0,2,0.85693216,0.00731143,0.08756415,0.059737004,1.2435634e-05,0.0138323745,0,0.06142575666308403,0.09852531,0.04536091,2.572072e-06,0.009292756,0,0.12374094128608704,0.81391054,0.89490205,0.999985,0.9768748,0,0.8148333430290222
TSBD_Healthy_c2dd44b1c5,1,0,2,0.86068106,0.003804728,0.06902292,0.039128862,3.2413948e-06,0.008098648,0,0.06142575666308403,0.13200182,0.09970311,0.0001050535,0.031038351,0,0.12374094128608704,0.7989753,0.86116797,0.99989176,0.96086293,0,0.8148333430290222
TSBD_Healthy_6941b60386,1,0,2,0.8402528,0.007769256,0.06768052,0.03371813,1.6470972e-06,0.0065820147,0,0.06142575666308403,0.14432985,0.086822025,5.286838e-05,0.026279163,0,0.12374094128608704,0.7879896,0.87945986,0.9999454,0.96713877,0,0.8148333430290222
TSBD_Healthy_905510a905,1,0,2,0.85239005,0.008537254,0.07366726,0.04628508,4.6422238e-06,0.009515526,0,0.06142575666308403,0.11226492,0.05128774,4.6208634e-06,0.0115379635,0,0.12374094128608704,0.8140679,0.90242714,0.9999907,0.9789465,0,0.8148333430290222
TSBD_Healthy_9731a208b9,0,0,1,0.29666206,0.14480078,0.072412476,0.030301867,3.4513823e-06,0.009516196,0,0.06142575666308403,0.1134687,0.61315864,0.9467799,0.52739143,0,0.12374094128608704,0.81411886,0.3565395,0.053216707,0.46309233,0,0.8148333430290222
TSBD_Healthy_0dca3c0bc2,1,1,1,0.6378504,0.04058916,0.08668385,0.06286886,8.628303e-06,0.014070712,0,0.06142575666308403,0.6644925,0.87947756,0.99998724,0.9690098,1,0.12374094128608704,0.24882364,0.05765358,4.163749e-06,0.016919496,0,0.8148333430290222
TSBD_Healthy_12ac808983,0,0,1,0.26207584,0.16957407,0.090279825,0.060606293,1.783802e-05,0.021893587,0,0.06142575666308403,0.20371437,0.7583897,0.99880767,0.8080971,0,0.12374094128608704,0.7060058,0.18100397,0.0011745194,0.17000926,0,0.8148333430290222
TSBD_Healthy_511fba2ceb,1,0,2,0.85029984,0.006848608,0.06671835,0.035089597,1.7963018e-06,0.0067581153,0,0.06142575666308403,0.1348952,0.08181481,4.0572715e-05,0.02360769,0,0.12374094128608704,0.7983865,0.88309556,0.9999577,0.9696342,0,0.8148333430290222
TSBD_Healthy_549679688a,1,0,2,0.86063194,0.0075052986,0.079709575,0.05168764,7.0089495e-06,0.0111354375,0,0.06142575666308403,0.09943379,0.045952804,2.825904e-06,0.0095155295,0,0.12374094128608704,0.82085663,0.90235955,0.9999901,0.9793491,0,0.8148333430290222
TSBD_Healthy_708f7d8e32,1,0,2,0.8616881,0.0073907077,0.07959055,0.05099146,6.671375e-06,0.01094886,0,0.06142575666308403,0.098757945,0.04627071,2.9133935e-06,0.009576753,0,0.12374094128608704,0.82165146,0.9027379,0.99999046,0.97947437,0,0.8148333430290222
TSBD_Healthy_30a7ad7ba3,1,0,2,0.8568375,0.008049984,0.07505069,0.049324762,5.9898402e-06,0.010353418,0,0.06142575666308403,0.10639021,0.04791838,3.4406469e-06,0.010335153,0,0.12374094128608704,0.81855905,0.90275687,0.9999906,0.97931147,0,0.8148333430290222
TSBD_Healthy_dad4aa07c4,1,0,2,0.85920095,0.007730189,0.077873774,0.049701564,6.056992e-06,0.010541743,0,0.06142575666308403,0.102234684,0.04732416,3.264817e-06,0.010023656,0,0.12374094128608704,0.8198916,0.9029743,0.9999907,0.97943467,0,0.8148333430290222
TSBD_Healthy_8eff6e388b,1,0,2,0.83522284,0.010552266,0.06284401,0.03951071,2.6378489e-06,0.0075266543,0,0.06142575666308403,0.13766462,0.060464498,9.834738e-06,0.015604636,0,0.12374094128608704,0.79949147,0.9000249,0.9999875,0.9768687,0,0.8148333430290222
TSBD_Healthy_fec7f36a5c,1,0,2,0.7328258,0.026724078,0.05894093,0.047783993,5.3471085e-06,0.009450936,0,0.06142575666308403,0.19588692,0.05090963,4.678121e-06,0.014414653,0,0.12374094128608704,0.74517214,0.9013064,0.99999,0.9761344,0,0.8148333430290222
TSBD_Healthy_1cf19a1878,1,0,2,0.85123503,0.008822277,0.07342344,0.049616516,5.992492e-06,0.010317057,0,0.06142575666308403,0.11138666,0.047725677,3.363606e-06,0.010450844,0,0.12374094128608704,0.81518996,0.90265775,0.9999907,0.97923213,0,0.8148333430290222
TSBD_Healthy_0fbc0f2310,1,0,2,0.8583158,0.0077709416,0.08038498,0.054013703,8.254445e-06,0.011780296,0,0.06142575666308403,0.10019929,0.0445413,2.402845e-06,0.009115322,0,0.12374094128608704,0.81941575,0.901445,0.9999894,0.9791044,0,0.8148333430290222
TSBD_Healthy_24a6f36a78,1,0,2,0.8527171,0.008171313,0.06944982,0.042449918,3.3199701e-06,0.008393747,0,0.06142575666308403,0.119006604,0.0578801,8.105613e-06,0.013929796,0,0.12374094128608704,0.8115435,0.89966995,0.99998856,0.97767645,0,0.8148333430290222
TSBD_Healthy_7bca399e6d,1,0,2,0.8464429,0.009211553,0.06973803,0.045506574,4.2753186e-06,0.009132647,0,0.06142575666308403,0.120996766,0.053510033,5.404251e-06,0.012484443,0,0.12374094128608704,0.80926526,0.90098345,0.99999034,0.97838295,0,0.8148333430290222
TSBD_Healthy_06733b9af0,1,0,2,0.8502366,0.009064403,0.07126399,0.051392984,6.811161e-06,0.010638906,0,0.06142575666308403,0.112403795,0.04601985,2.8180355e-06,0.00995243,0,0.12374094128608704,0.81633216,0.9025872,0.99999034,0.9794087,0,0.8148333430290222
TSBD_Healthy_2e5b036845,0,0,1,0.46968114,0.06849874,0.052036554,0.02895329,2.8087165e-06,0.0070019406,0,0.06142575666308403,0.25614703,0.6187348,0.952547,0.6193986,0,0.12374094128608704,0.69181645,0.3523119,0.047450185,0.37359947,0,0.8148333430290222
TSBD_Healthy_363f51fde7,0,0,1,0.3409967,0.12253068,0.05661812,0.044497278,2.9431487e-06,0.009727989,0,0.06142575666308403,0.40407902,0.852575,0.999938,0.93339115,0,0.12374094128608704,0.5393029,0.10292779,5.9025937e-05,0.056880828,0,0.8148333430290222
TSBD_Healthy_c6ac85b839,0,0,1,0.42371714,0.08203997,0.056673042,0.02828601,3.477889e-06,0.0073559494,0,0.06142575666308403,0.19248918,0.5801144,0.9010699,0.53157145,0,0.12374094128608704,0.75083774,0.3915996,0.098926626,0.46107262,0,0.8148333430290222
TSBD_Healthy_ddbacc20a2,1,0,2,0.8590589,0.007714371,0.07649126,0.047203694,4.972948e-06,0.0098416,0,0.06142575666308403,0.10434735,0.049751222,4.1015223e-06,0.010809584,0,0.12374094128608704,0.8191614,0.9030451,0.99999094,0.97934884,0,0.8148333430290222
TSBD_Healthy_8643328d51,1,0,2,0.8212733,0.01299773,0.062784664,0.044629138,4.0843147e-06,0.008688425,0,0.06142575666308403,0.14141645,0.052634716,5.346912e-06,0.013122251,0,0.12374094128608704,0.7957989,0.9027361,0.9999906,0.97818935,0,0.8148333430290222
TSBD_Healthy_006fc27c69,1,0,2,0.86087835,0.0074347854,0.081622496,0.05240912,7.441849e-06,0.0114359055,0,0.06142575666308403,0.09771641,0.04551383,2.7049177e-06,0.0093358075,0,0.12374094128608704,0.8206612,0.902077,0.99998987,0.9792283,0,0.8148333430290222
TSBD_Healthy_33406626c7,1,0,2,0.8343528,0.010760325,0.06505604,0.042342477,3.4180487e-06,0.0082776025,0,0.06142575666308403,0.13493098,0.05728937,7.797369e-06,0.01443813,0,0.12374094128608704,0.80001295,0.9003682,0.9999888,0.97728425,0,0.8148333430290222
TSBD_Healthy_b06da16348,1,0,2,0.85927355,0.007646419,0.08073636,0.053191245,7.873616e-06,0.011603348,0,0.06142575666308403,0.09943099,0.04505156,2.5843503e-06,0.009268693,0,0.12374094128608704,0.8198326,0.9017572,0.9999895,0.97912794,0,0.8148333430290222
TSBD_Healthy_06f251fee4,1,0,2,0.8557113,0.008137404,0.078552544,0.05192828,7.0406318e-06,0.011128344,0,0.06142575666308403,0.103982724,0.046090115,2.790777e-06,0.009668859,0,0.12374094128608704,0.81746465,0.90198165,0.9999902,0.9792028,0,0.8148333430290222
TSBD_Healthy_4ac4f94767,1,0,2,0.86226135,0.0070975637,0.08866079,0.054778468,8.737095e-06,0.012404927,0,0.06142575666308403,0.091172256,0.044339687,2.3626558e-06,0.008768573,0,0.12374094128608704,0.820167,0.90088195,0.9999889,0.9788266,0,0.8148333430290222
TSBD_Healthy_e7cd92f08f,1,0,2,0.86043525,0.0075623784,0.07880478,0.05102696,6.656269e-06,0.010912897,0,0.06142575666308403,0.10027602,0.04627118,2.896696e-06,0.009620106,0,0.12374094128608704,0.8209192,0.90270185,0.99999046,0.979467,0,0.8148333430290222
TSBD_Healthy_1597a65755,1,0,2,0.8566215,0.008093442,0.07581003,0.050599743,6.4921323e-06,0.010680749,0,0.06142575666308403,0.10543646,0.04675607,3.0827407e-06,0.009968146,0,0.12374094128608704,0.81875354,0.90264416,0.99999046,0.9793511,0,0.8148333430290222
TSBD_Healthy_a8ea0e137d,1,0,2,0.848305,0.009209381,0.07478174,0.052608438,7.5026765e-06,0.01115958,0,0.06142575666308403,0.11137731,0.04558637,2.7270426e-06,0.00982413,0,0.12374094128608704,0.81384087,0.90180516,0.99998975,0.9790163,0,0.8148333430290222
TSBD_Healthy_fafc24f635,1,0,2,0.860394,0.0075295484,0.07936181,0.04945189,5.979168e-06,0.010559116,0,0.06142575666308403,0.10045274,0.047761764,3.424492e-06,0.010098224,0,0.12374094128608704,0.8201854,0.9027864,0.9999906,0.97934264,0,0.8148333430290222
TSBD_Healthy_7c877797f5,1,0,2,0.858391,0.007779765,0.08055739,0.052804466,7.5991265e-06,0.011476825,0,0.06142575666308403,0.10017467,0.045192175,2.6027878e-06,0.009320986,0,0.12374094128608704,0.8192679,0.9020034,0.99998975,0.9792022,0,0.8148333430290222
TSBD_Healthy_d249c82c7a,1,0,2,0.8621786,0.0072439266,0.08318424,0.053096786,7.844139e-06,0.011699177,0,0.06142575666308403,0.095416136,0.044996206,2.5639895e-06,0.009110273,0,0.12374094128608704,0.82139957,0.9019071,0.9999895,0.9791906,0,0.8148333430290222
TSBD_Healthy_1dafd9bcec,1,0,2,0.8434393,0.00995538,0.06770112,0.047190282,5.0466715e-06,0.009487826,0,0.06142575666308403,0.12156715,0.049660157,4.0892232e-06,0.011424602,0,0.12374094128608704,0.81073165,0.9031496,0.99999094,0.9790876,0,0.8148333430290222
TSBD_Healthy_727f8ba7d1,1,0,2,0.85176635,0.008773081,0.07383109,0.052269302,7.374689e-06,0.011027348,0,0.06142575666308403,0.10967614,0.04571216,2.7721176e-06,0.009804911,0,0.12374094128608704,0.8164928,0.9020185,0.99998987,0.9791677,0,0.8148333430290222
TSBD_Healthy_578fae46e9,1,0,2,0.856244,0.0056223487,0.06558675,0.030769475,1.2462372e-06,0.005873996,0,0.06142575666308403,0.13189678,0.09382567,7.9965044e-05,0.02847611,0,0.12374094128608704,0.8025165,0.87540483,0.9999188,0.9656499,0,0.8148333430290222
TSBD_Healthy_d1980c5cf7,1,0,2,0.85825324,0.007880081,0.076479845,0.051632646,6.99236e-06,0.010968533,0,0.06142575666308403,0.10341722,0.045907646,2.798226e-06,0.009627171,0,0.12374094128608704,0.820103,0.9024597,0.9999902,0.97940433,0,0.8148333430290222
TSBD_Healthy_5f95d3f8a2,1,0,2,0.85988116,0.0073385593,0.092383906,0.05518137,8.9663245e-06,0.012704869,0,0.06142575666308403,0.089980796,0.044279747,2.320199e-06,0.00870025,0,0.12374094128608704,0.81763524,0.90053886,0.9999888,0.9785949,0,0.8148333430290222
TSBD_Healthy_ef7cbd4127,1,0,2,0.82371527,0.012618776,0.064359106,0.04538161,4.336348e-06,0.00893337,0,0.06142575666308403,0.13856208,0.05213479,5.025859e-06,0.012808733,0,0.12374094128608704,0.7970789,0.90248364,0.9999907,0.97825783,0,0.8148333430290222
TSBD_Healthy_63b700da46,1,0,2,0.8308591,0.011701854,0.06718283,0.048404578,5.4289458e-06,0.0097443415,0,0.06142575666308403,0.12981284,0.048966303,3.7294133e-06,0.0114423,0,0.12374094128608704,0.8030044,0.90262914,0.9999908,0.9788134,0,0.8148333430290222
TSBD_Healthy_076f98de26,1,0,2,0.8605172,0.0075429706,0.078656785,0.05050597,6.422883e-06,0.010778451,0,0.06142575666308403,0.10053522,0.04676261,3.0395645e-06,0.009768473,0,0.12374094128608704,0.82080793,0.9027315,0.9999906,0.9794531,0,0.8148333430290222
TSBD_Healthy_e3f6aa3d79,1,0,2,0.8610697,0.007415794,0.08153448,0.053332835,7.984811e-06,0.011683976,0,0.06142575666308403,0.097388856,0.044787396,2.5069746e-06,0.0091169365,0,0.12374094128608704,0.82107663,0.9018797,0.9999895,0.97919905,0,0.8148333430290222
TSBD_Healthy_da00d5de9a,1,0,2,0.8613299,0.0073841168,0.08180211,0.052183706,7.2205894e-06,0.011352387,0,0.06142575666308403,0.097219884,0.04558255,2.7145497e-06,0.009330987,0,0.12374094128608704,0.820978,0.9022338,0.99999,0.97931665,0,0.8148333430290222
TSBD_Healthy_1fc6860580,1,0,2,0.8606312,0.0073971953,0.07608607,0.044598263,4.0718805e-06,0.009200555,0,0.06142575666308403,0.10479533,0.053083155,5.4253314e-06,0.011788014,0,0.12374094128608704,0.81911856,0.90231854,0.99999046,0.97901136,0,0.8148333430290222
TSBD_Healthy_93437b01b9,1,0,2,0.85970664,0.0076117264,0.07996978,0.05160628,7.0663737e-06,0.01116168,0,0.06142575666308403,0.10000431,0.046111662,2.8824509e-06,0.009590116,0,0.12374094128608704,0.82002586,0.902282,0.9999901,0.9792482,0,0.8148333430290222
TSBD_Healthy_d7b2fef984,1,0,2,0.85977024,0.0076408023,0.07809092,0.052145112,7.2303883e-06,0.011170459,0,0.06142575666308403,0.101149306,0.045654867,2.7109616e-06,0.009467023,0,0.12374094128608704,0.8207598,0.90220004,0.99999,0.97936255,0,0.8148333430290222
TSBD_Healthy_6499b6d7a1,1,0,2,0.66853666,0.025040638,0.05196124,0.026874008,1.1384504e-06,0.005320003,0,0.06142575666308403,0.33895737,0.16259973,0.0013025417,0.09429193,0,0.12374094128608704,0.60908145,0.81052625,0.99869627,0.9003881,0,0.8148333430290222
TSBD_Healthy_b2c3637e41,1,0,2,0.841948,0.010057957,0.072935395,0.051968765,7.3403476e-06,0.01097211,0,0.06142575666308403,0.11749863,0.046521664,2.992024e-06,0.010308223,0,0.12374094128608704,0.809566,0.9015096,0.9999896,0.9787197,0,0.8148333430290222
TSBD_Healthy_ca0105e4b8,1,0,2,0.8621776,0.0071656276,0.08587633,0.0546042,8.721554e-06,0.012241601,0,0.06142575666308403,0.09331839,0.044250727,2.357744e-06,0.008826002,0,0.12374094128608704,0.8208053,0.90114504,0.9999889,0.9789324,0,0.8148333430290222
TSBD_Healthy_efb3b53d28,0,0,2,0.3196906,0.12752467,0.071275644,0.056987848,1.1171354e-05,0.014889103,0,0.06142575666308403,0.4733402,0.058527946,8.676454e-06,0.027791277,0,0.12374094128608704,0.45538417,0.8844842,0.9999801,0.9573196,0,0.8148333430290222
TSBD_Healthy_b6298539e0,1,0,2,0.8619428,0.0072390875,0.08366233,0.053885456,8.3272635e-06,0.011945268,0,0.06142575666308403,0.095264174,0.044676315,2.4719748e-06,0.009011908,0,0.12374094128608704,0.8210735,0.9014382,0.99998915,0.9790428,0,0.8148333430290222
TSBD_Healthy_32b15941da,0,0,1,0.20340924,0.21416524,0.05929448,0.037188757,2.0842524e-06,0.010421554,0,0.06142575666308403,0.18226087,0.80469126,0.99948055,0.84262234,0,0.12374094128608704,0.7584447,0.15811993,0.0005174164,0.1469561,0,0.8148333430290222
TSBD_Healthy_0d4ffdc7b0,0,0,1,0.49758467,0.051453404,0.054210883,0.027531292,3.1945665e-06,0.0066408296,0,0.06142575666308403,0.25686094,0.5694156,0.8788529,0.54778296,0,0.12374094128608704,0.6889282,0.40305313,0.12114388,0.4455762,0,0.8148333430290222
TSBD_Healthy_b36f28e306,1,0,2,0.8606227,0.0071108686,0.09003916,0.057094816,1.0256709e-05,0.013139198,0,0.06142575666308403,0.09219858,0.044275045,2.3146488e-06,0.008773439,0,0.12374094128608704,0.8177623,0.89863014,0.9999875,0.9780874,0,0.8148333430290222
TSBD_Healthy_68a56d28bf,1,0,2,0.82861465,0.011966549,0.06743137,0.048369143,5.300909e-06,0.009715883,0,0.06142575666308403,0.13150175,0.049367942,3.8337366e-06,0.011610615,0,0.12374094128608704,0.8010668,0.902263,0.99999094,0.9786735,0,0.8148333430290222
TSBD_Healthy_b7798ab5f8,1,0,2,0.8501739,0.008991811,0.07118557,0.048387945,5.536434e-06,0.0099337455,0,0.06142575666308403,0.11414184,0.0486987,3.699516e-06,0.0108421575,0,0.12374094128608704,0.8146726,0.9029134,0.9999908,0.9792241,0,0.8148333430290222
TSBD_Healthy_2a0f79d223,1,0,2,0.8494448,0.008728838,0.07191847,0.04397531,3.965281e-06,0.008948594,0,0.06142575666308403,0.11793271,0.055152934,6.5136455e-06,0.013010813,0,0.12374094128608704,0.8101488,0.90087175,0.9999895,0.97804064,0,0.8148333430290222
TSBD_Healthy_8fc6471a64,1,0,2,0.84971744,0.009000423,0.07471559,0.052988686,7.73224e-06,0.011257094,0,0.06142575666308403,0.11049902,0.04551982,2.6548214e-06,0.009735576,0,0.12374094128608704,0.81478536,0.90149146,0.9999896,0.9790073,0,0.8148333430290222
TSBD_Healthy_78bf1afa4b,1,0,2,0.8458401,0.0031697485,0.062291667,0.031439293,1.7982477e-06,0.0063131596,0,0.06142575666308403,0.15789542,0.14124276,0.0006104222,0.05513201,0,0.12374094128608704,0.779813,0.82731795,0.99938774,0.93855476,0,0.8148333430290222
TSBD_Healthy_d63c012f3e,1,0,2,0.8591415,0.007546922,0.08514456,0.051546745,6.9088064e-06,0.011362875,0,0.06142575666308403,0.09688109,0.04686009,3.0249134e-06,0.009654939,0,0.12374094128608704,0.8179743,0.9015931,0.9999901,0.9789822,0,0.8148333430290222
TSBD_Healthy_05ab09d318,1,0,2,0.8619101,0.0073072566,0.081960045,0.052030224,7.132842e-06,0.011315837,0,0.06142575666308403,0.09670345,0.045694295,2.7165727e-06,0.009324062,0,0.12374094128608704,0.8213365,0.90227544,0.9999901,0.9793601,0,0.8148333430290222
TSBD_Healthy_18405215f8,1,1,2,0.86289084,0.0071262,0.085873276,0.052601293,7.4361387e-06,0.011655359,0,0.06142575666308403,0.09278239,0.045320805,2.6052867e-06,0.009079779,0,0.12374094128608704,0.8213443,0.90207785,0.99999,0.97926486,1,0.8148333430290222
TSBD_Healthy_fe721e6a35,1,0,2,0.86159986,0.0072503025,0.084390536,0.05312382,7.7603945e-06,0.011742324,0,0.06142575666308403,0.095291026,0.045483083,2.6583227e-06,0.009221817,0,0.12374094128608704,0.8203184,0.90139306,0.9999896,0.97903585,0,0.8148333430290222
TSBD_Healthy_8a0b6768d9,1,0,2,0.7997843,0.0159103,0.059474703,0.041342545,3.066715e-06,0.007826097,0,0.06142575666308403,0.16063501,0.056909986,7.631914e-06,0.015353986,0,0.12374094128608704,0.77989036,0.9017474,0.9999893,0.97682,0,0.8148333430290222
TSBD_Healthy_fdb9e6ae23,1,0,2,0.8604123,0.007583581,0.07798842,0.04997694,6.193797e-06,0.010616889,0,0.06142575666308403,0.10110854,0.04699296,3.1140864e-06,0.009856113,0,0.12374094128608704,0.82090306,0.9030301,0.9999907,0.97952706,0,0.8148333430290222
TSBD_Healthy_4c66cb7f58,1,0,2,0.7864124,0.01804655,0.05777756,0.042058833,3.275687e-06,0.007933299,0,0.06142575666308403,0.16888048,0.05567618,6.7035544e-06,0.015118444,0,0.12374094128608704,0.77334195,0.90226495,0.9999901,0.97694826,0,0.8148333430290222
TSBD_Healthy_f5058ddf56,0,0,1,0.16311614,0.24992675,0.061067224,0.037680082,1.7954784e-06,0.01080929,0,0.06142575666308403,0.16824846,0.8346922,0.9998253,0.8758555,0,0.12374094128608704,0.7706843,0.12762778,0.00017299103,0.113335185,0,0.8148333430290222
TSBD_Healthy_69e2554f5f,1,0,2,0.45911837,0.058839645,0.067145415,0.02611557,3.67078e-06,0.0066650454,0,0.06142575666308403,0.12213755,0.41608852,0.30576524,0.27535903,0,0.12374094128608704,0.810717,0.55779594,0.6942311,0.717976,0,0.8148333430290222
TSBD_Healthy_d4f8817d0f,1,0,2,0.8502434,0.009024047,0.07240684,0.05093442,6.5508307e-06,0.010575189,0,0.06142575666308403,0.1119446,0.046429314,2.8909724e-06,0.010031536,0,0.12374094128608704,0.81564856,0.9026362,0.9999906,0.97939324,0,0.8148333430290222
TSBD_Healthy_75d585858d,1,1,2,0.8648316,0.006353821,0.07738249,0.035740413,1.8691425e-06,0.0071684658,0,0.06142575666308403,0.10216601,0.06901988,1.8775796e-05,0.016852574,0,0.12374094128608704,0.8204515,0.8952397,0.99997926,0.975979,1,0.8148333430290222
TSBD_Healthy_cb3a9d790a,1,0,2,0.7593284,0.012606436,0.062188752,0.025866399,1.6277093e-06,0.005533181,0,0.06142575666308403,0.14303736,0.25379583,0.015970474,0.1300822,0,0.12374094128608704,0.7947739,0.7203378,0.98402786,0.8643846,0,0.8148333430290222
TSBD_Healthy_2c254df731,1,0,2,0.8578054,0.007669286,0.08393588,0.04952696,5.8287687e-06,0.010740979,0,0.06142575666308403,0.09966956,0.049140427,3.6962842e-06,0.010376851,0,0.12374094128608704,0.8163945,0.9013326,0.99999046,0.9788822,0,0.8148333430290222
TSBD_Healthy_4e4bdff12a,1,0,2,0.8127106,0.011464322,0.05925002,0.031977914,1.303992e-06,0.005897638,0,0.06142575666308403,0.17429201,0.087132186,5.4907887e-05,0.028539995,0,0.12374094128608704,0.766458,0.8808899,0.99994373,0.96556234,0,0.8148333430290222
TSBD_WSSV_ffd2411af1,1,0,2,0.8456926,0.009589386,0.072347745,0.051183574,6.833202e-06,0.010699585,0,0.06142575666308403,0.115396455,0.046744045,3.0544268e-06,0.010295904,0,0.12374094128608704,0.81225586,0.90207237,0.9999901,0.9790045,0,0.8148333430290222
TSBD_WSSV_c6b9dfd6bd,1,0,2,0.8596562,0.0075208014,0.0834437,0.05092884,6.672303e-06,0.011139949,0,0.06142575666308403,0.09784389,0.04714247,3.094168e-06,0.009755237,0,0.12374094128608704,0.8187125,0.9019287,0.9999902,0.9791048,0,0.8148333430290222
TSBD_WSSV_258e8224d8,1,1,2,0.8640252,0.006905415,0.08276282,0.047546014,5.1754514e-06,0.010225671,0,0.06142575666308403,0.09599377,0.050693903,4.3447794e-06,0.0107045155,0,0.12374094128608704,0.8212434,0.9017601,0.9999906,0.9790698,1,0.8148333430290222
TSBD_WSSV_7759b4323e,0,0,1,0.10839929,0.31402445,0.06680161,0.065873615,1.31922525e-05,0.023714375,0,0.06142575666308403,0.13505933,0.8523087,0.9999666,0.9084514,0,0.12374094128608704,0.79813904,0.081817664,2.0204086e-05,0.06783423,0,0.8148333430290222
TSBD_WSSV_20ac0fab2b,1,0,2,0.7038721,0.02082524,0.15620513,0.09196902,0.00026412966,0.03879442,0,0.06142575666308403,0.07833564,0.2111393,0.008265632,0.08818017,0,0.12374094128608704,0.76545924,0.6968916,0.99147016,0.8730254,0,0.8148333430290222
TSBD_WSSV_73ccea8db5,1,0,2,0.8606985,0.0045655165,0.08274538,0.037890606,3.2367752e-06,0.008463113,0,0.06142575666308403,0.10326642,0.10378659,0.00013510321,0.03035572,0,0.12374094128608704,0.81398815,0.85832274,0.9998617,0.96118116,0,0.8148333430290222
TSBD_WSSV_2ca61b4065,1,1,1,0.80665916,0.012149686,0.10981996,0.06529174,1.0508836e-05,0.015472371,0,0.06142575666308403,0.76189524,0.87844014,0.9999856,0.9719719,1,0.12374094128608704,0.12828478,0.056268148,3.937305e-06,0.012555686,0,0.8148333430290222
TSBD_WSSV_0168d43459,0,0,0,0.17583515,0.23185048,0.097365975,0.7372893,0.98418933,0.64238054,0,0.06142575666308403,0.12919132,0.03790526,6.8690083e-06,0.017358903,0,0.12374094128608704,0.7734427,0.22480541,0.015803685,0.34026057,0,0.8148333430290222
TSBD_WSSV_a270f6228b,0,0,0,0.1708392,0.21227849,0.20366175,0.7781515,0.9904445,0.78371245,0,0.06142575666308403,0.34479868,0.19281681,0.009553335,0.19878685,0,0.12374094128608704,0.45153955,0.02903163,2.2317176e-06,0.01750076,0,0.8148333430290222
TSBD_WSSV_3868efcb84,0,0,0,0.079280466,0.35534167,0.062617935,0.8426639,0.99949825,0.799838,0,0.06142575666308403,0.21540968,0.050030395,1.6693735e-05,0.03832353,0,0.12374094128608704,0.72197235,0.107305706,0.00048508047,0.16183847,0,0.8148333430290222
TSBD_WSSV_98510bdd07,0,0,0,0.17215085,0.23604676,0.3073453,0.9193403,0.9999871,0.95973814,0,0.06142575666308403,0.069590405,0.04066748,6.4549204e-06,0.012851443,0,0.12374094128608704,0.62306434,0.03999225,6.384125e-06,0.027410436,0,0.8148333430290222
TSBD_WSSV_365b81a0b8,0,0,0,0.06560664,0.3615641,0.07420387,0.6162418,0.7823811,0.562499,0,0.06142575666308403,0.116365515,0.3415233,0.2175994,0.39084983,0,0.12374094128608704,0.80943054,0.042234883,1.9508947e-05,0.04665116,0,0.8148333430290222
TSBD_WSSV_4c515e509e,1,0,2,0.8604213,0.0068765758,0.07826447,0.047981933,5.784971e-06,0.010325284,0,0.06142575666308403,0.10645693,0.055493213,7.2567545e-06,0.012846255,0,0.12374094128608704,0.81527865,0.89652485,0.9999869,0.97682846,0,0.8148333430290222
TSBD_WSSV_d5dc5a32b7,0,0,1,0.06450356,0.34917834,0.071736105,0.47414652,0.2557458,0.38403305,0,0.06142575666308403,0.11698566,0.47951025,0.74423134,0.5671331,0,0.12374094128608704,0.81127816,0.046343256,2.2824188e-05,0.048833795,0,0.8148333430290222
TSBD_WSSV_84d358870a,1,1,0,0.55602765,0.06269581,0.6553176,0.91920394,0.9999871,0.9740079,1,0.06142575666308403,0.066442095,0.040633425,6.407119e-06,0.009827781,0,0.12374094128608704,0.2782403,0.040162634,6.457999e-06,0.01616429,0,0.8148333430290222
TSBD_WSSV_b95089e484,0,0,0,0.06090496,0.40502846,0.1008544,0.91777074,0.9999858,0.9339783,0,0.06142575666308403,0.08769498,0.040103517,6.0287184e-06,0.019648654,0,0.12374094128608704,0.81145066,0.042125773,8.050385e-06,0.046373084,0,0.8148333430290222
TSBD_WSSV_ef2d938994,0,0,0,0.061829403,0.39683253,0.068155035,0.8894083,0.99991965,0.87595284,0,0.06142575666308403,0.18820569,0.03872698,4.821736e-06,0.026365504,0,0.12374094128608704,0.74363923,0.071864724,7.562776e-05,0.097681664,0,0.8148333430290222
TSBD_WSSV_32049c3ecf,1,0,2,0.85510254,0.007832067,0.07604612,0.0660246,1.8626026e-05,0.01490977,0,0.06142575666308403,0.10425303,0.04182813,1.8909125e-06,0.008580814,0,0.12374094128608704,0.81970084,0.89214724,0.9999795,0.97650945,0,0.8148333430290222
TSBD_WSSV_8b8160f809,1,1,1,0.76358694,0.018466225,0.1469813,0.062714346,8.985672e-06,0.016507024,0,0.06142575666308403,0.7309777,0.8811959,0.9999871,0.97106886,1,0.12374094128608704,0.122040965,0.056089792,3.863153e-06,0.012424109,0,0.8148333430290222
TSBD_WSSV_cdf58b2135,0,0,2,0.4524994,0.074242376,0.053742398,0.0334568,2.8966579e-06,0.00781461,0,0.06142575666308403,0.51365435,0.16898973,0.0016435165,0.12686035,0,0.12374094128608704,0.43260327,0.79755354,0.9983536,0.8653251,0,0.8148333430290222
TSBD_WSSV_aa863186fe,1,0,2,0.8429737,0.008501326,0.06293427,0.04285289,3.911106e-06,0.008468135,0,0.06142575666308403,0.13891551,0.06751976,1.676952e-05,0.018341595,0,0.12374094128608704,0.7981502,0.8896273,0.99997926,0.97319025,0,0.8148333430290222
TSBD_WSSV_dfb2880295,1,0,2,0.844085,0.009812347,0.066651955,0.04478278,4.117932e-06,0.008849189,0,0.06142575666308403,0.123199284,0.051928055,5.0576127e-06,0.012219855,0,0.12374094128608704,0.8101488,0.90328914,0.9999908,0.97893095,0,0.8148333430290222
TSBD_WSSV_baaf0baf99,1,0,2,0.85482293,0.007962965,0.08291271,0.053380225,8.072858e-06,0.011819231,0,0.06142575666308403,0.10276612,0.04711563,3.1649784e-06,0.009988293,0,0.12374094128608704,0.81432116,0.8995041,0.9999887,0.97819245,0,0.8148333430290222
TSBD_WSSV_24404c91af,1,0,2,0.85620105,0.006582817,0.06864218,0.036640488,2.1930134e-06,0.0072187767,0,0.06142575666308403,0.12509082,0.075305164,2.8999602e-05,0.020641642,0,0.12374094128608704,0.80626696,0.8880544,0.9999689,0.9721396,0,0.8148333430290222
TSBD_WSSV_b7563199e4,1,0,2,0.83744144,0.00849794,0.06028361,0.034357607,1.7944965e-06,0.006480649,0,0.06142575666308403,0.15196414,0.08194145,4.278259e-05,0.024974076,0,0.12374094128608704,0.7877522,0.8837009,0.9999554,0.9685453,0,0.8148333430290222
TSBD_WSSV_11a594f754,1,0,2,0.6093802,0.046148628,0.052682962,0.035419803,1.9659842e-06,0.0067951013,0,0.06142575666308403,0.30451143,0.07856177,3.408711e-05,0.031795006,0,0.12374094128608704,0.6428056,0.8860184,0.999964,0.9614099,0,0.8148333430290222
TSBD_WSSV_fc31d39bad,1,0,2,0.44545016,0.060238514,0.067933835,0.030696787,7.6643355e-06,0.008373922,0,0.06142575666308403,0.12125818,0.42111778,0.33659014,0.28269157,0,0.12374094128608704,0.81080806,0.5481854,0.6634022,0.7089345,0,0.8148333430290222
TSBD_WSSV_d6cd79daa1,1,0,2,0.8398801,0.0032721236,0.060717247,0.029836701,1.7822658e-06,0.006052514,0,0.06142575666308403,0.14508682,0.17229271,0.001808438,0.07215969,0,0.12374094128608704,0.79419595,0.7978706,0.99818975,0.9217878,0,0.8148333430290222
TSBD_WSSV_02f81ef95e,1,0,2,0.8609711,0.0057125986,0.065676086,0.033742692,1.6765259e-06,0.0064835977,0,0.06142575666308403,0.12519017,0.08198965,4.287576e-05,0.023170955,0,0.12374094128608704,0.8091337,0.8842677,0.9999554,0.9703455,0,0.8148333430290222
TSBD_WSSV_3b11acaec9,0,0,1,0.53390175,0.045399256,0.053520534,0.03950284,6.6512353e-06,0.009652163,0,0.06142575666308403,0.3863059,0.6820654,0.9875711,0.7518662,0,0.12374094128608704,0.5601736,0.2784317,0.012422158,0.23848167,0,0.8148333430290222
TSBD_WSSV_c286bccb7a,1,0,2,0.83242744,0.01104853,0.062605575,0.042190008,3.3710369e-06,0.00813419,0,0.06142575666308403,0.13818285,0.05758998,7.936369e-06,0.0146501595,0,0.12374094128608704,0.7992115,0.9002201,0.9999887,0.97721565,0,0.8148333430290222
TSBD_WSSV_6aa52b5d04,0,0,1,0.29534832,0.14359373,0.055495523,0.11481945,0.00017599152,0.034750164,0,0.06142575666308403,0.37351033,0.7974545,0.99978167,0.9128848,0,0.12374094128608704,0.5709941,0.08772606,4.238932e-05,0.05236505,0,0.8148333430290222
TSBD_WSSV_78ac1c210b,1,0,2,0.64324015,0.023154926,0.062023222,0.060883764,8.934015e-05,0.017774247,0,0.06142575666308403,0.15387551,0.33552438,0.10634788,0.21706657,0,0.12374094128608704,0.7841012,0.6035919,0.89356273,0.7651592,0,0.8148333430290222
TSBD_WSSV_f4df9efeef,1,0,2,0.86212105,0.0065335473,0.07323639,0.044717606,4.2231413e-06,0.009179855,0,0.06142575666308403,0.111089945,0.060033422,9.170299e-06,0.014160501,0,0.12374094128608704,0.81567365,0.89524895,0.99998665,0.9766596,0,0.8148333430290222
TSBD_WSSV_e332624690,1,0,2,0.7718985,0.01221435,0.07045707,0.17031954,0.0019380013,0.057623588,0,0.06142575666308403,0.12274012,0.10033207,0.0001993217,0.034993798,0,0.12374094128608704,0.80680275,0.7293484,0.99786264,0.9073826,0,0.8148333430290222
TSBD_WSSV_de8ce5aa48,1,0,2,0.7747237,0.0128769465,0.06697419,0.026591057,1.6244915e-06,0.0057792533,0,0.06142575666308403,0.1223092,0.22529955,0.008129758,0.10254112,0,0.12374094128608704,0.8107166,0.7481093,0.9918686,0.89167964,0,0.8148333430290222
TSBD_WSSV_2847167d0b,0,0,1,0.15950605,0.25362048,0.057496816,0.039098658,2.0176685e-06,0.010998903,0,0.06142575666308403,0.17309277,0.8416801,0.9998753,0.88661325,0,0.12374094128608704,0.76941043,0.11922122,0.00012260638,0.10238782,0,0.8148333430290222
TSBD_WSSV_ea8e971d58,0,0,1,0.10783899,0.31435916,0.07060338,0.075766616,2.7640002e-05,0.030695967,0,0.06142575666308403,0.118870415,0.8319163,0.99993026,0.88353825,0,0.12374094128608704,0.8105262,0.09231709,4.2144846e-05,0.085765764,0,0.8148333430290222
TSBD_WSSV_2cd19b2879,1,1,2,0.8634985,0.0070651295,0.084526904,0.049838245,6.0894145e-06,0.010866952,0,0.06142575666308403,0.09384179,0.047596183,3.307579e-06,0.009772137,0,0.12374094128608704,0.8216314,0.9025655,0.9999906,0.9793609,1,0.8148333430290222
TSBD_WSSV_f00fa9ceb8,1,0,2,0.85520077,0.008248759,0.07419542,0.050905813,6.607769e-06,0.010672903,0,0.06142575666308403,0.10796742,0.047129706,3.1683778e-06,0.01014838,0,0.12374094128608704,0.8178372,0.9019645,0.9999902,0.9791787,0,0.8148333430290222
TSBD_WSSV_6678622b35,1,0,2,0.8540817,0.008484026,0.07273834,0.049977373,6.2574427e-06,0.010395757,0,0.06142575666308403,0.10954928,0.047219437,3.2424946e-06,0.010254282,0,0.12374094128608704,0.8177123,0.9028033,0.9999906,0.9793499,0,0.8148333430290222
TSBD_WSSV_9ce26c2bf9,1,0,2,0.8559957,0.008061435,0.074879825,0.055456046,9.330932e-06,0.011922839,0,0.06142575666308403,0.10602446,0.0448266,2.6051698e-06,0.009480693,0,0.12374094128608704,0.8190957,0.8997174,0.9999881,0.97859645,0,0.8148333430290222
TSBD_WSSV_3319ef6f32,1,0,2,0.8427464,0.00999597,0.06783118,0.046048734,4.553248e-06,0.009203104,0,0.06142575666308403,0.12272544,0.050859112,4.5365177e-06,0.01183476,0,0.12374094128608704,0.80944335,0.90309215,0.99999094,0.9789621,0,0.8148333430290222
TSBD_WSSV_1bb255e74b,1,0,2,0.86156243,0.006954562,0.07556475,0.039490607,2.5861402e-06,0.007941721,0,0.06142575666308403,0.10693708,0.06145529,1.0726013e-05,0.014544023,0,0.12374094128608704,0.8174982,0.8990541,0.99998665,0.97751427,0,0.8148333430290222
TSBD_WSSV_d45bc108bb,0,0,1,0.14089023,0.27233517,0.078216836,0.042126715,3.7482291e-06,0.015941687,0,0.06142575666308403,0.10105399,0.7910568,0.99932826,0.7939478,0,0.12374094128608704,0.8207292,0.16681644,0.00066807785,0.19011046,0,0.8148333430290222
TSBD_WSSV_319f7dd222,1,0,2,0.85586685,0.0044851694,0.08571531,0.113329455,0.00021495127,0.032592535,0,0.06142575666308403,0.09447728,0.049988948,5.4496036e-06,0.011188095,0,0.12374094128608704,0.81980747,0.83668166,0.9997795,0.9562194,0,0.8148333430290222
TSBD_WSSV_72962540b9,1,0,2,0.84719354,0.0049891416,0.12091197,0.12575343,0.00026461203,0.0403191,0,0.06142575666308403,0.07940801,0.033854183,8.419989e-07,0.006104937,0,0.12374094128608704,0.79968005,0.84039235,0.9997346,0.95357597,0,0.8148333430290222
TSBD_WSSV_cbc299712b,0,0,1,0.17565013,0.23003773,0.1641217,0.052774593,6.379042e-06,0.022265246,0,0.06142575666308403,0.19371246,0.8402643,0.99991834,0.8969381,0,0.12374094128608704,0.6421659,0.10696111,7.523833e-05,0.08079665,0,0.8148333430290222
TSBD_WSSV_4852ce6b3e,1,0,2,0.86240137,0.0047385595,0.068690196,0.030823179,1.2776176e-06,0.0059921523,0,0.06142575666308403,0.12063803,0.09924241,0.00010138838,0.029622767,0,0.12374094128608704,0.8106718,0.86993444,0.99989724,0.9643851,0,0.8148333430290222
TSBD_WSSV_51c0f376ed,1,0,2,0.85589415,0.008119018,0.07529255,0.05130734,6.92856e-06,0.010867893,0,0.06142575666308403,0.106745414,0.04701305,3.1561453e-06,0.010088457,0,0.12374094128608704,0.8179621,0.90167964,0.99999,0.9790436,0,0.8148333430290222
TSBD_WSSV_27c4e89064,1,0,2,0.8493944,0.009061961,0.07034437,0.051719684,7.083564e-06,0.010712339,0,0.06142575666308403,0.114553966,0.04705798,3.1387297e-06,0.01034779,0,0.12374094128608704,0.81510174,0.90122235,0.99998987,0.97893983,0,0.8148333430290222
TSBD_WSSV_d31ea8472c,1,0,2,0.86170477,0.0068104705,0.084254056,0.051284477,7.254409e-06,0.011416253,0,0.06142575666308403,0.0987894,0.051210754,4.893332e-06,0.011148967,0,0.12374094128608704,0.8169566,0.89750475,0.99998784,0.9774348,0,0.8148333430290222
TSBD_WSSV_6fd089aca1,1,0,2,0.86268663,0.007223947,0.0821483,0.052195225,7.285666e-06,0.01138545,0,0.06142575666308403,0.09580203,0.04537822,2.643479e-06,0.009211078,0,0.12374094128608704,0.8220496,0.90242654,0.9999901,0.9794035,0,0.8148333430290222
TSBD_WSSV_7131cb4d1e,1,0,2,0.86181056,0.0069663543,0.08795428,0.058855332,1.17166655e-05,0.013560387,0,0.06142575666308403,0.09266682,0.0431668,2.0958898e-06,0.008513978,0,0.12374094128608704,0.8193789,0.8979778,0.9999862,0.97792566,0,0.8148333430290222
TSBD_WSSV_d1629a0715,0,0,1,0.569662,0.029750567,0.053966813,0.031256802,2.1085311e-06,0.006752655,0,0.06142575666308403,0.46805844,0.70681953,0.99208367,0.79765064,0,0.12374094128608704,0.47797474,0.26192367,0.007914243,0.19559665,0,0.8148333430290222
TSBD_WSSV_8ecaf0ac01,1,1,2,0.8692772,0.003940561,0.06826419,0.043934282,4.7043e-06,0.009111561,0,0.06142575666308403,0.1201789,0.080272235,3.830561e-05,0.022157028,0,0.12374094128608704,0.8115569,0.8757935,0.9999571,0.9687314,1,0.8148333430290222
TSBD_WSSV_af3c48a08c,1,0,2,0.858645,0.0070389323,0.09535716,0.058412537,1.1333793e-05,0.013846187,0,0.06142575666308403,0.09107311,0.04582743,2.736163e-06,0.0091933785,0,0.12374094128608704,0.81356966,0.8957601,0.99998593,0.9769604,0,0.8148333430290222
TSBD_WSSV_3dae79f506,1,0,2,0.8449076,0.0061887354,0.06494837,0.031582844,1.4815915e-06,0.006162603,0,0.06142575666308403,0.148141,0.10082976,0.00012825272,0.033840057,0,0.12374094128608704,0.7869107,0.8675874,0.9998703,0.9599974,0,0.8148333430290222
TSBD_WSSV_80515fe4b2,1,0,2,0.8607708,0.0075257076,0.07680982,0.048915993,5.727813e-06,0.01029573,0,0.06142575666308403,0.1022063,0.048059635,3.5066885e-06,0.010233129,0,0.12374094128608704,0.8209839,0.9030244,0.9999908,0.97947115,0,0.8148333430290222
TSBD_WSSV_aee31f5ae6,1,0,2,0.8574755,0.0078017004,0.07931226,0.051945254,7.1736745e-06,0.01120904,0,0.06142575666308403,0.10288619,0.04692687,3.0708254e-06,0.009898534,0,0.12374094128608704,0.8178016,0.9011278,0.99998975,0.97889245,0,0.8148333430290222
TSBD_WSSV_0ef579b068,1,0,2,0.86216444,0.00726704,0.08071321,0.05038774,6.2941976e-06,0.01081977,0,0.06142575666308403,0.09801422,0.047194127,3.145618e-06,0.009788028,0,0.12374094128608704,0.8212725,0.9024182,0.9999906,0.97939223,0,0.8148333430290222
TSBD_WSSV_f70db8236e,1,0,2,0.8597568,0.0075831236,0.07628077,0.04936425,5.995577e-06,0.010414005,0,0.06142575666308403,0.10387895,0.048507806,3.6848592e-06,0.010443713,0,0.12374094128608704,0.81984025,0.9021279,0.99999034,0.97914225,0,0.8148333430290222
TSBD_WSSV_36e3c23fc4,1,0,2,0.86197716,0.0066075707,0.086863354,0.06937563,2.189529e-05,0.016490243,0,0.06142575666308403,0.092563,0.039840177,1.5314374e-06,0.0077168206,0,0.12374094128608704,0.8205737,0.89078414,0.9999765,0.97579294,0,0.8148333430290222
TSBD_WSSV_7e34390794,1,0,2,0.8611894,0.007472045,0.078311265,0.051507164,6.9949733e-06,0.01104056,0,0.06142575666308403,0.09998029,0.04591637,2.8316394e-06,0.009530545,0,0.12374094128608704,0.82170844,0.90257645,0.9999901,0.97942895,0,0.8148333430290222
TSBD_WSSV_bd80b0d581,1,0,2,0.8560209,0.007418638,0.091506585,0.06422049,1.6667198e-05,0.015386522,0,0.06142575666308403,0.09466276,0.04172335,1.8507048e-06,0.008262422,0,0.12374094128608704,0.8138306,0.89405614,0.9999814,0.976351,0,0.8148333430290222
TSBD_WSSV_a456bae923,1,0,2,0.8601676,0.007587432,0.078593455,0.050416857,6.315934e-06,0.010732257,0,0.06142575666308403,0.100872114,0.046848286,3.041635e-06,0.009790674,0,0.12374094128608704,0.82053447,0.9027348,0.9999906,0.9794771,0,0.8148333430290222
TSBD_WSSV_b6178797f6,1,0,2,0.861653,0.0073638214,0.08102428,0.051297437,6.805201e-06,0.011093302,0,0.06142575666308403,0.097696126,0.046151754,2.8507097e-06,0.009490007,0,0.12374094128608704,0.8212796,0.9025508,0.99999034,0.97941667,0,0.8148333430290222
TSBD_WSSV_69762898eb,1,0,2,0.8578833,0.00772829,0.082987405,0.054181952,8.535345e-06,0.012015517,0,0.06142575666308403,0.099017486,0.04494047,2.5622571e-06,0.009236766,0,0.12374094128608704,0.8179951,0.9008776,0.9999889,0.9787477,0,0.8148333430290222
TSBD_WSSV_a73de688c2,1,1,2,0.8633711,0.0070144553,0.08656833,0.053161867,8.040831e-06,0.011928832,0,0.06142575666308403,0.09207251,0.045286313,2.663024e-06,0.009091757,0,0.12374094128608704,0.8213592,0.90155184,0.9999894,0.97897935,1,0.8148333430290222
TSBD_WSSV_03cb710db8,1,0,2,0.8618404,0.007276601,0.08141056,0.0523172,7.4607424e-06,0.0114209475,0,0.06142575666308403,0.09747901,0.045930594,2.807979e-06,0.009435414,0,0.12374094128608704,0.8211104,0.90175223,0.9999896,0.9791437,0,0.8148333430290222
TSBD_WSSV_7f2c043791,1,0,2,0.85261995,0.007910737,0.0878263,0.06544748,1.8070148e-05,0.015555562,0,0.06142575666308403,0.0992731,0.041350916,1.7781338e-06,0.008305681,0,0.12374094128608704,0.8129006,0.8932016,0.9999801,0.9761387,0,0.8148333430290222
TSBD_WSSV_426ff318e2,1,0,2,0.8627693,0.0071957456,0.08314285,0.05177546,7.130468e-06,0.011343612,0,0.06142575666308403,0.09507555,0.045753274,2.7538263e-06,0.009296826,0,0.12374094128608704,0.82178164,0.9024712,0.9999901,0.97935957,0,0.8148333430290222
TSBD_WSSV_3cb87dc046,1,0,2,0.8571916,0.007998042,0.07642581,0.051194187,6.811433e-06,0.010870834,0,0.06142575666308403,0.10450771,0.046426836,2.9595487e-06,0.009824825,0,0.12374094128608704,0.8190665,0.902379,0.9999902,0.9793044,0,0.8148333430290222
TSBD_WSSV_4c414428d2,1,0,2,0.862397,0.007274716,0.08085871,0.05162098,6.988673e-06,0.011172991,0,0.06142575666308403,0.09717284,0.045856155,2.797703e-06,0.009406856,0,0.12374094128608704,0.8219685,0.90252286,0.9999902,0.9794201,0,0.8148333430290222
TSBD_WSSV_4896029d97,1,0,2,0.8617662,0.0072146645,0.082234345,0.05565595,9.302653e-06,0.0123205995,0,0.06142575666308403,0.0965438,0.044061955,2.3161458e-06,0.008883763,0,0.12374094128608704,0.82122195,0.900282,0.99998844,0.97879565,0,0.8148333430290222
TSBD_WSSV_c549f00277,1,0,2,0.8594182,0.0076650977,0.07819161,0.051701013,7.0784536e-06,0.011087245,0,0.06142575666308403,0.101602755,0.046160024,2.8809393e-06,0.009647145,0,0.12374094128608704,0.8202057,0.9021389,0.9999901,0.97926563,0,0.8148333430290222
TSBD_WSSV_254bdb9f4d,1,0,2,0.85647386,0.008087625,0.07438908,0.053991057,8.255199e-06,0.011463703,0,0.06142575666308403,0.10587407,0.04501725,2.5658624e-06,0.009461285,0,0.12374094128608704,0.81973684,0.90099174,0.99998915,0.979075,0,0.8148333430290222
TSBD_WSSV_b0447870c0,1,0,2,0.86118674,0.007433424,0.079991564,0.051602308,6.99781e-06,0.011135914,0,0.06142575666308403,0.098804586,0.045972466,2.7844471e-06,0.009466962,0,0.12374094128608704,0.8212038,0.90242517,0.9999902,0.9793971,0,0.8148333430290222
TSBD_WSSV_754fa3c73d,1,1,2,0.8632255,0.0071715843,0.08296989,0.050757296,6.5001486e-06,0.011026023,0,0.06142575666308403,0.09481625,0.046251174,2.8495037e-06,0.009395193,0,0.12374094128608704,0.82221395,0.90299153,0.9999906,0.9795788,1,0.8148333430290222
TSBD_WSSV_9937a0424b,1,1,2,0.8630698,0.0071303034,0.08602905,0.05184056,7.039887e-06,0.011458512,0,0.06142575666308403,0.09242712,0.04566566,2.676919e-06,0.009146612,0,0.12374094128608704,0.8215439,0.9024937,0.99999034,0.97939485,1,0.8148333430290222
TSBD_WSSV_6fa84e41c3,1,0,2,0.8609913,0.007502556,0.07855114,0.05077912,6.5437994e-06,0.010837355,0,0.06142575666308403,0.100056134,0.046370093,2.9256305e-06,0.009638999,0,0.12374094128608704,0.8213927,0.9028508,0.99999046,0.97952366,0,0.8148333430290222
TSBD_WSSV_577000701d,1,1,2,0.86285126,0.0068428814,0.088505335,0.06009696,1.2672049e-05,0.013929243,0,0.06142575666308403,0.09102613,0.042084273,1.8778393e-06,0.008179541,0,0.12374094128608704,0.8204686,0.89781874,0.99998546,0.97789127,1,0.8148333430290222
TSBD_WSSV_7562704d32,1,0,2,0.8626217,0.0072372677,0.08214074,0.051458996,6.9160924e-06,0.011195471,0,0.06142575666308403,0.09597069,0.045901123,2.7738538e-06,0.00935412,0,0.12374094128608704,0.82188857,0.90263987,0.99999034,0.9794504,0,0.8148333430290222
TSBD_WSSV_ab987277c7,1,0,2,0.85552084,0.008276769,0.07427156,0.05032319,6.401992e-06,0.010549698,0,0.06142575666308403,0.10728839,0.04685893,3.1058762e-06,0.010054953,0,0.12374094128608704,0.8184401,0.90281785,0.99999046,0.97939533,0,0.8148333430290222
TSBD_WSSV_1beeeafcb8,1,0,2,0.8563501,0.00818743,0.07420731,0.050777473,6.6170082e-06,0.010655829,0,0.06142575666308403,0.10646588,0.04637111,2.9757914e-06,0.009892409,0,0.12374094128608704,0.8193268,0.9028514,0.99999034,0.9794517,0,0.8148333430290222
TSBD_WSSV_e7254cc0d4,1,0,2,0.8619363,0.00733981,0.080196634,0.05232541,7.472308e-06,0.011360674,0,0.06142575666308403,0.0978825,0.04537108,2.6614764e-06,0.009293085,0,0.12374094128608704,0.8219209,0.90230346,0.99998987,0.9793462,0,0.8148333430290222
TSBD_WSSV_b5a8a126ab,1,0,2,0.7697343,0.0211681,0.05780564,0.050634548,6.774299e-06,0.009990294,0,0.06142575666308403,0.17026961,0.047138683,3.254668e-06,0.012193656,0,0.12374094128608704,0.77192473,0.9022268,0.99999,0.97781605,0,0.8148333430290222
TSBD_WSSV_13e41ad5ef,1,0,2,0.8621194,0.007322821,0.08058732,0.05173454,7.1356376e-06,0.0112173045,0,0.06142575666308403,0.09749528,0.04569005,2.7562253e-06,0.0093742,0,0.12374094128608704,0.82191736,0.9025754,0.9999901,0.9794085,0,0.8148333430290222
TSBD_WSSV_5dd3dca816,1,0,2,0.8597297,0.007691961,0.07721193,0.051189926,6.8237873e-06,0.010904394,0,0.06142575666308403,0.1018227,0.046040837,2.8436555e-06,0.009614115,0,0.12374094128608704,0.8209654,0.90276927,0.99999034,0.9794815,0,0.8148333430290222
TSBD_WSSV_084f7a072a,1,0,2,0.85577285,0.008238756,0.07477292,0.050799433,6.539794e-06,0.0106644295,0,0.06142575666308403,0.10658899,0.0464899,3.0269e-06,0.0099446215,0,0.12374094128608704,0.81863815,0.9027107,0.99999046,0.9793909,0,0.8148333430290222
TSBD_WSSV_7d1aec7b17,1,0,2,0.86074764,0.0073156664,0.08024453,0.05078902,6.668209e-06,0.010972639,0,0.06142575666308403,0.10041572,0.048239388,3.538073e-06,0.010216028,0,0.12374094128608704,0.8193397,0.90097153,0.99998975,0.9788113,0,0.8148333430290222
TSBD_WSSV_93545fad41,1,1,2,0.86290663,0.0071448646,0.0823726,0.05308183,7.856446e-06,0.011659261,0,0.06142575666308403,0.09563688,0.04516294,2.5863276e-06,0.009147109,0,0.12374094128608704,0.8219905,0.90175515,0.9999895,0.9791936,1,0.8148333430290222
TSBD_WSSV_ef783ed00d,1,0,2,0.86238056,0.0072263405,0.08334538,0.051034894,6.689117e-06,0.01113947,0,0.06142575666308403,0.09546311,0.04651356,2.9494395e-06,0.009511376,0,0.12374094128608704,0.8211915,0.9024515,0.99999034,0.97934914,0,0.8148333430290222
TSBD_WSSV_8b081aa68f,1,0,2,0.8614746,0.0071446123,0.084722154,0.05774651,1.0798715e-05,0.013048101,0,0.06142575666308403,0.09491272,0.0432048,2.125272e-06,0.008608417,0,0.12374094128608704,0.8203651,0.8990487,0.999987,0.9783435,0,0.8148333430290222
TSBD_WSSV_6afbaad0ae,1,0,2,0.8564333,0.0070117554,0.10807456,0.06786113,2.0735743e-05,0.017487643,0,0.06142575666308403,0.081894614,0.03987765,1.5231922e-06,0.007410938,0,0.12374094128608704,0.8100308,0.8922613,0.9999777,0.9751014,0,0.8148333430290222
TSBD_WSSV_9223e4a32b,1,0,2,0.857414,0.007991823,0.07605798,0.051064238,6.838118e-06,0.010845653,0,0.06142575666308403,0.104516156,0.046362877,3.038236e-06,0.009868028,0,0.12374094128608704,0.8194259,0.902573,0.9999902,0.9792863,0,0.8148333430290222
TSBD_WSSV_98ea43065f,1,0,2,0.8616912,0.0074039167,0.07925775,0.050948624,6.6745765e-06,0.010928744,0,0.06142575666308403,0.09895215,0.04621774,2.9176256e-06,0.009580323,0,0.12374094128608704,0.82179,0.9028337,0.99999046,0.9794909,0,0.8148333430290222
TSBD_WSSV_eb247f0a00,1,0,2,0.86264545,0.0072019817,0.08279246,0.051579326,6.908998e-06,0.011237987,0,0.06142575666308403,0.0955922,0.046043035,2.8085508e-06,0.009379129,0,0.12374094128608704,0.8216153,0.9023777,0.9999902,0.9793829,0,0.8148333430290222
TSBD_WSSV_97fa50601b,1,1,2,0.8629909,0.00712891,0.084481835,0.052801557,7.608459e-06,0.011660394,0,0.06142575666308403,0.09380624,0.045161046,2.5789222e-06,0.009080467,0,0.12374094128608704,0.82171184,0.9020373,0.99998975,0.97925913,1,0.8148333430290222
TSBD_WSSV_8b6c4507a2,1,0,2,0.8550619,0.008288708,0.07476608,0.052315947,7.396706e-06,0.011079631,0,0.06142575666308403,0.10698471,0.045892455,2.8504905e-06,0.009785119,0,0.12374094128608704,0.8182493,0.90179163,0.99998975,0.9791352,0,0.8148333430290222
TSBD_WSSV_5c925439ac,1,0,2,0.8565939,0.007994062,0.077596195,0.054563023,8.860079e-06,0.01185893,0,0.06142575666308403,0.10360702,0.044718076,2.5608053e-06,0.009360274,0,0.12374094128608704,0.8187968,0.9007189,0.9999887,0.97878075,0,0.8148333430290222
TSBD_WSSV_1d810bc413,1,0,2,0.86051154,0.0073161013,0.08062433,0.056145243,9.401361e-06,0.012318434,0,0.06142575666308403,0.09914174,0.044596545,2.4441515e-06,0.009119359,0,0.12374094128608704,0.82023394,0.8992582,0.9999881,0.97856224,0,0.8148333430290222
TSBD_WSSV_26de7fcd80,1,0,2,0.8590515,0.007462534,0.07963856,0.05878113,1.1293176e-05,0.012994534,0,0.06142575666308403,0.10048442,0.04351394,2.278726e-06,0.008939291,0,0.12374094128608704,0.819877,0.8977049,0.9999864,0.97806615,0,0.8148333430290222
TSBD_WSSV_8aa47f5a65,1,1,1,0.6650332,0.03580447,0.07068594,0.05686925,6.131435e-06,0.011582492,0,0.06142575666308403,0.68342793,0.8807167,0.9999877,0.9697189,1,0.12374094128608704,0.24588609,0.062414028,6.1551864e-06,0.018698651,0,0.8148333430290222
TSBD_WSSV_d889bfa7f2,1,0,2,0.85380745,0.008523841,0.07146902,0.048483275,5.5905944e-06,0.00996484,0,0.06142575666308403,0.11122033,0.048420988,3.6735098e-06,0.010689734,0,0.12374094128608704,0.8173107,0.9030957,0.9999907,0.97934544,0,0.8148333430290222
TSBD_WSSV_8a85146e3e,1,1,2,0.86476696,0.0064353542,0.08770348,0.056919266,1.04281635e-05,0.013037166,0,0.06142575666308403,0.09227254,0.046120517,2.7749768e-06,0.009264001,0,0.12374094128608704,0.820024,0.89696026,0.9999869,0.97769886,1,0.8148333430290222
TSBD_WSSV_439d0a5c3f,1,0,2,0.8591873,0.007764714,0.07734165,0.050797895,6.591426e-06,0.010799566,0,0.06142575666308403,0.10218667,0.046285696,2.9401863e-06,0.009715138,0,0.12374094128608704,0.82047164,0.9029165,0.99999046,0.9794853,0,0.8148333430290222
TSBD_WSSV_3f0184301c,1,0,2,0.85131454,0.008900184,0.071837865,0.05113537,6.777938e-06,0.010631652,0,0.06142575666308403,0.11145054,0.04623084,2.9349635e-06,0.010021932,0,0.12374094128608704,0.8167116,0.90263385,0.9999902,0.9793464,0,0.8148333430290222
TSBD_WSSV_00abe397a8,1,1,2,0.86320996,0.00718181,0.08175089,0.050588638,6.512434e-06,0.0109556625,0,0.06142575666308403,0.09589656,0.046436176,2.9513417e-06,0.009515118,0,0.12374094128608704,0.8223526,0.9029752,0.99999046,0.97952926,1,0.8148333430290222
TSBD_WSSV_f49daeee4d,1,1,2,0.86289924,0.00719764,0.08098574,0.05033267,6.319537e-06,0.010832116,0,0.06142575666308403,0.097044475,0.046960928,3.0798228e-06,0.00968785,0,0.12374094128608704,0.82196975,0.90270644,0.9999906,0.97948,1,0.8148333430290222
TSBD_WSSV_e3a3f70bef,1,0,2,0.8625553,0.007213359,0.080882974,0.05174351,7.1137783e-06,0.011227464,0,0.06142575666308403,0.09732162,0.046153706,2.8704626e-06,0.009489278,0,0.12374094128608704,0.8217954,0.9021028,0.99999,0.9792832,0,0.8148333430290222
TSBD_WSSV_4c6acaba53,1,0,2,0.8623617,0.0072687836,0.082445264,0.05050106,6.4348937e-06,0.010957261,0,0.06142575666308403,0.0960835,0.046648107,3.019548e-06,0.0095882965,0,0.12374094128608704,0.8214712,0.9028508,0.9999906,0.9794544,0,0.8148333430290222
TSBD_WSSV_1a5ee9d7a4,1,1,2,0.86298376,0.0071086967,0.08283381,0.053124316,7.90913e-06,0.011702827,0,0.06142575666308403,0.09536652,0.045321386,2.6595903e-06,0.009204459,0,0.12374094128608704,0.82179964,0.9015542,0.9999895,0.9790927,1,0.8148333430290222
TSBD_WSSV_1d745dbab2,1,0,2,0.8607048,0.0063193003,0.09083855,0.07829505,3.6100966e-05,0.019581622,0,0.06142575666308403,0.09031882,0.03808171,1.2471121e-06,0.007207682,0,0.12374094128608704,0.81884265,0.8836232,0.9999627,0.97321063,0,0.8148333430290222
TSBD_WSSV_04529c8937,1,1,2,0.8633947,0.0071193054,0.08232876,0.050783295,6.472338e-06,0.010990468,0,0.06142575666308403,0.09549547,0.046596702,2.951562e-06,0.009518114,0,0.12374094128608704,0.8221758,0.90261996,0.9999906,0.9794914,1,0.8148333430290222
TSBD_WSSV_eb7b8b7c67,1,1,2,0.8631591,0.00716329,0.083103694,0.051306944,6.90635e-06,0.011221276,0,0.06142575666308403,0.09477482,0.045957986,2.8163317e-06,0.009345188,0,0.12374094128608704,0.8221215,0.9027351,0.9999902,0.97943354,1,0.8148333430290222
TSBD_WSSV_4c43a3a8a6,1,1,2,0.8628611,0.0068725357,0.087119035,0.05827337,1.0948284e-05,0.013268591,0,0.06142575666308403,0.092442736,0.04331234,2.097075e-06,0.008517418,0,0.12374094128608704,0.8204382,0.89841425,0.9999869,0.978214,1,0.8148333430290222
TSBD_WSSV_417fc1cab3,1,0,2,0.8623318,0.007162327,0.08529719,0.052477986,7.416435e-06,0.011613062,0,0.06142575666308403,0.09401036,0.04582986,2.767065e-06,0.009281606,0,0.12374094128608704,0.8206924,0.90169215,0.99998987,0.9791053,0,0.8148333430290222
TSBD_WSSV_59c834cf6e,1,0,2,0.83868706,0.010412427,0.065345176,0.04312554,3.576034e-06,0.008416865,0,0.06142575666308403,0.12954709,0.054490685,6.1552955e-06,0.013245227,0,0.12374094128608704,0.8051077,0.90238386,0.9999902,0.97833794,0,0.8148333430290222
TSBD_WSSV_97681928ee,1,0,2,0.8569712,0.00796977,0.077758424,0.052181996,7.475186e-06,0.011241258,0,0.06142575666308403,0.10371243,0.046052516,2.898139e-06,0.009724634,0,0.12374094128608704,0.8185291,0.9017655,0.9999896,0.9790341,0,0.8148333430290222
TSBD_WSSV_0c09630268,1,1,2,0.8628381,0.00685112,0.08738171,0.06035489,1.2746662e-05,0.013910008,0,0.06142575666308403,0.09186061,0.042035867,1.8672778e-06,0.008192117,0,0.12374094128608704,0.8207577,0.89760923,0.99998534,0.97789794,1,0.8148333430290222
TSBD_WSSV_919a1fc43f,1,1,2,0.86291414,0.007132301,0.08606228,0.051626008,6.9360935e-06,0.011406291,0,0.06142575666308403,0.09267908,0.04601907,2.7749386e-06,0.0092547,0,0.12374094128608704,0.8212586,0.902355,0.99999034,0.979339,1,0.8148333430290222
TSBD_WSSV_df52a25a1c,1,0,2,0.8543698,0.008415147,0.073088005,0.0507224,6.5758345e-06,0.010588283,0,0.06142575666308403,0.109076045,0.046940785,3.1488078e-06,0.0101526985,0,0.12374094128608704,0.81783605,0.9023368,0.99999034,0.9792591,0,0.8148333430290222
TSBD_WSSV_b6df8b235a,1,0,2,0.8626078,0.007243964,0.08138707,0.05150285,6.9448492e-06,0.011172468,0,0.06142575666308403,0.096604064,0.045912143,2.8051004e-06,0.00939731,0,0.12374094128608704,0.8220089,0.902585,0.9999902,0.97943026,0,0.8148333430290222
TSBD_WSSV_66dac7b3cb,1,0,2,0.8616598,0.0073770396,0.08072507,0.05105473,6.7608244e-06,0.011039415,0,0.06142575666308403,0.09789874,0.046240292,2.932314e-06,0.009557627,0,0.12374094128608704,0.82137614,0.90270495,0.9999902,0.979403,0,0.8148333430290222
TSBD_WSSV_cb728bde71,1,1,2,0.86289185,0.007016507,0.084832974,0.055437256,9.232241e-06,0.012413723,0,0.06142575666308403,0.093956046,0.04431093,2.3880211e-06,0.0088755125,0,0.12374094128608704,0.821211,0.90025187,0.99998844,0.9787107,1,0.8148333430290222
TSBD_WSSV_11dccea294,1,0,2,0.862301,0.0065321475,0.088725686,0.07034522,2.3060866e-05,0.016892066,0,0.06142575666308403,0.09078619,0.039116576,1.375845e-06,0.0074407747,0,0.12374094128608704,0.8204881,0.8905382,0.99997556,0.9756672,0,0.8148333430290222
TSBD_WSSV_6c97d0a038,0,0,0,0.2701822,0.13539112,0.09715183,0.56775326,0.63905644,0.37986374,0,0.06142575666308403,0.087649226,0.02908581,3.6074139e-06,0.008582187,0,0.12374094128608704,0.815199,0.40316093,0.36094,0.6115541,0,0.8148333430290222
TSBD_WSSV_7930144273,1,1,2,0.8629297,0.007139981,0.08601653,0.05171477,7.0130423e-06,0.011437392,0,0.06142575666308403,0.092624456,0.045852967,2.7386993e-06,0.009212843,0,0.12374094128608704,0.82135904,0.90243226,0.9999902,0.97934973,1,0.8148333430290222
TSBD_WSSV_46e8a68895,1,0,2,0.7771963,0.019585703,0.05860405,0.046559166,4.9496343e-06,0.009078877,0,0.06142575666308403,0.17084217,0.052050546,5.280358e-06,0.014062837,0,0.12374094128608704,0.7705538,0.90139025,0.99998975,0.9768583,0,0.8148333430290222
TSBD_WSSV_68675dc12f,1,0,2,0.85994846,0.0075984756,0.07713663,0.05006489,6.416789e-06,0.010661887,0,0.06142575666308403,0.10251884,0.047481634,3.3899341e-06,0.010122678,0,0.12374094128608704,0.82034457,0.9024534,0.9999902,0.9792154,0,0.8148333430290222
TSBD_WSSV_33b5dd7e52,1,0,2,0.83805746,0.007205951,0.062042005,0.040314104,3.6573656e-06,0.008142774,0,0.06142575666308403,0.15722524,0.0888414,6.894331e-05,0.028946841,0,0.12374094128608704,0.7807328,0.8708445,0.9999274,0.9629104,0,0.8148333430290222
TSBD_WSSV_eaf8feba8d,1,1,2,0.8628849,0.007172796,0.0841185,0.051447045,6.913526e-06,0.011287846,0,0.06142575666308403,0.094230965,0.0459895,2.8165682e-06,0.009331578,0,0.12374094128608704,0.82165056,0.90256345,0.9999902,0.9793806,1,0.8148333430290222
TSBD_WSSV_a092abcd48,1,0,2,0.86130947,0.0072855856,0.08385252,0.054401055,8.500279e-06,0.012060346,0,0.06142575666308403,0.09571404,0.04460739,2.4336039e-06,0.008995881,0,0.12374094128608704,0.82043344,0.9009917,0.99998915,0.97894377,0,0.8148333430290222
TSBD_WSSV_8c4a48a3c8,1,1,1,0.8367968,0.008537704,0.099690646,0.058253367,6.557369e-06,0.012789133,0,0.06142575666308403,0.78707904,0.88308835,0.9999888,0.9747184,1,0.12374094128608704,0.11323033,0.058658328,4.594174e-06,0.012492482,0,0.8148333430290222
TSBD_WSSV_36e8b7c576,0,0,0,0.13341027,0.2750124,0.2356478,0.9138654,0.9999826,0.94941944,0,0.06142575666308403,0.12840602,0.045805007,1.0842215e-05,0.020286627,0,0.12374094128608704,0.63594615,0.04032963,6.520586e-06,0.030293943,0,0.8148333430290222
TSBD_WSSV_f62b02d7ce,0,0,0,0.15691783,0.2490317,0.27841634,0.91915363,0.9999871,0.9561425,0,0.06142575666308403,0.10966167,0.04053957,6.367774e-06,0.015478122,0,0.12374094128608704,0.611922,0.04030684,6.5979693e-06,0.02837933,0,0.8148333430290222
TSBD_WSSV_7b5c5d4331,1,1,2,0.86629283,0.0048279455,0.07323181,0.033501487,1.6934531e-06,0.006714799,0,0.06142575666308403,0.10997766,0.08980269,6.8634814e-05,0.025298823,0,0.12374094128608704,0.81679046,0.8766958,0.99992967,0.96798635,1,0.8148333430290222
TSBD_WSSV_1115f3a7b9,1,0,2,0.8548635,0.007955669,0.07836399,0.05477701,8.773433e-06,0.011918686,0,0.06142575666308403,0.10624438,0.04690218,3.2796809e-06,0.010155351,0,0.12374094128608704,0.8153916,0.89832085,0.99998784,0.97792596,0,0.8148333430290222
TSBD_WSSV_8b19cf1542,0,0,1,0.337163,0.10063434,0.08348551,0.036377683,1.3206424e-05,0.011942241,0,0.06142575666308403,0.105204254,0.5046053,0.7006155,0.37249896,0,0.12374094128608704,0.81131023,0.459017,0.29937124,0.6155588,0,0.8148333430290222
TSBD_WSSV_e980aeec5d,0,0,0,0.07611608,0.358611,0.124302246,0.91356957,0.9999758,0.92651194,0,0.06142575666308403,0.62885946,0.0530583,2.1294103e-05,0.05281246,0,0.12374094128608704,0.2468383,0.03337205,2.8555824e-06,0.02067557,0,0.8148333430290222
TSBD_WSSV_78620c7961,1,1,1,0.44547898,0.08559571,0.057026263,0.05893366,6.9743755e-06,0.011992578,0,0.06142575666308403,0.5557154,0.881271,0.99998796,0.9658694,1,0.12374094128608704,0.38725838,0.05979531,5.0650415e-06,0.022138022,0,0.8148333430290222
TSBD_WSSV_5cfa598cc4,0,0,1,0.15267268,0.24827275,0.06404891,0.19372779,0.0012396164,0.07682653,0,0.06142575666308403,0.27044243,0.7676074,0.9987589,0.90109205,0,0.12374094128608704,0.6655087,0.03866479,1.5186945e-06,0.022081481,0,0.8148333430290222
TSBD_WSSV_2ab0d58abb,0,0,0,0.09786081,0.3260069,0.18355718,0.8800156,0.99970454,0.9270999,0,0.06142575666308403,0.09346635,0.09314448,0.00029427087,0.052409627,0,0.12374094128608704,0.72297645,0.026839873,1.2316302e-06,0.020490486,0,0.8148333430290222
TSBD_WSSV_d63f9ec96f,1,0,2,0.5519003,0.045446698,0.07086687,0.03031964,5.6605863e-06,0.007876433,0,0.06142575666308403,0.11605753,0.3641597,0.15263619,0.22043212,0,0.12374094128608704,0.81307554,0.60552067,0.84735817,0.77169144,0,0.8148333430290222
TSBD_WSSV_c6d6c44306,1,0,2,0.8540166,0.0075891633,0.0808699,0.07227282,2.7096969e-05,0.017130138,0,0.06142575666308403,0.10178426,0.04072579,1.7466901e-06,0.008288675,0,0.12374094128608704,0.81734586,0.8870014,0.99997115,0.97458124,0,0.8148333430290222
TSBD_WSSV_0e98c598e2,1,0,2,0.8448933,0.008453214,0.07726675,0.091110356,6.95024e-05,0.02263672,0,0.06142575666308403,0.102733254,0.03783341,1.3117609e-06,0.0076124496,0,0.12374094128608704,0.82,0.87105626,0.9999292,0.96975076,0,0.8148333430290222
TSBD_WSSV_0e0b18da56,1,0,2,0.8396271,0.010292125,0.06674144,0.048462342,5.4971288e-06,0.009736934,0,0.06142575666308403,0.12599377,0.050705463,4.5846723e-06,0.011969691,0,0.12374094128608704,0.8072648,0.9008323,0.99999,0.97829336,0,0.8148333430290222
TSBD_WSSV_0e04e30a96,0,0,0,0.0736349,0.3741454,0.08508009,0.8856214,0.999861,0.87295485,0,0.06142575666308403,0.113520704,0.03302846,2.6273754e-06,0.01682608,0,0.12374094128608704,0.8013992,0.08135011,0.00013637327,0.11021903,0,0.8148333430290222
TSBD_WSSV_b14315239e,0,0,0,0.06686063,0.39059258,0.08769548,0.900988,0.99993813,0.8978143,0,0.06142575666308403,0.09296615,0.03164301,2.0479606e-06,0.014785272,0,0.12374094128608704,0.8193383,0.06736903,5.988827e-05,0.08740049,0,0.8148333430290222
TSBD_WSSV_ad26e82e3c,1,0,2,0.85873866,0.002340869,0.06629608,0.046558328,8.202946e-06,0.010440196,0,0.06142575666308403,0.1448358,0.112034306,0.00021068654,0.038997527,0,0.12374094128608704,0.7888682,0.8414074,0.9997811,0.95056224,0,0.8148333430290222
TSBD_WSSV_cda41068f5,0,0,0,0.060238536,0.40505517,0.09388402,0.9078594,0.9999746,0.924513,0,0.06142575666308403,0.11200707,0.05136849,1.8313032e-05,0.030479038,0,0.12374094128608704,0.7941089,0.040772155,7.0201063e-06,0.04500804,0,0.8148333430290222
TSBD_WSSV_f51f241a0d,1,1,2,0.8713571,0.0033943988,0.069674544,0.045943096,5.783687e-06,0.009761309,0,0.06142575666308403,0.11822933,0.08211758,4.430569e-05,0.02292102,0,0.12374094128608704,0.8120961,0.8719393,0.9999498,0.96731764,1,0.8148333430290222
TSBD_WSSV_2578508dff,1,1,0,0.667441,0.03920573,0.7086261,0.9191019,0.999987,0.97493345,1,0.06142575666308403,0.18025617,0.041054517,6.701041e-06,0.01376001,0,0.12374094128608704,0.111117736,0.039843567,6.2610616e-06,0.011306581,0,0.8148333430290222
TSBD_WSSV_45511a46f0,1,1,0,0.8435854,0.011353371,0.819285,0.9195424,0.99998736,0.9797858,1,0.06142575666308403,0.08747636,0.040946096,6.659734e-06,0.010178213,0,0.12374094128608704,0.093238644,0.03951155,6.0152493e-06,0.010035936,0,0.8148333430290222
TSBD_WSSV_87146ab98c,1,1,0,0.6877971,0.036339387,0.7322421,0.9191194,0.999987,0.9764922,1,0.06142575666308403,0.2067084,0.04182353,7.311934e-06,0.014667103,0,0.12374094128608704,0.061049424,0.039057136,5.735187e-06,0.008840701,0,0.8148333430290222
TSBD_WSSV_e143d38f01,1,0,2,0.4841961,0.060169507,0.07752815,0.027042942,4.063212e-06,0.0072937035,0,0.06142575666308403,0.10213841,0.38635308,0.21411976,0.23384586,0,0.12374094128608704,0.8203335,0.58660394,0.7858762,0.7588604,0,0.8148333430290222
TSBD_WSSV_ea73217725,1,0,2,0.85724044,0.0057203053,0.072355166,0.044265594,4.613863e-06,0.009319999,0,0.06142575666308403,0.1252163,0.075491205,3.0212821e-05,0.020908926,0,0.12374094128608704,0.8024285,0.8802431,0.9999652,0.9697711,0,0.8148333430290222
TSBD_WSSV_7568f33745,0,0,1,0.11258824,0.2892033,0.07383488,0.3138169,0.031272616,0.217812,0,0.06142575666308403,0.11472617,0.5903574,0.9684921,0.6710516,0,0.12374094128608704,0.811439,0.095825665,0.00023522519,0.11113637,0,0.8148333430290222
TSBD_WSSV_c0b728f042,0,0,0,0.24496049,0.16481444,0.07701333,0.5436285,0.89227504,0.42106876,0,0.06142575666308403,0.104433015,0.1588829,0.00823343,0.105502635,0,0.12374094128608704,0.8185536,0.29748857,0.099491484,0.4734286,0,0.8148333430290222
TSBD_WSSV_7555e38281,1,0,2,0.8564816,0.0078068078,0.098379835,0.0521968,7.2419457e-06,0.012146963,0,0.06142575666308403,0.086823,0.046401836,2.9604255e-06,0.009220907,0,0.12374094128608704,0.81479716,0.9014014,0.99998975,0.9786321,0,0.8148333430290222
TSBD_WSSV_d921343af4,1,0,2,0.48489112,0.06464736,0.10219611,0.3998171,0.100746855,0.2089046,0,0.06142575666308403,0.08637655,0.030907761,2.6257967e-06,0.00753847,0,0.12374094128608704,0.8114274,0.5692751,0.8992506,0.78355694,0,0.8148333430290222
TSBD_WSSV_94a3c39469,0,0,0,0.13213776,0.20641029,0.07056078,0.55259794,0.5294019,0.3639325,0,0.06142575666308403,0.48948923,0.4087046,0.47058564,0.6113002,0,0.12374094128608704,0.43995005,0.038697436,1.2452256e-05,0.024767382,0,0.8148333430290222
TSBD_WSSV_65692fdd3f,1,0,2,0.85476214,0.007888087,0.085142426,0.0543099,8.871935e-06,0.012254876,0,0.06142575666308403,0.10128451,0.046897333,3.2316502e-06,0.00996093,0,0.12374094128608704,0.81357306,0.89879274,0.99998796,0.9777842,0,0.8148333430290222
TSBD_WSSV_0464ee44c0,1,0,2,0.8575123,0.007732899,0.07735629,0.05892195,1.2197499e-05,0.013074765,0,0.06142575666308403,0.10277797,0.04333568,2.280198e-06,0.0089933565,0,0.12374094128608704,0.81986576,0.8977423,0.9999856,0.97793186,0,0.8148333430290222
TSBD_WSSV_51f7222cef,1,0,2,0.74997973,0.022125533,0.06752448,0.12744841,0.00029339563,0.03418208,0,0.06142575666308403,0.14585806,0.037539423,1.4729058e-06,0.008956241,0,0.12374094128608704,0.7866175,0.83501226,0.99970514,0.9568617,0,0.8148333430290222
TSBD_WSSV_148921b882,1,0,2,0.85884,0.0069992235,0.08271288,0.0698187,2.3264964e-05,0.0164687,0,0.06142575666308403,0.09784955,0.040926516,1.7195152e-06,0.00815755,0,0.12374094128608704,0.81943756,0.8892548,0.9999751,0.97537374,0,0.8148333430290222
TSBD_WSSV_49f573118f,1,0,2,0.8118725,0.0135947615,0.07286661,0.08104832,4.1666863e-05,0.019134043,0,0.06142575666308403,0.12864174,0.03933294,1.5002653e-06,0.008673342,0,0.12374094128608704,0.7984916,0.8796187,0.9999567,0.9721926,0,0.8148333430290222
TSBD_WSSV_f7bb98aadd,0,0,0,0.10972667,0.2827224,0.0825327,0.5829373,0.80645037,0.5231982,0,0.06142575666308403,0.11499009,0.31341994,0.19242588,0.3336895,0,0.12374094128608704,0.8024773,0.103642754,0.0011237119,0.14311221,0,0.8148333430290222
TSBD_WSSV_32f477127b,1,0,2,0.64724994,0.029353056,0.06568307,0.028585719,3.750332e-06,0.006874378,0,0.06142575666308403,0.12814736,0.32117522,0.06958692,0.18419649,0,0.12374094128608704,0.80616957,0.65023905,0.9304094,0.80892915,0,0.8148333430290222
TSBD_WSSV_6532d5dd16,0,0,0,0.20088263,0.21101336,0.32564616,0.91404164,0.999974,0.9514386,0,0.06142575666308403,0.603547,0.0540015,2.36401e-05,0.039268896,0,0.12374094128608704,0.070806816,0.031956848,2.428485e-06,0.00929254,0,0.8148333430290222
TSBD_WSSV_399a1e23cc,1,0,2,0.86098605,0.0075028697,0.07850899,0.051439248,6.918169e-06,0.011020106,0,0.06142575666308403,0.0999393,0.045895204,2.803357e-06,0.009508717,0,0.12374094128608704,0.8215517,0.90266556,0.9999902,0.9794712,0,0.8148333430290222
TSBD_WSSV_c07e032039,1,0,2,0.86154056,0.0073482525,0.08186141,0.051554732,7.013556e-06,0.011227473,0,0.06142575666308403,0.09721357,0.046138827,2.8667616e-06,0.009484372,0,0.12374094128608704,0.82092506,0.9023064,0.9999901,0.97928816,0,0.8148333430290222
TSBD_WSSV_a3b514246a,1,0,2,0.8585139,0.007820574,0.07747766,0.05269879,7.583568e-06,0.011302663,0,0.06142575666308403,0.102287844,0.04523804,2.605127e-06,0.009392147,0,0.12374094128608704,0.8202346,0.90206313,0.99998975,0.9793052,0,0.8148333430290222
TSBD_WSSV_9e8ca9f55f,1,0,2,0.8615646,0.007377509,0.08152178,0.049792234,6.0673756e-06,0.010720428,0,0.06142575666308403,0.09758923,0.047258206,3.196706e-06,0.009810458,0,0.12374094128608704,0.82088894,0.9029495,0.9999907,0.9794691,0,0.8148333430290222
TSBD_WSSV_978efa34a6,1,0,2,0.8573308,0.008014459,0.07573794,0.05229261,7.347024e-06,0.011105123,0,0.06142575666308403,0.10439351,0.045475427,2.6652845e-06,0.009526367,0,0.12374094128608704,0.81986856,0.90223193,0.99999,0.9793685,0,0.8148333430290222
TSBD_WSSV_4575fa460f,1,0,2,0.86141425,0.0073796893,0.080940515,0.052144177,7.259525e-06,0.011317918,0,0.06142575666308403,0.09787225,0.045666825,2.7260396e-06,0.009367894,0,0.12374094128608704,0.8211872,0.90218896,0.99999,0.9793142,0,0.8148333430290222
TSBD_WSSV_6e2231b074,1,0,2,0.8547529,0.008317676,0.07341247,0.048323244,5.3797057e-06,0.009969924,0,0.06142575666308403,0.109591305,0.048958864,3.704307e-06,0.01070872,0,0.12374094128608704,0.81699616,0.9027179,0.99999094,0.97932136,0,0.8148333430290222
TSBD_WSSV_18c088457d,1,0,2,0.8553994,0.008309351,0.0738909,0.05016959,6.2996683e-06,0.010482081,0,0.06142575666308403,0.107606515,0.046877924,3.1000884e-06,0.010063129,0,0.12374094128608704,0.81850266,0.90295255,0.9999906,0.97945476,0,0.8148333430290222
TSBD_WSSV_77302aa089,1,0,2,0.86040986,0.0074670017,0.08003609,0.055738807,9.437297e-06,0.012247452,0,0.06142575666308403,0.09873967,0.043692503,2.2012619e-06,0.008829681,0,0.12374094128608704,0.8212243,0.90056866,0.99998844,0.9789229,0,0.8148333430290222
TSBD_WSSV_bc1451b5cd,1,0,2,0.8592433,0.0077564707,0.076712325,0.050999176,6.7158808e-06,0.010828134,0,0.06142575666308403,0.102640904,0.046249524,2.9193707e-06,0.0097128125,0,0.12374094128608704,0.82064676,0.9027513,0.99999046,0.97945905,0,0.8148333430290222
TSBD_WSSV_2c0825dfbc,1,1,2,0.86319387,0.0071472684,0.08435173,0.051981248,7.1625423e-06,0.011430213,0,0.06142575666308403,0.09358963,0.045394644,2.6580506e-06,0.009146848,0,0.12374094128608704,0.8220587,0.9026241,0.9999902,0.9794229,1,0.8148333430290222
TSBD_WSSV_21eca1a9bc,1,0,2,0.85823447,0.007808392,0.08060141,0.051295467,6.8529516e-06,0.011098567,0,0.06142575666308403,0.100550495,0.04621616,2.8878856e-06,0.009625949,0,0.12374094128608704,0.8188481,0.9024884,0.99999034,0.97927547,0,0.8148333430290222
TSBD_WSSV_a7578fa09c,1,1,2,0.8632788,0.007136195,0.08404921,0.052092414,7.2185867e-06,0.011444396,0,0.06142575666308403,0.09377974,0.045340367,2.6399118e-06,0.009135692,0,0.12374094128608704,0.82217103,0.90256727,0.9999901,0.9794199,1,0.8148333430290222
TSBD_WSSV_8acd11d1ec,1,0,2,0.862217,0.0073099155,0.08141622,0.050983757,6.6743983e-06,0.011035696,0,0.06142575666308403,0.096853666,0.046161655,2.850411e-06,0.009459598,0,0.12374094128608704,0.82173014,0.9028546,0.99999046,0.9795047,0,0.8148333430290222
TSBD_WSSV_ce8f668353,1,1,2,0.86305267,0.007164646,0.08415383,0.05184045,7.0934298e-06,0.011385465,0,0.06142575666308403,0.09390418,0.045536693,2.6755226e-06,0.00918305,0,0.12374094128608704,0.82194203,0.9026229,0.9999902,0.9794315,1,0.8148333430290222
TSBD_WSSV_c5bb7f551a,1,0,2,0.8621784,0.0073141484,0.08115528,0.051431894,6.909427e-06,0.011143491,0,0.06142575666308403,0.09702655,0.04585474,2.7939195e-06,0.009399282,0,0.12374094128608704,0.8218181,0.9027134,0.99999034,0.9794572,0,0.8148333430290222
TSBD_WSSV_95dc6e27d4,1,0,2,0.8561099,0.008099296,0.07912915,0.0513952,6.789468e-06,0.01102257,0,0.06142575666308403,0.103230126,0.04624465,2.873863e-06,0.009713723,0,0.12374094128608704,0.8176407,0.90236014,0.99999034,0.9792637,0,0.8148333430290222
TSBD_WSSV_309436940c,1,0,2,0.8542665,0.0084014395,0.07602035,0.050296165,6.3001607e-06,0.0106063,0,0.06142575666308403,0.10702237,0.046971593,3.0407678e-06,0.010021117,0,0.12374094128608704,0.8169572,0.90273225,0.9999906,0.9793726,0,0.8148333430290222
TSBD_WSSV_29362e9f5a,1,0,2,0.86136717,0.0074241953,0.080632344,0.051377017,6.809493e-06,0.011083308,0,0.06142575666308403,0.09805375,0.045918483,2.7874155e-06,0.0094377715,0,0.12374094128608704,0.8213139,0.9027045,0.99999046,0.97947896,0,0.8148333430290222
TSBD_WSSV_e67891395a,1,0,2,0.86208946,0.0072979163,0.08322602,0.051239185,6.7664364e-06,0.011178761,0,0.06142575666308403,0.09549397,0.046028774,2.8023467e-06,0.009370637,0,0.12374094128608704,0.82128,0.9027321,0.99999034,0.97945064,0,0.8148333430290222
TSBD_WSSV_2653717417,1,1,2,0.8628813,0.0071969843,0.083148636,0.051865313,7.1127347e-06,0.011346073,0,0.06142575666308403,0.09485123,0.04552938,2.6917792e-06,0.009225681,0,0.12374094128608704,0.8220001,0.9026053,0.9999901,0.9794283,1,0.8148333430290222
TSBD_WSSV_c98c109e0f,1,0,2,0.86219877,0.0073221317,0.08065429,0.05138929,6.854827e-06,0.01109713,0,0.06142575666308403,0.09738122,0.045850024,2.7815597e-06,0.009402128,0,0.12374094128608704,0.8219645,0.90276074,0.99999034,0.9795008,0,0.8148333430290222
TSBD_WSSV_3339e18081,1,0,2,0.86239547,0.007272288,0.0820359,0.05175781,7.055177e-06,0.011264626,0,0.06142575666308403,0.096125305,0.04562556,2.7238002e-06,0.009300295,0,0.12374094128608704,0.8218388,0.9026167,0.9999902,0.9794351,0,0.8148333430290222
TSBD_WSSV_f675da990c,1,1,2,0.8628689,0.007205099,0.0827261,0.05137874,6.9294874e-06,0.011218644,0,0.06142575666308403,0.09528245,0.04589907,2.8021864e-06,0.009348425,0,0.12374094128608704,0.8219914,0.90272224,0.9999902,0.97943294,1,0.8148333430290222
TSBD_WSSV_e8d0267684,1,0,2,0.8626672,0.007216436,0.084091194,0.051994614,7.1983286e-06,0.011432131,0,0.06142575666308403,0.09420192,0.045398954,2.6514983e-06,0.009164882,0,0.12374094128608704,0.82170683,0.9026065,0.9999902,0.979403,0,0.8148333430290222
TSBD_WSSV_93ee9c6175,1,0,2,0.8612906,0.0074557085,0.07978146,0.051695522,7.01632e-06,0.011138252,0,0.06142575666308403,0.098613344,0.0455915,2.6949567e-06,0.009361843,0,0.12374094128608704,0.82160515,0.90271306,0.9999902,0.97949994,0,0.8148333430290222
TSBD_WSSV_56b93bffca,1,0,2,0.86242616,0.007197568,0.087344445,0.05221826,7.2878897e-06,0.01164007,0,0.06142575666308403,0.09175942,0.045381565,2.6293264e-06,0.009067246,0,0.12374094128608704,0.82089615,0.90240014,0.9999901,0.9792927,0,0.8148333430290222
TSBD_WSSV_05e0a12846,1,1,2,0.8628227,0.0071128495,0.08745528,0.053394448,7.955988e-06,0.0119708115,0,0.06142575666308403,0.09142893,0.044730563,2.4813432e-06,0.008893548,0,0.12374094128608704,0.82111573,0.90187496,0.9999895,0.9791357,1,0.8148333430290222
TSBD_WSSV_0bc0ac833f,1,0,2,0.8622194,0.0071182204,0.08807229,0.055578407,9.2839355e-06,0.01260777,0,0.06142575666308403,0.09146016,0.043628447,2.2075583e-06,0.008596079,0,0.12374094128608704,0.82046753,0.9007932,0.99998844,0.9787962,0,0.8148333430290222
TSBD_WSSV_026c64bd33,1,0,2,0.8613036,0.007408145,0.08168908,0.052104384,7.2236417e-06,0.011339081,0,0.06142575666308403,0.09719726,0.04546025,2.6542202e-06,0.009276332,0,0.12374094128608704,0.82111365,0.9024353,0.9999901,0.97938454,0,0.8148333430290222
TSBD_WSSV_9f2b1f9f8f,1,0,2,0.8505824,0.008987102,0.07258347,0.0518417,7.1839195e-06,0.010864594,0,0.06142575666308403,0.11119545,0.045742854,2.771452e-06,0.00985507,0,0.12374094128608704,0.8162211,0.9024155,0.9999901,0.9792803,0,0.8148333430290222
TSBD_WSSV_38f10d750a,1,1,2,0.86318,0.00714962,0.08369369,0.05185048,7.18381e-06,0.011392338,0,0.06142575666308403,0.094212174,0.045565825,2.720856e-06,0.00922629,0,0.12374094128608704,0.8220942,0.9025838,0.9999901,0.9793814,1,0.8148333430290222
TSBD_WSSV_76536085a9,1,0,2,0.8628128,0.007214492,0.0824874,0.05207831,7.268199e-06,0.011383883,0,0.06142575666308403,0.0953818,0.045358893,2.6522264e-06,0.0092004035,0,0.12374094128608704,0.82213074,0.9025628,0.9999901,0.9794157,0,0.8148333430290222
TSBD_WSSV_e36aec3084,1,0,2,0.83205956,0.011642687,0.06686795,0.051620267,7.0877745e-06,0.010552403,0,0.06142575666308403,0.12712467,0.046277966,2.9421817e-06,0.010550833,0,0.12374094128608704,0.80600744,0.90210176,0.99999,0.97889674,0,0.8148333430290222
TSBD_WSSV_b632ff4665,1,0,2,0.8584258,0.007865558,0.07698277,0.051545404,6.969053e-06,0.010976935,0,0.06142575666308403,0.10282876,0.04580716,2.7857836e-06,0.009588983,0,0.12374094128608704,0.8201884,0.9026475,0.99999034,0.97943413,0,0.8148333430290222
TSBD_WSSV_f392420764,1,1,1,0.47767973,0.075851016,0.062161747,0.060884178,8.724114e-06,0.013019981,0,0.06142575666308403,0.56799144,0.87480074,0.9999839,0.96290463,1,0.12374094128608704,0.36984682,0.064315066,7.355161e-06,0.024075357,0,0.8148333430290222
TSBD_WSSV_08f57edf07,1,0,2,0.8584751,0.007843157,0.07699015,0.052707925,7.718809e-06,0.011316887,0,0.06142575666308403,0.102582805,0.04515497,2.6224934e-06,0.009404957,0,0.12374094128608704,0.82042706,0.90213704,0.9999896,0.9792781,0,0.8148333430290222
TSBD_WSSV_922a715bec,1,1,2,0.86326563,0.0069976375,0.0868221,0.054089557,8.364018e-06,0.012132607,0,0.06142575666308403,0.091985025,0.044809043,2.5016957e-06,0.008935361,0,0.12374094128608704,0.82119286,0.9011014,0.99998915,0.978932,1,0.8148333430290222
TSBD_WSSV_aa0b3c4c15,1,0,2,0.8621363,0.007167371,0.0815075,0.055453077,9.278861e-06,0.0122540975,0,0.06142575666308403,0.09694201,0.044316784,2.403248e-06,0.008984453,0,0.12374094128608704,0.8215505,0.9002301,0.9999883,0.9787615,0,0.8148333430290222
TSBD_WSSV_daa4ba808b,1,1,2,0.8631149,0.007071672,0.08515081,0.054198474,8.3447385e-06,0.012053391,0,0.06142575666308403,0.09315029,0.04439325,2.3715077e-06,0.008840536,0,0.12374094128608704,0.8216989,0.90140826,0.9999893,0.97910607,1,0.8148333430290222
TSBD_WSSV_311dd1baf7,1,1,2,0.8635064,0.0070680026,0.0848251,0.052189246,7.297765e-06,0.011517379,0,0.06142575666308403,0.0931866,0.045559943,2.6922512e-06,0.009172338,0,0.12374094128608704,0.8219883,0.90225077,0.99999,0.9793103,1,0.8148333430290222
TSBD_WSSV_34ee093e2e,1,0,2,0.8618671,0.0072494075,0.086113155,0.053402916,7.994123e-06,0.011920706,0,0.06142575666308403,0.09324636,0.04473519,2.4872115e-06,0.008961389,0,0.12374094128608704,0.82064044,0.9018619,0.9999895,0.97911793,0,0.8148333430290222
TSBD_WSSV_cbb32ff38a,1,0,2,0.84378713,0.010038034,0.06815272,0.051375818,6.952835e-06,0.0105268825,0,0.06142575666308403,0.11840123,0.045882862,2.8466616e-06,0.0101529285,0,0.12374094128608704,0.81344604,0.9027413,0.9999902,0.97932017,0,0.8148333430290222
TSBD_WSSV_9291ca740d,1,0,2,0.86238325,0.0071730176,0.08718131,0.053356525,7.890574e-06,0.011935921,0,0.06142575666308403,0.09198401,0.044752903,2.4465946e-06,0.008890641,0,0.12374094128608704,0.82083464,0.9018906,0.9999896,0.9791734,0,0.8148333430290222
TSBD_WSSV_73bc44153b,1,0,2,0.86212194,0.0072042774,0.090359494,0.052815225,7.628004e-06,0.01195079,0,0.06142575666308403,0.089349926,0.044952597,2.5148515e-06,0.008867625,0,0.12374094128608704,0.82029057,0.90223217,0.99998987,0.9791816,0,0.8148333430290222
TSBD_WSSV_4491558e57,1,0,2,0.8606253,0.007310966,0.094803534,0.05424295,8.473036e-06,0.012571172,0,0.06142575666308403,0.086768575,0.044250466,2.3553446e-06,0.008608464,0,0.12374094128608704,0.8184279,0.9015066,0.99998915,0.9788203,0,0.8148333430290222
TSBD_WSSV_1ee4a00587,1,1,2,0.86316735,0.007141296,0.0845622,0.052061517,7.276126e-06,0.011484624,0,0.06142575666308403,0.09347556,0.045399338,2.6518117e-06,0.009139399,0,0.12374094128608704,0.82196224,0.9025392,0.9999901,0.97937596,1,0.8148333430290222
TSBD_WSSV_ecb905238d,1,0,2,0.86182564,0.007252666,0.084040105,0.053549156,8.135342e-06,0.01187556,0,0.06142575666308403,0.095105365,0.044895396,2.525543e-06,0.0090657445,0,0.12374094128608704,0.82085454,0.90155554,0.9999894,0.9790587,0,0.8148333430290222
TSBD_WSSV_ccd255a2df,1,1,2,0.8631193,0.007119065,0.087484024,0.0521789,7.347788e-06,0.011658356,0,0.06142575666308403,0.09103768,0.04530263,2.6244284e-06,0.009029179,0,0.12374094128608704,0.8214783,0.9025185,0.99999,0.9793125,1,0.8148333430290222
TSBD_WSSV_584c5a10d0,1,0,2,0.8615055,0.0071446,0.088311456,0.057368457,1.0545198e-05,0.013137313,0,0.06142575666308403,0.09188134,0.042874932,2.0336474e-06,0.008407422,0,0.12374094128608704,0.81980723,0.89975667,0.9999875,0.9784553,0,0.8148333430290222
TSBD_WSSV_aa58f57ab0,1,0,2,0.8592908,0.007593166,0.09308551,0.050851792,6.565165e-06,0.01152919,0,0.06142575666308403,0.088871315,0.04632708,2.8689835e-06,0.009218093,0,0.12374094128608704,0.8180432,0.9028212,0.9999906,0.97925276,0,0.8148333430290222
TSBD_WSSV_4f3b6f89a8,1,1,2,0.86310863,0.007073667,0.086893864,0.05416241,8.478048e-06,0.012173098,0,0.06142575666308403,0.09160305,0.04419785,2.3681966e-06,0.008768274,0,0.12374094128608704,0.8215031,0.9016397,0.99998915,0.97905856,1,0.8148333430290222
TSBD_WSSV_279702ba92,1,0,2,0.86215526,0.0072595393,0.08447967,0.052378654,7.3335355e-06,0.011534907,0,0.06142575666308403,0.0943335,0.04527261,2.5767226e-06,0.009108383,0,0.12374094128608704,0.8211868,0.9023487,0.99999,0.9793567,0,0.8148333430290222
TSBD_WSSV_9dc876dd17,1,0,2,0.85407484,0.008504579,0.07395057,0.05086069,6.597772e-06,0.010650661,0,0.06142575666308403,0.1081158,0.04623097,2.9074238e-06,0.009891865,0,0.12374094128608704,0.8179336,0.9029083,0.9999906,0.97945744,0,0.8148333430290222
TSBD_WSSV_0ce34b5766,1,0,2,0.86265105,0.00713036,0.085256055,0.054672528,8.626098e-06,0.012188148,0,0.06142575666308403,0.09330468,0.044030033,2.2687123e-06,0.008736433,0,0.12374094128608704,0.8214393,0.90129745,0.99998915,0.97907543,0,0.8148333430290222
TSBD_WSSV_6c3afb6716,1,0,2,0.86035764,0.007323132,0.085156344,0.057902176,1.0690012e-05,0.013063768,0,0.06142575666308403,0.09504469,0.04271799,1.9787815e-06,0.008449158,0,0.12374094128608704,0.81979895,0.8993798,0.99998724,0.978487,0,0.8148333430290222
TSBD_WSSV_366db07a25,1,1,2,0.8631023,0.007161868,0.08392626,0.051998697,7.223187e-06,0.011431012,0,0.06142575666308403,0.094016105,0.04540004,2.6485286e-06,0.009155352,0,0.12374094128608704,0.82205766,0.90260136,0.9999901,0.9794136,1,0.8148333430290222
TSBD_WSSV_b84a0005bf,1,0,2,0.86225784,0.007157945,0.08286405,0.055704437,9.225509e-06,0.012336211,0,0.06142575666308403,0.09558562,0.04385438,2.2479385e-06,0.008780217,0,0.12374094128608704,0.8215503,0.90044117,0.99998856,0.9788835,0,0.8148333430290222
TSBD_WSSV_6624c91a73,1,1,2,0.863236,0.0070649423,0.0858684,0.053957976,8.290276e-06,0.012047682,0,0.06142575666308403,0.092406325,0.044404425,2.3788218e-06,0.008821308,0,0.12374094128608704,0.8217253,0.9016376,0.9999893,0.97913104,1,0.8148333430290222
TSBD_WSSV_8a1517bc0e,1,0,2,0.8620118,0.00734077,0.08076451,0.0521638,7.329061e-06,0.011328407,0,0.06142575666308403,0.097289175,0.04530625,2.6429145e-06,0.009253933,0,0.12374094128608704,0.8219464,0.90252995,0.9999901,0.9794176,0,0.8148333430290222
TSBD_WSSV_cada06cffd,1,0,2,0.8622139,0.0072592506,0.08300857,0.05301198,7.855293e-06,0.011684169,0,0.06142575666308403,0.09541107,0.0448925,2.5142538e-06,0.009064077,0,0.12374094128608704,0.82158035,0.90209556,0.9999896,0.97925174,0,0.8148333430290222
TSBD_WSSV_72abeff3dc,1,0,2,0.86225724,0.0071241567,0.08896552,0.054855593,8.882941e-06,0.012466711,0,0.06142575666308403,0.09069058,0.04399027,2.2998388e-06,0.008672817,0,0.12374094128608704,0.82034385,0.90115416,0.9999888,0.97886044,0,0.8148333430290222
TSBD_WSSV_71629aa3f2,1,1,2,0.86317116,0.007162476,0.083163045,0.05207623,7.2563557e-06,0.011411784,0,0.06142575666308403,0.09456157,0.045334443,2.6394084e-06,0.009160951,0,0.12374094128608704,0.8222754,0.9025894,0.9999901,0.9794273,1,0.8148333430290222
TSBD_WSSV_bd69e16b82,1,0,2,0.8592865,0.007740831,0.077723674,0.05216687,7.34348e-06,0.011187734,0,0.06142575666308403,0.1015113,0.04535749,2.6502335e-06,0.009407396,0,0.12374094128608704,0.82076496,0.9024756,0.99999,0.97940487,0,0.8148333430290222
TSBD_WSSV_6fd5eb945a,1,0,2,0.84088266,0.010380522,0.069758385,0.05209364,7.2152066e-06,0.010771046,0,0.06142575666308403,0.11923871,0.04560353,2.6942596e-06,0.0100503145,0,0.12374094128608704,0.81100285,0.9023028,0.99999,0.9791786,0,0.8148333430290222
TSBD_WSSV_7ed3990ccb,1,0,2,0.83594596,0.01038798,0.0652169,0.04207412,3.2869139e-06,0.008198924,0,0.06142575666308403,0.13498932,0.05886148,8.811854e-06,0.014983339,0,0.12374094128608704,0.7997938,0.8990644,0.99998784,0.9768177,0,0.8148333430290222
TSBD_WSSV_8b1c70a3bc,1,0,2,0.8597505,0.0075638257,0.07648463,0.04610107,4.520603e-06,0.009554632,0,0.06142575666308403,0.10449172,0.05124067,4.564495e-06,0.01119793,0,0.12374094128608704,0.8190237,0.9026582,0.99999094,0.9792474,0,0.8148333430290222
TSBD_WSSV_f583f8e371,1,0,2,0.8328773,0.011540563,0.068078764,0.051288012,6.810622e-06,0.010501903,0,0.06142575666308403,0.12567222,0.04606467,2.8574002e-06,0.010423486,0,0.12374094128608704,0.806249,0.90264726,0.99999034,0.97907466,0,0.8148333430290222
TSBD_WSSV_493953f127,1,0,2,0.8593833,0.007709086,0.07882324,0.051942285,7.1421127e-06,0.011160246,0,0.06142575666308403,0.10071412,0.045517594,2.6633663e-06,0.009406836,0,0.12374094128608704,0.8204626,0.90254,0.9999902,0.9794329,0,0.8148333430290222
TSBD_WSSV_1139b0bbb2,1,0,2,0.85961384,0.007657421,0.08043107,0.05173857,7.0375504e-06,0.011186999,0,0.06142575666308403,0.09937705,0.04562996,2.7080937e-06,0.009405021,0,0.12374094128608704,0.8201919,0.90263146,0.9999902,0.97940797,0,0.8148333430290222
TSBD_WSSV_735499e204,1,0,2,0.84940475,0.008990159,0.0793739,0.05212186,7.1800428e-06,0.011249523,0,0.06142575666308403,0.10751286,0.04571586,2.74223e-06,0.009728026,0,0.12374094128608704,0.8131133,0.9021624,0.9999901,0.97902244,0,0.8148333430290222
TSBD_WSSV_01066cc969,1,0,2,0.85595393,0.008230992,0.07504175,0.052225094,7.368307e-06,0.01107097,0,0.06142575666308403,0.1056771,0.045339692,2.6647047e-06,0.009555402,0,0.12374094128608704,0.8192812,0.9024352,0.99999,0.9793736,0,0.8148333430290222
TSBD_WSSV_941d089361,1,0,2,0.85325366,0.008571375,0.07593527,0.05129413,6.773849e-06,0.010853114,0,0.06142575666308403,0.107234895,0.045977533,2.8075578e-06,0.009775309,0,0.12374094128608704,0.81682986,0.90272826,0.99999034,0.9793716,0,0.8148333430290222
TSBD_WSSV_629e5c7c92,1,0,2,0.8448726,0.009067008,0.09005788,0.06354528,1.562633e-05,0.015068263,0,0.06142575666308403,0.102470264,0.041071765,1.7154434e-06,0.008327232,0,0.12374094128608704,0.8074719,0.89538294,0.9999827,0.97660446,0,0.8148333430290222
TSBD_WSSV_cf01831715,1,0,2,0.85606176,0.008160506,0.07734055,0.05289124,7.772741e-06,0.011376074,0,0.06142575666308403,0.10393552,0.04499017,2.5808185e-06,0.0094088,0,0.12374094128608704,0.818724,0.9021186,0.9999896,0.97921515,0,0.8148333430290222
TSBD_WSSV_2c0f3e0b28,1,0,2,0.8606433,0.007511894,0.07998175,0.052313887,7.355052e-06,0.011317351,0,0.06142575666308403,0.09897457,0.045377377,2.6530404e-06,0.009327448,0,0.12374094128608704,0.82104367,0.9023087,0.99999,0.9793552,0,0.8148333430290222
TSBD_WSSV_801c0b8b82,1,0,2,0.86057276,0.0075528845,0.07959914,0.051499344,7.053878e-06,0.011123342,0,0.06142575666308403,0.09930774,0.04572841,2.7834674e-06,0.009459454,0,0.12374094128608704,0.8210931,0.9027722,0.9999902,0.9794172,0,0.8148333430290222
TSBD_WSSV_f2274525f7,1,1,2,0.8635488,0.007089068,0.08540887,0.05202307,7.2372463e-06,0.011507541,0,0.06142575666308403,0.09245469,0.045375828,2.6507091e-06,0.0091006495,0,0.12374094128608704,0.82213646,0.90260106,0.9999901,0.97939175,1,0.8148333430290222
TSBD_WSSV_2e17c58aad,1,1,2,0.8634673,0.0070860963,0.08638119,0.052021116,7.244497e-06,0.011556387,0,0.06142575666308403,0.0917276,0.045417782,2.658372e-06,0.009085373,0,0.12374094128608704,0.8218912,0.9025611,0.9999901,0.9793582,1,0.8148333430290222
TSBD_WSSV_bb9d07b1e5,1,1,2,0.8633031,0.00714147,0.08416369,0.051459327,6.8775694e-06,0.011277069,0,0.06142575666308403,0.09370733,0.045755737,2.738334e-06,0.0092379395,0,0.12374094128608704,0.8221289,0.90278494,0.99999034,0.979485,1,0.8148333430290222
TSBD_WSSV_950d6de8a1,1,0,2,0.85414016,0.008318688,0.074058,0.049014565,5.695978e-06,0.010186057,0,0.06142575666308403,0.109919414,0.049113996,3.738846e-06,0.010761232,0,0.12374094128608704,0.8160225,0.9018714,0.9999906,0.9790527,0,0.8148333430290222
TSBD_WSSV_0b909fea6f,1,0,2,0.8548823,0.00830614,0.07694413,0.053109344,7.85754e-06,0.011405884,0,0.06142575666308403,0.10510695,0.045021232,2.5634467e-06,0.009439672,0,0.12374094128608704,0.81794894,0.90186936,0.9999895,0.97915447,0,0.8148333430290222
TSBD_WSSV_50b41d3123,1,1,2,0.8628534,0.007181282,0.084376164,0.051817223,7.1222717e-06,0.011403857,0,0.06142575666308403,0.09392352,0.045619406,2.7101087e-06,0.009215593,0,0.12374094128608704,0.82170033,0.90256333,0.9999901,0.97938055,1,0.8148333430290222
TSBD_WSSV_1d66e28720,1,1,2,0.8630759,0.007194194,0.082047805,0.051643018,7.029823e-06,0.011243118,0,0.06142575666308403,0.095563516,0.04561816,2.712643e-06,0.009270687,0,0.12374094128608704,0.8223887,0.90273887,0.9999902,0.9794862,1,0.8148333430290222
TSBD_WSSV_f9303a9060,1,0,2,0.8560367,0.008229363,0.07478098,0.052396853,7.4243762e-06,0.011089981,0,0.06142575666308403,0.10570574,0.04519125,2.6194625e-06,0.009509027,0,0.12374094128608704,0.81951326,0.9024119,0.99999,0.979401,0,0.8148333430290222
TSBD_WSSV_ffd6ae5c1c,1,1,2,0.86318004,0.007118608,0.08621971,0.052259535,7.3312494e-06,0.011601722,0,0.06142575666308403,0.0920863,0.045276668,2.5935192e-06,0.009041481,0,0.12374094128608704,0.82169396,0.90246385,0.9999901,0.9793568,1,0.8148333430290222
TSBD_WSSV_6a97515cc2,1,0,2,0.8393568,0.010682239,0.06735237,0.051818088,7.1227405e-06,0.0105854105,0,0.06142575666308403,0.12147019,0.045545127,2.7238987e-06,0.010130702,0,0.12374094128608704,0.8111775,0.90263677,0.9999901,0.97928387,0,0.8148333430290222
TSBD_WSSV_6a19d7effb,1,0,2,0.84561485,0.009636831,0.07437957,0.05178649,7.1244185e-06,0.010950478,0,0.06142575666308403,0.11327381,0.045634743,2.7244598e-06,0.009889206,0,0.12374094128608704,0.8123467,0.90257883,0.9999901,0.97916037,0,0.8148333430290222
TSBD_WSSV_9872bb742f,1,0,2,0.8617403,0.0072749667,0.08425333,0.053620405,8.04845e-06,0.011867935,0,0.06142575666308403,0.09487825,0.044705175,2.4541935e-06,0.008989385,0,0.12374094128608704,0.8208685,0.9016744,0.9999894,0.97914267,0,0.8148333430290222
TSBD_WSSV_e44f2c0a8a,1,0,2,0.8626904,0.0072383704,0.0820415,0.051817812,7.111073e-06,0.011287287,0,0.06142575666308403,0.09585936,0.045537822,2.7015903e-06,0.009266994,0,0.12374094128608704,0.8220992,0.90264434,0.9999901,0.97944576,0,0.8148333430290222
TSBD_WSSV_f1294af3d4,1,0,2,0.8408887,0.005285931,0.14574505,0.11912918,0.00020841997,0.04025775,0,0.06142575666308403,0.07412873,0.03353703,8.224303e-07,0.005937406,0,0.12374094128608704,0.7801262,0.8473337,0.9997907,0.95380485,0,0.8148333430290222
TSBD_WSSV_264790eb51,1,0,2,0.8614876,0.0072835945,0.08906542,0.052929007,7.692054e-06,0.011924074,0,0.06142575666308403,0.091031976,0.044972785,2.5530587e-06,0.008955986,0,0.12374094128608704,0.81990266,0.9020982,0.99998975,0.97912,0,0.8148333430290222
TSBD_WSSV_11430ce0d0,1,0,2,0.86239946,0.0071534766,0.08788326,0.05342855,7.93406e-06,0.011990802,0,0.06142575666308403,0.09145339,0.044794332,2.4647934e-06,0.008890177,0,0.12374094128608704,0.82066333,0.9017771,0.9999895,0.979119,0,0.8148333430290222
TSBD_WSSV_74c3607b95,1,0,2,0.86185753,0.0073332414,0.08255981,0.051462892,6.865236e-06,0.011202188,0,0.06142575666308403,0.096179426,0.045874678,2.7473009e-06,0.009343253,0,0.12374094128608704,0.82126075,0.9026624,0.99999034,0.9794546,0,0.8148333430290222
TSBD_WSSV_2c43cd74d0,1,0,2,0.8606184,0.0074106753,0.09220088,0.051608056,6.9831567e-06,0.011706741,0,0.06142575666308403,0.08875807,0.045784548,2.7470123e-06,0.009082676,0,0.12374094128608704,0.8190411,0.90260744,0.9999902,0.97921056,0,0.8148333430290222
TSBD_WSSV_59d2b7350f,1,1,2,0.86299896,0.007175154,0.08381682,0.052152168,7.267589e-06,0.011455459,0,0.06142575666308403,0.09416216,0.045290597,2.6150296e-06,0.009127494,0,0.12374094128608704,0.82202107,0.90255725,0.9999901,0.9794171,1,0.8148333430290222
TSBD_WSSV_5e189248db,1,0,2,0.86226577,0.0071561355,0.09091107,0.053409282,8.010653e-06,0.012155943,0,0.06142575666308403,0.08887229,0.044693943,2.461587e-06,0.008790926,0,0.12374094128608704,0.8202167,0.9018967,0.9999895,0.97905314,0,0.8148333430290222
TSBD_WSSV_9f5ca0e80d,1,0,2,0.8083933,0.013434131,0.15599328,0.06726555,1.9847095e-05,0.01989949,0,0.06142575666308403,0.0703698,0.039372314,1.4371965e-06,0.0070005697,0,0.12374094128608704,0.7736369,0.89336216,0.9999788,0.97309995,0,0.8148333430290222
TSBD_WSSV_b626137b45,1,0,2,0.86058354,0.007413822,0.091195606,0.051746823,7.0120054e-06,0.011686149,0,0.06142575666308403,0.08974815,0.045715827,2.710804e-06,0.0090881,0,0.12374094128608704,0.8190563,0.9025374,0.9999902,0.97922575,0,0.8148333430290222
TSBD_WSSV_27c2a5d56f,1,1,2,0.86294806,0.0071604718,0.08441487,0.052562267,7.5329544e-06,0.0116085,0,0.06142575666308403,0.09374677,0.04510424,2.5847382e-06,0.009076093,0,0.12374094128608704,0.8218384,0.90233344,0.99998987,0.97931546,1,0.8148333430290222
TSBD_WSSV_eee60542d7,1,0,2,0.6317668,0.045352675,0.057808384,0.05177075,7.195581e-06,0.010583411,0,0.06142575666308403,0.249657,0.04632268,2.9779733e-06,0.014081183,0,0.12374094128608704,0.6925346,0.9019066,0.99998987,0.97533536,0,0.8148333430290222
TSBD_WSSV_d9ea0715c2,1,1,2,0.86319864,0.0071574077,0.08351321,0.051693548,7.0038986e-06,0.011310789,0,0.06142575666308403,0.09431234,0.04561159,2.6896905e-06,0.00921271,0,0.12374094128608704,0.82217455,0.9026949,0.9999902,0.9794765,1,0.8148333430290222
TSBD_WSSV_514bb3ccf8,1,0,2,0.6018979,0.048605323,0.2859847,0.06684154,1.905762e-05,0.025761502,0,0.06142575666308403,0.06868091,0.039908655,1.5023969e-06,0.00745927,0,0.12374094128608704,0.6453344,0.8932498,0.9999794,0.9667792,0,0.8148333430290222
TSBD_WSSV_d3cfe64d62,1,0,2,0.8611471,0.0072737196,0.09275904,0.05378325,8.153798e-06,0.01232967,0,0.06142575666308403,0.0881349,0.04448952,2.4021142e-06,0.008708638,0,0.12374094128608704,0.819106,0.90172726,0.9999895,0.97896177,0,0.8148333430290222
TSBD_WSSV_f825fa69cd,1,1,2,0.8632612,0.007117559,0.08514956,0.05218146,7.282478e-06,0.011527105,0,0.06142575666308403,0.09294149,0.045354903,2.623718e-06,0.009098208,0,0.12374094128608704,0.82190895,0.9024636,0.9999901,0.9793747,1,0.8148333430290222
TSBD_WSSV_b899fa53da,1,0,2,0.86269313,0.0072251726,0.08268635,0.05215868,7.3081783e-06,0.0114145195,0,0.06142575666308403,0.0953131,0.045318183,2.6464859e-06,0.009190878,0,0.12374094128608704,0.8220005,0.90252316,0.9999901,0.9793946,0,0.8148333430290222
TSBD_WSSV_8b9052d96f,1,0,2,0.8490455,0.009176058,0.07366897,0.052021902,7.1229656e-06,0.010926038,0,0.06142575666308403,0.11143767,0.045578886,2.6774117e-06,0.009784646,0,0.12374094128608704,0.8148933,0.9023992,0.9999902,0.9792893,0,0.8148333430290222
TSBD_WSSV_376e37e18c,1,0,2,0.8383752,0.01082672,0.06681834,0.051572792,6.97499e-06,0.010491633,0,0.06142575666308403,0.12255228,0.045740772,2.773383e-06,0.010220748,0,0.12374094128608704,0.8106293,0.9026864,0.9999902,0.9792876,0,0.8148333430290222
TSBD_WSSV_33b7d18fc1,1,0,2,0.86195284,0.007181637,0.092551365,0.053508434,8.007622e-06,0.012243771,0,0.06142575666308403,0.087665156,0.044640888,2.4376886e-06,0.008728816,0,0.12374094128608704,0.8197835,0.90185076,0.9999896,0.97902745,0,0.8148333430290222
TSBD_WSSV_5ae365cdb5,1,0,2,0.86139125,0.007303902,0.08492437,0.05335864,8.116472e-06,0.01189596,0,0.06142575666308403,0.094719335,0.044978153,2.5548993e-06,0.009082418,0,0.12374094128608704,0.82035625,0.90166324,0.9999894,0.97902167,0,0.8148333430290222
TSBD_WSSV_48983cce39,1,0,2,0.85138345,0.0050143525,0.12567817,0.1119579,0.00016161779,0.035098877,0,0.06142575666308403,0.07612386,0.03319249,7.518871e-07,0.005821175,0,0.12374094128608704,0.798198,0.8548496,0.99983764,0.95908,0,0.8148333430290222
TSBD_WSSV_f41afb12de,1,0,2,0.86275387,0.0071234377,0.087077454,0.053355385,7.987005e-06,0.011958163,0,0.06142575666308403,0.09181661,0.044783767,2.476265e-06,0.008907927,0,0.12374094128608704,0.82110584,0.90186083,0.9999895,0.9791339,0,0.8148333430290222
TSBD_WSSV_719214e8fc,1,0,2,0.86067086,0.00753149,0.0790879,0.05166799,6.986134e-06,0.011094277,0,0.06142575666308403,0.09970638,0.045760974,2.7359895e-06,0.009444133,0,0.12374094128608704,0.8212057,0.902571,0.9999902,0.97946167,0,0.8148333430290222
TSBD_WSSV_f9b891c236,1,0,2,0.86226964,0.007308038,0.08116583,0.051611844,6.9615735e-06,0.011177941,0,0.06142575666308403,0.0968684,0.04566086,2.7269923e-06,0.009330345,0,0.12374094128608704,0.8219657,0.9027273,0.99999034,0.9794917,0,0.8148333430290222
TSBD_WSSV_60bf799ad0,1,0,2,0.86110234,0.0073216856,0.09253556,0.052582253,7.5129956e-06,0.011994729,0,0.06142575666308403,0.088188685,0.045153,2.5483353e-06,0.008871492,0,0.12374094128608704,0.8192757,0.9022648,0.99999,0.9791338,0,0.8148333430290222
TSBD_WSSV_3221471a09,1,0,2,0.8602402,0.007377892,0.089113794,0.05500292,8.99632e-06,0.012528174,0,0.06142575666308403,0.09207136,0.04391991,2.2890165e-06,0.00870946,0,0.12374094128608704,0.8188149,0.9010771,0.9999888,0.9787624,0,0.8148333430290222
TSBD_WSSV_81c77d6283,1,0,2,0.86074615,0.0069383606,0.09766525,0.06204506,1.4282496e-05,0.015000561,0,0.06142575666308403,0.085508086,0.041005213,1.6755924e-06,0.0077416454,0,0.12374094128608704,0.81682664,0.89694977,0.999984,0.9772578,0,0.8148333430290222
TSBD_WSSV_7ba0bac7cd,1,0,2,0.86115104,0.0073560784,0.08653825,0.052505128,7.407643e-06,0.011673712,0,0.06142575666308403,0.09344553,0.045271557,2.586938e-06,0.009089364,0,0.12374094128608704,0.82001615,0.9022233,0.99999,0.9792369,0,0.8148333430290222
TSBD_WSSV_b8b164e72b,1,0,2,0.8607251,0.0075017605,0.08164991,0.05131986,6.831661e-06,0.011135943,0,0.06142575666308403,0.09767995,0.045886714,2.7738013e-06,0.009414889,0,0.12374094128608704,0.8206701,0.90279335,0.99999046,0.97944915,0,0.8148333430290222
TSBD_WSSV_7942e3c67c,1,0,2,0.86278135,0.0072119953,0.08359225,0.051532917,6.936285e-06,0.011277874,0,0.06142575666308403,0.09457348,0.045722563,2.7439492e-06,0.009269551,0,0.12374094128608704,0.82183427,0.90274453,0.99999034,0.97945255,0,0.8148333430290222
TSBD_WSSV_e572949946,1,0,2,0.85771835,0.007291753,0.10220721,0.061643597,1.3867652e-05,0.015123021,0,0.06142575666308403,0.08402149,0.041188173,1.7446589e-06,0.0077802995,0,0.12374094128608704,0.81377125,0.8971683,0.9999844,0.97709674,0,0.8148333430290222
TSBD_WSSV_a204c36610,1,0,2,0.8616485,0.0073541924,0.08271827,0.051882993,7.0485057e-06,0.011311286,0,0.06142575666308403,0.0961541,0.045586996,2.6689174e-06,0.009263072,0,0.12374094128608704,0.8211276,0.9025301,0.99999034,0.9794256,0,0.8148333430290222
TSBD_WSSV_9c4b4f11b8,1,0,2,0.8292,0.0044759964,0.1655364,0.15076986,0.0006110952,0.05833017,0,0.06142575666308403,0.07114611,0.031864163,7.353517e-07,0.0056215357,0,0.12374094128608704,0.76331747,0.81736606,0.9993882,0.9360483,0,0.8148333430290222
TSBD_WSSV_687a703a75,1,0,2,0.8572885,0.007852419,0.08254585,0.054819766,8.834448e-06,0.012139233,0,0.06142575666308403,0.099290945,0.04412536,2.3326456e-06,0.008998874,0,0.12374094128608704,0.81816316,0.90105486,0.9999888,0.9788619,0,0.8148333430290222
TSBD_WSSV_60273dd644,1,0,2,0.86251867,0.007195715,0.086331785,0.052441735,7.4055374e-06,0.011651275,0,0.06142575666308403,0.09250771,0.04519175,2.5808147e-06,0.009041448,0,0.12374094128608704,0.8211605,0.9023666,0.99999,0.97930723,0,0.8148333430290222
TSBD_WSSV_c29e86db5b,1,0,2,0.8611488,0.0074144267,0.08207151,0.052565355,7.461321e-06,0.011478124,0,0.06142575666308403,0.09697731,0.045193776,2.5722782e-06,0.009187747,0,0.12374094128608704,0.82095116,0.9022409,0.99998987,0.9793341,0,0.8148333430290222
TSBD_WSSV_79fa511ed0,1,0,2,0.861967,0.0072567835,0.089527994,0.051716637,6.96253e-06,0.011585869,0,0.06142575666308403,0.090131454,0.045645542,2.6832756e-06,0.009072461,0,0.12374094128608704,0.8203406,0.90263784,0.99999034,0.9793416,0,0.8148333430290222
TSBD_WSSV_58e35ef754,1,0,2,0.86238325,0.007187959,0.08632615,0.053434145,7.926416e-06,0.011912301,0,0.06142575666308403,0.09262908,0.044636868,2.4416045e-06,0.008897557,0,0.12374094128608704,0.8210447,0.901929,0.99998975,0.9791901,0,0.8148333430290222
TSBD_WSSV_1ce4e5b49f,1,0,2,0.8573254,0.007676364,0.09046419,0.05120154,6.6857924e-06,0.011508449,0,0.06142575666308403,0.0941117,0.047779605,3.2282935e-06,0.009778467,0,0.12374094128608704,0.81542414,0.90101886,0.9999901,0.97871304,0,0.8148333430290222
TSBD_WSSV_ea57134108,1,0,2,0.8622151,0.0073012086,0.080939114,0.04934741,5.890497e-06,0.010585049,0,0.06142575666308403,0.097653575,0.04760669,3.323773e-06,0.009919866,0,0.12374094128608704,0.8214074,0.9030459,0.9999908,0.97949505,0,0.8148333430290222
TSBD_WSSV_8b1af1900d,1,0,2,0.86257565,0.0071930634,0.0834307,0.053393576,7.9508445e-06,0.011771521,0,0.06142575666308403,0.09484001,0.044733178,2.4669312e-06,0.008996586,0,0.12374094128608704,0.82172924,0.90187335,0.9999895,0.97923183,0,0.8148333430290222
TSBD_WSSV_2f46cb1b79,1,1,2,0.86320317,0.007159017,0.08374494,0.051474936,6.866153e-06,0.011255399,0,0.06142575666308403,0.094123185,0.0457406,2.7229614e-06,0.0092406515,0,0.12374094128608704,0.8221319,0.9027845,0.99999034,0.979504,1,0.8148333430290222
TSBD_WSSV_383e727d4a,1,0,2,0.85268205,0.008027431,0.10920511,0.05918156,1.1762501e-05,0.014721356,0,0.06142575666308403,0.080825485,0.042099234,1.8810293e-06,0.007878133,0,0.12374094128608704,0.8099694,0.89871925,0.9999863,0.97740054,0,0.8148333430290222
TSBD_WSSV_b076b7af44,1,1,2,0.8631515,0.007101726,0.08603835,0.053000268,7.764896e-06,0.01180248,0,0.06142575666308403,0.092301264,0.044892877,2.5215754e-06,0.008964282,0,0.12374094128608704,0.82166034,0.90210676,0.99998975,0.97923326,1,0.8148333430290222
TSBD_WSSV_6a65b3c303,1,0,2,0.86267036,0.0071473196,0.086438216,0.053054545,7.726315e-06,0.011818291,0,0.06142575666308403,0.09241099,0.044965163,2.5211307e-06,0.008976445,0,0.12374094128608704,0.8211509,0.9019803,0.99998975,0.97920525,0,0.8148333430290222
TSBD_WSSV_d552ad13be,1,0,2,0.8594665,0.007647196,0.07945031,0.050969053,6.696655e-06,0.010956772,0,0.06142575666308403,0.100747675,0.04661924,2.992126e-06,0.009735814,0,0.12374094128608704,0.819802,0.9024117,0.99999034,0.9793074,0,0.8148333430290222
TSBD_WSSV_64069923e3,1,0,2,0.8422906,0.00907585,0.12448371,0.063573375,1.5661748e-05,0.016923718,0,0.06142575666308403,0.07569776,0.040579833,1.6177556e-06,0.0073784636,0,0.12374094128608704,0.79981846,0.8958468,0.9999827,0.9756979,0,0.8148333430290222
