sample_id,tri_consensus,selected,consensus_class,tri_score,source_ema_js,p_source_BG,p_ema_BG,p_proto_BG,q_consensus_BG,selected_BG,target_prior_BG,p_source_Healthy,p_ema_Healthy,p_proto_Healthy,q_consensus_Healthy,selected_Healthy,target_prior_Healthy,p_source_WSSV,p_ema_WSSV,p_proto_WSSV,q_consensus_WSSV,selected_WSSV,target_prior_WSSV
TSBD_BG_b9ded89290,0,0,2,0.14036964,0.2504375,0.08357923,0.329342,0.030785479,0.201504,0,0.06175823137164116,0.6890771,0.050628968,1.7087978e-05,0.04053688,0,0.14644315838813782,0.22734374,0.62002903,0.9691974,0.7579591,0,0.7917986512184143
TSBD_BG_ec6804e1c1,1,1,0,0.8772036,0.0067602983,0.8424377,0.9172511,0.9999869,0.98061866,1,0.06175823137164116,0.09091232,0.045400422,9.051491e-06,0.011402034,0,0.14644315838813782,0.066649966,0.037348494,4.058352e-06,0.007979321,0,0.7917986512184143
TSBD_BG_e6c7f786d1,1,1,1,0.81937367,0.010472575,0.12545319,0.061810184,9.044771e-06,0.01528822,0,0.06175823137164116,0.7710505,0.87969583,0.999987,0.9728799,1,0.14644315838813782,0.103496276,0.05849398,3.98098e-06,0.01183187,0,0.7917986512184143
TSBD_BG_27046d49de,1,1,0,0.8184176,0.013991574,0.79518855,0.91199595,0.99997926,0.9761361,1,0.06175823137164116,0.08165606,0.03632406,3.2535684e-06,0.008243396,0,0.14644315838813782,0.12315531,0.0516801,1.751703e-05,0.015620572,0,0.7917986512184143
TSBD_BG_ef94f9e30a,1,0,2,0.86188763,0.00713891,0.08639501,0.050610457,4.9129453e-06,0.010583124,0,0.06175823137164116,0.09419592,0.048103962,3.1400175e-06,0.009748673,0,0.14644315838813782,0.8194091,0.9012855,0.999992,0.97966826,0,0.7917986512184143
TSBD_BG_014cc1626a,1,0,2,0.85793084,0.007469833,0.0839746,0.057521053,8.118316e-06,0.012295923,0,0.06175823137164116,0.09921837,0.044793937,2.2654638e-06,0.009023634,0,0.14644315838813782,0.81680703,0.89768505,0.9999896,0.97868043,0,0.7917986512184143
TSBD_BG_ab942e7799,1,0,2,0.8607134,0.0059029306,0.08010112,0.032236103,1.1371917e-06,0.006289852,0,0.06175823137164116,0.101380765,0.09106527,6.938294e-05,0.024802178,0,0.14644315838813782,0.8185181,0.8766986,0.9999294,0.96890795,0,0.7917986512184143
TSBD_BG_92d3bac25d,0,0,1,0.18809222,0.22285756,0.108557135,0.04635052,8.464685e-06,0.020146562,0,0.06175823137164116,0.103697635,0.7310224,0.99657995,0.7087029,0,0.14644315838813782,0.7877453,0.22262707,0.003411594,0.2711505,0,0.7917986512184143
TSBD_BG_3179613a58,1,1,0,0.5352992,0.06602825,0.6327276,0.90801895,0.9999815,0.96966887,1,0.06175823137164116,0.06937848,0.047666736,1.0265436e-05,0.011938713,0,0.14644315838813782,0.2978939,0.04431426,8.1956205e-06,0.018392427,0,0.7917986512184143
TSBD_BG_72fcb5ad43,1,1,1,0.84177315,0.0073368885,0.10880073,0.06662001,1.26702025e-05,0.015993027,0,0.06175823137164116,0.78751427,0.87712437,0.9999838,0.9727411,1,0.14644315838813782,0.10368501,0.056255575,3.4977497e-06,0.011265841,0,0.7917986512184143
TSBD_BG_1adf4fa166,0,0,1,0.1408866,0.24028212,0.38768467,0.28105807,0.010602498,0.29409376,0,0.06175823137164116,0.102422215,0.67736745,0.9893946,0.6792994,0,0.14644315838813782,0.5098931,0.04157447,2.9317137e-06,0.026606794,0,0.7917986512184143
TSBD_BG_19f57a7d83,0,0,1,0.2938035,0.14324221,0.06530067,0.066911355,1.2499554e-05,0.01634082,0,0.06175823137164116,0.4269971,0.87650603,0.999984,0.95959055,0,0.14644315838813782,0.50770223,0.05658266,3.4906827e-06,0.024068644,0,0.7917986512184143
TSBD_BG_b06b80d500,1,1,1,0.83015144,0.008965837,0.10469443,0.06723987,1.2957416e-05,0.015965251,0,0.06175823137164116,0.7798502,0.87769574,0.9999839,0.9726887,1,0.14644315838813782,0.115455374,0.055064376,3.1024988e-06,0.011346074,0,0.7917986512184143
TSBD_BG_5c745e387f,1,1,0,0.61401033,0.047847588,0.6654445,0.90580046,0.9999573,0.96532094,1,0.06175823137164116,0.2825834,0.06416467,4.117702e-05,0.028842775,0,0.14644315838813782,0.051972114,0.030034892,1.4921486e-06,0.005836273,0,0.7917986512184143
TSBD_BG_c333741c9b,1,0,1,0.5307273,0.051394016,0.4108663,0.14742737,0.00038399515,0.08104867,0,0.06175823137164116,0.51516634,0.81140363,0.9996147,0.9110247,0,0.14644315838813782,0.073967345,0.041169,1.2182276e-06,0.0079266885,0,0.7917986512184143
TSBD_BG_a3ac70c2de,1,0,1,0.4100213,0.0952716,0.06909414,0.08964475,4.206506e-05,0.02254447,0,0.06175823137164116,0.53823185,0.8609691,0.999956,0.9602732,0,0.14644315838813782,0.39267406,0.04938614,1.9777008e-06,0.01718228,0,0.7917986512184143
TSBD_BG_6ff47981ea,0,0,0,0.22284122,0.19527958,0.2285821,0.8303762,0.9984837,0.840591,0,0.06175823137164116,0.6630519,0.14017016,0.0015149119,0.14962088,0,0.14644315838813782,0.10836597,0.029453682,1.4453626e-06,0.009788109,0,0.7917986512184143
TSBD_BG_64274bed67,0,0,1,0.21223018,0.19477475,0.05344303,0.15093762,0.00045517163,0.048084583,0,0.06175823137164116,0.3638513,0.80716515,0.99954337,0.932324,0,0.14644315838813782,0.5827056,0.041897245,1.3967784e-06,0.019591438,0,0.7917986512184143
TSBD_BG_7031e4d230,1,1,0,0.66289264,0.03848197,0.7002758,0.89811915,0.99994636,0.96752185,1,0.06175823137164116,0.111657,0.068352416,5.1378163e-05,0.02215012,0,0.14644315838813782,0.18806715,0.03352838,2.258213e-06,0.010328068,0,0.7917986512184143
TSBD_BG_03136a4786,1,0,2,0.86270213,0.007058409,0.07715502,0.044677593,3.0888684e-06,0.008759528,0,0.06175823137164116,0.10272302,0.05371736,5.284751e-06,0.011712325,0,0.14644315838813782,0.820122,0.901605,0.99999166,0.9795282,0,0.7917986512184143
TSBD_BG_daacfdf534,1,0,2,0.82905304,0.005238086,0.077774584,0.040351108,5.0250032e-06,0.0093186,0,0.06175823137164116,0.11952277,0.16981228,0.0019446287,0.06808573,0,0.14644315838813782,0.8027026,0.7898366,0.99805033,0.9225957,0,0.7917986512184143
TSBD_BG_873a3617a3,1,0,2,0.8569911,0.0077822804,0.07177213,0.04424888,3.0253354e-06,0.008481318,0,0.06175823137164116,0.11217607,0.054572348,5.781318e-06,0.012404409,0,0.14644315838813782,0.81605184,0.9011788,0.9999913,0.9791143,0,0.7917986512184143
TSBD_BG_abfa756b67,1,0,2,0.717243,0.008387816,0.23305716,0.3077587,0.01938853,0.18097477,0,0.06175823137164116,0.08869638,0.03613894,3.1169486e-06,0.0085783675,0,0.14644315838813782,0.6782465,0.65610236,0.98060834,0.81044686,0,0.7917986512184143
TSBD_BG_897409ab6a,1,1,1,0.72767544,0.016223144,0.062316958,0.03455069,1.4617401e-06,0.0066904896,0,0.06175823137164116,0.6553837,0.81353277,0.99966586,0.9278533,1,0.14644315838813782,0.28229934,0.15191661,0.0003327132,0.06545622,0,0.7917986512184143
TSBD_BG_029a32b87f,1,0,2,0.78976333,0.017496614,0.15309772,0.04928964,4.4876447e-06,0.012768691,0,0.06175823137164116,0.071947716,0.048741337,3.3788117e-06,0.009215653,0,0.14644315838813782,0.7749546,0.9019691,0.99999213,0.9780156,0,0.7917986512184143
TSBD_BG_ad84846145,1,0,2,0.8294189,0.011345793,0.1145936,0.040152714,2.2693273e-06,0.009095297,0,0.06175823137164116,0.085316576,0.06502253,1.3144555e-05,0.014479355,0,0.14644315838813782,0.80008984,0.89482474,0.9999846,0.9764253,0,0.7917986512184143
TSBD_BG_6250909f04,1,1,1,0.73066777,0.023255501,0.14899054,0.06449359,1.0863683e-05,0.017640742,0,0.06175823137164116,0.70657074,0.87903315,0.9999857,0.9692573,1,0.14644315838813782,0.14443868,0.056473322,3.4947257e-06,0.013101918,0,0.7917986512184143
TSBD_Healthy_c7fd512124,0,0,1,0.15482122,0.25734442,0.07494864,0.040753946,3.6619515e-06,0.014959687,0,0.06175823137164116,0.10934354,0.78265804,0.9991943,0.78895324,0,0.14644315838813782,0.81570774,0.17658798,0.00080207497,0.19608703,0,0.7917986512184143
TSBD_Healthy_1ab857c1ee,0,0,1,0.14158821,0.2721985,0.055309556,0.04576104,3.0762242e-06,0.012650337,0,0.06175823137164116,0.18909447,0.86913645,0.9999763,0.92623335,0,0.14644315838813782,0.755596,0.08510246,2.0650577e-05,0.061116297,0,0.7917986512184143
TSBD_Healthy_a4108c60ab,0,0,1,0.104707904,0.3203104,0.06280876,0.049545858,3.8783237e-06,0.015784474,0,0.06175823137164116,0.14328113,0.8756981,0.999985,0.92718256,0,0.14644315838813782,0.7939101,0.074756056,1.1171728e-05,0.057032943,0,0.7917986512184143
TSBD_Healthy_603954b4fc,0,0,1,0.10863383,0.31396937,0.07808796,0.04801815,3.7248367e-06,0.01720106,0,0.06175823137164116,0.12386453,0.85701054,0.99996257,0.9008837,0,0.14644315838813782,0.79804754,0.094971314,3.36672e-05,0.08191526,0,0.7917986512184143
TSBD_Healthy_a7669a6337,0,0,1,0.17135581,0.24165495,0.060112048,0.040621597,2.1979836e-06,0.011306949,0,0.06175823137164116,0.19029526,0.8431372,0.9999105,0.8970356,0,0.14644315838813782,0.7495927,0.11624121,8.7300694e-05,0.09165745,0,0.7917986512184143
TSBD_Healthy_0969d7950f,0,0,1,0.10853484,0.31407028,0.06416486,0.05453908,5.5093637e-06,0.01733311,0,0.06175823137164116,0.15789081,0.87850475,0.99998736,0.9347433,0,0.14644315838813782,0.7779443,0.06695614,7.122646e-06,0.047923636,0,0.7917986512184143
TSBD_Healthy_3535a7f645,1,1,1,0.5528798,0.059029534,0.059918914,0.06249817,9.464193e-06,0.012823385,0,0.06175823137164116,0.6259171,0.87923545,0.99998665,0.96855724,1,0.14644315838813782,0.31416398,0.0582663,3.936603e-06,0.01861938,0,0.7917986512184143
TSBD_Healthy_28874652ec,0,0,1,0.12700695,0.2897206,0.07293477,0.03540001,1.4419032e-06,0.012052524,0,0.06175823137164116,0.109772086,0.82353973,0.99977225,0.8441557,0,0.14644315838813782,0.8172931,0.14106022,0.00022635417,0.1437918,0,0.7917986512184143
TSBD_Healthy_c9a3ba4645,0,0,1,0.26991573,0.15946712,0.05967534,0.062359046,9.337561e-06,0.014805469,0,0.06175823137164116,0.3977286,0.87968516,0.9999869,0.9592772,0,0.14644315838813782,0.5425961,0.0579558,3.8013084e-06,0.025917286,0,0.7917986512184143
TSBD_Healthy_ec9cff4659,0,0,1,0.25926608,0.16491805,0.09102735,0.063417375,9.8588125e-06,0.017842926,0,0.06175823137164116,0.3717976,0.87818736,0.9999862,0.95547104,0,0.14644315838813782,0.5371751,0.058395267,3.9754186e-06,0.02668604,0,0.7917986512184143
TSBD_Healthy_d0dd7481d3,1,1,1,0.83123195,0.008829614,0.12694225,0.065454744,1.1506701e-05,0.016470712,0,0.06175823137164116,0.7798962,0.878677,0.9999852,0.972795,1,0.14644315838813782,0.09316155,0.05586827,3.3201143e-06,0.010734315,0,0.7917986512184143
TSBD_Healthy_9b9c4b2008,0,0,1,0.11666494,0.2999613,0.059750758,0.101645745,8.5000385e-05,0.037203215,0,0.06175823137164116,0.18057387,0.8426793,0.99991083,0.9250294,0,0.14644315838813782,0.75967544,0.055674937,4.14784e-06,0.0377674,0,0.7917986512184143
TSBD_Healthy_6af33a64f0,0,0,1,0.35367066,0.10989389,0.069958486,0.055079367,5.7041114e-05,0.01980659,0,0.06175823137164116,0.12512177,0.5534096,0.8943839,0.47334227,0,0.14644315838813782,0.8049197,0.39151108,0.10555909,0.5068511,0,0.7917986512184143
TSBD_Healthy_11508a2a47,1,1,0,0.85456276,0.0097303325,0.8267609,0.91700983,0.9999877,0.9800024,1,0.06175823137164116,0.10732381,0.04414856,7.5425846e-06,0.011575425,0,0.14644315838813782,0.065915346,0.038841676,4.814978e-06,0.008422192,0,0.7917986512184143
TSBD_Healthy_9c80ffce77,0,0,1,0.10367942,0.31618774,0.07677273,0.15112542,0.0005979975,0.079504326,0,0.06175823137164116,0.11863787,0.77293855,0.99937904,0.85136557,0,0.14644315838813782,0.80458945,0.07593601,2.2905515e-05,0.06913011,0,0.7917986512184143
TSBD_Healthy_fdc6d1fa33,1,1,1,0.72186035,0.026252048,0.07370603,0.087081015,3.6793434e-05,0.01999584,0,0.06175823137164116,0.7347286,0.86550915,0.9999615,0.96851677,1,0.14644315838813782,0.19156536,0.04740989,1.6997332e-06,0.011487405,0,0.7917986512184143
TSBD_Healthy_8c646c1060,1,0,0,0.36726928,0.110199146,0.49473158,0.907352,0.9999677,0.9581365,0,0.06175823137164116,0.3809058,0.060038798,3.0164903e-05,0.032127924,0,0.14644315838813782,0.124362595,0.032609213,2.1581384e-06,0.009735589,0,0.7917986512184143
TSBD_Healthy_1b2ea804f3,0,0,1,0.17771992,0.23205109,0.064314894,0.0626036,9.275619e-06,0.017183915,0,0.06175823137164116,0.27401105,0.8793061,0.9999869,0.9513829,0,0.14644315838813782,0.661674,0.058090333,3.8037126e-06,0.031433184,0,0.7917986512184143
TSBD_Healthy_181a36e89e,0,0,1,0.18647079,0.22454323,0.058646195,0.05950827,7.690922e-06,0.015475404,0,0.06175823137164116,0.28358597,0.87927103,0.9999875,0.95125407,0,0.14644315838813782,0.65776783,0.06122066,4.8209868e-06,0.033270508,0,0.7917986512184143
TSBD_Healthy_b13db56cba,1,0,2,0.7443793,0.016815223,0.07216209,0.03584685,5.8971573e-06,0.00876878,0,0.06175823137164116,0.1136968,0.24462937,0.014411352,0.116139844,0,0.14644315838813782,0.81414104,0.71952385,0.9855827,0.8750913,0,0.7917986512184143
TSBD_Healthy_e91e5f3d2c,1,1,1,0.82957536,0.009113893,0.11576541,0.062483136,9.383785e-06,0.015001352,0,0.06175823137164116,0.7787434,0.8797131,0.9999869,0.97330576,1,0.14644315838813782,0.10549128,0.057803772,3.7847014e-06,0.011692873,0,0.7917986512184143
TSBD_Healthy_b9f53cb41a,1,1,1,0.6758127,0.033319555,0.24414147,0.06713185,1.2381242e-05,0.022143284,0,0.06175823137164116,0.6843933,0.87819296,0.9999846,0.9679834,1,0.14644315838813782,0.07146523,0.05467525,2.9726234e-06,0.009873329,0,0.7917986512184143
TSBD_Healthy_eb22129a24,1,1,0,0.83447033,0.009939457,0.7926919,0.8943487,0.9998952,0.9660062,1,0.06175823137164116,0.15337472,0.077971,0.000103665014,0.028949063,0,0.14644315838813782,0.053933315,0.027680224,1.0664402e-06,0.005044731,0,0.7917986512184143
TSBD_Healthy_968a78b93d,1,1,1,0.7556858,0.02045533,0.08214213,0.06536349,1.1310475e-05,0.014339297,0,0.06175823137164116,0.73919094,0.87891376,0.99998546,0.9720133,1,0.14644315838813782,0.17866696,0.055722687,3.2466858e-06,0.013647422,0,0.7917986512184143
TSBD_Healthy_c7a3a188a8,1,1,0,0.65876484,0.035765145,0.6629199,0.8819937,0.9998085,0.94926286,1,0.06175823137164116,0.27735636,0.0900765,0.00019043944,0.0451879,0,0.14644315838813782,0.059723813,0.027929725,1.0891595e-06,0.0055492227,0,0.7917986512184143
TSBD_Healthy_f55a2f1b43,1,0,2,0.85622025,0.0060786195,0.08161274,0.031506952,1.0941739e-06,0.006222857,0,0.06175823137164116,0.09837659,0.10393849,0.00013102642,0.029601084,0,0.14644315838813782,0.8200107,0.8645546,0.9998679,0.96417606,0,0.7917986512184143
TSBD_Healthy_11a0ec4d06,0,0,1,0.28944594,0.14156508,0.096809514,0.03221133,5.353807e-06,0.011403918,0,0.06175823137164116,0.088772155,0.5668234,0.89130366,0.44524595,0,0.14644315838813782,0.8144183,0.4009652,0.10869094,0.54335016,0,0.7917986512184143
TSBD_Healthy_dda7c6bbc5,0,0,1,0.13200818,0.28270885,0.05548418,0.054100208,5.3119225e-06,0.015181568,0,0.06175823137164116,0.19663145,0.8781151,0.99998736,0.9402497,0,0.14644315838813782,0.74788433,0.0677847,7.3545557e-06,0.044568717,0,0.7917986512184143
TSBD_Healthy_b83d452fe7,1,0,2,0.84957135,0.006714423,0.08240524,0.030488536,1.0555303e-06,0.0061111124,0,0.06175823137164116,0.09747196,0.11418197,0.00021089269,0.03387033,0,0.14644315838813782,0.8201228,0.8553295,0.9997881,0.9600185,0,0.7917986512184143
TSBD_Healthy_ec04a77054,1,1,1,0.8388874,0.0080490485,0.09562996,0.06310257,9.693742e-06,0.014134976,0,0.06175823137164116,0.78826684,0.8797445,0.99998677,0.9740082,1,0.14644315838813782,0.11610315,0.057152867,3.5825826e-06,0.01185685,0,0.7917986512184143
TSBD_Healthy_63480c13ab,1,1,1,0.7962278,0.014356084,0.078883,0.06241593,9.316969e-06,0.0131758,0,0.06175823137164116,0.764525,0.87987566,0.9999869,0.9733534,1,0.14644315838813782,0.15659198,0.057708386,3.7399057e-06,0.013470817,0,0.7917986512184143
TSBD_Healthy_a334fe0843,1,1,1,0.82977074,0.009078255,0.12248234,0.063268036,9.880012e-06,0.015544665,0,0.06175823137164116,0.7790046,0.87941307,0.9999865,0.973186,1,0.14644315838813782,0.09851302,0.057318836,3.6170145e-06,0.011269323,0,0.7917986512184143
TSBD_Healthy_af48f4f88b,1,1,1,0.7255503,0.024716152,0.21088248,0.06711343,1.2433815e-05,0.020779843,0,0.06175823137164116,0.71294695,0.8782818,0.9999846,0.96927446,1,0.14644315838813782,0.07617053,0.05460479,2.9516764e-06,0.009945709,0,0.7917986512184143
TSBD_Healthy_58fc6d9018,1,0,2,0.80886745,0.011883906,0.09163513,0.02696711,8.0273276e-07,0.0057025854,0,0.06175823137164116,0.09640304,0.14577727,0.00073796505,0.04855787,0,0.14644315838813782,0.8119619,0.82725567,0.9992612,0.94573957,0,0.7917986512184143
TSBD_Healthy_ed8a98aaef,1,0,2,0.8508684,0.006655454,0.07967423,0.02869037,8.1759396e-07,0.0055783372,0,0.06175823137164116,0.10008814,0.11319332,0.00020696191,0.033891115,0,0.14644315838813782,0.82023764,0.8581163,0.9997923,0.9605305,0,0.7917986512184143
TSBD_Healthy_c1a36abd3d,0,0,1,0.1146278,0.30626124,0.064444035,0.04256007,2.3778787e-06,0.0134827355,0,0.06175823137164116,0.13755926,0.863049,0.9999646,0.9077358,0,0.14644315838813782,0.79799676,0.09439093,3.3010318e-05,0.07878147,0,0.7917986512184143
TSBD_Healthy_ba89f16ead,1,1,1,0.8324688,0.00884057,0.0986124,0.06287011,9.612838e-06,0.014270798,0,0.06175823137164116,0.78268546,0.87965137,0.99998665,0.9736347,1,0.14644315838813782,0.11870221,0.057478484,3.7174384e-06,0.012094519,0,0.7917986512184143
TSBD_Healthy_ff7717e05f,1,1,0,0.83456093,0.012564917,0.81511486,0.9168495,0.99998784,0.97960144,1,0.06175823137164116,0.121381015,0.04295423,6.6328503e-06,0.01168787,0,0.14644315838813782,0.06350407,0.04019621,5.5016167e-06,0.008710672,0,0.7917986512184143
TSBD_Healthy_9697828448,0,0,1,0.09300435,0.33892727,0.07458163,0.046029314,3.0142903e-06,0.016445229,0,0.06175823137164116,0.11494291,0.87229544,0.9999796,0.91386473,0,0.14644315838813782,0.8104755,0.08167521,1.7429136e-05,0.06969008,0,0.7917986512184143
TSBD_Healthy_0dc7202194,1,1,1,0.79375565,0.013969259,0.094386585,0.054765236,5.718613e-06,0.0120514445,0,0.06175823137164116,0.75238335,0.878946,0.99998736,0.9717863,1,0.14644315838813782,0.15323009,0.06628876,6.9141333e-06,0.016162222,0,0.7917986512184143
TSBD_Healthy_aafafefd6f,0,0,1,0.18661767,0.2267695,0.083778,0.033139657,1.6635867e-06,0.011237339,0,0.06175823137164116,0.13710101,0.7788325,0.99885917,0.79107416,0,0.14644315838813782,0.77912104,0.18802783,0.0011391679,0.19768853,0,0.7917986512184143
TSBD_Healthy_3e37e6f481,0,0,1,0.18680507,0.22489138,0.05988554,0.053395696,5.146679e-06,0.013819679,0,0.06175823137164116,0.2737151,0.87865525,0.9999871,0.9473795,0,0.14644315838813782,0.6663993,0.067949064,7.700108e-06,0.038800843,0,0.7917986512184143
TSBD_Healthy_d5c6d15d07,1,0,2,0.8580567,0.007694198,0.09275365,0.04316823,2.7363258e-06,0.008988217,0,0.06175823137164116,0.08975292,0.055470966,6.1471287e-06,0.011694494,0,0.14644315838813782,0.8174934,0.9013608,0.99999106,0.97931725,0,0.7917986512184143
TSBD_Healthy_968206666f,0,0,1,0.116747215,0.30319002,0.06906931,0.04207757,2.3680357e-06,0.013881956,0,0.06175823137164116,0.12930739,0.8536292,0.9999422,0.89358306,0,0.14644315838813782,0.8016233,0.10429326,5.5399174e-05,0.09253504,0,0.7917986512184143
TSBD_Healthy_cacd4fa5f3,0,0,1,0.261782,0.16670156,0.056889582,0.0538152,5.2793703e-06,0.012414686,0,0.06175823137164116,0.36970526,0.8776364,0.99998677,0.95387286,0,0.14644315838813782,0.57340515,0.0685484,7.932261e-06,0.03371245,0,0.7917986512184143
TSBD_Healthy_c00e285b89,1,1,2,0.86434305,0.0068977065,0.084899895,0.044848863,3.0718106e-06,0.009058159,0,0.06175823137164116,0.09340033,0.053037006,4.8461866e-06,0.011064143,0,0.14644315838813782,0.82169974,0.90211415,0.999992,0.97987765,1,0.7917986512184143
TSBD_Healthy_e318b96772,1,0,2,0.86209655,0.0068366565,0.07673448,0.038784165,1.8717487e-06,0.007428453,0,0.06175823137164116,0.10547722,0.062929265,1.1075967e-05,0.014732387,0,0.14644315838813782,0.81778836,0.8982866,0.999987,0.9778392,0,0.7917986512184143
TSBD_Healthy_f874d1c34c,1,0,2,0.8599506,0.0066298367,0.083545074,0.032889623,1.1034086e-06,0.006396355,0,0.06175823137164116,0.096379355,0.081648365,3.8615373e-05,0.020613855,0,0.14644315838813782,0.8200756,0.8854619,0.9999603,0.9729898,0,0.7917986512184143
TSBD_Healthy_a486752b98,1,0,2,0.82957935,0.008273267,0.07706564,0.027112024,8.5053426e-07,0.0054216613,0,0.06175823137164116,0.10417796,0.14941241,0.0008527053,0.05172796,0,0.14644315838813782,0.8187564,0.82347554,0.99914646,0.9428504,0,0.7917986512184143
TSBD_Healthy_79eca515b7,1,0,2,0.8622767,0.006750508,0.084588006,0.03605859,1.4623004e-06,0.007076207,0,0.06175823137164116,0.09470125,0.06982831,1.8265659e-05,0.016422795,0,0.14644315838813782,0.8207107,0.8941131,0.99998033,0.976501,0,0.7917986512184143
TSBD_Healthy_28f91e3b3c,1,1,2,0.8640113,0.0066761817,0.08157293,0.037615865,1.6783459e-06,0.007315237,0,0.06175823137164116,0.09736378,0.06459086,1.26873e-05,0.01487593,0,0.14644315838813782,0.8210633,0.8977933,0.9999857,0.9778089,1,0.7917986512184143
TSBD_Healthy_b4c784db60,0,0,1,0.16461575,0.24669321,0.08286372,0.033328563,1.7388554e-06,0.012089991,0,0.06175823137164116,0.09783744,0.7577069,0.9982066,0.74126714,0,0.14644315838813782,0.81929886,0.20896454,0.0017916957,0.24664287,0,0.7917986512184143
TSBD_Healthy_46afbf57c8,1,0,2,0.84327173,0.007176239,0.079784535,0.028569961,9.359819e-07,0.0057255835,0,0.06175823137164116,0.10023852,0.1269305,0.0003820194,0.04037561,0,0.14644315838813782,0.8199769,0.8444995,0.999617,0.9538988,0,0.7917986512184143
TSBD_Healthy_5238685a4f,0,0,1,0.113733776,0.3070488,0.077465005,0.03927185,2.049184e-06,0.014178172,0,0.06175823137164116,0.10696208,0.83801264,0.99987733,0.86389905,0,0.14644315838813782,0.8155729,0.12271549,0.000120625235,0.12192275,0,0.7917986512184143
TSBD_Healthy_115a1b2ce7,1,0,2,0.71285844,0.022855915,0.073422484,0.026314797,1.464554e-06,0.005801192,0,0.06175823137164116,0.11073109,0.25950092,0.017990513,0.12334218,0,0.14644315838813782,0.81584644,0.7141843,0.982008,0.87085664,0,0.7917986512184143
TSBD_Healthy_2b0f2e29de,1,0,2,0.85807735,0.0056816055,0.07713972,0.029992487,9.165063e-07,0.0057575316,0,0.06175823137164116,0.10400041,0.10547312,0.00014344168,0.030925557,0,0.14644315838813782,0.8188598,0.86453444,0.99985564,0.9633169,0,0.7917986512184143
TSBD_Healthy_2cb9913a0d,1,0,2,0.85367566,0.007692245,0.06990073,0.038079746,1.8274975e-06,0.00711826,0,0.06175823137164116,0.12080222,0.06533507,1.3891636e-05,0.016489763,0,0.14644315838813782,0.8092971,0.8965852,0.99998426,0.976392,0,0.7917986512184143
TSBD_Healthy_f7b6201d8c,1,0,2,0.4355855,0.06589614,0.085470125,0.036969464,1.3805753e-05,0.0112289805,0,0.06175823137164116,0.102846235,0.40821978,0.31441092,0.26262236,0,0.14644315838813782,0.8116836,0.5548107,0.68557525,0.72614866,0,0.7917986512184143
TSBD_Healthy_1cb0a1deed,0,0,1,0.42593816,0.085064225,0.06108416,0.034319885,5.3478775e-06,0.009375685,0,0.06175823137164116,0.21523295,0.6148101,0.9519382,0.59905887,0,0.14644315838813782,0.7236829,0.35087004,0.04805648,0.3915654,0,0.7917986512184143
TSBD_Healthy_e53d9705ff,1,1,2,0.8643252,0.006434528,0.08165953,0.041514657,2.4048713e-06,0.008231491,0,0.06175823137164116,0.09939381,0.061736252,1.0166996e-05,0.0140645085,0,0.14644315838813782,0.8189467,0.8967491,0.9999875,0.977704,1,0.7917986512184143
TSBD_Healthy_fea6d00053,1,0,2,0.6422321,0.034806907,0.08236012,0.028435523,2.5026677e-06,0.006942087,0,0.06175823137164116,0.1004351,0.29354078,0.040973943,0.14814363,0,0.14644315838813782,0.8172047,0.67802376,0.9590236,0.8449143,0,0.7917986512184143
TSBD_Healthy_f69458ce94,1,0,2,0.83232826,0.008074877,0.08068645,0.02944724,1.1395487e-06,0.0060693026,0,0.06175823137164116,0.10019489,0.14267915,0.0006651251,0.04760808,0,0.14644315838813782,0.81911874,0.82787365,0.9993337,0.94632256,0,0.7917986512184143
TSBD_Healthy_bb30558caa,1,0,2,0.86276215,0.00563092,0.07785549,0.031914752,1.056637e-06,0.0061081545,0,0.06175823137164116,0.10271683,0.09088143,6.422514e-05,0.024507942,0,0.14644315838813782,0.81942767,0.8772039,0.9999347,0.9693839,0,0.7917986512184143
TSBD_Healthy_f8b382f850,0,0,1,0.12889978,0.2872315,0.074303955,0.036516782,1.6361561e-06,0.012565839,0,0.06175823137164116,0.110366054,0.82109284,0.99975127,0.8411977,0,0.14644315838813782,0.81532997,0.14239034,0.00024709225,0.14623639,0,0.7917986512184143
TSBD_Healthy_4e764a8c1f,1,0,2,0.86299974,0.0066310004,0.082500994,0.035347924,1.3791548e-06,0.0068690795,0,0.06175823137164116,0.09654123,0.07069532,1.9827174e-05,0.016895816,0,0.14644315838813782,0.8209578,0.8939567,0.9999788,0.97623515,0,0.7917986512184143
TSBD_Healthy_63950b8869,1,0,2,0.8633614,0.0069986125,0.087246574,0.046759028,3.6942954e-06,0.009671922,0,0.06175823137164116,0.092036635,0.05130168,4.334931e-06,0.010608334,0,0.14644315838813782,0.8207168,0.9019393,0.999992,0.97971976,0,0.7917986512184143
TSBD_Healthy_ea2ac521c5,1,0,2,0.84108806,0.004191205,0.06280727,0.027083647,9.3834785e-07,0.0051510874,0,0.06175823137164116,0.13754685,0.16262707,0.0014004497,0.06548664,0,0.14644315838813782,0.79964584,0.8102893,0.99859864,0.9293623,0,0.7917986512184143
TSBD_Healthy_1402c548f4,1,1,2,0.8650591,0.005937771,0.07809949,0.03381649,1.2063199e-06,0.00643408,0,0.06175823137164116,0.10124845,0.07786718,3.212391e-05,0.019770633,0,0.14644315838813782,0.820652,0.8883163,0.99996674,0.9737953,1,0.7917986512184143
TSBD_Healthy_44b1d181ba,1,1,2,0.864806,0.0055650524,0.07337884,0.03201506,1.0308692e-06,0.0059578926,0,0.06175823137164116,0.10851447,0.084286265,4.6426645e-05,0.022618162,0,0.14644315838813782,0.81810665,0.8836986,0.99995255,0.9714239,1,0.7917986512184143
TSBD_Healthy_5031d03cd3,1,0,1,0.3855865,0.10293776,0.055272434,0.05814359,7.0419032e-06,0.012149094,0,0.06175823137164116,0.51079875,0.8794817,0.9999877,0.9635861,0,0.14644315838813782,0.4339288,0.0623747,5.1894876e-06,0.024264831,0,0.7917986512184143
TSBD_Healthy_584e036b15,0,0,1,0.10116613,0.32600495,0.0647619,0.04585812,2.9462567e-06,0.014991074,0,0.06175823137164116,0.12939408,0.87197936,0.99997973,0.9178583,0,0.14644315838813782,0.805844,0.0821625,1.7353905e-05,0.06715058,0,0.7917986512184143
TSBD_Healthy_ceedc9841a,0,0,1,0.09025387,0.34350455,0.07863449,0.046564836,3.1400052e-06,0.01735285,0,0.06175823137164116,0.106556855,0.8689494,0.99997663,0.90801525,0,0.14644315838813782,0.8148086,0.084485725,2.0208858e-05,0.07463191,0,0.7917986512184143
TSBD_Healthy_539b7c9614,0,0,1,0.24335542,0.18394566,0.05779572,0.044563517,3.5939454e-06,0.011770087,0,0.06175823137164116,0.24022019,0.813263,0.9997613,0.87853265,0,0.14644315838813782,0.70198417,0.14217347,0.00023510314,0.10969731,0,0.7917986512184143
TSBD_Healthy_9405a524b8,1,1,1,0.7939242,0.013721477,0.11544996,0.07100599,1.5511114e-05,0.017759565,0,0.06175823137164116,0.7520059,0.8756025,0.9999819,0.9707269,1,0.14644315838813782,0.1325442,0.053391546,2.6496057e-06,0.011513522,0,0.7917986512184143
TSBD_Healthy_84b5bbabe5,1,1,1,0.7862399,0.015450507,0.08640681,0.059747145,7.817522e-06,0.012938818,0,0.06175823137164116,0.7526646,0.8795701,0.9999876,0.97247255,1,0.14644315838813782,0.16092853,0.06068278,4.6327714e-06,0.014588657,0,0.7917986512184143
TSBD_Healthy_cd1699cbb8,1,1,1,0.70959795,0.026978236,0.21633942,0.0682223,1.3314881e-05,0.021550216,0,0.06175823137164116,0.69871134,0.87715495,0.9999838,0.9680707,1,0.14644315838813782,0.084949225,0.054622814,2.9213118e-06,0.010379101,0,0.7917986512184143
TSBD_Healthy_3971c8d6d2,0,0,1,0.074357875,0.36400342,0.23130575,0.062288843,9.258498e-06,0.038447335,0,0.06175823137164116,0.08726783,0.875511,0.9999857,0.9118509,0,0.14644315838813782,0.6814264,0.062200155,5.06178e-06,0.049701758,0,0.7917986512184143
TSBD_Healthy_062f8eb68b,1,1,1,0.57280916,0.052406985,0.071002275,0.05098055,4.250601e-06,0.010628109,0,0.06175823137164116,0.61314243,0.8743322,0.9999846,0.96358097,1,0.14644315838813782,0.3158553,0.07468727,1.1116842e-05,0.025790913,0,0.7917986512184143
TSBD_Healthy_64c2fd2799,0,0,1,0.2029749,0.21361555,0.067598596,0.030812647,1.4029603e-06,0.009570557,0,0.06175823137164116,0.12340068,0.74317575,0.99707437,0.7325203,0,0.14644315838813782,0.80900073,0.22601159,0.0029242856,0.25790912,0,0.7917986512184143
TSBD_Healthy_06ad797b28,0,0,1,0.26456362,0.16803274,0.056074303,0.042987958,2.5140155e-06,0.009969057,0,0.06175823137164116,0.32018,0.85529923,0.9999502,0.9286322,0,0.14644315838813782,0.62374574,0.1017128,4.735906e-05,0.06139871,0,0.7917986512184143
TSBD_Healthy_d37fadc7b5,1,0,2,0.42565474,0.069731414,0.078038506,0.026346978,3.468907e-06,0.0070730816,0,0.06175823137164116,0.101780005,0.4140074,0.32231036,0.26419434,0,0.14644315838813782,0.8201815,0.5596456,0.67768615,0.7287326,0,0.7917986512184143
TSBD_Healthy_23703b21e8,0,0,1,0.085709475,0.35069197,0.07941039,0.06464282,1.1307333e-05,0.025455844,0,0.06175823137164116,0.12049518,0.8750319,0.99998415,0.92826754,0,0.14644315838813782,0.8000945,0.060325254,4.603266e-06,0.046276625,0,0.7917986512184143
TSBD_Healthy_e761f95881,1,0,1,0.48131135,0.06742734,0.06057018,0.041137274,2.3583466e-06,0.008532377,0,0.06175823137164116,0.5114115,0.83988136,0.99989915,0.93392295,0,0.14644315838813782,0.42801836,0.11898142,9.848722e-05,0.057544712,0,0.7917986512184143
TSBD_Healthy_049d7b0b8e,0,0,1,0.3180721,0.1385982,0.058330253,0.030801121,2.133803e-06,0.008387617,0,0.06175823137164116,0.17022054,0.675777,0.9869943,0.66530174,0,0.14644315838813782,0.77144927,0.2934218,0.013003511,0.32631066,0,0.7917986512184143
TSBD_Healthy_d0a2ad85a2,1,0,2,0.6083983,0.03900976,0.07324685,0.025693515,2.0980315e-06,0.006090487,0,0.06175823137164116,0.108793184,0.32504517,0.07477373,0.17829044,0,0.14644315838813782,0.81795996,0.6492613,0.9252242,0.81561905,0,0.7917986512184143
TSBD_Healthy_427d279e02,1,0,2,0.86335254,0.0061424323,0.0816356,0.034678087,1.3226132e-06,0.0067367973,0,0.06175823137164116,0.098402426,0.07788527,3.1067957e-05,0.019460486,0,0.14644315838813782,0.81996197,0.8874367,0.9999676,0.9738027,0,0.7917986512184143
TSBD_Healthy_194fe9c226,0,0,1,0.31643087,0.13696522,0.06342117,0.028992629,2.2629927e-06,0.008254759,0,0.06175823137164116,0.14126313,0.6365317,0.96859354,0.58669704,0,0.14644315838813782,0.7953157,0.3344757,0.03140417,0.40504825,0,0.7917986512184143
TSBD_Healthy_7fd586cd0c,1,0,2,0.8586852,0.006511613,0.0683374,0.034815338,1.3781313e-06,0.0064101494,0,0.06175823137164116,0.12154005,0.07491279,2.6794427e-05,0.02003981,0,0.14644315838813782,0.8101225,0.89027184,0.99997175,0.9735501,0,0.7917986512184143
TSBD_Healthy_8a16be7271,0,0,1,0.14307301,0.27094358,0.055877045,0.041315768,2.1057106e-06,0.01139429,0,0.06175823137164116,0.17713743,0.8615671,0.9999604,0.91413265,0,0.14644315838813782,0.76698554,0.09711713,3.7504593e-05,0.07447312,0,0.7917986512184143
TSBD_Healthy_7497e074fb,0,0,1,0.3640781,0.10808404,0.06265636,0.028477263,2.965732e-06,0.007812861,0,0.06175823137164116,0.1436867,0.5789329,0.9122811,0.5072544,0,0.14644315838813782,0.79365695,0.3925898,0.08771596,0.48493263,0,0.7917986512184143
TSBD_Healthy_0008f80a75,1,0,2,0.8323708,0.006703504,0.07300007,0.02807315,1.0079142e-06,0.005597257,0,0.06175823137164116,0.11650933,0.15736647,0.0011378825,0.058405325,0,0.14644315838813782,0.8104906,0.8145604,0.9988612,0.93599737,0,0.7917986512184143
TSBD_Healthy_5ceaf1db7f,1,0,2,0.8630105,0.0067042625,0.08439212,0.03870886,1.8410534e-06,0.0076456005,0,0.06175823137164116,0.095772244,0.06477065,1.2667109e-05,0.0148172565,0,0.14644315838813782,0.8198357,0.8965205,0.9999856,0.97753716,0,0.7917986512184143
TSBD_Healthy_e4fa44cd99,1,0,2,0.85540104,0.004994806,0.07510388,0.031105088,1.1598257e-06,0.006090205,0,0.06175823137164116,0.10936643,0.12054632,0.00027604226,0.038178705,0,0.14644315838813782,0.81552964,0.84834856,0.9997228,0.9557311,0,0.7917986512184143
TSBD_Healthy_441bde1a65,1,0,2,0.7270887,0.019887019,0.06972543,0.026446352,1.5939174e-06,0.0057942765,0,0.06175823137164116,0.11733449,0.25684935,0.018024445,0.12504926,0,0.14644315838813782,0.8129401,0.7167043,0.9819739,0.8691565,0,0.7917986512184143
TSBD_Healthy_dbb2f8ca89,0,0,1,0.35134235,0.11336549,0.053138155,0.049588528,3.9539764e-06,0.010191813,0,0.06175823137164116,0.46869028,0.8755778,0.99998426,0.9569125,0,0.14644315838813782,0.4781716,0.07483368,1.1736705e-05,0.032895625,0,0.7917986512184143
TSBD_Healthy_9b317a63ad,0,0,1,0.33137885,0.12441098,0.052859604,0.050302505,4.108487e-06,0.01048157,0,0.06175823137164116,0.4471018,0.876188,0.9999852,0.9565139,0,0.14644315838813782,0.50003856,0.07350949,1.061538e-05,0.03300459,0,0.7917986512184143
TSBD_Healthy_d85abeff44,1,0,2,0.8563246,0.0053977123,0.07370578,0.028656783,8.2383207e-07,0.005437655,0,0.06175823137164116,0.10937765,0.11486592,0.0002164295,0.035533708,0,0.14644315838813782,0.8169165,0.85647726,0.99978274,0.95902866,0,0.7917986512184143
TSBD_Healthy_32490efb09,0,0,1,0.12900282,0.28664976,0.055982787,0.051917117,4.613639e-06,0.014718223,0,0.06175823137164116,0.1881133,0.87729406,0.9999863,0.9371279,0,0.14644315838813782,0.75590396,0.0707888,9.051754e-06,0.048153926,0,0.7917986512184143
TSBD_Healthy_003e47f46b,0,0,1,0.29215607,0.1545079,0.05313232,0.032038998,1.3373866e-06,0.007760607,0,0.06175823137164116,0.2416808,0.77814794,0.9988882,0.82837933,0,0.14644315838813782,0.70518684,0.18981308,0.0011105373,0.16386004,0,0.7917986512184143
TSBD_Healthy_db7fb385bc,0,0,1,0.2980689,0.14333926,0.07537911,0.0345114,5.5900127e-06,0.011287846,0,0.06175823137164116,0.10971054,0.6047488,0.9447004,0.5186352,0,0.14644315838813782,0.8149104,0.36073983,0.055293974,0.4700769,0,0.7917986512184143
TSBD_Healthy_e07653b53b,0,0,1,0.1418607,0.27173913,0.074745,0.035206616,1.657239e-06,0.012148692,0,0.06175823137164116,0.10924747,0.80244595,0.999476,0.81152785,0,0.14644315838813782,0.81600755,0.16234745,0.00052238826,0.17632341,0,0.7917986512184143
TSBD_Healthy_372dafd03c,0,0,1,0.32837304,0.13479415,0.052155633,0.031495467,1.4651729e-06,0.007553612,0,0.06175823137164116,0.25338793,0.7570527,0.9980184,0.8062493,0,0.14644315838813782,0.69445646,0.21145181,0.0019802086,0.18619709,0,0.7917986512184143
TSBD_Healthy_8a4d12c896,1,0,2,0.808699,0.0019983845,0.058083374,0.03568637,3.9183096e-06,0.0076417155,0,0.06175823137164116,0.2204709,0.19781503,0.0045824475,0.108202145,0,0.14644315838813782,0.72144574,0.76649857,0.9954137,0.8841561,0,0.7917986512184143
TSBD_Healthy_ddf26df6fc,0,0,1,0.4026385,0.07870068,0.060875144,0.030420875,5.390399e-06,0.008089865,0,0.06175823137164116,0.15361945,0.52094984,0.7698146,0.43124834,0,0.14644315838813782,0.78550535,0.4486293,0.23018003,0.56066185,0,0.7917986512184143
TSBD_Healthy_f43e3f4c5b,1,0,2,0.859377,0.000923641,0.07932326,0.060024127,1.8838477e-05,0.014712017,0,0.06175823137164116,0.11807758,0.13399616,0.00055422506,0.04773246,0,0.14644315838813782,0.8025992,0.8059797,0.99942696,0.93755555,0,0.7917986512184143
TSBD_Healthy_b5fbb9ed8e,1,0,2,0.45430127,0.06532912,0.07840909,0.026446048,3.37206e-06,0.007016838,0,0.06175823137164116,0.10107541,0.39971837,0.26446873,0.2479487,0,0.14644315838813782,0.82051545,0.5738356,0.73552793,0.7450344,0,0.7917986512184143
TSBD_Healthy_eb36a09ca4,1,0,2,0.76535153,0.013470791,0.066422105,0.02651652,1.3346175e-06,0.0055225124,0,0.06175823137164116,0.12784666,0.23684894,0.011112527,0.11315912,0,0.14644315838813782,0.80573124,0.73663455,0.98888624,0.8813184,0,0.7917986512184143
TSBD_Healthy_6b4a97bd93,1,0,2,0.8358807,0.007929832,0.07805148,0.026873132,7.450116e-07,0.005281824,0,0.06175823137164116,0.101817414,0.13816105,0.00055492145,0.045455076,0,0.14644315838813782,0.82013106,0.8349658,0.9994443,0.9492631,0,0.7917986512184143
TSBD_Healthy_ba33e2e4e1,0,0,1,0.14064892,0.27364695,0.062374245,0.040318392,2.1106318e-06,0.012043304,0,0.06175823137164116,0.15707001,0.84899396,0.99992585,0.8948871,0,0.14644315838813782,0.7805558,0.110687666,7.201673e-05,0.09306957,0,0.7917986512184143
TSBD_Healthy_c2d1e8a97b,0,0,1,0.12856719,0.28821862,0.06508236,0.03628227,1.4977726e-06,0.011472974,0,0.06175823137164116,0.12683716,0.83835536,0.9998684,0.8703216,0,0.14644315838813782,0.80808043,0.12536238,0.00013007839,0.11820549,0,0.7917986512184143
TSBD_Healthy_acaf94d2e8,0,0,1,0.14287879,0.27122504,0.059057936,0.040009014,1.9978881e-06,0.011496391,0,0.06175823137164116,0.16537593,0.8533792,0.9999379,0.90157706,0,0.14644315838813782,0.77556616,0.10661183,6.0079085e-05,0.08692661,0,0.7917986512184143
TSBD_Healthy_4c1057862a,0,0,1,0.10442001,0.32085395,0.07372663,0.04045677,2.0998896e-06,0.014321025,0,0.06175823137164116,0.10909539,0.8530288,0.9999368,0.8848723,0,0.14644315838813782,0.81717795,0.106514506,6.104102e-05,0.10080668,0,0.7917986512184143
TSBD_Healthy_d28eee88b2,0,0,2,0.35042784,0.08512563,0.07364572,0.02691398,4.008693e-06,0.0074944017,0,0.06175823137164116,0.10774417,0.46791965,0.5710528,0.33219647,0,0.14644315838813782,0.81861013,0.50516635,0.42894322,0.66030914,0,0.7917986512184143
TSBD_Healthy_9f799d79c9,0,0,1,0.15105258,0.2624085,0.058416497,0.038105667,1.6780974e-06,0.0107127,0,0.06175823137164116,0.1675247,0.8470321,0.999912,0.89367104,0,0.14644315838813782,0.77405876,0.11486219,8.627625e-05,0.09561624,0,0.7917986512184143
TSBD_Healthy_0797e50b91,1,0,2,0.45018548,0.06413559,0.073927015,0.025901338,3.1326072e-06,0.0066962047,0,0.06175823137164116,0.10829728,0.4088061,0.28822383,0.26050517,0,0.14644315838813782,0.8177758,0.56529254,0.71177304,0.73279864,0,0.7917986512184143
TSBD_Healthy_35d58d516e,1,0,2,0.621962,0.036723983,0.07348643,0.025583377,1.9981226e-06,0.006031245,0,0.06175823137164116,0.109938204,0.3177147,0.06479156,0.1722469,0,0.14644315838813782,0.8165753,0.6567019,0.9352064,0.82172185,0,0.7917986512184143
TSBD_Healthy_3369d16a81,1,0,2,0.844055,0.008301879,0.06405146,0.0357936,1.5178213e-06,0.006500452,0,0.06175823137164116,0.13852672,0.07388942,2.4389425e-05,0.020560842,0,0.14644315838813782,0.7974218,0.890317,0.999974,0.9729387,0,0.7917986512184143
TSBD_Healthy_f12cfc128f,1,0,2,0.52456176,0.042204864,0.06221312,0.26762834,0.039254673,0.12394116,0,0.06175823137164116,0.28893328,0.18697813,0.012064557,0.14258587,0,0.14644315838813782,0.6488536,0.5453935,0.94868076,0.7334729,0,0.7917986512184143
TSBD_Healthy_8cb3c49027,0,0,1,0.2254346,0.18599963,0.08736702,0.12654884,0.00018829035,0.044789568,0,0.06175823137164116,0.3410958,0.827317,0.9998099,0.93361104,0,0.14644315838813782,0.57153714,0.046134178,1.7771005e-06,0.021599403,0,0.7917986512184143
TSBD_Healthy_0d4d34f349,0,0,1,0.1367106,0.27761984,0.061527334,0.049226783,4.177703e-06,0.014805521,0,0.06175823137164116,0.17267592,0.8603634,0.9999684,0.91665703,0,0.14644315838813782,0.7657967,0.09040981,2.7421847e-05,0.06853741,0,0.7917986512184143
TSBD_Healthy_aac43b5b94,0,0,1,0.31483087,0.1303495,0.062194202,0.06780736,1.3097253e-05,0.01599184,0,0.06175823137164116,0.45450625,0.8754352,0.99998355,0.96097827,0,0.14644315838813782,0.4832995,0.056757472,3.3469623e-06,0.023029871,0,0.7917986512184143
TSBD_Healthy_713f0a2197,0,0,1,0.1403515,0.27259237,0.08493195,0.039760556,2.9927446e-06,0.015439344,0,0.06175823137164116,0.0981027,0.7896408,0.99936765,0.79316425,0,0.14644315838813782,0.81696534,0.17059869,0.00062941056,0.19139634,0,0.7917986512184143
TSBD_Healthy_ac26bcc532,0,0,1,0.08240095,0.35657835,0.08299254,0.07200932,1.8472647e-05,0.031056501,0,0.06175823137164116,0.10630373,0.86326736,0.9999753,0.9160375,0,0.14644315838813782,0.81070375,0.06472332,6.242238e-06,0.052906025,0,0.7917986512184143
TSBD_Healthy_46f4698e93,1,0,2,0.8615021,0.005675456,0.08210613,0.03386849,1.2999254e-06,0.0066674366,0,0.06175823137164116,0.09856133,0.09188099,6.9203656e-05,0.024660973,0,0.14644315838813782,0.8193325,0.87425053,0.9999294,0.9686716,0,0.7917986512184143
TSBD_Healthy_ffc31af5e9,1,0,2,0.85289675,0.005301326,0.07750609,0.034997277,1.7420165e-06,0.0070764357,0,0.06175823137164116,0.1236518,0.101362295,0.0001314508,0.03192922,0,0.14644315838813782,0.7988422,0.8636405,0.9998667,0.9609943,0,0.7917986512184143
TSBD_Healthy_ffc39b3360,1,0,2,0.8110364,0.013911031,0.060523987,0.0403682,2.201006e-06,0.0072851074,0,0.06175823137164116,0.15588878,0.06040714,9.158571e-06,0.01617558,0,0.14644315838813782,0.78358716,0.8992247,0.9999887,0.9765393,0,0.7917986512184143
TSBD_Healthy_13e3dd820d,1,0,2,0.86227745,0.006911868,0.08140892,0.0434094,2.9066073e-06,0.008711592,0,0.06175823137164116,0.10024731,0.056999095,7.0818433e-06,0.012656618,0,0.14644315838813782,0.81834376,0.8995915,0.9999901,0.97863185,0,0.7917986512184143
TSBD_Healthy_0e7dca224f,0,0,1,0.21781531,0.19989389,0.081702486,0.033985157,2.6540858e-06,0.011877566,0,0.06175823137164116,0.103843026,0.69675946,0.992137,0.65465975,0,0.14644315838813782,0.81445456,0.26925537,0.007860322,0.33346272,0,0.7917986512184143
TSBD_Healthy_e30ffbbca2,1,0,2,0.8615111,0.005628168,0.08301133,0.034542147,1.4555872e-06,0.0069061145,0,0.06175823137164116,0.097734,0.09191892,7.449294e-05,0.02495412,0,0.14644315838813782,0.8192547,0.8735389,0.99992406,0.9681397,0,0.7917986512184143
TSBD_Healthy_33ee2c0488,0,0,1,0.10878988,0.30514336,0.07579196,0.1926985,0.0013956847,0.096165136,0,0.06175823137164116,0.1641889,0.7585608,0.99860114,0.8694434,0,0.14644315838813782,0.76001906,0.048740733,3.184671e-06,0.034391396,0,0.7917986512184143
TSBD_Healthy_cf66e36f26,1,0,2,0.8639483,0.006837991,0.085156195,0.045634877,3.4460415e-06,0.009355839,0,0.06175823137164116,0.09423453,0.053365245,5.232283e-06,0.0113067385,0,0.14644315838813782,0.8206093,0.9009999,0.9999913,0.97933745,0,0.7917986512184143
TSBD_Healthy_198c19a2fa,1,0,2,0.8629918,0.007017211,0.07914107,0.04516055,3.3652032e-06,0.009032294,0,0.06175823137164116,0.10058706,0.05323374,5.287189e-06,0.01157797,0,0.14644315838813782,0.8202718,0.9016057,0.9999914,0.97938967,0,0.7917986512184143
TSBD_Healthy_0f0af1a35d,0,0,1,0.21280034,0.2057235,0.07263609,0.038535513,3.0837232e-06,0.012503179,0,0.06175823137164116,0.14412118,0.754631,0.9981079,0.76654094,0,0.14644315838813782,0.78324276,0.20683353,0.001889033,0.2209559,0,0.7917986512184143
TSBD_Healthy_24a755565d,0,0,1,0.17610875,0.23579542,0.08040355,0.034347847,2.022553e-06,0.012131572,0,0.06175823137164116,0.10298318,0.7490245,0.9975242,0.72863847,0,0.14644315838813782,0.8166133,0.21662766,0.0024737758,0.25922993,0,0.7917986512184143
TSBD_Healthy_00488f3c0b,1,1,1,0.82455045,0.009948947,0.094305634,0.06637246,1.1904566e-05,0.015054836,0,0.06175823137164116,0.77877706,0.87833583,0.999985,0.9731753,1,0.14644315838813782,0.12691727,0.05529173,3.118616e-06,0.011769888,0,0.7917986512184143
TSBD_Healthy_7f10feedf0,1,1,0,0.8133667,0.015483519,0.8010713,0.9155492,0.9999871,0.9786558,1,0.06175823137164116,0.06643705,0.04210261,6.0316074e-06,0.009256756,0,0.14644315838813782,0.13249171,0.042348128,6.7532505e-06,0.012087411,0,0.7917986512184143
TSBD_Healthy_083843a5b2,1,1,0,0.86049247,0.008835436,0.829208,0.91690993,0.9999877,0.9800778,1,0.06175823137164116,0.0881024,0.042448826,6.3978055e-06,0.010260623,0,0.14644315838813782,0.082689576,0.04064126,5.835905e-06,0.009661556,0,0.7917986512184143
TSBD_Healthy_846b819a49,1,1,1,0.59693694,0.04544097,0.05758984,0.042484067,2.4154758e-06,0.008110708,0,0.06175823137164116,0.6122804,0.862078,0.99996233,0.9551261,1,0.14644315838813782,0.3301297,0.095437944,3.5222358e-05,0.03676319,0,0.7917986512184143
TSBD_Healthy_ef882f9638,1,0,2,0.8598164,0.0029727735,0.08430054,0.04734093,6.9010403e-06,0.011009486,0,0.06175823137164116,0.10479706,0.12052843,0.00027315458,0.037755575,0,0.14644315838813782,0.81090236,0.8321307,0.9997199,0.9512349,0,0.7917986512184143
TSBD_Healthy_f510479194,0,0,1,0.10685334,0.3165557,0.07358177,0.05114362,4.5426136e-06,0.017643243,0,0.06175823137164116,0.1370898,0.86832696,0.9999796,0.91864777,0,0.14644315838813782,0.7893284,0.08052941,1.5792275e-05,0.06370893,0,0.7917986512184143
TSBD_Healthy_78ac2c01e9,0,0,1,0.23038088,0.19154081,0.056560945,0.052569807,6.1940036e-06,0.013729415,0,0.06175823137164116,0.27663973,0.8454184,0.99994195,0.9191632,0,0.14644315838813782,0.66679937,0.102011815,5.1840496e-05,0.06710737,0,0.7917986512184143
TSBD_Healthy_aa968b53a4,1,0,2,0.8446701,0.008569231,0.07971127,0.0752252,2.5154268e-05,0.017175097,0,0.06175823137164116,0.10976275,0.04222843,1.958974e-06,0.008891368,0,0.14644315838813782,0.81052595,0.8825464,0.99997294,0.9739336,0,0.7917986512184143
TSBD_Healthy_d6be26c310,1,0,2,0.71987283,0.019433504,0.06700062,0.028215364,2.331576e-06,0.0063080466,0,0.06175823137164116,0.12584162,0.27048948,0.027910093,0.14225821,0,0.14644315838813782,0.80715775,0.70129514,0.97208756,0.85143375,0,0.7917986512184143
TSBD_Healthy_8d0baa1858,0,0,1,0.10543746,0.31897524,0.07850961,0.04260266,2.42749e-06,0.0155047225,0,0.06175823137164116,0.106848136,0.848459,0.9999323,0.8808652,0,0.14644315838813782,0.8146423,0.108938366,6.5277774e-05,0.10363008,0,0.7917986512184143
TSBD_Healthy_9a86700e7b,1,0,2,0.8365913,0.0053507364,0.0681497,0.028770484,1.2298716e-06,0.0057446817,0,0.06175823137164116,0.12491928,0.16250397,0.001429366,0.06350283,0,0.14644315838813782,0.80693096,0.8087256,0.99856937,0.9307525,0,0.7917986512184143
TSBD_Healthy_8de20870d1,1,0,2,0.8622173,0.00689084,0.07658191,0.040154666,2.124829e-06,0.0077322004,0,0.06175823137164116,0.10526738,0.060606614,9.463019e-06,0.014023475,0,0.14644315838813782,0.81815076,0.89923877,0.99998844,0.9782443,0,0.7917986512184143
TSBD_Healthy_2125dc16c6,0,0,1,0.24247918,0.18488105,0.06078461,0.036764894,2.9356233e-06,0.01091693,0,0.06175823137164116,0.1581862,0.73862934,0.9972082,0.7517021,0,0.14644315838813782,0.78102916,0.22460575,0.002788865,0.23738106,0,0.7917986512184143
TSBD_Healthy_f1a3293d1d,1,0,2,0.8454366,0.0034227148,0.061868455,0.02807741,1.0366315e-06,0.005333898,0,0.06175823137164116,0.14966978,0.15043913,0.0009357574,0.060323533,0,0.14644315838813782,0.78846174,0.82148355,0.9990632,0.93434256,0,0.7917986512184143
TSBD_Healthy_db02ad0e48,0,0,1,0.381267,0.09811474,0.061452255,0.02942651,3.6622337e-06,0.00798811,0,0.06175823137164116,0.14755034,0.5612247,0.8883611,0.4883516,0,0.14644315838813782,0.79099745,0.40934873,0.11163528,0.50366026,0,0.7917986512184143
TSBD_Healthy_6e62793bdf,1,0,2,0.86322844,0.006599161,0.07335751,0.03816007,1.8156064e-06,0.0072132917,0,0.06175823137164116,0.10868489,0.06446799,1.3134887e-05,0.015568576,0,0.14644315838813782,0.8179576,0.89737195,0.9999851,0.97721815,0,0.7917986512184143
TSBD_Healthy_097e8db62c,1,0,2,0.8632023,0.004836303,0.07120372,0.031711463,1.0547977e-06,0.005913105,0,0.06175823137164116,0.115886845,0.09663691,9.067415e-05,0.028215094,0,0.14644315838813782,0.8129095,0.87165165,0.9999082,0.9658718,0,0.7917986512184143
TSBD_Healthy_9a88507804,1,0,2,0.8334519,0.00320776,0.0607081,0.028657697,1.2590291e-06,0.0055544255,0,0.06175823137164116,0.1597618,0.17765073,0.0022543806,0.07922517,0,0.14644315838813782,0.7795301,0.7936916,0.9977443,0.91522044,0,0.7917986512184143
TSBD_Healthy_d3268932b8,0,0,1,0.51614887,0.041353565,0.05311151,0.031592164,5.414106e-06,0.0076446,0,0.06175823137164116,0.26016837,0.5395937,0.848537,0.52302915,0,0.14644315838813782,0.6867201,0.42881414,0.15145761,0.4693262,0,0.7917986512184143
TSBD_Healthy_7ef69613b9,1,0,2,0.71214217,0.024364147,0.08305578,0.028582666,1.978324e-06,0.0067037335,0,0.06175823137164116,0.09779892,0.24359798,0.013855123,0.10938907,0,0.14644315838813782,0.81914526,0.7278194,0.98614293,0.8839072,0,0.7917986512184143
TSBD_Healthy_ddc759b323,1,0,2,0.6651007,0.020953964,0.059298787,0.026855187,2.6163273e-06,0.0059344918,0,0.06175823137164116,0.1662581,0.33524325,0.094426006,0.21623236,0,0.14644315838813782,0.7744431,0.6379016,0.90557146,0.7778331,0,0.7917986512184143
TSBD_Healthy_cb4b1d8b67,1,0,2,0.7981934,0.0031331433,0.057984084,0.031624053,2.9175005e-06,0.0066966843,0,0.06175823137164116,0.19305538,0.23679477,0.011860276,0.13303524,0,0.14644315838813782,0.7489605,0.73158115,0.98813677,0.8602681,0,0.7917986512184143
TSBD_Healthy_886fdcfd30,1,1,0,0.7896466,0.01919788,0.78851247,0.9167399,0.999987,0.9785556,1,0.06175823137164116,0.07302615,0.045076482,8.561474e-06,0.010634023,0,0.14644315838813782,0.13846146,0.038183708,4.4073545e-06,0.010810327,0,0.7917986512184143
TSBD_Healthy_784f1bc940,1,1,2,0.86417663,0.005997439,0.0793781,0.03468095,1.3595111e-06,0.0067071537,0,0.06175823137164116,0.101255484,0.0772708,3.0940995e-05,0.019567521,0,0.14644315838813782,0.81936634,0.8880483,0.9999677,0.9737254,1,0.7917986512184143
TSBD_Healthy_ba996de886,1,0,2,0.85516936,0.005220257,0.074176386,0.029561343,1.0035048e-06,0.0057533346,0,0.06175823137164116,0.111501426,0.11770274,0.00025659805,0.037449807,0,0.14644315838813782,0.8143222,0.85273594,0.99974245,0.9567969,0,0.7917986512184143
TSBD_Healthy_619dcca295,1,0,2,0.4026294,0.06196142,0.06719501,0.029072968,5.3286853e-06,0.0076433406,0,0.06175823137164116,0.13254443,0.44253036,0.46700937,0.3215044,0,0.14644315838813782,0.80026054,0.52839667,0.53298527,0.6708523,0,0.7917986512184143
TSBD_Healthy_e5fac835da,0,0,1,0.17233756,0.24112281,0.06266856,0.033020303,1.3179737e-06,0.009888697,0,0.06175823137164116,0.13712578,0.795384,0.9993729,0.81646174,0,0.14644315838813782,0.8002056,0.17159566,0.00062579365,0.17364953,0,0.7917986512184143
TSBD_Healthy_7b8508b66d,0,0,1,0.3877804,0.093628675,0.07182617,0.034973282,7.4774466e-06,0.010486041,0,0.06175823137164116,0.1474153,0.5502748,0.8828961,0.48185155,0,0.14644315838813782,0.78075856,0.41475192,0.117096454,0.5076625,0,0.7917986512184143
TSBD_Healthy_1bf9b6920f,1,0,2,0.35051027,0.08131301,0.08756415,0.04021342,2.2014046e-05,0.0132990675,0,0.06175823137164116,0.09852531,0.44526047,0.47710767,0.30119058,0,0.14644315838813782,0.81391054,0.5145261,0.5228703,0.68551034,0,0.7917986512184143
TSBD_Healthy_c2dd44b1c5,1,0,2,0.7562067,0.013637308,0.06902292,0.031079989,2.9480238e-06,0.007047365,0,0.06175823137164116,0.13200182,0.24770269,0.014229988,0.122735225,0,0.14644315838813782,0.7989753,0.7212173,0.9857671,0.87021744,0,0.7917986512184143
TSBD_Healthy_6941b60386,0,0,1,0.12294344,0.29476482,0.06768052,0.04532703,3.2586424e-06,0.014754466,0,0.06175823137164116,0.14432985,0.8568595,0.9999554,0.90338594,0,0.14644315838813782,0.7879896,0.09781347,4.1359275e-05,0.08185954,0,0.7917986512184143
TSBD_Healthy_905510a905,1,0,2,0.64983445,0.03173357,0.07366726,0.027643982,2.5302177e-06,0.0065644956,0,0.06175823137164116,0.11226492,0.3031259,0.049816392,0.1614707,0,0.14644315838813782,0.8140679,0.6692301,0.95018107,0.8319648,0,0.7917986512184143
TSBD_Healthy_9731a208b9,0,0,1,0.28667647,0.15193321,0.072412476,0.030793952,2.9753676e-06,0.009641659,0,0.06175823137164116,0.1134687,0.6269469,0.96367955,0.55391955,0,0.14644315838813782,0.81411886,0.34225914,0.03631749,0.43643877,0,0.7917986512184143
TSBD_Healthy_0dca3c0bc2,1,1,1,0.6410196,0.03967745,0.08668385,0.064637735,1.0368937e-05,0.014792331,0,0.06175823137164116,0.6644925,0.87652415,0.9999857,0.96829313,1,0.14644315838813782,0.24882364,0.058838043,3.9563774e-06,0.016914556,0,0.7917986512184143
TSBD_Healthy_12ac808983,0,0,1,0.2588504,0.16404325,0.090279825,0.18462917,0.0026125934,0.0964671,0,0.06175823137164116,0.20371437,0.65592885,0.9961916,0.7448771,0,0.14644315838813782,0.7060058,0.15944195,0.0011957606,0.15865575,0,0.7917986512184143
TSBD_Healthy_511fba2ceb,0,0,1,0.16700254,0.24592188,0.06671835,0.035627738,1.7407594e-06,0.01115088,0,0.06175823137164116,0.1348952,0.79845816,0.99943393,0.8200379,0,0.14644315838813782,0.7983865,0.16591406,0.00056434184,0.16881123,0,0.7917986512184143
TSBD_Healthy_549679688a,1,0,2,0.8630732,0.0070698876,0.079709575,0.046372306,3.5427474e-06,0.009257311,0,0.06175823137164116,0.09943379,0.0514598,4.3637833e-06,0.01092803,0,0.14644315838813782,0.82085663,0.9021678,0.999992,0.97981465,0,0.7917986512184143
TSBD_Healthy_708f7d8e32,1,0,2,0.86343575,0.0070714513,0.07959055,0.047762975,3.9385186e-06,0.0095745325,0,0.06175823137164116,0.098757945,0.049777526,3.7058849e-06,0.010392072,0,0.14644315838813782,0.82165146,0.90245944,0.9999924,0.98003334,0,0.7917986512184143
TSBD_Healthy_30a7ad7ba3,1,0,2,0.86212516,0.006986634,0.07505069,0.040870544,2.3306409e-06,0.007880705,0,0.06175823137164116,0.10639021,0.058905326,8.396202e-06,0.013563229,0,0.14644315838813782,0.81855905,0.90022415,0.9999893,0.9785561,0,0.7917986512184143
TSBD_Healthy_dad4aa07c4,1,0,2,0.8617826,0.00723592,0.077873774,0.04553746,3.308899e-06,0.008986566,0,0.06175823137164116,0.102234684,0.052287865,4.732733e-06,0.011299695,0,0.14644315838813782,0.8198916,0.9021747,0.9999919,0.97971374,0,0.7917986512184143
TSBD_Healthy_8eff6e388b,1,0,2,0.6764824,0.023988329,0.06284401,0.0261722,2.2114125e-06,0.005845374,0,0.06175823137164116,0.13766462,0.30964917,0.058041286,0.17893054,0,0.14644315838813782,0.79949147,0.6641786,0.9419564,0.8152241,0,0.7917986512184143
TSBD_Healthy_fec7f36a5c,1,0,2,0.68545127,0.013984673,0.05894093,0.028999753,3.834713e-06,0.0065913755,0,0.06175823137164116,0.19588692,0.33502778,0.10111126,0.23118216,0,0.14644315838813782,0.74517214,0.6359725,0.8988849,0.76222646,0,0.7917986512184143
TSBD_Healthy_1cf19a1878,1,0,2,0.8594094,0.007151911,0.07342344,0.03911448,1.955694e-06,0.007413548,0,0.06175823137164116,0.11138666,0.06248965,1.1005476e-05,0.014962317,0,0.14644315838813782,0.81518996,0.8983959,0.9999871,0.9776241,0,0.7917986512184143
TSBD_Healthy_0fbc0f2310,1,0,2,0.8604258,0.0074113216,0.08038498,0.050394457,4.810263e-06,0.010256197,0,0.06175823137164116,0.10019929,0.04800688,3.0783976e-06,0.009913415,0,0.14644315838813782,0.81941575,0.90159863,0.99999213,0.97983044,0,0.7917986512184143
TSBD_Healthy_24a6f36a78,1,0,2,0.7972046,0.010382049,0.06944982,0.027052736,1.1767867e-06,0.0055476525,0,0.06175823137164116,0.119006604,0.20103085,0.004582782,0.08630458,0,0.14644315838813782,0.8115435,0.77191633,0.99541605,0.90814775,0,0.7917986512184143
TSBD_Healthy_7bca399e6d,0,0,1,0.36019766,0.096929416,0.06973803,0.029904533,5.1902284e-06,0.008602128,0,0.06175823137164116,0.120996766,0.5199318,0.771798,0.40824422,0,0.14644315838813782,0.80926526,0.45016366,0.22819674,0.5831536,0,0.7917986512184143
TSBD_Healthy_06733b9af0,1,0,2,0.8604547,0.0070676412,0.07126399,0.038738064,1.8924424e-06,0.0072524487,0,0.06175823137164116,0.112403795,0.06236162,1.0976118e-05,0.0149792265,0,0.14644315838813782,0.81633216,0.8989002,0.9999871,0.9777683,0,0.7917986512184143
TSBD_Healthy_2e5b036845,0,0,1,0.32097346,0.13860859,0.052036554,0.032689936,1.5502612e-06,0.00781888,0,0.06175823137164116,0.25614703,0.7655872,0.9985291,0.81942683,0,0.14644315838813782,0.69181645,0.2017229,0.0014693168,0.17275433,0,0.7917986512184143
TSBD_Healthy_363f51fde7,0,0,1,0.2927731,0.1466208,0.05661812,0.056339428,6.4505875e-06,0.012799537,0,0.06175823137164116,0.40407902,0.8735732,0.9999851,0.9543794,0,0.14644315838813782,0.5393029,0.07008738,8.472137e-06,0.032821048,0,0.7917986512184143
TSBD_Healthy_c6ac85b839,0,0,1,0.2959133,0.15202662,0.056673042,0.03163304,1.8313889e-06,0.008446059,0,0.06175823137164116,0.19248918,0.72498584,0.99564445,0.7441561,0,0.14644315838813782,0.75083774,0.2433811,0.004353759,0.2473978,0,0.7917986512184143
TSBD_Healthy_ddbacc20a2,1,0,2,0.86350775,0.0067032995,0.07649126,0.039261866,1.9930765e-06,0.0075499564,0,0.06175823137164116,0.10434735,0.06194677,1.0866827e-05,0.014507284,0,0.14644315838813782,0.8191614,0.8987914,0.9999871,0.97794276,0,0.7917986512184143
TSBD_Healthy_8643328d51,1,0,2,0.83155775,0.0109087955,0.062784664,0.039398327,2.0279454e-06,0.007144196,0,0.06175823137164116,0.14141645,0.061865874,1.0626829e-05,0.016197093,0,0.14644315838813782,0.7957989,0.89873576,0.99998736,0.9766587,0,0.7917986512184143
TSBD_Healthy_006fc27c69,1,0,2,0.862959,0.007067995,0.081622496,0.047539357,3.9389115e-06,0.009642962,0,0.06175823137164116,0.09771641,0.05047013,4.0030127e-06,0.01058423,0,0.14644315838813782,0.8206612,0.9019905,0.999992,0.9797728,0,0.7917986512184143
TSBD_Healthy_33406626c7,1,0,2,0.80288297,0.008142188,0.06505604,0.02692001,1.2866254e-06,0.005505334,0,0.06175823137164116,0.13493098,0.20753567,0.0054831253,0.09478623,0,0.14644315838813782,0.80001295,0.7655443,0.9945156,0.8997084,0,0.7917986512184143
TSBD_Healthy_b06da16348,1,0,2,0.86164916,0.0072433343,0.08073636,0.048054095,4.0819264e-06,0.00972559,0,0.06175823137164116,0.09943099,0.04999191,3.8041787e-06,0.010499768,0,0.14644315838813782,0.8198326,0.901954,0.99999213,0.9797746,0,0.7917986512184143
TSBD_Healthy_06f251fee4,1,0,2,0.8601223,0.0073069707,0.078552544,0.044280306,3.0327851e-06,0.008756629,0,0.06175823137164116,0.103982724,0.054806132,5.830413e-06,0.012117614,0,0.14644315838813782,0.81746465,0.90091354,0.9999912,0.9791258,0,0.7917986512184143
TSBD_Healthy_4ac4f94767,1,0,2,0.86302984,0.0069900006,0.08866079,0.050754577,4.926326e-06,0.010695914,0,0.06175823137164116,0.091172256,0.0478964,3.05693e-06,0.009565083,0,0.14644315838813782,0.820167,0.901349,0.999992,0.979739,0,0.7917986512184143
TSBD_Healthy_e7cd92f08f,1,0,2,0.862841,0.0071290834,0.07880478,0.04614977,3.4694178e-06,0.009161464,0,0.06175823137164116,0.10027602,0.051411837,4.310815e-06,0.010928314,0,0.14644315838813782,0.8209192,0.9024384,0.99999225,0.9799102,0,0.7917986512184143
TSBD_Healthy_1597a65755,1,0,2,0.86036277,0.007401172,0.07581003,0.04496473,3.2016667e-06,0.008797245,0,0.06175823137164116,0.10543646,0.053088285,5.129993e-06,0.0116921505,0,0.14644315838813782,0.81875354,0.90194696,0.99999166,0.97951066,0,0.7917986512184143
TSBD_Healthy_a8ea0e137d,1,0,2,0.85716873,0.007502404,0.07478174,0.041376825,2.4220883e-06,0.007991403,0,0.06175823137164116,0.11137731,0.05947877,8.908126e-06,0.014035084,0,0.14644315838813782,0.81384087,0.8991444,0.9999887,0.97797346,0,0.7917986512184143
TSBD_Healthy_fafc24f635,1,0,2,0.8627625,0.0070639523,0.07936181,0.044718187,3.1522338e-06,0.008884556,0,0.06175823137164116,0.10045274,0.053457182,5.3390963e-06,0.011617509,0,0.14644315838813782,0.8201854,0.90182465,0.99999154,0.9794979,0,0.7917986512184143
TSBD_Healthy_7c877797f5,1,0,2,0.8606294,0.007388437,0.08055739,0.048649617,4.23722e-06,0.009847877,0,0.06175823137164116,0.10017467,0.049361642,3.574213e-06,0.010340238,0,0.14644315838813782,0.8192679,0.90198874,0.99999213,0.97981185,0,0.7917986512184143
TSBD_Healthy_d249c82c7a,1,0,2,0.86379814,0.006980447,0.08318424,0.047839746,4.024587e-06,0.009773609,0,0.06175823137164116,0.095416136,0.049930595,3.803337e-06,0.010336105,0,0.14644315838813782,0.82139957,0.9022296,0.99999213,0.9798903,0,0.7917986512184143
TSBD_Healthy_1dafd9bcec,1,0,2,0.8560941,0.0073102443,0.06770112,0.036556527,1.5889838e-06,0.0067157596,0,0.06175823137164116,0.12156715,0.06768444,1.6424914e-05,0.017351411,0,0.14644315838813782,0.81073165,0.89575905,0.999982,0.9759328,0,0.7917986512184143
TSBD_Healthy_727f8ba7d1,1,0,2,0.8568387,0.007863996,0.07383109,0.04585117,3.4514924e-06,0.008934938,0,0.06175823137164116,0.10967614,0.052465,4.85666e-06,0.01167473,0,0.14644315838813782,0.8164928,0.9016838,0.99999166,0.9793903,0,0.7917986512184143
TSBD_Healthy_578fae46e9,0,0,2,0.37722835,0.076267965,0.06558675,0.027370177,4.2630472e-06,0.0073068147,0,0.06175823137164116,0.13189678,0.4824895,0.62732667,0.3666687,0,0.14644315838813782,0.8025165,0.4901403,0.37266904,0.6260245,0,0.7917986512184143
TSBD_Healthy_d1980c5cf7,1,0,2,0.8615416,0.0073026326,0.076479845,0.04584506,3.3960762e-06,0.009003124,0,0.06175823137164116,0.10341722,0.051766194,4.4538774e-06,0.011157081,0,0.14644315838813782,0.820103,0.9023887,0.99999225,0.9798398,0,0.7917986512184143
TSBD_Healthy_5f95d3f8a2,1,0,2,0.8603209,0.0072904816,0.092383906,0.050310258,4.7473163e-06,0.010739745,0,0.06175823137164116,0.089980796,0.04863818,3.2177627e-06,0.009696243,0,0.14644315838813782,0.81763524,0.9010516,0.999992,0.979564,0,0.7917986512184143
TSBD_Healthy_ef7cbd4127,1,0,2,0.831262,0.011105829,0.064359106,0.041248582,2.361778e-06,0.0075819907,0,0.06175823137164116,0.13856208,0.058878455,8.313363e-06,0.014969224,0,0.14644315838813782,0.7970789,0.8998729,0.9999893,0.9774488,0,0.7917986512184143
TSBD_Healthy_63b700da46,1,0,2,0.8418898,0.009549783,0.06718283,0.0397546,2.0284274e-06,0.0073256562,0,0.06175823137164116,0.12981284,0.060745213,9.523641e-06,0.015210798,0,0.14644315838813782,0.8030044,0.89950013,0.99998844,0.97746354,0,0.7917986512184143
TSBD_Healthy_076f98de26,1,0,2,0.8637209,0.00692637,0.078656785,0.042645324,2.669642e-06,0.008383456,0,0.06175823137164116,0.10053522,0.05569154,6.400499e-06,0.012269923,0,0.14644315838813782,0.82080793,0.9016632,0.99999094,0.97934663,0,0.7917986512184143
TSBD_Healthy_e3f6aa3d79,1,0,2,0.86331767,0.0070510134,0.08153448,0.046701297,3.7120915e-06,0.009447018,0,0.06175823137164116,0.097388856,0.05094682,4.189912e-06,0.010710882,0,0.14644315838813782,0.82107663,0.9023519,0.99999213,0.97984207,0,0.7917986512184143
TSBD_Healthy_da00d5de9a,1,0,2,0.8632873,0.0070372755,0.08180211,0.047466222,3.8297553e-06,0.009588831,0,0.06175823137164116,0.097219884,0.05041684,3.943908e-06,0.010528077,0,0.14644315838813782,0.820978,0.90211695,0.99999225,0.97988313,0,0.7917986512184143
TSBD_Healthy_1fc6860580,1,1,2,0.8649471,0.0059731477,0.07608607,0.03445281,1.3357901e-06,0.0065633245,0,0.06175823137164116,0.10479533,0.07528823,2.7252001e-05,0.019076334,0,0.14644315838813782,0.81911856,0.890259,0.9999714,0.97436035,1,0.7917986512184143
TSBD_Healthy_93437b01b9,1,0,2,0.86212975,0.007175478,0.07996978,0.046536077,3.62553e-06,0.009328669,0,0.06175823137164116,0.10000431,0.051437452,4.357429e-06,0.010948232,0,0.14644315838813782,0.82002586,0.9020265,0.999992,0.9797231,0,0.7917986512184143
TSBD_Healthy_d7b2fef984,1,0,2,0.8625514,0.007156399,0.07809092,0.046843924,3.650421e-06,0.009289568,0,0.06175823137164116,0.101149306,0.050958056,4.0911086e-06,0.010806221,0,0.14644315838813782,0.8207598,0.9021981,0.99999225,0.97990423,0,0.7917986512184143
TSBD_Healthy_6499b6d7a1,0,0,1,0.54507273,0.040360443,0.05196124,0.029298972,2.6599168e-06,0.0067137578,0,0.06175823137164116,0.33895737,0.6208978,0.9599182,0.6611154,0,0.14644315838813782,0.60908145,0.3498032,0.04007916,0.33217078,0,0.7917986512184143
TSBD_Healthy_b2c3637e41,1,0,2,0.8564608,0.0070014037,0.072935395,0.03697348,1.7852886e-06,0.007097438,0,0.06175823137164116,0.11749863,0.070351854,2.0119773e-05,0.018184071,0,0.14644315838813782,0.809566,0.8926746,0.99997807,0.9747185,0,0.7917986512184143
TSBD_Healthy_ca0105e4b8,1,0,2,0.8634204,0.0069809854,0.08587633,0.049780447,4.686901e-06,0.01037708,0,0.06175823137164116,0.09331839,0.04851061,3.2951443e-06,0.00984138,0,0.14644315838813782,0.8208053,0.9017089,0.999992,0.97978157,0,0.7917986512184143
TSBD_Healthy_efb3b53d28,0,0,2,0.3153624,0.1292853,0.071275644,0.0656215,1.5555739e-05,0.01700029,0,0.06175823137164116,0.4733402,0.054903433,6.2293575e-06,0.025345273,0,0.14644315838813782,0.45538417,0.87947506,0.9999783,0.9576545,0,0.7917986512184143
TSBD_Healthy_b6298539e0,1,0,2,0.86382776,0.006935619,0.08366233,0.04715101,3.878816e-06,0.009659354,0,0.06175823137164116,0.095264174,0.050976966,4.174488e-06,0.010624691,0,0.14644315838813782,0.8210735,0.9018721,0.9999919,0.979716,0,0.7917986512184143
TSBD_Healthy_32b15941da,0,0,1,0.1609636,0.2517052,0.05929448,0.044716448,3.163698e-06,0.012839259,0,0.06175823137164116,0.18226087,0.8444555,0.99992156,0.8983201,0,0.14644315838813782,0.7584447,0.11082802,7.525773e-05,0.088840626,0,0.7917986512184143
TSBD_Healthy_0d4ffdc7b0,0,0,1,0.19546509,0.2190927,0.054210883,0.04402154,2.5878528e-06,0.010796563,0,0.06175823137164116,0.25686094,0.8670828,0.99997246,0.9324751,0,0.14644315838813782,0.6889282,0.08889571,2.4924275e-05,0.056728292,0,0.7917986512184143
TSBD_Healthy_b36f28e306,1,0,2,0.8605226,0.0067611313,0.09003916,0.039444912,2.098866e-06,0.008110295,0,0.06175823137164116,0.09219858,0.06849492,1.6342192e-05,0.015803551,0,0.14644315838813782,0.8177623,0.89206016,0.9999815,0.9760862,0,0.7917986512184143
TSBD_Healthy_68a56d28bf,1,0,2,0.8347608,0.01080712,0.06743137,0.04341726,2.7488916e-06,0.008118354,0,0.06175823137164116,0.13150175,0.055238545,5.995914e-06,0.0133595755,0,0.14644315838813782,0.8010668,0.9013441,0.9999913,0.9785221,0,0.7917986512184143
TSBD_Healthy_b7798ab5f8,1,0,2,0.86049205,0.0049164356,0.07118557,0.029224154,9.0602714e-07,0.0055226716,0,0.06175823137164116,0.11414184,0.10773096,0.00016556607,0.03320881,0,0.14644315838813782,0.8146726,0.86304486,0.99983346,0.9612685,0,0.7917986512184143
TSBD_Healthy_2a0f79d223,0,0,1,0.35023776,0.106902674,0.07191847,0.030137105,4.825648e-06,0.0089339,0,0.06175823137164116,0.11793271,0.53893346,0.83470637,0.43391988,0,0.14644315838813782,0.8101488,0.43092942,0.16528882,0.55714625,0,0.7917986512184143
TSBD_Healthy_8fc6471a64,1,0,2,0.8531246,0.008402561,0.07471559,0.048905943,4.3639584e-06,0.009689413,0,0.06175823137164116,0.11049902,0.049561433,3.6297886e-06,0.010774103,0,0.14644315838813782,0.81478536,0.90153253,0.999992,0.9795364,0,0.7917986512184143
TSBD_Healthy_78bf1afa4b,1,0,2,0.66825753,0.021398772,0.062291667,0.03146329,5.1587535e-06,0.0074643972,0,0.06175823137164116,0.15789542,0.32893577,0.082086354,0.20578173,0,0.14644315838813782,0.779813,0.63960093,0.9179085,0.7867539,0,0.7917986512184143
TSBD_Healthy_d63c012f3e,1,0,2,0.86141723,0.0069963457,0.08514456,0.041858703,2.5240734e-06,0.008465216,0,0.06175823137164116,0.09688109,0.05931586,8.5941865e-06,0.013237639,0,0.14644315838813782,0.8179743,0.89882547,0.9999889,0.9782972,0,0.7917986512184143
TSBD_Healthy_05ab09d318,1,0,2,0.8636848,0.006989225,0.081960045,0.047901813,3.9808383e-06,0.009708726,0,0.06175823137164116,0.09670345,0.049996372,3.7474488e-06,0.010361492,0,0.14644315838813782,0.8213365,0.9021018,0.9999924,0.9799298,0,0.7917986512184143
TSBD_Healthy_18405215f8,1,1,2,0.8640716,0.006910286,0.085873276,0.049097132,4.3662485e-06,0.010165429,0,0.06175823137164116,0.09278239,0.04902171,3.4227637e-06,0.009941265,0,0.14644315838813782,0.8213443,0.9018812,0.99999213,0.9798933,1,0.7917986512184143
TSBD_Healthy_fe721e6a35,1,0,2,0.8630664,0.0070003746,0.084390536,0.048622392,4.2529146e-06,0.010011031,0,0.06175823137164116,0.095291026,0.049893595,3.746936e-06,0.010303532,0,0.14644315838813782,0.8203184,0.90148413,0.999992,0.9796855,0,0.7917986512184143
TSBD_Healthy_8a0b6768d9,0,0,1,0.29755265,0.14996946,0.059474703,0.030832676,1.9939584e-06,0.008563171,0,0.06175823137164116,0.16063501,0.68519914,0.98959875,0.6743318,0,0.14644315838813782,0.77989036,0.28396812,0.010399206,0.3171051,0,0.7917986512184143
TSBD_Healthy_fdb9e6ae23,1,1,2,0.8639684,0.0068724304,0.07798842,0.04118279,2.3284972e-06,0.008005619,0,0.06175823137164116,0.10110854,0.05745554,7.403725e-06,0.01283549,0,0.14644315838813782,0.82090306,0.9013616,0.9999902,0.9791589,1,0.7917986512184143
TSBD_Healthy_4c66cb7f58,1,0,2,0.83525765,0.003193771,0.05777756,0.02621612,8.9263693e-07,0.004904895,0,0.06175823137164116,0.16888048,0.16918282,0.001724798,0.07503849,0,0.14644315838813782,0.77334195,0.8046011,0.9982742,0.9200567,0,0.7917986512184143
TSBD_Healthy_f5058ddf56,0,0,1,0.118139766,0.30070418,0.061067224,0.052901275,4.9602027e-06,0.016084747,0,0.06175823137164116,0.16824846,0.8753895,0.99998546,0.9328113,0,0.14644315838813782,0.7706843,0.07170919,9.584806e-06,0.051103856,0,0.7917986512184143
TSBD_Healthy_69e2554f5f,0,0,1,0.17510143,0.23809162,0.067145415,0.031747416,1.2797717e-06,0.009953347,0,0.06175823137164116,0.12213755,0.77545387,0.9988065,0.77967167,0,0.14644315838813782,0.810717,0.1927987,0.0011922702,0.21037503,0,0.7917986512184143
TSBD_Healthy_d4f8817d0f,1,0,2,0.8550086,0.008171235,0.07240684,0.044940855,3.1475433e-06,0.008635963,0,0.06175823137164116,0.1119446,0.05268562,4.791327e-06,0.011751911,0,0.14644315838813782,0.81564856,0.90237355,0.99999213,0.9796121,0,0.7917986512184143
TSBD_Healthy_75d585858d,1,0,2,0.863036,0.0057453047,0.07738249,0.03130913,1.007668e-06,0.0059795068,0,0.06175823137164116,0.10216601,0.089738294,6.4978514e-05,0.024354333,0,0.14644315838813782,0.8204515,0.8789526,0.9999341,0.9696661,0,0.7917986512184143
TSBD_Healthy_cb3a9d790a,0,0,1,0.2584825,0.1736261,0.062188752,0.029532919,1.5166984e-06,0.008493817,0,0.06175823137164116,0.14303736,0.7050518,0.99294645,0.6902047,0,0.14644315838813782,0.7947739,0.26541534,0.0070520714,0.30130145,0,0.7917986512184143
TSBD_Healthy_2c254df731,1,0,2,0.8591147,0.0073755356,0.08393588,0.042361442,2.547272e-06,0.008488338,0,0.06175823137164116,0.09966956,0.057476655,7.126574e-06,0.012703788,0,0.14644315838813782,0.8163945,0.9001619,0.99999034,0.97880787,0,0.7917986512184143
TSBD_Healthy_4e4bdff12a,1,0,2,0.8262212,0.003396523,0.05925002,0.026348863,9.4639324e-07,0.00501828,0,0.06175823137164116,0.17429201,0.18399604,0.0026089435,0.085597396,0,0.14644315838813782,0.766458,0.78965515,0.9973901,0.9093843,0,0.7917986512184143
TSBD_WSSV_ffd2411af1,1,0,2,0.8498102,0.00883585,0.072347745,0.04708549,3.7951947e-06,0.009166846,0,0.06175823137164116,0.115396455,0.051294245,4.308417e-06,0.0115063405,0,0.14644315838813782,0.81225586,0.90162027,0.9999919,0.9793268,0,0.7917986512184143
TSBD_WSSV_c6b9dfd6bd,1,0,2,0.8626227,0.0068561016,0.0834437,0.042871617,2.7290203e-06,0.008628696,0,0.06175823137164116,0.09784389,0.057864815,7.347472e-06,0.012728608,0,0.14644315838813782,0.8187125,0.8992635,0.99998987,0.97864264,0,0.7917986512184143
TSBD_WSSV_258e8224d8,1,0,2,0.86348426,0.0070039723,0.08276282,0.049545687,4.531097e-06,0.010151993,0,0.06175823137164116,0.09599377,0.048612412,3.2700418e-06,0.00993225,0,0.14644315838813782,0.8212434,0.90184194,0.99999225,0.97991574,0,0.7917986512184143
TSBD_WSSV_7759b4323e,0,0,1,0.095060475,0.33485976,0.06680161,0.06353965,1.042678e-05,0.022544747,0,0.06175823137164116,0.13505933,0.87193304,0.9999839,0.9295427,0,0.14644315838813782,0.79813904,0.064527325,5.6864096e-06,0.047912568,0,0.7917986512184143
TSBD_WSSV_20ac0fab2b,0,0,1,0.075205855,0.36613417,0.15620513,0.09777387,6.654773e-05,0.062464517,0,0.06175823137164116,0.07833564,0.8415212,0.99992824,0.88465077,0,0.14644315838813782,0.76545924,0.06070494,5.241652e-06,0.052884724,0,0.7917986512184143
TSBD_WSSV_73ccea8db5,1,0,2,0.7882471,0.01283678,0.08274538,0.030523602,1.9571676e-06,0.0069296258,0,0.06175823137164116,0.10326642,0.18919462,0.0031790591,0.07465211,0,0.14644315838813782,0.81398815,0.78028184,0.996819,0.9184182,0,0.7917986512184143
TSBD_WSSV_2ca61b4065,1,1,1,0.8079946,0.0114550665,0.10981996,0.0767886,2.2178003e-05,0.019352317,0,0.06175823137164116,0.76189524,0.8706395,0.9999752,0.9694264,1,0.14644315838813782,0.12828478,0.05257194,2.5976788e-06,0.011221324,0,0.7917986512184143
TSBD_WSSV_0168d43459,0,0,0,0.28299132,0.14213036,0.097365975,0.5748633,0.87469196,0.45280272,0,0.06175823137164116,0.12919132,0.10080906,0.0009094164,0.057816315,0,0.14644315838813782,0.7734427,0.3243277,0.124398574,0.48938102,0,0.7917986512184143
TSBD_WSSV_a270f6228b,0,0,0,0.21051952,0.15451725,0.20366175,0.5972936,0.7605245,0.5545581,0,0.06175823137164116,0.34479868,0.36575058,0.23946775,0.42437735,0,0.14644315838813782,0.45153955,0.03695582,7.818906e-06,0.021064514,0,0.7917986512184143
TSBD_WSSV_3868efcb84,0,0,0,0.07219124,0.3694826,0.062617935,0.84393,0.99979645,0.82937336,0,0.06175823137164116,0.21540968,0.08377469,0.00013715641,0.07630839,0,0.14644315838813782,0.72197235,0.07229528,6.639634e-05,0.094318286,0,0.7917986512184143
TSBD_WSSV_98510bdd07,0,0,0,0.17328599,0.23493247,0.3073453,0.916981,0.9999875,0.9597036,0,0.06175823137164116,0.069590405,0.042701278,6.7093056e-06,0.013253566,0,0.14644315838813782,0.62306434,0.040317737,5.8267783e-06,0.027042843,0,0.7917986512184143
TSBD_WSSV_365b81a0b8,0,0,1,0.21393378,0.2000514,0.07420387,0.11922643,0.00046923128,0.057389677,0,0.06175823137164116,0.116365515,0.6642647,0.995272,0.67331743,0,0.14644315838813782,0.80943054,0.21650892,0.004258851,0.26929292,0,0.7917986512184143
TSBD_WSSV_4c515e509e,1,0,2,0.862354,0.005830954,0.07826447,0.034778878,1.4647227e-06,0.0067938315,0,0.06175823137164116,0.10645693,0.08129444,4.1656866e-05,0.021657066,0,0.14644315838813782,0.81527865,0.88392675,0.99995697,0.9715491,0,0.7917986512184143
TSBD_WSSV_d5dc5a32b7,0,0,1,0.13886923,0.27417034,0.071736105,0.06839993,2.2875716e-05,0.02741609,0,0.06175823137164116,0.11698566,0.7946575,0.99972695,0.83128697,0,0.14644315838813782,0.81127816,0.1369426,0.00025013118,0.1412969,0,0.7917986512184143
TSBD_WSSV_84d358870a,1,1,0,0.5568173,0.06233266,0.6553176,0.9164452,0.99998724,0.9739594,1,0.06175823137164116,0.066442095,0.043743987,7.4312484e-06,0.010478922,0,0.14644315838813782,0.2782403,0.039810766,5.4120123e-06,0.015561624,0,0.7917986512184143
TSBD_WSSV_b95089e484,0,0,0,0.06168404,0.40276486,0.1008544,0.9112444,0.99998224,0.9319219,0,0.06175823137164116,0.08769498,0.047652196,1.1240083e-05,0.02407601,0,0.14644315838813782,0.81145066,0.04110343,6.511387e-06,0.044002123,0,0.7917986512184143
TSBD_WSSV_ef2d938994,0,0,0,0.059016097,0.40384436,0.068155035,0.8898446,0.99995935,0.8894874,0,0.06175823137164116,0.18820569,0.05314184,1.7109604e-05,0.03975975,0,0.14644315838813782,0.74363923,0.057013493,2.3536768e-05,0.07075282,0,0.7917986512184143
TSBD_WSSV_32049c3ecf,1,0,2,0.8635508,0.006806097,0.07604612,0.04258261,2.662439e-06,0.008280555,0,0.06175823137164116,0.10425303,0.057237305,7.2547437e-06,0.01290872,0,0.14644315838813782,0.81970084,0.9001801,0.9999901,0.9788107,0,0.7917986512184143
TSBD_WSSV_8b8160f809,1,1,1,0.76642287,0.01776459,0.1469813,0.06312632,9.965296e-06,0.016912187,0,0.06175823137164116,0.7309777,0.8786349,0.99998605,0.9703858,1,0.14644315838813782,0.122040965,0.058238737,3.952981e-06,0.012702019,0,0.7917986512184143
TSBD_WSSV_cdf58b2135,1,0,1,0.60616606,0.0016344273,0.053742398,0.03146457,5.9128665e-06,0.0072415513,0,0.06175823137164116,0.51365435,0.5394223,0.830561,0.6135051,0,0.14644315838813782,0.43260327,0.4291131,0.16943304,0.37925333,0,0.7917986512184143
TSBD_WSSV_aa863186fe,1,0,2,0.8607789,0.0030107345,0.06293427,0.03428409,1.8163629e-06,0.0065722778,0,0.06175823137164116,0.13891551,0.11682852,0.000248823,0.040272716,0,0.14644315838813782,0.7981502,0.84888744,0.99974936,0.953155,0,0.7917986512184143
TSBD_WSSV_dfb2880295,1,0,2,0.8617392,0.004628687,0.066651955,0.029212905,8.5170683e-07,0.005335206,0,0.06175823137164116,0.123199284,0.10416876,0.00013913038,0.032480974,0,0.14644315838813782,0.8101488,0.8666184,0.99986005,0.96218383,0,0.7917986512184143
TSBD_WSSV_baaf0baf99,1,0,2,0.8607694,0.006341391,0.08291271,0.03820936,1.9754943e-06,0.007681792,0,0.06175823137164116,0.10276612,0.072678864,2.3422414e-05,0.018135983,0,0.14644315838813782,0.81432116,0.8891118,0.9999746,0.9741822,0,0.7917986512184143
TSBD_WSSV_24404c91af,1,0,2,0.61563784,0.03398539,0.06864218,0.030250004,4.6834093e-06,0.007470524,0,0.06175823137164116,0.12509082,0.33576754,0.0992271,0.19960786,0,0.14644315838813782,0.80626696,0.6339825,0.90076816,0.7929216,0,0.7917986512184143
TSBD_WSSV_b7563199e4,1,0,2,0.8458185,0.00623638,0.06028361,0.03141437,1.1201148e-06,0.0056653423,0,0.06175823137164116,0.15196414,0.09831192,0.00010349247,0.032348946,0,0.14644315838813782,0.7877522,0.87027365,0.99989545,0.9619857,0,0.7917986512184143
TSBD_WSSV_11a594f754,1,0,2,0.60052645,0.048598822,0.052682962,0.0355514,1.4927989e-06,0.006447373,0,0.06175823137164116,0.30451143,0.073910974,2.4995616e-05,0.029098166,0,0.14644315838813782,0.6428056,0.8905376,0.9999734,0.9644544,0,0.7917986512184143
TSBD_WSSV_fc31d39bad,1,0,2,0.86378765,0.0044928705,0.067933835,0.031581096,1.1337888e-06,0.0058925897,0,0.06175823137164116,0.12125818,0.098712236,0.0001031138,0.029706847,0,0.14644315838813782,0.81080806,0.8697067,0.9998957,0.9644006,0,0.7917986512184143
TSBD_WSSV_d6cd79daa1,1,0,2,0.773501,0.010461902,0.060717247,0.027070474,1.6304631e-06,0.0056086895,0,0.06175823137164116,0.14508682,0.24472773,0.013550522,0.124590635,0,0.14644315838813782,0.79419595,0.72820175,0.9864478,0.8698007,0,0.7917986512184143
TSBD_WSSV_02f81ef95e,1,0,2,0.8484849,0.008809624,0.065676086,0.040777933,2.293178e-06,0.0075157993,0,0.06175823137164116,0.12519017,0.05882112,8.202583e-06,0.014332879,0,0.14644315838813782,0.8091337,0.90040094,0.9999895,0.9781513,0,0.7917986512184143
TSBD_WSSV_3b11acaec9,0,0,1,0.36106816,0.11447019,0.053520534,0.041656233,2.8405816e-06,0.009247252,0,0.06175823137164116,0.3863059,0.82944894,0.9998405,0.9127683,0,0.14644315838813782,0.5601736,0.12889479,0.0001566676,0.077984415,0,0.7917986512184143
TSBD_WSSV_c286bccb7a,1,0,2,0.84692967,0.007861199,0.062605575,0.03463002,1.3463883e-06,0.0061977813,0,0.06175823137164116,0.13818285,0.07581163,2.7691156e-05,0.02129816,0,0.14644315838813782,0.7992115,0.8895583,0.99997103,0.972504,0,0.7917986512184143
TSBD_WSSV_6aa52b5d04,0,0,1,0.23877077,0.17681578,0.055495523,0.12930018,0.00023926553,0.039475154,0,0.06175823137164116,0.37351033,0.8188786,0.9997576,0.93555975,0,0.14644315838813782,0.5709941,0.051821243,3.2042526e-06,0.024965066,0,0.7917986512184143
TSBD_WSSV_78ac1c210b,0,0,1,0.26906136,0.1666427,0.062023222,0.04760983,1.0527226e-05,0.015438585,0,0.06175823137164116,0.15387551,0.70012796,0.9941333,0.70325893,0,0.14644315838813782,0.7841012,0.25226218,0.0058561694,0.28130248,0,0.7917986512184143
TSBD_WSSV_f4df9efeef,1,0,2,0.81622785,0.008519127,0.07323639,0.030319732,1.7101798e-06,0.0064382246,0,0.06175823137164116,0.111089945,0.17745374,0.0021497996,0.06875129,0,0.14644315838813782,0.81567365,0.79222655,0.9978485,0.92481047,0,0.7917986512184143
TSBD_WSSV_e332624690,1,1,2,0.86993074,0.0021567047,0.07045707,0.045037407,4.946947e-06,0.009444093,0,0.06175823137164116,0.12274012,0.10288133,0.00013649667,0.03229478,0,0.14644315838813782,0.80680275,0.85208124,0.9998585,0.95826113,1,0.7917986512184143
TSBD_WSSV_de8ce5aa48,1,0,2,0.68412244,0.025237396,0.06697419,0.026216125,2.053199e-06,0.0059307734,0,0.06175823137164116,0.1223092,0.2917309,0.040766038,0.15671623,0,0.14644315838813782,0.8107166,0.68205297,0.9592319,0.837353,0,0.7917986512184143
TSBD_WSSV_2847167d0b,0,0,1,0.12924325,0.286714,0.057496816,0.049954716,4.273488e-06,0.0146791795,0,0.06175823137164116,0.17309277,0.8678432,0.9999778,0.9247082,0,0.14644315838813782,0.76941043,0.082202084,1.7864848e-05,0.0606126,0,0.7917986512184143
TSBD_WSSV_ea8e971d58,0,0,1,0.104970604,0.31952327,0.07060338,0.056346063,7.949241e-06,0.021040155,0,0.06175823137164116,0.118870415,0.8507413,0.99995935,0.8967833,0,0.14644315838813782,0.8105262,0.0929126,3.274898e-05,0.08217656,0,0.7917986512184143
TSBD_WSSV_2cd19b2879,1,1,2,0.86408395,0.006958361,0.084526904,0.046566058,3.5491469e-06,0.009467898,0,0.06175823137164116,0.09384179,0.05096212,4.090017e-06,0.010521899,0,0.14644315838813782,0.8216314,0.9024719,0.9999924,0.9800102,1,0.7917986512184143
TSBD_WSSV_f00fa9ceb8,1,0,2,0.8583956,0.007704138,0.07419542,0.04536524,3.2784183e-06,0.008811242,0,0.06175823137164116,0.10796742,0.052406754,4.7297012e-06,0.011536927,0,0.14644315838813782,0.8178372,0.90222806,0.9999919,0.9796518,0,0.7917986512184143
TSBD_WSSV_6678622b35,1,0,2,0.8573364,0.007895239,0.07273834,0.045874756,3.4257873e-06,0.008872199,0,0.06175823137164116,0.10954928,0.05165285,4.473108e-06,0.011392824,0,0.14644315838813782,0.8177123,0.9024725,0.999992,0.979735,0,0.7917986512184143
TSBD_WSSV_9ce26c2bf9,1,0,2,0.86130583,0.0072278036,0.074879825,0.044515885,3.1092804e-06,0.008667796,0,0.06175823137164116,0.10602446,0.054076564,5.722475e-06,0.012072028,0,0.14644315838813782,0.8190957,0.9014076,0.9999912,0.9792602,0,0.7917986512184143
TSBD_WSSV_3319ef6f32,1,0,2,0.8468089,0.009192224,0.06783118,0.04321656,2.761938e-06,0.008098084,0,0.06175823137164116,0.12272544,0.05517865,6.1297137e-06,0.013046948,0,0.14644315838813782,0.80944335,0.9016047,0.9999912,0.978855,0,0.7917986512184143
TSBD_WSSV_1bb255e74b,1,0,2,0.86086243,0.007137743,0.07556475,0.04054259,2.1636959e-06,0.007758828,0,0.06175823137164116,0.10693708,0.059303615,8.470485e-06,0.013659914,0,0.14644315838813782,0.8174982,0.9001538,0.9999894,0.97858125,0,0.7917986512184143
TSBD_WSSV_d45bc108bb,1,1,2,0.8666843,0.006016803,0.078216836,0.038299035,1.9186045e-06,0.007467056,0,0.06175823137164116,0.10105399,0.06705346,1.5833954e-05,0.016027436,0,0.14644315838813782,0.8207292,0.8946474,0.99998224,0.9765055,1,0.7917986512184143
TSBD_WSSV_319f7dd222,1,1,2,0.8802491,0.0016290131,0.08571531,0.07309557,3.1599142e-05,0.018185334,0,0.06175823137164116,0.09447728,0.06734389,1.9507625e-05,0.016466616,0,0.14644315838813782,0.81980747,0.85956055,0.99994886,0.965348,1,0.7917986512184143
TSBD_WSSV_72962540b9,1,0,2,0.8526961,0.0062852846,0.12091197,0.08111394,3.2145508e-05,0.02166795,0,0.06175823137164116,0.07940801,0.039712705,1.3354371e-06,0.0071784714,0,0.14644315838813782,0.79968005,0.87917334,0.9999665,0.97115356,0,0.7917986512184143
TSBD_WSSV_cbc299712b,0,0,1,0.21987796,0.19337602,0.1641217,0.06089089,1.4863401e-05,0.02742388,0,0.06175823137164116,0.19371246,0.79192334,0.99967194,0.85159385,0,0.14644315838813782,0.6421659,0.14718574,0.00031317407,0.12098229,0,0.7917986512184143
TSBD_WSSV_4852ce6b3e,1,0,2,0.8618976,0.005010909,0.068690196,0.030619502,9.695269e-07,0.0056533692,0,0.06175823137164116,0.12063803,0.0962391,8.780164e-05,0.028386468,0,0.14644315838813782,0.8106718,0.87314147,0.9999112,0.96596014,0,0.7917986512184143
TSBD_WSSV_51c0f376ed,1,0,2,0.8602527,0.007336214,0.07529255,0.043453563,2.8636982e-06,0.008454125,0,0.06175823137164116,0.106745414,0.05524443,6.1006936e-06,0.012380456,0,0.14644315838813782,0.8179621,0.9013019,0.99999106,0.9791654,0,0.7917986512184143
TSBD_WSSV_27c4e89064,1,0,2,0.8535644,0.008348807,0.07034437,0.04640311,3.637706e-06,0.008931273,0,0.06175823137164116,0.114553966,0.051989555,4.6003424e-06,0.011685444,0,0.14644315838813782,0.81510174,0.90160733,0.99999166,0.9793833,0,0.7917986512184143
TSBD_WSSV_d31ea8472c,1,0,2,0.8618706,0.006808133,0.084254056,0.045507513,3.5971482e-06,0.009405708,0,0.06175823137164116,0.0987894,0.05651265,7.1636764e-06,0.012581925,0,0.14644315838813782,0.8169566,0.89797986,0.9999893,0.9780123,0,0.7917986512184143
TSBD_WSSV_6fd089aca1,1,1,2,0.8643337,0.0069321776,0.0821483,0.04828355,4.127185e-06,0.0098186545,0,0.06175823137164116,0.09580203,0.04939392,3.5828994e-06,0.010176141,0,0.14644315838813782,0.8220496,0.9023225,0.99999225,0.98000515,1,0.7917986512184143
TSBD_WSSV_7131cb4d1e,1,0,2,0.86289686,0.006908005,0.08795428,0.050605837,5.0173057e-06,0.010695579,0,0.06175823137164116,0.09266682,0.049072452,3.4658601e-06,0.009976838,0,0.14644315838813782,0.8193789,0.9003217,0.99999154,0.9793276,0,0.7917986512184143
TSBD_WSSV_d1629a0715,1,0,2,0.5138757,0.050413456,0.053966813,0.027500413,1.2049501e-06,0.005764173,0,0.06175823137164116,0.46805844,0.1917536,0.003342725,0.14363359,0,0.14644315838813782,0.47797474,0.780746,0.99665606,0.85060227,0,0.7917986512184143
TSBD_WSSV_8ecaf0ac01,1,1,2,0.8670375,0.003520934,0.06826419,0.034428682,1.6576289e-06,0.0066254325,0,0.06175823137164116,0.1201789,0.10371299,0.00013364949,0.031914886,0,0.14644315838813782,0.8115569,0.86185837,0.9998647,0.96145964,1,0.7917986512184143
TSBD_WSSV_af3c48a08c,1,0,2,0.8539499,0.007844755,0.09535716,0.04062101,2.2900147e-06,0.008542677,0,0.06175823137164116,0.09107311,0.06391661,1.1684215e-05,0.014280639,0,0.14644315838813782,0.81356966,0.89546233,0.99998605,0.9771767,0,0.7917986512184143
TSBD_WSSV_3dae79f506,1,0,2,0.83568114,0.008796354,0.06494837,0.03261943,1.1551967e-06,0.0059523582,0,0.06175823137164116,0.148141,0.08303741,4.5572015e-05,0.025225744,0,0.14644315838813782,0.7869107,0.8843432,0.99995327,0.9688219,0,0.7917986512184143
TSBD_WSSV_80515fe4b2,1,0,2,0.86354107,0.006985711,0.07680982,0.044053223,2.946269e-06,0.00860465,0,0.06175823137164116,0.1022063,0.053970374,5.4868715e-06,0.011798995,0,0.14644315838813782,0.8209839,0.9019764,0.99999154,0.9795963,0,0.7917986512184143
TSBD_WSSV_aee31f5ae6,1,0,2,0.8596583,0.0074299276,0.07931226,0.04714869,3.8197445e-06,0.009464734,0,0.06175823137164116,0.10288619,0.051552646,4.340387e-06,0.011071715,0,0.14644315838813782,0.8178016,0.9012987,0.9999919,0.9794636,0,0.7917986512184143
TSBD_WSSV_0ef579b068,1,0,2,0.8635168,0.0070275953,0.08071321,0.04660172,3.5755604e-06,0.009334682,0,0.06175823137164116,0.09801422,0.051060032,4.1242065e-06,0.010712109,0,0.14644315838813782,0.8212725,0.9023382,0.99999225,0.9799532,0,0.7917986512184143
TSBD_WSSV_f70db8236e,1,1,2,0.86483586,0.005787532,0.07628077,0.032766044,1.1249907e-06,0.0062060426,0,0.06175823137164116,0.10387895,0.08138562,3.976068e-05,0.02124324,0,0.14644315838813782,0.81984025,0.88584834,0.9999591,0.97255075,1,0.7917986512184143
TSBD_WSSV_36e3c23fc4,1,0,2,0.86331207,0.00698411,0.086863354,0.04583264,3.3821284e-06,0.009403936,0,0.06175823137164116,0.092563,0.052486993,4.798285e-06,0.010960841,0,0.14644315838813782,0.8205737,0.90168035,0.9999919,0.97963524,0,0.7917986512184143
TSBD_WSSV_7e34390794,1,0,2,0.86317325,0.0071179857,0.078311265,0.04811401,4.079289e-06,0.009618941,0,0.06175823137164116,0.09998029,0.04947258,3.6326157e-06,0.010366391,0,0.14644315838813782,0.82170844,0.90241337,0.9999924,0.9800147,0,0.7917986512184143
TSBD_WSSV_bd80b0d581,1,0,2,0.8567419,0.0075918306,0.091506585,0.04702469,3.875414e-06,0.009985404,0,0.06175823137164116,0.09466276,0.053556938,5.2644045e-06,0.011390598,0,0.14644315838813782,0.8138306,0.89941835,0.9999908,0.978624,0,0.7917986512184143
TSBD_WSSV_a456bae923,1,0,2,0.862634,0.0071345605,0.078593455,0.04525112,3.1867783e-06,0.008920748,0,0.06175823137164116,0.100872114,0.052437916,4.6878854e-06,0.011237459,0,0.14644315838813782,0.82053447,0.90231097,0.99999213,0.9798417,0,0.7917986512184143
TSBD_WSSV_b6178797f6,1,0,2,0.8633536,0.0070560854,0.08102428,0.047572985,3.8942258e-06,0.009597113,0,0.06175823137164116,0.097696126,0.050094076,3.783733e-06,0.010427349,0,0.14644315838813782,0.8212796,0.90233296,0.99999225,0.9799756,0,0.7917986512184143
TSBD_WSSV_69762898eb,1,0,2,0.8595361,0.0074815406,0.082987405,0.049302634,4.5117094e-06,0.010142676,0,0.06175823137164116,0.099017486,0.049066275,3.4852155e-06,0.010224351,0,0.14644315838813782,0.8179951,0.9016312,0.999992,0.979633,0,0.7917986512184143
TSBD_WSSV_a73de688c2,1,1,2,0.8640213,0.006921866,0.08656833,0.04972013,4.6819964e-06,0.01039554,0,0.06175823137164116,0.09207251,0.048363525,3.265563e-06,0.009761488,0,0.14644315838813782,0.8213592,0.90191627,0.99999213,0.9798429,1,0.7917986512184143
TSBD_WSSV_03cb710db8,1,1,2,0.86398166,0.006904193,0.08141056,0.045893677,3.460844e-06,0.009238649,0,0.06175823137164116,0.09747901,0.052359402,4.712924e-06,0.011106307,0,0.14644315838813782,0.8211104,0.9017469,0.9999918,0.979655,1,0.7917986512184143
TSBD_WSSV_7f2c043791,1,0,2,0.8542573,0.008063293,0.0878263,0.04806757,4.0946124e-06,0.010052121,0,0.06175823137164116,0.0992731,0.050840516,4.0692776e-06,0.010747368,0,0.14644315838813782,0.8129006,0.90109193,0.9999919,0.97920054,0,0.7917986512184143
TSBD_WSSV_426ff318e2,1,1,2,0.8640605,0.0069612395,0.08314285,0.048671342,4.2676556e-06,0.009963248,0,0.06175823137164116,0.09507555,0.049043193,3.4646168e-06,0.010050022,0,0.14644315838813782,0.82178164,0.9022854,0.99999225,0.9799867,1,0.7917986512184143
TSBD_WSSV_3cb87dc046,1,0,2,0.8603674,0.00743223,0.07642581,0.04586013,3.4245847e-06,0.009020762,0,0.06175823137164116,0.10450771,0.051962864,4.611298e-06,0.011299786,0,0.14644315838813782,0.8190665,0.90217704,0.9999919,0.97967947,0,0.7917986512184143
TSBD_WSSV_4c414428d2,1,1,2,0.8644075,0.0069167605,0.08085871,0.04652237,3.5702003e-06,0.0093275,0,0.06175823137164116,0.09717284,0.05111291,4.2437873e-06,0.010742482,0,0.14644315838813782,0.8219685,0.90236473,0.99999213,0.97993004,1,0.7917986512184143
TSBD_WSSV_4896029d97,1,0,2,0.86339265,0.007020614,0.082234345,0.04934287,4.436826e-06,0.010068084,0,0.06175823137164116,0.0965438,0.048778392,3.3463723e-06,0.010013445,0,0.14644315838813782,0.82122195,0.9018788,0.99999225,0.9799185,0,0.7917986512184143
TSBD_WSSV_c549f00277,1,0,2,0.86214024,0.0071882363,0.07819161,0.046199284,3.5130897e-06,0.0091666095,0,0.06175823137164116,0.101602755,0.051709227,4.461223e-06,0.011086437,0,0.14644315838813782,0.8202057,0.90209156,0.99999213,0.97974694,0,0.7917986512184143
TSBD_WSSV_254bdb9f4d,1,0,2,0.8625148,0.0070596104,0.07438908,0.041934814,2.4545009e-06,0.008026621,0,0.06175823137164116,0.10587407,0.056601472,6.9155994e-06,0.012786988,0,0.14644315838813782,0.81973684,0.90146375,0.9999906,0.9791864,0,0.7917986512184143
TSBD_WSSV_b0447870c0,1,0,2,0.8631784,0.0070871664,0.079991564,0.046963457,3.7095976e-06,0.009406858,0,0.06175823137164116,0.098804586,0.05060911,3.971938e-06,0.010619334,0,0.14644315838813782,0.8212038,0.90242743,0.9999924,0.9799738,0,0.7917986512184143
TSBD_WSSV_754fa3c73d,1,1,2,0.8645863,0.006914789,0.08296989,0.047048096,3.685865e-06,0.009519859,0,0.06175823137164116,0.09481625,0.050332528,3.83341e-06,0.010363692,0,0.14644315838813782,0.82221395,0.9026193,0.9999925,0.9801164,1,0.7917986512184143
TSBD_WSSV_9937a0424b,1,0,2,0.86391675,0.00698431,0.08602905,0.047906037,3.9464408e-06,0.009856738,0,0.06175823137164116,0.09242712,0.049581613,3.5608846e-06,0.010056024,0,0.14644315838813782,0.8215439,0.9025123,0.9999925,0.9800872,0,0.7917986512184143
TSBD_WSSV_6fa84e41c3,1,0,2,0.8631801,0.00710552,0.07855114,0.046620764,3.596422e-06,0.009257777,0,0.06175823137164116,0.100056134,0.050822675,4.0876694e-06,0.010746692,0,0.14644315838813782,0.8213927,0.90255654,0.9999924,0.97999555,0,0.7917986512184143
TSBD_WSSV_577000701d,1,0,2,0.8630083,0.00704934,0.088505335,0.04897458,4.377393e-06,0.010269788,0,0.06175823137164116,0.09102613,0.049005195,3.4266502e-06,0.009878319,0,0.14644315838813782,0.8204686,0.9020203,0.99999213,0.97985196,0,0.7917986512184143
TSBD_WSSV_7562704d32,1,1,2,0.86407286,0.0069810245,0.08214074,0.047527857,3.8672615e-06,0.009623138,0,0.06175823137164116,0.09597069,0.049908523,3.6965596e-06,0.010294384,0,0.14644315838813782,0.82188857,0.90256363,0.9999925,0.98008245,1,0.7917986512184143
TSBD_WSSV_ab987277c7,1,0,2,0.8590464,0.0076316725,0.07427156,0.045587465,3.3855235e-06,0.008888224,0,0.06175823137164116,0.10728839,0.052105486,4.6740724e-06,0.011451214,0,0.14644315838813782,0.8184401,0.902307,0.999992,0.9796606,0,0.7917986512184143
TSBD_WSSV_1beeeafcb8,1,0,2,0.8599879,0.007531536,0.07420731,0.04569629,3.377362e-06,0.008887575,0,0.06175823137164116,0.10646588,0.051815663,4.5871493e-06,0.011345007,0,0.14644315838813782,0.8193268,0.902488,0.99999213,0.97976744,0,0.7917986512184143
TSBD_WSSV_e7254cc0d4,1,1,2,0.864151,0.0069622984,0.080196634,0.046838894,3.7239633e-06,0.009408022,0,0.06175823137164116,0.0978825,0.050726067,4.0980985e-06,0.010658278,0,0.14644315838813782,0.8219209,0.9024351,0.99999225,0.97993374,1,0.7917986512184143
TSBD_WSSV_b5a8a126ab,1,0,2,0.7906903,0.016997248,0.05780564,0.04038134,2.2579143e-06,0.007239427,0,0.06175823137164116,0.17026961,0.059943996,9.1323e-06,0.016691351,0,0.14644315838813782,0.77192473,0.8996746,0.99998856,0.9760692,0,0.7917986512184143
TSBD_WSSV_13e41ad5ef,1,1,2,0.8642964,0.006934015,0.08058732,0.046538495,3.6145761e-06,0.009340989,0,0.06175823137164116,0.09749528,0.051077295,4.232196e-06,0.010745641,0,0.14644315838813782,0.82191736,0.9023842,0.99999213,0.97991335,1,0.7917986512184143
TSBD_WSSV_5dd3dca816,1,0,2,0.8624872,0.0071982816,0.07721193,0.046407964,3.5707183e-06,0.009171268,0,0.06175823137164116,0.1018227,0.051065594,4.2175743e-06,0.010905317,0,0.14644315838813782,0.8209654,0.90252644,0.99999225,0.9799234,0,0.7917986512184143
TSBD_WSSV_084f7a072a,1,0,2,0.858605,0.0077176504,0.07477292,0.047436494,3.8286485e-06,0.009296892,0,0.06175823137164116,0.10658899,0.050314486,3.964989e-06,0.010883716,0,0.14644315838813782,0.81863815,0.90224904,0.99999225,0.97981936,0,0.7917986512184143
TSBD_WSSV_7d1aec7b17,1,0,2,0.86076725,0.0073649613,0.08024453,0.04854975,4.238315e-06,0.009825498,0,0.06175823137164116,0.10041572,0.049530473,3.6455526e-06,0.010405483,0,0.14644315838813782,0.8193397,0.9019198,0.999992,0.979769,0,0.7917986512184143
TSBD_WSSV_93545fad41,1,1,2,0.86427206,0.0069377646,0.0823726,0.048452407,4.1845938e-06,0.0098712295,0,0.06175823137164116,0.09563688,0.04925272,3.5010537e-06,0.010110601,0,0.14644315838813782,0.8219905,0.9022948,0.9999924,0.9800182,1,0.7917986512184143
TSBD_WSSV_ef783ed00d,1,0,2,0.8633695,0.007044211,0.08334538,0.048569012,4.198765e-06,0.009932548,0,0.06175823137164116,0.09546311,0.049165703,3.4641746e-06,0.010078047,0,0.14644315838813782,0.8211915,0.9022653,0.9999924,0.9799894,0,0.7917986512184143
TSBD_WSSV_8b081aa68f,1,0,2,0.8634053,0.0069356766,0.084722154,0.047719482,3.9535657e-06,0.009796257,0,0.06175823137164116,0.09491272,0.050952297,4.1514845e-06,0.010601769,0,0.14644315838813782,0.8203651,0.90132827,0.9999919,0.9796019,0,0.7917986512184143
TSBD_WSSV_6afbaad0ae,1,0,2,0.85022783,0.008570738,0.10807456,0.05170515,5.4075986e-06,0.011823042,0,0.06175823137164116,0.081894614,0.04765207,3.064234e-06,0.00923157,0,0.14644315838813782,0.8100308,0.9006428,0.99999154,0.9789454,0,0.7917986512184143
TSBD_WSSV_9223e4a32b,1,0,2,0.860637,0.0074069025,0.07605798,0.046236224,3.551034e-06,0.00910302,0,0.06175823137164116,0.104516156,0.05159188,4.5406164e-06,0.0112271765,0,0.14644315838813782,0.8194259,0.90217197,0.9999919,0.9796698,0,0.7917986512184143
TSBD_WSSV_98ea43065f,1,0,2,0.86370623,0.0070409533,0.07925775,0.046810042,3.6622519e-06,0.009336041,0,0.06175823137164116,0.09895215,0.05058519,4.0161603e-06,0.010643076,0,0.14644315838813782,0.82179,0.90260476,0.99999225,0.9800209,0,0.7917986512184143
TSBD_WSSV_eb247f0a00,1,0,2,0.8639549,0.006977733,0.08279246,0.04722486,3.731106e-06,0.009554656,0,0.06175823137164116,0.0955922,0.050340563,3.847268e-06,0.010404361,0,0.14644315838813782,0.8216153,0.9024346,0.9999925,0.980041,0,0.7917986512184143
TSBD_WSSV_97fa50601b,1,1,2,0.86404705,0.0069687087,0.084481835,0.048235502,4.041658e-06,0.009871158,0,0.06175823137164116,0.09380624,0.049309973,3.4808656e-06,0.0100372145,0,0.14644315838813782,0.82171184,0.9024545,0.9999925,0.98009163,1,0.7917986512184143
TSBD_WSSV_8b6c4507a2,1,0,2,0.858804,0.0076445993,0.07476608,0.0465591,3.65215e-06,0.009132912,0,0.06175823137164116,0.10698471,0.05145394,4.445245e-06,0.0112637,0,0.14644315838813782,0.8182493,0.901987,0.9999919,0.9796034,0,0.7917986512184143
TSBD_WSSV_5c925439ac,1,0,2,0.8603369,0.0074025085,0.077596195,0.046514638,3.6819486e-06,0.009261155,0,0.06175823137164116,0.10360702,0.05164338,4.5932757e-06,0.011226841,0,0.14644315838813782,0.8187968,0.901842,0.99999166,0.97951204,0,0.7917986512184143
TSBD_WSSV_1d810bc413,1,0,2,0.8628676,0.007035928,0.08062433,0.046510816,3.5018506e-06,0.009289182,0,0.06175823137164116,0.09914174,0.05189434,4.482571e-06,0.01102186,0,0.14644315838813782,0.82023394,0.9015949,0.999992,0.979689,0,0.7917986512184143
TSBD_WSSV_26de7fcd80,1,0,2,0.86320895,0.006909483,0.07963856,0.04542628,3.3074261e-06,0.009048176,0,0.06175823137164116,0.10048442,0.053795256,5.5651058e-06,0.011752914,0,0.14644315838813782,0.819877,0.9007784,0.99999106,0.9791989,0,0.7917986512184143
TSBD_WSSV_8aa47f5a65,1,1,1,0.6846522,0.030953307,0.07068594,0.054792054,5.8922005e-06,0.011309554,0,0.06175823137164116,0.68342793,0.8721307,0.99998343,0.9662809,1,0.14644315838813782,0.24588609,0.07307724,1.0626048e-05,0.022409594,0,0.7917986512184143
TSBD_WSSV_d889bfa7f2,1,0,2,0.8563753,0.008040886,0.07146902,0.045831952,3.4204008e-06,0.008812485,0,0.06175823137164116,0.11122033,0.05166015,4.4887574e-06,0.0114637185,0,0.14644315838813782,0.8173107,0.9025079,0.999992,0.97972375,0,0.7917986512184143
TSBD_WSSV_8a85146e3e,1,0,2,0.8623928,0.007131478,0.08770348,0.048899014,4.305864e-06,0.010198466,0,0.06175823137164116,0.09227254,0.049041096,3.3978513e-06,0.009914024,0,0.14644315838813782,0.820024,0.9020599,0.99999225,0.97988755,0,0.7917986512184143
TSBD_WSSV_439d0a5c3f,1,0,2,0.86142355,0.0073535834,0.07734165,0.047539536,3.884378e-06,0.009436691,0,0.06175823137164116,0.10218667,0.049928777,3.7970353e-06,0.010586947,0,0.14644315838813782,0.82047164,0.9025317,0.99999225,0.9799764,0,0.7917986512184143
TSBD_WSSV_3f0184301c,1,0,2,0.85466695,0.008299805,0.071837865,0.047492422,3.8539147e-06,0.0091913035,0,0.06175823137164116,0.11145054,0.050071474,3.848648e-06,0.01097358,0,0.14644315838813782,0.8167116,0.9024361,0.9999924,0.9798351,0,0.7917986512184143
TSBD_WSSV_00abe397a8,1,1,2,0.86470354,0.0069058267,0.08175089,0.046469353,3.5621676e-06,0.009352578,0,0.06175823137164116,0.09589656,0.05085829,4.102119e-06,0.010594657,0,0.14644315838813782,0.8223526,0.90267235,0.9999924,0.98005277,1,0.7917986512184143
TSBD_WSSV_f49daeee4d,1,1,2,0.8644039,0.006925677,0.08098574,0.045671646,3.2854584e-06,0.009102893,0,0.06175823137164116,0.097044475,0.05181575,4.4163226e-06,0.010890203,0,0.14644315838813782,0.82196975,0.90251267,0.99999225,0.9800069,1,0.7917986512184143
TSBD_WSSV_e3a3f70bef,1,1,2,0.8644223,0.0068970593,0.080882974,0.04552115,3.2943212e-06,0.0090907635,0,0.06175823137164116,0.09732162,0.052233353,4.6390696e-06,0.011049366,0,0.14644315838813782,0.8217954,0.9022455,0.999992,0.9798598,1,0.7917986512184143
TSBD_WSSV_4c6acaba53,1,0,2,0.8635838,0.007032521,0.082445264,0.048092917,4.0435543e-06,0.0097755175,0,0.06175823137164116,0.0960835,0.049488205,3.602618e-06,0.010208671,0,0.14644315838813782,0.8214712,0.9024189,0.9999924,0.98001575,0,0.7917986512184143
TSBD_WSSV_1a5ee9d7a4,1,1,2,0.86417717,0.0069282167,0.08283381,0.049053628,4.432605e-06,0.010061798,0,0.06175823137164116,0.09536652,0.04891114,3.4255916e-06,0.010026242,0,0.14644315838813782,0.82179964,0.9020353,0.99999213,0.9799119,1,0.7917986512184143
TSBD_WSSV_1d745dbab2,1,0,2,0.86231256,0.0069752056,0.09083855,0.051732387,5.3309e-06,0.011060995,0,0.06175823137164116,0.09031882,0.047975782,3.1229279e-06,0.009588289,0,0.14644315838813782,0.81884265,0.90029174,0.99999154,0.97935075,0,0.7917986512184143
TSBD_WSSV_04529c8937,1,1,2,0.8645329,0.0069113337,0.08232876,0.0477629,3.8912226e-06,0.009663755,0,0.06175823137164116,0.09549547,0.049805705,3.651006e-06,0.010241105,0,0.14644315838813782,0.8221758,0.9024314,0.9999924,0.9800951,1,0.7917986512184143
TSBD_WSSV_eb7b8b7c67,1,1,2,0.86443704,0.006927021,0.083103694,0.048127633,4.0857326e-06,0.009823726,0,0.06175823137164116,0.09477482,0.049398236,3.5546886e-06,0.010121635,0,0.14644315838813782,0.8221215,0.9024741,0.9999924,0.9800547,1,0.7917986512184143
TSBD_WSSV_4c43a3a8a6,1,0,2,0.8630219,0.0070383428,0.087119035,0.04891937,4.278904e-06,0.010162648,0,0.06175823137164116,0.092442736,0.049183037,3.4500958e-06,0.009962606,0,0.14644315838813782,0.8204382,0.90189755,0.99999225,0.97987473,0,0.7917986512184143
TSBD_WSSV_417fc1cab3,1,0,2,0.8631766,0.0070397723,0.08529719,0.04752768,3.8429816e-06,0.009743922,0,0.06175823137164116,0.09401036,0.05034335,3.868017e-06,0.010359292,0,0.14644315838813782,0.8206924,0.9021289,0.9999924,0.9798968,0,0.7917986512184143
TSBD_WSSV_59c834cf6e,1,0,2,0.8425138,0.009643186,0.065345176,0.040392056,2.1367805e-06,0.007376989,0,0.06175823137164116,0.12954709,0.058781385,8.060128e-06,0.014472551,0,0.14644315838813782,0.8051077,0.9008265,0.99998975,0.9781504,0,0.7917986512184143
TSBD_WSSV_97681928ee,1,0,2,0.8591928,0.0075855423,0.077758424,0.048504435,4.2784054e-06,0.009734953,0,0.06175823137164116,0.10371243,0.049658053,3.729482e-06,0.010587179,0,0.14644315838813782,0.8185291,0.9018376,0.999992,0.97967786,0,0.7917986512184143
TSBD_WSSV_0c09630268,1,0,2,0.8632612,0.007030988,0.08738171,0.04798974,3.9779957e-06,0.009937986,0,0.06175823137164116,0.09186061,0.049846306,3.647286e-06,0.01011057,0,0.14644315838813782,0.8207577,0.9021639,0.9999924,0.97995144,0,0.7917986512184143
TSBD_WSSV_919a1fc43f,1,0,2,0.8637242,0.0069917375,0.08606228,0.046945874,3.649739e-06,0.009618321,0,0.06175823137164116,0.09267908,0.05069777,3.9288843e-06,0.010370178,0,0.14644315838813782,0.8212586,0.90235627,0.9999924,0.9800115,0,0.7917986512184143
TSBD_WSSV_df52a25a1c,1,0,2,0.8592154,0.0075384444,0.073088005,0.043669436,2.8591478e-06,0.008382545,0,0.06175823137164116,0.109076045,0.05450669,5.7742272e-06,0.01226335,0,0.14644315838813782,0.81783605,0.9018239,0.9999914,0.9793541,0,0.7917986512184143
TSBD_WSSV_b6df8b235a,1,1,2,0.8644083,0.006915531,0.08138707,0.04739012,3.8538556e-06,0.0095723625,0,0.06175823137164116,0.096604064,0.050309364,3.9362576e-06,0.010485598,0,0.14644315838813782,0.8220089,0.9023005,0.99999225,0.9799421,1,0.7917986512184143
TSBD_WSSV_66dac7b3cb,1,0,2,0.8631987,0.0070792753,0.08072507,0.04887876,4.325199e-06,0.00990832,0,0.06175823137164116,0.09789874,0.048961323,3.436796e-06,0.010131612,0,0.14644315838813782,0.82137614,0.9021599,0.99999225,0.9799601,0,0.7917986512184143
TSBD_WSSV_cb728bde71,1,0,2,0.86383915,0.0069543477,0.084832974,0.047472835,3.8546273e-06,0.009724003,0,0.06175823137164116,0.093956046,0.050432973,3.931755e-06,0.010397122,0,0.14644315838813782,0.821211,0.9020942,0.99999225,0.9798789,0,0.7917986512184143
TSBD_WSSV_11dccea294,1,0,2,0.86288685,0.007081532,0.088725686,0.04766202,3.8435132e-06,0.009893097,0,0.06175823137164116,0.09078619,0.050139736,3.7644845e-06,0.010160654,0,0.14644315838813782,0.8204881,0.9021982,0.9999924,0.97994626,0,0.7917986512184143
TSBD_WSSV_6c97d0a038,1,0,2,0.8623491,0.005814831,0.09715183,0.07594342,2.4362229e-05,0.018320814,0,0.06175823137164116,0.087649226,0.040358525,1.5865758e-06,0.007700121,0,0.14644315838813782,0.815199,0.88369805,0.99997413,0.9739791,0,0.7917986512184143
TSBD_WSSV_7930144273,1,0,2,0.8637848,0.006989871,0.08601653,0.04781515,3.9425995e-06,0.009846595,0,0.06175823137164116,0.092624456,0.049782768,3.642263e-06,0.010128266,0,0.14644315838813782,0.82135904,0.9024021,0.9999924,0.9800252,0,0.7917986512184143
TSBD_WSSV_46e8a68895,1,0,2,0.80119944,0.014607187,0.05860405,0.036618557,1.6531691e-06,0.0065408214,0,0.06175823137164116,0.17084217,0.06944953,1.9225121e-05,0.020723442,0,0.14644315838813782,0.7705538,0.89393204,0.99997914,0.97273576,0,0.7917986512184143
TSBD_WSSV_68675dc12f,1,0,2,0.86235726,0.007157849,0.07713663,0.04555354,3.3881488e-06,0.008998602,0,0.06175823137164116,0.10251884,0.05237449,4.844596e-06,0.0113695385,0,0.14644315838813782,0.82034457,0.90207195,0.9999918,0.97963184,0,0.7917986512184143
TSBD_WSSV_33b5dd7e52,1,0,2,0.84558886,0.0047794497,0.062042005,0.03231227,1.4343912e-06,0.006101192,0,0.06175823137164116,0.15722524,0.11537517,0.0002512753,0.04209099,0,0.14644315838813782,0.7807328,0.8523125,0.99974734,0.9518078,0,0.7917986512184143
TSBD_WSSV_eaf8feba8d,1,1,2,0.8640245,0.0069625545,0.0841185,0.04831743,4.12665e-06,0.009904886,0,0.06175823137164116,0.094230965,0.04934206,3.5422347e-06,0.010091186,0,0.14644315838813782,0.82165056,0.90234053,0.99999225,0.9800039,1,0.7917986512184143
TSBD_WSSV_a092abcd48,1,0,2,0.862623,0.007129944,0.08385252,0.047442447,3.833015e-06,0.009673504,0,0.06175823137164116,0.09571404,0.050253224,3.837569e-06,0.010400315,0,0.14644315838813782,0.82043344,0.90230435,0.9999924,0.97992617,0,0.7917986512184143
TSBD_WSSV_8c4a48a3c8,1,1,1,0.8394059,0.007860299,0.099690646,0.06106665,8.441186e-06,0.013753936,0,0.06175823137164116,0.78707904,0.8793807,0.99998724,0.9738464,1,0.14644315838813782,0.11323033,0.05955263,4.2566153e-06,0.012399686,0,0.7917986512184143
TSBD_WSSV_36e8b7c576,0,0,0,0.1538339,0.2521784,0.2356478,0.88746005,0.9999552,0.9310691,0,0.06175823137164116,0.12840602,0.05898831,2.695874e-05,0.027102925,0,0.14644315838813782,0.63594615,0.053551625,1.7843397e-05,0.041827984,0,0.7917986512184143
TSBD_WSSV_f62b02d7ce,0,0,0,0.15930246,0.24664626,0.27841634,0.9168936,0.9999875,0.9556394,0,0.06175823137164116,0.10966167,0.04114152,5.633419e-06,0.01521277,0,0.14644315838813782,0.611922,0.041964997,6.8670433e-06,0.029147765,0,0.7917986512184143
TSBD_WSSV_7b5c5d4331,1,1,2,0.86404705,0.0061137415,0.07323181,0.03621609,1.5814701e-06,0.0068549654,0,0.06175823137164116,0.10997766,0.07127055,2.1300304e-05,0.018029591,0,0.14644315838813782,0.81679046,0.89251333,0.9999771,0.9751154,1,0.7917986512184143
TSBD_WSSV_1115f3a7b9,1,0,2,0.86015195,0.007001402,0.07836399,0.044427425,3.1330621e-06,0.008829546,0,0.06175823137164116,0.10624438,0.057776906,7.986125e-06,0.013329827,0,0.14644315838813782,0.8153916,0.8977957,0.9999889,0.97784066,0,0.7917986512184143
TSBD_WSSV_8b19cf1542,0,0,1,0.15161175,0.26025635,0.08348551,0.03856896,2.6917796e-06,0.01438612,0,0.06175823137164116,0.105204254,0.7833025,0.9991715,0.78609097,0,0.14644315838813782,0.81131023,0.17812854,0.0008258693,0.19952285,0,0.7917986512184143
TSBD_WSSV_e980aeec5d,0,0,0,0.10615769,0.30579126,0.124302246,0.86214703,0.9995129,0.85517466,0,0.06175823137164116,0.62885946,0.109750904,0.00048589922,0.12971929,0,0.14644315838813782,0.2468383,0.028102012,1.1462738e-06,0.015106076,0,0.7917986512184143
TSBD_WSSV_78620c7961,1,1,1,0.5957416,0.03750599,0.057026263,0.035383224,1.6016567e-06,0.0069753407,0,0.06175823137164116,0.5557154,0.8058999,0.99956983,0.9110744,1,0.14644315838813782,0.38725838,0.15871684,0.00042856342,0.08195022,0,0.7917986512184143
TSBD_WSSV_5cfa598cc4,0,0,1,0.15767606,0.24679919,0.06404891,0.1392258,0.00029610918,0.04974474,0,0.06175823137164116,0.27044243,0.8202442,0.99970275,0.92892057,0,0.14644315838813782,0.6655087,0.040530045,1.1478853e-06,0.021334717,0,0.7917986512184143
TSBD_WSSV_2ab0d58abb,0,0,0,0.099723466,0.30435,0.18355718,0.6670127,0.9050738,0.7235866,0,0.06175823137164116,0.09346635,0.30585665,0.09492433,0.25624847,0,0.14644315838813782,0.72297645,0.027130615,1.8593732e-06,0.020164948,0,0.7917986512184143
TSBD_WSSV_d63f9ec96f,0,0,1,0.20349367,0.21263541,0.07086687,0.037005145,2.9719604e-06,0.0123621905,0,0.06175823137164116,0.11605753,0.7310146,0.996606,0.7165074,0,0.14644315838813782,0.81307554,0.23198025,0.003391012,0.27113038,0,0.7917986512184143
TSBD_WSSV_c6d6c44306,1,0,2,0.85940534,0.007410652,0.0808699,0.048829954,4.4439585e-06,0.009980977,0,0.06175823137164116,0.10178426,0.050511695,4.091863e-06,0.010803974,0,0.14644315838813782,0.81734586,0.90065837,0.99999154,0.979215,0,0.7917986512184143
TSBD_WSSV_0e98c598e2,1,0,2,0.8627898,0.0070205946,0.07726675,0.044739336,3.134451e-06,0.008795398,0,0.06175823137164116,0.102733254,0.053928297,5.510037e-06,0.011832122,0,0.14644315838813782,0.82,0.90133244,0.9999914,0.9793725,0,0.7917986512184143
TSBD_WSSV_0e0b18da56,1,0,2,0.8538246,0.0073453477,0.06674144,0.03907651,2.000146e-06,0.007224301,0,0.06175823137164116,0.12599377,0.06782557,1.6762084e-05,0.017692847,0,0.14644315838813782,0.8072648,0.89309794,0.99998116,0.9750828,0,0.7917986512184143
TSBD_WSSV_0e04e30a96,1,0,2,0.8461767,0.008112822,0.08508009,0.037139475,1.8028402e-06,0.0075480225,0,0.06175823137164116,0.113520704,0.073632374,2.5567419e-05,0.01930947,0,0.14644315838813782,0.8013992,0.8892282,0.9999727,0.9731425,0,0.7917986512184143
TSBD_WSSV_b14315239e,1,0,2,0.5597611,0.051490404,0.08769548,0.33756697,0.038068384,0.15238678,0,0.06175823137164116,0.09296615,0.03921034,5.7501225e-06,0.010160376,0,0.14644315838813782,0.8193383,0.6232227,0.96192586,0.8374528,0,0.7917986512184143
TSBD_WSSV_ad26e82e3c,1,0,2,0.84941405,0.0028156848,0.06629608,0.034041338,2.1792002e-06,0.006931731,0,0.06175823137164116,0.1448358,0.14347678,0.0007244523,0.05560565,0,0.14644315838813782,0.7888682,0.8224819,0.99927336,0.9374626,0,0.7917986512184143
TSBD_WSSV_cda41068f5,0,0,0,0.06237531,0.3987425,0.09388402,0.88843256,0.9999236,0.9140818,0,0.06175823137164116,0.11200707,0.07351438,7.245519e-05,0.047078323,0,0.14644315838813782,0.7941089,0.038053036,3.9555093e-06,0.03883983,0,0.7917986512184143
TSBD_WSSV_f51f241a0d,1,0,2,0.86378986,0.005065612,0.069674544,0.032920673,1.2242157e-06,0.006145785,0,0.06175823137164116,0.11822933,0.08877675,6.315361e-05,0.025429457,0,0.14644315838813782,0.8120961,0.8783026,0.9999356,0.96842474,0,0.7917986512184143
TSBD_WSSV_2578508dff,1,1,0,0.6734382,0.037730046,0.7086261,0.9166438,0.99998736,0.9746303,1,0.06175823137164116,0.18025617,0.04446883,7.873637e-06,0.014744376,0,0.14644315838813782,0.111117736,0.038887285,4.8250618e-06,0.010625347,0,0.7917986512184143
TSBD_WSSV_45511a46f0,1,1,0,0.84559447,0.010879908,0.819285,0.91739947,0.9999877,0.97973496,1,0.06175823137164116,0.08747636,0.043931335,7.547564e-06,0.010782704,0,0.14644315838813782,0.093238644,0.0386692,4.7308085e-06,0.009482352,0,0.7917986512184143
TSBD_WSSV_87146ab98c,1,1,0,0.69483393,0.03469056,0.7322421,0.91687936,0.99998736,0.9761468,1,0.06175823137164116,0.2067084,0.044916876,8.260515e-06,0.015531296,0,0.14644315838813782,0.061049424,0.03820377,4.4381377e-06,0.008321914,0,0.7917986512184143
TSBD_WSSV_e143d38f01,1,0,2,0.84450114,0.0069135395,0.07752815,0.027925791,8.62397e-07,0.0055171004,0,0.06175823137164116,0.10213841,0.12866645,0.0004068368,0.04139194,0,0.14644315838813782,0.8203335,0.8434078,0.99959236,0.95309097,0,0.7917986512184143
TSBD_WSSV_ea73217725,1,0,2,0.47096056,0.051914163,0.072355166,0.046621792,3.473245e-05,0.013951142,0,0.06175823137164116,0.1252163,0.4038849,0.3308429,0.2790647,0,0.14644315838813782,0.8024285,0.5494933,0.6691224,0.7069842,0,0.7917986512184143
TSBD_WSSV_7568f33745,0,0,1,0.121869,0.2932853,0.07383488,0.10366726,0.00012870676,0.048412904,0,0.06175823137164116,0.11472617,0.7869819,0.9997764,0.84364,0,0.14644315838813782,0.811439,0.10935083,9.483184e-05,0.107947074,0,0.7917986512184143
TSBD_WSSV_c0b728f042,1,1,2,0.87165433,0.0042902865,0.07701333,0.041973587,3.1996344e-06,0.008595356,0,0.06175823137164116,0.104433015,0.07643877,3.073338e-05,0.019688517,0,0.14644315838813782,0.8185536,0.8815876,0.999966,0.97171617,1,0.7917986512184143
TSBD_WSSV_7555e38281,1,0,2,0.85582715,0.007924061,0.098379835,0.048311356,4.091186e-06,0.010473643,0,0.06175823137164116,0.086823,0.05024269,3.8591584e-06,0.010085381,0,0.14644315838813782,0.81479716,0.9014459,0.99999213,0.979441,0,0.7917986512184143
TSBD_WSSV_d921343af4,1,0,2,0.5899143,0.04372536,0.10219611,0.33593085,0.03151557,0.15426785,0,0.06175823137164116,0.08637655,0.037714668,4.3832083e-06,0.009204125,0,0.14644315838813782,0.8114274,0.62635446,0.96848005,0.836528,0,0.7917986512184143
TSBD_WSSV_94a3c39469,1,0,1,0.31928694,0.124371134,0.07056078,0.15875344,0.00053850334,0.050799467,0,0.06175823137164116,0.48948923,0.8004029,0.9994603,0.9335787,0,0.14644315838813782,0.43995005,0.04084373,1.2769399e-06,0.015621783,0,0.7917986512184143
TSBD_WSSV_65692fdd3f,1,0,2,0.8635424,0.005492108,0.085142426,0.0418329,3.0562271e-06,0.008822123,0,0.06175823137164116,0.10128451,0.07473707,2.8833345e-05,0.0190683,0,0.14644315838813782,0.81357306,0.88343,0.99996805,0.9721096,0,0.7917986512184143
TSBD_WSSV_0464ee44c0,1,0,2,0.86321783,0.0069035795,0.07735629,0.044428024,3.1476527e-06,0.008778877,0,0.06175823137164116,0.10277797,0.054859564,6.1546407e-06,0.012192472,0,0.14644315838813782,0.81986576,0.9007124,0.9999907,0.9790287,0,0.7917986512184143
TSBD_WSSV_51f7222cef,1,0,2,0.81010157,0.014124703,0.06752448,0.052293725,5.81357e-06,0.010333345,0,0.06175823137164116,0.14585806,0.051217485,4.3587493e-06,0.01265392,0,0.14644315838813782,0.7866175,0.8964888,0.99998975,0.97701275,0,0.7917986512184143
TSBD_WSSV_148921b882,1,0,2,0.86168206,0.007182895,0.08271288,0.04907584,4.4094327e-06,0.010058823,0,0.06175823137164116,0.09784955,0.04952211,3.601655e-06,0.010286917,0,0.14644315838813782,0.81943756,0.90140206,0.999992,0.9796542,0,0.7917986512184143
TSBD_WSSV_49f573118f,1,0,2,0.861814,0.0035729203,0.07286661,0.045856442,4.46465e-06,0.009467794,0,0.06175823137164116,0.12864174,0.09306981,7.851747e-05,0.028184937,0,0.14644315838813782,0.7984916,0.86107373,0.99991703,0.96234727,0,0.7917986512184143
TSBD_WSSV_f7bb98aadd,1,0,2,0.6153041,0.03337601,0.0825327,0.054321066,4.1079515e-05,0.016194217,0,0.06175823137164116,0.11499009,0.32492208,0.08833523,0.18872893,0,0.14644315838813782,0.8024773,0.6207568,0.91162366,0.79507685,0,0.7917986512184143
TSBD_WSSV_32f477127b,1,0,2,0.84942484,0.0041534845,0.06568307,0.028274605,1.0146674e-06,0.0054196133,0,0.06175823137164116,0.12814736,0.14500059,0.00077160925,0.053859293,0,0.14644315838813782,0.80616957,0.8267248,0.9992273,0.9407211,0,0.7917986512184143
TSBD_WSSV_6532d5dd16,0,0,0,0.22891964,0.19039972,0.32564616,0.89571124,0.99991035,0.9334609,0,0.06175823137164116,0.603547,0.075917356,8.839911e-05,0.05900097,0,0.14644315838813782,0.070806816,0.028371463,1.1718497e-06,0.0075381463,0,0.7917986512184143
TSBD_WSSV_399a1e23cc,1,0,2,0.8635449,0.007055696,0.07850899,0.045717902,3.3917063e-06,0.009066538,0,0.06175823137164116,0.0999393,0.05165542,4.436217e-06,0.010997899,0,0.14644315838813782,0.8215517,0.9026267,0.99999225,0.9799356,0,0.7917986512184143
TSBD_WSSV_c07e032039,1,0,2,0.863485,0.0069951992,0.08186141,0.046311397,3.619201e-06,0.009377754,0,0.06175823137164116,0.09721357,0.051652566,4.4822673e-06,0.010917774,0,0.14644315838813782,0.82092506,0.9020361,0.9999919,0.9797045,0,0.7917986512184143
TSBD_WSSV_a3b514246a,1,0,2,0.86121017,0.007364249,0.07747766,0.047888145,4.0136024e-06,0.009537405,0,0.06175823137164116,0.102287844,0.04979767,3.7019354e-06,0.010526339,0,0.14644315838813782,0.8202346,0.9023141,0.99999225,0.97993624,0,0.7917986512184143
TSBD_WSSV_9e8ca9f55f,1,0,2,0.86326313,0.0070466483,0.08152178,0.045554847,3.3300366e-06,0.009141311,0,0.06175823137164116,0.09758923,0.05213692,4.632814e-06,0.0110511435,0,0.14644315838813782,0.82088894,0.9023082,0.999992,0.9798075,0,0.7917986512184143
TSBD_WSSV_978efa34a6,1,0,2,0.8603196,0.007496846,0.07573794,0.047774028,3.971923e-06,0.009433431,0,0.06175823137164116,0.10439351,0.04991678,3.7484099e-06,0.01064117,0,0.14644315838813782,0.81986856,0.9023092,0.9999924,0.9799254,0,0.7917986512184143
TSBD_WSSV_4575fa460f,1,0,2,0.8636019,0.0070028426,0.080940515,0.046009045,3.4521197e-06,0.009224885,0,0.06175823137164116,0.09787225,0.051738683,4.4376848e-06,0.01092912,0,0.14644315838813782,0.8211872,0.90225226,0.99999213,0.97984594,0,0.7917986512184143
TSBD_WSSV_6e2231b074,1,0,2,0.85787964,0.00772625,0.07341247,0.04418104,2.9722387e-06,0.008508739,0,0.06175823137164116,0.109591305,0.053890318,5.380387e-06,0.012054161,0,0.14644315838813782,0.81699616,0.9019286,0.99999166,0.9794371,0,0.7917986512184143
TSBD_WSSV_18c088457d,1,0,2,0.8593642,0.0075824317,0.0738909,0.044696193,3.1368445e-06,0.00865991,0,0.06175823137164116,0.107606515,0.052953105,5.01982e-06,0.011711656,0,0.14644315838813782,0.81850266,0.9023507,0.9999919,0.97962844,0,0.7917986512184143
TSBD_WSSV_77302aa089,1,0,2,0.86301714,0.0070852255,0.08003609,0.049221024,4.453911e-06,0.009969577,0,0.06175823137164116,0.09873967,0.048914447,3.3749764e-06,0.010122404,0,0.14644315838813782,0.8212243,0.9018645,0.99999225,0.979908,0,0.7917986512184143
TSBD_WSSV_bc1451b5cd,1,0,2,0.8626669,0.0071436698,0.076712325,0.044114538,2.9871435e-06,0.008630193,0,0.06175823137164116,0.102640904,0.053429946,5.233873e-06,0.011652922,0,0.14644315838813782,0.82064676,0.90245557,0.9999918,0.9797169,0,0.7917986512184143
TSBD_WSSV_2c0825dfbc,1,1,2,0.8643923,0.0069238152,0.08435173,0.049205035,4.3877135e-06,0.010118388,0,0.06175823137164116,0.09358963,0.04845014,3.2387359e-06,0.009806497,0,0.14644315838813782,0.8220587,0.90234494,0.9999924,0.9800751,1,0.7917986512184143
TSBD_WSSV_21eca1a9bc,1,0,2,0.8603872,0.007424662,0.08060141,0.046533983,3.6230833e-06,0.009356507,0,0.06175823137164116,0.100550495,0.051123008,4.2417805e-06,0.010884362,0,0.14644315838813782,0.8188481,0.902343,0.99999213,0.9797591,0,0.7917986512184143
TSBD_WSSV_a7578fa09c,1,1,2,0.86448383,0.006913496,0.08404921,0.049356297,4.4363364e-06,0.010141666,0,0.06175823137164116,0.09377974,0.04832175,3.1983855e-06,0.009776915,0,0.14644315838813782,0.82217103,0.902322,0.9999924,0.98008144,1,0.7917986512184143
TSBD_WSSV_8acd11d1ec,1,0,2,0.86386645,0.00700788,0.08141622,0.047093794,3.7468947e-06,0.009493667,0,0.06175823137164116,0.096853666,0.05033061,3.896132e-06,0.01047633,0,0.14644315838813782,0.82173014,0.9025756,0.9999924,0.98003,0,0.7917986512184143
TSBD_WSSV_ce8f668353,1,1,2,0.86423653,0.0069483053,0.08415383,0.04877253,4.235237e-06,0.009999302,0,0.06175823137164116,0.09390418,0.048800223,3.3294566e-06,0.009904748,0,0.14644315838813782,0.82194203,0.90242726,0.9999924,0.98009604,1,0.7917986512184143
TSBD_WSSV_c5bb7f551a,1,0,2,0.86390793,0.007003611,0.08115528,0.047463484,3.8377734e-06,0.009562211,0,0.06175823137164116,0.09702655,0.050004635,3.774464e-06,0.010386217,0,0.14644315838813782,0.8218181,0.9025319,0.9999924,0.9800516,0,0.7917986512184143
TSBD_WSSV_95dc6e27d4,1,0,2,0.85876304,0.0076292213,0.07912915,0.046229832,3.4477412e-06,0.009182568,0,0.06175823137164116,0.103230126,0.051518884,4.303364e-06,0.011061228,0,0.14644315838813782,0.8176407,0.90225124,0.99999225,0.9797562,0,0.7917986512184143
TSBD_WSSV_309436940c,1,0,2,0.85820055,0.0076786187,0.07602035,0.043755397,2.869611e-06,0.008515737,0,0.06175823137164116,0.10702237,0.05412028,5.3844997e-06,0.011979122,0,0.14644315838813782,0.8169572,0.9021242,0.9999918,0.9795051,0,0.7917986512184143
TSBD_WSSV_29362e9f5a,1,0,2,0.8631594,0.0071051707,0.080632344,0.04741427,3.8035703e-06,0.009521019,0,0.06175823137164116,0.09805375,0.050013635,3.7607779e-06,0.01041995,0,0.14644315838813782,0.8213139,0.9025721,0.9999924,0.98005897,0,0.7917986512184143
TSBD_WSSV_e67891395a,1,0,2,0.8634212,0.0070549753,0.08322602,0.04763497,3.8895314e-06,0.009690672,0,0.06175823137164116,0.09549397,0.049840786,3.686378e-06,0.010266962,0,0.14644315838813782,0.82128,0.90252423,0.9999924,0.9800424,0,0.7917986512184143
TSBD_WSSV_2653717417,1,1,2,0.8642817,0.0069455067,0.083148636,0.048240907,4.085779e-06,0.009836613,0,0.06175823137164116,0.09485123,0.04930443,3.5414582e-06,0.010108914,0,0.14644315838813782,0.8220001,0.9024546,0.9999924,0.98005444,1,0.7917986512184143
TSBD_WSSV_c98c109e0f,1,0,2,0.8639222,0.0070087044,0.08065429,0.04794325,3.997566e-06,0.009662983,0,0.06175823137164116,0.09738122,0.04954916,3.6184194e-06,0.010269323,0,0.14644315838813782,0.8219645,0.9025076,0.9999924,0.9800676,0,0.7917986512184143
TSBD_WSSV_3339e18081,1,1,2,0.86398965,0.006984899,0.0820359,0.048122,4.0437317e-06,0.009759949,0,0.06175823137164116,0.096125305,0.049450606,3.587502e-06,0.010196802,0,0.14644315838813782,0.8218388,0.90242743,0.9999924,0.9800433,1,0.7917986512184143
TSBD_WSSV_f675da990c,1,1,2,0.8642345,0.006955686,0.0827261,0.047988255,4.0426753e-06,0.009774876,0,0.06175823137164116,0.09528245,0.04951212,3.606045e-06,0.01018058,0,0.14644315838813782,0.8219914,0.9024997,0.9999924,0.98004454,1,0.7917986512184143
TSBD_WSSV_e8d0267684,1,1,2,0.86404043,0.00696397,0.084091194,0.048543785,4.221297e-06,0.009969297,0,0.06175823137164116,0.09420192,0.049102258,3.4929628e-06,0.010039403,0,0.14644315838813782,0.82170683,0.90235394,0.9999924,0.9799913,1,0.7917986512184143
TSBD_WSSV_93ee9c6175,1,0,2,0.86343825,0.00707894,0.07978146,0.047032487,3.713197e-06,0.009404267,0,0.06175823137164116,0.098613344,0.05031419,3.911959e-06,0.010549882,0,0.14644315838813782,0.82160515,0.9026533,0.9999924,0.98004586,0,0.7917986512184143
TSBD_WSSV_56b93bffca,1,0,2,0.8633403,0.007024194,0.087344445,0.049471386,4.475213e-06,0.010313312,0,0.06175823137164116,0.09175942,0.04839129,3.1886755e-06,0.009708198,0,0.14644315838813782,0.82089615,0.90213734,0.99999225,0.9799785,0,0.7917986512184143
TSBD_WSSV_05e0a12846,1,0,2,0.8634902,0.0070259813,0.08745528,0.04852078,4.190664e-06,0.01009261,0,0.06175823137164116,0.09142893,0.04908135,3.4504121e-06,0.009911069,0,0.14644315838813782,0.82111573,0.9023978,0.9999924,0.97999626,0,0.7917986512184143
TSBD_WSSV_0bc0ac833f,1,0,2,0.8627491,0.007111947,0.08807229,0.04854781,4.1749513e-06,0.010115244,0,0.06175823137164116,0.09146016,0.04911453,3.444192e-06,0.009914462,0,0.14644315838813782,0.82046753,0.9023376,0.9999924,0.9799703,0,0.7917986512184143
TSBD_WSSV_026c64bd33,1,0,2,0.86295694,0.007111677,0.08168908,0.048770215,4.2367196e-06,0.009899819,0,0.06175823137164116,0.09719726,0.04895529,3.3833526e-06,0.0100751715,0,0.14644315838813782,0.82111365,0.90227455,0.9999924,0.98002505,0,0.7917986512184143
TSBD_WSSV_9f2b1f9f8f,1,0,2,0.85506415,0.008184371,0.07258347,0.04676688,3.693549e-06,0.009084725,0,0.06175823137164116,0.11119545,0.05107989,4.2316065e-06,0.011277204,0,0.14644315838813782,0.8162211,0.90215313,0.99999213,0.9796381,0,0.7917986512184143
TSBD_WSSV_38f10d750a,1,1,2,0.8644301,0.006926216,0.08369369,0.04833647,4.1356725e-06,0.009891423,0,0.06175823137164116,0.094212174,0.049195625,3.508032e-06,0.010055425,0,0.14644315838813782,0.8220942,0.9024679,0.9999924,0.9800531,1,0.7917986512184143
TSBD_WSSV_76536085a9,1,1,2,0.8642553,0.006952001,0.0824874,0.049077086,4.375828e-06,0.0100219175,0,0.06175823137164116,0.0953818,0.048577257,3.290962e-06,0.009914709,0,0.14644315838813782,0.82213074,0.9023456,0.99999225,0.9800633,1,0.7917986512184143
TSBD_WSSV_e36aec3084,1,0,2,0.84042513,0.0101164365,0.06686795,0.04460173,3.1267186e-06,0.0083905235,0,0.06175823137164116,0.12712467,0.05376077,5.4121383e-06,0.012752654,0,0.14644315838813782,0.80600744,0.9016375,0.99999154,0.97885674,0,0.7917986512184143
TSBD_WSSV_b632ff4665,1,0,2,0.8608657,0.0074250475,0.07698277,0.048081335,4.050648e-06,0.009550983,0,0.06175823137164116,0.10282876,0.049539328,3.6379581e-06,0.010484682,0,0.14644315838813782,0.8201884,0.9023793,0.99999225,0.9799643,0,0.7917986512184143
TSBD_WSSV_f392420764,1,1,1,0.55544734,0.051472396,0.062161747,0.04540305,3.5453972e-06,0.009474808,0,0.06175823137164116,0.56799144,0.84470165,0.9999243,0.94242233,1,0.14644315838813782,0.36984682,0.10989533,7.219926e-05,0.048102863,0,0.7917986512184143
TSBD_WSSV_08f57edf07,1,0,2,0.8609704,0.007413894,0.07699015,0.048803415,4.3241967e-06,0.009741608,0,0.06175823137164116,0.102582805,0.048951983,3.448747e-06,0.010308597,0,0.14644315838813782,0.82042706,0.9022447,0.99999225,0.97994983,0,0.7917986512184143
TSBD_WSSV_922a715bec,1,0,2,0.86380154,0.0069590732,0.0868221,0.048849463,4.2977535e-06,0.010149117,0,0.06175823137164116,0.091985025,0.049068797,3.4591296e-06,0.009936407,0,0.14644315838813782,0.82119286,0.9020817,0.99999225,0.9799145,0,0.7917986512184143
TSBD_WSSV_aa0b3c4c15,1,1,2,0.8641422,0.006919834,0.0815075,0.046969783,3.7445573e-06,0.009486256,0,0.06175823137164116,0.09694201,0.050982192,4.159737e-06,0.010680902,0,0.14644315838813782,0.8215505,0.902048,0.99999213,0.9798329,1,0.7917986512184143
TSBD_WSSV_daa4ba808b,1,1,2,0.8642506,0.0069121057,0.08515081,0.049241073,4.378818e-06,0.010153263,0,0.06175823137164116,0.09315029,0.048674162,3.276854e-06,0.009835833,0,0.14644315838813782,0.8216989,0.90208477,0.9999924,0.98001087,1,0.7917986512184143
TSBD_WSSV_311dd1baf7,1,1,2,0.8644795,0.0069055026,0.0848251,0.04839606,4.150307e-06,0.009951237,0,0.06175823137164116,0.0931866,0.04923887,3.5107698e-06,0.01002319,0,0.14644315838813782,0.8219883,0.902365,0.9999924,0.9800256,1,0.7917986512184143
TSBD_WSSV_34ee093e2e,1,0,2,0.86296153,0.0070793107,0.086113155,0.04863117,4.2324627e-06,0.010070447,0,0.06175823137164116,0.09324636,0.049143735,3.4957352e-06,0.010013456,0,0.14644315838813782,0.82064044,0.90222514,0.99999225,0.9799161,0,0.7917986512184143
TSBD_WSSV_cbb32ff38a,1,0,2,0.8487088,0.009150287,0.06815272,0.047043554,3.783267e-06,0.008962597,0,0.06175823137164116,0.11840123,0.05049395,4.0520927e-06,0.0113811055,0,0.14644315838813782,0.81344604,0.9024625,0.99999213,0.97965634,0,0.7917986512184143
TSBD_WSSV_9291ca740d,1,0,2,0.86313814,0.007070247,0.08718131,0.04833331,4.0746004e-06,0.010009105,0,0.06175823137164116,0.09198401,0.04926497,3.4745042e-06,0.009964123,0,0.14644315838813782,0.82083464,0.9024017,0.9999925,0.9800267,0,0.7917986512184143
TSBD_WSSV_73bc44153b,1,0,2,0.86250746,0.00714563,0.090359494,0.048834905,4.2819947e-06,0.010285979,0,0.06175823137164116,0.089349926,0.0487833,3.347608e-06,0.0097487485,0,0.14644315838813782,0.82029057,0.9023818,0.9999924,0.97996527,0,0.7917986512184143
TSBD_WSSV_4491558e57,1,0,2,0.85996085,0.007476857,0.094803534,0.048586182,4.22628e-06,0.010416032,0,0.06175823137164116,0.086768575,0.049007557,3.4285044e-06,0.009722041,0,0.14644315838813782,0.8184279,0.90240633,0.9999924,0.9798619,0,0.7917986512184143
TSBD_WSSV_1ee4a00587,1,1,2,0.86436987,0.006923955,0.0845622,0.048634067,4.230934e-06,0.0100010885,0,0.06175823137164116,0.09347556,0.04898274,3.4016775e-06,0.00994781,0,0.14644315838813782,0.82196224,0.90238327,0.9999924,0.98005104,1,0.7917986512184143
TSBD_WSSV_ecb905238d,1,0,2,0.86313766,0.0070677977,0.084040105,0.047491472,3.937767e-06,0.009735618,0,0.06175823137164116,0.095105365,0.05017429,3.8643366e-06,0.010381724,0,0.14644315838813782,0.82085454,0.9023342,0.99999225,0.97988266,0,0.7917986512184143
TSBD_WSSV_ccd255a2df,1,0,2,0.863942,0.006968,0.087484024,0.048893925,4.3234386e-06,0.010190816,0,0.06175823137164116,0.09103768,0.048736818,3.3243105e-06,0.009790546,0,0.14644315838813782,0.8214783,0.90236926,0.9999924,0.9800186,0,0.7917986512184143
TSBD_WSSV_584c5a10d0,1,0,2,0.8621298,0.0071652057,0.088311456,0.04887109,4.3534174e-06,0.010243216,0,0.06175823137164116,0.09188134,0.049047183,3.4472935e-06,0.009928699,0,0.14644315838813782,0.81980723,0.9020817,0.99999213,0.9798281,0,0.7917986512184143
TSBD_WSSV_aa58f57ab0,1,0,2,0.85918635,0.007595647,0.09308551,0.046631403,3.601876e-06,0.009841278,0,0.06175823137164116,0.088871315,0.050833423,4.0481536e-06,0.010304261,0,0.14644315838813782,0.8180432,0.9025352,0.9999924,0.97985446,0,0.7917986512184143
TSBD_WSSV_4f3b6f89a8,1,0,2,0.8639551,0.0069668544,0.086893864,0.048834715,4.33128e-06,0.0101643335,0,0.06175823137164116,0.09160305,0.04880296,3.3963877e-06,0.009859482,0,0.14644315838813782,0.8215031,0.9023623,0.9999924,0.9799762,0,0.7917986512184143
TSBD_WSSV_279702ba92,1,0,2,0.8633944,0.0070360703,0.08447967,0.049310017,4.40214e-06,0.010144203,0,0.06175823137164116,0.0943335,0.048488554,3.2048092e-06,0.009820469,0,0.14644315838813782,0.8211868,0.9022015,0.9999924,0.9800353,0,0.7917986512184143
TSBD_WSSV_9dc876dd17,1,0,2,0.8581111,0.007775562,0.07395057,0.045494538,3.3002834e-06,0.008823166,0,0.06175823137164116,0.1081158,0.051991984,4.6156897e-06,0.011444133,0,0.14644315838813782,0.8179336,0.90251344,0.999992,0.97973275,0,0.7917986512184143
TSBD_WSSV_0ce34b5766,1,0,2,0.8638352,0.006983188,0.085256055,0.04836194,4.0929126e-06,0.009940638,0,0.06175823137164116,0.09330468,0.04928664,3.4712982e-06,0.010011979,0,0.14644315838813782,0.8214393,0.90235144,0.9999925,0.98004735,0,0.7917986512184143
TSBD_WSSV_6c3afb6716,1,0,2,0.8618251,0.0072287414,0.085156344,0.048227727,4.0526616e-06,0.009910794,0,0.06175823137164116,0.09504469,0.049491946,3.545182e-06,0.010144806,0,0.14644315838813782,0.81979895,0.9022803,0.9999924,0.9799444,0,0.7917986512184143
TSBD_WSSV_366db07a25,1,1,2,0.86436194,0.0069286926,0.08392626,0.049120665,4.3897307e-06,0.01009349,0,0.06175823137164116,0.094016105,0.048540033,3.267305e-06,0.009847463,0,0.14644315838813782,0.82205766,0.9023393,0.9999924,0.980059,1,0.7917986512184143
TSBD_WSSV_b84a0005bf,1,0,2,0.8637786,0.007003135,0.08286405,0.047918253,3.962684e-06,0.009737293,0,0.06175823137164116,0.09558562,0.04966967,3.6445947e-06,0.0102304565,0,0.14644315838813782,0.8215503,0.9024121,0.9999924,0.98003227,0,0.7917986512184143
TSBD_WSSV_6624c91a73,1,1,2,0.8641223,0.006960756,0.0858684,0.047879554,3.9878187e-06,0.009867234,0,0.06175823137164116,0.092406325,0.049588557,3.5997407e-06,0.010076521,0,0.14644315838813782,0.8217253,0.9025319,0.9999925,0.9800562,1,0.7917986512184143
TSBD_WSSV_8a1517bc0e,1,0,2,0.86376035,0.007028429,0.08076451,0.048834812,4.312057e-06,0.00989742,0,0.06175823137164116,0.097289175,0.04878875,3.3698793e-06,0.010051225,0,0.14644315838813782,0.8219464,0.90237635,0.9999924,0.9800514,0,0.7917986512184143
TSBD_WSSV_cada06cffd,1,0,2,0.8637397,0.006991259,0.08300857,0.049653452,4.608626e-06,0.010204945,0,0.06175823137164116,0.09541107,0.048303436,3.206539e-06,0.009841996,0,0.14644315838813782,0.82158035,0.90204304,0.99999213,0.97995305,0,0.7917986512184143
TSBD_WSSV_72abeff3dc,1,0,2,0.8626302,0.007123829,0.08896552,0.04845748,4.231115e-06,0.010169418,0,0.06175823137164116,0.09069058,0.049227472,3.5363514e-06,0.009947556,0,0.14644315838813782,0.82034385,0.902315,0.99999225,0.979883,0,0.7917986512184143
TSBD_WSSV_71629aa3f2,1,1,2,0.86453336,0.0069161654,0.083163045,0.048878677,4.299484e-06,0.0099963825,0,0.06175823137164116,0.09456157,0.04871031,3.3133183e-06,0.009909741,0,0.14644315838813782,0.8222754,0.90241104,0.9999924,0.9800939,1,0.7917986512184143
TSBD_WSSV_bd69e16b82,1,0,2,0.861803,0.007303646,0.077723674,0.04785451,4.006642e-06,0.009539343,0,0.06175823137164116,0.1015113,0.049645387,3.6471915e-06,0.010450106,0,0.14644315838813782,0.82076496,0.90250003,0.99999225,0.98001057,0,0.7917986512184143
TSBD_WSSV_6fd5eb945a,1,0,2,0.84711564,0.009262483,0.069758385,0.04609131,3.4588058e-06,0.008802699,0,0.06175823137164116,0.11923871,0.051793493,4.466293e-06,0.011778842,0,0.14644315838813782,0.81100285,0.9021152,0.99999213,0.97941846,0,0.7917986512184143
TSBD_WSSV_7ed3990ccb,1,0,2,0.7982623,0.008513803,0.0652169,0.027964221,1.5233845e-06,0.0057929135,0,0.06175823137164116,0.13498932,0.2130744,0.0064501553,0.09901381,0,0.14644315838813782,0.7997938,0.75896144,0.99354833,0.89519334,0,0.7917986512184143
TSBD_WSSV_8b1c70a3bc,1,1,2,0.86409473,0.006429279,0.07648463,0.03686149,1.5929179e-06,0.0070193643,0,0.06175823137164116,0.10449172,0.06728097,1.546027e-05,0.016170518,0,0.14644315838813782,0.8190237,0.8958575,0.99998295,0.9768101,1,0.7917986512184143
TSBD_WSSV_f583f8e371,1,0,2,0.84121776,0.010016119,0.068078764,0.043920457,2.933473e-06,0.008276815,0,0.06175823137164116,0.12567222,0.053971432,5.515074e-06,0.012768813,0,0.14644315838813782,0.806249,0.9021081,0.99999154,0.9789544,0,0.7917986512184143
TSBD_WSSV_493953f127,1,0,2,0.86175585,0.0072899563,0.07882324,0.04772883,3.921443e-06,0.00953521,0,0.06175823137164116,0.10071412,0.049833786,3.7206303e-06,0.010482177,0,0.14644315838813782,0.8204626,0.90243745,0.9999924,0.9799826,0,0.7917986512184143
TSBD_WSSV_1139b0bbb2,1,0,2,0.8615607,0.007309187,0.08043107,0.04806405,4.042436e-06,0.009692747,0,0.06175823137164116,0.09937705,0.0494672,3.6016838e-06,0.010332246,0,0.14644315838813782,0.8201919,0.9024688,0.9999924,0.979975,0,0.7917986512184143
TSBD_WSSV_735499e204,1,0,2,0.85340506,0.008272563,0.0793739,0.04518862,3.227966e-06,0.008994408,0,0.06175823137164116,0.10751286,0.052881658,4.9717614e-06,0.011704077,0,0.14644315838813782,0.8131133,0.9019298,0.9999918,0.9793015,0,0.7917986512184143
TSBD_WSSV_01066cc969,1,0,2,0.85943484,0.0076237237,0.07504175,0.047245193,3.847458e-06,0.00929765,0,0.06175823137164116,0.1056771,0.050294407,3.954732e-06,0.010839822,0,0.14644315838813782,0.8192812,0.90246034,0.99999225,0.9798625,0,0.7917986512184143
TSBD_WSSV_941d089361,1,0,2,0.8568685,0.007925279,0.07593527,0.046006903,3.4465374e-06,0.009032399,0,0.06175823137164116,0.107234895,0.051482067,4.3889095e-06,0.0112521425,0,0.14644315838813782,0.81682986,0.902511,0.99999213,0.97971547,0,0.7917986512184143
TSBD_WSSV_629e5c7c92,1,0,2,0.84710383,0.009006186,0.09005788,0.045404147,3.319027e-06,0.009495026,0,0.06175823137164116,0.102470264,0.05320521,5.1302172e-06,0.011639493,0,0.14644315838813782,0.8074719,0.90139073,0.99999154,0.9788655,0,0.7917986512184143
TSBD_WSSV_cf01831715,1,0,2,0.8599484,0.007486129,0.07734055,0.04617055,3.5563176e-06,0.009155557,0,0.06175823137164116,0.10393552,0.05162118,4.541305e-06,0.011211249,0,0.14644315838813782,0.818724,0.90220827,0.9999919,0.9796332,0,0.7917986512184143
TSBD_WSSV_2c0f3e0b28,1,0,2,0.86274314,0.0071492083,0.07998175,0.04796049,4.0476284e-06,0.009663632,0,0.06175823137164116,0.09897457,0.049681474,3.6936797e-06,0.010386487,0,0.14644315838813782,0.82104367,0.902358,0.99999225,0.9799499,0,0.7917986512184143
TSBD_WSSV_801c0b8b82,1,0,2,0.86241525,0.0072110966,0.07959914,0.048729733,4.3142527e-06,0.009841536,0,0.06175823137164116,0.09930774,0.048878755,3.4290438e-06,0.010170425,0,0.14644315838813782,0.8210931,0.9023915,0.99999225,0.9799881,0,0.7917986512184143
TSBD_WSSV_f2274525f7,1,1,2,0.8646047,0.0068929065,0.08540887,0.049108833,4.395755e-06,0.010156655,0,0.06175823137164116,0.09245469,0.048524387,3.2759945e-06,0.009793139,0,0.14644315838813782,0.82213646,0.90236676,0.9999924,0.9800502,1,0.7917986512184143
TSBD_WSSV_2e17c58aad,1,1,2,0.8643867,0.006915156,0.08638119,0.049096845,4.3957457e-06,0.010196793,0,0.06175823137164116,0.0917276,0.048548084,3.2787163e-06,0.009770789,0,0.14644315838813782,0.8218912,0.90235513,0.99999225,0.98003244,1,0.7917986512184143
TSBD_WSSV_bb9d07b1e5,1,1,2,0.8645096,0.0069229146,0.08416369,0.04744286,3.834997e-06,0.009680115,0,0.06175823137164116,0.09370733,0.049938265,3.7476027e-06,0.010238196,0,0.14644315838813782,0.8221289,0.9026189,0.9999925,0.98008174,1,0.7917986512184143
TSBD_WSSV_950d6de8a1,1,0,2,0.86038285,0.007031517,0.074058,0.03908585,1.9486865e-06,0.0074260747,0,0.06175823137164116,0.109919414,0.06254706,1.0966973e-05,0.01488465,0,0.14644315838813782,0.8160225,0.898367,0.9999871,0.9776892,0,0.7917986512184143
TSBD_WSSV_0b909fea6f,1,0,2,0.8582621,0.007746998,0.07694413,0.046962693,3.7447437e-06,0.00930844,0,0.06175823137164116,0.10510695,0.05057999,4.0255086e-06,0.010891001,0,0.14644315838813782,0.81794894,0.90245736,0.99999225,0.9798006,0,0.7917986512184143
TSBD_WSSV_50b41d3123,1,1,2,0.8641393,0.006953694,0.084376164,0.04692435,3.7005054e-06,0.009573553,0,0.06175823137164116,0.09392352,0.05059017,4.028612e-06,0.010457959,0,0.14644315838813782,0.82170033,0.9024855,0.99999225,0.9799685,1,0.7917986512184143
TSBD_WSSV_1d66e28720,1,1,2,0.8645549,0.0069271615,0.082047805,0.04824109,4.0946147e-06,0.00979354,0,0.06175823137164116,0.095563516,0.049206384,3.4920508e-06,0.010096338,0,0.14644315838813782,0.8223887,0.9025525,0.9999925,0.9801101,1,0.7917986512184143
TSBD_WSSV_f9303a9060,1,0,2,0.85881907,0.007736029,0.07478098,0.04902057,4.3634186e-06,0.009683423,0,0.06175823137164116,0.10570574,0.04868817,3.3542738e-06,0.010338584,0,0.14644315838813782,0.81951326,0.90229124,0.99999225,0.97997797,0,0.7917986512184143
TSBD_WSSV_ffd6ae5c1c,1,1,2,0.86416847,0.0069360333,0.08621971,0.049338225,4.469298e-06,0.010247719,0,0.06175823137164116,0.0920863,0.04839693,3.2220507e-06,0.009737494,0,0.14644315838813782,0.82169396,0.90226483,0.9999924,0.9800148,1,0.7917986512184143
TSBD_WSSV_6a97515cc2,1,0,2,0.8443447,0.009786458,0.06735237,0.04764354,3.934914e-06,0.009056336,0,0.06175823137164116,0.12147019,0.04984886,3.7733296e-06,0.0112666385,0,0.14644315838813782,0.8111775,0.9025076,0.99999225,0.979677,0,0.7917986512184143
TSBD_WSSV_6a19d7effb,1,0,2,0.8489757,0.009032596,0.07437957,0.048172433,4.090399e-06,0.009492069,0,0.06175823137164116,0.11327381,0.049417842,3.5884875e-06,0.010837147,0,0.14644315838813782,0.8123467,0.9024097,0.9999924,0.97967076,0,0.7917986512184143
TSBD_WSSV_9872bb742f,1,0,2,0.86306316,0.007086522,0.08425333,0.04771005,3.943096e-06,0.009767263,0,0.06175823137164116,0.09487825,0.049867027,3.7443797e-06,0.010279595,0,0.14644315838813782,0.8208685,0.90242296,0.9999924,0.9799531,0,0.7917986512184143
TSBD_WSSV_e44f2c0a8a,1,1,2,0.86420757,0.006963009,0.0820415,0.048576843,4.2137112e-06,0.009881667,0,0.06175823137164116,0.09585936,0.048994154,3.4452532e-06,0.010061747,0,0.14644315838813782,0.8220992,0.9024291,0.9999924,0.9800566,1,0.7917986512184143
TSBD_WSSV_f1294af3d4,1,0,2,0.80381244,0.015077369,0.14574505,0.052236088,5.5296305e-06,0.013407154,0,0.06175823137164116,0.07412873,0.04772068,3.1297134e-06,0.009067072,0,0.14644315838813782,0.7801262,0.9000432,0.9999914,0.9775258,0,0.7917986512184143
TSBD_WSSV_264790eb51,1,0,2,0.86198324,0.0072159506,0.08906542,0.04790526,4.0419422e-06,0.010030047,0,0.06175823137164116,0.091031976,0.049662713,3.7206191e-06,0.010103432,0,0.14644315838813782,0.81990266,0.90243196,0.99999225,0.9798665,0,0.7917986512184143
TSBD_WSSV_11430ce0d0,1,0,2,0.8631519,0.0070324643,0.08788326,0.050158616,4.7383924e-06,0.01052066,0,0.06175823137164116,0.09145339,0.047889605,3.0625065e-06,0.009574987,0,0.14644315838813782,0.82066333,0.9019517,0.99999213,0.97990435,0,0.7917986512184143
TSBD_WSSV_74c3607b95,1,0,2,0.863482,0.0070421305,0.08255981,0.046834316,3.6218582e-06,0.009454314,0,0.06175823137164116,0.096179426,0.050661497,3.94995e-06,0.01051291,0,0.14644315838813782,0.82126075,0.9025042,0.9999925,0.9800328,0,0.7917986512184143
TSBD_WSSV_2c43cd74d0,1,0,2,0.86093706,0.0073407115,0.09220088,0.048569683,4.180545e-06,0.010289087,0,0.06175823137164116,0.08875807,0.04908553,3.4365803e-06,0.00980925,0,0.14644315838813782,0.8190411,0.9023447,0.9999924,0.97990173,0,0.7917986512184143
TSBD_WSSV_59d2b7350f,1,1,2,0.86430246,0.00693654,0.08381682,0.04913143,4.3746277e-06,0.010083205,0,0.06175823137164116,0.09416216,0.048533972,3.2594373e-06,0.009847787,0,0.14644315838813782,0.82202107,0.90233463,0.9999924,0.98006904,1,0.7917986512184143
TSBD_WSSV_5e189248db,1,0,2,0.86228335,0.0071858317,0.09091107,0.048168324,4.0846335e-06,0.010147998,0,0.06175823137164116,0.08887229,0.04934671,3.5218227e-06,0.009880499,0,0.14644315838813782,0.8202167,0.902485,0.9999924,0.9799715,0,0.7917986512184143
TSBD_WSSV_9f5ca0e80d,1,0,2,0.786434,0.01804705,0.15599328,0.049192023,4.452968e-06,0.012828565,0,0.06175823137164116,0.0703698,0.048805345,3.4072873e-06,0.009170348,0,0.14644315838813782,0.7736369,0.90200263,0.99999213,0.97800106,0,0.7917986512184143
TSBD_WSSV_b626137b45,1,0,2,0.86065423,0.0074039726,0.091195606,0.047066342,3.6933743e-06,0.009857602,0,0.06175823137164116,0.08974815,0.050353546,3.856187e-06,0.0101924855,0,0.14644315838813782,0.8190563,0.90258014,0.9999925,0.9799499,0,0.7917986512184143
TSBD_WSSV_27c2a5d56f,1,1,2,0.86424327,0.006928767,0.08441487,0.04919362,4.422084e-06,0.010136606,0,0.06175823137164116,0.09374677,0.048596658,3.305415e-06,0.009866534,0,0.14644315838813782,0.8218384,0.9022097,0.99999225,0.9799968,1,0.7917986512184143
TSBD_WSSV_eee60542d7,1,0,2,0.6672529,0.03690836,0.057808384,0.03841259,1.9126e-06,0.007084196,0,0.06175823137164116,0.249657,0.0641207,1.2904751e-05,0.021808472,0,0.14644315838813782,0.6925346,0.8974667,0.9999852,0.97110736,0,0.7917986512184143
TSBD_WSSV_d9ea0715c2,1,1,2,0.8644687,0.006928105,0.08351321,0.04825918,4.07551e-06,0.009847929,0,0.06175823137164116,0.09431234,0.04920645,3.4616025e-06,0.010033383,0,0.14644315838813782,0.82217455,0.9025344,0.9999925,0.9801187,1,0.7917986512184143
TSBD_WSSV_514bb3ccf8,1,0,2,0.5665518,0.05816725,0.2859847,0.048484158,4.154246e-06,0.016485687,0,0.06175823137164116,0.06868091,0.049588077,3.605161e-06,0.009825755,0,0.14644315838813782,0.6453344,0.9019278,0.99999225,0.97368854,0,0.7917986512184143
TSBD_WSSV_d3cfe64d62,1,0,2,0.8613632,0.007251056,0.09275904,0.050154973,4.7092235e-06,0.010714121,0,0.06175823137164116,0.0881349,0.04785028,3.0281037e-06,0.009432672,0,0.14644315838813782,0.819106,0.90199476,0.99999225,0.97985315,0,0.7917986512184143
TSBD_WSSV_f825fa69cd,1,1,2,0.86431545,0.0069352584,0.08514956,0.048337646,4.1004605e-06,0.009935541,0,0.06175823137164116,0.09294149,0.049187243,3.4487318e-06,0.009974046,0,0.14644315838813782,0.82190895,0.9024751,0.9999925,0.98009044,1,0.7917986512184143
TSBD_WSSV_b899fa53da,1,1,2,0.86411405,0.0069630863,0.08268635,0.04941058,4.4956982e-06,0.010116276,0,0.06175823137164116,0.0953131,0.0483434,3.2213743e-06,0.009849267,0,0.14644315838813782,0.8220005,0.902246,0.99999225,0.9800345,1,0.7917986512184143
TSBD_WSSV_8b9052d96f,1,0,2,0.85287535,0.008505148,0.07366897,0.047287527,3.7524055e-06,0.009211992,0,0.06175823137164116,0.11143767,0.050239976,3.8377484e-06,0.010991445,0,0.14644315838813782,0.8148933,0.9024725,0.9999925,0.9797965,0,0.7917986512184143
TSBD_WSSV_376e37e18c,1,0,2,0.8436045,0.009884215,0.06681834,0.047281206,3.8165635e-06,0.008947142,0,0.06175823137164116,0.12255228,0.050211243,3.893936e-06,0.01141241,0,0.14644315838813782,0.8106293,0.9025076,0.99999225,0.97964036,0,0.7917986512184143
TSBD_WSSV_33b7d18fc1,1,0,2,0.8618148,0.0072357086,0.092551365,0.048876647,4.27236e-06,0.010374232,0,0.06175823137164116,0.087665156,0.04873274,3.2969938e-06,0.009652177,0,0.14644315838813782,0.8197835,0.90239054,0.9999924,0.9799736,0,0.7917986512184143
TSBD_WSSV_5ae365cdb5,1,0,2,0.86273605,0.0070976773,0.08492437,0.047212496,3.8948674e-06,0.009725848,0,0.06175823137164116,0.094719335,0.050625656,4.057746e-06,0.010512821,0,0.14644315838813782,0.82035625,0.9021618,0.999992,0.97976136,0,0.7917986512184143
TSBD_WSSV_48983cce39,1,0,2,0.8332429,0.010834941,0.12567817,0.053540066,6.039933e-06,0.013006683,0,0.06175823137164116,0.07612386,0.046301022,2.6065725e-06,0.00864123,0,0.14644315838813782,0.798198,0.9001588,0.9999913,0.97835207,0,0.7917986512184143
TSBD_WSSV_f41afb12de,1,0,2,0.8634689,0.0070312833,0.087077454,0.047665946,3.9262814e-06,0.00986729,0,0.06175823137164116,0.09181661,0.04989631,3.7218085e-06,0.010151842,0,0.14644315838813782,0.82110584,0.90243775,0.9999924,0.9799809,0,0.7917986512184143
TSBD_WSSV_719214e8fc,1,0,2,0.86267793,0.007170692,0.0790879,0.048235215,4.080729e-06,0.009666344,0,0.06175823137164116,0.09970638,0.049401715,3.540614e-06,0.010299469,0,0.14644315838813782,0.8212057,0.90236294,0.9999924,0.9800342,0,0.7917986512184143
TSBD_WSSV_f9b891c236,1,0,2,0.86394536,0.0070022717,0.08116583,0.048298147,4.0771583e-06,0.009755486,0,0.06175823137164116,0.0968684,0.049239203,3.486959e-06,0.010146615,0,0.14644315838813782,0.8219657,0.90246266,0.9999925,0.9800979,0,0.7917986512184143
TSBD_WSSV_60bf799ad0,1,0,2,0.86111355,0.0073301913,0.09253556,0.048497833,4.168944e-06,0.010288573,0,0.06175823137164116,0.088188685,0.049051043,3.385328e-06,0.009753784,0,0.14644315838813782,0.8192757,0.9024511,0.9999925,0.97995764,0,0.7917986512184143
TSBD_WSSV_3221471a09,1,0,2,0.86053145,0.007406026,0.089113794,0.04681112,3.6849433e-06,0.009750059,0,0.06175823137164116,0.09207136,0.050691824,4.0665873e-06,0.010425454,0,0.14644315838813782,0.8188149,0.90249705,0.99999225,0.9798245,0,0.7917986512184143
TSBD_WSSV_81c77d6283,1,0,2,0.857539,0.0077992636,0.09766525,0.047867585,3.964324e-06,0.010328455,0,0.06175823137164116,0.085508086,0.049775004,3.6474391e-06,0.009868,0,0.14644315838813782,0.81682664,0.90235734,0.9999924,0.9798035,0,0.7917986512184143
TSBD_WSSV_7ba0bac7cd,1,0,2,0.8622007,0.007174476,0.08653825,0.04850053,4.1261465e-06,0.010027446,0,0.06175823137164116,0.09344553,0.049258024,3.4706493e-06,0.010019932,0,0.14644315838813782,0.82001615,0.90224147,0.9999924,0.9799526,0,0.7917986512184143
TSBD_WSSV_b8b164e72b,1,0,2,0.8623937,0.007194956,0.08164991,0.047968924,3.974432e-06,0.009700685,0,0.06175823137164116,0.09767995,0.049533837,3.5899288e-06,0.010267998,0,0.14644315838813782,0.8206701,0.90249723,0.9999925,0.9800313,0,0.7917986512184143
TSBD_WSSV_7942e3c67c,1,1,2,0.86404586,0.0069742734,0.08359225,0.048753593,4.2388738e-06,0.009976154,0,0.06175823137164116,0.09457348,0.048829686,3.3583071e-06,0.009949541,0,0.14644315838813782,0.82183427,0.90241677,0.9999924,0.9800743,1,0.7917986512184143
TSBD_WSSV_e572949946,1,0,2,0.8529122,0.008422596,0.10220721,0.047454093,3.8589965e-06,0.010408674,0,0.06175823137164116,0.08402149,0.050202884,3.8930266e-06,0.009985754,0,0.14644315838813782,0.81377125,0.902343,0.99999225,0.9796056,0,0.7917986512184143
TSBD_WSSV_a204c36610,1,0,2,0.863103,0.007102291,0.08271827,0.047882196,3.928743e-06,0.009712883,0,0.06175823137164116,0.0961541,0.049570177,3.5727185e-06,0.0102034295,0,0.14644315838813782,0.8211276,0.90254766,0.9999925,0.98008364,0,0.7917986512184143
TSBD_WSSV_9c4b4f11b8,1,0,2,0.772565,0.019983009,0.1655364,0.05073807,4.9612986e-06,0.013633362,0,0.06175823137164116,0.07114611,0.048368063,3.1807017e-06,0.009084054,0,0.14644315838813782,0.76331747,0.9008938,0.9999918,0.9772826,0,0.7917986512184143
TSBD_WSSV_687a703a75,1,0,2,0.8597045,0.0074842973,0.08254585,0.047953613,4.0050904e-06,0.0097612105,0,0.06175823137164116,0.099290945,0.0500209,3.7987916e-06,0.010501073,0,0.14644315838813782,0.81816316,0.9020255,0.99999213,0.97973776,0,0.7917986512184143
TSBD_WSSV_60273dd644,1,0,2,0.86353546,0.0070119407,0.086331785,0.049275886,4.4176754e-06,0.010225157,0,0.06175823137164116,0.09250771,0.048486926,3.227636e-06,0.009766893,0,0.14644315838813782,0.8211605,0.9022372,0.9999924,0.98000795,0,0.7917986512184143
TSBD_WSSV_c29e86db5b,1,0,2,0.86290216,0.007122419,0.08207151,0.04771005,3.8961693e-06,0.009655068,0,0.06175823137164116,0.09697731,0.049814835,3.6628776e-06,0.010308525,0,0.14644315838813782,0.82095116,0.9024752,0.9999924,0.98003644,0,0.7917986512184143
TSBD_WSSV_79fa511ed0,1,0,2,0.86245334,0.007165593,0.089527994,0.048163317,4.019997e-06,0.010060923,0,0.06175823137164116,0.090131454,0.04931962,3.4998588e-06,0.009914261,0,0.14644315838813782,0.8203406,0.902517,0.9999925,0.9800248,0,0.7917986512184143
TSBD_WSSV_58e35ef754,1,0,2,0.86332256,0.0070516113,0.08632615,0.048627544,4.199767e-06,0.010061663,0,0.06175823137164116,0.09262908,0.048959438,3.39076e-06,0.009911181,0,0.14644315838813782,0.8210447,0.90241295,0.9999925,0.9800272,0,0.7917986512184143
TSBD_WSSV_1ce4e5b49f,1,0,2,0.8541699,0.0077687865,0.09046419,0.035812836,1.4258469e-06,0.0072034816,0,0.06175823137164116,0.0941117,0.071422406,1.9299041e-05,0.016778445,0,0.14644315838813782,0.81542414,0.89276475,0.99997926,0.9760181,0,0.7917986512184143
TSBD_WSSV_ea57134108,1,0,2,0.86396337,0.006954305,0.080939114,0.04365134,2.8600045e-06,0.008673942,0,0.06175823137164116,0.097653575,0.054081134,5.547765e-06,0.011645913,0,0.14644315838813782,0.8214074,0.9022676,0.99999154,0.9796801,0,0.7917986512184143
TSBD_WSSV_8b1af1900d,1,0,2,0.86396325,0.006967728,0.0834307,0.049420662,4.494828e-06,0.010149978,0,0.06175823137164116,0.09484001,0.04842404,3.2199305e-06,0.009839963,0,0.14644315838813782,0.82172924,0.9021552,0.99999225,0.9800101,0,0.7917986512184143
TSBD_WSSV_2f46cb1b79,1,1,2,0.8644422,0.006927888,0.08374494,0.048426162,4.119627e-06,0.009894393,0,0.06175823137164116,0.094123185,0.049078997,3.4268799e-06,0.009994776,0,0.14644315838813782,0.8221319,0.9024948,0.9999924,0.98011076,1,0.7917986512184143
TSBD_WSSV_383e727d4a,1,0,2,0.8471677,0.009203056,0.10920511,0.048402105,4.1101976e-06,0.010901457,0,0.06175823137164116,0.080825485,0.04923865,3.4702325e-06,0.009558493,0,0.14644315838813782,0.8099694,0.9023592,0.9999925,0.97954005,0,0.7917986512184143
TSBD_WSSV_b076b7af44,1,1,2,0.86415005,0.006935728,0.08603835,0.04923315,4.4169005e-06,0.010206491,0,0.06175823137164116,0.092301264,0.04852825,3.2630485e-06,0.009782269,0,0.14644315838813782,0.82166034,0.90223855,0.9999924,0.9800112,1,0.7917986512184143
TSBD_WSSV_6a65b3c303,1,0,2,0.8634895,0.0070298333,0.086438216,0.04824187,4.0534082e-06,0.00995896,0,0.06175823137164116,0.09241099,0.049331605,3.4982004e-06,0.009998634,0,0.14644315838813782,0.8211509,0.9024265,0.9999925,0.9800424,0,0.7917986512184143
TSBD_WSSV_d552ad13be,1,0,2,0.8620685,0.0071772067,0.07945031,0.0444041,3.0657925e-06,0.00881202,0,0.06175823137164116,0.100747675,0.05348417,5.1888746e-06,0.011567552,0,0.14644315838813782,0.819802,0.9021117,0.99999166,0.97962046,0,0.7917986512184143
TSBD_WSSV_64069923e3,1,0,2,0.83045524,0.011542212,0.12448371,0.04856572,4.1812623e-06,0.011516229,0,0.06175823137164116,0.07569776,0.049416613,3.5452965e-06,0.009435466,0,0.14644315838813782,0.79981846,0.90201765,0.99999225,0.9790483,0,0.7917986512184143
