sample_id,tri_consensus,selected,consensus_class,tri_score,source_ema_js,p_source_BG,p_ema_BG,p_proto_BG,q_consensus_BG,selected_BG,target_prior_BG,p_source_Healthy,p_ema_Healthy,p_proto_Healthy,q_consensus_Healthy,selected_Healthy,target_prior_Healthy,p_source_WSSV,p_ema_WSSV,p_proto_WSSV,q_consensus_WSSV,selected_WSSV,target_prior_WSSV
TSBD_BG_b9ded89290,1,1,0,0.8837112,0.0062793745,0.8499111,0.92067814,0.99998105,0.98056674,1,0.11962921172380447,0.07410187,0.040890258,1.5405005e-05,0.011208592,0,0.38711637258529663,0.07598704,0.038431603,3.6057327e-06,0.008224636,0,0.49325448274612427
TSBD_BG_ec6804e1c1,1,1,0,0.88414645,0.0062320414,0.85025936,0.9207894,0.99998105,0.9805864,1,0.11962921172380447,0.07524921,0.040818907,1.5349924e-05,0.011250118,0,0.38711637258529663,0.07449144,0.038391653,3.6081922e-06,0.008163454,0,0.49325448274612427
TSBD_BG_e6c7f786d1,1,1,0,0.88328624,0.0063166963,0.8494048,0.9205863,0.99997985,0.98036253,1,0.11962921172380447,0.07775127,0.041522063,1.6714956e-05,0.011667115,0,0.38711637258529663,0.07284393,0.03789169,3.4247657e-06,0.007970361,0,0.49325448274612427
TSBD_BG_27046d49de,1,1,0,0.88026005,0.00671867,0.84751785,0.9205568,0.99997985,0.980356,1,0.11962921172380447,0.072472475,0.04147973,1.6667535e-05,0.011380769,0,0.38711637258529663,0.08000962,0.037963375,3.452515e-06,0.008263266,0,0.49325448274612427
TSBD_BG_ef94f9e30a,0,0,0,0.23834316,0.18125087,0.10398955,0.66602355,0.9602203,0.5636138,0,0.11962921172380447,0.101549156,0.03274413,2.8850718e-06,0.011328406,0,0.38711637258529663,0.7944613,0.3012323,0.039776847,0.42505777,0,0.49325448274612427
TSBD_BG_014cc1626a,1,0,2,0.8123011,0.0121196695,0.07721689,0.046658818,7.690105e-06,0.010987367,0,0.11962921172380447,0.15159628,0.06768161,4.1729195e-06,0.014555551,0,0.38711637258529663,0.7711868,0.8856596,0.9999881,0.9744571,0,0.49325448274612427
TSBD_BG_ab942e7799,1,0,1,0.57052726,0.028856058,0.29466033,0.33170286,0.0047509763,0.17153256,0,0.11962921172380447,0.5258504,0.6319408,0.9952474,0.8176786,0,0.38711637258529663,0.17948927,0.036356334,1.6108412e-06,0.010788853,0,0.49325448274612427
TSBD_BG_92d3bac25d,1,1,0,0.8607294,0.009234402,0.83359283,0.9201644,0.99997556,0.9788113,1,0.11962921172380447,0.10424999,0.043328684,2.1398144e-05,0.01391806,0,0.38711637258529663,0.0621572,0.03650685,3.0252909e-06,0.007270622,0,0.49325448274612427
TSBD_BG_3179613a58,1,1,0,0.8141033,0.015627215,0.80218923,0.9194127,0.99997115,0.9765512,1,0.11962921172380447,0.1346088,0.04510686,2.6134285e-05,0.016317293,0,0.38711637258529663,0.06320201,0.03548052,2.6856562e-06,0.007131522,0,0.49325448274612427
TSBD_BG_72fcb5ad43,1,0,1,0.8080666,0.0092961285,0.17707133,0.10391455,2.3260753e-05,0.026805986,0,0.11962921172380447,0.74471706,0.8533083,0.9999753,0.96548,0,0.38711637258529663,0.07821155,0.042777132,1.4131623e-06,0.0077139926,0,0.49325448274612427
TSBD_BG_1adf4fa166,1,1,0,0.87591654,0.007213793,0.8436925,0.9201771,0.9999788,0.9799621,1,0.11962921172380447,0.07680259,0.042282656,1.8031995e-05,0.011917027,0,0.38711637258529663,0.07950494,0.037540287,3.2597009e-06,0.008120857,0,0.49325448274612427
TSBD_BG_19f57a7d83,0,0,0,0.1397911,0.27302665,0.2005929,0.8937006,0.9995072,0.8893358,0,0.11962921172380447,0.7193493,0.079414636,0.00049156876,0.10196769,0,0.38711637258529663,0.08005777,0.026884686,1.1832809e-06,0.0086965645,0,0.49325448274612427
TSBD_BG_b06b80d500,1,1,0,0.8820987,0.0064417557,0.8483024,0.9203697,0.9999789,0.980134,1,0.11962921172380447,0.07971948,0.04189497,1.7726585e-05,0.011960708,0,0.38711637258529663,0.07197806,0.037735365,3.382423e-06,0.007905221,0,0.49325448274612427
TSBD_BG_5c745e387f,1,1,0,0.8840664,0.0062354244,0.8501283,0.92074394,0.99998057,0.9805035,1,0.11962921172380447,0.07715652,0.041126627,1.5970872e-05,0.011478106,0,0.38711637258529663,0.072715186,0.038129397,3.4947675e-06,0.00801841,0,0.49325448274612427
TSBD_BG_c333741c9b,1,1,0,0.80136406,0.017269814,0.79252684,0.91727346,0.99995494,0.9740004,1,0.11962921172380447,0.15121518,0.04955032,4.293085e-05,0.019632105,0,0.38711637258529663,0.056257956,0.033176262,2.1441406e-06,0.0063675293,0,0.49325448274612427
TSBD_BG_a3ac70c2de,1,0,1,0.8143839,0.006497553,0.13639897,0.17124096,0.00016687257,0.04545484,0,0.11962921172380447,0.7761899,0.792555,0.9998324,0.9480545,0,0.38711637258529663,0.087411106,0.036204044,7.120506e-07,0.006490635,0,0.49325448274612427
TSBD_BG_6ff47981ea,0,0,0,0.1818725,0.22834328,0.29809466,0.913991,0.99992347,0.9397451,0,0.11962921172380447,0.6335148,0.055031955,7.49123e-05,0.051685803,0,0.38711637258529663,0.06839053,0.030977113,1.6816765e-06,0.008569083,0,0.49325448274612427
TSBD_BG_64274bed67,1,1,1,0.842663,0.0063343933,0.11048258,0.098168105,1.796981e-05,0.020657651,0,0.11962921172380447,0.7911867,0.85844237,0.99998045,0.9709544,1,0.38711637258529663,0.098330736,0.04338955,1.5268118e-06,0.008387923,0,0.49325448274612427
TSBD_BG_7031e4d230,1,1,0,0.8798307,0.006707386,0.8464142,0.9202043,0.9999765,0.9797528,1,0.11962921172380447,0.08388107,0.043015413,2.0330308e-05,0.012669475,0,0.38711637258529663,0.06970472,0.03678027,3.0603828e-06,0.007577748,0,0.49325448274612427
TSBD_BG_03136a4786,0,0,0,0.2023736,0.20327653,0.074297965,0.6574078,0.958936,0.5291947,0,0.11962921172380447,0.1592684,0.067195214,0.00010378878,0.039871965,0,0.38711637258529663,0.76643366,0.2753969,0.040960237,0.4309334,0,0.49325448274612427
TSBD_BG_daacfdf534,1,1,0,0.82472306,0.014100194,0.8081808,0.92023176,0.9999801,0.97843003,1,0.11962921172380447,0.08375645,0.041306496,1.625176e-05,0.012066864,0,0.38711637258529663,0.10806272,0.038461756,3.7011064e-06,0.009503112,0,0.49325448274612427
TSBD_BG_873a3617a3,0,0,0,0.06904723,0.38421732,0.11909005,0.91825765,0.99998045,0.93777394,0,0.11962921172380447,0.10152519,0.04068215,1.4668953e-05,0.02355167,0,0.38711637258529663,0.7793848,0.04106013,4.845142e-06,0.038674355,0,0.49325448274612427
TSBD_BG_abfa756b67,1,1,0,0.8668637,0.008463839,0.83816546,0.9205495,0.99998033,0.980012,1,0.11962921172380447,0.07151996,0.041286692,1.6245938e-05,0.011286503,0,0.38711637258529663,0.0903146,0.038163815,3.5110822e-06,0.008701483,0,0.49325448274612427
TSBD_BG_897409ab6a,1,0,2,0.84114355,0.008899269,0.08269498,0.055744644,1.684454e-05,0.014078753,0,0.11962921172380447,0.118882164,0.053653844,1.5953269e-06,0.009807187,0,0.38711637258529663,0.7984228,0.8906015,0.99998164,0.97611403,0,0.49325448274612427
TSBD_BG_029a32b87f,1,0,2,0.7712913,0.017241495,0.17207287,0.071436174,4.5846977e-05,0.025451578,0,0.11962921172380447,0.091657735,0.048738062,1.1427064e-06,0.008214418,0,0.38711637258529663,0.7362694,0.8798258,0.9999529,0.966334,0,0.49325448274612427
TSBD_BG_ad84846145,1,0,0,0.5545034,0.04473362,0.6713929,0.6511169,0.95417535,0.80341953,0,0.11962921172380447,0.18011019,0.031274095,2.2501342e-06,0.009685936,0,0.38711637258529663,0.14849687,0.317609,0.045822326,0.18689454,0,0.49325448274612427
TSBD_BG_6250909f04,0,0,0,0.45447192,0.06878841,0.3870055,0.74977964,0.90701175,0.70240474,0,0.11962921172380447,0.54634005,0.22188433,0.09298501,0.29053292,0,0.38711637258529663,0.06665442,0.028336102,3.2140042e-06,0.007062299,0,0.49325448274612427
TSBD_Healthy_c7fd512124,1,0,1,0.6873008,0.032296933,0.06245415,0.06093575,3.869352e-06,0.010345862,0,0.11962921172380447,0.70437807,0.8793614,0.9999883,0.9709714,0,0.38711637258529663,0.23316778,0.059702832,7.758659e-06,0.018682675,0,0.49325448274612427
TSBD_Healthy_1ab857c1ee,0,0,1,0.1634298,0.24590015,0.05697581,0.0691919,5.584494e-06,0.015831739,0,0.11962921172380447,0.2623233,0.8768056,0.99998987,0.95173043,0,0.38711637258529663,0.6807009,0.054002535,4.5875418e-06,0.03243788,0,0.49325448274612427
TSBD_Healthy_a4108c60ab,1,0,1,0.75283575,0.021444365,0.070962444,0.06525835,4.617082e-06,0.01136582,0,0.11962921172380447,0.7445632,0.87996745,0.99999046,0.97376823,0,0.38711637258529663,0.18447433,0.05477419,4.924665e-06,0.014865963,0,0.49325448274612427
TSBD_Healthy_603954b4fc,1,0,1,0.6496613,0.03812381,0.09193946,0.0773726,8.398123e-06,0.015670277,0,0.11962921172380447,0.67458147,0.87130624,0.9999881,0.9691436,0,0.38711637258529663,0.23347911,0.05132117,3.538985e-06,0.015186104,0,0.49325448274612427
TSBD_Healthy_a7669a6337,1,0,1,0.66212296,0.036569886,0.07329964,0.06662248,5.1478846e-06,0.0121708065,0,0.11962921172380447,0.68739325,0.8775205,0.9999895,0.9706561,0,0.38711637258529663,0.23930715,0.055857085,5.398246e-06,0.01717311,0,0.49325448274612427
TSBD_Healthy_0969d7950f,1,0,1,0.7084525,0.027278613,0.10756807,0.07389828,7.0690357e-06,0.015446823,0,0.11962921172380447,0.70198214,0.8740779,0.99998903,0.9702937,0,0.38711637258529663,0.19044976,0.052023817,3.8413673e-06,0.01425948,0,0.49325448274612427
TSBD_Healthy_3535a7f645,1,0,1,0.8116351,0.012118917,0.084749356,0.067911044,5.2174105e-06,0.012460629,0,0.11962921172380447,0.77535343,0.87871987,0.99999046,0.9747314,0,0.38711637258529663,0.13989724,0.05336905,4.2825254e-06,0.012808006,0,0.49325448274612427
TSBD_Healthy_28874652ec,1,0,1,0.6996095,0.030329002,0.06802243,0.0661164,4.739293e-06,0.01148004,0,0.11962921172380447,0.7144006,0.8791519,0.99999046,0.9726147,0,0.38711637258529663,0.21757701,0.054731693,4.838172e-06,0.015905287,0,0.49325448274612427
TSBD_Healthy_c9a3ba4645,1,0,1,0.79724526,0.013810219,0.15556043,0.06417691,4.338796e-06,0.014567916,0,0.11962921172380447,0.7583324,0.8807941,0.9999906,0.9740517,0,0.38711637258529663,0.08610718,0.055029016,5.022744e-06,0.011380377,0,0.49325448274612427
TSBD_Healthy_ec9cff4659,1,0,1,0.79292876,0.012649056,0.17246872,0.08630089,1.1855633e-05,0.021327151,0,0.11962921172380447,0.741111,0.8663507,0.9999858,0.96942115,0,0.38711637258529663,0.086420245,0.047348395,2.3557748e-06,0.009251709,0,0.49325448274612427
TSBD_Healthy_d0dd7481d3,1,1,1,0.82063454,0.009317687,0.15105149,0.08212546,9.927001e-06,0.019011863,0,0.11962921172380447,0.76531935,0.8700507,0.9999876,0.97183216,1,0.38711637258529663,0.08362914,0.047823776,2.4430947e-06,0.0091559915,0,0.49325448274612427
TSBD_Healthy_9b9c4b2008,1,1,1,0.83079004,0.00943788,0.08520995,0.06713526,4.996897e-06,0.012249834,0,0.11962921172380447,0.78776866,0.87913483,0.9999906,0.9753361,1,0.38711637258529663,0.12702139,0.053729903,4.3837863e-06,0.012414081,0,0.49325448274612427
TSBD_Healthy_6af33a64f0,1,1,1,0.83728987,0.008038353,0.09848603,0.07495181,7.0872525e-06,0.01454139,0,0.11962921172380447,0.7883644,0.8744302,0.99998975,0.9745566,1,0.38711637258529663,0.11314956,0.050618008,3.1847228e-06,0.0109020285,0,0.49325448274612427
TSBD_Healthy_11508a2a47,1,1,0,0.8808373,0.0066201994,0.847476,0.9205986,0.9999808,0.98037064,1,0.11962921172380447,0.07931347,0.040976353,1.5607266e-05,0.011529022,0,0.38711637258529663,0.073210545,0.038424946,3.5527426e-06,0.008100378,0,0.49325448274612427
TSBD_Healthy_9c80ffce77,1,0,1,0.81895804,0.010889299,0.086723,0.07433503,7.0476326e-06,0.013883494,0,0.11962921172380447,0.7808765,0.8745618,0.9999895,0.9743494,0,0.38711637258529663,0.13240045,0.05110316,3.4158775e-06,0.011767096,0,0.49325448274612427
TSBD_Healthy_fdc6d1fa33,1,1,1,0.840149,0.0077861995,0.10312815,0.06787028,5.2277896e-06,0.01327424,0,0.11962921172380447,0.78861946,0.87868994,0.99999046,0.9750724,1,0.38711637258529663,0.10825242,0.053439777,4.288026e-06,0.011653375,0,0.49325448274612427
TSBD_Healthy_8c646c1060,1,1,0,0.7971239,0.016948529,0.7806071,0.91076005,0.99989414,0.96819633,1,0.11962921172380447,0.15734114,0.0585048,0.000104015766,0.02567086,0,0.38711637258529663,0.062051676,0.030735176,1.7552385e-06,0.006132768,0,0.49325448274612427
TSBD_Healthy_1b2ea804f3,1,1,1,0.82215935,0.0098934695,0.1104706,0.07279736,6.547303e-06,0.014782703,0,0.11962921172380447,0.77352434,0.8756529,0.99998987,0.97379464,1,0.38711637258529663,0.11600501,0.051549688,3.599402e-06,0.0114226695,0,0.49325448274612427
TSBD_Healthy_181a36e89e,1,0,1,0.79948646,0.012081135,0.13944586,0.08193394,1.0054468e-05,0.018645966,0,0.11962921172380447,0.74917865,0.86853844,0.9999871,0.9706696,0,0.38711637258529663,0.11137548,0.049527626,2.8569004e-06,0.010684384,0,0.49325448274612427
TSBD_Healthy_b13db56cba,0,0,1,0.13310362,0.27964655,0.06062612,0.07167887,6.2832714e-06,0.017949294,0,0.11962921172380447,0.21634388,0.8757834,0.99998987,0.94826883,0,0.38711637258529663,0.72303003,0.05253772,3.9000515e-06,0.033781897,0,0.49325448274612427
TSBD_Healthy_e91e5f3d2c,1,0,1,0.8005779,0.01322584,0.15593061,0.06584895,4.678722e-06,0.014969939,0,0.11962921172380447,0.75986,0.87975055,0.9999906,0.9739561,0,0.38711637258529663,0.08420941,0.054400496,4.6819e-06,0.011073974,0,0.49325448274612427
TSBD_Healthy_b9f53cb41a,0,0,1,0.23540628,0.18569392,0.609582,0.070127614,5.82164e-06,0.03387446,0,0.11962921172380447,0.3349758,0.87769353,0.99999034,0.9543554,0,0.38711637258529663,0.05544214,0.052178845,3.8068902e-06,0.011770163,0,0.49325448274612427
TSBD_Healthy_eb22129a24,1,1,0,0.868629,0.008186343,0.8388505,0.92030996,0.9999769,0.97927743,1,0.11962921172380447,0.096824996,0.0428506,2.007176e-05,0.013299677,0,0.38711637258529663,0.06432447,0.03683942,3.124437e-06,0.0074229133,0,0.49325448274612427
TSBD_Healthy_968a78b93d,1,0,1,0.8187147,0.01057045,0.1381568,0.066417895,4.8747606e-06,0.014457275,0,0.11962921172380447,0.77091074,0.8794505,0.99999046,0.97427785,0,0.38711637258529663,0.090932466,0.05413157,4.6124615e-06,0.011264917,0,0.49325448274612427
TSBD_Healthy_c7a3a188a8,0,0,1,0.51264954,0.049234442,0.73078984,0.45760238,0.036541525,0.42870492,0,0.11962921172380447,0.21404889,0.5122496,0.9634571,0.56463367,0,0.38711637258529663,0.055161227,0.030148024,1.3847408e-06,0.0066614076,0,0.49325448274612427
TSBD_Healthy_f55a2f1b43,1,0,1,0.4331682,0.08979031,0.05459197,0.06554047,4.6672776e-06,0.011454906,0,0.11962921172380447,0.5563804,0.8800566,0.9999906,0.96752816,0,0.38711637258529663,0.3890277,0.054402895,4.747418e-06,0.021016922,0,0.49325448274612427
TSBD_Healthy_11a0ec4d06,1,0,1,0.46110326,0.076477155,0.36084762,0.08315264,1.0470127e-05,0.02959848,0,0.11962921172380447,0.52089286,0.8688084,0.999987,0.9586234,0,0.38711637258529663,0.11825949,0.048039008,2.5290751e-06,0.011778051,0,0.49325448274612427
TSBD_Healthy_dda7c6bbc5,1,0,1,0.8168319,0.011541011,0.080283,0.06488215,4.471789e-06,0.011586706,0,0.11962921172380447,0.7798509,0.8803076,0.9999907,0.9751644,0,0.38711637258529663,0.13986607,0.05481027,4.8363236e-06,0.013248888,0,0.49325448274612427
TSBD_Healthy_b83d452fe7,0,0,1,0.14025123,0.27150536,0.058178436,0.065393984,4.6023124e-06,0.015678987,0,0.11962921172380447,0.22655292,0.8800767,0.9999906,0.94930714,0,0.38711637258529663,0.7152686,0.05452927,4.765853e-06,0.03501384,0,0.49325448274612427
TSBD_Healthy_ec04a77054,1,1,1,0.84644055,0.0070906524,0.10546537,0.065247424,4.527946e-06,0.012738453,0,0.11962921172380447,0.7936402,0.88055897,0.9999908,0.9756709,1,0.38711637258529663,0.10089439,0.054193582,4.6336345e-06,0.011590675,0,0.49325448274612427
TSBD_Healthy_63480c13ab,1,1,1,0.8469432,0.007120155,0.10099656,0.0628633,4.0453833e-06,0.012053135,0,0.11962921172380447,0.7946969,0.88147557,0.9999906,0.9757453,1,0.38711637258529663,0.10430652,0.055661086,5.344705e-06,0.012201523,0,0.49325448274612427
TSBD_Healthy_a334fe0843,1,0,1,0.539502,0.060573388,0.33313224,0.06925738,5.4772254e-06,0.022247875,0,0.11962921172380447,0.60053295,0.8781733,0.9999906,0.9672729,0,0.38711637258529663,0.066334784,0.05256936,3.9783304e-06,0.010479247,0,0.49325448274612427
TSBD_Healthy_af48f4f88b,1,0,1,0.7851812,0.015234726,0.1695247,0.06923676,5.5259884e-06,0.016391417,0,0.11962921172380447,0.7474784,0.87829876,0.9999906,0.9730816,0,0.38711637258529663,0.08299686,0.05246447,3.9328365e-06,0.010526976,0,0.49325448274612427
TSBD_Healthy_58fc6d9018,0,0,1,0.25621596,0.17114863,0.09785306,0.038305867,1.371329e-06,0.010233146,0,0.11962921172380447,0.29640248,0.8515131,0.99980634,0.9060214,0,0.38711637258529663,0.6057445,0.110181,0.00019231196,0.08374544,0,0.49325448274612427
TSBD_Healthy_ed8a98aaef,0,0,1,0.1834263,0.2254232,0.08303591,0.067856796,5.3606545e-06,0.017387932,0,0.11962921172380447,0.27727452,0.87583303,0.99998903,0.94962364,0,0.38711637258529663,0.6396896,0.056310166,5.627575e-06,0.032988448,0,0.49325448274612427
TSBD_Healthy_c1a36abd3d,1,0,1,0.70506674,0.028357258,0.09327836,0.06983668,5.7819325e-06,0.013734958,0,0.11962921172380447,0.7050752,0.8765316,0.99998975,0.9711331,0,0.38711637258529663,0.2016464,0.05363173,4.4104195e-06,0.015131929,0,0.49325448274612427
TSBD_Healthy_ba89f16ead,1,1,1,0.84537214,0.0072333403,0.10686079,0.06448339,4.376402e-06,0.012646208,0,0.11962921172380447,0.79267126,0.88081104,0.9999907,0.9756139,1,0.38711637258529663,0.100467935,0.054705624,4.8663173e-06,0.011739859,0,0.49325448274612427
TSBD_Healthy_ff7717e05f,1,1,0,0.8817593,0.0062846867,0.8468259,0.9180391,0.9999608,0.9780728,1,0.11962921172380447,0.08320999,0.04783577,3.669011e-05,0.014901129,0,0.38711637258529663,0.0699642,0.034125052,2.476402e-06,0.007026075,0,0.49325448274612427
TSBD_Healthy_9697828448,1,0,1,0.8172551,0.011308562,0.08671596,0.06341072,4.1748763e-06,0.011629045,0,0.11962921172380447,0.77686775,0.88095707,0.9999906,0.9748947,0,0.38711637258529663,0.13641629,0.055632237,5.3003614e-06,0.013476234,0,0.49325448274612427
TSBD_Healthy_0dc7202194,1,1,1,0.8423859,0.0076660644,0.10064614,0.064343326,4.359635e-06,0.012369656,0,0.11962921172380447,0.79112315,0.8808051,0.9999907,0.97553414,1,0.38711637258529663,0.10823067,0.05485164,4.916374e-06,0.012096198,0,0.49325448274612427
TSBD_Healthy_aafafefd6f,0,0,1,0.12881693,0.28001451,0.6638277,0.06797235,5.905205e-06,0.04254568,0,0.11962921172380447,0.17303701,0.87105376,0.9999851,0.9304803,0,0.38711637258529663,0.16313526,0.060973916,9.0053845e-06,0.02697408,0,0.49325448274612427
TSBD_Healthy_3e37e6f481,1,1,1,0.83491695,0.008460902,0.11192341,0.06496278,4.53159e-06,0.013035391,0,0.11962921172380447,0.783401,0.8799143,0.99999034,0.97486484,1,0.38711637258529663,0.10467557,0.055122945,5.08035e-06,0.012099761,0,0.49325448274612427
TSBD_Healthy_d5c6d15d07,1,0,1,0.6091487,0.042391654,0.1674287,0.046818197,2.2951288e-06,0.012142999,0,0.11962921172380447,0.61228466,0.8619034,0.9999242,0.95174587,0,0.38711637258529663,0.22028662,0.0912783,7.352951e-05,0.036111124,0,0.49325448274612427
TSBD_Healthy_968206666f,1,0,1,0.77343804,0.018098136,0.07679151,0.07001601,5.6667313e-06,0.012512537,0,0.11962921172380447,0.75679123,0.8780171,0.9999906,0.9743108,0,0.38711637258529663,0.16641723,0.051966842,3.70807e-06,0.013176683,0,0.49325448274612427
TSBD_Healthy_cacd4fa5f3,1,0,1,0.7348596,0.024087995,0.078831,0.06557764,4.585603e-06,0.011876305,0,0.11962921172380447,0.72989666,0.8802001,0.9999908,0.9732407,0,0.38711637258529663,0.19127235,0.054222282,4.608638e-06,0.014883012,0,0.49325448274612427
TSBD_Healthy_c00e285b89,1,0,1,0.66895914,0.036345094,0.058277935,0.065605305,4.576386e-06,0.010817442,0,0.11962921172380447,0.7035082,0.8802844,0.9999908,0.9729598,0,0.38711637258529663,0.23821387,0.05411023,4.5571874e-06,0.016222753,0,0.49325448274612427
TSBD_Healthy_e318b96772,1,0,1,0.45742357,0.0829386,0.056353413,0.06510235,4.500582e-06,0.011363641,0,0.11962921172380447,0.5712491,0.8800951,0.9999906,0.96794295,0,0.38711637258529663,0.37239745,0.054802522,4.875077e-06,0.020693418,0,0.49325448274612427
TSBD_Healthy_f874d1c34c,0,0,1,0.20546763,0.20749798,0.05179898,0.06442608,4.3328255e-06,0.013143612,0,0.11962921172380447,0.32340178,0.88063955,0.9999907,0.9568382,0,0.38711637258529663,0.6247992,0.0549344,4.9360165e-06,0.030018207,0,0.49325448274612427
TSBD_Healthy_a486752b98,1,0,1,0.61787105,0.046093456,0.056505356,0.06502711,4.4221624e-06,0.0107356515,0,0.11962921172380447,0.6735001,0.88048595,0.9999908,0.9718966,0,0.38711637258529663,0.2699945,0.054486915,4.723845e-06,0.017367708,0,0.49325448274612427
TSBD_Healthy_79eca515b7,0,0,1,0.23980606,0.18007793,0.057330407,0.066448756,4.773004e-06,0.013498432,0,0.11962921172380447,0.36800247,0.87964004,0.9999907,0.9593022,0,0.38711637258529663,0.57466716,0.05391122,4.4945473e-06,0.027199432,0,0.49325448274612427
TSBD_Healthy_28f91e3b3c,1,0,1,0.41725633,0.09444597,0.05420868,0.06554693,4.5656575e-06,0.01145074,0,0.11962921172380447,0.5457239,0.8802115,0.9999908,0.9673065,0,0.38711637258529663,0.4000674,0.054241598,4.648085e-06,0.021242762,0,0.49325448274612427
TSBD_Healthy_b4c784db60,1,0,1,0.33563584,0.120834425,0.06063571,0.06804883,5.2138444e-06,0.012958,0,0.11962921172380447,0.48233366,0.8786503,0.99999046,0.9644287,0,0.38711637258529663,0.4570306,0.053300913,4.2642964e-06,0.022613252,0,0.49325448274612427
TSBD_Healthy_46afbf57c8,1,0,1,0.6880437,0.032578517,0.06449123,0.065382324,4.5827874e-06,0.011156797,0,0.11962921172380447,0.7100513,0.8801076,0.9999907,0.97279906,0,0.38711637258529663,0.22545743,0.054510072,4.747735e-06,0.016044123,0,0.49325448274612427
TSBD_Healthy_5238685a4f,1,0,1,0.7736106,0.017259974,0.102635354,0.06717522,4.9111964e-06,0.013268958,0,0.11962921172380447,0.7437415,0.8791588,0.9999907,0.97325957,0,0.38711637258529663,0.1536231,0.053665943,4.334578e-06,0.013471477,0,0.49325448274612427
TSBD_Healthy_115a1b2ce7,0,0,1,0.10934193,0.31196815,0.06347076,0.06639233,4.8549505e-06,0.017909372,0,0.11962921172380447,0.1748017,0.8796003,0.9999906,0.94364387,0,0.38711637258529663,0.7617275,0.054007366,4.551779e-06,0.038446736,0,0.49325448274612427
TSBD_Healthy_2b0f2e29de,0,0,1,0.092667505,0.33840305,0.0731837,0.064139485,4.347583e-06,0.019437928,0,0.11962921172380447,0.14014608,0.87968147,0.9999901,0.9364784,0,0.38711637258529663,0.7866702,0.05617904,5.507676e-06,0.044083744,0,0.49325448274612427
TSBD_Healthy_2cb9913a0d,0,0,1,0.21611199,0.19863254,0.056923393,0.06427766,4.4263024e-06,0.013478127,0,0.11962921172380447,0.33378324,0.88006455,0.9999902,0.9565017,0,0.38711637258529663,0.6092934,0.05565775,5.296348e-06,0.030020198,0,0.49325448274612427
TSBD_Healthy_f7b6201d8c,0,0,1,0.17622277,0.23299202,0.063631974,0.067692,5.1615157e-06,0.01572031,0,0.11962921172380447,0.27827778,0.87830985,0.99999034,0.95298386,0,0.38711637258529663,0.65809023,0.053998213,4.499739e-06,0.031295765,0,0.49325448274612427
TSBD_Healthy_1cb0a1deed,1,0,1,0.59020334,0.051428348,0.058179867,0.063007355,4.079397e-06,0.010620495,0,0.11962921172380447,0.6529303,0.8807313,0.99999034,0.97053504,0,0.38711637258529663,0.2888898,0.05626136,5.6042795e-06,0.018844472,0,0.49325448274612427
TSBD_Healthy_e53d9705ff,0,0,1,0.09002842,0.34302568,0.07439816,0.063190185,4.121705e-06,0.019438852,0,0.11962921172380447,0.13503636,0.8804169,0.9999902,0.9355837,0,0.38711637258529663,0.7905655,0.05639287,5.6461063e-06,0.044977456,0,0.49325448274612427
TSBD_Healthy_fea6d00053,1,0,1,0.43359435,0.08945223,0.05888615,0.06591517,4.6578252e-06,0.011802676,0,0.11962921172380447,0.55432874,0.8799533,0.9999908,0.9674325,0,0.38711637258529663,0.38678512,0.05413152,4.537577e-06,0.02076481,0,0.49325448274612427
TSBD_Healthy_f69458ce94,0,0,1,0.22717725,0.18950084,0.057049315,0.06793712,5.1976403e-06,0.014051195,0,0.11962921172380447,0.3524252,0.87870574,0.9999906,0.95855796,0,0.38711637258529663,0.59052545,0.053357158,4.217869e-06,0.027390819,0,0.49325448274612427
TSBD_Healthy_bb30558caa,0,0,1,0.11692388,0.3009302,0.059781265,0.07084565,5.910883e-06,0.018281082,0,0.11962921172380447,0.19127378,0.87722373,0.99999046,0.9466971,0,0.38711637258529663,0.74894494,0.05193068,3.6773963e-06,0.035021853,0,0.49325448274612427
TSBD_Healthy_f8b382f850,1,1,1,0.8288235,0.009733085,0.08570961,0.06657439,4.7898307e-06,0.0121309655,0,0.11962921172380447,0.786297,0.8797192,0.9999908,0.9754213,1,0.38711637258529663,0.12799342,0.053706437,4.379229e-06,0.012447723,0,0.49325448274612427
TSBD_Healthy_4e764a8c1f,0,0,1,0.08861813,0.34541857,0.07315772,0.066375114,4.731617e-06,0.020345414,0,0.11962921172380447,0.13532102,0.87978524,0.9999908,0.93760055,0,0.38711637258529663,0.79152125,0.05383962,4.429916e-06,0.042054076,0,0.49325448274612427
TSBD_Healthy_63950b8869,0,0,1,0.08538572,0.35084364,0.0972447,0.054600775,2.884734e-06,0.019542484,0,0.11962921172380447,0.11222761,0.8782838,0.99998367,0.91967666,0,0.38711637258529663,0.7905277,0.06711538,1.3483424e-05,0.060780864,0,0.49325448274612427
TSBD_Healthy_ea2ac521c5,0,0,1,0.10584584,0.31714523,0.06476562,0.06717609,5.045317e-06,0.018502956,0,0.11962921172380447,0.1682496,0.878875,0.99999046,0.942533,0,0.38711637258529663,0.76698476,0.05394888,4.5263987e-06,0.038964074,0,0.49325448274612427
TSBD_Healthy_1402c548f4,0,0,1,0.1064415,0.3162332,0.06405387,0.0676913,5.176275e-06,0.018537484,0,0.11962921172380447,0.16986442,0.8786758,0.99999046,0.9429195,0,0.38711637258529663,0.76608175,0.05363288,4.415148e-06,0.038543053,0,0.49325448274612427
TSBD_Healthy_44b1d181ba,0,0,1,0.09174947,0.33994484,0.07137463,0.06643501,4.860796e-06,0.020022959,0,0.11962921172380447,0.14068247,0.87911004,0.99999034,0.93771404,0,0.38711637258529663,0.787943,0.054454897,4.764435e-06,0.042262953,0,0.49325448274612427
TSBD_Healthy_5031d03cd3,1,1,1,0.8453986,0.007263543,0.10456956,0.0638767,4.204368e-06,0.012395083,0,0.11962921172380447,0.7929858,0.8810765,0.9999908,0.9756893,1,0.38711637258529663,0.102444686,0.05504682,5.0004155e-06,0.011915586,0,0.49325448274612427
TSBD_Healthy_584e036b15,1,1,1,0.8239024,0.010028092,0.10829692,0.064178556,4.304683e-06,0.012720133,0,0.11962921172380447,0.77598417,0.88080835,0.9999907,0.97478044,1,0.38711637258529663,0.11571883,0.05501314,4.9674336e-06,0.012499433,0,0.49325448274612427
TSBD_Healthy_ceedc9841a,1,0,1,0.522641,0.06366087,0.33897376,0.07181584,6.1574747e-06,0.02352813,0,0.11962921172380447,0.581772,0.8766233,0.99999034,0.96555775,0,0.38711637258529663,0.07925421,0.0515609,3.545594e-06,0.010914145,0,0.49325448274612427
TSBD_Healthy_539b7c9614,1,0,1,0.80715364,0.012843452,0.081593715,0.071205474,5.8983705e-06,0.012885465,0,0.11962921172380447,0.7752944,0.8769257,0.99999046,0.9747398,0,0.38711637258529663,0.14311188,0.051868785,3.6770525e-06,0.012374771,0,0.49325448274612427
TSBD_Healthy_9405a524b8,1,1,1,0.83353704,0.008765101,0.101785555,0.06566171,4.672297e-06,0.012745613,0,0.11962921172380447,0.78416526,0.8800429,0.9999907,0.9750851,1,0.38711637258529663,0.114049144,0.054295383,4.6594064e-06,0.012169299,0,0.49325448274612427
TSBD_Healthy_84b5bbabe5,1,1,1,0.842944,0.0075612403,0.104453936,0.064275995,4.3080718e-06,0.012496488,0,0.11962921172380447,0.79098725,0.8808597,0.9999908,0.9755565,1,0.38711637258529663,0.104558766,0.05486436,4.904382e-06,0.01194702,0,0.49325448274612427
TSBD_Healthy_cd1699cbb8,1,0,1,0.80314684,0.012705721,0.15748939,0.06897457,5.4670595e-06,0.015827069,0,0.11962921172380447,0.7601989,0.8786628,0.9999906,0.9737453,0,0.38711637258529663,0.08231174,0.052362606,3.9271395e-06,0.010427685,0,0.49325448274612427
TSBD_Healthy_3971c8d6d2,1,0,1,0.7969877,0.0132742,0.1561969,0.07147402,6.155519e-06,0.016478995,0,0.11962921172380447,0.7526225,0.87716264,0.99999034,0.973,0,0.38711637258529663,0.091180615,0.051363323,3.5225275e-06,0.010520979,0,0.49325448274612427
TSBD_Healthy_062f8eb68b,1,0,1,0.79984325,0.013484076,0.15383452,0.06374622,4.2035217e-06,0.014361947,0,0.11962921172380447,0.7605487,0.88107497,0.9999907,0.97424155,0,0.38711637258529663,0.08561678,0.055178802,5.1028633e-06,0.01139654,0,0.49325448274612427
TSBD_Healthy_64c2fd2799,1,0,1,0.70919824,0.029088972,0.06094231,0.06434513,4.320278e-06,0.010660344,0,0.11962921172380447,0.7246074,0.8807807,0.9999907,0.97351074,0,0.38711637258529663,0.21445027,0.05487421,4.9349624e-06,0.015828945,0,0.49325448274612427
TSBD_Healthy_06ad797b28,1,0,1,0.81622756,0.011670869,0.078867055,0.065220326,4.494397e-06,0.011552293,0,0.11962921172380447,0.78027993,0.8801552,0.9999907,0.97518414,0,0.38711637258529663,0.14085296,0.054624416,4.8428446e-06,0.0132635655,0,0.49325448274612427
TSBD_Healthy_d37fadc7b5,1,0,1,0.7639945,0.019938583,0.06649092,0.065834336,4.647309e-06,0.01112251,0,0.11962921172380447,0.7549854,0.8800765,0.9999908,0.97454995,0,0.38711637258529663,0.17852369,0.05408912,4.5544243e-06,0.014327545,0,0.49325448274612427
TSBD_Healthy_23703b21e8,1,0,1,0.7817869,0.015677784,0.11868084,0.06932941,5.5706137e-06,0.014519047,0,0.11962921172380447,0.7446329,0.8780163,0.99999046,0.9728963,0,0.38711637258529663,0.13668633,0.052654304,3.9528095e-06,0.012584663,0,0.49325448274612427
TSBD_Healthy_e761f95881,1,0,1,0.74131113,0.022426024,0.092587166,0.07305967,6.5349395e-06,0.014186244,0,0.11962921172380447,0.7288616,0.8752877,0.99998987,0.9722188,0,0.38711637258529663,0.17855129,0.051652607,3.6516656e-06,0.013594962,0,0.49325448274612427
TSBD_Healthy_049d7b0b8e,1,0,1,0.74661684,0.022612324,0.068535976,0.0713806,6.1572264e-06,0.012396018,0,0.11962921172380447,0.7460847,0.8768346,0.9999901,0.9738914,0,0.38711637258529663,0.18537933,0.051784787,3.6806894e-06,0.013712638,0,0.49325448274612427
TSBD_Healthy_d0a2ad85a2,1,1,1,0.83169377,0.009314442,0.0866297,0.06584848,4.6535847e-06,0.0120381825,0,0.11962921172380447,0.78762084,0.8799975,0.9999908,0.97544163,1,0.38711637258529663,0.12574938,0.054153953,4.5800707e-06,0.012520148,0,0.49325448274612427
TSBD_Healthy_427d279e02,1,0,1,0.57738173,0.054362867,0.0572492,0.066913225,4.893519e-06,0.011287843,0,0.11962921172380447,0.6493038,0.87929595,0.9999907,0.9709657,0,0.38711637258529663,0.29344702,0.05379083,4.3990017e-06,0.017746467,0,0.49325448274612427
TSBD_Healthy_194fe9c226,1,0,1,0.76665384,0.019408075,0.06915783,0.066144206,4.7692e-06,0.011358584,0,0.11962921172380447,0.7550217,0.8798708,0.9999907,0.97441274,0,0.38711637258529663,0.17582048,0.053985015,4.5392817e-06,0.0142286625,0,0.49325448274612427
TSBD_Healthy_7fd586cd0c,1,0,1,0.6053341,0.04848302,0.06071688,0.078962825,8.634832e-06,0.013802658,0,0.11962921172380447,0.67115545,0.8715362,0.99998844,0.971022,0,0.38711637258529663,0.26812765,0.04950099,2.9487699e-06,0.015175309,0,0.49325448274612427
TSBD_Healthy_8a16be7271,1,1,1,0.84387404,0.0075020697,0.09691081,0.065462485,4.564003e-06,0.012408583,0,0.11962921172380447,0.79312974,0.8803488,0.9999908,0.975642,1,0.38711637258529663,0.109959446,0.0541887,4.6360565e-06,0.0119494,0,0.49325448274612427
TSBD_Healthy_7497e074fb,1,0,1,0.7290182,0.025648385,0.0632131,0.064527325,4.39046e-06,0.01079699,0,0.11962921172380447,0.7349176,0.88056135,0.9999907,0.9737735,0,0.38711637258529663,0.2018693,0.054911293,4.931537e-06,0.015429513,0,0.49325448274612427
TSBD_Healthy_0008f80a75,0,0,1,0.30668038,0.13227329,0.083400786,0.08146632,9.538268e-06,0.018193461,0,0.11962921172380447,0.4493588,0.86982936,0.9999877,0.9612217,0,0.38711637258529663,0.4672404,0.048704322,2.7584144e-06,0.020584868,0,0.49325448274612427
TSBD_Healthy_5ceaf1db7f,0,0,1,0.18814975,0.22245823,0.054416537,0.06503732,4.5141815e-06,0.013907611,0,0.11962921172380447,0.29804042,0.8800228,0.99999046,0.9548283,0,0.38711637258529663,0.647543,0.054939896,4.968452e-06,0.031264056,0,0.49325448274612427
TSBD_Healthy_e4fa44cd99,1,0,1,0.61270773,0.047034845,0.058288373,0.06607153,4.716592e-06,0.011095316,0,0.11962921172380447,0.6697197,0.8798537,0.9999907,0.97162914,0,0.38711637258529663,0.27199194,0.054074727,4.5727943e-06,0.017275566,0,0.49325448274612427
TSBD_Healthy_441bde1a65,1,0,1,0.7722589,0.018512178,0.070269376,0.0716274,6.0578564e-06,0.012407063,0,0.11962921172380447,0.76070213,0.8767445,0.99999034,0.97447044,0,0.38711637258529663,0.16902842,0.0516281,3.6049755e-06,0.013122504,0,0.49325448274612427
TSBD_Healthy_dbb2f8ca89,1,1,1,0.846527,0.0072103683,0.09635177,0.063591145,4.162077e-06,0.011985622,0,0.11962921172380447,0.7951854,0.88122416,0.9999908,0.97582316,1,0.38711637258529663,0.10846278,0.055184737,5.0676263e-06,0.0121912025,0,0.49325448274612427
TSBD_Healthy_9b317a63ad,1,1,1,0.8462847,0.007210277,0.09806048,0.06399031,4.2469924e-06,0.01214574,0,0.11962921172380447,0.79466456,0.8810432,0.9999908,0.9757664,1,0.38711637258529663,0.10727499,0.0549665,4.988641e-06,0.012087836,0,0.49325448274612427
TSBD_Healthy_d85abeff44,1,0,1,0.69017965,0.03238959,0.06305913,0.07052953,5.8276846e-06,0.012002446,0,0.11962921172380447,0.71603423,0.87758493,0.99999046,0.97319067,0,0.38711637258529663,0.22090665,0.05188553,3.7037225e-06,0.014806872,0,0.49325448274612427
TSBD_Healthy_32490efb09,1,1,1,0.84520006,0.0072258916,0.10486569,0.0659235,4.6597e-06,0.012852624,0,0.11962921172380447,0.7926331,0.8801843,0.9999908,0.97558004,1,0.38711637258529663,0.10250119,0.05389217,4.5062775e-06,0.01156739,0,0.49325448274612427
TSBD_Healthy_003e47f46b,1,1,1,0.8417796,0.007818235,0.09358587,0.066696696,4.8654365e-06,0.012526093,0,0.11962921172380447,0.7927012,0.8798285,0.9999908,0.9756351,1,0.38711637258529663,0.11371292,0.053474795,4.289762e-06,0.011838805,0,0.49325448274612427
TSBD_Healthy_db7fb385bc,1,1,1,0.83132535,0.009342732,0.08767347,0.0650519,4.5224388e-06,0.011956187,0,0.11962921172380447,0.7867141,0.8803394,0.9999907,0.975383,1,0.38711637258529663,0.12561248,0.054608654,4.757952e-06,0.0126607865,0,0.49325448274612427
TSBD_Healthy_e07653b53b,1,1,1,0.83448184,0.008903438,0.08832541,0.06513068,4.528645e-06,0.011987368,0,0.11962921172380447,0.7887441,0.8803449,0.9999907,0.9754777,1,0.38711637258529663,0.12293052,0.05452437,4.7358017e-06,0.012534938,0,0.49325448274612427
TSBD_Healthy_372dafd03c,0,0,1,0.23519719,0.18336168,0.055201005,0.069219746,5.669405e-06,0.014100493,0,0.11962921172380447,0.36459988,0.877774,0.9999902,0.95917743,0,0.38711637258529663,0.5801992,0.053006258,4.117607e-06,0.026722066,0,0.49325448274612427
TSBD_Healthy_8a4d12c896,1,0,1,0.72538525,0.025829671,0.07254183,0.07176104,6.2201825e-06,0.012789766,0,0.11962921172380447,0.7302654,0.8761599,0.9999901,0.97302943,0,0.38711637258529663,0.19719274,0.052079108,3.7258133e-06,0.014180804,0,0.49325448274612427
TSBD_Healthy_ddf26df6fc,1,0,1,0.71910274,0.02690785,0.07260209,0.06704659,4.921802e-06,0.011856365,0,0.11962921172380447,0.7244354,0.8792167,0.9999907,0.9731216,0,0.38711637258529663,0.20296259,0.053736698,4.3745827e-06,0.0150220655,0,0.49325448274612427
TSBD_Healthy_f43e3f4c5b,1,0,1,0.5055175,0.07057458,0.06006523,0.06913434,5.3916915e-06,0.012170787,0,0.11962921172380447,0.60352325,0.8780548,0.9999906,0.9692152,0,0.38711637258529663,0.3364115,0.052810833,4.0558516e-06,0.018614007,0,0.49325448274612427
TSBD_Healthy_b5fbb9ed8e,1,1,1,0.84306383,0.0075681973,0.09696664,0.06665378,4.8387733e-06,0.0126659265,0,0.11962921172380447,0.7925157,0.8796584,0.9999908,0.97553855,1,0.38711637258529663,0.110517666,0.0536878,4.3863884e-06,0.011795533,0,0.49325448274612427
TSBD_Healthy_eb36a09ca4,1,0,1,0.78728366,0.015947742,0.077249214,0.06888047,5.366586e-06,0.012270261,0,0.11962921172380447,0.7642671,0.87836105,0.9999906,0.9745315,0,0.38711637258529663,0.15848367,0.0527585,4.0032396e-06,0.013198253,0,0.49325448274612427
TSBD_Healthy_6b4a97bd93,1,0,1,0.66751474,0.03653265,0.05992786,0.066320255,4.791265e-06,0.011087514,0,0.11962921172380447,0.7019109,0.87987965,0.9999907,0.9727959,0,0.38711637258529663,0.23816125,0.05380012,4.4505077e-06,0.016116569,0,0.49325448274612427
TSBD_Healthy_ba33e2e4e1,1,0,1,0.76539594,0.019591585,0.07039738,0.0701823,5.695837e-06,0.012170998,0,0.11962921172380447,0.75585407,0.87779874,0.9999906,0.9744236,0,0.38711637258529663,0.17374857,0.052018937,3.7267675e-06,0.01340538,0,0.49325448274612427
TSBD_Healthy_c2d1e8a97b,1,1,1,0.83464426,0.0089466125,0.08640388,0.06601156,4.6702976e-06,0.0120375315,0,0.11962921172380447,0.7900364,0.8801777,0.9999908,0.9756303,1,0.38711637258529663,0.12355971,0.053810786,4.4636936e-06,0.012332175,0,0.49325448274612427
TSBD_Healthy_acaf94d2e8,1,0,1,0.63891953,0.04185865,0.06145895,0.070886284,5.922054e-06,0.012125971,0,0.11962921172380447,0.6867091,0.8773029,0.99999034,0.9721899,0,0.38711637258529663,0.25183192,0.051810805,3.6778342e-06,0.015684132,0,0.49325448274612427
TSBD_Healthy_4c1057862a,1,0,1,0.6896025,0.03241341,0.063215554,0.06640898,4.7594413e-06,0.011231729,0,0.11962921172380447,0.7127893,0.8797891,0.9999908,0.9730855,0,0.38711637258529663,0.22399515,0.053801846,4.432794e-06,0.01568277,0,0.49325448274612427
TSBD_Healthy_d28eee88b2,1,0,1,0.6980314,0.03098107,0.061091967,0.064978525,4.4737762e-06,0.01082592,0,0.11962921172380447,0.71799093,0.8802545,0.9999907,0.97320336,0,0.38711637258529663,0.22091708,0.054766938,4.8429556e-06,0.015970724,0,0.49325448274612427
TSBD_Healthy_9f799d79c9,1,0,1,0.7976102,0.014145531,0.08601509,0.06867938,5.314089e-06,0.012684226,0,0.11962921172380447,0.76631767,0.8786862,0.9999907,0.9744794,0,0.38711637258529663,0.14766732,0.05263446,3.986405e-06,0.012836375,0,0.49325448274612427
TSBD_Healthy_0797e50b91,0,0,1,0.16275385,0.24664536,0.058051202,0.066747144,4.8818843e-06,0.015271189,0,0.11962921172380447,0.26157525,0.8793965,0.9999907,0.9525063,0,0.38711637258529663,0.68037355,0.05385636,4.4573126e-06,0.03222252,0,0.49325448274612427
TSBD_Healthy_35d58d516e,0,0,1,0.3107398,0.13267983,0.05544396,0.066301234,4.7415733e-06,0.012366419,0,0.11962921172380447,0.46010762,0.87981117,0.9999908,0.9638314,0,0.38711637258529663,0.4844484,0.053887617,4.496927e-06,0.023802117,0,0.49325448274612427
TSBD_Healthy_3369d16a81,0,0,1,0.14495574,0.2681621,0.066441566,0.046917003,2.4964143e-06,0.013204694,0,0.11962921172380447,0.16977815,0.8511698,0.99988043,0.89180124,0,0.38711637258529663,0.76378024,0.1019132,0.00011700515,0.09499399,0,0.49325448274612427
TSBD_Healthy_f12cfc128f,1,1,1,0.8416147,0.0075083636,0.10426497,0.07058921,5.9551403e-06,0.0139228115,0,0.11962921172380447,0.7895653,0.87735003,0.99999034,0.97494626,1,0.38711637258529663,0.10616973,0.052060697,3.7382424e-06,0.011130922,0,0.49325448274612427
TSBD_Healthy_8cb3c49027,1,0,1,0.760545,0.017372966,0.19760405,0.08618676,1.1556993e-05,0.022455016,0,0.11962921172380447,0.71836406,0.86683387,0.9999862,0.96840775,0,0.38711637258529663,0.08403191,0.04697933,2.2551264e-06,0.009137247,0,0.49325448274612427
TSBD_Healthy_0d4d34f349,1,0,1,0.5008052,0.06703634,0.3725284,0.085955314,1.1657779e-05,0.030455431,0,0.11962921172380447,0.5539513,0.8665852,0.99998593,0.95993567,0,0.38711637258529663,0.07352022,0.047459487,2.3733505e-06,0.009608892,0,0.49325448274612427
TSBD_Healthy_aac43b5b94,1,0,1,0.78116703,0.015391113,0.17442037,0.074056104,6.884424e-06,0.017895188,0,0.11962921172380447,0.740904,0.87530565,0.99998987,0.9720511,0,0.38711637258529663,0.0846757,0.05063823,3.2098117e-06,0.010053755,0,0.49325448274612427
TSBD_Healthy_713f0a2197,0,0,1,0.20331705,0.20559081,0.59560937,0.09284807,1.5277834e-05,0.050413273,0,0.11962921172380447,0.2524303,0.8616015,0.99998283,0.9346178,0,0.38711637258529663,0.15196027,0.045550443,1.9112717e-06,0.014968899,0,0.49325448274612427
TSBD_Healthy_ac26bcc532,0,0,1,0.22739527,0.19224992,0.6372618,0.091261685,1.4521744e-05,0.048708316,0,0.11962921172380447,0.28719214,0.86277044,0.99998343,0.93987495,0,0.38711637258529663,0.075546086,0.045967925,2.0068935e-06,0.011416739,0,0.49325448274612427
TSBD_Healthy_46f4698e93,1,0,1,0.7025697,0.029865775,0.064890854,0.06545441,4.7898775e-06,0.011250114,0,0.11962921172380447,0.7170444,0.87889576,0.99999,0.9724503,0,0.38711637258529663,0.21806473,0.05564988,5.2817795e-06,0.01629953,0,0.49325448274612427
TSBD_Healthy_ffc31af5e9,1,0,1,0.72924715,0.025174687,0.07198292,0.0741772,7.1870445e-06,0.013312967,0,0.11962921172380447,0.733837,0.874367,0.9999893,0.9728231,0,0.38711637258529663,0.19418007,0.051455777,3.5301073e-06,0.013863965,0,0.49325448274612427
TSBD_Healthy_ffc39b3360,1,0,1,0.41774842,0.093993485,0.05467271,0.064334124,4.511916e-06,0.011372979,0,0.11962921172380447,0.5430904,0.87961733,0.9999901,0.9663183,0,0.38711637258529663,0.40223685,0.056048505,5.436828e-06,0.022308744,0,0.49325448274612427
TSBD_Healthy_13e3dd820d,0,0,1,0.14211278,0.2716531,0.06831154,0.039910924,1.6629418e-06,0.011536131,0,0.11962921172380447,0.15762642,0.8487188,0.9997888,0.8758219,0,0.38711637258529663,0.77406204,0.11137027,0.00020956121,0.11264197,0,0.49325448274612427
TSBD_Healthy_0e7dca224f,1,0,1,0.79377115,0.013406886,0.15822525,0.075332075,7.2148678e-06,0.017545301,0,0.11962921172380447,0.7477231,0.8745815,0.99998975,0.97217906,0,0.38711637258529663,0.09405172,0.050086405,3.0948895e-06,0.010275643,0,0.49325448274612427
TSBD_Healthy_e30ffbbca2,1,0,1,0.4765963,0.07788731,0.05881898,0.07110319,6.169057e-06,0.012696247,0,0.11962921172380447,0.586331,0.8766657,0.99999,0.9684446,0,0.38711637258529663,0.35485002,0.052231148,3.8453845e-06,0.018859152,0,0.49325448274612427
TSBD_Healthy_33ee2c0488,1,0,1,0.6647014,0.034824792,0.10600972,0.0824159,1.0484771e-05,0.017691506,0,0.11962921172380447,0.6785602,0.8685235,0.99998665,0.96846414,0,0.38711637258529663,0.21543014,0.049060654,2.8578527e-06,0.013844337,0,0.49325448274612427
TSBD_Healthy_cf66e36f26,0,0,1,0.09257283,0.33846122,0.08435207,0.06154265,5.098151e-06,0.02152759,0,0.11962921172380447,0.118864164,0.8668757,0.99997675,0.9132642,0,0.38711637258529663,0.79678375,0.07158163,1.8180752e-05,0.0652082,0,0.49325448274612427
TSBD_Healthy_198c19a2fa,0,0,1,0.09159786,0.34084934,0.08318637,0.046293847,1.8349151e-06,0.015412426,0,0.11962921172380447,0.1145381,0.87483597,0.9999666,0.9081147,0,0.38711637258529663,0.8022756,0.07887019,3.152803e-05,0.0764729,0,0.49325448274612427
TSBD_Healthy_0f0af1a35d,1,0,1,0.81319755,0.011782154,0.09009559,0.067650005,5.08681e-06,0.012647545,0,0.11962921172380447,0.7742249,0.8791512,0.9999907,0.9747242,0,0.38711637258529663,0.13567956,0.0531987,4.2343936e-06,0.012628278,0,0.49325448274612427
TSBD_Healthy_24a755565d,1,0,1,0.3446776,0.11669024,0.07656084,0.07033442,5.928444e-06,0.014646237,0,0.11962921172380447,0.4817453,0.8769694,0.9999901,0.9634704,0,0.38711637258529663,0.4416939,0.05269615,3.936039e-06,0.021883413,0,0.49325448274612427
TSBD_Healthy_00488f3c0b,1,1,1,0.82232076,0.009832673,0.14033186,0.07108804,6.03375e-06,0.015648656,0,0.11962921172380447,0.7717184,0.87715155,0.99999034,0.97395676,1,0.38711637258529663,0.0879498,0.051760383,3.6090587e-06,0.010394558,0,0.49325448274612427
TSBD_Healthy_7f10feedf0,1,0,0,0.70562434,0.02153692,0.65422547,0.8336353,0.9910245,0.8791898,0,0.11962921172380447,0.28655428,0.14082095,0.008974051,0.11546286,0,0.38711637258529663,0.059220262,0.02554378,1.4056673e-06,0.0053473846,0,0.49325448274612427
TSBD_Healthy_083843a5b2,0,0,0,0.21672416,0.20160918,0.19829217,0.8101866,0.97997254,0.7337572,0,0.11962921172380447,0.7228996,0.16441461,0.020025976,0.25855836,0,0.38711637258529663,0.0788082,0.025398789,1.5006559e-06,0.0076844255,0,0.49325448274612427
TSBD_Healthy_846b819a49,1,1,1,0.82000357,0.011142001,0.07963234,0.06606996,4.7263675e-06,0.011765871,0,0.11962921172380447,0.7829838,0.8799877,0.9999907,0.9753549,1,0.38711637258529663,0.1373839,0.05394233,4.513791e-06,0.012879221,0,0.49325448274612427
TSBD_Healthy_ef882f9638,1,0,1,0.7830217,0.016230803,0.08557122,0.06861114,5.511913e-06,0.012801423,0,0.11962921172380447,0.7565198,0.87797904,0.99999034,0.97377735,0,0.38711637258529663,0.157909,0.053409785,4.198368e-06,0.0134212645,0,0.49325448274612427
TSBD_Healthy_f510479194,1,0,1,0.81727684,0.01029855,0.12512922,0.073695086,7.1108366e-06,0.015828112,0,0.11962921172380447,0.7667019,0.8748585,0.9999893,0.972999,0,0.38711637258529663,0.10816883,0.051446356,3.6098224e-06,0.0111728655,0,0.49325448274612427
TSBD_Healthy_78ac2c01e9,1,1,1,0.82447827,0.009606261,0.1088809,0.07399026,6.954708e-06,0.01498448,0,0.11962921172380447,0.77592677,0.8753067,0.99998975,0.9739412,1,0.38711637258529663,0.11519227,0.05070304,3.2520297e-06,0.0110743595,0,0.49325448274612427
TSBD_Healthy_aa968b53a4,1,0,1,0.39930034,0.09920445,0.057117533,0.06556064,4.8345373e-06,0.011925297,0,0.11962921172380447,0.52746594,0.87778497,0.9999895,0.9650089,0,0.38711637258529663,0.4154165,0.05665445,5.6431522e-06,0.023065794,0,0.49325448274612427
TSBD_Healthy_d6be26c310,0,0,1,0.12866324,0.2874769,0.06604277,0.044481803,2.1025883e-06,0.012787382,0,0.11962921172380447,0.15707354,0.8610713,0.99990976,0.8974409,0,0.38711637258529663,0.7768837,0.0944469,8.817609e-05,0.089771666,0,0.49325448274612427
TSBD_Healthy_8d0baa1858,1,1,1,0.83189315,0.009168796,0.090661466,0.0679406,5.2005416e-06,0.012692205,0,0.11962921172380447,0.7867692,0.8790195,0.9999907,0.97525054,1,0.38711637258529663,0.122569345,0.053039927,4.1434387e-06,0.012057247,0,0.49325448274612427
TSBD_Healthy_9a86700e7b,1,0,1,0.5307981,0.06454274,0.061274458,0.070415266,5.8435285e-06,0.012453833,0,0.11962921172380447,0.619765,0.8773571,0.99999034,0.96979105,0,0.38711637258529663,0.31896055,0.052227654,3.7579055e-06,0.017755073,0,0.49325448274612427
TSBD_Healthy_8de20870d1,0,0,1,0.22329435,0.1941181,0.060898073,0.05617471,3.1267064e-06,0.012167801,0,0.11962921172380447,0.3232194,0.8774671,0.9999838,0.94856405,0,0.38711637258529663,0.6158825,0.066358216,1.3117882e-05,0.039268076,0,0.49325448274612427
TSBD_Healthy_2125dc16c6,1,0,1,0.53259563,0.06365417,0.06514428,0.07216925,6.79899e-06,0.013281706,0,0.11962921172380447,0.61694634,0.8746679,0.99998903,0.9684226,0,0.38711637258529663,0.31790942,0.05316286,4.1864e-06,0.018295651,0,0.49325448274612427
TSBD_Healthy_f1a3293d1d,0,0,1,0.10726533,0.31528863,0.064878926,0.06311917,4.2976026e-06,0.017447634,0,0.11962921172380447,0.16635473,0.87932736,0.9999895,0.9397479,0,0.38711637258529663,0.76876634,0.05755343,6.212004e-06,0.042804427,0,0.49325448274612427
TSBD_Healthy_db02ad0e48,1,0,1,0.76411074,0.019794192,0.06944138,0.06798179,5.156647e-06,0.0117076235,0,0.11962921172380447,0.75423205,0.8788162,0.9999907,0.9743892,0,0.38711637258529663,0.17632653,0.05320207,4.139153e-06,0.013903168,0,0.49325448274612427
TSBD_Healthy_6e62793bdf,0,0,1,0.16588886,0.24472797,0.05851922,0.055186212,2.9651753e-06,0.012847017,0,0.11962921172380447,0.2473672,0.8784322,0.99998415,0.94265133,0,0.38711637258529663,0.6941136,0.06638154,1.28736265e-05,0.044501647,0,0.49325448274612427
TSBD_Healthy_097e8db62c,1,0,1,0.5380325,0.06302813,0.05800907,0.07031522,5.917695e-06,0.012199137,0,0.11962921172380447,0.62629426,0.87721604,0.9999902,0.97000146,0,0.38711637258529663,0.31569663,0.05246874,3.8995545e-06,0.01779941,0,0.49325448274612427
TSBD_Healthy_9a88507804,1,0,1,0.73413956,0.02469244,0.06652141,0.069589145,5.7563298e-06,0.01199968,0,0.11962921172380447,0.7387081,0.87769383,0.99999034,0.9737091,0,0.38711637258529663,0.19477047,0.052717004,3.9309307e-06,0.01429125,0,0.49325448274612427
TSBD_Healthy_d3268932b8,1,0,1,0.37569728,0.10722951,0.05180105,0.065621,4.8154943e-06,0.011613282,0,0.11962921172380447,0.51520216,0.8788698,0.99999,0.96537566,0,0.38711637258529663,0.43299675,0.055509284,5.215716e-06,0.023011025,0,0.49325448274612427
TSBD_Healthy_7ef69613b9,1,0,1,0.47431445,0.07783673,0.071387,0.07530365,7.3338038e-06,0.014501866,0,0.11962921172380447,0.5790657,0.87409174,0.9999894,0.96756166,0,0.38711637258529663,0.3495473,0.050604545,3.2211408e-06,0.01793653,0,0.49325448274612427
TSBD_Healthy_ddc759b323,1,0,1,0.80863327,0.012811046,0.07798384,0.06813571,5.235944e-06,0.012122406,0,0.11962921172380447,0.77727437,0.87894124,0.9999907,0.9751059,0,0.38711637258529663,0.14474177,0.05292305,4.0659447e-06,0.012771739,0,0.49325448274612427
TSBD_Healthy_cb4b1d8b67,1,0,1,0.49754104,0.072795965,0.05531578,0.069700524,5.731985e-06,0.012029576,0,0.11962921172380447,0.60185575,0.87759936,0.9999902,0.96926093,0,0.38711637258529663,0.34282842,0.052700143,4.0195087e-06,0.01870952,0,0.49325448274612427
TSBD_Healthy_886fdcfd30,1,1,0,0.87956995,0.0067387884,0.8463071,0.9200778,0.99997914,0.9800406,1,0.11962921172380447,0.07572153,0.041677065,1.7144519e-05,0.011651867,0,0.38711637258529663,0.077971354,0.038245026,3.6411764e-06,0.008307574,0,0.49325448274612427
TSBD_Healthy_784f1bc940,0,0,1,0.101787455,0.3230608,0.07099272,0.070129104,5.9284125e-06,0.020502884,0,0.11962921172380447,0.15879796,0.8760908,0.9999896,0.93991834,0,0.38711637258529663,0.77020925,0.053780038,4.4525236e-06,0.039578747,0,0.49325448274612427
TSBD_Healthy_ba996de886,1,1,1,0.8327932,0.009124797,0.08816812,0.06576547,4.707196e-06,0.012131978,0,0.11962921172380447,0.7877435,0.8800099,0.9999907,0.9753812,1,0.38711637258529663,0.12408839,0.054224595,4.6151204e-06,0.012486822,0,0.49325448274612427
TSBD_Healthy_619dcca295,1,1,1,0.83546734,0.008439986,0.09755011,0.07072911,5.994205e-06,0.013647608,0,0.11962921172380447,0.78703636,0.8772161,0.99999034,0.9748924,1,0.38711637258529663,0.11541355,0.05205477,3.7165303e-06,0.011460037,0,0.49325448274612427
TSBD_Healthy_e5fac835da,0,0,1,0.094599314,0.33529115,0.07036246,0.06283559,4.0767595e-06,0.01858589,0,0.11962921172380447,0.14386885,0.8803909,0.9999901,0.9370222,0,0.38711637258529663,0.7857686,0.056773543,5.83622e-06,0.044391885,0,0.49325448274612427
TSBD_Healthy_7b8508b66d,0,0,1,0.12690783,0.28731084,0.07245275,0.068147555,5.621496e-06,0.018772636,0,0.11962921172380447,0.19662629,0.87528574,0.9999887,0.94237584,0,0.38711637258529663,0.73092103,0.056566693,5.683151e-06,0.03885152,0,0.49325448274612427
TSBD_Healthy_1bf9b6920f,1,1,1,0.82678884,0.009676581,0.09493288,0.07171703,6.1354112e-06,0.013696723,0,0.11962921172380447,0.7822402,0.87679404,0.99999034,0.9747518,1,0.38711637258529663,0.12282693,0.05148893,3.5152523e-06,0.011551469,0,0.49325448274612427
TSBD_Healthy_c2dd44b1c5,1,0,1,0.7458492,0.02158258,0.09625533,0.07585102,7.572956e-06,0.015056245,0,0.11962921172380447,0.7310474,0.87392884,0.9999894,0.97213453,0,0.38711637258529663,0.17269723,0.050220102,3.0689155e-06,0.012809255,0,0.49325448274612427
TSBD_Healthy_6941b60386,1,1,1,0.8361988,0.008511916,0.09325681,0.067012824,5.0607814e-06,0.0126588065,0,0.11962921172380447,0.7884504,0.87920856,0.9999906,0.9752176,1,0.38711637258529663,0.11829275,0.0537786,4.412346e-06,0.012123653,0,0.49325448274612427
TSBD_Healthy_905510a905,1,0,1,0.81368977,0.01165727,0.08858628,0.072096154,6.462194e-06,0.013575214,0,0.11962921172380447,0.7761728,0.8763474,0.99998987,0.97436327,0,0.38711637258529663,0.1352409,0.051556416,3.6289296e-06,0.012061541,0,0.49325448274612427
TSBD_Healthy_9731a208b9,1,0,1,0.34088024,0.11876749,0.06579044,0.07539354,7.4688487e-06,0.01498281,0,0.11962921172380447,0.48732653,0.874161,0.9999893,0.96435606,0,0.38711637258529663,0.44688302,0.050445415,3.2184598e-06,0.020661062,0,0.49325448274612427
TSBD_Healthy_0dca3c0bc2,1,1,1,0.8309061,0.008961219,0.12807666,0.066525415,4.9619784e-06,0.014085798,0,0.11962921172380447,0.78011286,0.87970823,0.9999906,0.97476155,1,0.38711637258529663,0.09181053,0.05376642,4.463884e-06,0.011152618,0,0.49325448274612427
TSBD_Healthy_12ac808983,0,0,1,0.18261467,0.22722697,0.062072556,0.06769785,5.6066538e-06,0.015727792,0,0.11962921172380447,0.2835439,0.87588644,0.99998856,0.95097935,0,0.38711637258529663,0.65438354,0.056415677,5.822851e-06,0.033292916,0,0.49325448274612427
TSBD_Healthy_511fba2ceb,1,0,1,0.7982013,0.01329604,0.12006097,0.06920133,5.513154e-06,0.014468126,0,0.11962921172380447,0.7554506,0.87826043,0.99999046,0.973401,0,0.38711637258529663,0.124488465,0.052538224,3.9853394e-06,0.012130879,0,0.49325448274612427
TSBD_Healthy_549679688a,0,0,1,0.12227763,0.29439902,0.060870495,0.06096796,3.836476e-06,0.01574034,0,0.11962921172380447,0.18834889,0.8783155,0.9999881,0.9403039,0,0.38711637258529663,0.7507806,0.060716547,8.101042e-06,0.043955732,0,0.49325448274612427
TSBD_Healthy_708f7d8e32,1,0,2,0.82199544,0.008383719,0.082897365,0.02842665,1.2821965e-06,0.006296115,0,0.11962921172380447,0.114573814,0.15302172,0.00017932877,0.040398445,0,0.38711637258529663,0.8025288,0.8185517,0.99981934,0.9533054,0,0.49325448274612427
TSBD_Healthy_30a7ad7ba3,0,0,1,0.1068351,0.31537554,0.0667849,0.07085923,6.1641263e-06,0.019920455,0,0.11962921172380447,0.16914275,0.8756467,0.9999895,0.9417704,0,0.38711637258529663,0.76407236,0.05349401,4.2884312e-06,0.038309224,0,0.49325448274612427
TSBD_Healthy_dad4aa07c4,0,0,1,0.1156294,0.30384564,0.08363145,0.04400272,2.1175151e-06,0.014657298,0,0.11962921172380447,0.12661181,0.8529814,0.9998658,0.87754726,0,0.38711637258529663,0.7897567,0.10301585,0.00013209511,0.10779539,0,0.49325448274612427
TSBD_Healthy_8eff6e388b,1,0,1,0.566051,0.05679737,0.05782225,0.069024876,5.57729e-06,0.011833022,0,0.11962921172380447,0.6432551,0.8780584,0.99999034,0.9706089,0,0.38711637258529663,0.29892266,0.05291679,4.115677e-06,0.017558053,0,0.49325448274612427
TSBD_Healthy_fec7f36a5c,1,0,1,0.8176413,0.010783052,0.09647114,0.074996315,7.387503e-06,0.014633619,0,0.11962921172380447,0.77565473,0.8743494,0.9999893,0.9738371,0,0.38711637258529663,0.12787418,0.05065423,3.3115707e-06,0.0115292985,0,0.49325448274612427
TSBD_Healthy_1cf19a1878,1,0,1,0.36260894,0.11126005,0.05379401,0.06338377,4.277183e-06,0.0114015965,0,0.11962921172380447,0.50174755,0.87948287,0.9999896,0.9641805,0,0.38711637258529663,0.44445845,0.057133306,6.04504e-06,0.024417879,0,0.49325448274612427
TSBD_Healthy_0fbc0f2310,0,0,1,0.087055154,0.34815258,0.08227713,0.06278733,4.4987264e-06,0.021029409,0,0.11962921172380447,0.121580385,0.87581694,0.9999864,0.92598933,0,0.38711637258529663,0.7961425,0.061395783,9.046249e-06,0.052981205,0,0.49325448274612427
TSBD_Healthy_24a6f36a78,1,0,1,0.77673084,0.017697152,0.07353719,0.06969982,5.6382783e-06,0.01226814,0,0.11962921172380447,0.76041275,0.8779743,0.99999046,0.97443104,0,0.38711637258529663,0.16605006,0.052325856,3.8705302e-06,0.013300808,0,0.49325448274612427
TSBD_Healthy_7bca399e6d,1,0,1,0.8063999,0.012930237,0.08233854,0.069534175,5.638655e-06,0.012676882,0,0.11962921172380447,0.77369255,0.8778044,0.99999046,0.9746624,0,0.38711637258529663,0.14396892,0.05266143,3.938398e-06,0.012660674,0,0.49325448274612427
TSBD_Healthy_06733b9af0,0,0,1,0.15351513,0.25615078,0.056754485,0.070870794,5.9619642e-06,0.016450983,0,0.11962921172380447,0.25100663,0.87720144,0.99999034,0.95232975,0,0.38711637258529663,0.69223887,0.05192777,3.7110478e-06,0.031219251,0,0.49325448274612427
TSBD_Healthy_2e5b036845,0,0,1,0.19687346,0.21424867,0.05488319,0.071155466,6.263831e-06,0.01529912,0,0.11962921172380447,0.31251323,0.87573904,0.9999895,0.95559204,0,0.38711637258529663,0.6326036,0.053105544,4.1838393e-06,0.029108843,0,0.49325448274612427
TSBD_Healthy_363f51fde7,1,0,1,0.68680596,0.032105163,0.08142465,0.07378251,6.937743e-06,0.013951492,0,0.11962921172380447,0.7033564,0.87537307,0.99998975,0.9716968,0,0.38711637258529663,0.215219,0.05084448,3.3709666e-06,0.014351661,0,0.49325448274612427
TSBD_Healthy_c6ac85b839,0,0,1,0.29457623,0.14172608,0.060378972,0.07363838,6.751634e-06,0.01455227,0,0.11962921172380447,0.44259697,0.8754614,0.99998987,0.96305454,0,0.38711637258529663,0.49702412,0.050900284,3.3426454e-06,0.02239321,0,0.49325448274612427
TSBD_Healthy_ddbacc20a2,1,0,1,0.43209177,0.08995627,0.059227943,0.07391369,7.002144e-06,0.013518315,0,0.11962921172380447,0.5573791,0.87484694,0.9999895,0.96735764,0,0.38711637258529663,0.3833929,0.051239353,3.4441823e-06,0.019124052,0,0.49325448274612427
TSBD_Healthy_8643328d51,0,0,1,0.1090819,0.31245345,0.06951336,0.06252854,4.040525e-06,0.017593125,0,0.11962921172380447,0.16521832,0.8777794,0.99998856,0.937431,0,0.38711637258529663,0.76526827,0.059692014,7.3609285e-06,0.04497592,0,0.49325448274612427
TSBD_Healthy_006fc27c69,0,0,1,0.1324172,0.2814576,0.06507748,0.05687255,3.1314714e-06,0.014664511,0,0.11962921172380447,0.19993113,0.879562,0.9999865,0.93958884,0,0.38711637258529663,0.7349914,0.063565485,1.0351389e-05,0.04574663,0,0.49325448274612427
TSBD_Healthy_33406626c7,1,0,1,0.75666136,0.020898117,0.070928104,0.067112096,5.0097324e-06,0.011684538,0,0.11962921172380447,0.7483014,0.87932783,0.9999907,0.97408235,0,0.38711637258529663,0.18077053,0.053560086,4.341255e-06,0.01423306,0,0.49325448274612427
TSBD_Healthy_b06da16348,0,0,1,0.21041103,0.20462437,0.08956255,0.03481587,4.597062e-06,0.012803003,0,0.11962921172380447,0.10931274,0.7120148,0.9780498,0.62086767,0,0.38711637258529663,0.8011247,0.2531694,0.021945637,0.3663293,0,0.49325448274612427
TSBD_Healthy_06f251fee4,0,0,1,0.19186448,0.22091421,0.08785858,0.034746237,3.3240103e-06,0.012490891,0,0.11962921172380447,0.11267674,0.740905,0.9891411,0.6716063,0,0.38711637258529663,0.79946464,0.22434872,0.010855532,0.31590286,0,0.49325448274612427
TSBD_Healthy_4ac4f94767,0,0,1,0.082974866,0.35501006,0.08513071,0.07565251,7.695348e-06,0.026123203,0,0.11962921172380447,0.11915091,0.87029004,0.9999877,0.92952687,0,0.38711637258529663,0.7957183,0.054057505,4.627111e-06,0.044349935,0,0.49325448274612427
TSBD_Healthy_e7cd92f08f,1,0,2,0.66434985,0.027519222,0.073748894,0.02901966,2.8593201e-06,0.007145281,0,0.11962921172380447,0.13544753,0.31930268,0.013449731,0.14112201,0,0.38711637258529663,0.7908036,0.6516776,0.98654747,0.85173273,0,0.49325448274612427
TSBD_Healthy_1597a65755,0,0,1,0.13755868,0.2756098,0.059479266,0.055571433,2.9237688e-06,0.013701209,0,0.11962921172380447,0.20705533,0.87903684,0.9999852,0.9392721,0,0.38711637258529663,0.73346543,0.0653917,1.1901028e-05,0.047026664,0,0.49325448274612427
TSBD_Healthy_a8ea0e137d,0,0,1,0.15424761,0.25620848,0.06256778,0.060874417,3.969605e-06,0.014883416,0,0.11962921172380447,0.23392406,0.8765777,0.99998665,0.94333386,0,0.38711637258529663,0.7035082,0.062547974,9.432161e-06,0.04178276,0,0.49325448274612427
TSBD_Healthy_fafc24f635,0,0,1,0.12662907,0.28778654,0.06968231,0.06810192,5.4549414e-06,0.018379368,0,0.11962921172380447,0.1975807,0.8756671,0.9999889,0.9430185,0,0.38711637258529663,0.732737,0.056230973,5.5867577e-06,0.038602095,0,0.49325448274612427
TSBD_Healthy_7c877797f5,0,0,1,0.15782271,0.2540379,0.08199206,0.03700119,2.333568e-06,0.012657117,0,0.11962921172380447,0.12459708,0.79859734,0.99822277,0.7807902,0,0.38711637258529663,0.7934109,0.16440149,0.00177491,0.20655268,0,0.49325448274612427
TSBD_Healthy_d249c82c7a,0,0,1,0.11361731,0.30540943,0.065547206,0.070985444,5.9866265e-06,0.019243784,0,0.11962921172380447,0.18175143,0.8759263,0.99998987,0.9439752,0,0.38711637258529663,0.75270134,0.05308821,4.0983664e-06,0.03678096,0,0.49325448274612427
TSBD_Healthy_1dafd9bcec,0,0,1,0.121405065,0.29563957,0.06470087,0.05680187,3.1180898e-06,0.015025969,0,0.11962921172380447,0.1836861,0.8802671,0.999987,0.93817735,0,0.38711637258529663,0.751613,0.06293109,9.9248455e-06,0.04679667,0,0.49325448274612427
TSBD_Healthy_727f8ba7d1,0,0,1,0.09212222,0.33854198,0.07586579,0.078516915,8.8255065e-06,0.024997924,0,0.11962921172380447,0.13900751,0.8683549,0.9999871,0.93429184,0,0.38711637258529663,0.78512675,0.05312819,4.0771984e-06,0.04071027,0,0.49325448274612427
TSBD_Healthy_578fae46e9,1,0,1,0.48103184,0.076573655,0.062506326,0.07253653,6.4841283e-06,0.013211019,0,0.11962921172380447,0.5877511,0.87587583,0.99999,0.9684077,0,0.38711637258529663,0.3497426,0.0515876,3.575924e-06,0.018381339,0,0.49325448274612427
TSBD_Healthy_d1980c5cf7,0,0,1,0.12533088,0.2906,0.061570734,0.057659216,3.3203964e-06,0.014906614,0,0.11962921172380447,0.18938963,0.87860763,0.9999863,0.9381026,0,0.38711637258529663,0.74903965,0.06373322,1.0411502e-05,0.04699083,0,0.49325448274612427
TSBD_Healthy_5f95d3f8a2,0,0,1,0.11415206,0.30448753,0.06843565,0.07096697,6.0415623e-06,0.019536596,0,0.11962921172380447,0.18270257,0.8765947,0.9999901,0.94441795,0,0.38711637258529663,0.74886185,0.052438352,3.8758e-06,0.036045406,0,0.49325448274612427
TSBD_Healthy_ef7cbd4127,0,0,1,0.21195951,0.20047262,0.06319694,0.07911341,8.916272e-06,0.017734516,0,0.11962921172380447,0.3342649,0.87108856,0.9999881,0.9567212,0,0.38711637258529663,0.6025382,0.04979808,3.0278513e-06,0.025544282,0,0.49325448274612427
TSBD_Healthy_63b700da46,1,0,1,0.6423363,0.041009955,0.06367664,0.07040808,5.9353397e-06,0.012244994,0,0.11962921172380447,0.6861928,0.877109,0.9999901,0.9717971,0,0.38711637258529663,0.25013053,0.052482918,3.942876e-06,0.015957884,0,0.49325448274612427
TSBD_Healthy_076f98de26,0,0,1,0.09932315,0.3279754,0.07592656,0.05338853,2.978909e-06,0.016892372,0,0.11962921172380447,0.13094339,0.87212086,0.99997306,0.9154323,0,0.38711637258529663,0.79313004,0.07449063,2.3939756e-05,0.06767527,0,0.49325448274612427
TSBD_Healthy_e3f6aa3d79,0,0,1,0.28940555,0.11357107,0.0854187,0.029302185,6.8840905e-06,0.009293597,0,0.11962921172380447,0.11471099,0.54761237,0.5364059,0.36604914,0,0.38711637258529663,0.7998703,0.42308545,0.46358722,0.6246573,0,0.49325448274612427
TSBD_Healthy_da00d5de9a,0,0,1,0.19352843,0.21865931,0.05592085,0.058085013,3.401343e-06,0.01266432,0,0.11962921172380447,0.28912425,0.87756604,0.9999856,0.9476027,0,0.38711637258529663,0.65495485,0.06434898,1.10739975e-05,0.039732944,0,0.49325448274612427
TSBD_Healthy_1fc6860580,0,0,1,0.11068947,0.30977118,0.06457153,0.0693909,5.6335784e-06,0.018864697,0,0.11962921172380447,0.17725036,0.8773852,0.9999901,0.943697,0,0.38711637258529663,0.7581781,0.053223837,4.2294273e-06,0.037438314,0,0.49325448274612427
TSBD_Healthy_93437b01b9,0,0,1,0.2221567,0.1960335,0.08279406,0.0306568,2.8493455e-06,0.010405101,0,0.11962921172380447,0.11728752,0.70937383,0.9745014,0.6179438,0,0.38711637258529663,0.7999185,0.25996938,0.025495827,0.37165105,0,0.49325448274612427
TSBD_Healthy_d7b2fef984,0,0,1,0.10591501,0.3168555,0.06788003,0.06945857,5.557873e-06,0.019586151,0,0.11962921172380447,0.16496289,0.8753151,0.9999895,0.9400246,0,0.38711637258529663,0.767157,0.05522629,4.983661e-06,0.04038924,0,0.49325448274612427
TSBD_Healthy_6499b6d7a1,0,0,1,0.13691427,0.27514356,0.059784003,0.06930093,5.6074873e-06,0.017021107,0,0.11962921172380447,0.22282061,0.87792677,0.99999034,0.94937223,0,0.38711637258529663,0.71739537,0.05277232,4.014651e-06,0.0336066,0,0.49325448274612427
TSBD_Healthy_b2c3637e41,1,0,1,0.58518726,0.052382473,0.063344955,0.06729093,5.0983576e-06,0.01181402,0,0.11962921172380447,0.6499857,0.8789683,0.99999046,0.9705889,0,0.38711637258529663,0.28666937,0.053740732,4.4150725e-06,0.01759703,0,0.49325448274612427
TSBD_Healthy_ca0105e4b8,0,0,1,0.08363115,0.35475647,0.085911535,0.054345425,2.764923e-06,0.018538935,0,0.11962921172380447,0.11243267,0.88003165,0.9999851,0.922236,0,0.38711637258529663,0.80165577,0.06562292,1.2081963e-05,0.059224993,0,0.49325448274612427
TSBD_Healthy_efb3b53d28,1,0,1,0.6678835,0.032524005,0.13830028,0.098453484,1.8961624e-05,0.023871453,0,0.11962921172380447,0.666981,0.85604715,0.99997914,0.96410316,0,0.38711637258529663,0.19471873,0.04549932,1.91962e-06,0.012025403,0,0.49325448274612427
TSBD_Healthy_b6298539e0,0,0,1,0.16427152,0.24530701,0.055156924,0.065613165,4.6588725e-06,0.014695829,0,0.11962921172380447,0.26408198,0.87984437,0.9999906,0.95262605,0,0.38711637258529663,0.68076104,0.05454249,4.7231047e-06,0.032678068,0,0.49325448274612427
TSBD_Healthy_32b15941da,1,0,1,0.8120549,0.0121721905,0.08155965,0.06379702,4.279178e-06,0.01147768,0,0.11962921172380447,0.77560997,0.88073075,0.9999906,0.97489846,0,0.38711637258529663,0.14283034,0.055472218,5.1804386e-06,0.013623857,0,0.49325448274612427
TSBD_Healthy_0d4ffdc7b0,1,0,1,0.8105701,0.012319094,0.084061235,0.06557445,4.6730593e-06,0.011963473,0,0.11962921172380447,0.77426666,0.8800096,0.9999907,0.97482854,0,0.38711637258529663,0.14167209,0.05441595,4.6779815e-06,0.013207969,0,0.49325448274612427
TSBD_Healthy_b36f28e306,0,0,1,0.15876453,0.25051677,0.060102798,0.06986071,5.852975e-06,0.016495667,0,0.11962921172380447,0.25578308,0.87719715,0.9999901,0.95175326,0,0.38711637258529663,0.6841141,0.05294211,4.091498e-06,0.03175107,0,0.49325448274612427
TSBD_Healthy_68a56d28bf,0,0,1,0.16387278,0.24715826,0.072517574,0.046287715,2.1226751e-06,0.012281953,0,0.11962921172380447,0.2183511,0.870169,0.9999528,0.92214227,0,0.38711637258529663,0.70913136,0.08354338,4.5109067e-05,0.065575786,0,0.49325448274612427
TSBD_Healthy_b7798ab5f8,1,0,1,0.80615926,0.013185037,0.077347904,0.0668249,4.927447e-06,0.011843487,0,0.11962921172380447,0.775389,0.8795706,0.9999907,0.97505456,0,0.38711637258529663,0.14726314,0.05360454,4.3443365e-06,0.013101903,0,0.49325448274612427
TSBD_Healthy_2a0f79d223,1,0,1,0.79446757,0.015046805,0.07292429,0.066003375,4.7161648e-06,0.011461399,0,0.11962921172380447,0.76996934,0.8799419,0.9999907,0.97494215,0,0.38711637258529663,0.15710638,0.054054726,4.532836e-06,0.013596491,0,0.49325448274612427
TSBD_Healthy_8fc6471a64,0,0,1,0.09209573,0.33857593,0.07791411,0.07790446,9.648874e-06,0.025711356,0,0.11962921172380447,0.13600822,0.8671466,0.9999852,0.9307845,0,0.38711637258529663,0.78607774,0.054948978,5.138935e-06,0.043504115,0,0.49325448274612427
TSBD_Healthy_78bf1afa4b,1,0,1,0.6058653,0.048221212,0.06375185,0.075103834,7.4283516e-06,0.0133284535,0,0.11962921172380447,0.66722757,0.87438554,0.9999894,0.9710511,0,0.38711637258529663,0.2690206,0.05051071,3.2272628e-06,0.015620503,0,0.49325448274612427
TSBD_Healthy_d63c012f3e,1,0,1,0.37001574,0.10672011,0.10597655,0.06949711,5.709364e-06,0.016105428,0,0.11962921172380447,0.48812434,0.8771899,0.99999,0.9623282,0,0.38711637258529663,0.40589905,0.053312972,4.2564643e-06,0.02156638,0,0.49325448274612427
TSBD_Healthy_05ab09d318,0,0,1,0.13506652,0.27873278,0.06338434,0.053847007,2.8487023e-06,0.013966623,0,0.11962921172380447,0.19403347,0.8748834,0.9999782,0.9312751,0,0.38711637258529663,0.7425822,0.07126962,1.8931412e-05,0.054758262,0,0.49325448274612427
TSBD_Healthy_18405215f8,0,0,1,0.09373149,0.33671993,0.07706439,0.06088948,4.0619934e-06,0.019344373,0,0.11962921172380447,0.13145286,0.87484956,0.99998534,0.92640775,0,0.38711637258529663,0.79148275,0.064260915,1.0591063e-05,0.054247845,0,0.49325448274612427
TSBD_Healthy_fe721e6a35,0,0,1,0.10323985,0.32121032,0.07274771,0.06306004,4.2938295e-06,0.018607907,0,0.11962921172380447,0.15293464,0.8762449,0.9999877,0.9340279,0,0.38711637258529663,0.7743176,0.06069503,7.971459e-06,0.04736424,0,0.49325448274612427
TSBD_Healthy_8a0b6768d9,1,1,1,0.8382091,0.008385494,0.08900366,0.065505594,4.621155e-06,0.012088295,0,0.11962921172380447,0.7912579,0.8801942,0.9999908,0.9755912,1,0.38711637258529663,0.11973841,0.054300174,4.61263e-06,0.012320516,0,0.49325448274612427
TSBD_Healthy_fdb9e6ae23,0,0,1,0.20839205,0.20476829,0.053367157,0.06711269,5.0694516e-06,0.013902799,0,0.11962921172380447,0.32828107,0.8790359,0.99999046,0.9571725,0,0.38711637258529663,0.61835176,0.053851377,4.456334e-06,0.02892468,0,0.49325448274612427
TSBD_Healthy_4c66cb7f58,1,0,1,0.7949921,0.014904445,0.0741027,0.06655758,4.858768e-06,0.01164113,0,0.11962921172380447,0.7697071,0.87947863,0.9999907,0.974818,0,0.38711637258529663,0.15619017,0.0539638,4.4983935e-06,0.013540836,0,0.49325448274612427
TSBD_Healthy_f5058ddf56,1,1,1,0.83301777,0.008868523,0.09590824,0.069110245,5.4843654e-06,0.0131913815,0,0.11962921172380447,0.78583014,0.8783533,0.9999906,0.975072,1,0.38711637258529663,0.118261606,0.052536428,3.927274e-06,0.011736591,0,0.49325448274612427
TSBD_Healthy_69e2554f5f,1,1,1,0.8466169,0.0071651656,0.09931522,0.063273676,4.1106373e-06,0.012057739,0,0.11962921172380447,0.7946578,0.8812933,0.9999907,0.9757634,1,0.38711637258529663,0.10602697,0.055433035,5.1902257e-06,0.012178866,0,0.49325448274612427
TSBD_Healthy_d4f8817d0f,0,0,1,0.09165468,0.33935225,0.076650545,0.07729738,8.5732345e-06,0.024747381,0,0.11962921172380447,0.13925916,0.8703209,0.9999875,0.9350585,0,0.38711637258529663,0.7840902,0.052381728,3.9745714e-06,0.04019415,0,0.49325448274612427
TSBD_Healthy_75d585858d,0,0,1,0.30240545,0.13792688,0.052076682,0.06676367,4.9640803e-06,0.012325366,0,0.11962921172380447,0.451799,0.87942755,0.9999906,0.96357137,0,0.38711637258529663,0.49612427,0.05380875,4.4654043e-06,0.024103293,0,0.49325448274612427
TSBD_Healthy_cb3a9d790a,1,0,1,0.77519697,0.01790622,0.07380417,0.06717985,5.0633353e-06,0.011829327,0,0.11962921172380447,0.7579501,0.8792879,0.9999906,0.97435933,0,0.38711637258529663,0.16824569,0.05353221,4.329768e-06,0.013811373,0,0.49325448274612427
TSBD_Healthy_2c254df731,0,0,1,0.27957967,0.1504295,0.079243384,0.07587363,7.486356e-06,0.01692029,0,0.11962921172380447,0.41401744,0.8736767,0.9999894,0.9603715,0,0.38711637258529663,0.5067392,0.050449625,3.174957e-06,0.022708269,0,0.49325448274612427
TSBD_Healthy_4e4bdff12a,1,0,1,0.8037114,0.012549056,0.11483771,0.0701603,5.7781217e-06,0.014443581,0,0.11962921172380447,0.76022756,0.8777293,0.99999046,0.9736179,0,0.38711637258529663,0.12493467,0.052110363,3.7561038e-06,0.011938489,0,0.49325448274612427
TSBD_WSSV_ffd2411af1,1,0,2,0.6200947,0.041051403,0.054802403,0.035370532,2.5908298e-06,0.0074025965,0,0.11962921172380447,0.31896695,0.09922585,2.2368937e-05,0.03356983,0,0.38711637258529663,0.6262306,0.8654036,0.99997497,0.9590276,0,0.49325448274612427
TSBD_WSSV_c6b9dfd6bd,0,0,1,0.14602366,0.26435834,0.065580904,0.08605549,1.7001563e-05,0.024603263,0,0.11962921172380447,0.20583113,0.84526026,0.99996483,0.9230897,0,0.38711637258529663,0.7285879,0.068684265,1.814134e-05,0.052307103,0,0.49325448274612427
TSBD_WSSV_258e8224d8,0,0,1,0.24849078,0.17374763,0.0509422,0.06866263,5.368341e-06,0.013274479,0,0.11962921172380447,0.38492998,0.8784359,0.99999046,0.96072793,0,0.38711637258529663,0.56412786,0.05290139,4.1372577e-06,0.025997577,0,0.49325448274612427
TSBD_WSSV_7759b4323e,1,0,1,0.43229172,0.085011676,0.06818006,0.3423438,0.0072911507,0.1102399,0,0.11962921172380447,0.719618,0.61917025,0.99270636,0.8773155,0,0.38711637258529663,0.21220191,0.03848589,2.5043917e-06,0.012444563,0,0.49325448274612427
TSBD_WSSV_20ac0fab2b,1,1,0,0.774238,0.021867689,0.78311616,0.9178058,0.9999695,0.9767259,1,0.11962921172380447,0.069686376,0.045902785,2.766316e-05,0.013335461,0,0.38711637258529663,0.14719738,0.036291406,2.915873e-06,0.009938684,0,0.49325448274612427
TSBD_WSSV_73ccea8db5,0,0,1,0.1437481,0.24551904,0.17384194,0.34065938,0.006891914,0.21552972,0,0.11962921172380447,0.1703041,0.61880714,0.993105,0.75642985,0,0.38711637258529663,0.6558539,0.040533416,3.0249926e-06,0.0280404,0,0.49325448274612427
TSBD_WSSV_2ca61b4065,1,1,1,0.8402361,0.007811781,0.11543274,0.06541954,4.675591e-06,0.01327797,0,0.11962921172380447,0.78782207,0.8803029,0.9999907,0.97524613,1,0.38711637258529663,0.096745215,0.054277573,4.6750115e-06,0.011475904,0,0.49325448274612427
TSBD_WSSV_0168d43459,1,1,0,0.76214707,0.023133464,0.7650723,0.9190902,0.99997795,0.97559994,1,0.11962921172380447,0.1246708,0.042199336,1.8203065e-05,0.01456803,0,0.38711637258529663,0.11025687,0.038710393,3.837546e-06,0.009831995,0,0.49325448274612427
TSBD_WSSV_a270f6228b,1,1,0,0.8762338,0.007236729,0.84461135,0.9205963,0.99998,0.98026776,1,0.11962921172380447,0.072612844,0.041471194,1.655377e-05,0.011384278,0,0.38711637258529663,0.08277578,0.037932448,3.4109426e-06,0.008347976,0,0.49325448274612427
TSBD_WSSV_3868efcb84,0,0,0,0.29446146,0.14143494,0.45032814,0.9144463,0.9999392,0.95327485,0,0.11962921172380447,0.47254348,0.052471466,5.8508158e-05,0.03814437,0,0.38711637258529663,0.07712838,0.033082265,2.2703152e-06,0.008580789,0,0.49325448274612427
TSBD_WSSV_98510bdd07,0,0,0,0.30329728,0.13848639,0.44622457,0.9092114,0.9998659,0.94436824,0,0.11962921172380447,0.4896394,0.061109915,0.00013256546,0.04854037,0,0.38711637258529663,0.06413599,0.029678708,1.5709647e-06,0.007091356,0,0.49325448274612427
TSBD_WSSV_365b81a0b8,0,0,0,0.09024531,0.3307664,0.07816976,0.83545065,0.99306023,0.7296289,0,0.11962921172380447,0.66126883,0.13512123,0.0069372207,0.25146294,0,0.38711637258529663,0.26056135,0.029428074,2.6259736e-06,0.01890812,0,0.49325448274612427
TSBD_WSSV_4c515e509e,0,0,0,0.1889486,0.18190584,0.09469708,0.59872985,0.91105956,0.5131209,0,0.11962921172380447,0.4701834,0.08208064,0.00028404233,0.07315046,0,0.38711637258529663,0.43511957,0.3191895,0.088656455,0.41372865,0,0.49325448274612427
TSBD_WSSV_d5dc5a32b7,0,0,0,0.105308525,0.3152334,0.11484427,0.86313564,0.99733126,0.8011864,0,0.11962921172380447,0.7422578,0.11044832,0.0026672867,0.1866472,0,0.38711637258529663,0.14289795,0.026416041,1.4023718e-06,0.012166452,0,0.49325448274612427
TSBD_WSSV_84d358870a,0,0,0,0.19904998,0.21513835,0.27244133,0.8871598,0.9992054,0.89058995,0,0.11962921172380447,0.6575029,0.086368844,0.0007934621,0.1019367,0,0.38711637258529663,0.07005579,0.026471382,1.2100177e-06,0.0074733193,0,0.49325448274612427
TSBD_WSSV_b95089e484,1,0,0,0.41521484,0.096697554,0.5402956,0.91645926,0.99995005,0.9604395,0,0.11962921172380447,0.311915,0.050354965,4.7681628e-05,0.029349752,0,0.38711637258529663,0.14778942,0.0331858,2.294873e-06,0.010210756,0,0.49325448274612427
TSBD_WSSV_ef2d938994,0,0,0,0.19276565,0.21375692,0.3073134,0.9106394,0.99991214,0.93748766,0,0.11962921172380447,0.565522,0.05670525,8.560869e-05,0.05112169,0,0.38711637258529663,0.12716457,0.032655332,2.21634e-06,0.011390647,0,0.49325448274612427
TSBD_WSSV_32049c3ecf,0,0,0,0.05899372,0.4037704,0.06819499,0.8865987,0.99988365,0.8745681,0,0.11962921172380447,0.1873376,0.05994675,9.313054e-05,0.057908848,0,0.38711637258529663,0.7444674,0.05345446,2.3227321e-05,0.06752302,0,0.49325448274612427
TSBD_WSSV_8b8160f809,1,1,0,0.7866641,0.010646413,0.72418404,0.83753175,0.9930963,0.8996748,1,0.11962921172380447,0.2056209,0.13537769,0.006902022,0.09439621,0,0.38711637258529663,0.07019512,0.027090618,1.6521867e-06,0.005928942,0,0.49325448274612427
TSBD_WSSV_cdf58b2135,1,0,1,0.7544592,0.020822767,0.071571775,0.09661887,1.7250066e-05,0.017735716,0,0.11962921172380447,0.759962,0.85701436,0.99998057,0.970897,0,0.38711637258529663,0.1684662,0.04636684,2.175954e-06,0.011367264,0,0.49325448274612427
TSBD_WSSV_aa863186fe,1,0,2,0.5608792,0.050205544,0.0825183,0.31372973,0.050349988,0.15261856,0,0.11962921172380447,0.12724054,0.044519022,5.1935917e-06,0.011763128,0,0.38711637258529663,0.7902412,0.6417513,0.94964486,0.8356183,0,0.49325448274612427
TSBD_WSSV_dfb2880295,1,0,2,0.73389953,0.024102708,0.055856936,0.043036185,5.5855635e-06,0.009059555,0,0.11962921172380447,0.22053774,0.072324224,5.5849137e-06,0.018505089,0,0.38711637258529663,0.72360533,0.88463956,0.9999888,0.97243536,0,0.49325448274612427
TSBD_WSSV_baaf0baf99,0,0,0,0.082091294,0.33212292,0.1286075,0.885596,0.99937075,0.87550765,0,0.11962921172380447,0.391977,0.08458027,0.00062739674,0.10285752,0,0.38711637258529663,0.47941554,0.029823676,1.8952986e-06,0.021634782,0,0.49325448274612427
TSBD_WSSV_24404c91af,1,0,1,0.609457,0.039822478,0.05800646,0.069461726,1.2127131e-05,0.014002589,0,0.11962921172380447,0.60827017,0.82546663,0.9998313,0.9340895,0,0.38711637258529663,0.33372337,0.10507161,0.00015654114,0.05190795,0,0.49325448274612427
TSBD_WSSV_b7563199e4,1,1,1,0.822157,0.010588849,0.07713197,0.06159333,3.7976674e-06,0.010792154,0,0.11962921172380447,0.78121495,0.8791687,0.9999889,0.9742802,1,0.38711637258529663,0.14165309,0.059237976,7.2452e-06,0.014927662,0,0.49325448274612427
TSBD_WSSV_11a594f754,1,0,1,0.7705717,0.018824605,0.06908148,0.071549974,6.0936063e-06,0.01234281,0,0.11962921172380447,0.7604357,0.87677747,0.9999902,0.9744498,0,0.38711637258529663,0.17048278,0.051672578,3.6590466e-06,0.013207389,0,0.49325448274612427
TSBD_WSSV_fc31d39bad,1,0,1,0.8055373,0.013172325,0.07739407,0.07946372,8.690565e-06,0.014359864,0,0.11962921172380447,0.78040385,0.87167764,0.99998856,0.9742897,0,0.38711637258529663,0.14220212,0.04885867,2.7623075e-06,0.011350437,0,0.49325448274612427
TSBD_WSSV_d6cd79daa1,0,0,0,0.07153049,0.36482602,0.07326647,0.7704555,0.9544117,0.68297154,0,0.11962921172380447,0.19250903,0.19578864,0.04558091,0.28139803,0,0.38711637258529663,0.7342245,0.03375596,7.4406566e-06,0.03563053,0,0.49325448274612427
TSBD_WSSV_02f81ef95e,1,0,1,0.7946864,0.015055859,0.07113158,0.066229716,4.831477e-06,0.011429817,0,0.11962921172380447,0.771052,0.87959206,0.99999046,0.9748386,0,0.38711637258529663,0.15781638,0.054178156,4.710706e-06,0.013731532,0,0.49325448274612427
TSBD_WSSV_3b11acaec9,1,0,1,0.6555808,0.03664363,0.06792661,0.16161838,0.00013980025,0.03427195,0,0.11962921172380447,0.7372599,0.7954303,0.9998585,0.95439535,0,0.38711637258529663,0.19481349,0.04295131,1.7243791e-06,0.01133274,0,0.49325448274612427
TSBD_WSSV_c286bccb7a,0,0,1,0.16161734,0.24925196,0.05581426,0.059889007,4.0826676e-06,0.014199118,0,0.11962921172380447,0.23426382,0.86943716,0.99997723,0.9353144,0,0.38711637258529663,0.70992196,0.07067388,1.8659373e-05,0.0504865,0,0.49325448274612427
TSBD_WSSV_6aa52b5d04,1,0,1,0.7868289,0.013599977,0.09469869,0.13643649,7.2145805e-05,0.030417651,0,0.11962921172380447,0.7779481,0.8219588,0.99992645,0.96062344,0,0.38711637258529663,0.12735324,0.04160475,1.3778941e-06,0.008958914,0,0.49325448274612427
TSBD_WSSV_78ac1c210b,1,0,1,0.67127246,0.03073284,0.09755814,0.2369274,0.00078062085,0.06495244,0,0.11962921172380447,0.7686276,0.728219,0.9992186,0.92734003,0,0.38711637258529663,0.1338143,0.034853585,7.8831783e-07,0.007707539,0,0.49325448274612427
TSBD_WSSV_f4df9efeef,1,0,1,0.78260505,0.01648949,0.071410395,0.07151194,6.673068e-06,0.012701011,0,0.11962921172380447,0.7629188,0.8737365,0.99998856,0.9731368,0,0.38711637258529663,0.16567081,0.054751515,4.8100896e-06,0.01416222,0,0.49325448274612427
TSBD_WSSV_e332624690,0,0,0,0.22781561,0.16061494,0.0756128,0.53039485,0.13374206,0.25870803,0,0.11962921172380447,0.6391325,0.43316913,0.8662514,0.7243688,0,0.38711637258529663,0.28525463,0.03643603,6.492549e-06,0.016923174,0,0.49325448274612427
TSBD_WSSV_de8ce5aa48,1,0,1,0.47238806,0.07810071,0.05993128,0.07493654,7.5878675e-06,0.013713111,0,0.11962921172380447,0.57804596,0.869589,0.9999871,0.9653801,0,0.38711637258529663,0.3620227,0.0554745,5.28252e-06,0.020906867,0,0.49325448274612427
TSBD_WSSV_2847167d0b,1,0,1,0.7285873,0.022526886,0.07973121,0.12799542,6.58927e-05,0.02776347,0,0.11962921172380447,0.74020153,0.8199575,0.9999299,0.9580132,0,0.38711637258529663,0.1800672,0.05204705,4.2327315e-06,0.014223397,0,0.49325448274612427
TSBD_WSSV_ea8e971d58,0,0,1,0.1681996,0.21701601,0.07484709,0.3453816,0.006400264,0.14022417,0,0.11962921172380447,0.32891735,0.61634463,0.9935975,0.8379741,0,0.38711637258529663,0.5962356,0.03827381,2.172749e-06,0.021801759,0,0.49325448274612427
TSBD_WSSV_2cd19b2879,1,0,2,0.84800965,0.0075589027,0.09454244,0.06521674,3.2863107e-05,0.01807466,0,0.11962921172380447,0.10458539,0.049035996,1.1587124e-06,0.008436054,0,0.38711637258529663,0.80087215,0.8857473,0.9999659,0.9734893,0,0.49325448274612427
TSBD_WSSV_f00fa9ceb8,1,0,2,0.74233615,0.023833537,0.07306307,0.056778293,1.8458277e-05,0.0141917905,0,0.11962921172380447,0.1868858,0.05286449,1.5070732e-06,0.011567117,0,0.38711637258529663,0.74005115,0.8903572,0.99998,0.9742411,0,0.49325448274612427
TSBD_WSSV_6678622b35,1,0,2,0.8361492,0.009422541,0.082411565,0.059350953,2.187446e-05,0.015266547,0,0.11962921172380447,0.12270955,0.052667808,1.5100287e-06,0.009743497,0,0.38711637258529663,0.7948789,0.88798124,0.9999765,0.9749899,0,0.49325448274612427
TSBD_WSSV_9ce26c2bf9,1,0,2,0.79118824,0.0146544445,0.13600656,0.06455683,3.0373303e-05,0.020515323,0,0.11962921172380447,0.11204634,0.052458756,1.5586979e-06,0.009640946,0,0.38711637258529663,0.75194705,0.8829844,0.99996805,0.96984375,0,0.49325448274612427
TSBD_WSSV_3319ef6f32,1,0,2,0.8325767,0.0093141645,0.106383294,0.06838348,4.032641e-05,0.020151349,0,0.11962921172380447,0.10694669,0.047722988,1.0759105e-06,0.008318474,0,0.38711637258529663,0.78666997,0.8838935,0.99995863,0.97153014,0,0.49325448274612427
TSBD_WSSV_1bb255e74b,1,0,1,0.56249994,0.057497248,0.056696963,0.066525586,4.8441084e-06,0.011251347,0,0.11962921172380447,0.6394504,0.87898093,0.99999034,0.9702714,0,0.38711637258529663,0.3038527,0.054493535,4.801628e-06,0.018477196,0,0.49325448274612427
TSBD_WSSV_d45bc108bb,1,0,1,0.816017,0.011464908,0.0807153,0.08220304,9.772269e-06,0.0151239345,0,0.11962921172380447,0.78588444,0.86961544,0.9999877,0.9740994,0,0.38711637258529663,0.1334003,0.04818157,2.4788785e-06,0.01077665,0,0.49325448274612427
TSBD_WSSV_319f7dd222,1,0,1,0.4163903,0.08731073,0.08494222,0.39883116,0.01501476,0.14618365,0,0.11962921172380447,0.7401028,0.56774354,0.98498374,0.8440211,0,0.38711637258529663,0.17495495,0.033425357,1.5154841e-06,0.0097952485,0,0.49325448274612427
TSBD_WSSV_72962540b9,1,0,0,0.55711514,0.05729957,0.6095068,0.89243674,0.9999461,0.9571484,0,0.11962921172380447,0.07928553,0.03290086,3.5496596e-06,0.008629387,0,0.38711637258529663,0.31120768,0.07466238,5.032895e-05,0.034222253,0,0.49325448274612427
TSBD_WSSV_cbc299712b,1,1,1,0.83343405,0.008166013,0.13211468,0.07512941,7.1542113e-06,0.01621595,0,0.11962921172380447,0.77893656,0.8750748,0.99998987,0.97393024,1,0.38711637258529663,0.0889487,0.04979582,2.9882917e-06,0.009853778,0,0.49325448274612427
TSBD_WSSV_4852ce6b3e,1,1,1,0.8364079,0.0087458845,0.084896535,0.06582434,4.6263895e-06,0.011917363,0,0.11962921172380447,0.79181087,0.8802431,0.99999094,0.9757402,1,0.38711637258529663,0.123292595,0.05393251,4.4923495e-06,0.012342455,0,0.49325448274612427
TSBD_WSSV_51c0f376ed,0,0,1,0.19139156,0.21732819,0.061449494,0.13812344,0.00018566597,0.045360036,0,0.11962921172380447,0.23960456,0.77467996,0.9997491,0.88456905,0,0.38711637258529663,0.698946,0.08719655,6.526252e-05,0.070070945,0,0.49325448274612427
TSBD_WSSV_27c4e89064,0,0,1,0.23638557,0.18173937,0.055288095,0.078871384,8.920871e-06,0.016357938,0,0.11962921172380447,0.36948168,0.8701509,0.9999877,0.9584872,0,0.38711637258529663,0.5752302,0.050977737,3.3979172e-06,0.025154788,0,0.49325448274612427
TSBD_WSSV_d31ea8472c,0,0,0,0.1369556,0.22181994,0.112911575,0.58121336,0.35063252,0.41546062,0,0.11962921172380447,0.31213307,0.37359416,0.64934164,0.5498491,0,0.38711637258529663,0.57495534,0.045192536,2.5824538e-05,0.034690328,0,0.49325448274612427
TSBD_WSSV_6fd089aca1,1,1,2,0.84987736,0.0077319928,0.08653673,0.054083016,1.5001041e-05,0.013755278,0,0.11962921172380447,0.109619565,0.05453551,1.712197e-06,0.009716833,0,0.38711637258529663,0.80384374,0.89138156,0.9999833,0.97652787,1,0.49325448274612427
TSBD_WSSV_7131cb4d1e,0,0,1,0.24845605,0.16851908,0.060140215,0.137621,8.5745654e-05,0.033801984,0,0.11962921172380447,0.39185524,0.81421894,0.9999114,0.9431997,0,0.38711637258529663,0.5480045,0.048160087,2.77742e-06,0.022998303,0,0.49325448274612427
TSBD_WSSV_d1629a0715,1,1,1,0.8350613,0.008586107,0.09773677,0.06790612,5.0999347e-06,0.012977092,0,0.11962921172380447,0.78656614,0.8790261,0.9999907,0.9751974,1,0.38711637258529663,0.11569709,0.053067688,4.1543153e-06,0.01182555,0,0.49325448274612427
TSBD_WSSV_8ecaf0ac01,1,0,1,0.75143343,0.01605767,0.11598622,0.21002288,0.000452847,0.057962406,0,0.11962921172380447,0.77675754,0.75345683,0.99954623,0.9346104,0,0.38711637258529663,0.107256226,0.036520284,9.1879787e-07,0.0074272156,0,0.49325448274612427
TSBD_WSSV_af3c48a08c,1,0,2,0.8420734,0.008176309,0.11063669,0.064876445,3.2770346e-05,0.019083813,0,0.11962921172380447,0.09587079,0.048906066,1.1501559e-06,0.008179372,0,0.38711637258529663,0.7934925,0.8862174,0.999966,0.97273684,0,0.49325448274612427
TSBD_WSSV_3dae79f506,1,0,2,0.7132703,0.024506297,0.06316087,0.10589247,0.00024206002,0.030459387,0,0.11962921172380447,0.21791345,0.0698821,8.088083e-06,0.019748027,0,0.38711637258529663,0.7189257,0.82422537,0.99974984,0.9497926,0,0.49325448274612427
TSBD_WSSV_80515fe4b2,1,0,2,0.83859575,0.009182242,0.078441344,0.054471504,1.5118172e-05,0.013402326,0,0.11962921172380447,0.12509029,0.05580978,1.8843555e-06,0.01051947,0,0.38711637258529663,0.7964684,0.8897187,0.99998295,0.9760783,0,0.49325448274612427
TSBD_WSSV_aee31f5ae6,1,0,2,0.82413995,0.008606875,0.10100899,0.11789591,0.0004230375,0.04047525,0,0.11962921172380447,0.10824915,0.04088199,8.2400595e-07,0.007389883,0,0.38711637258529663,0.79074186,0.8412221,0.99957615,0.95213485,0,0.49325448274612427
TSBD_WSSV_0ef579b068,1,0,2,0.81349045,0.008657001,0.11527938,0.14253165,0.0010548419,0.055458225,0,0.11962921172380447,0.10272949,0.038045675,7.2131394e-07,0.006844014,0,0.38711637258529663,0.7819911,0.8194226,0.99894446,0.93769777,0,0.49325448274612427
TSBD_WSSV_f70db8236e,1,0,2,0.8343197,0.00017551576,0.07095929,0.08077067,7.955185e-05,0.022139149,0,0.11962921172380447,0.16036417,0.16067182,0.00040421344,0.055551544,0,0.38711637258529663,0.76867646,0.75855756,0.99951625,0.9223093,0,0.49325448274612427
TSBD_WSSV_36e3c23fc4,1,0,2,0.8282581,0.010114288,0.077594794,0.072044075,5.2461546e-05,0.019467542,0,0.11962921172380447,0.1296248,0.0505122,1.4837145e-06,0.009732438,0,0.38711637258529663,0.79278046,0.8774437,0.9999461,0.97080004,0,0.49325448274612427
TSBD_WSSV_7e34390794,1,0,2,0.8411909,0.00888371,0.07944084,0.053517673,1.3880157e-05,0.013118225,0,0.11962921172380447,0.12228683,0.055842403,1.8363098e-06,0.010376786,0,0.38711637258529663,0.7982723,0.89063996,0.9999844,0.976505,0,0.49325448274612427
TSBD_WSSV_bd80b0d581,1,0,2,0.7784758,0.013372179,0.18781702,0.10492705,0.00028351336,0.044969153,0,0.11962921172380447,0.090072714,0.041177552,7.8184047e-07,0.007022983,0,0.38711637258529663,0.7221103,0.8538954,0.9997156,0.9480078,0,0.49325448274612427
TSBD_WSSV_a456bae923,1,0,2,0.8403658,0.008720417,0.094914064,0.059318133,2.2103834e-05,0.0160582,0,0.11962921172380447,0.110083535,0.051907577,1.4265938e-06,0.009207041,0,0.38711637258529663,0.79500234,0.8887743,0.9999765,0.9747348,0,0.49325448274612427
TSBD_WSSV_b6178797f6,1,0,2,0.83822936,0.009029421,0.08180409,0.053045414,1.3630898e-05,0.013180806,0,0.11962921172380447,0.12437352,0.058161736,2.228207e-06,0.011074065,0,0.38711637258529663,0.7938224,0.88879293,0.99998415,0.97574514,0,0.49325448274612427
TSBD_WSSV_69762898eb,1,0,2,0.8432835,0.008160227,0.09463596,0.0654785,3.429382e-05,0.018292217,0,0.11962921172380447,0.10802206,0.04905835,1.2005214e-06,0.008605648,0,0.38711637258529663,0.797342,0.8854632,0.9999645,0.97310215,0,0.49325448274612427
TSBD_WSSV_a73de688c2,1,0,2,0.80611914,0.0136806965,0.069015965,0.054022476,1.4560374e-05,0.012788045,0,0.11962921172380447,0.15504512,0.058399633,2.3425637e-06,0.012200063,0,0.38711637258529663,0.7759388,0.8875779,0.9999831,0.97501194,0,0.49325448274612427
TSBD_WSSV_03cb710db8,1,0,2,0.84412086,0.0074132783,0.075365715,0.047307,8.656162e-06,0.011140057,0,0.11962921172380447,0.13272162,0.07177835,5.7623e-06,0.015102216,0,0.38711637258529663,0.79191273,0.8809147,0.9999856,0.97375774,0,0.49325448274612427
TSBD_WSSV_7f2c043791,1,0,2,0.7439071,0.023257619,0.070737556,0.058508728,2.1663614e-05,0.014698382,0,0.11962921172380447,0.18982276,0.05499544,1.8983093e-06,0.012409059,0,0.38711637258529663,0.7394397,0.8864958,0.9999764,0.9728926,0,0.49325448274612427
TSBD_WSSV_426ff318e2,1,0,2,0.8448726,0.008451366,0.08238513,0.054933984,1.6117407e-05,0.013827578,0,0.11962921172380447,0.11631697,0.053825278,1.6121779e-06,0.009754679,0,0.38711637258529663,0.8012979,0.8912407,0.99998224,0.9764178,0,0.49325448274612427
TSBD_WSSV_3cb87dc046,1,0,2,0.806181,0.013823178,0.072178125,0.059657883,2.3040657e-05,0.014864373,0,0.11962921172380447,0.14898212,0.053335376,1.6568307e-06,0.010758822,0,0.38711637258529663,0.77883977,0.8870067,0.9999753,0.97437686,0,0.49325448274612427
TSBD_WSSV_4c414428d2,1,0,2,0.8494921,0.007709278,0.08824946,0.056740917,1.8421486e-05,0.014747631,0,0.11962921172380447,0.10840736,0.052936316,1.5233236e-06,0.009330888,0,0.38711637258529663,0.8033432,0.8903228,0.99998,0.97592145,0,0.49325448274612427
TSBD_WSSV_4896029d97,1,0,2,0.82895076,0.010623109,0.07719198,0.056967538,1.884361e-05,0.014233729,0,0.11962921172380447,0.13097884,0.053350557,1.5977478e-06,0.010151683,0,0.38711637258529663,0.79182917,0.88968194,0.9999796,0.97561455,0,0.49325448274612427
TSBD_WSSV_c549f00277,1,0,2,0.8083944,0.013623761,0.070918,0.055910587,1.7588498e-05,0.013583904,0,0.11962921172380447,0.14909837,0.054627493,1.7810147e-06,0.011028733,0,0.38711637258529663,0.77998364,0.8894618,0.99998057,0.97538733,0,0.49325448274612427
TSBD_WSSV_254bdb9f4d,0,0,2,0.21127021,0.20375732,0.05839497,0.05279513,1.300872e-05,0.015734281,0,0.11962921172380447,0.6288933,0.064615525,3.4664306e-06,0.030390045,0,0.38711637258529663,0.31271175,0.8825893,0.99998355,0.95387566,0,0.49325448274612427
TSBD_WSSV_b0447870c0,1,0,2,0.5689271,0.041595787,0.051225945,0.030203884,1.6127138e-06,0.006383165,0,0.11962921172380447,0.41848016,0.17162797,0.00033112522,0.084396414,0,0.38711637258529663,0.5302938,0.7981681,0.99966717,0.9092204,0,0.49325448274612427
TSBD_WSSV_754fa3c73d,1,0,2,0.84923846,0.007775896,0.087478764,0.05478318,1.569042e-05,0.0140179675,0,0.11962921172380447,0.10941214,0.054248076,1.6553582e-06,0.009625535,0,0.38711637258529663,0.8031091,0.89096874,0.9999826,0.9763565,0,0.49325448274612427
TSBD_WSSV_9937a0424b,1,0,2,0.8471494,0.0076127183,0.09467738,0.06588517,3.4304023e-05,0.018331792,0,0.11962921172380447,0.10535836,0.04910497,1.1728747e-06,0.008487624,0,0.38711637258529663,0.79996425,0.8850098,0.9999645,0.9731806,0,0.49325448274612427
TSBD_WSSV_6fa84e41c3,1,0,2,0.8293157,0.010563919,0.07633614,0.056758825,1.837536e-05,0.014084642,0,0.11962921172380447,0.1315652,0.053740505,1.6108356e-06,0.010218182,0,0.38711637258529663,0.7920987,0.8895007,0.99998,0.97569716,0,0.49325448274612427
TSBD_WSSV_577000701d,1,0,2,0.8425471,0.0077490583,0.089530885,0.079105474,7.6312426e-05,0.022934742,0,0.11962921172380447,0.11133235,0.046912286,1.1063499e-06,0.008390084,0,0.38711637258529663,0.79913676,0.8739822,0.99992263,0.96867514,0,0.49325448274612427
TSBD_WSSV_7562704d32,1,0,2,0.83175176,0.00998161,0.0736836,0.05169265,1.2640624e-05,0.012390601,0,0.11962921172380447,0.13567425,0.059705958,2.5533384e-06,0.011888297,0,0.38711637258529663,0.79064214,0.8886014,0.99998486,0.97572106,0,0.49325448274612427
TSBD_WSSV_ab987277c7,1,0,2,0.68786377,0.03349708,0.061372977,0.05972963,2.2761229e-05,0.014413015,0,0.11962921172380447,0.2229388,0.051589467,1.3872316e-06,0.012111156,0,0.38711637258529663,0.7156882,0.888681,0.9999758,0.9734758,0,0.49325448274612427
TSBD_WSSV_1beeeafcb8,1,0,2,0.8381342,0.0094008045,0.07892658,0.05500156,1.5997945e-05,0.013632555,0,0.11962921172380447,0.12364026,0.053935368,1.610606e-06,0.009989974,0,0.38711637258529663,0.7974332,0.8910631,0.99998236,0.9763775,0,0.49325448274612427
TSBD_WSSV_e7254cc0d4,1,0,2,0.83891886,0.009307898,0.07704702,0.054675136,1.595609e-05,0.013470378,0,0.11962921172380447,0.12465055,0.054386705,1.7005776e-06,0.010162686,0,0.38711637258529663,0.7983024,0.8909381,0.99998236,0.97636694,0,0.49325448274612427
TSBD_WSSV_b5a8a126ab,1,0,2,0.7707883,0.018537845,0.061095804,0.04325898,5.939016e-06,0.0093812235,0,0.11962921172380447,0.19116996,0.06942063,4.6438076e-06,0.016470982,0,0.38711637258529663,0.7477342,0.8873204,0.9999894,0.9741478,0,0.49325448274612427
TSBD_WSSV_13e41ad5ef,1,0,2,0.8444153,0.008486236,0.07929827,0.053129137,1.4182461e-05,0.013106856,0,0.11962921172380447,0.11995054,0.055849478,1.9129404e-06,0.0103790015,0,0.38711637258529663,0.80075127,0.8910215,0.9999839,0.9765141,0,0.49325448274612427
TSBD_WSSV_5dd3dca816,1,0,2,0.8436514,0.008583851,0.07975121,0.053933807,1.4862855e-05,0.013349691,0,0.11962921172380447,0.11993522,0.055236783,1.7914567e-06,0.010194843,0,0.38711637258529663,0.8003136,0.8908294,0.9999833,0.97645545,0,0.49325448274612427
TSBD_WSSV_084f7a072a,1,0,2,0.8244861,0.0113943545,0.07312057,0.055224393,1.6135922e-05,0.013362164,0,0.11962921172380447,0.13664721,0.053990223,1.6231295e-06,0.010399631,0,0.38711637258529663,0.7902322,0.8907854,0.99998224,0.9762382,0,0.49325448274612427
TSBD_WSSV_7d1aec7b17,1,0,2,0.7242559,0.02451716,0.20737633,0.07409535,5.8631394e-05,0.029351,0,0.11962921172380447,0.08750867,0.04608139,9.801873e-07,0.007731992,0,0.38711637258529663,0.70511496,0.87982315,0.9999404,0.962917,0,0.49325448274612427
TSBD_WSSV_93545fad41,1,0,2,0.8292138,0.01029305,0.07769403,0.05881682,2.1752305e-05,0.014911942,0,0.11962921172380447,0.13207968,0.054716222,1.8264554e-06,0.010589818,0,0.38711637258529663,0.79022634,0.8864669,0.9999765,0.9744982,0,0.49325448274612427
TSBD_WSSV_ef783ed00d,1,0,2,0.8257963,0.009489595,0.13923581,0.07623519,6.6655986e-05,0.025791818,0,0.11962921172380447,0.08576743,0.045199916,9.256446e-07,0.007314674,0,0.38711637258529663,0.7749968,0.8785649,0.9999324,0.9668935,0,0.49325448274612427
TSBD_WSSV_8b081aa68f,1,0,2,0.3633755,0.088713095,0.06320879,0.40092966,0.24136078,0.2212425,0,0.11962921172380447,0.1958796,0.09547395,0.00046312858,0.049313646,0,0.38711637258529663,0.74091166,0.50359637,0.75817615,0.7294439,0,0.49325448274612427
TSBD_WSSV_6afbaad0ae,1,0,2,0.8288549,0.008555376,0.092658065,0.11117538,0.000352255,0.036774937,0,0.11962921172380447,0.10924511,0.041900318,8.960911e-07,0.0076028495,0,0.38711637258529663,0.79809684,0.8469243,0.9996468,0.9556222,0,0.49325448274612427
TSBD_WSSV_9223e4a32b,1,0,2,0.8416393,0.008849844,0.08072774,0.054411672,1.490918e-05,0.013476966,0,0.11962921172380447,0.1204331,0.054758612,1.7048064e-06,0.010075844,0,0.38711637258529663,0.7988391,0.89082974,0.99998343,0.97644717,0,0.49325448274612427
TSBD_WSSV_98ea43065f,1,0,2,0.8440558,0.008433695,0.07976812,0.054145493,1.4870907e-05,0.013381019,0,0.11962921172380447,0.1203039,0.05599001,1.9197817e-06,0.01041541,0,0.38711637258529663,0.799928,0.88986444,0.9999832,0.9762036,0,0.49325448274612427
TSBD_WSSV_eb247f0a00,1,0,2,0.8461989,0.008117999,0.08450658,0.05594136,1.7075452e-05,0.014234428,0,0.11962921172380447,0.11446493,0.05426454,1.6725161e-06,0.009811059,0,0.38711637258529663,0.8010285,0.8897941,0.9999813,0.97595453,0,0.49325448274612427
TSBD_WSSV_97fa50601b,1,1,2,0.85024875,0.0075925076,0.09049186,0.055305533,1.6137552e-05,0.014324833,0,0.11962921172380447,0.10619526,0.054041144,1.6244426e-06,0.009472543,0,0.38711637258529663,0.80331284,0.8906534,0.99998224,0.97620255,1,0.49325448274612427
TSBD_WSSV_8b6c4507a2,1,0,2,0.8412398,0.008137928,0.097707026,0.07136144,4.7006546e-05,0.020505894,0,0.11962921172380447,0.10738174,0.04729173,1.046669e-06,0.008229153,0,0.38711637258529663,0.79491127,0.8813468,0.99995196,0.9712649,0,0.49325448274612427
TSBD_WSSV_5c925439ac,1,0,2,0.8425924,0.008291344,0.08940908,0.06539273,3.252346e-05,0.017738208,0,0.11962921172380447,0.11256408,0.049761765,1.2496537e-06,0.008860324,0,0.38711637258529663,0.79802686,0.8848455,0.99996626,0.9734015,0,0.49325448274612427
TSBD_WSSV_1d810bc413,1,0,2,0.66482186,0.034730874,0.06570447,0.15568712,0.0015399541,0.052669086,0,0.11962921172380447,0.19557716,0.04636299,1.8843032e-06,0.011699065,0,0.38711637258529663,0.7387184,0.7979499,0.99845815,0.9356318,0,0.49325448274612427
TSBD_WSSV_26de7fcd80,0,0,0,0.15402003,0.2176542,0.063329734,0.5973317,0.8871628,0.46028385,0,0.11962921172380447,0.40083274,0.04147055,9.1922e-06,0.026623763,0,0.38711637258529663,0.53583753,0.36119777,0.11282802,0.51309246,0,0.49325448274612427
TSBD_WSSV_8aa47f5a65,0,0,0,0.2160736,0.1779154,0.16278955,0.5968063,0.9234786,0.6001856,0,0.11962921172380447,0.6425373,0.106197074,0.0011454457,0.11703503,0,0.38711637258529663,0.19467312,0.29699665,0.07537597,0.2827794,0,0.49325448274612427
TSBD_WSSV_d889bfa7f2,0,0,1,0.3645293,0.11605756,0.05530733,0.03149696,1.9855045e-06,0.0075220307,0,0.11962921172380447,0.2858272,0.75493735,0.9920941,0.7701455,0,0.38711637258529663,0.65886545,0.2135657,0.007903962,0.22233255,0,0.49325448274612427
TSBD_WSSV_8a85146e3e,1,0,2,0.83511317,0.00910129,0.08215218,0.07056546,4.689648e-05,0.0192164,0,0.11962921172380447,0.12294713,0.050418254,1.4254841e-06,0.009458431,0,0.38711637258529663,0.7949007,0.8790163,0.9999517,0.97132516,0,0.49325448274612427
TSBD_WSSV_439d0a5c3f,1,1,2,0.849928,0.0077067614,0.08941193,0.054582402,1.5496877e-05,0.0140628,0,0.11962921172380447,0.10701607,0.054024857,1.6197162e-06,0.009489055,0,0.38711637258529663,0.803572,0.8913928,0.99998283,0.9764481,1,0.49325448274612427
TSBD_WSSV_3f0184301c,1,0,2,0.84126085,0.008942895,0.07902697,0.053355224,1.4026914e-05,0.013098067,0,0.11962921172380447,0.1221093,0.05538728,1.7879235e-06,0.010273773,0,0.38711637258529663,0.79886377,0.89125746,0.99998415,0.9766282,0,0.49325448274612427
TSBD_WSSV_00abe397a8,1,0,2,0.84832466,0.007879605,0.085816525,0.056075994,1.7275344e-05,0.014347284,0,0.11962921172380447,0.111427024,0.053592004,1.6004008e-06,0.00957133,0,0.38711637258529663,0.8027564,0.890332,0.99998116,0.9760814,0,0.49325448274612427
TSBD_WSSV_f49daeee4d,1,0,2,0.8402915,0.008604055,0.08277158,0.064231806,2.9440278e-05,0.016806873,0,0.11962921172380447,0.1198607,0.051918317,1.471169e-06,0.009548079,0,0.38711637258529663,0.7973677,0.8838499,0.9999691,0.97364503,0,0.49325448274612427
TSBD_WSSV_e3a3f70bef,1,0,2,0.79962206,0.012389944,0.08546274,0.122242875,0.00047069127,0.039849173,0,0.11962921172380447,0.1278062,0.044746272,1.2475645e-06,0.008909352,0,0.38711637258529663,0.78673106,0.8330109,0.99952817,0.95124143,0,0.49325448274612427
TSBD_WSSV_4c6acaba53,1,0,2,0.84867287,0.0077895876,0.09741257,0.056100972,1.7434895e-05,0.015027699,0,0.11962921172380447,0.10086459,0.052926436,1.5050912e-06,0.0090788435,0,0.38711637258529663,0.8017228,0.8909726,0.99998105,0.97589344,0,0.49325448274612427
TSBD_WSSV_1a5ee9d7a4,1,0,2,0.841223,0.008743374,0.087572254,0.058474723,2.0905809e-05,0.015328503,0,0.11962921172380447,0.1150476,0.05227989,1.45113e-06,0.00940549,0,0.38711637258529663,0.79738015,0.88924533,0.9999777,0.975266,0,0.49325448274612427
TSBD_WSSV_1d745dbab2,1,0,0,0.7320845,0.026968371,0.738265,0.911432,0.9999802,0.9728321,0,0.11962921172380447,0.101023145,0.036447234,7.1749814e-06,0.0106598195,0,0.38711637258529663,0.16071191,0.052120768,1.2681836e-05,0.01650811,0,0.49325448274612427
TSBD_WSSV_04529c8937,1,0,2,0.8488583,0.0077156024,0.087474056,0.05825755,2.0110245e-05,0.015148158,0,0.11962921172380447,0.109787144,0.052628137,1.4992922e-06,0.009322422,0,0.38711637258529663,0.80273885,0.88911426,0.9999783,0.9755294,0,0.49325448274612427
TSBD_WSSV_eb7b8b7c67,1,1,2,0.85015357,0.007617563,0.090890065,0.056522734,1.7914748e-05,0.014790215,0,0.11962921172380447,0.10562426,0.052866865,1.4961075e-06,0.00920648,0,0.38711637258529663,0.80348563,0.89061046,0.99998057,0.9760033,1,0.49325448274612427
TSBD_WSSV_4c43a3a8a6,1,0,2,0.83021396,0.009130888,0.08501477,0.09016595,0.00013191234,0.026728932,0,0.11962921172380447,0.119525924,0.046219755,1.1245096e-06,0.00859625,0,0.38711637258529663,0.79545933,0.8636142,0.99986696,0.96467483,0,0.49325448274612427
TSBD_WSSV_417fc1cab3,1,0,2,0.84517443,0.007819781,0.08776973,0.06931204,4.180782e-05,0.019009637,0,0.11962921172380447,0.11163432,0.04889609,1.2121549e-06,0.008705664,0,0.38711637258529663,0.800596,0.8817919,0.99995697,0.9722847,0,0.49325448274612427
TSBD_WSSV_59c834cf6e,1,0,2,0.51201653,0.06659612,0.05825188,0.04746978,8.429553e-06,0.011213245,0,0.11962921172380447,0.36197576,0.07543261,7.1432705e-06,0.025324635,0,0.38711637258529663,0.57977235,0.8770975,0.9999844,0.9634621,0,0.49325448274612427
TSBD_WSSV_97681928ee,1,0,2,0.84842885,0.007679239,0.09257697,0.061006494,2.4760817e-05,0.016446985,0,0.11962921172380447,0.10571502,0.0507284,1.3187197e-06,0.008820219,0,0.38711637258529663,0.801708,0.88826513,0.9999739,0.9747329,0,0.49325448274612427
TSBD_WSSV_0c09630268,1,0,2,0.84691715,0.0076495605,0.09532794,0.06606024,3.4548604e-05,0.018423634,0,0.11962921172380447,0.10488349,0.04881108,1.1551908e-06,0.008425595,0,0.38711637258529663,0.7997886,0.8851287,0.99996424,0.9731508,0,0.49325448274612427
TSBD_WSSV_919a1fc43f,1,0,2,0.8481461,0.007342248,0.096408255,0.06998513,4.382467e-05,0.01990257,0,0.11962921172380447,0.103031635,0.04731808,1.040875e-06,0.008084526,0,0.38711637258529663,0.80056006,0.88269675,0.99995506,0.9720129,0,0.49325448274612427
TSBD_WSSV_df52a25a1c,1,0,2,0.52334493,0.06547353,0.09276194,0.06739266,3.619365e-05,0.02040327,0,0.11962921172380447,0.3056577,0.049969308,1.2620291e-06,0.01383506,0,0.38711637258529663,0.6015803,0.88263804,0.99996245,0.96576166,0,0.49325448274612427
TSBD_WSSV_b6df8b235a,1,0,2,0.8485676,0.007743977,0.08933014,0.058632374,2.0529811e-05,0.01536834,0,0.11962921172380447,0.10837182,0.0521738,1.4529252e-06,0.009186745,0,0.38711637258529663,0.80229807,0.8891938,0.99997807,0.9754449,0,0.49325448274612427
TSBD_WSSV_66dac7b3cb,1,0,2,0.8220663,0.011679819,0.07138667,0.052013803,1.21795565e-05,0.012209818,0,0.11962921172380447,0.1412355,0.056749433,1.9480542e-06,0.0111749815,0,0.38711637258529663,0.78737783,0.8912367,0.99998593,0.9766152,0,0.49325448274612427
TSBD_WSSV_cb728bde71,1,0,2,0.8440585,0.007955758,0.092612505,0.06858396,4.071824e-05,0.01918358,0,0.11962921172380447,0.108947806,0.048343,1.1356094e-06,0.008479295,0,0.38711637258529663,0.7984397,0.8830731,0.99995804,0.9723371,0,0.49325448274612427
TSBD_WSSV_11dccea294,1,0,2,0.82974577,0.008064869,0.0980656,0.115784325,0.00040529558,0.039306916,0,0.11962921172380447,0.10555918,0.040988903,8.13929e-07,0.0072993133,0,0.38711637258529663,0.7963752,0.8432268,0.9995939,0.95339376,0,0.49325448274612427
TSBD_WSSV_6c97d0a038,1,0,2,0.8202005,0.0073328856,0.12161283,0.1371596,0.0008727488,0.053571574,0,0.11962921172380447,0.1010468,0.040179066,8.662704e-07,0.007247286,0,0.38711637258529663,0.7773403,0.8226613,0.9991264,0.93918115,0,0.49325448274612427
TSBD_WSSV_7930144273,1,0,2,0.8404569,0.00841355,0.09549401,0.06887441,4.103572e-05,0.019478478,0,0.11962921172380447,0.10923328,0.047785766,1.073664e-06,0.008357707,0,0.38711637258529663,0.7952727,0.88333976,0.9999579,0.9721638,0,0.49325448274612427
TSBD_WSSV_46e8a68895,1,0,2,0.75800574,0.01959329,0.062162653,0.04298961,5.573624e-06,0.00936638,0,0.11962921172380447,0.2057419,0.07669064,7.2894536e-06,0.01949536,0,0.38711637258529663,0.7320954,0.8803197,0.9999871,0.97113824,0,0.49325448274612427
TSBD_WSSV_68675dc12f,1,0,2,0.82616454,0.010604509,0.071292475,0.04545758,7.013772e-06,0.0103068855,0,0.11962921172380447,0.1443498,0.065751396,3.567665e-06,0.01360751,0,0.38711637258529663,0.7843577,0.888791,0.9999894,0.9760856,0,0.49325448274612427
TSBD_WSSV_33b5dd7e52,1,0,1,0.8189477,0.005489408,0.100684375,0.15243088,0.00018443115,0.039456643,0,0.11962921172380447,0.786434,0.7796047,0.99979764,0.9426302,0,0.38711637258529663,0.11288161,0.06796442,1.7925244e-05,0.017913127,0,0.49325448274612427
TSBD_WSSV_eaf8feba8d,1,0,2,0.8482276,0.007832643,0.09075128,0.05739229,1.9279376e-05,0.015113378,0,0.11962921172380447,0.10729874,0.05252099,1.478103e-06,0.009213169,0,0.38711637258529663,0.80195004,0.8900867,0.99997926,0.97567344,0,0.49325448274612427
TSBD_WSSV_a092abcd48,1,0,2,0.78789735,0.014609674,0.08072545,0.10673121,0.00026728102,0.032968532,0,0.11962921172380447,0.14464949,0.04734306,1.452007e-06,0.009883052,0,0.38711637258529663,0.77462506,0.8459257,0.99973124,0.95714843,0,0.49325448274612427
TSBD_WSSV_8c4a48a3c8,0,0,0,0.20437416,0.21164328,0.24235192,0.8613821,0.9968706,0.839548,0,0.11962921172380447,0.6850992,0.11331637,0.0031282215,0.15308347,0,0.38711637258529663,0.072548844,0.025301497,1.1997646e-06,0.0073685013,0,0.49325448274612427
TSBD_WSSV_36e8b7c576,1,1,0,0.8161474,0.01506335,0.80013794,0.91831195,0.9999753,0.97709703,1,0.11962921172380447,0.094581425,0.043882594,2.1300975e-05,0.013700295,0,0.38711637258529663,0.10528066,0.037805464,3.3768772e-06,0.009202611,0,0.49325448274612427
TSBD_WSSV_f62b02d7ce,1,1,0,0.84187347,0.011573635,0.8188704,0.91847646,0.99996424,0.9765528,1,0.11962921172380447,0.12078856,0.047235362,3.3344582e-05,0.016727353,0,0.38711637258529663,0.060340952,0.034288224,2.4164758e-06,0.006719842,0,0.49325448274612427
TSBD_WSSV_7b5c5d4331,0,0,1,0.3649906,0.10963355,0.05418885,0.045293782,2.2253378e-06,0.0088458005,0,0.11962921172380447,0.43550694,0.8537613,0.9998715,0.92877555,0,0.38711637258529663,0.5103043,0.100944884,0.00012630667,0.0623786,0,0.49325448274612427
TSBD_WSSV_1115f3a7b9,0,0,1,0.23658624,0.18553703,0.0561249,0.060039222,5.2882397e-06,0.013590898,0,0.11962921172380447,0.31222656,0.85717064,0.9999535,0.9311647,0,0.38711637258529663,0.6316485,0.082790144,4.118425e-05,0.055244472,0,0.49325448274612427
TSBD_WSSV_8b19cf1542,1,0,1,0.31562737,0.1266396,0.069057725,0.117194034,4.1575313e-05,0.026722385,0,0.11962921172380447,0.47293004,0.8369965,0.99995625,0.9545024,0,0.38711637258529663,0.4580122,0.045809474,2.1496098e-06,0.018775215,0,0.49325448274612427
TSBD_WSSV_e980aeec5d,1,0,0,0.63901496,0.042391095,0.6742513,0.9036778,0.9997744,0.95424896,0,0.11962921172380447,0.2633668,0.068033025,0.00022434891,0.039947763,0,0.38711637258529663,0.062381886,0.028289113,1.2999619e-06,0.0058032707,0,0.49325448274612427
TSBD_WSSV_78620c7961,1,0,1,0.45115852,0.075512014,0.104719475,0.4283326,0.023113696,0.17236927,0,0.11962921172380447,0.78721285,0.540681,0.97688484,0.81997246,0,0.38711637258529663,0.10806763,0.030986398,1.3953476e-06,0.007658287,0,0.49325448274612427
TSBD_WSSV_5cfa598cc4,0,0,0,0.20361756,0.20526646,0.32831368,0.9131443,0.9999428,0.94448775,0,0.11962921172380447,0.5608581,0.052432686,5.4561653e-05,0.04421345,0,0.38711637258529663,0.11082823,0.03442309,2.6170815e-06,0.011298766,0,0.49325448274612427
TSBD_WSSV_2ab0d58abb,1,1,0,0.77470034,0.020985208,0.77243125,0.9158854,0.9999434,0.9716842,1,0.11962921172380447,0.16422193,0.05179697,5.4572305e-05,0.02178627,0,0.38711637258529663,0.06334681,0.03231771,2.0202453e-06,0.006529551,0,0.49325448274612427
TSBD_WSSV_d63f9ec96f,1,0,2,0.74506056,0.020278793,0.083123036,0.1804934,0.0030583066,0.068110794,0,0.11962921172380447,0.12006582,0.038437624,1.0076327e-06,0.0077697556,0,0.38711637258529663,0.79681116,0.78106904,0.99694073,0.9241195,0,0.49325448274612427
TSBD_WSSV_c6d6c44306,1,0,0,0.55261153,0.062773004,0.64551383,0.9174939,0.9999778,0.97008544,0,0.11962921172380447,0.27498403,0.04246634,1.7737913e-05,0.020245655,0,0.38711637258529663,0.07950213,0.040039774,4.4131352e-06,0.009668896,0,0.49325448274612427
TSBD_WSSV_0e98c598e2,0,0,1,0.26747784,0.15291962,0.05292408,0.15472476,0.0001288245,0.035884656,0,0.11962921172380447,0.4369048,0.7988177,0.99986863,0.9430919,0,0.38711637258529663,0.5101711,0.04645757,2.526339e-06,0.02102339,0,0.49325448274612427
TSBD_WSSV_0e0b18da56,0,0,0,0.08560635,0.34970582,0.09643415,0.87608474,0.9998634,0.8727876,0,0.11962921172380447,0.12277055,0.032167967,2.941459e-06,0.01680854,0,0.38711637258529663,0.78079534,0.091747195,0.00013356064,0.11040386,0,0.49325448274612427
TSBD_WSSV_0e04e30a96,1,0,0,0.5028215,0.07286866,0.5974403,0.91386914,0.999982,0.9673444,0,0.11962921172380447,0.20897019,0.036825944,8.131435e-06,0.015146559,0,0.38711637258529663,0.19358954,0.049304973,9.950831e-06,0.017509077,0,0.49325448274612427
TSBD_WSSV_b14315239e,0,0,0,0.09737918,0.32150596,0.17490049,0.91782033,0.99997675,0.9417111,0,0.11962921172380447,0.20105447,0.042744525,1.9027786e-05,0.028290179,0,0.38711637258529663,0.62404513,0.039435167,4.213433e-06,0.029998703,0,0.49325448274612427
TSBD_WSSV_ad26e82e3c,0,0,0,0.22069272,0.19595917,0.26604855,0.8620678,0.99804616,0.8589837,0,0.11962921172380447,0.6291464,0.10730684,0.0019512739,0.13056716,0,0.38711637258529663,0.10480505,0.030625382,2.4769768e-06,0.010449123,0,0.49325448274612427
TSBD_WSSV_cda41068f5,1,0,0,0.68773216,0.035917543,0.7266916,0.9181005,0.99998486,0.9755387,0,0.11962921172380447,0.06769828,0.037381608,8.975957e-06,0.00985115,0,0.38711637258529663,0.20561014,0.044517864,6.2214076e-06,0.014610207,0,0.49325448274612427
TSBD_WSSV_f51f241a0d,0,0,0,0.19037849,0.22179595,0.2482127,0.8771919,0.99896455,0.8762867,0,0.11962921172380447,0.6648199,0.09362653,0.0010335591,0.1143137,0,0.38711637258529663,0.08696749,0.029181521,1.88113e-06,0.009399669,0,0.49325448274612427
TSBD_WSSV_2578508dff,1,1,0,0.8494967,0.010608808,0.82381415,0.92004997,0.9999801,0.9790343,1,0.11962921172380447,0.08877353,0.041614298,1.634703e-05,0.0122967465,0,0.38711637258529663,0.08741234,0.038335707,3.5175667e-06,0.008668914,0,0.49325448274612427
TSBD_WSSV_45511a46f0,1,1,0,0.754809,0.02412488,0.76140255,0.91510564,0.9999349,0.97022283,1,0.11962921172380447,0.18409781,0.053323176,6.326304e-05,0.023755234,0,0.38711637258529663,0.05449963,0.031571183,1.8126364e-06,0.006021861,0,0.49325448274612427
TSBD_WSSV_87146ab98c,1,1,0,0.85650444,0.009720383,0.82953614,0.92001104,0.9999784,0.9789653,1,0.11962921172380447,0.100569054,0.042486586,1.8361929e-05,0.013238215,0,0.38711637258529663,0.0698948,0.03750248,3.2563876e-06,0.0077965,0,0.49325448274612427
TSBD_WSSV_e143d38f01,0,0,0,0.114963174,0.24803424,0.13755178,0.569687,0.46910745,0.50045127,0,0.11962921172380447,0.14531213,0.35918793,0.53068453,0.42488906,0,0.38711637258529663,0.71713614,0.07112504,0.00020798747,0.07465965,0,0.49325448274612427
TSBD_WSSV_ea73217725,1,0,1,0.23100461,0.15453003,0.07139974,0.45997676,0.05004412,0.20134398,0,0.11962921172380447,0.5695829,0.50099677,0.9499503,0.7797474,0,0.38711637258529663,0.3590174,0.03902641,5.5727614e-06,0.018908586,0,0.49325448274612427
TSBD_WSSV_7568f33745,1,0,0,0.37688038,0.10284272,0.47363803,0.8846232,0.9992778,0.9199519,0,0.11962921172380447,0.3928066,0.08672206,0.0007206927,0.07129371,0,0.38711637258529663,0.13355535,0.028654767,1.6055801e-06,0.008754407,0,0.49325448274612427
TSBD_WSSV_c0b728f042,0,0,1,0.13462909,0.2755211,0.06682068,0.1291224,9.482554e-05,0.04406055,0,0.11962921172380447,0.17589302,0.79680985,0.9998796,0.8941936,0,0.38711637258529663,0.7572863,0.0740677,2.5567795e-05,0.06174589,0,0.49325448274612427
TSBD_WSSV_7555e38281,0,0,0,0.14611728,0.2627101,0.11328671,0.76494426,0.9980111,0.75227296,0,0.11962921172380447,0.10470658,0.10157129,0.0006331278,0.0676532,0,0.38711637258529663,0.78200674,0.1334845,0.0013556733,0.18007392,0,0.49325448274612427
TSBD_WSSV_d921343af4,0,0,0,0.070416555,0.380471,0.11120118,0.9052051,0.9999584,0.9234505,0,0.11962921172380447,0.11071849,0.04951836,3.4036144e-05,0.0318605,0,0.38711637258529663,0.7780803,0.045276467,7.4522036e-06,0.04468902,0,0.49325448274612427
TSBD_WSSV_94a3c39469,0,0,0,0.2525174,0.16919613,0.17867988,0.7408631,0.88312596,0.60215926,0,0.11962921172380447,0.7256584,0.23176225,0.11687107,0.38901398,0,0.38711637258529663,0.09566166,0.027374733,2.9798507e-06,0.008826793,0,0.49325448274612427
TSBD_WSSV_65692fdd3f,1,0,2,0.7972713,0.01437024,0.069911234,0.055033743,1.5373987e-05,0.013166213,0,0.11962921172380447,0.16451094,0.06258664,3.1501015e-06,0.013708157,0,0.38711637258529663,0.76557785,0.8823796,0.9999815,0.97312564,0,0.49325448274612427
TSBD_WSSV_0464ee44c0,0,0,1,0.45589638,0.05886527,0.057493534,0.0493944,3.91467e-05,0.014024854,0,0.11962921172380447,0.25128996,0.5820971,0.7643392,0.514404,0,0.38711637258529663,0.6912165,0.36850846,0.23562166,0.47157115,0,0.49325448274612427
TSBD_WSSV_51f7222cef,1,0,2,0.83902943,0.0059678387,0.07975218,0.078133315,7.063093e-05,0.02183986,0,0.11962921172380447,0.13743179,0.071626015,7.566958e-06,0.016254045,0,0.38711637258529663,0.78281605,0.85024077,0.9999218,0.96190614,0,0.49325448274612427
TSBD_WSSV_148921b882,1,1,2,0.85310394,0.0045826556,0.07915598,0.045006033,7.0202e-06,0.010674761,0,0.11962921172380447,0.13029855,0.09420798,2.018838e-05,0.021889498,0,0.38711637258529663,0.7905455,0.86078596,0.9999728,0.9674357,1,0.49325448274612427
TSBD_WSSV_49f573118f,0,0,0,0.096895136,0.3263057,0.08400062,0.8096879,0.9989071,0.789125,0,0.11962921172380447,0.14807542,0.1006371,0.0008637596,0.09187297,0,0.38711637258529663,0.7679239,0.089675024,0.0002290646,0.11900198,0,0.49325448274612427
TSBD_WSSV_f7bb98aadd,0,0,0,0.074657016,0.36937645,0.09293377,0.8716729,0.9997955,0.8764884,0,0.11962921172380447,0.13561198,0.07073781,0.00017741437,0.057436682,0,0.38711637258529663,0.7714542,0.057589337,2.709567e-05,0.06607489,0,0.49325448274612427
TSBD_WSSV_32f477127b,1,0,1,0.4556926,0.08247517,0.055535007,0.06658011,5.1773877e-06,0.011793803,0,0.11962921172380447,0.5636033,0.87381214,0.999987,0.9642865,0,0.38711637258529663,0.38086167,0.05960775,7.840798e-06,0.023919662,0,0.49325448274612427
TSBD_WSSV_6532d5dd16,1,1,0,0.87031865,0.0079921,0.84028864,0.92052084,0.99998,0.97980845,1,0.11962921172380447,0.09373753,0.041597005,1.6680131e-05,0.0125015965,0,0.38711637258529663,0.065973885,0.03788219,3.3523588e-06,0.0076899547,0,0.49325448274612427
TSBD_WSSV_399a1e23cc,1,0,2,0.8342067,0.009962242,0.07612739,0.053449843,1.3912583e-05,0.012938919,0,0.11962921172380447,0.12894765,0.05523237,1.7526617e-06,0.010434518,0,0.38711637258529663,0.794925,0.8913177,0.99998426,0.9766266,0,0.49325448274612427
TSBD_WSSV_c07e032039,1,0,2,0.8421595,0.007839496,0.07418903,0.04161001,4.943784e-06,0.009350744,0,0.11962921172380447,0.13464406,0.07528395,6.6056227e-06,0.015940093,0,0.38711637258529663,0.7911669,0.883106,0.99998856,0.9747092,0,0.49325448274612427
TSBD_WSSV_a3b514246a,1,0,2,0.7077027,0.029854452,0.058528524,0.055094466,1.6260612e-05,0.012732631,0,0.11962921172380447,0.21731871,0.055616926,1.8668102e-06,0.013126853,0,0.38711637258529663,0.72415274,0.8892886,0.9999819,0.9741405,0,0.49325448274612427
TSBD_WSSV_9e8ca9f55f,1,0,2,0.7242936,0.008803373,0.052960016,0.028087862,1.6006002e-06,0.0058987043,0,0.11962921172380447,0.33121762,0.23468362,0.0019506585,0.1206363,0,0.38711637258529663,0.6158224,0.7372285,0.9980478,0.873465,0,0.49325448274612427
TSBD_WSSV_978efa34a6,1,0,2,0.8131679,0.012893891,0.071143076,0.057110768,1.8885075e-05,0.013911015,0,0.11962921172380447,0.14571545,0.054293267,1.7170172e-06,0.010818903,0,0.38711637258529663,0.78314143,0.8885959,0.9999795,0.97527015,0,0.49325448274612427
TSBD_WSSV_4575fa460f,1,0,2,0.8484353,0.007710602,0.097954184,0.057961527,2.0264279e-05,0.0157513,0,0.11962921172380447,0.10113255,0.0523182,1.4678332e-06,0.008997873,0,0.38711637258529663,0.8009133,0.8897203,0.9999783,0.9752508,0,0.49325448274612427
TSBD_WSSV_6e2231b074,1,0,2,0.8405158,0.008998495,0.08214834,0.055458914,1.667633e-05,0.013987389,0,0.11962921172380447,0.119753726,0.053804576,1.5931772e-06,0.009843338,0,0.38711637258529663,0.79809785,0.8907366,0.99998176,0.9761692,0,0.49325448274612427
TSBD_WSSV_18c088457d,1,0,2,0.6728294,0.036251754,0.056480065,0.054493394,1.539417e-05,0.012478695,0,0.11962921172380447,0.23755606,0.05462779,1.6858038e-06,0.013270752,0,0.38711637258529663,0.7059638,0.89087874,0.99998295,0.9742506,0,0.49325448274612427
TSBD_WSSV_77302aa089,1,0,2,0.83251774,0.009888596,0.08032085,0.067102455,3.7077174e-05,0.017767252,0,0.11962921172380447,0.12411031,0.048982203,1.2035503e-06,0.009047314,0,0.38711637258529663,0.7955688,0.88391536,0.99996173,0.9731854,0,0.49325448274612427
TSBD_WSSV_bc1451b5cd,1,0,2,0.7953423,0.015500799,0.065521605,0.049056154,9.559108e-06,0.011078225,0,0.11962921172380447,0.16462064,0.0599077,2.4354842e-06,0.012728981,0,0.38711637258529663,0.7698577,0.89103615,0.9999881,0.97619283,0,0.49325448274612427
TSBD_WSSV_2c0825dfbc,1,1,2,0.8507929,0.007621198,0.090246856,0.05360183,1.443036e-05,0.013791792,0,0.11962921172380447,0.105518445,0.054546524,1.6703113e-06,0.009538997,0,0.38711637258529663,0.80423474,0.8918516,0.9999839,0.9766692,1,0.49325448274612427
TSBD_WSSV_21eca1a9bc,1,0,2,0.83854765,0.009359628,0.07959994,0.05324886,1.3934348e-05,0.013108555,0,0.11962921172380447,0.1231668,0.054881584,1.7106872e-06,0.0101771755,0,0.38711637258529663,0.79723316,0.8918695,0.9999844,0.97671425,0,0.49325448274612427
TSBD_WSSV_a7578fa09c,1,1,2,0.85104364,0.0075753117,0.091697186,0.054082196,1.5016128e-05,0.014034605,0,0.11962921172380447,0.10400385,0.05416678,1.6323582e-06,0.009416724,0,0.38711637258529663,0.804299,0.891751,0.9999833,0.9765486,1,0.49325448274612427
TSBD_WSSV_8acd11d1ec,1,1,2,0.8501934,0.007722485,0.0876404,0.05349327,1.4516225e-05,0.013655301,0,0.11962921172380447,0.10824121,0.054605283,1.7005331e-06,0.009664054,0,0.38711637258529663,0.80411845,0.8919015,0.9999838,0.97668064,1,0.49325448274612427
TSBD_WSSV_ce8f668353,1,1,2,0.8511429,0.0075736186,0.090622194,0.05395922,1.4936975e-05,0.013946651,0,0.11962921172380447,0.104874,0.054235384,1.648285e-06,0.009467235,0,0.38711637258529663,0.8045038,0.8918054,0.99998343,0.9765861,1,0.49325448274612427
TSBD_WSSV_c5bb7f551a,1,0,2,0.8453973,0.008416637,0.08096184,0.053096984,1.380529e-05,0.013121562,0,0.11962921172380447,0.11735327,0.05505355,1.7327169e-06,0.01002811,0,0.38711637258529663,0.8016849,0.8918494,0.9999844,0.97685033,0,0.49325448274612427
TSBD_WSSV_95dc6e27d4,1,0,2,0.62907255,0.03982035,0.06153263,0.03836056,3.5386756e-06,0.0084762005,0,0.11962921172380447,0.30302605,0.09285868,1.578541e-05,0.029729474,0,0.38711637258529663,0.6354413,0.86878073,0.9999807,0.9617944,0,0.49325448274612427
TSBD_WSSV_309436940c,1,0,2,0.7567142,0.020654708,0.06191916,0.043008808,5.7658212e-06,0.009385556,0,0.11962921172380447,0.1998945,0.06975628,4.4496555e-06,0.016695762,0,0.38711637258529663,0.73818636,0.88723487,0.99998987,0.9739187,0,0.49325448274612427
TSBD_WSSV_29362e9f5a,1,1,2,0.8496079,0.007791438,0.08685895,0.05360003,1.4225459e-05,0.013574184,0,0.11962921172380447,0.10943357,0.054656137,1.6749024e-06,0.009678973,0,0.38711637258529663,0.8037074,0.8917438,0.99998415,0.97674686,1,0.49325448274612427
TSBD_WSSV_e67891395a,1,0,2,0.8420281,0.008847267,0.08182803,0.0545105,1.533114e-05,0.013621713,0,0.11962921172380447,0.11881109,0.054052707,1.6093663e-06,0.009851076,0,0.38711637258529663,0.7993609,0.8914369,0.99998295,0.97652715,0,0.49325448274612427
TSBD_WSSV_2653717417,1,1,2,0.85023755,0.007689069,0.089467265,0.053941596,1.4879863e-05,0.013875889,0,0.11962921172380447,0.106657796,0.05434362,1.653952e-06,0.009541389,0,0.38711637258529663,0.80387497,0.8917148,0.99998343,0.97658277,1,0.49325448274612427
TSBD_WSSV_c98c109e0f,1,1,2,0.8503658,0.007651262,0.08954644,0.054427277,1.5266303e-05,0.014008628,0,0.11962921172380447,0.10657277,0.05413486,1.6292785e-06,0.009494109,0,0.38711637258529663,0.80388075,0.8914378,0.9999831,0.97649723,1,0.49325448274612427
TSBD_WSSV_3339e18081,1,0,2,0.8468487,0.00819599,0.08256743,0.052734964,1.3266162e-05,0.013064562,0,0.11962921172380447,0.11518096,0.055392247,1.7500824e-06,0.010008416,0,0.38711637258529663,0.80225164,0.8918728,0.999985,0.976927,0,0.49325448274612427
TSBD_WSSV_f675da990c,1,1,2,0.8500078,0.0077569475,0.086450994,0.053046644,1.3914799e-05,0.013426296,0,0.11962921172380447,0.1094647,0.054984268,1.7334754e-06,0.009770843,0,0.38711637258529663,0.8040843,0.8919691,0.99998426,0.9768029,1,0.49325448274612427
TSBD_WSSV_e8d0267684,1,1,2,0.84993035,0.007726484,0.08742213,0.054602094,1.5397047e-05,0.013935981,0,0.11962921172380447,0.10867986,0.0540079,1.611538e-06,0.0095289415,0,0.38711637258529663,0.8038981,0.8913901,0.99998295,0.9765351,1,0.49325448274612427
TSBD_WSSV_93ee9c6175,1,0,2,0.8486373,0.007896148,0.08587123,0.05430276,1.5104917e-05,0.013767882,0,0.11962921172380447,0.111088015,0.054402996,1.6513794e-06,0.009685232,0,0.38711637258529663,0.80304086,0.89129424,0.9999832,0.9765469,0,0.49325448274612427
TSBD_WSSV_56b93bffca,1,0,2,0.8491992,0.0077931983,0.09159858,0.053428255,1.4378762e-05,0.013842068,0,0.11962921172380447,0.105726466,0.054937195,1.7414264e-06,0.009662376,0,0.38711637258529663,0.80267495,0.8916345,0.9999838,0.97649556,0,0.49325448274612427
TSBD_WSSV_05e0a12846,1,1,2,0.85016155,0.0076431613,0.092770055,0.054905698,1.5851365e-05,0.014348305,0,0.11962921172380447,0.103911534,0.053818777,1.6029722e-06,0.009356306,0,0.38711637258529663,0.80331844,0.89127547,0.9999826,0.97629535,1,0.49325448274612427
TSBD_WSSV_0bc0ac833f,1,0,2,0.8481309,0.007833328,0.090717256,0.057435308,1.8976538e-05,0.015071294,0,0.11962921172380447,0.10748067,0.05260631,1.4667827e-06,0.009212787,0,0.38711637258529663,0.80180216,0.8899584,0.9999796,0.9757159,0,0.49325448274612427
TSBD_WSSV_026c64bd33,1,0,2,0.8483821,0.0079344185,0.088048816,0.05421611,1.5086547e-05,0.013875784,0,0.11962921172380447,0.10929238,0.054187395,1.6294232e-06,0.009587293,0,0.38711637258529663,0.80265874,0.89159644,0.9999832,0.97653687,0,0.49325448274612427
TSBD_WSSV_9f2b1f9f8f,1,0,2,0.82226694,0.011482248,0.08509008,0.055872977,1.7460536e-05,0.014410896,0,0.11962921172380447,0.12982404,0.053157154,1.5484862e-06,0.010063282,0,0.38711637258529663,0.78508586,0.8909699,0.99998105,0.9755258,0,0.49325448274612427
TSBD_WSSV_38f10d750a,1,0,2,0.84951127,0.007661395,0.09665026,0.056984965,1.900615e-05,0.0153497495,0,0.11962921172380447,0.10100185,0.052380465,1.4646915e-06,0.008988763,0,0.38711637258529663,0.8023479,0.89063454,0.9999796,0.9756615,0,0.49325448274612427
TSBD_WSSV_76536085a9,1,0,2,0.8491158,0.007817577,0.09046811,0.05414961,1.4987343e-05,0.013979993,0,0.11962921172380447,0.10667672,0.054243546,1.6421953e-06,0.00952438,0,0.38711637258529663,0.80285525,0.8916068,0.9999833,0.9764957,0,0.49325448274612427
TSBD_WSSV_e36aec3084,1,0,2,0.84265053,0.008550244,0.09264322,0.056999046,1.8305296e-05,0.015047209,0,0.11962921172380447,0.10990664,0.05274658,1.4646729e-06,0.0093091335,0,0.38711637258529663,0.79745007,0.8902544,0.9999802,0.9756437,0,0.49325448274612427
TSBD_WSSV_b632ff4665,1,0,2,0.84901255,0.0078096436,0.095246695,0.054160297,1.509321e-05,0.014256119,0,0.11962921172380447,0.10237283,0.054172136,1.6348914e-06,0.009374595,0,0.38711637258529663,0.8023805,0.8916676,0.9999832,0.97636926,0,0.49325448274612427
TSBD_WSSV_f392420764,1,0,1,0.5510762,0.03639406,0.4622614,0.23031758,0.00070734543,0.120496586,0,0.11962921172380447,0.4723011,0.7342404,0.9992918,0.8726358,0,0.38711637258529663,0.06543749,0.035442013,8.77932e-07,0.0068676043,0,0.49325448274612427
TSBD_WSSV_08f57edf07,1,1,2,0.85094726,0.0075897165,0.089940734,0.05450802,1.5756368e-05,0.014123279,0,0.11962921172380447,0.1056557,0.05390228,1.6319462e-06,0.009446684,0,0.38711637258529663,0.80440354,0.8915897,0.9999826,0.97643,1,0.49325448274612427
TSBD_WSSV_922a715bec,1,0,2,0.8488495,0.0076719355,0.099370286,0.057658788,1.9319814e-05,0.015641874,0,0.11962921172380447,0.09939334,0.05236602,1.457754e-06,0.00893394,0,0.38711637258529663,0.8012364,0.8899753,0.99997926,0.9754242,0,0.49325448274612427
TSBD_WSSV_aa0b3c4c15,1,0,2,0.84512067,0.0075933347,0.09247919,0.07661349,6.387103e-05,0.022040889,0,0.11962921172380447,0.10697783,0.0456694,9.300698e-07,0.007886839,0,0.38711637258529663,0.80054295,0.87771714,0.99993515,0.97007227,0,0.49325448274612427
TSBD_WSSV_daa4ba808b,1,0,2,0.8428807,0.008437432,0.08332003,0.06639717,3.403591e-05,0.0175664,0,0.11962921172380447,0.11537897,0.048885472,1.1234662e-06,0.008670674,0,0.38711637258529663,0.801301,0.8847174,0.99996483,0.97376287,0,0.49325448274612427
TSBD_WSSV_311dd1baf7,1,1,2,0.85026675,0.0075294646,0.09235885,0.059580825,2.2346921e-05,0.015917039,0,0.11962921172380447,0.104189284,0.050980244,1.3125511e-06,0.008780023,0,0.38711637258529663,0.8034519,0.889439,0.9999764,0.9753029,1,0.49325448274612427
TSBD_WSSV_34ee093e2e,1,1,2,0.8498825,0.0077030584,0.090340815,0.05405245,1.4818489e-05,0.013928712,0,0.11962921172380447,0.10633062,0.054494467,1.6622619e-06,0.009555481,0,0.38711637258529663,0.80332863,0.891453,0.99998355,0.9765158,1,0.49325448274612427
TSBD_WSSV_cbb32ff38a,1,0,2,0.8307685,0.010438747,0.07815141,0.05404384,1.4725904e-05,0.013283751,0,0.11962921172380447,0.12939493,0.054411575,1.6649813e-06,0.010279086,0,0.38711637258529663,0.7924536,0.8915447,0.99998355,0.97643715,0,0.49325448274612427
TSBD_WSSV_9291ca740d,1,1,2,0.85107493,0.007566954,0.092301816,0.053774007,1.4667349e-05,0.013965605,0,0.11962921172380447,0.10346426,0.054454073,1.6661331e-06,0.00946108,0,0.38711637258529663,0.80423397,0.89177185,0.99998367,0.97657335,1,0.49325448274612427
TSBD_WSSV_73bc44153b,1,1,2,0.8495906,0.0077040903,0.0985272,0.055240303,1.642786e-05,0.014800293,0,0.11962921172380447,0.09888587,0.053382024,1.5517131e-06,0.009102935,0,0.38711637258529663,0.8025869,0.89137775,0.999982,0.97609675,1,0.49325448274612427
TSBD_WSSV_4491558e57,1,0,2,0.83818954,0.008822531,0.11676941,0.061964177,2.6589702e-05,0.018285833,0,0.11962921172380447,0.09207907,0.05004071,1.2235146e-06,0.0082569085,0,0.38711637258529663,0.7911515,0.88799506,0.9999722,0.9734573,0,0.49325448274612427
TSBD_WSSV_1ee4a00587,1,1,2,0.8507277,0.0075905547,0.09369467,0.054510362,1.555876e-05,0.01429399,0,0.11962921172380447,0.10249119,0.053921994,1.618379e-06,0.0093345605,0,0.38711637258529663,0.8038142,0.8915676,0.9999827,0.97637147,1,0.49325448274612427
TSBD_WSSV_ecb905238d,1,0,2,0.8488464,0.007818965,0.08900358,0.055048395,1.5955695e-05,0.014183225,0,0.11962921172380447,0.10833851,0.053948794,1.59e-06,0.009493128,0,0.38711637258529663,0.8026579,0.89100283,0.9999825,0.97632366,0,0.49325448274612427
TSBD_WSSV_ccd255a2df,1,1,2,0.8509898,0.007572609,0.09435002,0.05396726,1.4954365e-05,0.014150329,0,0.11962921172380447,0.101584956,0.054239895,1.6529806e-06,0.009368754,0,0.38711637258529663,0.80406505,0.89179283,0.99998343,0.9764809,1,0.49325448274612427
TSBD_WSSV_584c5a10d0,1,0,2,0.84622234,0.008181013,0.0869727,0.05506906,1.6156739e-05,0.014115806,0,0.11962921172380447,0.11197785,0.053964667,1.6126081e-06,0.009638148,0,0.38711637258529663,0.8010494,0.8909663,0.9999821,0.976246,0,0.49325448274612427
TSBD_WSSV_aa58f57ab0,1,0,2,0.8353815,0.009423758,0.08610797,0.056916326,1.8434068e-05,0.014717191,0,0.11962921172380447,0.12164902,0.054581225,1.7067101e-06,0.010126715,0,0.38711637258529663,0.792243,0.8885024,0.99997985,0.9751561,0,0.49325448274612427
TSBD_WSSV_4f3b6f89a8,1,1,2,0.85092556,0.0075956704,0.09169316,0.05373349,1.4605388e-05,0.0139169,0,0.11962921172380447,0.10409659,0.05442563,1.6652118e-06,0.009478068,0,0.38711637258529663,0.80421025,0.8918409,0.99998367,0.97660506,1,0.49325448274612427
TSBD_WSSV_279702ba92,1,0,2,0.8478195,0.007949371,0.09362115,0.05459779,1.5668502e-05,0.014334079,0,0.11962921172380447,0.1049172,0.05398234,1.6339212e-06,0.00944301,0,0.38711637258529663,0.80146164,0.8914199,0.9999827,0.97622293,0,0.49325448274612427
TSBD_WSSV_9dc876dd17,1,0,2,0.8463134,0.008162015,0.09412811,0.053627368,1.439111e-05,0.014012933,0,0.11962921172380447,0.10555381,0.054644406,1.6886663e-06,0.009583067,0,0.38711637258529663,0.80031806,0.8917282,0.9999839,0.976404,0,0.49325448274612427
TSBD_WSSV_0ce34b5766,0,0,0,0.07348102,0.37427294,0.102313176,0.9027968,0.9999653,0.9114788,0,0.11962921172380447,0.11453864,0.031783853,3.2593339e-06,0.016807767,0,0.38711637258529663,0.7831483,0.06541935,3.1415675e-05,0.07171344,0,0.49325448274612427
TSBD_WSSV_6c3afb6716,1,1,0,0.8687977,0.008114997,0.8383997,0.9200235,0.9999813,0.9799051,1,0.11962921172380447,0.07381275,0.040544998,1.4618298e-05,0.0110832015,0,0.38711637258529663,0.08778748,0.039431468,4.083642e-06,0.009011735,0,0.49325448274612427
TSBD_WSSV_366db07a25,1,1,2,0.8496362,0.0077411197,0.09454484,0.053939104,1.4884049e-05,0.0141502,0,0.11962921172380447,0.102496006,0.05429414,1.6612775e-06,0.009415932,0,0.38711637258529663,0.80295914,0.8917667,0.99998343,0.9764339,1,0.49325448274612427
TSBD_WSSV_b84a0005bf,1,0,2,0.8469113,0.007623161,0.09206028,0.06984033,4.36128e-05,0.019543895,0,0.11962921172380447,0.106574416,0.04724932,1.0094765e-06,0.008124389,0,0.38711637258529663,0.80136526,0.8829104,0.9999554,0.9723317,0,0.49325448274612427
TSBD_WSSV_6624c91a73,1,0,2,0.8493424,0.0077045206,0.09027574,0.057335485,1.9195517e-05,0.0150597375,0,0.11962921172380447,0.106776446,0.05245829,1.4648616e-06,0.009172313,0,0.38711637258529663,0.8029478,0.8902062,0.9999794,0.9757679,0,0.49325448274612427
TSBD_WSSV_8a1517bc0e,1,0,2,0.8472494,0.008100627,0.08659709,0.054303445,1.5305592e-05,0.013847982,0,0.11962921172380447,0.11130032,0.0540918,1.6328732e-06,0.009646975,0,0.38711637258529663,0.8021026,0.8916047,0.9999831,0.97650504,0,0.49325448274612427
TSBD_WSSV_cada06cffd,1,1,2,0.84964496,0.0077481735,0.08940243,0.054236293,1.527306e-05,0.013981838,0,0.11962921172380447,0.10725544,0.054268587,1.677359e-06,0.009582858,0,0.38711637258529663,0.80334216,0.89149505,0.9999831,0.97643536,1,0.49325448274612427
TSBD_WSSV_72abeff3dc,1,0,2,0.84412694,0.00837415,0.08794307,0.058236938,1.998035e-05,0.015172798,0,0.11962921172380447,0.11257409,0.052233294,1.4343673e-06,0.009301377,0,0.38711637258529663,0.7994829,0.88952976,0.99997854,0.97552586,0,0.49325448274612427
TSBD_WSSV_71629aa3f2,1,1,2,0.8507185,0.007631016,0.09076198,0.05349077,1.4451485e-05,0.013810144,0,0.11962921172380447,0.1051007,0.05460816,1.6957025e-06,0.0095591955,0,0.38711637258529663,0.8041373,0.8919011,0.9999839,0.9766306,1,0.49325448274612427
TSBD_WSSV_bd69e16b82,1,0,2,0.8487866,0.0078157075,0.093308814,0.055201545,1.6569262e-05,0.014545064,0,0.11962921172380447,0.10446568,0.05356127,1.5847204e-06,0.009335084,0,0.38711637258529663,0.8022255,0.89123714,0.9999819,0.9761199,0,0.49325448274612427
TSBD_WSSV_6fd5eb945a,1,0,2,0.8462966,0.008084475,0.098919615,0.056089696,1.7642866e-05,0.015153837,0,0.11962921172380447,0.10134415,0.052966584,1.5245253e-06,0.009126832,0,0.38711637258529663,0.7997362,0.89094365,0.9999808,0.97571933,0,0.49325448274612427
TSBD_WSSV_7ed3990ccb,1,0,2,0.6516682,0.039872006,0.06275515,0.05731414,1.8911029e-05,0.013897537,0,0.11962921172380447,0.24630973,0.053536206,1.5967271e-06,0.013266486,0,0.38711637258529663,0.69093513,0.88914967,0.9999795,0.97283596,0,0.49325448274612427
TSBD_WSSV_8b1c70a3bc,1,0,2,0.8200898,0.011966015,0.0753451,0.056754343,1.8466833e-05,0.014060085,0,0.11962921172380447,0.13758193,0.052992694,1.524601e-06,0.010220338,0,0.38711637258529663,0.7870731,0.89025295,0.99998,0.9757195,0,0.49325448274612427
TSBD_WSSV_f583f8e371,1,0,2,0.8441817,0.008403234,0.101904705,0.0541827,1.4874443e-05,0.014580555,0,0.11962921172380447,0.09979057,0.054287594,1.6291191e-06,0.009308241,0,0.38711637258529663,0.79830474,0.8915298,0.99998343,0.9761112,0,0.49325448274612427
TSBD_WSSV_493953f127,1,0,2,0.84872484,0.007904303,0.08522783,0.052913122,1.3435855e-05,0.013259237,0,0.11962921172380447,0.11170797,0.055398602,1.7678801e-06,0.009918656,0,0.38711637258529663,0.8030641,0.89168835,0.99998474,0.9768221,0,0.49325448274612427
TSBD_WSSV_1139b0bbb2,1,1,2,0.84979916,0.007748413,0.08798506,0.05342484,1.41441715e-05,0.013600014,0,0.11962921172380447,0.10841422,0.054877892,1.7141065e-06,0.0097098565,0,0.38711637258529663,0.8036007,0.8916972,0.99998415,0.9766901,1,0.49325448274612427
TSBD_WSSV_735499e204,1,0,2,0.7938867,0.015047041,0.111452416,0.056003187,1.675247e-05,0.01588672,0,0.11962921172380447,0.1287324,0.054237448,1.629649e-06,0.010334412,0,0.38711637258529663,0.75981516,0.8897594,0.9999815,0.97377884,0,0.49325448274612427
TSBD_WSSV_01066cc969,1,1,2,0.84971875,0.007769691,0.087970294,0.05421269,1.5170603e-05,0.01387977,0,0.11962921172380447,0.10829218,0.05411493,1.6403982e-06,0.009558951,0,0.38711637258529663,0.8037375,0.89167243,0.9999832,0.9765613,1,0.49325448274612427
TSBD_WSSV_941d089361,1,0,2,0.83988667,0.009051529,0.0844867,0.053524006,1.3951314e-05,0.013423203,0,0.11962921172380447,0.11888397,0.055157166,1.7267948e-06,0.010096535,0,0.38711637258529663,0.7966293,0.89131886,0.9999844,0.9764803,0,0.49325448274612427
TSBD_WSSV_629e5c7c92,0,0,2,0.15957403,0.25287992,0.79456365,0.15517892,0.001522521,0.19331217,0,0.11962921172380447,0.07114646,0.039614767,9.2653687e-07,0.010220891,0,0.38711637258529663,0.13428994,0.8052063,0.99847656,0.79646695,0,0.49325448274612427
TSBD_WSSV_cf01831715,1,0,2,0.8411987,0.0087506585,0.091004126,0.056815606,1.7913795e-05,0.014874229,0,0.11962921172380447,0.11241376,0.0529984,1.4895347e-06,0.00943909,0,0.38711637258529663,0.7965821,0.890186,0.9999807,0.9756867,0,0.49325448274612427
TSBD_WSSV_2c0f3e0b28,1,0,2,0.8419055,0.00886075,0.08040695,0.052988634,1.3457155e-05,0.013026881,0,0.11962921172380447,0.1205279,0.055394985,1.7580377e-06,0.010192078,0,0.38711637258529663,0.7990652,0.8916163,0.99998474,0.9767811,0,0.49325448274612427
TSBD_WSSV_801c0b8b82,1,1,2,0.84962606,0.007745981,0.09568112,0.05378486,1.4706061e-05,0.014156845,0,0.11962921172380447,0.10138225,0.054368865,1.6705371e-06,0.009396084,0,0.38711637258529663,0.8029366,0.8918462,0.99998367,0.97644705,1,0.49325448274612427
TSBD_WSSV_f2274525f7,1,1,2,0.85118455,0.007559589,0.09177093,0.053868596,1.4775295e-05,0.013967769,0,0.11962921172380447,0.10382881,0.05433074,1.6599996e-06,0.009455304,0,0.38711637258529663,0.80440027,0.8918007,0.99998355,0.9765769,1,0.49325448274612427
TSBD_WSSV_2e17c58aad,1,1,2,0.8506873,0.007591052,0.09429914,0.054795578,1.5993995e-05,0.014438856,0,0.11962921172380447,0.101954654,0.05367892,1.5954957e-06,0.009271747,0,0.38711637258529663,0.8037462,0.89152545,0.9999825,0.97628945,1,0.49325448274612427
TSBD_WSSV_bb9d07b1e5,1,1,2,0.8504591,0.0076605575,0.08901509,0.05346112,1.41490145e-05,0.013658045,0,0.11962921172380447,0.10696926,0.05479226,1.6969906e-06,0.009636381,0,0.38711637258529663,0.80401564,0.8917465,0.99998415,0.9767056,1,0.49325448274612427
TSBD_WSSV_950d6de8a1,1,0,2,0.8323772,0.009469632,0.09570416,0.06893459,4.1214596e-05,0.019566499,0,0.11962921172380447,0.114941664,0.048068643,1.0878396e-06,0.008574292,0,0.38711637258529663,0.78935426,0.8829968,0.9999577,0.9718592,0,0.49325448274612427
TSBD_WSSV_0b909fea6f,1,0,2,0.84853405,0.007905322,0.08786858,0.05386681,1.456651e-05,0.013730004,0,0.11962921172380447,0.109466285,0.054584518,1.6728329e-06,0.009675717,0,0.38711637258529663,0.8026651,0.89154875,0.9999838,0.97659427,0,0.49325448274612427
TSBD_WSSV_50b41d3123,1,1,2,0.85059756,0.0076182475,0.0903686,0.054235194,1.5129454e-05,0.01400496,0,0.11962921172380447,0.10568021,0.05426493,1.6541045e-06,0.009504481,0,0.38711637258529663,0.8039512,0.89149994,0.9999832,0.9764906,1,0.49325448274612427
TSBD_WSSV_1d66e28720,1,1,2,0.8509009,0.007593708,0.09119103,0.054010328,1.4902172e-05,0.013978443,0,0.11962921172380447,0.10459903,0.054260902,1.6586655e-06,0.009473635,0,0.38711637258529663,0.8042099,0.8917288,0.99998343,0.97654796,1,0.49325448274612427
TSBD_WSSV_f9303a9060,1,1,2,0.8510516,0.0075839525,0.09121127,0.053482313,1.42126855e-05,0.013786637,0,0.11962921172380447,0.10444791,0.054634813,1.6889501e-06,0.00953259,0,0.38711637258529663,0.80434084,0.8918829,0.99998415,0.9766808,1,0.49325448274612427
TSBD_WSSV_ffd6ae5c1c,1,1,2,0.8502842,0.0076845903,0.09130909,0.053053,1.38028945e-05,0.013665244,0,0.11962921172380447,0.10497522,0.054989506,1.7339005e-06,0.009630194,0,0.38711637258529663,0.8037157,0.8919575,0.9999844,0.9767046,1,0.49325448274612427
TSBD_WSSV_6a97515cc2,1,1,2,0.8507861,0.007621751,0.09050597,0.05351309,1.4277171e-05,0.013766034,0,0.11962921172380447,0.10529182,0.054610867,1.6904712e-06,0.009559855,0,0.38711637258529663,0.8042022,0.891876,0.999984,0.97667414,1,0.49325448274612427
TSBD_WSSV_6a19d7effb,1,0,2,0.8493006,0.007782355,0.09323246,0.05425965,1.5222804e-05,0.014183982,0,0.11962921172380447,0.104004234,0.054077215,1.6276479e-06,0.009409628,0,0.38711637258529663,0.8027633,0.89166313,0.9999831,0.97640634,0,0.49325448274612427
TSBD_WSSV_9872bb742f,1,0,2,0.84539664,0.008243529,0.0866679,0.05659555,1.7961005e-05,0.014582825,0,0.11962921172380447,0.11286973,0.05327852,1.5549847e-06,0.009542651,0,0.38711637258529663,0.80046237,0.890126,0.99998045,0.9758745,0,0.49325448274612427
TSBD_WSSV_e44f2c0a8a,1,1,2,0.84960103,0.0077671027,0.08886907,0.05442547,1.5498192e-05,0.014014509,0,0.11962921172380447,0.10765569,0.054027226,1.6389763e-06,0.009531278,0,0.38711637258529663,0.80347526,0.8915472,0.99998283,0.9764542,1,0.49325448274612427
TSBD_WSSV_f1294af3d4,1,0,2,0.80278116,0.0060169734,0.16304488,0.1821589,0.0034608084,0.0887637,0,0.11962921172380447,0.087914266,0.03611474,7.955581e-07,0.0064625326,0,0.38711637258529663,0.7490409,0.78172636,0.9965384,0.9047737,0,0.49325448274612427
TSBD_WSSV_264790eb51,1,0,2,0.8457042,0.00817181,0.09291115,0.05597619,1.7224187e-05,0.014744821,0,0.11962921172380447,0.10739416,0.053349726,1.5747687e-06,0.009407684,0,0.38711637258529663,0.7996947,0.89067405,0.9999813,0.9758475,0,0.49325448274612427
TSBD_WSSV_11430ce0d0,1,1,2,0.8501384,0.007675835,0.09453875,0.054107998,1.515513e-05,0.014218342,0,0.11962921172380447,0.1021036,0.054151013,1.6493694e-06,0.009376846,0,0.38711637258529663,0.8033577,0.891741,0.9999832,0.97640485,1,0.49325448274612427
TSBD_WSSV_74c3607b95,1,0,2,0.8486842,0.007892776,0.08766276,0.053246763,1.39373105e-05,0.0135271875,0,0.11962921172380447,0.109584495,0.055052392,1.7332538e-06,0.009785624,0,0.38711637258529663,0.8027527,0.89170086,0.99998426,0.9766872,0,0.49325448274612427
TSBD_WSSV_2c43cd74d0,1,1,2,0.8498072,0.0077068815,0.091623716,0.05387626,1.4693963e-05,0.0139541635,0,0.11962921172380447,0.10524532,0.054620042,1.6720657e-06,0.009542772,0,0.38711637258529663,0.8031309,0.89150363,0.99998367,0.9765031,1,0.49325448274612427
TSBD_WSSV_59d2b7350f,1,1,2,0.8501653,0.00766619,0.09266217,0.054634497,1.5763764e-05,0.014292681,0,0.11962921172380447,0.10387255,0.053830665,1.6064433e-06,0.009358743,0,0.38711637258529663,0.80346525,0.8915348,0.9999827,0.9763486,1,0.49325448274612427
TSBD_WSSV_5e189248db,1,1,2,0.85003185,0.007666258,0.093856946,0.053909663,1.4683778e-05,0.014073719,0,0.11962921172380447,0.103019044,0.05459654,1.6704606e-06,0.009467621,0,0.38711637258529663,0.803124,0.8914938,0.99998367,0.97645867,1,0.49325448274612427
TSBD_WSSV_9f5ca0e80d,1,0,2,0.84148854,0.008572446,0.113400966,0.059027452,2.1388898e-05,0.016930617,0,0.11962921172380447,0.09158423,0.05128286,1.3269901e-06,0.008457526,0,0.38711637258529663,0.7950148,0.8896897,0.99997735,0.9746118,0,0.49325448274612427
TSBD_WSSV_b626137b45,1,0,2,0.8492328,0.007750609,0.09662684,0.05445395,1.5294661e-05,0.014402195,0,0.11962921172380447,0.1010553,0.054167356,1.6286741e-06,0.0093254065,0,0.38711637258529663,0.8023178,0.8913787,0.9999831,0.9762724,0,0.49325448274612427
TSBD_WSSV_27c2a5d56f,1,0,2,0.84863573,0.0078184055,0.09615963,0.05531603,1.6498609e-05,0.014701972,0,0.11962921172380447,0.10198621,0.053461347,1.5652711e-06,0.009227433,0,0.38711637258529663,0.8018542,0.8912226,0.999982,0.9760706,0,0.49325448274612427
TSBD_WSSV_eee60542d7,1,0,2,0.79324526,0.01575723,0.07280226,0.052765675,1.31630995e-05,0.012667865,0,0.11962921172380447,0.15913498,0.05660337,1.944005e-06,0.011726255,0,0.38711637258529663,0.7680628,0.890631,0.999985,0.9756059,0,0.49325448274612427
TSBD_WSSV_d9ea0715c2,1,1,2,0.849524,0.0077341143,0.0932629,0.054762866,1.57974e-05,0.014350291,0,0.11962921172380447,0.103891864,0.053821348,1.5983331e-06,0.009351757,0,0.38711637258529663,0.8028452,0.89141583,0.9999826,0.976298,1,0.49325448274612427
TSBD_WSSV_514bb3ccf8,1,0,2,0.6589729,0.026375588,0.1330286,0.30011123,0.042584643,0.16785638,0,0.11962921172380447,0.10278846,0.037060156,2.054768e-06,0.008197301,0,0.38711637258529663,0.7641829,0.6628286,0.95741326,0.82394636,0,0.49325448274612427
TSBD_WSSV_d3cfe64d62,1,0,2,0.8487831,0.007860619,0.09213333,0.05366997,1.45306985e-05,0.013928352,0,0.11962921172380447,0.105421096,0.054549318,1.6852426e-06,0.009559383,0,0.38711637258529663,0.8024456,0.8917807,0.9999838,0.97651225,0,0.49325448274612427
TSBD_WSSV_f825fa69cd,1,1,2,0.85021544,0.0076713134,0.08957174,0.054021757,1.505694e-05,0.013924861,0,0.11962921172380447,0.10671448,0.054470602,1.68069e-06,0.009584647,0,0.38711637258529663,0.80371374,0.8915076,0.9999833,0.97649044,1,0.49325448274612427
TSBD_WSSV_b899fa53da,1,1,2,0.85025096,0.0076619387,0.09194213,0.054387406,1.534385e-05,0.014148243,0,0.11962921172380447,0.10446313,0.0540284,1.6216453e-06,0.009410648,0,0.38711637258529663,0.8035948,0.8915843,0.99998295,0.9764411,1,0.49325448274612427
TSBD_WSSV_8b9052d96f,1,0,2,0.7178034,0.027085124,0.059955154,0.04364477,5.991961e-06,0.009505875,0,0.11962921172380447,0.2240776,0.06840975,4.1777685e-06,0.017175162,0,0.38711637258529663,0.7159672,0.88794553,0.99998987,0.973319,0,0.49325448274612427
TSBD_WSSV_376e37e18c,1,0,2,0.8428679,0.008663209,0.08670689,0.054903075,1.5999183e-05,0.014064851,0,0.11962921172380447,0.1144086,0.053743783,1.5858312e-06,0.009668031,0,0.38711637258529663,0.7988845,0.89135313,0.9999825,0.97626716,0,0.49325448274612427
TSBD_WSSV_33b7d18fc1,1,1,2,0.8496485,0.007732303,0.09316579,0.053450845,1.41341525e-05,0.013878442,0,0.11962921172380447,0.103898846,0.054875143,1.7122424e-06,0.009565627,0,0.38711637258529663,0.8029353,0.89167404,0.99998415,0.97655594,1,0.49325448274612427
TSBD_WSSV_5ae365cdb5,1,0,2,0.8445873,0.00813551,0.09950717,0.05611067,1.6780261e-05,0.01506103,0,0.11962921172380447,0.103287116,0.054615505,1.6892936e-06,0.009524116,0,0.38711637258529663,0.7972057,0.8892737,0.9999815,0.9754149,0,0.49325448274612427
TSBD_WSSV_48983cce39,1,0,2,0.8429301,0.00796132,0.10480728,0.06744946,3.7816186e-05,0.019611841,0,0.11962921172380447,0.1008627,0.0483685,1.0982559e-06,0.008209277,0,0.38711637258529663,0.79433,0.88418204,0.99996114,0.97217894,0,0.49325448274612427
TSBD_WSSV_f41afb12de,1,1,2,0.8500085,0.007677207,0.09197623,0.053762924,1.4469207e-05,0.013916558,0,0.11962921172380447,0.104792826,0.054740515,1.6859935e-06,0.00955356,0,0.38711637258529663,0.803231,0.89149666,0.9999839,0.9765299,1,0.49325448274612427
TSBD_WSSV_719214e8fc,1,0,2,0.84598863,0.008271907,0.08569364,0.054098185,1.5017303e-05,0.013726898,0,0.11962921172380447,0.11303606,0.05430053,1.6478447e-06,0.009737801,0,0.38711637258529663,0.8012703,0.8916013,0.9999833,0.97653526,0,0.49325448274612427
TSBD_WSSV_f9b891c236,1,0,2,0.8470327,0.008129823,0.086794615,0.05385116,1.468109e-05,0.01369434,0,0.11962921172380447,0.11135938,0.054422703,1.6632786e-06,0.009712421,0,0.38711637258529663,0.80184597,0.89172614,0.99998367,0.97659326,0,0.49325448274612427
TSBD_WSSV_60bf799ad0,1,1,2,0.8496964,0.0076925103,0.095527776,0.054585256,1.5586696e-05,0.014412097,0,0.11962921172380447,0.10174272,0.054069668,1.6201085e-06,0.009328481,0,0.38711637258529663,0.80272955,0.8913451,0.9999827,0.9762594,1,0.49325448274612427
TSBD_WSSV_3221471a09,1,0,2,0.8451367,0.0083776,0.084718056,0.053974606,1.4877521e-05,0.013636593,0,0.11962921172380447,0.11460195,0.054577522,1.687281e-06,0.00985675,0,0.38711637258529663,0.80068,0.89144784,0.99998343,0.9765067,0,0.49325448274612427
TSBD_WSSV_81c77d6283,1,0,2,0.84742147,0.007869018,0.100743845,0.05771616,1.9769663e-05,0.015801053,0,0.11962921172380447,0.09909251,0.052103013,1.4269018e-06,0.008868644,0,0.38711637258529663,0.8001636,0.89018077,0.9999788,0.9753303,0,0.49325448274612427
TSBD_WSSV_7ba0bac7cd,1,0,2,0.84182495,0.008716927,0.1086589,0.054710865,1.5709364e-05,0.015147696,0,0.11962921172380447,0.09467088,0.05381552,1.5957061e-06,0.009068458,0,0.38711637258529663,0.79667026,0.8914736,0.9999827,0.9757838,0,0.49325448274612427
TSBD_WSSV_b8b164e72b,1,0,2,0.83218473,0.010051392,0.11840625,0.05418215,1.5104716e-05,0.015458032,0,0.11962921172380447,0.091330715,0.054156143,1.6376832e-06,0.009049377,0,0.38711637258529663,0.790263,0.8916617,0.9999832,0.97549266,0,0.49325448274612427
TSBD_WSSV_7942e3c67c,1,0,2,0.8480504,0.007914456,0.09649488,0.05474694,1.5912177e-05,0.014547474,0,0.11962921172380447,0.10201378,0.053760156,1.602552e-06,0.00929616,0,0.38711637258529663,0.80149126,0.89149284,0.9999826,0.97615635,0,0.49325448274612427
TSBD_WSSV_e572949946,1,0,2,0.84367687,0.008320022,0.099886514,0.0572987,1.937544e-05,0.01566081,0,0.11962921172380447,0.10307667,0.052832574,1.5084448e-06,0.009161977,0,0.38711637258529663,0.79703677,0.8898687,0.999979,0.9751772,0,0.49325448274612427
TSBD_WSSV_a204c36610,1,0,2,0.80487627,0.013835343,0.14430177,0.056536674,1.8142575e-05,0.017638188,0,0.11962921172380447,0.083761215,0.05265106,1.4739635e-06,0.00854705,0,0.38711637258529663,0.771937,0.8908123,0.99998045,0.9738148,0,0.49325448274612427
TSBD_WSSV_9c4b4f11b8,0,0,0,0.27766147,0.120516695,0.09160578,0.50869644,0.63518643,0.35669968,0,0.11962921172380447,0.17052115,0.035998788,5.2177875e-06,0.012944704,0,0.38711637258529663,0.73787314,0.45530483,0.36480832,0.63035566,0,0.49325448274612427
TSBD_WSSV_687a703a75,1,0,2,0.8433951,0.008439195,0.09464444,0.05567567,1.676745e-05,0.01473918,0,0.11962921172380447,0.107815154,0.053790446,1.5887467e-06,0.009481201,0,0.38711637258529663,0.7975405,0.89053386,0.99998164,0.9757796,0,0.49325448274612427
TSBD_WSSV_60273dd644,1,0,2,0.8424956,0.00861588,0.10540142,0.054593474,1.5675467e-05,0.014965122,0,0.11962921172380447,0.09761617,0.053953633,1.6165047e-06,0.009199915,0,0.38711637258529663,0.7969824,0.89145285,0.9999827,0.97583497,0,0.49325448274612427
TSBD_WSSV_c29e86db5b,1,0,2,0.84677756,0.008021542,0.09683619,0.05571612,1.6976572e-05,0.014881113,0,0.11962921172380447,0.10300444,0.053414933,1.562872e-06,0.009259626,0,0.38711637258529663,0.80015934,0.8908689,0.9999815,0.9758593,0,0.49325448274612427
TSBD_WSSV_79fa511ed0,1,0,2,0.8485567,0.007848193,0.098270774,0.054521814,1.5469606e-05,0.014529877,0,0.11962921172380447,0.099898264,0.053948812,1.6061434e-06,0.009246022,0,0.38711637258529663,0.80183095,0.89152944,0.99998295,0.9762241,0,0.49325448274612427
TSBD_WSSV_58e35ef754,1,0,2,0.5919757,0.05106648,0.2767486,0.055292204,1.6399561e-05,0.02273743,0,0.11962921172380447,0.076647475,0.053787477,1.5985518e-06,0.008994406,0,0.38711637258529663,0.646604,0.8909203,0.999982,0.9682682,0,0.49325448274612427
TSBD_WSSV_1ce4e5b49f,0,0,1,0.46573943,0.03790824,0.17017107,0.06669895,0.0001478551,0.030385697,0,0.11962921172380447,0.29888892,0.5562462,0.73010164,0.52663976,0,0.38711637258529663,0.53094,0.3770548,0.2697505,0.44297457,0,0.49325448274612427
TSBD_WSSV_ea57134108,1,0,2,0.84620327,0.008230413,0.08311093,0.05350722,1.411088e-05,0.013348627,0,0.11962921172380447,0.11538835,0.05520993,1.7626147e-06,0.010017415,0,0.38711637258529663,0.80150074,0.89128286,0.99998415,0.97663397,0,0.49325448274612427
TSBD_WSSV_8b1af1900d,1,0,2,0.84892696,0.00787069,0.086338244,0.053304557,1.41331675e-05,0.013497554,0,0.11962921172380447,0.11053556,0.055037834,1.7383637e-06,0.00981846,0,0.38711637258529663,0.80312616,0.89165765,0.999984,0.97668403,0,0.49325448274612427
TSBD_WSSV_2f46cb1b79,1,0,2,0.8479379,0.007908335,0.09485202,0.055026796,1.597965e-05,0.014509028,0,0.11962921172380447,0.10379986,0.053784948,1.5778404e-06,0.009327794,0,0.38711637258529663,0.80134815,0.89118826,0.9999825,0.97616315,0,0.49325448274612427
TSBD_WSSV_383e727d4a,1,0,2,0.8444723,0.0081261955,0.10105328,0.059442326,2.1824915e-05,0.016372945,0,0.11962921172380447,0.10179061,0.051753424,1.3642601e-06,0.0088583,0,0.38711637258529663,0.7971561,0.8888042,0.9999769,0.97476876,0,0.49325448274612427
TSBD_WSSV_b076b7af44,1,1,2,0.8506199,0.007558819,0.09465732,0.056084223,1.7522121e-05,0.014880339,0,0.11962921172380447,0.10183384,0.05291226,1.5115569e-06,0.009109841,0,0.38711637258529663,0.8035088,0.8910035,0.9999809,0.97600985,1,0.49325448274612427
TSBD_WSSV_6a65b3c303,1,0,2,0.84882903,0.0078072893,0.08885895,0.054542616,1.5299505e-05,0.014000443,0,0.11962921172380447,0.10866467,0.054516133,1.6634457e-06,0.009636037,0,0.38711637258529663,0.80247635,0.8909412,0.9999831,0.97636354,0,0.49325448274612427
TSBD_WSSV_d552ad13be,1,0,2,0.84473133,0.00835832,0.08499654,0.056674365,1.8493973e-05,0.014577353,0,0.11962921172380447,0.11458055,0.053214103,1.5699233e-06,0.009605825,0,0.38711637258529663,0.80042297,0.89011145,0.99998,0.97581685,0,0.49325448274612427
TSBD_WSSV_64069923e3,1,0,2,0.79628557,0.011082373,0.1876388,0.10421333,0.000261377,0.04383152,0,0.11962921172380447,0.07577049,0.040021867,6.669439e-07,0.0062846523,0,0.38711637258529663,0.7365907,0.8557648,0.9997379,0.94988376,0,0.49325448274612427
