sample_id,tri_consensus,selected,consensus_class,tri_score,source_ema_js,p_source_BG,p_ema_BG,p_proto_BG,q_consensus_BG,selected_BG,target_prior_BG,p_source_Healthy,p_ema_Healthy,p_proto_Healthy,q_consensus_Healthy,selected_Healthy,target_prior_Healthy,p_source_WSSV,p_ema_WSSV,p_proto_WSSV,q_consensus_WSSV,selected_WSSV,target_prior_WSSV
TSBD_BG_b9ded89290,0,0,2,0.13396154,0.27823627,0.08357923,0.03869975,9.861449e-06,0.016160926,0,0.05475335568189621,0.6890771,0.050532106,3.4698417e-06,0.030941114,0,0.09557480365037918,0.22734374,0.91076815,0.99998665,0.9528979,0,0.8496718406677246
TSBD_BG_ec6804e1c1,1,1,0,0.86186796,0.010184203,0.8424377,0.93166435,0.9999628,0.97977525,1,0.05475335568189621,0.09091232,0.040202074,3.4919587e-05,0.014030346,0,0.09557480365037918,0.066649966,0.028133625,2.2515194e-06,0.0061944295,0,0.8496718406677246
TSBD_BG_e6c7f786d1,1,1,1,0.8013077,0.014732564,0.12545319,0.04937384,3.3792103e-06,0.011275709,0,0.05475335568189621,0.7710505,0.89595634,0.9999852,0.97464263,1,0.09557480365037918,0.103496276,0.054669768,1.1429508e-05,0.014081658,0,0.8496718406677246
TSBD_BG_27046d49de,1,1,0,0.78433436,0.021443587,0.79518855,0.9317514,0.99997735,0.97932535,1,0.05475335568189621,0.08165606,0.03606472,1.9312685e-05,0.011658187,0,0.09557480365037918,0.12315531,0.032183886,3.3634942e-06,0.009016403,0,0.8496718406677246
TSBD_BG_ef94f9e30a,1,0,2,0.8487756,0.010201255,0.08639501,0.043062396,1.4591272e-05,0.012152849,0,0.05475335568189621,0.09419592,0.041788455,1.7034824e-06,0.008042634,0,0.09557480365037918,0.8194091,0.9151492,0.9999838,0.9798045,0,0.8496718406677246
TSBD_BG_014cc1626a,1,0,2,0.84416676,0.010842698,0.0839746,0.04501111,1.7059358e-05,0.012676209,0,0.05475335568189621,0.09921837,0.040134914,1.4868152e-06,0.007834205,0,0.09557480365037918,0.81680703,0.914854,0.9999815,0.97948956,0,0.8496718406677246
TSBD_BG_ab942e7799,1,0,2,0.8470111,0.010469242,0.08010112,0.04100485,1.1670275e-05,0.01107977,0,0.05475335568189621,0.101380765,0.043661114,1.9744364e-06,0.008675226,0,0.09557480365037918,0.8185181,0.91533405,0.9999863,0.980245,0,0.8496718406677246
TSBD_BG_92d3bac25d,0,0,1,0.29707667,0.106749445,0.108557135,0.034350853,3.0890136e-05,0.014527845,0,0.05475335568189621,0.103697635,0.51213926,0.45037052,0.32812753,0,0.09557480365037918,0.7877453,0.45350987,0.54959863,0.65734464,0,0.8496718406677246
TSBD_BG_3179613a58,1,1,0,0.51371384,0.07316004,0.6327276,0.9255858,0.9999776,0.972159,1,0.05475335568189621,0.06937848,0.03565325,1.5709056e-05,0.011337807,0,0.09557480365037918,0.2978939,0.038761027,6.6406747e-06,0.016503187,0,0.8496718406677246
TSBD_BG_72fcb5ad43,1,1,1,0.8282499,0.010596646,0.10880073,0.062817134,6.9237467e-06,0.013737695,0,0.05475335568189621,0.78751427,0.89180946,0.9999883,0.9754415,1,0.09557480365037918,0.10368501,0.045373376,4.7483127e-06,0.010820775,0,0.8496718406677246
TSBD_BG_1adf4fa166,0,0,0,0.30360588,0.13475153,0.38768467,0.8142987,0.9979405,0.8839926,0,0.05475335568189621,0.102422215,0.11794422,0.0019719377,0.06693891,0,0.09557480365037918,0.5098931,0.067757115,8.7546156e-05,0.049068447,0,0.8496718406677246
TSBD_BG_19f57a7d83,0,0,1,0.27633235,0.15307724,0.06530067,0.06530118,8.489323e-06,0.014894275,0,0.05475335568189621,0.4269971,0.8877778,0.99998593,0.9609341,0,0.09557480365037918,0.50770223,0.046921015,5.553842e-06,0.024171647,0,0.8496718406677246
TSBD_BG_b06b80d500,1,1,1,0.81454,0.012817072,0.10469443,0.0564344,4.806447e-06,0.0120304655,0,0.05475335568189621,0.7798502,0.8954854,0.99998915,0.97584075,1,0.09557480365037918,0.115455374,0.04808021,6.0490975e-06,0.012128788,0,0.8496718406677246
TSBD_BG_5c745e387f,1,1,0,0.55602527,0.06413306,0.6654445,0.9316239,0.9999629,0.9714385,1,0.05475335568189621,0.2825834,0.04021473,3.4860597e-05,0.022465326,0,0.09557480365037918,0.051972114,0.028161393,2.213626e-06,0.006096155,0,0.8496718406677246
TSBD_BG_c333741c9b,0,0,0,0.30273858,0.14020787,0.4108663,0.8898012,0.99952316,0.9186189,0,0.05475335568189621,0.51516634,0.076365374,0.00047143488,0.07118185,0,0.09557480365037918,0.073967345,0.033833392,5.308799e-06,0.010199256,0,0.8496718406677246
TSBD_BG_a3ac70c2de,0,0,2,0.57826793,0.02489623,0.06909414,0.049517013,6.780655e-05,0.017604167,0,0.05475335568189621,0.53823185,0.3361312,0.03777346,0.30277687,0,0.09557480365037918,0.39267406,0.6143518,0.96215874,0.67961895,0,0.8496718406677246
TSBD_BG_6ff47981ea,0,0,0,0.1267604,0.28540978,0.2285821,0.9257018,0.9999305,0.93712705,0,0.05475335568189621,0.6630519,0.04690808,6.742755e-05,0.052071273,0,0.09557480365037918,0.10836597,0.02739007,2.06851e-06,0.010801612,0,0.8496718406677246
TSBD_BG_64274bed67,0,0,1,0.23352721,0.1846097,0.05344303,0.07010266,1.285267e-05,0.01640839,0,0.05475335568189621,0.3638513,0.87714744,0.99997723,0.95198244,0,0.09557480365037918,0.5827056,0.052749954,9.883398e-06,0.03160918,0,0.8496718406677246
TSBD_BG_7031e4d230,1,1,0,0.6268586,0.048667155,0.7002758,0.9310391,0.9999751,0.9751564,1,0.05475335568189621,0.111657,0.03699524,2.1611955e-05,0.014013973,0,0.09557480365037918,0.18806715,0.03196569,3.3227889e-06,0.010829654,0,0.8496718406677246
TSBD_BG_03136a4786,1,0,2,0.84838,0.010327778,0.07715502,0.04179924,1.2805049e-05,0.011229206,0,0.05475335568189621,0.10272302,0.042813182,1.8225237e-06,0.008495672,0,0.09557480365037918,0.820122,0.9153876,0.99998546,0.9802751,0,0.8496718406677246
TSBD_BG_daacfdf534,1,0,2,0.8241507,0.013533906,0.077774584,0.041210394,1.1927148e-05,0.0111117065,0,0.05475335568189621,0.11952277,0.044623334,2.0802852e-06,0.009439795,0,0.09557480365037918,0.8027026,0.91416633,0.99998605,0.9794485,0,0.8496718406677246
TSBD_BG_873a3617a3,1,0,2,0.84108406,0.011381535,0.07177213,0.040854815,1.1596676e-05,0.010643016,0,0.05475335568189621,0.11217607,0.043630745,1.932632e-06,0.008956857,0,0.09557480365037918,0.81605184,0.91551435,0.9999865,0.98040015,0,0.8496718406677246
TSBD_BG_abfa756b67,1,0,2,0.63496643,0.043922827,0.23305716,0.053748418,3.421196e-05,0.023881378,0,0.05475335568189621,0.08869638,0.03761782,1.1701266e-06,0.0073839407,0,0.09557480365037918,0.6782465,0.90863377,0.9999646,0.9687347,0,0.8496718406677246
TSBD_BG_897409ab6a,1,1,1,0.61012846,0.047308788,0.062316958,0.043746546,2.4657268e-06,0.008247481,0,0.05475335568189621,0.6553837,0.8926845,0.9999751,0.9660084,1,0.09557480365037918,0.28229934,0.06356899,2.2406131e-05,0.025744097,0,0.8496718406677246
TSBD_BG_029a32b87f,1,0,2,0.77354944,0.02134895,0.15309772,0.043083042,1.4358896e-05,0.015058038,0,0.05475335568189621,0.071947716,0.04147785,1.6541944e-06,0.007376627,0,0.09557480365037918,0.7749546,0.9154391,0.999984,0.97756535,0,0.8496718406677246
TSBD_BG_ad84846145,1,0,2,0.81860083,0.014296096,0.1145936,0.038152277,9.159601e-06,0.011674681,0,0.05475335568189621,0.085316576,0.04929613,3.1223353e-06,0.009528024,0,0.09557480365037918,0.80008984,0.91255164,0.9999877,0.9787973,0,0.8496718406677246
TSBD_BG_6250909f04,1,1,1,0.7070574,0.029121611,0.14899054,0.056912567,4.9384953e-06,0.014170449,0,0.05475335568189621,0.70657074,0.8956951,0.9999893,0.9725031,1,0.09557480365037918,0.14443868,0.047392342,5.7902007e-06,0.013326372,0,0.8496718406677246
TSBD_Healthy_c7fd512124,0,0,1,0.14286652,0.27051497,0.07494864,0.03405495,3.5937164e-06,0.013143574,0,0.05475335568189621,0.10934354,0.8015529,0.9976718,0.76225615,0,0.09557480365037918,0.81570774,0.16439211,0.0023246235,0.22460029,0,0.8496718406677246
TSBD_Healthy_1ab857c1ee,0,0,1,0.1606984,0.25258982,0.055309556,0.031083206,1.3984455e-06,0.008647383,0,0.05475335568189621,0.18909447,0.858731,0.9996662,0.8773713,0,0.09557480365037918,0.755596,0.110185765,0.00033241772,0.113981314,0,0.8496718406677246
TSBD_Healthy_a4108c60ab,0,0,1,0.087428816,0.34853947,0.06280876,0.052316174,3.6645463e-06,0.016023288,0,0.05475335568189621,0.14328113,0.8965471,0.9999882,0.938809,0,0.09557480365037918,0.7939101,0.051136743,8.102519e-06,0.045167707,0,0.8496718406677246
TSBD_Healthy_603954b4fc,0,0,1,0.108135305,0.31492946,0.07808796,0.041423965,3.2525415e-06,0.015175133,0,0.05475335568189621,0.12386453,0.8617655,0.9998324,0.87490803,0,0.09557480365037918,0.79804754,0.09681056,0.00016437777,0.10991683,0,0.8496718406677246
TSBD_Healthy_a7669a6337,0,0,1,0.17686348,0.23685884,0.060112048,0.031674597,1.6924022e-06,0.009163381,0,0.05475335568189621,0.19029526,0.84273535,0.999373,0.85645574,0,0.09557480365037918,0.7495927,0.12559006,0.00062531885,0.13438089,0,0.8496718406677246
TSBD_Healthy_0969d7950f,0,0,1,0.0957838,0.33379698,0.06416486,0.052503522,3.843832e-06,0.015807766,0,0.05475335568189621,0.15789081,0.89589435,0.9999877,0.94019574,0,0.09557480365037918,0.7779443,0.05160213,8.472984e-06,0.04399654,0,0.8496718406677246
TSBD_Healthy_3535a7f645,1,1,1,0.52912563,0.06656058,0.059918914,0.055704623,4.544005e-06,0.010450687,0,0.05475335568189621,0.6259171,0.8959879,0.9999893,0.9709001,1,0.09557480365037918,0.31416398,0.048307452,6.236619e-06,0.01864918,0,0.8496718406677246
TSBD_Healthy_28874652ec,0,0,1,0.08686797,0.35015118,0.07293477,0.037591998,1.8392877e-06,0.01337958,0,0.05475335568189621,0.109772086,0.88227963,0.9999292,0.8961518,0,0.09557480365037918,0.8172931,0.08012837,6.899961e-05,0.09046863,0,0.8496718406677246
TSBD_Healthy_c9a3ba4645,0,0,1,0.25096878,0.17130479,0.05967534,0.056621037,4.6372807e-06,0.012260012,0,0.05475335568189621,0.3977286,0.8960279,0.9999896,0.9622088,0,0.09557480365037918,0.5425961,0.04735106,5.7039692e-06,0.025531173,0,0.8496718406677246
TSBD_Healthy_ec9cff4659,0,0,1,0.24537982,0.17400283,0.09102735,0.055454247,4.804849e-06,0.014452789,0,0.05475335568189621,0.3717976,0.8928443,0.99998665,0.9562909,0,0.09557480365037918,0.5371751,0.05170147,8.557323e-06,0.02925628,0,0.8496718406677246
TSBD_Healthy_d0dd7481d3,1,1,1,0.8156993,0.0126212705,0.12694225,0.057641547,4.9641426e-06,0.01307887,0,0.05475335568189621,0.7798962,0.89574575,0.99998975,0.97612035,1,0.09557480365037918,0.09316155,0.046612665,5.2837077e-06,0.010800791,0,0.8496718406677246
TSBD_Healthy_9b9c4b2008,0,0,1,0.11800366,0.30090883,0.059750758,0.047086928,3.4649777e-06,0.013621639,0,0.05475335568189621,0.18057387,0.88865113,0.99997234,0.93007904,0,0.09557480365037918,0.75967544,0.06426198,2.4249346e-05,0.056299314,0,0.8496718406677246
TSBD_Healthy_6af33a64f0,0,0,1,0.17369854,0.23906092,0.069958486,0.03322746,3.872172e-06,0.011992388,0,0.05475335568189621,0.12512177,0.7800557,0.9953301,0.734621,0,0.09557480365037918,0.8049197,0.18671691,0.004666101,0.25338665,0,0.8496718406677246
TSBD_Healthy_11508a2a47,1,1,0,0.8343764,0.014195822,0.8267609,0.9332964,0.99997663,0.9803795,1,0.05475335568189621,0.10732381,0.035850663,2.0416832e-05,0.012766435,0,0.09557480365037918,0.065915346,0.030852932,2.9961025e-06,0.006854007,0,0.8496718406677246
TSBD_Healthy_9c80ffce77,0,0,1,0.09335345,0.33737725,0.07677273,0.06530319,1.3767395e-05,0.025699615,0,0.05475335568189621,0.11863787,0.8615164,0.99994123,0.89630306,0,0.09557480365037918,0.80458945,0.07318033,4.4945802e-05,0.07799729,0,0.8496718406677246
TSBD_Healthy_fdc6d1fa33,1,1,1,0.7197241,0.028316999,0.07370603,0.060260396,5.8802557e-06,0.011642274,0,0.05475335568189621,0.7347286,0.89399344,0.99998915,0.9744555,1,0.09557480365037918,0.19156536,0.045746177,4.9886426e-06,0.013902255,0,0.8496718406677246
TSBD_Healthy_8c646c1060,1,0,0,0.33237168,0.12629788,0.49473158,0.9279786,0.9999399,0.9593774,0,0.05475335568189621,0.3809058,0.044788122,5.8059253e-05,0.031816836,0,0.09557480365037918,0.124362595,0.027233373,2.0478003e-06,0.008805783,0,0.8496718406677246
TSBD_Healthy_1b2ea804f3,0,0,1,0.16223618,0.24657996,0.064314894,0.059140336,5.4758184e-06,0.0150126545,0,0.05475335568189621,0.27401105,0.89447904,0.9999893,0.9548504,0,0.09557480365037918,0.661674,0.046380565,5.2186683e-06,0.030136969,0,0.8496718406677246
TSBD_Healthy_181a36e89e,0,0,1,0.17739111,0.23288663,0.058646195,0.04985455,3.6401416e-06,0.012189446,0,0.05475335568189621,0.28358597,0.89445305,0.9999839,0.9496166,0,0.09557480365037918,0.65776783,0.055692457,1.2467003e-05,0.03819402,0,0.8496718406677246
TSBD_Healthy_b13db56cba,1,0,2,0.80142874,0.01071303,0.07216209,0.02573206,2.6540529e-06,0.006557374,0,0.05475335568189621,0.1136968,0.1899673,0.0012291849,0.06451598,0,0.09557480365037918,0.81414104,0.7843006,0.99876815,0.9289266,0,0.8496718406677246
TSBD_Healthy_e91e5f3d2c,1,1,1,0.81339544,0.013015682,0.11576541,0.05554591,4.446561e-06,0.0121839,0,0.05475335568189621,0.7787434,0.8965372,0.9999895,0.9760638,1,0.09557480365037918,0.10549128,0.047916878,6.091318e-06,0.0117523065,0,0.8496718406677246
TSBD_Healthy_b9f53cb41a,1,1,1,0.6568385,0.038526867,0.24414147,0.05964026,5.5104583e-06,0.01778483,0,0.05475335568189621,0.6843933,0.89477676,0.9999896,0.97223806,1,0.09557480365037918,0.07146523,0.04558299,4.812104e-06,0.009977147,0,0.8496718406677246
TSBD_Healthy_eb22129a24,1,1,0,0.7751994,0.023071004,0.7926919,0.93227077,0.9999676,0.977561,1,0.05475335568189621,0.15337472,0.038582824,2.9757652e-05,0.016322134,0,0.09557480365037918,0.053933315,0.02914633,2.5747784e-06,0.006116838,0,0.8496718406677246
TSBD_Healthy_968a78b93d,1,1,1,0.73559946,0.025457045,0.08214213,0.0572669,4.8642705e-06,0.011346676,0,0.05475335568189621,0.73919094,0.8959609,0.99998975,0.9747752,1,0.09557480365037918,0.17866696,0.046772163,5.3895587e-06,0.01387813,0,0.8496718406677246
TSBD_Healthy_c7a3a188a8,1,1,0,0.5500686,0.065610185,0.6629199,0.9325763,0.9999722,0.97282636,1,0.05475335568189621,0.27735636,0.037503,2.5050063e-05,0.020291928,0,0.09557480365037918,0.059723813,0.029920636,2.7444282e-06,0.0068817227,0,0.8496718406677246
TSBD_Healthy_f55a2f1b43,1,0,2,0.84940165,0.010138028,0.08161274,0.040799953,1.1584174e-05,0.011103999,0,0.05475335568189621,0.09837659,0.043857887,2.0171208e-06,0.008633247,0,0.09557480365037918,0.8200107,0.9153422,0.9999864,0.9802627,0,0.8496718406677246
TSBD_Healthy_11a0ec4d06,1,0,2,0.8409474,0.011280167,0.096809514,0.03898294,9.459858e-06,0.011116313,0,0.05475335568189621,0.088772155,0.04597228,2.3599969e-06,0.008798757,0,0.09557480365037918,0.8144183,0.9150448,0.9999882,0.9800849,0,0.8496718406677246
TSBD_Healthy_dda7c6bbc5,1,0,2,0.77416784,0.01817588,0.05548418,0.026203703,1.9969461e-06,0.005780337,0,0.05475335568189621,0.19663145,0.08140516,2.2237313e-05,0.02427425,0,0.09557480365037918,0.74788433,0.8923911,0.9999757,0.96994543,0,0.8496718406677246
TSBD_Healthy_b83d452fe7,1,0,2,0.84965694,0.010097907,0.08240524,0.040908795,1.1824054e-05,0.01119986,0,0.05475335568189621,0.09747196,0.04378332,2.0075192e-06,0.008589868,0,0.09557480365037918,0.8201228,0.9153079,0.9999862,0.9802103,0,0.8496718406677246
TSBD_Healthy_ec04a77054,1,1,1,0.8235313,0.011771835,0.09562996,0.055575587,4.4256794e-06,0.011344987,0,0.05475335568189621,0.78826684,0.896645,0.9999896,0.9765989,1,0.09557480365037918,0.11610315,0.047779374,6.001407e-06,0.012056089,0,0.8496718406677246
TSBD_Healthy_63480c13ab,1,1,1,0.7774724,0.01887399,0.078883,0.05551358,4.43464e-06,0.010709633,0,0.05475335568189621,0.764525,0.8966133,0.9999895,0.9757478,1,0.09557480365037918,0.15659198,0.047873117,6.026424e-06,0.013542584,0,0.8496718406677246
TSBD_Healthy_a334fe0843,1,1,1,0.8141425,0.012875283,0.12248234,0.05614313,4.5778984e-06,0.012560356,0,0.05475335568189621,0.7790046,0.89618814,0.9999895,0.97606134,1,0.09557480365037918,0.09851302,0.04766869,5.9081212e-06,0.011378289,0,0.8496718406677246
TSBD_Healthy_af48f4f88b,1,1,1,0.71358883,0.028015684,0.21088248,0.06384796,6.7460824e-06,0.017911626,0,0.05475335568189621,0.71294695,0.8925503,0.9999894,0.9726313,1,0.09557480365037918,0.07617053,0.04360178,3.879787e-06,0.009457109,0,0.8496718406677246
TSBD_Healthy_58fc6d9018,1,0,2,0.8349364,0.01050579,0.09163513,0.02609116,2.0762675e-06,0.006775973,0,0.05475335568189621,0.09640304,0.0894192,3.4889472e-05,0.021109873,0,0.09557480365037918,0.8119619,0.8844896,0.99996305,0.97211415,0,0.8496718406677246
TSBD_Healthy_ed8a98aaef,1,1,2,0.8544718,0.007958481,0.07967423,0.027291838,2.3474488e-06,0.006716045,0,0.05475335568189621,0.10008814,0.08086003,2.2792334e-05,0.018684885,0,0.09557480365037918,0.82023764,0.8918481,0.99997485,0.97459906,1,0.8496718406677246
TSBD_Healthy_c1a36abd3d,0,0,1,0.18107466,0.23287955,0.064444035,0.026761962,1.6707392e-06,0.00873816,0,0.05475335568189621,0.13755926,0.78764373,0.995424,0.74586916,0,0.09557480365037918,0.79799676,0.18559435,0.004574354,0.24539268,0,0.8496718406677246
TSBD_Healthy_ba89f16ead,1,1,1,0.81603473,0.012767995,0.0986124,0.05644605,4.665324e-06,0.011698226,0,0.05475335568189621,0.78268546,0.89628154,0.9999896,0.9763089,1,0.09557480365037918,0.11870221,0.047272444,5.6922477e-06,0.011992883,0,0.8496718406677246
TSBD_Healthy_ff7717e05f,1,1,0,0.81329745,0.017330743,0.81511486,0.9334083,0.9999784,0.9800711,1,0.05475335568189621,0.121381015,0.03513162,1.832133e-05,0.012984015,0,0.09557480365037918,0.06350407,0.031460054,3.1949173e-06,0.0069448794,0,0.8496718406677246
TSBD_Healthy_9697828448,0,0,1,0.076858155,0.3688798,0.07458163,0.047275208,2.9287519e-06,0.016591815,0,0.05475335568189621,0.11494291,0.89616066,0.9999839,0.9274534,0,0.09557480365037918,0.8104755,0.05656415,1.31195975e-05,0.05595484,0,0.8496718406677246
TSBD_Healthy_0dc7202194,1,1,1,0.7664009,0.02019185,0.094386585,0.056485772,4.7409603e-06,0.011706803,0,0.05475335568189621,0.75238335,0.89601976,0.9999894,0.9749212,1,0.09557480365037918,0.15323009,0.047494486,5.8319815e-06,0.013372018,0,0.8496718406677246
TSBD_Healthy_aafafefd6f,0,0,1,0.10128541,0.32478333,0.083778,0.041571468,2.555198e-06,0.014730633,0,0.05475335568189621,0.13710101,0.8832632,0.999949,0.90966934,0,0.09557480365037918,0.77912104,0.075165376,4.8455924e-05,0.07560008,0,0.8496718406677246
TSBD_Healthy_3e37e6f481,0,0,1,0.16574016,0.24384806,0.05988554,0.05216508,3.810038e-06,0.012832721,0,0.05475335568189621,0.2737151,0.89658445,0.9999881,0.9527278,0,0.09557480365037918,0.6663993,0.051250484,8.1410435e-06,0.034439467,0,0.8496718406677246
TSBD_Healthy_d5c6d15d07,1,0,2,0.84620905,0.01048078,0.09275365,0.038111698,8.736351e-06,0.01066001,0,0.05475335568189621,0.08975292,0.047799055,2.745363e-06,0.0092571005,0,0.09557480365037918,0.8174934,0.9140893,0.99998856,0.98008287,0,0.8496718406677246
TSBD_Healthy_968206666f,1,0,2,0.84824646,0.0073127784,0.06906931,0.027028281,2.4298952e-06,0.0064562415,0,0.05475335568189621,0.12930739,0.091655925,3.8246344e-05,0.024174217,0,0.09557480365037918,0.8016233,0.8813157,0.99995935,0.9693696,0,0.8496718406677246
TSBD_Healthy_cacd4fa5f3,1,0,2,0.69071186,0.0072601493,0.056889582,0.02364535,2.9999396e-06,0.006153153,0,0.05475335568189621,0.36970526,0.30230927,0.014169632,0.20251274,0,0.09557480365037918,0.57340515,0.67404544,0.9858273,0.79133415,0,0.8496718406677246
TSBD_Healthy_c00e285b89,1,1,2,0.8514754,0.009892509,0.084899895,0.04203655,1.3155081e-05,0.011693725,0,0.05475335568189621,0.09340033,0.042302053,1.7598534e-06,0.008108945,0,0.09557480365037918,0.82169974,0.91566133,0.9999851,0.9801973,1,0.8496718406677246
TSBD_Healthy_e318b96772,1,0,2,0.84481883,0.010819981,0.07673448,0.041589215,1.2506526e-05,0.011140062,0,0.05475335568189621,0.10547722,0.04295509,1.8491705e-06,0.008620448,0,0.09557480365037918,0.81778836,0.9154557,0.9999856,0.9802395,0,0.8496718406677246
TSBD_Healthy_f874d1c34c,1,0,2,0.84898216,0.010240162,0.083545074,0.04159196,1.2506228e-05,0.011464214,0,0.05475335568189621,0.096379355,0.042624358,1.7930727e-06,0.008263279,0,0.09557480365037918,0.8200756,0.9157836,0.9999857,0.9802725,0,0.8496718406677246
TSBD_Healthy_a486752b98,1,0,2,0.8457752,0.010719289,0.07706564,0.04217835,1.3188028e-05,0.011341915,0,0.05475335568189621,0.10417796,0.04218501,1.7408655e-06,0.008407266,0,0.09557480365037918,0.8187564,0.91563666,0.999985,0.98025084,0,0.8496718406677246
TSBD_Healthy_79eca515b7,1,1,2,0.85047734,0.009997771,0.084588006,0.040433656,1.1151472e-05,0.011110471,0,0.05475335568189621,0.09470125,0.044097863,2.026189e-06,0.008545196,0,0.09557480365037918,0.8207107,0.9154685,0.99998677,0.98034436,1,0.8496718406677246
TSBD_Healthy_28f91e3b3c,1,1,2,0.85038376,0.010050749,0.08157293,0.04091949,1.1637523e-05,0.011121669,0,0.05475335568189621,0.09736378,0.04333739,1.8970234e-06,0.008447536,0,0.09557480365037918,0.8210633,0.91574323,0.9999864,0.9804308,1,0.8496718406677246
TSBD_Healthy_b4c784db60,1,0,2,0.84925544,0.010090298,0.08286372,0.038084332,8.651319e-06,0.0102164475,0,0.05475335568189621,0.09783744,0.047126886,2.5709116e-06,0.009349435,0,0.09557480365037918,0.81929886,0.91478884,0.9999887,0.9804341,0,0.8496718406677246
TSBD_Healthy_46afbf57c8,1,0,2,0.8489913,0.010215998,0.079784535,0.040684275,1.1123835e-05,0.010914604,0,0.05475335568189621,0.10023852,0.043835897,1.9829633e-06,0.008659478,0,0.09557480365037918,0.8199769,0.9154798,0.9999869,0.9804259,0,0.8496718406677246
TSBD_Healthy_5238685a4f,0,0,1,0.2224664,0.19457003,0.077465005,0.02769298,4.941302e-06,0.010476034,0,0.05475335568189621,0.10696208,0.69292694,0.9542381,0.56970054,0,0.09557480365037918,0.8155729,0.2793801,0.0457569,0.4198234,0,0.8496718406677246
TSBD_Healthy_115a1b2ce7,1,0,2,0.84895295,0.00969746,0.073422484,0.033327848,5.18471e-06,0.008347258,0,0.05475335568189621,0.11073109,0.05617681,4.972511e-06,0.01208942,0,0.09557480365037918,0.81584644,0.9104954,0.99998987,0.9795633,0,0.8496718406677246
TSBD_Healthy_2b0f2e29de,1,0,2,0.848046,0.010292188,0.07713972,0.03891726,9.5083e-06,0.010253823,0,0.05475335568189621,0.10400041,0.046020407,2.3570046e-06,0.009287867,0,0.09557480365037918,0.8188598,0.91506237,0.9999881,0.98045826,0,0.8496718406677246
TSBD_Healthy_2cb9913a0d,1,0,2,0.83056337,0.012858358,0.06990073,0.03989097,1.0274587e-05,0.010211505,0,0.05475335568189621,0.12080222,0.04451692,2.0885639e-06,0.0094472775,0,0.09557480365037918,0.8092971,0.9155921,0.9999876,0.9803412,0,0.8496718406677246
TSBD_Healthy_f7b6201d8c,1,0,2,0.83928585,0.011364511,0.085470125,0.039988607,1.087767e-05,0.011081988,0,0.05475335568189621,0.102846235,0.045772858,2.3922066e-06,0.0092811845,0,0.09557480365037918,0.8116836,0.9142386,0.99998677,0.97963685,0,0.8496718406677246
TSBD_Healthy_1cb0a1deed,1,0,2,0.7064013,0.031133361,0.06108416,0.033784628,5.7323887e-06,0.008349391,0,0.05475335568189621,0.21523295,0.058327638,6.080393e-06,0.016785609,0,0.09557480365037918,0.7236829,0.9078877,0.9999882,0.974865,0,0.8496718406677246
TSBD_Healthy_e53d9705ff,1,0,2,0.8481313,0.01027597,0.08165953,0.041707247,1.2728744e-05,0.011434717,0,0.05475335568189621,0.09939381,0.043345876,1.9228455e-06,0.008540082,0,0.09557480365037918,0.8189467,0.91494685,0.99998534,0.9800252,0,0.8496718406677246
TSBD_Healthy_fea6d00053,1,0,2,0.84661585,0.010418321,0.08236012,0.037815157,8.4649255e-06,0.010127096,0,0.05475335568189621,0.1004351,0.0475967,2.63614e-06,0.009533953,0,0.09557480365037918,0.8172047,0.91458815,0.9999889,0.98033893,0,0.8496718406677246
TSBD_Healthy_f69458ce94,1,0,2,0.8482296,0.010288258,0.08068645,0.04016529,1.0785531e-05,0.010831381,0,0.05475335568189621,0.10019489,0.044538546,2.1086046e-06,0.008831384,0,0.09557480365037918,0.81911874,0.9152962,0.9999871,0.9803372,0,0.8496718406677246
TSBD_Healthy_bb30558caa,1,0,2,0.847158,0.010510167,0.07785549,0.042091608,1.321927e-05,0.011374341,0,0.05475335568189621,0.10271683,0.04236418,1.7558198e-06,0.008393934,0,0.09557480365037918,0.81942767,0.9155442,0.999985,0.98023176,0,0.8496718406677246
TSBD_Healthy_f8b382f850,1,0,2,0.84347075,0.010855064,0.074303955,0.03832229,8.932624e-06,0.009941548,0,0.05475335568189621,0.110366054,0.047211837,2.59834e-06,0.00979727,0,0.09557480365037918,0.81532997,0.9144659,0.99998844,0.98026115,0,0.8496718406677246
TSBD_Healthy_4e764a8c1f,1,1,2,0.8505643,0.0099971285,0.082500994,0.04139616,1.2117422e-05,0.011315767,0,0.05475335568189621,0.09654123,0.04314106,1.8739097e-06,0.008385123,0,0.09557480365037918,0.8209578,0.9154628,0.99998593,0.9802991,1,0.8496718406677246
TSBD_Healthy_63950b8869,1,0,2,0.85024,0.0100494465,0.087246574,0.04226139,1.3021206e-05,0.011814752,0,0.05475335568189621,0.092036635,0.04209599,1.7211572e-06,0.008017081,0,0.09557480365037918,0.8207168,0.9156427,0.99998534,0.98016816,0,0.8496718406677246
TSBD_Healthy_ea2ac521c5,1,0,2,0.81631577,0.014820199,0.06280727,0.036620393,7.3478354e-06,0.008889159,0,0.05475335568189621,0.13754685,0.048407204,2.8229886e-06,0.010951133,0,0.09557480365037918,0.79964584,0.9149724,0.99998975,0.9801597,0,0.8496718406677246
TSBD_Healthy_1402c548f4,1,1,2,0.85040945,0.01000022,0.07809949,0.038496472,8.943308e-06,0.01011647,0,0.05475335568189621,0.10124845,0.04614573,2.3355392e-06,0.009189364,0,0.09557480365037918,0.820652,0.9153578,0.9999887,0.9806942,1,0.8496718406677246
TSBD_Healthy_44b1d181ba,1,0,2,0.8463061,0.010573059,0.07337884,0.037887137,8.422529e-06,0.009720541,0,0.05475335568189621,0.10851447,0.046706926,2.4553071e-06,0.009571814,0,0.09557480365037918,0.81810665,0.91540587,0.99998903,0.9807077,0,0.8496718406677246
TSBD_Healthy_5031d03cd3,1,0,1,0.44441146,0.08080968,0.055272434,0.03556742,2.1822982e-06,0.007505813,0,0.05475335568189621,0.51079875,0.8651655,0.9997944,0.9318102,0,0.09557480365037918,0.4339288,0.0992671,0.00020335766,0.060684014,0,0.8496718406677246
TSBD_Healthy_584e036b15,1,0,2,0.84437287,0.009354245,0.0647619,0.027820332,2.5619227e-06,0.0064327954,0,0.05475335568189621,0.12939408,0.07142086,1.3260676e-05,0.017404687,0,0.09557480365037918,0.805844,0.9007588,0.99998426,0.97616255,0,0.8496718406677246
TSBD_Healthy_ceedc9841a,1,1,2,0.85067946,0.0082061095,0.07863449,0.026893727,2.3840553e-06,0.006675576,0,0.05475335568189621,0.106556855,0.0828161,2.5204394e-05,0.019738697,0,0.09557480365037918,0.8148086,0.8902901,0.99997246,0.9735857,1,0.8496718406677246
TSBD_Healthy_539b7c9614,1,0,2,0.6587982,0.04026812,0.05779572,0.035027783,6.260402e-06,0.00855451,0,0.05475335568189621,0.24022019,0.0535931,4.236097e-06,0.015773613,0,0.09557480365037918,0.70198417,0.91137916,0.9999894,0.9756719,0,0.8496718406677246
TSBD_Healthy_9405a524b8,1,1,1,0.7771929,0.017913442,0.11544996,0.057772905,5.416776e-06,0.013036471,0,0.05475335568189621,0.7520059,0.89323294,0.9999877,0.9736633,1,0.09557480365037918,0.1325442,0.048994187,6.8130985e-06,0.013300211,0,0.8496718406677246
TSBD_Healthy_84b5bbabe5,1,1,1,0.7686302,0.019757202,0.08640681,0.051910933,3.9152364e-06,0.010506013,0,0.05475335568189621,0.7526646,0.895706,0.99998677,0.9738945,1,0.09557480365037918,0.16092853,0.052383065,9.324568e-06,0.01559952,0,0.8496718406677246
TSBD_Healthy_cd1699cbb8,1,1,1,0.71207756,0.026758093,0.21633942,0.07565469,1.3068483e-05,0.022433022,0,0.05475335568189621,0.69871134,0.88248855,0.99998367,0.9681462,1,0.09557480365037918,0.084949225,0.041856762,3.3195804e-06,0.00942076,0,0.8496718406677246
TSBD_Healthy_3971c8d6d2,0,0,1,0.07737961,0.35620034,0.23130575,0.11089387,6.9639005e-05,0.073554136,0,0.05475335568189621,0.08726783,0.8441308,0.9999254,0.88417846,0,0.09557480365037918,0.6814264,0.044975374,5.01806e-06,0.0422674,0,0.8496718406677246
TSBD_Healthy_062f8eb68b,1,1,1,0.55053777,0.05925749,0.071002275,0.044573795,2.8167767e-06,0.009127812,0,0.05475335568189621,0.61314243,0.8902593,0.9999708,0.96230215,1,0.09557480365037918,0.3158553,0.06516693,2.6421843e-05,0.028570034,0,0.8496718406677246
TSBD_Healthy_64c2fd2799,1,1,2,0.8530922,0.006132326,0.067598596,0.02409909,1.5353502e-06,0.0055474904,0,0.05475335568189621,0.12340068,0.10826385,7.756431e-05,0.02950446,0,0.09557480365037918,0.80900073,0.8676371,0.99992085,0.96494806,1,0.8496718406677246
TSBD_Healthy_06ad797b28,1,0,2,0.6722693,0.005248759,0.056074303,0.02499942,5.1496613e-06,0.006596855,0,0.05475335568189621,0.32018,0.39254582,0.07113492,0.2820982,0,0.09557480365037918,0.62374574,0.58245474,0.9288599,0.71130496,0,0.8496718406677246
TSBD_Healthy_d37fadc7b5,1,0,2,0.8490362,0.010224541,0.078038506,0.04035694,1.0944362e-05,0.010755414,0,0.05475335568189621,0.101780005,0.044090036,2.0149207e-06,0.008755968,0,0.09557480365037918,0.8201815,0.91555303,0.999987,0.98048866,0,0.8496718406677246
TSBD_Healthy_23703b21e8,0,0,1,0.23357743,0.18708141,0.07941039,0.030253174,6.906317e-06,0.01166829,0,0.05475335568189621,0.12049518,0.69909257,0.960694,0.59258556,0,0.09557480365037918,0.8000945,0.2706543,0.039299093,0.3957462,0,0.8496718406677246
TSBD_Healthy_e761f95881,1,0,1,0.47306675,0.07060327,0.06057018,0.033276696,2.0030848e-06,0.007328205,0,0.05475335568189621,0.5114115,0.85006714,0.9995297,0.91661495,0,0.09557480365037918,0.42801836,0.11665613,0.0004683484,0.07605683,0,0.8496718406677246
TSBD_Healthy_049d7b0b8e,1,0,2,0.78908765,0.017647583,0.058330253,0.029781267,3.267395e-06,0.0067988606,0,0.05475335568189621,0.17022054,0.06373847,8.349061e-06,0.016804315,0,0.09557480365037918,0.77144927,0.90648025,0.99998844,0.9763968,0,0.8496718406677246
TSBD_Healthy_d0a2ad85a2,1,0,2,0.8483102,0.010133378,0.07324685,0.03438896,5.7616207e-06,0.008625051,0,0.05475335568189621,0.108793184,0.051595975,3.5934574e-06,0.0108187795,0,0.09557480365037918,0.81795996,0.9140152,0.9999907,0.9805562,0,0.8496718406677246
TSBD_Healthy_427d279e02,1,0,2,0.8491439,0.010181304,0.0816356,0.04148675,1.2398057e-05,0.0113411825,0,0.05475335568189621,0.098402426,0.04315703,1.8932302e-06,0.008463233,0,0.09557480365037918,0.81996197,0.9153563,0.9999857,0.98019564,0,0.8496718406677246
TSBD_Healthy_194fe9c226,1,0,2,0.8126784,0.015147535,0.06342117,0.03564437,6.6780626e-06,0.008662158,0,0.05475335568189621,0.14126313,0.050682675,3.3602278e-06,0.011708162,0,0.09557480365037918,0.7953157,0.913673,0.99999,0.9796297,0,0.8496718406677246
TSBD_Healthy_7fd586cd0c,1,0,2,0.82905674,0.013184839,0.0683374,0.04202536,1.2898896e-05,0.010848706,0,0.05475335568189621,0.12154005,0.042322624,1.7453045e-06,0.008923608,0,0.09557480365037918,0.8101225,0.91565204,0.99998534,0.9802277,0,0.8496718406677246
TSBD_Healthy_8a16be7271,1,0,2,0.7928067,0.01626229,0.055877045,0.027549522,2.3878722e-06,0.0060904156,0,0.05475335568189621,0.17713743,0.07300574,1.4242785e-05,0.020211566,0,0.09557480365037918,0.76698554,0.8994447,0.99998343,0.973698,0,0.8496718406677246
TSBD_Healthy_7497e074fb,1,0,2,0.81402355,0.014692862,0.06265636,0.033947036,5.3151257e-06,0.008070751,0,0.05475335568189621,0.1436867,0.054246273,4.348219e-06,0.012800804,0,0.09557480365037918,0.79365695,0.9118067,0.99999034,0.9791284,0,0.8496718406677246
TSBD_Healthy_0008f80a75,1,0,2,0.8399112,0.01106888,0.07300007,0.035134073,6.4792366e-06,0.00893297,0,0.05475335568189621,0.11650933,0.052645694,3.982718e-06,0.011450531,0,0.09557480365037918,0.8104906,0.9122203,0.9999896,0.97961646,0,0.8496718406677246
TSBD_Healthy_5ceaf1db7f,1,0,2,0.8498428,0.010028763,0.08439212,0.040090796,1.0793392e-05,0.010992588,0,0.05475335568189621,0.095772244,0.04494657,2.1724493e-06,0.008778695,0,0.09557480365037918,0.8198357,0.91496253,0.999987,0.9802287,0,0.8496718406677246
TSBD_Healthy_e4fa44cd99,1,0,2,0.84375834,0.010812161,0.07510388,0.03896562,9.576278e-06,0.010193545,0,0.05475335568189621,0.10936643,0.046641305,2.4738138e-06,0.009616726,0,0.09557480365037918,0.81552964,0.91439307,0.99998796,0.98018974,0,0.8496718406677246
TSBD_Healthy_441bde1a65,1,0,2,0.83691,0.0119404225,0.06972543,0.038922384,9.484592e-06,0.0099159945,0,0.05475335568189621,0.11733449,0.045498073,2.28929e-06,0.009604872,0,0.09557480365037918,0.8129401,0.9155795,0.9999882,0.9804791,0,0.8496718406677246
TSBD_Healthy_dbb2f8ca89,0,0,1,0.56302994,0.030161366,0.053138155,0.024772914,2.9338169e-06,0.006044624,0,0.05475335568189621,0.46869028,0.7085268,0.963014,0.7428441,0,0.09557480365037918,0.4781716,0.2667003,0.03698305,0.25111127,0,0.8496718406677246
TSBD_Healthy_9b317a63ad,0,0,1,0.45419937,0.072977595,0.052859604,0.02724542,1.6378978e-06,0.0061775884,0,0.05475335568189621,0.4471018,0.80863047,0.9973816,0.8607724,0,0.09557480365037918,0.50003856,0.16412406,0.0026166758,0.13305002,0,0.8496718406677246
TSBD_Healthy_d85abeff44,1,0,2,0.84409106,0.010906163,0.07370578,0.03847759,8.96411e-06,0.009930115,0,0.05475335568189621,0.10937765,0.045882236,2.3024197e-06,0.009403419,0,0.09557480365037918,0.8169165,0.9156402,0.9999888,0.98066646,0,0.8496718406677246
TSBD_Healthy_32490efb09,1,0,2,0.814985,0.008997385,0.055982787,0.0229841,1.2917598e-06,0.0050046686,0,0.05475335568189621,0.1881133,0.11961135,0.00012139324,0.03986217,0,0.09557480365037918,0.75590396,0.8574046,0.99987733,0.9551332,0,0.8496718406677246
TSBD_Healthy_003e47f46b,1,0,2,0.7163369,0.026585655,0.05313232,0.026252925,2.0756236e-06,0.005847886,0,0.05475335568189621,0.2416808,0.08662811,3.0364947e-05,0.029081669,0,0.09557480365037918,0.70518684,0.887119,0.9999676,0.9650705,0,0.8496718406677246
TSBD_Healthy_db7fb385bc,1,1,2,0.8535222,0.007988973,0.07537911,0.028258003,2.8035824e-06,0.006940374,0,0.05475335568189621,0.10971054,0.07651124,1.7969993e-05,0.017966425,0,0.09557480365037918,0.8149104,0.8952307,0.99997914,0.97509325,1,0.8496718406677246
TSBD_Healthy_e07653b53b,1,1,2,0.85169876,0.008856428,0.074745,0.029141942,3.1165225e-06,0.007152401,0,0.05475335568189621,0.10924747,0.067009844,1.00371435e-05,0.0150127085,0,0.09557480365037918,0.81600755,0.90384823,0.9999869,0.9778348,1,0.8496718406677246
TSBD_Healthy_372dafd03c,1,0,2,0.7114163,0.02641575,0.052155633,0.025301635,1.8586412e-06,0.0056158802,0,0.05475335568189621,0.25338793,0.095287815,4.628863e-05,0.033735976,0,0.09557480365037918,0.69445646,0.8794105,0.99995184,0.9606482,0,0.8496718406677246
TSBD_Healthy_8a4d12c896,1,0,2,0.6853383,0.035786904,0.058083374,0.037300996,7.853364e-06,0.0091425665,0,0.05475335568189621,0.2204709,0.049937673,3.154024e-06,0.0138548985,0,0.09557480365037918,0.72144574,0.91276133,0.99998903,0.97700256,0,0.8496718406677246
TSBD_Healthy_ddf26df6fc,1,0,2,0.82977873,0.010021406,0.060875144,0.027952578,2.7553833e-06,0.006461275,0,0.05475335568189621,0.15361945,0.08326609,2.5679727e-05,0.022815134,0,0.09557480365037918,0.78550535,0.88878125,0.9999716,0.97072357,0,0.8496718406677246
TSBD_Healthy_f43e3f4c5b,1,0,2,0.8474421,0.008052003,0.07932326,0.035292245,6.858976e-06,0.009385925,0,0.05475335568189621,0.11807758,0.07390712,1.6682e-05,0.017972002,0,0.09557480365037918,0.8025992,0.8908006,0.9999764,0.9726421,0,0.8496718406677246
TSBD_Healthy_b5fbb9ed8e,1,0,2,0.8496012,0.010155151,0.07840909,0.039464656,9.824769e-06,0.0104372185,0,0.05475335568189621,0.10107541,0.044799197,2.1230965e-06,0.008889755,0,0.09557480365037918,0.82051545,0.9157362,0.9999881,0.9806731,0,0.8496718406677246
TSBD_Healthy_eb36a09ca4,1,0,2,0.82604414,0.0134356925,0.066422105,0.037703868,8.2320785e-06,0.009371461,0,0.05475335568189621,0.12784666,0.04707694,2.5401323e-06,0.010294338,0,0.09557480365037918,0.80573124,0.9152192,0.9999893,0.98033416,0,0.8496718406677246
TSBD_Healthy_6b4a97bd93,1,0,2,0.85004896,0.010019977,0.07805148,0.037348617,7.995159e-06,0.009759193,0,0.05475335568189621,0.101817414,0.047515433,2.6641749e-06,0.009581146,0,0.09557480365037918,0.82013106,0.9151359,0.9999894,0.9806596,0,0.8496718406677246
TSBD_Healthy_ba33e2e4e1,1,0,2,0.83319926,0.008075307,0.062374245,0.025040433,1.8220828e-06,0.005730841,0,0.05475335568189621,0.15707001,0.10396843,6.6721426e-05,0.030871332,0,0.09557480365037918,0.7805558,0.8709911,0.99993145,0.96339786,0,0.8496718406677246
TSBD_Healthy_c2d1e8a97b,1,0,2,0.83754295,0.011291999,0.06508236,0.031929083,4.302864e-06,0.0075839288,0,0.05475335568189621,0.12683716,0.056790937,5.2782116e-06,0.012930215,0,0.09557480365037918,0.80808043,0.9112799,0.99999046,0.97948587,0,0.8496718406677246
TSBD_Healthy_acaf94d2e8,1,0,2,0.7914749,0.017587246,0.059057936,0.030901097,3.8525955e-06,0.0071608396,0,0.05475335568189621,0.16537593,0.060320567,6.6858906e-06,0.015491166,0,0.09557480365037918,0.77556616,0.9087783,0.9999895,0.977348,0,0.8496718406677246
TSBD_Healthy_4c1057862a,1,1,2,0.8551426,0.007898707,0.07372663,0.027268533,2.4582546e-06,0.006594325,0,0.05475335568189621,0.10909539,0.07651005,1.7967857e-05,0.017911565,0,0.09557480365037918,0.81717795,0.8962214,0.9999795,0.9754941,1,0.8496718406677246
TSBD_Healthy_d28eee88b2,1,0,2,0.8478135,0.010321874,0.07364572,0.03630442,7.183295e-06,0.009247862,0,0.05475335568189621,0.10774417,0.04856554,2.9084927e-06,0.010051074,0,0.09557480365037918,0.81861013,0.91513,0.99999,0.9807011,0,0.8496718406677246
TSBD_Healthy_9f799d79c9,1,0,2,0.8349988,0.0057937754,0.058416497,0.022980446,1.3841028e-06,0.005121123,0,0.05475335568189621,0.1675247,0.13234122,0.00019114777,0.04362116,0,0.09557480365037918,0.77405876,0.8446783,0.9998074,0.9512577,0,0.8496718406677246
TSBD_Healthy_0797e50b91,1,0,2,0.84694415,0.010411101,0.073927015,0.036355745,7.2425546e-06,0.009285012,0,0.05475335568189621,0.10829728,0.048764195,2.9155794e-06,0.01009652,0,0.09557480365037918,0.8177758,0.91488004,0.99998987,0.9806185,0,0.8496718406677246
TSBD_Healthy_35d58d516e,1,0,2,0.8489917,0.009771211,0.07348643,0.03224682,4.508622e-06,0.0079971105,0,0.05475335568189621,0.109938204,0.056602936,5.1547377e-06,0.012182991,0,0.09557480365037918,0.8165753,0.9111503,0.99999034,0.9798199,0,0.8496718406677246
TSBD_Healthy_3369d16a81,1,0,2,0.8041813,0.016942868,0.06405146,0.043610662,1.5065661e-05,0.011181755,0,0.05475335568189621,0.13852672,0.041128576,1.6028848e-06,0.009113654,0,0.09557480365037918,0.7974218,0.91526085,0.99998343,0.97970456,0,0.8496718406677246
TSBD_Healthy_f12cfc128f,1,0,2,0.5687575,0.05825859,0.06221312,0.040050436,1.1308236e-05,0.010766281,0,0.05475335568189621,0.28893328,0.050729718,3.792722e-06,0.016473738,0,0.09557480365037918,0.6488536,0.90921986,0.99998486,0.97276,0,0.8496718406677246
TSBD_Healthy_8cb3c49027,1,0,2,0.55408096,0.05303189,0.08736702,0.033405233,5.604912e-06,0.010083941,0,0.05475335568189621,0.3410958,0.10689702,8.95662e-05,0.047719784,0,0.09557480365037918,0.57153714,0.8596977,0.9999049,0.9421963,0,0.8496718406677246
TSBD_Healthy_0d4d34f349,1,0,2,0.81189626,0.011516625,0.061527334,0.026615953,2.363507e-06,0.0062029087,0,0.05475335568189621,0.17267592,0.09346964,4.407844e-05,0.028123822,0,0.09557480365037918,0.7657967,0.87991446,0.9999535,0.9656732,0,0.8496718406677246
TSBD_Healthy_aac43b5b94,0,0,1,0.51599526,0.0036136461,0.062194202,0.029781707,1.5103783e-05,0.008724047,0,0.05475335568189621,0.45450625,0.50340456,0.39298105,0.47718528,0,0.09557480365037918,0.4832995,0.4668137,0.6070038,0.51409066,0,0.8496718406677246
TSBD_Healthy_713f0a2197,1,0,2,0.8487908,0.009836022,0.08493195,0.03609059,7.2298135e-06,0.009721065,0,0.05475335568189621,0.0981027,0.052658774,4.0698665e-06,0.010803201,0,0.09557480365037918,0.81696534,0.91125077,0.9999887,0.97947574,0,0.8496718406677246
TSBD_Healthy_ac26bcc532,1,1,2,0.85356814,0.007392684,0.08299254,0.034085248,6.2045265e-06,0.009174502,0,0.05475335568189621,0.10630373,0.07655784,2.0507074e-05,0.018289013,0,0.09557480365037918,0.81070375,0.889357,0.9999733,0.97253644,1,0.8496718406677246
TSBD_Healthy_46f4698e93,1,0,2,0.84787375,0.010381181,0.08210613,0.041854434,1.28010315e-05,0.011484184,0,0.05475335568189621,0.09856133,0.04253749,1.7839437e-06,0.008314899,0,0.09557480365037918,0.8193325,0.915608,0.99998546,0.9802009,0,0.8496718406677246
TSBD_Healthy_ffc31af5e9,1,0,2,0.8149952,0.0150341615,0.07750609,0.042450406,1.3373179e-05,0.011520478,0,0.05475335568189621,0.1236518,0.042181283,1.760021e-06,0.009017519,0,0.09557480365037918,0.7988422,0.91536826,0.99998486,0.97946197,0,0.8496718406677246
TSBD_Healthy_ffc39b3360,1,0,2,0.777893,0.0210561,0.060523987,0.043530308,1.4979255e-05,0.011004372,0,0.05475335568189621,0.15588878,0.04115485,1.6130053e-06,0.009568376,0,0.09557480365037918,0.78358716,0.91531485,0.9999833,0.9794272,0,0.8496718406677246
TSBD_Healthy_13e3dd820d,1,0,2,0.84659475,0.010530337,0.08140892,0.042196818,1.3155709e-05,0.011560045,0,0.05475335568189621,0.10024731,0.042504855,1.7939989e-06,0.0083745755,0,0.09557480365037918,0.81834376,0.9152984,0.9999851,0.98006535,0,0.8496718406677246
TSBD_Healthy_0e7dca224f,1,0,2,0.842027,0.0110902665,0.081702486,0.039760318,1.0367936e-05,0.010764474,0,0.05475335568189621,0.103843026,0.045188397,2.2443585e-06,0.009131291,0,0.09557480365037918,0.81445456,0.91505134,0.99998736,0.9801042,0,0.8496718406677246
TSBD_Healthy_e30ffbbca2,1,0,2,0.84787965,0.010355468,0.08301133,0.04325686,1.45655795e-05,0.012006089,0,0.05475335568189621,0.097734,0.041498497,1.6306693e-06,0.008052248,0,0.09557480365037918,0.8192547,0.91524464,0.9999838,0.9799416,0,0.8496718406677246
TSBD_Healthy_33ee2c0488,1,0,2,0.7678419,0.021150734,0.07579196,0.03479323,6.3230564e-06,0.009156158,0,0.05475335568189621,0.1641889,0.055903386,5.2186933e-06,0.014296078,0,0.09557480365037918,0.76001906,0.9093034,0.99998844,0.9765478,0,0.8496718406677246
TSBD_Healthy_cf66e36f26,1,0,2,0.84966975,0.010157648,0.085156195,0.042016592,1.2925384e-05,0.011666952,0,0.05475335568189621,0.09423453,0.04208201,1.73334e-06,0.008093706,0,0.09557480365037918,0.8206093,0.91590136,0.99998534,0.98023933,0,0.8496718406677246
TSBD_Healthy_198c19a2fa,1,0,2,0.8481699,0.010383469,0.07914107,0.043118265,1.4227141e-05,0.01173044,0,0.05475335568189621,0.10058706,0.04132039,1.6281465e-06,0.0081124995,0,0.09557480365037918,0.8202718,0.9155613,0.99998415,0.9801571,0,0.8496718406677246
TSBD_Healthy_0f0af1a35d,1,0,2,0.796346,0.017384266,0.07263609,0.037664294,8.631991e-06,0.009847959,0,0.05475335568189621,0.14412118,0.049459495,3.1461266e-06,0.011563112,0,0.09557480365037918,0.78324276,0.9128762,0.9999883,0.97858894,0,0.8496718406677246
TSBD_Healthy_24a755565d,1,0,2,0.84729815,0.010160259,0.08040355,0.034735214,6.3389743e-06,0.009129449,0,0.05475335568189621,0.10298318,0.05252349,3.9492647e-06,0.010908834,0,0.09557480365037918,0.8166133,0.91274124,0.99998975,0.9799617,0,0.8496718406677246
TSBD_Healthy_00488f3c0b,1,1,1,0.8095324,0.013692813,0.094305634,0.055973332,4.6982004e-06,0.011506734,0,0.05475335568189621,0.77877706,0.895836,0.99998903,0.97584903,1,0.09557480365037918,0.12691727,0.048190676,6.2691406e-06,0.012644258,0,0.8496718406677246
TSBD_Healthy_7f10feedf0,1,1,0,0.7939396,0.019921524,0.8010713,0.9305406,0.99998164,0.9798002,1,0.05475335568189621,0.06643705,0.033613868,1.3512514e-05,0.009768944,0,0.09557480365037918,0.13249171,0.035845466,4.8491966e-06,0.010430825,0,0.8496718406677246
TSBD_Healthy_083843a5b2,1,1,0,0.84044975,0.013237965,0.829208,0.93296343,0.99997854,0.980804,1,0.05475335568189621,0.0881024,0.035214026,1.8180403e-05,0.011542543,0,0.09557480365037918,0.082689576,0.03182261,3.2698313e-06,0.007653443,0,0.8496718406677246
TSBD_Healthy_846b819a49,1,1,1,0.5448721,0.06077071,0.05758984,0.041450422,2.2421832e-06,0.007840118,0,0.05475335568189621,0.6122804,0.8908315,0.9999665,0.9616501,1,0.09557480365037918,0.3301297,0.067718126,3.122583e-05,0.03050978,0,0.8496718406677246
TSBD_Healthy_ef882f9638,1,0,2,0.83895296,0.011342411,0.08430054,0.038567204,9.414584e-06,0.010548178,0,0.05475335568189621,0.10479706,0.047806773,2.77625e-06,0.009821159,0,0.09557480365037918,0.81090236,0.913626,0.99998784,0.9796307,0,0.8496718406677246
TSBD_Healthy_f510479194,1,0,2,0.83422714,0.009100439,0.07358177,0.027996726,2.787505e-06,0.006923135,0,0.05475335568189621,0.1370898,0.08962002,3.5624882e-05,0.024186699,0,0.09557480365037918,0.7893284,0.8823833,0.9999616,0.9688902,0,0.8496718406677246
TSBD_Healthy_78ac2c01e9,1,0,2,0.6727774,0.03257621,0.056560945,0.028676318,3.3264473e-06,0.0069542388,0,0.05475335568189621,0.27663973,0.095140815,4.8419166e-05,0.03552432,0,0.09557480365037918,0.66679937,0.87618285,0.99994826,0.95752144,0,0.8496718406677246
TSBD_Healthy_aa968b53a4,1,0,2,0.83408934,0.012243603,0.07971127,0.04434531,1.6156817e-05,0.01226347,0,0.05475335568189621,0.10976275,0.041067407,1.6209822e-06,0.0083659915,0,0.09557480365037918,0.81052595,0.91458726,0.9999821,0.9793706,0,0.8496718406677246
TSBD_Healthy_d6be26c310,1,0,2,0.82621133,0.013477099,0.06700062,0.04076627,1.1253144e-05,0.010356937,0,0.05475335568189621,0.12584162,0.044317406,2.0579946e-06,0.009545508,0,0.09557480365037918,0.80715775,0.91491634,0.99998677,0.9800976,0,0.8496718406677246
TSBD_Healthy_8d0baa1858,1,0,2,0.8426354,0.010974813,0.07850961,0.038689114,9.321896e-06,0.0102668945,0,0.05475335568189621,0.106848136,0.046601146,2.4672715e-06,0.009532142,0,0.09557480365037918,0.8146423,0.91470975,0.9999882,0.98020095,0,0.8496718406677246
TSBD_Healthy_9a86700e7b,1,0,2,0.82460755,0.013770841,0.0681497,0.041986026,1.287072e-05,0.010843613,0,0.05475335568189621,0.12491928,0.04279747,1.843866e-06,0.009167449,0,0.09557480365037918,0.80693096,0.9152165,0.99998534,0.97998893,0,0.8496718406677246
TSBD_Healthy_8de20870d1,1,0,2,0.8445189,0.010904825,0.07658191,0.042530656,1.3492032e-05,0.011414126,0,0.05475335568189621,0.10526738,0.04184048,1.6795645e-06,0.008348869,0,0.09557480365037918,0.81815076,0.91562885,0.99998486,0.980237,0,0.8496718406677246
TSBD_Healthy_2125dc16c6,1,0,2,0.8060621,0.014974626,0.06078461,0.031216653,4.0275195e-06,0.0073192483,0,0.05475335568189621,0.1581862,0.064068384,8.78329e-06,0.016522944,0,0.09557480365037918,0.78102916,0.904715,0.9999871,0.9761578,0,0.8496718406677246
TSBD_Healthy_f1a3293d1d,1,0,2,0.79533714,0.018037433,0.061868455,0.03820924,8.661789e-06,0.009355852,0,0.05475335568189621,0.14966978,0.046520673,2.47023e-06,0.010835697,0,0.09557480365037918,0.78846174,0.9152701,0.9999888,0.97980845,0,0.8496718406677246
TSBD_Healthy_db02ad0e48,1,0,2,0.7968361,0.017939607,0.061452255,0.039458103,9.949874e-06,0.0097247055,0,0.05475335568189621,0.14755034,0.04483067,2.1488418e-06,0.010300121,0,0.09557480365037918,0.79099745,0.9157112,0.99998796,0.9799752,0,0.8496718406677246
TSBD_Healthy_6e62793bdf,1,0,2,0.8444903,0.010904012,0.07335751,0.04033961,1.0548599e-05,0.010456398,0,0.05475335568189621,0.10868489,0.043925717,1.9602885e-06,0.008904406,0,0.09557480365037918,0.8179576,0.9157346,0.9999876,0.9806392,0,0.8496718406677246
TSBD_Healthy_097e8db62c,1,0,2,0.83509886,0.012263995,0.07120372,0.041816805,1.2656772e-05,0.010927003,0,0.05475335568189621,0.115886845,0.042592417,1.7889358e-06,0.00883452,0,0.09557480365037918,0.8129095,0.91559076,0.9999856,0.98023844,0,0.8496718406677246
TSBD_Healthy_9a88507804,1,0,2,0.77539,0.021273352,0.0607081,0.041156378,1.19463875e-05,0.010285434,0,0.05475335568189621,0.1597618,0.043652765,1.9456802e-06,0.010308075,0,0.09557480365037918,0.7795301,0.9151908,0.9999862,0.9794065,0,0.8496718406677246
TSBD_Healthy_d3268932b8,1,0,2,0.61413765,0.04990594,0.05311151,0.038527228,8.874211e-06,0.009362047,0,0.05475335568189621,0.26016837,0.04630733,2.4145356e-06,0.01367041,0,0.09557480365037918,0.6867201,0.9151655,0.9999888,0.9769676,0,0.8496718406677246
TSBD_Healthy_7ef69613b9,1,0,2,0.8478803,0.010377425,0.08305578,0.04027742,1.0775231e-05,0.010951697,0,0.05475335568189621,0.09779892,0.043954685,2.004644e-06,0.008616194,0,0.09557480365037918,0.81914526,0.9157679,0.99998724,0.9804321,0,0.8496718406677246
TSBD_Healthy_ddc759b323,1,0,2,0.7692867,0.022131147,0.059298787,0.038923305,9.391291e-06,0.009502538,0,0.05475335568189621,0.1662581,0.0458916,2.3223718e-06,0.011101315,0,0.09557480365037918,0.7744431,0.91518503,0.9999883,0.97939616,0,0.8496718406677246
TSBD_Healthy_cb4b1d8b67,1,0,2,0.7291622,0.028438928,0.057984084,0.037460506,8.270121e-06,0.0091345385,0,0.05475335568189621,0.19305538,0.04835124,2.8674417e-06,0.012629579,0,0.09557480365037918,0.7489605,0.91418827,0.9999889,0.9782359,0,0.8496718406677246
TSBD_Healthy_886fdcfd30,1,1,0,0.77362454,0.023020592,0.78851247,0.93056107,0.9999807,0.9791865,1,0.05475335568189621,0.07302615,0.034593355,1.4934798e-05,0.0104870405,0,0.09557480365037918,0.13846146,0.034845576,4.43984e-06,0.010326518,0,0.8496718406677246
TSBD_Healthy_784f1bc940,1,0,2,0.84749067,0.010456532,0.0793781,0.041414913,1.2105918e-05,0.011171202,0,0.05475335568189621,0.101255484,0.04287715,1.8170822e-06,0.008455856,0,0.09557480365037918,0.81936634,0.91570795,0.99998605,0.98037297,0,0.8496718406677246
TSBD_Healthy_ba996de886,1,0,2,0.8390448,0.011655875,0.074176386,0.04044063,1.1106283e-05,0.010631211,0,0.05475335568189621,0.111501426,0.043746915,1.9606127e-06,0.008979678,0,0.09557480365037918,0.8143222,0.9158124,0.999987,0.9803891,0,0.8496718406677246
TSBD_Healthy_619dcca295,1,0,2,0.8139523,0.015328839,0.06719501,0.040751737,1.1348912e-05,0.010410055,0,0.05475335568189621,0.13254443,0.043627076,1.957104e-06,0.009580053,0,0.09557480365037918,0.80026054,0.9156213,0.99998677,0.98000985,0,0.8496718406677246
TSBD_Healthy_e5fac835da,1,0,2,0.8281532,0.01240592,0.06266856,0.031029345,3.8025096e-06,0.0072330115,0,0.05475335568189621,0.13712578,0.059284963,6.206346e-06,0.014041833,0,0.09557480365037918,0.8002056,0.9096857,0.99999,0.9787252,0,0.8496718406677246
TSBD_Healthy_7b8508b66d,1,0,2,0.78945756,0.01861943,0.07182617,0.037313048,7.979769e-06,0.009623754,0,0.05475335568189621,0.1474153,0.048151374,2.8121312e-06,0.011268888,0,0.09557480365037918,0.78075856,0.9145356,0.99998915,0.9791073,0,0.8496718406677246
TSBD_Healthy_1bf9b6920f,1,0,2,0.84167004,0.011107495,0.08756415,0.041708425,1.2873306e-05,0.011765848,0,0.05475335568189621,0.09852531,0.043475196,1.9714273e-06,0.008583744,0,0.09557480365037918,0.81391054,0.91481644,0.9999851,0.9796504,0,0.8496718406677246
TSBD_Healthy_c2dd44b1c5,1,0,2,0.8168802,0.0146457115,0.06902292,0.03856822,9.583568e-06,0.009917482,0,0.05475335568189621,0.13200182,0.046985827,2.5988736e-06,0.0104758665,0,0.09557480365037918,0.7989753,0.914446,0.99998784,0.9796066,0,0.8496718406677246
TSBD_Healthy_6941b60386,1,0,2,0.8106206,0.014843209,0.06768052,0.031812448,4.4920343e-06,0.0078048855,0,0.05475335568189621,0.14432985,0.058560453,6.1245023e-06,0.014244851,0,0.09557480365037918,0.7879896,0.90962714,0.9999894,0.9779503,0,0.8496718406677246
TSBD_Healthy_905510a905,1,0,2,0.83840585,0.011743689,0.07366726,0.04102089,1.1700567e-05,0.010786857,0,0.05475335568189621,0.11226492,0.043364856,1.9102945e-06,0.008920163,0,0.09557480365037918,0.8140679,0.91561425,0.9999864,0.980293,0,0.8496718406677246
TSBD_Healthy_9731a208b9,1,0,2,0.84151644,0.01112758,0.072412476,0.037957475,8.685925e-06,0.009759945,0,0.05475335568189621,0.1134687,0.047597058,2.7036815e-06,0.0100132385,0,0.09557480365037918,0.81411886,0.91444546,0.99998856,0.9802269,0,0.8496718406677246
TSBD_Healthy_0dca3c0bc2,1,1,1,0.6523542,0.03745103,0.08668385,0.04625915,3.6302465e-06,0.0102036735,0,0.05475335568189621,0.6644925,0.8836374,0.9999579,0.9612653,1,0.09557480365037918,0.24882364,0.070103385,3.846822e-05,0.028531004,0,0.8496718406677246
TSBD_Healthy_12ac808983,1,0,2,0.6968674,0.031391203,0.090279825,0.044200536,1.7178174e-05,0.013567848,0,0.05475335568189621,0.20371437,0.057723965,6.2537347e-06,0.016619267,0,0.09557480365037918,0.7060058,0.8980755,0.99997663,0.96981287,0,0.8496718406677246
TSBD_Healthy_511fba2ceb,1,0,2,0.8158636,0.014792876,0.06671835,0.037726045,8.62389e-06,0.0095046,0,0.05475335568189621,0.1348952,0.047879264,2.7532003e-06,0.010773371,0,0.09557480365037918,0.7983865,0.9143946,0.9999887,0.979722,0,0.8496718406677246
TSBD_Healthy_549679688a,1,0,2,0.8493809,0.010211851,0.079709575,0.042351395,1.3164321e-05,0.011483889,0,0.05475335568189621,0.09943379,0.041964665,1.6903363e-06,0.008196324,0,0.09557480365037918,0.82085663,0.9156839,0.9999852,0.9803198,0,0.8496718406677246
TSBD_Healthy_708f7d8e32,1,0,2,0.8503425,0.0100947535,0.07959055,0.042526096,1.352558e-05,0.011557175,0,0.05475335568189621,0.098757945,0.04171191,1.6661254e-06,0.008127985,0,0.09557480365037918,0.82165146,0.9157619,0.99998486,0.9803149,0,0.8496718406677246
TSBD_Healthy_30a7ad7ba3,1,0,2,0.8451059,0.01082524,0.07505069,0.041871455,1.2689731e-05,0.011116321,0,0.05475335568189621,0.10639021,0.04250597,1.7973699e-06,0.008554191,0,0.09557480365037918,0.81855905,0.9156226,0.9999856,0.9803295,0,0.8496718406677246
TSBD_Healthy_dad4aa07c4,1,0,2,0.84748554,0.010492579,0.077873774,0.042216495,1.31145225e-05,0.011369893,0,0.05475335568189621,0.102234684,0.04201795,1.7155868e-06,0.008308826,0,0.09557480365037918,0.8198916,0.9157656,0.9999852,0.98032135,0,0.8496718406677246
TSBD_Healthy_8eff6e388b,1,0,2,0.80986035,0.016052278,0.06284401,0.040646683,1.1319825e-05,0.010155589,0,0.05475335568189621,0.13766462,0.043447927,1.94107e-06,0.009677555,0,0.09557480365037918,0.79949147,0.9159055,0.99998677,0.98016685,0,0.8496718406677246
TSBD_Healthy_fec7f36a5c,1,0,2,0.7139396,0.03142134,0.05894093,0.04101702,1.1442526e-05,0.010226789,0,0.05475335568189621,0.19588692,0.04348802,1.9402962e-06,0.011209779,0,0.09557480365037918,0.74517214,0.915495,0.99998665,0.9785635,0,0.8496718406677246
TSBD_Healthy_1cf19a1878,1,0,2,0.8395797,0.011610673,0.07342344,0.041373998,1.2226736e-05,0.01090583,0,0.05475335568189621,0.11138666,0.04286503,1.834027e-06,0.00877296,0,0.09557480365037918,0.81518996,0.91576093,0.99998593,0.9803213,0,0.8496718406677246
TSBD_Healthy_0fbc0f2310,1,0,2,0.84707505,0.010523184,0.08038498,0.04345069,1.4867707e-05,0.01194314,0,0.05475335568189621,0.10019929,0.0410213,1.5827914e-06,0.00803159,0,0.09557480365037918,0.81941575,0.91552806,0.99998355,0.98002523,0,0.8496718406677246
TSBD_Healthy_24a6f36a78,1,0,2,0.83403325,0.012378158,0.06944982,0.039499152,1.0008105e-05,0.0100812595,0,0.05475335568189621,0.119006604,0.044788964,2.0995121e-06,0.009425308,0,0.09557480365037918,0.8115435,0.91571194,0.99998784,0.9804934,0,0.8496718406677246
TSBD_Healthy_7bca399e6d,1,0,2,0.8295013,0.013046832,0.06973803,0.041011162,1.1614806e-05,0.010586686,0,0.05475335568189621,0.120996766,0.043423314,1.9118786e-06,0.009182805,0,0.09557480365037918,0.80926526,0.9155655,0.9999865,0.9802305,0,0.8496718406677246
TSBD_Healthy_06733b9af0,1,0,2,0.8398675,0.011632858,0.07126399,0.04209356,1.27955645e-05,0.010971377,0,0.05475335568189621,0.112403795,0.04207989,1.7072782e-06,0.008600337,0,0.09557480365037918,0.81633216,0.9158266,0.9999856,0.9804283,0,0.8496718406677246
TSBD_Healthy_2e5b036845,1,0,2,0.6811587,0.033641174,0.052036554,0.026736911,2.1620763e-06,0.005934951,0,0.05475335568189621,0.25614703,0.077966735,1.9211382e-05,0.025976302,0,0.09557480365037918,0.69181645,0.89529645,0.99997866,0.96808875,0,0.8496718406677246
TSBD_Healthy_363f51fde7,1,0,2,0.66033036,0.0041547744,0.05661812,0.027590062,7.131548e-06,0.007588451,0,0.05475335568189621,0.40407902,0.36334193,0.047475018,0.28011826,0,0.09557480365037918,0.5393029,0.60906804,0.9525178,0.7122933,0,0.8496718406677246
TSBD_Healthy_c6ac85b839,1,0,2,0.75038373,0.023978164,0.056673042,0.031007864,3.930529e-06,0.007170326,0,0.05475335568189621,0.19248918,0.059957635,6.7251094e-06,0.016478466,0,0.09557480365037918,0.75083774,0.90903443,0.9999894,0.9763512,0,0.8496718406677246
TSBD_Healthy_ddbacc20a2,1,0,2,0.84604526,0.0107008545,0.07649126,0.042274326,1.3062198e-05,0.011300784,0,0.05475335568189621,0.10434735,0.042002495,1.7005113e-06,0.008355353,0,0.09557480365037918,0.8191614,0.91572315,0.9999852,0.9803439,0,0.8496718406677246
TSBD_Healthy_8643328d51,1,0,2,0.80077654,0.017497722,0.062784664,0.042985126,1.4026221e-05,0.010883006,0,0.05475335568189621,0.14141645,0.041383248,1.6245498e-06,0.009236587,0,0.09557480365037918,0.7957989,0.91563153,0.99998426,0.9798804,0,0.8496718406677246
TSBD_Healthy_006fc27c69,1,0,2,0.849332,0.010203113,0.081622496,0.043006286,1.4135677e-05,0.011826382,0,0.05475335568189621,0.09771641,0.04140922,1.6299641e-06,0.008038653,0,0.09557480365037918,0.8206612,0.9155845,0.99998415,0.980135,0,0.8496718406677246
TSBD_Healthy_33406626c7,1,0,2,0.814245,0.015244834,0.06505604,0.039591536,1.0163209e-05,0.009941042,0,0.05475335568189621,0.13493098,0.04505585,2.1843548e-06,0.010001054,0,0.09557480365037918,0.80001295,0.9153527,0.9999877,0.9800579,0,0.8496718406677246
TSBD_Healthy_b06da16348,1,0,2,0.84788257,0.010400038,0.08073636,0.043531235,1.484416e-05,0.0119660515,0,0.05475335568189621,0.09943099,0.04104404,1.5796969e-06,0.008007837,0,0.09557480365037918,0.8198326,0.9154247,0.99998355,0.9800261,0,0.8496718406677246
TSBD_Healthy_06f251fee4,1,0,2,0.84396183,0.010948773,0.078552544,0.043231282,1.460979e-05,0.0117890425,0,0.05475335568189621,0.103982724,0.041378215,1.6308901e-06,0.008224377,0,0.09557480365037918,0.81746465,0.9153905,0.99998367,0.9799866,0,0.8496718406677246
TSBD_Healthy_4ac4f94767,1,0,2,0.8496549,0.010111901,0.08866079,0.04261587,1.3675228e-05,0.012045239,0,0.05475335568189621,0.091172256,0.041874506,1.6969267e-06,0.007950185,0,0.09557480365037918,0.820167,0.9155095,0.9999846,0.9800046,0,0.8496718406677246
TSBD_Healthy_e7cd92f08f,1,0,2,0.8490369,0.010271844,0.07880478,0.043038838,1.4185305e-05,0.011693543,0,0.05475335568189621,0.10027602,0.041360315,1.618832e-06,0.008095988,0,0.09557480365037918,0.8209192,0.9156008,0.99998415,0.9802105,0,0.8496718406677246
TSBD_Healthy_1597a65755,1,0,2,0.8451295,0.010835074,0.07581003,0.042557735,1.345133e-05,0.011367704,0,0.05475335568189621,0.10543646,0.041779753,1.6669775e-06,0.0083337845,0,0.09557480365037918,0.81875354,0.91566247,0.99998486,0.9802985,0,0.8496718406677246
TSBD_Healthy_a8ea0e137d,1,0,2,0.83702296,0.011958119,0.07478174,0.04354321,1.4793075e-05,0.011672662,0,0.05475335568189621,0.11137731,0.041192476,1.5996326e-06,0.008388162,0,0.09557480365037918,0.81384087,0.9152644,0.99998367,0.97993916,0,0.8496718406677246
TSBD_Healthy_fafc24f635,1,0,2,0.8482566,0.010371703,0.07936181,0.042370766,1.3203006e-05,0.011478281,0,0.05475335568189621,0.10045274,0.041907296,1.6872002e-06,0.0082195625,0,0.09557480365037918,0.8201854,0.9157219,0.9999851,0.98030216,0,0.8496718406677246
TSBD_Healthy_7c877797f5,1,0,2,0.8469615,0.0105345985,0.08055739,0.043312464,1.4643897e-05,0.011899741,0,0.05475335568189621,0.10017467,0.041153513,1.5976187e-06,0.008058174,0,0.09557480365037918,0.8192679,0.915534,0.9999838,0.9800421,0,0.8496718406677246
TSBD_Healthy_d249c82c7a,1,1,2,0.85060525,0.010018556,0.08318424,0.04354443,1.47528945e-05,0.012070436,0,0.05475335568189621,0.095416136,0.04095864,1.5709355e-06,0.007871697,0,0.09557480365037918,0.82139957,0.91549695,0.99998367,0.98005784,1,0.8496718406677246
TSBD_Healthy_1dafd9bcec,1,0,2,0.8291445,0.013208916,0.06770112,0.042470936,1.3515497e-05,0.010963425,0,0.05475335568189621,0.12156715,0.04183327,1.6881173e-06,0.008816192,0,0.09557480365037918,0.81073165,0.91569585,0.99998486,0.98022044,0,0.8496718406677246
TSBD_Healthy_727f8ba7d1,1,0,2,0.8405325,0.011508135,0.07383109,0.043339532,1.4598832e-05,0.011552955,0,0.05475335568189621,0.10967614,0.04112229,1.5882565e-06,0.008315835,0,0.09557480365037918,0.8164928,0.91553813,0.9999839,0.9801312,0,0.8496718406677246
TSBD_Healthy_578fae46e9,1,0,2,0.8156309,0.015166549,0.06558675,0.04154679,1.2281743e-05,0.010568006,0,0.05475335568189621,0.13189678,0.042721912,1.8311624e-06,0.009339717,0,0.09557480365037918,0.8025165,0.9157313,0.99998593,0.9800923,0,0.8496718406677246
TSBD_Healthy_d1980c5cf7,1,0,2,0.84712625,0.010555066,0.076479845,0.043276165,1.4477187e-05,0.0116520515,0,0.05475335568189621,0.10341722,0.041213885,1.5965059e-06,0.008151237,0,0.09557480365037918,0.820103,0.91550994,0.999984,0.9801968,0,0.8496718406677246
TSBD_Healthy_5f95d3f8a2,1,0,2,0.8465804,0.010481387,0.092383906,0.043627672,1.5187684e-05,0.012621888,0,0.05475335568189621,0.089980796,0.041221965,1.625309e-06,0.0077968966,0,0.09557480365037918,0.81763524,0.9151504,0.9999832,0.97958124,0,0.8496718406677246
TSBD_Healthy_ef7cbd4127,1,0,2,0.8068086,0.01644381,0.064359106,0.041225217,1.20465265e-05,0.010445328,0,0.05475335568189621,0.13856208,0.04330201,1.910598e-06,0.009663864,0,0.09557480365037918,0.7970789,0.9154727,0.99998605,0.9798908,0,0.8496718406677246
TSBD_Healthy_63b700da46,1,0,2,0.81819063,0.014723033,0.06718283,0.04089796,1.1388918e-05,0.010422142,0,0.05475335568189621,0.12981284,0.043442555,1.9195793e-06,0.009445364,0,0.09557480365037918,0.8030044,0.91565955,0.99998665,0.98013246,0,0.8496718406677246
TSBD_Healthy_076f98de26,1,0,2,0.8491383,0.010251179,0.078656785,0.042252317,1.3111259e-05,0.0114098005,0,0.05475335568189621,0.10053522,0.042073898,1.7058063e-06,0.008253,0,0.09557480365037918,0.82080793,0.91567373,0.9999852,0.98033726,0,0.8496718406677246
TSBD_Healthy_e3f6aa3d79,1,0,2,0.8497741,0.010140096,0.08153448,0.04388502,1.5438625e-05,0.0121392915,0,0.05475335568189621,0.097388856,0.040716924,1.5444598e-06,0.007881196,0,0.09557480365037918,0.82107663,0.91539806,0.99998295,0.9799795,0,0.8496718406677246
TSBD_Healthy_da00d5de9a,1,0,2,0.8498715,0.010126469,0.08180211,0.042946268,1.4000778e-05,0.011804305,0,0.05475335568189621,0.097219884,0.041481823,1.6236316e-06,0.008023686,0,0.09557480365037918,0.820978,0.9155719,0.9999844,0.980172,0,0.8496718406677246
TSBD_Healthy_1fc6860580,1,0,2,0.8464362,0.010622418,0.07608607,0.041591026,1.2323182e-05,0.011068949,0,0.05475335568189621,0.10479533,0.042806204,1.8167112e-06,0.008552837,0,0.09557480365037918,0.81911856,0.9156028,0.99998593,0.9803782,0,0.8496718406677246
TSBD_Healthy_93437b01b9,1,0,2,0.8481201,0.010370975,0.07996978,0.04320904,1.4486354e-05,0.011827799,0,0.05475335568189621,0.10000431,0.04134505,1.6424327e-06,0.008112863,0,0.09557480365037918,0.82002586,0.9154459,0.9999838,0.9800594,0,0.8496718406677246
TSBD_Healthy_d7b2fef984,1,0,2,0.848577,0.010334557,0.07809092,0.043475736,1.4890753e-05,0.011824168,0,0.05475335568189621,0.101149306,0.04108484,1.5913581e-06,0.008068883,0,0.09557480365037918,0.8207598,0.9154394,0.99998355,0.98010695,0,0.8496718406677246
TSBD_Healthy_6499b6d7a1,1,0,2,0.48109373,0.08056323,0.05196124,0.040577084,1.1169991e-05,0.010361242,0,0.05475335568189621,0.33895737,0.043660253,1.9721338e-06,0.014593652,0,0.09557480365037918,0.60908145,0.9157626,0.99998677,0.97504514,0,0.8496718406677246
TSBD_Healthy_b2c3637e41,1,0,2,0.8297523,0.013019373,0.072935395,0.042738564,1.3716684e-05,0.01132187,0,0.05475335568189621,0.11749863,0.041706044,1.6863662e-06,0.008700865,0,0.09557480365037918,0.809566,0.9155554,0.9999846,0.9799773,0,0.8496718406677246
TSBD_Healthy_ca0105e4b8,1,0,2,0.8501709,0.010062779,0.08587633,0.043200124,1.4348659e-05,0.012097142,0,0.05475335568189621,0.09331839,0.04123371,1.6081424e-06,0.007872514,0,0.09557480365037918,0.8208053,0.9155661,0.99998415,0.98003036,0,0.8496718406677246
TSBD_Healthy_efb3b53d28,0,0,2,0.29442975,0.14137268,0.071275644,0.040387873,1.1565805e-05,0.012792281,0,0.05475335568189621,0.4733402,0.048177753,3.0202991e-06,0.020538658,0,0.09557480365037918,0.45538417,0.9114343,0.99998546,0.9666691,0,0.8496718406677246
TSBD_Healthy_b6298539e0,1,0,2,0.8502499,0.010061972,0.08366233,0.04341118,1.4673463e-05,0.012066239,0,0.05475335568189621,0.095264174,0.04108105,1.5960823e-06,0.007903771,0,0.09557480365037918,0.8210735,0.91550773,0.9999838,0.98003,0,0.8496718406677246
TSBD_Healthy_32b15941da,1,0,2,0.76129925,0.022332722,0.05929448,0.03309401,5.151606e-06,0.007893384,0,0.05475335568189621,0.18226087,0.057565503,5.588188e-06,0.015247633,0,0.09557480365037918,0.7584447,0.9093405,0.9999893,0.976859,0,0.8496718406677246
TSBD_Healthy_0d4ffdc7b0,1,0,2,0.66008747,0.038610853,0.054210883,0.028482998,2.8069787e-06,0.006532798,0,0.05475335568189621,0.25686094,0.06785491,1.0813001e-05,0.021794787,0,0.09557480365037918,0.6889282,0.903662,0.9999863,0.9716724,0,0.8496718406677246
TSBD_Healthy_b36f28e306,1,0,2,0.8466882,0.010472846,0.09003916,0.04271728,1.39000385e-05,0.012174496,0,0.05475335568189621,0.09219858,0.042081952,1.7453825e-06,0.008051932,0,0.09557480365037918,0.8177623,0.9152007,0.99998426,0.9797736,0,0.8496718406677246
TSBD_Healthy_68a56d28bf,1,0,2,0.8145616,0.015260929,0.06743137,0.04163462,1.2469036e-05,0.01071983,0,0.05475335568189621,0.13150175,0.042853236,1.8293938e-06,0.009346418,0,0.09557480365037918,0.8010668,0.91551214,0.9999857,0.9799338,0,0.8496718406677246
TSBD_Healthy_b7798ab5f8,1,0,2,0.8374803,0.011961564,0.07118557,0.04170594,1.2438099e-05,0.0108668385,0,0.05475335568189621,0.11414184,0.042403415,1.7689916e-06,0.008743942,0,0.09557480365037918,0.8146726,0.9158907,0.9999858,0.9803893,0,0.8496718406677246
TSBD_Healthy_2a0f79d223,1,0,2,0.8314278,0.012759955,0.07191847,0.041204575,1.1922612e-05,0.010775047,0,0.05475335568189621,0.11793271,0.043109555,1.8842412e-06,0.009040298,0,0.09557480365037918,0.8101488,0.91568583,0.9999862,0.9801847,0,0.8496718406677246
TSBD_Healthy_8fc6471a64,1,0,2,0.8384139,0.011774645,0.07471559,0.043358374,1.4685726e-05,0.0116249425,0,0.05475335568189621,0.11049902,0.041237924,1.6124216e-06,0.008378952,0,0.09557480365037918,0.81478536,0.91540366,0.99998367,0.9799961,0,0.8496718406677246
TSBD_Healthy_78bf1afa4b,1,0,2,0.7918381,0.017938893,0.062291667,0.03486199,6.2029458e-06,0.008453215,0,0.05475335568189621,0.15789542,0.05367594,4.3618334e-06,0.013248209,0,0.09557480365037918,0.779813,0.911462,0.9999894,0.97829854,0,0.8496718406677246
TSBD_Healthy_d63c012f3e,1,0,2,0.8465569,0.010514276,0.08514456,0.042391274,1.34051015e-05,0.011812178,0,0.05475335568189621,0.09688109,0.042313546,1.7644998e-06,0.008231337,0,0.09557480365037918,0.8179743,0.9152952,0.99998486,0.97995657,0,0.8496718406677246
TSBD_Healthy_05ab09d318,1,1,2,0.8504407,0.010051409,0.081960045,0.042679746,1.3672281e-05,0.011721846,0,0.05475335568189621,0.09670345,0.041683614,1.6572303e-06,0.008058105,0,0.09557480365037918,0.8213365,0.91563654,0.9999846,0.9802201,1,0.8496718406677246
TSBD_Healthy_18405215f8,1,1,2,0.850959,0.009949819,0.085873276,0.043714337,1.52065695e-05,0.012300251,0,0.05475335568189621,0.09278239,0.040843204,1.5608755e-06,0.0077744047,0,0.09557480365037918,0.8213443,0.9154424,0.9999832,0.97992533,1,0.8496718406677246
TSBD_Healthy_fe721e6a35,1,0,2,0.8494648,0.010157144,0.084390536,0.042588633,1.3596943e-05,0.011822243,0,0.05475335568189621,0.095291026,0.04185705,1.6862539e-06,0.008062604,0,0.09557480365037918,0.8203184,0.9155543,0.99998474,0.9801151,0,0.8496718406677246
TSBD_Healthy_8a0b6768d9,1,0,2,0.77495235,0.021419697,0.059474703,0.040356733,1.0842108e-05,0.009925622,0,0.05475335568189621,0.16063501,0.043747313,1.9717133e-06,0.010363287,0,0.09557480365037918,0.77989036,0.9158959,0.9999871,0.97971106,0,0.8496718406677246
TSBD_Healthy_fdb9e6ae23,1,0,2,0.849195,0.010249284,0.07798842,0.04199071,1.2749885e-05,0.011280734,0,0.05475335568189621,0.10110854,0.04229301,1.7453315e-06,0.008326814,0,0.09557480365037918,0.82090306,0.91571623,0.99998546,0.98039246,0,0.8496718406677246
TSBD_Healthy_4c66cb7f58,1,0,2,0.7584789,0.02419906,0.05777756,0.04296383,1.4230263e-05,0.010700623,0,0.05475335568189621,0.16888048,0.041540917,1.6502491e-06,0.00997083,0,0.09557480365037918,0.77334195,0.9154953,0.99998415,0.9793286,0,0.8496718406677246
TSBD_Healthy_f5058ddf56,1,0,2,0.7971238,0.015742227,0.061067224,0.02945457,3.328846e-06,0.006907893,0,0.05475335568189621,0.16824846,0.07013031,1.2334086e-05,0.018910253,0,0.09557480365037918,0.7706843,0.90041506,0.9999844,0.97418183,0,0.8496718406677246
TSBD_Healthy_69e2554f5f,1,0,2,0.8355449,0.01201396,0.067145415,0.035941157,6.9230264e-06,0.008876515,0,0.05475335568189621,0.12213755,0.049111146,2.9706644e-06,0.010634328,0,0.09557480365037918,0.810717,0.9149477,0.9999901,0.98048913,0,0.8496718406677246
TSBD_Healthy_d4f8817d0f,1,0,2,0.83888686,0.011762054,0.07240684,0.042664967,1.3735063e-05,0.011259973,0,0.05475335568189621,0.1119446,0.041583315,1.6456733e-06,0.008481049,0,0.09557480365037918,0.81564856,0.9157517,0.9999846,0.980259,0,0.8496718406677246
TSBD_Healthy_75d585858d,1,0,2,0.84882194,0.010295262,0.07738249,0.040641665,1.1078577e-05,0.010782241,0,0.05475335568189621,0.10216601,0.04350469,1.9128624e-06,0.008623539,0,0.09557480365037918,0.8204515,0.91585356,0.999987,0.9805942,0,0.8496718406677246
TSBD_Healthy_cb3a9d790a,1,0,2,0.8031361,0.016988466,0.062188752,0.03999528,1.0447012e-05,0.009905928,0,0.05475335568189621,0.14303736,0.044439457,2.0798082e-06,0.0100670345,0,0.09557480365037918,0.7947739,0.9155653,0.9999875,0.980027,0,0.8496718406677246
TSBD_Healthy_2c254df731,1,0,2,0.84435606,0.010811687,0.08393588,0.041167513,1.218174e-05,0.011387594,0,0.05475335568189621,0.09966956,0.043472156,1.9406632e-06,0.008583037,0,0.09557480365037918,0.8163945,0.9153603,0.99998593,0.9800294,0,0.8496718406677246
TSBD_Healthy_4e4bdff12a,1,0,2,0.76557493,0.022252299,0.05925002,0.034038123,5.601032e-06,0.008094354,0,0.05475335568189621,0.17429201,0.05235383,3.8290477e-06,0.013282976,0,0.09557480365037918,0.766458,0.913608,0.9999906,0.97862273,0,0.8496718406677246
TSBD_WSSV_ffd2411af1,1,0,2,0.83497787,0.012238036,0.072347745,0.041545153,1.2311928e-05,0.010898684,0,0.05475335568189621,0.115396455,0.043000937,1.8547273e-06,0.008926154,0,0.09557480365037918,0.81225586,0.9154539,0.9999858,0.98017514,0,0.8496718406677246
TSBD_WSSV_c6b9dfd6bd,1,0,2,0.847727,0.010341508,0.0834437,0.042118046,1.3147179e-05,0.011647287,0,0.05475335568189621,0.09784389,0.042782392,1.8487146e-06,0.008377022,0,0.09557480365037918,0.8187125,0.91509956,0.999985,0.9799757,0,0.8496718406677246
TSBD_WSSV_258e8224d8,1,1,2,0.85065365,0.009995133,0.08276282,0.042933445,1.4203945e-05,0.011883693,0,0.05475335568189621,0.09599377,0.04166864,1.6669763e-06,0.008045527,0,0.09557480365037918,0.8212434,0.9153979,0.99998415,0.9800708,1,0.8496718406677246
TSBD_WSSV_7759b4323e,1,0,2,0.82176495,0.013461859,0.06680161,0.038266245,9.103261e-06,0.009682567,0,0.05475335568189621,0.13505933,0.05161508,3.7807808e-06,0.011889345,0,0.09557480365037918,0.79813904,0.91011864,0.9999871,0.9784281,0,0.8496718406677246
TSBD_WSSV_20ac0fab2b,1,0,2,0.7600018,0.023215204,0.15620513,0.040939692,1.2282858e-05,0.014435823,0,0.05475335568189621,0.07833564,0.046686314,2.6315283e-06,0.00883865,0,0.09557480365037918,0.76545924,0.9123741,0.9999851,0.9767255,0,0.8496718406677246
TSBD_WSSV_73ccea8db5,1,0,2,0.8464046,0.01004845,0.08274538,0.039275296,1.0100495e-05,0.010708592,0,0.05475335568189621,0.10326642,0.04996957,3.40365e-06,0.010375091,0,0.09557480365037918,0.81398815,0.91075516,0.9999864,0.9789163,0,0.8496718406677246
TSBD_WSSV_2ca61b4065,1,1,1,0.7977226,0.0144026335,0.10981996,0.05683518,6.0570123e-06,0.012949782,0,0.05475335568189621,0.76189524,0.8887254,0.9999826,0.9718559,1,0.09557480365037918,0.12828478,0.054439403,1.13065935e-05,0.015194389,0,0.8496718406677246
TSBD_WSSV_0168d43459,1,0,2,0.7899952,0.017315377,0.097365975,0.059055828,5.199714e-05,0.019196909,0,0.05475335568189621,0.12919132,0.039647456,1.5874884e-06,0.008816478,0,0.09557480365037918,0.7734427,0.9012968,0.9999465,0.9719866,0,0.8496718406677246
TSBD_WSSV_a270f6228b,0,0,0,0.17380099,0.20969036,0.20366175,0.7877301,0.9782072,0.75715864,0,0.05475335568189621,0.34479868,0.1752269,0.02178016,0.21626839,0,0.09557480365037918,0.45153955,0.03704297,1.25554625e-05,0.02657298,0,0.8496718406677246
TSBD_WSSV_3868efcb84,1,0,2,0.68608326,0.034513712,0.062617935,0.062323336,6.583684e-05,0.018125148,0,0.05475335568189621,0.21540968,0.04555935,2.7905703e-06,0.012891151,0,0.09557480365037918,0.72197235,0.8921173,0.99993145,0.9689837,0,0.8496718406677246
TSBD_WSSV_98510bdd07,0,0,0,0.15692854,0.2506153,0.3073453,0.93197155,0.9999703,0.96339554,0,0.05475335568189621,0.069590405,0.03837928,2.7035485e-05,0.016635254,0,0.09557480365037918,0.62306434,0.02964918,2.5990514e-06,0.019969262,0,0.8496718406677246
TSBD_WSSV_365b81a0b8,1,1,2,0.85301197,0.0077658184,0.07420387,0.047197815,2.256098e-05,0.013203016,0,0.05475335568189621,0.116365515,0.057125248,6.4683672e-06,0.013117695,0,0.09557480365037918,0.80943054,0.8956769,0.99997103,0.9736793,1,0.8496718406677246
TSBD_WSSV_4c515e509e,1,0,2,0.8448826,0.010530082,0.07826447,0.040661447,1.1485222e-05,0.0109332055,0,0.05475335568189621,0.10645693,0.046167433,2.4656338e-06,0.009477356,0,0.09557480365037918,0.81527865,0.9131711,0.99998605,0.9795894,0,0.8496718406677246
TSBD_WSSV_d5dc5a32b7,1,0,2,0.84911734,0.0011405428,0.071736105,0.08891721,0.00039801796,0.031120779,0,0.05475335568189621,0.11698566,0.13831863,0.0005385299,0.047863305,0,0.09557480365037918,0.81127816,0.7727642,0.99906343,0.9210159,0,0.8496718406677246
TSBD_WSSV_84d358870a,1,1,0,0.52433664,0.072142705,0.6553176,0.9311448,0.9999658,0.9752135,1,0.05475335568189621,0.066442095,0.039780915,3.1768555e-05,0.013347348,0,0.09557480365037918,0.2782403,0.029074272,2.4260023e-06,0.01143908,0,0.8496718406677246
TSBD_WSSV_b95089e484,0,0,0,0.054894723,0.4212072,0.1008544,0.92875755,0.9999684,0.9393801,0,0.05475335568189621,0.08769498,0.03960235,2.8347325e-05,0.026638689,0,0.09557480365037918,0.81145066,0.03164016,3.2320308e-06,0.03398122,0,0.8496718406677246
TSBD_WSSV_ef2d938994,1,0,2,0.7062792,0.030922119,0.068155035,0.08337098,0.00022097462,0.02684965,0,0.05475335568189621,0.18820569,0.037100833,1.5395107e-06,0.009856205,0,0.09557480365037918,0.74363923,0.87952816,0.9997775,0.96329415,0,0.8496718406677246
TSBD_WSSV_32049c3ecf,1,0,2,0.8476275,0.010416566,0.07604612,0.04234748,1.33877775e-05,0.011341066,0,0.05475335568189621,0.10425303,0.04260536,1.8124193e-06,0.008513428,0,0.09557480365037918,0.81970084,0.91504717,0.99998486,0.98014545,0,0.8496718406677246
TSBD_WSSV_8b8160f809,1,1,1,0.761528,0.018624254,0.1469813,0.08283734,1.8071769e-05,0.021506174,0,0.05475335568189621,0.7309777,0.87686104,0.99997914,0.96850747,1,0.09557480365037918,0.122040965,0.040301617,2.7325589e-06,0.00998632,0,0.8496718406677246
TSBD_WSSV_cdf58b2135,0,0,2,0.2744508,0.15609163,0.053742398,0.037567902,8.616766e-06,0.010765632,0,0.05475335568189621,0.51365435,0.04932356,3.1617192e-06,0.021942504,0,0.09557480365037918,0.43260327,0.9131086,0.9999882,0.9672919,0,0.8496718406677246
TSBD_WSSV_aa863186fe,1,0,2,0.80950856,0.01596131,0.06293427,0.04112528,1.19786955e-05,0.010338657,0,0.05475335568189621,0.13891551,0.04428994,2.0852451e-06,0.009941556,0,0.09557480365037918,0.7981502,0.91458476,0.99998605,0.9797198,0,0.8496718406677246
TSBD_WSSV_dfb2880295,1,0,2,0.82898283,0.013205953,0.066651955,0.041174293,1.17968675e-05,0.0104681775,0,0.05475335568189621,0.123199284,0.043062754,1.8453686e-06,0.009138539,0,0.09557480365037918,0.8101488,0.915763,0.9999864,0.9803933,0,0.8496718406677246
TSBD_WSSV_baaf0baf99,1,0,2,0.84120303,0.011215951,0.08291271,0.043097213,1.4539597e-05,0.012000566,0,0.05475335568189621,0.10276612,0.042085633,1.768583e-06,0.0083985515,0,0.09557480365037918,0.81432116,0.91481715,0.99998367,0.9796009,0,0.8496718406677246
TSBD_WSSV_24404c91af,1,0,2,0.82492673,0.013670895,0.06864218,0.040917266,1.1604995e-05,0.010529027,0,0.05475335568189621,0.12509082,0.04388043,2.0004807e-06,0.009431311,0,0.09557480365037918,0.80626696,0.9152023,0.9999864,0.98003966,0,0.8496718406677246
TSBD_WSSV_b7563199e4,1,0,2,0.790766,0.018811835,0.06028361,0.04105774,1.2059076e-05,0.010234427,0,0.05475335568189621,0.15196414,0.04449644,2.1282547e-06,0.010367251,0,0.09557480365037918,0.7877522,0.9144459,0.9999858,0.9793983,0,0.8496718406677246
TSBD_WSSV_11a594f754,1,0,2,0.53985006,0.06586992,0.052682962,0.04051794,1.1535167e-05,0.010286311,0,0.05475335568189621,0.30451143,0.045611423,2.365494e-06,0.014603521,0,0.09557480365037918,0.6428056,0.9138706,0.99998605,0.9751102,0,0.8496718406677246
TSBD_WSSV_fc31d39bad,1,0,2,0.83614165,0.011858495,0.067933835,0.03789017,8.780611e-06,0.009571007,0,0.05475335568189621,0.12125818,0.04814778,2.862074e-06,0.010434698,0,0.09557480365037918,0.81080806,0.91396207,0.9999883,0.97999424,0,0.8496718406677246
TSBD_WSSV_d6cd79daa1,1,0,2,0.8035925,0.01683549,0.060717247,0.03907249,9.800025e-06,0.00960053,0,0.05475335568189621,0.14508682,0.045937423,2.3754178e-06,0.010549728,0,0.09557480365037918,0.79419595,0.91499007,0.99998784,0.97984976,0,0.8496718406677246
TSBD_WSSV_02f81ef95e,1,0,2,0.8374317,0.011427758,0.065676086,0.03402394,5.6566314e-06,0.008263072,0,0.05475335568189621,0.12519017,0.053771134,4.32885e-06,0.012061619,0,0.09557480365037918,0.8091337,0.9122049,0.9999901,0.97967535,0,0.8496718406677246
TSBD_WSSV_3b11acaec9,1,0,2,0.5138273,0.06404206,0.053520534,0.028055487,3.1139396e-06,0.0070279427,0,0.05475335568189621,0.3863059,0.10013931,6.2039064e-05,0.045269642,0,0.09557480365037918,0.5601736,0.8718052,0.9999349,0.9477024,0,0.8496718406677246
TSBD_WSSV_c286bccb7a,1,0,2,0.8080829,0.01632191,0.062605575,0.04252206,1.3888007e-05,0.010783505,0,0.05475335568189621,0.13818285,0.04234742,1.7784039e-06,0.009414082,0,0.09557480365037918,0.7992115,0.9151305,0.99998426,0.97980237,0,0.8496718406677246
TSBD_WSSV_6aa52b5d04,1,0,2,0.57365745,0.04678896,0.055495523,0.029958291,3.9320266e-06,0.0076124575,0,0.05475335568189621,0.37351033,0.12707588,0.00017990288,0.06106896,0,0.09557480365037918,0.5709941,0.8429658,0.99981624,0.9313185,0,0.8496718406677246
TSBD_WSSV_78ac1c210b,1,0,2,0.84489673,0.0057189474,0.062023222,0.031156663,4.35806e-06,0.0075119925,0,0.05475335568189621,0.15387551,0.106363915,7.807003e-05,0.031949807,0,0.09557480365037918,0.7841012,0.8624794,0.9999175,0.9605382,0,0.8496718406677246
TSBD_WSSV_f4df9efeef,1,0,2,0.8423496,0.011090868,0.07323639,0.040438082,1.138162e-05,0.010631852,0,0.05475335568189621,0.111089945,0.04481581,2.1863925e-06,0.009262617,0,0.09557480365037918,0.81567365,0.9147461,0.9999865,0.9801055,0,0.8496718406677246
TSBD_WSSV_e332624690,1,0,2,0.83105993,0.012446273,0.07045707,0.0405878,1.1401756e-05,0.010553106,0,0.05475335568189621,0.12274012,0.046891317,2.5767024e-06,0.010157436,0,0.09557480365037918,0.80680275,0.9125208,0.99998593,0.9792895,0,0.8496718406677246
TSBD_WSSV_de8ce5aa48,1,1,2,0.85189074,0.008121155,0.06697419,0.027725665,2.5415404e-06,0.0064805183,0,0.05475335568189621,0.1223092,0.07519565,1.6855018e-05,0.018300755,0,0.09557480365037918,0.8107166,0.8970786,0.9999807,0.9752187,1,0.8496718406677246
TSBD_WSSV_2847167d0b,1,0,2,0.8230333,0.003624048,0.057496816,0.025022322,2.4239125e-06,0.005925103,0,0.05475335568189621,0.17309277,0.19487646,0.0013294163,0.077480316,0,0.09557480365037918,0.76941043,0.7801012,0.9986682,0.91659456,0,0.8496718406677246
TSBD_WSSV_ea8e971d58,1,1,2,0.8624222,0.0041662278,0.07060338,0.03229738,5.6231543e-06,0.008328272,0,0.05475335568189621,0.118870415,0.10745566,9.309462e-05,0.030092526,0,0.09557480365037918,0.8105262,0.8602469,0.9999013,0.96157926,1,0.8496718406677246
TSBD_WSSV_2cd19b2879,1,1,2,0.8512563,0.009939717,0.084526904,0.040684886,1.1370764e-05,0.011176957,0,0.05475335568189621,0.09384179,0.043421492,1.8961593e-06,0.008343592,0,0.09557480365037918,0.8216314,0.9158936,0.99998677,0.9804795,1,0.8496718406677246
TSBD_WSSV_f00fa9ceb8,1,0,2,0.8438071,0.011025839,0.07419542,0.041217245,1.2018025e-05,0.0108780805,0,0.05475335568189621,0.10796742,0.042904053,1.8288034e-06,0.00866719,0,0.09557480365037918,0.8178372,0.9158787,0.9999862,0.9804547,0,0.8496718406677246
TSBD_WSSV_6678622b35,1,0,2,0.84277284,0.011204774,0.07273834,0.041646916,1.2366706e-05,0.010916238,0,0.05475335568189621,0.10954928,0.04242661,1.761937e-06,0.008603819,0,0.09557480365037918,0.8177123,0.9159264,0.9999858,0.98047996,0,0.8496718406677246
TSBD_WSSV_9ce26c2bf9,1,0,2,0.8463201,0.010637801,0.074879825,0.041331317,1.2067235e-05,0.0109309405,0,0.05475335568189621,0.10602446,0.04313547,1.8745034e-06,0.008672166,0,0.09557480365037918,0.8190957,0.91553324,0.99998605,0.98039687,0,0.8496718406677246
TSBD_WSSV_3319ef6f32,1,0,2,0.829729,0.013024103,0.06783118,0.039952114,1.0532956e-05,0.010161173,0,0.05475335568189621,0.12272544,0.044346638,2.0638886e-06,0.009460024,0,0.09557480365037918,0.80944335,0.9157012,0.9999875,0.9803788,0,0.8496718406677246
TSBD_WSSV_1bb255e74b,1,0,2,0.8451324,0.010756275,0.07556475,0.038902912,9.52066e-06,0.010185422,0,0.05475335568189621,0.10693708,0.045466196,2.2299612e-06,0.009229033,0,0.09557480365037918,0.8174982,0.91563094,0.9999882,0.9805855,0,0.8496718406677246
TSBD_WSSV_d45bc108bb,1,0,2,0.8502114,0.0100246025,0.078216836,0.041048896,1.1875936e-05,0.011022905,0,0.05475335568189621,0.10105399,0.04386986,2.0042935e-06,0.008703269,0,0.09557480365037918,0.8207292,0.9150812,0.99998605,0.98027384,0,0.8496718406677246
TSBD_WSSV_319f7dd222,1,1,2,0.85784286,0.008184992,0.08571531,0.04452007,1.6843054e-05,0.012680501,0,0.05475335568189621,0.09447728,0.04846631,3.1257941e-06,0.009732765,0,0.09557480365037918,0.81980747,0.9070136,0.9999801,0.97758675,1,0.8496718406677246
TSBD_WSSV_72962540b9,1,0,2,0.82433033,0.013164383,0.12091197,0.048046708,2.3275465e-05,0.01588008,0,0.05475335568189621,0.07940801,0.04048231,1.5866651e-06,0.0074161603,0,0.09557480365037918,0.79968005,0.91147095,0.9999752,0.9767037,0,0.8496718406677246
TSBD_WSSV_cbc299712b,1,0,2,0.5981923,0.04961378,0.1641217,0.036893405,7.87925e-06,0.01359655,0,0.05475335568189621,0.19371246,0.06397715,9.188342e-06,0.019035337,0,0.09557480365037918,0.6421659,0.89912945,0.99998295,0.9673682,0,0.8496718406677246
TSBD_WSSV_4852ce6b3e,1,0,2,0.8331954,0.012446832,0.068690196,0.03949861,1.0218749e-05,0.010088317,0,0.05475335568189621,0.12063803,0.04530849,2.249332e-06,0.009655508,0,0.09557480365037918,0.8106718,0.9151929,0.9999875,0.9802562,0,0.8496718406677246
TSBD_WSSV_51c0f376ed,1,0,2,0.84435934,0.010908706,0.07529255,0.042250916,1.3153426e-05,0.011257647,0,0.05475335568189621,0.106745414,0.042357337,1.7530826e-06,0.008510417,0,0.09557480365037918,0.8179621,0.91539174,0.9999851,0.9802319,0,0.8496718406677246
TSBD_WSSV_27c4e89064,1,0,2,0.83969396,0.011538755,0.07034437,0.041246917,1.1935625e-05,0.010680958,0,0.05475335568189621,0.114553966,0.04383584,1.9748502e-06,0.009085908,0,0.09557480365037918,0.81510174,0.91491723,0.99998605,0.9802332,0,0.8496718406677246
TSBD_WSSV_d31ea8472c,1,0,2,0.8458924,0.0105143655,0.084254056,0.04351586,1.4968058e-05,0.012179974,0,0.05475335568189621,0.0987894,0.04220182,1.7688875e-06,0.008286149,0,0.09557480365037918,0.8169566,0.9142823,0.9999832,0.9795339,0,0.8496718406677246
TSBD_WSSV_6fd089aca1,1,1,2,0.8514525,0.009913608,0.0821483,0.043010466,1.4227834e-05,0.011862357,0,0.05475335568189621,0.09580203,0.04140436,1.6159785e-06,0.00796461,0,0.09557480365037918,0.8220496,0.9155851,0.99998415,0.98017305,1,0.8496718406677246
TSBD_WSSV_7131cb4d1e,1,0,2,0.84877414,0.010200418,0.08795428,0.043516416,1.4971799e-05,0.012350102,0,0.05475335568189621,0.09266682,0.041320313,1.6226237e-06,0.007879026,0,0.09557480365037918,0.8193789,0.9151633,0.9999833,0.97977084,0,0.8496718406677246
TSBD_WSSV_d1629a0715,1,0,2,0.33212554,0.12355325,0.053966813,0.031013923,3.9270944e-06,0.008166061,0,0.05475335568189621,0.46805844,0.06184089,7.351774e-06,0.02689744,0,0.09557480365037918,0.47797474,0.90714514,0.9999887,0.9649365,0,0.8496718406677246
TSBD_WSSV_8ecaf0ac01,1,0,2,0.8411018,0.010880299,0.06826419,0.03725407,7.978911e-06,0.009336981,0,0.05475335568189621,0.1201789,0.051287543,3.6734552e-06,0.011253363,0,0.09557480365037918,0.8115569,0.9114584,0.9999883,0.97940964,0,0.8496718406677246
TSBD_WSSV_af3c48a08c,1,0,2,0.84026486,0.0113587845,0.09535716,0.039767325,1.0450539e-05,0.011383556,0,0.05475335568189621,0.09107311,0.045023177,2.1707103e-06,0.008650532,0,0.09557480365037918,0.81356966,0.9152096,0.99998736,0.9799659,0,0.8496718406677246
TSBD_WSSV_3dae79f506,1,0,2,0.80179334,0.016604489,0.06494837,0.034546856,5.861864e-06,0.00842064,0,0.05475335568189621,0.148141,0.052410953,3.7988934e-06,0.0124297645,0,0.09557480365037918,0.7869107,0.9130422,0.99999034,0.9791496,0,0.8496718406677246
TSBD_WSSV_80515fe4b2,1,0,2,0.84883785,0.010324346,0.07680982,0.042021725,1.2816753e-05,0.011235964,0,0.05475335568189621,0.1022063,0.042133346,1.7008263e-06,0.008300927,0,0.09557480365037918,0.8209839,0.9158449,0.99998546,0.98046315,0,0.8496718406677246
TSBD_WSSV_aee31f5ae6,1,0,2,0.846876,0.010408825,0.07931226,0.040751003,1.1337334e-05,0.010952709,0,0.05475335568189621,0.10288619,0.04465728,2.1410185e-06,0.008957534,0,0.09557480365037918,0.8178016,0.9145917,0.9999865,0.9800898,0,0.8496718406677246
TSBD_WSSV_0ef579b068,1,1,2,0.85048264,0.010046804,0.08071321,0.041213963,1.2043127e-05,0.0111912675,0,0.05475335568189621,0.09801422,0.04302828,1.8677724e-06,0.008412716,0,0.09557480365037918,0.8212725,0.9157577,0.99998605,0.98039603,1,0.8496718406677246
TSBD_WSSV_f70db8236e,1,0,2,0.8475061,0.010491169,0.07628077,0.041017957,1.1624867e-05,0.010878999,0,0.05475335568189621,0.10387895,0.043119315,1.8716494e-06,0.008603194,0,0.09557480365037918,0.81984025,0.9158628,0.9999864,0.98051786,0,0.8496718406677246
TSBD_WSSV_36e3c23fc4,1,0,2,0.8501167,0.010056319,0.086863354,0.042495217,1.3626358e-05,0.011933868,0,0.05475335568189621,0.092563,0.041974235,1.704903e-06,0.00800746,0,0.09557480365037918,0.8205737,0.9155305,0.99998474,0.98005867,0,0.8496718406677246
TSBD_WSSV_7e34390794,1,0,2,0.8500254,0.010150797,0.078311265,0.042895135,1.3775713e-05,0.01157923,0,0.05475335568189621,0.09998029,0.04140446,1.6173327e-06,0.0080879005,0,0.09557480365037918,0.82170844,0.9157003,0.9999845,0.98033285,0,0.8496718406677246
TSBD_WSSV_bd80b0d581,1,0,2,0.8411639,0.011216731,0.091506585,0.041285165,1.1982477e-05,0.011724972,0,0.05475335568189621,0.09466276,0.043461844,1.909922e-06,0.0084101055,0,0.09557480365037918,0.8138306,0.9152529,0.99998605,0.9798649,0,0.8496718406677246
TSBD_WSSV_a456bae923,1,0,2,0.84885335,0.010295224,0.078593455,0.04140499,1.20973455e-05,0.011124183,0,0.05475335568189621,0.100872114,0.042732406,1.8094978e-06,0.008420615,0,0.09557480365037918,0.82053447,0.9158627,0.9999862,0.98045516,0,0.8496718406677246
TSBD_WSSV_b6178797f6,1,0,2,0.8503255,0.010084824,0.08102428,0.04116316,1.17270765e-05,0.0111410115,0,0.05475335568189621,0.097696126,0.04289882,1.8180903e-06,0.0083468575,0,0.09557480365037918,0.8212796,0.9159381,0.9999865,0.9805121,0,0.8496718406677246
TSBD_WSSV_69762898eb,1,0,2,0.84614843,0.010581651,0.082987405,0.043159533,1.4359087e-05,0.011964674,0,0.05475335568189621,0.099017486,0.04165952,1.6716755e-06,0.008147749,0,0.09557480365037918,0.8179951,0.9151809,0.999984,0.97988755,0,0.8496718406677246
TSBD_WSSV_a73de688c2,1,1,2,0.85113776,0.009916968,0.08656833,0.043633625,1.5110971e-05,0.01230909,0,0.05475335568189621,0.09207251,0.040965397,1.5861152e-06,0.0077888374,0,0.09557480365037918,0.8213592,0.91540104,0.9999833,0.9799021,1,0.8496718406677246
TSBD_WSSV_03cb710db8,1,0,2,0.8502842,0.010061119,0.08141056,0.04220961,1.3276376e-05,0.011569525,0,0.05475335568189621,0.09747901,0.04222982,1.7388279e-06,0.00820777,0,0.09557480365037918,0.8211104,0.9155605,0.999985,0.9802227,0,0.8496718406677246
TSBD_WSSV_7f2c043791,1,0,2,0.84030396,0.011287178,0.0878263,0.041562892,1.2367589e-05,0.011671727,0,0.05475335568189621,0.0992731,0.043656167,1.964606e-06,0.008621011,0,0.09557480365037918,0.8129006,0.9147809,0.9999857,0.9797072,0,0.8496718406677246
TSBD_WSSV_426ff318e2,1,1,2,0.85109013,0.009973371,0.08314285,0.04257326,1.3457003e-05,0.011727569,0,0.05475335568189621,0.09507555,0.04161899,1.6619298e-06,0.008007482,0,0.09557480365037918,0.82178164,0.9158078,0.99998486,0.98026496,1,0.8496718406677246
TSBD_WSSV_3cb87dc046,1,0,2,0.8459947,0.010710971,0.07642581,0.041786753,1.24348135e-05,0.011129183,0,0.05475335568189621,0.10450771,0.04236336,1.7526393e-06,0.008443453,0,0.09557480365037918,0.8190665,0.91584986,0.9999858,0.9804274,0,0.8496718406677246
TSBD_WSSV_4c414428d2,1,1,2,0.8510125,0.010003333,0.08085871,0.042192783,1.2881453e-05,0.011466748,0,0.05475335568189621,0.09717284,0.041909773,1.6750164e-06,0.008107224,0,0.09557480365037918,0.8219685,0.9158975,0.99998546,0.980426,1,0.8496718406677246
TSBD_WSSV_4896029d97,1,1,2,0.8503844,0.010057912,0.082234345,0.042248722,1.3194849e-05,0.011599997,0,0.05475335568189621,0.0965438,0.042050373,1.7131799e-06,0.008139597,0,0.09557480365037918,0.82122195,0.91570085,0.9999851,0.9802604,1,0.8496718406677246
TSBD_WSSV_c549f00277,1,0,2,0.84815043,0.010398885,0.07819161,0.041735563,1.2513804e-05,0.011220806,0,0.05475335568189621,0.101602755,0.042411726,1.7667711e-06,0.008374022,0,0.09557480365037918,0.8202057,0.91585267,0.9999857,0.9804052,0,0.8496718406677246
TSBD_WSSV_254bdb9f4d,1,0,2,0.84669405,0.010628694,0.07438908,0.04131217,1.1991738e-05,0.010886573,0,0.05475335568189621,0.10587407,0.042824198,1.8186064e-06,0.008584912,0,0.09557480365037918,0.81973684,0.9158636,0.9999862,0.9805285,0,0.8496718406677246
TSBD_WSSV_b0447870c0,1,0,2,0.8499607,0.01013041,0.079991564,0.042334102,1.334439e-05,0.011525158,0,0.05475335568189621,0.098804586,0.041986074,1.7023119e-06,0.008190084,0,0.09557480365037918,0.8212038,0.9156798,0.999985,0.98028475,0,0.8496718406677246
TSBD_WSSV_754fa3c73d,1,1,2,0.85162365,0.009916316,0.08296989,0.04193595,1.271123e-05,0.011506411,0,0.05475335568189621,0.09481625,0.042061735,1.6973978e-06,0.008071076,0,0.09557480365037918,0.82221395,0.9160023,0.9999856,0.98042256,1,0.8496718406677246
TSBD_WSSV_9937a0424b,1,1,2,0.8509743,0.009988695,0.08602905,0.0419625,1.2874208e-05,0.0116882445,0,0.05475335568189621,0.09242712,0.042057995,1.7075255e-06,0.008009896,0,0.09557480365037918,0.8215439,0.9159795,0.99998546,0.9803019,1,0.8496718406677246
TSBD_WSSV_6fa84e41c3,1,0,2,0.8499212,0.010163417,0.07855114,0.04157994,1.216021e-05,0.0111511685,0,0.05475335568189621,0.100056134,0.042475004,1.7460466e-06,0.008311657,0,0.09557480365037918,0.8213927,0.9159451,0.99998605,0.9805372,0,0.8496718406677246
TSBD_WSSV_577000701d,1,0,2,0.8500762,0.010050864,0.088505335,0.043432005,1.4764802e-05,0.012326068,0,0.05475335568189621,0.09102613,0.04115002,1.6006978e-06,0.007790438,0,0.09557480365037918,0.8204686,0.9154179,0.99998367,0.9798835,0,0.8496718406677246
TSBD_WSSV_7562704d32,1,1,2,0.85110927,0.009980256,0.08214074,0.042257387,1.3216448e-05,0.011596661,0,0.05475335568189621,0.09597069,0.04186611,1.6904213e-06,0.00808247,0,0.09557480365037918,0.82188857,0.9158765,0.9999851,0.9803209,1,0.8496718406677246
TSBD_WSSV_ab987277c7,1,0,2,0.84431297,0.010973639,0.07427156,0.041838266,1.2518687e-05,0.011042397,0,0.05475335568189621,0.10728839,0.042267185,1.7338813e-06,0.008496779,0,0.09557480365037918,0.8184401,0.91589457,0.9999857,0.9804608,0,0.8496718406677246
TSBD_WSSV_1beeeafcb8,1,0,2,0.8455161,0.010815834,0.07420731,0.041956633,1.2540471e-05,0.011053202,0,0.05475335568189621,0.10646588,0.042118546,1.7075e-06,0.008431742,0,0.09557480365037918,0.8193268,0.9159248,0.9999858,0.980515,0,0.8496718406677246
TSBD_WSSV_e7254cc0d4,1,1,2,0.850828,0.01002121,0.080196634,0.04284412,1.3976044e-05,0.011701508,0,0.05475335568189621,0.0978825,0.041472763,1.64071e-06,0.008055743,0,0.09557480365037918,0.8219209,0.91568303,0.9999844,0.98024267,1,0.8496718406677246
TSBD_WSSV_b5a8a126ab,1,0,2,0.7568462,0.024437808,0.05780564,0.04238652,1.3250042e-05,0.010493242,0,0.05475335568189621,0.17026961,0.041986592,1.7180442e-06,0.010135116,0,0.09557480365037918,0.77192473,0.91562694,0.9999851,0.97937167,0,0.8496718406677246
TSBD_WSSV_13e41ad5ef,1,1,2,0.85089475,0.010010617,0.08058732,0.042788167,1.3895161e-05,0.011700892,0,0.05475335568189621,0.09749528,0.0415033,1.6431511e-06,0.008049601,0,0.09557480365037918,0.82191736,0.91570854,0.9999844,0.98024946,1,0.8496718406677246
TSBD_WSSV_5dd3dca816,1,0,2,0.8487679,0.01033198,0.07721193,0.042452097,1.334374e-05,0.011399184,0,0.05475335568189621,0.1018227,0.041768495,1.6678523e-06,0.008224953,0,0.09557480365037918,0.8209654,0.9157794,0.999985,0.9803759,0,0.8496718406677246
TSBD_WSSV_084f7a072a,1,0,2,0.84442735,0.010948332,0.07477292,0.042976607,1.3967679e-05,0.0114497375,0,0.05475335568189621,0.10658899,0.04144076,1.6017589e-06,0.008269272,0,0.09557480365037918,0.81863815,0.9155826,0.9999845,0.980281,0,0.8496718406677246
TSBD_WSSV_7d1aec7b17,1,0,2,0.84770775,0.010407691,0.08024453,0.04170414,1.2682702e-05,0.011353362,0,0.05475335568189621,0.10041572,0.042748675,1.8248527e-06,0.008426503,0,0.09557480365037918,0.8193397,0.9155472,0.9999856,0.98022014,0,0.8496718406677246
TSBD_WSSV_93545fad41,1,1,2,0.85133,0.009939745,0.0823726,0.04269021,1.382342e-05,0.0117657585,0,0.05475335568189621,0.09563688,0.041576,1.6572284e-06,0.008014928,0,0.09557480365037918,0.8219905,0.9157338,0.9999845,0.9802193,1,0.8496718406677246
TSBD_WSSV_ef783ed00d,1,1,2,0.8504872,0.010039509,0.08334538,0.04214473,1.3255299e-05,0.0116518065,0,0.05475335568189621,0.09546311,0.042125333,1.7320802e-06,0.008131542,0,0.09557480365037918,0.8211915,0.91572994,0.999985,0.9802166,1,0.8496718406677246
TSBD_WSSV_8b081aa68f,1,0,2,0.8495895,0.010142301,0.084722154,0.042095106,1.2972828e-05,0.011666717,0,0.05475335568189621,0.09491272,0.04227148,1.735035e-06,0.008133643,0,0.09557480365037918,0.8203651,0.9156334,0.9999852,0.98019964,0,0.8496718406677246
TSBD_WSSV_6afbaad0ae,1,0,2,0.83456415,0.012167652,0.10807456,0.043158464,1.4448026e-05,0.013174712,0,0.05475335568189621,0.081894614,0.041524667,1.6475016e-06,0.0076109488,0,0.09557480365037918,0.8100308,0.91531694,0.9999839,0.9792144,0,0.8496718406677246
TSBD_WSSV_9223e4a32b,1,0,2,0.8462724,0.010679189,0.07605798,0.042246196,1.2913421e-05,0.011248355,0,0.05475335568189621,0.104516156,0.041985925,1.6874358e-06,0.0083451085,0,0.09557480365037918,0.8194259,0.9157679,0.99998546,0.9804065,0,0.8496718406677246
TSBD_WSSV_98ea43065f,1,1,2,0.85048455,0.010084671,0.07925775,0.042152837,1.2887277e-05,0.0113841165,0,0.05475335568189621,0.09895215,0.041966002,1.6819218e-06,0.008171362,0,0.09557480365037918,0.82179,0.9158812,0.99998546,0.9804445,1,0.8496718406677246
TSBD_WSSV_eb247f0a00,1,1,2,0.8508688,0.0100089945,0.08279246,0.041800305,1.2651547e-05,0.011473057,0,0.05475335568189621,0.0955922,0.042268958,1.7337769e-06,0.008148528,0,0.09557480365037918,0.8216153,0.9159307,0.9999856,0.98037845,1,0.8496718406677246
TSBD_WSSV_97fa50601b,1,1,2,0.85112923,0.009969476,0.084481835,0.04200943,1.2935913e-05,0.01163071,0,0.05475335568189621,0.09380624,0.042050414,1.7145271e-06,0.0080571305,0,0.09557480365037918,0.82171184,0.91594017,0.99998534,0.98031217,1,0.8496718406677246
TSBD_WSSV_8b6c4507a2,1,0,2,0.8442411,0.010962113,0.07476608,0.042241976,1.30829185e-05,0.011215191,0,0.05475335568189621,0.10698471,0.04209464,1.7107117e-06,0.008450539,0,0.09557480365037918,0.8182493,0.91566336,0.9999852,0.9803342,0,0.8496718406677246
TSBD_WSSV_5c925439ac,1,0,2,0.8460724,0.0106718205,0.077596195,0.04187464,1.2540076e-05,0.01121917,0,0.05475335568189621,0.10360702,0.042438537,1.7721964e-06,0.008444217,0,0.09557480365037918,0.8187968,0.91568685,0.9999857,0.9803366,0,0.8496718406677246
TSBD_WSSV_1d810bc413,1,0,2,0.8496582,0.0101146335,0.08062433,0.039709628,1.0234004e-05,0.010656418,0,0.05475335568189621,0.09914174,0.04479733,2.111314e-06,0.0088206325,0,0.09557480365037918,0.82023394,0.9154931,0.9999876,0.98052293,0,0.8496718406677246
TSBD_WSSV_26de7fcd80,1,0,2,0.848179,0.010360677,0.07963856,0.041986328,1.2795295e-05,0.011375771,0,0.05475335568189621,0.10048442,0.042400826,1.7455162e-06,0.008321787,0,0.09557480365037918,0.819877,0.9156129,0.99998546,0.98030245,0,0.8496718406677246
TSBD_WSSV_8aa47f5a65,1,1,1,0.6563779,0.038475607,0.07068594,0.046590686,3.1589043e-06,0.009199888,0,0.05475335568189621,0.68342793,0.8932501,0.9999788,0.9681718,1,0.09557480365037918,0.24588609,0.060159262,1.8058376e-05,0.022628332,0,0.8496718406677246
TSBD_WSSV_d889bfa7f2,1,0,2,0.8418729,0.011339874,0.07146902,0.04143678,1.1984387e-05,0.010759392,0,0.05475335568189621,0.11122033,0.042647894,1.7829856e-06,0.008692555,0,0.09557480365037918,0.8173107,0.9159153,0.9999862,0.9805481,0,0.8496718406677246
TSBD_WSSV_8a85146e3e,1,0,2,0.84942716,0.01014149,0.08770348,0.042750914,1.4062357e-05,0.012084181,0,0.05475335568189621,0.09227254,0.04177403,1.6883223e-06,0.007967073,0,0.09557480365037918,0.820024,0.9154751,0.99998426,0.9799487,0,0.8496718406677246
TSBD_WSSV_439d0a5c3f,1,0,2,0.84784085,0.010469878,0.07734165,0.04266148,1.3600159e-05,0.011476515,0,0.05475335568189621,0.10218667,0.041484512,1.625668e-06,0.008169272,0,0.09557480365037918,0.82047164,0.915854,0.99998474,0.9803542,0,0.8496718406677246
TSBD_WSSV_3f0184301c,1,0,2,0.8403219,0.011568022,0.071837865,0.042743813,1.3646308e-05,0.0112197,0,0.05475335568189621,0.11145054,0.041555576,1.6315312e-06,0.008447781,0,0.09557480365037918,0.8167116,0.9157006,0.99998474,0.9803325,0,0.8496718406677246
TSBD_WSSV_00abe397a8,1,1,2,0.85167986,0.009918158,0.08175089,0.04161602,1.2338022e-05,0.011339531,0,0.05475335568189621,0.09589656,0.042320956,1.7479688e-06,0.0081732385,0,0.09557480365037918,0.8223526,0.916063,0.9999858,0.9804873,1,0.8496718406677246
TSBD_WSSV_f49daeee4d,1,1,2,0.8511386,0.009988515,0.08098574,0.041366007,1.2037776e-05,0.011218559,0,0.05475335568189621,0.097044475,0.04260305,1.7856522e-06,0.008268805,0,0.09557480365037918,0.82196975,0.9160309,0.9999862,0.9805126,1,0.8496718406677246
TSBD_WSSV_e3a3f70bef,1,1,2,0.8509513,0.010002269,0.080882974,0.04174799,1.2534898e-05,0.011352053,0,0.05475335568189621,0.09732162,0.042378873,1.7679847e-06,0.008241391,0,0.09557480365037918,0.8217954,0.9158731,0.9999857,0.9804066,1,0.8496718406677246
TSBD_WSSV_4c6acaba53,1,1,2,0.8504917,0.01007232,0.082445264,0.041802213,1.2622396e-05,0.011451619,0,0.05475335568189621,0.0960835,0.04216462,1.7182664e-06,0.008139782,0,0.09557480365037918,0.8214712,0.9160332,0.9999857,0.9804086,1,0.8496718406677246
TSBD_WSSV_1a5ee9d7a4,1,1,2,0.85134465,0.0099147335,0.08283381,0.04278355,1.3894525e-05,0.011813768,0,0.05475335568189621,0.09536652,0.041680675,1.6765009e-06,0.008035488,0,0.09557480365037918,0.82179964,0.91553575,0.9999844,0.98015076,1,0.8496718406677246
TSBD_WSSV_1d745dbab2,1,0,2,0.8495344,0.009948967,0.09083855,0.046350326,1.9128582e-05,0.013497641,0,0.05475335568189621,0.09031882,0.040026788,1.4609359e-06,0.007538923,0,0.09557480365037918,0.81884265,0.91362286,0.9999795,0.9789635,0,0.8496718406677246
TSBD_WSSV_04529c8937,1,1,2,0.85154927,0.009926375,0.08232876,0.0417719,1.2587425e-05,0.011432918,0,0.05475335568189621,0.09549547,0.04223888,1.7308297e-06,0.0081384955,0,0.09557480365037918,0.8221758,0.9159892,0.9999856,0.9804286,1,0.8496718406677246
TSBD_WSSV_eb7b8b7c67,1,1,2,0.8515736,0.009908838,0.083103694,0.04257297,1.3573389e-05,0.0117441565,0,0.05475335568189621,0.09477482,0.04161936,1.651615e-06,0.00798756,0,0.09557480365037918,0.8221215,0.9158076,0.99998474,0.9802683,1,0.8496718406677246
TSBD_WSSV_4c43a3a8a6,1,0,2,0.84995943,0.01006801,0.087119035,0.04336865,1.483181e-05,0.012261654,0,0.05475335568189621,0.092442736,0.04124293,1.605411e-06,0.007845516,0,0.09557480365037918,0.8204382,0.91538835,0.99998367,0.9798928,0,0.8496718406677246
TSBD_WSSV_417fc1cab3,1,0,2,0.8501574,0.010058267,0.08529719,0.04226886,1.3308193e-05,0.011774103,0,0.05475335568189621,0.09401036,0.042166356,1.7209497e-06,0.008082906,0,0.09557480365037918,0.8206924,0.9155648,0.999985,0.980143,0,0.8496718406677246
TSBD_WSSV_59c834cf6e,1,0,2,0.820794,0.014378256,0.065345176,0.040747803,1.151114e-05,0.010317783,0,0.05475335568189621,0.12954709,0.043575168,1.940207e-06,0.00946385,0,0.09557480365037918,0.8051077,0.915677,0.9999865,0.9802184,0,0.8496718406677246
TSBD_WSSV_97681928ee,1,0,2,0.84541297,0.010764273,0.077758424,0.042772464,1.379237e-05,0.011553042,0,0.05475335568189621,0.10371243,0.041688994,1.6732107e-06,0.00828407,0,0.09557480365037918,0.8185291,0.91553855,0.9999845,0.9801629,0,0.8496718406677246
TSBD_WSSV_0c09630268,1,0,2,0.8501573,0.010076665,0.08738171,0.04119845,1.1980342e-05,0.011493647,0,0.05475335568189621,0.09186061,0.042974006,1.8484224e-06,0.008202921,0,0.09557480365037918,0.8207577,0.9158276,0.9999862,0.9803034,0,0.8496718406677246
TSBD_WSSV_919a1fc43f,1,1,2,0.8508372,0.0099868085,0.08606228,0.041193143,1.2103413e-05,0.011453153,0,0.05475335568189621,0.09267908,0.04298763,1.8444003e-06,0.008224451,0,0.09557480365037918,0.8212586,0.91581917,0.99998605,0.9803224,1,0.8496718406677246
TSBD_WSSV_df52a25a1c,1,0,2,0.8432893,0.011111023,0.073088005,0.041713323,1.2488506e-05,0.010963659,0,0.05475335568189621,0.109076045,0.042532325,1.7695702e-06,0.008607674,0,0.09557480365037918,0.81783605,0.9157543,0.9999857,0.98042864,0,0.8496718406677246
TSBD_WSSV_b6df8b235a,1,1,2,0.85118085,0.009974235,0.08138707,0.04226029,1.30701e-05,0.011534129,0,0.05475335568189621,0.096604064,0.04187685,1.6745097e-06,0.008086842,0,0.09557480365037918,0.8220089,0.9158629,0.9999852,0.98037905,1,0.8496718406677246
TSBD_WSSV_66dac7b3cb,1,0,2,0.85017186,0.010090383,0.08072507,0.043480627,1.4650337e-05,0.011920956,0,0.05475335568189621,0.09789874,0.04108099,1.580891e-06,0.007964277,0,0.09557480365037918,0.82137614,0.9154384,0.9999838,0.98011476,0,0.8496718406677246
TSBD_WSSV_cb728bde71,1,1,2,0.85065556,0.0100093605,0.084832974,0.042417247,1.3394956e-05,0.011782718,0,0.05475335568189621,0.093956046,0.04188266,1.6866868e-06,0.008022531,0,0.09557480365037918,0.821211,0.9157,0.999985,0.98019475,1,0.8496718406677246
TSBD_WSSV_11dccea294,1,0,2,0.84987116,0.010106443,0.088725686,0.041846566,1.2728271e-05,0.011778712,0,0.05475335568189621,0.09078619,0.04240377,1.7664152e-06,0.008047059,0,0.09557480365037918,0.8204881,0.9157497,0.99998546,0.9801743,0,0.8496718406677246
TSBD_WSSV_6c97d0a038,1,0,2,0.8428178,0.0110112475,0.09715183,0.042626794,1.3549269e-05,0.01243897,0,0.05475335568189621,0.087649226,0.042024523,1.6937515e-06,0.007865821,0,0.09557480365037918,0.815199,0.9153487,0.99998474,0.9796952,0,0.8496718406677246
TSBD_WSSV_7930144273,1,1,2,0.85097235,0.009966849,0.08601653,0.04176562,1.2763779e-05,0.01164421,0,0.05475335568189621,0.092624456,0.04245558,1.7762364e-06,0.008114592,0,0.09557480365037918,0.82135904,0.9157788,0.99998546,0.9802412,1,0.8496718406677246
TSBD_WSSV_46e8a68895,1,0,2,0.7699984,0.021671455,0.05860405,0.035260305,6.339975e-06,0.0083832275,0,0.05475335568189621,0.17084217,0.050823126,3.4700129e-06,0.012739206,0,0.09557480365037918,0.7705538,0.9139166,0.9999902,0.9788776,0,0.8496718406677246
TSBD_WSSV_68675dc12f,1,0,2,0.8489245,0.010266441,0.07713663,0.04011095,1.0532053e-05,0.0106000025,0,0.05475335568189621,0.10251884,0.044112273,2.0260222e-06,0.008789324,0,0.09557480365037918,0.82034457,0.9157768,0.9999875,0.9806106,0,0.8496718406677246
TSBD_WSSV_33b5dd7e52,1,0,2,0.7889034,0.018618476,0.062042005,0.03707725,7.782132e-06,0.009076675,0,0.05475335568189621,0.15722524,0.050298676,3.3309668e-06,0.012166499,0,0.09557480365037918,0.7807328,0.912624,0.9999889,0.9787568,0,0.8496718406677246
TSBD_WSSV_eaf8feba8d,1,1,2,0.8510646,0.0099727865,0.0841185,0.042179428,1.3176074e-05,0.011677466,0,0.05475335568189621,0.094230965,0.041960016,1.7022991e-06,0.008050726,0,0.09557480365037918,0.82165056,0.9158606,0.9999851,0.9802718,1,0.8496718406677246
TSBD_WSSV_a092abcd48,1,0,2,0.8496203,0.010137613,0.08385252,0.042291727,1.3307609e-05,0.011708057,0,0.05475335568189621,0.09571404,0.042137247,1.726404e-06,0.008137464,0,0.09557480365037918,0.82043344,0.915571,0.999985,0.9801545,0,0.8496718406677246
TSBD_WSSV_8c4a48a3c8,1,1,1,0.823934,0.011569364,0.099690646,0.056005698,4.77031e-06,0.011731646,0,0.05475335568189621,0.78707904,0.89568233,0.9999888,0.97609186,1,0.09557480365037918,0.11323033,0.048311915,6.411769e-06,0.012176513,0,0.8496718406677246
TSBD_WSSV_36e8b7c576,0,0,0,0.25100696,0.17361239,0.2356478,0.8018473,0.99890304,0.83444226,0,0.05475335568189621,0.12840602,0.055942573,4.9336937e-05,0.028020866,0,0.09557480365037918,0.63594615,0.1422101,0.0010476707,0.13753682,0,0.8496718406677246
TSBD_WSSV_f62b02d7ce,0,0,0,0.14436704,0.26219153,0.27841634,0.9312913,0.99997544,0.9590836,0,0.05475335568189621,0.10966167,0.036932807,2.1279215e-05,0.018839654,0,0.09557480365037918,0.611922,0.031775948,3.2553405e-06,0.0220767,0,0.8496718406677246
TSBD_WSSV_7b5c5d4331,1,0,2,0.84735644,0.010185366,0.07323181,0.03705863,7.9825595e-06,0.009523995,0,0.05475335568189621,0.10997766,0.049750544,3.2170158e-06,0.010453262,0,0.09557480365037918,0.81679046,0.9131909,0.9999888,0.9800227,0,0.8496718406677246
TSBD_WSSV_1115f3a7b9,1,0,2,0.842044,0.01116346,0.07836399,0.040915523,1.1416561e-05,0.010950383,0,0.05475335568189621,0.10624438,0.043689623,1.9479721e-06,0.00880898,0,0.09557480365037918,0.8153916,0.91539484,0.99998665,0.9802406,0,0.8496718406677246
TSBD_WSSV_8b19cf1542,1,0,2,0.8382083,0.011554889,0.08348551,0.039651558,1.0599276e-05,0.010894312,0,0.05475335568189621,0.105204254,0.045731813,2.3380535e-06,0.009309889,0,0.09557480365037918,0.81131023,0.91461664,0.999987,0.9797959,0,0.8496718406677246
TSBD_WSSV_e980aeec5d,0,0,0,0.09041318,0.33140737,0.124302246,0.8892673,0.9992562,0.8590458,0,0.05475335568189621,0.62885946,0.082323745,0.00074096274,0.12285369,0,0.09557480365037918,0.2468383,0.028408911,2.8954248e-06,0.018100487,0,0.8496718406677246
TSBD_WSSV_78620c7961,1,1,1,0.42675903,0.09234494,0.057026263,0.062306076,7.921547e-06,0.012564366,0,0.05475335568189621,0.5557154,0.88674915,0.9999838,0.96476305,1,0.09557480365037918,0.38725838,0.05094479,8.345695e-06,0.022672588,0,0.8496718406677246
TSBD_WSSV_5cfa598cc4,1,0,2,0.6870065,0.023803033,0.06404891,0.10841602,0.00087674666,0.040313106,0,0.05475335568189621,0.27044243,0.10645326,0.0001880264,0.048651002,0,0.09557480365037918,0.6655087,0.7851307,0.99893516,0.9110359,0,0.8496718406677246
TSBD_WSSV_2ab0d58abb,0,0,0,0.101772316,0.31794977,0.18355718,0.84665245,0.99480104,0.87340724,0,0.05475335568189621,0.09346635,0.12581584,0.0051955227,0.1022394,0,0.09557480365037918,0.72297645,0.027531693,3.3907313e-06,0.024353378,0,0.8496718406677246
TSBD_WSSV_d63f9ec96f,1,0,2,0.8409717,0.011109363,0.07086687,0.03779291,8.573161e-06,0.009648662,0,0.05475335568189621,0.11605753,0.04869779,2.9416049e-06,0.010377212,0,0.09557480365037918,0.81307554,0.9135093,0.99998844,0.9799741,0,0.8496718406677246
TSBD_WSSV_c6d6c44306,1,0,2,0.8469309,0.01030596,0.0808699,0.043553762,1.5042325e-05,0.012024785,0,0.05475335568189621,0.10178426,0.043044254,1.8902161e-06,0.008562092,0,0.09557480365037918,0.81734586,0.91340196,0.9999831,0.97941315,0,0.8496718406677246
TSBD_WSSV_0e98c598e2,1,0,2,0.8484443,0.010309669,0.07726675,0.041308362,1.2109404e-05,0.0110523915,0,0.05475335568189621,0.102733254,0.043291666,1.8991839e-06,0.008610164,0,0.09557480365037918,0.82,0.91539997,0.99998593,0.98033744,0,0.8496718406677246
TSBD_WSSV_0e0b18da56,1,0,2,0.82787347,0.013176493,0.06674144,0.03928089,9.800447e-06,0.009895051,0,0.05475335568189621,0.12599377,0.04590948,2.3139833e-06,0.009933424,0,0.09557480365037918,0.8072648,0.91480964,0.99998796,0.9801715,0,0.8496718406677246
TSBD_WSSV_0e04e30a96,1,0,2,0.8310322,0.011271008,0.08508009,0.06226774,6.534925e-05,0.019426698,0,0.05475335568189621,0.113520704,0.040442936,1.7729649e-06,0.008601779,0,0.09557480365037918,0.8013992,0.89728934,0.9999329,0.9719715,0,0.8496718406677246
TSBD_WSSV_b14315239e,1,1,2,0.8560167,0.008237396,0.08769548,0.05861694,5.2509793e-05,0.018143525,0,0.05475335568189621,0.09296615,0.038656864,1.4361027e-06,0.0074752206,0,0.09557480365037918,0.8193383,0.9027262,0.999946,0.9743813,1,0.8496718406677246
TSBD_WSSV_ad26e82e3c,1,0,2,0.79985076,0.01706225,0.06629608,0.041228596,1.2045335e-05,0.010594695,0,0.05475335568189621,0.1448358,0.04627803,2.5755116e-06,0.010776126,0,0.09557480365037918,0.7888682,0.91249335,0.99998534,0.9786291,0,0.8496718406677246
TSBD_WSSV_cda41068f5,0,0,0,0.19683638,0.21299061,0.09388402,0.6864736,0.99043286,0.6294138,0,0.05475335568189621,0.11200707,0.09149988,0.00042346207,0.05729563,0,0.09557480365037918,0.7941089,0.22202657,0.0091436235,0.3132906,0,0.8496718406677246
TSBD_WSSV_f51f241a0d,1,0,2,0.84903795,0.009185892,0.069674544,0.033985045,5.722764e-06,0.00845184,0,0.05475335568189621,0.11822933,0.060351074,6.9744306e-06,0.0137005625,0,0.09557480365037918,0.8120961,0.90566385,0.99998724,0.9778476,0,0.8496718406677246
TSBD_WSSV_2578508dff,1,1,0,0.6485803,0.044107445,0.7086261,0.9302582,0.99996054,0.97287065,1,0.05475335568189621,0.18025617,0.041262165,3.715433e-05,0.019279815,0,0.09557480365037918,0.111117736,0.028479638,2.2319869e-06,0.007849535,0,0.8496718406677246
TSBD_WSSV_45511a46f0,1,1,0,0.8247684,0.015419993,0.819285,0.9322014,0.9999716,0.9797243,1,0.05475335568189621,0.08747636,0.038012598,2.5791744e-05,0.012824781,0,0.09557480365037918,0.093238644,0.02978601,2.6431e-06,0.00745095,0,0.8496718406677246
TSBD_WSSV_87146ab98c,1,1,0,0.67528313,0.03975124,0.7322421,0.93130803,0.99996436,0.9743178,1,0.05475335568189621,0.2067084,0.04010235,3.342479e-05,0.019346308,0,0.09557480365037918,0.061049424,0.028589718,2.2789322e-06,0.0063359523,0,0.8496718406677246
TSBD_WSSV_e143d38f01,1,0,2,0.84860235,0.010321034,0.07752815,0.041151296,1.18868375e-05,0.01100332,0,0.05475335568189621,0.10213841,0.04310146,1.8788634e-06,0.008555468,0,0.09557480365037918,0.8203335,0.9157473,0.9999862,0.9804413,0,0.8496718406677246
TSBD_WSSV_ea73217725,1,0,2,0.82091594,0.01413664,0.072355166,0.041228674,1.1978397e-05,0.010846102,0,0.05475335568189621,0.1252163,0.04405789,2.0697082e-06,0.009530453,0,0.09557480365037918,0.8024285,0.9147134,0.99998605,0.9796234,0,0.8496718406677246
TSBD_WSSV_7568f33745,1,0,2,0.84933376,0.009018128,0.07383488,0.039646957,1.1139244e-05,0.010562397,0,0.05475335568189621,0.11472617,0.056044012,5.393968e-06,0.012456813,0,0.09557480365037918,0.811439,0.904309,0.99998355,0.9769808,0,0.8496718406677246
TSBD_WSSV_c0b728f042,1,0,2,0.85002655,0.009787341,0.07701333,0.040931273,1.20744335e-05,0.0110005345,0,0.05475335568189621,0.104433015,0.046494182,2.5573804e-06,0.009501653,0,0.09557480365037918,0.8185536,0.9125745,0.99998546,0.97949785,0,0.8496718406677246
TSBD_WSSV_7555e38281,1,0,2,0.8424992,0.011028954,0.098379835,0.042909354,1.4299779e-05,0.01266781,0,0.05475335568189621,0.086823,0.042004153,1.711958e-06,0.007855479,0,0.09557480365037918,0.81479716,0.9150866,0.999984,0.97947675,0,0.8496718406677246
TSBD_WSSV_d921343af4,1,0,2,0.8375948,0.011683911,0.10219611,0.04228801,1.3364572e-05,0.012600318,0,0.05475335568189621,0.08637655,0.04287435,1.8668368e-06,0.008063795,0,0.09557480365037918,0.8114274,0.9148376,0.99998474,0.9793359,0,0.8496718406677246
TSBD_WSSV_94a3c39469,0,0,2,0.3162098,0.13113895,0.07056078,0.043530516,1.5437305e-05,0.0141040245,0,0.05475335568189621,0.48948923,0.06674989,1.1855805e-05,0.031942826,0,0.09557480365037918,0.43995005,0.88971955,0.9999727,0.9539531,0,0.8496718406677246
TSBD_WSSV_65692fdd3f,1,0,2,0.84029734,0.011360992,0.085142426,0.041589662,1.24992275e-05,0.011568756,0,0.05475335568189621,0.10128451,0.04305667,1.8950545e-06,0.0085624475,0,0.09557480365037918,0.81357306,0.9153536,0.9999856,0.97986877,0,0.8496718406677246
TSBD_WSSV_0464ee44c0,1,0,2,0.8482881,0.010328232,0.07735629,0.041307,1.1817258e-05,0.011003737,0,0.05475335568189621,0.10277797,0.043309174,1.9309846e-06,0.0086424025,0,0.09557480365037918,0.81986576,0.91538376,0.9999863,0.98035383,0,0.8496718406677246
TSBD_WSSV_51f7222cef,1,0,2,0.791525,0.018615708,0.06752448,0.041910976,1.3109942e-05,0.010930343,0,0.05475335568189621,0.14585806,0.04327911,1.9061536e-06,0.009873866,0,0.09557480365037918,0.7866175,0.9148099,0.999985,0.97919583,0,0.8496718406677246
TSBD_WSSV_148921b882,1,0,2,0.8488285,0.010185527,0.08271288,0.042013172,1.3044855e-05,0.0115778735,0,0.05475335568189621,0.09784955,0.04298771,1.8566993e-06,0.008400708,0,0.09557480365037918,0.81943756,0.9149992,0.9999851,0.9800214,0,0.8496718406677246
TSBD_WSSV_49f573118f,1,0,2,0.8145376,0.015054783,0.07286661,0.041700162,1.251379e-05,0.0110421525,0,0.05475335568189621,0.12864174,0.043695044,1.9831098e-06,0.009518672,0,0.09557480365037918,0.7984916,0.9146048,0.99998546,0.9794392,0,0.8496718406677246
TSBD_WSSV_f7bb98aadd,1,0,2,0.8267509,0.013009082,0.0825327,0.039232895,1.00155485e-05,0.010718427,0,0.05475335568189621,0.11499009,0.047301512,2.6343969e-06,0.010025262,0,0.09557480365037918,0.8024773,0.91346556,0.99998736,0.9792563,0,0.8496718406677246
TSBD_WSSV_32f477127b,1,0,2,0.8379351,0.01095488,0.06568307,0.032727297,4.990211e-06,0.0079337,0,0.05475335568189621,0.12814736,0.058694147,6.164927e-06,0.013601457,0,0.09557480365037918,0.80616957,0.9085786,0.9999888,0.97846484,0,0.8496718406677246
TSBD_WSSV_6532d5dd16,0,0,0,0.19342399,0.21719334,0.32564616,0.9233845,0.9998952,0.9416709,0,0.05475335568189621,0.603547,0.05121982,0.00010322689,0.05073171,0,0.09557480365037918,0.070806816,0.025395736,1.6027343e-06,0.0075974152,0,0.8496718406677246
TSBD_WSSV_399a1e23cc,1,0,2,0.85006016,0.010144787,0.07850899,0.04197972,1.2768406e-05,0.011305472,0,0.05475335568189621,0.0999393,0.042144034,1.7254882e-06,0.008258346,0,0.09557480365037918,0.8215517,0.9158762,0.9999856,0.9804362,0,0.8496718406677246
TSBD_WSSV_c07e032039,1,0,2,0.84995025,0.010114687,0.08186141,0.04221228,1.2932474e-05,0.011532767,0,0.05475335568189621,0.09721357,0.042118937,1.7131055e-06,0.008166726,0,0.09557480365037918,0.82092506,0.91566885,0.99998546,0.9803005,0,0.8496718406677246
TSBD_WSSV_a3b514246a,1,0,2,0.8476746,0.010469635,0.07747766,0.043057162,1.4276177e-05,0.01164471,0,0.05475335568189621,0.102287844,0.04136663,1.6208818e-06,0.00815747,0,0.09557480365037918,0.8202346,0.9155763,0.999984,0.98019785,0,0.8496718406677246
TSBD_WSSV_9e8ca9f55f,1,0,2,0.84973884,0.010154156,0.08152178,0.042219307,1.3029006e-05,0.011533793,0,0.05475335568189621,0.09758923,0.042032138,1.7024652e-06,0.008159854,0,0.09557480365037918,0.82088894,0.9157486,0.99998534,0.9803064,0,0.8496718406677246
TSBD_WSSV_978efa34a6,1,0,2,0.8468463,0.010602346,0.07573794,0.04233281,1.3271896e-05,0.011301385,0,0.05475335568189621,0.10439351,0.041938543,1.6922828e-06,0.008340402,0,0.09557480365037918,0.81986856,0.9157287,0.9999851,0.98035824,0,0.8496718406677246
TSBD_WSSV_4575fa460f,1,0,2,0.8503507,0.010041893,0.080940515,0.042854656,1.40498505e-05,0.011757253,0,0.05475335568189621,0.09787225,0.041806947,1.676563e-06,0.008122518,0,0.09557480365037918,0.8211872,0.9153384,0.99998426,0.98012024,0,0.8496718406677246
TSBD_WSSV_6e2231b074,1,0,2,0.8435469,0.011006575,0.07341247,0.039768793,1.0424818e-05,0.0103712175,0,0.05475335568189621,0.109591305,0.044611536,2.1024887e-06,0.009122673,0,0.09557480365037918,0.81699616,0.9156197,0.9999875,0.9805062,0,0.8496718406677246
TSBD_WSSV_18c088457d,1,0,2,0.8443606,0.010961566,0.0738909,0.04201038,1.2826228e-05,0.011096388,0,0.05475335568189621,0.107606515,0.042230856,1.7391586e-06,0.008507255,0,0.09557480365037918,0.81850266,0.9157587,0.99998534,0.9803964,0,0.8496718406677246
TSBD_WSSV_77302aa089,1,0,2,0.8499237,0.010135442,0.08003609,0.04266001,1.3867773e-05,0.011655818,0,0.05475335568189621,0.09873967,0.041709997,1.6788562e-06,0.008140759,0,0.09557480365037918,0.8212243,0.91563,0.9999845,0.98020345,0,0.8496718406677246
TSBD_WSSV_bc1451b5cd,1,0,2,0.8483878,0.010384324,0.076712325,0.04183508,1.2493532e-05,0.011153009,0,0.05475335568189621,0.102640904,0.042302303,1.7458095e-06,0.008373061,0,0.09557480365037918,0.82064676,0.91586256,0.9999857,0.98047394,0,0.8496718406677246
TSBD_WSSV_2c0825dfbc,1,1,2,0.8515978,0.009894234,0.08435173,0.043274812,1.4460076e-05,0.012043657,0,0.05475335568189621,0.09358963,0.04103635,1.5675e-06,0.007819566,0,0.09557480365037918,0.8220587,0.9156888,0.999984,0.9801368,1,0.8496718406677246
TSBD_WSSV_21eca1a9bc,1,0,2,0.8466959,0.010563732,0.08060141,0.042175494,1.30693e-05,0.011499109,0,0.05475335568189621,0.100550495,0.04215068,1.7297693e-06,0.008289165,0,0.09557480365037918,0.8188481,0.91567385,0.9999851,0.9802118,0,0.8496718406677246
TSBD_WSSV_a7578fa09c,1,1,2,0.8517108,0.009879028,0.08404921,0.04343978,1.4732858e-05,0.012093559,0,0.05475335568189621,0.09377974,0.040910084,1.5514183e-06,0.0077977297,0,0.09557480365037918,0.82217103,0.9156501,0.99998367,0.98010874,1,0.8496718406677246
TSBD_WSSV_8acd11d1ec,1,1,2,0.85080236,0.010025258,0.08141622,0.042115472,1.2920048e-05,0.011492418,0,0.05475335568189621,0.096853666,0.041998398,1.699137e-06,0.008129283,0,0.09557480365037918,0.82173014,0.9158861,0.99998546,0.9803783,1,0.8496718406677246
TSBD_WSSV_ce8f668353,1,1,2,0.8514279,0.009920577,0.08415383,0.042917337,1.4063699e-05,0.011923166,0,0.05475335568189621,0.09390418,0.04132964,1.6135701e-06,0.007899981,0,0.09557480365037918,0.82194203,0.915753,0.99998426,0.98017687,1,0.8496718406677246
TSBD_WSSV_c5bb7f551a,1,1,2,0.85086167,0.010013292,0.08115528,0.042617068,1.3599212e-05,0.01165889,0,0.05475335568189621,0.09702655,0.041621923,1.6508293e-06,0.008054305,0,0.09557480365037918,0.8218181,0.915761,0.99998474,0.98028684,1,0.8496718406677246
TSBD_WSSV_95dc6e27d4,1,0,2,0.844614,0.010868472,0.07912915,0.04163246,1.2474935e-05,0.011259292,0,0.05475335568189621,0.103230126,0.04252469,1.7745607e-06,0.008446567,0,0.09557480365037918,0.8176407,0.9158429,0.9999857,0.98029417,0,0.8496718406677246
TSBD_WSSV_309436940c,1,0,2,0.8429516,0.011114999,0.07602035,0.041694004,1.2514508e-05,0.011120854,0,0.05475335568189621,0.10702237,0.042594798,1.7965577e-06,0.00858443,0,0.09557480365037918,0.8169572,0.9157111,0.9999857,0.9802947,0,0.8496718406677246
TSBD_WSSV_29362e9f5a,1,0,2,0.85009366,0.010123024,0.080632344,0.04215503,1.2958547e-05,0.0114674345,0,0.05475335568189621,0.09805375,0.04199372,1.68979e-06,0.008156552,0,0.09557480365037918,0.8213139,0.9158513,0.99998534,0.98037595,0,0.8496718406677246
TSBD_WSSV_e67891395a,1,1,2,0.8504771,0.010052737,0.08322602,0.042089425,1.2974326e-05,0.011589223,0,0.05475335568189621,0.09549397,0.042069707,1.7160484e-06,0.008112453,0,0.09557480365037918,0.82128,0.91584086,0.99998534,0.98029834,1,0.8496718406677246
TSBD_WSSV_2653717417,1,1,2,0.85137886,0.009931361,0.083148636,0.042976014,1.41722985e-05,0.011898651,0,0.05475335568189621,0.09485123,0.04129636,1.6070188e-06,0.007918413,0,0.09557480365037918,0.8220001,0.9157276,0.99998426,0.98018295,1,0.8496718406677246
TSBD_WSSV_c98c109e0f,1,1,2,0.85092026,0.010008576,0.08065429,0.042944144,1.3922781e-05,0.0117282495,0,0.05475335568189621,0.09738122,0.04135485,1.6058273e-06,0.007996587,0,0.09557480365037918,0.8219645,0.91570103,0.9999845,0.9802752,1,0.8496718406677246
TSBD_WSSV_3339e18081,1,1,2,0.8510812,0.009974896,0.0820359,0.042580985,1.35480805e-05,0.011689599,0,0.05475335568189621,0.096125305,0.04167569,1.6534779e-06,0.008035186,0,0.09557480365037918,0.8218388,0.9157434,0.99998474,0.9802752,1,0.8496718406677246
TSBD_WSSV_f675da990c,1,1,2,0.85132086,0.0099467905,0.0827261,0.04251065,1.3518307e-05,0.011708798,0,0.05475335568189621,0.09528245,0.041657396,1.6612546e-06,0.00801553,0,0.09557480365037918,0.8219914,0.915832,0.99998486,0.9802757,1,0.8496718406677246
TSBD_WSSV_e8d0267684,1,1,2,0.8510725,0.009968902,0.084091194,0.042948328,1.4017355e-05,0.011917207,0,0.05475335568189621,0.09420192,0.041298587,1.6167647e-06,0.007909953,0,0.09557480365037918,0.82170683,0.9157531,0.99998426,0.9801729,1,0.8496718406677246
TSBD_WSSV_93ee9c6175,1,0,2,0.85019714,0.010128429,0.07978146,0.04219905,1.30296785e-05,0.011441295,0,0.05475335568189621,0.098613344,0.041840795,1.6701943e-06,0.00813931,0,0.09557480365037918,0.82160515,0.9159602,0.99998534,0.98041934,0,0.8496718406677246
TSBD_WSSV_56b93bffca,1,0,2,0.8503512,0.010041694,0.087344445,0.043122787,1.4399033e-05,0.012166571,0,0.05475335568189621,0.09175942,0.041215997,1.6059735e-06,0.00782179,0,0.09557480365037918,0.82089615,0.9156613,0.999984,0.98001164,0,0.8496718406677246
TSBD_WSSV_05e0a12846,1,1,2,0.8505495,0.010030768,0.08745528,0.042377036,1.3304387e-05,0.01188724,0,0.05475335568189621,0.09142893,0.04176718,1.6720694e-06,0.007922348,0,0.09557480365037918,0.82111573,0.91585577,0.999985,0.9801904,1,0.8496718406677246
TSBD_WSSV_0bc0ac833f,1,0,2,0.84975815,0.010127123,0.08807229,0.04231314,1.3302914e-05,0.011911053,0,0.05475335568189621,0.09146016,0.041900553,1.7026562e-06,0.00796542,0,0.09557480365037918,0.82046753,0.9157863,0.999985,0.9801235,0,0.8496718406677246
TSBD_WSSV_026c64bd33,1,0,2,0.84994227,0.010131264,0.08168908,0.042671956,1.384684e-05,0.011737359,0,0.05475335568189621,0.09719726,0.041590974,1.6536258e-06,0.008061109,0,0.09557480365037918,0.82111365,0.9157371,0.9999845,0.9802015,0,0.8496718406677246
TSBD_WSSV_9f2b1f9f8f,1,0,2,0.8396564,0.011650639,0.07258347,0.043178454,1.4533748e-05,0.011455921,0,0.05475335568189621,0.11119545,0.04123329,1.6249999e-06,0.008405313,0,0.09557480365037918,0.8162211,0.91558826,0.9999838,0.9801388,0,0.8496718406677246
TSBD_WSSV_38f10d750a,1,1,2,0.85156107,0.009909527,0.08369369,0.042749733,1.376429e-05,0.011827901,0,0.05475335568189621,0.094212174,0.041439783,1.6375463e-06,0.007941608,0,0.09557480365037918,0.8220942,0.91581047,0.9999846,0.98023045,1,0.8496718406677246
TSBD_WSSV_76536085a9,1,1,2,0.85141814,0.009934244,0.0824874,0.042974807,1.4091639e-05,0.011851349,0,0.05475335568189621,0.0953818,0.041263964,1.6050509e-06,0.007928869,0,0.09557480365037918,0.82213074,0.9157613,0.9999844,0.98021984,1,0.8496718406677246
TSBD_WSSV_e36aec3084,1,0,2,0.8227943,0.014068023,0.06686795,0.0409957,1.1632275e-05,0.010447592,0,0.05475335568189621,0.12712467,0.04334489,1.8987863e-06,0.009335172,0,0.09557480365037918,0.80600744,0.91565937,0.9999864,0.9802172,0,0.8496718406677246
TSBD_WSSV_b632ff4665,1,0,2,0.84773016,0.010469668,0.07698277,0.042056143,1.2879894e-05,0.011263229,0,0.05475335568189621,0.10282876,0.0421369,1.7247854e-06,0.008344585,0,0.09557480365037918,0.8201884,0.9158069,0.99998546,0.9803921,0,0.8496718406677246
TSBD_WSSV_f392420764,1,1,1,0.44353476,0.08797519,0.062161747,0.05880582,5.8899886e-06,0.011799608,0,0.05475335568189621,0.56799144,0.89246124,0.9999875,0.9675115,1,0.09557480365037918,0.36984682,0.04873301,6.5717913e-06,0.020688893,0,0.8496718406677246
TSBD_WSSV_08f57edf07,1,0,2,0.8479142,0.0104390485,0.07699015,0.042904537,1.4079372e-05,0.011567413,0,0.05475335568189621,0.102582805,0.04151815,1.6715916e-06,0.008229058,0,0.09557480365037918,0.82042706,0.9155773,0.99998426,0.9802035,0,0.8496718406677246
TSBD_WSSV_922a715bec,1,1,2,0.85119915,0.009894484,0.0868221,0.042243384,1.3234646e-05,0.0118289795,0,0.05475335568189621,0.091985025,0.042385332,1.7659427e-06,0.008080461,0,0.09557480365037918,0.82119286,0.9153713,0.999985,0.98009056,1,0.8496718406677246
TSBD_WSSV_aa0b3c4c15,1,1,2,0.8508563,0.009992963,0.0815075,0.042036142,1.3014164e-05,0.011504879,0,0.05475335568189621,0.09694201,0.04229455,1.7531631e-06,0.008209582,0,0.09557480365037918,0.8215505,0.91566926,0.9999852,0.9802855,1,0.8496718406677246
TSBD_WSSV_daa4ba808b,1,1,2,0.85150874,0.00988221,0.08515081,0.042480808,1.3543145e-05,0.011829972,0,0.05475335568189621,0.09315029,0.041937605,1.691611e-06,0.008006324,0,0.09557480365037918,0.8216989,0.91558146,0.99998474,0.9801637,1,0.8496718406677246
TSBD_WSSV_311dd1baf7,1,1,2,0.85167444,0.009880748,0.0848251,0.0424396,1.3444008e-05,0.011789969,0,0.05475335568189621,0.0931866,0.041793756,1.669125e-06,0.007972564,0,0.09557480365037918,0.8219883,0.9157667,0.99998486,0.9802375,1,0.8496718406677246
TSBD_WSSV_34ee093e2e,1,0,2,0.8499204,0.010104436,0.086113155,0.04263888,1.3606309e-05,0.011911798,0,0.05475335568189621,0.09324636,0.041658554,1.6594508e-06,0.007957434,0,0.09557480365037918,0.82064044,0.9157025,0.99998474,0.9801308,0,0.8496718406677246
TSBD_WSSV_cbb32ff38a,1,0,2,0.83389443,0.0125197265,0.06815272,0.04230443,1.2936099e-05,0.0108628115,0,0.05475335568189621,0.11840123,0.041989993,1.7077418e-06,0.008761197,0,0.09557480365037918,0.81344604,0.9157055,0.99998534,0.980376,0,0.8496718406677246
TSBD_WSSV_9291ca740d,1,0,2,0.8501943,0.010072629,0.08718131,0.04254371,1.3744367e-05,0.011973558,0,0.05475335568189621,0.09198401,0.041667264,1.6679343e-06,0.007927144,0,0.09557480365037918,0.82083464,0.915789,0.9999846,0.9800993,0,0.8496718406677246
TSBD_WSSV_73bc44153b,1,0,2,0.84954387,0.010154326,0.090359494,0.042841308,1.4007948e-05,0.012210654,0,0.05475335568189621,0.089349926,0.04136855,1.6219692e-06,0.007779082,0,0.09557480365037918,0.82029057,0.9157901,0.99998426,0.9800102,0,0.8496718406677246
TSBD_WSSV_4491558e57,1,0,2,0.8468016,0.0105286855,0.094803534,0.042373903,1.3470613e-05,0.012268599,0,0.05475335568189621,0.086768575,0.04178094,1.6846531e-06,0.0077983695,0,0.09557480365037918,0.8184279,0.9158452,0.99998486,0.9799331,0,0.8496718406677246
TSBD_WSSV_1ee4a00587,1,1,2,0.8514656,0.009920828,0.0845622,0.04259497,1.3615876e-05,0.011826062,0,0.05475335568189621,0.09347556,0.041548748,1.6537903e-06,0.007945108,0,0.09557480365037918,0.82196224,0.9158563,0.99998474,0.9802288,1,0.8496718406677246
TSBD_WSSV_ecb905238d,1,0,2,0.8500297,0.010104609,0.084040105,0.04192014,1.2704321e-05,0.011561133,0,0.05475335568189621,0.095105365,0.04226017,1.7446557e-06,0.008145774,0,0.09557480365037918,0.82085454,0.9158197,0.99998546,0.9802931,0,0.8496718406677246
TSBD_WSSV_ccd255a2df,1,1,2,0.85105133,0.0099627245,0.087484024,0.04272777,1.3770657e-05,0.012012935,0,0.05475335568189621,0.09103768,0.041446127,1.6392854e-06,0.007850364,0,0.09557480365037918,0.8214783,0.9158261,0.9999845,0.9801367,1,0.8496718406677246
TSBD_WSSV_584c5a10d0,1,0,2,0.84896237,0.010221885,0.088311456,0.042288784,1.330223e-05,0.011922626,0,0.05475335568189621,0.09188134,0.042025983,1.7047685e-06,0.007993286,0,0.09557480365037918,0.81980723,0.91568524,0.999985,0.98008406,0,0.8496718406677246
TSBD_WSSV_aa58f57ab0,1,0,2,0.84618783,0.010619126,0.09308551,0.04165388,1.2537971e-05,0.011927539,0,0.05475335568189621,0.088871315,0.04240653,1.7629286e-06,0.007991162,0,0.09557480365037918,0.8180432,0.91593957,0.9999857,0.9800813,0,0.8496718406677246
TSBD_WSSV_4f3b6f89a8,1,1,2,0.85111165,0.009949028,0.086893864,0.0429196,1.4008322e-05,0.012049862,0,0.05475335568189621,0.09160305,0.04133789,1.6231235e-06,0.007842587,0,0.09557480365037918,0.8215031,0.9157425,0.99998426,0.98010755,1,0.8496718406677246
TSBD_WSSV_279702ba92,1,1,2,0.85051996,0.01003595,0.08447967,0.042289622,1.354945e-05,0.011775927,0,0.05475335568189621,0.0943335,0.041934356,1.7055842e-06,0.008055758,0,0.09557480365037918,0.8211868,0.915776,0.99998474,0.98016834,1,0.8496718406677246
TSBD_WSSV_9dc876dd17,1,0,2,0.84362715,0.0110658845,0.07395057,0.041510686,1.2139782e-05,0.010921822,0,0.05475335568189621,0.1081158,0.04257109,1.7880259e-06,0.008601796,0,0.09557480365037918,0.8179336,0.9159183,0.99998605,0.9804763,0,0.8496718406677246
TSBD_WSSV_0ce34b5766,1,1,2,0.85101086,0.009962513,0.085256055,0.04225892,1.3327754e-05,0.011770133,0,0.05475335568189621,0.09330468,0.042006582,1.7177294e-06,0.008041975,0,0.09557480365037918,0.8214393,0.9157345,0.999985,0.9801879,1,0.8496718406677246
TSBD_WSSV_6c3afb6716,1,0,2,0.8487329,0.010267684,0.085156344,0.041565273,1.2488911e-05,0.0115355365,0,0.05475335568189621,0.09504469,0.042644586,1.7917174e-06,0.008224232,0,0.09557480365037918,0.81979895,0.9157901,0.9999857,0.9802402,0,0.8496718406677246
TSBD_WSSV_366db07a25,1,1,2,0.85152686,0.009910963,0.08392626,0.042979784,1.4216657e-05,0.011944638,0,0.05475335568189621,0.094016105,0.04125299,1.6103999e-06,0.007893012,0,0.09557480365037918,0.82205766,0.9157673,0.99998415,0.9801624,1,0.8496718406677246
TSBD_WSSV_b84a0005bf,1,1,2,0.85088485,0.009995049,0.08286405,0.042032965,1.2877781e-05,0.011546537,0,0.05475335568189621,0.09558562,0.042167354,1.719825e-06,0.008126688,0,0.09557480365037918,0.8215503,0.9157996,0.99998546,0.9803268,1,0.8496718406677246
TSBD_WSSV_6624c91a73,1,1,2,0.85125494,0.009948596,0.0858684,0.041971922,1.2891063e-05,0.011683939,0,0.05475335568189621,0.092406325,0.042079937,1.7269086e-06,0.008028638,0,0.09557480365037918,0.8217253,0.9159482,0.99998546,0.98028743,1,0.8496718406677246
TSBD_WSSV_8a1517bc0e,1,1,2,0.85089874,0.010017332,0.08076451,0.042642713,1.3660316e-05,0.011652021,0,0.05475335568189621,0.097289175,0.04154538,1.6454111e-06,0.008049415,0,0.09557480365037918,0.8219464,0.9158119,0.9999846,0.9802986,1,0.8496718406677246
TSBD_WSSV_cada06cffd,1,1,2,0.85085636,0.009987234,0.08300857,0.043368846,1.480884e-05,0.0120471725,0,0.05475335568189621,0.09541107,0.04109806,1.6163135e-06,0.00792761,0,0.09557480365037918,0.82158035,0.915533,0.99998355,0.98002523,1,0.8496718406677246
TSBD_WSSV_72abeff3dc,1,0,2,0.84967995,0.010127828,0.08896552,0.04294787,1.4056177e-05,0.012166664,0,0.05475335568189621,0.09069058,0.041366782,1.6273968e-06,0.007825021,0,0.09557480365037918,0.82034385,0.91568536,0.99998426,0.9800083,0,0.8496718406677246
TSBD_WSSV_71629aa3f2,1,1,2,0.8517241,0.009891762,0.083163045,0.04282597,1.3917814e-05,0.011836415,0,0.05475335568189621,0.09456157,0.04136468,1.6232631e-06,0.007930918,0,0.09557480365037918,0.8222754,0.9158094,0.9999844,0.98023266,1,0.8496718406677246
TSBD_WSSV_bd69e16b82,1,0,2,0.8486787,0.010339171,0.077723674,0.042139105,1.3065812e-05,0.011340332,0,0.05475335568189621,0.1015113,0.04201483,1.7162332e-06,0.00828558,0,0.09557480365037918,0.82076496,0.9158461,0.9999852,0.9803741,0,0.8496718406677246
TSBD_WSSV_6fd5eb945a,1,0,2,0.8324926,0.012631213,0.069758385,0.040177986,1.0936964e-05,0.010357122,0,0.05475335568189621,0.11923871,0.04394385,2.0129694e-06,0.009273078,0,0.09557480365037918,0.81100285,0.9158781,0.999987,0.9803698,0,0.8496718406677246
TSBD_WSSV_7ed3990ccb,1,0,2,0.81975126,0.014147557,0.0652169,0.03569945,6.8017457e-06,0.008768475,0,0.05475335568189621,0.13498932,0.05027838,3.2838877e-06,0.011407231,0,0.09557480365037918,0.7997938,0.9140222,0.99998987,0.9798243,0,0.8496718406677246
TSBD_WSSV_8b1c70a3bc,1,0,2,0.8472869,0.010466852,0.07648463,0.039579887,1.0222104e-05,0.010448675,0,0.05475335568189621,0.10449172,0.04480219,2.144646e-06,0.009017231,0,0.09557480365037918,0.8190237,0.9156179,0.9999876,0.9805341,0,0.8496718406677246
TSBD_WSSV_f583f8e371,1,0,2,0.8226214,0.014123648,0.068078764,0.041796543,1.2479422e-05,0.01075313,0,0.05475335568189621,0.12567222,0.04237657,1.7595894e-06,0.009062568,0,0.09557480365037918,0.806249,0.9158269,0.9999857,0.98018426,0,0.8496718406677246
TSBD_WSSV_493953f127,1,0,2,0.84851676,0.010351372,0.07882324,0.041977227,1.28480215e-05,0.011339665,0,0.05475335568189621,0.10071412,0.04214036,1.7204746e-06,0.008278917,0,0.09557480365037918,0.8204626,0.91588247,0.99998546,0.9803814,0,0.8496718406677246
TSBD_WSSV_1139b0bbb2,1,0,2,0.84826565,0.0103756385,0.08043107,0.042602666,1.3610994e-05,0.011629946,0,0.05475335568189621,0.09937705,0.041580666,1.6455682e-06,0.008118375,0,0.09557480365037918,0.8201919,0.9158166,0.99998474,0.98025167,0,0.8496718406677246
TSBD_WSSV_735499e204,1,0,2,0.8381859,0.0117239375,0.0793739,0.041655872,1.2496737e-05,0.011298686,0,0.05475335568189621,0.10751286,0.042737182,1.8262944e-06,0.008651973,0,0.09557480365037918,0.8131133,0.915607,0.9999857,0.9800494,0,0.8496718406677246
TSBD_WSSV_01066cc969,1,0,2,0.84538704,0.010820427,0.07504175,0.04301914,1.4063095e-05,0.011481235,0,0.05475335568189621,0.1056771,0.04133913,1.6183243e-06,0.008249686,0,0.09557480365037918,0.8192812,0.9156418,0.99998426,0.980269,0,0.8496718406677246
TSBD_WSSV_941d089361,1,0,2,0.84287065,0.011131941,0.07593527,0.041012295,1.1682525e-05,0.010884552,0,0.05475335568189621,0.107234895,0.04308824,1.8573446e-06,0.008693493,0,0.09557480365037918,0.81682986,0.9158995,0.9999864,0.980422,0,0.8496718406677246
TSBD_WSSV_629e5c7c92,1,0,2,0.833788,0.012061765,0.09005788,0.03815345,8.659293e-06,0.010579711,0,0.05475335568189621,0.102470264,0.048129763,2.7757699e-06,0.00978761,0,0.09557480365037918,0.8074719,0.91371685,0.99998856,0.9796327,0,0.8496718406677246
TSBD_WSSV_cf01831715,1,0,2,0.8454713,0.01076286,0.07734055,0.043079533,1.4047773e-05,0.0116102975,0,0.05475335568189621,0.10393552,0.041436076,1.6353112e-06,0.008229347,0,0.09557480365037918,0.818724,0.91548437,0.99998426,0.98016036,0,0.8496718406677246
TSBD_WSSV_2c0f3e0b28,1,0,2,0.8494317,0.010204903,0.07998175,0.043424048,1.4684803e-05,0.011882403,0,0.05475335568189621,0.09897457,0.041062247,1.57972e-06,0.00799289,0,0.09557480365037918,0.82104367,0.91551375,0.9999838,0.9801247,0,0.8496718406677246
TSBD_WSSV_801c0b8b82,1,0,2,0.84931004,0.010237847,0.07959914,0.043215226,1.4478291e-05,0.011802758,0,0.05475335568189621,0.09930774,0.041116647,1.5954511e-06,0.00802258,0,0.09557480365037918,0.8210931,0.91566813,0.999984,0.98017466,0,0.8496718406677246
TSBD_WSSV_f2274525f7,1,1,2,0.851852,0.009854653,0.08540887,0.043222774,1.4490902e-05,0.012093889,0,0.05475335568189621,0.09245469,0.041079827,1.5912675e-06,0.007812796,0,0.09557480365037918,0.82213646,0.91569746,0.9999839,0.9800933,1,0.8496718406677246
TSBD_WSSV_2e17c58aad,1,1,2,0.85158396,0.00988952,0.08638119,0.043076266,1.4303804e-05,0.012092892,0,0.05475335568189621,0.0917276,0.041179452,1.6037117e-06,0.00781254,0,0.09557480365037918,0.8218912,0.9157443,0.99998415,0.9800946,1,0.8496718406677246
TSBD_WSSV_bb9d07b1e5,1,1,2,0.85164016,0.009897997,0.08416369,0.04284571,1.3907585e-05,0.01188736,0,0.05475335568189621,0.09370733,0.041338403,1.6098568e-06,0.007890789,0,0.09557480365037918,0.8221289,0.9158159,0.9999844,0.98022187,1,0.8496718406677246
TSBD_WSSV_950d6de8a1,1,0,2,0.8414666,0.011310786,0.074058,0.041345973,1.21731e-05,0.010922875,0,0.05475335568189621,0.109919414,0.04315277,1.8712095e-06,0.008791562,0,0.09557480365037918,0.8160225,0.91550124,0.99998593,0.9802856,0,0.8496718406677246
TSBD_WSSV_0b909fea6f,1,0,2,0.8447056,0.010874368,0.07694413,0.041191358,1.1885729e-05,0.01098893,0,0.05475335568189621,0.10510695,0.04290594,1.8370138e-06,0.00859315,0,0.09557480365037918,0.81794894,0.9159027,0.9999863,0.9804179,0,0.8496718406677246
TSBD_WSSV_50b41d3123,1,1,2,0.851182,0.009956124,0.084376164,0.04198168,1.2842729e-05,0.01160581,0,0.05475335568189621,0.09392352,0.04213956,1.7254403e-06,0.008078891,0,0.09557480365037918,0.82170033,0.9158787,0.99998546,0.9803153,1,0.8496718406677246
TSBD_WSSV_1d66e28720,1,1,2,0.8516807,0.009908937,0.082047805,0.04273449,1.36958215e-05,0.01173155,0,0.05475335568189621,0.095563516,0.041407913,1.6200282e-06,0.007960829,0,0.09557480365037918,0.8223887,0.9158576,0.9999846,0.98030764,1,0.8496718406677246
TSBD_WSSV_f9303a9060,1,0,2,0.845306,0.010840646,0.07478098,0.043760452,1.5082522e-05,0.011717257,0,0.05475335568189621,0.10570574,0.040749144,1.5305747e-06,0.008105431,0,0.09557480365037918,0.81951326,0.9154904,0.9999833,0.98017734,0,0.8496718406677246
TSBD_WSSV_ffd6ae5c1c,1,1,2,0.8513161,0.009925089,0.08621971,0.04289928,1.4235123e-05,0.012051911,0,0.05475335568189621,0.0920863,0.04134933,1.624201e-06,0.007858248,0,0.09557480365037918,0.82169396,0.91575134,0.99998415,0.98008984,1,0.8496718406677246
TSBD_WSSV_6a97515cc2,1,0,2,0.82902217,0.01325918,0.06735237,0.043015942,1.4128724e-05,0.011102632,0,0.05475335568189621,0.12147019,0.041275743,1.6005566e-06,0.008666221,0,0.09557480365037918,0.8111775,0.9157083,0.99998426,0.98023117,0,0.8496718406677246
TSBD_WSSV_6a19d7effb,1,0,2,0.8344928,0.012352906,0.07437957,0.04247138,1.341523e-05,0.011304091,0,0.05475335568189621,0.11327381,0.041668948,1.6510028e-06,0.008540326,0,0.09557480365037918,0.8123467,0.9158597,0.99998486,0.98015565,0,0.8496718406677246
TSBD_WSSV_9872bb742f,1,0,2,0.8499844,0.010112396,0.08425333,0.04239024,1.3165752e-05,0.011712596,0,0.05475335568189621,0.09487825,0.04180932,1.6625231e-06,0.0080218315,0,0.09557480365037918,0.8208685,0.9158004,0.9999852,0.98026556,0,0.8496718406677246
TSBD_WSSV_e44f2c0a8a,1,1,2,0.85141295,0.009929732,0.0820415,0.042876944,1.3999484e-05,0.011801666,0,0.05475335568189621,0.09585936,0.041426074,1.6376616e-06,0.007989111,0,0.09557480365037918,0.8220992,0.91569704,0.9999844,0.9802092,1,0.8496718406677246
TSBD_WSSV_f1294af3d4,1,0,2,0.79446226,0.017422581,0.14574505,0.050366793,2.6431913e-05,0.017896505,0,0.05475335568189621,0.07412873,0.038886424,1.2971192e-06,0.006880504,0,0.09557480365037918,0.7801262,0.91074675,0.9999722,0.975223,0,0.8496718406677246
TSBD_WSSV_264790eb51,1,0,2,0.8490554,0.010213877,0.08906542,0.042456575,1.3359083e-05,0.011989076,0,0.05475335568189621,0.091031976,0.041810248,1.6690105e-06,0.007914877,0,0.09557480365037918,0.81990266,0.9157332,0.999985,0.98009604,0,0.8496718406677246
TSBD_WSSV_11430ce0d0,1,0,2,0.85019743,0.010046334,0.08788326,0.043403056,1.50066535e-05,0.012330308,0,0.05475335568189621,0.09145339,0.041087378,1.5990174e-06,0.007795165,0,0.09557480365037918,0.82066333,0.91550964,0.99998343,0.9798745,0,0.8496718406677246
TSBD_WSSV_74c3607b95,1,1,2,0.8504061,0.010060328,0.08255981,0.042224936,1.3214772e-05,0.011616139,0,0.05475335568189621,0.096179426,0.042002816,1.70067e-06,0.008112466,0,0.09557480365037918,0.82126075,0.9157722,0.9999851,0.98027134,1,0.8496718406677246
TSBD_WSSV_2c43cd74d0,1,0,2,0.8477252,0.010402179,0.09220088,0.041843902,1.2741851e-05,0.011946261,0,0.05475335568189621,0.08875807,0.042319242,1.7441217e-06,0.007960195,0,0.09557480365037918,0.8190411,0.9158369,0.99998546,0.98009354,0,0.8496718406677246
TSBD_WSSV_59d2b7350f,1,1,2,0.8515191,0.009905414,0.08381682,0.04313088,1.4342693e-05,0.011979638,0,0.05475335568189621,0.09416216,0.041187596,1.5953341e-06,0.007877145,0,0.09557480365037918,0.82202107,0.91568154,0.99998415,0.9801432,1,0.8496718406677246
TSBD_WSSV_5e189248db,1,0,2,0.8493921,0.01017958,0.09091107,0.04239347,1.3411151e-05,0.012074157,0,0.05475335568189621,0.08887229,0.041762635,1.6844378e-06,0.0078573655,0,0.09557480365037918,0.8202167,0.9158439,0.99998486,0.9800685,0,0.8496718406677246
TSBD_WSSV_9f5ca0e80d,1,0,2,0.77282804,0.021377627,0.15599328,0.0446292,1.6562153e-05,0.015850298,0,0.05475335568189621,0.0703698,0.040409006,1.5052547e-06,0.007101019,0,0.09557480365037918,0.7736369,0.9149618,0.9999819,0.9770487,0,0.8496718406677246
TSBD_WSSV_b626137b45,1,0,2,0.84752685,0.010448665,0.091195606,0.04124593,1.1988033e-05,0.011680913,0,0.05475335568189621,0.08974815,0.04272635,1.8026443e-06,0.0080792075,0,0.09557480365037918,0.8190563,0.9160278,0.9999862,0.98023987,0,0.8496718406677246
TSBD_WSSV_27c2a5d56f,1,1,2,0.85142684,0.009906512,0.08441487,0.04315474,1.4263905e-05,0.012000357,0,0.05475335568189621,0.09374677,0.041237753,1.6031948e-06,0.007877737,0,0.09557480365037918,0.8218384,0.91560745,0.99998415,0.9801219,1,0.8496718406677246
TSBD_WSSV_eee60542d7,1,0,2,0.6268293,0.04725015,0.057808384,0.039094757,9.649195e-06,0.00984166,0,0.05475335568189621,0.249657,0.045905124,2.3788912e-06,0.013341445,0,0.09557480365037918,0.6925346,0.9150001,0.99998796,0.9768169,0,0.8496718406677246
TSBD_WSSV_d9ea0715c2,1,1,2,0.85163504,0.009906408,0.08351321,0.042403575,1.3445803e-05,0.011720586,0,0.05475335568189621,0.09431234,0.041693985,1.660507e-06,0.007988531,0,0.09557480365037918,0.82217455,0.9159024,0.99998486,0.98029083,1,0.8496718406677246
TSBD_WSSV_514bb3ccf8,1,0,2,0.54802066,0.06387682,0.2859847,0.04245151,1.3982374e-05,0.019641757,0,0.05475335568189621,0.06868091,0.042509075,1.7994068e-06,0.007916402,0,0.09557480365037918,0.6453344,0.9150395,0.99998426,0.97244185,0,0.8496718406677246
TSBD_WSSV_d3cfe64d62,1,0,2,0.84802353,0.010345525,0.09275904,0.04308412,1.4400664e-05,0.012427873,0,0.05475335568189621,0.0881349,0.04122122,1.6136141e-06,0.0077244756,0,0.09557480365037918,0.819106,0.9156947,0.9999839,0.9798476,0,0.8496718406677246
TSBD_WSSV_f825fa69cd,1,1,2,0.8514817,0.009911983,0.08514956,0.04274282,1.39103295e-05,0.011924017,0,0.05475335568189621,0.09294149,0.04145151,1.6390022e-06,0.007906517,0,0.09557480365037918,0.82190895,0.9158057,0.9999844,0.9801695,1,0.8496718406677246
TSBD_WSSV_b899fa53da,1,1,2,0.8513003,0.009939173,0.08268635,0.043373775,1.4680336e-05,0.012008903,0,0.05475335568189621,0.0953131,0.04100925,1.5759445e-06,0.007876084,0,0.09557480365037918,0.8220005,0.91561705,0.9999838,0.980115,1,0.8496718406677246
TSBD_WSSV_8b9052d96f,1,0,2,0.8385999,0.011770575,0.07366897,0.042067915,1.3037085e-05,0.011143254,0,0.05475335568189621,0.11143767,0.042116586,1.7116957e-06,0.008586157,0,0.09557480365037918,0.8148933,0.9158155,0.99998534,0.9802706,0,0.8496718406677246
TSBD_WSSV_376e37e18c,1,0,2,0.82871836,0.013281368,0.06681834,0.04224155,1.3078015e-05,0.010816308,0,0.05475335568189621,0.12255228,0.04203251,1.7177462e-06,0.008891849,0,0.09557480365037918,0.8106293,0.915726,0.9999852,0.9802918,0,0.8496718406677246
TSBD_WSSV_33b7d18fc1,1,0,2,0.8488788,0.010239408,0.092551365,0.04289426,1.41675e-05,0.012350026,0,0.05475335568189621,0.087665156,0.041342504,1.6239069e-06,0.007728157,0,0.09557480365037918,0.8197835,0.9157632,0.99998415,0.97992176,0,0.8496718406677246
TSBD_WSSV_5ae365cdb5,1,0,2,0.8495265,0.010147172,0.08492437,0.042925846,1.405505e-05,0.011968533,0,0.05475335568189621,0.094719335,0.041544612,1.6639427e-06,0.007996542,0,0.09557480365037918,0.82035625,0.91552955,0.99998426,0.98003495,0,0.8496718406677246
TSBD_WSSV_48983cce39,1,0,2,0.8174327,0.014476499,0.12567817,0.045775343,1.8679204e-05,0.015077635,0,0.05475335568189621,0.07612386,0.040121067,1.4872226e-06,0.007187229,0,0.09557480365037918,0.798198,0.91410357,0.99997985,0.97773516,0,0.8496718406677246
TSBD_WSSV_f41afb12de,1,1,2,0.85056216,0.010025449,0.087077454,0.042417273,1.3468763e-05,0.011903315,0,0.05475335568189621,0.09181661,0.04177238,1.6865177e-06,0.00794807,0,0.09557480365037918,0.82110584,0.9158104,0.99998486,0.98014855,1,0.8496718406677246
TSBD_WSSV_719214e8fc,1,0,2,0.8495916,0.010197247,0.0790879,0.042636182,1.3748221e-05,0.0115847755,0,0.05475335568189621,0.09970638,0.04165467,1.6559932e-06,0.008141663,0,0.09557480365037918,0.8212057,0.91570914,0.9999846,0.98027354,0,0.8496718406677246
TSBD_WSSV_f9b891c236,1,1,2,0.85104805,0.009992133,0.08116583,0.042530335,1.3457028e-05,0.011623749,0,0.05475335568189621,0.0968684,0.041659027,1.6461304e-06,0.008047989,0,0.09557480365037918,0.8219657,0.9158106,0.99998486,0.98032826,1,0.8496718406677246
TSBD_WSSV_60bf799ad0,1,0,2,0.84826124,0.010313529,0.09253556,0.042850297,1.41982155e-05,0.012351368,0,0.05475335568189621,0.088188685,0.041460805,1.651841e-06,0.007782269,0,0.09557480365037918,0.8192757,0.9156888,0.99998415,0.9798663,0,0.8496718406677246
TSBD_WSSV_3221471a09,1,0,2,0.84742045,0.0104418695,0.089113794,0.042431172,1.3297055e-05,0.011981694,0,0.05475335568189621,0.09207136,0.04173958,1.6708834e-06,0.007945251,0,0.09557480365037918,0.8188149,0.9158292,0.999985,0.98007303,0,0.8496718406677246
TSBD_WSSV_81c77d6283,1,0,2,0.8452079,0.010679828,0.09766525,0.043240745,1.4634136e-05,0.0127270585,0,0.05475335568189621,0.085508086,0.04152607,1.6632151e-06,0.0077220094,0,0.09557480365037918,0.81682664,0.91523314,0.99998367,0.9795509,0,0.8496718406677246
TSBD_WSSV_7ba0bac7cd,1,0,2,0.8491192,0.010205174,0.08653825,0.04269716,1.387751e-05,0.011989395,0,0.05475335568189621,0.09344553,0.041649185,1.655783e-06,0.007960705,0,0.09557480365037918,0.82001615,0.91565365,0.9999845,0.9800499,0,0.8496718406677246
TSBD_WSSV_b8b164e72b,1,0,2,0.84925914,0.01022977,0.08164991,0.042443622,1.3441303e-05,0.01164012,0,0.05475335568189621,0.09767995,0.041729588,1.6618409e-06,0.008096895,0,0.09557480365037918,0.8206701,0.9158268,0.99998486,0.980263,0,0.8496718406677246
TSBD_WSSV_7942e3c67c,1,1,2,0.8512066,0.009953259,0.08359225,0.042858426,1.389699e-05,0.011860531,0,0.05475335568189621,0.09457348,0.041384198,1.616509e-06,0.007927861,0,0.09557480365037918,0.82183427,0.9157573,0.9999844,0.9802116,1,0.8496718406677246
TSBD_WSSV_e572949946,1,0,2,0.8400523,0.011430676,0.10220721,0.042643175,1.3682102e-05,0.012693699,0,0.05475335568189621,0.08402149,0.04175034,1.6636292e-06,0.007702856,0,0.09557480365037918,0.81377125,0.91560656,0.9999846,0.97960347,0,0.8496718406677246
TSBD_WSSV_a204c36610,1,0,2,0.85010356,0.010115579,0.08271827,0.041900896,1.276154e-05,0.011503753,0,0.05475335568189621,0.0961541,0.04214451,1.7176174e-06,0.008140581,0,0.09557480365037918,0.8211276,0.9159546,0.9999856,0.9803556,0,0.8496718406677246
TSBD_WSSV_9c4b4f11b8,1,0,2,0.75771064,0.0236155,0.1655364,0.045628697,1.856547e-05,0.016792463,0,0.05475335568189621,0.07114611,0.040394295,1.5125847e-06,0.007163814,0,0.09557480365037918,0.76331747,0.9139771,0.99997985,0.9760437,0,0.8496718406677246
TSBD_WSSV_687a703a75,1,0,2,0.8458889,0.010671173,0.08254585,0.042191587,1.310131e-05,0.011605289,0,0.05475335568189621,0.099290945,0.042019874,1.7177003e-06,0.008231152,0,0.09557480365037918,0.81816316,0.9157886,0.9999852,0.9801635,0,0.8496718406677246
TSBD_WSSV_60273dd644,1,1,2,0.8506295,0.010013082,0.086331785,0.042653717,1.3831371e-05,0.011960315,0,0.05475335568189621,0.09250771,0.041605502,1.6595724e-06,0.007928818,0,0.09557480365037918,0.8211605,0.9157407,0.9999845,0.9801108,1,0.8496718406677246
TSBD_WSSV_c29e86db5b,1,0,2,0.8497943,0.010153376,0.08207151,0.04222595,1.315413e-05,0.011582835,0,0.05475335568189621,0.09697731,0.041929852,1.6990004e-06,0.0081289215,0,0.09557480365037918,0.82095116,0.9158442,0.9999852,0.98028827,0,0.8496718406677246
TSBD_WSSV_79fa511ed0,1,0,2,0.8494217,0.010188937,0.089527994,0.041962888,1.2929625e-05,0.011867503,0,0.05475335568189621,0.090131454,0.042065382,1.7049545e-06,0.007941134,0,0.09557480365037918,0.8203406,0.9159718,0.99998546,0.98019135,0,0.8496718406677246
TSBD_WSSV_58e35ef754,1,1,2,0.8503988,0.010052431,0.08632615,0.042314876,1.3297144e-05,0.011824775,0,0.05475335568189621,0.09262908,0.04184027,1.6788922e-06,0.007971738,0,0.09557480365037918,0.8210447,0.9158448,0.999985,0.9802035,1,0.8496718406677246
TSBD_WSSV_1ce4e5b49f,1,0,2,0.84316045,0.010879432,0.09046419,0.035744507,7.0631363e-06,0.009849542,0,0.05475335568189621,0.0941117,0.05045955,3.3540125e-06,0.010048893,0,0.09557480365037918,0.81542414,0.9137959,0.9999896,0.9801015,0,0.8496718406677246
TSBD_WSSV_ea57134108,1,1,2,0.8505704,0.010042988,0.080939114,0.041413307,1.2104256e-05,0.011237413,0,0.05475335568189621,0.097653575,0.0427657,1.8105177e-06,0.008326352,0,0.09557480365037918,0.8214074,0.915821,0.99998605,0.98043627,1,0.8496718406677246
TSBD_WSSV_8b1af1900d,1,1,2,0.85122013,0.009921573,0.0834307,0.04383701,1.540855e-05,0.012223211,0,0.05475335568189621,0.09484001,0.040824033,1.5514634e-06,0.007822541,0,0.09557480365037918,0.82172924,0.91533893,0.9999831,0.9799543,1,0.8496718406677246
TSBD_WSSV_2f46cb1b79,1,1,2,0.85159075,0.009913538,0.08374494,0.042283997,1.3212769e-05,0.011676557,0,0.05475335568189621,0.094123185,0.041778803,1.6708581e-06,0.008000429,0,0.09557480365037918,0.8221319,0.9159372,0.9999851,0.980323,1,0.8496718406677246
TSBD_WSSV_383e727d4a,1,0,2,0.83373696,0.012327872,0.10920511,0.04269111,1.3866134e-05,0.013050685,0,0.05475335568189621,0.080825485,0.041712925,1.6636242e-06,0.0076064165,0,0.09557480365037918,0.8099694,0.915596,0.9999845,0.9793429,0,0.8496718406677246
TSBD_WSSV_b076b7af44,1,1,2,0.8513572,0.0099083455,0.08603835,0.043168034,1.4313724e-05,0.012091106,0,0.05475335568189621,0.092301264,0.04121699,1.5977611e-06,0.007828157,0,0.09557480365037918,0.82166034,0.91561484,0.99998415,0.9800807,1,0.8496718406677246
TSBD_WSSV_6a65b3c303,1,1,2,0.8505975,0.010022468,0.086438216,0.042243604,1.3238978e-05,0.011810252,0,0.05475335568189621,0.09241099,0.041937158,1.7079223e-06,0.008000467,0,0.09557480365037918,0.8211509,0.91581917,0.9999851,0.9801893,1,0.8496718406677246
TSBD_WSSV_d552ad13be,1,0,2,0.84832084,0.0103328535,0.07945031,0.04115422,1.1813449e-05,0.011087154,0,0.05475335568189621,0.100747675,0.04320011,1.8754658e-06,0.008522111,0,0.09557480365037918,0.819802,0.91564566,0.9999863,0.9803908,0,0.8496718406677246
TSBD_WSSV_64069923e3,1,0,2,0.81809855,0.014492044,0.12448371,0.04419123,1.5900618e-05,0.014316278,0,0.05475335568189621,0.07569776,0.041044388,1.5892317e-06,0.0073406952,0,0.09557480365037918,0.79981846,0.9147644,0.9999826,0.978343,0,0.8496718406677246
