sample_id,tri_consensus,selected,consensus_class,tri_score,source_ema_js,p_source_BG,p_ema_BG,p_proto_BG,q_consensus_BG,selected_BG,target_prior_BG,p_source_Healthy,p_ema_Healthy,p_proto_Healthy,q_consensus_Healthy,selected_Healthy,target_prior_Healthy,p_source_WSSV,p_ema_WSSV,p_proto_WSSV,q_consensus_WSSV,selected_WSSV,target_prior_WSSV
TSBD_BG_b9ded89290,1,1,0,0.85884017,0.010786099,0.84227574,0.93320286,0.9999852,0.9821427,1,0.12260068953037262,0.08082424,0.030509742,4.727649e-06,0.007986263,0,0.2022562325000763,0.07690009,0.03628737,1.007178e-05,0.009871043,0,0.6751431226730347
TSBD_BG_ec6804e1c1,1,1,0,0.8585385,0.010886707,0.8424779,0.93387276,0.99998593,0.9823274,1,0.12260068953037262,0.081102766,0.03106873,5.236938e-06,0.008226327,0,0.2022562325000763,0.076419264,0.035058547,8.840895e-06,0.009446267,0,0.6751431226730347
TSBD_BG_e6c7f786d1,0,0,1,0.16613232,0.244126,0.67083925,0.05244803,6.8374443e-06,0.0335635,0,0.12260068953037262,0.27656063,0.9019864,0.99999,0.9553438,0,0.2022562325000763,0.052600116,0.045565598,3.1846873e-06,0.0110927485,0,0.6751431226730347
TSBD_BG_27046d49de,1,1,0,0.85003513,0.011914814,0.83551854,0.932936,0.999985,0.9816737,1,0.12260068953037262,0.075116895,0.030573277,4.8000184e-06,0.007834494,0,0.2022562325000763,0.08936456,0.03649074,1.0245891e-05,0.0104918135,0,0.6751431226730347
TSBD_BG_ef94f9e30a,1,1,2,0.8466786,0.0101482235,0.09668987,0.05461583,1.9031899e-05,0.014860044,0,0.12260068953037262,0.08705666,0.034451906,1.6153049e-06,0.0071084457,0,0.2022562325000763,0.81625354,0.9109323,0.99997926,0.9780315,1,0.6751431226730347
TSBD_BG_014cc1626a,1,0,2,0.82551956,0.010430111,0.13133794,0.08738489,0.000118779695,0.029874118,0,0.12260068953037262,0.08374364,0.029526196,9.618632e-07,0.005977408,0,0.2022562325000763,0.78491837,0.883089,0.9998802,0.96414846,0,0.6751431226730347
TSBD_BG_ab942e7799,0,0,1,0.1381994,0.275999,0.07636594,0.03128869,1.8380158e-06,0.01114689,0,0.12260068953037262,0.1491765,0.85094154,0.9998116,0.8741344,0,0.2022562325000763,0.7744575,0.11776976,0.00018658461,0.11471865,0,0.6751431226730347
TSBD_BG_92d3bac25d,1,0,1,0.6430013,0.042392276,0.24223943,0.050986096,6.541581e-06,0.017034166,0,0.12260068953037262,0.68763715,0.9025994,0.99999,0.97362804,0,0.2022562325000763,0.07012336,0.046414558,3.5015664e-06,0.009337794,0,0.6751431226730347
TSBD_BG_3179613a58,1,0,1,0.5173188,0.067734465,0.3240991,0.058635768,1.1569759e-05,0.02353401,0,0.12260068953037262,0.5986764,0.8962377,0.999985,0.9665561,0,0.2022562325000763,0.07722452,0.045126524,3.3977751e-06,0.009909877,0,0.6751431226730347
TSBD_BG_72fcb5ad43,1,0,1,0.6606921,0.03856197,0.2403717,0.05713819,1.0000021e-05,0.019411663,0,0.12260068953037262,0.692541,0.9005387,0.9999875,0.97233796,0,0.2022562325000763,0.06708725,0.04232308,2.542532e-06,0.00825037,0,0.6751431226730347
TSBD_BG_1adf4fa166,0,0,1,0.38513798,0.098278865,0.7895969,0.41723305,0.07190161,0.4847242,0,0.12260068953037262,0.14442803,0.5565319,0.92809606,0.5078691,0,0.2022562325000763,0.065975,0.026235033,2.329664e-06,0.007406667,0,0.6751431226730347
TSBD_BG_19f57a7d83,1,1,1,0.79744565,0.01612502,0.13770121,0.050604362,6.274598e-06,0.013291354,0,0.12260068953037262,0.77510285,0.90325063,0.99999034,0.9770751,1,0.2022562325000763,0.08719593,0.046144966,3.436239e-06,0.009633538,0,0.6751431226730347
TSBD_BG_b06b80d500,0,0,1,0.11226203,0.3092191,0.7622416,0.05649577,9.104774e-06,0.043716867,0,0.12260068953037262,0.18567643,0.90043825,0.9999883,0.94454724,0,0.2022562325000763,0.052082047,0.04306596,2.5604138e-06,0.011735969,0,0.6751431226730347
TSBD_BG_5c745e387f,0,0,1,0.10578551,0.3193166,0.78492516,0.06584686,1.5857802e-05,0.054941554,0,0.12260068953037262,0.16244282,0.8953784,0.99998236,0.934261,0,0.2022562325000763,0.052631985,0.038774747,1.7320923e-06,0.0107974205,0,0.6751431226730347
TSBD_BG_c333741c9b,0,0,1,0.16840266,0.24193984,0.6693735,0.055068277,8.628017e-06,0.03592974,0,0.12260068953037262,0.27478328,0.9012514,0.99998856,0.9532537,0,0.2022562325000763,0.055843238,0.043680355,2.7745075e-06,0.010816527,0,0.6751431226730347
TSBD_BG_a3ac70c2de,1,0,1,0.61544704,0.04682146,0.27131504,0.060276423,1.1727741e-05,0.021735193,0,0.12260068953037262,0.66192037,0.8983767,0.99998605,0.970232,0,0.2022562325000763,0.066764645,0.041346874,2.1962953e-06,0.008032802,0,0.6751431226730347
TSBD_BG_6ff47981ea,1,1,1,0.7121344,0.029630816,0.20370647,0.054006193,7.996207e-06,0.016837986,0,0.12260068953037262,0.7244994,0.90161794,0.99998903,0.97439426,1,0.2022562325000763,0.07179412,0.04437592,2.9539594e-06,0.008767798,0,0.6751431226730347
TSBD_BG_64274bed67,1,1,1,0.81913096,0.012867147,0.11688045,0.052356802,7.1236277e-06,0.013006914,0,0.12260068953037262,0.7876981,0.9025418,0.99998975,0.9773991,1,0.2022562325000763,0.095421426,0.045101438,3.1027685e-06,0.009593967,0,0.6751431226730347
TSBD_BG_7031e4d230,0,0,1,0.10097391,0.32598945,0.7740335,0.051706497,6.7985357e-06,0.04096217,0,0.12260068953037262,0.17162669,0.9023617,0.99998987,0.94572276,0,0.2022562325000763,0.054339822,0.045931827,3.3637189e-06,0.013315119,0,0.6751431226730347
TSBD_BG_03136a4786,1,0,2,0.83443713,0.011807279,0.08268274,0.04594127,1.0466723e-05,0.011589402,0,0.12260068953037262,0.109804176,0.042899057,4.384695e-06,0.010428412,0,0.2022562325000763,0.80751306,0.9111597,0.9999851,0.97798216,0,0.6751431226730347
TSBD_BG_daacfdf534,1,1,0,0.8434833,0.012879848,0.83175,0.9335031,0.99998605,0.98175085,1,0.12260068953037262,0.08324816,0.031843226,5.738431e-06,0.008584211,0,0.2022562325000763,0.08500184,0.034653693,8.275541e-06,0.009664944,0,0.6751431226730347
TSBD_BG_873a3617a3,1,0,2,0.84471434,0.0097946115,0.107640125,0.059423447,2.6260746e-05,0.017142925,0,0.12260068953037262,0.08261513,0.035118103,1.8812103e-06,0.0072794533,0,0.2022562325000763,0.80974483,0.90545845,0.99997187,0.97557765,0,0.6751431226730347
TSBD_BG_abfa756b67,1,1,0,0.8551716,0.011303442,0.8398153,0.93360376,0.9999857,0.9821081,1,0.12260068953037262,0.08051773,0.031014398,5.16487e-06,0.008184654,0,0.2022562325000763,0.07966691,0.035381906,9.180169e-06,0.009707156,0,0.6751431226730347
TSBD_BG_897409ab6a,1,0,2,0.83962446,0.011398888,0.08498283,0.051908836,1.5965035e-05,0.013411312,0,0.12260068953037262,0.10021559,0.03561702,1.88558e-06,0.007823032,0,0.2022562325000763,0.8148016,0.9124742,0.9999821,0.9787657,0,0.6751431226730347
TSBD_BG_029a32b87f,1,0,2,0.8204274,0.013688523,0.12154743,0.053269975,1.7370548e-05,0.01574478,0,0.12260068953037262,0.082072586,0.03491772,1.7192137e-06,0.0071449904,0,0.2022562325000763,0.79638,0.91181225,0.9999809,0.97711027,0,0.6751431226730347
TSBD_BG_ad84846145,0,0,1,0.28184137,0.15149799,0.51499254,0.056899894,9.704499e-06,0.029621616,0,0.12260068953037262,0.419264,0.8997323,0.9999876,0.9605152,0,0.2022562325000763,0.06574347,0.04336786,2.6840924e-06,0.009863184,0,0.6751431226730347
TSBD_BG_6250909f04,1,1,1,0.8231694,0.012320256,0.110368766,0.052796047,7.384553e-06,0.012873077,0,0.12260068953037262,0.7906559,0.90260357,0.9999895,0.9775052,1,0.2022562325000763,0.098975316,0.044600416,3.0466017e-06,0.009621676,0,0.6751431226730347
TSBD_Healthy_c7fd512124,0,0,1,0.13288301,0.283017,0.0676059,0.027603319,1.3744948e-06,0.009769748,0,0.12260068953037262,0.12811938,0.83835006,0.99961555,0.84430766,0,0.2022562325000763,0.8042747,0.13404664,0.0003829939,0.14592259,0,0.6751431226730347
TSBD_Healthy_1ab857c1ee,0,0,1,0.14931783,0.26303342,0.054300755,0.03703249,2.3437171e-06,0.0101320455,0,0.12260068953037262,0.23016393,0.896172,0.9999813,0.9418011,0,0.2022562325000763,0.71553534,0.066795565,1.6390213e-05,0.04806687,0,0.6751431226730347
TSBD_Healthy_a4108c60ab,1,0,1,0.38866088,0.105253376,0.06386942,0.050436515,6.2040813e-06,0.011446425,0,0.12260068953037262,0.5336332,0.90301096,0.9999902,0.9697113,0,0.2022562325000763,0.40249744,0.04655254,3.5828066e-06,0.018842254,0,0.6751431226730347
TSBD_Healthy_603954b4fc,0,0,1,0.077169254,0.36129677,0.19542544,0.031497244,1.6208168e-06,0.018831335,0,0.12260068953037262,0.07626996,0.86745435,0.99990094,0.8667514,0,0.2022562325000763,0.7283046,0.10104846,9.747115e-05,0.11441728,0,0.6751431226730347
TSBD_Healthy_a7669a6337,1,0,1,0.5892988,0.0524069,0.1109167,0.048556108,5.5707287e-06,0.012519815,0,0.12260068953037262,0.6463439,0.9031248,0.9999901,0.97186273,0,0.2022562325000763,0.24273935,0.048319057,4.320156e-06,0.015617424,0,0.6751431226730347
TSBD_Healthy_0969d7950f,0,0,1,0.0785599,0.36427,0.09642839,0.043567263,4.007891e-06,0.018502368,0,0.12260068953037262,0.11825278,0.90068054,0.9999883,0.93237364,0,0.2022562325000763,0.7853188,0.055752203,7.732097e-06,0.049124,0,0.6751431226730347
TSBD_Healthy_3535a7f645,1,0,1,0.47804144,0.079775155,0.060105193,0.04995232,6.1759397e-06,0.010744527,0,0.12260068953037262,0.5963512,0.90326875,0.9999901,0.97189623,0,0.2022562325000763,0.34354362,0.046779,3.7297273e-06,0.017359186,0,0.6751431226730347
TSBD_Healthy_28874652ec,0,0,1,0.10733899,0.3155185,0.073623195,0.040809207,3.1953264e-06,0.01385792,0,0.12260068953037262,0.17062785,0.90044916,0.99998724,0.94020295,0,0.2022562325000763,0.755749,0.058741584,9.57481e-06,0.045939077,0,0.6751431226730347
TSBD_Healthy_c9a3ba4645,1,0,1,0.5784042,0.05493699,0.2810835,0.0541752,7.851023e-06,0.019534122,0,0.12260068953037262,0.643778,0.9018604,0.9999894,0.9713496,0,0.2022562325000763,0.07513847,0.043964382,2.7977883e-06,0.009116253,0,0.6751431226730347
TSBD_Healthy_ec9cff4659,0,0,1,0.07437161,0.37036887,0.75160867,0.05172727,6.746279e-06,0.046499837,0,0.12260068953037262,0.11094384,0.9020224,0.99998987,0.9321821,0,0.2022562325000763,0.13744748,0.046250314,3.436775e-06,0.021318052,0,0.6751431226730347
TSBD_Healthy_d0dd7481d3,1,1,1,0.81227696,0.013876807,0.11591804,0.050667856,6.519005e-06,0.012574125,0,0.12260068953037262,0.7832828,0.9030889,0.99999,0.9772559,1,0.2022562325000763,0.100799166,0.0462432,3.539127e-06,0.010169968,0,0.6751431226730347
TSBD_Healthy_9b9c4b2008,0,0,1,0.23017685,0.18848492,0.05997442,0.041226484,3.3022438e-06,0.010294301,0,0.12260068953037262,0.35251382,0.9001884,0.999987,0.956485,0,0.2022562325000763,0.5875118,0.058585092,9.66394e-06,0.033220667,0,0.6751431226730347
TSBD_Healthy_6af33a64f0,1,1,1,0.67747766,0.03610795,0.07161141,0.04880226,5.854619e-06,0.010558993,0,0.12260068953037262,0.70944405,0.90240353,0.9999896,0.97461206,1,0.2022562325000763,0.21894452,0.048794225,4.526227e-06,0.014828972,0,0.6751431226730347
TSBD_Healthy_11508a2a47,1,1,0,0.8030486,0.018646333,0.8075747,0.93113035,0.99998224,0.9800773,1,0.12260068953037262,0.11366509,0.029934134,4.367113e-06,0.008901773,0,0.2022562325000763,0.07876019,0.038935564,1.336013e-05,0.011020936,0,0.6751431226730347
TSBD_Healthy_9c80ffce77,0,0,1,0.14857864,0.26186356,0.063292265,0.04920964,6.0058264e-06,0.014346085,0,0.12260068953037262,0.25266686,0.902214,0.9999895,0.9547806,0,0.2022562325000763,0.68404084,0.048576333,4.4304848e-06,0.030873312,0,0.6751431226730347
TSBD_Healthy_fdc6d1fa33,1,0,1,0.4560831,0.08523942,0.06361643,0.04878238,5.7373704e-06,0.010791204,0,0.12260068953037262,0.5779729,0.9028363,0.99999,0.97062284,0,0.2022562325000763,0.35841066,0.048381284,4.2996867e-06,0.018585965,0,0.6751431226730347
TSBD_Healthy_8c646c1060,0,0,0,0.2212888,0.19647744,0.24891572,0.84981173,0.9975407,0.84066975,0,0.12260068953037262,0.65043867,0.12485415,0.0024560427,0.14930576,0,0.2022562325000763,0.10064559,0.025334127,3.1765596e-06,0.010024504,0,0.6751431226730347
TSBD_Healthy_1b2ea804f3,1,1,1,0.7555481,0.022246217,0.14360954,0.05041804,6.241753e-06,0.01361904,0,0.12260068953037262,0.7452881,0.9030145,0.9999901,0.97562444,1,0.2022562325000763,0.111102425,0.046567503,3.5943876e-06,0.01075655,0,0.6751431226730347
TSBD_Healthy_181a36e89e,0,0,1,0.18440709,0.20770118,0.44231042,0.049482465,5.887438e-06,0.026528649,0,0.12260068953037262,0.30219904,0.9029824,0.9999902,0.9536295,0,0.2022562325000763,0.25549057,0.047535148,3.9410834e-06,0.019841896,0,0.6751431226730347
TSBD_Healthy_b13db56cba,0,0,1,0.14375772,0.27037764,0.060929805,0.029578883,1.3228034e-06,0.009065451,0,0.12260068953037262,0.17352757,0.8658579,0.9998797,0.8955246,0,0.2022562325000763,0.7655426,0.104563214,0.00011888549,0.09540994,0,0.6751431226730347
TSBD_Healthy_e91e5f3d2c,1,0,1,0.64831847,0.041338082,0.24149422,0.05238181,7.069061e-06,0.017471213,0,0.12260068953037262,0.6900241,0.9027417,0.99998987,0.97365975,0,0.2022562325000763,0.06848172,0.044876505,3.0624617e-06,0.008869026,0,0.6751431226730347
TSBD_Healthy_b9f53cb41a,1,0,1,0.4332112,0.09094119,0.37868077,0.05321039,7.4998197e-06,0.02236612,0,0.12260068953037262,0.5554782,0.9022807,0.9999895,0.9683288,0,0.2022562325000763,0.06584101,0.044508927,2.984053e-06,0.009305135,0,0.6751431226730347
TSBD_Healthy_eb22129a24,1,1,0,0.8408123,0.013316796,0.8312197,0.93337446,0.99998534,0.9815852,1,0.12260068953037262,0.097594246,0.03262304,6.713055e-06,0.009468304,0,0.2022562325000763,0.07118613,0.034002475,8.00119e-06,0.008946491,0,0.6751431226730347
TSBD_Healthy_968a78b93d,1,1,1,0.73035747,0.026415262,0.18329033,0.053303774,7.520397e-06,0.015877595,0,0.12260068953037262,0.7324252,0.9021686,0.9999895,0.97485995,1,0.2022562325000763,0.0842845,0.044527616,2.9660143e-06,0.0092624575,0,0.6751431226730347
TSBD_Healthy_c7a3a188a8,0,0,1,0.17569548,0.23216915,0.62599796,0.056462634,9.462643e-06,0.036063917,0,0.12260068953037262,0.2752372,0.90013933,0.99998784,0.9508525,0,0.2022562325000763,0.09876481,0.04339803,2.7219473e-06,0.013083548,0,0.6751431226730347
TSBD_Healthy_f55a2f1b43,0,0,1,0.12100991,0.2979235,0.06880145,0.028186405,1.2606282e-06,0.009904987,0,0.12260068953037262,0.13001908,0.8561409,0.9998122,0.87014383,0,0.2022562325000763,0.80117947,0.11567273,0.00018660752,0.11995124,0,0.6751431226730347
TSBD_Healthy_11a0ec4d06,1,0,2,0.8379389,0.011552945,0.08774751,0.052301005,1.6236283e-05,0.013665771,0,0.12260068953037262,0.09948945,0.035628274,1.8785132e-06,0.007804908,0,0.2022562325000763,0.81276304,0.9120707,0.9999819,0.97852933,0,0.6751431226730347
TSBD_Healthy_dda7c6bbc5,1,0,1,0.5381337,0.064586,0.06008177,0.04559572,4.5230086e-06,0.00951497,0,0.12260068953037262,0.6281533,0.9028095,0.99998987,0.9718214,0,0.2022562325000763,0.31176496,0.051594723,5.574288e-06,0.01866362,0,0.6751431226730347
TSBD_Healthy_b83d452fe7,0,0,1,0.3001218,0.13629335,0.07901298,0.02283523,3.6408699e-06,0.008084737,0,0.12260068953037262,0.104051225,0.5795845,0.87180036,0.4543394,0,0.2022562325000763,0.8169357,0.39758024,0.128196,0.53757584,0,0.6751431226730347
TSBD_Healthy_ec04a77054,1,1,1,0.81731474,0.01324464,0.09846837,0.051187653,6.640105e-06,0.0119545385,0,0.12260068953037262,0.7878944,0.9031208,0.99999,0.97761565,1,0.2022562325000763,0.113637224,0.045691516,3.3727647e-06,0.010429774,0,0.6751431226730347
TSBD_Healthy_63480c13ab,1,1,1,0.7967226,0.01623551,0.098885104,0.0505697,6.3513457e-06,0.011865056,0,0.12260068953037262,0.77454555,0.9034382,0.9999902,0.9771699,1,0.2022562325000763,0.12656933,0.04599206,3.4411119e-06,0.010965087,0,0.6751431226730347
TSBD_Healthy_a334fe0843,1,1,1,0.7957315,0.01642081,0.1381306,0.050013795,6.156687e-06,0.013187423,0,0.12260068953037262,0.7744015,0.9035808,0.9999902,0.9770599,1,0.2022562325000763,0.08746792,0.04640548,3.5860198e-06,0.009752693,0,0.6751431226730347
TSBD_Healthy_af48f4f88b,1,0,1,0.5395632,0.063802615,0.30145732,0.05115733,6.54648e-06,0.019013524,0,0.12260068953037262,0.6234049,0.9027003,0.99999,0.9711514,0,0.2022562325000763,0.07513776,0.04614241,3.4776517e-06,0.009835044,0,0.6751431226730347
TSBD_Healthy_58fc6d9018,0,0,1,0.26782542,0.15988377,0.52190787,0.05484399,8.44562e-06,0.028832922,0,0.12260068953037262,0.40355113,0.900947,0.9999887,0.9604498,0,0.2022562325000763,0.074541,0.04420903,2.9332662e-06,0.010717288,0,0.6751431226730347
TSBD_Healthy_ed8a98aaef,0,0,1,0.08233814,0.3555963,0.1263567,0.03314484,1.719578e-06,0.015713574,0,0.12260068953037262,0.09935784,0.8842814,0.99995816,0.90038204,0,0.2022562325000763,0.7742854,0.0825738,4.010812e-05,0.08390441,0,0.6751431226730347
TSBD_Healthy_c1a36abd3d,0,0,1,0.14319606,0.26365077,0.12929319,0.050164126,6.091416e-06,0.019003011,0,0.12260068953037262,0.23661998,0.90300536,0.9999902,0.95198077,0,0.2022562325000763,0.6340868,0.046830513,3.6517574e-06,0.029016213,0,0.6751431226730347
TSBD_Healthy_ba89f16ead,1,1,1,0.8062274,0.014781039,0.10577161,0.05068478,6.43963e-06,0.012167607,0,0.12260068953037262,0.7796943,0.90331465,0.9999901,0.9772577,1,0.2022562325000763,0.114534095,0.04600061,3.45483e-06,0.010574627,0,0.6751431226730347
TSBD_Healthy_ff7717e05f,1,1,0,0.84501696,0.012661584,0.8327275,0.93341905,0.9999856,0.98168474,1,0.12260068953037262,0.07649536,0.031948403,5.919005e-06,0.008394346,0,0.2022562325000763,0.09077707,0.03463255,8.436085e-06,0.0099208895,0,0.6751431226730347
TSBD_Healthy_9697828448,0,0,1,0.17917177,0.2015872,0.33126542,0.047830425,5.160137e-06,0.0228117,0,0.12260068953037262,0.30967543,0.9028406,0.9999902,0.953978,0,0.2022562325000763,0.35905918,0.04932893,4.559298e-06,0.023210276,0,0.6751431226730347
TSBD_Healthy_0dc7202194,1,1,1,0.6915073,0.033119217,0.10265787,0.050447084,6.2920576e-06,0.012325386,0,0.12260068953037262,0.71003646,0.9031993,0.9999901,0.974604,1,0.2022562325000763,0.18730569,0.04635359,3.5640562e-06,0.013070662,0,0.6751431226730347
TSBD_Healthy_aafafefd6f,0,0,1,0.076160066,0.3645775,0.16977653,0.043780807,3.880505e-06,0.022956567,0,0.12260068953037262,0.10978077,0.90005183,0.99998856,0.9283207,0,0.2022562325000763,0.7204427,0.05616733,7.6041197e-06,0.048722748,0,0.6751431226730347
TSBD_Healthy_3e37e6f481,0,0,1,0.19456945,0.21604395,0.066307895,0.048842896,5.5487785e-06,0.013237706,0,0.12260068953037262,0.31962487,0.90270567,0.9999902,0.95958567,0,0.2022562325000763,0.61406714,0.04845145,4.191155e-06,0.027176585,0,0.6751431226730347
TSBD_Healthy_d5c6d15d07,0,0,2,0.07846951,0.30518925,0.7259581,0.034027126,2.4070037e-05,0.03649705,0,0.12260068953037262,0.07250929,0.44721574,0.42577037,0.36730552,0,0.2022562325000763,0.20153254,0.5187571,0.5742056,0.5961974,0,0.6751431226730347
TSBD_Healthy_968206666f,1,0,2,0.8296445,0.013001546,0.079172626,0.045067944,9.412168e-06,0.011066518,0,0.12260068953037262,0.111754514,0.039504625,2.9275254e-06,0.009315708,0,0.2022562325000763,0.80907285,0.9154275,0.9999876,0.9796178,0,0.6751431226730347
TSBD_Healthy_cacd4fa5f3,1,0,2,0.82374257,0.0073687155,0.07010772,0.02654024,2.2574209e-06,0.0063745896,0,0.12260068953037262,0.164626,0.1266041,0.0005585266,0.0522684,0,0.2022562325000763,0.76526624,0.84685564,0.9994392,0.941357,0,0.6751431226730347
TSBD_Healthy_c00e285b89,1,1,2,0.84707373,0.010503794,0.083059296,0.049342167,1.3144469e-05,0.0124788955,0,0.12260068953037262,0.09666079,0.03645401,2.0546981e-06,0.007922569,0,0.2022562325000763,0.82027984,0.9142038,0.99998486,0.9795985,1,0.6751431226730347
TSBD_Healthy_e318b96772,1,1,2,0.8470303,0.010595235,0.082143106,0.04549837,9.827979e-06,0.011305167,0,0.12260068953037262,0.097686484,0.038645733,2.6494238e-06,0.008587252,0,0.2022562325000763,0.8201704,0.9158559,0.9999876,0.9801076,1,0.6751431226730347
TSBD_Healthy_f874d1c34c,1,1,2,0.84739846,0.010516263,0.081525475,0.047396798,1.144192e-05,0.011838657,0,0.12260068953037262,0.09780754,0.037552476,2.3600637e-06,0.008286393,0,0.2022562325000763,0.820667,0.91505075,0.9999862,0.97987497,1,0.6751431226730347
TSBD_Healthy_a486752b98,1,0,2,0.8339644,0.012614178,0.07035347,0.04367648,8.5044085e-06,0.010236867,0,0.12260068953037262,0.11513391,0.039860446,3.0396106e-06,0.009501792,0,0.2022562325000763,0.81451267,0.91646314,0.99998856,0.9802613,0,0.6751431226730347
TSBD_Healthy_79eca515b7,1,1,2,0.8479237,0.010268859,0.087217465,0.050535653,1.4319206e-05,0.013056721,0,0.12260068953037262,0.09316066,0.036070697,1.9753013e-06,0.007724988,0,0.2022562325000763,0.8196219,0.9133936,0.99998367,0.9792183,1,0.6751431226730347
TSBD_Healthy_28f91e3b3c,1,1,2,0.84795654,0.010359878,0.08402004,0.049112212,1.2822578e-05,0.012439978,0,0.12260068953037262,0.095499426,0.03668238,2.1228796e-06,0.007962444,0,0.2022562325000763,0.8204806,0.91420543,0.999985,0.9795976,1,0.6751431226730347
TSBD_Healthy_b4c784db60,1,0,2,0.8404163,0.0111433305,0.09952611,0.05020052,1.4145028e-05,0.013635704,0,0.12260068953037262,0.088242546,0.036526855,2.1014364e-06,0.007737956,0,0.2022562325000763,0.81223136,0.9132726,0.99998367,0.9786264,0,0.6751431226730347
TSBD_Healthy_46afbf57c8,1,0,2,0.8423412,0.011225022,0.079261385,0.047945715,1.1930421e-05,0.011896627,0,0.12260068953037262,0.102803916,0.03741279,2.3136695e-06,0.008394721,0,0.2022562325000763,0.8179347,0.9146415,0.9999858,0.9797086,0,0.6751431226730347
TSBD_Healthy_5238685a4f,0,0,1,0.5311127,0.036955513,0.08656881,0.02622032,5.2828905e-06,0.008381714,0,0.12260068953037262,0.34154978,0.6001167,0.91413414,0.6186029,0,0.2022562325000763,0.57188135,0.37366292,0.08586054,0.37301543,0,0.6751431226730347
TSBD_Healthy_115a1b2ce7,1,1,2,0.8452665,0.010788393,0.08065254,0.04917734,1.2966551e-05,0.012302542,0,0.12260068953037262,0.09965145,0.03662193,2.0984369e-06,0.008060302,0,0.2022562325000763,0.81969607,0.9142007,0.99998486,0.97963715,1,0.6751431226730347
TSBD_Healthy_2b0f2e29de,1,1,2,0.84835285,0.010260422,0.084823295,0.050878897,1.4678358e-05,0.013029252,0,0.12260068953037262,0.094464086,0.03570932,1.8760937e-06,0.0076455264,0,0.2022562325000763,0.82071257,0.91341174,0.99998343,0.97932523,1,0.6751431226730347
TSBD_Healthy_2cb9913a0d,1,0,2,0.73969525,0.015505708,0.14284436,0.20207947,0.004809188,0.09574006,0,0.12260068953037262,0.12748416,0.0379309,4.8188444e-06,0.010890239,0,0.2022562325000763,0.72967154,0.7599897,0.9951859,0.89336973,0,0.6751431226730347
TSBD_Healthy_f7b6201d8c,1,0,2,0.8426319,0.010870537,0.0909348,0.051630035,1.543138e-05,0.013604869,0,0.12260068953037262,0.0941161,0.03591582,1.9279414e-06,0.007714919,0,0.2022562325000763,0.81494904,0.9124541,0.9999827,0.9786802,0,0.6751431226730347
TSBD_Healthy_1cb0a1deed,1,0,2,0.8447241,0.010794015,0.08158609,0.04473288,9.476048e-06,0.011123477,0,0.12260068953037262,0.10085293,0.040341765,3.235182e-06,0.009224185,0,0.2022562325000763,0.8175609,0.91492534,0.99998736,0.97965235,0,0.6751431226730347
TSBD_Healthy_e53d9705ff,1,1,2,0.8466504,0.010510813,0.083929785,0.050112057,1.3975933e-05,0.012771585,0,0.12260068953037262,0.096408784,0.036236487,2.0079056e-06,0.007860125,0,0.2022562325000763,0.81966144,0.91365147,0.999984,0.97936827,1,0.6751431226730347
TSBD_Healthy_fea6d00053,1,1,2,0.8457129,0.010551914,0.09047529,0.04978056,1.3472741e-05,0.012986247,0,0.12260068953037262,0.09202919,0.036436718,2.0615573e-06,0.007798941,0,0.2022562325000763,0.81749547,0.9137828,0.9999845,0.9792148,1,0.6751431226730347
TSBD_Healthy_f69458ce94,1,1,2,0.8452913,0.010433222,0.08932818,0.053568885,1.835483e-05,0.014223636,0,0.12260068953037262,0.093919925,0.035344522,1.8158254e-06,0.007558382,0,0.2022562325000763,0.8167519,0.9110866,0.99997985,0.97821796,1,0.6751431226730347
TSBD_Healthy_bb30558caa,1,0,2,0.8427534,0.011111909,0.08430607,0.04587388,1.0125821e-05,0.011535932,0,0.12260068953037262,0.099059336,0.03875741,2.663036e-06,0.008661835,0,0.2022562325000763,0.8166346,0.9153687,0.99998724,0.9798022,0,0.6751431226730347
TSBD_Healthy_f8b382f850,1,0,2,0.78922135,0.019376813,0.06409292,0.049635965,1.3572619e-05,0.01163575,0,0.12260068953037262,0.14310162,0.036794458,2.130833e-06,0.009301598,0,0.2022562325000763,0.79280543,0.91356957,0.99998426,0.9790626,0,0.6751431226730347
TSBD_Healthy_4e764a8c1f,1,1,2,0.84650064,0.010615391,0.08142706,0.048894934,1.2617865e-05,0.01224158,0,0.12260068953037262,0.098292075,0.03671851,2.1265698e-06,0.008050416,0,0.2022562325000763,0.82028085,0.91438645,0.9999852,0.979708,1,0.6751431226730347
TSBD_Healthy_63950b8869,1,1,2,0.8456138,0.01053424,0.09241044,0.04975415,1.3616141e-05,0.013109187,0,0.12260068953037262,0.090599194,0.036542337,2.0950324e-06,0.0077925473,0,0.2022562325000763,0.8169904,0.91370356,0.99998426,0.97909826,1,0.6751431226730347
TSBD_Healthy_ea2ac521c5,0,0,1,0.09384086,0.33801386,0.061798677,0.038698077,2.6874582e-06,0.012924695,0,0.12260068953037262,0.14568606,0.89975727,0.9999857,0.93497646,0,0.2022562325000763,0.7925153,0.06154471,1.1586519e-05,0.052098874,0,0.6751431226730347
TSBD_Healthy_1402c548f4,0,0,1,0.103828736,0.32220855,0.0712341,0.029472385,1.3389969e-06,0.010815921,0,0.12260068953037262,0.11737508,0.86783594,0.9998915,0.88240695,0,0.2022562325000763,0.81139076,0.10269174,0.00010718515,0.10677711,0,0.6751431226730347
TSBD_Healthy_44b1d181ba,1,0,2,0.66270375,0.031942386,0.07652636,0.020684445,2.090152e-06,0.0056301276,0,0.12260068953037262,0.10538188,0.2824683,0.032908533,0.14108315,0,0.2022562325000763,0.81809175,0.6968473,0.9670894,0.8532867,0,0.6751431226730347
TSBD_Healthy_5031d03cd3,1,1,1,0.8204285,0.012860239,0.095965415,0.04937111,5.7481566e-06,0.011312729,0,0.12260068953037262,0.79031485,0.90370935,0.99999046,0.97791463,1,0.2022562325000763,0.11371976,0.046919562,3.7502193e-06,0.010772632,0,0.6751431226730347
TSBD_Healthy_584e036b15,1,1,1,0.68792504,0.034374304,0.06558017,0.045993894,4.4897865e-06,0.009421664,0,0.12260068953037262,0.7165931,0.9034961,0.99999046,0.97523296,1,0.2022562325000763,0.21782678,0.050510027,5.1004877e-06,0.015345401,0,0.6751431226730347
TSBD_Healthy_ceedc9841a,1,0,2,0.7661814,0.021662578,0.14430632,0.040548798,6.6165207e-06,0.01236861,0,0.12260068953037262,0.09230959,0.050757974,8.88685e-06,0.012414171,0,0.2022562325000763,0.7633841,0.90869313,0.9999844,0.97521716,0,0.6751431226730347
TSBD_Healthy_539b7c9614,1,0,2,0.7958576,0.016682882,0.0775614,0.0303058,2.4445624e-06,0.007110594,0,0.12260068953037262,0.1467661,0.06240966,2.0678652e-05,0.018857747,0,0.2022562325000763,0.7756725,0.9072845,0.9999769,0.9740317,0,0.6751431226730347
TSBD_Healthy_9405a524b8,1,1,0,0.48648974,0.08035712,0.6210564,0.9248548,0.9999758,0.97170126,1,0.12260068953037262,0.30303636,0.03241908,6.083334e-06,0.015150175,0,0.2022562325000763,0.07590727,0.0427261,1.814675e-05,0.013148524,0,0.6751431226730347
TSBD_Healthy_84b5bbabe5,1,1,1,0.7146443,0.02964252,0.06909108,0.04689974,4.761837e-06,0.009732655,0,0.12260068953037262,0.7311464,0.9031114,0.99999046,0.9757448,1,0.2022562325000763,0.1997625,0.04998883,4.7598483e-06,0.01452256,0,0.6751431226730347
TSBD_Healthy_cd1699cbb8,1,1,1,0.7729242,0.019112904,0.10125816,0.06863961,1.7955537e-05,0.017055003,0,0.12260068953037262,0.75886905,0.891795,0.9999802,0.9734843,1,0.2022562325000763,0.13987282,0.039565418,1.8508068e-06,0.009460717,0,0.6751431226730347
TSBD_Healthy_3971c8d6d2,1,0,2,0.81976014,0.009778307,0.14296506,0.061456777,3.5372348e-05,0.02080651,0,0.12260068953037262,0.08290335,0.07314908,4.5584628e-05,0.019563086,0,0.2022562325000763,0.77413166,0.8653941,0.99991906,0.9596304,0,0.6751431226730347
TSBD_Healthy_062f8eb68b,1,1,1,0.8001533,0.0156232305,0.12261612,0.049812943,5.9391014e-06,0.012532697,0,0.12260068953037262,0.7751913,0.90326774,0.99999034,0.9770444,1,0.2022562325000763,0.10219255,0.04691935,3.718647e-06,0.010422854,0,0.6751431226730347
TSBD_Healthy_64c2fd2799,1,1,2,0.8509225,0.006852647,0.06900235,0.024413375,1.4069198e-06,0.005482837,0,0.12260068953037262,0.12367784,0.100152016,0.00017799182,0.033419166,0,0.2022562325000763,0.80731976,0.87543464,0.99982065,0.961098,1,0.6751431226730347
TSBD_Healthy_06ad797b28,0,0,1,0.08887883,0.34589612,0.08127302,0.036796864,2.3165444e-06,0.014095668,0,0.12260068953037262,0.12489885,0.8934973,0.9999784,0.9221616,0,0.2022562325000763,0.7938281,0.06970585,1.9282743e-05,0.06374271,0,0.6751431226730347
TSBD_Healthy_d37fadc7b5,1,0,2,0.84447116,0.010945886,0.079169996,0.049030714,1.27417725e-05,0.012163576,0,0.12260068953037262,0.1010633,0.036550075,2.09362e-06,0.008089011,0,0.2022562325000763,0.8197667,0.9144193,0.9999851,0.9797474,0,0.6751431226730347
TSBD_Healthy_23703b21e8,1,0,2,0.81459713,0.009652936,0.075609714,0.02667796,2.0080777e-06,0.0064239088,0,0.12260068953037262,0.16155614,0.11354383,0.00032867852,0.04457212,0,0.2022562325000763,0.76283413,0.8597783,0.9996693,0.949004,0,0.6751431226730347
TSBD_Healthy_e761f95881,0,0,1,0.19148359,0.21551883,0.14429511,0.0352099,2.0782154e-06,0.012927364,0,0.12260068953037262,0.26416424,0.88389164,0.99996245,0.9327532,0,0.2022562325000763,0.59154063,0.08089846,3.5462173e-05,0.05431945,0,0.6751431226730347
TSBD_Healthy_049d7b0b8e,1,0,2,0.8224392,0.0136073055,0.07166212,0.03394284,3.662939e-06,0.007815428,0,0.12260068953037262,0.12884296,0.052589305,9.988599e-06,0.014283175,0,0.2022562325000763,0.79949486,0.9134678,0.9999863,0.9779014,0,0.6751431226730347
TSBD_Healthy_d0a2ad85a2,1,0,2,0.83876765,0.011821776,0.073822014,0.040256906,6.3287894e-06,0.009455326,0,0.12260068953037262,0.11096261,0.04280552,4.0000914e-06,0.010227516,0,0.2022562325000763,0.8152154,0.9169375,0.9999896,0.9803172,0,0.6751431226730347
TSBD_Healthy_427d279e02,1,1,2,0.8453572,0.010803742,0.08169319,0.045688022,1.0011041e-05,0.011352347,0,0.12260068953037262,0.0993273,0.038738243,2.6645403e-06,0.008661139,0,0.2022562325000763,0.81897956,0.9155737,0.99998736,0.97998655,1,0.6751431226730347
TSBD_Healthy_194fe9c226,1,0,2,0.83847916,0.010980102,0.06826552,0.030578597,2.5172385e-06,0.0067820004,0,0.12260068953037262,0.1244305,0.059884388,1.7392664e-05,0.016666839,0,0.2022562325000763,0.8073039,0.909537,0.9999801,0.9765511,0,0.6751431226730347
TSBD_Healthy_7fd586cd0c,1,0,2,0.8424802,0.011156545,0.08396277,0.047153942,1.1085991e-05,0.011876355,0,0.12260068953037262,0.09921221,0.037763253,2.3747782e-06,0.008371797,0,0.2022562325000763,0.816825,0.9150828,0.9999865,0.9797518,0,0.6751431226730347
TSBD_Healthy_8a16be7271,1,1,1,0.7553995,0.022207715,0.07056354,0.03969051,2.7676338e-06,0.008100698,0,0.12260068953037262,0.74633855,0.9005203,0.9999875,0.9743995,1,0.2022562325000763,0.18309796,0.059789203,9.763873e-06,0.017499778,0,0.6751431226730347
TSBD_Healthy_7497e074fb,1,0,2,0.8176844,0.005953929,0.060800444,0.021369714,1.452279e-06,0.004957201,0,0.12260068953037262,0.15371203,0.1912319,0.004275636,0.090844706,0,0.2022562325000763,0.78548753,0.78739834,0.9957229,0.9041981,0,0.6751431226730347
TSBD_Healthy_0008f80a75,1,0,2,0.8265151,0.013187451,0.11156444,0.045851436,1.0031041e-05,0.012760938,0,0.12260068953037262,0.08501175,0.039281342,2.825149e-06,0.008400019,0,0.2022562325000763,0.80342376,0.9148672,0.9999871,0.97883904,0,0.6751431226730347
TSBD_Healthy_5ceaf1db7f,1,0,2,0.8440478,0.011009575,0.08118171,0.042074338,7.3927376e-06,0.010276133,0,0.12260068953037262,0.10110815,0.04142144,3.5447003e-06,0.009512457,0,0.2022562325000763,0.81771016,0.9165043,0.99998903,0.9802114,0,0.6751431226730347
TSBD_Healthy_e4fa44cd99,1,0,2,0.8432835,0.011022634,0.08018417,0.037507646,4.985504e-06,0.008985123,0,0.12260068953037262,0.103750475,0.046394438,5.748139e-06,0.011132911,0,0.2022562325000763,0.8160653,0.91609794,0.9999893,0.97988194,0,0.6751431226730347
TSBD_Healthy_441bde1a65,1,0,2,0.84239,0.0058503896,0.06637643,0.02325596,1.4415149e-06,0.005333532,0,0.12260068953037262,0.13854593,0.13103408,0.0006328464,0.050727826,0,0.2022562325000763,0.7950777,0.84571,0.99936575,0.9439387,0,0.6751431226730347
TSBD_Healthy_dbb2f8ca89,1,0,1,0.55691594,0.05485391,0.055455543,0.029708495,1.3127074e-06,0.0060295765,0,0.12260068953037262,0.5917018,0.87449354,0.999918,0.9495011,0,0.2022562325000763,0.35284266,0.09579795,8.0649814e-05,0.044469316,0,0.6751431226730347
TSBD_Healthy_9b317a63ad,1,0,1,0.5780543,0.055060964,0.059671663,0.040832918,3.0785611e-06,0.00828493,0,0.12260068953037262,0.64483607,0.9009801,0.99998796,0.9706746,0,0.2022562325000763,0.29549226,0.058186978,8.91747e-06,0.021040535,0,0.6751431226730347
TSBD_Healthy_d85abeff44,1,0,2,0.84322387,0.011175546,0.07750387,0.045314863,9.580907e-06,0.011009063,0,0.12260068953037262,0.10385793,0.038862217,2.7044427e-06,0.008838007,0,0.2022562325000763,0.8186382,0.91582286,0.9999877,0.9801529,0,0.6751431226730347
TSBD_Healthy_32490efb09,0,0,1,0.45165873,0.07728705,0.05250157,0.023721518,1.2467913e-06,0.005690635,0,0.12260068953037262,0.37719235,0.7607768,0.99626017,0.8187756,0,0.2022562325000763,0.5703061,0.21550171,0.0037386306,0.17553376,0,0.6751431226730347
TSBD_Healthy_003e47f46b,0,0,1,0.23436098,0.19094373,0.059427705,0.023423007,1.2648441e-06,0.0072514294,0,0.12260068953037262,0.16333307,0.7576085,0.99580115,0.74600464,0,0.2022562325000763,0.77723926,0.21896845,0.004197584,0.24674398,0,0.6751431226730347
TSBD_Healthy_db7fb385bc,1,0,2,0.8314613,0.0068771355,0.062151853,0.023839466,1.4508308e-06,0.0053147534,0,0.12260068953037262,0.16431786,0.12309379,0.00045954128,0.04945705,0,0.2022562325000763,0.77353036,0.85306674,0.999539,0.94522816,0,0.6751431226730347
TSBD_Healthy_e07653b53b,1,0,2,0.8230885,0.013333793,0.065211706,0.031801738,2.8399652e-06,0.006982086,0,0.12260068953037262,0.13627242,0.056441583,1.3150452e-05,0.015894845,0,0.2022562325000763,0.7985159,0.91175663,0.999984,0.977123,0,0.6751431226730347
TSBD_Healthy_372dafd03c,0,0,1,0.17770147,0.23649529,0.059885092,0.026500903,1.2262095e-06,0.008197801,0,0.12260068953037262,0.16847695,0.8243128,0.99940026,0.8412671,0,0.2022562325000763,0.7716379,0.14918621,0.0005984778,0.15053508,0,0.6751431226730347
TSBD_Healthy_8a4d12c896,0,0,1,0.55432177,0.035184044,0.059414994,0.024875434,3.3118274e-06,0.0066574677,0,0.12260068953037262,0.3842246,0.64593816,0.9579514,0.6851641,0,0.2022562325000763,0.55636036,0.32918635,0.04204534,0.30817845,0,0.6751431226730347
TSBD_Healthy_ddf26df6fc,1,0,2,0.7462475,0.012152672,0.07369092,0.02206957,2.2171073e-06,0.0058237803,0,0.12260068953037262,0.17227487,0.26103508,0.019698583,0.14683336,0,0.2022562325000763,0.7540342,0.7168953,0.9802991,0.8473429,0,0.6751431226730347
TSBD_Healthy_f43e3f4c5b,1,0,2,0.8211139,0.0139985755,0.11061418,0.044978768,9.456192e-06,0.012480312,0,0.12260068953037262,0.089241944,0.039565336,2.8828204e-06,0.008616862,0,0.2022562325000763,0.8001439,0.915456,0.9999877,0.9789028,0,0.6751431226730347
TSBD_Healthy_b5fbb9ed8e,1,0,2,0.7480704,0.021616327,0.05734499,0.0261632,1.6096396e-06,0.0056122174,0,0.12260068953037262,0.21627189,0.08574726,8.5799984e-05,0.033748236,0,0.2022562325000763,0.72638315,0.88808954,0.9999125,0.96063954,0,0.6751431226730347
TSBD_Healthy_eb36a09ca4,1,0,2,0.83888906,0.011632207,0.074625604,0.037168223,4.7334606e-06,0.008645726,0,0.12260068953037262,0.1120811,0.046807185,5.98648e-06,0.011590148,0,0.2022562325000763,0.8132933,0.9160245,0.9999893,0.9797641,0,0.6751431226730347
TSBD_Healthy_6b4a97bd93,1,0,2,0.8433548,0.011127773,0.07691009,0.047357045,1.136912e-05,0.011589311,0,0.12260068953037262,0.1039777,0.037796587,2.4142348e-06,0.008535596,0,0.2022562325000763,0.8191122,0.9148463,0.9999863,0.9798751,0,0.6751431226730347
TSBD_Healthy_ba33e2e4e1,1,0,2,0.832858,0.0126485815,0.07407203,0.046128824,1.0340412e-05,0.011117668,0,0.12260068953037262,0.11295763,0.038687553,2.6511811e-06,0.009068911,0,0.2022562325000763,0.8129703,0.91518354,0.999987,0.9798134,0,0.6751431226730347
TSBD_Healthy_c2d1e8a97b,1,0,2,0.79599166,0.017630814,0.060603403,0.033453383,3.3918118e-06,0.007251941,0,0.12260068953037262,0.15447778,0.05233728,9.632222e-06,0.015163852,0,0.2022562325000763,0.78491884,0.9142093,0.999987,0.97758424,0,0.6751431226730347
TSBD_Healthy_acaf94d2e8,1,0,2,0.8230844,0.01417464,0.0684558,0.042870685,7.923974e-06,0.009939835,0,0.12260068953037262,0.1236736,0.04066535,3.2942698e-06,0.010016696,0,0.2022562325000763,0.80787057,0.91646403,0.9999888,0.9800435,0,0.6751431226730347
TSBD_Healthy_4c1057862a,1,0,2,0.8396556,0.011388399,0.07317829,0.034504518,3.8108292e-06,0.007953423,0,0.12260068953037262,0.11428592,0.05057206,8.356927e-06,0.012919294,0,0.2022562325000763,0.81253576,0.9149234,0.99998784,0.9791273,0,0.6751431226730347
TSBD_Healthy_d28eee88b2,1,0,2,0.84401566,0.009861622,0.067982614,0.028269442,1.9778129e-06,0.006226322,0,0.12260068953037262,0.12303019,0.06645764,2.7300315e-05,0.019030282,0,0.2022562325000763,0.80898714,0.9052729,0.9999707,0.9747434,0,0.6751431226730347
TSBD_Healthy_9f799d79c9,1,0,2,0.8424862,0.010411555,0.07132587,0.029925331,2.3702182e-06,0.0067314496,0,0.12260068953037262,0.1184141,0.061193783,1.9110914e-05,0.016836923,0,0.2022562325000763,0.81026006,0.9088809,0.99997854,0.97643155,0,0.6751431226730347
TSBD_Healthy_0797e50b91,1,1,2,0.847746,0.009388178,0.07358361,0.027963445,1.9253023e-06,0.0063277483,0,0.12260068953037262,0.113319755,0.06794265,3.0041436e-05,0.019011898,0,0.2022562325000763,0.8130967,0.90409386,0.99996805,0.97466034,1,0.6751431226730347
TSBD_Healthy_35d58d516e,1,1,2,0.8456859,0.010416988,0.07871342,0.032453317,3.0583146e-06,0.0075870617,0,0.12260068953037262,0.10532926,0.05459641,1.1663853e-05,0.013876431,0,0.2022562325000763,0.8159573,0.9129503,0.9999852,0.9785365,1,0.6751431226730347
TSBD_Healthy_3369d16a81,1,1,1,0.69167125,0.005299598,0.062022608,0.024911566,4.0584177e-06,0.006492954,0,0.12260068953037262,0.6356967,0.6178657,0.93667054,0.7351147,1,0.2022562325000763,0.30228066,0.3572227,0.063325405,0.25839236,0,0.6751431226730347
TSBD_Healthy_f12cfc128f,1,1,1,0.7764475,0.0148475,0.17838363,0.09589167,7.943342e-05,0.032954477,0,0.12260068953037262,0.72848624,0.8647968,0.99991834,0.9584952,1,0.2022562325000763,0.09313017,0.03931152,2.165908e-06,0.00855031,0,0.6751431226730347
TSBD_Healthy_8cb3c49027,0,0,2,0.12475596,0.28897908,0.703198,0.043069195,1.0819386e-05,0.036950976,0,0.12260068953037262,0.08274445,0.063293755,2.2751576e-05,0.02410774,0,0.2022562325000763,0.21405758,0.89363706,0.9999664,0.9389413,0,0.6751431226730347
TSBD_Healthy_0d4d34f349,0,0,1,0.06259106,0.39916235,0.8122958,0.0364769,2.484707e-06,0.03485063,0,0.12260068953037262,0.09939631,0.88494986,0.9999634,0.9269095,0,0.2022562325000763,0.08830788,0.07857317,3.4156987e-05,0.03823988,0,0.6751431226730347
TSBD_Healthy_aac43b5b94,0,0,1,0.067351714,0.38806725,0.7954849,0.043644898,3.8022933e-06,0.039978035,0,0.12260068953037262,0.106021665,0.9018366,0.9999894,0.93608606,0,0.2022562325000763,0.09849342,0.054518487,6.862114e-06,0.023935921,0,0.6751431226730347
TSBD_Healthy_713f0a2197,0,0,1,0.058372363,0.40150005,0.70715535,0.030336589,1.4556973e-06,0.029863747,0,0.12260068953037262,0.07083744,0.86406183,0.99987864,0.8858118,0,0.2022562325000763,0.2220072,0.105601594,0.00011989243,0.08432443,0,0.6751431226730347
TSBD_Healthy_ac26bcc532,0,0,1,0.06346338,0.39795762,0.8115881,0.045485776,4.3942873e-06,0.04350395,0,0.12260068953037262,0.096537426,0.9012687,0.9999894,0.9331824,0,0.2022562325000763,0.09187444,0.053245515,6.1677592e-06,0.023313666,0,0.6751431226730347
TSBD_Healthy_46f4698e93,1,0,2,0.8414847,0.011305442,0.07678324,0.039356876,6.1280234e-06,0.009426869,0,0.12260068953037262,0.107781544,0.044524398,4.8596216e-06,0.01071225,0,0.2022562325000763,0.8154353,0.91611874,0.99998903,0.9798609,0,0.6751431226730347
TSBD_Healthy_ffc31af5e9,1,0,2,0.6115442,0.04598131,0.10155539,0.031976722,3.5719627e-06,0.009152639,0,0.12260068953037262,0.25603712,0.07495597,4.864014e-05,0.031290427,0,0.2022562325000763,0.64240754,0.8930673,0.9999478,0.95955694,0,0.6751431226730347
TSBD_Healthy_ffc39b3360,1,0,1,0.6192564,0.028100483,0.059918944,0.02526886,1.5872863e-06,0.005909878,0,0.12260068953037262,0.5445426,0.76749516,0.9967393,0.85851496,0,0.2022562325000763,0.39553842,0.20723595,0.0032590549,0.13557513,0,0.6751431226730347
TSBD_Healthy_13e3dd820d,0,0,1,0.11332181,0.30764627,0.07521313,0.03273637,1.7674834e-06,0.011534015,0,0.12260068953037262,0.14814493,0.88089335,0.9999491,0.9099015,0,0.2022562325000763,0.77664196,0.08637027,4.9114533e-05,0.07856447,0,0.6751431226730347
TSBD_Healthy_0e7dca224f,1,0,2,0.78058285,0.019734066,0.10211696,0.034520123,3.9146435e-06,0.009132883,0,0.12260068953037262,0.12568021,0.05149451,9.037295e-06,0.013899408,0,0.2022562325000763,0.77220285,0.91398525,0.999987,0.9769677,0,0.6751431226730347
TSBD_Healthy_e30ffbbca2,1,0,2,0.8444933,0.010924181,0.08570823,0.039676785,6.1064115e-06,0.00981729,0,0.12260068953037262,0.09687094,0.043609437,4.4272156e-06,0.010026287,0,0.2022562325000763,0.8174208,0.9167137,0.9999895,0.9801564,0,0.6751431226730347
TSBD_Healthy_33ee2c0488,0,0,1,0.17870285,0.18255013,0.38013265,0.026234053,7.0192727e-06,0.017633958,0,0.12260068953037262,0.08980883,0.53581506,0.7738662,0.42177036,0,0.2022562325000763,0.53005856,0.43795085,0.22612679,0.5605957,0,0.6751431226730347
TSBD_Healthy_cf66e36f26,1,1,2,0.8458359,0.010523458,0.08897413,0.050542627,1.4497433e-05,0.013190088,0,0.12260068953037262,0.09323053,0.03612978,1.9971294e-06,0.007754737,0,0.2022562325000763,0.8177954,0.9133276,0.99998343,0.97905517,1,0.6751431226730347
TSBD_Healthy_198c19a2fa,1,1,2,0.8449021,0.010880734,0.07943005,0.04825031,1.2202489e-05,0.011984758,0,0.12260068953037262,0.100842744,0.037078783,2.24632e-06,0.008249853,0,0.2022562325000763,0.8197273,0.91467094,0.9999856,0.9797654,1,0.6751431226730347
TSBD_Healthy_0f0af1a35d,1,0,2,0.8408201,0.010609449,0.073270895,0.03186624,3.0426188e-06,0.0073534735,0,0.12260068953037262,0.118041374,0.059289414,1.6817918e-05,0.016174255,0,0.2022562325000763,0.80868775,0.90884423,0.9999801,0.9764723,0,0.6751431226730347
TSBD_Healthy_24a755565d,0,0,1,0.51517034,0.03972207,0.06844183,0.028735192,9.846007e-06,0.008891426,0,0.12260068953037262,0.2867738,0.56033444,0.8375526,0.5410195,0,0.2022562325000763,0.64478445,0.4109303,0.16243754,0.45008904,0,0.6751431226730347
TSBD_Healthy_00488f3c0b,1,1,1,0.77419984,0.019604959,0.1489775,0.048822034,5.6401045e-06,0.013239049,0,0.12260068953037262,0.76061,0.9030006,0.9999901,0.9763277,1,0.2022562325000763,0.09041249,0.048177365,4.2330266e-06,0.010433254,0,0.6751431226730347
TSBD_Healthy_7f10feedf0,1,1,0,0.84345776,0.006835257,0.81264836,0.8472664,0.99916613,0.944746,1,0.12260068953037262,0.08168879,0.10605667,0.0008068861,0.03994147,0,0.2022562325000763,0.10566288,0.046676952,2.6997493e-05,0.015312504,0,0.6751431226730347
TSBD_Healthy_083843a5b2,1,1,0,0.8504552,0.011614988,0.8355187,0.9287422,0.9999758,0.98032045,1,0.12260068953037262,0.08479291,0.027145945,2.777048e-06,0.006949325,0,0.2022562325000763,0.07968833,0.044111952,2.142024e-05,0.012730222,0,0.6751431226730347
TSBD_Healthy_846b819a49,1,1,1,0.8175873,0.0132056195,0.0950194,0.050533667,6.252948e-06,0.011597807,0,0.12260068953037262,0.7882232,0.9029424,0.9999901,0.9776574,1,0.2022562325000763,0.1167574,0.046523884,3.5843955e-06,0.010744852,0,0.6751431226730347
TSBD_Healthy_ef882f9638,0,0,1,0.31815192,0.12781344,0.12204672,0.025002921,4.2740135e-06,0.0102494415,0,0.12260068953037262,0.14453322,0.61370194,0.92207617,0.53539705,0,0.2022562325000763,0.73342,0.36129513,0.07791959,0.4543535,0,0.6751431226730347
TSBD_Healthy_f510479194,1,0,2,0.54469657,0.03217629,0.06174554,0.025109975,8.024245e-06,0.0072374074,0,0.12260068953037262,0.18564442,0.40925223,0.27749637,0.30209637,0,0.2022562325000763,0.75261,0.5656378,0.7224956,0.6906662,0,0.6751431226730347
TSBD_Healthy_78ac2c01e9,0,0,1,0.35652307,0.09514297,0.10596504,0.024939535,6.891992e-06,0.009584688,0,0.12260068953037262,0.1391235,0.531423,0.75740427,0.4256046,0,0.2022562325000763,0.7549115,0.4436375,0.24258892,0.56481075,0,0.6751431226730347
TSBD_Healthy_aa968b53a4,1,0,2,0.8192137,0.009006389,0.14902401,0.11487664,0.00036219557,0.044400692,0,0.12260068953037262,0.08207802,0.028659223,9.462538e-07,0.005872287,0,0.2022562325000763,0.76889795,0.85646415,0.9996369,0.94972706,0,0.6751431226730347
TSBD_Healthy_d6be26c310,1,0,1,0.38915512,0.10197815,0.060766533,0.036126673,2.138258e-06,0.007916534,0,0.12260068953037262,0.50649744,0.8944812,0.999979,0.95945615,0,0.2022562325000763,0.43273604,0.06939213,1.8857225e-05,0.0326273,0,0.6751431226730347
TSBD_Healthy_8d0baa1858,1,0,2,0.8224972,0.012756737,0.06941815,0.029394949,2.294297e-06,0.0066165654,0,0.12260068953037262,0.13772038,0.06482867,2.401599e-05,0.019200347,0,0.2022562325000763,0.79286146,0.90577626,0.9999738,0.9741831,0,0.6751431226730347
TSBD_Healthy_9a86700e7b,1,0,2,0.78718805,0.018936642,0.07333969,0.03767631,5.228201e-06,0.008941482,0,0.12260068953037262,0.14757349,0.04792331,6.665318e-06,0.01335989,0,0.2022562325000763,0.77908677,0.9144004,0.9999881,0.9776987,0,0.6751431226730347
TSBD_Healthy_8de20870d1,1,0,2,0.84169304,0.011396853,0.07531667,0.0414789,7.150884e-06,0.009882248,0,0.12260068953037262,0.10761655,0.04187823,3.754566e-06,0.009885848,0,0.2022562325000763,0.8170668,0.9166429,0.99998915,0.9802319,0,0.6751431226730347
TSBD_Healthy_2125dc16c6,1,1,1,0.76228565,0.021743087,0.07915503,0.049044706,5.788048e-06,0.0107045425,0,0.12260068953037262,0.757517,0.9032814,0.9999902,0.97663975,1,0.2022562325000763,0.16332805,0.04767392,4.0114473e-06,0.012655681,0,0.6751431226730347
TSBD_Healthy_f1a3293d1d,0,0,1,0.19583958,0.21569522,0.060078662,0.045404516,4.3461414e-06,0.011788771,0,0.12260068953037262,0.31828427,0.9029706,0.9999902,0.95860296,0,0.2022562325000763,0.62163705,0.051624905,5.4504926e-06,0.02960826,0,0.6751431226730347
TSBD_Healthy_db02ad0e48,1,0,1,0.38668975,0.10579895,0.05698564,0.046958566,5.0085737e-06,0.010212602,0,0.12260068953037262,0.5311256,0.9033436,0.9999902,0.9690719,0,0.2022562325000763,0.41188878,0.04969781,4.751443e-06,0.020715429,0,0.6751431226730347
TSBD_Healthy_6e62793bdf,1,0,1,0.4722923,0.07968737,0.06298858,0.040556073,3.0555082e-06,0.00871724,0,0.12260068953037262,0.57581717,0.9005527,0.9999875,0.96743774,0,0.2022562325000763,0.36119422,0.05889118,9.513773e-06,0.02384503,0,0.6751431226730347
TSBD_Healthy_097e8db62c,1,0,1,0.40670422,0.09073078,0.06412002,0.0300973,1.4896558e-06,0.006977943,0,0.12260068953037262,0.4778748,0.8642737,0.9998808,0.934475,0,0.2022562325000763,0.45800525,0.105628915,0.00011772409,0.058547053,0,0.6751431226730347
TSBD_Healthy_9a88507804,1,1,1,0.7417937,0.020996563,0.07507636,0.032475118,1.8326932e-06,0.007068348,0,0.12260068953037262,0.7102697,0.87464213,0.9999299,0.9591618,1,0.2022562325000763,0.21465398,0.092882745,6.8212896e-05,0.033769824,0,0.6751431226730347
TSBD_Healthy_d3268932b8,1,1,1,0.74238,0.025123954,0.07210358,0.04913386,5.848556e-06,0.010431491,0,0.12260068953037262,0.74859834,0.9033545,0.9999901,0.97645634,1,0.2022562325000763,0.17929809,0.04751155,4.0193627e-06,0.013112119,0,0.6751431226730347
TSBD_Healthy_7ef69613b9,1,0,2,0.8357212,0.011990247,0.09102977,0.039015494,5.952939e-06,0.009928901,0,0.12260068953037262,0.09866228,0.045428302,5.2165456e-06,0.01065149,0,0.2022562325000763,0.810308,0.9155562,0.9999888,0.97941965,0,0.6751431226730347
TSBD_Healthy_ddc759b323,1,0,2,0.7405261,0.0259779,0.060132705,0.03241318,3.11234e-06,0.0071147145,0,0.12260068953037262,0.19139329,0.055382818,1.2157875e-05,0.017831644,0,0.2022562325000763,0.748474,0.912204,0.99998474,0.97505367,0,0.6751431226730347
TSBD_Healthy_cb4b1d8b67,1,1,2,0.84614694,0.010658379,0.08356796,0.04678297,1.0767994e-05,0.011734974,0,0.12260068953037262,0.09720097,0.03802074,2.450644e-06,0.008382077,0,0.2022562325000763,0.8192311,0.91519624,0.99998677,0.9798829,1,0.6751431226730347
TSBD_Healthy_886fdcfd30,0,0,2,0.117885396,0.30115747,0.8340776,0.16101806,0.0014349507,0.221937,0,0.12260068953037262,0.08004072,0.026865913,8.9080805e-07,0.009967881,0,0.2022562325000763,0.08588167,0.81211597,0.9985642,0.7680951,0,0.6751431226730347
TSBD_Healthy_784f1bc940,1,1,2,0.8462614,0.010503854,0.08733259,0.049658373,1.3745145e-05,0.012859226,0,0.12260068953037262,0.09429075,0.036643915,2.1424923e-06,0.007943749,0,0.2022562325000763,0.8183766,0.91369766,0.99998415,0.979197,1,0.6751431226730347
TSBD_Healthy_ba996de886,1,0,2,0.8424409,0.011304814,0.07691532,0.045882042,1.0197562e-05,0.011180279,0,0.12260068953037262,0.10454283,0.038371086,2.5669315e-06,0.008716607,0,0.2022562325000763,0.8185419,0.9157468,0.9999871,0.9801031,0,0.6751431226730347
TSBD_Healthy_619dcca295,1,0,2,0.7335842,0.016957384,0.070868745,0.021906879,2.3046389e-06,0.005744902,0,0.12260068953037262,0.13996236,0.2611105,0.020595115,0.13717325,0,0.2022562325000763,0.7891689,0.71698266,0.97940254,0.8570819,0,0.6751431226730347
TSBD_Healthy_e5fac835da,1,1,1,0.7615078,0.021997187,0.073942706,0.048748694,5.5035944e-06,0.010315121,0,0.12260068953037262,0.7589014,0.9034559,0.9999906,0.97694594,1,0.2022562325000763,0.1671559,0.04779545,3.9659735e-06,0.012738988,0,0.6751431226730347
TSBD_Healthy_7b8508b66d,1,0,2,0.8385211,0.011711379,0.080110244,0.043727934,8.58769e-06,0.010741831,0,0.12260068953037262,0.10594311,0.04073689,3.2890564e-06,0.009470109,0,0.2022562325000763,0.81394655,0.9155352,0.9999881,0.97978806,0,0.6751431226730347
TSBD_Healthy_1bf9b6920f,1,0,2,0.83195204,0.012590348,0.070712894,0.036551468,4.664915e-06,0.008409713,0,0.12260068953037262,0.12047798,0.04762416,6.5903964e-06,0.012232165,0,0.2022562325000763,0.8088091,0.9158243,0.9999888,0.97935814,0,0.6751431226730347
TSBD_Healthy_c2dd44b1c5,1,0,2,0.7286287,0.027986228,0.16159308,0.03597693,4.9562095e-06,0.011596864,0,0.12260068953037262,0.09304669,0.055688873,1.29986065e-05,0.014111471,0,0.2022562325000763,0.7453602,0.9083342,0.999982,0.9742917,0,0.6751431226730347
TSBD_Healthy_6941b60386,1,0,2,0.75015056,0.015524752,0.06386247,0.024367236,1.8318899e-06,0.005832686,0,0.12260068953037262,0.24651028,0.13994713,0.0008402123,0.06999929,0,0.2022562325000763,0.6896272,0.8356857,0.999158,0.92416805,0,0.6751431226730347
TSBD_Healthy_905510a905,1,0,2,0.75950474,0.017082168,0.08826671,0.021435533,1.4703886e-06,0.0056929127,0,0.12260068953037262,0.11430386,0.20144235,0.0050885496,0.08715986,0,0.2022562325000763,0.7974294,0.7771221,0.99491006,0.9071472,0,0.6751431226730347
TSBD_Healthy_9731a208b9,1,1,1,0.75131375,0.023196906,0.090398185,0.04794826,5.2254272e-06,0.010923866,0,0.12260068953037262,0.7467667,0.90316886,0.99999046,0.97601855,1,0.2022562325000763,0.16283512,0.048882883,4.3592513e-06,0.013057585,0,0.6751431226730347
TSBD_Healthy_0dca3c0bc2,1,1,1,0.7781716,0.019016203,0.09022501,0.048162498,5.4556713e-06,0.010955373,0,0.12260068953037262,0.7632265,0.9031285,0.9999901,0.97653824,1,0.2022562325000763,0.14654846,0.048708953,4.4126423e-06,0.012506372,0,0.6751431226730347
TSBD_Healthy_12ac808983,0,0,1,0.16079699,0.2382057,0.20838194,0.04561787,4.7766384e-06,0.02007914,0,0.12260068953037262,0.24715841,0.8951649,0.9999851,0.9432033,0,0.2022562325000763,0.54445964,0.05921722,1.0112886e-05,0.03671753,0,0.6751431226730347
TSBD_Healthy_511fba2ceb,0,0,2,0.5540726,0.032718778,0.06658531,0.02421011,3.8272806e-06,0.006932306,0,0.12260068953037262,0.48957384,0.2835638,0.034333333,0.26037005,0,0.2022562325000763,0.44384086,0.692226,0.96566284,0.73269767,0,0.6751431226730347
TSBD_Healthy_549679688a,1,0,2,0.82359594,0.014023086,0.070079364,0.043777708,8.504205e-06,0.010263368,0,0.12260068953037262,0.12237814,0.040454663,3.199599e-06,0.009901344,0,0.2022562325000763,0.8075425,0.9157677,0.9999883,0.9798353,0,0.6751431226730347
TSBD_Healthy_708f7d8e32,1,0,2,0.8357983,0.0122467745,0.073658675,0.04717483,1.12727075e-05,0.011393607,0,0.12260068953037262,0.111013964,0.037969366,2.4919493e-06,0.008820484,0,0.2022562325000763,0.8153274,0.91485584,0.9999862,0.9797859,0,0.6751431226730347
TSBD_Healthy_30a7ad7ba3,1,0,2,0.7447834,0.02592633,0.058551878,0.036525473,4.631662e-06,0.008023509,0,0.12260068953037262,0.18323644,0.04831286,6.964409e-06,0.014718672,0,0.2022562325000763,0.7582117,0.91516167,0.99998844,0.9772579,0,0.6751431226730347
TSBD_Healthy_dad4aa07c4,1,0,2,0.8294682,0.012604256,0.110847786,0.04997277,1.3864474e-05,0.014117537,0,0.12260068953037262,0.08515667,0.036688905,2.141199e-06,0.0077097877,0,0.2022562325000763,0.80399555,0.91333836,0.999984,0.97817266,0,0.6751431226730347
TSBD_Healthy_8eff6e388b,1,0,2,0.84442896,0.010941427,0.078876816,0.04978344,1.3645366e-05,0.0123999445,0,0.12260068953037262,0.10119724,0.036192853,2.009638e-06,0.0079912525,0,0.2022562325000763,0.819926,0.9140237,0.9999844,0.9796088,0,0.6751431226730347
TSBD_Healthy_fec7f36a5c,1,0,2,0.69037014,0.03525804,0.058715794,0.037392307,5.0399035e-06,0.008366792,0,0.12260068953037262,0.21363837,0.047276556,6.1512023e-06,0.015206482,0,0.2022562325000763,0.7276459,0.9153311,0.9999888,0.97642666,0,0.6751431226730347
TSBD_Healthy_1cf19a1878,1,0,2,0.8263217,0.013572864,0.07251561,0.0475261,1.1559206e-05,0.0114540635,0,0.12260068953037262,0.11789607,0.038188577,2.553346e-06,0.0090974625,0,0.2022562325000763,0.80958825,0.9142853,0.99998593,0.9794485,0,0.6751431226730347
TSBD_Healthy_0fbc0f2310,1,0,2,0.84297127,0.010804498,0.089256085,0.052813992,1.7186967e-05,0.01395013,0,0.12260068953037262,0.09524329,0.03545008,1.8664718e-06,0.007650721,0,0.2022562325000763,0.81550056,0.91173583,0.9999809,0.9783992,0,0.6751431226730347
TSBD_Healthy_24a6f36a78,1,0,2,0.84173054,0.011354472,0.07882259,0.04627482,1.03928805e-05,0.011367984,0,0.12260068953037262,0.10365072,0.038250025,2.5173665e-06,0.008648232,0,0.2022562325000763,0.8175267,0.9154751,0.9999871,0.9799838,0,0.6751431226730347
TSBD_Healthy_7bca399e6d,1,0,2,0.8364727,0.01219366,0.0736778,0.0436011,8.487484e-06,0.010388823,0,0.12260068953037262,0.11130419,0.039955176,3.0267904e-06,0.009389714,0,0.2022562325000763,0.815018,0.9164437,0.99998856,0.98022145,0,0.6751431226730347
TSBD_Healthy_06733b9af0,1,0,2,0.8348765,0.012427385,0.0730704,0.04803488,1.1926417e-05,0.011583904,0,0.12260068953037262,0.11133288,0.037135147,2.2471993e-06,0.008562348,0,0.2022562325000763,0.8155968,0.9148299,0.9999858,0.9798538,0,0.6751431226730347
TSBD_Healthy_2e5b036845,1,0,1,0.3257027,0.12711576,0.05582542,0.04804373,5.340536e-06,0.010688223,0,0.12260068953037262,0.48626804,0.9030378,0.99999034,0.96768516,0,0.2022562325000763,0.45790645,0.04891846,4.374885e-06,0.021626621,0,0.6751431226730347
TSBD_Healthy_363f51fde7,1,1,1,0.80479974,0.014973279,0.10333156,0.051397048,6.6491352e-06,0.0122290235,0,0.12260068953037262,0.7788699,0.90294033,0.9999901,0.9772224,1,0.2022562325000763,0.11779853,0.04566264,3.294472e-06,0.010548568,0,0.6751431226730347
TSBD_Healthy_c6ac85b839,1,1,1,0.78593713,0.018110767,0.081499316,0.051295936,6.705561e-06,0.011296528,0,0.12260068953037262,0.77231556,0.9029861,0.99999,0.9772381,1,0.2022562325000763,0.14618514,0.045717943,3.3656577e-06,0.011465311,0,0.6751431226730347
TSBD_Healthy_ddbacc20a2,1,0,2,0.61888003,0.04708709,0.05957403,0.030240318,2.4566948e-06,0.006789812,0,0.12260068953037262,0.2710472,0.061625045,1.9395202e-05,0.024029735,0,0.2022562325000763,0.6693787,0.9081347,0.99997807,0.9691804,0,0.6751431226730347
TSBD_Healthy_8643328d51,1,0,2,0.83925354,0.011601854,0.08009035,0.04988198,1.3820397e-05,0.012528971,0,0.12260068953037262,0.10393394,0.03646457,2.0764537e-06,0.008159341,0,0.2022562325000763,0.8159757,0.9136535,0.99998415,0.97931165,0,0.6751431226730347
TSBD_Healthy_006fc27c69,1,0,2,0.59519285,0.053027406,0.054684516,0.03321457,3.388069e-06,0.007346857,0,0.12260068953037262,0.27878454,0.05320083,1.02846925e-05,0.020054251,0,0.2022562325000763,0.6665309,0.91358465,0.9999864,0.9725989,0,0.6751431226730347
TSBD_Healthy_33406626c7,1,0,2,0.7498496,0.025353558,0.059780955,0.038127836,5.185075e-06,0.008409299,0,0.12260068953037262,0.176372,0.045358628,5.232255e-06,0.013302647,0,0.2022562325000763,0.763847,0.9165135,0.9999896,0.97828805,0,0.6751431226730347
TSBD_Healthy_b06da16348,1,0,2,0.8432311,0.011061217,0.08073031,0.049035218,1.2876141e-05,0.01227985,0,0.12260068953037262,0.101004,0.03679162,2.187305e-06,0.008187132,0,0.2022562325000763,0.81826574,0.91417325,0.999985,0.979533,0,0.6751431226730347
TSBD_Healthy_06f251fee4,1,0,2,0.84319496,0.011101053,0.0801549,0.047424357,1.1503146e-05,0.011796434,0,0.12260068953037262,0.101674855,0.037685886,2.3858233e-06,0.008440032,0,0.2022562325000763,0.81817025,0.9148898,0.9999862,0.9797635,0,0.6751431226730347
TSBD_Healthy_4ac4f94767,1,0,2,0.8404774,0.011221412,0.091119684,0.050149713,1.3869792e-05,0.013158691,0,0.12260068953037262,0.09523175,0.036544807,2.082868e-06,0.0079321535,0,0.2022562325000763,0.8136485,0.9133055,0.99998415,0.97890913,0,0.6751431226730347
TSBD_Healthy_e7cd92f08f,1,0,2,0.8204317,0.014566218,0.068834536,0.048913628,1.2885403e-05,0.011651035,0,0.12260068953037262,0.12265789,0.037035853,2.2454747e-06,0.008872669,0,0.2022562325000763,0.8085076,0.9140505,0.99998486,0.97947633,0,0.6751431226730347
TSBD_Healthy_1597a65755,1,0,2,0.80664057,0.016401777,0.06631329,0.03962377,6.0159946e-06,0.009022367,0,0.12260068953037262,0.13812217,0.044507153,4.8249326e-06,0.0117598735,0,0.2022562325000763,0.79556453,0.9158691,0.9999893,0.97921777,0,0.6751431226730347
TSBD_Healthy_a8ea0e137d,1,0,2,0.72181505,0.030068366,0.062990926,0.042717047,7.828063e-06,0.009853537,0,0.12260068953037262,0.18738608,0.041883834,3.708769e-06,0.012318801,0,0.2022562325000763,0.749623,0.91539913,0.99998844,0.97782767,0,0.6751431226730347
TSBD_Healthy_fafc24f635,1,0,2,0.82000226,0.014460388,0.07386601,0.0436194,8.56555e-06,0.010465349,0,0.12260068953037262,0.12210546,0.04062378,3.2619207e-06,0.009963095,0,0.2022562325000763,0.8040286,0.9157568,0.9999882,0.9795716,0,0.6751431226730347
TSBD_Healthy_7c877797f5,1,0,2,0.82611465,0.013590577,0.0740332,0.047285054,1.1295274e-05,0.011459836,0,0.12260068953037262,0.11694282,0.03815595,2.5114437e-06,0.009039667,0,0.2022562325000763,0.809024,0.91455895,0.9999862,0.97950053,0,0.6751431226730347
TSBD_Healthy_d249c82c7a,1,0,2,0.8301174,0.012742155,0.081097424,0.03626994,4.4892295e-06,0.00873378,0,0.12260068953037262,0.11265216,0.048288304,7.025393e-06,0.012189649,0,0.2022562325000763,0.8062504,0.9154417,0.99998844,0.97907656,0,0.6751431226730347
TSBD_Healthy_1dafd9bcec,1,0,2,0.7590705,0.02415805,0.061578505,0.045531806,9.950407e-06,0.010445852,0,0.12260068953037262,0.16382627,0.039067734,2.80974e-06,0.010663988,0,0.2022562325000763,0.7745952,0.91540056,0.99998724,0.9788902,0,0.6751431226730347
TSBD_Healthy_727f8ba7d1,1,0,2,0.8386447,0.011705247,0.07971378,0.04792976,1.2053876e-05,0.0119558,0,0.12260068953037262,0.10506973,0.037667114,2.3951302e-06,0.008552838,0,0.2022562325000763,0.8152165,0.91440314,0.9999856,0.97949135,0,0.6751431226730347
TSBD_Healthy_578fae46e9,1,0,2,0.8038961,0.017112648,0.06520558,0.045077994,9.615881e-06,0.010430181,0,0.12260068953037262,0.13600202,0.039102454,2.8320073e-06,0.00990973,0,0.2022562325000763,0.79879236,0.91581947,0.9999875,0.9796601,0,0.6751431226730347
TSBD_Healthy_d1980c5cf7,1,0,2,0.8348891,0.012369094,0.07505635,0.047749124,1.1669893e-05,0.0116146775,0,0.12260068953037262,0.11026257,0.03741895,2.3207415e-06,0.0086206505,0,0.2022562325000763,0.81468105,0.914832,0.99998605,0.97976464,0,0.6751431226730347
TSBD_Healthy_5f95d3f8a2,1,0,2,0.8370081,0.011578309,0.102386564,0.05087357,1.50065025e-05,0.014032881,0,0.12260068953037262,0.08802331,0.03606709,1.9796034e-06,0.0076034246,0,0.2022562325000763,0.80959016,0.9130594,0.99998295,0.9783637,0,0.6751431226730347
TSBD_Healthy_ef7cbd4127,0,0,2,0.30277616,0.13986853,0.061039284,0.030991025,2.7406788e-06,0.008123809,0,0.12260068953037262,0.50407624,0.06585038,2.6414815e-05,0.03756325,0,0.2022562325000763,0.43488452,0.90315866,0.9999708,0.954313,0,0.6751431226730347
TSBD_Healthy_63b700da46,0,0,2,0.43430775,0.0663601,0.07258877,0.024149157,6.2777376e-06,0.00769729,0,0.12260068953037262,0.6989884,0.39812773,0.23510285,0.493166,0,0.2022562325000763,0.22842282,0.5777231,0.7648909,0.49913672,0,0.6751431226730347
TSBD_Healthy_076f98de26,0,0,1,0.16649905,0.24463573,0.056642696,0.038391072,2.655832e-06,0.010347303,0,0.12260068953037262,0.25720468,0.89681065,0.9999831,0.9457901,0,0.2022562325000763,0.68615264,0.0647983,1.42331255e-05,0.04386258,0,0.6751431226730347
TSBD_Healthy_e3f6aa3d79,1,0,2,0.8440677,0.010859565,0.085738026,0.04820184,1.22507845e-05,0.012324765,0,0.12260068953037262,0.09701889,0.037449487,2.3173143e-06,0.008233865,0,0.2022562325000763,0.8172431,0.9143487,0.99998546,0.9794414,0,0.6751431226730347
TSBD_Healthy_da00d5de9a,1,0,2,0.8395715,0.011605348,0.07850281,0.048152924,1.2065078e-05,0.01191499,0,0.12260068953037262,0.10520257,0.037449706,2.3154437e-06,0.008473944,0,0.2022562325000763,0.81629467,0.91439736,0.9999857,0.9796111,0,0.6751431226730347
TSBD_Healthy_1fc6860580,0,0,1,0.16696745,0.24446785,0.059514686,0.03564487,2.129049e-06,0.00982725,0,0.12260068953037262,0.24778974,0.89286125,0.9999765,0.939848,0,0.2022562325000763,0.6926956,0.071493864,2.1353273e-05,0.05032472,0,0.6751431226730347
TSBD_Healthy_93437b01b9,1,0,2,0.8359508,0.012212043,0.07377365,0.043712333,8.535518e-06,0.010421117,0,0.12260068953037262,0.11199927,0.040332645,3.2006208e-06,0.009559801,0,0.2022562325000763,0.8142271,0.915955,0.9999882,0.9800191,0,0.6751431226730347
TSBD_Healthy_d7b2fef984,1,0,2,0.80342346,0.017168112,0.06521338,0.045936182,1.0190067e-05,0.010644181,0,0.12260068953037262,0.13606773,0.038759597,2.7229635e-06,0.009796765,0,0.2022562325000763,0.79871887,0.91530424,0.9999871,0.979559,0,0.6751431226730347
TSBD_Healthy_6499b6d7a1,1,0,2,0.8405659,0.011552532,0.07726609,0.045272004,9.693657e-06,0.011024982,0,0.12260068953037262,0.1057126,0.03886324,2.684986e-06,0.008885593,0,0.2022562325000763,0.81702125,0.91586477,0.9999876,0.9800895,0,0.6751431226730347
TSBD_Healthy_b2c3637e41,1,0,2,0.8390107,0.011518234,0.0844134,0.050384708,1.4323728e-05,0.012919352,0,0.12260068953037262,0.10124679,0.03644873,2.0765995e-06,0.008088395,0,0.2022562325000763,0.8143398,0.91316664,0.99998367,0.9789923,0,0.6751431226730347
TSBD_Healthy_ca0105e4b8,1,1,2,0.8477874,0.010303448,0.08787419,0.04995432,1.38585265e-05,0.012937783,0,0.12260068953037262,0.09266705,0.036279123,2.0148573e-06,0.0077611418,0,0.2022562325000763,0.8194587,0.9137666,0.99998415,0.9793011,1,0.6751431226730347
TSBD_Healthy_efb3b53d28,1,0,2,0.5253002,0.043046106,0.08998527,0.02630195,8.248681e-06,0.008617965,0,0.12260068953037262,0.15121654,0.39329293,0.22149132,0.26836544,0,0.2022562325000763,0.7587982,0.5804051,0.7785004,0.7230166,0,0.6751431226730347
TSBD_Healthy_b6298539e0,1,0,2,0.84456444,0.010817066,0.082939886,0.049908243,1.3812767e-05,0.012670976,0,0.12260068953037262,0.09850708,0.03636904,2.0547614e-06,0.007972681,0,0.2022562325000763,0.818553,0.91372275,0.99998415,0.97935635,0,0.6751431226730347
TSBD_Healthy_32b15941da,1,1,1,0.78796506,0.017577942,0.09155008,0.051795896,6.890703e-06,0.011890634,0,0.12260068953037262,0.7704096,0.9025755,0.99998987,0.97691834,1,0.2022562325000763,0.13804032,0.04562859,3.2988098e-06,0.01119101,0,0.6751431226730347
TSBD_Healthy_0d4ffdc7b0,1,0,2,0.62299114,0.02761348,0.057287086,0.022066839,1.8356519e-06,0.0055091465,0,0.12260068953037262,0.3931476,0.20864655,0.00645754,0.15211299,0,0.2022562325000763,0.5495653,0.7692866,0.9935407,0.8423779,0,0.6751431226730347
TSBD_Healthy_b36f28e306,1,0,2,0.8444834,0.010677206,0.090317585,0.050303847,1.4245355e-05,0.013191742,0,0.12260068953037262,0.09323627,0.036437165,2.067973e-06,0.007843058,0,0.2022562325000763,0.81644607,0.91325897,0.99998367,0.97896516,0,0.6751431226730347
TSBD_Healthy_68a56d28bf,1,0,2,0.67028064,0.036135986,0.122228265,0.04182726,8.1752305e-06,0.012753064,0,0.12260068953037262,0.18931252,0.057068497,1.4998598e-05,0.019299624,0,0.2022562325000763,0.68845916,0.9011042,0.99997675,0.9679473,0,0.6751431226730347
TSBD_Healthy_b7798ab5f8,1,0,2,0.8420877,0.011336617,0.07669606,0.045251496,9.681065e-06,0.010986975,0,0.12260068953037262,0.105281375,0.038990658,2.7811834e-06,0.008945185,0,0.2022562325000763,0.81802255,0.91575783,0.9999876,0.9800678,0,0.6751431226730347
TSBD_Healthy_2a0f79d223,1,0,2,0.8336873,0.012586589,0.072998896,0.04769043,1.1710877e-05,0.011504367,0,0.12260068953037262,0.11233119,0.037438948,2.321596e-06,0.008679969,0,0.2022562325000763,0.8146699,0.9148706,0.99998605,0.97981566,0,0.6751431226730347
TSBD_Healthy_8fc6471a64,1,0,2,0.836645,0.011887971,0.08643319,0.048354484,1.2344973e-05,0.0124196485,0,0.12260068953037262,0.10116692,0.03728448,2.2709678e-06,0.008320895,0,0.2022562325000763,0.8124,0.91436106,0.99998534,0.9792595,0,0.6751431226730347
TSBD_Healthy_78bf1afa4b,0,0,1,0.19106212,0.21991739,0.057049554,0.04664355,4.884634e-06,0.012043449,0,0.12260068953037262,0.3150275,0.90323305,0.9999902,0.9591156,0,0.2022562325000763,0.6279229,0.050123364,4.9194955e-06,0.028840939,0,0.6751431226730347
TSBD_Healthy_d63c012f3e,1,0,2,0.75414795,0.024040585,0.082402244,0.043532148,8.823098e-06,0.011130277,0,0.12260068953037262,0.15805416,0.04311946,4.2770944e-06,0.012043517,0,0.2022562325000763,0.75954366,0.9133484,0.9999869,0.9768262,0,0.6751431226730347
TSBD_Healthy_05ab09d318,1,0,2,0.82712466,0.013377454,0.074756,0.0491115,1.3226046e-05,0.0120704565,0,0.12260068953037262,0.115691595,0.037469964,2.407852e-06,0.008856625,0,0.2022562325000763,0.80955243,0.9134185,0.9999844,0.9790729,0,0.6751431226730347
TSBD_Healthy_18405215f8,1,1,2,0.84845585,0.010277834,0.08472825,0.049837697,1.3713239e-05,0.012727146,0,0.12260068953037262,0.09448415,0.0361838,2.0124917e-06,0.0077991285,0,0.2022562325000763,0.8207876,0.9139785,0.99998426,0.97947377,1,0.6751431226730347
TSBD_Healthy_fe721e6a35,1,0,2,0.83417094,0.012296665,0.076281816,0.042780202,8.018431e-06,0.010325598,0,0.12260068953037262,0.112588674,0.042079702,3.7564535e-06,0.010092579,0,0.2022562325000763,0.8111295,0.91514003,0.9999882,0.9795818,0,0.6751431226730347
TSBD_Healthy_8a0b6768d9,1,0,2,0.8139576,0.01561224,0.06556564,0.045184188,9.721356e-06,0.010459698,0,0.12260068953037262,0.12977523,0.039006647,2.7677947e-06,0.009670507,0,0.2022562325000763,0.80465907,0.9158092,0.9999875,0.9798698,0,0.6751431226730347
TSBD_Healthy_fdb9e6ae23,1,1,2,0.84639955,0.010644895,0.0814724,0.04865226,1.2436399e-05,0.012180781,0,0.12260068953037262,0.09824965,0.03674624,2.1191988e-06,0.008046038,0,0.2022562325000763,0.820278,0.9146015,0.99998546,0.9797732,1,0.6751431226730347
TSBD_Healthy_4c66cb7f58,1,0,2,0.83334476,0.012704899,0.070941046,0.046189904,1.04292985e-05,0.010967624,0,0.12260068953037262,0.11416233,0.038157675,2.515653e-06,0.0089449175,0,0.2022562325000763,0.8148966,0.91565233,0.9999871,0.98008746,0,0.6751431226730347
TSBD_Healthy_f5058ddf56,1,0,2,0.74525243,0.026229803,0.06590248,0.045441255,9.699825e-06,0.010678728,0,0.12260068953037262,0.1698111,0.03941655,2.879885e-06,0.010942511,0,0.2022562325000763,0.76428646,0.9151422,0.9999875,0.9783788,0,0.6751431226730347
TSBD_Healthy_69e2554f5f,1,0,2,0.8125246,0.015395189,0.06437604,0.035417043,4.079449e-06,0.007847362,0,0.12260068953037262,0.1386193,0.04883795,7.2595017e-06,0.013309596,0,0.2022562325000763,0.79700464,0.915745,0.9999887,0.97884303,0,0.6751431226730347
TSBD_Healthy_d4f8817d0f,1,0,2,0.81088454,0.0158999,0.070968024,0.046783455,1.0795705e-05,0.011172413,0,0.12260068953037262,0.12804574,0.038339857,2.561267e-06,0.009418784,0,0.2022562325000763,0.80098623,0.9148767,0.99998665,0.9794088,0,0.6751431226730347
TSBD_Healthy_75d585858d,1,0,1,0.43825144,0.0901483,0.05602848,0.045135904,4.343158e-06,0.009491069,0,0.12260068953037262,0.5653857,0.90333253,0.9999901,0.9699007,0,0.2022562325000763,0.3785859,0.05153156,5.493712e-06,0.020608189,0,0.6751431226730347
TSBD_Healthy_cb3a9d790a,1,0,2,0.815293,0.015354439,0.06899857,0.04610639,1.03344e-05,0.010877839,0,0.12260068953037262,0.12635973,0.038282275,2.5447096e-06,0.009341972,0,0.2022562325000763,0.80464166,0.91561127,0.9999871,0.97978014,0,0.6751431226730347
TSBD_Healthy_2c254df731,1,0,2,0.6797067,0.020365924,0.092783764,0.025237948,4.8028946e-06,0.0077598724,0,0.12260068953037262,0.16915666,0.30092517,0.051107857,0.18660346,0,0.2022562325000763,0.7380596,0.6738369,0.9488874,0.80563664,0,0.6751431226730347
TSBD_Healthy_4e4bdff12a,0,0,2,0.47454828,0.064153604,0.066679694,0.023477314,1.9667477e-06,0.0064617065,0,0.12260068953037262,0.49393263,0.19271944,0.0041393284,0.15516509,0,0.2022562325000763,0.43938762,0.78380316,0.9958586,0.8383732,0,0.6751431226730347
TSBD_WSSV_ffd2411af1,0,0,1,0.33128908,0.1326496,0.061171547,0.027943654,2.6871483e-06,0.008337352,0,0.12260068953037262,0.23725034,0.7396399,0.99472886,0.7602783,0,0.2022562325000763,0.7015781,0.23241642,0.0052684895,0.23138434,0,0.6751431226730347
TSBD_WSSV_c6b9dfd6bd,0,0,1,0.27732438,0.15798771,0.07452138,0.026509194,3.9088973e-06,0.009515191,0,0.12260068953037262,0.12074117,0.648533,0.96303415,0.5687573,0,0.2022562325000763,0.80473745,0.32495785,0.036961943,0.42172748,0,0.6751431226730347
TSBD_WSSV_258e8224d8,1,1,1,0.6764883,0.036768798,0.06358206,0.050874423,6.496897e-06,0.01051498,0,0.12260068953037262,0.7154616,0.9027523,0.99998987,0.9756312,1,0.2022562325000763,0.22095633,0.046373293,3.591988e-06,0.013853841,0,0.6751431226730347
TSBD_WSSV_7759b4323e,1,1,1,0.7895138,0.017088335,0.11254503,0.052482124,7.0753804e-06,0.012939036,0,0.12260068953037262,0.76758724,0.90236723,0.99998975,0.97656024,1,0.2022562325000763,0.119867764,0.045150634,3.1294248e-06,0.010500749,0,0.6751431226730347
TSBD_WSSV_20ac0fab2b,1,1,0,0.8477346,0.012164731,0.83350956,0.93226004,0.9999851,0.9814224,1,0.12260068953037262,0.089856155,0.034548715,8.190751e-06,0.009816298,0,0.2022562325000763,0.07663433,0.033191305,6.7075366e-06,0.008761299,0,0.6751431226730347
TSBD_WSSV_73ccea8db5,1,1,0,0.56179065,0.062082265,0.6581895,0.93243504,0.9999851,0.97424734,1,0.12260068953037262,0.18172805,0.03497118,8.745683e-06,0.013795748,0,0.2022562325000763,0.16008247,0.032593757,6.256854e-06,0.011956978,0,0.6751431226730347
TSBD_WSSV_2ca61b4065,1,1,1,0.7352651,0.022294816,0.21827666,0.08867718,4.959142e-05,0.031307325,0,0.12260068953037262,0.7079944,0.87694895,0.99994934,0.9621465,1,0.2022562325000763,0.07372896,0.0343739,1.117028e-06,0.006546149,0,0.6751431226730347
TSBD_WSSV_0168d43459,1,1,0,0.8388941,0.013592683,0.8301458,0.9333354,0.9999858,0.9817538,1,0.12260068953037262,0.09626498,0.031406302,5.35229e-06,0.008858541,0,0.2022562325000763,0.07358928,0.035258193,8.822853e-06,0.009387646,0,0.6751431226730347
TSBD_WSSV_a270f6228b,1,1,0,0.8112051,0.017581768,0.8126945,0.9336498,0.99998605,0.9809962,1,0.12260068953037262,0.0706196,0.031372327,5.344049e-06,0.007993831,0,0.2022562325000763,0.11668595,0.034977924,8.61103e-06,0.011009963,0,0.6751431226730347
TSBD_WSSV_3868efcb84,1,1,0,0.6582436,0.042703,0.718874,0.9320249,0.99998415,0.97682333,1,0.12260068953037262,0.15969428,0.030083334,4.3220793e-06,0.010405978,0,0.2022562325000763,0.12143173,0.03789177,1.15619405e-05,0.012770688,0,0.6751431226730347
TSBD_WSSV_98510bdd07,1,1,0,0.6900418,0.037152715,0.74041677,0.93295467,0.9999858,0.9780961,1,0.12260068953037262,0.16554552,0.03242327,6.0970206e-06,0.011565357,0,0.2022562325000763,0.09403767,0.03462202,8.078388e-06,0.010338507,0,0.6751431226730347
TSBD_WSSV_365b81a0b8,1,1,0,0.5923872,0.055657744,0.67938954,0.9314133,0.9999832,0.9751624,1,0.12260068953037262,0.1906929,0.0297308,4.078178e-06,0.01108858,0,0.2022562325000763,0.12991755,0.038855955,1.2809917e-05,0.013749017,0,0.6751431226730347
TSBD_WSSV_4c515e509e,1,1,0,0.46846378,0.08522977,0.6073083,0.9309422,0.9999826,0.9720923,1,0.12260068953037262,0.32247955,0.03805566,1.2406796e-05,0.019292876,0,0.2022562325000763,0.070212066,0.031002196,5.0336657e-06,0.00861486,0,0.6751431226730347
TSBD_WSSV_d5dc5a32b7,0,0,0,0.10639239,0.3066091,0.19881491,0.92665374,0.99997413,0.9421156,0,0.12260068953037262,0.59840906,0.043637767,2.1535605e-05,0.04083714,0,0.2022562325000763,0.20277603,0.029708495,4.308604e-06,0.017047308,0,0.6751431226730347
TSBD_WSSV_84d358870a,1,1,0,0.7575666,0.025931166,0.7826467,0.93312144,0.9999857,0.97974217,1,0.12260068953037262,0.14983934,0.03444104,8.084553e-06,0.0119282715,0,0.2022562325000763,0.06751402,0.032437492,6.1992505e-06,0.008329515,0,0.6751431226730347
TSBD_WSSV_b95089e484,1,0,0,0.36468083,0.116689995,0.5366928,0.9323447,0.999984,0.9702804,0,0.12260068953037262,0.069103576,0.029995905,4.3782134e-06,0.008549636,0,0.2022562325000763,0.39420357,0.037659418,1.1599601e-05,0.02116992,0,0.6751431226730347
TSBD_WSSV_ef2d938994,1,1,0,0.8135199,0.017127309,0.81365395,0.9320467,0.999984,0.98071957,1,0.12260068953037262,0.105060704,0.029757071,4.088384e-06,0.008503062,0,0.2022562325000763,0.08128525,0.038196113,1.1947786e-05,0.010777439,0,0.6751431226730347
TSBD_WSSV_32049c3ecf,0,0,0,0.17845047,0.23055427,0.30234638,0.9221027,0.99995756,0.9472024,0,0.12260068953037262,0.07769736,0.02627765,2.3292494e-06,0.00887194,0,0.2022562325000763,0.61995625,0.051619593,4.0043273e-05,0.043925628,0,0.6751431226730347
TSBD_WSSV_8b8160f809,1,1,0,0.735294,0.029893443,0.77444166,0.9333652,0.99998593,0.9798832,1,0.12260068953037262,0.16637066,0.032891285,6.657826e-06,0.011701346,0,0.2022562325000763,0.05918766,0.033743463,7.3792676e-06,0.008415409,0,0.6751431226730347
TSBD_WSSV_cdf58b2135,1,1,1,0.69204015,0.03286671,0.100522265,0.060040805,1.152879e-05,0.014943927,0,0.12260068953037262,0.712175,0.8980276,0.9999862,0.9736425,1,0.2022562325000763,0.18730271,0.041931555,2.2612426e-06,0.011413487,0,0.6751431226730347
TSBD_WSSV_aa863186fe,0,0,1,0.05924311,0.4009198,0.21654123,0.061230198,1.2803378e-05,0.04120807,0,0.12260068953037262,0.0786048,0.8957075,0.9999846,0.92007685,0,0.2022562325000763,0.7048539,0.043062292,2.6229582e-06,0.038715072,0,0.6751431226730347
TSBD_WSSV_dfb2880295,0,0,1,0.27359498,0.15530324,0.056388613,0.054219153,8.052078e-06,0.012770009,0,0.12260068953037262,0.43616807,0.901339,0.99998903,0.96672183,0,0.2022562325000763,0.5074433,0.04444183,2.8777538e-06,0.020508159,0,0.6751431226730347
TSBD_WSSV_baaf0baf99,0,0,1,0.27095228,0.16180769,0.8321941,0.34933695,0.025848579,0.4360998,0,0.12260068953037262,0.09911104,0.62412536,0.97414976,0.55564845,0,0.2022562325000763,0.06869492,0.026537685,1.627917e-06,0.008251796,0,0.6751431226730347
TSBD_WSSV_24404c91af,1,1,1,0.7163186,0.027684797,0.15097736,0.06331135,1.3804076e-05,0.01826641,0,0.12260068953037262,0.71383536,0.895766,0.99998415,0.9718769,1,0.2022562325000763,0.13518727,0.040922627,2.0453203e-06,0.009856643,0,0.6751431226730347
TSBD_WSSV_b7563199e4,1,1,1,0.79769546,0.016144874,0.09109279,0.05371153,7.839665e-06,0.012348586,0,0.12260068953037262,0.777165,0.9020599,0.9999893,0.9771082,1,0.2022562325000763,0.13174221,0.044228535,2.8872712e-06,0.010543275,0,0.6751431226730347
TSBD_WSSV_11a594f754,1,1,1,0.82231855,0.012441069,0.099591106,0.054790776,8.36116e-06,0.012948239,0,0.12260068953037262,0.7909502,0.90164953,0.9999889,0.97741747,1,0.2022562325000763,0.10945873,0.043559752,2.7080437e-06,0.009634273,0,0.6751431226730347
TSBD_WSSV_fc31d39bad,1,1,1,0.7941135,0.016629431,0.09278304,0.05403364,7.990477e-06,0.012523842,0,0.12260068953037262,0.7744219,0.90181243,0.99998915,0.9769078,1,0.2022562325000763,0.13279513,0.04415387,2.875721e-06,0.010568392,0,0.6751431226730347
TSBD_WSSV_d6cd79daa1,0,0,1,0.07227511,0.3752793,0.7655875,0.062161483,1.3267587e-05,0.06032163,0,0.12260068953037262,0.097371876,0.8966291,0.9999846,0.92057246,0,0.2022562325000763,0.13704062,0.041209403,2.1649985e-06,0.01910596,0,0.6751431226730347
TSBD_WSSV_02f81ef95e,1,1,1,0.7337563,0.026243139,0.08682197,0.055271044,8.573736e-06,0.012721315,0,0.12260068953037262,0.74091226,0.90123624,0.9999888,0.9757722,1,0.2022562325000763,0.17226578,0.043492634,2.6832179e-06,0.011506453,0,0.6751431226730347
TSBD_WSSV_3b11acaec9,1,1,1,0.73192257,0.025383819,0.13724093,0.061395034,1.2600381e-05,0.017014967,0,0.12260068953037262,0.7260838,0.89721435,0.9999852,0.9730214,1,0.2022562325000763,0.13667528,0.04139058,2.1218862e-06,0.0099636065,0,0.6751431226730347
TSBD_WSSV_c286bccb7a,1,1,1,0.66077286,0.039518543,0.06804941,0.05474283,8.282386e-06,0.011742319,0,0.12260068953037262,0.7060281,0.90072685,0.9999888,0.9750807,1,0.2022562325000763,0.22592245,0.044530306,2.872313e-06,0.013176924,0,0.6751431226730347
TSBD_WSSV_6aa52b5d04,1,1,1,0.7728449,0.019432086,0.13486746,0.052866448,7.348745e-06,0.014007896,0,0.12260068953037262,0.7550946,0.9017065,0.9999895,0.9756871,1,0.2022562325000763,0.110037945,0.045427103,3.1800726e-06,0.010305062,0,0.6751431226730347
TSBD_WSSV_78ac1c210b,1,1,1,0.78445834,0.017835757,0.12754548,0.050106816,6.2057006e-06,0.012912482,0,0.12260068953037262,0.763953,0.9027484,0.99999,0.9763212,1,0.2022562325000763,0.10850151,0.04714483,3.8064425e-06,0.010766313,0,0.6751431226730347
TSBD_WSSV_f4df9efeef,1,1,1,0.7629296,0.020906202,0.11084413,0.058335952,1.0886137e-05,0.014827273,0,0.12260068953037262,0.75037616,0.8990195,0.99998665,0.9747842,1,0.2022562325000763,0.13877974,0.042644586,2.510068e-06,0.01038857,0,0.6751431226730347
TSBD_WSSV_e332624690,1,1,1,0.7274701,0.027397376,0.07967308,0.052275807,7.2755797e-06,0.01166041,0,0.12260068953037262,0.7382282,0.9020489,0.9999894,0.97580975,1,0.2022562325000763,0.18209869,0.045675326,3.324158e-06,0.012529865,0,0.6751431226730347
TSBD_WSSV_de8ce5aa48,0,0,1,0.16093464,0.24508888,0.107562795,0.057508916,9.73925e-06,0.019997263,0,0.12260068953037262,0.2692623,0.89982647,0.99998784,0.955509,0,0.2022562325000763,0.62317485,0.042664617,2.4295982e-06,0.024493672,0,0.6751431226730347
TSBD_WSSV_2847167d0b,1,1,1,0.79331535,0.016558994,0.11401007,0.051607937,6.8371182e-06,0.012795649,0,0.12260068953037262,0.77015954,0.90279835,0.99998987,0.9766825,1,0.2022562325000763,0.11583039,0.045593765,3.3041654e-06,0.01052187,0,0.6751431226730347
TSBD_WSSV_ea8e971d58,1,0,1,0.32042047,0.12575924,0.40955862,0.057001952,9.655416e-06,0.026631884,0,0.12260068953037262,0.4523412,0.8995616,0.9999877,0.9609764,0,0.2022562325000763,0.13810022,0.043436423,2.6014252e-06,0.012391716,0,0.6751431226730347
TSBD_WSSV_2cd19b2879,1,0,2,0.84372795,0.008383773,0.09748262,0.09948791,0.00019477232,0.031230897,0,0.12260068953037262,0.08776478,0.028571196,8.4546946e-07,0.005785055,0,0.2022562325000763,0.8147526,0.8719409,0.99980444,0.9629841,0,0.6751431226730347
TSBD_WSSV_f00fa9ceb8,1,0,2,0.7908823,0.015014839,0.1668918,0.08573602,0.000106060805,0.03183268,0,0.12260068953037262,0.078267366,0.029262913,8.8228876e-07,0.0057770316,0,0.2022562325000763,0.75484085,0.88500106,0.99989307,0.96239024,0,0.6751431226730347
TSBD_WSSV_6678622b35,1,1,2,0.84717065,0.010296306,0.08516055,0.053066254,1.7291859e-05,0.013749545,0,0.12260068953037262,0.09540175,0.035264026,1.8440338e-06,0.00760792,0,0.2022562325000763,0.81943774,0.91166973,0.9999809,0.9786425,1,0.6751431226730347
TSBD_WSSV_9ce26c2bf9,1,1,0,0.5700409,0.05993463,0.66302055,0.9263717,0.99998,0.9724988,1,0.12260068953037262,0.23971653,0.03597323,9.496225e-06,0.015627814,0,0.2022562325000763,0.09726288,0.037655033,1.0515885e-05,0.011873366,0,0.6751431226730347
TSBD_WSSV_3319ef6f32,1,0,2,0.68313664,0.027659338,0.11108945,0.2720126,0.01678196,0.12564842,0,0.12260068953037262,0.08597763,0.02582077,1.2869393e-06,0.0059837126,0,0.2022562325000763,0.8029329,0.7021667,0.98321676,0.8683679,0,0.6751431226730347
TSBD_WSSV_1bb255e74b,1,0,1,0.31595382,0.13108817,0.05691763,0.051534057,6.8422823e-06,0.011722517,0,0.12260068953037262,0.4811459,0.9020194,0.9999896,0.96793246,0,0.2022562325000763,0.4619365,0.046446547,3.4883396e-06,0.020345043,0,0.6751431226730347
TSBD_WSSV_d45bc108bb,1,1,1,0.82068425,0.012678444,0.10959747,0.051751837,6.8590684e-06,0.012548483,0,0.12260068953037262,0.78899735,0.90277743,0.99998987,0.9775257,1,0.2022562325000763,0.10140517,0.045470733,3.2555738e-06,0.009925839,0,0.6751431226730347
TSBD_WSSV_319f7dd222,0,0,1,0.10204996,0.32417458,0.7709316,0.052817933,7.4084714e-06,0.04200641,0,0.12260068953037262,0.17125535,0.90192825,0.9999894,0.94463605,0,0.2022562325000763,0.057812978,0.04525385,3.1736463e-06,0.013357587,0,0.6751431226730347
TSBD_WSSV_72962540b9,1,0,2,0.62001574,0.0053830547,0.37263048,0.41496387,0.15294099,0.34782258,0,0.12260068953037262,0.067175455,0.02564718,2.3951125e-06,0.005968396,0,0.2022562325000763,0.560194,0.5593889,0.84705657,0.64620906,0,0.6751431226730347
TSBD_WSSV_cbc299712b,1,1,1,0.7939346,0.016484275,0.14366646,0.05372317,7.835479e-06,0.014510794,0,0.12260068953037262,0.77135164,0.902167,0.9999893,0.9764443,1,0.2022562325000763,0.08498191,0.044109803,2.8797174e-06,0.009044943,0,0.6751431226730347
TSBD_WSSV_4852ce6b3e,1,1,1,0.73702085,0.026105788,0.07227586,0.054238807,8.156796e-06,0.01167656,0,0.12260068953037262,0.7484701,0.90161616,0.9999889,0.97643584,1,0.2022562325000763,0.17925394,0.044144977,2.8926445e-06,0.011887583,0,0.6751431226730347
TSBD_WSSV_51c0f376ed,0,0,1,0.13779105,0.27485144,0.0555074,0.049029533,5.86573e-06,0.0139255095,0,0.12260068953037262,0.2365237,0.90153486,0.99998975,0.95392686,0,0.2022562325000763,0.70796895,0.049435627,4.38574e-06,0.03214765,0,0.6751431226730347
TSBD_WSSV_27c4e89064,1,0,1,0.38523626,0.104987144,0.058376666,0.04242649,3.5725704e-06,0.009255985,0,0.12260068953037262,0.51866376,0.8999274,0.9999882,0.9656249,0,0.2022562325000763,0.42295957,0.057646204,8.245772e-06,0.025119077,0,0.6751431226730347
TSBD_WSSV_d31ea8472c,0,0,1,0.3250083,0.13043913,0.08102097,0.04336024,5.3215003e-06,0.012513153,0,0.12260068953037262,0.36617312,0.8436316,0.9998567,0.91517955,0,0.2022562325000763,0.5528059,0.1130081,0.00013791522,0.07230727,0,0.6751431226730347
TSBD_WSSV_6fd089aca1,0,0,1,0.50845563,0.049705397,0.055035498,0.024676953,4.4607204e-06,0.006825031,0,0.12260068953037262,0.28330562,0.5925545,0.90600854,0.58332556,0,0.2022562325000763,0.6616589,0.3827685,0.09398704,0.4098494,0,0.6751431226730347
TSBD_WSSV_7131cb4d1e,0,0,1,0.08255889,0.3559486,0.08952323,0.058228783,1.0501634e-05,0.024005933,0,0.12260068953037262,0.13553181,0.8969263,0.99998665,0.9408742,0,0.2022562325000763,0.77494496,0.044844925,2.8993381e-06,0.0351199,0,0.6751431226730347
TSBD_WSSV_d1629a0715,1,1,1,0.82416296,0.012146503,0.10624586,0.054307908,8.199709e-06,0.0131361745,0,0.12260068953037262,0.7913335,0.9019608,0.99998903,0.97739726,1,0.2022562325000763,0.10242061,0.043731283,2.7665692e-06,0.00946656,0,0.6751431226730347
TSBD_WSSV_8ecaf0ac01,1,1,1,0.77913743,0.018630035,0.10776219,0.053699024,7.680367e-06,0.013125906,0,0.12260068953037262,0.7614155,0.9016615,0.9999894,0.976205,1,0.2022562325000763,0.13082235,0.044639472,2.9414282e-06,0.010669122,0,0.6751431226730347
TSBD_WSSV_af3c48a08c,1,0,2,0.6536625,0.031700283,0.11601749,0.30053857,0.026792413,0.14606869,0,0.12260068953037262,0.081427544,0.025358468,1.3082599e-06,0.005824793,0,0.2022562325000763,0.8025549,0.67410296,0.9732063,0.84810656,0,0.6751431226730347
TSBD_WSSV_3dae79f506,0,0,0,0.18329644,0.22559536,0.096479096,0.70811665,0.98412204,0.6198101,0,0.12260068953037262,0.09850479,0.084033884,0.000573915,0.053955298,0,0.2022562325000763,0.80501616,0.2078495,0.015304043,0.32623455,0,0.6751431226730347
TSBD_WSSV_80515fe4b2,1,0,2,0.7808893,0.020077795,0.064553194,0.06615837,3.9714952e-05,0.016511554,0,0.12260068953037262,0.14456265,0.034205426,1.6947251e-06,0.008658547,0,0.2022562325000763,0.7908842,0.89963615,0.99995863,0.9748299,0,0.6751431226730347
TSBD_WSSV_aee31f5ae6,1,0,2,0.46221521,0.06681483,0.11199762,0.413561,0.15338953,0.23641385,0,0.12260068953037262,0.09647449,0.02573926,2.5920478e-06,0.0071431412,0,0.2022562325000763,0.7915279,0.56069976,0.84660786,0.756443,0,0.6751431226730347
TSBD_WSSV_0ef579b068,0,0,0,0.15978326,0.25186825,0.20361774,0.8760373,0.999403,0.8753499,0,0.12260068953037262,0.07853787,0.023493063,1.4478941e-06,0.008362979,0,0.2022562325000763,0.7178444,0.10046959,0.0005956123,0.1162872,0,0.6751431226730347
TSBD_WSSV_f70db8236e,1,0,2,0.7730325,0.010211001,0.14467548,0.21793687,0.006241099,0.10336381,0,0.12260068953037262,0.091657154,0.03543993,3.8504068e-06,0.008872797,0,0.2022562325000763,0.7636673,0.7466231,0.993755,0.8877634,0,0.6751431226730347
TSBD_WSSV_36e3c23fc4,1,0,2,0.8445917,0.010235908,0.09819543,0.057389047,2.300836e-05,0.015888385,0,0.12260068953037262,0.088108994,0.03396016,1.52301e-06,0.0070183016,0,0.2022562325000763,0.8136956,0.9086508,0.99997544,0.97709334,0,0.6751431226730347
TSBD_WSSV_7e34390794,1,0,2,0.83968335,0.011563131,0.07596175,0.053032026,1.7267468e-05,0.013212476,0,0.12260068953037262,0.10580485,0.03513818,1.8080342e-06,0.007850673,0,0.2022562325000763,0.8182335,0.9118297,0.9999809,0.97893685,0,0.6751431226730347
TSBD_WSSV_bd80b0d581,1,0,2,0.55660325,0.042847365,0.1452529,0.39033508,0.10756293,0.23137562,0,0.12260068953037262,0.0762681,0.024900082,1.968902e-06,0.0060401754,0,0.2022562325000763,0.778479,0.58476484,0.892435,0.76258415,0,0.6751431226730347
TSBD_WSSV_a456bae923,1,0,2,0.8118209,0.009704713,0.11762278,0.15628468,0.0012906904,0.060097262,0,0.12260068953037262,0.08623524,0.026671017,8.1301334e-07,0.005571638,0,0.2022562325000763,0.796142,0.81704426,0.9987085,0.93433106,0,0.6751431226730347
TSBD_WSSV_b6178797f6,1,1,2,0.848166,0.010240366,0.08557292,0.051804483,1.5810238e-05,0.01337547,0,0.12260068953037262,0.094072446,0.035354286,1.8147081e-06,0.007551104,0,0.2022562325000763,0.82035464,0.9128413,0.99998236,0.97907335,1,0.6751431226730347
TSBD_WSSV_69762898eb,0,0,0,0.067683816,0.38607597,0.086162865,0.9002453,0.99985206,0.8792839,0,0.12260068953037262,0.13656881,0.026785597,2.4196822e-06,0.015995495,0,0.2022562325000763,0.77726835,0.07296909,0.0001455499,0.10472062,0,0.6751431226730347
TSBD_WSSV_a73de688c2,0,0,0,0.06413058,0.38223925,0.066242196,0.86919177,0.9997979,0.8444952,0,0.12260068953037262,0.29951462,0.07364023,0.00015817567,0.08192031,0,0.2022562325000763,0.63424313,0.057168,4.3985754e-05,0.07358449,0,0.6751431226730347
TSBD_WSSV_03cb710db8,1,0,2,0.8237308,0.0051324805,0.063813575,0.027276417,3.7883715e-06,0.0068030627,0,0.12260068953037262,0.14445862,0.1868218,0.0046094214,0.089119345,0,0.2022562325000763,0.79172784,0.7859018,0.9953868,0.9040776,0,0.6751431226730347
TSBD_WSSV_7f2c043791,1,0,2,0.8210083,0.012819715,0.11317219,0.06490067,3.6906422e-05,0.019564955,0,0.12260068953037262,0.09419685,0.032824297,1.3732434e-06,0.0069901645,0,0.2022562325000763,0.792631,0.902275,0.9999616,0.9734449,0,0.6751431226730347
TSBD_WSSV_426ff318e2,1,0,2,0.83323276,0.012563903,0.07331913,0.05265801,1.6644692e-05,0.012928628,0,0.12260068953037262,0.11124582,0.035233624,1.7889557e-06,0.007992123,0,0.2022562325000763,0.81543505,0.9121083,0.9999815,0.97907925,0,0.6751431226730347
TSBD_WSSV_3cb87dc046,1,0,2,0.7991974,0.016527815,0.07839167,0.075640336,6.8182955e-05,0.020871976,0,0.12260068953037262,0.12583601,0.03154305,1.2617721e-06,0.0074822046,0,0.2022562325000763,0.7957724,0.89281654,0.9999305,0.9716458,0,0.6751431226730347
TSBD_WSSV_4c414428d2,1,1,2,0.84784776,0.010393156,0.08283439,0.04978865,1.3524878e-05,0.012587113,0,0.12260068953037262,0.09627293,0.03620813,1.9796198e-06,0.007827491,0,0.2022562325000763,0.8208927,0.9140032,0.9999845,0.9795854,1,0.6751431226730347
TSBD_WSSV_4896029d97,1,1,2,0.84770685,0.010195622,0.09199954,0.051807616,1.5635003e-05,0.013697833,0,0.12260068953037262,0.08961887,0.035452925,1.8231077e-06,0.007445191,0,0.2022562325000763,0.8183816,0.9127395,0.9999826,0.978857,1,0.6751431226730347
TSBD_WSSV_c549f00277,1,0,2,0.80927837,0.015606792,0.072620355,0.06547937,3.9394756e-05,0.016996397,0,0.12260068953037262,0.12410287,0.032939006,1.4562631e-06,0.0077820295,0,0.2022562325000763,0.80327684,0.90158165,0.99995923,0.9752216,0,0.6751431226730347
TSBD_WSSV_254bdb9f4d,1,1,2,0.84556854,0.010675211,0.08134667,0.05134575,1.5205041e-05,0.012990425,0,0.12260068953037262,0.09883255,0.03567964,1.8847992e-06,0.007775658,0,0.2022562325000763,0.81982076,0.9129746,0.99998283,0.97923386,1,0.6751431226730347
TSBD_WSSV_b0447870c0,1,0,2,0.76366884,0.023533555,0.060952257,0.051362198,1.52401735e-05,0.011943545,0,0.12260068953037262,0.15788247,0.0358088,1.9524787e-06,0.009393534,0,0.2022562325000763,0.78116524,0.9128291,0.99998283,0.9786629,0,0.6751431226730347
TSBD_WSSV_754fa3c73d,1,1,2,0.84967124,0.010070914,0.08516311,0.051027864,1.4849607e-05,0.013091165,0,0.12260068953037262,0.09334917,0.035629243,1.8482864e-06,0.0075812247,0,0.2022562325000763,0.82148767,0.9133429,0.9999832,0.9793276,1,0.6751431226730347
TSBD_WSSV_9937a0424b,1,1,2,0.84882724,0.010180436,0.086403966,0.050641898,1.45066315e-05,0.013054756,0,0.12260068953037262,0.09296229,0.03578795,1.8970361e-06,0.007626815,0,0.2022562325000763,0.8206337,0.91357017,0.99998355,0.97931844,1,0.6751431226730347
TSBD_WSSV_6fa84e41c3,1,1,2,0.8471356,0.010359946,0.085026294,0.052548703,1.6526868e-05,0.013555741,0,0.12260068953037262,0.09518425,0.035126124,1.760895e-06,0.0075173834,0,0.2022562325000763,0.81978947,0.91232526,0.99998164,0.9789269,1,0.6751431226730347
TSBD_WSSV_577000701d,1,1,2,0.84663904,0.010558277,0.08157447,0.050398037,1.4150495e-05,0.012705803,0,0.12260068953037262,0.09797493,0.03599904,1.9826357e-06,0.007859366,0,0.2022562325000763,0.8204506,0.9136028,0.9999838,0.97943485,1,0.6751431226730347
TSBD_WSSV_7562704d32,1,1,2,0.84803694,0.01036437,0.083134055,0.049954265,1.3729307e-05,0.012658856,0,0.12260068953037262,0.09586876,0.03607292,1.9765462e-06,0.0077998172,0,0.2022562325000763,0.82099724,0.9139728,0.99998426,0.97954124,1,0.6751431226730347
TSBD_WSSV_ab987277c7,1,0,2,0.82909137,0.011791811,0.08654946,0.079205275,8.027112e-05,0.022657154,0,0.12260068953037262,0.10353146,0.029906599,9.674856e-07,0.0064314823,0,0.2022562325000763,0.80991906,0.89088815,0.9999188,0.9709114,0,0.6751431226730347
TSBD_WSSV_1beeeafcb8,1,0,2,0.821129,0.014103109,0.071977824,0.06188224,3.140268e-05,0.015730016,0,0.12260068953037262,0.11719746,0.03276169,1.359465e-06,0.007478618,0,0.2022562325000763,0.81082475,0.90535605,0.99996734,0.9767913,0,0.6751431226730347
TSBD_WSSV_e7254cc0d4,1,0,2,0.84451795,0.010870655,0.079055026,0.05183589,1.5771175e-05,0.013010636,0,0.12260068953037262,0.10082909,0.035354283,1.8178332e-06,0.0077416142,0,0.2022562325000763,0.8201159,0.9128099,0.9999825,0.97924775,0,0.6751431226730347
TSBD_WSSV_b5a8a126ab,1,0,2,0.78452826,0.019898305,0.0625078,0.049528934,1.4350569e-05,0.011672754,0,0.12260068953037262,0.14900556,0.03872646,2.9056994e-06,0.010289882,0,0.2022562325000763,0.78848666,0.91174465,0.99998283,0.97803736,0,0.6751431226730347
TSBD_WSSV_13e41ad5ef,1,1,2,0.846352,0.01063044,0.07984294,0.0508493,1.4623029e-05,0.012743691,0,0.12260068953037262,0.09921065,0.035710488,1.8846296e-06,0.0077853007,0,0.2022562325000763,0.82094646,0.9134403,0.99998343,0.979471,1,0.6751431226730347
TSBD_WSSV_5dd3dca816,1,0,2,0.8440806,0.011028309,0.077580445,0.049239967,1.3023424e-05,0.012152978,0,0.12260068953037262,0.102351636,0.036437914,2.0532077e-06,0.00808165,0,0.2022562325000763,0.82006794,0.9143221,0.999985,0.97976536,0,0.6751431226730347
TSBD_WSSV_084f7a072a,1,0,2,0.77644604,0.02097547,0.06550232,0.06256731,3.2510736e-05,0.015555133,0,0.12260068953037262,0.14646502,0.033793774,1.5861012e-06,0.00854027,0,0.2022562325000763,0.7880327,0.90363896,0.9999659,0.97590464,0,0.6751431226730347
TSBD_WSSV_7d1aec7b17,1,1,0,0.7483087,0.027274653,0.77511775,0.9327942,0.9999851,0.9791622,1,0.12260068953037262,0.0703847,0.030796796,4.918246e-06,0.007906434,0,0.2022562325000763,0.15449756,0.036409017,9.977383e-06,0.012931338,0,0.6751431226730347
TSBD_WSSV_93545fad41,1,0,2,0.8410872,0.010682228,0.09148508,0.06029159,2.7690834e-05,0.01645919,0,0.12260068953037262,0.0955681,0.033436824,1.4602923e-06,0.0071162647,0,0.2022562325000763,0.8129468,0.9062715,0.9999709,0.9764246,0,0.6751431226730347
TSBD_WSSV_ef783ed00d,0,0,0,0.20296906,0.20790367,0.3598593,0.93078494,0.99998164,0.9612036,0,0.12260068953037262,0.06565884,0.029142456,3.766078e-06,0.00917182,0,0.2022562325000763,0.5744819,0.04007259,1.4527232e-05,0.029624628,0,0.6751431226730347
TSBD_WSSV_8b081aa68f,1,0,2,0.8326212,0.011235539,0.081447504,0.0830903,9.584606e-05,0.023457088,0,0.12260068953037262,0.10327965,0.03042291,1.05456e-06,0.0065813386,0,0.2022562325000763,0.8152728,0.88648677,0.9999031,0.9699616,0,0.6751431226730347
TSBD_WSSV_6afbaad0ae,0,0,0,0.18460846,0.21932094,0.30708534,0.91868055,0.9999467,0.94404745,0,0.12260068953037262,0.14260018,0.025873348,2.0930563e-06,0.010590477,0,0.2022562325000763,0.5503145,0.05544613,5.111106e-05,0.045362044,0,0.6751431226730347
TSBD_WSSV_9223e4a32b,1,0,2,0.311932,0.10916115,0.09145583,0.446187,0.25118572,0.26600304,0,0.12260068953037262,0.2198494,0.03148265,7.982682e-06,0.013819316,0,0.2022562325000763,0.6886948,0.52233034,0.74880636,0.72017765,0,0.6751431226730347
TSBD_WSSV_98ea43065f,1,0,2,0.83974415,0.011640141,0.07620589,0.049775213,1.3583252e-05,0.012250689,0,0.12260068953037262,0.105993785,0.036310483,2.042777e-06,0.008167982,0,0.2022562325000763,0.81780034,0.91391426,0.9999844,0.97958136,0,0.6751431226730347
TSBD_WSSV_eb247f0a00,1,1,2,0.84853,0.0097793145,0.08697484,0.05850054,2.4680654e-05,0.015554297,0,0.12260068953037262,0.09410494,0.034277543,1.596045e-06,0.00726938,0,0.2022562325000763,0.8189202,0.90722185,0.9999738,0.97717637,1,0.6751431226730347
TSBD_WSSV_97fa50601b,1,1,2,0.85013556,0.009976928,0.08725214,0.050780896,1.46644215e-05,0.013141263,0,0.12260068953037262,0.09153471,0.03579092,1.8848992e-06,0.007574562,0,0.2022562325000763,0.82121307,0.91342825,0.99998343,0.97928417,1,0.6751431226730347
TSBD_WSSV_8b6c4507a2,1,0,2,0.8419277,0.008831122,0.09467653,0.09824756,0.00018925745,0.03055101,0,0.12260068953037262,0.08972395,0.028507456,8.6523596e-07,0.0058487286,0,0.2022562325000763,0.81559956,0.873245,0.9998099,0.96360034,0,0.6751431226730347
TSBD_WSSV_5c925439ac,1,0,2,0.65527487,0.03275562,0.10568143,0.28887537,0.022091564,0.13399725,0,0.12260068953037262,0.08504862,0.026596636,1.5863716e-06,0.006297497,0,0.2022562325000763,0.80927,0.684528,0.9779068,0.8597052,0,0.6751431226730347
TSBD_WSSV_1d810bc413,1,1,2,0.8473983,0.010351615,0.08478767,0.05110492,1.4764051e-05,0.01307476,0,0.12260068953037262,0.09539346,0.03590695,1.8979513e-06,0.0077123498,0,0.2022562325000763,0.81981885,0.9129881,0.9999833,0.9792129,1,0.6751431226730347
TSBD_WSSV_26de7fcd80,1,0,2,0.8219227,0.014004398,0.07673922,0.053684752,1.8111536e-05,0.0135243265,0,0.12260068953037262,0.11658605,0.03547177,1.8976916e-06,0.00827474,0,0.2022562325000763,0.8066747,0.9108435,0.99998,0.978201,0,0.6751431226730347
TSBD_WSSV_8aa47f5a65,0,0,0,0.06537705,0.3914318,0.11752157,0.9245048,0.9999784,0.93527395,0,0.12260068953037262,0.7591181,0.03571848,8.788801e-06,0.040498268,0,0.2022562325000763,0.12336035,0.039776698,1.2709999e-05,0.024227792,0,0.6751431226730347
TSBD_WSSV_d889bfa7f2,1,1,1,0.8166598,0.01312813,0.10282737,0.05689221,9.673206e-06,0.013738862,0,0.12260068953037262,0.7864308,0.9005289,0.99998784,0.97685254,1,0.2022562325000763,0.11074184,0.042578883,2.4561848e-06,0.009408573,0,0.6751431226730347
TSBD_WSSV_8a85146e3e,1,0,2,0.4538571,0.080629796,0.39648208,0.08550947,0.00010832073,0.048047367,0,0.12260068953037262,0.07237701,0.03153905,1.278907e-06,0.006960695,0,0.2022562325000763,0.5311409,0.8829515,0.9998903,0.94499195,0,0.6751431226730347
TSBD_WSSV_439d0a5c3f,1,1,2,0.8451555,0.010518474,0.08611602,0.05458192,1.935518e-05,0.0143074505,0,0.12260068953037262,0.09589376,0.034596976,1.6869456e-06,0.0074278894,0,0.2022562325000763,0.81799024,0.91082114,0.999979,0.9782647,1,0.6751431226730347
TSBD_WSSV_3f0184301c,1,0,2,0.83639866,0.011681755,0.0836461,0.057534564,2.3376122e-05,0.015093764,0,0.12260068953037262,0.10292756,0.033810586,1.550664e-06,0.007426468,0,0.2022562325000763,0.8134263,0.90865487,0.9999751,0.9774798,0,0.6751431226730347
TSBD_WSSV_00abe397a8,1,1,2,0.84552056,0.009168855,0.099152796,0.07585959,6.5379856e-05,0.022324163,0,0.12260068953037262,0.08840998,0.030318113,9.904588e-07,0.006140218,0,0.2022562325000763,0.81243724,0.8938223,0.9999337,0.9715356,1,0.6751431226730347
TSBD_WSSV_f49daeee4d,1,0,2,0.8427519,0.010198671,0.10267783,0.06174293,3.0513274e-05,0.017671885,0,0.12260068953037262,0.086704165,0.03277166,1.3380017e-06,0.006701679,0,0.2022562325000763,0.81061804,0.90548533,0.9999682,0.9756264,0,0.6751431226730347
TSBD_WSSV_e3a3f70bef,1,0,2,0.78336155,0.012127642,0.12556453,0.1940254,0.003193582,0.08137832,0,0.12260068953037262,0.086181,0.026235614,9.1726025e-07,0.0056742276,0,0.2022562325000763,0.78825444,0.77973896,0.9968054,0.9129474,0,0.6751431226730347
TSBD_WSSV_4c6acaba53,1,1,2,0.84538144,0.008525083,0.11118786,0.08239144,9.1344584e-05,0.025837716,0,0.12260068953037262,0.08206429,0.029413417,9.1372897e-07,0.0058185337,0,0.2022562325000763,0.8067478,0.88819504,0.99990773,0.96834373,1,0.6751431226730347
TSBD_WSSV_1a5ee9d7a4,1,0,2,0.6837291,0.028943531,0.09925529,0.26001418,0.013250243,0.11321942,0,0.12260068953037262,0.08971058,0.027449438,1.5269023e-06,0.0064783036,0,0.2022562325000763,0.8110341,0.7125364,0.9867482,0.88030225,0,0.6751431226730347
TSBD_WSSV_1d745dbab2,1,0,2,0.44125047,0.08332203,0.40989605,0.0913656,0.00013813218,0.05292328,0,0.12260068953037262,0.07293328,0.029190974,9.345048e-07,0.006372384,0,0.2022562325000763,0.51717067,0.8794435,0.9998609,0.94070435,0,0.6751431226730347
TSBD_WSSV_04529c8937,1,0,2,0.83671045,0.011644313,0.08338506,0.05623536,2.1637665e-05,0.014694189,0,0.12260068953037262,0.10337729,0.034564696,1.6907135e-06,0.0076430305,0,0.2022562325000763,0.8132376,0.90919995,0.99997663,0.9776628,0,0.6751431226730347
TSBD_WSSV_eb7b8b7c67,1,1,2,0.84705925,0.010074527,0.090864815,0.056626834,2.1905273e-05,0.015198192,0,0.12260068953037262,0.091572545,0.034010984,1.5401638e-06,0.007124322,0,0.2022562325000763,0.81756264,0.9093621,0.9999765,0.97767746,1,0.6751431226730347
TSBD_WSSV_4c43a3a8a6,1,0,2,0.8402986,0.009683942,0.09267585,0.08546924,0.00010599933,0.025359264,0,0.12260068953037262,0.093711026,0.029327562,9.092563e-07,0.006073814,0,0.2022562325000763,0.8136132,0.88520324,0.99989307,0.9685669,0,0.6751431226730347
TSBD_WSSV_417fc1cab3,1,1,2,0.84734374,0.010083051,0.08949201,0.055986807,2.0814812e-05,0.014884203,0,0.12260068953037262,0.092345595,0.034248162,1.584886e-06,0.007207263,0,0.2022562325000763,0.81816244,0.90976495,0.9999776,0.97790855,1,0.6751431226730347
TSBD_WSSV_59c834cf6e,1,0,2,0.7907058,0.018306166,0.07582947,0.0496405,1.3973712e-05,0.012458747,0,0.12260068953037262,0.140506,0.040598154,3.5628632e-06,0.010745418,0,0.2022562325000763,0.7836646,0.9097613,0.9999825,0.9767958,0,0.6751431226730347
TSBD_WSSV_97681928ee,1,0,2,0.32889017,0.104032196,0.086698376,0.47265664,0.30100968,0.2710486,0,0.12260068953037262,0.101686865,0.025063513,3.1666357e-06,0.007721698,0,0.2022562325000763,0.8116148,0.5022799,0.6989872,0.7212297,0,0.6751431226730347
TSBD_WSSV_0c09630268,1,0,2,0.8252922,0.0067320103,0.15174174,0.14052764,0.0008046437,0.0572738,0,0.12260068953037262,0.07540264,0.026657915,7.355165e-07,0.005235778,0,0.2022562325000763,0.7728557,0.8328144,0.9991947,0.9374904,0,0.6751431226730347
TSBD_WSSV_919a1fc43f,1,0,2,0.8065289,0.006883948,0.19372162,0.15657978,0.001244894,0.07212477,0,0.12260068953037262,0.06855379,0.026273489,7.3892346e-07,0.0050819297,0,0.2022562325000763,0.73772454,0.81714666,0.9987544,0.92279327,0,0.6751431226730347
TSBD_WSSV_df52a25a1c,1,0,2,0.35996303,0.112607785,0.12895706,0.080361165,8.500595e-05,0.030957043,0,0.12260068953037262,0.3706727,0.033261873,1.7136044e-06,0.013795829,0,0.2022562325000763,0.5003703,0.886377,0.99991333,0.9552471,0,0.6751431226730347
TSBD_WSSV_b6df8b235a,1,1,2,0.8447249,0.01060991,0.08767739,0.052675366,1.6897595e-05,0.01379088,0,0.12260068953037262,0.09511851,0.035355683,1.8574465e-06,0.007625627,0,0.2022562325000763,0.8172042,0.91196895,0.99998116,0.9785835,1,0.6751431226730347
TSBD_WSSV_66dac7b3cb,1,0,2,0.8320003,0.011831015,0.09827585,0.059982345,2.81319e-05,0.016936839,0,0.12260068953037262,0.0967189,0.033559904,1.5540911e-06,0.007267235,0,0.2022562325000763,0.80500525,0.9064577,0.9999703,0.9757959,0,0.6751431226730347
TSBD_WSSV_cb728bde71,1,0,2,0.58543825,0.044839617,0.34854904,0.12549141,0.00049070764,0.0712218,0,0.12260068953037262,0.07063452,0.027106147,7.496832e-07,0.0055884533,0,0.2022562325000763,0.58081645,0.84740245,0.9995086,0.9231897,0,0.6751431226730347
TSBD_WSSV_11dccea294,1,0,2,0.8438412,0.007377751,0.11518526,0.105375625,0.00024652114,0.035724703,0,0.12260068953037262,0.08094024,0.028094187,8.448632e-07,0.0055971644,0,0.2022562325000763,0.8038745,0.8665301,0.9997527,0.9586781,0,0.6751431226730347
TSBD_WSSV_6c97d0a038,1,1,2,0.846803,0.008464084,0.10260309,0.0851828,0.000102704034,0.026071869,0,0.12260068953037262,0.08537345,0.029005077,8.698457e-07,0.0057976893,0,0.2022562325000763,0.8120235,0.8858121,0.9998964,0.96813047,1,0.6751431226730347
TSBD_WSSV_7930144273,1,1,0,0.7754048,0.022855224,0.78974783,0.9324415,0.99998486,0.97958004,1,0.12260068953037262,0.073637694,0.031204471,5.122761e-06,0.008097932,0,0.2022562325000763,0.13661446,0.036353983,1.0048272e-05,0.012321993,0,0.6751431226730347
TSBD_WSSV_46e8a68895,1,0,2,0.8138581,0.014010156,0.06755817,0.050993305,1.8783318e-05,0.012813748,0,0.12260068953037262,0.14030482,0.048372462,8.578913e-06,0.0138160745,0,0.2022562325000763,0.7921369,0.9006343,0.9999726,0.97337013,0,0.6751431226730347
TSBD_WSSV_68675dc12f,0,0,0,0.073690884,0.3648913,0.064655095,0.7913838,0.99492836,0.74963677,0,0.12260068953037262,0.18464246,0.15694094,0.005030421,0.18152048,0,0.2022562325000763,0.75070244,0.051675275,4.128567e-05,0.06884274,0,0.6751431226730347
TSBD_WSSV_33b5dd7e52,0,0,1,0.3782587,0.10097595,0.7131868,0.36074176,0.036844563,0.40103814,0,0.12260068953037262,0.16793865,0.59366333,0.96313953,0.58101207,0,0.2022562325000763,0.118874535,0.045594886,1.5980046e-05,0.017949833,0,0.6751431226730347
TSBD_WSSV_eaf8feba8d,0,0,0,0.14012524,0.27181423,0.18417211,0.8818143,0.9995473,0.8795728,0,0.12260068953037262,0.0991616,0.023916537,1.5136792e-06,0.00957644,0,0.2022562325000763,0.7166663,0.094269134,0.00045106522,0.11085065,0,0.6751431226730347
TSBD_WSSV_a092abcd48,1,0,2,0.81244123,0.014126865,0.08570421,0.07771832,7.2363895e-05,0.022033546,0,0.12260068953037262,0.115641676,0.031536687,1.2388889e-06,0.007228656,0,0.2022562325000763,0.79865414,0.890745,0.99992645,0.9707378,0,0.6751431226730347
TSBD_WSSV_8c4a48a3c8,0,0,0,0.13302566,0.27893457,0.2651269,0.93219,0.99998486,0.9606864,0,0.12260068953037262,0.6685028,0.031602416,5.499051e-06,0.025693005,0,0.2022562325000763,0.06637024,0.03620765,9.654836e-06,0.01362062,0,0.6751431226730347
TSBD_WSSV_36e8b7c576,1,1,0,0.7018757,0.034641337,0.74338335,0.92996657,0.99997985,0.976362,1,0.12260068953037262,0.070211664,0.028451743,3.361777e-06,0.0071578687,0,0.2022562325000763,0.18640502,0.041581713,1.6772105e-05,0.016480166,0,0.6751431226730347
TSBD_WSSV_f62b02d7ce,1,1,0,0.83033454,0.014970824,0.8273882,0.9334503,0.9999857,0.98181015,1,0.12260068953037262,0.10786937,0.031190008,5.222762e-06,0.009155681,0,0.2022562325000763,0.06474237,0.035359737,9.000573e-06,0.0090341745,0,0.6751431226730347
TSBD_WSSV_7b5c5d4331,1,1,1,0.7959594,0.016137635,0.10343385,0.05559631,8.764125e-06,0.013432239,0,0.12260068953037262,0.7729282,0.9009657,0.99998856,0.9764961,1,0.2022562325000763,0.12363802,0.043437924,2.6485875e-06,0.010071666,0,0.6751431226730347
TSBD_WSSV_1115f3a7b9,0,0,0,0.16259634,0.2442372,0.12734796,0.7924959,0.9936991,0.7350162,0,0.12260068953037262,0.15071763,0.029629413,3.874316e-06,0.014717086,0,0.2022562325000763,0.72193444,0.17787468,0.0062970533,0.2502667,0,0.6751431226730347
TSBD_WSSV_8b19cf1542,1,0,1,0.55522764,0.05421045,0.3194404,0.09421261,6.673839e-05,0.04141881,0,0.12260068953037262,0.5820793,0.86961454,0.9999318,0.9503243,0,0.2022562325000763,0.09848031,0.03617283,1.4196629e-06,0.008256925,0,0.6751431226730347
TSBD_WSSV_e980aeec5d,1,1,0,0.8495556,0.01210854,0.83702636,0.9332888,0.9999856,0.9820417,1,0.12260068953037262,0.09006282,0.030778514,4.8515103e-06,0.0083877025,0,0.2022562325000763,0.07291085,0.035932675,9.585886e-06,0.009570602,0,0.6751431226730347
TSBD_WSSV_78620c7961,0,0,0,0.15425183,0.25538737,0.26991668,0.92422634,0.9999583,0.9452792,0,0.12260068953037262,0.65644306,0.049870916,3.9199575e-05,0.045576356,0,0.2022562325000763,0.073640235,0.02590279,2.5594727e-06,0.00914449,0,0.6751431226730347
TSBD_WSSV_5cfa598cc4,1,1,0,0.7798083,0.022117112,0.7915912,0.93234396,0.99998426,0.9797338,1,0.12260068953037262,0.11116067,0.02989448,4.2662014e-06,0.008839589,0,0.2022562325000763,0.09724803,0.037761476,1.1503135e-05,0.011426642,0,0.6751431226730347
TSBD_WSSV_2ab0d58abb,1,1,0,0.73499143,0.029216442,0.7646039,0.9315112,0.9999839,0.978195,1,0.12260068953037262,0.076288514,0.03065185,4.7073427e-06,0.008079991,0,0.2022562325000763,0.15910754,0.037836917,1.1450965e-05,0.013724977,0,0.6751431226730347
TSBD_WSSV_d63f9ec96f,0,0,0,0.059775267,0.40426695,0.10365044,0.9296623,0.99998057,0.9316795,0,0.12260068953037262,0.1504749,0.029243428,3.7555794e-06,0.018400623,0,0.2022562325000763,0.74587464,0.04109423,1.5589634e-05,0.049919885,0,0.6751431226730347
TSBD_WSSV_c6d6c44306,1,1,0,0.66392714,0.042330805,0.73163354,0.9327273,0.99998534,0.9782526,1,0.12260068953037262,0.19513342,0.031285338,5.249696e-06,0.011751849,0,0.2022562325000763,0.07323306,0.035987336,9.476969e-06,0.009995595,0,0.6751431226730347
TSBD_WSSV_0e98c598e2,0,0,0,0.08075038,0.33443278,0.07080341,0.7786235,0.9887938,0.7001794,0,0.12260068953037262,0.54934686,0.025609987,2.4736264e-06,0.023386708,0,0.2022562325000763,0.37984973,0.19576648,0.0112038,0.2764339,0,0.6751431226730347
TSBD_WSSV_0e0b18da56,0,0,0,0.095074445,0.33398706,0.16140324,0.91923213,0.9999491,0.9275248,0,0.12260068953037262,0.09427092,0.025739081,2.0699201e-06,0.01122042,0,0.2022562325000763,0.7443259,0.05502882,4.8830527e-05,0.061254825,0,0.6751431226730347
TSBD_WSSV_0e04e30a96,1,1,0,0.5666621,0.061716918,0.67061085,0.9323416,0.99998415,0.9750783,1,0.12260068953037262,0.06761602,0.030271282,4.576852e-06,0.00799028,0,0.2022562325000763,0.2617732,0.037387155,1.1380085e-05,0.016931491,0,0.6751431226730347
TSBD_WSSV_b14315239e,1,0,0,0.30118293,0.14002633,0.48313686,0.93042755,0.9999808,0.966559,0,0.12260068953037262,0.065315135,0.028903358,3.6327574e-06,0.008215371,0,0.2022562325000763,0.45154798,0.04066906,1.5600703e-05,0.025225649,0,0.6751431226730347
TSBD_WSSV_ad26e82e3c,0,0,0,0.12320485,0.29059526,0.23978117,0.9307368,0.999984,0.95546937,0,0.12260068953037262,0.6716484,0.034756217,8.13935e-06,0.029949738,0,0.2022562325000763,0.08857045,0.034507018,7.839937e-06,0.014580845,0,0.6751431226730347
TSBD_WSSV_cda41068f5,1,1,0,0.76556456,0.024579857,0.7860532,0.93324935,0.9999856,0.97980905,1,0.12260068953037262,0.06895595,0.031153364,5.1945867e-06,0.007941874,0,0.2022562325000763,0.14499083,0.035597254,9.147753e-06,0.012249126,0,0.6751431226730347
TSBD_WSSV_f51f241a0d,1,0,0,0.2978524,0.14168322,0.48275518,0.93095535,0.999982,0.96897864,0,0.12260068953037262,0.40124908,0.029170506,3.7917603e-06,0.015746398,0,0.2022562325000763,0.11599574,0.039874136,1.4144802e-05,0.015274906,0,0.6751431226730347
TSBD_WSSV_2578508dff,1,1,0,0.83600384,0.013861503,0.82688636,0.93236333,0.9999846,0.9812875,1,0.12260068953037262,0.09185291,0.030358274,4.5074185e-06,0.008303686,0,0.2022562325000763,0.08126076,0.03727835,1.0890808e-05,0.01040888,0,0.6751431226730347
TSBD_WSSV_45511a46f0,1,1,0,0.827646,0.015433366,0.8270104,0.93342996,0.9999856,0.9818644,1,0.12260068953037262,0.11123164,0.03087149,5.0012095e-06,0.009134461,0,0.2022562325000763,0.061757952,0.035698604,9.383898e-06,0.009001177,0,0.6751431226730347
TSBD_WSSV_87146ab98c,1,1,0,0.8081641,0.018218838,0.81476146,0.93265617,0.999985,0.981211,1,0.12260068953037262,0.1202153,0.030584,4.704355e-06,0.00927869,0,0.2022562325000763,0.0650232,0.036759865,1.0312788e-05,0.009510329,0,0.6751431226730347
TSBD_WSSV_e143d38f01,0,0,1,0.12816666,0.28623217,0.066206284,0.04959924,5.8848923e-06,0.015291107,0,0.12260068953037262,0.2181289,0.90115833,0.9999896,0.9515289,0,0.2022562325000763,0.71566474,0.049242448,4.4648805e-06,0.033179965,0,0.6751431226730347
TSBD_WSSV_ea73217725,0,0,0,0.21804695,0.20082432,0.19919331,0.80968934,0.99565166,0.78829116,0,0.12260068953037262,0.08703057,0.029159088,3.4885304e-06,0.010718587,0,0.2022562325000763,0.7137762,0.1611516,0.004344951,0.20099026,0,0.6751431226730347
TSBD_WSSV_7568f33745,0,0,1,0.1950097,0.219266,0.68021435,0.08940088,5.3010972e-05,0.06505546,0,0.12260068953037262,0.25761664,0.8751179,0.99994564,0.9260764,0,0.2022562325000763,0.062169,0.035481233,1.3137129e-06,0.008868111,0,0.6751431226730347
TSBD_WSSV_c0b728f042,0,0,1,0.1608441,0.24600601,0.09911344,0.053738244,7.817147e-06,0.018046146,0,0.12260068953037262,0.26832473,0.90135986,0.99998915,0.9555102,0,0.2022562325000763,0.6325618,0.044901974,3.0872586e-06,0.026443627,0,0.6751431226730347
TSBD_WSSV_7555e38281,0,0,1,0.07067292,0.37785998,0.15373993,0.040999796,3.6328568e-06,0.022599302,0,0.12260068953037262,0.08784454,0.891069,0.99997854,0.9092364,0,0.2022562325000763,0.7584156,0.06793118,1.7832044e-05,0.06816434,0,0.6751431226730347
TSBD_WSSV_d921343af4,1,0,2,0.83699125,0.010245731,0.11809561,0.067566186,4.3241052e-05,0.020812918,0,0.12260068953037262,0.081653245,0.033041283,1.3965558e-06,0.0066722413,0,0.2022562325000763,0.80025107,0.89939255,0.9999553,0.97251487,0,0.6751431226730347
TSBD_WSSV_94a3c39469,1,0,0,0.40086007,0.09228685,0.47163832,0.865863,0.9988801,0.9034488,0,0.12260068953037262,0.43281242,0.1069376,0.0011166901,0.08785886,0,0.2022562325000763,0.095549256,0.027199468,3.2403611e-06,0.008692322,0,0.6751431226730347
TSBD_WSSV_65692fdd3f,1,0,2,0.76727533,0.018250853,0.07385993,0.13355121,0.0006980239,0.042537432,0,0.12260068953037262,0.13723895,0.041054778,4.6943237e-06,0.011427682,0,0.2022562325000763,0.7889011,0.825394,0.99929726,0.94603485,0,0.6751431226730347
TSBD_WSSV_0464ee44c0,1,0,2,0.6812691,0.0340548,0.06591512,0.17552309,0.002120835,0.058021393,0,0.12260068953037262,0.1463795,0.02957943,1.3668213e-06,0.007919492,0,0.2022562325000763,0.7877054,0.79489744,0.99787784,0.934059,0,0.6751431226730347
TSBD_WSSV_51f7222cef,0,0,1,0.115469605,0.3021806,0.07784533,0.06196346,1.3671866e-05,0.02201266,0,0.12260068953037262,0.19455448,0.8917124,0.99998295,0.9459731,0,0.2022562325000763,0.72760016,0.046324108,3.4258214e-06,0.032014232,0,0.6751431226730347
TSBD_WSSV_148921b882,0,0,1,0.084448494,0.35352066,0.093135975,0.03850111,3.2136818e-06,0.017144935,0,0.12260068953037262,0.097886905,0.8759976,0.99994934,0.8932167,0,0.2022562325000763,0.8089771,0.08550129,4.7450067e-05,0.08963839,0,0.6751431226730347
TSBD_WSSV_49f573118f,1,0,2,0.74277914,0.0043985276,0.24459995,0.28749993,0.028756296,0.18868229,0,0.12260068953037262,0.074689075,0.03564456,6.100481e-06,0.008969071,0,0.2022562325000763,0.68071103,0.6768555,0.97123754,0.8023487,0,0.6751431226730347
TSBD_WSSV_f7bb98aadd,0,0,0,0.18652333,0.22437671,0.29725784,0.9136707,0.9999198,0.93735385,0,0.12260068953037262,0.07126748,0.024705743,1.7252299e-06,0.007881316,0,0.2022562325000763,0.6314747,0.061623503,7.855364e-05,0.05476488,0,0.6751431226730347
TSBD_WSSV_32f477127b,1,1,1,0.78707165,0.017633632,0.09402759,0.05380756,7.788142e-06,0.01252124,0,0.12260068953037262,0.76943916,0.90164775,0.9999893,0.97671634,1,0.2022562325000763,0.13653326,0.044544693,2.9099165e-06,0.010762412,0,0.6751431226730347
TSBD_WSSV_6532d5dd16,1,1,0,0.78286624,0.022306575,0.803333,0.9330952,0.99998534,0.9811151,1,0.12260068953037262,0.13874139,0.030752653,4.8483503e-06,0.009885061,0,0.2022562325000763,0.057925586,0.03615218,9.719378e-06,0.008999824,0,0.6751431226730347
TSBD_WSSV_399a1e23cc,1,0,2,0.74138945,0.025604479,0.057317127,0.03123741,2.8563547e-06,0.00676572,0,0.12260068953037262,0.19573626,0.05831388,1.6046652e-05,0.01944946,0,0.2022562325000763,0.74694663,0.91044873,0.99998105,0.9737848,0,0.6751431226730347
TSBD_WSSV_c07e032039,1,0,2,0.7751489,0.014858646,0.076875746,0.021821078,1.6630496e-06,0.005572821,0,0.12260068953037262,0.11161286,0.20142168,0.005426636,0.087061755,0,0.2022562325000763,0.8115114,0.77675724,0.99457175,0.90736544,0,0.6751431226730347
TSBD_WSSV_a3b514246a,0,0,1,0.12932074,0.28733125,0.066967376,0.02950579,1.4823647e-06,0.010140041,0,0.12260068953037262,0.13842925,0.85244936,0.9997999,0.8700646,0,0.2022562325000763,0.7946034,0.11804483,0.00019867356,0.11979539,0,0.6751431226730347
TSBD_WSSV_9e8ca9f55f,1,0,2,0.6762349,0.025305033,0.0694307,0.021586679,2.8304992e-06,0.005847074,0,0.12260068953037262,0.13490255,0.30141762,0.047700252,0.16922969,0,0.2022562325000763,0.7956667,0.67699575,0.95229685,0.8249232,0,0.6751431226730347
TSBD_WSSV_978efa34a6,0,0,1,0.090111434,0.3440171,0.07870161,0.035794575,2.2994134e-06,0.013911774,0,0.12260068953037262,0.117373645,0.8855934,0.999964,0.9095974,0,0.2022562325000763,0.8039248,0.07861203,3.3715725e-05,0.0764908,0,0.6751431226730347
TSBD_WSSV_4575fa460f,1,0,2,0.81163704,0.015520684,0.06531628,0.038224198,5.508792e-06,0.008671026,0,0.12260068953037262,0.13763939,0.046780225,5.9119766e-06,0.012502132,0,0.2022562325000763,0.79704434,0.9149957,0.99998856,0.9788268,0,0.6751431226730347
TSBD_WSSV_6e2231b074,0,0,1,0.202305,0.2146478,0.060078602,0.02850353,1.3513351e-06,0.008120211,0,0.12260068953037262,0.2259129,0.8488431,0.9997608,0.8871341,0,0.2022562325000763,0.7140085,0.12265338,0.00023789114,0.10474565,0,0.6751431226730347
TSBD_WSSV_18c088457d,0,0,1,0.23256886,0.19064856,0.07123386,0.025651308,2.0967068e-06,0.008939156,0,0.12260068953037262,0.13506529,0.723859,0.99150777,0.6858725,0,0.2022562325000763,0.7937009,0.25048974,0.008490154,0.3051884,0,0.6751431226730347
TSBD_WSSV_77302aa089,0,0,1,0.09610062,0.33251876,0.103526965,0.03382776,2.3293314e-06,0.015476198,0,0.12260068953037262,0.09529859,0.8565201,0.99985063,0.86134195,0,0.2022562325000763,0.80117446,0.1096521,0.00014699121,0.12318184,0,0.6751431226730347
TSBD_WSSV_bc1451b5cd,1,0,2,0.6043447,0.050103817,0.05449962,0.030316452,2.6641058e-06,0.006717982,0,0.12260068953037262,0.28343177,0.06153406,2.0472522e-05,0.024735957,0,0.2022562325000763,0.66206855,0.90814954,0.9999769,0.96854603,0,0.6751431226730347
TSBD_WSSV_2c0825dfbc,1,1,2,0.8490862,0.01015095,0.08688604,0.050194398,1.3950327e-05,0.0129259415,0,0.12260068953037262,0.092426464,0.035998486,1.9420668e-06,0.007667033,0,0.2022562325000763,0.8206874,0.91380703,0.99998415,0.9794071,1,0.6751431226730347
TSBD_WSSV_21eca1a9bc,1,0,2,0.7974748,0.017192898,0.10476748,0.052244626,1.6057169e-05,0.014663083,0,0.12260068953037262,0.111199014,0.035409003,1.8330564e-06,0.008142639,0,0.2022562325000763,0.7840336,0.9123463,0.9999821,0.97719425,0,0.6751431226730347
TSBD_WSSV_a7578fa09c,1,1,2,0.84955096,0.01007341,0.087972395,0.050263528,1.40880875e-05,0.0130147915,0,0.12260068953037262,0.09125863,0.035937022,1.9452398e-06,0.0076289754,0,0.2022562325000763,0.820769,0.91379946,0.999984,0.9793562,1,0.6751431226730347
TSBD_WSSV_8acd11d1ec,1,0,2,0.8308233,0.012709542,0.06992853,0.039561678,6.1681767e-06,0.009184588,0,0.12260068953037262,0.12165267,0.0457179,5.4383427e-06,0.011602471,0,0.2022562325000763,0.80841875,0.9147204,0.9999883,0.97921294,0,0.6751431226730347
TSBD_WSSV_ce8f668353,1,1,2,0.84919804,0.0101749925,0.08524296,0.0497876,1.3545788e-05,0.0127153825,0,0.12260068953037262,0.09357078,0.036160477,1.976343e-06,0.00774124,0,0.2022562325000763,0.82118624,0.9140519,0.9999844,0.9795434,1,0.6751431226730347
TSBD_WSSV_c5bb7f551a,1,0,2,0.84282887,0.011170706,0.077076666,0.05056614,1.4525763e-05,0.012546429,0,0.12260068953037262,0.103403024,0.03596617,1.9571721e-06,0.007989085,0,0.2022562325000763,0.8195203,0.91346765,0.99998355,0.97946453,0,0.6751431226730347
TSBD_WSSV_95dc6e27d4,1,0,2,0.79152036,0.017704194,0.13440244,0.049675025,1.3940243e-05,0.015251678,0,0.12260068953037262,0.089532234,0.039841525,3.1073016e-06,0.008873188,0,0.2022562325000763,0.7760653,0.9104834,0.99998295,0.97587514,0,0.6751431226730347
TSBD_WSSV_309436940c,1,0,2,0.76827407,0.0136193205,0.10526272,0.026499389,2.6946477e-06,0.007677461,0,0.12260068953037262,0.16112077,0.16037205,0.0018005414,0.07357945,0,0.2022562325000763,0.7336165,0.81312853,0.9981968,0.91874313,0,0.6751431226730347
TSBD_WSSV_29362e9f5a,1,0,2,0.84230477,0.011176914,0.083278626,0.04456051,9.209572e-06,0.011125358,0,0.12260068953037262,0.100515515,0.039862245,3.0509607e-06,0.009060944,0,0.2022562325000763,0.8162058,0.9155772,0.9999877,0.97981364,0,0.6751431226730347
TSBD_WSSV_e67891395a,1,0,2,0.8391648,0.011636122,0.07851564,0.045082156,9.510109e-06,0.011033747,0,0.12260068953037262,0.106521934,0.039794333,3.0135495e-06,0.00922334,0,0.2022562325000763,0.8149623,0.9151235,0.9999875,0.9797429,0,0.6751431226730347
TSBD_WSSV_2653717417,1,1,2,0.84494066,0.010540889,0.09833968,0.050541062,1.42411045e-05,0.013621419,0,0.12260068953037262,0.08613345,0.036177948,2.0360385e-06,0.007582032,0,0.2022562325000763,0.81552684,0.9132811,0.9999838,0.97879654,1,0.6751431226730347
TSBD_WSSV_c98c109e0f,1,1,2,0.845821,0.010756842,0.07639647,0.039346077,5.899545e-06,0.009325738,0,0.12260068953037262,0.10485968,0.044170197,4.76823e-06,0.010517947,0,0.2022562325000763,0.8187438,0.91648376,0.9999894,0.98015636,1,0.6751431226730347
TSBD_WSSV_3339e18081,1,1,2,0.84674096,0.01051989,0.08194144,0.050656985,1.4388498e-05,0.012798923,0,0.12260068953037262,0.09772935,0.035976145,1.9741767e-06,0.007844202,0,0.2022562325000763,0.82032925,0.91336685,0.99998355,0.9793569,1,0.6751431226730347
TSBD_WSSV_f675da990c,1,1,2,0.8473547,0.010420073,0.08165668,0.051412348,1.5252052e-05,0.013018014,0,0.12260068953037262,0.09748339,0.03564887,1.8854716e-06,0.0077327155,0,0.2022562325000763,0.82085997,0.91293883,0.99998283,0.97924924,1,0.6751431226730347
TSBD_WSSV_e8d0267684,1,1,2,0.8491597,0.010063302,0.0887559,0.05156196,1.5552174e-05,0.013473968,0,0.12260068953037262,0.09105251,0.035441767,1.8313574e-06,0.007487019,0,0.2022562325000763,0.8201916,0.9129963,0.9999827,0.979039,1,0.6751431226730347
TSBD_WSSV_93ee9c6175,1,1,2,0.8490525,0.010109904,0.08622369,0.051852196,1.5872827e-05,0.013424888,0,0.12260068953037262,0.09299674,0.035300158,1.7803962e-06,0.0074856915,0,0.2022562325000763,0.8207795,0.91284764,0.99998236,0.97908944,1,0.6751431226730347
TSBD_WSSV_56b93bffca,1,1,2,0.8487903,0.010085544,0.08982443,0.051690023,1.5659938e-05,0.013567779,0,0.12260068953037262,0.09055585,0.03546258,1.807239e-06,0.0074567623,0,0.2022562325000763,0.8196197,0.91284746,0.9999826,0.9789754,1,0.6751431226730347
TSBD_WSSV_05e0a12846,1,0,2,0.83757657,0.011360766,0.11109135,0.05319247,1.7318001e-05,0.015165773,0,0.12260068953037262,0.08021894,0.03484248,1.6848121e-06,0.007019411,0,0.2022562325000763,0.8086897,0.911965,0.99998105,0.97781485,0,0.6751431226730347
TSBD_WSSV_0bc0ac833f,1,0,2,0.8428397,0.010775069,0.103998266,0.0515083,1.5493226e-05,0.014257975,0,0.12260068953037262,0.08251172,0.03546932,1.809262e-06,0.007235026,0,0.2022562325000763,0.81349,0.91302234,0.9999827,0.97850704,0,0.6751431226730347
TSBD_WSSV_026c64bd33,1,0,2,0.84119767,0.010379631,0.11108432,0.060758393,2.8945637e-05,0.017854922,0,0.12260068953037262,0.0807357,0.032767083,1.335826e-06,0.006537471,0,0.2022562325000763,0.80818,0.90647453,0.9999697,0.9756076,0,0.6751431226730347
TSBD_WSSV_9f2b1f9f8f,1,0,2,0.7000096,0.0234016,0.21706384,0.14608228,0.0009498562,0.071107216,0,0.12260068953037262,0.119430214,0.027605738,9.024467e-07,0.006776906,0,0.2022562325000763,0.6635059,0.82631195,0.9990491,0.9221159,0,0.6751431226730347
TSBD_WSSV_38f10d750a,1,0,2,0.8295702,0.010112292,0.13950293,0.08258549,9.301715e-05,0.028285984,0,0.12260068953037262,0.07348756,0.029329743,8.7654695e-07,0.005580413,0,0.2022562325000763,0.78700954,0.88808477,0.9999062,0.9661336,0,0.6751431226730347
TSBD_WSSV_76536085a9,1,0,2,0.83679986,0.011018562,0.11670928,0.0594425,2.6405554e-05,0.017680049,0,0.12260068953037262,0.078386545,0.03307387,1.3789115e-06,0.0065459646,0,0.2022562325000763,0.8049042,0.90748364,0.9999721,0.97577405,0,0.6751431226730347
TSBD_WSSV_e36aec3084,1,0,0,0.5816126,0.010935008,0.48962408,0.61571497,0.8121554,0.6353596,0,0.12260068953037262,0.07028231,0.026223645,4.111634e-06,0.006792503,0,0.2022562325000763,0.4400936,0.35806134,0.18784048,0.3578478,0,0.6751431226730347
TSBD_WSSV_b632ff4665,1,0,2,0.8431484,0.0099148275,0.09424424,0.070466235,5.1215622e-05,0.020185841,0,0.12260068953037262,0.0923606,0.03096273,1.1048994e-06,0.00642759,0,0.2022562325000763,0.8133952,0.898571,0.99994767,0.9733866,0,0.6751431226730347
TSBD_WSSV_f392420764,1,1,1,0.79788715,0.016051002,0.096342415,0.051406216,6.6870803e-06,0.011964318,0,0.12260068953037262,0.77556443,0.90287614,0.99999,0.9771146,1,0.2022562325000763,0.12809314,0.045717567,3.3513982e-06,0.010921041,0,0.6751431226730347
TSBD_WSSV_08f57edf07,1,0,2,0.84283364,0.010939993,0.08217022,0.052969255,1.7303686e-05,0.013581555,0,0.12260068953037262,0.10034968,0.03548102,1.8393812e-06,0.0077682687,0,0.2022562325000763,0.8174801,0.9115497,0.9999809,0.9786502,0,0.6751431226730347
TSBD_WSSV_922a715bec,1,0,2,0.8089233,0.015639856,0.08675813,0.052010015,1.6675982e-05,0.013751707,0,0.12260068953037262,0.11901535,0.036751837,2.2187344e-06,0.008777048,0,0.2022562325000763,0.7942265,0.9112382,0.99998105,0.97747123,0,0.6751431226730347
TSBD_WSSV_aa0b3c4c15,1,1,2,0.8471536,0.0102462275,0.08789213,0.052493677,1.684362e-05,0.013765639,0,0.12260068953037262,0.093664296,0.035698216,1.9547579e-06,0.0076919976,0,0.2022562325000763,0.8184436,0.9118081,0.9999813,0.9785424,1,0.6751431226730347
TSBD_WSSV_daa4ba808b,1,1,2,0.84708637,0.010329043,0.092066824,0.050765198,1.4646392e-05,0.013399763,0,0.12260068953037262,0.08977642,0.03581454,1.910562e-06,0.0075539784,0,0.2022562325000763,0.8181568,0.91342026,0.99998343,0.9790462,1,0.6751431226730347
TSBD_WSSV_311dd1baf7,1,1,2,0.84884167,0.010155298,0.086677305,0.050729964,1.4573481e-05,0.013092722,0,0.12260068953037262,0.092887715,0.03589144,1.9399943e-06,0.007669597,0,0.2022562325000763,0.820435,0.9133786,0.99998355,0.97923774,1,0.6751431226730347
TSBD_WSSV_34ee093e2e,1,1,2,0.8452008,0.010484088,0.0999372,0.0513899,1.5115204e-05,0.013967069,0,0.12260068953037262,0.08452058,0.03553974,1.8388554e-06,0.007321344,0,0.2022562325000763,0.81554216,0.9130703,0.9999831,0.9787116,1,0.6751431226730347
TSBD_WSSV_cbb32ff38a,0,0,2,0.23265064,0.18279877,0.07293405,0.048292007,1.2340413e-05,0.014863736,0,0.12260068953037262,0.53332114,0.037804406,2.5470206e-06,0.01948225,0,0.2022562325000763,0.3937448,0.9139036,0.9999851,0.96565396,0,0.6751431226730347
TSBD_WSSV_9291ca740d,1,1,2,0.8482777,0.010221011,0.08984052,0.050076924,1.3857033e-05,0.013051929,0,0.12260068953037262,0.09068344,0.036097564,1.9744584e-06,0.007653809,0,0.2022562325000763,0.819476,0.9138256,0.99998415,0.97929424,1,0.6751431226730347
TSBD_WSSV_73bc44153b,1,1,2,0.849615,0.009994636,0.091934465,0.05085084,1.4716595e-05,0.013406657,0,0.12260068953037262,0.08811651,0.035669006,1.865948e-06,0.007450551,0,0.2022562325000763,0.81994903,0.91348016,0.99998343,0.9791428,1,0.6751431226730347
TSBD_WSSV_4491558e57,1,0,2,0.7867384,0.018283602,0.15530582,0.056823105,2.2218503e-05,0.018730493,0,0.12260068953037262,0.072668076,0.03393655,1.5255539e-06,0.006663628,0,0.2022562325000763,0.7720261,0.90924037,0.9999763,0.9746058,0,0.6751431226730347
TSBD_WSSV_1ee4a00587,1,1,2,0.84781045,0.010069754,0.09697849,0.053116187,1.7255174e-05,0.014396866,0,0.12260068953037262,0.08571575,0.034904864,1.7126061e-06,0.007191126,0,0.2022562325000763,0.8173058,0.9119789,0.99998105,0.97841203,1,0.6751431226730347
TSBD_WSSV_ecb905238d,1,1,2,0.84674436,0.010429712,0.087211415,0.050974995,1.4746474e-05,0.013188673,0,0.12260068953037262,0.09383255,0.03576415,1.8762618e-06,0.0076381112,0,0.2022562325000763,0.818956,0.9132609,0.9999833,0.97917324,1,0.6751431226730347
TSBD_WSSV_ccd255a2df,1,0,2,0.8389573,0.011026662,0.11212949,0.055399194,2.0151923e-05,0.015975393,0,0.12260068953037262,0.07926138,0.034128424,1.556995e-06,0.0068177474,0,0.2022562325000763,0.8086091,0.9104724,0.9999783,0.9772068,0,0.6751431226730347
TSBD_WSSV_584c5a10d0,1,1,2,0.8452262,0.01051713,0.092761084,0.051529,1.5499829e-05,0.013690176,0,0.12260068953037262,0.090777814,0.035742916,1.8821494e-06,0.0075596436,0,0.2022562325000763,0.8164611,0.9127282,0.9999826,0.9787502,1,0.6751431226730347
TSBD_WSSV_aa58f57ab0,1,0,2,0.8342618,0.011698961,0.11043799,0.05478717,1.9334111e-05,0.015699541,0,0.12260068953037262,0.08389873,0.03450644,1.6382762e-06,0.0070692315,0,0.2022562325000763,0.8056633,0.9107064,0.999979,0.97723126,0,0.6751431226730347
TSBD_WSSV_4f3b6f89a8,1,1,2,0.84979236,0.009983744,0.09034321,0.051029854,1.4855202e-05,0.013369657,0,0.12260068953037262,0.08928685,0.035585616,1.8508792e-06,0.0074642315,0,0.2022562325000763,0.82036996,0.9133845,0.9999832,0.97916615,1,0.6751431226730347
TSBD_WSSV_279702ba92,1,0,2,0.8438598,0.010352171,0.09307868,0.059528787,2.6669155e-05,0.016325772,0,0.12260068953037262,0.0922515,0.033153754,1.3950669e-06,0.0069318125,0,0.2022562325000763,0.81466985,0.90731746,0.99997187,0.9767424,0,0.6751431226730347
TSBD_WSSV_9dc876dd17,1,0,2,0.84090185,0.011063544,0.09942469,0.05152686,1.5367967e-05,0.014020884,0,0.12260068953037262,0.08793357,0.03553572,1.8564328e-06,0.0074456614,0,0.2022562325000763,0.81264174,0.91293746,0.9999827,0.97853345,0,0.6751431226730347
TSBD_WSSV_0ce34b5766,1,1,2,0.84768635,0.010179131,0.09359467,0.051834814,1.5756998e-05,0.013806082,0,0.12260068953037262,0.08835053,0.035428315,1.8302117e-06,0.007412068,0,0.2022562325000763,0.8180548,0.91273683,0.9999825,0.9787818,1,0.6751431226730347
TSBD_WSSV_6c3afb6716,1,0,2,0.79574263,0.017102554,0.14355925,0.054836106,1.9338557e-05,0.017393397,0,0.12260068953037262,0.07751673,0.034448452,1.6337716e-06,0.006937641,0,0.2022562325000763,0.778924,0.9107154,0.999979,0.9756689,0,0.6751431226730347
TSBD_WSSV_366db07a25,1,1,2,0.8448408,0.010332967,0.102465115,0.054792143,1.942206e-05,0.015259559,0,0.12260068953037262,0.083544776,0.03431865,1.5928844e-06,0.006979995,0,0.2022562325000763,0.8139901,0.9108892,0.999979,0.97776043,1,0.6751431226730347
TSBD_WSSV_b84a0005bf,1,0,2,0.8359978,0.011583757,0.109882645,0.052673075,1.6842994e-05,0.014963601,0,0.12260068953037262,0.08245459,0.035297833,1.8259034e-06,0.007247191,0,0.2022562325000763,0.8076627,0.91202915,0.9999814,0.97778916,0,0.6751431226730347
TSBD_WSSV_6624c91a73,1,1,2,0.8482667,0.01012882,0.093500726,0.05138199,1.52162565e-05,0.013647943,0,0.12260068953037262,0.08789916,0.035534326,1.8284504e-06,0.007405571,0,0.2022562325000763,0.8186001,0.91308373,0.99998295,0.97894645,1,0.6751431226730347
TSBD_WSSV_8a1517bc0e,1,0,2,0.8309818,0.012424392,0.081121676,0.059912633,2.7460967e-05,0.01572404,0,0.12260068953037262,0.10754684,0.033299793,1.4626162e-06,0.0074118017,0,0.2022562325000763,0.8113315,0.90678763,0.99997115,0.97686416,0,0.6751431226730347
TSBD_WSSV_cada06cffd,1,1,2,0.84826267,0.010190357,0.08733801,0.051708456,1.5794036e-05,0.0134592485,0,0.12260068953037262,0.092812516,0.035489,1.8541956e-06,0.0075619477,0,0.2022562325000763,0.8198495,0.9128026,0.99998236,0.97897875,1,0.6751431226730347
TSBD_WSSV_72abeff3dc,1,1,2,0.8450189,0.010515755,0.097559586,0.051658973,1.544799e-05,0.013943041,0,0.12260068953037262,0.08676043,0.03543567,1.8240889e-06,0.0073670424,0,0.2022562325000763,0.81567997,0.9129054,0.9999827,0.9786899,1,0.6751431226730347
TSBD_WSSV_71629aa3f2,1,1,2,0.8467889,0.010166055,0.09298958,0.055118755,1.9803192e-05,0.014832913,0,0.12260068953037262,0.08986426,0.034263525,1.593373e-06,0.007148847,0,0.2022562325000763,0.8171461,0.91061765,0.99997866,0.9780183,1,0.6751431226730347
TSBD_WSSV_bd69e16b82,0,0,0,0.10616424,0.28742018,0.10862449,0.64491534,0.88402486,0.5940285,0,0.12260068953037262,0.6583661,0.029282102,6.1714018e-06,0.02583299,0,0.2022562325000763,0.23300941,0.3258026,0.115968935,0.38013858,0,0.6751431226730347
TSBD_WSSV_6fd5eb945a,1,1,0,0.78396463,0.021831088,0.80121547,0.9306155,0.9999821,0.98018396,1,0.12260068953037262,0.13348797,0.029738061,4.0926125e-06,0.009297065,0,0.2022562325000763,0.06529661,0.039646424,1.38864925e-05,0.010518949,0,0.6751431226730347
TSBD_WSSV_7ed3990ccb,1,1,1,0.7681745,0.020564714,0.08809127,0.05275753,7.410753e-06,0.012065166,0,0.12260068953037262,0.75875247,0.90137833,0.9999893,0.97622204,1,0.2022562325000763,0.15315628,0.045864142,3.3263173e-06,0.011712762,0,0.6751431226730347
TSBD_WSSV_8b1c70a3bc,1,1,1,0.7149994,0.029319953,0.086154975,0.052177552,7.0543715e-06,0.011950738,0,0.12260068953037262,0.7284233,0.9020022,0.9999896,0.9753584,1,0.2022562325000763,0.1854217,0.045820206,3.3369752e-06,0.012690824,0,0.6751431226730347
TSBD_WSSV_f583f8e371,1,0,2,0.8441884,0.010716521,0.08934031,0.051966146,1.6004704e-05,0.013649072,0,0.12260068953037262,0.09391814,0.0353428,1.8288572e-06,0.007567398,0,0.2022562325000763,0.81674165,0.912691,0.99998224,0.97878355,0,0.6751431226730347
TSBD_WSSV_493953f127,1,1,2,0.84868383,0.010094088,0.09005418,0.05193138,1.5947233e-05,0.013658244,0,0.12260068953037262,0.09041538,0.035308696,1.7935387e-06,0.0074269734,0,0.2022562325000763,0.8195304,0.91275996,0.99998224,0.97891474,1,0.6751431226730347
TSBD_WSSV_1139b0bbb2,1,1,2,0.8484699,0.010096175,0.09380155,0.051527653,1.5501488e-05,0.013730638,0,0.12260068953037262,0.08750375,0.035433754,1.81765e-06,0.0073751924,0,0.2022562325000763,0.8186947,0.9130386,0.9999827,0.9788941,1,0.6751431226730347
TSBD_WSSV_735499e204,0,0,2,0.31268412,0.13229103,0.47529575,0.060081888,2.7652834e-05,0.0350735,0,0.12260068953037262,0.067645974,0.03328536,1.446388e-06,0.007532077,0,0.2022562325000763,0.45705825,0.9066328,0.9999709,0.9573944,0,0.6751431226730347
TSBD_WSSV_01066cc969,1,0,2,0.8157145,0.015101846,0.07279085,0.052513473,1.6706694e-05,0.012942646,0,0.12260068953037262,0.12220116,0.035485327,1.8970211e-06,0.008418001,0,0.2022562325000763,0.80500793,0.9120012,0.9999814,0.97863936,0,0.6751431226730347
TSBD_WSSV_941d089361,1,0,2,0.7430816,0.024653401,0.1693972,0.059471436,2.6205766e-05,0.020638347,0,0.12260068953037262,0.08990504,0.033507615,1.4902083e-06,0.0071982676,0,0.2022562325000763,0.7406977,0.907021,0.9999722,0.9721633,0,0.6751431226730347
TSBD_WSSV_629e5c7c92,1,0,2,0.83674425,0.011473792,0.10157665,0.054180954,1.8778055e-05,0.015064621,0,0.12260068953037262,0.08959983,0.03466169,1.690312e-06,0.007285387,0,0.2022562325000763,0.8088235,0.9111574,0.9999795,0.97765,0,0.6751431226730347
TSBD_WSSV_cf01831715,1,0,2,0.83517534,0.011306727,0.09103484,0.0658643,3.9430768e-05,0.018382926,0,0.12260068953037262,0.099314466,0.032020602,1.232158e-06,0.00684957,0,0.2022562325000763,0.8096507,0.9021151,0.99995935,0.9747675,0,0.6751431226730347
TSBD_WSSV_2c0f3e0b28,1,0,2,0.836788,0.011549428,0.10752393,0.052000344,1.5960943e-05,0.014600011,0,0.12260068953037262,0.083643466,0.035332363,1.7953869e-06,0.007258925,0,0.2022562325000763,0.8088326,0.9126673,0.99998224,0.97814107,0,0.6751431226730347
TSBD_WSSV_801c0b8b82,1,0,2,0.8375887,0.010822225,0.10881669,0.062071603,3.1371997e-05,0.018208204,0,0.12260068953037262,0.085328266,0.03250781,1.3029822e-06,0.0066157333,0,0.2022562325000763,0.8058551,0.90542054,0.99996734,0.97517604,0,0.6751431226730347
TSBD_WSSV_f2274525f7,1,1,2,0.85013694,0.009944362,0.088938616,0.051176924,1.505372e-05,0.0133472895,0,0.12260068953037262,0.09021801,0.035573635,1.853702e-06,0.00749148,0,0.2022562325000763,0.8208434,0.91324943,0.9999831,0.97916126,1,0.6751431226730347
TSBD_WSSV_2e17c58aad,1,1,2,0.85043335,0.009857857,0.08850506,0.05238109,1.6500651e-05,0.013714792,0,0.12260068953037262,0.09050476,0.035156067,1.7704698e-06,0.0073922137,0,0.2022562325000763,0.82099015,0.9124628,0.99998176,0.978893,1,0.6751431226730347
TSBD_WSSV_bb9d07b1e5,1,1,2,0.84876937,0.010251908,0.0853392,0.049265057,1.3099306e-05,0.012575825,0,0.12260068953037262,0.093737364,0.036369175,2.045388e-06,0.007819818,0,0.2022562325000763,0.8209234,0.9143658,0.99998486,0.97960436,1,0.6751431226730347
TSBD_WSSV_950d6de8a1,0,0,1,0.120204054,0.2974078,0.089363776,0.036059048,2.7711208e-06,0.014058617,0,0.12260068953037262,0.14212021,0.865751,0.9999144,0.8935061,0,0.2022562325000763,0.76851606,0.09818989,8.2775645e-05,0.09243523,0,0.6751431226730347
TSBD_WSSV_0b909fea6f,1,0,2,0.8328773,0.012062193,0.111072026,0.052161664,1.613315e-05,0.0148359975,0,0.12260068953037262,0.08307271,0.035271816,1.7750586e-06,0.0072276746,0,0.2022562325000763,0.8058553,0.91256654,0.9999821,0.97793627,0,0.6751431226730347
TSBD_WSSV_50b41d3123,1,1,2,0.84939075,0.010119412,0.087263554,0.04983488,1.3574124e-05,0.012832189,0,0.12260068953037262,0.091889635,0.036129035,1.9587183e-06,0.0076762666,0,0.2022562325000763,0.8208468,0.91403604,0.9999845,0.97949153,1,0.6751431226730347
TSBD_WSSV_1d66e28720,1,1,2,0.84751064,0.010433634,0.0836034,0.049778845,1.363626e-05,0.012648337,0,0.12260068953037262,0.09587362,0.03615659,1.998084e-06,0.007826139,0,0.2022562325000763,0.820523,0.91406465,0.9999844,0.9795255,1,0.6751431226730347
TSBD_WSSV_f9303a9060,1,0,2,0.83988065,0.011513973,0.07995062,0.050958723,1.4966514e-05,0.012842176,0,0.12260068953037262,0.10331316,0.03579637,1.9366141e-06,0.007961027,0,0.2022562325000763,0.8167362,0.91324496,0.9999831,0.9791968,0,0.6751431226730347
TSBD_WSSV_ffd6ae5c1c,1,1,2,0.84841156,0.010152991,0.09087837,0.051186014,1.4984883e-05,0.013445172,0,0.12260068953037262,0.08984419,0.035576306,1.8398696e-06,0.0074740793,0,0.2022562325000763,0.81927735,0.91323763,0.9999832,0.9790808,1,0.6751431226730347
TSBD_WSSV_6a97515cc2,1,0,2,0.83551985,0.012167361,0.077790245,0.050993033,1.5024088e-05,0.012744304,0,0.12260068953037262,0.107469805,0.03585538,1.9485633e-06,0.008094633,0,0.2022562325000763,0.81473994,0.9131516,0.9999831,0.979161,0,0.6751431226730347
TSBD_WSSV_6a19d7effb,1,0,2,0.83866286,0.0110895615,0.100525126,0.056647792,2.2040933e-05,0.015811145,0,0.12260068953037262,0.08977335,0.03392008,1.5232483e-06,0.0070705,0,0.2022562325000763,0.8097015,0.9094321,0.9999764,0.9771183,0,0.6751431226730347
TSBD_WSSV_9872bb742f,1,1,2,0.8477111,0.010220321,0.09272974,0.051282287,1.5220683e-05,0.013598099,0,0.12260068953037262,0.08885512,0.03555114,1.8323047e-06,0.0074387817,0,0.2022562325000763,0.81841516,0.9131665,0.99998295,0.9789631,1,0.6751431226730347
TSBD_WSSV_e44f2c0a8a,1,0,2,0.8322075,0.012497224,0.0811069,0.053507738,1.7624669e-05,0.013662863,0,0.12260068953037262,0.107101336,0.03488445,1.7206879e-06,0.007800321,0,0.2022562325000763,0.8117918,0.91160786,0.9999807,0.97853684,0,0.6751431226730347
TSBD_WSSV_f1294af3d4,1,0,2,0.7258953,0.028173741,0.19015442,0.053893194,1.8140478e-05,0.019124633,0,0.12260068953037262,0.07255763,0.03471032,1.6708531e-06,0.006950546,0,0.2022562325000763,0.7372879,0.9113965,0.9999802,0.9739248,0,0.6751431226730347
TSBD_WSSV_264790eb51,1,0,2,0.8411751,0.01112519,0.089311846,0.052321944,1.6220343e-05,0.013737648,0,0.12260068953037262,0.09585905,0.035178397,1.7661614e-06,0.0075592124,0,0.2022562325000763,0.8148291,0.9124996,0.999982,0.9787032,0,0.6751431226730347
TSBD_WSSV_11430ce0d0,1,0,2,0.8408572,0.011042319,0.08998638,0.054904737,1.943918e-05,0.014602006,0,0.12260068953037262,0.09584954,0.034393,1.617771e-06,0.0073560104,0,0.2022562325000763,0.8141641,0.9107023,0.9999789,0.97804195,0,0.6751431226730347
TSBD_WSSV_74c3607b95,1,0,2,0.8128998,0.014926303,0.12753238,0.05089841,1.48575255e-05,0.015222573,0,0.12260068953037262,0.07972271,0.035760142,1.9320285e-06,0.0073265717,0,0.2022562325000763,0.79274493,0.9133414,0.9999832,0.97745085,0,0.6751431226730347
TSBD_WSSV_2c43cd74d0,1,0,2,0.62764585,0.045658905,0.25663266,0.056636203,2.1801447e-05,0.023142256,0,0.12260068953037262,0.0658196,0.03386469,1.5191227e-06,0.0066940086,0,0.2022562325000763,0.67754775,0.90949917,0.99997663,0.9701637,0,0.6751431226730347
TSBD_WSSV_59d2b7350f,1,1,2,0.84824765,0.01013436,0.08902887,0.05271865,1.697932e-05,0.013870653,0,0.12260068953037262,0.09157418,0.03504438,1.7497322e-06,0.0073992256,0,0.2022562325000763,0.81939703,0.9122369,0.9999813,0.9787301,1,0.6751431226730347
TSBD_WSSV_5e189248db,1,0,2,0.7287437,0.027846163,0.1921454,0.053379588,1.7411498e-05,0.018927716,0,0.12260068953037262,0.067069866,0.034799933,1.6899227e-06,0.006775008,0,0.2022562325000763,0.7407847,0.9118205,0.9999809,0.9742972,0,0.6751431226730347
TSBD_WSSV_9f5ca0e80d,1,0,2,0.8332282,0.011751037,0.1188704,0.05593851,2.1055828e-05,0.016548572,0,0.12260068953037262,0.0771189,0.033921596,1.5190979e-06,0.0067124027,0,0.2022562325000763,0.8040106,0.91013986,0.99997735,0.976739,0,0.6751431226730347
TSBD_WSSV_b626137b45,1,0,2,0.7958504,0.017304964,0.14712621,0.0528767,1.697809e-05,0.016797679,0,0.12260068953037262,0.071675345,0.03500756,1.7276166e-06,0.0068683573,0,0.2022562325000763,0.78119844,0.91211575,0.9999814,0.976334,0,0.6751431226730347
TSBD_WSSV_27c2a5d56f,1,1,2,0.8481966,0.010111684,0.091393895,0.052507896,1.6617412e-05,0.013915811,0,0.12260068953037262,0.08982382,0.03514909,1.770613e-06,0.007378141,0,0.2022562325000763,0.81878227,0.912343,0.99998164,0.978706,1,0.6751431226730347
TSBD_WSSV_eee60542d7,1,0,2,0.5258794,0.067983516,0.31150725,0.051960777,1.589596e-05,0.023014355,0,0.12260068953037262,0.06782915,0.035383325,1.8026374e-06,0.007347005,0,0.2022562325000763,0.62066364,0.9126559,0.99998236,0.96963865,0,0.6751431226730347
TSBD_WSSV_d9ea0715c2,1,1,2,0.8476418,0.010165662,0.09425499,0.052320044,1.6325575e-05,0.013998332,0,0.12260068953037262,0.08784813,0.03515604,1.7477919e-06,0.0073046545,0,0.2022562325000763,0.8178969,0.9125239,0.9999819,0.978697,1,0.6751431226730347
TSBD_WSSV_514bb3ccf8,1,0,2,0.82583976,0.0126496665,0.1187244,0.057302993,2.3068735e-05,0.017072385,0,0.12260068953037262,0.08317769,0.033798523,1.5012521e-06,0.0068820477,0,0.2022562325000763,0.79809797,0.9088984,0.9999753,0.97604555,0,0.6751431226730347
TSBD_WSSV_d3cfe64d62,1,0,2,0.84246004,0.010537264,0.10635704,0.056169145,2.1187661e-05,0.015925523,0,0.12260068953037262,0.08231456,0.03394558,1.5134149e-06,0.006846929,0,0.2022562325000763,0.8113285,0.90988535,0.99997723,0.97722757,0,0.6751431226730347
TSBD_WSSV_f825fa69cd,1,0,2,0.8194376,0.011607209,0.14760366,0.07968019,8.065846e-05,0.027664578,0,0.12260068953037262,0.07285864,0.029961081,9.676605e-07,0.0057446864,0,0.2022562325000763,0.7795377,0.8903588,0.99991834,0.9665907,0,0.6751431226730347
TSBD_WSSV_b899fa53da,1,1,2,0.8473333,0.010380618,0.08403601,0.05186073,1.574932e-05,0.013288546,0,0.12260068953037262,0.09569568,0.035331305,1.8031639e-06,0.0075853574,0,0.2022562325000763,0.8202683,0.91280794,0.9999825,0.9791261,1,0.6751431226730347
TSBD_WSSV_8b9052d96f,1,1,2,0.84562194,0.010681539,0.08039407,0.05179312,1.5752024e-05,0.0130781075,0,0.12260068953037262,0.099340424,0.03543853,1.8328211e-06,0.00772163,0,0.2022562325000763,0.8202655,0.91276836,0.9999825,0.9792003,1,0.6751431226730347
TSBD_WSSV_376e37e18c,1,0,2,0.83899784,0.011374251,0.08065769,0.05881863,2.516409e-05,0.01526025,0,0.12260068953037262,0.10270166,0.033238575,1.396396e-06,0.007204281,0,0.2022562325000763,0.8166407,0.90794283,0.9999734,0.9775355,0,0.6751431226730347
TSBD_WSSV_33b7d18fc1,1,0,2,0.8434061,0.010614401,0.10415129,0.053008053,1.7163758e-05,0.014752131,0,0.12260068953037262,0.08249561,0.034908134,1.6978014e-06,0.0070931814,0,0.2022562325000763,0.81335306,0.9120838,0.99998116,0.97815466,0,0.6751431226730347
TSBD_WSSV_5ae365cdb5,1,0,2,0.8195441,0.013607645,0.12649375,0.055811845,2.043985e-05,0.016860904,0,0.12260068953037262,0.07935326,0.03423957,1.5925456e-06,0.0068998234,0,0.2022562325000763,0.794153,0.9099485,0.99997807,0.97623926,0,0.6751431226730347
TSBD_WSSV_48983cce39,1,0,2,0.75969595,0.021267794,0.18365078,0.06865716,4.5216097e-05,0.025201296,0,0.12260068953037262,0.07107982,0.031107832,1.100736e-06,0.0060213977,0,0.2022562325000763,0.74526936,0.90023506,0.99995375,0.9687773,0,0.6751431226730347
TSBD_WSSV_f41afb12de,1,0,2,0.84130186,0.01089887,0.105499886,0.052809525,1.6747887e-05,0.014730133,0,0.12260068953037262,0.082691915,0.035019077,1.7273732e-06,0.0071380967,0,0.2022562325000763,0.81180817,0.91217136,0.99998164,0.9781318,0,0.6751431226730347
TSBD_WSSV_719214e8fc,1,0,2,0.8430014,0.011001646,0.079806425,0.053287756,1.7361255e-05,0.013482816,0,0.12260068953037262,0.10135814,0.03500418,1.7365652e-06,0.0076561696,0,0.2022562325000763,0.8188354,0.911708,0.9999808,0.978861,0,0.6751431226730347
TSBD_WSSV_f9b891c236,1,1,2,0.8478507,0.010156651,0.09313979,0.052160107,1.620884e-05,0.013898854,0,0.12260068953037262,0.08858589,0.0352271,1.7736608e-06,0.007353177,0,0.2022562325000763,0.8182743,0.91261286,0.999982,0.9787479,1,0.6751431226730347
TSBD_WSSV_60bf799ad0,1,0,2,0.81432074,0.014748888,0.13156934,0.050970178,1.4711599e-05,0.015361137,0,0.12260068953037262,0.074312456,0.035724964,1.8869694e-06,0.007108152,0,0.2022562325000763,0.79411817,0.9133048,0.99998343,0.9775307,0,0.6751431226730347
TSBD_WSSV_3221471a09,1,0,2,0.83772725,0.011247202,0.110753775,0.054755557,1.9189694e-05,0.015671587,0,0.12260068953037262,0.08105718,0.034291632,1.5786479e-06,0.00690637,0,0.2022562325000763,0.80818903,0.91095287,0.99997926,0.97742206,0,0.6751431226730347
TSBD_WSSV_81c77d6283,1,0,2,0.66909784,0.036738202,0.24291353,0.066198625,3.91595e-05,0.027176972,0,0.12260068953037262,0.06486791,0.03150926,1.1327243e-06,0.0060349815,0,0.2022562325000763,0.6922186,0.902292,0.9999596,0.966788,0,0.6751431226730347
TSBD_WSSV_7ba0bac7cd,1,0,2,0.6490343,0.0392635,0.26625666,0.07551322,6.5797096e-05,0.033334672,0,0.12260068953037262,0.06332396,0.03010296,9.722576e-07,0.0057381047,0,0.2022562325000763,0.67041934,0.8943838,0.99993324,0.96092725,0,0.6751431226730347
TSBD_WSSV_b8b164e72b,1,0,2,0.82391906,0.012264458,0.13508236,0.06529875,3.795249e-05,0.020979982,0,0.12260068953037262,0.07329209,0.031720664,1.1735933e-06,0.006106859,0,0.2022562325000763,0.7916256,0.9029806,0.9999609,0.97291315,0,0.6751431226730347
TSBD_WSSV_7942e3c67c,0,0,0,0.33187494,0.12860005,0.20903063,0.70245284,0.94423276,0.63100505,0,0.12260068953037262,0.06947517,0.022675795,1.7859409e-06,0.0065611927,0,0.2022562325000763,0.7214942,0.27487135,0.05576547,0.36243376,0,0.6751431226730347
TSBD_WSSV_e572949946,1,0,2,0.78887635,0.01748845,0.15848546,0.062250104,3.1138345e-05,0.02105119,0,0.12260068953037262,0.072156265,0.032403123,1.2617382e-06,0.0062749763,0,0.2022562325000763,0.7693583,0.9053469,0.9999676,0.97267383,0,0.6751431226730347
TSBD_WSSV_a204c36610,1,1,0,0.78092605,0.017934352,0.7585419,0.8989228,0.9997782,0.9591887,1,0.12260068953037262,0.06319773,0.022562413,1.1832384e-06,0.004996189,0,0.2022562325000763,0.17826034,0.078514755,0.00022058273,0.03581516,0,0.6751431226730347
TSBD_WSSV_9c4b4f11b8,1,0,2,0.8248008,0.012056053,0.12900537,0.066872284,4.12595e-05,0.02122112,0,0.12260068953037262,0.078948304,0.031488895,1.1522508e-06,0.006225011,0,0.2022562325000763,0.79204637,0.90163887,0.99995756,0.9725539,0,0.6751431226730347
TSBD_WSSV_687a703a75,1,0,2,0.8372917,0.010515405,0.11777565,0.06578984,3.9062896e-05,0.020102842,0,0.12260068953037262,0.07956798,0.03169633,1.1692953e-06,0.0062540458,0,0.2022562325000763,0.8026564,0.90251386,0.9999597,0.9736431,0,0.6751431226730347
TSBD_WSSV_60273dd644,1,0,2,0.8061998,0.012806493,0.09123517,0.14275703,0.0008576729,0.048470024,0,0.12260068953037262,0.09328985,0.026386218,7.1477837e-07,0.005534511,0,0.2022562325000763,0.8154749,0.83085674,0.9991416,0.94599545,0,0.6751431226730347
TSBD_WSSV_c29e86db5b,1,0,2,0.8130792,0.009591654,0.17096761,0.113485046,0.00033111955,0.04564021,0,0.12260068953037262,0.07101876,0.027149884,7.2774844e-07,0.0051841885,0,0.2022562325000763,0.75801367,0.8593651,0.9996681,0.9491756,0,0.6751431226730347
TSBD_WSSV_79fa511ed0,0,0,0,0.18052934,0.23219873,0.13470076,0.7851023,0.98958766,0.7104027,0,0.12260068953037262,0.07804418,0.02193393,1.2419774e-06,0.007745717,0,0.2022562325000763,0.78725505,0.19296373,0.010411021,0.28185162,0,0.6751431226730347
TSBD_WSSV_58e35ef754,1,1,0,0.84548277,0.011179544,0.822766,0.91868776,0.99994075,0.97504234,1,0.12260068953037262,0.073824115,0.024818122,1.8239567e-06,0.00587455,0,0.2022562325000763,0.10340984,0.05649413,5.7473368e-05,0.019083051,0,0.6751431226730347
TSBD_WSSV_1ce4e5b49f,1,0,2,0.79861283,0.017112294,0.1020451,0.037769176,5.0490567e-06,0.009957384,0,0.12260068953037262,0.11369045,0.047724195,6.5675185e-06,0.012109609,0,0.2022562325000763,0.78426445,0.9145066,0.99998844,0.977933,0,0.6751431226730347
TSBD_WSSV_ea57134108,1,0,2,0.8395667,0.007644592,0.061117668,0.024203924,1.4084959e-06,0.0052643875,0,0.12260068953037262,0.15027681,0.10123547,0.00019213159,0.03670469,0,0.2022562325000763,0.7886055,0.87456065,0.99980646,0.95803094,0,0.6751431226730347
TSBD_WSSV_8b1af1900d,1,1,2,0.84515357,0.010333311,0.07180312,0.033518855,3.4282143e-06,0.0076337294,0,0.12260068953037262,0.114211544,0.054573476,1.1565447e-05,0.014261514,0,0.2022562325000763,0.8139854,0.9119076,0.999985,0.97810477,1,0.6751431226730347
TSBD_WSSV_2f46cb1b79,1,1,2,0.8460596,0.009033449,0.10892803,0.07299308,5.7914604e-05,0.02213823,0,0.12260068953037262,0.08183416,0.03037168,9.973267e-07,0.005991222,0,0.2022562325000763,0.8092378,0.89663523,0.9999411,0.9718705,1,0.6751431226730347
TSBD_WSSV_383e727d4a,1,1,2,0.84612924,0.010250656,0.09950397,0.053534042,1.7849516e-05,0.014686358,0,0.12260068953037262,0.08485058,0.03476321,1.6845363e-06,0.0071332958,0,0.2022562325000763,0.8156455,0.91170275,0.99998045,0.97818035,1,0.6751431226730347
TSBD_WSSV_b076b7af44,1,1,2,0.8490852,0.009204415,0.0928364,0.06894131,4.6534537e-05,0.01947209,0,0.12260068953037262,0.08939826,0.031158628,1.084125e-06,0.006337701,0,0.2022562325000763,0.8177654,0.8999,0.99995244,0.9741902,1,0.6751431226730347
TSBD_WSSV_6a65b3c303,1,1,2,0.8479665,0.010133234,0.094391376,0.051909767,1.5848369e-05,0.013871639,0,0.12260068953037262,0.08749142,0.035355873,1.8021647e-06,0.0073569342,0,0.2022562325000763,0.8181172,0.9127343,0.99998236,0.9787714,1,0.6751431226730347
TSBD_WSSV_d552ad13be,1,0,1,0.5473945,0.06271963,0.0598567,0.04963802,6.048547e-06,0.010423032,0,0.12260068953037262,0.6376558,0.9017689,0.99998975,0.97264653,0,0.2022562325000763,0.30248746,0.04859302,4.2123224e-06,0.01693043,0,0.6751431226730347
TSBD_WSSV_64069923e3,1,0,2,0.6150796,0.046975397,0.27683127,0.06605197,3.8598984e-05,0.02876761,0,0.12260068953037262,0.06330668,0.031585354,1.1411931e-06,0.006089935,0,0.2022562325000763,0.65986204,0.9023627,0.9999602,0.9651425,0,0.6751431226730347
