sample_id,tri_consensus,selected,consensus_class,tri_score,source_ema_js,p_source_BG,p_ema_BG,p_proto_BG,q_consensus_BG,selected_BG,target_prior_BG,p_source_Healthy,p_ema_Healthy,p_proto_Healthy,q_consensus_Healthy,selected_Healthy,target_prior_Healthy,p_source_WSSV,p_ema_WSSV,p_proto_WSSV,q_consensus_WSSV,selected_WSSV,target_prior_WSSV
TSBD_BG_b9ded89290,1,1,0,0.8446047,0.012402907,0.8303713,0.9298813,0.999979,0.9810262,1,0.09081842750310898,0.1019872,0.036313973,1.918488e-05,0.012466967,0,0.3560428321361542,0.06764147,0.033804737,1.7908291e-06,0.0065068398,0,0.5531387329101562
TSBD_BG_ec6804e1c1,1,1,0,0.8753268,0.00826492,0.8506498,0.930158,0.9999802,0.98232687,1,0.09081842750310898,0.07613199,0.03559429,1.7846227e-05,0.0109137315,0,0.3560428321361542,0.07321824,0.034247715,1.8991982e-06,0.0067594177,0,0.5531387329101562
TSBD_BG_e6c7f786d1,1,0,1,0.761395,0.018540598,0.1710733,0.081518166,2.101625e-05,0.023186639,0,0.09081842750310898,0.727874,0.87867063,0.9999757,0.9671365,0,0.3560428321361542,0.10105275,0.03981115,3.3532074e-06,0.00967686,0,0.5531387329101562
TSBD_BG_27046d49de,1,1,0,0.81751966,0.016100515,0.81116605,0.92948264,0.99997914,0.98040897,1,0.09081842750310898,0.08958309,0.03627564,1.9012741e-05,0.011979171,0,0.3560428321361542,0.099250905,0.034241635,1.8744939e-06,0.0076119415,0,0.5531387329101562
TSBD_BG_ef94f9e30a,1,1,2,0.8463205,0.010165656,0.08184415,0.050245147,1.3492559e-05,0.012624976,0,0.09081842750310898,0.10172774,0.0398603,1.7234953e-06,0.008133972,0,0.3560428321361542,0.81642807,0.9098945,0.99998486,0.979241,1,0.5531387329101562
TSBD_BG_014cc1626a,1,0,2,0.2633263,0.14039117,0.07302326,0.2953483,0.06019883,0.16692574,0,0.09081842750310898,0.44195005,0.04073857,1.7603397e-05,0.025249125,0,0.3560428321361542,0.48502672,0.6639132,0.9397836,0.8078251,0,0.5531387329101562
TSBD_BG_ab942e7799,1,1,1,0.7986329,0.014610827,0.11565005,0.06571693,1.0156001e-05,0.015579479,0,0.09081842750310898,0.76629215,0.89035296,0.999984,0.9727299,1,0.3560428321361542,0.11805775,0.043930177,5.768185e-06,0.0116906,0,0.5531387329101562
TSBD_BG_92d3bac25d,1,1,1,0.80233693,0.014129827,0.11683972,0.06417599,9.227321e-06,0.015157814,0,0.09081842750310898,0.76870084,0.891353,0.99998486,0.973158,1,0.3560428321361542,0.11445941,0.044471007,5.942099e-06,0.011684166,0,0.5531387329101562
TSBD_BG_3179613a58,1,1,1,0.7848943,0.013347143,0.18040705,0.10303055,5.207954e-05,0.03146138,0,0.09081842750310898,0.73322946,0.8612891,0.9999459,0.96065474,1,0.3560428321361542,0.086363465,0.03568036,2.0302648e-06,0.007883883,0,0.5531387329101562
TSBD_BG_72fcb5ad43,1,1,1,0.8199295,0.011922721,0.10934562,0.057562348,6.593106e-06,0.013099867,0,0.09081842750310898,0.7822992,0.8943811,0.999985,0.97425026,1,0.3560428321361542,0.10835511,0.048056554,8.442464e-06,0.012649865,0,0.5531387329101562
TSBD_BG_1adf4fa166,1,0,1,0.66798246,0.024878107,0.32187322,0.16079354,0.00028812335,0.07005383,0,0.09081842750310898,0.6068939,0.80797225,0.99971074,0.9234181,0,0.3560428321361542,0.07123291,0.031234186,1.1318033e-06,0.006528025,0,0.5531387329101562
TSBD_BG_19f57a7d83,1,1,1,0.8009658,0.013801798,0.14224476,0.070666276,1.2677132e-05,0.018128254,0,0.09081842750310898,0.76293844,0.8876478,0.9999831,0.9719003,1,0.3560428321361542,0.09481679,0.04168597,4.256419e-06,0.009971437,0,0.5531387329101562
TSBD_BG_b06b80d500,1,0,1,0.67298526,0.027170457,0.29852146,0.13320625,0.00013148671,0.053095426,0,0.09081842750310898,0.62940085,0.8339625,0.9998671,0.9400094,0,0.3560428321361542,0.072077714,0.032831237,1.3642783e-06,0.006895143,0,0.5531387329101562
TSBD_BG_5c745e387f,0,0,1,0.43471217,0.08558207,0.6669972,0.2874001,0.003988714,0.23212454,0,0.09081842750310898,0.27766153,0.6848161,0.9960104,0.7615239,0,0.3560428321361542,0.055341296,0.027783757,9.153207e-07,0.0063515506,0,0.5531387329101562
TSBD_BG_c333741c9b,1,0,1,0.5531464,0.056523178,0.33356982,0.082449295,2.134426e-05,0.031425137,0,0.09081842750310898,0.5964065,0.87890613,0.9999758,0.95991623,0,0.3560428321361542,0.07002369,0.03864457,2.864242e-06,0.008658626,0,0.5531387329101562
TSBD_BG_a3ac70c2de,1,1,1,0.788959,0.0141689405,0.17036402,0.086922735,2.6282602e-05,0.024755955,0,0.09081842750310898,0.7448225,0.8753725,0.99997115,0.96684426,1,0.3560428321361542,0.08481347,0.037704725,2.6234682e-06,0.008399817,0,0.5531387329101562
TSBD_BG_6ff47981ea,1,1,1,0.823284,0.010332797,0.122018866,0.07945077,1.9357656e-05,0.01961724,0,0.09081842750310898,0.77903724,0.880745,0.99997723,0.97095644,1,0.3560428321361542,0.09894392,0.039804228,3.3889594e-06,0.009426302,0,0.5531387329101562
TSBD_BG_64274bed67,1,1,1,0.81341267,0.011912368,0.13340968,0.07391561,1.473384e-05,0.018587688,0,0.09081842750310898,0.7713942,0.8853887,0.9999815,0.9717863,1,0.3560428321361542,0.095196165,0.04069569,3.793878e-06,0.009625993,0,0.5531387329101562
TSBD_BG_7031e4d230,1,1,0,0.69452715,0.022817506,0.644498,0.8298902,0.9885888,0.87064505,1,0.09081842750310898,0.2951459,0.1471704,0.011410263,0.124606974,0,0.3560428321361542,0.060356088,0.022939408,9.654974e-07,0.0047480566,0,0.5531387329101562
TSBD_BG_03136a4786,0,0,1,0.24177879,0.175337,0.085060135,0.07195786,1.3495445e-05,0.019398442,0,0.09081842750310898,0.38319078,0.88616264,0.99998224,0.95766747,0,0.3560428321361542,0.5317491,0.041879464,4.2630127e-06,0.02293407,0,0.5531387329101562
TSBD_BG_daacfdf534,1,0,1,0.5704596,0.05334123,0.3191649,0.078481935,1.8276794e-05,0.029098045,0,0.09081842750310898,0.6117844,0.8818642,0.9999784,0.96199,0,0.3560428321361542,0.06905069,0.03965391,3.3344215e-06,0.008911974,0,0.5531387329101562
TSBD_BG_873a3617a3,0,0,1,0.0899812,0.32072362,0.2653249,0.29675612,0.005115419,0.26942268,0,0.09081842750310898,0.07129354,0.674046,0.99488336,0.7059728,0,0.3560428321361542,0.6633816,0.029197896,1.2055067e-06,0.024604525,0,0.5531387329101562
TSBD_BG_abfa756b67,0,0,1,0.21119966,0.20711757,0.695548,0.112825096,6.9503694e-05,0.07793055,0,0.09081842750310898,0.24574566,0.8526755,0.99992883,0.9129052,0,0.3560428321361542,0.058706343,0.03449934,1.7007883e-06,0.0091641825,0,0.5531387329101562
TSBD_BG_897409ab6a,1,0,2,0.81108004,0.010026786,0.0880008,0.04013256,4.552314e-06,0.009725783,0,0.09081842750310898,0.1567896,0.09640876,5.616264e-05,0.02919021,0,0.3560428321361542,0.75520957,0.8634587,0.9999393,0.961084,0,0.5531387329101562
TSBD_BG_029a32b87f,1,0,2,0.7366179,0.008947633,0.20461161,0.28331506,0.045165848,0.18822493,0,0.09081842750310898,0.071013495,0.025563164,2.3756975e-06,0.0061365226,0,0.3560428321361542,0.72437495,0.6911218,0.9548318,0.80563855,0,0.5531387329101562
TSBD_BG_ad84846145,1,0,1,0.6280296,0.039603256,0.29588592,0.09565867,3.711828e-05,0.035379823,0,0.09081842750310898,0.6301356,0.86798626,0.99996066,0.95663846,0,0.3560428321361542,0.07397849,0.036355026,2.1636627e-06,0.007981735,0,0.5531387329101562
TSBD_BG_6250909f04,1,1,1,0.82042044,0.011873165,0.1106741,0.058318138,6.7554224e-06,0.013295393,0,0.09081842750310898,0.78279555,0.89453304,0.99998534,0.97439915,1,0.3560428321361542,0.10653039,0.047148816,7.913925e-06,0.01230549,0,0.5531387329101562
TSBD_Healthy_c7fd512124,1,1,1,0.79309595,0.015855318,0.087046474,0.073665515,1.5168222e-05,0.016074475,0,0.09081842750310898,0.77433974,0.8846504,0.9999807,0.9726121,1,0.3560428321361542,0.13861379,0.04168411,4.178715e-06,0.011313464,0,0.5531387329101562
TSBD_Healthy_1ab857c1ee,1,1,1,0.7951497,0.01570888,0.08745115,0.06475678,9.688532e-06,0.013871322,0,0.09081842750310898,0.7730034,0.8904668,0.99998426,0.97355443,1,0.3560428321361542,0.13954549,0.04477642,6.0040143e-06,0.012574224,0,0.5531387329101562
TSBD_Healthy_a4108c60ab,1,0,1,0.7794349,0.018414458,0.08184877,0.06106791,7.837983e-06,0.012679331,0,0.09081842750310898,0.76596797,0.8934726,0.99998546,0.97396696,0,0.3560428321361542,0.15218323,0.04545952,6.6648176e-06,0.013353725,0,0.5531387329101562
TSBD_Healthy_603954b4fc,1,1,1,0.7919928,0.014996672,0.13118581,0.0733429,1.4812278e-05,0.018537344,0,0.09081842750310898,0.7573877,0.8853462,0.99998105,0.9709844,1,0.3560428321361542,0.11142645,0.041310944,4.138301e-06,0.010478306,0,0.5531387329101562
TSBD_Healthy_a7669a6337,1,0,1,0.7627427,0.019864526,0.11126704,0.07212633,1.3777516e-05,0.017211117,0,0.09081842750310898,0.74519396,0.88595957,0.99998176,0.97103167,0,0.3560428321361542,0.14353907,0.04191409,4.451321e-06,0.011757194,0,0.5531387329101562
TSBD_Healthy_0969d7950f,1,0,1,0.7744466,0.018693587,0.098119535,0.063206084,8.80957e-06,0.014101163,0,0.09081842750310898,0.75670433,0.8921239,0.999985,0.9730209,0,0.3560428321361542,0.14517613,0.044670008,6.1566016e-06,0.01287795,0,0.5531387329101562
TSBD_Healthy_3535a7f645,1,1,1,0.8180911,0.012075689,0.10352991,0.06501927,9.692483e-06,0.0146830315,0,0.09081842750310898,0.78231454,0.8910832,0.99998474,0.97394013,1,0.3560428321361542,0.11415555,0.04389756,5.5216574e-06,0.011376875,0,0.5531387329101562
TSBD_Healthy_28874652ec,1,1,1,0.8107996,0.012821924,0.1237283,0.065409906,1.0033224e-05,0.01583275,0,0.09081842750310898,0.7732194,0.89087,0.9999844,0.97316283,1,0.3560428321361542,0.10305225,0.043720104,5.5480314e-06,0.011004465,0,0.5531387329101562
TSBD_Healthy_c9a3ba4645,1,1,1,0.8169693,0.0122811645,0.10981621,0.061325718,7.960912e-06,0.014035825,0,0.09081842750310898,0.78037494,0.893291,0.99998546,0.9741476,1,0.3560428321361542,0.10980876,0.045383256,6.6291664e-06,0.011816553,0,0.5531387329101562
TSBD_Healthy_ec9cff4659,1,1,1,0.78673935,0.01607617,0.15039976,0.066663675,1.0518107e-05,0.0173944,0,0.09081842750310898,0.7545264,0.89014506,0.99998426,0.9720247,1,0.3560428321361542,0.09507381,0.043191217,5.1903407e-06,0.010580929,0,0.5531387329101562
TSBD_Healthy_d0dd7481d3,1,1,1,0.80825925,0.01318489,0.12776737,0.06458905,9.422829e-06,0.01573432,0,0.09081842750310898,0.77119803,0.8912821,0.99998486,0.9732106,1,0.3560428321361542,0.101034604,0.044128884,5.733233e-06,0.011055111,0,0.5531387329101562
TSBD_Healthy_9b9c4b2008,1,0,1,0.77604616,0.016750405,0.092869066,0.11937803,9.546268e-05,0.029794266,0,0.09081842750310898,0.7733335,0.8449488,0.9999025,0.9611447,0,0.3560428321361542,0.1337974,0.03567311,1.9855129e-06,0.009061076,0,0.5531387329101562
TSBD_Healthy_6af33a64f0,1,0,1,0.7799393,0.011282977,0.14165941,0.1823289,0.00052384275,0.059392538,0,0.09081842750310898,0.75644165,0.7863894,0.99947506,0.93354136,0,0.3560428321361542,0.10189893,0.031281605,1.1731573e-06,0.007066127,0,0.5531387329101562
TSBD_Healthy_11508a2a47,1,1,0,0.85469747,0.011055531,0.83761466,0.9298844,0.9999795,0.9814291,1,0.09081842750310898,0.0987507,0.036063444,1.866846e-05,0.012189707,0,0.3560428321361542,0.06363461,0.034052193,1.8018228e-06,0.006381201,0,0.5531387329101562
TSBD_Healthy_9c80ffce77,0,0,0,0.3094173,0.11506279,0.1290883,0.55253273,0.24699627,0.32941666,0,0.09081842750310898,0.7110558,0.4187192,0.75299984,0.6602776,0,0.3560428321361542,0.15985589,0.02874808,3.9383426e-06,0.010305701,0,0.5531387329101562
TSBD_Healthy_fdc6d1fa33,1,0,1,0.6805702,0.02678176,0.12189737,0.27171254,0.0033535578,0.098121405,0,0.09081842750310898,0.77326494,0.69883263,0.9966453,0.89496535,0,0.3560428321361542,0.104837686,0.029454837,1.1241707e-06,0.006913264,0,0.5531387329101562
TSBD_Healthy_8c646c1060,0,0,0,0.15716156,0.2524754,0.2663647,0.9188838,0.99988866,0.9346053,0,0.09081842750310898,0.6588708,0.053632814,0.00011032203,0.05775773,0,0.3560428321361542,0.07476449,0.027483322,9.046387e-07,0.007637007,0,0.5531387329101562
TSBD_Healthy_1b2ea804f3,1,1,1,0.78776735,0.01608072,0.13711892,0.06443559,9.37315e-06,0.016189609,0,0.09081842750310898,0.7565125,0.89137375,0.99998486,0.9724785,1,0.3560428321361542,0.106368564,0.044190634,5.7379048e-06,0.011331897,0,0.5531387329101562
TSBD_Healthy_181a36e89e,1,0,1,0.75756603,0.021224339,0.09703003,0.06731439,1.10359815e-05,0.015189298,0,0.09081842750310898,0.7474069,0.88933164,0.99998367,0.9721473,0,0.3560428321361542,0.15556307,0.04335395,5.2366363e-06,0.012663406,0,0.5531387329101562
TSBD_Healthy_b13db56cba,1,0,1,0.7208823,0.023593493,0.10028823,0.18098998,0.000514132,0.052410338,0,0.09081842750310898,0.7631092,0.7873371,0.99948466,0.93962127,0,0.3560428321361542,0.1366026,0.031672873,1.2278718e-06,0.007968391,0,0.5531387329101562
TSBD_Healthy_e91e5f3d2c,1,1,1,0.80996513,0.013015145,0.1317257,0.06369825,9.007766e-06,0.015649531,0,0.09081842750310898,0.7727442,0.8921089,0.9999852,0.97349864,1,0.3560428321361542,0.095530115,0.04419282,5.768395e-06,0.010851864,0,0.5531387329101562
TSBD_Healthy_b9f53cb41a,1,1,1,0.81588775,0.011955425,0.1267253,0.06826123,1.1382178e-05,0.016683182,0,0.09081842750310898,0.7757226,0.88927346,0.9999839,0.97300494,1,0.3560428321361542,0.09755204,0.042465318,4.7226767e-06,0.010311912,0,0.5531387329101562
TSBD_Healthy_eb22129a24,0,0,1,0.5248721,0.049355038,0.6292617,0.34859514,0.012016465,0.28724366,0,0.09081842750310898,0.31350976,0.6241262,0.9879824,0.7065938,0,0.3560428321361542,0.057228576,0.02727866,1.1195871e-06,0.006162489,0,0.5531387329101562
TSBD_Healthy_968a78b93d,1,1,1,0.82174045,0.0117252655,0.10222247,0.061078165,7.84906e-06,0.013598899,0,0.09081842750310898,0.7851959,0.8934632,0.99998546,0.97448677,1,0.3560428321361542,0.11258164,0.045458596,6.651185e-06,0.011914371,0,0.5531387329101562
TSBD_Healthy_c7a3a188a8,1,1,0,0.5077351,0.06989731,0.5877955,0.90161395,0.9995048,0.9394104,1,0.09081842750310898,0.3534046,0.074281536,0.00049443153,0.05578569,0,0.3560428321361542,0.05879987,0.024104452,6.7967574e-07,0.00480392,0,0.5531387329101562
TSBD_Healthy_f55a2f1b43,1,0,2,0.675746,0.03640482,0.05617192,0.037862223,4.084706e-06,0.008053214,0,0.09081842750310898,0.23731416,0.057567704,6.0168254e-06,0.017399225,0,0.3560428321361542,0.70651394,0.90457004,0.99999,0.97454756,0,0.5531387329101562
TSBD_Healthy_11a0ec4d06,1,1,2,0.84698665,0.010055344,0.08415172,0.045798518,8.77731e-06,0.011226807,0,0.09081842750310898,0.100338124,0.043146428,2.1581805e-06,0.008779798,0,0.3560428321361542,0.8155102,0.9110551,0.99998903,0.9799934,1,0.5531387329101562
TSBD_Healthy_dda7c6bbc5,1,0,2,0.6437738,0.0029171107,0.05329105,0.025889901,2.5620961e-06,0.005877236,0,0.09081842750310898,0.41959697,0.403945,0.058900867,0.31051102,0,0.3560428321361542,0.52711195,0.57016504,0.94109654,0.6836117,0,0.5531387329101562
TSBD_Healthy_b83d452fe7,1,0,2,0.78186864,0.01941323,0.060834464,0.039474294,4.810874e-06,0.008456495,0,0.09081842750310898,0.16416715,0.051187526,3.8699723e-06,0.012881531,0,0.3560428321361542,0.77499837,0.9093381,0.9999914,0.978662,0,0.5531387329101562
TSBD_Healthy_ec04a77054,1,1,1,0.8227998,0.011526253,0.10912702,0.060287215,7.4808045e-06,0.013700558,0,0.09081842750310898,0.78468037,0.8939467,0.9999857,0.97454596,1,0.3560428321361542,0.10619261,0.045766074,6.777837e-06,0.011753483,0,0.5531387329101562
TSBD_Healthy_63480c13ab,1,1,1,0.819295,0.01200489,0.11072641,0.059960075,7.372287e-06,0.01370977,0,0.09081842750310898,0.7820404,0.8940692,0.9999856,0.9743834,1,0.3560428321361542,0.10723313,0.04597069,7.0050355e-06,0.01190687,0,0.5531387329101562
TSBD_Healthy_a334fe0843,1,1,1,0.81874526,0.011985252,0.10929419,0.062931366,8.648421e-06,0.01441118,0,0.09081842750310898,0.781562,0.8924666,0.99998534,0.9741262,1,0.3560428321361542,0.109143786,0.044601995,5.9884037e-06,0.011462627,0,0.5531387329101562
TSBD_Healthy_af48f4f88b,1,1,1,0.8160901,0.012315327,0.1236863,0.0612946,7.837543e-06,0.014595578,0,0.09081842750310898,0.77828616,0.8934099,0.9999857,0.97409874,1,0.3560428321361542,0.09802748,0.045295484,6.4838964e-06,0.011305672,0,0.5531387329101562
TSBD_Healthy_58fc6d9018,1,1,1,0.80350226,0.0143386815,0.099810556,0.061848927,8.102488e-06,0.0137138385,0,0.09081842750310898,0.7739272,0.8929182,0.99998546,0.9739422,1,0.3560428321361542,0.12626222,0.045232806,6.4143965e-06,0.012343974,0,0.5531387329101562
TSBD_Healthy_ed8a98aaef,1,0,1,0.6875328,0.033977173,0.07121855,0.063616715,8.912276e-06,0.012892197,0,0.09081842750310898,0.71891415,0.89193183,0.9999851,0.9722983,0,0.3560428321361542,0.20986728,0.044451434,6.0253406e-06,0.014809492,0,0.5531387329101562
TSBD_Healthy_c1a36abd3d,1,0,1,0.70080185,0.031436294,0.077014826,0.06151719,7.965493e-06,0.012731789,0,0.09081842750310898,0.7225466,0.8932607,0.9999856,0.9723877,0,0.3560428321361542,0.20043866,0.04522204,6.5102163e-06,0.014880506,0,0.5531387329101562
TSBD_Healthy_ba89f16ead,1,1,1,0.82216924,0.011630727,0.107695036,0.06003232,7.395511e-06,0.013580582,0,0.09081842750310898,0.7844539,0.8940169,0.9999856,0.97450906,1,0.3560428321361542,0.10785107,0.045950733,6.984116e-06,0.011910372,0,0.5531387329101562
TSBD_Healthy_ff7717e05f,1,1,0,0.8690614,0.009067981,0.84609306,0.9300479,0.9999802,0.9821083,1,0.09081842750310898,0.07617703,0.035538726,1.7890565e-05,0.010932422,0,0.3560428321361542,0.077729896,0.034413416,1.9407055e-06,0.006959254,0,0.5531387329101562
TSBD_Healthy_9697828448,1,1,1,0.7831983,0.016772391,0.13595642,0.06438431,9.213605e-06,0.01609917,0,0.09081842750310898,0.75366133,0.89151466,0.999985,0.9723995,1,0.3560428321361542,0.110382274,0.044101074,5.7847005e-06,0.011501367,0,0.5531387329101562
TSBD_Healthy_0dc7202194,1,0,1,0.6480265,0.039195832,0.14195034,0.06540495,9.813458e-06,0.017311351,0,0.09081842750310898,0.6693778,0.8903577,0.9999844,0.968237,0,0.3560428321361542,0.18867183,0.04423742,5.829111e-06,0.014451649,0,0.5531387329101562
TSBD_Healthy_aafafefd6f,1,0,1,0.4349734,0.08995311,0.079144105,0.058665328,6.8705176e-06,0.013284901,0,0.09081842750310898,0.5563377,0.89408535,0.999985,0.9654507,0,0.3560428321361542,0.36451817,0.047249343,8.112435e-06,0.021264369,0,0.5531387329101562
TSBD_Healthy_3e37e6f481,1,1,1,0.8132936,0.0128859375,0.10555505,0.06017538,7.4754694e-06,0.013560525,0,0.09081842750310898,0.7787823,0.8938363,0.9999856,0.9742115,1,0.3560428321361542,0.11566261,0.045988373,6.954327e-06,0.012227929,0,0.5531387329101562
TSBD_Healthy_d5c6d15d07,1,0,1,0.42137238,0.09239996,0.12344684,0.06676095,1.064498e-05,0.01821317,0,0.09081842750310898,0.5338877,0.88946974,0.9999839,0.9629828,0,0.3560428321361542,0.34266546,0.043769326,5.4085785e-06,0.018804038,0,0.5531387329101562
TSBD_Healthy_968206666f,1,0,2,0.7506427,0.024059353,0.06553478,0.047809966,1.1141116e-05,0.011285169,0,0.09081842750310898,0.17794126,0.047582295,3.2040791e-06,0.012449781,0,0.3560428321361542,0.7565239,0.9046078,0.9999857,0.9762651,0,0.5531387329101562
TSBD_Healthy_cacd4fa5f3,1,0,2,0.555475,0.057735473,0.056213204,0.037169088,3.9833913e-06,0.008326687,0,0.09081842750310898,0.33157825,0.07447383,1.7757759e-05,0.028568067,0,0.3560428321361542,0.61220855,0.88835704,0.9999783,0.9631053,0,0.5531387329101562
TSBD_Healthy_c00e285b89,1,0,2,0.81380194,0.014953734,0.06533971,0.042786386,6.567828e-06,0.009475957,0,0.09081842750310898,0.13706313,0.04591005,2.6321734e-06,0.01055803,0,0.3560428321361542,0.7975971,0.9113036,0.9999908,0.979966,0,0.5531387329101562
TSBD_Healthy_e318b96772,1,0,2,0.7958386,0.013958706,0.058630988,0.028718933,1.2287828e-06,0.005571457,0,0.09081842750310898,0.18632832,0.08868501,3.011759e-05,0.026299514,0,0.3560428321361542,0.75504065,0.8825961,0.99996865,0.968129,0,0.5531387329101562
TSBD_Healthy_f874d1c34c,1,1,2,0.8459824,0.010216843,0.07802731,0.042929262,6.666391e-06,0.010056333,0,0.09081842750310898,0.106927805,0.04579684,2.593924e-06,0.0095716175,0,0.3560428321361542,0.8150449,0.9112738,0.9999907,0.980372,1,0.5531387329101562
TSBD_Healthy_a486752b98,1,0,2,0.79162663,0.017595822,0.060956836,0.036060993,3.1203742e-06,0.007448029,0,0.09081842750310898,0.16209917,0.056096926,5.1676006e-06,0.014153987,0,0.3560428321361542,0.776944,0.9078421,0.9999918,0.978398,0,0.5531387329101562
TSBD_Healthy_79eca515b7,1,0,2,0.8187688,0.013851017,0.068158336,0.040522072,5.239213e-06,0.0089782905,0,0.09081842750310898,0.1355508,0.05014224,3.5825813e-06,0.011649682,0,0.3560428321361542,0.7962909,0.9093357,0.9999912,0.979372,0,0.5531387329101562
TSBD_Healthy_28f91e3b3c,1,0,2,0.8371525,0.011271417,0.07208466,0.040613107,5.2605624e-06,0.009129294,0,0.09081842750310898,0.119987436,0.049584568,3.4138611e-06,0.010948096,0,0.3560428321361542,0.80792797,0.9098024,0.9999913,0.97992265,0,0.5531387329101562
TSBD_Healthy_b4c784db60,1,0,2,0.8400865,0.009850268,0.07013346,0.035137024,2.6008552e-06,0.007393361,0,0.09081842750310898,0.12827045,0.06416411,8.442858e-06,0.015155646,0,0.3560428321361542,0.8015961,0.90069884,0.9999889,0.97745097,0,0.5531387329101562
TSBD_Healthy_46afbf57c8,1,0,2,0.78601146,0.015579354,0.059032697,0.029984796,1.3368137e-06,0.005804571,0,0.09081842750310898,0.1912691,0.08544512,2.5151594e-05,0.025235752,0,0.3560428321361542,0.7496982,0.88457006,0.99997354,0.9689596,0,0.5531387329101562
TSBD_Healthy_5238685a4f,1,0,2,0.46009362,0.08050985,0.05482808,0.032511175,2.0867074e-06,0.0070719523,0,0.09081842750310898,0.39723244,0.07805117,2.0118863e-05,0.033001866,0,0.3560428321361542,0.5479395,0.8894376,0.9999777,0.9599262,0,0.5531387329101562
TSBD_Healthy_115a1b2ce7,1,0,2,0.79092515,0.018543446,0.06331893,0.045761712,8.850395e-06,0.010298068,0,0.09081842750310898,0.14974153,0.043201532,2.2138945e-06,0.010279601,0,0.3560428321361542,0.78693956,0.9110368,0.9999889,0.97942233,0,0.5531387329101562
TSBD_Healthy_2b0f2e29de,1,1,2,0.84504515,0.010397828,0.07926599,0.047005206,9.855504e-06,0.011383821,0,0.09081842750310898,0.10517086,0.042029563,2.0092968e-06,0.008695171,0,0.3560428321361542,0.8155632,0.91096514,0.9999881,0.97992104,1,0.5531387329101562
TSBD_Healthy_2cb9913a0d,0,0,2,0.3149282,0.13276601,0.061205145,0.0843752,0.00014137279,0.028807217,0,0.09081842750310898,0.5312018,0.07877933,4.1082818e-05,0.046474423,0,0.3560428321361542,0.4075931,0.8368454,0.99981755,0.9247183,0,0.5531387329101562
TSBD_Healthy_f7b6201d8c,1,0,2,0.82537293,0.0122568775,0.07080274,0.04143629,5.329055e-06,0.009238521,0,0.09081842750310898,0.13414562,0.054869067,4.9000055e-06,0.01289205,0,0.3560428321361542,0.7950517,0.9036946,0.99998975,0.97786945,0,0.5531387329101562
TSBD_Healthy_1cb0a1deed,1,0,2,0.78986526,0.017944623,0.062102385,0.04356739,7.1396666e-06,0.009626641,0,0.09081842750310898,0.15902157,0.050573867,3.8485323e-06,0.012643402,0,0.3560428321361542,0.778876,0.90585876,0.99998903,0.9777299,0,0.5531387329101562
TSBD_Healthy_e53d9705ff,1,0,2,0.80199814,0.016431035,0.06418725,0.040261183,5.156689e-06,0.008768687,0,0.09081842750310898,0.14838111,0.04976445,3.526107e-06,0.011986975,0,0.3560428321361542,0.7874316,0.9099744,0.9999913,0.97924435,0,0.5531387329101562
TSBD_Healthy_fea6d00053,1,0,2,0.81190544,0.015220433,0.06998043,0.04856743,1.1589301e-05,0.011509885,0,0.09081842750310898,0.13236819,0.04170334,1.9831589e-06,0.009437025,0,0.3560428321361542,0.79765135,0.90972924,0.9999864,0.9790531,0,0.5531387329101562
TSBD_Healthy_f69458ce94,1,0,2,0.8366075,0.011502419,0.07583086,0.04370681,7.1072645e-06,0.010191134,0,0.09081842750310898,0.11504329,0.04541113,2.5221423e-06,0.009751407,0,0.3560428321361542,0.80912584,0.91088206,0.99999034,0.9800575,0,0.5531387329101562
TSBD_Healthy_bb30558caa,1,0,2,0.7597738,0.021871697,0.05697893,0.033496868,2.2706267e-06,0.0066766087,0,0.09081842750310898,0.19110416,0.06313924,8.11529e-06,0.017499065,0,0.3560428321361542,0.7519169,0.9033639,0.9999896,0.9758243,0,0.5531387329101562
TSBD_Healthy_f8b382f850,1,0,2,0.7151146,0.02262598,0.056275204,0.03704191,3.2798305e-06,0.0077711386,0,0.09081842750310898,0.26813525,0.11180192,8.5252505e-05,0.04233103,0,0.3560428321361542,0.67558944,0.8511562,0.9999114,0.9498978,0,0.5531387329101562
TSBD_Healthy_4e764a8c1f,1,0,2,0.82303405,0.012672689,0.06453554,0.035988472,2.9600558e-06,0.0074654827,0,0.09081842750310898,0.1417475,0.058976535,6.174018e-06,0.014224737,0,0.3560428321361542,0.79371697,0.90503496,0.9999908,0.9783098,0,0.5531387329101562
TSBD_Healthy_63950b8869,1,1,2,0.8455945,0.0102790315,0.07971511,0.045637313,8.66617e-06,0.0109728,0,0.09081842750310898,0.10507457,0.04339285,2.219732e-06,0.008997901,0,0.3560428321361542,0.81521034,0.9109699,0.99998903,0.9800293,1,0.5531387329101562
TSBD_Healthy_ea2ac521c5,1,0,2,0.684045,0.009875128,0.05436927,0.024184376,1.8230318e-06,0.005310246,0,0.09081842750310898,0.26283866,0.38042763,0.040730327,0.23604165,0,0.3560428321361542,0.682792,0.595388,0.9592678,0.75864816,0,0.5531387329101562
TSBD_Healthy_1402c548f4,1,0,2,0.7870252,0.018359516,0.06131091,0.03707705,3.5936555e-06,0.0077784513,0,0.09081842750310898,0.16373257,0.054765705,4.9297264e-06,0.013928072,0,0.3560428321361542,0.77495646,0.9081573,0.99999154,0.97829354,0,0.5531387329101562
TSBD_Healthy_44b1d181ba,1,0,2,0.74825996,0.0037407116,0.053719945,0.023863226,1.0624298e-06,0.0049308087,0,0.09081842750310898,0.29880437,0.2747092,0.00587008,0.1512654,0,0.3560428321361542,0.6474757,0.7014276,0.9941288,0.84380376,0,0.5531387329101562
TSBD_Healthy_5031d03cd3,1,0,1,0.707112,0.028555432,0.066396296,0.047990926,4.5424954e-06,0.009682703,0,0.09081842750310898,0.70726126,0.8849825,0.9999527,0.96324164,0,0.3560428321361542,0.22634244,0.06702648,4.282227e-05,0.027075635,0,0.5531387329101562
TSBD_Healthy_584e036b15,1,0,2,0.8232655,0.011051079,0.06278419,0.032629818,2.112995e-06,0.0066607967,0,0.09081842750310898,0.15573101,0.07674267,1.7232618e-05,0.020466354,0,0.3560428321361542,0.7814848,0.89062756,0.99998057,0.97287285,0,0.5531387329101562
TSBD_Healthy_ceedc9841a,1,0,2,0.8337382,0.01181657,0.075534776,0.045089092,8.142297e-06,0.010616374,0,0.09081842750310898,0.11755989,0.045189157,2.5109944e-06,0.009805469,0,0.3560428321361542,0.8069054,0.90972173,0.9999894,0.97957814,0,0.5531387329101562
TSBD_Healthy_539b7c9614,1,0,2,0.46824527,0.0803874,0.05827727,0.045862686,9.014219e-06,0.011164905,0,0.09081842750310898,0.36894673,0.059434887,7.6262804e-06,0.023147628,0,0.3560428321361542,0.5727761,0.8947025,0.9999833,0.9656875,0,0.5531387329101562
TSBD_Healthy_9405a524b8,0,0,0,0.1341667,0.27825302,0.11452844,0.8209948,0.9866938,0.71259904,0,0.09081842750310898,0.77854973,0.15487848,0.013305093,0.27809024,0,0.3560428321361542,0.10692183,0.02412665,1.1851066e-06,0.009310745,0,0.5531387329101562
TSBD_Healthy_84b5bbabe5,1,0,1,0.3862196,0.10224095,0.055824198,0.06612071,1.3736392e-05,0.014638609,0,0.09081842750310898,0.5107436,0.8717099,0.99995744,0.95152533,0,0.3560428321361542,0.4334322,0.06216941,2.8827624e-05,0.033836026,0,0.5531387329101562
TSBD_Healthy_cd1699cbb8,0,0,0,0.22227634,0.16639148,0.112839945,0.6497595,0.6030451,0.42635822,0,0.09081842750310898,0.7813316,0.3255337,0.39695236,0.5656037,0,0.3560428321361542,0.10582847,0.024706844,2.5168486e-06,0.008038115,0,0.5531387329101562
TSBD_Healthy_3971c8d6d2,0,0,0,0.09251431,0.33608526,0.15908578,0.9199638,0.9999076,0.9222152,0,0.09081842750310898,0.7146535,0.05158572,9.135668e-05,0.06641899,0,0.3560428321361542,0.1262607,0.028450454,1.0622066e-06,0.011365753,0,0.5531387329101562
TSBD_Healthy_062f8eb68b,1,0,1,0.72609925,0.026723852,0.06825514,0.054306313,5.7535126e-06,0.010746653,0,0.09081842750310898,0.7322945,0.8921371,0.9999795,0.9704856,0,0.3560428321361542,0.19945036,0.0535566,1.47649935e-05,0.018767707,0,0.5531387329101562
TSBD_Healthy_64c2fd2799,1,0,2,0.7566865,0.009303624,0.052993458,0.023914129,7.338634e-07,0.0046173073,0,0.09081842750310898,0.2804604,0.19244662,0.0008926749,0.08754407,0,0.3560428321361542,0.66654617,0.78363925,0.9991066,0.9078386,0,0.5531387329101562
TSBD_Healthy_06ad797b28,1,0,1,0.5045705,0.06348831,0.055857178,0.03239481,1.80012e-06,0.0067611267,0,0.09081842750310898,0.5363593,0.85316676,0.9993747,0.9161944,0,0.3560428321361542,0.4077835,0.1144384,0.0006234965,0.07704451,0,0.5531387329101562
TSBD_Healthy_d37fadc7b5,1,0,2,0.8120027,0.015126025,0.0652377,0.041794002,5.8984874e-06,0.009181371,0,0.09081842750310898,0.13938111,0.047278665,2.9034304e-06,0.010985927,0,0.3560428321361542,0.7953812,0.91092736,0.9999913,0.9798327,0,0.5531387329101562
TSBD_Healthy_23703b21e8,1,0,2,0.7736783,0.01915985,0.06888177,0.07812598,9.057356e-05,0.021691712,0,0.09081842750310898,0.1578174,0.043268584,3.1080826e-06,0.011322171,0,0.3560428321361542,0.7733008,0.87860537,0.9999063,0.9669861,0,0.5531387329101562
TSBD_Healthy_e761f95881,0,0,2,0.49058703,0.056777857,0.06708298,0.030047342,1.8680415e-06,0.007367372,0,0.09081842750310898,0.46706203,0.18238644,0.0007975211,0.109846056,0,0.3560428321361542,0.46585503,0.7875663,0.99920064,0.8827866,0,0.5531387329101562
TSBD_Healthy_049d7b0b8e,1,0,2,0.67242515,0.027678631,0.055964403,0.02842184,1.2424243e-06,0.0057657,0,0.09081842750310898,0.31218645,0.13440904,0.00018584257,0.05764374,0,0.3560428321361542,0.63184917,0.8371691,0.999813,0.93659055,0,0.5531387329101562
TSBD_Healthy_d0a2ad85a2,1,0,2,0.82622707,0.01313183,0.06862337,0.043933213,7.4679633e-06,0.009978057,0,0.09081842750310898,0.12646101,0.044866495,2.510469e-06,0.010031929,0,0.3560428321361542,0.8049156,0.9112003,0.99999,0.97999,0,0.5531387329101562
TSBD_Healthy_427d279e02,1,0,2,0.8358152,0.011676566,0.07531972,0.045643076,8.783054e-06,0.010811259,0,0.09081842750310898,0.1149864,0.04352957,2.2186885e-06,0.009319847,0,0.3560428321361542,0.8096939,0.91082734,0.9999889,0.9798689,0,0.5531387329101562
TSBD_Healthy_194fe9c226,1,0,2,0.6834286,0.03336692,0.055462357,0.03244842,1.9714857e-06,0.0065042013,0,0.09081842750310898,0.24922757,0.072745025,1.3776576e-05,0.023347862,0,0.3560428321361542,0.69531006,0.8948065,0.99998415,0.9701479,0,0.5531387329101562
TSBD_Healthy_7fd586cd0c,1,0,2,0.76645905,0.019153388,0.060476255,0.039789375,4.5431507e-06,0.008511381,0,0.09081842750310898,0.19591121,0.07204712,1.4880231e-05,0.02126908,0,0.3560428321361542,0.7436125,0.88816357,0.99998057,0.9702195,0,0.5531387329101562
TSBD_Healthy_8a16be7271,1,0,1,0.6095638,0.02971856,0.05542771,0.027224632,1.9548095e-06,0.0059573376,0,0.09081842750310898,0.54001004,0.7701167,0.9868051,0.8221126,0,0.3560428321361542,0.40456226,0.20265862,0.01319299,0.17193004,0,0.5531387329101562
TSBD_Healthy_7497e074fb,1,0,2,0.77292573,0.019671328,0.057926904,0.03274803,1.9614813e-06,0.0064397124,0,0.09081842750310898,0.18365468,0.06490801,8.7333265e-06,0.01768802,0,0.3560428321361542,0.7584184,0.9023439,0.9999894,0.9758723,0,0.5531387329101562
TSBD_Healthy_0008f80a75,1,0,2,0.7846174,0.018950095,0.06659787,0.057723995,2.4718918e-05,0.014329592,0,0.09081842750310898,0.1505629,0.040888637,2.1401388e-06,0.0100073125,0,0.3560428321361542,0.7828392,0.90138745,0.9999732,0.97566307,0,0.5531387329101562
TSBD_Healthy_5ceaf1db7f,1,0,2,0.7895047,0.018745562,0.06336746,0.047119144,1.0169016e-05,0.010733743,0,0.09081842750310898,0.1501016,0.042599417,2.1387254e-06,0.010155489,0,0.3560428321361542,0.7865309,0.91028136,0.9999877,0.9791108,0,0.5531387329101562
TSBD_Healthy_e4fa44cd99,1,0,2,0.7999981,0.016912337,0.06606374,0.0471788,1.0087809e-05,0.010866876,0,0.09081842750310898,0.14392228,0.04387928,2.3879802e-06,0.010354754,0,0.3560428321361542,0.7900139,0.9089419,0.9999875,0.97877836,0,0.5531387329101562
TSBD_Healthy_441bde1a65,0,0,1,0.55367446,0.012992844,0.052125532,0.025582641,3.8563076e-06,0.005908162,0,0.09081842750310898,0.35014614,0.5033916,0.26850688,0.40908247,0,0.3560428321361542,0.59772825,0.47102576,0.7314893,0.5850094,0,0.5531387329101562
TSBD_Healthy_dbb2f8ca89,1,0,2,0.55355966,0.04050015,0.05176061,0.024046248,8.398787e-07,0.0050566946,0,0.09081842750310898,0.45150918,0.20728755,0.0013457452,0.12446184,0,0.3560428321361542,0.4967302,0.76866615,0.9986534,0.87048143,0,0.5531387329101562
TSBD_Healthy_9b317a63ad,1,0,1,0.6653504,0.028849915,0.057425868,0.02981901,1.5251745e-06,0.0060354616,0,0.09081842750310898,0.6273336,0.8372244,0.99861467,0.9101646,0,0.3560428321361542,0.3152406,0.13295658,0.0013837696,0.08379998,0,0.5531387329101562
TSBD_Healthy_d85abeff44,1,0,2,0.806,0.015815748,0.06470636,0.039486945,4.5481834e-06,0.008494877,0,0.09081842750310898,0.14591616,0.050394926,3.593585e-06,0.012021814,0,0.3560428321361542,0.7893775,0.91011816,0.9999919,0.9794833,0,0.5531387329101562
TSBD_Healthy_32490efb09,1,0,2,0.8233531,0.01135593,0.066806905,0.03333845,2.2488662e-06,0.006950207,0,0.09081842750310898,0.1493874,0.0729578,1.425114e-05,0.018956322,0,0.3560428321361542,0.78380567,0.89370376,0.99998343,0.9740935,0,0.5531387329101562
TSBD_Healthy_003e47f46b,1,0,2,0.7203232,0.027900541,0.055922896,0.032558095,2.00973e-06,0.0064676385,0,0.09081842750310898,0.21930638,0.066435665,9.8109695e-06,0.019749513,0,0.3560428321361542,0.7247707,0.90100616,0.9999882,0.97378284,0,0.5531387329101562
TSBD_Healthy_db7fb385bc,1,0,2,0.76194406,0.020370556,0.074260235,0.13008265,0.0009932632,0.044835113,0,0.09081842750310898,0.13147904,0.03205091,1.6636504e-06,0.00811862,0,0.3560428321361542,0.7942607,0.8378664,0.99900514,0.9470463,0,0.5531387329101562
TSBD_Healthy_e07653b53b,1,0,2,0.78920877,0.018761894,0.0641552,0.047627386,1.049927e-05,0.010904763,0,0.09081842750310898,0.14969158,0.04238033,2.041463e-06,0.010031113,0,0.3560428321361542,0.78615314,0.9099923,0.9999875,0.9790641,0,0.5531387329101562
TSBD_Healthy_372dafd03c,1,0,2,0.743192,0.02107749,0.05433696,0.028002812,1.0791248e-06,0.0053182547,0,0.09081842750310898,0.23198852,0.09520302,4.0253442e-05,0.031615324,0,0.3560428321361542,0.7136744,0.87679416,0.99995863,0.96306646,0,0.5531387329101562
TSBD_Healthy_8a4d12c896,1,0,2,0.509132,0.06841934,0.055418793,0.034698214,2.5954682e-06,0.007494748,0,0.09081842750310898,0.36191657,0.0753562,1.6201298e-05,0.029554393,0,0.3560428321361542,0.58266467,0.88994557,0.99998116,0.9629508,0,0.5531387329101562
TSBD_Healthy_ddf26df6fc,1,0,2,0.45524296,0.0854326,0.05469069,0.038725678,4.308067e-06,0.008714503,0,0.09081842750310898,0.37078574,0.05453184,4.993448e-06,0.02045892,0,0.3560428321361542,0.57452357,0.90674245,0.9999907,0.97082657,0,0.5531387329101562
TSBD_Healthy_f43e3f4c5b,1,0,2,0.7743052,0.020899843,0.06895845,0.056450743,2.2149217e-05,0.0140620535,0,0.09081842750310898,0.15211451,0.038267557,1.562354e-06,0.009162412,0,0.3560428321361542,0.778927,0.9052818,0.9999763,0.9767755,0,0.5531387329101562
TSBD_Healthy_b5fbb9ed8e,1,0,2,0.5346722,0.04939515,0.05571025,0.025470123,8.498617e-07,0.005368833,0,0.09081842750310898,0.4339467,0.16979459,0.00048625012,0.09207876,0,0.3560428321361542,0.5103431,0.8047353,0.9995129,0.90255237,0,0.5531387329101562
TSBD_Healthy_eb36a09ca4,1,0,2,0.74825037,0.024888374,0.060616143,0.041414235,5.53058e-06,0.008941226,0,0.09081842750310898,0.18195954,0.048708178,3.1519087e-06,0.012628345,0,0.3560428321361542,0.75742435,0.90987754,0.9999914,0.97843045,0,0.5531387329101562
TSBD_Healthy_6b4a97bd93,1,0,2,0.8241978,0.013383414,0.06732802,0.042219166,6.025371e-06,0.009336344,0,0.09081842750310898,0.12970288,0.04651265,2.7138722e-06,0.010458982,0,0.3560428321361542,0.80296904,0.9112682,0.9999912,0.98020464,0,0.5531387329101562
TSBD_Healthy_ba33e2e4e1,1,0,2,0.7707354,0.020736307,0.06056269,0.038793538,4.149399e-06,0.008174115,0,0.09081842750310898,0.17478897,0.0546993,4.797183e-06,0.014233088,0,0.3560428321361542,0.7646483,0.9065072,0.99999106,0.9775928,0,0.5531387329101562
TSBD_Healthy_c2d1e8a97b,1,0,2,0.7040075,0.027883137,0.0538048,0.028227868,1.1039427e-06,0.0053938045,0,0.09081842750310898,0.25436264,0.090854526,3.2540247e-05,0.030928737,0,0.3560428321361542,0.69183254,0.88091755,0.9999664,0.96367747,0,0.5531387329101562
TSBD_Healthy_acaf94d2e8,1,0,2,0.45805255,0.077269,0.05468535,0.029325051,1.3259305e-06,0.006256892,0,0.09081842750310898,0.4260849,0.102593645,5.4182598e-05,0.047363326,0,0.3560428321361542,0.51922977,0.8680814,0.99994445,0.9463798,0,0.5531387329101562
TSBD_Healthy_4c1057862a,1,0,2,0.8073643,0.01582853,0.06590995,0.04320148,6.6597877e-06,0.009591504,0,0.09081842750310898,0.14099325,0.04610707,2.7076892e-06,0.010765204,0,0.3560428321361542,0.7930969,0.9106914,0.9999906,0.9796432,0,0.5531387329101562
TSBD_Healthy_d28eee88b2,1,0,2,0.8106487,0.01538158,0.06593526,0.043162517,6.645577e-06,0.009575454,0,0.09081842750310898,0.13866182,0.0458391,2.6187051e-06,0.010593079,0,0.3560428321361542,0.79540294,0.9109984,0.9999907,0.97983146,0,0.5531387329101562
TSBD_Healthy_9f799d79c9,1,0,2,0.607333,0.036189545,0.052749023,0.028325947,1.2775083e-06,0.005826957,0,0.09081842750310898,0.37909424,0.15824878,0.000382423,0.07882873,0,0.3560428321361542,0.5681567,0.81342524,0.99961627,0.9153443,0,0.5531387329101562
TSBD_Healthy_0797e50b91,1,0,2,0.81729347,0.013455015,0.06321823,0.035403945,2.7938408e-06,0.007284311,0,0.09081842750310898,0.14710744,0.059783068,6.6036464e-06,0.014718686,0,0.3560428321361542,0.78967434,0.904813,0.9999907,0.977997,0,0.5531387329101562
TSBD_Healthy_35d58d516e,1,0,2,0.6842418,0.034869403,0.053946372,0.035148457,2.7736908e-06,0.0070926948,0,0.09081842750310898,0.23529373,0.059574116,6.5761574e-06,0.017897366,0,0.3560428321361542,0.7107598,0.9052774,0.9999907,0.9750099,0,0.5531387329101562
TSBD_Healthy_3369d16a81,1,0,1,0.38124168,0.1066566,0.057594944,0.09370114,3.8418642e-05,0.021122307,0,0.09081842750310898,0.54037994,0.86562085,0.9999578,0.9608416,0,0.3560428321361542,0.40202513,0.040677976,3.8031849e-06,0.01803612,0,0.5531387329101562
TSBD_Healthy_f12cfc128f,0,0,0,0.07170331,0.37500906,0.09550058,0.9007492,0.9996201,0.8681013,0,0.09081842750310898,0.7403991,0.07212012,0.00037886336,0.1180768,0,0.3560428321361542,0.16410026,0.027130717,1.0494356e-06,0.013821863,0,0.5531387329101562
TSBD_Healthy_8cb3c49027,0,0,0,0.1295884,0.28313667,0.102142185,0.812259,0.9989427,0.7890348,0,0.09081842750310898,0.12560932,0.027016973,3.4229563e-06,0.014803969,0,0.3560428321361542,0.7722485,0.160724,0.0010538788,0.19616118,0,0.5531387329101562
TSBD_Healthy_0d4d34f349,0,0,0,0.16075361,0.21625087,0.060330678,0.57616925,0.826987,0.4315459,0,0.09081842750310898,0.28085265,0.2911201,0.16952105,0.3960373,0,0.3560428321361542,0.65881664,0.13271071,0.0034919188,0.17241676,0,0.5531387329101562
TSBD_Healthy_aac43b5b94,0,0,0,0.0531253,0.40673545,0.07956406,0.9129522,0.9998511,0.89134794,0,0.09081842750310898,0.5602473,0.058099654,0.00014767401,0.087554716,0,0.3560428321361542,0.36018866,0.028948179,1.246035e-06,0.021097388,0,0.5531387329101562
TSBD_Healthy_713f0a2197,0,0,0,0.10210343,0.3230697,0.10438755,0.8593925,0.9997707,0.85526234,0,0.09081842750310898,0.10278884,0.02452633,2.3384841e-06,0.012838333,0,0.3560428321361542,0.7928236,0.11608108,0.00022694089,0.1318994,0,0.5531387329101562
TSBD_Healthy_ac26bcc532,0,0,0,0.06551337,0.3649477,0.12592773,0.92027235,0.9999316,0.9237244,0,0.09081842750310898,0.42221782,0.04871884,6.6954024e-05,0.054992095,0,0.3560428321361542,0.45185444,0.031008838,1.4269432e-06,0.021283483,0,0.5531387329101562
TSBD_Healthy_46f4698e93,1,0,2,0.6514824,0.013712894,0.054586362,0.027239302,1.8094195e-06,0.006057383,0,0.09081842750310898,0.41422015,0.2829426,0.007271836,0.18560226,0,0.3560428321361542,0.53119344,0.68981814,0.9927263,0.8083403,0,0.5531387329101562
TSBD_Healthy_ffc31af5e9,0,0,0,0.08852079,0.3323373,0.062777035,0.81553453,0.9991033,0.7695642,0,0.09081842750310898,0.28148848,0.03335282,7.834475e-06,0.029408053,0,0.3560428321361542,0.6557345,0.15111265,0.0008889187,0.20102775,0,0.5531387329101562
TSBD_Healthy_ffc39b3360,0,0,1,0.36499268,0.11154747,0.05430241,0.033239808,1.9788306e-06,0.007419375,0,0.09081842750310898,0.411836,0.8485135,0.99920374,0.89563984,0,0.3560428321361542,0.5338616,0.11824673,0.0007943174,0.09694079,0,0.5531387329101562
TSBD_Healthy_13e3dd820d,0,0,1,0.18314722,0.2262656,0.08001778,0.061420567,1.02743e-05,0.01845749,0,0.09081842750310898,0.2750059,0.87940764,0.9999653,0.9367377,0,0.3560428321361542,0.64497626,0.05917183,2.4424962e-05,0.044804804,0,0.5531387329101562
TSBD_Healthy_0e7dca224f,0,0,0,0.2730613,0.118787736,0.14795081,0.5972963,0.5534009,0.4284351,0,0.09081842750310898,0.6627168,0.3547639,0.44655406,0.5487353,0,0.3560428321361542,0.1893324,0.047939777,4.5032677e-05,0.022829583,0,0.5531387329101562
TSBD_Healthy_e30ffbbca2,1,0,2,0.82559806,0.012395754,0.072177134,0.04466407,7.5899256e-06,0.010311685,0,0.09081842750310898,0.13060296,0.05085164,3.926846e-06,0.011792081,0,0.3560428321361542,0.79721993,0.9044843,0.99998844,0.9778962,0,0.5531387329101562
TSBD_Healthy_33ee2c0488,0,0,1,0.26502052,0.15728463,0.05781035,0.14799769,0.0003733514,0.045216348,0,0.09081842750310898,0.39712137,0.79381347,0.99959964,0.9162563,0,0.3560428321361542,0.54506826,0.058188837,2.7001632e-05,0.038527336,0,0.5531387329101562
TSBD_Healthy_cf66e36f26,1,0,2,0.7995034,0.017004058,0.06659741,0.048298698,1.116557e-05,0.011238599,0,0.09081842750310898,0.143175,0.04302342,2.1774015e-06,0.010056884,0,0.3560428321361542,0.7902276,0.9086779,0.99998665,0.97870445,0,0.5531387329101562
TSBD_Healthy_198c19a2fa,1,1,2,0.84298325,0.010556277,0.078237966,0.043675754,6.945109e-06,0.010239517,0,0.09081842750310898,0.109200574,0.045791946,2.601901e-06,0.009658982,0,0.3560428321361542,0.81256145,0.91053224,0.99999046,0.9801015,1,0.5531387329101562
TSBD_Healthy_0f0af1a35d,0,0,2,0.45310622,0.07270896,0.054863784,0.02841745,1.5086781e-06,0.0065007373,0,0.09081842750310898,0.48872644,0.15641439,0.0003921436,0.091551766,0,0.3560428321361542,0.4564098,0.8151681,0.9996063,0.90194756,0,0.5531387329101562
TSBD_Healthy_24a755565d,1,0,2,0.76756984,0.01849195,0.062348884,0.04281453,6.3947914e-06,0.009537763,0,0.09081842750310898,0.19660424,0.073827006,1.6438938e-05,0.022004139,0,0.3560428321361542,0.7410469,0.8833585,0.9999771,0.9684581,0,0.5531387329101562
TSBD_Healthy_00488f3c0b,0,0,0,0.06704096,0.38048255,0.06925043,0.87759465,0.998343,0.79946226,0,0.09081842750310898,0.6938668,0.097872116,0.001656127,0.18551275,0,0.3560428321361542,0.23688279,0.024533214,8.5139567e-07,0.015024996,0,0.5531387329101562
TSBD_Healthy_7f10feedf0,1,1,0,0.83719057,0.013362539,0.8243335,0.92991614,0.99998116,0.98130333,1,0.09081842750310898,0.08260881,0.035276502,1.6960139e-05,0.011183631,0,0.3560428321361542,0.09305769,0.034807414,1.9415259e-06,0.007513001,0,0.5531387329101562
TSBD_Healthy_083843a5b2,1,1,0,0.76382273,0.024640126,0.7845888,0.9297491,0.99997973,0.97902024,1,0.09081842750310898,0.1526424,0.03589101,1.8416844e-05,0.014420389,0,0.3560428321361542,0.06276869,0.03435985,1.8733441e-06,0.0065593496,0,0.5531387329101562
TSBD_Healthy_846b819a49,1,0,1,0.72030795,0.02830098,0.06932952,0.06074292,7.709956e-06,0.012047359,0,0.09081842750310898,0.73698384,0.89314556,0.99998534,0.9729965,0,0.3560428321361542,0.19368665,0.04611151,7.0011265e-06,0.014956157,0,0.5531387329101562
TSBD_Healthy_ef882f9638,1,0,2,0.8324251,0.010839894,0.07919708,0.07887169,9.7138036e-05,0.022805132,0,0.09081842750310898,0.11113815,0.036160838,1.6570319e-06,0.008007878,0,0.3560428321361542,0.8096648,0.88496745,0.9999012,0.96918696,0,0.5531387329101562
TSBD_Healthy_f510479194,1,0,2,0.66126335,0.010777928,0.05977816,0.049953222,3.7717215e-05,0.013816951,0,0.09081842750310898,0.25359502,0.39037707,0.06652147,0.2577332,0,0.3560428321361542,0.6866268,0.5596697,0.93344074,0.7284499,0,0.5531387329101562
TSBD_Healthy_78ac2c01e9,0,0,0,0.055080883,0.4055535,0.06288301,0.87061954,0.99831593,0.8215534,0,0.09081842750310898,0.29664668,0.099840626,0.0016819459,0.14876722,0,0.3560428321361542,0.64047027,0.02953986,2.1409976e-06,0.02967935,0,0.5531387329101562
TSBD_Healthy_aa968b53a4,0,0,0,0.073543355,0.36933246,0.11741517,0.915778,0.9999826,0.92902213,0,0.09081842750310898,0.1814062,0.029378727,6.035585e-06,0.020802017,0,0.3560428321361542,0.7011786,0.054843258,1.1354181e-05,0.050175883,0,0.5531387329101562
TSBD_Healthy_d6be26c310,0,0,1,0.25726905,0.16756168,0.061313387,0.055337608,6.154244e-06,0.012935084,0,0.09081842750310898,0.39388856,0.89198613,0.9999796,0.95492864,0,0.3560428321361542,0.5447981,0.052676216,1.4232315e-05,0.032136235,0,0.5531387329101562
TSBD_Healthy_8d0baa1858,0,0,1,0.157162,0.22820337,0.057576485,0.35579327,0.046662603,0.19279024,0,0.09081842750310898,0.23905075,0.55586445,0.952878,0.7090574,0,0.3560428321361542,0.7033728,0.0883423,0.00045942952,0.09815243,0,0.5531387329101562
TSBD_Healthy_9a86700e7b,1,0,2,0.83791035,0.010969473,0.07664778,0.04679215,9.084547e-06,0.011094015,0,0.09081842750310898,0.115650415,0.046167906,2.7028918e-06,0.0099929925,0,0.3560428321361542,0.8077018,0.90704,0.9999882,0.97891295,0,0.5531387329101562
TSBD_Healthy_8de20870d1,1,0,2,0.6852216,0.024711315,0.05407137,0.027741224,1.090059e-06,0.0054776277,0,0.09081842750310898,0.3105259,0.14205295,0.00023362559,0.06161668,0,0.3560428321361542,0.63540274,0.8302058,0.99976534,0.9329057,0,0.5531387329101562
TSBD_Healthy_2125dc16c6,1,0,1,0.60830766,0.048759356,0.072793156,0.06876818,1.1705491e-05,0.014536334,0,0.09081842750310898,0.67250633,0.88756335,0.9999827,0.9696229,0,0.3560428321361542,0.25470048,0.043668456,5.582665e-06,0.015840732,0,0.5531387329101562
TSBD_Healthy_f1a3293d1d,1,0,1,0.6039131,0.049603496,0.066953585,0.056705553,6.183509e-06,0.011397006,0,0.09081842750310898,0.66500264,0.8932187,0.99998283,0.96896744,0,0.3560428321361542,0.2680438,0.050075743,1.0958185e-05,0.01963557,0,0.5531387329101562
TSBD_Healthy_db02ad0e48,1,0,1,0.71158344,0.029684411,0.07272408,0.062720865,8.510725e-06,0.012712982,0,0.09081842750310898,0.73121357,0.8922266,0.9999851,0.9726559,0,0.3560428321361542,0.19606236,0.045052532,6.3778134e-06,0.014631108,0,0.5531387329101562
TSBD_Healthy_6e62793bdf,1,0,1,0.38899338,0.10466683,0.060989365,0.064997256,9.782228e-06,0.013832099,0,0.09081842750310898,0.5362814,0.8903593,0.999984,0.96549326,0,0.3560428321361542,0.40272927,0.0446435,6.246914e-06,0.020674622,0,0.5531387329101562
TSBD_Healthy_097e8db62c,0,0,1,0.33996117,0.12439208,0.056018334,0.03950003,3.7744626e-06,0.009439578,0,0.09081842750310898,0.38349774,0.84430796,0.99926275,0.89202225,0,0.3560428321361542,0.56048393,0.11619209,0.0007335059,0.09853818,0,0.5531387329101562
TSBD_Healthy_9a88507804,1,0,2,0.599603,0.009499436,0.057444762,0.029413506,5.259489e-06,0.007064732,0,0.09081842750310898,0.3363445,0.46276942,0.15321301,0.35413665,0,0.3560428321361542,0.6062107,0.5078171,0.8467818,0.6387986,0,0.5531387329101562
TSBD_Healthy_d3268932b8,1,0,1,0.76888263,0.019755919,0.082792245,0.059680786,7.3701663e-06,0.012492395,0,0.09081842750310898,0.75639206,0.8921501,0.9999839,0.9727144,0,0.3560428321361542,0.1608157,0.048169166,8.696685e-06,0.014793128,0,0.5531387329101562
TSBD_Healthy_7ef69613b9,1,0,2,0.8369158,0.010657561,0.07125532,0.037485853,3.805096e-06,0.008248488,0,0.09081842750310898,0.12650315,0.058209024,6.221748e-06,0.013562468,0,0.3560428321361542,0.8022415,0.9043051,0.99999,0.97818905,0,0.5531387329101562
TSBD_Healthy_ddc759b323,1,0,2,0.5730058,0.016080987,0.05439174,0.030561624,6.6947773e-06,0.0073638055,0,0.09081842750310898,0.30323288,0.4750254,0.18289195,0.35626435,0,0.3560428321361542,0.6423754,0.49441302,0.8171013,0.6363719,0,0.5531387329101562
TSBD_Healthy_cb4b1d8b67,1,0,2,0.79111236,0.01727399,0.06326493,0.044484563,7.599457e-06,0.0099238,0,0.09081842750310898,0.16115713,0.053665224,4.939674e-06,0.013742281,0,0.3560428321361542,0.77557796,0.90185016,0.9999875,0.976334,0,0.5531387329101562
TSBD_Healthy_886fdcfd30,0,0,0,0.094964996,0.33322716,0.17826407,0.9267331,0.99996746,0.94110954,0,0.09081842750310898,0.72464323,0.04037319,3.086625e-05,0.047024395,0,0.3560428321361542,0.09709272,0.032893803,1.6875534e-06,0.011866131,0,0.5531387329101562
TSBD_Healthy_784f1bc940,1,0,2,0.7981639,0.015883403,0.06412469,0.03718246,3.4540494e-06,0.007859893,0,0.09081842750310898,0.16110365,0.061103743,7.240927e-06,0.015733173,0,0.3560428321361542,0.77477163,0.9017138,0.9999893,0.976407,0,0.5531387329101562
TSBD_Healthy_ba996de886,1,0,2,0.81729615,0.014400733,0.06705329,0.042974528,6.501056e-06,0.009556062,0,0.09081842750310898,0.13379623,0.045860756,2.609312e-06,0.010439967,0,0.3560428321361542,0.7991505,0.91116464,0.9999908,0.980004,0,0.5531387329101562
TSBD_Healthy_619dcca295,1,0,2,0.7571311,0.005560424,0.060259633,0.0533923,2.9451607e-05,0.013994184,0,0.09081842750310898,0.19676635,0.28686818,0.01035986,0.14576782,0,0.3560428321361542,0.74297404,0.6597395,0.9896107,0.84023803,0,0.5531387329101562
TSBD_Healthy_e5fac835da,1,0,1,0.755953,0.022157112,0.07672679,0.060299665,7.4992863e-06,0.012281644,0,0.09081842750310898,0.7533632,0.8931835,0.9999851,0.97331405,0,0.3560428321361542,0.16991003,0.04651687,7.422499e-06,0.01440426,0,0.5531387329101562
TSBD_Healthy_7b8508b66d,1,0,2,0.7611303,0.021086164,0.062446866,0.03664649,3.124254e-06,0.0076714493,0,0.09081842750310898,0.189401,0.06479912,9.008477e-06,0.018067788,0,0.3560428321361542,0.7481521,0.8985544,0.99998784,0.97426075,0,0.5531387329101562
TSBD_Healthy_1bf9b6920f,1,0,2,0.4311925,0.08952592,0.061266985,0.04690395,9.221705e-06,0.011751612,0,0.09081842750310898,0.3985348,0.063728996,1.0274534e-05,0.026547818,0,0.3560428321361542,0.54019827,0.88936704,0.99998057,0.9617006,0,0.5531387329101562
TSBD_Healthy_c2dd44b1c5,0,0,0,0.05972521,0.39871886,0.06688826,0.8558854,0.99778557,0.8186337,0,0.09081842750310898,0.2082618,0.10771989,0.0022090557,0.14115964,0,0.3560428321361542,0.72484994,0.03639475,5.3654467e-06,0.040206656,0,0.5531387329101562
TSBD_Healthy_6941b60386,0,0,0,0.108428344,0.28900018,0.064225234,0.6273207,0.86696815,0.5224056,0,0.09081842750310898,0.17691886,0.28199196,0.13244428,0.35692257,0,0.3560428321361542,0.75885594,0.09068738,0.0005875844,0.12067181,0,0.5531387329101562
TSBD_Healthy_905510a905,1,0,2,0.5898269,0.041363746,0.0548011,0.042064857,6.9194043e-06,0.009908384,0,0.09081842750310898,0.37488958,0.13483186,0.00024687382,0.06705278,0,0.3560428321361542,0.5703092,0.8231033,0.99974626,0.92303884,0,0.5531387329101562
TSBD_Healthy_9731a208b9,0,0,1,0.2547971,0.16834849,0.066479295,0.060184963,8.02461e-06,0.014590719,0,0.09081842750310898,0.3951751,0.89081275,0.99998224,0.9566669,0,0.3560428321361542,0.5383456,0.04900227,9.724327e-06,0.028742379,0,0.5531387329101562
TSBD_Healthy_0dca3c0bc2,0,0,0,0.09871448,0.31407332,0.06796331,0.797074,0.97656703,0.64152133,0,0.09081842750310898,0.6606142,0.1769119,0.023431225,0.34255606,0,0.3560428321361542,0.2714225,0.026014112,1.8008484e-06,0.015922664,0,0.5531387329101562
TSBD_Healthy_12ac808983,1,0,1,0.6257466,0.044811383,0.07778705,0.077796176,1.9113044e-05,0.017302189,0,0.09081842750310898,0.6820243,0.8803036,0.99997663,0.9682755,0,0.3560428321361542,0.24018863,0.04190016,4.3031487e-06,0.014422287,0,0.5531387329101562
TSBD_Healthy_511fba2ceb,1,0,2,0.79633033,0.0027203336,0.059816062,0.029630797,1.957121e-06,0.006322069,0,0.09081842750310898,0.2194629,0.22883762,0.0022717253,0.10254155,0,0.3560428321361542,0.72072107,0.74153155,0.9977264,0.89113635,0,0.5531387329101562
TSBD_Healthy_549679688a,1,0,2,0.62224394,0.045065016,0.055363104,0.035364706,2.7201265e-06,0.0073213377,0,0.09081842750310898,0.28261596,0.06835046,1.1082298e-05,0.023076357,0,0.3560428321361542,0.6620209,0.8962849,0.9999862,0.9696023,0,0.5531387329101562
TSBD_Healthy_708f7d8e32,1,0,2,0.7946823,0.017250588,0.062882565,0.03892759,4.166563e-06,0.00824538,0,0.09081842750310898,0.15674713,0.053000346,4.3231053e-06,0.013138868,0,0.3560428321361542,0.78037024,0.90807205,0.99999154,0.9786157,0,0.5531387329101562
TSBD_Healthy_30a7ad7ba3,0,0,1,0.43873757,0.08024767,0.054001108,0.030912919,2.4876072e-06,0.0071509928,0,0.09081842750310898,0.41640303,0.7981283,0.994534,0.83289975,0,0.3560428321361542,0.52959585,0.1709588,0.0054635033,0.15994927,0,0.5531387329101562
TSBD_Healthy_dad4aa07c4,1,0,2,0.6064013,0.042254146,0.057199463,0.119679764,0.0005700171,0.03780159,0,0.09081842750310898,0.29391676,0.07974476,6.0403676e-05,0.03564455,0,0.3560428321361542,0.64888376,0.8005755,0.99936956,0.92655385,0,0.5531387329101562
TSBD_Healthy_8eff6e388b,1,0,2,0.7681063,0.006922217,0.05507254,0.026994558,1.2286305e-06,0.0054591484,0,0.09081842750310898,0.27129376,0.19950719,0.001134802,0.091940805,0,0.3560428321361542,0.6736337,0.7734982,0.99886405,0.9026,0,0.5531387329101562
TSBD_Healthy_fec7f36a5c,0,0,2,0.5649437,0.002195423,0.058200754,0.03234055,8.3109935e-06,0.008095227,0,0.09081842750310898,0.4914824,0.48349494,0.20824973,0.43742958,0,0.3560428321361542,0.45031688,0.4841645,0.791742,0.5544751,0,0.5531387329101562
TSBD_Healthy_1cf19a1878,1,0,2,0.57845086,0.043281235,0.05565045,0.027405178,9.878909e-07,0.005606709,0,0.09081842750310898,0.38679585,0.14740361,0.00024287573,0.07085193,0,0.3560428321361542,0.5575537,0.8251912,0.99975616,0.9235413,0,0.5531387329101562
TSBD_Healthy_0fbc0f2310,1,0,2,0.7202829,0.0049140863,0.05937877,0.056040797,4.1513773e-05,0.015113902,0,0.09081842750310898,0.24532361,0.3348281,0.026514264,0.20202953,0,0.3560428321361542,0.6952976,0.6091311,0.9734442,0.7828565,0,0.5531387329101562
TSBD_Healthy_24a6f36a78,1,0,1,0.6631691,0.029391248,0.06053988,0.035731737,2.9524872e-06,0.007632883,0,0.09081842750310898,0.62749416,0.83765477,0.9988199,0.9130657,0,0.3560428321361542,0.31196597,0.12661356,0.0011771359,0.07930141,0,0.5531387329101562
TSBD_Healthy_7bca399e6d,1,0,2,0.73825943,0.00021182289,0.056227855,0.047135394,1.8721066e-05,0.011924647,0,0.09081842750310898,0.3067677,0.30860287,0.015376617,0.19251992,0,0.3560428321361542,0.63700444,0.6442617,0.9846048,0.7955554,0,0.5531387329101562
TSBD_Healthy_06733b9af0,1,0,2,0.7269808,0.025730401,0.05585205,0.031504214,1.7371573e-06,0.0062052743,0,0.09081842750310898,0.22438715,0.07543737,1.6093903e-05,0.023343127,0,0.3560428321361542,0.7197608,0.89305836,0.9999821,0.9704516,0,0.5531387329101562
TSBD_Healthy_2e5b036845,1,0,1,0.707007,0.030395458,0.0689228,0.05581605,5.886206e-06,0.011005731,0,0.09081842750310898,0.7255026,0.89464486,0.999984,0.9719593,0,0.3560428321361542,0.20557457,0.049539097,1.0103169e-05,0.017034935,0,0.5531387329101562
TSBD_Healthy_363f51fde7,1,1,1,0.80912817,0.013508007,0.09659629,0.0634765,8.971983e-06,0.013978371,0,0.09081842750310898,0.77834827,0.8916898,0.9999846,0.9738066,1,0.3560428321361542,0.12505543,0.04483377,6.361992e-06,0.012215008,0,0.5531387329101562
TSBD_Healthy_c6ac85b839,1,0,1,0.72709966,0.026914649,0.07329162,0.058935523,7.1301015e-06,0.011921831,0,0.09081842750310898,0.7370354,0.8934657,0.9999845,0.9725003,0,0.3560428321361542,0.18967298,0.047598835,8.317796e-06,0.015577832,0,0.5531387329101562
TSBD_Healthy_ddbacc20a2,1,0,1,0.5558921,0.05761331,0.062120616,0.051098138,5.5756227e-06,0.010585093,0,0.09081842750310898,0.61638075,0.882201,0.99994886,0.9571267,0,0.3560428321361542,0.32149857,0.06670078,4.5525725e-05,0.032288224,0,0.5531387329101562
TSBD_Healthy_8643328d51,1,0,2,0.6526777,0.039418288,0.057419673,0.034614682,2.602472e-06,0.007210452,0,0.09081842750310898,0.2614117,0.0674802,1.0726381e-05,0.02197003,0,0.3560428321361542,0.6811686,0.89790505,0.99998665,0.9708196,0,0.5531387329101562
TSBD_Healthy_006fc27c69,1,0,2,0.6985981,0.0029819235,0.05693422,0.027033549,2.3037205e-06,0.0061371597,0,0.09081842750310898,0.35192427,0.3468383,0.022246836,0.22935729,0,0.3560428321361542,0.5911415,0.6261282,0.9777508,0.76450557,0,0.5531387329101562
TSBD_Healthy_33406626c7,0,0,1,0.4025265,0.07792202,0.05914308,0.04154511,2.6533498e-05,0.012184459,0,0.09081842750310898,0.22305143,0.6044595,0.7142189,0.49758863,0,0.3560428321361542,0.71780545,0.35399535,0.28575453,0.49022684,0,0.5531387329101562
TSBD_Healthy_b06da16348,1,0,2,0.8002514,0.016874423,0.0689174,0.047196392,9.7595575e-06,0.010958336,0,0.09081842750310898,0.14142868,0.04327317,2.2495585e-06,0.010106255,0,0.3560428321361542,0.78965396,0.9095304,0.99998796,0.97893536,0,0.5531387329101562
TSBD_Healthy_06f251fee4,1,0,2,0.7528373,0.009482615,0.058640875,0.03086525,1.9657386e-06,0.0065583964,0,0.09081842750310898,0.2810827,0.18729456,0.000862313,0.08626253,0,0.3560428321361542,0.6602765,0.7818402,0.9991357,0.9071791,0,0.5531387329101562
TSBD_Healthy_4ac4f94767,1,0,2,0.82798433,0.012386351,0.076343365,0.06381667,3.7264537e-05,0.01688808,0,0.09081842750310898,0.11553654,0.03628434,1.3753768e-06,0.007827814,0,0.3560428321361542,0.80812013,0.89989907,0.99996126,0.9752841,0,0.5531387329101562
TSBD_Healthy_e7cd92f08f,1,0,2,0.8228615,0.011013132,0.062247865,0.03431496,2.2760435e-06,0.006901012,0,0.09081842750310898,0.15710662,0.0760881,1.6201551e-05,0.020217963,0,0.3560428321361542,0.7806455,0.88959694,0.9999815,0.972881,0,0.5531387329101562
TSBD_Healthy_1597a65755,0,0,2,0.22214876,0.1976232,0.061177295,0.030815182,1.6079084e-06,0.00835023,0,0.09081842750310898,0.65287834,0.094901584,4.3397285e-05,0.061327085,0,0.3560428321361542,0.2859444,0.8742832,0.99995506,0.9303227,0,0.5531387329101562
TSBD_Healthy_a8ea0e137d,1,0,2,0.5772701,0.049892586,0.058178212,0.0299981,1.4604022e-06,0.0062966137,0,0.09081842750310898,0.342115,0.09987488,5.1648592e-05,0.04103757,0,0.3560428321361542,0.59970677,0.87012696,0.99994695,0.9526658,0,0.5531387329101562
TSBD_Healthy_fafc24f635,0,0,1,0.5291363,0.04208023,0.05441976,0.036879923,1.1602024e-05,0.009518538,0,0.09081842750310898,0.3949623,0.6808636,0.91684616,0.6748758,0,0.3560428321361542,0.550618,0.28225645,0.083142206,0.3156056,0,0.5531387329101562
TSBD_Healthy_7c877797f5,1,0,2,0.78697056,0.017639063,0.066586286,0.03848154,3.9197007e-06,0.008315,0,0.09081842750310898,0.1649349,0.058993697,6.6121706e-06,0.015369306,0,0.3560428321361542,0.76847875,0.9025247,0.9999895,0.9763157,0,0.5531387329101562
TSBD_Healthy_d249c82c7a,1,0,1,0.43982312,0.088860005,0.06629705,0.076004595,1.7377632e-05,0.016834661,0,0.09081842750310898,0.5710699,0.8810142,0.99997747,0.9646884,0,0.3560428321361542,0.36263305,0.042981125,5.101258e-06,0.01847691,0,0.5531387329101562
TSBD_Healthy_1dafd9bcec,1,0,2,0.7990226,0.009290941,0.05784225,0.027419442,1.0643745e-06,0.0053434176,0,0.09081842750310898,0.21120088,0.13204628,0.00016007957,0.04648637,0,0.3560428321361542,0.73095685,0.8405343,0.9998388,0.9481702,0,0.5531387329101562
TSBD_Healthy_727f8ba7d1,1,0,2,0.611843,0.046352237,0.05713719,0.034976512,2.7492385e-06,0.00742546,0,0.09081842750310898,0.29373047,0.073350966,1.6035456e-05,0.02615116,0,0.3560428321361542,0.6491323,0.8916725,0.99998116,0.96642333,0,0.5531387329101562
TSBD_Healthy_578fae46e9,1,0,2,0.8192826,0.013588879,0.06785161,0.039261613,4.4881326e-06,0.008576351,0,0.09081842750310898,0.13739276,0.052702855,4.2859856e-06,0.012418825,0,0.3560428321361542,0.7947556,0.9080356,0.9999912,0.9790048,0,0.5531387329101562
TSBD_Healthy_d1980c5cf7,1,0,2,0.64287764,0.043050602,0.05473738,0.037616607,3.623165e-06,0.007819442,0,0.09081842750310898,0.25318298,0.05421754,4.6944956e-06,0.016592845,0,0.3560428321361542,0.69207966,0.9081658,0.9999918,0.9755877,0,0.5531387329101562
TSBD_Healthy_5f95d3f8a2,1,0,2,0.3184188,0.1293386,0.05807525,0.052717898,1.6353713e-05,0.014205513,0,0.09081842750310898,0.46416593,0.049404263,4.1329854e-06,0.021688921,0,0.3560428321361542,0.47775877,0.89787775,0.9999795,0.9641056,0,0.5531387329101562
TSBD_Healthy_ef7cbd4127,1,0,2,0.7969315,0.0015594168,0.060359564,0.05565984,2.2865326e-05,0.013912748,0,0.09081842750310898,0.24037059,0.19648582,0.0014816222,0.091680594,0,0.3560428321361542,0.69926983,0.74785435,0.9984956,0.8944067,0,0.5531387329101562
TSBD_Healthy_63b700da46,1,0,1,0.45741796,0.07336488,0.062877364,0.208546,0.0023984457,0.06996126,0,0.09081842750310898,0.58149004,0.71568924,0.9974981,0.8866577,0,0.3560428321361542,0.35563254,0.075764805,0.00010343199,0.043381013,0,0.5531387329101562
TSBD_Healthy_076f98de26,1,0,1,0.4187879,0.09466447,0.05806712,0.0520599,4.9048417e-06,0.010600801,0,0.09081842750310898,0.545762,0.8937856,0.9999788,0.9625338,0,0.3560428321361542,0.39617088,0.05415445,1.629075e-05,0.026865453,0,0.5531387329101562
TSBD_Healthy_e3f6aa3d79,0,0,1,0.22111022,0.1961976,0.056649774,0.059537787,1.1006615e-05,0.015556906,0,0.09081842750310898,0.3150598,0.87065566,0.99993134,0.9304196,0,0.3560428321361542,0.6282905,0.06980653,5.764794e-05,0.054023482,0,0.5531387329101562
TSBD_Healthy_da00d5de9a,1,0,2,0.7696309,0.020190282,0.061803333,0.04410552,6.9650455e-06,0.009708235,0,0.09081842750310898,0.17874019,0.056975547,5.814032e-06,0.015237468,0,0.3560428321361542,0.7594565,0.8989189,0.99998724,0.9750543,0,0.5531387329101562
TSBD_Healthy_1fc6860580,1,0,1,0.6036768,0.049865685,0.06709619,0.059322093,7.2336575e-06,0.012003918,0,0.09081842750310898,0.6678911,0.8929813,0.99998426,0.96980524,0,0.3560428321361542,0.26501268,0.047696684,8.533848e-06,0.0181908,0,0.5531387329101562
TSBD_Healthy_93437b01b9,1,0,2,0.83060104,0.011948983,0.06813112,0.036486987,3.3062925e-06,0.007796613,0,0.09081842750310898,0.13058907,0.055306807,5.176152e-06,0.012912903,0,0.3560428321361542,0.8012797,0.90820616,0.99999154,0.97929054,0,0.5531387329101562
TSBD_Healthy_d7b2fef984,1,0,2,0.5228929,0.036780614,0.055307183,0.02722413,3.953211e-06,0.006404112,0,0.09081842750310898,0.22116473,0.47566032,0.17053154,0.31853804,0,0.3560428321361542,0.7235281,0.4971156,0.82946444,0.6750578,0,0.5531387329101562
TSBD_Healthy_6499b6d7a1,1,0,2,0.74763733,0.023594437,0.060917035,0.03656681,3.3039312e-06,0.007693924,0,0.09081842750310898,0.19589473,0.062032677,8.071424e-06,0.017561888,0,0.3560428321361542,0.74318826,0.9014005,0.99998856,0.9747442,0,0.5531387329101562
TSBD_Healthy_b2c3637e41,1,0,2,0.65285456,0.020972524,0.060374767,0.025357835,1.9502647e-06,0.0057265526,0,0.09081842750310898,0.20263112,0.37874442,0.03621653,0.21091577,0,0.3560428321361542,0.73699415,0.5958977,0.96378154,0.7833577,0,0.5531387329101562
TSBD_Healthy_ca0105e4b8,1,0,2,0.8293065,0.01167231,0.06722012,0.034616448,2.510298e-06,0.007193003,0,0.09081842750310898,0.13616066,0.061145324,7.008417e-06,0.014607258,0,0.3560428321361542,0.7966193,0.90423834,0.99999046,0.9781997,0,0.5531387329101562
TSBD_Healthy_efb3b53d28,0,0,2,0.16184616,0.18849015,0.08519424,0.4202958,0.35293573,0.30784467,0,0.09081842750310898,0.5300994,0.043615047,4.4589575e-05,0.034974966,0,0.3560428321361542,0.38470635,0.5360892,0.6470197,0.6571804,0,0.5531387329101562
TSBD_Healthy_b6298539e0,1,0,2,0.8328032,0.004337332,0.06017316,0.025458412,8.1515384e-07,0.0049083782,0,0.09081842750310898,0.17225392,0.15359491,0.00030727903,0.052156713,0,0.3560428321361542,0.76757294,0.82094675,0.99969196,0.94293493,0,0.5531387329101562
TSBD_Healthy_32b15941da,1,0,1,0.78078794,0.017941218,0.08340263,0.0639341,9.419277e-06,0.013527687,0,0.09081842750310898,0.7653336,0.8904123,0.99998355,0.9729485,0,0.3560428321361542,0.15126379,0.045653615,7.079467e-06,0.0135237975,0,0.5531387329101562
TSBD_Healthy_0d4ffdc7b0,0,0,1,0.48726532,0.021377053,0.05441945,0.027727999,5.983968e-06,0.0067665656,0,0.09081842750310898,0.36767095,0.57130593,0.53733677,0.50430596,0,0.3560428321361542,0.5779095,0.40096614,0.4626573,0.48892742,0,0.5531387329101562
TSBD_Healthy_b36f28e306,1,1,2,0.8438428,0.010334963,0.07971908,0.044601925,7.813408e-06,0.010654482,0,0.09081842750310898,0.107945375,0.045857463,2.65138e-06,0.009664044,0,0.3560428321361542,0.81233555,0.90954065,0.9999895,0.9796815,1,0.5531387329101562
TSBD_Healthy_68a56d28bf,1,0,1,0.67724806,0.0339318,0.07001822,0.077499725,2.335731e-05,0.017145926,0,0.09081842750310898,0.70353,0.8703709,0.9999635,0.9635632,0,0.3560428321361542,0.2264517,0.052129354,1.3175892e-05,0.01929088,0,0.5531387329101562
TSBD_Healthy_b7798ab5f8,0,0,1,0.3828874,0.09980703,0.056420796,0.030984843,6.351286e-06,0.008372101,0,0.09081842750310898,0.22665142,0.66209733,0.8704198,0.5754098,0,0.3560428321361542,0.71692777,0.30691785,0.12957382,0.41621813,0,0.5531387329101562
TSBD_Healthy_2a0f79d223,0,0,1,0.45756167,0.07183455,0.056881957,0.042830177,1.9542707e-05,0.012120077,0,0.09081842750310898,0.31276175,0.68312234,0.9358608,0.66049784,0,0.3560428321361542,0.6303563,0.27404746,0.064119615,0.3273821,0,0.5531387329101562
TSBD_Healthy_8fc6471a64,1,0,2,0.64188933,0.03246829,0.056696195,0.03356247,2.35539e-06,0.0071811145,0,0.09081842750310898,0.33495235,0.13405554,0.00018368146,0.059598632,0,0.3560428321361542,0.60835147,0.832382,0.999814,0.93322027,0,0.5531387329101562
TSBD_Healthy_78bf1afa4b,1,0,1,0.4199181,0.094160795,0.06226772,0.055164672,5.8979736e-06,0.011582575,0,0.09081842750310898,0.54581785,0.8919176,0.99998045,0.9627999,0,0.3560428321361542,0.39191446,0.05291779,1.3704754e-05,0.025617504,0,0.5531387329101562
TSBD_Healthy_d63c012f3e,1,0,1,0.7150656,0.026458858,0.07608521,0.103730865,6.4969754e-05,0.024533449,0,0.09081842750310898,0.73165387,0.8483652,0.999926,0.9593248,0,0.3560428321361542,0.19226092,0.047903955,8.997102e-06,0.016141815,0,0.5531387329101562
TSBD_Healthy_05ab09d318,1,0,2,0.6697028,0.010230999,0.05671992,0.030979963,2.8223878e-06,0.0070727295,0,0.09081842750310898,0.3982945,0.28741434,0.007810385,0.1860393,0,0.3560428321361542,0.5449856,0.6816057,0.9921868,0.80688804,0,0.5531387329101562
TSBD_Healthy_18405215f8,1,0,2,0.8266214,0.012821951,0.072416164,0.046340473,9.170803e-06,0.010863083,0,0.09081842750310898,0.12442767,0.044803288,2.5207926e-06,0.009987687,0,0.3560428321361542,0.8031561,0.90885615,0.9999883,0.9791492,0,0.5531387329101562
TSBD_Healthy_fe721e6a35,0,0,1,0.44557238,0.07805651,0.05790529,0.054157868,3.0665502e-05,0.01560162,0,0.09081842750310898,0.36045355,0.7355207,0.9851332,0.76261365,0,0.3560428321361542,0.58164114,0.21032137,0.014836149,0.22178474,0,0.5531387329101562
TSBD_Healthy_8a0b6768d9,0,0,1,0.4635292,0.04376502,0.056551196,0.03905009,2.020102e-05,0.010451134,0,0.09081842750310898,0.233371,0.51699364,0.34898382,0.38632268,0,0.3560428321361542,0.71007776,0.44395626,0.65099597,0.6032262,0,0.5531387329101562
TSBD_Healthy_fdb9e6ae23,1,0,2,0.83376855,0.011472072,0.0708915,0.041858796,5.736919e-06,0.00938245,0,0.09081842750310898,0.12524311,0.051151145,3.851398e-06,0.011571536,0,0.3560428321361542,0.8038653,0.9069901,0.99999046,0.97904605,0,0.5531387329101562
TSBD_Healthy_4c66cb7f58,1,0,2,0.6802727,0.034469325,0.05464937,0.03416846,2.4635626e-06,0.006913565,0,0.09081842750310898,0.24681768,0.06785578,1.0628183e-05,0.021376705,0,0.3560428321361542,0.698533,0.8979758,0.9999869,0.9717097,0,0.5531387329101562
TSBD_Healthy_f5058ddf56,1,0,2,0.7129275,0.0049245483,0.06136351,0.115546554,0.0009581455,0.040463757,0,0.09081842750310898,0.2936871,0.2557084,0.012966725,0.16849294,0,0.3560428321361542,0.6449494,0.628745,0.9860751,0.79104334,0,0.5531387329101562
TSBD_Healthy_69e2554f5f,1,0,1,0.41379443,0.09257661,0.055305455,0.056370564,8.934346e-06,0.012330838,0,0.09081842750310898,0.51789343,0.8714747,0.9999285,0.94608504,0,0.3560428321361542,0.42680112,0.07215471,6.2583524e-05,0.041584134,0,0.5531387329101562
TSBD_Healthy_d4f8817d0f,0,0,0,0.21691546,0.13327502,0.058655072,0.4308847,0.5143995,0.2702954,0,0.09081842750310898,0.2793998,0.33188936,0.40350989,0.3953722,0,0.3560428321361542,0.6619451,0.2372259,0.08209058,0.33433238,0,0.5531387329101562
TSBD_Healthy_75d585858d,1,0,1,0.37358513,0.10989708,0.056989457,0.06210496,8.3817e-06,0.012904034,0,0.09081842750310898,0.5261935,0.8924498,0.99998486,0.96557593,0,0.3560428321361542,0.41681707,0.045445237,6.711829e-06,0.021520039,0,0.5531387329101562
TSBD_Healthy_cb3a9d790a,0,0,1,0.31189603,0.13766119,0.05498979,0.049539488,7.0695905e-06,0.011951992,0,0.09081842750310898,0.39125627,0.86002535,0.99979573,0.91961974,0,0.3560428321361542,0.5537539,0.090435214,0.00019721655,0.06842833,0,0.5531387329101562
TSBD_Healthy_2c254df731,0,0,1,0.5494053,0.03416432,0.059362505,0.054012362,3.919141e-05,0.015118774,0,0.09081842750310898,0.45558548,0.70393825,0.9618408,0.7396699,0,0.3560428321361542,0.48505202,0.2420494,0.038119964,0.24521132,0,0.5531387329101562
TSBD_Healthy_4e4bdff12a,1,0,1,0.6107252,0.044861194,0.074726716,0.1913065,0.00077012985,0.053707577,0,0.09081842750310898,0.72427,0.7720266,0.9992269,0.93445927,0,0.3560428321361542,0.2010033,0.036666878,2.911658e-06,0.01183315,0,0.5531387329101562
TSBD_WSSV_ffd2411af1,1,0,1,0.5543058,0.059718072,0.066868484,0.051422156,4.9105497e-06,0.010576473,0,0.09081842750310898,0.6291339,0.8937562,0.9999783,0.9657761,0,0.3560428321361542,0.30399767,0.054821618,1.6784545e-05,0.023647454,0,0.5531387329101562
TSBD_WSSV_c6b9dfd6bd,0,0,1,0.29479232,0.14259379,0.055558495,0.054632843,5.7239886e-06,0.011752343,0,0.09081842750310898,0.44830745,0.8943569,0.99998283,0.96005917,0,0.3560428321361542,0.49613407,0.05101029,1.1494553e-05,0.028188506,0,0.5531387329101562
TSBD_WSSV_258e8224d8,1,1,1,0.81635505,0.012452301,0.1026966,0.061234094,7.872331e-06,0.013666922,0,0.09081842750310898,0.7813579,0.8932085,0.9999856,0.97427917,1,0.3560428321361542,0.1159455,0.04555741,6.60915e-06,0.01205391,0,0.5531387329101562
TSBD_WSSV_7759b4323e,1,0,1,0.7707315,0.018123161,0.1443601,0.07188016,1.3618945e-05,0.018793508,0,0.09081842750310898,0.7419942,0.88660926,0.99998224,0.97054726,0,0.3560428321361542,0.113645695,0.041510593,4.1788326e-06,0.010659202,0,0.5531387329101562
TSBD_WSSV_20ac0fab2b,1,1,0,0.65568507,0.042397164,0.7110417,0.9256995,0.9999491,0.97136354,1,0.09081842750310898,0.21561283,0.04465183,4.968253e-05,0.02253025,0,0.3560428321361542,0.07334548,0.029648734,1.2047569e-06,0.006106255,0,0.5531387329101562
TSBD_WSSV_73ccea8db5,1,0,1,0.7006766,0.025094982,0.22943449,0.11242939,7.0174065e-05,0.03891836,0,0.09081842750310898,0.66627336,0.8529114,0.999928,0.9527335,0,0.3560428321361542,0.10429212,0.034659166,1.7883142e-06,0.008348097,0,0.5531387329101562
TSBD_WSSV_2ca61b4065,1,1,1,0.78554755,0.014001022,0.10641519,0.14165564,0.00017753977,0.038258243,0,0.09081842750310898,0.77716905,0.8254503,0.9998211,0.95397115,1,0.3560428321361542,0.11641579,0.032894053,1.4010132e-06,0.0077706003,0,0.5531387329101562
TSBD_WSSV_0168d43459,1,0,0,0.30453566,0.13809817,0.4827944,0.9261368,0.9999597,0.9672841,0,0.09081842750310898,0.11417422,0.04231823,3.8730603e-05,0.019095628,0,0.3560428321361542,0.40303138,0.031544957,1.5233667e-06,0.013620246,0,0.5531387329101562
TSBD_WSSV_a270f6228b,0,0,0,0.17364669,0.23486605,0.14459404,0.8000543,0.9770278,0.69730747,0,0.09081842750310898,0.73450303,0.17333637,0.022970125,0.2922923,0,0.3560428321361542,0.12090295,0.026609346,2.087827e-06,0.010400251,0,0.5531387329101562
TSBD_WSSV_3868efcb84,0,0,0,0.07308374,0.34616017,0.15377025,0.92818373,0.99997115,0.94003284,0,0.09081842750310898,0.42712018,0.039399866,2.7301316e-05,0.03964668,0,0.3560428321361542,0.41910958,0.03241639,1.54827e-06,0.02032044,0,0.5531387329101562
TSBD_WSSV_98510bdd07,0,0,0,0.11417785,0.303114,0.21722457,0.9287887,0.9999727,0.9481008,0,0.09081842750310898,0.6881055,0.038798884,2.5795116e-05,0.04109902,0,0.3560428321361542,0.094669916,0.03241239,1.5588092e-06,0.010800125,0,0.5531387329101562
TSBD_WSSV_365b81a0b8,0,0,0,0.043790363,0.44219443,0.06528918,0.9232477,0.999949,0.9141395,0,0.09081842750310898,0.30420145,0.04520112,4.950427e-05,0.055498514,0,0.3560428321361542,0.6305093,0.03155131,1.5214179e-06,0.03036189,0,0.5531387329101562
TSBD_WSSV_4c515e509e,1,1,1,0.8005118,0.014686735,0.09564663,0.06744135,1.1162351e-05,0.014994145,0,0.09081842750310898,0.77383226,0.88926446,0.99998355,0.9732135,1,0.3560428321361542,0.13052115,0.043294203,5.284471e-06,0.011792375,0,0.5531387329101562
TSBD_WSSV_d5dc5a32b7,0,0,0,0.10328744,0.2624544,0.058241162,0.64785844,0.68618566,0.4251351,0,0.09081842750310898,0.47192255,0.3163008,0.3138014,0.54761213,0,0.3560428321361542,0.4698363,0.035840698,1.29594655e-05,0.027252749,0,0.5531387329101562
TSBD_WSSV_84d358870a,0,0,0,0.14230768,0.26703286,0.2661356,0.92884433,0.99997294,0.9526781,0,0.09081842750310898,0.64739853,0.0386667,2.5485388e-05,0.03750233,0,0.3560428321361542,0.08646587,0.032488946,1.572611e-06,0.009819493,0,0.5531387329101562
TSBD_WSSV_b95089e484,1,1,0,0.6599591,0.042217463,0.7196849,0.9292088,0.99998057,0.97636646,1,0.09081842750310898,0.19370654,0.035701834,1.744169e-05,0.015903493,0,0.3560428321361542,0.08660859,0.035089415,2.0124266e-06,0.0077300677,0,0.5531387329101562
TSBD_WSSV_ef2d938994,1,0,0,0.2842037,0.14528209,0.45232466,0.92758936,0.9999708,0.9628325,0,0.09081842750310898,0.3391068,0.03950235,2.75869e-05,0.025767617,0,0.3560428321361542,0.20856857,0.03290825,1.6508205e-06,0.011399867,0,0.5531387329101562
TSBD_WSSV_32049c3ecf,0,0,0,0.08998264,0.34019035,0.17465693,0.92592436,0.9999635,0.9498788,0,0.09081842750310898,0.1161374,0.041569,3.485703e-05,0.026157247,0,0.3560428321361542,0.70920575,0.032506682,1.6491971e-06,0.023964025,0,0.5531387329101562
TSBD_WSSV_8b8160f809,0,0,0,0.12428044,0.28973085,0.14257193,0.8639533,0.9970521,0.81152844,0,0.09081842750310898,0.73209983,0.11140405,0.0029468557,0.17856836,0,0.3560428321361542,0.12532826,0.02464275,1.0112448e-06,0.00990321,0,0.5531387329101562
TSBD_WSSV_cdf58b2135,1,1,1,0.81479734,0.012736378,0.1042493,0.058167018,6.6565976e-06,0.012981087,0,0.09081842750310898,0.7800116,0.8947069,0.99998546,0.97436327,1,0.3560428321361542,0.11573915,0.047126103,7.840405e-06,0.012655638,0,0.5531387329101562
TSBD_WSSV_aa863186fe,0,0,1,0.091950566,0.33845055,0.08833333,0.0645949,9.605833e-06,0.02361702,0,0.09081842750310898,0.15207845,0.89091396,0.9999844,0.9378505,0,0.3560428321361542,0.75958824,0.044491142,5.9508466e-06,0.03853243,0,0.5531387329101562
TSBD_WSSV_dfb2880295,1,1,1,0.80362403,0.014643958,0.087221116,0.05887719,6.9601056e-06,0.01238691,0,0.09081842750310898,0.7776909,0.8944456,0.99998546,0.97437584,1,0.3560428321361542,0.13508801,0.04667721,7.606562e-06,0.013237222,0,0.5531387329101562
TSBD_WSSV_baaf0baf99,0,0,1,0.23753418,0.17844683,0.53765565,0.07512281,1.580139e-05,0.04063596,0,0.09081842750310898,0.32706913,0.88440657,0.99998057,0.94517714,0,0.3560428321361542,0.1352752,0.04047058,3.6876497e-06,0.014186874,0,0.5531387329101562
TSBD_WSSV_24404c91af,1,0,1,0.75923485,0.021472696,0.08136533,0.06200804,8.41018e-06,0.0129911285,0,0.09081842750310898,0.75365263,0.8922227,0.99998474,0.97308743,0,0.3560428321361542,0.16498204,0.04576923,6.8306636e-06,0.013921431,0,0.5531387329101562
TSBD_WSSV_b7563199e4,1,1,1,0.8041539,0.013712453,0.13373263,0.06515231,9.627913e-06,0.016143456,0,0.09081842750310898,0.76778406,0.89102477,0.99998486,0.97301924,1,0.3560428321361542,0.09848332,0.043822903,5.4727457e-06,0.01083733,0,0.5531387329101562
TSBD_WSSV_11a594f754,1,1,1,0.81567925,0.012277849,0.1227092,0.06276003,8.498893e-06,0.014960551,0,0.09081842750310898,0.77741516,0.892392,0.99998546,0.9738411,1,0.3560428321361542,0.09987566,0.044847984,6.0989146e-06,0.011198414,0,0.5531387329101562
TSBD_WSSV_fc31d39bad,1,0,1,0.75141287,0.022861252,0.07988486,0.06110207,7.800973e-06,0.012648307,0,0.09081842750310898,0.75020766,0.8933691,0.9999856,0.9733996,0,0.3560428321361542,0.16990753,0.045528833,6.593412e-06,0.013952129,0,0.5531387329101562
TSBD_WSSV_d6cd79daa1,1,0,1,0.6567531,0.038663186,0.09785323,0.063005365,8.701799e-06,0.014468033,0,0.09081842750310898,0.6879506,0.89223593,0.9999852,0.970345,0,0.3560428321361542,0.21419623,0.04475864,6.076097e-06,0.015186941,0,0.5531387329101562
TSBD_WSSV_02f81ef95e,1,0,1,0.72696567,0.02688887,0.07841596,0.06147018,7.982403e-06,0.012734776,0,0.09081842750310898,0.73661995,0.8930141,0.99998546,0.9728461,0,0.3560428321361542,0.18496409,0.045515753,6.5059708e-06,0.014419152,0,0.5531387329101562
TSBD_WSSV_3b11acaec9,1,1,1,0.80847347,0.013759827,0.096037574,0.057783443,6.502348e-06,0.0125291385,0,0.09081842750310898,0.7776459,0.8948249,0.99998546,0.9743067,1,0.3560428321361542,0.12631656,0.04739159,8.051396e-06,0.013164134,0,0.5531387329101562
TSBD_WSSV_c286bccb7a,1,1,1,0.81472373,0.012887171,0.09441851,0.05773931,6.5063923e-06,0.0124302525,0,0.09081842750310898,0.7820761,0.8947979,0.99998546,0.9745223,1,0.3560428321361542,0.123505384,0.047462758,8.053431e-06,0.013047426,0,0.5531387329101562
TSBD_WSSV_6aa52b5d04,1,1,1,0.8193548,0.011946525,0.11079881,0.061189886,7.801681e-06,0.014000909,0,0.09081842750310898,0.78187835,0.89340657,0.9999857,0.9743054,1,0.3560428321361542,0.1073228,0.04540351,6.5609397e-06,0.01169368,0,0.5531387329101562
TSBD_WSSV_78ac1c210b,1,1,1,0.81629556,0.012371555,0.10582734,0.06286199,8.612517e-06,0.014236136,0,0.09081842750310898,0.78062433,0.8924104,0.9999852,0.9740694,1,0.3560428321361542,0.11354832,0.04472765,6.125347e-06,0.01169448,0,0.5531387329101562
TSBD_WSSV_f4df9efeef,1,0,1,0.4061257,0.09853983,0.07825453,0.068569906,1.1850467e-05,0.016019281,0,0.09081842750310898,0.54119813,0.88825697,0.99998295,0.9647687,0,0.3560428321361542,0.38054729,0.04317313,5.228608e-06,0.019212058,0,0.5531387329101562
TSBD_WSSV_e332624690,1,0,1,0.7723871,0.017763332,0.12725553,0.07768686,1.8262816e-05,0.01974314,0,0.09081842750310898,0.74533975,0.88196343,0.99997807,0.9695817,0,0.3560428321361542,0.12740467,0.04034975,3.6779886e-06,0.010675174,0,0.5531387329101562
TSBD_WSSV_de8ce5aa48,1,0,1,0.6969371,0.031829365,0.08229857,0.05783055,6.6021294e-06,0.01223346,0,0.09081842750310898,0.7152843,0.89448833,0.9999851,0.9716932,0,0.3560428321361542,0.20241718,0.047681104,8.261104e-06,0.016073275,0,0.5531387329101562
TSBD_WSSV_2847167d0b,1,1,1,0.7869155,0.0168791,0.09351633,0.062111005,8.380168e-06,0.013570343,0,0.09081842750310898,0.7653422,0.89237046,0.999985,0.97341317,1,0.3560428321361542,0.14114155,0.045518495,6.662419e-06,0.013016488,0,0.5531387329101562
TSBD_WSSV_ea8e971d58,1,1,1,0.8071873,0.013694018,0.10796205,0.061069086,7.810635e-06,0.013907961,0,0.09081842750310898,0.7742022,0.89334595,0.99998546,0.97390836,1,0.3560428321361542,0.117835686,0.045584958,6.6758157e-06,0.012183695,0,0.5531387329101562
TSBD_WSSV_2cd19b2879,1,1,2,0.85067374,0.009368168,0.08650437,0.04595687,8.897538e-06,0.011383627,0,0.09081842750310898,0.09706919,0.044658042,2.5304303e-06,0.009098672,0,0.3560428321361542,0.81642646,0.90938514,0.99998856,0.9795177,1,0.5531387329101562
TSBD_WSSV_f00fa9ceb8,1,1,2,0.8448073,0.010395897,0.080605656,0.048141535,1.0861897e-05,0.011803241,0,0.09081842750310898,0.10415857,0.041331194,1.9024675e-06,0.008508247,0,0.3560428321361542,0.81523573,0.9105272,0.99998724,0.9796885,1,0.5531387329101562
TSBD_WSSV_6678622b35,1,0,2,0.824285,0.0126213785,0.071874924,0.054411083,1.6947564e-05,0.013202518,0,0.09081842750310898,0.12802769,0.044586904,2.708284e-06,0.010237934,0,0.3560428321361542,0.80009735,0.901002,0.99998033,0.9765595,0,0.5531387329101562
TSBD_WSSV_9ce26c2bf9,0,0,0,0.09109927,0.33965158,0.14206074,0.9104032,0.99974185,0.8971219,0,0.09081842750310898,0.74062604,0.06389111,0.00025732178,0.09263089,0,0.3560428321361542,0.11731323,0.025705745,8.31471e-07,0.010247244,0,0.5531387329101562
TSBD_WSSV_3319ef6f32,0,0,0,0.058172006,0.38718614,0.06851022,0.88183314,0.9993943,0.83745,0,0.09081842750310898,0.5153175,0.08044263,0.00060184224,0.13111873,0,0.3560428321361542,0.41617233,0.037724257,3.804676e-06,0.031431243,0,0.5531387329101562
TSBD_WSSV_1bb255e74b,1,1,1,0.79348046,0.016140904,0.086019486,0.058533814,6.8330264e-06,0.012280505,0,0.09081842750310898,0.7714613,0.8943324,0.99998534,0.97405845,1,0.3560428321361542,0.14251915,0.047133822,7.83231e-06,0.013661081,0,0.5531387329101562
TSBD_WSSV_d45bc108bb,1,1,1,0.8190698,0.012015214,0.111701444,0.05938005,7.127355e-06,0.013601684,0,0.09081842750310898,0.78157735,0.89404595,0.99998546,0.974314,1,0.3560428321361542,0.106721215,0.046574008,7.381066e-06,0.012084379,0,0.5531387329101562
TSBD_WSSV_319f7dd222,1,0,1,0.32849836,0.12261696,0.0880818,0.129353,0.00012152712,0.036957644,0,0.09081842750310898,0.4916722,0.8375579,0.9998771,0.94883907,0,0.3560428321361542,0.4202461,0.03308911,1.4214274e-06,0.014203312,0,0.5531387329101562
TSBD_WSSV_72962540b9,0,0,0,0.087906055,0.34750605,0.12946723,0.90466136,0.9999683,0.91996694,0,0.09081842750310898,0.087133214,0.026158158,3.5247383e-06,0.013198152,0,0.3560428321361542,0.78339946,0.069180585,2.8188942e-05,0.06683487,0,0.5531387329101562
TSBD_WSSV_cbc299712b,1,1,1,0.8109604,0.0120592285,0.14041165,0.075616576,1.6372664e-05,0.019555328,0,0.09081842750310898,0.76795816,0.8839247,0.99998,0.97101444,1,0.3560428321361542,0.091630235,0.040458776,3.6805504e-06,0.009430274,0,0.5531387329101562
TSBD_WSSV_4852ce6b3e,1,0,1,0.69921803,0.032027908,0.06734313,0.059060235,6.993427e-06,0.011602995,0,0.09081842750310898,0.7253341,0.8943282,0.9999856,0.9727636,0,0.3560428321361542,0.2073227,0.046611533,7.392592e-06,0.015633436,0,0.5531387329101562
TSBD_WSSV_51c0f376ed,1,0,1,0.5279244,0.06648388,0.059559755,0.05319775,5.137055e-06,0.010462703,0,0.09081842750310898,0.62108546,0.89545345,0.9999826,0.9674674,0,0.3560428321361542,0.3193547,0.051348813,1.2295603e-05,0.022069871,0,0.5531387329101562
TSBD_WSSV_27c4e89064,1,0,1,0.71945155,0.028269358,0.07284175,0.06102134,7.897577e-06,0.0123559,0,0.09081842750310898,0.7342608,0.8926995,0.999985,0.9726117,0,0.3560428321361542,0.19289744,0.046279166,7.1339064e-06,0.015032426,0,0.5531387329101562
TSBD_WSSV_d31ea8472c,1,0,1,0.77221185,0.018495422,0.109327815,0.065711655,1.04048595e-05,0.015459054,0,0.09081842750310898,0.7499381,0.8888746,0.9999832,0.9715754,0,0.3560428321361542,0.14073415,0.045413774,6.3736425e-06,0.0129656,0,0.5531387329101562
TSBD_WSSV_6fd089aca1,1,0,1,0.53614765,0.0649385,0.059987843,0.058389753,6.858381e-06,0.011548695,0,0.09081842750310898,0.63157064,0.89430654,0.9999851,0.96923786,0,0.3560428321361542,0.30844152,0.047303736,7.996191e-06,0.01921344,0,0.5531387329101562
TSBD_WSSV_7131cb4d1e,1,0,1,0.76573163,0.020079892,0.09164903,0.06518364,9.933689e-06,0.014327975,0,0.09081842750310898,0.7535981,0.89024305,0.99998415,0.9725947,0,0.3560428321361542,0.15475285,0.044573326,5.916113e-06,0.013077359,0,0.5531387329101562
TSBD_WSSV_d1629a0715,1,1,1,0.8074645,0.013901314,0.09362127,0.059510354,7.2751404e-06,0.012873585,0,0.09081842750310898,0.7777774,0.8938541,0.99998534,0.97420746,1,0.3560428321361542,0.12860136,0.04663553,7.3522824e-06,0.012918925,0,0.5531387329101562
TSBD_WSSV_8ecaf0ac01,1,1,1,0.78203297,0.016006276,0.11831547,0.0885477,2.8674425e-05,0.022308748,0,0.09081842750310898,0.7542219,0.8734104,0.99996865,0.9679485,1,0.3560428321361542,0.12746258,0.038041875,2.6760415e-06,0.0097427685,0,0.5531387329101562
TSBD_WSSV_af3c48a08c,1,0,2,0.82860106,0.011907819,0.125211,0.057133954,2.2702437e-05,0.01734427,0,0.09081842750310898,0.07773751,0.037153207,1.4016364e-06,0.0069296304,0,0.3560428321361542,0.7970515,0.90571284,0.9999759,0.97572607,0,0.5531387329101562
TSBD_WSSV_3dae79f506,0,0,1,0.29751015,0.14237025,0.06461697,0.047615655,3.89931e-06,0.010904821,0,0.09081842750310898,0.4250744,0.8898158,0.9999647,0.9505105,0,0.3560428321361542,0.5103086,0.06256849,3.1441614e-05,0.038584664,0,0.5531387329101562
TSBD_WSSV_80515fe4b2,0,0,1,0.4195331,0.048390303,0.057016145,0.03188479,1.0533054e-05,0.008417238,0,0.09081842750310898,0.2509618,0.55304664,0.49214607,0.43850166,0,0.3560428321361542,0.692022,0.4150686,0.5078434,0.55308115,0,0.5531387329101562
TSBD_WSSV_aee31f5ae6,1,0,2,0.83949643,0.009225547,0.1160747,0.06935975,5.0753264e-05,0.021675916,0,0.09081842750310898,0.08679203,0.03799157,1.8114979e-06,0.0076676565,0,0.3560428321361542,0.79713327,0.8926487,0.9999474,0.97065645,0,0.5531387329101562
TSBD_WSSV_0ef579b068,1,1,2,0.84987444,0.009603997,0.08510866,0.047914386,1.08971e-05,0.012001363,0,0.09081842750310898,0.09762354,0.04191092,2.0732823e-06,0.008507287,0,0.3560428321361542,0.8172678,0.9101747,0.9999871,0.97949135,1,0.5531387329101562
TSBD_WSSV_f70db8236e,1,0,2,0.79375446,0.0132857375,0.06854633,0.04066204,5.1568727e-06,0.009207633,0,0.09081842750310898,0.18418846,0.08636769,3.4639856e-05,0.026733523,0,0.3560428321361542,0.7472652,0.87297016,0.9999602,0.9640588,0,0.5531387329101562
TSBD_WSSV_36e3c23fc4,1,0,2,0.56394506,0.055721596,0.0764179,0.116621144,0.00052582216,0.040519934,0,0.09081842750310898,0.27353022,0.042014297,4.2886236e-06,0.015285406,0,0.3560428321361542,0.6500519,0.8413645,0.99946994,0.9441946,0,0.5531387329101562
TSBD_WSSV_7e34390794,1,1,2,0.8524647,0.008090819,0.07439938,0.032450955,1.9337947e-06,0.0068418654,0,0.09081842750310898,0.11448966,0.06964319,1.1762613e-05,0.01609738,0,0.3560428321361542,0.811111,0.8979058,0.9999863,0.9770608,1,0.5531387329101562
TSBD_WSSV_bd80b0d581,1,0,2,0.83270234,0.011312869,0.117405385,0.054705106,1.8281267e-05,0.015920304,0,0.09081842750310898,0.0828906,0.039956104,1.7612548e-06,0.0076630292,0,0.3560428321361542,0.799704,0.90533876,0.99998,0.97641665,0,0.5531387329101562
TSBD_WSSV_a456bae923,1,1,2,0.8429434,0.01062407,0.08206771,0.04777097,1.0594408e-05,0.011784989,0,0.09081842750310898,0.104416415,0.041657142,1.976703e-06,0.008616821,0,0.3560428321361542,0.8135159,0.9105719,0.99998736,0.97959816,1,0.5531387329101562
TSBD_WSSV_b6178797f6,1,1,2,0.8414947,0.010741597,0.07811559,0.044153675,7.395523e-06,0.010417788,0,0.09081842750310898,0.11037215,0.04558978,2.6592265e-06,0.009721435,0,0.3560428321361542,0.8115122,0.9102565,0.99999,0.97986084,1,0.5531387329101562
TSBD_WSSV_69762898eb,1,0,2,0.48910755,0.060620017,0.09047782,0.36232463,0.14220881,0.20497029,0,0.09081842750310898,0.13276038,0.047330737,4.5963523e-05,0.018797196,0,0.3560428321361542,0.7767619,0.59034467,0.8577452,0.7762325,0,0.5531387329101562
TSBD_WSSV_a73de688c2,0,0,1,0.20780818,0.2080077,0.06477221,0.044595223,4.182259e-06,0.012180709,0,0.09081842750310898,0.27338552,0.8690144,0.9998578,0.9133682,0,0.3560428321361542,0.6618423,0.08639044,0.00013799495,0.07445105,0,0.5531387329101562
TSBD_WSSV_03cb710db8,1,0,1,0.48717088,0.07294765,0.058128346,0.048067305,4.4282624e-06,0.009853831,0,0.09081842750310898,0.5661247,0.878571,0.99993134,0.95104927,0,0.3560428321361542,0.375747,0.07336168,6.417809e-05,0.039096877,0,0.5531387329101562
TSBD_WSSV_7f2c043791,1,1,2,0.8488347,0.009771588,0.089237005,0.04562945,8.3609675e-06,0.011327489,0,0.09081842750310898,0.094557166,0.04330617,2.1458757e-06,0.008601866,0,0.3560428321361542,0.81620586,0.9110644,0.9999895,0.9800706,1,0.5531387329101562
TSBD_WSSV_426ff318e2,1,0,2,0.8406027,0.0109815495,0.07636511,0.04468285,7.938306e-06,0.010534548,0,0.09081842750310898,0.11144763,0.04434455,2.371771e-06,0.009411556,0,0.3560428321361542,0.8121872,0.9109726,0.9999896,0.9800539,0,0.5531387329101562
TSBD_WSSV_3cb87dc046,1,0,2,0.84012496,0.010003297,0.07535263,0.041065656,5.4394022e-06,0.009413525,0,0.09081842750310898,0.12165545,0.05692068,6.015417e-06,0.01315567,0,0.3560428321361542,0.80299187,0.90201366,0.99998856,0.97743076,0,0.5531387329101562
TSBD_WSSV_4c414428d2,1,1,2,0.84704494,0.010057843,0.08229281,0.04432137,7.2833477e-06,0.010576613,0,0.09081842750310898,0.10215983,0.044432387,2.336091e-06,0.009097847,0,0.3560428321361542,0.8155474,0.9112462,0.99999034,0.9803256,1,0.5531387329101562
TSBD_WSSV_4896029d97,1,1,2,0.8482019,0.009889373,0.08466151,0.046716955,9.518401e-06,0.011532092,0,0.09081842750310898,0.09890177,0.042367436,2.0532011e-06,0.008574599,0,0.3560428321361542,0.8164367,0.9109156,0.99998844,0.9798933,1,0.5531387329101562
TSBD_WSSV_c549f00277,1,0,2,0.8300856,0.011995986,0.07693253,0.054442298,1.7890017e-05,0.013635809,0,0.09081842750310898,0.11859135,0.041783247,2.0349885e-06,0.009118658,0,0.3560428321361542,0.804476,0.9037744,0.9999801,0.97724557,0,0.5531387329101562
TSBD_WSSV_254bdb9f4d,1,1,2,0.8448773,0.01032893,0.081310995,0.047674388,1.0008174e-05,0.011601764,0,0.09081842750310898,0.10407961,0.042092457,1.9604017e-06,0.008631999,0,0.3560428321361542,0.8146094,0.9102332,0.9999881,0.97976625,1,0.5531387329101562
TSBD_WSSV_b0447870c0,1,0,2,0.7030533,0.026652467,0.054571573,0.027158767,9.435343e-07,0.005189154,0,0.09081842750310898,0.2648091,0.10270909,5.5082237e-05,0.037016887,0,0.3560428321361542,0.6806193,0.87013215,0.999944,0.95779395,0,0.5531387329101562
TSBD_WSSV_754fa3c73d,1,1,2,0.8489968,0.009837133,0.08276417,0.04549617,8.438903e-06,0.011032784,0,0.09081842750310898,0.09985792,0.043030094,2.149579e-06,0.008740708,0,0.3560428321361542,0.8173779,0.9114737,0.9999894,0.9802265,1,0.5531387329101562
TSBD_WSSV_9937a0424b,1,1,2,0.84933627,0.009742627,0.08624385,0.044996373,7.973103e-06,0.011014463,0,0.09081842750310898,0.0968229,0.043663785,2.2236025e-06,0.008765193,0,0.3560428321361542,0.81693316,0.9113398,0.99998975,0.98022026,1,0.5531387329101562
TSBD_WSSV_6fa84e41c3,1,1,2,0.84275717,0.0106274,0.079068094,0.048349354,1.058643e-05,0.011697363,0,0.09081842750310898,0.10721789,0.041843314,1.9493714e-06,0.008692924,0,0.3560428321361542,0.813714,0.9098073,0.9999875,0.97960967,1,0.5531387329101562
TSBD_WSSV_577000701d,1,1,2,0.8415073,0.010766298,0.07475124,0.04191603,5.9170684e-06,0.009584933,0,0.09081842750310898,0.113629274,0.04745787,2.9853104e-06,0.010235015,0,0.3560428321361542,0.81161946,0.91062605,0.99999106,0.98018,1,0.5531387329101562
TSBD_WSSV_7562704d32,1,0,2,0.83678985,0.011353518,0.07264316,0.04103374,5.232015e-06,0.009186398,0,0.09081842750310898,0.11937921,0.04890866,3.25789e-06,0.010760082,0,0.3560428321361542,0.8079776,0.9100576,0.99999154,0.9800535,0,0.5531387329101562
TSBD_WSSV_ab987277c7,1,0,1,0.6420482,0.010653663,0.08794239,0.044189386,2.4004323e-05,0.013651768,0,0.09081842750310898,0.5327433,0.66798246,0.9203571,0.718597,0,0.3560428321361542,0.37931427,0.2878282,0.07961891,0.26775128,0,0.5531387329101562
TSBD_WSSV_1beeeafcb8,1,0,2,0.5621788,0.03759995,0.06292451,0.042501383,2.2645332e-05,0.01176485,0,0.09081842750310898,0.16673662,0.4124719,0.102315485,0.24765605,0,0.3560428321361542,0.77033883,0.5450267,0.89766186,0.7405791,0,0.5531387329101562
TSBD_WSSV_e7254cc0d4,1,0,2,0.7923912,0.017688166,0.066333905,0.04084897,5.321281e-06,0.009014449,0,0.09081842750310898,0.15377869,0.050434675,3.7400066e-06,0.012396907,0,0.3560428321361542,0.77988744,0.9087164,0.99999094,0.97858864,0,0.5531387329101562
TSBD_WSSV_b5a8a126ab,1,0,1,0.53477806,0.05324065,0.056069814,0.030862598,1.7848962e-06,0.006533856,0,0.09081842750310898,0.5345613,0.8311104,0.9984053,0.8934167,0,0.3560428321361542,0.40936893,0.13802694,0.0015930083,0.100049436,0,0.5531387329101562
TSBD_WSSV_13e41ad5ef,1,0,2,0.82702386,0.012668463,0.069768555,0.04015513,4.9548703e-06,0.008896621,0,0.09081842750310898,0.12897919,0.050297067,3.6980641e-06,0.011513973,0,0.3560428321361542,0.80125225,0.90954775,0.9999913,0.9795894,0,0.5531387329101562
TSBD_WSSV_5dd3dca816,1,0,2,0.7954746,0.015445607,0.058619905,0.030917004,1.5596096e-06,0.0060067484,0,0.09081842750310898,0.17569776,0.073726505,1.4068113e-05,0.020247782,0,0.3560428321361542,0.76568234,0.8953565,0.9999844,0.97374547,0,0.5531387329101562
TSBD_WSSV_084f7a072a,1,0,1,0.7675414,0.019443858,0.07906845,0.06525054,1.1349031e-05,0.013981418,0,0.09081842750310898,0.7541763,0.8845639,0.9999782,0.9701462,0,0.3560428321361542,0.16675524,0.050185513,1.0466231e-05,0.015872361,0,0.5531387329101562
TSBD_WSSV_7d1aec7b17,0,0,0,0.15269256,0.25889492,0.20713188,0.8857441,0.9999151,0.91342604,0,0.09081842750310898,0.08015478,0.024820516,2.7509689e-06,0.010130783,0,0.3560428321361542,0.71271336,0.08943536,8.216163e-05,0.0764432,0,0.5531387329101562
TSBD_WSSV_93545fad41,1,0,2,0.81723946,0.012660757,0.06857,0.050416574,1.156477e-05,0.011711209,0,0.09081842750310898,0.14482929,0.05572023,5.775642e-06,0.013851441,0,0.3560428321361542,0.78660077,0.89386314,0.9999827,0.97443736,0,0.5531387329101562
TSBD_WSSV_ef783ed00d,0,0,0,0.3085041,0.13682981,0.432195,0.90130055,0.9999634,0.9509148,0,0.09081842750310898,0.06497919,0.02614352,3.4908237e-06,0.008069303,0,0.3560428321361542,0.50282586,0.07255587,3.318454e-05,0.041015837,0,0.5531387329101562
TSBD_WSSV_8b081aa68f,0,0,1,0.08956339,0.32977623,0.08699585,0.27900773,0.0044922684,0.15529846,0,0.09081842750310898,0.14237538,0.6853346,0.9955049,0.8143091,0,0.3560428321361542,0.7706288,0.035657663,2.903325e-06,0.030392466,0,0.5531387329101562
TSBD_WSSV_6afbaad0ae,1,1,0,0.72688544,0.02972296,0.75904083,0.91697437,0.9998753,0.97155243,1,0.09081842750310898,0.08465397,0.054597538,0.00012362952,0.020948473,0,0.3560428321361542,0.15630524,0.028428044,1.0790524e-06,0.007499096,0,0.5531387329101562
TSBD_WSSV_9223e4a32b,0,0,1,0.36519283,0.10802717,0.060109355,0.04153127,3.5557448e-06,0.009479234,0,0.09081842750310898,0.45205423,0.8663573,0.9997869,0.92672414,0,0.3560428321361542,0.48783648,0.09211136,0.00020958619,0.06379668,0,0.5531387329101562
TSBD_WSSV_98ea43065f,1,0,2,0.83755475,0.0113418065,0.07449492,0.044297982,7.1488807e-06,0.01020089,0,0.09081842750310898,0.11570907,0.04540765,2.5308598e-06,0.009777182,0,0.3560428321361542,0.8097959,0.91029435,0.99999034,0.98002195,0,0.5531387329101562
TSBD_WSSV_eb247f0a00,1,1,2,0.84961617,0.009630508,0.085580714,0.0457181,8.859363e-06,0.011300831,0,0.09081842750310898,0.09776316,0.043774795,2.310034e-06,0.008873487,0,0.3560428321361542,0.8166562,0.91050714,0.9999889,0.97982574,1,0.5531387329101562
TSBD_WSSV_97fa50601b,1,1,2,0.8505877,0.009512044,0.08919083,0.048125356,1.1004048e-05,0.012245404,0,0.09081842750310898,0.09329856,0.041353244,1.9112763e-06,0.008187148,0,0.3560428321361542,0.81751055,0.9105214,0.9999871,0.9795674,1,0.5531387329101562
TSBD_WSSV_8b6c4507a2,0,0,0,0.05537122,0.39761662,0.080638915,0.9048182,0.9999627,0.9023948,0,0.09081842750310898,0.5332871,0.04105647,2.621714e-05,0.052702557,0,0.3560428321361542,0.38607404,0.054125406,1.1123789e-05,0.044902675,0,0.5531387329101562
TSBD_WSSV_5c925439ac,1,1,0,0.5650156,0.060718697,0.65485364,0.92777956,0.99997294,0.97231215,1,0.09081842750310898,0.21139155,0.038558878,2.5281683e-05,0.018832384,0,0.3560428321361542,0.1337548,0.03366156,1.7576382e-06,0.008855481,0,0.5531387329101562
TSBD_WSSV_1d810bc413,1,1,2,0.843833,0.010399873,0.08025814,0.045590155,8.434596e-06,0.010947489,0,0.09081842750310898,0.106758766,0.04444427,2.3671173e-06,0.009275573,0,0.3560428321361542,0.81298304,0.9099656,0.99998915,0.97977686,1,0.5531387329101562
TSBD_WSSV_26de7fcd80,1,0,2,0.8212952,0.012009226,0.067603864,0.045515344,8.545821e-06,0.010466158,0,0.09081842750310898,0.14519161,0.059680045,8.025239e-06,0.01525702,0,0.3560428321361542,0.7872045,0.8948046,0.99998343,0.9742768,0,0.5531387329101562
TSBD_WSSV_8aa47f5a65,1,0,1,0.69601196,0.028675677,0.09076619,0.13276021,0.00016306929,0.03533063,0,0.09081842750310898,0.72402847,0.82649624,0.9998331,0.95209736,0,0.3560428321361542,0.18520539,0.040743534,3.8096148e-06,0.0125720035,0,0.5531387329101562
TSBD_WSSV_d889bfa7f2,1,0,1,0.7217308,0.027727365,0.070006065,0.054236628,5.4926113e-06,0.0107381,0,0.09081842750310898,0.73174304,0.8945646,0.99998236,0.9716092,0,0.3560428321361542,0.1982509,0.051198706,1.214475e-05,0.017652728,0,0.5531387329101562
TSBD_WSSV_8a85146e3e,1,0,2,0.55706793,0.045931693,0.08646008,0.045002993,1.0341098e-05,0.013184109,0,0.09081842750310898,0.38015935,0.1425109,0.00038359468,0.07661037,0,0.3560428321361542,0.5333806,0.81248605,0.9996061,0.9102055,0,0.5531387329101562
TSBD_WSSV_439d0a5c3f,1,1,2,0.8431851,0.007303836,0.06558496,0.029149307,1.2492187e-06,0.00577794,0,0.09081842750310898,0.14333436,0.09383869,3.821769e-05,0.025481705,0,0.3560428321361542,0.7910807,0.87701195,0.99996054,0.9687404,1,0.5531387329101562
TSBD_WSSV_3f0184301c,1,1,2,0.84243476,0.010486862,0.079536065,0.04404032,7.0399055e-06,0.010374465,0,0.09081842750310898,0.10949158,0.04668547,2.8517043e-06,0.009941636,0,0.3560428321361542,0.81097233,0.90927416,0.9999901,0.97968394,1,0.5531387329101562
TSBD_WSSV_00abe397a8,1,0,2,0.84108996,0.009472911,0.08777795,0.08123757,0.0001055235,0.024311969,0,0.09081842750310898,0.09980768,0.033490196,1.2478918e-06,0.007026359,0,0.3560428321361542,0.81241435,0.88527226,0.9998933,0.9686617,0,0.5531387329101562
TSBD_WSSV_f49daeee4d,1,0,2,0.81988287,0.011049892,0.08462058,0.11511397,0.00049152825,0.03835182,0,0.09081842750310898,0.106532805,0.034567304,1.9815873e-06,0.008031068,0,0.3560428321361542,0.8088466,0.8503188,0.9995065,0.9536171,0,0.5531387329101562
TSBD_WSSV_e3a3f70bef,0,0,0,0.08181175,0.3585785,0.10492246,0.8928151,0.99993575,0.8966367,0,0.09081842750310898,0.096556194,0.026572453,3.827917e-06,0.014782071,0,0.3560428321361542,0.79852134,0.080612406,6.038466e-05,0.088581264,0,0.5531387329101562
TSBD_WSSV_4c6acaba53,1,1,2,0.8503123,0.009443452,0.08562981,0.051991697,1.5419157e-05,0.013373144,0,0.09081842750310898,0.09681675,0.039661776,1.7330646e-06,0.007982622,0,0.3560428321361542,0.81755346,0.9083465,0.99998283,0.97864425,1,0.5531387329101562
TSBD_WSSV_1a5ee9d7a4,1,1,2,0.8534951,0.008502161,0.08471802,0.04815425,1.0633647e-05,0.011978093,0,0.09081842750310898,0.10026331,0.04759149,3.4340944e-06,0.010081488,0,0.3560428321361542,0.81501865,0.9042542,0.99998593,0.9779404,1,0.5531387329101562
TSBD_WSSV_1d745dbab2,1,1,0,0.44609046,0.091745876,0.5978879,0.9301457,0.99998295,0.97566986,1,0.09081842750310898,0.060948238,0.034243178,1.4928906e-05,0.0107582,0,0.3560428321361542,0.3411639,0.035611235,2.1441556e-06,0.013571939,0,0.5531387329101562
TSBD_WSSV_04529c8937,1,1,2,0.84216857,0.010588553,0.07907787,0.04629918,8.9034465e-06,0.011092739,0,0.09081842750310898,0.109103106,0.044386845,2.367929e-06,0.009347195,0,0.3560428321361542,0.81181896,0.909314,0.9999887,0.97956,1,0.5531387329101562
TSBD_WSSV_eb7b8b7c67,1,0,2,0.8368719,0.009515126,0.084057294,0.09969066,0.0002574998,0.031375088,0,0.09081842750310898,0.098838,0.0324305,1.3219152e-06,0.006979539,0,0.3560428321361542,0.81710476,0.86787874,0.99974114,0.96164536,0,0.5531387329101562
TSBD_WSSV_4c43a3a8a6,1,0,2,0.8244899,0.013029059,0.07309406,0.04538061,8.190924e-06,0.010567983,0,0.09081842750310898,0.12631445,0.046132404,2.75344e-06,0.010367197,0,0.3560428321361542,0.8005916,0.9084871,0.99998903,0.97906476,0,0.5531387329101562
TSBD_WSSV_417fc1cab3,1,1,2,0.84354615,0.0104477815,0.08152953,0.048825365,1.16765095e-05,0.0121098915,0,0.09081842750310898,0.10502167,0.041784022,2.0053992e-06,0.008672999,0,0.3560428321361542,0.81344885,0.90939057,0.9999863,0.9792171,1,0.5531387329101562
TSBD_WSSV_59c834cf6e,0,0,1,0.41336846,0.087734185,0.058074012,0.03271184,1.9597285e-06,0.0072858995,0,0.09081842750310898,0.45673463,0.8424966,0.9990338,0.8960601,0,0.3560428321361542,0.4851914,0.12479158,0.0009642053,0.09665403,0,0.5531387329101562
TSBD_WSSV_97681928ee,0,0,0,0.08025609,0.32235774,0.07691778,0.60713726,0.6720275,0.51802385,0,0.09081842750310898,0.12375633,0.32555917,0.32781985,0.400399,0,0.3560428321361542,0.7993258,0.06730356,0.00015260589,0.08157717,0,0.5531387329101562
TSBD_WSSV_0c09630268,1,1,2,0.8478405,0.008572382,0.107345015,0.07203895,6.4326276e-05,0.022371704,0,0.09081842750310898,0.084126815,0.03314354,1.103596e-06,0.006424078,0,0.3560428321361542,0.8085281,0.8948176,0.99993455,0.9712042,1,0.5531387329101562
TSBD_WSSV_919a1fc43f,1,1,2,0.8451594,0.010057747,0.09747321,0.050678752,1.3509168e-05,0.013498476,0,0.09081842750310898,0.09043315,0.040293716,1.7918233e-06,0.007917862,0,0.3560428321361542,0.8120936,0.9090275,0.99998474,0.9785837,1,0.5531387329101562
TSBD_WSSV_df52a25a1c,1,0,1,0.36456427,0.104163215,0.081470445,0.3089982,0.0069224066,0.114545785,0,0.09081842750310898,0.5957828,0.6576613,0.99307525,0.8717175,0,0.3560428321361542,0.32274675,0.033340517,2.3132955e-06,0.013736716,0,0.5531387329101562
TSBD_WSSV_b6df8b235a,1,1,2,0.84408665,0.01008572,0.09336705,0.052423023,1.528072e-05,0.013847993,0,0.09081842750310898,0.095667526,0.040237937,1.8463111e-06,0.008124934,0,0.3560428321361542,0.81096536,0.90733904,0.99998295,0.9780271,1,0.5531387329101562
TSBD_WSSV_66dac7b3cb,0,0,1,0.30925006,0.1440143,0.057395916,0.029555382,2.226032e-06,0.007735798,0,0.09081842750310898,0.27262157,0.79165167,0.99362826,0.7903788,0,0.3560428321361542,0.66998255,0.17879292,0.006369496,0.20188542,0,0.5531387329101562
TSBD_WSSV_cb728bde71,1,0,2,0.45563382,0.056488402,0.12982874,0.41576004,0.33830684,0.28687742,0,0.09081842750310898,0.07812156,0.025648553,5.3613094e-06,0.0075175697,0,0.3560428321361542,0.7920497,0.5585914,0.6616878,0.705605,0,0.5531387329101562
TSBD_WSSV_11dccea294,1,0,2,0.83156127,0.010387766,0.09054671,0.095199816,0.00021768035,0.030538132,0,0.09081842750310898,0.09979265,0.030417636,9.914995e-07,0.006431859,0,0.3560428321361542,0.80966073,0.8743826,0.9997814,0.96303,0,0.5531387329101562
TSBD_WSSV_6c97d0a038,1,1,2,0.84517723,0.0074110515,0.10386319,0.10655734,0.0003480515,0.036979288,0,0.09081842750310898,0.085197985,0.029711617,9.437815e-07,0.0059552114,0,0.3560428321361542,0.8109388,0.8637311,0.99965096,0.95706546,1,0.5531387329101562
TSBD_WSSV_7930144273,1,0,2,0.7203949,0.019115375,0.11038843,0.2495777,0.02407677,0.12841377,0,0.09081842750310898,0.09210446,0.04637021,2.00574e-05,0.013686324,0,0.3560428321361542,0.7975071,0.7040521,0.97590315,0.85789996,0,0.5531387329101562
TSBD_WSSV_46e8a68895,1,0,1,0.76259893,0.020911008,0.07877268,0.0571655,6.3821453e-06,0.011705779,0,0.09081842750310898,0.7538858,0.89375937,0.99998415,0.97290426,0,0.3560428321361542,0.16734153,0.04907518,9.454084e-06,0.015389987,0,0.5531387329101562
TSBD_WSSV_68675dc12f,1,0,1,0.4265082,0.08528329,0.0727849,0.33239648,0.011722528,0.12162634,0,0.09081842750310898,0.6882547,0.62793946,0.9882719,0.8630064,0,0.3560428321361542,0.23896036,0.039664064,5.632477e-06,0.015367244,0,0.5531387329101562
TSBD_WSSV_33b5dd7e52,1,0,1,0.41755354,0.08544297,0.08548798,0.39242208,0.030289458,0.16420127,0,0.09081842750310898,0.7272037,0.57015043,0.96970415,0.8219874,0,0.3560428321361542,0.18730828,0.037427485,6.3930743e-06,0.013811315,0,0.5531387329101562
TSBD_WSSV_eaf8feba8d,1,1,2,0.8419851,0.009043505,0.08951475,0.089511596,0.00017339803,0.028212084,0,0.09081842750310898,0.0962029,0.031941593,1.171396e-06,0.0066978396,0,0.3560428321361542,0.81428236,0.8785468,0.9998254,0.9650901,1,0.5531387329101562
TSBD_WSSV_a092abcd48,1,0,2,0.7489135,0.020760164,0.084173255,0.18703344,0.005244802,0.07609993,0,0.09081842750310898,0.10044581,0.028563142,1.7283046e-06,0.006991605,0,0.3560428321361542,0.81538093,0.78440344,0.99475336,0.9169084,0,0.5531387329101562
TSBD_WSSV_8c4a48a3c8,0,0,0,0.22379167,0.17659232,0.11901384,0.6776,0.72849435,0.4739578,0,0.09081842750310898,0.77623576,0.29722354,0.27150294,0.5176038,0,0.3560428321361542,0.10475044,0.025176518,2.6885036e-06,0.008438435,0,0.5531387329101562
TSBD_WSSV_36e8b7c576,0,0,0,0.13611245,0.27475035,0.22546647,0.91274315,0.9998735,0.9252367,0,0.09081842750310898,0.67274594,0.05621753,0.00012479896,0.06411515,0,0.3560428321361542,0.10178757,0.031039257,1.6347869e-06,0.010648143,0,0.5531387329101562
TSBD_WSSV_f62b02d7ce,1,0,0,0.37204513,0.11422033,0.54390687,0.92977196,0.99997926,0.9698028,0,0.09081842750310898,0.39171818,0.036202706,1.896204e-05,0.02280518,0,0.3560428321361542,0.06437496,0.034025278,1.839136e-06,0.007392081,0,0.5531387329101562
TSBD_WSSV_7b5c5d4331,1,1,1,0.78188306,0.01772991,0.08974116,0.06244493,8.548899e-06,0.013472965,0,0.09081842750310898,0.76380587,0.8921727,0.999985,0.9734309,1,0.3560428321361542,0.14645296,0.04538241,6.4559163e-06,0.01309621,0,0.5531387329101562
TSBD_WSSV_1115f3a7b9,0,0,0,0.06676761,0.3716793,0.07564163,0.84471023,0.99498594,0.78231627,0,0.09081842750310898,0.3252051,0.12825742,0.005012378,0.19370246,0,0.3560428321361542,0.5991533,0.027032338,1.6624925e-06,0.023981258,0,0.5531387329101562
TSBD_WSSV_8b19cf1542,1,0,1,0.41291517,0.093249395,0.15343513,0.08283553,2.3649947e-05,0.025696928,0,0.09081842750310898,0.51809067,0.8772886,0.9999728,0.9578504,0,0.3560428321361542,0.3284742,0.03987587,3.479264e-06,0.016452668,0,0.5531387329101562
TSBD_WSSV_e980aeec5d,0,0,0,0.2789944,0.1492925,0.44100735,0.92162734,0.99991906,0.95297736,0,0.09081842750310898,0.4666642,0.04969427,7.989791e-05,0.039580386,0,0.3560428321361542,0.09232843,0.0286783,1.102224e-06,0.0074422443,0,0.5531387329101562
TSBD_WSSV_78620c7961,0,0,0,0.25248772,0.13572502,0.13150097,0.616039,0.4804785,0.40162352,0,0.09081842750310898,0.7592842,0.3574734,0.51951814,0.58987075,0,0.3560428321361542,0.10921488,0.02648761,3.3653773e-06,0.008505699,0,0.5531387329101562
TSBD_WSSV_5cfa598cc4,0,0,0,0.16772456,0.2394082,0.12232513,0.78019947,0.9621954,0.6475024,0,0.09081842750310898,0.75473434,0.19279915,0.037802037,0.34158123,0,0.3560428321361542,0.122940525,0.027001338,2.5146448e-06,0.01091635,0,0.5531387329101562
TSBD_WSSV_2ab0d58abb,0,0,0,0.05827353,0.4017985,0.09954831,0.92127657,0.99994075,0.9257424,0,0.09081842750310898,0.2366673,0.046884034,5.7585403e-05,0.046577908,0,0.3560428321361542,0.66378444,0.031839393,1.6770706e-06,0.027679723,0,0.5531387329101562
TSBD_WSSV_d63f9ec96f,0,0,0,0.08167879,0.3559903,0.10865871,0.895935,0.9994598,0.8624714,0,0.09081842750310898,0.75227815,0.07686925,0.00053902797,0.12482113,0,0.3560428321361542,0.1390631,0.027195808,1.1717216e-06,0.012707486,0,0.5531387329101562
TSBD_WSSV_c6d6c44306,0,0,0,0.2348636,0.18263674,0.3439164,0.9025238,0.9995932,0.9196429,0,0.09081842750310898,0.5540227,0.07131671,0.00040585248,0.07274179,0,0.3560428321361542,0.10206092,0.026159512,9.4091945e-07,0.0076152557,0,0.5531387329101562
TSBD_WSSV_0e98c598e2,0,0,0,0.071758434,0.3769592,0.12045082,0.9218485,0.99992573,0.9178142,0,0.09081842750310898,0.753733,0.048852567,7.3048126e-05,0.069203526,0,0.3560428321361542,0.12581617,0.029299013,1.2299682e-06,0.012982291,0,0.5531387329101562
TSBD_WSSV_0e0b18da56,0,0,0,0.062401615,0.3786056,0.113574915,0.9206721,0.999948,0.92364585,0,0.09081842750310898,0.37352648,0.04503367,4.9586957e-05,0.049635418,0,0.3560428321361542,0.5128986,0.03429418,2.3752373e-06,0.026718715,0,0.5531387329101562
TSBD_WSSV_0e04e30a96,0,0,0,0.2665536,0.16419911,0.3363304,0.8753108,0.99817836,0.8797054,0,0.09081842750310898,0.57836074,0.09993462,0.0018207551,0.11346097,0,0.3560428321361542,0.08530888,0.024754662,9.495216e-07,0.0068335943,0,0.5531387329101562
TSBD_WSSV_b14315239e,0,0,0,0.09124047,0.34009403,0.17082216,0.92669296,0.9999857,0.9509486,0,0.09081842750310898,0.09186461,0.03243242,1.0629022e-05,0.0171391,0,0.3560428321361542,0.7373132,0.040874634,3.6931517e-06,0.031912334,0,0.5531387329101562
TSBD_WSSV_ad26e82e3c,1,0,1,0.46528435,0.06837408,0.122463234,0.4260529,0.04257297,0.20078325,0,0.09081842750310898,0.7571237,0.5454731,0.9574252,0.7912568,0,0.3560428321361542,0.12041301,0.028474,1.890913e-06,0.007959979,0,0.5531387329101562
TSBD_WSSV_cda41068f5,0,0,0,0.11347189,0.30193764,0.21405108,0.9269711,0.9999759,0.9477805,0,0.09081842750310898,0.66100705,0.03795649,2.1919992e-05,0.039063208,0,0.3560428321361542,0.12494184,0.035072353,2.0941757e-06,0.0131562995,0,0.5531387329101562
TSBD_WSSV_f51f241a0d,0,0,0,0.08778405,0.34047544,0.14714706,0.91651773,0.9998877,0.9155698,0,0.09081842750310898,0.6690934,0.054164585,0.00011096695,0.070494585,0,0.3560428321361542,0.18375954,0.029317742,1.2795039e-06,0.013935709,0,0.5531387329101562
TSBD_WSSV_2578508dff,0,0,0,0.27912876,0.15140057,0.43693846,0.92051345,0.99990344,0.95082796,0,0.09081842750310898,0.488061,0.051929392,9.558895e-05,0.042572886,0,0.3560428321361542,0.07500056,0.02755713,9.436112e-07,0.0065991194,0,0.5531387329101562
TSBD_WSSV_45511a46f0,1,1,0,0.6090313,0.052673053,0.6970043,0.9294082,0.9999752,0.9747659,1,0.09081842750310898,0.24569425,0.037673425,2.3111012e-05,0.018910157,0,0.3560428321361542,0.057301443,0.03291834,1.6731457e-06,0.0063239564,0,0.5531387329101562
TSBD_WSSV_87146ab98c,0,0,0,0.14066721,0.27207133,0.17635009,0.87506294,0.9979824,0.8403223,0,0.09081842750310898,0.73552597,0.101611786,0.0020168978,0.15199983,0,0.3560428321361542,0.088123955,0.023325253,7.4529663e-07,0.0076779057,0,0.5531387329101562
TSBD_WSSV_e143d38f01,1,1,1,0.79345256,0.015665222,0.10148279,0.06471288,9.69628e-06,0.0146405455,0,0.09081842750310898,0.7669889,0.8909373,0.9999844,0.97310376,1,0.3560428321361542,0.13152833,0.044349775,5.9243575e-06,0.012255732,0,0.5531387329101562
TSBD_WSSV_ea73217725,0,0,0,0.1078311,0.29263398,0.20022212,0.91010976,0.9997917,0.92368346,0,0.09081842750310898,0.32002744,0.0623387,0.00020726814,0.05972868,0,0.3560428321361542,0.47975037,0.027551558,1.058625e-06,0.016587825,0,0.5531387329101562
TSBD_WSSV_7568f33745,1,0,1,0.7680839,0.017724268,0.17352028,0.08022471,1.9995567e-05,0.02284118,0,0.09081842750310898,0.7335953,0.8805022,0.9999769,0.967959,0,0.3560428321361542,0.092884354,0.039273098,3.156387e-06,0.009199861,0,0.5531387329101562
TSBD_WSSV_c0b728f042,1,0,1,0.6213785,0.043055467,0.17271319,0.078262016,1.8708184e-05,0.023187654,0,0.09081842750310898,0.6440457,0.88132644,0.9999776,0.9640935,0,0.3560428321361542,0.18324111,0.04041151,3.705724e-06,0.01271887,0,0.5531387329101562
TSBD_WSSV_7555e38281,0,0,1,0.085595235,0.34935242,0.08074717,0.08589797,2.723523e-05,0.032889396,0,0.09081842750310898,0.14232817,0.87381536,0.999969,0.9322468,0,0.3560428321361542,0.77692467,0.04028671,3.8096202e-06,0.0348638,0,0.5531387329101562
TSBD_WSSV_d921343af4,0,0,0,0.0828012,0.35575026,0.09493562,0.8805795,0.9999007,0.8788474,0,0.09081842750310898,0.1118476,0.028866956,4.539657e-06,0.017071843,0,0.3560428321361542,0.7932168,0.090553574,9.473227e-05,0.104080744,0,0.5531387329101562
TSBD_WSSV_94a3c39469,0,0,0,0.13723621,0.27409095,0.20863663,0.90292746,0.9995851,0.8994183,0,0.09081842750310898,0.6881089,0.07176101,0.0004141349,0.09202919,0,0.3560428321361542,0.10325449,0.025311554,8.276133e-07,0.008552525,0,0.5531387329101562
TSBD_WSSV_65692fdd3f,0,0,1,0.2169934,0.19287476,0.060894307,0.13485092,0.00019648354,0.040739566,0,0.09081842750310898,0.34723446,0.81750447,0.99979526,0.9292569,0,0.3560428321361542,0.5918712,0.04764462,8.267147e-06,0.030003497,0,0.5531387329101562
TSBD_WSSV_0464ee44c0,0,0,1,0.10194404,0.2925225,0.061706755,0.4176937,0.060080107,0.24142101,0,0.09081842750310898,0.20572111,0.5345328,0.93989396,0.7126532,0,0.3560428321361542,0.7325721,0.047773536,2.5911275e-05,0.045925744,0,0.5531387329101562
TSBD_WSSV_51f7222cef,1,0,1,0.7364918,0.02281944,0.13664837,0.08585036,2.662119e-05,0.023102984,0,0.09081842750310898,0.7200626,0.8756964,0.9999703,0.9663026,0,0.3560428321361542,0.14328898,0.038453206,3.027168e-06,0.010594448,0,0.5531387329101562
TSBD_WSSV_148921b882,0,0,1,0.13246053,0.2790238,0.07328416,0.07625496,1.798803e-05,0.02376997,0,0.09081842750310898,0.22758852,0.881623,0.99997723,0.9454434,0,0.3560428321361542,0.69912726,0.04212202,4.812898e-06,0.030786674,0,0.5531387329101562
TSBD_WSSV_49f573118f,0,0,0,0.06376865,0.38163006,0.07828804,0.86342764,0.99773115,0.8211208,0,0.09081842750310898,0.30030125,0.10784704,0.002266979,0.15258344,0,0.3560428321361542,0.62141067,0.028725278,1.8939692e-06,0.026295742,0,0.5531387329101562
TSBD_WSSV_f7bb98aadd,0,0,0,0.06409073,0.39616603,0.11482002,0.9241805,0.99997306,0.94089484,0,0.09081842750310898,0.09868667,0.03879812,2.4190856e-05,0.025564201,0,0.3560428321361542,0.78649324,0.037021376,2.764771e-06,0.033540946,0,0.5531387329101562
TSBD_WSSV_32f477127b,1,1,1,0.7910654,0.016442858,0.087671734,0.060549084,7.681223e-06,0.012862899,0,0.09081842750310898,0.7699137,0.8933514,0.99998534,0.97390604,1,0.3560428321361542,0.1424146,0.046099547,6.9890716e-06,0.013231074,0,0.5531387329101562
TSBD_WSSV_6532d5dd16,0,0,0,0.18012777,0.22882855,0.30487958,0.92138636,0.9999081,0.94151634,0,0.09081842750310898,0.6164808,0.05091191,9.097175e-05,0.050899565,0,0.3560428321361542,0.07863959,0.02770175,9.650425e-07,0.0075841052,0,0.5531387329101562
TSBD_WSSV_399a1e23cc,1,0,1,0.5471798,0.058283843,0.058047183,0.036193006,1.8151708e-06,0.0070881858,0,0.09081842750310898,0.5966468,0.88100094,0.99987006,0.9479301,0,0.3560428321361542,0.34530607,0.08280607,0.00012806997,0.04498173,0,0.5531387329101562
TSBD_WSSV_c07e032039,1,0,1,0.65963024,0.038810242,0.07017623,0.05454123,5.3745302e-06,0.010900519,0,0.09081842750310898,0.6966343,0.89537567,0.999984,0.97082114,0,0.3560428321361542,0.23318954,0.0500831,1.0554972e-05,0.01827835,0,0.5531387329101562
TSBD_WSSV_a3b514246a,1,1,1,0.78570306,0.017340284,0.07878595,0.051943306,4.730597e-06,0.01049381,0,0.09081842750310898,0.7658685,0.8958694,0.999982,0.9731218,1,0.3560428321361542,0.1553456,0.052187365,1.3238205e-05,0.016384365,0,0.5531387329101562
TSBD_WSSV_9e8ca9f55f,1,1,1,0.8141626,0.012980916,0.093597285,0.056890804,6.1301103e-06,0.012163989,0,0.09081842750310898,0.7817056,0.8950503,0.9999852,0.97446555,1,0.3560428321361542,0.124697074,0.048058957,8.7023545e-06,0.0133704785,0,0.5531387329101562
TSBD_WSSV_978efa34a6,1,0,1,0.64484733,0.04178016,0.06432959,0.05392785,5.2472237e-06,0.010498123,0,0.09081842750310898,0.69049907,0.89559686,0.99998355,0.9705599,0,0.3560428321361542,0.24517131,0.050475284,1.1202012e-05,0.018941965,0,0.5531387329101562
TSBD_WSSV_4575fa460f,0,0,1,0.46005064,0.04501004,0.057555817,0.02520387,3.7230684e-06,0.006138152,0,0.09081842750310898,0.23938659,0.52641416,0.35277826,0.39259863,0,0.3560428321361542,0.70305765,0.448382,0.647218,0.6012632,0,0.5531387329101562
TSBD_WSSV_6e2231b074,1,0,1,0.5037116,0.07271883,0.059039686,0.06334207,8.951195e-06,0.0126986755,0,0.09081842750310898,0.6141299,0.89108694,0.99998426,0.9684432,0,0.3560428321361542,0.32683036,0.045570925,6.788507e-06,0.018858083,0,0.5531387329101562
TSBD_WSSV_18c088457d,1,0,1,0.33727974,0.122196585,0.05571118,0.056845684,6.267897e-06,0.011825489,0,0.09081842750310898,0.49418545,0.89428043,0.99998426,0.96321714,0,0.3560428321361542,0.4501034,0.048873898,9.522892e-06,0.02495736,0,0.5531387329101562
TSBD_WSSV_77302aa089,1,0,1,0.6487714,0.041233372,0.06400425,0.057650007,6.5256213e-06,0.011262533,0,0.09081842750310898,0.69633925,0.8945597,0.99998486,0.9713801,0,0.3560428321361542,0.23965646,0.047790278,8.584846e-06,0.017357396,0,0.5531387329101562
TSBD_WSSV_bc1451b5cd,1,0,1,0.77609986,0.015817612,0.06901681,0.03376752,1.566198e-06,0.0066493885,0,0.09081842750310898,0.73407435,0.87397385,0.99977964,0.9528347,0,0.3560428321361542,0.19690883,0.09225868,0.00021884058,0.040515866,0,0.5531387329101562
TSBD_WSSV_2c0825dfbc,1,1,2,0.84526914,0.010408544,0.078841545,0.046223883,9.250698e-06,0.011132698,0,0.09081842750310898,0.105237916,0.04229108,2.0541595e-06,0.008758111,0,0.3560428321361542,0.81592053,0.911485,0.9999887,0.9801092,1,0.5531387329101562
TSBD_WSSV_21eca1a9bc,1,0,1,0.67306304,0.0353844,0.06840441,0.046007704,3.4792909e-06,0.009157737,0,0.09081842750310898,0.6931185,0.8927276,0.9999672,0.9661404,0,0.3560428321361542,0.23847708,0.061264705,2.932335e-05,0.024701918,0,0.5531387329101562
TSBD_WSSV_a7578fa09c,1,0,2,0.8377279,0.011466451,0.07350652,0.043614957,7.1481854e-06,0.010072656,0,0.09081842750310898,0.1153858,0.044729076,2.4574986e-06,0.009635455,0,0.3560428321361542,0.8111077,0.91165596,0.99999034,0.9802919,0,0.5531387329101562
TSBD_WSSV_8acd11d1ec,1,0,1,0.64321536,0.03979376,0.05895901,0.038849935,2.1733545e-06,0.0073995013,0,0.09081842750310898,0.6651947,0.8867437,0.9999229,0.95806015,0,0.3560428321361542,0.2758463,0.07440641,7.499825e-05,0.034540337,0,0.5531387329101562
TSBD_WSSV_ce8f668353,1,1,2,0.8446431,0.010498181,0.076922186,0.04468153,7.956832e-06,0.010550799,0,0.09081842750310898,0.10767925,0.043642838,2.2570664e-06,0.009128039,0,0.3560428321361542,0.8153986,0.9116756,0.99998975,0.98032117,1,0.5531387329101562
TSBD_WSSV_c5bb7f551a,0,0,1,0.5063396,0.029328398,0.053487286,0.024105221,3.2018893e-06,0.005623377,0,0.09081842750310898,0.28836334,0.52183455,0.32046193,0.40467122,0,0.3560428321361542,0.6581493,0.45406023,0.67953485,0.58970547,0,0.5531387329101562
TSBD_WSSV_95dc6e27d4,1,1,1,0.8111133,0.013170222,0.1091152,0.0585941,6.875659e-06,0.013338761,0,0.09081842750310898,0.7765202,0.8943208,0.99998534,0.974053,1,0.3560428321361542,0.11436463,0.047085106,7.815843e-06,0.012608207,0,0.5531387329101562
TSBD_WSSV_309436940c,1,0,1,0.7124609,0.029365309,0.071432255,0.05436399,5.437499e-06,0.010829401,0,0.09081842750310898,0.72671574,0.8953427,0.9999839,0.97194743,0,0.3560428321361542,0.20185195,0.050293334,1.0702922e-05,0.017223168,0,0.5531387329101562
TSBD_WSSV_29362e9f5a,1,0,1,0.5932899,0.05079812,0.061050944,0.044649716,3.1711215e-06,0.008707596,0,0.09081842750310898,0.6463167,0.89247954,0.99996316,0.96308994,0,0.3560428321361542,0.29263234,0.06287068,3.37004e-05,0.028202424,0,0.5531387329101562
TSBD_WSSV_e67891395a,0,0,1,0.5454427,0.012370493,0.051627748,0.024973158,3.798313e-06,0.0057829744,0,0.09081842750310898,0.3679807,0.517612,0.30821186,0.4314908,0,0.3560428321361542,0.58039165,0.45741487,0.6917843,0.5627262,0,0.5531387329101562
TSBD_WSSV_2653717417,1,0,2,0.7365391,0.018085899,0.06977557,0.024168825,9.588052e-07,0.0051881247,0,0.09081842750310898,0.12797566,0.2578251,0.004037876,0.098792635,0,0.3560428321361542,0.80224884,0.7180061,0.9959611,0.8960193,0,0.5531387329101562
TSBD_WSSV_c98c109e0f,0,0,1,0.18259484,0.23165658,0.055614766,0.03078482,1.3890792e-06,0.008202743,0,0.09081842750310898,0.21122675,0.85447246,0.99933964,0.8663924,0,0.3560428321361542,0.73315847,0.11474273,0.00065896875,0.12540485,0,0.5531387329101562
TSBD_WSSV_3339e18081,0,0,1,0.104879804,0.32036075,0.064496644,0.0384587,2.1497524e-06,0.01219011,0,0.09081842750310898,0.14558178,0.8854191,0.99991,0.90415096,0,0.3560428321361542,0.7899216,0.07612228,8.78347e-05,0.08365893,0,0.5531387329101562
TSBD_WSSV_f675da990c,0,0,1,0.33091113,0.1273737,0.053253382,0.035150323,1.8777479e-06,0.007592233,0,0.09081842750310898,0.4159895,0.87234914,0.9997738,0.92410696,0,0.3560428321361542,0.5307571,0.092500515,0.00022437595,0.06830085,0,0.5531387329101562
TSBD_WSSV_e8d0267684,1,1,2,0.8462133,0.010149874,0.08398127,0.049602572,1.2530799e-05,0.012483495,0,0.09081842750310898,0.10034532,0.040295262,1.7998573e-06,0.008207964,0,0.3560428321361542,0.8156734,0.9101021,0.9999857,0.9793086,1,0.5531387329101562
TSBD_WSSV_93ee9c6175,1,1,2,0.8451858,0.010331222,0.07934696,0.050516844,1.3491131e-05,0.012522373,0,0.09081842750310898,0.104456194,0.039980087,1.7515747e-06,0.008249687,0,0.3560428321361542,0.8161968,0.9095031,0.99998474,0.9792279,1,0.5531387329101562
TSBD_WSSV_56b93bffca,1,1,2,0.8502516,0.009633181,0.086396195,0.047253877,1.0267448e-05,0.011842141,0,0.09081842750310898,0.09564642,0.041596252,2.0036568e-06,0.00835682,0,0.3560428321361542,0.8179574,0.91114986,0.9999877,0.979801,1,0.5531387329101562
TSBD_WSSV_05e0a12846,1,1,2,0.8513527,0.009477773,0.088225245,0.046947803,9.985055e-06,0.011825773,0,0.09081842750310898,0.093278445,0.041797098,2.010345e-06,0.008305549,0,0.3560428321361542,0.81849635,0.9112551,0.99998796,0.97986865,1,0.5531387329101562
TSBD_WSSV_0bc0ac833f,1,1,2,0.85045916,0.009339278,0.093722664,0.053519472,1.753399e-05,0.014348873,0,0.09081842750310898,0.089861,0.038290124,1.5478524e-06,0.0074842945,0,0.3560428321361542,0.8164164,0.9081904,0.9999809,0.9781668,1,0.5531387329101562
TSBD_WSSV_026c64bd33,0,0,0,0.052501746,0.42666635,0.07289153,0.91737556,0.99998283,0.9195735,0,0.09081842750310898,0.12550709,0.031073973,8.112736e-06,0.023251474,0,0.3560428321361542,0.8016014,0.0515504,9.100349e-06,0.05717501,0,0.5531387329101562
TSBD_WSSV_9f2b1f9f8f,1,0,1,0.67724496,0.034431815,0.07062872,0.056905545,6.904802e-06,0.01170354,0,0.09081842750310898,0.6977701,0.88635415,0.999974,0.9665946,0,0.3560428321361542,0.23160112,0.05674029,1.9068644e-05,0.02170193,0,0.5531387329101562
TSBD_WSSV_38f10d750a,0,0,0,0.12931494,0.2853126,0.09944854,0.8113194,0.9988674,0.78366584,0,0.09081842750310898,0.09806048,0.025317065,2.7133208e-06,0.012623872,0,0.3560428321361542,0.80249095,0.16336352,0.0011298676,0.20371021,0,0.5531387329101562
TSBD_WSSV_76536085a9,1,0,2,0.6289599,0.04238492,0.06972158,0.23111264,0.014689441,0.097387604,0,0.09081842750310898,0.13474074,0.027941054,2.2336346e-06,0.0081684515,0,0.3560428321361542,0.7955377,0.7409463,0.98530835,0.894444,0,0.5531387329101562
TSBD_WSSV_e36aec3084,0,0,0,0.069434606,0.3791741,0.11841807,0.922038,0.9999554,0.9241326,0,0.09081842750310898,0.7136131,0.043811195,4.2704407e-05,0.0588064,0,0.3560428321361542,0.16796887,0.034150783,1.9328354e-06,0.017060995,0,0.5531387329101562
TSBD_WSSV_b632ff4665,0,0,0,0.046021596,0.43302044,0.070849754,0.9254941,0.99998665,0.924544,0,0.09081842750310898,0.32145634,0.031020353,8.76424e-06,0.033167955,0,0.3560428321361542,0.6076939,0.043485627,4.5305705e-06,0.04228809,0,0.5531387329101562
TSBD_WSSV_f392420764,1,1,1,0.8225716,0.011610236,0.1073427,0.05786944,6.4845385e-06,0.012991563,0,0.09081842750310898,0.7847032,0.894679,0.99998546,0.97456086,1,0.3560428321361542,0.107954115,0.04745158,8.102636e-06,0.012447577,0,0.5531387329101562
TSBD_WSSV_08f57edf07,1,0,2,0.82615054,0.012934483,0.07046271,0.0435057,7.1175173e-06,0.009942055,0,0.09081842750310898,0.12686051,0.0466046,2.9181665e-06,0.010540423,0,0.3560428321361542,0.8026768,0.9098897,0.99999,0.9795176,0,0.5531387329101562
TSBD_WSSV_922a715bec,0,0,1,0.068314485,0.38415354,0.1362961,0.048864067,4.5704114e-06,0.024746107,0,0.09081842750310898,0.08289167,0.88659555,0.99995685,0.8960925,0,0.3560428321361542,0.7808122,0.064540416,3.8590828e-05,0.07916145,0,0.5531387329101562
TSBD_WSSV_aa0b3c4c15,1,0,1,0.28599423,0.13690878,0.20244162,0.085627764,2.5460527e-05,0.031373374,0,0.09081842750310898,0.41286793,0.87588596,0.9999716,0.95090944,0,0.3560428321361542,0.3846905,0.03848622,2.8744669e-06,0.01771716,0,0.5531387329101562
TSBD_WSSV_daa4ba808b,0,0,1,0.13462709,0.2768938,0.07035071,0.06808446,1.16022e-05,0.020260092,0,0.09081842750310898,0.23158735,0.8883408,0.9999831,0.9480415,0,0.3560428321361542,0.698062,0.043574758,5.3518775e-06,0.031698417,0,0.5531387329101562
TSBD_WSSV_311dd1baf7,0,0,1,0.067899026,0.3875059,0.08114017,0.061700918,8.229977e-06,0.024592927,0,0.09081842750310898,0.10424442,0.89223224,0.99998486,0.9287502,0,0.3560428321361542,0.8146155,0.046066865,6.893711e-06,0.04665687,0,0.5531387329101562
TSBD_WSSV_34ee093e2e,1,0,2,0.8401079,0.011118306,0.07692142,0.04785518,1.08794375e-05,0.011592859,0,0.09081842750310898,0.10987567,0.041426085,1.9703448e-06,0.008745443,0,0.3560428321361542,0.8132029,0.9107187,0.9999871,0.97966176,0,0.5531387329101562
TSBD_WSSV_cbb32ff38a,1,0,2,0.55813,0.05591353,0.064144306,0.0345209,2.366574e-06,0.007640142,0,0.09081842750310898,0.33320358,0.08278516,2.522608e-05,0.03236174,0,0.3560428321361542,0.60265213,0.88269395,0.99997234,0.95999813,0,0.5531387329101562
TSBD_WSSV_9291ca740d,1,1,2,0.8503805,0.009601698,0.09001324,0.04672538,9.679254e-06,0.011814263,0,0.09081842750310898,0.092337824,0.04194119,1.995713e-06,0.008279862,0,0.3560428321361542,0.81764895,0.9113334,0.9999883,0.9799059,1,0.5531387329101562
TSBD_WSSV_73bc44153b,1,1,2,0.85007817,0.009639877,0.09160377,0.046238672,9.122231e-06,0.011693785,0,0.09081842750310898,0.091075525,0.042338517,2.039817e-06,0.008312903,0,0.3560428321361542,0.81732064,0.9114228,0.9999888,0.97999334,1,0.5531387329101562
TSBD_WSSV_4491558e57,1,1,2,0.8470171,0.010024067,0.09295764,0.046337716,9.217138e-06,0.011800848,0,0.09081842750310898,0.09212549,0.04241528,2.0556647e-06,0.00837398,0,0.3560428321361542,0.8149169,0.91124696,0.9999888,0.9798252,1,0.5531387329101562
TSBD_WSSV_1ee4a00587,1,0,2,0.80378705,0.016487155,0.06564498,0.046504624,9.294372e-06,0.010581724,0,0.09081842750310898,0.1409988,0.043235276,2.1957917e-06,0.010027427,0,0.3560428321361542,0.7933562,0.91026,0.99998856,0.9793908,0,0.5531387329101562
TSBD_WSSV_ecb905238d,1,1,2,0.84922445,0.009658722,0.088664286,0.050379958,1.3299692e-05,0.0129599,0,0.09081842750310898,0.09464439,0.039893974,1.7143548e-06,0.007924408,0,0.3560428321361542,0.8166914,0.9097261,0.999985,0.9791157,1,0.5531387329101562
TSBD_WSSV_ccd255a2df,1,0,2,0.8390112,0.011135434,0.078218125,0.052811436,1.657446e-05,0.013265374,0,0.09081842750310898,0.10906774,0.03917046,1.6616804e-06,0.008223958,0,0.3560428321361542,0.8127141,0.9080181,0.99998176,0.9785106,0,0.5531387329101562
TSBD_WSSV_584c5a10d0,1,1,2,0.849189,0.009776876,0.08386432,0.047030155,9.949089e-06,0.011625852,0,0.09081842750310898,0.09873361,0.04200131,2.003021e-06,0.008490136,0,0.3560428321361542,0.817402,0.91096854,0.9999881,0.97988397,1,0.5531387329101562
TSBD_WSSV_aa58f57ab0,1,0,2,0.83271575,0.0122777,0.071636274,0.046654146,9.709124e-06,0.010942686,0,0.09081842750310898,0.11837687,0.042048123,2.0332304e-06,0.009106626,0,0.3560428321361542,0.8099869,0.91129774,0.9999883,0.97995067,0,0.5531387329101562
TSBD_WSSV_4f3b6f89a8,1,1,2,0.8498498,0.009707054,0.084321305,0.04627528,9.161699e-06,0.011372531,0,0.09081842750310898,0.097833484,0.042396646,2.0550726e-06,0.008541066,0,0.3560428321361542,0.8178451,0.91132814,0.9999888,0.98008645,1,0.5531387329101562
TSBD_WSSV_279702ba92,1,0,2,0.83168286,0.01091914,0.08355722,0.08784726,0.00016109554,0.026931144,0,0.09081842750310898,0.10374301,0.031395867,1.1189771e-06,0.0067671905,0,0.3560428321361542,0.81269974,0.8807569,0.99983776,0.9663016,0,0.5531387329101562
TSBD_WSSV_9dc876dd17,1,0,2,0.52853507,0.06844339,0.056040317,0.06293503,3.445328e-05,0.015987447,0,0.09081842750310898,0.2988085,0.03742796,1.5591405e-06,0.01223937,0,0.3560428321361542,0.6451512,0.8996369,0.999964,0.9717732,0,0.5531387329101562
TSBD_WSSV_0ce34b5766,1,0,2,0.81429374,0.014229932,0.070829876,0.07395195,7.197332e-05,0.020096898,0,0.09081842750310898,0.1236659,0.034988128,1.3732282e-06,0.0079011815,0,0.3560428321361542,0.8055042,0.8910599,0.99992657,0.97200197,0,0.5531387329101562
TSBD_WSSV_6c3afb6716,0,0,0,0.11618201,0.30330718,0.16373913,0.8941747,0.99994373,0.91484123,0,0.09081842750310898,0.08027941,0.024539338,2.6565585e-06,0.0108435275,0,0.3560428321361542,0.75598145,0.081285976,5.3600972e-05,0.07431519,0,0.5531387329101562
TSBD_WSSV_366db07a25,0,0,0,0.052096937,0.42295462,0.059990376,0.9055518,0.9999701,0.8959668,0,0.09081842750310898,0.20333897,0.024528358,2.7348804e-06,0.020891555,0,0.3560428321361542,0.7366706,0.06991985,2.7179269e-05,0.08314162,0,0.5531387329101562
TSBD_WSSV_b84a0005bf,1,0,2,0.84094226,0.010286341,0.08107983,0.07008151,5.5005326e-05,0.0193898,0,0.09081842750310898,0.10338078,0.034091722,1.1742248e-06,0.007072083,0,0.3560428321361542,0.8155394,0.89582676,0.99994385,0.97353816,0,0.5531387329101562
TSBD_WSSV_6624c91a73,1,1,2,0.84997916,0.0096972585,0.08403939,0.046606004,9.600459e-06,0.011500952,0,0.09081842750310898,0.097888574,0.04208061,2.017038e-06,0.008480928,0,0.3560428321361542,0.818072,0.9113133,0.9999883,0.98001814,1,0.5531387329101562
TSBD_WSSV_8a1517bc0e,0,0,0,0.056998786,0.4012382,0.06506216,0.8919229,0.9999422,0.88098717,0,0.09081842750310898,0.30047637,0.027036956,3.976309e-06,0.025952127,0,0.3560428321361542,0.63446146,0.081040144,5.3918244e-05,0.09306072,0,0.5531387329101562
TSBD_WSSV_cada06cffd,1,0,2,0.6363662,0.040349092,0.053567693,0.04075224,5.8608434e-06,0.009016365,0,0.09081842750310898,0.28984863,0.07959091,2.7318338e-05,0.029936053,0,0.3560428321361542,0.65658367,0.8796568,0.99996686,0.9610476,0,0.5531387329101562
TSBD_WSSV_72abeff3dc,1,0,2,0.83288884,0.011138893,0.08026397,0.08130764,0.00011021107,0.023760179,0,0.09081842750310898,0.10547194,0.03195432,1.0576298e-06,0.0067805755,0,0.3560428321361542,0.81426406,0.8867381,0.99988866,0.9694593,0,0.5531387329101562
TSBD_WSSV_71629aa3f2,1,1,2,0.8457326,0.010215534,0.08081743,0.05284893,1.6750491e-05,0.01342602,0,0.09081842750310898,0.1024808,0.03854679,1.5859871e-06,0.007900021,0,0.3560428321361542,0.8167017,0.90860426,0.99998164,0.97867393,1,0.5531387329101562
TSBD_WSSV_bd69e16b82,0,0,0,0.23874277,0.15622014,0.07361735,0.5446314,0.22252843,0.27699292,0,0.09081842750310898,0.7309982,0.42626125,0.7774679,0.71148145,0,0.3560428321361542,0.19538441,0.029107342,3.6622691e-06,0.011525638,0,0.5531387329101562
TSBD_WSSV_6fd5eb945a,0,0,0,0.12910256,0.28530058,0.1372861,0.85339653,0.9951584,0.7852289,0,0.09081842750310898,0.7618175,0.12262923,0.0048407055,0.2059337,0,0.3560428321361542,0.10089642,0.02397427,9.533677e-07,0.008837401,0,0.5531387329101562
TSBD_WSSV_7ed3990ccb,1,1,1,0.81653935,0.012446867,0.100072116,0.0614175,8.071537e-06,0.013626789,0,0.09081842750310898,0.782017,0.89296347,0.9999852,0.9742282,1,0.3560428321361542,0.11791091,0.045618985,6.650955e-06,0.012144995,0,0.5531387329101562
TSBD_WSSV_8b1c70a3bc,1,1,1,0.81424487,0.013003258,0.09190906,0.058726985,6.843168e-06,0.0125328535,0,0.09081842750310898,0.7827795,0.89449286,0.9999856,0.9746041,1,0.3560428321361542,0.12531145,0.04678014,7.5572566e-06,0.012863036,0,0.5531387329101562
TSBD_WSSV_f583f8e371,1,0,2,0.82927996,0.01220787,0.07973585,0.065485366,4.2276097e-05,0.017776087,0,0.09081842750310898,0.111327104,0.03451156,1.2017581e-06,0.0073473565,0,0.3560428321361542,0.8089371,0.9000031,0.9999565,0.9748765,0,0.5531387329101562
TSBD_WSSV_493953f127,1,1,2,0.84419006,0.010548275,0.07905322,0.04653233,9.3580275e-06,0.011206095,0,0.09081842750310898,0.10575973,0.042108595,2.0178197e-06,0.0087279305,0,0.3560428321361542,0.81518704,0.9113591,0.99998856,0.98006594,1,0.5531387329101562
TSBD_WSSV_1139b0bbb2,1,1,2,0.847832,0.010007037,0.08301878,0.046963096,9.791509e-06,0.011541896,0,0.09081842750310898,0.10005513,0.041714866,1.9642648e-06,0.008471485,0,0.3560428321361542,0.81692606,0.911322,0.9999883,0.9799866,1,0.5531387329101562
TSBD_WSSV_735499e204,0,0,0,0.049441457,0.4309554,0.07938118,0.92799705,0.9999778,0.9247631,0,0.09081842750310898,0.721054,0.036881413,2.0106516e-05,0.053920608,0,0.3560428321361542,0.19956486,0.035121545,2.0521124e-06,0.021316355,0,0.5531387329101562
TSBD_WSSV_01066cc969,0,0,2,0.23133186,0.18614194,0.059879825,0.044418544,7.408968e-06,0.012278012,0,0.09081842750310898,0.5639378,0.047159,3.0360563e-06,0.023132434,0,0.3560428321361542,0.37618238,0.9084225,0.9999896,0.96458966,0,0.5531387329101562
TSBD_WSSV_941d089361,0,0,0,0.05973543,0.40334,0.10106793,0.9271961,0.9999877,0.9376745,0,0.09081842750310898,0.16628236,0.030295258,8.144046e-06,0.022977034,0,0.3560428321361542,0.73264974,0.042508617,4.177704e-06,0.03934842,0,0.5531387329101562
TSBD_WSSV_629e5c7c92,1,0,2,0.43191066,0.079877354,0.07119421,0.36747688,0.1764048,0.19929232,0,0.09081842750310898,0.13046339,0.027060436,5.1413e-06,0.009433342,0,0.3560428321361542,0.79834247,0.6054627,0.8235901,0.7912743,0,0.5531387329101562
TSBD_WSSV_cf01831715,0,0,0,0.088522345,0.32242844,0.07720804,0.8167976,0.9990533,0.7867982,0,0.09081842750310898,0.38571888,0.035231158,1.2220553e-05,0.03495767,0,0.3560428321361542,0.537073,0.14797121,0.00093445426,0.17824414,0,0.5531387329101562
TSBD_WSSV_2c0f3e0b28,1,0,2,0.8316096,0.012262193,0.0745687,0.04429221,7.4721383e-06,0.010303905,0,0.09081842750310898,0.11874106,0.044611663,2.4170108e-06,0.009707078,0,0.3560428321361542,0.8066902,0.91109604,0.9999901,0.979989,0,0.5531387329101562
TSBD_WSSV_801c0b8b82,0,0,2,0.4753817,0.02831655,0.06573005,0.14176267,0.004902764,0.05923809,0,0.09081842750310898,0.6430967,0.41101652,0.33700985,0.49517012,0,0.3560428321361542,0.29117325,0.4472208,0.6580874,0.44559178,0,0.5531387329101562
TSBD_WSSV_f2274525f7,1,1,2,0.841898,0.010799034,0.07848757,0.049592964,1.2323629e-05,0.01216058,0,0.09081842750310898,0.10747548,0.04062023,1.8559447e-06,0.008497529,0,0.3560428321361542,0.81403697,0.9097869,0.9999858,0.97934186,1,0.5531387329101562
TSBD_WSSV_2e17c58aad,1,1,2,0.8475643,0.01000358,0.08264009,0.048578728,1.1457125e-05,0.01207401,0,0.09081842750310898,0.100558616,0.04088486,1.8844596e-06,0.008340769,0,0.3560428321361542,0.8168013,0.9105364,0.99998665,0.97958523,1,0.5531387329101562
TSBD_WSSV_bb9d07b1e5,1,0,2,0.8404061,0.011105064,0.074141294,0.04415966,7.4301006e-06,0.01023093,0,0.09081842750310898,0.11285937,0.04416741,2.3247248e-06,0.009394894,0,0.3560428321361542,0.81299937,0.91167295,0.9999902,0.98037416,0,0.5531387329101562
TSBD_WSSV_950d6de8a1,1,0,1,0.73884505,0.024588652,0.08630135,0.061253857,8.008024e-06,0.0131387,0,0.09081842750310898,0.73897725,0.8925035,0.99998474,0.97235537,0,0.3560428321361542,0.17472138,0.046242673,7.1965665e-06,0.014505961,0,0.5531387329101562
TSBD_WSSV_0b909fea6f,1,1,2,0.8429973,0.010333513,0.09623351,0.05164623,1.4240499e-05,0.013705681,0,0.09081842750310898,0.093099155,0.039699934,1.6794353e-06,0.007848436,0,0.3560428321361542,0.81066734,0.90865386,0.99998415,0.9784459,1,0.5531387329101562
TSBD_WSSV_50b41d3123,1,1,2,0.8474882,0.010059417,0.08043732,0.046027675,8.931376e-06,0.011108373,0,0.09081842750310898,0.10275741,0.042670123,2.0979373e-06,0.008754811,0,0.3560428321361542,0.81680524,0.9113022,0.9999889,0.9801368,1,0.5531387329101562
TSBD_WSSV_1d66e28720,1,0,2,0.7845152,0.01935868,0.06319777,0.04371655,7.1843247e-06,0.009695291,0,0.09081842750310898,0.15593357,0.045578413,2.6617188e-06,0.011110926,0,0.3560428321361542,0.78086865,0.91070503,0.9999902,0.9791938,0,0.5531387329101562
TSBD_WSSV_f9303a9060,0,0,2,0.32029465,0.13754684,0.07312055,0.026160846,1.2490439e-06,0.007748641,0,0.09081842750310898,0.71817297,0.25468922,0.0038662297,0.23954964,0,0.3560428321361542,0.20870653,0.71914995,0.9961325,0.7527017,0,0.5531387329101562
TSBD_WSSV_ffd6ae5c1c,1,1,2,0.85077196,0.009586446,0.08592613,0.045583516,8.631991e-06,0.011233457,0,0.09081842750310898,0.095767476,0.04283585,2.1267365e-06,0.008573662,0,0.3560428321361542,0.8183064,0.91158056,0.9999893,0.98019284,1,0.5531387329101562
TSBD_WSSV_6a97515cc2,0,0,2,0.12149534,0.29606324,0.077139676,0.03155347,1.7322524e-06,0.011006072,0,0.09081842750310898,0.7509924,0.07796549,1.8809815e-05,0.0590877,0,0.3560428321361542,0.1718679,0.8904811,0.9999794,0.9299062,0,0.5531387329101562
TSBD_WSSV_6a19d7effb,1,0,2,0.6201232,0.045117125,0.06323067,0.04830007,1.051107e-05,0.011578922,0,0.09081842750310898,0.27553514,0.062560566,9.834305e-06,0.02148739,0,0.3560428321361542,0.66123426,0.8891394,0.99997973,0.9669337,0,0.5531387329101562
TSBD_WSSV_9872bb742f,1,1,2,0.8451005,0.010260995,0.080497876,0.054402936,1.836625e-05,0.013839835,0,0.09081842750310898,0.10299781,0.03798293,1.4948604e-06,0.007771355,0,0.3560428321361542,0.81650424,0.9076141,0.9999801,0.9783888,1,0.5531387329101562
TSBD_WSSV_e44f2c0a8a,0,0,0,0.054774657,0.41900775,0.06635694,0.90740865,0.9999738,0.90254354,0,0.09081842750310898,0.14405152,0.027053542,4.0280534e-06,0.020314226,0,0.3560428321361542,0.78959155,0.065537825,2.2126127e-05,0.07714224,0,0.5531387329101562
TSBD_WSSV_f1294af3d4,1,1,0,0.49971643,0.07729303,0.6300846,0.92925984,0.99998546,0.9762575,1,0.09081842750310898,0.05856651,0.03274924,1.1857142e-05,0.0097595155,0,0.3560428321361542,0.31134892,0.03799092,2.7540657e-06,0.013983042,0,0.5531387329101562
TSBD_WSSV_264790eb51,0,0,0,0.047911324,0.44047168,0.07152111,0.9263215,0.99998665,0.9297449,0,0.09081842750310898,0.1333328,0.03119302,9.068736e-06,0.024650935,0,0.3560428321361542,0.7951461,0.042485487,4.308719e-06,0.045604166,0,0.5531387329101562
TSBD_WSSV_11430ce0d0,1,0,2,0.3712066,0.09799622,0.063846156,0.36619455,0.1796628,0.19792122,0,0.09081842750310898,0.20322357,0.02988403,8.00185e-06,0.012957159,0,0.3560428321361542,0.7329303,0.6039215,0.82032925,0.7891217,0,0.5531387329101562
TSBD_WSSV_74c3607b95,1,1,2,0.851241,0.009348951,0.08306094,0.037824713,3.846133e-06,0.008696152,0,0.09081842750310898,0.099691615,0.052238166,4.1496564e-06,0.010883327,0,0.3560428321361542,0.81724745,0.9099371,0.999992,0.98042053,1,0.5531387329101562
TSBD_WSSV_2c43cd74d0,1,1,2,0.8482825,0.009869715,0.09336927,0.046447318,9.4650595e-06,0.011888638,0,0.09081842750310898,0.09070189,0.042168524,2.0404198e-06,0.008290075,0,0.3560428321361542,0.8159289,0.9113841,0.99998856,0.97982126,1,0.5531387329101562
TSBD_WSSV_59d2b7350f,1,0,2,0.7588281,0.020607147,0.07751745,0.16000605,0.0024140428,0.059191592,0,0.09081842750310898,0.10902423,0.02690812,1.0992967e-06,0.006417464,0,0.3560428321361542,0.8134584,0.8130858,0.99758494,0.9343909,0,0.5531387329101562
TSBD_WSSV_5e189248db,1,1,2,0.85043323,0.009588297,0.09360607,0.046683207,9.675443e-06,0.011971143,0,0.09081842750310898,0.08887867,0.041909162,1.9931133e-06,0.008164832,0,0.3560428321361542,0.8175153,0.91140765,0.9999883,0.97986406,1,0.5531387329101562
TSBD_WSSV_9f5ca0e80d,1,0,2,0.8341787,0.010879181,0.12528186,0.06214095,3.3751185e-05,0.019479072,0,0.09081842750310898,0.07565991,0.034813892,1.180111e-06,0.0064328867,0,0.3560428321361542,0.7990582,0.9030451,0.9999651,0.9740881,0,0.5531387329101562
TSBD_WSSV_b626137b45,1,1,2,0.85058445,0.009553087,0.09354747,0.047242425,1.0144009e-05,0.012146938,0,0.09081842750310898,0.08891654,0.04152831,1.9364868e-06,0.008085669,0,0.3560428321361542,0.81753594,0.91122925,0.99998796,0.97976744,1,0.5531387329101562
TSBD_WSSV_27c2a5d56f,1,0,2,0.8346902,0.011188477,0.07896933,0.074852705,7.56382e-05,0.021098524,0,0.09081842750310898,0.10608905,0.032531038,1.0656953e-06,0.0068555963,0,0.3560428321361542,0.8149416,0.8926163,0.9999232,0.9720459,0,0.5531387329101562
TSBD_WSSV_eee60542d7,1,0,2,0.82970846,0.01243435,0.07599147,0.055099584,1.8942002e-05,0.013778158,0,0.09081842750310898,0.115954846,0.038440574,1.5554547e-06,0.008240423,0,0.3560428321361542,0.80805373,0.90645987,0.9999795,0.97798145,0,0.5531387329101562
TSBD_WSSV_d9ea0715c2,0,0,0,0.10026462,0.32553017,0.07992417,0.8340415,0.999421,0.8033902,0,0.09081842750310898,0.10719652,0.022098372,1.5314247e-06,0.011941245,0,0.3560428321361542,0.8128793,0.14386015,0.00057746796,0.18466857,0,0.5531387329101562
TSBD_WSSV_514bb3ccf8,1,1,2,0.84180236,0.01007933,0.09965408,0.06198218,3.389908e-05,0.01792287,0,0.09081842750310898,0.09198536,0.035224494,1.241334e-06,0.0069748717,0,0.3560428321361542,0.8083606,0.90279335,0.99996495,0.97510225,1,0.5531387329101562
TSBD_WSSV_d3cfe64d62,1,0,2,0.33869758,0.09434666,0.080204174,0.43309775,0.4163634,0.27089486,0,0.09081842750310898,0.10913287,0.02497387,5.129389e-06,0.008712442,0,0.3560428321361542,0.8106629,0.5419284,0.5836314,0.7203927,0,0.5531387329101562
TSBD_WSSV_f825fa69cd,1,0,2,0.8305798,0.01235718,0.07767324,0.047497798,1.0410572e-05,0.01152569,0,0.09081842750310898,0.11624443,0.042372495,2.159816e-06,0.009205036,0,0.3560428321361542,0.80608225,0.91012967,0.9999875,0.9792693,0,0.5531387329101562
TSBD_WSSV_b899fa53da,1,0,2,0.72135854,0.029692773,0.05910068,0.07152599,6.0500606e-05,0.018297099,0,0.09081842750310898,0.18000887,0.035031956,1.3621702e-06,0.009176402,0,0.3560428321361542,0.76089036,0.8934421,0.99993813,0.97252655,0,0.5531387329101562
TSBD_WSSV_8b9052d96f,1,0,2,0.8183651,0.014400741,0.067328036,0.04653402,9.348564e-06,0.0106496755,0,0.09081842750310898,0.13028795,0.042405397,2.071013e-06,0.009519511,0,0.3560428321361542,0.802384,0.9110605,0.9999887,0.9798308,0,0.5531387329101562
TSBD_WSSV_376e37e18c,1,0,1,0.64150476,0.038151927,0.07832337,0.20442237,0.0010163838,0.05898607,0,0.09081842750310898,0.74808425,0.75766194,0.9989806,0.9296002,0,0.3560428321361542,0.17359239,0.037915718,3.0334036e-06,0.011413759,0,0.5531387329101562
TSBD_WSSV_33b7d18fc1,1,1,2,0.8501973,0.009673511,0.084773004,0.04652249,9.521652e-06,0.011506591,0,0.09081842750310898,0.09703186,0.042032808,2.0231435e-06,0.008454848,0,0.3560428321361542,0.81819516,0.9114447,0.99998844,0.9800385,1,0.5531387329101562
TSBD_WSSV_5ae365cdb5,1,0,2,0.78898275,0.018323475,0.064911395,0.03894577,4.2817483e-06,0.008387374,0,0.09081842750310898,0.1566074,0.05090305,3.73413e-06,0.012529659,0,0.3560428321361542,0.7784812,0.91015124,0.999992,0.979083,0,0.5531387329101562
TSBD_WSSV_48983cce39,1,0,2,0.5042782,0.067761324,0.37474087,0.087763526,0.00015843922,0.050316665,0,0.09081842750310898,0.060685102,0.0313372,1.0794039e-06,0.006171417,0,0.3560428321361542,0.56457406,0.88089925,0.9998405,0.94351196,0,0.5531387329101562
TSBD_WSSV_f41afb12de,1,1,2,0.8418038,0.0108611705,0.076966524,0.04470398,7.937513e-06,0.010559436,0,0.09081842750310898,0.10973958,0.043855295,2.3111224e-06,0.009260702,0,0.3560428321361542,0.8132939,0.91144073,0.99998975,0.9801799,1,0.5531387329101562
TSBD_WSSV_719214e8fc,0,0,0,0.045574848,0.4284466,0.058942836,0.90736115,0.9999676,0.89510435,0,0.09081842750310898,0.5493504,0.039202318,2.1299024e-05,0.05531388,0,0.3560428321361542,0.39170673,0.053436525,1.1096083e-05,0.049581766,0,0.5531387329101562
TSBD_WSSV_f9b891c236,1,0,2,0.78727466,0.016885875,0.07760812,0.124230206,0.000734624,0.041730437,0,0.09081842750310898,0.11462301,0.028386282,1.0065379e-06,0.0065853707,0,0.3560428321361542,0.8077689,0.84738356,0.9992644,0.9516842,0,0.5531387329101562
TSBD_WSSV_60bf799ad0,1,1,2,0.85154295,0.009478481,0.08794357,0.046112817,9.161437e-06,0.011516903,0,0.09081842750310898,0.09329747,0.04230153,2.0664793e-06,0.008396778,0,0.3560428321361542,0.81875896,0.9115856,0.9999888,0.98008627,1,0.5531387329101562
TSBD_WSSV_3221471a09,1,0,2,0.80264133,0.016693886,0.0665676,0.045633093,8.626443e-06,0.010388699,0,0.09081842750310898,0.14094357,0.043243136,2.215308e-06,0.010045981,0,0.3560428321361542,0.7924888,0.9111239,0.99998915,0.9795653,0,0.5531387329101562
TSBD_WSSV_81c77d6283,1,0,2,0.838769,0.010975423,0.112174995,0.050610296,1.386132e-05,0.014259703,0,0.09081842750310898,0.08002241,0.03956034,1.7010469e-06,0.007454397,0,0.3560428321361542,0.80780256,0.9098293,0.9999845,0.97828597,0,0.5531387329101562
TSBD_WSSV_7ba0bac7cd,0,0,0,0.083305314,0.34992334,0.15254503,0.9267937,0.9999875,0.94640654,0,0.09081842750310898,0.16443066,0.030708391,8.590537e-06,0.0203428,0,0.3560428321361542,0.6830243,0.04249797,3.9918473e-06,0.033250652,0,0.5531387329101562
TSBD_WSSV_b8b164e72b,0,0,0,0.047575507,0.41944802,0.058064703,0.89680815,0.9999515,0.88617915,0,0.09081842750310898,0.4137931,0.024487384,2.6840007e-06,0.026797624,0,0.3560428321361542,0.52814215,0.07870455,4.572517e-05,0.087023266,0,0.5531387329101562
TSBD_WSSV_7942e3c67c,1,0,2,0.7771016,0.019306164,0.06906194,0.1040575,0.00031800434,0.031430844,0,0.09081842750310898,0.13232943,0.031115567,1.1653239e-06,0.007465725,0,0.3560428321361542,0.7986086,0.864827,0.9996809,0.96110344,0,0.5531387329101562
TSBD_WSSV_e572949946,1,0,2,0.83435243,0.010135542,0.09114046,0.09163661,0.0001838447,0.029072398,0,0.09081842750310898,0.098471776,0.030408518,9.345726e-07,0.0063225194,0,0.3560428321361542,0.81038773,0.8779548,0.9998153,0.96460503,0,0.5531387329101562
TSBD_WSSV_a204c36610,0,0,0,0.10345536,0.32011962,0.18372808,0.9218223,0.99998605,0.9473535,0,0.09081842750310898,0.09160002,0.029628236,6.9071775e-06,0.014680871,0,0.3560428321361542,0.7246718,0.048549462,7.0466745e-06,0.03796557,0,0.5531387329101562
TSBD_WSSV_9c4b4f11b8,1,0,2,0.83720267,0.010153735,0.09116929,0.074687146,7.4321244e-05,0.022149302,0,0.09081842750310898,0.10179154,0.034422316,1.2821577e-06,0.007212656,0,0.3560428321361542,0.80703914,0.8908905,0.9999244,0.97063804,0,0.5531387329101562
TSBD_WSSV_687a703a75,1,1,0,0.52488196,0.069988966,0.63076574,0.9294804,0.999984,0.97379243,1,0.09081842750310898,0.17495771,0.033662897,1.3635864e-05,0.014858918,0,0.3560428321361542,0.1942766,0.03685674,2.4059734e-06,0.011348637,0,0.5531387329101562
TSBD_WSSV_60273dd644,0,0,0,0.06352867,0.396487,0.07138884,0.894342,0.99994767,0.88692796,0,0.09081842750310898,0.13195544,0.023986576,2.3367443e-06,0.01613627,0,0.3560428321361542,0.79665565,0.081671424,4.9924074e-05,0.09693574,0,0.5531387329101562
TSBD_WSSV_c29e86db5b,0,0,0,0.05556624,0.41781342,0.095631175,0.92906946,0.99998474,0.9406505,0,0.09081842750310898,0.118277974,0.033206686,1.267378e-05,0.023727233,0,0.3560428321361542,0.7860909,0.037723772,2.6372554e-06,0.03562221,0,0.5531387329101562
TSBD_WSSV_79fa511ed0,0,0,0,0.19767042,0.214807,0.3062882,0.9099824,0.99997663,0.94842356,0,0.09081842750310898,0.070562646,0.024870358,2.8519785e-06,0.00873738,0,0.3560428321361542,0.62314916,0.065147184,2.046096e-05,0.042839002,0,0.5531387329101562
TSBD_WSSV_58e35ef754,0,0,0,0.087638296,0.33831477,0.16780815,0.9282848,0.99998057,0.9440679,0,0.09081842750310898,0.6294676,0.035773735,1.7225258e-05,0.03862261,0,0.3560428321361542,0.20272428,0.03594143,2.2382899e-06,0.017309405,0,0.5531387329101562
TSBD_WSSV_1ce4e5b49f,0,0,1,0.56723934,0.024924848,0.053545468,0.025422042,2.7700191e-06,0.0058397353,0,0.09081842750310898,0.46600124,0.6847009,0.9133588,0.6958863,0,0.3560428321361542,0.4804533,0.2898771,0.086638406,0.29827398,0,0.5531387329101562
TSBD_WSSV_ea57134108,1,0,1,0.6739634,0.036419563,0.06503868,0.055449408,5.7943753e-06,0.0108006215,0,0.09081842750310898,0.7085138,0.8951665,0.99998426,0.97154105,0,0.3560428321361542,0.22644755,0.049384132,9.898494e-06,0.017658379,0,0.5531387329101562
TSBD_WSSV_8b1af1900d,1,0,1,0.6046286,0.050025128,0.05947264,0.056892663,6.2220174e-06,0.010933348,0,0.09081842750310898,0.671963,0.8946229,0.99998474,0.97048354,0,0.3560428321361542,0.26856434,0.048484404,9.041765e-06,0.018583145,0,0.5531387329101562
TSBD_WSSV_2f46cb1b79,0,0,0,0.07099368,0.3813152,0.10544059,0.9124993,0.9999782,0.9226268,0,0.09081842750310898,0.09011165,0.024988443,3.050847e-06,0.013643023,0,0.3560428321361542,0.8044477,0.06251219,1.869951e-05,0.06373015,0,0.5531387329101562
TSBD_WSSV_383e727d4a,1,1,2,0.8485625,0.009702296,0.09423058,0.050949324,1.4133533e-05,0.013471966,0,0.09081842750310898,0.09026377,0.03933753,1.6630287e-06,0.00769971,0,0.3560428321361542,0.8155057,0.9097131,0.99998415,0.9788283,1,0.5531387329101562
TSBD_WSSV_b076b7af44,1,0,2,0.69380987,0.028692137,0.08808011,0.23449628,0.01842519,0.10920428,0,0.09081842750310898,0.09519113,0.026004536,1.9015514e-06,0.0066525997,0,0.3560428321361542,0.8167288,0.73949915,0.981573,0.8841432,0,0.5531387329101562
TSBD_WSSV_6a65b3c303,1,1,2,0.84880155,0.009785616,0.085361905,0.0489165,1.2006087e-05,0.012363031,0,0.09081842750310898,0.097633176,0.04075796,1.8703927e-06,0.00822979,0,0.3560428321361542,0.8170049,0.9103255,0.99998605,0.9794072,1,0.5531387329101562
TSBD_WSSV_d552ad13be,1,1,1,0.79726416,0.01573371,0.08161022,0.06012873,7.3801953e-06,0.012371993,0,0.09081842750310898,0.7765337,0.89395124,0.9999857,0.9744838,1,0.3560428321361542,0.14185606,0.045919962,6.9630687e-06,0.0131442575,0,0.5531387329101562
TSBD_WSSV_64069923e3,1,0,2,0.78543466,0.018349634,0.16028602,0.055599518,2.0972384e-05,0.018568052,0,0.09081842750310898,0.0686588,0.037337624,1.4543689e-06,0.00676528,0,0.3560428321361542,0.77105516,0.9070628,0.9999776,0.9746667,0,0.5531387329101562
