sample_id,tri_consensus,selected,consensus_class,tri_score,source_ema_js,p_source_BG,p_ema_BG,p_proto_BG,q_consensus_BG,selected_BG,target_prior_BG,p_source_Healthy,p_ema_Healthy,p_proto_Healthy,q_consensus_Healthy,selected_Healthy,target_prior_Healthy,p_source_WSSV,p_ema_WSSV,p_proto_WSSV,q_consensus_WSSV,selected_WSSV,target_prior_WSSV
TSBD_BG_b9ded89290,1,1,0,0.86925966,0.006711846,0.8303713,0.9046461,0.99999046,0.9799337,1,0.07873282581567764,0.1019872,0.047623966,5.9129748e-06,0.011256683,0,0.3660072088241577,0.06764147,0.04772991,3.543769e-06,0.008809678,0,0.5552599430084229
TSBD_BG_ec6804e1c1,1,1,0,0.895509,0.0034703417,0.8506498,0.9049113,0.9999908,0.9810559,1,0.07873282581567764,0.07613199,0.04697081,5.545962e-06,0.009896363,0,0.3660072088241577,0.07321824,0.048117857,3.5922312e-06,0.009047665,0,0.5552599430084229
TSBD_BG_e6c7f786d1,1,0,1,0.7801903,0.013689322,0.1710733,0.077816814,1.659682e-05,0.021860149,0,0.07873282581567764,0.727874,0.85794264,0.9999795,0.96566266,0,0.3660072088241577,0.10105275,0.064240545,3.8885946e-06,0.01247716,0,0.5552599430084229
TSBD_BG_27046d49de,1,1,0,0.8115278,0.010096806,0.81116605,0.80759835,0.9984004,0.93311393,1,0.07873282581567764,0.08958309,0.03353113,2.0372627e-06,0.007502183,0,0.3660072088241577,0.099250905,0.15887058,0.0015976165,0.05938387,0,0.5552599430084229
TSBD_BG_ef94f9e30a,1,1,2,0.869653,0.0044875806,0.08184415,0.0613892,3.669392e-06,0.010782484,0,0.07873282581567764,0.10172774,0.057354353,4.589847e-06,0.01180134,0,0.3660072088241577,0.81642807,0.88125646,0.99999166,0.97741616,1,0.5552599430084229
TSBD_BG_014cc1626a,1,0,2,0.36372122,0.106919706,0.07302326,0.097603954,3.517748e-05,0.023875898,0,0.07873282581567764,0.44195005,0.060513638,7.254272e-06,0.026367456,0,0.3660072088241577,0.48502672,0.8418823,0.99995756,0.9497567,0,0.5552599430084229
TSBD_BG_ab942e7799,1,0,1,0.8288489,0.0070788823,0.11565005,0.08133418,1.944421e-05,0.019773753,0,0.07873282581567764,0.76629215,0.8561069,0.99997723,0.96778923,0,0.3660072088241577,0.11805775,0.06255897,3.3321699e-06,0.012437004,0,0.5552599430084229
TSBD_BG_92d3bac25d,1,0,1,0.83145034,0.0070065577,0.11683972,0.07251529,1.245058e-05,0.01720475,0,0.07873282581567764,0.76870084,0.86023533,0.9999826,0.96906215,0,0.3660072088241577,0.11445941,0.06724942,4.955588e-06,0.013733059,0,0.5552599430084229
TSBD_BG_3179613a58,1,0,1,0.8090533,0.006955644,0.18040705,0.11747655,0.0001149095,0.039368574,0,0.07873282581567764,0.73322946,0.83015305,0.9998833,0.95138586,0,0.3660072088241577,0.086363465,0.05237036,1.834848e-06,0.009245611,0,0.5552599430084229
TSBD_BG_72fcb5ad43,1,1,1,0.8456933,0.0054111686,0.10934562,0.07117841,1.1546396e-05,0.016328892,0,0.07873282581567764,0.7822992,0.8615366,0.99998343,0.9702473,1,0.3660072088241577,0.10835511,0.06728504,4.9994824e-06,0.013423809,0,0.5552599430084229
TSBD_BG_1adf4fa166,0,0,0,0.3848515,0.10475368,0.32187322,0.76791203,0.9938803,0.7972814,0,0.07873282581567764,0.6068939,0.19824952,0.0061187753,0.19553871,0,0.3660072088241577,0.07123291,0.03383841,9.2664465e-07,0.0071799303,0,0.5552599430084229
TSBD_BG_19f57a7d83,1,0,1,0.82705444,0.0072118435,0.14224476,0.08318355,2.2216735e-05,0.022063466,0,0.07873282581567764,0.76293844,0.8565744,0.99997485,0.9668778,0,0.3660072088241577,0.09481679,0.060241994,2.953999e-06,0.011058716,0,0.5552599430084229
TSBD_BG_b06b80d500,0,0,0,0.31785277,0.1378319,0.29852146,0.8050488,0.99797815,0.8396507,0,0.07873282581567764,0.62940085,0.16189402,0.0020212072,0.15321934,0,0.3660072088241577,0.072077714,0.033057068,6.98041e-07,0.0071299816,0,0.5552599430084229
TSBD_BG_5c745e387f,1,1,0,0.6088538,0.04899071,0.6669972,0.9014662,0.9999851,0.9710726,1,0.07873282581567764,0.27766153,0.05681518,1.3083367e-05,0.021735303,0,0.3660072088241577,0.055341296,0.041718625,1.7489847e-06,0.007192093,0,0.5552599430084229
TSBD_BG_c333741c9b,1,0,1,0.7029439,0.0021719341,0.33356982,0.33231616,0.03001399,0.23254031,0,0.07873282581567764,0.5964065,0.62707615,0.96998423,0.7599883,0,0.3660072088241577,0.07002369,0.040607687,1.7879213e-06,0.0074713496,0,0.5552599430084229
TSBD_BG_a3ac70c2de,1,0,1,0.8112278,0.0036583957,0.17036402,0.18458933,0.0010137135,0.07264295,0,0.07873282581567764,0.7448225,0.77195704,0.99898535,0.91998863,0,0.3660072088241577,0.08481347,0.0434536,9.556824e-07,0.007368382,0,0.5552599430084229
TSBD_BG_6ff47981ea,1,0,1,0.5283837,0.05115286,0.122018866,0.38773894,0.08241357,0.21117936,0,0.07873282581567764,0.77903724,0.5740529,0.9175845,0.7806609,0,0.3660072088241577,0.09894392,0.03820823,1.8827212e-06,0.008159688,0,0.5552599430084229
TSBD_BG_64274bed67,1,0,1,0.81311774,0.005861397,0.13340968,0.17115787,0.0006959732,0.059448745,0,0.07873282581567764,0.7713942,0.78414834,0.999303,0.9327073,0,0.3660072088241577,0.095196165,0.04469382,1.0306937e-06,0.007843939,0,0.5552599430084229
TSBD_BG_7031e4d230,1,1,0,0.566273,0.05823677,0.644498,0.9030241,0.9999883,0.971541,1,0.07873282581567764,0.2951459,0.052341122,9.139434e-06,0.020153293,0,0.3660072088241577,0.060356088,0.044634752,2.5003578e-06,0.008305686,0,0.5552599430084229
TSBD_BG_03136a4786,0,0,1,0.22069858,0.17033622,0.085060135,0.3248616,0.027432373,0.17291978,0,0.07873282581567764,0.38319078,0.6270399,0.9725639,0.80368394,0,0.3660072088241577,0.5317491,0.04809851,3.7010998e-06,0.02339625,0,0.5552599430084229
TSBD_BG_daacfdf534,0,0,0,0.5077343,0.036650147,0.3191649,0.5862448,0.7595761,0.5457588,0,0.07873282581567764,0.6117844,0.37852818,0.2404216,0.4471919,0,0.3660072088241577,0.06905069,0.035226975,2.2258573e-06,0.0070493263,0,0.5552599430084229
TSBD_BG_873a3617a3,0,0,0,0.16036172,0.24870993,0.2653249,0.8991067,0.9999871,0.95358044,0,0.07873282581567764,0.07129354,0.05096867,8.5070415e-06,0.01601883,0,0.3660072088241577,0.6633816,0.049924675,4.4261205e-06,0.030400792,0,0.5552599430084229
TSBD_BG_abfa756b67,1,1,0,0.6688754,0.036784925,0.695548,0.89789855,0.9999796,0.9701344,1,0.07873282581567764,0.24574566,0.06167174,1.8867564e-05,0.022930788,0,0.3660072088241577,0.058706343,0.04042973,1.5120711e-06,0.006934841,0,0.5552599430084229
TSBD_BG_897409ab6a,1,0,2,0.79480106,0.013961742,0.0880008,0.056262877,2.7292663e-06,0.0102633275,0,0.07873282581567764,0.1567896,0.06474924,8.859452e-06,0.01693585,0,0.3660072088241577,0.75520957,0.8789879,0.99998844,0.9728008,0,0.5552599430084229
TSBD_BG_029a32b87f,1,0,2,0.7399428,0.022629093,0.20461161,0.06699607,5.338992e-06,0.017305719,0,0.07873282581567764,0.071013495,0.05359977,3.4421125e-06,0.009899373,0,0.3660072088241577,0.72437495,0.87940425,0.9999912,0.9727949,0,0.5552599430084229
TSBD_BG_ad84846145,1,0,1,0.7070955,0.01757646,0.29588592,0.15547504,0.00044170543,0.072161525,0,0.07873282581567764,0.6301356,0.7977369,0.9995571,0.91989565,0,0.3660072088241577,0.07397849,0.046788033,1.203536e-06,0.007942876,0,0.5552599430084229
TSBD_BG_6250909f04,1,1,1,0.8454863,0.0055583734,0.1106741,0.067901626,9.202604e-06,0.0153370425,0,0.07873282581567764,0.78279555,0.8628934,0.9999852,0.9708536,1,0.3660072088241577,0.10653039,0.06920496,5.578075e-06,0.013809302,0,0.5552599430084229
TSBD_Healthy_c7fd512124,1,0,1,0.83047557,0.0067670885,0.087046474,0.08403947,2.6290203e-05,0.01926862,0,0.07873282581567764,0.77433974,0.8469179,0.9999676,0.96519125,0,0.3660072088241577,0.13861379,0.069042586,6.184317e-06,0.01554014,0,0.5552599430084229
TSBD_Healthy_1ab857c1ee,1,0,1,0.8324629,0.006907625,0.08745115,0.070523754,1.1909886e-05,0.015201795,0,0.07873282581567764,0.7730034,0.8568812,0.9999807,0.96832347,0,0.3660072088241577,0.13954549,0.07259506,7.363363e-06,0.016474731,0,0.5552599430084229
TSBD_Healthy_a4108c60ab,1,0,1,0.8161047,0.009775944,0.08184877,0.06814376,9.329098e-06,0.013959261,0,0.07873282581567764,0.76596797,0.862872,0.9999852,0.97039104,0,0.3660072088241577,0.15218323,0.06898424,5.428962e-06,0.015649755,0,0.5552599430084229
TSBD_Healthy_603954b4fc,1,0,1,0.81837535,0.008635415,0.13118581,0.073457934,1.28626225e-05,0.018221926,0,0.07873282581567764,0.7573877,0.8601082,0.9999826,0.96841025,0,0.3660072088241577,0.11142645,0.06643378,4.5597494e-06,0.013367794,0,0.5552599430084229
TSBD_Healthy_a7669a6337,1,0,1,0.8017422,0.010858171,0.11126704,0.07159536,1.1395106e-05,0.016689658,0,0.07873282581567764,0.74519396,0.85932016,0.9999833,0.9679208,0,0.3660072088241577,0.14353907,0.06908442,5.2715995e-06,0.015389566,0,0.5552599430084229
TSBD_Healthy_0969d7950f,1,0,1,0.81142,0.009990662,0.098119535,0.0692707,9.909191e-06,0.015221723,0,0.07873282581567764,0.75670433,0.8621748,0.99998486,0.96947175,0,0.3660072088241577,0.14517613,0.06855452,5.2543014e-06,0.015306535,0,0.5552599430084229
TSBD_Healthy_3535a7f645,1,1,1,0.84506166,0.005554443,0.10352991,0.069822654,1.0306747e-05,0.015527059,0,0.07873282581567764,0.78231454,0.8620563,0.9999846,0.970659,1,0.3660072088241577,0.11415555,0.06812106,5.118136e-06,0.0138139045,0,0.5552599430084229
TSBD_Healthy_28874652ec,1,1,1,0.8354162,0.006669838,0.1237283,0.071801536,1.153654e-05,0.017177148,0,0.07873282581567764,0.7732194,0.86168087,0.9999839,0.96988875,1,0.3660072088241577,0.10305225,0.06651762,4.5674283e-06,0.012934141,0,0.5552599430084229
TSBD_Healthy_c9a3ba4645,1,1,1,0.84304464,0.005822016,0.10981621,0.0702688,1.0608756e-05,0.015997441,0,0.07873282581567764,0.78037494,0.8626297,0.9999846,0.9706599,1,0.3660072088241577,0.10980876,0.06710145,4.750542e-06,0.013342655,0,0.5552599430084229
TSBD_Healthy_ec9cff4659,1,0,1,0.81246513,0.00953825,0.15039976,0.0756431,1.4672297e-05,0.019903677,0,0.07873282581567764,0.7545264,0.8601929,0.9999815,0.9680628,0,0.3660072088241577,0.09507381,0.06416396,3.8298817e-06,0.01203346,0,0.5552599430084229
TSBD_Healthy_d0dd7481d3,1,0,1,0.83279294,0.007002771,0.12776737,0.071785964,1.1515611e-05,0.017377943,0,0.07873282581567764,0.77119803,0.8615437,0.9999839,0.96974504,0,0.3660072088241577,0.101034604,0.06667031,4.581734e-06,0.012877051,0,0.5552599430084229
TSBD_Healthy_9b9c4b2008,1,0,1,0.8183568,0.008090258,0.092869066,0.10707045,7.757275e-05,0.027353184,0,0.07873282581567764,0.7733335,0.83323497,0.99991906,0.9599012,0,0.3660072088241577,0.1337974,0.059694592,3.3486108e-06,0.0127455965,0,0.5552599430084229
TSBD_Healthy_6af33a64f0,1,0,1,0.73197305,0.014708251,0.14165941,0.25556442,0.0065603927,0.113655426,0,0.07873282581567764,0.75644165,0.7003633,0.99343795,0.877583,0,0.3660072088241577,0.10189893,0.044072308,1.6587128e-06,0.008761557,0,0.5552599430084229
TSBD_Healthy_11508a2a47,1,1,0,0.87719,0.0057864236,0.83761466,0.90469235,0.9999908,0.9804017,1,0.07873282581567764,0.0987507,0.04757136,5.7115094e-06,0.011019421,0,0.3660072088241577,0.06363461,0.047736276,3.4971772e-06,0.008578907,0,0.5552599430084229
TSBD_Healthy_9c80ffce77,0,0,0,0.29971978,0.12771836,0.1290883,0.5960667,0.81713784,0.47523296,0,0.07873282581567764,0.7110558,0.3571182,0.1828535,0.50828433,0,0.3660072088241577,0.15985589,0.046815135,8.6393375e-06,0.01648274,0,0.5552599430084229
TSBD_Healthy_fdc6d1fa33,1,0,1,0.73538256,0.016436582,0.12189737,0.23819938,0.004405837,0.09650302,0,0.07873282581567764,0.77326494,0.71762305,0.99559253,0.89474344,0,0.3660072088241577,0.104837686,0.044177555,1.5604616e-06,0.008753595,0,0.5552599430084229
TSBD_Healthy_8c646c1060,0,0,0,0.16588014,0.2433821,0.2663647,0.9006968,0.9999869,0.9505357,0,0.07873282581567764,0.6588708,0.05516475,1.0862369e-05,0.03775766,0,0.3660072088241577,0.07476449,0.0441385,2.3168202e-06,0.01170664,0,0.5552599430084229
TSBD_Healthy_1b2ea804f3,1,0,1,0.8150581,0.009283386,0.13711892,0.07096697,1.12313255e-05,0.01773413,0,0.07873282581567764,0.7565125,0.8617692,0.9999839,0.96889037,0,0.3660072088241577,0.106368564,0.06726388,4.822781e-06,0.013375513,0,0.5552599430084229
TSBD_Healthy_181a36e89e,1,0,1,0.7985181,0.011744516,0.09703003,0.069382906,1.005333e-05,0.015277105,0,0.07873282581567764,0.7474069,0.8616195,0.9999845,0.9687996,0,0.3660072088241577,0.15556307,0.06899766,5.4822717e-06,0.015923308,0,0.5552599430084229
TSBD_Healthy_b13db56cba,1,0,1,0.8038024,0.009734173,0.10028823,0.1173113,0.0001162518,0.03188478,0,0.07873282581567764,0.7631092,0.82691854,0.99988127,0.9563489,0,0.3660072088241577,0.1366026,0.05577016,2.4685162e-06,0.011766351,0,0.5552599430084229
TSBD_Healthy_e91e5f3d2c,1,0,1,0.8333218,0.0070491917,0.1317257,0.072037585,1.1758996e-05,0.017651202,0,0.07873282581567764,0.7727442,0.8622597,0.9999839,0.9699791,0,0.3660072088241577,0.095530115,0.065702766,4.2895604e-06,0.012369679,0,0.5552599430084229
TSBD_Healthy_b9f53cb41a,1,1,1,0.8373517,0.0065051503,0.1267253,0.07172733,1.1736275e-05,0.017352777,0,0.07873282581567764,0.7757226,0.8620399,0.9999838,0.97003174,1,0.3660072088241577,0.09755204,0.06623276,4.5074835e-06,0.0126155205,0,0.5552599430084229
TSBD_Healthy_eb22129a24,1,1,0,0.5900342,0.049895447,0.6292617,0.8855468,0.9999424,0.9582743,1,0.07873282581567764,0.31350976,0.07829671,5.663344e-05,0.03565709,0,0.3660072088241577,0.057228576,0.036156487,9.0242963e-07,0.0060686166,0,0.5552599430084229
TSBD_Healthy_968a78b93d,1,1,1,0.84791267,0.005292328,0.10222247,0.06751022,8.939475e-06,0.014778377,0,0.07873282581567764,0.7851959,0.8630782,0.99998546,0.9711147,1,0.3660072088241577,0.11258164,0.06941158,5.6213594e-06,0.014106953,0,0.5552599430084229
TSBD_Healthy_c7a3a188a8,1,1,0,0.4735681,0.0804824,0.5877955,0.9036223,0.9999893,0.9699448,1,0.07873282581567764,0.3534046,0.051543232,8.273982e-06,0.02153972,0,0.3660072088241577,0.05879987,0.04483445,2.522919e-06,0.008515541,0,0.5552599430084229
TSBD_Healthy_f55a2f1b43,0,0,2,0.46001208,0.030286305,0.05617192,0.03439299,3.714663e-06,0.0069742957,0,0.07873282581567764,0.23731416,0.47070122,0.51018524,0.3994087,0,0.3660072088241577,0.70651394,0.49490574,0.48981103,0.59361696,0,0.5552599430084229
TSBD_Healthy_11a0ec4d06,1,1,2,0.87141925,0.0039949855,0.08415172,0.05110509,1.7596718e-06,0.008655664,0,0.07873282581567764,0.100338124,0.06995795,1.1475476e-05,0.0154268425,0,0.3660072088241577,0.8155102,0.878937,0.99998677,0.9759175,1,0.5552599430084229
TSBD_Healthy_dda7c6bbc5,0,0,1,0.411066,0.0910912,0.05329105,0.04204238,1.5181863e-06,0.007976777,0,0.07873282581567764,0.41959697,0.8149552,0.9997844,0.9089853,0,0.3660072088241577,0.52711195,0.14300251,0.00021411985,0.08303786,0,0.5552599430084229
TSBD_Healthy_b83d452fe7,1,0,2,0.7193856,0.014546158,0.060834464,0.033046808,1.3908193e-06,0.005936777,0,0.07873282581567764,0.16416715,0.30207112,0.033533502,0.17113194,0,0.3660072088241577,0.77499837,0.6648821,0.9664651,0.8229313,0,0.5552599430084229
TSBD_Healthy_ec04a77054,1,1,1,0.8475975,0.0053034816,0.10912702,0.07013258,1.0553671e-05,0.015903769,0,0.07873282581567764,0.78468037,0.8628756,0.99998474,0.97094995,1,0.3660072088241577,0.10619261,0.06699187,4.7359e-06,0.013146269,0,0.5552599430084229
TSBD_Healthy_63480c13ab,1,1,1,0.84481066,0.0056247804,0.11072641,0.070220456,1.0513028e-05,0.015998613,0,0.07873282581567764,0.7820404,0.86280316,0.99998474,0.9707993,1,0.3660072088241577,0.10723313,0.06697638,4.732762e-06,0.013202103,0,0.5552599430084229
TSBD_Healthy_a334fe0843,1,1,1,0.84444064,0.005644452,0.10929419,0.069137834,9.872857e-06,0.015621303,0,0.07873282581567764,0.781562,0.86253667,0.99998486,0.97069645,1,0.3660072088241577,0.109143786,0.06832553,5.2389605e-06,0.013682286,0,0.5552599430084229
TSBD_Healthy_af48f4f88b,1,1,1,0.84004676,0.0062171053,0.1236863,0.0709653,1.1153592e-05,0.01693253,0,0.07873282581567764,0.77828616,0.86253947,0.99998426,0.9704065,1,0.3660072088241577,0.09802748,0.06649523,4.5333777e-06,0.012660991,0,0.5552599430084229
TSBD_Healthy_58fc6d9018,1,0,1,0.8341505,0.006944908,0.099810556,0.0707847,1.1170353e-05,0.015727185,0,0.07873282581567764,0.7739272,0.86171335,0.9999839,0.97008544,0,0.3660072088241577,0.12626222,0.06750195,4.920952e-06,0.014187341,0,0.5552599430084229
TSBD_Healthy_ed8a98aaef,1,0,1,0.73807055,0.021654306,0.07121855,0.06785027,9.027012e-06,0.013455229,0,0.07873282581567764,0.71891415,0.8624022,0.99998534,0.9684597,0,0.3660072088241577,0.20986728,0.06974752,5.615299e-06,0.018085048,0,0.5552599430084229
TSBD_Healthy_c1a36abd3d,1,0,1,0.7479291,0.01994847,0.077014826,0.06790963,9.088863e-06,0.013826675,0,0.07873282581567764,0.7225466,0.86296254,0.99998546,0.968599,0,0.3660072088241577,0.20043866,0.06912779,5.432143e-06,0.017574277,0,0.5552599430084229
TSBD_Healthy_ba89f16ead,1,1,1,0.8471811,0.005383581,0.107695036,0.0682217,9.350262e-06,0.0152614275,0,0.07873282581567764,0.7844539,0.86323464,0.99998534,0.9710734,1,0.3660072088241577,0.10785107,0.06854362,5.3115627e-06,0.0136651695,0,0.5552599430084229
TSBD_Healthy_ff7717e05f,1,1,0,0.8912635,0.00385328,0.84609306,0.90380293,0.99998987,0.98047316,1,0.07873282581567764,0.07617703,0.049299926,6.932995e-06,0.010597674,0,0.3660072088241577,0.077729896,0.046897154,3.179925e-06,0.008929193,0,0.5552599430084229
TSBD_Healthy_9697828448,1,0,1,0.81192803,0.0096872635,0.13595642,0.0710039,1.090856e-05,0.017604887,0,0.07873282581567764,0.75366133,0.86203647,0.9999845,0.96896875,0,0.3660072088241577,0.110382274,0.066959575,4.6245905e-06,0.013426356,0,0.5552599430084229
TSBD_Healthy_0dc7202194,1,0,1,0.69634473,0.026711315,0.14195034,0.07144133,1.1246727e-05,0.018716307,0,0.07873282581567764,0.6693778,0.8606374,0.9999838,0.9641455,0,0.3660072088241577,0.18867183,0.06792129,4.930393e-06,0.01713825,0,0.5552599430084229
TSBD_Healthy_aafafefd6f,1,0,1,0.4943307,0.068879485,0.079144105,0.06413287,7.132315e-06,0.014084886,0,0.07873282581567764,0.5563377,0.86099446,0.999985,0.9596037,0,0.3660072088241577,0.36451817,0.07487264,7.9088595e-06,0.026311431,0,0.5552599430084229
TSBD_Healthy_3e37e6f481,1,1,1,0.840845,0.006102409,0.10555505,0.07056472,1.0957396e-05,0.015919685,0,0.07873282581567764,0.7787823,0.86246866,0.99998426,0.9704873,1,0.3660072088241577,0.11566261,0.06696669,4.767205e-06,0.013593079,0,0.5552599430084229
TSBD_Healthy_d5c6d15d07,1,0,1,0.49421057,0.06655688,0.12344684,0.060606327,6.013009e-06,0.01567557,0,0.07873282581567764,0.5338877,0.8558557,0.9999802,0.9537618,0,0.3660072088241577,0.34266546,0.08353796,1.3785525e-05,0.030562647,0,0.5552599430084229
TSBD_Healthy_968206666f,1,0,2,0.7222532,0.012393061,0.06553478,0.03521436,1.8490583e-06,0.0066618198,0,0.07873282581567764,0.17794126,0.30478045,0.033183545,0.17700654,0,0.3660072088241577,0.7565239,0.6600051,0.96681464,0.8163316,0,0.5552599430084229
TSBD_Healthy_cacd4fa5f3,0,0,1,0.34337452,0.124930136,0.056213204,0.041836623,1.6561094e-06,0.008780306,0,0.07873282581567764,0.33157825,0.8047918,0.9996562,0.8856884,0,0.3660072088241577,0.61220855,0.15337159,0.00034210982,0.10553128,0,0.5552599430084229
TSBD_Healthy_c00e285b89,1,0,2,0.86205286,0.0029686787,0.06533971,0.03892714,7.149004e-07,0.0058926633,0,0.07873282581567764,0.13706313,0.10866429,0.00010089744,0.032619264,0,0.3660072088241577,0.7975971,0.85240865,0.99989843,0.96148807,0,0.5552599430084229
TSBD_Healthy_e318b96772,1,0,2,0.781463,0.005174376,0.058630988,0.032308236,9.291112e-07,0.005430449,0,0.07873282581567764,0.18632832,0.25786868,0.012472192,0.13870817,0,0.3660072088241577,0.75504065,0.7098231,0.98752683,0.85586137,0,0.5552599430084229
TSBD_Healthy_f874d1c34c,1,1,2,0.8719686,0.0035199746,0.07802731,0.04532332,1.1086487e-06,0.0072843875,0,0.07873282581567764,0.106927805,0.08189363,2.4375464e-05,0.019694181,0,0.3660072088241577,0.8150449,0.872783,0.9999746,0.97302145,1,0.5552599430084229
TSBD_Healthy_a486752b98,1,0,2,0.6968915,0.01772897,0.060956836,0.03195946,1.3430943e-06,0.0057779863,0,0.07873282581567764,0.16209917,0.31646895,0.04690505,0.18498813,0,0.3660072088241577,0.776944,0.6515716,0.9530935,0.8092339,0,0.5552599430084229
TSBD_Healthy_79eca515b7,1,0,2,0.86061335,0.0030210367,0.068158336,0.039666105,7.61365e-07,0.006113993,0,0.07873282581567764,0.1355508,0.109903164,0.00010510767,0.03296122,0,0.3660072088241577,0.7962909,0.85043067,0.99989414,0.9609248,0,0.5552599430084229
TSBD_Healthy_28f91e3b3c,1,0,2,0.86656827,0.004060135,0.07208466,0.046111647,1.1989133e-06,0.007269902,0,0.07873282581567764,0.119987436,0.080290064,2.2394048e-05,0.020027794,0,0.3660072088241577,0.80792797,0.8735983,0.9999764,0.97270226,0,0.5552599430084229
TSBD_Healthy_b4c784db60,1,0,2,0.8537283,0.0028377215,0.07013346,0.036915533,7.308116e-07,0.005917615,0,0.07873282581567764,0.12827045,0.14115511,0.00042053842,0.047647092,0,0.3660072088241577,0.8015961,0.8219294,0.9995788,0.94643533,0,0.5552599430084229
TSBD_Healthy_46afbf57c8,0,0,2,0.4321849,0.044756833,0.059032697,0.033276886,3.2121197e-06,0.0069156704,0,0.07873282581567764,0.1912691,0.4689629,0.52948684,0.3793048,0,0.3660072088241577,0.7496982,0.49776024,0.47050998,0.6137796,0,0.5552599430084229
TSBD_Healthy_5238685a4f,0,0,1,0.5126189,0.053181164,0.05482808,0.037007537,1.578531e-06,0.007287911,0,0.07873282581567764,0.39723244,0.7158991,0.99477565,0.79884905,0,0.3660072088241577,0.5479395,0.24709332,0.0052227853,0.19386305,0,0.5552599430084229
TSBD_Healthy_115a1b2ce7,1,0,2,0.8534973,0.0038394453,0.06331893,0.03911637,7.3253614e-07,0.005890182,0,0.07873282581567764,0.14974153,0.10767231,9.6965254e-05,0.03335834,0,0.3660072088241577,0.78693956,0.8532113,0.99990237,0.96075153,0,0.5552599430084229
TSBD_Healthy_2b0f2e29de,1,1,2,0.87141263,0.0040681697,0.07926599,0.051635798,1.8351994e-06,0.008585117,0,0.07873282581567764,0.10517086,0.0682177,1.0288976e-05,0.015166761,0,0.3660072088241577,0.8155632,0.88014644,0.99998796,0.97624815,1,0.5552599430084229
TSBD_Healthy_2cb9913a0d,1,0,1,0.66161364,0.0074383784,0.061205145,0.038132753,2.825653e-06,0.0077134743,0,0.07873282581567764,0.5312018,0.6491642,0.9745594,0.75375205,0,0.3660072088241577,0.4075931,0.31270307,0.025437769,0.23853445,0,0.5552599430084229
TSBD_Healthy_f7b6201d8c,1,0,2,0.7664814,0.01166603,0.07080274,0.03592204,1.3185135e-06,0.0065386216,0,0.07873282581567764,0.13414562,0.24229258,0.009095554,0.113086335,0,0.3660072088241577,0.7950517,0.72178537,0.9909032,0.880375,0,0.5552599430084229
TSBD_Healthy_1cb0a1deed,1,0,2,0.8473999,0.0020204526,0.062102385,0.035960652,6.84694e-07,0.0055653313,0,0.07873282581567764,0.15902157,0.15011509,0.0005463656,0.05598591,0,0.3660072088241577,0.778876,0.81392425,0.9994529,0.9384488,0,0.5552599430084229
TSBD_Healthy_e53d9705ff,1,0,2,0.8474401,0.0022405968,0.06418725,0.035325073,6.5384387e-07,0.0055202655,0,0.07873282581567764,0.14838111,0.15584221,0.00065031083,0.057403147,0,0.3660072088241577,0.7874316,0.8088327,0.99934906,0.9370766,0,0.5552599430084229
TSBD_Healthy_fea6d00053,1,0,2,0.85572183,0.0026025516,0.06998043,0.037690613,7.2465735e-07,0.0059712664,0,0.07873282581567764,0.13236819,0.13451833,0.0002999408,0.044154637,0,0.3660072088241577,0.79765135,0.8277911,0.99969935,0.94987404,0,0.5552599430084229
TSBD_Healthy_f69458ce94,1,0,2,0.86799884,0.0036975872,0.07583086,0.045086417,1.1263464e-06,0.0072335284,0,0.07873282581567764,0.11504329,0.08460848,2.9534294e-05,0.021352671,0,0.3660072088241577,0.80912584,0.8703051,0.99996936,0.9714138,0,0.5552599430084229
TSBD_Healthy_bb30558caa,1,0,2,0.82579523,0.0016751483,0.05697893,0.03324545,6.6066417e-07,0.0051786047,0,0.07873282581567764,0.19110416,0.19065052,0.002121464,0.087260135,0,0.3660072088241577,0.7519169,0.7761041,0.99787784,0.9075613,0,0.5552599430084229
TSBD_Healthy_f8b382f850,0,0,1,0.45142668,0.07737618,0.056275204,0.035283826,1.7576286e-06,0.0075049065,0,0.07873282581567764,0.26813525,0.6539176,0.9786709,0.6797924,0,0.3660072088241577,0.67558944,0.31079856,0.021327334,0.3127027,0,0.5552599430084229
TSBD_Healthy_4e764a8c1f,1,0,2,0.784996,0.008979106,0.06453554,0.032222234,7.7631137e-07,0.0054229544,0,0.07873282581567764,0.1417475,0.2333809,0.006889368,0.107256785,0,0.3660072088241577,0.79371697,0.7343968,0.9931098,0.8873203,0,0.5552599430084229
TSBD_Healthy_63950b8869,1,1,2,0.8710083,0.0041193916,0.07971511,0.05238547,1.9554764e-06,0.008770137,0,0.07873282581567764,0.10507457,0.067411564,9.818656e-06,0.01494297,0,0.3660072088241577,0.81521034,0.88020295,0.9999883,0.9762869,1,0.5552599430084229
TSBD_Healthy_ea2ac521c5,0,0,1,0.36263302,0.11741267,0.05436927,0.036223993,1.3450252e-06,0.007813656,0,0.07873282581567764,0.26283866,0.73352593,0.99662447,0.7838278,0,0.3660072088241577,0.682792,0.23025008,0.0033742066,0.20835854,0,0.5552599430084229
TSBD_Healthy_1402c548f4,1,0,2,0.720229,0.014460869,0.06131091,0.03307961,1.3857913e-06,0.0059500034,0,0.07873282581567764,0.16373257,0.3007844,0.03355345,0.17062669,0,0.3660072088241577,0.77495646,0.666136,0.9664452,0.82342327,0,0.5552599430084229
TSBD_Healthy_44b1d181ba,0,0,1,0.33774322,0.12895697,0.053719945,0.038995262,1.3375225e-06,0.008146458,0,0.07873282581567764,0.29880437,0.78514385,0.99929357,0.85754544,0,0.3660072088241577,0.6474757,0.17586087,0.00070503395,0.13430811,0,0.5552599430084229
TSBD_Healthy_5031d03cd3,1,0,1,0.73652595,0.020943118,0.066396296,0.05773455,4.7996223e-06,0.01080014,0,0.07873282581567764,0.70726126,0.85882014,0.99998057,0.9647148,0,0.3660072088241577,0.22634244,0.08344532,1.46740185e-05,0.02448502,0,0.5552599430084229
TSBD_Healthy_584e036b15,1,0,2,0.6838325,0.020232998,0.06278419,0.03319759,1.5904095e-06,0.006148767,0,0.07873282581567764,0.15573101,0.3213055,0.04988371,0.18611312,0,0.3660072088241577,0.7814848,0.6454969,0.95011467,0.80773807,0,0.5552599430084229
TSBD_Healthy_ceedc9841a,1,0,2,0.8434327,0.0042993436,0.075534776,0.037688855,8.2604345e-07,0.006282632,0,0.07873282581567764,0.11755989,0.15149188,0.0005787468,0.05085776,0,0.3660072088241577,0.8069054,0.81081927,0.9994204,0.9428596,0,0.5552599430084229
TSBD_Healthy_539b7c9614,0,0,1,0.39428696,0.10013454,0.05827727,0.04224585,1.850866e-06,0.0088010235,0,0.07873282581567764,0.36894673,0.793286,0.9994936,0.88037455,0,0.3660072088241577,0.5727761,0.16446814,0.0005045045,0.11082437,0,0.5552599430084229
TSBD_Healthy_9405a524b8,1,1,1,0.8437118,0.0050059557,0.11452844,0.08617995,2.6653848e-05,0.02143834,0,0.07873282581567764,0.77854973,0.85268825,0.99996996,0.96669644,1,0.3660072088241577,0.10692183,0.061131768,3.3804383e-06,0.011865196,0,0.5552599430084229
TSBD_Healthy_84b5bbabe5,1,0,1,0.44797683,0.07877008,0.055824198,0.051552303,2.9979603e-06,0.009722411,0,0.07873282581567764,0.5107436,0.8506808,0.99996614,0.9479221,0,0.3660072088241577,0.4334322,0.09776691,3.086421e-05,0.04235545,0,0.5552599430084229
TSBD_Healthy_cd1699cbb8,1,1,1,0.8449776,0.005447151,0.112839945,0.072296456,1.2191966e-05,0.016815284,0,0.07873282581567764,0.7813316,0.8610352,0.99998295,0.9700078,1,0.3660072088241577,0.10582847,0.06666833,4.836992e-06,0.013176943,0,0.5552599430084229
TSBD_Healthy_3971c8d6d2,1,0,1,0.7626379,0.016328264,0.15908578,0.07138385,1.1470172e-05,0.019144038,0,0.07873282581567764,0.7146535,0.8603843,0.9999832,0.9659888,0,0.3660072088241577,0.1262607,0.06823185,5.3741005e-06,0.014867152,0,0.5552599430084229
TSBD_Healthy_062f8eb68b,1,0,1,0.7676611,0.016612316,0.06825514,0.061303757,6.0887874e-06,0.011627953,0,0.07873282581567764,0.7322945,0.8612366,0.999984,0.9676633,0,0.3660072088241577,0.19945036,0.077459715,9.868123e-06,0.020708743,0,0.5552599430084229
TSBD_Healthy_64c2fd2799,0,0,1,0.3943458,0.10281968,0.052993458,0.03517891,1.2194907e-06,0.0072900304,0,0.07873282581567764,0.2804604,0.72253174,0.995462,0.7745227,0,0.3660072088241577,0.66654617,0.24228935,0.0045367894,0.21818724,0,0.5552599430084229
TSBD_Healthy_06ad797b28,1,0,1,0.4784798,0.07152648,0.055857178,0.05272088,3.4075722e-06,0.009929769,0,0.07873282581567764,0.5363593,0.8539221,0.99997175,0.95175564,0,0.3660072088241577,0.4077835,0.093357,2.4850537e-05,0.03831456,0,0.5552599430084229
TSBD_Healthy_d37fadc7b5,1,0,2,0.7778807,0.01003658,0.0652377,0.032628093,8.462787e-07,0.0055629923,0,0.07873282581567764,0.13938111,0.23824959,0.00793456,0.11057465,0,0.3660072088241577,0.7953812,0.72912234,0.99206465,0.8838623,0,0.5552599430084229
TSBD_Healthy_23703b21e8,1,0,2,0.81318563,0.0041935425,0.06888177,0.03609297,1.0021553e-06,0.006211956,0,0.07873282581567764,0.1578174,0.20526777,0.003194722,0.09112755,0,0.3660072088241577,0.7733008,0.7586393,0.99680436,0.9026605,0,0.5552599430084229
TSBD_Healthy_e761f95881,1,0,1,0.56693864,0.029159788,0.06708298,0.039651334,2.1220742e-06,0.008217521,0,0.07873282581567764,0.46706203,0.70359975,0.993543,0.80514383,0,0.3660072088241577,0.46585503,0.2567489,0.0064548007,0.18663867,0,0.5552599430084229
TSBD_Healthy_049d7b0b8e,1,0,2,0.6607151,0.0035332944,0.055964403,0.03411207,2.8469558e-06,0.0065185023,0,0.07873282581567764,0.31218645,0.38145813,0.16172189,0.31487894,0,0.3660072088241577,0.63184917,0.5844298,0.8382754,0.6786026,0,0.5552599430084229
TSBD_Healthy_d0a2ad85a2,1,0,2,0.8424917,0.003925895,0.06862337,0.03451817,6.305642e-07,0.0055249496,0,0.07873282581567764,0.12646101,0.16122392,0.0008024329,0.05720126,0,0.3660072088241577,0.8049156,0.8042579,0.99919695,0.9372738,0,0.5552599430084229
TSBD_Healthy_427d279e02,1,0,2,0.85895526,0.0033153808,0.07531972,0.038177498,7.3728535e-07,0.006161138,0,0.07873282581567764,0.1149864,0.12529248,0.00021474603,0.037938483,0,0.3660072088241577,0.8096939,0.83652997,0.9997845,0.95590043,0,0.5552599430084229
TSBD_Healthy_194fe9c226,0,0,1,0.375027,0.11141387,0.055462357,0.036173303,1.5059002e-06,0.007936319,0,0.07873282581567764,0.24922757,0.7086876,0.993763,0.7470601,0,0.3660072088241577,0.69531006,0.25513908,0.006235527,0.24500355,0,0.5552599430084229
TSBD_Healthy_7fd586cd0c,1,0,2,0.8203072,0.0055333152,0.060476255,0.038220003,8.1465924e-07,0.0059385523,0,0.07873282581567764,0.19591121,0.1323474,0.00031324683,0.051531136,0,0.3660072088241577,0.7436125,0.82943255,0.9996859,0.94253033,0,0.5552599430084229
TSBD_Healthy_8a16be7271,1,0,1,0.47338885,0.07369471,0.05542771,0.054938897,3.836946e-06,0.010322752,0,0.07873282581567764,0.54001004,0.8577595,0.9999789,0.9552154,0,0.3660072088241577,0.40456226,0.0873016,1.7315288e-05,0.034461875,0,0.5552599430084229
TSBD_Healthy_7497e074fb,1,0,2,0.5098638,0.036189858,0.057926904,0.031823814,2.487677e-06,0.0062778476,0,0.07873282581567764,0.18365468,0.4278221,0.33301213,0.32089755,0,0.3660072088241577,0.7584184,0.5403541,0.66698545,0.6728246,0,0.5552599430084229
TSBD_Healthy_0008f80a75,1,0,2,0.83551806,0.0026694564,0.06659787,0.036878906,9.5312436e-07,0.0061498987,0,0.07873282581567764,0.1505629,0.176179,0.0012903357,0.06995166,0,0.3660072088241577,0.7828392,0.7869421,0.9987087,0.9238984,0,0.5552599430084229
TSBD_Healthy_5ceaf1db7f,1,0,2,0.8501324,0.004901925,0.06336746,0.0413997,8.5511124e-07,0.006236255,0,0.07873282581567764,0.1501016,0.09692007,5.618862e-05,0.028560653,0,0.3660072088241577,0.7865309,0.86168027,0.999943,0.96520317,0,0.5552599430084229
TSBD_Healthy_e4fa44cd99,1,0,2,0.85478747,0.0041129654,0.06606374,0.04120884,8.591962e-07,0.006313799,0,0.07873282581567764,0.14392228,0.100381486,6.84005e-05,0.029705735,0,0.3660072088241577,0.7900139,0.85840964,0.99993074,0.96398044,0,0.5552599430084229
TSBD_Healthy_441bde1a65,0,0,1,0.41911817,0.0910042,0.052125532,0.037341256,1.3031457e-06,0.007396183,0,0.07873282581567764,0.35014614,0.76140064,0.9984927,0.84069526,0,0.3660072088241577,0.59772825,0.20125812,0.0015059258,0.1519086,0,0.5552599430084229
TSBD_Healthy_dbb2f8ca89,0,0,1,0.38194796,0.101156555,0.05176061,0.04879174,2.4528156e-06,0.009208416,0,0.07873282581567764,0.45150918,0.8482919,0.99995697,0.94096047,0,0.3660072088241577,0.4967302,0.102916375,4.0571176e-05,0.049831077,0,0.5552599430084229
TSBD_Healthy_9b317a63ad,1,0,1,0.6245436,0.039298486,0.057425868,0.05138515,3.0096994e-06,0.009200764,0,0.07873282581567764,0.6273336,0.8522086,0.99996793,0.9559214,0,0.3660072088241577,0.3152406,0.09640623,2.9047957e-05,0.034877863,0,0.5552599430084229
TSBD_Healthy_d85abeff44,1,0,2,0.8238214,0.004227928,0.06470636,0.03364731,7.163636e-07,0.0054859594,0,0.07873282581567764,0.14591616,0.19373189,0.0023649475,0.08104153,0,0.3660072088241577,0.7893775,0.77262086,0.9976343,0.91347253,0,0.5552599430084229
TSBD_Healthy_32490efb09,0,0,1,0.21856426,0.20170948,0.066806905,0.038588226,1.4501002e-06,0.010385255,0,0.07873282581567764,0.1493874,0.75395775,0.9981785,0.7712643,0,0.3660072088241577,0.78380567,0.207454,0.0018201363,0.21835047,0,0.5552599430084229
TSBD_Healthy_003e47f46b,0,0,1,0.35657033,0.1199017,0.055922896,0.03499716,1.3812563e-06,0.0077845487,0,0.07873282581567764,0.21930638,0.69443756,0.99095684,0.7145315,0,0.3660072088241577,0.7247707,0.27056524,0.009041779,0.27768403,0,0.5552599430084229
TSBD_Healthy_db7fb385bc,1,0,2,0.8587866,0.0026314934,0.074260235,0.04330323,1.1907871e-06,0.007184882,0,0.07873282581567764,0.13147904,0.11605662,0.00013829519,0.03539295,0,0.3660072088241577,0.7942607,0.8406401,0.9998605,0.95742214,0,0.5552599430084229
TSBD_Healthy_e07653b53b,1,0,2,0.795016,0.006803939,0.0641552,0.03459543,9.773615e-07,0.005870806,0,0.07873282581567764,0.14969158,0.22871228,0.005893168,0.10535773,0,0.3660072088241577,0.78615314,0.7366923,0.9941058,0.8887714,0,0.5552599430084229
TSBD_Healthy_372dafd03c,1,0,2,0.6186773,0.01601686,0.05433696,0.032367807,2.4017295e-06,0.0060766805,0,0.07873282581567764,0.23198852,0.39510232,0.20160809,0.30065012,0,0.3660072088241577,0.7136744,0.57252985,0.79838955,0.6932732,0,0.5552599430084229
TSBD_Healthy_8a4d12c896,0,0,1,0.5684753,0.015773647,0.055418793,0.03571343,3.6873007e-06,0.0072112367,0,0.07873282581567764,0.36191657,0.5376943,0.8038755,0.5506881,0,0.3660072088241577,0.58266467,0.42659226,0.19612083,0.44210064,0,0.5552599430084229
TSBD_Healthy_ddf26df6fc,0,0,1,0.56577027,0.012923047,0.05469069,0.034164924,3.2796352e-06,0.006790545,0,0.07873282581567764,0.37078574,0.5292259,0.7712932,0.5402987,0,0.3660072088241577,0.57452357,0.43660924,0.22870348,0.4529107,0,0.5552599430084229
TSBD_Healthy_f43e3f4c5b,1,0,2,0.8456611,0.0025553517,0.06895845,0.037990212,8.217648e-07,0.006149195,0,0.07873282581567764,0.15211451,0.14453492,0.00042858376,0.051720828,0,0.3660072088241577,0.778927,0.81747484,0.99957055,0.94212997,0,0.5552599430084229
TSBD_Healthy_b5fbb9ed8e,0,0,1,0.39385512,0.097010344,0.05571025,0.04613146,2.0096022e-06,0.008920516,0,0.07873282581567764,0.4339467,0.83331144,0.99991024,0.92757756,0,0.3660072088241577,0.5103431,0.120557085,8.770649e-05,0.063501924,0,0.5552599430084229
TSBD_Healthy_eb36a09ca4,1,0,2,0.6676712,0.018499136,0.060616143,0.032746177,1.8444708e-06,0.0061494154,0,0.07873282581567764,0.18195954,0.34634054,0.08377929,0.22301108,0,0.3660072088241577,0.75742435,0.6209133,0.9162188,0.7708395,0,0.5552599430084229
TSBD_Healthy_6b4a97bd93,1,0,2,0.86078966,0.002463271,0.06732802,0.036578164,6.2589464e-07,0.005629579,0,0.07873282581567764,0.12970288,0.12878892,0.00024677397,0.04123774,0,0.3660072088241577,0.80296904,0.834633,0.9997526,0.9531326,0,0.5552599430084229
TSBD_Healthy_ba33e2e4e1,0,0,1,0.4189926,0.07566744,0.06056269,0.033726666,2.9375879e-06,0.0075371317,0,0.07873282581567764,0.17478897,0.5411617,0.8073639,0.4661643,0,0.3660072088241577,0.7646483,0.4251116,0.19263318,0.5262986,0,0.5552599430084229
TSBD_Healthy_c2d1e8a97b,0,0,1,0.35255688,0.12234221,0.0538048,0.03654366,1.3365405e-06,0.007880616,0,0.07873282581567764,0.25436264,0.7341042,0.99673516,0.7825759,0,0.3660072088241577,0.69183254,0.22935215,0.0032634996,0.20954353,0,0.5552599430084229
TSBD_Healthy_acaf94d2e8,0,0,1,0.44100758,0.07875187,0.05468535,0.040153265,1.3570599e-06,0.0076083974,0,0.07873282581567764,0.4260849,0.7983527,0.99957174,0.8935488,0,0.3660072088241577,0.51922977,0.161494,0.00042684824,0.098842815,0,0.5552599430084229
TSBD_Healthy_4c1057862a,1,0,2,0.8020663,0.0069347657,0.06590995,0.033457123,8.1951686e-07,0.0056333942,0,0.07873282581567764,0.14099325,0.21575356,0.004545189,0.0953711,0,0.3660072088241577,0.7930969,0.7507893,0.99545395,0.8989955,0,0.5552599430084229
TSBD_Healthy_d28eee88b2,1,0,2,0.8600116,0.0033973213,0.06593526,0.040062632,7.865117e-07,0.0061069117,0,0.07873282581567764,0.13866182,0.10394127,8.482868e-05,0.031024491,0,0.3660072088241577,0.79540294,0.8559961,0.9999143,0.9628686,0,0.5552599430084229
TSBD_Healthy_9f799d79c9,0,0,1,0.41339645,0.09224792,0.052749023,0.038970523,1.2734669e-06,0.0075170463,0,0.07873282581567764,0.37909424,0.7873392,0.999368,0.8754327,0,0.3660072088241577,0.5681567,0.1736903,0.0006307111,0.117050245,0,0.5552599430084229
TSBD_Healthy_0797e50b91,1,0,2,0.8150144,0.0050419373,0.06321823,0.03294078,7.0178726e-07,0.0053565023,0,0.07873282581567764,0.14710744,0.20621301,0.0033446096,0.08940224,0,0.3660072088241577,0.78967434,0.7608462,0.9966546,0.9052413,0,0.5552599430084229
TSBD_Healthy_35d58d516e,0,0,2,0.46592176,0.033286687,0.053946372,0.032250665,2.8321606e-06,0.0063720215,0,0.07873282581567764,0.23529373,0.4804571,0.5682653,0.41356426,0,0.3660072088241577,0.7107598,0.48729223,0.43173185,0.58006364,0,0.5552599430084229
TSBD_Healthy_3369d16a81,1,0,1,0.6689837,0.004108567,0.057594944,0.036333315,2.505489e-06,0.0070932494,0,0.07873282581567764,0.54037994,0.62501067,0.96237993,0.7312373,0,0.3660072088241577,0.40202513,0.33865607,0.0376175,0.26166946,0,0.5552599430084229
TSBD_Healthy_f12cfc128f,1,0,1,0.68181455,0.023606969,0.09550058,0.2339296,0.004506915,0.090376884,0,0.07873282581567764,0.7403991,0.6895306,0.99546707,0.8860507,0,0.3660072088241577,0.16410026,0.07653976,2.6054287e-05,0.023572426,0,0.5552599430084229
TSBD_Healthy_8cb3c49027,1,0,2,0.8358682,0.006250523,0.102142185,0.07204818,8.344924e-06,0.015076716,0,0.07873282581567764,0.12560932,0.07099775,1.4372252e-05,0.01795117,0,0.3660072088241577,0.7722485,0.85695404,0.99997723,0.9669721,0,0.5552599430084229
TSBD_Healthy_0d4d34f349,0,0,1,0.47629642,0.06642444,0.060330678,0.04545993,6.1990136e-06,0.010840066,0,0.07873282581567764,0.28085265,0.6369114,0.9721734,0.6664963,0,0.3660072088241577,0.65881664,0.31762868,0.027820406,0.3226637,0,0.5552599430084229
TSBD_Healthy_aac43b5b94,1,0,1,0.6049408,0.03504981,0.07956406,0.059317484,6.984458e-06,0.013401108,0,0.07873282581567764,0.5602473,0.7967227,0.99974746,0.917551,0,0.3660072088241577,0.36018866,0.14395984,0.00024554165,0.06904784,0,0.5552599430084229
TSBD_Healthy_713f0a2197,1,0,2,0.85933787,0.0028377352,0.10438755,0.08629944,1.9399471e-05,0.01939711,0,0.07873282581567764,0.10278884,0.066519,1.028382e-05,0.01511423,0,0.3660072088241577,0.7928236,0.84718156,0.9999703,0.9654887,0,0.5552599430084229
TSBD_Healthy_ac26bcc532,0,0,0,0.22923388,0.15999468,0.12592773,0.6595311,0.99151355,0.6392527,0,0.07873282581567764,0.42221782,0.16428332,0.0044443076,0.17710473,0,0.3660072088241577,0.45185444,0.1761856,0.004042162,0.18364252,0,0.5552599430084229
TSBD_Healthy_46f4698e93,0,0,1,0.5837141,0.024886295,0.054586362,0.03527637,2.0521272e-06,0.0069189896,0,0.07873282581567764,0.41422015,0.6360565,0.9683041,0.7047919,0,0.3660072088241577,0.53119344,0.32866716,0.031693824,0.2882891,0,0.5552599430084229
TSBD_Healthy_ffc31af5e9,1,0,2,0.65823257,0.034040984,0.062777035,0.053790018,2.5879363e-06,0.009241011,0,0.07873282581567764,0.28148848,0.08699206,3.6578593e-05,0.032946184,0,0.3660072088241577,0.6557345,0.8592179,0.9999608,0.9578127,0,0.5552599430084229
TSBD_Healthy_ffc39b3360,0,0,1,0.5951991,0.01656156,0.05430241,0.034380045,2.2614772e-06,0.0066721844,0,0.07873282581567764,0.411836,0.5930779,0.9274662,0.64770716,0,0.3660072088241577,0.5338616,0.37254208,0.072531566,0.3456206,0,0.5552599430084229
TSBD_Healthy_13e3dd820d,0,0,1,0.2771613,0.15979354,0.08001778,0.058503497,6.3697935e-06,0.016216382,0,0.07873282581567764,0.2750059,0.80663216,0.9998331,0.8903099,0,0.3660072088241577,0.64497626,0.13486439,0.00016053424,0.09347373,0,0.5552599430084229
TSBD_Healthy_0e7dca224f,1,0,1,0.71021456,0.015412513,0.14795081,0.046339054,3.591168e-06,0.012346605,0,0.07873282581567764,0.6627168,0.7374508,0.997652,0.8892496,0,0.3660072088241577,0.1893324,0.21621016,0.002344377,0.09840375,0,0.5552599430084229
TSBD_Healthy_e30ffbbca2,1,0,2,0.8544084,0.0055552637,0.072177134,0.049000606,1.5593824e-06,0.007910768,0,0.07873282581567764,0.13060296,0.07666112,1.863531e-05,0.019557225,0,0.3660072088241577,0.79721993,0.8743383,0.99997985,0.97253203,0,0.5552599430084229
TSBD_Healthy_33ee2c0488,1,0,2,0.6638349,0.012187291,0.05781035,0.038082577,2.0938862e-06,0.0071565323,0,0.07873282581567764,0.39712137,0.2657308,0.016301252,0.2020922,0,0.3660072088241577,0.54506826,0.6961866,0.98369664,0.79075134,0,0.5552599430084229
TSBD_Healthy_cf66e36f26,1,0,2,0.83786404,0.008329165,0.06659741,0.052079946,1.8830129e-06,0.008229992,0,0.07873282581567764,0.143175,0.06865423,1.0770013e-05,0.017266886,0,0.3660072088241577,0.7902276,0.8792658,0.99998736,0.9745031,0,0.5552599430084229
TSBD_Healthy_198c19a2fa,1,0,2,0.86802554,0.0044610724,0.078237966,0.053398244,2.0900482e-06,0.00891554,0,0.07873282581567764,0.109200574,0.06657737,9.448987e-06,0.014961867,0,0.3660072088241577,0.81256145,0.8800244,0.99998844,0.9761226,0,0.5552599430084229
TSBD_Healthy_0f0af1a35d,1,0,1,0.56981176,0.033075683,0.054863784,0.037317928,1.5361527e-06,0.0070234057,0,0.07873282581567764,0.48872644,0.7359055,0.996777,0.83967346,0,0.3660072088241577,0.4564098,0.22677648,0.0032214287,0.1533031,0,0.5552599430084229
TSBD_Healthy_24a755565d,1,0,2,0.8157706,0.0064550387,0.062348884,0.039894406,9.0283976e-07,0.006264951,0,0.07873282581567764,0.19660424,0.1263802,0.00022214443,0.04731898,0,0.3660072088241577,0.7410469,0.83372545,0.9997769,0.9464161,0,0.5552599430084229
TSBD_Healthy_00488f3c0b,1,0,1,0.70915973,0.024654219,0.06925043,0.080108754,2.1019323e-05,0.01724275,0,0.07873282581567764,0.6938668,0.84161633,0.99996734,0.95945376,0,0.3660072088241577,0.23688279,0.078274935,1.1604529e-05,0.02330351,0,0.5552599430084229
TSBD_Healthy_7f10feedf0,1,1,0,0.8666523,0.006728633,0.8243335,0.90339977,0.9999906,0.9793901,1,0.07873282581567764,0.08260881,0.045409787,4.6234986e-06,0.009768888,0,0.3660072088241577,0.09305769,0.051190473,4.8248608e-06,0.010841011,0,0.5552599430084229
TSBD_Healthy_083843a5b2,1,1,0,0.78908914,0.018331427,0.7845888,0.90357655,0.9999906,0.9783404,1,0.07873282581567764,0.1526424,0.04366676,3.8403546e-06,0.011652264,0,0.3660072088241577,0.06276869,0.05275667,5.552698e-06,0.0100073125,0,0.5552599430084229
TSBD_Healthy_846b819a49,1,0,1,0.762431,0.017985974,0.06932952,0.06969907,1.050324e-05,0.013799396,0,0.07873282581567764,0.73698384,0.8617372,0.99998415,0.96905756,0,0.3660072088241577,0.19368665,0.0685638,5.3419394e-06,0.0171431,0,0.5552599430084229
TSBD_Healthy_ef882f9638,1,0,2,0.86248034,0.0052129664,0.07919708,0.060389888,3.5645878e-06,0.010548707,0,0.07873282581567764,0.11113815,0.06013079,5.791318e-06,0.013062208,0,0.3660072088241577,0.8096648,0.8794793,0.9999906,0.97638905,0,0.5552599430084229
TSBD_Healthy_f510479194,1,0,2,0.7073398,0.0056114383,0.05977816,0.034500144,2.2500628e-06,0.006522868,0,0.07873282581567764,0.25359502,0.3403091,0.077657126,0.24491711,0,0.3660072088241577,0.6866268,0.62519073,0.92234063,0.7485601,0,0.5552599430084229
TSBD_Healthy_78ac2c01e9,1,0,2,0.694511,0.02221213,0.06288301,0.054361667,4.159234e-06,0.010217971,0,0.07873282581567764,0.29664668,0.12979643,0.00030787152,0.061534613,0,0.3660072088241577,0.64047027,0.8158419,0.999688,0.92824745,0,0.5552599430084229
TSBD_Healthy_aa968b53a4,1,0,2,0.4680133,0.06427796,0.11741517,0.3869863,0.07224633,0.20918295,0,0.07873282581567764,0.1814062,0.043073684,1.0138519e-05,0.015382082,0,0.3660072088241577,0.7011786,0.56994003,0.92774355,0.775435,0,0.5552599430084229
TSBD_Healthy_d6be26c310,0,0,1,0.33112398,0.12691249,0.061313387,0.057682857,4.799799e-06,0.012620233,0,0.07873282581567764,0.39388856,0.8435283,0.9999641,0.93719476,0,0.3660072088241577,0.5447981,0.09878882,3.110494e-05,0.050185025,0,0.5552599430084229
TSBD_Healthy_8d0baa1858,1,0,2,0.7009981,0.0075644013,0.057576485,0.033668976,2.05833e-06,0.0062318663,0,0.07873282581567764,0.23905075,0.34393084,0.084623374,0.24431919,0,0.3660072088241577,0.7033728,0.62240016,0.9153746,0.74944896,0,0.5552599430084229
TSBD_Healthy_9a86700e7b,1,0,2,0.86619514,0.004131294,0.07664778,0.049139943,1.5919387e-06,0.008092268,0,0.07873282581567764,0.115650415,0.076904744,1.9034405e-05,0.018778143,0,0.3660072088241577,0.8077018,0.87395525,0.9999794,0.9731296,0,0.5552599430084229
TSBD_Healthy_8de20870d1,1,0,2,0.6899583,0.023209054,0.05407137,0.03643482,6.964132e-07,0.005641279,0,0.07873282581567764,0.3105259,0.14095852,0.00041712314,0.06870073,0,0.3660072088241577,0.63540274,0.82260674,0.9995821,0.925658,0,0.5552599430084229
TSBD_Healthy_2125dc16c6,1,0,1,0.67200977,0.03206843,0.072793156,0.06951342,9.930146e-06,0.014284152,0,0.07873282581567764,0.67250633,0.8569995,0.9999831,0.96457165,0,0.3660072088241577,0.25470048,0.0734871,6.9570033e-06,0.021144174,0,0.5552599430084229
TSBD_Healthy_f1a3293d1d,1,0,1,0.67123216,0.031668354,0.066953585,0.059806827,5.3025324e-06,0.011462375,0,0.07873282581567764,0.66500264,0.8567824,0.99998236,0.96293664,0,0.3660072088241577,0.2680438,0.083410814,1.230483e-05,0.025600972,0,0.5552599430084229
TSBD_Healthy_db02ad0e48,1,0,1,0.76843584,0.016351154,0.07272408,0.062768534,6.675324e-06,0.012248733,0,0.07873282581567764,0.73121357,0.8606167,0.99998426,0.9676185,0,0.3660072088241577,0.19606236,0.07661481,9.015569e-06,0.020132741,0,0.5552599430084229
TSBD_Healthy_6e62793bdf,1,0,1,0.44139016,0.08401525,0.060989365,0.06960102,1.0017458e-05,0.014480276,0,0.07873282581567764,0.5362814,0.86065483,0.9999845,0.9606573,0,0.3660072088241577,0.40272927,0.06974419,5.4701713e-06,0.024862377,0,0.5552599430084229
TSBD_Healthy_097e8db62c,1,0,2,0.6569565,0.0017659352,0.056018334,0.034657076,2.842909e-06,0.006648847,0,0.07873282581567764,0.38349774,0.363691,0.12895335,0.32055676,0,0.3660072088241577,0.56048393,0.60165197,0.87104386,0.67279434,0,0.5552599430084229
TSBD_Healthy_9a88507804,1,0,2,0.54710996,0.0065116677,0.057444762,0.034853153,3.9770816e-06,0.006988117,0,0.07873282581567764,0.3363445,0.44189963,0.41189364,0.40966406,0,0.3660072088241577,0.6062107,0.5232472,0.58810234,0.58334786,0,0.5552599430084229
TSBD_Healthy_d3268932b8,1,0,1,0.8100865,0.010021919,0.082792245,0.0658331,8.428795e-06,0.0135798855,0,0.07873282581567764,0.75639206,0.8588233,0.9999831,0.9681964,0,0.3660072088241577,0.1608157,0.07534361,8.472782e-06,0.018223759,0,0.5552599430084229
TSBD_Healthy_7ef69613b9,1,0,2,0.86370224,0.0037292317,0.07125532,0.043624144,1.0182262e-06,0.0068529113,0,0.07873282581567764,0.12650315,0.09101539,4.1266234e-05,0.02445678,0,0.3660072088241577,0.8022415,0.86536056,0.9999577,0.96869034,0,0.5552599430084229
TSBD_Healthy_ddc759b323,0,0,1,0.51345265,0.018996567,0.05439174,0.033033483,3.1376562e-06,0.0065272525,0,0.07873282581567764,0.30323288,0.49239773,0.6257463,0.46119735,0,0.3660072088241577,0.6423754,0.47456872,0.37425056,0.53227544,0,0.5552599430084229
TSBD_Healthy_cb4b1d8b67,1,0,2,0.8333918,0.0075118532,0.06326493,0.044343792,1.107238e-06,0.006797184,0,0.07873282581567764,0.16115713,0.08832333,3.696442e-05,0.025931466,0,0.3660072088241577,0.77557796,0.86733294,0.999962,0.9672713,0,0.5552599430084229
TSBD_Healthy_886fdcfd30,0,0,0,0.35527188,0.11116962,0.17826407,0.6305254,0.9066979,0.5586341,0,0.07873282581567764,0.72464323,0.32031864,0.09329282,0.42699376,0,0.3660072088241577,0.09709272,0.04915592,9.215064e-06,0.014372106,0,0.5552599430084229
TSBD_Healthy_784f1bc940,1,0,2,0.8442811,0.004274102,0.06412469,0.039222874,7.8499886e-07,0.00603261,0,0.07873282581567764,0.16110365,0.11458105,0.00013528412,0.037784785,0,0.3660072088241577,0.77477163,0.84619606,0.99986386,0.9561826,0,0.5552599430084229
TSBD_Healthy_ba996de886,1,0,2,0.856735,0.0052484088,0.06705329,0.046128917,1.20963e-06,0.007123255,0,0.07873282581567764,0.13379623,0.079877794,2.2175918e-05,0.020779565,0,0.3660072088241577,0.7991505,0.87399334,0.99997663,0.97209716,0,0.5552599430084229
TSBD_Healthy_619dcca295,1,0,2,0.8007499,0.010767262,0.060259633,0.042357698,9.890872e-07,0.0064796563,0,0.07873282581567764,0.19676635,0.100463934,7.016154e-05,0.033914346,0,0.3660072088241577,0.74297404,0.85717833,0.99992883,0.959606,0,0.5552599430084229
TSBD_Healthy_e5fac835da,1,0,1,0.79758584,0.012347192,0.07672679,0.06635088,8.312204e-06,0.01324743,0,0.07873282581567764,0.7533632,0.8621454,0.99998534,0.9695885,0,0.3660072088241577,0.16991003,0.07150361,6.3803577e-06,0.01716403,0,0.5552599430084229
TSBD_Healthy_7b8508b66d,1,0,2,0.8206433,0.0019990862,0.062446866,0.035349086,8.840359e-07,0.0058345417,0,0.07873282581567764,0.189401,0.19396622,0.0023897912,0.08989732,0,0.3660072088241577,0.7481521,0.7706847,0.9976094,0.90426815,0,0.5552599430084229
TSBD_Healthy_1bf9b6920f,0,0,1,0.5822744,0.023697037,0.061266985,0.039013848,3.4872069e-06,0.008290391,0,0.07873282581567764,0.3985348,0.61535,0.95397615,0.67558086,0,0.3660072088241577,0.54019827,0.3456361,0.046020415,0.3161287,0,0.5552599430084229
TSBD_Healthy_c2dd44b1c5,1,0,2,0.75540215,0.018773606,0.06688826,0.056487672,3.2314138e-06,0.009794727,0,0.07873282581567764,0.2082618,0.07782133,2.1904609e-05,0.024687506,0,0.3660072088241577,0.72484994,0.865691,0.99997485,0.96551776,0,0.5552599430084229
TSBD_Healthy_6941b60386,1,0,2,0.8211549,0.008046532,0.064225234,0.044108957,1.1558382e-06,0.0069221254,0,0.07873282581567764,0.17691886,0.09878204,6.559529e-05,0.03181462,0,0.3660072088241577,0.75885594,0.857109,0.99993324,0.9612633,0,0.5552599430084229
TSBD_Healthy_905510a905,1,0,2,0.68818384,0.0031391028,0.0548011,0.03546319,2.3726839e-06,0.0066445596,0,0.07873282581567764,0.37488958,0.32178217,0.05327298,0.26062274,0,0.3660072088241577,0.5703092,0.6427547,0.94672465,0.7327327,0,0.5552599430084229
TSBD_Healthy_9731a208b9,0,0,1,0.3166055,0.13368404,0.066479295,0.058179308,4.9668774e-06,0.013137668,0,0.07873282581567764,0.3951751,0.8544146,0.9999778,0.94480205,0,0.3660072088241577,0.5383456,0.08740614,1.7197126e-05,0.04206027,0,0.5552599430084229
TSBD_Healthy_0dca3c0bc2,1,0,1,0.68739027,0.027094524,0.06796331,0.056631353,4.8857873e-06,0.011062335,0,0.07873282581567764,0.6606142,0.84531605,0.99996114,0.95504814,0,0.3660072088241577,0.2714225,0.09805263,3.398e-05,0.033889536,0,0.5552599430084229
TSBD_Healthy_12ac808983,1,0,1,0.7094891,0.024290936,0.07778705,0.06370674,7.365546e-06,0.013165751,0,0.07873282581567764,0.6820243,0.8512083,0.99997663,0.9608329,0,0.3660072088241577,0.24018863,0.085084885,1.6044683e-05,0.02600141,0,0.5552599430084229
TSBD_Healthy_511fba2ceb,1,0,2,0.7872951,0.010844214,0.059816062,0.038634792,7.5342047e-07,0.0059134723,0,0.07873282581567764,0.2194629,0.12013976,0.00017285568,0.046055418,0,0.3660072088241577,0.72072107,0.8412255,0.9998265,0.9480311,0,0.5552599430084229
TSBD_Healthy_549679688a,1,0,2,0.76027524,0.0073219333,0.055363104,0.034319766,7.8460715e-07,0.00551676,0,0.07873282581567764,0.28261596,0.19519818,0.0025841936,0.1078275,0,0.3660072088241577,0.6620209,0.77048206,0.99741495,0.88665575,0,0.5552599430084229
TSBD_Healthy_708f7d8e32,1,0,2,0.828904,0.0091372095,0.062882565,0.048449066,1.4910428e-06,0.0074770018,0,0.07873282581567764,0.15674713,0.075387545,1.7695793e-05,0.02059891,0,0.3660072088241577,0.78037024,0.87616336,0.9999808,0.97192407,0,0.5552599430084229
TSBD_Healthy_30a7ad7ba3,1,0,2,0.58753216,0.0013561805,0.054001108,0.03315601,2.8722184e-06,0.0062814583,0,0.07873282581567764,0.41640303,0.41671884,0.2847295,0.40037668,0,0.3660072088241577,0.52959585,0.5501252,0.7152676,0.5933419,0,0.5552599430084229
TSBD_Healthy_dad4aa07c4,1,0,2,0.73832273,0.011787558,0.057199463,0.03781545,1.1380558e-06,0.0063535,0,0.07873282581567764,0.29391676,0.17586373,0.0014773685,0.094372965,0,0.3660072088241577,0.64888376,0.7863208,0.9985215,0.8992736,0,0.5552599430084229
TSBD_Healthy_8eff6e388b,0,0,1,0.5143924,0.042955216,0.05507254,0.034011777,2.748162e-06,0.007000066,0,0.07873282581567764,0.27129376,0.5577262,0.8553482,0.54044944,0,0.3660072088241577,0.6736337,0.40826198,0.14464901,0.45255047,0,0.5552599430084229
TSBD_Healthy_fec7f36a5c,1,0,1,0.6261382,0.00851565,0.058200754,0.035407133,2.201747e-06,0.006907473,0,0.07873282581567764,0.4914824,0.6189225,0.95682466,0.7085664,0,0.3660072088241577,0.45031688,0.34567037,0.043173164,0.28452608,0,0.5552599430084229
TSBD_Healthy_1cf19a1878,1,0,2,0.6502927,0.0018411418,0.05565045,0.033397935,2.3164991e-06,0.0062377616,0,0.07873282581567764,0.38679585,0.369552,0.14291804,0.32927927,0,0.3660072088241577,0.5575537,0.59705013,0.85707957,0.66448295,0,0.5552599430084229
TSBD_Healthy_0fbc0f2310,1,0,2,0.69537175,0.029687196,0.05937877,0.050540797,1.743717e-06,0.007992174,0,0.07873282581567764,0.24532361,0.07377483,1.5935071e-05,0.02423249,0,0.3660072088241577,0.6952976,0.8756844,0.99998224,0.96777534,0,0.5552599430084229
TSBD_Healthy_24a6f36a78,1,0,1,0.7111142,0.015890326,0.06053988,0.04037855,1.4887331e-06,0.0072131217,0,0.07873282581567764,0.62749416,0.78793883,0.99939585,0.91119254,0,0.3660072088241577,0.31196597,0.17168266,0.00060268433,0.08159434,0,0.5552599430084229
TSBD_Healthy_7bca399e6d,1,0,2,0.74716216,0.004092157,0.056227855,0.034733567,1.2021682e-06,0.005985304,0,0.07873282581567764,0.3067677,0.24728341,0.01023421,0.16017877,0,0.3660072088241577,0.63700444,0.71798307,0.9897646,0.83383596,0,0.5552599430084229
TSBD_Healthy_06733b9af0,1,0,2,0.8088521,0.0033091381,0.05585205,0.0345133,7.257142e-07,0.0053911493,0,0.07873282581567764,0.22438715,0.17876963,0.0015099464,0.08475093,0,0.3660072088241577,0.7197608,0.7867171,0.99848926,0.9098579,0,0.5552599430084229
TSBD_Healthy_2e5b036845,1,0,1,0.7579879,0.018018253,0.0689228,0.06181999,6.163154e-06,0.011778623,0,0.07873282581567764,0.7255026,0.8607147,0.9999844,0.96740377,0,0.3660072088241577,0.20557457,0.077465266,9.450814e-06,0.020817578,0,0.5552599430084229
TSBD_Healthy_363f51fde7,1,1,1,0.8382688,0.0064803995,0.09659629,0.07172492,1.1516621e-05,0.015712136,0,0.07873282581567764,0.77834827,0.8615314,0.9999839,0.97042966,1,0.3660072088241577,0.12505543,0.066743724,4.6001924e-06,0.013858244,0,0.5552599430084229
TSBD_Healthy_c6ac85b839,1,0,1,0.77925247,0.014587292,0.07329162,0.06251622,6.6752405e-06,0.012228526,0,0.07873282581567764,0.7370354,0.8595223,0.9999832,0.9672757,0,0.3660072088241577,0.18967298,0.07796153,1.017448e-05,0.020495828,0,0.5552599430084229
TSBD_Healthy_ddbacc20a2,1,0,1,0.6281364,0.0061269067,0.062120616,0.035668395,3.3617632e-06,0.007187006,0,0.07873282581567764,0.61638075,0.5452272,0.8335905,0.65640527,0,0.3660072088241577,0.32149857,0.4191044,0.16640608,0.3364077,0,0.5552599430084229
TSBD_Healthy_8643328d51,1,0,2,0.7306863,0.019343708,0.057419673,0.040099837,8.570597e-07,0.006184574,0,0.07873282581567764,0.2614117,0.116525136,0.00014907143,0.047670927,0,0.3660072088241577,0.6811686,0.843375,0.99985003,0.9461445,0,0.5552599430084229
TSBD_Healthy_006fc27c69,1,0,2,0.6927723,0.0018056249,0.05693422,0.034533337,2.1760322e-06,0.0064324257,0,0.07873282581567764,0.35192427,0.3350253,0.075046346,0.27343982,0,0.3660072088241577,0.5911415,0.63044137,0.9249514,0.7201278,0,0.5552599430084229
TSBD_Healthy_33406626c7,1,0,2,0.5837755,0.020333603,0.05914308,0.035144698,3.3915724e-06,0.0069681485,0,0.07873282581567764,0.22305143,0.40770966,0.25289857,0.31508154,0,0.3660072088241577,0.71780545,0.55714566,0.747098,0.6779503,0,0.5552599430084229
TSBD_Healthy_b06da16348,1,0,2,0.84191257,0.007428767,0.0689174,0.05016502,1.7559371e-06,0.008076335,0,0.07873282581567764,0.14142868,0.07304223,1.5051397e-05,0.018902918,0,0.3660072088241577,0.78965396,0.87679267,0.9999832,0.97302073,0,0.5552599430084229
TSBD_Healthy_06f251fee4,1,0,2,0.72856504,0.016678594,0.058640875,0.039327104,9.857903e-07,0.0063775517,0,0.07873282581567764,0.2810827,0.14270017,0.0004392335,0.06676327,0,0.3660072088241577,0.6602765,0.8179727,0.9995598,0.9268592,0,0.5552599430084229
TSBD_Healthy_4ac4f94767,1,0,2,0.86153245,0.005265913,0.076343365,0.057322957,2.8919405e-06,0.009759389,0,0.07873282581567764,0.11553654,0.06348741,7.538565e-06,0.014308229,0,0.3660072088241577,0.80812013,0.87918967,0.9999896,0.9759324,0,0.5552599430084229
TSBD_Healthy_e7cd92f08f,1,0,2,0.8287091,0.009205213,0.062247865,0.048417833,1.4767224e-06,0.0074331784,0,0.07873282581567764,0.15710662,0.07515435,1.7313876e-05,0.020494875,0,0.3660072088241577,0.7806455,0.8764277,0.9999813,0.972072,0,0.5552599430084229
TSBD_Healthy_1597a65755,1,0,1,0.6659152,0.0069761146,0.061177295,0.034759756,2.6884654e-06,0.006859499,0,0.07873282581567764,0.65287834,0.5763457,0.90226746,0.70821667,0,0.3660072088241577,0.2859444,0.3888946,0.09772988,0.28492385,0,0.5552599430084229
TSBD_Healthy_a8ea0e137d,1,0,2,0.5914183,0.004167786,0.058178212,0.034968928,3.828408e-06,0.0069858297,0,0.07873282581567764,0.342115,0.42081866,0.31106165,0.3816484,0,0.3660072088241577,0.59970677,0.5442124,0.68893445,0.6113658,0,0.5552599430084229
TSBD_Healthy_fafc24f635,0,0,1,0.5896615,0.016005427,0.05441976,0.035403643,2.989081e-06,0.0070414976,0,0.07873282581567764,0.3949623,0.57309043,0.89486206,0.6142105,0,0.3660072088241577,0.550618,0.39150596,0.1051349,0.378748,0,0.5552599430084229
TSBD_Healthy_7c877797f5,1,0,2,0.82536745,0.008444356,0.066586286,0.04639668,1.3299184e-06,0.0073490953,0,0.07873282581567764,0.1649349,0.08729376,3.6101068e-05,0.025963962,0,0.3660072088241577,0.76847875,0.8663096,0.99996257,0.9666869,0,0.5552599430084229
TSBD_Healthy_d249c82c7a,1,0,1,0.56124824,0.04992444,0.06629705,0.05229824,3.2372634e-06,0.010186517,0,0.07873282581567764,0.5710699,0.8403028,0.9999496,0.9461957,0,0.3660072088241577,0.36263305,0.107398905,4.7180107e-05,0.04361776,0,0.5552599430084229
TSBD_Healthy_1dafd9bcec,1,0,2,0.8165722,0.0032139923,0.05784225,0.035141353,7.0887216e-07,0.0054698493,0,0.07873282581567764,0.21120088,0.16962008,0.0011249491,0.07631197,0,0.3660072088241577,0.73095685,0.7952386,0.99887437,0.91821814,0,0.5552599430084229
TSBD_Healthy_727f8ba7d1,1,0,2,0.7522895,0.006883193,0.05713719,0.0356089,1.0468924e-06,0.006004686,0,0.07873282581567764,0.29373047,0.2088172,0.0038335372,0.12183836,0,0.3660072088241577,0.6491323,0.75557387,0.9961654,0.8721569,0,0.5552599430084229
TSBD_Healthy_578fae46e9,1,0,2,0.85314214,0.0054895645,0.06785161,0.046059053,1.2243864e-06,0.0071791853,0,0.07873282581567764,0.13739276,0.08192678,2.4655466e-05,0.02171027,0,0.3660072088241577,0.7947556,0.87201416,0.99997413,0.9711106,0,0.5552599430084229
TSBD_Healthy_d1980c5cf7,1,0,2,0.7501964,0.015977193,0.05473738,0.037586913,6.951581e-07,0.005629525,0,0.07873282581567764,0.25318298,0.12250623,0.00019736697,0.05067774,0,0.3660072088241577,0.69207966,0.8399068,0.99980193,0.9436927,0,0.5552599430084229
TSBD_Healthy_5f95d3f8a2,1,0,2,0.36476284,0.10767096,0.05807525,0.04955016,1.6235809e-06,0.008736241,0,0.07873282581567764,0.46416593,0.07536734,1.6483838e-05,0.034717016,0,0.3660072088241577,0.47775877,0.8750825,0.9999819,0.9565467,0,0.5552599430084229
TSBD_Healthy_ef7cbd4127,1,0,2,0.7779525,0.009704718,0.060359564,0.03841251,8.8286464e-07,0.006137753,0,0.07873282581567764,0.24037059,0.14366949,0.00046244712,0.06305097,0,0.3660072088241577,0.69926983,0.817918,0.99953675,0.93081135,0,0.5552599430084229
TSBD_Healthy_63b700da46,1,0,1,0.7001674,0.008874815,0.062877364,0.042455476,2.7159367e-06,0.008353411,0,0.07873282581567764,0.58149004,0.7086771,0.99471927,0.83727545,0,0.3660072088241577,0.35563254,0.24886745,0.005277964,0.15437116,0,0.5552599430084229
TSBD_Healthy_076f98de26,1,0,1,0.4949059,0.067226976,0.05806712,0.054261472,3.5607213e-06,0.010242573,0,0.07873282581567764,0.545762,0.8521229,0.9999734,0.9525319,0,0.3660072088241577,0.39617088,0.09361557,2.2980179e-05,0.037225522,0,0.5552599430084229
TSBD_Healthy_e3f6aa3d79,0,0,2,0.51040596,0.013103802,0.056649774,0.03605089,4.3252917e-06,0.007266805,0,0.07873282581567764,0.3150598,0.47145328,0.55847317,0.44339868,0,0.3660072088241577,0.6282905,0.49249592,0.44152248,0.5493345,0,0.5552599430084229
TSBD_Healthy_da00d5de9a,1,0,2,0.8016432,0.012695981,0.061803333,0.047869924,1.3989163e-06,0.00736065,0,0.07873282581567764,0.17874019,0.07769924,1.9653471e-05,0.022517933,0,0.3660072088241577,0.7594565,0.87443084,0.9999789,0.97012144,0,0.5552599430084229
TSBD_Healthy_1fc6860580,1,0,1,0.66048706,0.034501046,0.06709619,0.065588266,7.8755065e-06,0.012928038,0,0.07873282581567764,0.6678911,0.8601343,0.9999845,0.96507597,0,0.3660072088241577,0.26501268,0.07427743,7.669468e-06,0.02199597,0,0.5552599430084229
TSBD_Healthy_93437b01b9,1,0,2,0.8584459,0.0051514935,0.06813112,0.04654647,1.2764096e-06,0.00726314,0,0.07873282581567764,0.13058907,0.07824963,2.0306648e-05,0.020038648,0,0.3660072088241577,0.8012797,0.8752039,0.9999784,0.97269815,0,0.5552599430084229
TSBD_Healthy_d7b2fef984,1,0,2,0.81201357,0.0027097408,0.055307183,0.034447916,7.4391295e-07,0.0053778808,0,0.07873282581567764,0.22116473,0.18291399,0.001816653,0.08813044,0,0.3660072088241577,0.7235281,0.78263813,0.99818265,0.90649164,0,0.5552599430084229
TSBD_Healthy_6499b6d7a1,1,0,2,0.8189692,0.005879416,0.060917035,0.03821846,7.9186265e-07,0.0059254644,0,0.07873282581567764,0.19589473,0.13022849,0.0002711293,0.04974757,0,0.3660072088241577,0.74318826,0.8315531,0.999728,0.94432694,0,0.5552599430084229
TSBD_Healthy_b2c3637e41,1,0,2,0.78779507,0.0031673135,0.060374767,0.034397792,1.1470757e-06,0.0059119826,0,0.07873282581567764,0.20263112,0.2507616,0.011269769,0.13882713,0,0.3660072088241577,0.73699415,0.7148406,0.9887291,0.8552609,0,0.5552599430084229
TSBD_Healthy_ca0105e4b8,1,0,2,0.8601869,0.0036727786,0.06722012,0.041067425,8.468687e-07,0.0063074273,0,0.07873282581567764,0.13616066,0.09901243,6.6191955e-05,0.028689954,0,0.3660072088241577,0.7966193,0.85992014,0.999933,0.9650026,0,0.5552599430084229
TSBD_Healthy_efb3b53d28,0,0,2,0.56423277,0.022819828,0.08519424,0.055172216,2.2022274e-05,0.01516113,0,0.07873282581567764,0.5300994,0.34734327,0.10481633,0.357844,0,0.3660072088241577,0.38470635,0.5974845,0.89516175,0.6269949,0,0.5552599430084229
TSBD_Healthy_b6298539e0,1,0,2,0.74310815,0.010669557,0.06017316,0.032883912,1.2643217e-06,0.0058047613,0,0.07873282581567764,0.17225392,0.2875147,0.026227737,0.16247545,0,0.3660072088241577,0.76757294,0.67960143,0.97377104,0.8317198,0,0.5552599430084229
TSBD_Healthy_32b15941da,1,0,1,0.8185644,0.009134151,0.08340263,0.06856392,9.556918e-06,0.01416851,0,0.07873282581567764,0.7653336,0.8603059,0.99998415,0.9694936,0,0.3660072088241577,0.15126379,0.07113017,6.328392e-06,0.016337851,0,0.5552599430084229
TSBD_Healthy_0d4ffdc7b0,0,0,2,0.5142261,0.00689519,0.05441945,0.033981223,3.6287963e-06,0.006675723,0,0.07873282581567764,0.36767095,0.4798532,0.55553216,0.46700954,0,0.3660072088241577,0.5779095,0.48616558,0.44446418,0.5263148,0,0.5552599430084229
TSBD_Healthy_b36f28e306,1,1,2,0.8697312,0.0036996799,0.07971908,0.04619007,1.2189018e-06,0.007552651,0,0.07873282581567764,0.107945375,0.08171105,2.4380153e-05,0.019763635,0,0.3660072088241577,0.81233555,0.8720989,0.99997437,0.9726837,1,0.5552599430084229
TSBD_Healthy_68a56d28bf,1,0,1,0.79431665,0.0051579773,0.07001822,0.042940527,1.8719112e-06,0.0079542985,0,0.07873282581567764,0.70353,0.7901588,0.9995065,0.92471576,0,0.3660072088241577,0.2264517,0.16690063,0.0004916448,0.067329995,0,0.5552599430084229
TSBD_Healthy_b7798ab5f8,1,0,2,0.681235,0.01085652,0.056420796,0.03235102,1.9130327e-06,0.00595445,0,0.07873282581567764,0.22665142,0.35513213,0.10546564,0.25276506,0,0.3660072088241577,0.71692777,0.6125168,0.8945324,0.7412805,0,0.5552599430084229
TSBD_Healthy_2a0f79d223,1,0,2,0.6286174,0.0051966533,0.056881957,0.033231657,2.7384103e-06,0.0063733947,0,0.07873282581567764,0.31276175,0.40123418,0.22686851,0.34193254,0,0.3660072088241577,0.6303563,0.5655341,0.7731287,0.65169406,0,0.5552599430084229
TSBD_Healthy_8fc6471a64,1,0,2,0.7190673,0.008588554,0.056696195,0.03596511,1.2771768e-06,0.006269595,0,0.07873282581567764,0.33495235,0.23296043,0.007359216,0.15292777,0,0.3660072088241577,0.60835147,0.73107445,0.99263954,0.8408026,0,0.5552599430084229
TSBD_Healthy_78bf1afa4b,1,0,1,0.49767262,0.06625967,0.06226772,0.057137214,4.922997e-06,0.011460078,0,0.07873282581567764,0.54581785,0.8498065,0.99997115,0.9512489,0,0.3660072088241577,0.39191446,0.09305634,2.3965042e-05,0.03729102,0,0.5552599430084229
TSBD_Healthy_d63c012f3e,1,0,1,0.79916835,0.009301679,0.07608521,0.055285227,3.8624544e-06,0.010545779,0,0.07873282581567764,0.73165387,0.84027505,0.99995613,0.95845044,0,0.3660072088241577,0.19226092,0.1044397,4.0033974e-05,0.031003736,0,0.5552599430084229
TSBD_Healthy_05ab09d318,1,0,2,0.65785635,0.014646191,0.05671992,0.03385755,1.1362064e-06,0.005991383,0,0.07873282581567764,0.3982945,0.25632405,0.013546501,0.19260843,0,0.3660072088241577,0.5449856,0.7098184,0.98645234,0.8014002,0,0.5552599430084229
TSBD_Healthy_18405215f8,1,0,2,0.86125416,0.004714745,0.072416164,0.048948757,1.54105e-06,0.007880442,0,0.07873282581567764,0.12442767,0.0769642,1.8949968e-05,0.01928562,0,0.3660072088241577,0.8031561,0.87408704,0.9999795,0.97283393,0,0.5552599430084229
TSBD_Healthy_fe721e6a35,0,0,1,0.555848,0.035631724,0.05790529,0.0372595,2.60989e-06,0.007716799,0,0.07873282581567764,0.36045355,0.6255765,0.9625555,0.6761035,0,0.3660072088241577,0.58164114,0.33716404,0.03744189,0.31617972,0,0.5552599430084229
TSBD_Healthy_8a0b6768d9,0,0,2,0.46504754,0.029555514,0.056551196,0.033576317,3.3605256e-06,0.0067756176,0,0.07873282581567764,0.233371,0.46276647,0.5078869,0.39353254,0,0.3660072088241577,0.71007776,0.5036572,0.49210975,0.59969187,0,0.5552599430084229
TSBD_Healthy_fdb9e6ae23,1,0,2,0.8651248,0.0030471268,0.0708915,0.04040734,8.116462e-07,0.0063126013,0,0.07873282581567764,0.12524311,0.10343186,8.015196e-05,0.029465325,0,0.3660072088241577,0.8038653,0.8561608,0.99991906,0.96422213,0,0.5552599430084229
TSBD_Healthy_4c66cb7f58,1,0,2,0.7188924,0.005436685,0.05464937,0.03241086,1.6194015e-06,0.005766641,0,0.07873282581567764,0.24681768,0.33320498,0.065292776,0.23260091,0,0.3660072088241577,0.698533,0.6343842,0.9347055,0.76163244,0,0.5552599430084229
TSBD_Healthy_f5058ddf56,0,0,1,0.38220254,0.10736362,0.06136351,0.04158284,2.2756494e-06,0.009492834,0,0.07873282581567764,0.2936871,0.74295586,0.9975635,0.80756235,0,0.3660072088241577,0.6449494,0.2154613,0.0024343105,0.18294483,0,0.5552599430084229
TSBD_Healthy_69e2554f5f,1,0,1,0.5078413,0.05908505,0.055305455,0.043911412,1.6947248e-06,0.007947014,0,0.07873282581567764,0.51789343,0.82453704,0.9998611,0.92794514,0,0.3660072088241577,0.42680112,0.1315516,0.00013721996,0.064107865,0,0.5552599430084229
TSBD_Healthy_d4f8817d0f,1,0,2,0.74309814,0.012914972,0.058655072,0.037201162,8.712038e-07,0.006031328,0,0.07873282581567764,0.2793998,0.15951839,0.00085684203,0.07957117,0,0.3660072088241577,0.6619451,0.8032805,0.9991423,0.91439754,0,0.5552599430084229
TSBD_Healthy_75d585858d,1,0,1,0.43158683,0.0864996,0.056989457,0.064013466,7.2481503e-06,0.012823638,0,0.07873282581567764,0.5261935,0.86177045,0.999985,0.9592712,0,0.3660072088241577,0.41681707,0.07421612,7.7950635e-06,0.027905164,0,0.5552599430084229
TSBD_Healthy_cb3a9d790a,0,0,1,0.4682391,0.06992064,0.05498979,0.038304128,1.4956113e-06,0.0075683184,0,0.07873282581567764,0.39125627,0.7520586,0.99806184,0.83942646,0,0.3660072088241577,0.5537539,0.20963722,0.0019366042,0.15300523,0,0.5552599430084229
TSBD_Healthy_2c254df731,0,0,1,0.5696787,0.029580116,0.059362505,0.03869564,2.05371e-06,0.007725182,0,0.07873282581567764,0.45558548,0.6941835,0.9921033,0.79195005,0,0.3660072088241577,0.48505202,0.26712087,0.00789466,0.20032479,0,0.5552599430084229
TSBD_Healthy_4e4bdff12a,1,0,1,0.78045106,0.0128860455,0.074726716,0.055638943,4.013069e-06,0.010612388,0,0.07873282581567764,0.72427,0.84932965,0.9999701,0.9616733,0,0.3660072088241577,0.2010033,0.095031366,2.587078e-05,0.027714297,0,0.5552599430084229
TSBD_WSSV_ffd2411af1,1,0,1,0.6114099,0.042911913,0.066868484,0.06125087,6.193347e-06,0.012149929,0,0.07873282581567764,0.6291339,0.8570194,0.9999809,0.9606492,0,0.3660072088241577,0.30399767,0.08172969,1.2859767e-05,0.027200863,0,0.5552599430084229
TSBD_WSSV_c6b9dfd6bd,0,0,1,0.37326026,0.10465401,0.055558495,0.052161273,3.2672858e-06,0.010342964,0,0.07873282581567764,0.44830745,0.8500887,0.99996555,0.9432912,0,0.3660072088241577,0.49613407,0.09775008,3.1205855e-05,0.046365816,0,0.5552599430084229
TSBD_WSSV_258e8224d8,1,1,1,0.84345484,0.005751323,0.1026966,0.07216384,1.20871755e-05,0.016230412,0,0.07873282581567764,0.7813579,0.8615848,0.99998343,0.9704119,1,0.3660072088241577,0.1159455,0.06625136,4.473377e-06,0.013357637,0,0.5552599430084229
TSBD_WSSV_7759b4323e,1,0,1,0.7865683,0.00847668,0.1443601,0.17653704,0.00084693736,0.06511466,0,0.07873282581567764,0.7419942,0.7776867,0.9991518,0.9260927,0,0.3660072088241577,0.113645695,0.04577623,1.2045186e-06,0.008792659,0,0.5552599430084229
TSBD_WSSV_20ac0fab2b,1,1,0,0.6824635,0.03517364,0.7110417,0.90336263,0.9999896,0.97446996,1,0.07873282581567764,0.21561283,0.049689945,7.1420336e-06,0.016268197,0,0.3660072088241577,0.07334548,0.046947483,3.2034777e-06,0.009261872,0,0.5552599430084229
TSBD_WSSV_73ccea8db5,1,0,1,0.55718076,0.026973072,0.22943449,0.43142974,0.15685332,0.30705482,0,0.07873282581567764,0.66627336,0.52810407,0.8431435,0.6836905,0,0.3660072088241577,0.10429212,0.040466152,3.1842608e-06,0.009254614,0,0.5552599430084229
TSBD_WSSV_2ca61b4065,1,0,1,0.7694638,0.013213269,0.10641519,0.1880305,0.001163819,0.06367765,0,0.07873282581567764,0.77716905,0.76440656,0.99883467,0.9268962,0,0.3660072088241577,0.11641579,0.047563005,1.557769e-06,0.009426096,0,0.5552599430084229
TSBD_WSSV_0168d43459,1,0,0,0.36274344,0.11016963,0.4827944,0.8952912,0.999985,0.96010756,0,0.07873282581567764,0.11417422,0.044091966,4.4497524e-06,0.012717395,0,0.3660072088241577,0.40303138,0.060616847,1.0655442e-05,0.027175047,0,0.5552599430084229
TSBD_WSSV_a270f6228b,1,0,1,0.5993547,0.029507697,0.14459404,0.35173845,0.05956178,0.20310295,0,0.07873282581567764,0.73450303,0.5624311,0.9403498,0.7694102,0,0.3660072088241577,0.12090295,0.08583046,8.8371555e-05,0.02748686,0,0.5552599430084229
TSBD_WSSV_3868efcb84,0,0,0,0.09172211,0.3103084,0.15377025,0.8957408,0.99998605,0.9313475,0,0.07873282581567764,0.42712018,0.048362046,6.521044e-06,0.03287068,0,0.3660072088241577,0.41910958,0.055897217,7.4385284e-06,0.035781883,0,0.5552599430084229
TSBD_WSSV_98510bdd07,0,0,0,0.41092902,0.077508226,0.21722457,0.5969744,0.79600847,0.5176016,0,0.07873282581567764,0.6881055,0.3653481,0.20398854,0.47318646,0,0.3660072088241577,0.094669916,0.03767751,3.0452866e-06,0.009211932,0,0.5552599430084229
TSBD_WSSV_365b81a0b8,1,0,2,0.33255208,0.10855925,0.06528918,0.38267246,0.08363448,0.18530427,0,0.07873282581567764,0.30420145,0.059146937,4.7469628e-05,0.030739786,0,0.3660072088241577,0.6305093,0.55818063,0.916318,0.78395593,0,0.5552599430084229
TSBD_WSSV_4c515e509e,1,0,1,0.82271475,0.007966747,0.09564663,0.09820968,4.6021123e-05,0.023915755,0,0.07873282581567764,0.77383226,0.8439571,0.9999515,0.9643954,0,0.3660072088241577,0.13052115,0.05783316,2.45229e-06,0.011688832,0,0.5552599430084229
TSBD_WSSV_d5dc5a32b7,1,0,1,0.5291478,0.043483663,0.058241162,0.046645287,2.9868668e-06,0.009309965,0,0.07873282581567764,0.47192255,0.7502672,0.99847835,0.8603609,0,0.3660072088241577,0.4698363,0.20308751,0.0015186525,0.13032912,0,0.5552599430084229
TSBD_WSSV_84d358870a,0,0,0,0.46024585,0.059083648,0.2661356,0.60218877,0.81519073,0.5492159,0,0.07873282581567764,0.64739853,0.36033598,0.18480638,0.44217834,0,0.3660072088241577,0.08646587,0.037475284,2.8470645e-06,0.008605696,0,0.5552599430084229
TSBD_WSSV_b95089e484,1,1,0,0.77964276,0.005082275,0.7196849,0.73717976,0.9888154,0.8621018,1,0.07873282581567764,0.19370654,0.22330391,0.011182414,0.1298191,0,0.3660072088241577,0.08660859,0.039516345,2.1022545e-06,0.008079056,0,0.5552599430084229
TSBD_WSSV_ef2d938994,1,0,0,0.33355114,0.119366065,0.45232466,0.89298505,0.9999845,0.9572832,0,0.07873282581567764,0.3391068,0.052590087,9.224679e-06,0.02381053,0,0.3660072088241577,0.20856857,0.054424796,6.310122e-06,0.018906334,0,0.5552599430084229
TSBD_WSSV_32049c3ecf,0,0,0,0.34370935,0.116935864,0.17465693,0.61431944,0.9662723,0.5938011,0,0.07873282581567764,0.1161374,0.1189512,0.0017000455,0.06915553,0,0.3660072088241577,0.70920575,0.26672938,0.03202762,0.33704334,0,0.5552599430084229
TSBD_WSSV_8b8160f809,1,0,1,0.75873375,0.011223912,0.14257193,0.20266916,0.0016526558,0.07925825,0,0.07873282581567764,0.73209983,0.748009,0.99834526,0.9102393,0,0.3660072088241577,0.12532826,0.049321793,2.0338812e-06,0.010502471,0,0.5552599430084229
TSBD_WSSV_cdf58b2135,1,1,1,0.8425057,0.005807897,0.1042493,0.07219738,1.1680934e-05,0.016219946,0,0.07873282581567764,0.7800116,0.861135,0.99998367,0.9703082,1,0.3660072088241577,0.11573915,0.06666761,4.6000514e-06,0.013471812,0,0.5552599430084229
TSBD_WSSV_aa863186fe,0,0,1,0.11749442,0.29790458,0.08833333,0.106368,6.9680995e-05,0.044082284,0,0.07873282581567764,0.15207845,0.82617587,0.99992454,0.90956193,0,0.3660072088241577,0.75958824,0.06745613,5.7816433e-06,0.046355873,0,0.5552599430084229
TSBD_WSSV_dfb2880295,1,0,1,0.8322233,0.007504342,0.087221116,0.07315799,1.2493215e-05,0.015555811,0,0.07873282581567764,0.7776909,0.86119556,0.9999832,0.9705082,0,0.3660072088241577,0.13508801,0.065646455,4.2782453e-06,0.01393595,0,0.5552599430084229
TSBD_WSSV_baaf0baf99,0,0,1,0.5129263,0.037483435,0.53765565,0.38417795,0.077638544,0.37288645,0,0.07873282581567764,0.32706913,0.57588744,0.9223591,0.61673814,0,0.3660072088241577,0.1352752,0.03993465,2.3612681e-06,0.010375473,0,0.5552599430084229
TSBD_WSSV_24404c91af,1,0,1,0.7922159,0.013133656,0.08136533,0.0777361,1.644908e-05,0.01666243,0,0.07873282581567764,0.75365263,0.8579179,0.9999796,0.96857816,0,0.3660072088241577,0.16498204,0.06434602,3.9836773e-06,0.014759457,0,0.5552599430084229
TSBD_WSSV_b7563199e4,1,1,1,0.8355724,0.0049128802,0.13373263,0.108830996,7.4655785e-05,0.031046985,0,0.07873282581567764,0.76778406,0.83833784,0.9999237,0.9595124,1,0.3660072088241577,0.09848332,0.052831132,1.6853311e-06,0.009440596,0,0.5552599430084229
TSBD_WSSV_11a594f754,1,1,1,0.84331906,0.0047499454,0.1227092,0.09561931,4.2144587e-05,0.025237227,0,0.07873282581567764,0.77741516,0.8483978,0.99995565,0.96457344,1,0.3660072088241577,0.09987566,0.05598285,2.1619358e-06,0.01018931,0,0.5552599430084229
TSBD_WSSV_fc31d39bad,1,0,1,0.7858256,0.01426718,0.07988486,0.07524225,1.4206311e-05,0.0158583,0,0.07873282581567764,0.75020766,0.8604547,0.9999819,0.96923614,0,0.3660072088241577,0.16990753,0.06430303,3.9618103e-06,0.0149055235,0,0.5552599430084229
TSBD_WSSV_d6cd79daa1,1,0,1,0.693262,0.028200423,0.09785323,0.09055854,3.262618e-05,0.022487232,0,0.07873282581567764,0.6879506,0.8513261,0.99996483,0.9629161,0,0.3660072088241577,0.21419623,0.058115363,2.589339e-06,0.014596749,0,0.5552599430084229
TSBD_WSSV_02f81ef95e,1,0,1,0.7691282,0.01664982,0.07841596,0.070390336,1.0731123e-05,0.014533131,0,0.07873282581567764,0.73661995,0.8617435,0.99998426,0.9688615,0,0.3660072088241577,0.18496409,0.06786618,5.053279e-06,0.016605305,0,0.5552599430084229
TSBD_WSSV_3b11acaec9,1,1,1,0.8377618,0.00652189,0.096037574,0.0708189,1.0815785e-05,0.015401973,0,0.07873282581567764,0.7776459,0.8614598,0.9999844,0.9704456,1,0.3660072088241577,0.12631656,0.06772133,4.8501397e-06,0.014152447,0,0.5552599430084229
TSBD_WSSV_c286bccb7a,1,1,1,0.8425719,0.005978398,0.09441851,0.07018392,1.0559476e-05,0.015145606,0,0.07873282581567764,0.7820761,0.86199814,0.9999844,0.97072166,1,0.3660072088241577,0.123505384,0.067817956,5.0436215e-06,0.01413269,0,0.5552599430084229
TSBD_WSSV_6aa52b5d04,1,1,1,0.8448419,0.0055794194,0.11079881,0.0716312,1.1547812e-05,0.01645409,0,0.07873282581567764,0.78187835,0.86229575,0.999984,0.97058433,1,0.3660072088241577,0.1073228,0.0660731,4.441845e-06,0.012961542,0,0.5552599430084229
TSBD_WSSV_78ac1c210b,1,1,1,0.8431064,0.0057742503,0.10582734,0.07223251,1.1817048e-05,0.016339466,0,0.07873282581567764,0.78062433,0.8617208,0.9999838,0.9704325,1,0.3660072088241577,0.11354832,0.0660467,4.4437847e-06,0.013227991,0,0.5552599430084229
TSBD_WSSV_f4df9efeef,1,0,1,0.44016105,0.08368386,0.07825453,0.10219588,5.645572e-05,0.026563449,0,0.07873282581567764,0.54119813,0.84018123,0.9999409,0.9541286,0,0.3660072088241577,0.38054729,0.05762286,2.6108096e-06,0.019307913,0,0.5552599430084229
TSBD_WSSV_e332624690,1,0,1,0.8038039,0.009443728,0.12725553,0.10316622,6.0645725e-05,0.028836705,0,0.07873282581567764,0.74533975,0.84168684,0.9999373,0.9600485,0,0.3660072088241577,0.12740467,0.055146925,2.1073336e-06,0.011114837,0,0.5552599430084229
TSBD_WSSV_de8ce5aa48,1,0,1,0.74171907,0.020583333,0.08229857,0.06935867,1.0062286e-05,0.014629434,0,0.07873282581567764,0.7152843,0.86105525,0.99998426,0.96746594,0,0.3660072088241577,0.20241718,0.06958609,5.677942e-06,0.017904634,0,0.5552599430084229
TSBD_WSSV_2847167d0b,1,0,1,0.8230312,0.008308843,0.09351633,0.06950002,1.0034624e-05,0.014980794,0,0.07873282581567764,0.7653422,0.8601416,0.9999838,0.969249,0,0.3660072088241577,0.14114155,0.07035844,6.1401533e-06,0.015770236,0,0.5552599430084229
TSBD_WSSV_ea8e971d58,1,1,1,0.8359777,0.0065733157,0.10796205,0.074314214,1.3313379e-05,0.017114667,0,0.07873282581567764,0.7742022,0.86066127,0.9999826,0.9697405,1,0.3660072088241577,0.117835686,0.065024555,4.1228254e-06,0.013144809,0,0.5552599430084229
TSBD_WSSV_2cd19b2879,1,1,2,0.8716535,0.0040717516,0.08650437,0.061467227,3.8517414e-06,0.0111078285,0,0.07873282581567764,0.09706919,0.058527485,5.237868e-06,0.01203001,0,0.3660072088241577,0.81642646,0.88000536,0.99999094,0.9768622,1,0.5552599430084229
TSBD_WSSV_f00fa9ceb8,1,0,2,0.86729777,0.004829495,0.080605656,0.06204665,3.873892e-06,0.010898728,0,0.07873282581567764,0.10415857,0.056552593,4.349955e-06,0.011702781,0,0.3660072088241577,0.81523573,0.8814008,0.9999919,0.97739846,0,0.5552599430084229
TSBD_WSSV_6678622b35,1,0,2,0.85148627,0.0062291194,0.071874924,0.06070238,4.031325e-06,0.010519047,0,0.07873282581567764,0.12802769,0.06531758,9.515169e-06,0.01579958,0,0.3660072088241577,0.80009735,0.87398005,0.9999864,0.9736814,0,0.5552599430084229
TSBD_WSSV_9ce26c2bf9,0,0,0,0.124763414,0.28955263,0.14206074,0.8585628,0.9997993,0.8771933,0,0.07873282581567764,0.74062604,0.10072936,0.00019917122,0.10843624,0,0.3660072088241577,0.11731323,0.040707737,1.5720935e-06,0.014370468,0,0.5552599430084229
TSBD_WSSV_3319ef6f32,0,0,2,0.23368634,0.16575922,0.06851022,0.26928595,0.0077198003,0.11397312,0,0.07873282581567764,0.5153175,0.043710183,4.8226593e-06,0.023297884,0,0.3660072088241577,0.41617233,0.6870039,0.9922753,0.862729,0,0.5552599430084229
TSBD_WSSV_1bb255e74b,1,0,1,0.8256707,0.008291151,0.086019486,0.07041149,1.0625296e-05,0.014767863,0,0.07873282581567764,0.7714613,0.8612504,0.99998426,0.9702148,0,0.3660072088241577,0.14251915,0.06833809,5.107358e-06,0.015017386,0,0.5552599430084229
TSBD_WSSV_d45bc108bb,1,1,1,0.8448507,0.0055276137,0.111701444,0.071588755,1.1571159e-05,0.016506353,0,0.07873282581567764,0.78157735,0.86176187,0.9999838,0.9703718,1,0.3660072088241577,0.106721215,0.06664942,4.6732675e-06,0.013121857,0,0.5552599430084229
TSBD_WSSV_319f7dd222,1,0,1,0.36738318,0.10520674,0.0880818,0.121579215,0.00012618345,0.036310468,0,0.07873282581567764,0.4916722,0.8270883,0.9998722,0.94603705,0,0.3660072088241577,0.4202461,0.051332552,1.5482674e-06,0.017652517,0,0.5552599430084229
TSBD_WSSV_72962540b9,1,0,2,0.8241492,0.004941386,0.12946723,0.1674073,0.00043587046,0.052917365,0,0.07873282581567764,0.087133214,0.043469317,2.275314e-06,0.008778637,0,0.3660072088241577,0.78339946,0.78912336,0.99956185,0.938304,0,0.5552599430084229
TSBD_WSSV_cbc299712b,1,1,1,0.8350564,0.0058601256,0.14041165,0.08891754,3.0335406e-05,0.02404581,0,0.07873282581567764,0.76795816,0.85255927,0.999967,0.96539587,1,0.3660072088241577,0.091630235,0.058523133,2.678238e-06,0.010558322,0,0.5552599430084229
TSBD_WSSV_4852ce6b3e,1,0,1,0.74178416,0.021338332,0.06734313,0.06946289,1.0008572e-05,0.013577934,0,0.07873282581567764,0.7253341,0.8622705,0.99998486,0.96893436,0,0.3660072088241577,0.2073227,0.06826659,5.1549155e-06,0.017487682,0,0.5552599430084229
TSBD_WSSV_51c0f376ed,1,0,1,0.5919493,0.047183003,0.059559755,0.060247626,5.4786337e-06,0.011351952,0,0.07873282581567764,0.62108546,0.8580965,0.9999825,0.96121895,0,0.3660072088241577,0.3193547,0.081655905,1.2049321e-05,0.027429141,0,0.5552599430084229
TSBD_WSSV_27c4e89064,1,0,1,0.7625899,0.01776942,0.07284175,0.06908261,9.847924e-06,0.013820336,0,0.07873282581567764,0.7342608,0.86173284,0.9999846,0.9688682,0,0.3660072088241577,0.19289744,0.06918457,5.5058294e-06,0.017311463,0,0.5552599430084229
TSBD_WSSV_d31ea8472c,1,0,1,0.8085519,0.009460799,0.109327815,0.082154,2.1461748e-05,0.020011524,0,0.07873282581567764,0.7499381,0.8516969,0.9999739,0.96536905,0,0.3660072088241577,0.14073415,0.06614914,4.6745095e-06,0.014619459,0,0.5552599430084229
TSBD_WSSV_6fd089aca1,1,0,1,0.60720557,0.044208642,0.059987843,0.06113003,5.7031552e-06,0.011490941,0,0.07873282581567764,0.63157064,0.858191,0.9999833,0.96217686,0,0.3660072088241577,0.30844152,0.08067888,1.0994954e-05,0.02633219,0,0.5552599430084229
TSBD_WSSV_7131cb4d1e,1,0,1,0.7913425,0.01281595,0.09164903,0.09212019,3.5701883e-05,0.021917319,0,0.07873282581567764,0.7535981,0.84974414,0.99996173,0.9654281,0,0.3660072088241577,0.15475285,0.058135696,2.580176e-06,0.012654569,0,0.5552599430084229
TSBD_WSSV_d1629a0715,1,1,1,0.835704,0.0068157874,0.09362127,0.0745735,1.39252525e-05,0.016435996,0,0.07873282581567764,0.7777774,0.86002535,0.99998176,0.9698824,1,0.3660072088241577,0.12860136,0.06540122,4.2902307e-06,0.013681605,0,0.5552599430084229
TSBD_WSSV_8ecaf0ac01,1,0,1,0.8084422,0.00899444,0.11831547,0.107669026,7.470853e-05,0.02978438,0,0.07873282581567764,0.7542219,0.83869815,0.99992335,0.95951027,0,0.3660072088241577,0.12746258,0.053632833,1.8871926e-06,0.0107053295,0,0.5552599430084229
TSBD_WSSV_af3c48a08c,1,0,2,0.85460943,0.005502609,0.125211,0.07476805,8.769807e-06,0.016418999,0,0.07873282581567764,0.07773751,0.05101988,2.9050973e-06,0.009380743,0,0.3660072088241577,0.7970515,0.8742121,0.9999883,0.97420025,0,0.5552599430084229
TSBD_WSSV_3dae79f506,0,0,1,0.35857636,0.11174795,0.06461697,0.05724079,4.515639e-06,0.012361615,0,0.07873282581567764,0.4250744,0.84441644,0.9999671,0.9407039,0,0.3660072088241577,0.5103086,0.09834276,2.8337963e-05,0.046934474,0,0.5552599430084229
TSBD_WSSV_80515fe4b2,0,0,1,0.5014678,0.047653865,0.057016145,0.040404037,5.8737255e-06,0.009029402,0,0.07873282581567764,0.2509618,0.55012375,0.8591424,0.5299914,0,0.3660072088241577,0.692022,0.4094722,0.14085177,0.46097916,0,0.5552599430084229
TSBD_WSSV_aee31f5ae6,1,0,2,0.8555493,0.0052140206,0.1160747,0.07792409,1.09555385e-05,0.017036026,0,0.07873282581567764,0.08679203,0.05011215,2.7481753e-06,0.0095671415,0,0.3660072088241577,0.79713327,0.8719638,0.9999863,0.97339684,0,0.5552599430084229
TSBD_WSSV_0ef579b068,1,1,2,0.87178093,0.0041586086,0.08510866,0.061157644,3.7511456e-06,0.010956066,0,0.07873282581567764,0.09762354,0.057828683,4.8761603e-06,0.011812793,0,0.3660072088241577,0.8172678,0.8810137,0.9999914,0.97723114,1,0.5552599430084229
TSBD_WSSV_f70db8236e,0,0,1,0.41080198,0.088542104,0.06854633,0.048976824,1.1751361e-05,0.013454397,0,0.07873282581567764,0.18418846,0.5838922,0.9335918,0.55396116,0,0.3660072088241577,0.7472652,0.36713094,0.06639649,0.4325845,0,0.5552599430084229
TSBD_WSSV_36e3c23fc4,1,0,2,0.530527,0.013572086,0.0764179,0.053069055,2.5540614e-05,0.013749039,0,0.07873282581567764,0.27353022,0.4296014,0.41747877,0.3832546,0,0.3660072088241577,0.6500519,0.5173295,0.5824957,0.60299635,0,0.5552599430084229
TSBD_WSSV_7e34390794,1,0,2,0.86067003,0.0056645945,0.07439938,0.06133775,3.7947098e-06,0.010516599,0,0.07873282581567764,0.11448966,0.05835223,5.2287696e-06,0.01274932,0,0.3660072088241577,0.811111,0.88031,0.99999094,0.9767341,0,0.5552599430084229
TSBD_WSSV_bd80b0d581,1,0,2,0.8609587,0.0034322618,0.117405385,0.09854738,3.1071253e-05,0.023466408,0,0.07873282581567764,0.0828906,0.046692133,2.1615515e-06,0.0087103015,0,0.3660072088241577,0.799704,0.85476047,0.99996674,0.96782327,0,0.5552599430084229
TSBD_WSSV_a456bae923,1,0,2,0.86701584,0.0047198543,0.08206771,0.061057374,3.7039547e-06,0.010798794,0,0.07873282581567764,0.104416415,0.05847183,5.1443985e-06,0.012304434,0,0.3660072088241577,0.8135159,0.8804708,0.9999912,0.9768968,0,0.5552599430084229
TSBD_WSSV_b6178797f6,1,0,2,0.8642133,0.005040452,0.07811559,0.060219057,3.5986761e-06,0.01049508,0,0.07873282581567764,0.11037215,0.060044196,5.994811e-06,0.013100458,0,0.3660072088241577,0.8115122,0.8797368,0.99999046,0.9764045,0,0.5552599430084229
TSBD_WSSV_69762898eb,1,0,2,0.8086828,0.00868799,0.09047782,0.12889661,0.00014636299,0.03348702,0,0.07873282581567764,0.13276038,0.060930036,1.0901014e-05,0.01626048,0,0.3660072088241577,0.7767619,0.8101734,0.99984276,0.95025253,0,0.5552599430084229
TSBD_WSSV_a73de688c2,1,0,2,0.72634244,0.01283337,0.06477221,0.10220264,0.00010491815,0.025917534,0,0.07873282581567764,0.27338552,0.14859815,0.0009496856,0.07888109,0,0.3660072088241577,0.6618423,0.7491992,0.9989454,0.8952014,0,0.5552599430084229
TSBD_WSSV_03cb710db8,1,0,1,0.68319,0.011375312,0.058128346,0.039632533,2.0501107e-06,0.0074962517,0,0.07873282581567764,0.5661247,0.7106752,0.9950525,0.83593047,0,0.3660072088241577,0.375747,0.24969232,0.0049454994,0.15657322,0,0.5552599430084229
TSBD_WSSV_7f2c043791,1,1,2,0.8714148,0.004168554,0.089237005,0.059902415,3.315142e-06,0.010770471,0,0.07873282581567764,0.094557166,0.058873486,5.2728283e-06,0.0119662825,0,0.3660072088241577,0.81620586,0.88122416,0.9999914,0.9772633,1,0.5552599430084229
TSBD_WSSV_426ff318e2,1,0,2,0.8657292,0.004884187,0.07636511,0.05614553,2.5616598e-06,0.009420277,0,0.07873282581567764,0.11144763,0.06297217,7.1776276e-06,0.013913679,0,0.3660072088241577,0.8121872,0.8808822,0.99999034,0.976666,0,0.5552599430084229
TSBD_WSSV_3cb87dc046,1,0,2,0.8400841,0.0075809537,0.07535263,0.08753722,1.8905754e-05,0.01723622,0,0.07873282581567764,0.12165545,0.05322294,3.9576266e-06,0.01191735,0,0.3660072088241577,0.80299187,0.8592398,0.9999771,0.9708464,0,0.5552599430084229
TSBD_WSSV_4c414428d2,1,0,2,0.8694588,0.00449068,0.08229281,0.059119202,3.1637435e-06,0.010311133,0,0.07873282581567764,0.10215983,0.059208572,5.5139476e-06,0.012437281,0,0.3660072088241577,0.8155474,0.88167214,0.9999913,0.9772516,0,0.5552599430084229
TSBD_WSSV_4896029d97,1,1,2,0.87048614,0.004327881,0.08466151,0.06187171,3.7808377e-06,0.011015813,0,0.07873282581567764,0.09890177,0.05716418,4.5637457e-06,0.011655441,0,0.3660072088241577,0.8164367,0.8809641,0.99999166,0.9773288,1,0.5552599430084229
TSBD_WSSV_c549f00277,1,0,2,0.82561576,0.00955317,0.07693253,0.1064413,4.432495e-05,0.02253598,0,0.07873282581567764,0.11859135,0.04668469,2.2389763e-06,0.009960146,0,0.3660072088241577,0.804476,0.846874,0.9999534,0.9675039,0,0.5552599430084229
TSBD_WSSV_254bdb9f4d,1,0,2,0.8685353,0.0045633437,0.081310995,0.05896703,3.1327882e-06,0.010240505,0,0.07873282581567764,0.10407961,0.059875358,5.798224e-06,0.012714736,0,0.3660072088241577,0.8146094,0.8811576,0.99999106,0.9770448,0,0.5552599430084229
TSBD_WSSV_b0447870c0,1,0,2,0.7727171,0.0015800473,0.054571573,0.03258427,1.0375611e-06,0.005480506,0,0.07873282581567764,0.2648091,0.25759563,0.01432518,0.16255294,0,0.3660072088241577,0.6806193,0.7098201,0.9856737,0.8319665,0,0.5552599430084229
TSBD_WSSV_754fa3c73d,1,1,2,0.87156546,0.004254453,0.08276417,0.058892775,3.1428021e-06,0.010292628,0,0.07873282581567764,0.09985792,0.059176475,5.419204e-06,0.012283669,0,0.3660072088241577,0.8173779,0.88193077,0.99999154,0.97742367,1,0.5552599430084229
TSBD_WSSV_9937a0424b,1,1,2,0.87175184,0.004182093,0.08624385,0.05907489,3.1557345e-06,0.010467547,0,0.07873282581567764,0.0968229,0.059224527,5.4843595e-06,0.012187981,0,0.3660072088241577,0.81693316,0.8817005,0.9999914,0.97734445,1,0.5552599430084229
TSBD_WSSV_6fa84e41c3,1,0,2,0.8638979,0.0052107945,0.079068094,0.065492995,5.004548e-06,0.01168733,0,0.07873282581567764,0.10721789,0.055120498,4.039348e-06,0.011526589,0,0.3660072088241577,0.813714,0.87938654,0.99999094,0.9767861,0,0.5552599430084229
TSBD_WSSV_577000701d,1,0,2,0.86224645,0.0054937555,0.07475124,0.0589004,3.1424e-06,0.009955066,0,0.07873282581567764,0.113629274,0.05951563,5.6071185e-06,0.013002465,0,0.3660072088241577,0.81161946,0.8815839,0.9999913,0.9770425,0,0.5552599430084229
TSBD_WSSV_7562704d32,1,0,2,0.85723895,0.006135487,0.07264316,0.058178317,2.981327e-06,0.009712115,0,0.07873282581567764,0.11937921,0.06036208,5.965848e-06,0.013498153,0,0.3660072088241577,0.8079776,0.88145965,0.99999106,0.9767897,0,0.5552599430084229
TSBD_WSSV_ab987277c7,0,0,2,0.4476401,0.074761525,0.08794239,0.052999403,5.970995e-06,0.013573286,0,0.07873282581567764,0.5327433,0.19375236,0.0029804143,0.15830047,0,0.3660072088241577,0.37931427,0.7532483,0.9970137,0.82812625,0,0.5552599430084229
TSBD_WSSV_1beeeafcb8,1,0,2,0.8414457,0.0011266719,0.06292451,0.041988924,1.7336553e-06,0.0072172196,0,0.07873282581567764,0.16673662,0.16604641,0.0012017037,0.069719374,0,0.3660072088241577,0.77033883,0.7919646,0.99879646,0.9230634,0,0.5552599430084229
TSBD_WSSV_e7254cc0d4,1,0,2,0.8342263,0.007919855,0.066333905,0.047290206,1.3819803e-06,0.007426008,0,0.07873282581567764,0.15377869,0.08049874,2.347135e-05,0.022311406,0,0.3660072088241577,0.77988744,0.872211,0.9999751,0.9702626,0,0.5552599430084229
TSBD_WSSV_b5a8a126ab,1,0,1,0.62586975,0.023942046,0.056069814,0.039813545,1.7939865e-06,0.0074263187,0,0.07873282581567764,0.5345613,0.7419623,0.9977702,0.8594444,0,0.3660072088241577,0.40936893,0.21822417,0.002228089,0.1331293,0,0.5552599430084229
TSBD_WSSV_13e41ad5ef,1,0,2,0.86010593,0.0047021816,0.069768555,0.04717118,1.3666909e-06,0.007473012,0,0.07873282581567764,0.12897919,0.08038012,2.3078928e-05,0.020728502,0,0.3660072088241577,0.80125225,0.8724487,0.99997556,0.9717985,0,0.5552599430084229
TSBD_WSSV_5dd3dca816,1,0,2,0.8238945,0.00840036,0.058619905,0.041126452,8.16141e-07,0.0060374644,0,0.07873282581567764,0.17569776,0.09479344,5.265509e-05,0.02970555,0,0.3660072088241577,0.76568234,0.8640801,0.9999465,0.96425694,0,0.5552599430084229
TSBD_WSSV_084f7a072a,1,0,1,0.46155515,0.05851271,0.07906845,0.32945922,0.09693571,0.17556907,0,0.07873282581567764,0.7541763,0.47076464,0.8925428,0.7076889,0,0.3660072088241577,0.16675524,0.19977616,0.010521474,0.116742,0,0.5552599430084229
TSBD_WSSV_7d1aec7b17,0,0,0,0.399891,0.0846045,0.20713188,0.6040332,0.80670464,0.5160504,0,0.07873282581567764,0.08015478,0.034849275,6.5287104e-06,0.009829088,0,0.3660072088241577,0.71271336,0.3611175,0.1932888,0.47412056,0,0.5552599430084229
TSBD_WSSV_93545fad41,1,0,2,0.8271976,0.010023596,0.06857,0.058742702,3.2162645e-06,0.009789524,0,0.07873282581567764,0.14482929,0.061948,7.0499405e-06,0.015239265,0,0.3660072088241577,0.78660077,0.8793093,0.99998975,0.9749712,0,0.5552599430084229
TSBD_WSSV_ef783ed00d,0,0,0,0.529271,0.043914057,0.432195,0.72255987,0.98214483,0.76891196,0,0.07873282581567764,0.06497919,0.033132467,2.9862604e-06,0.0077995765,0,0.3660072088241577,0.50282586,0.2443076,0.017852154,0.22328848,0,0.5552599430084229
TSBD_WSSV_8b081aa68f,0,0,0,0.16417617,0.222976,0.08699585,0.55920064,0.88769203,0.5126478,0,0.07873282581567764,0.14237538,0.2897274,0.1097775,0.29828876,0,0.3660072088241577,0.7706288,0.15107195,0.0025305322,0.18906349,0,0.5552599430084229
TSBD_WSSV_6afbaad0ae,1,1,0,0.77592874,0.019064996,0.75904083,0.9011589,0.9999895,0.97570586,1,0.07873282581567764,0.08465397,0.04431765,4.1864178e-06,0.009807787,0,0.3660072088241577,0.15630524,0.054523498,6.312302e-06,0.014486297,0,0.5552599430084229
TSBD_WSSV_9223e4a32b,1,0,2,0.61437255,0.009306995,0.060109355,0.054233078,1.8432034e-05,0.012603152,0,0.07873282581567764,0.45205423,0.3248627,0.07775812,0.30342177,0,0.3660072088241577,0.48783648,0.6209042,0.92222345,0.68397504,0,0.5552599430084229
TSBD_WSSV_98ea43065f,1,0,2,0.85955703,0.0058249915,0.07449492,0.05975509,3.378196e-06,0.01016116,0,0.07873282581567764,0.11570907,0.05909947,5.625778e-06,0.013062338,0,0.3660072088241577,0.8097959,0.88114536,0.99999106,0.9767765,0,0.5552599430084229
TSBD_WSSV_eb247f0a00,1,1,2,0.8713701,0.004207244,0.085580714,0.0600145,3.4175066e-06,0.010685383,0,0.07873282581567764,0.09776316,0.05870118,5.1692305e-06,0.012040343,0,0.3660072088241577,0.8166562,0.88128436,0.9999914,0.9772743,1,0.5552599430084229
TSBD_WSSV_97fa50601b,1,1,2,0.87230706,0.0041173464,0.08919083,0.0615826,3.7361456e-06,0.011161898,0,0.07873282581567764,0.09329856,0.056798097,4.4053127e-06,0.0113002155,0,0.3660072088241577,0.81751055,0.88161933,0.9999919,0.9775379,1,0.5552599430084229
TSBD_WSSV_8b6c4507a2,0,0,2,0.17716366,0.19262263,0.080638915,0.40806273,0.10876523,0.2426901,0,0.07873282581567764,0.5332871,0.040782128,8.671233e-06,0.02525808,0,0.3660072088241577,0.38607404,0.55115515,0.89122605,0.73205185,0,0.5552599430084229
TSBD_WSSV_5c925439ac,1,1,0,0.60886365,0.048156943,0.65485364,0.9030379,0.99999034,0.9719415,1,0.07873282581567764,0.21139155,0.046834696,5.347589e-06,0.015243706,0,0.3660072088241577,0.1337548,0.05012745,4.2927477e-06,0.012814812,0,0.5552599430084229
TSBD_WSSV_1d810bc413,1,0,2,0.8662128,0.00484554,0.08025814,0.05971411,3.3114225e-06,0.01037422,0,0.07873282581567764,0.106758766,0.059472416,5.523821e-06,0.012675871,0,0.3660072088241577,0.81298304,0.8808134,0.9999912,0.97694993,0,0.5552599430084229
TSBD_WSSV_26de7fcd80,1,0,2,0.81181425,0.010851871,0.067603864,0.09566666,3.067364e-05,0.019202316,0,0.07873282581567764,0.14519161,0.05991607,7.435859e-06,0.015311173,0,0.3660072088241577,0.7872045,0.8444172,0.999962,0.9654865,0,0.5552599430084229
TSBD_WSSV_8aa47f5a65,1,0,1,0.4694004,0.064191185,0.09076619,0.37045667,0.07783335,0.19186914,0,0.07873282581567764,0.72402847,0.5592928,0.9221319,0.78320855,0,0.3660072088241577,0.18520539,0.070250526,3.4814188e-05,0.024922345,0,0.5552599430084229
TSBD_WSSV_d889bfa7f2,1,0,1,0.77485013,0.014922095,0.070006065,0.06060253,5.6388117e-06,0.011505326,0,0.07873282581567764,0.73174304,0.8568682,0.999982,0.9662251,0,0.3660072088241577,0.1982509,0.082529254,1.236949e-05,0.022269597,0,0.5552599430084229
TSBD_WSSV_8a85146e3e,0,0,1,0.44398528,0.06198773,0.08646008,0.21770965,0.009129835,0.107252866,0,0.07873282581567764,0.38015935,0.57551,0.9849954,0.711352,0,0.3660072088241577,0.5333806,0.20678033,0.0058747246,0.18139516,0,0.5552599430084229
TSBD_WSSV_439d0a5c3f,1,0,2,0.83696777,0.008559973,0.06558496,0.05339963,2.180519e-06,0.008521952,0,0.07873282581567764,0.14333436,0.067048155,9.995028e-06,0.016830886,0,0.3660072088241577,0.7910807,0.8795521,0.99998784,0.9746472,0,0.5552599430084229
TSBD_WSSV_3f0184301c,1,0,2,0.8614213,0.005519883,0.079536065,0.06360723,4.4452245e-06,0.011296117,0,0.07873282581567764,0.10949158,0.05617601,4.424762e-06,0.011935323,0,0.3660072088241577,0.81097233,0.88021684,0.9999912,0.9767686,0,0.5552599430084229
TSBD_WSSV_00abe397a8,1,0,2,0.8681759,0.0043175006,0.08777795,0.062796034,4.356609e-06,0.011574291,0,0.07873282581567764,0.09980768,0.059088804,5.7944294e-06,0.012470883,0,0.3660072088241577,0.81241435,0.8781151,0.99998975,0.9759549,0,0.5552599430084229
TSBD_WSSV_f49daeee4d,1,0,2,0.86222416,0.0050119758,0.08462058,0.06706495,5.78419e-06,0.012480867,0,0.07873282581567764,0.106532805,0.056877706,4.990508e-06,0.012196313,0,0.3660072088241577,0.8088466,0.8760574,0.99998915,0.97532284,0,0.5552599430084229
TSBD_WSSV_e3a3f70bef,1,0,2,0.8555106,0.0043249233,0.10492246,0.09473197,2.834086e-05,0.02176907,0,0.07873282581567764,0.096556194,0.050261877,3.3443525e-06,0.010368662,0,0.3660072088241577,0.79852134,0.85500616,0.9999683,0.96786225,0,0.5552599430084229
TSBD_WSSV_4c6acaba53,1,1,2,0.87076026,0.0042767106,0.08562981,0.06641676,5.2857763e-06,0.012208604,0,0.07873282581567764,0.09681675,0.05389148,3.5507542e-06,0.010713501,0,0.3660072088241577,0.81755346,0.8796918,0.9999912,0.9770779,1,0.5552599430084229
TSBD_WSSV_1a5ee9d7a4,1,0,2,0.86525834,0.0048306854,0.08471802,0.07359504,8.464318e-06,0.014023389,0,0.07873282581567764,0.10026331,0.050950464,2.8597071e-06,0.010147098,0,0.3660072088241577,0.81501865,0.8754544,0.9999887,0.97582954,0,0.5552599430084229
TSBD_WSSV_1d745dbab2,1,1,0,0.50908196,0.070169844,0.5978879,0.8979188,0.99998546,0.96709234,1,0.07873282581567764,0.060948238,0.04159392,3.3516067e-06,0.008770935,0,0.3660072088241577,0.3411639,0.0604873,1.1181262e-05,0.024136808,0,0.5552599430084229
TSBD_WSSV_04529c8937,1,0,2,0.8642894,0.0051191375,0.07907787,0.05961468,3.3360443e-06,0.010331125,0,0.07873282581567764,0.109103106,0.059363898,5.643586e-06,0.012820721,0,0.3660072088241577,0.81181896,0.8810214,0.99999106,0.9768481,0,0.5552599430084229
TSBD_WSSV_eb7b8b7c67,1,1,2,0.8709353,0.004286523,0.084057294,0.062367097,4.032306e-06,0.011166878,0,0.07873282581567764,0.098838,0.056754433,4.5405923e-06,0.011599402,0,0.3660072088241577,0.81710476,0.88087845,0.9999914,0.9772337,1,0.5552599430084229
TSBD_WSSV_4c43a3a8a6,1,0,2,0.8496309,0.006771356,0.07309406,0.06086301,3.7997988e-06,0.010465292,0,0.07873282581567764,0.12631445,0.06193488,6.8931636e-06,0.014389463,0,0.3660072088241577,0.8005916,0.8772021,0.9999893,0.9751452,0,0.5552599430084229
TSBD_WSSV_417fc1cab3,1,0,2,0.86472696,0.00493598,0.08152953,0.067854606,5.8217734e-06,0.012380309,0,0.07873282581567764,0.10502167,0.05477217,3.815057e-06,0.011288837,0,0.3660072088241577,0.81344885,0.8773733,0.99999034,0.9763309,0,0.5552599430084229
TSBD_WSSV_59c834cf6e,0,0,1,0.59125733,0.020910226,0.058074012,0.038112026,2.467597e-06,0.0076644733,0,0.07873282581567764,0.45673463,0.6590475,0.9820274,0.74985206,0,0.3660072088241577,0.4851914,0.30284056,0.01797012,0.24248342,0,0.5552599430084229
TSBD_WSSV_97681928ee,1,0,2,0.59422034,0.046395294,0.07691778,0.2885212,0.010110072,0.10641906,0,0.07873282581567764,0.12375633,0.04079509,3.755713e-06,0.010739645,0,0.3660072088241577,0.7993258,0.67068374,0.98988616,0.8828413,0,0.5552599430084229
TSBD_WSSV_0c09630268,1,0,2,0.8657821,0.004405686,0.107345015,0.070557185,6.8701183e-06,0.014366325,0,0.07873282581567764,0.084126815,0.052840937,3.287246e-06,0.009994612,0,0.3660072088241577,0.8085281,0.87660193,0.99998975,0.9756391,0,0.5552599430084229
TSBD_WSSV_919a1fc43f,1,0,2,0.8678335,0.004466922,0.09747321,0.061398283,3.8127787e-06,0.011571165,0,0.07873282581567764,0.09043315,0.058553644,5.2918026e-06,0.011781037,0,0.3660072088241577,0.8120936,0.88004804,0.99999094,0.9766478,0,0.5552599430084229
TSBD_WSSV_df52a25a1c,1,0,1,0.55848,0.045230404,0.081470445,0.18091221,0.0011314872,0.06187789,0,0.07873282581567764,0.5957828,0.7232868,0.9988279,0.89942235,0,0.3660072088241577,0.32274675,0.09580104,4.0688792e-05,0.038699757,0,0.5552599430084229
TSBD_WSSV_b6df8b235a,1,0,2,0.8656757,0.0042198673,0.09336705,0.0780016,1.1429334e-05,0.015851093,0,0.07873282581567764,0.095667526,0.051589843,3.3086656e-06,0.010358399,0,0.3660072088241577,0.81096536,0.8704085,0.9999852,0.97379047,0,0.5552599430084229
TSBD_WSSV_66dac7b3cb,1,0,2,0.75430584,0.0009416579,0.057395916,0.03953232,2.9784862e-06,0.0074344873,0,0.07873282581567764,0.27262157,0.28856122,0.028482726,0.19619344,0,0.3660072088241577,0.66998255,0.6719065,0.9715143,0.7963721,0,0.5552599430084229
TSBD_WSSV_cb728bde71,1,0,2,0.85236275,0.0052703647,0.12982874,0.08316074,1.3995951e-05,0.019207973,0,0.07873282581567764,0.07812156,0.04806746,2.227628e-06,0.008699799,0,0.3660072088241577,0.7920497,0.86877185,0.9999838,0.97209215,0,0.5552599430084229
TSBD_WSSV_11dccea294,1,0,2,0.865745,0.0045721736,0.09054671,0.062079992,4.137169e-06,0.011532667,0,0.07873282581567764,0.09979265,0.0597378,6.0142775e-06,0.012638302,0,0.3660072088241577,0.80966073,0.8781822,0.99998987,0.975829,0,0.5552599430084229
TSBD_WSSV_6c97d0a038,1,0,2,0.8676545,0.003645691,0.10386319,0.08654656,1.639866e-05,0.018551566,0,0.07873282581567764,0.085197985,0.047037277,2.0331931e-06,0.0086652255,0,0.3660072088241577,0.8109388,0.8664162,0.9999815,0.9727832,0,0.5552599430084229
TSBD_WSSV_7930144273,1,0,2,0.855294,0.005096373,0.11038843,0.061107047,4.134977e-06,0.012349462,0,0.07873282581567764,0.09210446,0.07016092,1.3339392e-05,0.015590398,0,0.3660072088241577,0.7975071,0.868732,0.9999825,0.97206014,0,0.5552599430084229
TSBD_WSSV_46e8a68895,1,0,1,0.8031652,0.011182763,0.07877268,0.06613486,8.319053e-06,0.013355094,0,0.07873282581567764,0.7538858,0.8595047,0.99998415,0.9686668,0,0.3660072088241577,0.16734153,0.07436046,7.557246e-06,0.01797815,0,0.5552599430084229
TSBD_WSSV_68675dc12f,1,0,1,0.70253956,0.023231082,0.0727849,0.112669796,0.00010925501,0.02869745,0,0.07873282581567764,0.6882547,0.80186486,0.99987245,0.9444388,0,0.3660072088241577,0.23896036,0.08546537,1.8264125e-05,0.026863748,0,0.5552599430084229
TSBD_WSSV_33b5dd7e52,1,0,1,0.7989522,0.008770084,0.08548798,0.055284936,4.0864625e-06,0.011136451,0,0.07873282581567764,0.7272037,0.835804,0.99994886,0.95644474,0,0.3660072088241577,0.18730828,0.10891107,4.708824e-05,0.032418836,0,0.5552599430084229
TSBD_WSSV_eaf8feba8d,1,0,2,0.8565434,0.005245995,0.08951475,0.098374106,3.0643147e-05,0.021160316,0,0.07873282581567764,0.0962029,0.044482924,1.6525354e-06,0.0084669925,0,0.3660072088241577,0.81428236,0.857143,0.9999677,0.9703727,0,0.5552599430084229
TSBD_WSSV_a092abcd48,1,1,2,0.8697465,0.004379321,0.084173255,0.060685597,3.5392259e-06,0.010758074,0,0.07873282581567764,0.10044581,0.058550183,5.269208e-06,0.012194564,0,0.3660072088241577,0.81538093,0.8807642,0.9999912,0.9770473,1,0.5552599430084229
TSBD_WSSV_8c4a48a3c8,1,0,1,0.6773796,0.025544181,0.11901384,0.28204638,0.011606276,0.1247574,0,0.07873282581567764,0.77623576,0.67522335,0.98839194,0.86648154,0,0.3660072088241577,0.10475044,0.042730313,1.7307422e-06,0.008761055,0,0.5552599430084229
TSBD_WSSV_36e8b7c576,0,0,0,0.19324723,0.21680182,0.22546647,0.81979185,0.9997737,0.88129383,0,0.07873282581567764,0.67274594,0.08866061,0.0001368542,0.08014446,0,0.3660072088241577,0.10178757,0.09154755,8.9462e-05,0.038561773,0,0.5552599430084229
TSBD_WSSV_f62b02d7ce,1,0,0,0.415538,0.09614686,0.54390687,0.9024727,0.9999877,0.9670505,0,0.07873282581567764,0.39171818,0.053199332,9.889195e-06,0.02406036,0,0.3660072088241577,0.06437496,0.04432797,2.4191613e-06,0.008889154,0,0.5552599430084229
TSBD_WSSV_7b5c5d4331,1,0,1,0.8097566,0.010296,0.08974116,0.08460783,2.4319012e-05,0.019296603,0,0.07873282581567764,0.76380587,0.8541267,0.99997246,0.96746755,0,0.3660072088241577,0.14645296,0.06126546,3.2396756e-06,0.013235839,0,0.5552599430084229
TSBD_WSSV_1115f3a7b9,1,0,2,0.52306503,0.06007887,0.07564163,0.14187318,0.00021855319,0.038706288,0,0.07873282581567764,0.3252051,0.063673645,1.3269916e-05,0.025677886,0,0.3660072088241577,0.5991533,0.79445314,0.9997682,0.93561584,0,0.5552599430084229
TSBD_WSSV_8b19cf1542,1,0,1,0.47670713,0.06602707,0.15343513,0.158687,0.00048535768,0.06344228,0,0.07873282581567764,0.51809067,0.7835479,0.99951077,0.91659623,0,0.3660072088241577,0.3284742,0.05776509,3.8379267e-06,0.019961506,0,0.5552599430084229
TSBD_WSSV_e980aeec5d,0,0,0,0.33113614,0.121515326,0.44100735,0.8841095,0.9999491,0.9466619,0,0.07873282581567764,0.4666642,0.075390965,4.930883e-05,0.043877896,0,0.3660072088241577,0.09232843,0.040499512,1.5842273e-06,0.00946017,0,0.5552599430084229
TSBD_WSSV_78620c7961,1,0,1,0.8253589,0.006917719,0.13150097,0.0895808,3.1481904e-05,0.023853237,0,0.07873282581567764,0.7592842,0.85040504,0.9999654,0.9644583,0,0.3660072088241577,0.10921488,0.060014192,3.0314693e-06,0.011688446,0,0.5552599430084229
TSBD_WSSV_5cfa598cc4,1,0,1,0.7605042,0.008927113,0.12232513,0.21647574,0.0028364281,0.086116105,0,0.07873282581567764,0.75473434,0.6987109,0.9971329,0.8910003,0,0.3660072088241577,0.122940525,0.08481334,3.0674993e-05,0.0228836,0,0.5552599430084229
TSBD_WSSV_2ab0d58abb,0,0,1,0.26476607,0.16143657,0.09954831,0.16049935,0.00076022214,0.0738306,0,0.07873282581567764,0.2366673,0.7066886,0.9989687,0.81900173,0,0.3660072088241577,0.66378444,0.13281207,0.00027109473,0.107167706,0,0.5552599430084229
TSBD_WSSV_d63f9ec96f,0,0,0,0.24057996,0.1765213,0.10865871,0.6631103,0.95292467,0.56493855,0,0.07873282581567764,0.75227815,0.26812252,0.047034513,0.4053396,0,0.3660072088241577,0.1390631,0.06876714,4.0868188e-05,0.029721856,0,0.5552599430084229
TSBD_WSSV_c6d6c44306,0,0,0,0.2624993,0.16442806,0.3439164,0.87517357,0.9999231,0.9319489,0,0.07873282581567764,0.5540227,0.08170357,7.486871e-05,0.056663197,0,0.3660072088241577,0.10206092,0.043122873,1.9959123e-06,0.011387946,0,0.5552599430084229
TSBD_WSSV_0e98c598e2,1,0,1,0.70679116,0.019679643,0.12045082,0.24944013,0.0046760873,0.100652866,0,0.07873282581567764,0.753733,0.69763446,0.99532074,0.88752913,0,0.3660072088241577,0.12581617,0.05292544,3.1643258e-06,0.011818008,0,0.5552599430084229
TSBD_WSSV_0e0b18da56,1,0,2,0.2806022,0.11849427,0.113574915,0.4184947,0.13755158,0.26100883,0,0.07873282581567764,0.37352648,0.047250647,2.3379367e-05,0.02614661,0,0.3660072088241577,0.5128986,0.5342546,0.8624251,0.71284455,0,0.5552599430084229
TSBD_WSSV_0e04e30a96,0,0,0,0.3598819,0.11457085,0.3363304,0.7988943,0.9975661,0.8415879,0,0.07873282581567764,0.57836074,0.16464043,0.0024327992,0.15005657,0,0.3660072088241577,0.08530888,0.036465324,1.1022615e-06,0.008355526,0,0.5552599430084229
TSBD_WSSV_b14315239e,1,0,2,0.46752357,0.051425368,0.17082216,0.46129942,0.22200558,0.30698767,0,0.07873282581567764,0.09186461,0.040431246,1.2227061e-05,0.011621292,0,0.3660072088241577,0.7373132,0.49826932,0.7779821,0.681391,0,0.5552599430084229
TSBD_WSSV_ad26e82e3c,1,0,1,0.79334265,0.008727141,0.122463234,0.16296048,0.00058563193,0.05493615,0,0.07873282581567764,0.7571237,0.7857308,0.9994123,0.9345977,0,0.3660072088241577,0.12041301,0.051308665,2.0387597e-06,0.0104662,0,0.5552599430084229
TSBD_WSSV_cda41068f5,0,0,0,0.14037237,0.26346454,0.21405108,0.8138484,0.99889344,0.88679445,0,0.07873282581567764,0.66100705,0.036946602,2.8598295e-06,0.025482506,0,0.3660072088241577,0.12494184,0.149205,0.0011036998,0.08772306,0,0.5552599430084229
TSBD_WSSV_f51f241a0d,0,0,0,0.16709138,0.23232263,0.14714706,0.72909874,0.99659294,0.7658877,0,0.07873282581567764,0.6690934,0.0872189,0.00022119955,0.09303504,0,0.3660072088241577,0.18375954,0.18368234,0.0031858338,0.14107728,0,0.5552599430084229
TSBD_WSSV_2578508dff,0,0,0,0.37138027,0.1050559,0.43693846,0.8582034,0.9997607,0.9220914,0,0.07873282581567764,0.488061,0.10583575,0.0002383546,0.07047373,0,0.3660072088241577,0.07500056,0.035960782,9.3695775e-07,0.0074348412,0,0.5552599430084229
TSBD_WSSV_45511a46f0,1,1,0,0.65880364,0.03936655,0.6970043,0.90151346,0.9999857,0.97245026,1,0.07873282581567764,0.24569425,0.055822656,1.22791525e-05,0.020115703,0,0.3660072088241577,0.057301443,0.04266397,1.9801184e-06,0.0074340003,0,0.5552599430084229
TSBD_WSSV_87146ab98c,0,0,0,0.3727398,0.09129361,0.17635009,0.5823605,0.7505739,0.4738149,0,0.07873282581567764,0.73552597,0.37987244,0.24942292,0.5170062,0,0.3660072088241577,0.088123955,0.037767023,3.248788e-06,0.009178888,0,0.5552599430084229
TSBD_WSSV_e143d38f01,1,0,1,0.82529646,0.007924708,0.10148279,0.07609857,1.4868051e-05,0.017364627,0,0.07873282581567764,0.7669889,0.8587806,0.9999809,0.9689008,0,0.3660072088241577,0.13152833,0.06512076,4.150786e-06,0.013734553,0,0.5552599430084229
TSBD_WSSV_ea73217725,0,0,0,0.16903684,0.22106282,0.20022212,0.83775055,0.9998648,0.8849044,0,0.07873282581567764,0.32002744,0.07633735,7.007286e-05,0.052376255,0,0.3660072088241577,0.47975037,0.085912175,6.512154e-05,0.06271945,0,0.5552599430084229
TSBD_WSSV_7568f33745,1,0,1,0.80057585,0.009461138,0.17352028,0.099490136,4.9710976e-05,0.030485742,0,0.07873282581567764,0.7335953,0.845185,0.99994826,0.95954704,0,0.3660072088241577,0.092884354,0.055324875,2.0760192e-06,0.009967199,0,0.5552599430084229
TSBD_WSSV_c0b728f042,1,0,1,0.6755612,0.026498951,0.17271319,0.1372725,0.00023186975,0.04986157,0,0.07873282581567764,0.6440457,0.81347775,0.99976677,0.93863535,0,0.3660072088241577,0.18324111,0.04924973,1.3714201e-06,0.011503093,0,0.5552599430084229
TSBD_WSSV_7555e38281,0,0,1,0.10935108,0.31072712,0.08074717,0.08878972,2.8142382e-05,0.033648696,0,0.07873282581567764,0.14232817,0.8414851,0.99996614,0.9178213,0,0.3660072088241577,0.77692467,0.069725275,5.7553348e-06,0.048530042,0,0.5552599430084229
TSBD_WSSV_d921343af4,1,0,2,0.8204326,0.007501005,0.09493562,0.13828589,0.00014734536,0.035061363,0,0.07873282581567764,0.1118476,0.052701,4.5506094e-06,0.011999496,0,0.3660072088241577,0.7932168,0.80901307,0.9998481,0.95293915,0,0.5552599430084229
TSBD_WSSV_94a3c39469,0,0,0,0.23460838,0.18745822,0.20863663,0.7989672,0.99789727,0.81316745,0,0.07873282581567764,0.6881089,0.1615389,0.0021010588,0.17531958,0,0.3660072088241577,0.10325449,0.039493866,1.6874213e-06,0.011513017,0,0.5552599430084229
TSBD_WSSV_65692fdd3f,0,0,1,0.45552665,0.07524836,0.060894307,0.049267497,4.8334523e-06,0.01133267,0,0.07873282581567764,0.34723446,0.7215331,0.9969117,0.8061044,0,0.3660072088241577,0.5918712,0.2291994,0.0030835497,0.18256286,0,0.5552599430084229
TSBD_WSSV_0464ee44c0,1,0,2,0.81843495,0.003469712,0.061706755,0.044090375,1.7882015e-06,0.007475906,0,0.07873282581567764,0.20572111,0.15316656,0.00077372784,0.06718903,0,0.3660072088241577,0.7325721,0.80274314,0.9992244,0.92533505,0,0.5552599430084229
TSBD_WSSV_51f7222cef,1,0,1,0.74869114,0.014160907,0.13664837,0.17751734,0.00079815,0.06404046,0,0.07873282581567764,0.7200626,0.7742573,0.9992003,0.92560583,0,0.3660072088241577,0.14328898,0.04822537,1.5228298e-06,0.010353716,0,0.5552599430084229
TSBD_WSSV_148921b882,0,0,1,0.17215909,0.23803133,0.07328416,0.06812086,9.239708e-06,0.019801123,0,0.07873282581567764,0.22758852,0.85262054,0.99998057,0.9325445,0,0.3660072088241577,0.69912726,0.07925862,1.0245738e-05,0.047654375,0,0.5552599430084229
TSBD_WSSV_49f573118f,0,0,0,0.26153478,0.09667857,0.07828804,0.4094666,0.48610544,0.2753122,0,0.07873282581567764,0.30030125,0.31791958,0.41623262,0.38127875,0,0.3660072088241577,0.62141067,0.27261376,0.09766191,0.34340906,0,0.5552599430084229
TSBD_WSSV_f7bb98aadd,1,0,2,0.6844267,0.025426794,0.11482002,0.27659813,0.007991612,0.113502875,0,0.07873282581567764,0.09868667,0.04007869,3.2286673e-06,0.009456879,0,0.3660072088241577,0.78649324,0.6833232,0.99200517,0.8770402,0,0.5552599430084229
TSBD_WSSV_32f477127b,1,0,1,0.82145786,0.0088261515,0.087671734,0.076010354,1.5091043e-05,0.016522259,0,0.07873282581567764,0.7699137,0.85898405,0.9999807,0.9693448,0,0.3660072088241577,0.1424146,0.065005586,4.203804e-06,0.014132932,0,0.5552599430084229
TSBD_WSSV_6532d5dd16,0,0,0,0.26003784,0.1700313,0.30487958,0.85543257,0.9997173,0.90264714,0,0.07873282581567764,0.6164808,0.10923818,0.00028183495,0.08919766,0,0.3660072088241577,0.07863959,0.03532924,8.383539e-07,0.008155194,0,0.5552599430084229
TSBD_WSSV_399a1e23cc,1,0,1,0.7011139,0.012653537,0.058047183,0.0367588,1.2666115e-06,0.0065851253,0,0.07873282581567764,0.5966468,0.745633,0.9977702,0.8714509,0,0.3660072088241577,0.34530607,0.21760818,0.0022286086,0.12196398,0,0.5552599430084229
TSBD_WSSV_c07e032039,1,0,1,0.70870525,0.02614461,0.07017623,0.064094335,7.2142375e-06,0.012595499,0,0.07873282581567764,0.6966343,0.8619612,0.99998534,0.96685606,0,0.3660072088241577,0.23318954,0.073944494,7.390215e-06,0.020548461,0,0.5552599430084229
TSBD_WSSV_a3b514246a,1,0,1,0.81445265,0.010064889,0.07878595,0.06783183,9.16171e-06,0.01369786,0,0.07873282581567764,0.7658685,0.8627247,0.9999852,0.97039926,0,0.3660072088241577,0.1553456,0.06944344,5.586721e-06,0.015902864,0,0.5552599430084229
TSBD_WSSV_9e8ca9f55f,1,1,1,0.8419075,0.006112648,0.093597285,0.06904423,9.878583e-06,0.014790863,0,0.07873282581567764,0.7817056,0.862681,0.999985,0.9709602,1,0.3660072088241577,0.124697074,0.0682748,5.087989e-06,0.014248889,0,0.5552599430084229
TSBD_WSSV_978efa34a6,1,0,1,0.6925694,0.029145766,0.06432959,0.06478024,7.5054836e-06,0.012412408,0,0.07873282581567764,0.69049907,0.8617674,0.9999852,0.9667603,0,0.3660072088241577,0.24517131,0.073452316,7.2384264e-06,0.02082731,0,0.5552599430084229
TSBD_WSSV_4575fa460f,0,0,1,0.3544561,0.121147,0.057555817,0.03629354,1.4378486e-06,0.008169495,0,0.07873282581567764,0.23938659,0.7177307,0.9954151,0.75886863,0,0.3660072088241577,0.70305765,0.2459758,0.00458344,0.23296186,0,0.5552599430084229
TSBD_WSSV_6e2231b074,1,0,1,0.59754515,0.044984423,0.059039686,0.054138876,3.5243183e-06,0.009896791,0,0.07873282581567764,0.6141299,0.8542642,0.9999759,0.9576467,0,0.3660072088241577,0.32683036,0.091596894,2.0498057e-05,0.032456487,0,0.5552599430084229
TSBD_WSSV_18c088457d,1,0,1,0.42848885,0.08371581,0.05571118,0.049906436,2.6138632e-06,0.009409575,0,0.07873282581567764,0.49418545,0.8493582,0.9999635,0.9458283,0,0.3660072088241577,0.4501034,0.10073532,3.386727e-05,0.044762086,0,0.5552599430084229
TSBD_WSSV_77302aa089,1,0,1,0.69238687,0.029632755,0.06400425,0.06925148,9.85738e-06,0.01345529,0,0.07873282581567764,0.69633925,0.86222184,0.99998486,0.9678077,0,0.3660072088241577,0.23965646,0.06852671,5.2439786e-06,0.018736988,0,0.5552599430084229
TSBD_WSSV_bc1451b5cd,1,0,1,0.8014655,0.009205345,0.06901681,0.047135215,2.1316953e-06,0.008396284,0,0.07873282581567764,0.73407435,0.84313047,0.9999455,0.9579863,0,0.3660072088241577,0.19690883,0.109734304,5.2309042e-05,0.033617437,0,0.5552599430084229
TSBD_WSSV_2c0825dfbc,1,0,2,0.86866033,0.0046755252,0.078841545,0.05898913,3.1539205e-06,0.010139217,0,0.07873282581567764,0.105237916,0.05891282,5.307124e-06,0.012440828,0,0.3660072088241577,0.81592053,0.8820981,0.99999154,0.9774199,0,0.5552599430084229
TSBD_WSSV_21eca1a9bc,1,0,1,0.7511091,0.01583312,0.06840441,0.04767431,2.229167e-06,0.00863677,0,0.07873282581567764,0.6931185,0.83917636,0.99993813,0.9532934,0,0.3660072088241577,0.23847708,0.113149405,5.964591e-05,0.038069863,0,0.5552599430084229
TSBD_WSSV_a7578fa09c,1,0,2,0.8641182,0.0051340517,0.07350652,0.053980347,2.2180382e-06,0.008872629,0,0.07873282581567764,0.1153858,0.064485215,8.220179e-06,0.014625988,0,0.3660072088241577,0.8111077,0.88153446,0.9999895,0.9765014,0,0.5552599430084229
TSBD_WSSV_8acd11d1ec,1,0,1,0.7229481,0.018856388,0.05895901,0.04344476,1.6871475e-06,0.0075109308,0,0.07873282581567764,0.6651947,0.82834053,0.9998803,0.94344,0,0.3660072088241577,0.2758463,0.12821473,0.00011793204,0.049049042,0,0.5552599430084229
TSBD_WSSV_ce8f668353,1,0,2,0.86864513,0.004648639,0.076922186,0.056414045,2.6152613e-06,0.009489964,0,0.07873282581567764,0.10767925,0.061443303,6.463125e-06,0.013294364,0,0.3660072088241577,0.8153986,0.88214266,0.99999094,0.9772157,0,0.5552599430084229
TSBD_WSSV_c5bb7f551a,1,0,2,0.7523653,0.0014917192,0.053487286,0.032004617,1.1654397e-06,0.005483732,0,0.07873282581567764,0.28836334,0.2843939,0.024749449,0.1938658,0,0.3660072088241577,0.6581493,0.68360144,0.9752494,0.8006504,0,0.5552599430084229
TSBD_WSSV_95dc6e27d4,1,1,1,0.8390967,0.0062405337,0.1091152,0.06987291,1.0436592e-05,0.01589405,0,0.07873282581567764,0.7765202,0.8619752,0.99998426,0.97017205,1,0.3660072088241577,0.11436463,0.06815195,5.2651535e-06,0.013933929,0,0.5552599430084229
TSBD_WSSV_309436940c,1,0,1,0.764293,0.016862124,0.071432255,0.05978227,5.4800676e-06,0.011465038,0,0.07873282581567764,0.72671574,0.8607652,0.9999838,0.96710145,0,0.3660072088241577,0.20185195,0.07945253,1.0713387e-05,0.021433502,0,0.5552599430084229
TSBD_WSSV_29362e9f5a,1,0,1,0.68836874,0.025136825,0.061050944,0.045352805,1.8263474e-06,0.007953031,0,0.07873282581567764,0.6463167,0.83443105,0.9999155,0.94629383,0,0.3660072088241577,0.29263234,0.120216124,8.267358e-05,0.04575316,0,0.5552599430084229
TSBD_WSSV_e67891395a,0,0,1,0.41574094,0.09184947,0.051627748,0.03766059,1.1687159e-06,0.0072378665,0,0.07873282581567764,0.3679807,0.77788574,0.99913836,0.8635481,0,0.3660072088241577,0.58039165,0.18445362,0.0008604744,0.12921405,0,0.5552599430084229
TSBD_WSSV_2653717417,1,0,2,0.8256386,0.0054864483,0.06977557,0.034195613,7.184255e-07,0.005670406,0,0.07873282581567764,0.12797566,0.18153997,0.0017180848,0.07043622,0,0.3660072088241577,0.80224884,0.78426445,0.99828124,0.9238934,0,0.5552599430084229
TSBD_WSSV_c98c109e0f,1,0,2,0.76852393,0.0042595807,0.055614766,0.031969346,1.1313409e-06,0.005471401,0,0.07873282581567764,0.21122675,0.27839407,0.022418963,0.16723046,0,0.3660072088241577,0.73315847,0.6896366,0.9775799,0.8272981,0,0.5552599430084229
TSBD_WSSV_3339e18081,1,0,2,0.8516367,0.0022623134,0.064496644,0.03548779,6.505395e-07,0.0055261767,0,0.07873282581567764,0.14558178,0.1459432,0.00051953585,0.05284328,0,0.3660072088241577,0.7899216,0.81856906,0.99947995,0.9416305,0,0.5552599430084229
TSBD_WSSV_f675da990c,0,0,1,0.5900863,0.021988448,0.053253382,0.035101753,2.149423e-06,0.0068410574,0,0.07873282581567764,0.4159895,0.62472755,0.96194285,0.6924827,0,0.3660072088241577,0.5307571,0.3401707,0.038055066,0.30067626,0,0.5552599430084229
TSBD_WSSV_e8d0267684,1,0,2,0.8691827,0.004559201,0.08398127,0.060861025,3.5916592e-06,0.010791943,0,0.07873282581567764,0.10034532,0.05723487,4.6401838e-06,0.011759864,0,0.3660072088241577,0.8156734,0.88190407,0.9999918,0.97744817,0,0.5552599430084229
TSBD_WSSV_93ee9c6175,1,0,2,0.8686235,0.004699601,0.07934696,0.05999344,3.3714718e-06,0.010376674,0,0.07873282581567764,0.104456194,0.057894994,4.876092e-06,0.012104362,0,0.3660072088241577,0.8161968,0.8821116,0.9999918,0.977519,0,0.5552599430084229
TSBD_WSSV_56b93bffca,1,1,2,0.87239194,0.004137025,0.086396195,0.061071772,3.6812678e-06,0.010961615,0,0.07873282581567764,0.09564642,0.05718614,4.5457587e-06,0.011502966,0,0.3660072088241577,0.8179574,0.8817421,0.9999918,0.9775354,1,0.5552599430084229
TSBD_WSSV_05e0a12846,1,1,2,0.8732147,0.0040391404,0.088225245,0.060924564,3.6029567e-06,0.010980564,0,0.07873282581567764,0.093278445,0.05714657,4.510965e-06,0.011378945,0,0.3660072088241577,0.81849635,0.8819288,0.9999919,0.9776405,1,0.5552599430084229
TSBD_WSSV_0bc0ac833f,1,1,2,0.87151325,0.0041868263,0.093722664,0.062047925,3.8745275e-06,0.011483543,0,0.07873282581567764,0.089861,0.05633476,4.267805e-06,0.011045858,0,0.3660072088241577,0.8164164,0.88161737,0.9999918,0.9774706,1,0.5552599430084229
TSBD_WSSV_026c64bd33,1,0,2,0.84427845,0.00798713,0.07289153,0.06346472,4.263573e-06,0.0108950315,0,0.07873282581567764,0.12550709,0.055734493,4.1627704e-06,0.012369824,0,0.3660072088241577,0.8016014,0.8808007,0.99999154,0.9767351,0,0.5552599430084229
TSBD_WSSV_9f2b1f9f8f,1,0,1,0.76318216,0.0032388654,0.07062872,0.039127275,2.3857053e-06,0.007837418,0,0.07873282581567764,0.6977701,0.68608683,0.99066216,0.84284043,0,0.3660072088241577,0.23160112,0.27478585,0.009335467,0.14932214,0,0.5552599430084229
TSBD_WSSV_38f10d750a,1,0,2,0.8559006,0.0055637164,0.09944854,0.077524774,1.0399128e-05,0.015903398,0,0.07873282581567764,0.09806048,0.049179774,2.440453e-06,0.009649477,0,0.3660072088241577,0.80249095,0.8732954,0.99998724,0.97444713,0,0.5552599430084229
TSBD_WSSV_76536085a9,1,0,2,0.83386683,0.009499985,0.06972158,0.06236545,3.9699203e-06,0.010515397,0,0.07873282581567764,0.13474074,0.056283817,4.3725427e-06,0.012891692,0,0.3660072088241577,0.7955377,0.8813507,0.99999166,0.9765929,0,0.5552599430084229
TSBD_WSSV_e36aec3084,0,0,2,0.16610932,0.24222292,0.11841807,0.07370579,1.6254444e-05,0.028718848,0,0.07873282581567764,0.7136131,0.11024092,0.00016292132,0.10234399,0,0.3660072088241577,0.16796887,0.8160533,0.9998209,0.86893713,0,0.5552599430084229
TSBD_WSSV_b632ff4665,1,0,2,0.5306504,0.063722804,0.070849754,0.063782506,4.478797e-06,0.011938962,0,0.07873282581567764,0.32145634,0.05672173,4.623747e-06,0.019349908,0,0.3660072088241577,0.6076939,0.8794958,0.9999908,0.96871114,0,0.5552599430084229
TSBD_WSSV_f392420764,1,1,1,0.8479949,0.0051861424,0.1073427,0.07033454,1.06696e-05,0.015870053,0,0.07873282581567764,0.7847032,0.86204004,0.99998426,0.9707009,1,0.3660072088241577,0.107954115,0.06762546,5.006558e-06,0.013429005,0,0.5552599430084229
TSBD_WSSV_08f57edf07,1,0,2,0.85086155,0.0069196103,0.07046271,0.05627324,2.6401315e-06,0.009255861,0,0.07873282581567764,0.12686051,0.062387384,6.9801144e-06,0.014467726,0,0.3660072088241577,0.8026768,0.8813393,0.99999034,0.9762764,0,0.5552599430084229
TSBD_WSSV_922a715bec,0,0,1,0.21797095,0.19452041,0.1362961,0.062487274,1.7512368e-05,0.02800057,0,0.07873282581567764,0.08289167,0.65612036,0.9891192,0.60463554,0,0.3660072088241577,0.7808122,0.28139237,0.010863265,0.3673639,0,0.5552599430084229
TSBD_WSSV_aa0b3c4c15,1,0,1,0.2591857,0.10796054,0.20244162,0.4648324,0.2598141,0.37417537,0,0.07873282581567764,0.41286793,0.49364766,0.74018145,0.6082661,0,0.3660072088241577,0.3846905,0.041519895,4.407061e-06,0.017558541,0,0.5552599430084229
TSBD_WSSV_daa4ba808b,0,0,1,0.15278012,0.25417572,0.07035071,0.12070679,0.00012232376,0.042493325,0,0.07873282581567764,0.23158735,0.82433325,0.9998754,0.92764324,0,0.3660072088241577,0.698062,0.05495995,2.2197487e-06,0.029863449,0,0.5552599430084229
TSBD_WSSV_311dd1baf7,0,0,1,0.1774343,0.23398942,0.08114017,0.055842027,7.423985e-06,0.02000421,0,0.07873282581567764,0.10424442,0.74014467,0.99827373,0.74129313,0,0.3660072088241577,0.8146155,0.20401329,0.0017188685,0.23870273,0,0.5552599430084229
TSBD_WSSV_34ee093e2e,1,0,2,0.86527765,0.005091008,0.07692142,0.058029782,2.946448e-06,0.009852912,0,0.07873282581567764,0.10987567,0.05992422,5.7440734e-06,0.012942735,0,0.3660072088241577,0.8132029,0.88204604,0.9999913,0.9772043,0,0.5552599430084229
TSBD_WSSV_cbb32ff38a,1,0,2,0.5937946,0.045178484,0.064144306,0.041504588,9.412722e-07,0.006911628,0,0.07873282581567764,0.33320358,0.10088294,7.6900345e-05,0.04426299,0,0.3660072088241577,0.60265213,0.8576125,0.99992216,0.94882536,0,0.5552599430084229
TSBD_WSSV_9291ca740d,1,1,2,0.8724622,0.0041078893,0.09001324,0.06167181,3.7626664e-06,0.011219954,0,0.07873282581567764,0.092337824,0.05655449,4.326262e-06,0.011195958,0,0.3660072088241577,0.81764895,0.8817737,0.9999919,0.97758406,1,0.5552599430084229
TSBD_WSSV_73bc44153b,1,1,2,0.8722613,0.0041363584,0.09160377,0.06069943,3.503674e-06,0.011050218,0,0.07873282581567764,0.091075525,0.05727987,4.589721e-06,0.011339972,0,0.3660072088241577,0.81732064,0.8820207,0.9999919,0.9776098,1,0.5552599430084229
TSBD_WSSV_4491558e57,1,1,2,0.8698698,0.004378042,0.09295764,0.061744254,3.7875832e-06,0.011380014,0,0.07873282581567764,0.09212549,0.056637943,4.3755344e-06,0.011231548,0,0.3660072088241577,0.8149169,0.8816178,0.9999918,0.97738844,1,0.5552599430084229
TSBD_WSSV_1ee4a00587,1,0,2,0.830614,0.009982764,0.06564498,0.05933141,3.2203154e-06,0.00966022,0,0.07873282581567764,0.1409988,0.05872189,5.2257124e-06,0.013842775,0,0.3660072088241577,0.7933562,0.88194674,0.99999154,0.976497,0,0.5552599430084229
TSBD_WSSV_ecb905238d,1,1,2,0.87124234,0.0042342953,0.088664286,0.06248283,3.9544857e-06,0.011344604,0,0.07873282581567764,0.09464439,0.05618192,4.1893713e-06,0.0111930445,0,0.3660072088241577,0.8166914,0.88133526,0.9999919,0.9774623,1,0.5552599430084229
TSBD_WSSV_ccd255a2df,1,0,2,0.8631385,0.005410972,0.078218125,0.06169718,3.7910595e-06,0.010720332,0,0.07873282581567764,0.10906774,0.056632392,4.407094e-06,0.01194215,0,0.3660072088241577,0.8127141,0.8816704,0.9999918,0.9773376,0,0.5552599430084229
TSBD_WSSV_584c5a10d0,1,1,2,0.8713318,0.004278452,0.08386432,0.06091374,3.5885157e-06,0.010782742,0,0.07873282581567764,0.09873361,0.057467576,4.731928e-06,0.01175393,0,0.3660072088241577,0.817402,0.8816187,0.99999166,0.97746336,1,0.5552599430084229
TSBD_WSSV_aa58f57ab0,1,0,2,0.85788447,0.0061759707,0.071636274,0.059278157,3.197462e-06,0.009877208,0,0.07873282581567764,0.11837687,0.058747597,5.1389197e-06,0.012895472,0,0.3660072088241577,0.8099869,0.88197416,0.99999166,0.97722733,0,0.5552599430084229
TSBD_WSSV_4f3b6f89a8,1,1,2,0.8719372,0.004222776,0.084321305,0.060253147,3.4149436e-06,0.010641647,0,0.07873282581567764,0.097833484,0.057750564,4.787771e-06,0.011766869,0,0.3660072088241577,0.8178451,0.8819962,0.9999918,0.9775915,1,0.5552599430084229
TSBD_WSSV_279702ba92,1,0,2,0.86628866,0.0048510414,0.08355722,0.05992607,3.4023167e-06,0.010594842,0,0.07873282581567764,0.10374301,0.058624875,5.2081186e-06,0.012321871,0,0.3660072088241577,0.81269974,0.88144904,0.9999913,0.97708327,0,0.5552599430084229
TSBD_WSSV_9dc876dd17,1,0,2,0.59472185,0.049677532,0.056040317,0.054092497,2.2341499e-06,0.008699047,0,0.07873282581567764,0.2988085,0.06530779,8.786103e-06,0.022368835,0,0.3660072088241577,0.6451512,0.88059974,0.9999889,0.96893215,0,0.5552599430084229
TSBD_WSSV_0ce34b5766,1,0,2,0.8558528,0.006226329,0.070829876,0.05461557,2.286026e-06,0.008878143,0,0.07873282581567764,0.1236659,0.06389934,7.709858e-06,0.014767533,0,0.3660072088241577,0.8055042,0.8814851,0.99999,0.9763543,0,0.5552599430084229
TSBD_WSSV_6c3afb6716,1,0,2,0.78646004,0.015717898,0.16373913,0.06001022,3.3642953e-06,0.013698365,0,0.07873282581567764,0.08027941,0.05884674,5.2650653e-06,0.011571843,0,0.3660072088241577,0.75598145,0.8811431,0.9999914,0.97472984,0,0.5552599430084229
TSBD_WSSV_366db07a25,1,0,2,0.7355332,0.024488555,0.059990376,0.06005952,3.4357672e-06,0.0097640455,0,0.07873282581567764,0.20333897,0.058400355,5.198125e-06,0.016057145,0,0.3660072088241577,0.7366706,0.8815401,0.9999913,0.9741788,0,0.5552599430084229
TSBD_WSSV_b84a0005bf,1,0,2,0.86883235,0.00460295,0.08107983,0.059670962,3.2956896e-06,0.010385848,0,0.07873282581567764,0.10338078,0.05857511,5.152315e-06,0.012262105,0,0.3660072088241577,0.8155394,0.8817539,0.99999154,0.977352,0,0.5552599430084229
TSBD_WSSV_6624c91a73,1,1,2,0.8721993,0.004201201,0.08403939,0.05972042,3.2959074e-06,0.010510367,0,0.07873282581567764,0.097888574,0.058113273,4.917228e-06,0.011863772,0,0.3660072088241577,0.818072,0.88216627,0.9999918,0.9776258,1,0.5552599430084229
TSBD_WSSV_8a1517bc0e,1,0,2,0.57135594,0.054857105,0.06506216,0.06114151,3.7250034e-06,0.010800883,0,0.07873282581567764,0.30047637,0.05821206,5.230785e-06,0.01931614,0,0.3660072088241577,0.63446146,0.8806464,0.99999106,0.96988297,0,0.5552599430084229
TSBD_WSSV_cada06cffd,1,0,2,0.6650097,0.03275357,0.053567693,0.041199356,8.794922e-07,0.006221013,0,0.07873282581567764,0.28984863,0.09639172,5.8253372e-05,0.038092557,0,0.3660072088241577,0.65658367,0.86240894,0.9999409,0.95568645,0,0.5552599430084229
TSBD_WSSV_72abeff3dc,1,0,2,0.86668557,0.004906726,0.08026397,0.06010108,3.3908445e-06,0.010446815,0,0.07873282581567764,0.10547194,0.05795217,4.920883e-06,0.012182354,0,0.3660072088241577,0.81426406,0.88194674,0.9999918,0.97737086,0,0.5552599430084229
TSBD_WSSV_71629aa3f2,1,0,2,0.868736,0.0046822596,0.08081743,0.06248634,3.990183e-06,0.011002037,0,0.07873282581567764,0.1024808,0.055910572,4.1254834e-06,0.011448188,0,0.3660072088241577,0.8167017,0.8816031,0.9999919,0.97754973,0,0.5552599430084229
TSBD_WSSV_bd69e16b82,0,0,2,0.24852662,0.18023276,0.07361735,0.035164952,8.7395944e-07,0.008603465,0,0.07873282581567764,0.7309982,0.19090396,0.0023407931,0.19943091,0,0.3660072088241577,0.19538441,0.77393115,0.9976584,0.7919656,0,0.5552599430084229
TSBD_WSSV_6fd5eb945a,1,0,1,0.7956418,0.011035482,0.1372861,0.05233304,3.4900497e-06,0.012299249,0,0.07873282581567764,0.7618175,0.8245121,0.99990284,0.95636123,0,0.3660072088241577,0.10089642,0.12315479,9.369016e-05,0.031339515,0,0.5552599430084229
TSBD_WSSV_7ed3990ccb,1,1,1,0.8442229,0.005695969,0.100072116,0.069088265,1.0002473e-05,0.015179538,0,0.07873282581567764,0.782017,0.8622564,0.9999846,0.9706357,1,0.3660072088241577,0.11791091,0.06865528,5.424881e-06,0.014184723,0,0.5552599430084229
TSBD_WSSV_8b1c70a3bc,1,1,1,0.84276545,0.0060480367,0.09190906,0.06833498,9.533433e-06,0.014516507,0,0.07873282581567764,0.7827795,0.8630177,0.9999851,0.97102165,1,0.3660072088241577,0.12531145,0.06864727,5.38263e-06,0.014461844,0,0.5552599430084229
TSBD_WSSV_f583f8e371,1,0,2,0.85926974,0.005837705,0.07973585,0.061680086,3.79451e-06,0.010808917,0,0.07873282581567764,0.111327104,0.05689963,4.5691677e-06,0.012158616,0,0.3660072088241577,0.8089371,0.8814204,0.99999166,0.9770325,0,0.5552599430084229
TSBD_WSSV_493953f127,1,0,2,0.8673664,0.0048525715,0.07905322,0.059932742,3.379068e-06,0.010366759,0,0.07873282581567764,0.10575973,0.05799744,4.9738524e-06,0.012219332,0,0.3660072088241577,0.81518704,0.88206977,0.99999166,0.9774139,0,0.5552599430084229
TSBD_WSSV_1139b0bbb2,1,1,2,0.8704711,0.0044271247,0.08301878,0.060258538,3.435405e-06,0.010599877,0,0.07873282581567764,0.10005513,0.05760165,4.7842564e-06,0.01184752,0,0.3660072088241577,0.81692606,0.8821398,0.9999918,0.9775526,1,0.5552599430084229
TSBD_WSSV_735499e204,0,0,2,0.13465811,0.27779186,0.07938118,0.061063997,3.7529962e-06,0.016886238,0,0.07873282581567764,0.721054,0.06273437,7.617192e-06,0.042626332,0,0.3660072088241577,0.19956486,0.8762015,0.9999887,0.94048744,0,0.5552599430084229
TSBD_WSSV_01066cc969,0,0,2,0.27706435,0.15725464,0.059879825,0.048931498,1.5931212e-06,0.009440971,0,0.07873282581567764,0.5639378,0.075247295,1.7697987e-05,0.040657483,0,0.3660072088241577,0.37618238,0.8758212,0.9999808,0.9499016,0,0.5552599430084229
TSBD_WSSV_941d089361,1,0,2,0.75874233,0.019456731,0.10106793,0.06282594,4.2027523e-06,0.012468362,0,0.07873282581567764,0.16628236,0.057362963,5.0060557e-06,0.014753831,0,0.3660072088241577,0.73264974,0.87981117,0.9999908,0.9727777,0,0.5552599430084229
TSBD_WSSV_629e5c7c92,1,0,2,0.84223765,0.0081793275,0.07119421,0.05955614,3.248954e-06,0.009953819,0,0.07873282581567764,0.13046339,0.059063934,5.4202633e-06,0.013579649,0,0.3660072088241577,0.79834247,0.8813799,0.9999914,0.97646654,0,0.5552599430084229
TSBD_WSSV_cf01831715,1,0,2,0.64207125,0.018763084,0.07720804,0.048580665,5.9175836e-06,0.01115153,0,0.07873282581567764,0.38571888,0.22818471,0.008223611,0.16701344,0,0.3660072088241577,0.537073,0.72323465,0.9917705,0.821835,0,0.5552599430084229
TSBD_WSSV_2c0f3e0b28,1,0,2,0.85565823,0.0063544028,0.0745687,0.0588315,3.1112063e-06,0.0099398885,0,0.07873282581567764,0.11874106,0.05932503,5.506003e-06,0.013161677,0,0.3660072088241577,0.8066902,0.8818435,0.9999914,0.97689843,0,0.5552599430084229
TSBD_WSSV_801c0b8b82,0,0,2,0.19159918,0.21947566,0.06573005,0.05891008,3.1397071e-06,0.013292791,0,0.07873282581567764,0.6430967,0.0595345,5.640757e-06,0.03336152,0,0.3660072088241577,0.29117325,0.88155544,0.9999913,0.95334566,0,0.5552599430084229
TSBD_WSSV_f2274525f7,1,0,2,0.86545646,0.0050757593,0.07848757,0.061229512,3.7353711e-06,0.010659083,0,0.07873282581567764,0.10747548,0.057351124,4.725659e-06,0.012109746,0,0.3660072088241577,0.81403697,0.88141936,0.99999154,0.97723114,0,0.5552599430084229
TSBD_WSSV_2e17c58aad,1,0,2,0.86962867,0.0045087086,0.08264009,0.062940955,4.171804e-06,0.011224222,0,0.07873282581567764,0.100558616,0.05590678,4.1504545e-06,0.011386221,0,0.3660072088241577,0.8168013,0.8811522,0.99999166,0.9773896,0,0.5552599430084229
TSBD_WSSV_bb9d07b1e5,1,0,2,0.86421365,0.005270089,0.074141294,0.057414483,2.8143422e-06,0.009591753,0,0.07873282581567764,0.11285937,0.06041542,6.0183647e-06,0.013235559,0,0.3660072088241577,0.81299937,0.8821701,0.9999912,0.97717273,0,0.5552599430084229
TSBD_WSSV_950d6de8a1,1,0,1,0.78640175,0.013397479,0.08630135,0.065058276,7.752623e-06,0.013573361,0,0.07873282581567764,0.73897725,0.8603559,0.9999844,0.96789885,0,0.3660072088241577,0.17472138,0.07458577,7.861623e-06,0.018527813,0,0.5552599430084229
TSBD_WSSV_0b909fea6f,1,0,2,0.8653544,0.0049130456,0.09623351,0.06017195,3.4475347e-06,0.011189483,0,0.07873282581567764,0.093099155,0.05793237,4.9484024e-06,0.01168841,0,0.3660072088241577,0.81066734,0.8818956,0.99999154,0.9771221,0,0.5552599430084229
TSBD_WSSV_50b41d3123,1,1,2,0.870129,0.004477688,0.08043732,0.059088945,3.174752e-06,0.010228187,0,0.07873282581567764,0.10275741,0.058788534,5.2932137e-06,0.01231485,0,0.3660072088241577,0.81680524,0.88212246,0.99999154,0.977457,1,0.5552599430084229
TSBD_WSSV_1d66e28720,1,0,2,0.8156246,0.011905102,0.06319777,0.055597503,2.4888102e-06,0.008832966,0,0.07873282581567764,0.15593357,0.06273741,7.1103286e-06,0.015782705,0,0.3660072088241577,0.78086865,0.881665,0.99999034,0.97538435,0,0.5552599430084229
TSBD_WSSV_f9303a9060,0,0,2,0.16251533,0.24880916,0.07312055,0.043902818,1.095377e-06,0.010708458,0,0.07873282581567764,0.71817297,0.08992919,4.374734e-05,0.06877088,0,0.3660072088241577,0.20870653,0.866168,0.9999552,0.92052066,0,0.5552599430084229
TSBD_WSSV_ffd6ae5c1c,1,1,2,0.87261266,0.004136065,0.08592613,0.060760964,3.5548626e-06,0.010837326,0,0.07873282581567764,0.095767476,0.05722065,4.624492e-06,0.011548366,0,0.3660072088241577,0.8183064,0.8820184,0.9999918,0.97761434,1,0.5552599430084229
TSBD_WSSV_6a97515cc2,0,0,2,0.12040318,0.29677474,0.077139676,0.051391184,1.883664e-06,0.014081996,0,0.07873282581567764,0.7509924,0.06951126,1.2112292e-05,0.05191095,0,0.3660072088241577,0.1718679,0.8790975,0.99998593,0.93400705,0,0.5552599430084229
TSBD_WSSV_6a19d7effb,1,0,2,0.6177699,0.045248356,0.06323067,0.058282077,3.0232432e-06,0.009897908,0,0.07873282581567764,0.27553514,0.060362402,6.1881833e-06,0.019424634,0,0.3660072088241577,0.66123426,0.8813555,0.9999908,0.97067744,0,0.5552599430084229
TSBD_WSSV_9872bb742f,1,0,2,0.86880004,0.0046718856,0.080497876,0.061471794,3.7375569e-06,0.010763867,0,0.07873282581567764,0.10299781,0.056699842,4.4316234e-06,0.011706753,0,0.3660072088241577,0.81650424,0.8818283,0.9999919,0.97752935,0,0.5552599430084229
TSBD_WSSV_e44f2c0a8a,1,0,2,0.82416856,0.010894388,0.06635694,0.06076317,3.57092e-06,0.010022834,0,0.07873282581567764,0.14405152,0.057626244,4.8327447e-06,0.013637516,0,0.3660072088241577,0.78959155,0.88161063,0.99999154,0.97633964,0,0.5552599430084229
TSBD_WSSV_f1294af3d4,0,0,2,0.22710773,0.19248965,0.6300846,0.077693,1.0115949e-05,0.04094274,0,0.07873282581567764,0.05856651,0.04884073,2.3842458e-06,0.010834614,0,0.3660072088241577,0.31134892,0.8734663,0.9999875,0.9482227,0,0.5552599430084229
TSBD_WSSV_264790eb51,1,0,2,0.8374009,0.008874969,0.07152111,0.05946031,3.2469284e-06,0.009972355,0,0.07873282581567764,0.1333328,0.058589593,5.260935e-06,0.013567772,0,0.3660072088241577,0.7951461,0.8819501,0.99999154,0.97645986,0,0.5552599430084229
TSBD_WSSV_11430ce0d0,1,0,2,0.7312716,0.025094913,0.063846156,0.061354022,3.7192797e-06,0.010255159,0,0.07873282581567764,0.20322357,0.0572953,4.69634e-06,0.01562502,0,0.3660072088241577,0.7329303,0.8813507,0.99999166,0.97411984,0,0.5552599430084229
TSBD_WSSV_74c3607b95,1,1,2,0.8723933,0.0040875757,0.08306094,0.05502275,2.3639843e-06,0.009440705,0,0.07873282581567764,0.099691615,0.063336074,7.3231035e-06,0.013441731,0,0.3660072088241577,0.81724745,0.8816411,0.99999034,0.9771176,1,0.5552599430084229
TSBD_WSSV_2c43cd74d0,1,1,2,0.8710598,0.0042372327,0.09336927,0.059622105,3.2920677e-06,0.010904118,0,0.07873282581567764,0.09070189,0.058721457,5.1771594e-06,0.011736394,0,0.3660072088241577,0.8159289,0.88165647,0.99999154,0.97735953,1,0.5552599430084229
TSBD_WSSV_59d2b7350f,1,0,2,0.86295086,0.00546653,0.07751745,0.06317199,4.190426e-06,0.011018141,0,0.07873282581567764,0.10902423,0.055559933,4.054086e-06,0.011640862,0,0.3660072088241577,0.8134584,0.88126814,0.9999918,0.97734106,0,0.5552599430084229
TSBD_WSSV_5e189248db,1,1,2,0.87255234,0.004095404,0.09360607,0.060967155,3.5797216e-06,0.011203724,0,0.07873282581567764,0.08887867,0.05706173,4.492354e-06,0.0111756325,0,0.3660072088241577,0.8175153,0.8819711,0.9999919,0.97762066,1,0.5552599430084229
TSBD_WSSV_9f5ca0e80d,1,0,2,0.84936213,0.006948692,0.12528186,0.06346467,4.2579054e-06,0.013175719,0,0.07873282581567764,0.07565991,0.05536596,3.9516167e-06,0.010231803,0,0.3660072088241577,0.7990582,0.8811694,0.9999918,0.97659254,0,0.5552599430084229
TSBD_WSSV_b626137b45,1,1,2,0.87255204,0.0040988955,0.09354747,0.061016884,3.5885853e-06,0.011210746,0,0.07873282581567764,0.08891654,0.056973632,4.4658154e-06,0.01115613,0,0.3660072088241577,0.81753594,0.8820095,0.999992,0.9776331,1,0.5552599430084229
TSBD_WSSV_27c2a5d56f,1,0,2,0.8664422,0.0049699685,0.07896933,0.06153166,3.758993e-06,0.010715619,0,0.07873282581567764,0.10608905,0.05688255,4.5395723e-06,0.0119103985,0,0.3660072088241577,0.8149416,0.8815858,0.99999166,0.977374,0,0.5552599430084229
TSBD_WSSV_eee60542d7,1,0,2,0.8568231,0.0062300544,0.07599147,0.06058433,3.5236337e-06,0.01039025,0,0.07873282581567764,0.115954846,0.057655882,4.8864626e-06,0.012577023,0,0.3660072088241577,0.80805373,0.8817598,0.99999154,0.9770327,0,0.5552599430084229
TSBD_WSSV_d9ea0715c2,1,0,2,0.86382526,0.0052876687,0.07992417,0.062427144,4.0051614e-06,0.010978772,0,0.07873282581567764,0.10719652,0.056152105,4.2693105e-06,0.01174962,0,0.3660072088241577,0.8128793,0.88142073,0.99999166,0.9772716,0,0.5552599430084229
TSBD_WSSV_514bb3ccf8,1,0,2,0.86312884,0.005127828,0.09965408,0.06217081,3.889922e-06,0.011789408,0,0.07873282581567764,0.09198536,0.05644527,4.2922784e-06,0.0111940745,0,0.3660072088241577,0.8083606,0.88138396,0.9999918,0.9770165,0,0.5552599430084229
TSBD_WSSV_d3cfe64d62,1,0,2,0.8602192,0.0057427296,0.080204174,0.064380795,4.5707407e-06,0.011456923,0,0.07873282581567764,0.10913287,0.054831464,3.7743241e-06,0.011425547,0,0.3660072088241577,0.8106629,0.88078773,0.99999166,0.97711754,0,0.5552599430084229
TSBD_WSSV_f825fa69cd,1,0,2,0.85702944,0.0059717363,0.07767324,0.060211536,3.5845992e-06,0.010487577,0,0.07873282581567764,0.11624443,0.059790626,5.69963e-06,0.013209015,0,0.3660072088241577,0.80608225,0.8799979,0.9999907,0.97630334,0,0.5552599430084229
TSBD_WSSV_b899fa53da,1,0,2,0.7729983,0.018675633,0.05910068,0.060177084,3.4258253e-06,0.009616443,0,0.07873282581567764,0.18000887,0.0578979,4.9467417e-06,0.015020185,0,0.3660072088241577,0.76089036,0.88192505,0.99999166,0.9753633,0,0.5552599430084229
TSBD_WSSV_8b9052d96f,1,0,2,0.8463793,0.0077480795,0.067328036,0.057530507,2.844206e-06,0.009340194,0,0.07873282581567764,0.13028795,0.060171112,5.8484343e-06,0.013870434,0,0.3660072088241577,0.802384,0.88229847,0.9999913,0.97678936,0,0.5552599430084229
TSBD_WSSV_376e37e18c,0,0,2,0.13537146,0.27838072,0.07832337,0.044422194,1.1139539e-06,0.011750648,0,0.07873282581567764,0.74808425,0.08735411,3.699778e-05,0.070713416,0,0.3660072088241577,0.17359239,0.86822367,0.999962,0.917536,0,0.5552599430084229
TSBD_WSSV_33b7d18fc1,1,1,2,0.87231076,0.0041821348,0.084773004,0.06053979,3.493021e-06,0.010731446,0,0.07873282581567764,0.09703186,0.057424996,4.6469418e-06,0.011632104,0,0.3660072088241577,0.81819516,0.88203526,0.9999919,0.97763646,1,0.5552599430084229
TSBD_WSSV_5ae365cdb5,1,0,2,0.8209227,0.010674177,0.064911395,0.051145192,1.8098528e-06,0.008060787,0,0.07873282581567764,0.1566074,0.06906478,1.1299419e-05,0.018114878,0,0.3660072088241577,0.7784812,0.87979007,0.9999869,0.9738244,0,0.5552599430084229
TSBD_WSSV_48983cce39,1,0,2,0.47751826,0.07581353,0.37474087,0.068026744,5.816936e-06,0.023751365,0,0.07873282581567764,0.060685102,0.053434085,3.412902e-06,0.010126509,0,0.3660072088241577,0.56457406,0.87853914,0.9999907,0.9661221,0,0.5552599430084229
TSBD_WSSV_f41afb12de,1,0,2,0.8648034,0.005183979,0.076966524,0.058918968,3.1452435e-06,0.010053263,0,0.07873282581567764,0.10973958,0.05894464,5.297578e-06,0.012635674,0,0.3660072088241577,0.8132939,0.88213646,0.99999166,0.9773111,0,0.5552599430084229
TSBD_WSSV_719214e8fc,0,0,2,0.2759698,0.15680304,0.058942836,0.053714853,2.20201e-06,0.010349194,0,0.07873282581567764,0.5493504,0.06581638,9.082517e-06,0.032884263,0,0.3660072088241577,0.39170673,0.8804688,0.9999888,0.95676655,0,0.5552599430084229
TSBD_WSSV_f9b891c236,1,0,2,0.85687023,0.006192345,0.07760812,0.061335042,3.7343066e-06,0.010650345,0,0.07873282581567764,0.11462301,0.057113446,4.6364676e-06,0.0123452535,0,0.3660072088241577,0.8077689,0.8815515,0.99999166,0.9770044,0,0.5552599430084229
TSBD_WSSV_60bf799ad0,1,1,2,0.87347496,0.0040212297,0.08794357,0.060329035,3.4409895e-06,0.010818077,0,0.07873282581567764,0.09329747,0.05755281,4.6903565e-06,0.011503517,0,0.3660072088241577,0.81875896,0.8821182,0.9999919,0.9776784,1,0.5552599430084229
TSBD_WSSV_3221471a09,1,0,2,0.8310431,0.009860807,0.0665676,0.058412828,3.0256047e-06,0.009521989,0,0.07873282581567764,0.14094357,0.059460048,5.5140276e-06,0.014071997,0,0.3660072088241577,0.7924888,0.8821271,0.99999154,0.976406,0,0.5552599430084229
TSBD_WSSV_81c77d6283,1,0,2,0.86159897,0.0053492957,0.112174995,0.063511536,4.2971114e-06,0.012659896,0,0.07873282581567764,0.08002241,0.055283014,3.880548e-06,0.0103542,0,0.3660072088241577,0.80780256,0.88120544,0.9999918,0.97698593,0,0.5552599430084229
TSBD_WSSV_7ba0bac7cd,1,0,2,0.6933932,0.02942043,0.15254503,0.06724615,5.5598e-06,0.016058622,0,0.07873282581567764,0.16443066,0.053631943,3.516099e-06,0.013586371,0,0.3660072088241577,0.6830243,0.87912184,0.99999094,0.97035503,0,0.5552599430084229
TSBD_WSSV_b8b164e72b,1,0,2,0.4031813,0.09803176,0.058064703,0.060516078,3.5696835e-06,0.010878858,0,0.07873282581567764,0.4137931,0.057933535,5.0037966e-06,0.022693356,0,0.3660072088241577,0.52814215,0.8815503,0.9999914,0.96642774,0,0.5552599430084229
TSBD_WSSV_7942e3c67c,1,0,2,0.83973557,0.008673766,0.06906194,0.06020589,3.4417305e-06,0.010010161,0,0.07873282581567764,0.13232943,0.057859067,4.9071978e-06,0.013253427,0,0.3660072088241577,0.7986086,0.88193506,0.99999166,0.97673637,0,0.5552599430084229
TSBD_WSSV_e572949946,1,0,2,0.8648446,0.0049789343,0.09114046,0.059751537,3.319828e-06,0.010862821,0,0.07873282581567764,0.098471776,0.05844555,5.1702814e-06,0.0120743485,0,0.3660072088241577,0.81038773,0.88180286,0.99999154,0.9770628,0,0.5552599430084229
TSBD_WSSV_a204c36610,1,0,2,0.7516207,0.020292014,0.18372808,0.06734951,5.554034e-06,0.016829116,0,0.07873282581567764,0.09160002,0.053399302,3.4620755e-06,0.010810594,0,0.3660072088241577,0.7246718,0.8792511,0.99999094,0.9723603,0,0.5552599430084229
TSBD_WSSV_9c4b4f11b8,1,0,2,0.86106014,0.0053489907,0.09116929,0.062885575,4.1199532e-06,0.011627525,0,0.07873282581567764,0.10179154,0.056734115,4.5079473e-06,0.0117473155,0,0.3660072088241577,0.80703914,0.88038033,0.9999913,0.97662514,0,0.5552599430084229
TSBD_WSSV_687a703a75,0,0,2,0.19879536,0.2091846,0.63076574,0.14221111,0.00019840419,0.109433874,0,0.07873282581567764,0.17495771,0.04046961,1.4455383e-06,0.014828875,0,0.3660072088241577,0.1942766,0.8173194,0.99980015,0.8757373,0,0.5552599430084229
TSBD_WSSV_60273dd644,1,0,2,0.8363429,0.00911549,0.07138884,0.06289776,4.1712547e-06,0.010744925,0,0.07873282581567764,0.13195544,0.055927362,4.2067863e-06,0.01265797,0,0.3660072088241577,0.79665565,0.8811749,0.99999166,0.9765971,0,0.5552599430084229
TSBD_WSSV_c29e86db5b,1,0,2,0.8323104,0.008873526,0.095631175,0.07325303,8.243978e-06,0.014684605,0,0.07873282581567764,0.118277974,0.050831053,2.8187142e-06,0.010827754,0,0.3660072088241577,0.7860909,0.8759159,0.9999889,0.9744876,0,0.5552599430084229
TSBD_WSSV_79fa511ed0,1,0,2,0.578287,0.05202637,0.3062882,0.06916219,6.294342e-06,0.021926092,0,0.07873282581567764,0.070562646,0.05234634,3.1568575e-06,0.010079425,0,0.3660072088241577,0.62314916,0.87849146,0.9999906,0.96799445,0,0.5552599430084229
TSBD_WSSV_58e35ef754,0,0,2,0.13887937,0.2665985,0.16780815,0.06316238,4.319637e-06,0.022785777,0,0.07873282581567764,0.6294676,0.05662277,4.6500772e-06,0.034967307,0,0.3660072088241577,0.20272428,0.88021487,0.99999106,0.9422469,0,0.5552599430084229
TSBD_WSSV_1ce4e5b49f,0,0,1,0.5213553,0.047157224,0.053545468,0.03761329,1.403701e-06,0.0070484495,0,0.07873282581567764,0.46600124,0.75867003,0.9983889,0.8600059,0,0.3660072088241577,0.4804533,0.20371668,0.0016097573,0.13294566,0,0.5552599430084229
TSBD_WSSV_ea57134108,1,0,1,0.73209643,0.022065498,0.06503868,0.05912201,5.1580623e-06,0.010994254,0,0.07873282581567764,0.7085138,0.86103725,0.9999839,0.96638805,0,0.3660072088241577,0.22644755,0.07984071,1.08939375e-05,0.022617668,0,0.5552599430084229
TSBD_WSSV_8b1af1900d,1,0,1,0.68115556,0.030043453,0.05947264,0.055382095,3.9769297e-06,0.009983782,0,0.07873282581567764,0.671963,0.8577414,0.99997985,0.96258205,0,0.3660072088241577,0.26856434,0.08687651,1.6173506e-05,0.027434187,0,0.5552599430084229
TSBD_WSSV_2f46cb1b79,1,0,2,0.85938054,0.00548452,0.10544059,0.06463351,4.6249843e-06,0.012688853,0,0.07873282581567764,0.09011165,0.05492511,3.9097176e-06,0.010792968,0,0.3660072088241577,0.8044477,0.8804413,0.9999914,0.97651815,0,0.5552599430084229
TSBD_WSSV_383e727d4a,1,1,2,0.8704636,0.0043321094,0.09423058,0.060297903,3.4415632e-06,0.011094358,0,0.07873282581567764,0.09026377,0.057726316,4.7685417e-06,0.011438603,0,0.3660072088241577,0.8155057,0.88197577,0.9999918,0.97746706,1,0.5552599430084229
TSBD_WSSV_b076b7af44,1,1,2,0.8710302,0.004283907,0.08808011,0.06252113,4.046785e-06,0.011372426,0,0.07873282581567764,0.09519113,0.05595306,4.1614817e-06,0.011178691,0,0.3660072088241577,0.8167288,0.88152575,0.9999918,0.9774489,1,0.5552599430084229
TSBD_WSSV_6a65b3c303,1,1,2,0.87136316,0.004275834,0.085361905,0.059489224,3.2584687e-06,0.010529555,0,0.07873282581567764,0.097633176,0.05841456,5.043077e-06,0.011945394,0,0.3660072088241577,0.8170049,0.88209623,0.9999918,0.97752506,1,0.5552599430084229
TSBD_WSSV_d552ad13be,1,0,1,0.8335863,0.007298298,0.08161022,0.06380107,7.0335136e-06,0.01273659,0,0.07873282581567764,0.7765337,0.86315686,0.9999858,0.97080225,0,0.3660072088241577,0.14185606,0.07304205,7.1097134e-06,0.016461164,0,0.5552599430084229
TSBD_WSSV_64069923e3,1,0,2,0.8112119,0.0119400155,0.16028602,0.067683935,5.6597883e-06,0.015833056,0,0.07873282581567764,0.0686588,0.053230774,3.294271e-06,0.009478539,0,0.3660072088241577,0.77105516,0.8790853,0.99999106,0.97468835,0,0.5552599430084229
