sample_id,tri_consensus,selected,consensus_class,tri_score,source_ema_js,p_source_BG,p_ema_BG,p_proto_BG,q_consensus_BG,selected_BG,target_prior_BG,p_source_Healthy,p_ema_Healthy,p_proto_Healthy,q_consensus_Healthy,selected_Healthy,target_prior_Healthy,p_source_WSSV,p_ema_WSSV,p_proto_WSSV,q_consensus_WSSV,selected_WSSV,target_prior_WSSV
TSBD_BG_b9ded89290,1,1,0,0.8685148,0.006809029,0.8303713,0.9040779,0.9999906,0.97986835,1,0.07756686210632324,0.1019872,0.046484426,5.388176e-06,0.010931962,0,0.35536590218544006,0.06764147,0.049437698,4.061805e-06,0.009199729,0,0.5670672655105591
TSBD_BG_ec6804e1c1,1,1,0,0.8955694,0.0034327954,0.8506498,0.9044152,0.9999908,0.9809695,1,0.07756686210632324,0.07613199,0.04603089,5.1319016e-06,0.009657272,0,0.35536590218544006,0.07321824,0.04955394,4.009216e-06,0.009373285,0,0.5670672655105591
TSBD_BG_e6c7f786d1,1,0,1,0.784805,0.012620922,0.1710733,0.08373275,2.414454e-05,0.024345139,0,0.07756686210632324,0.727874,0.8548007,0.9999726,0.96380305,0,0.35536590218544006,0.10105275,0.06146658,3.3256338e-06,0.011851846,0,0.5670672655105591
TSBD_BG_27046d49de,1,1,0,0.8525878,0.0079113515,0.81116605,0.8950213,0.9999802,0.97551775,1,0.07756686210632324,0.08958309,0.038417332,2.4424523e-06,0.008252868,0,0.35536590218544006,0.099250905,0.066561416,1.7432336e-05,0.016229372,0,0.5670672655105591
TSBD_BG_ef94f9e30a,1,0,2,0.8662604,0.0049404046,0.08184415,0.06909437,5.777994e-06,0.012464382,0,0.07756686210632324,0.10172774,0.051998165,2.993082e-06,0.010376302,0,0.35536590218544006,0.81642807,0.8789075,0.9999913,0.9771593,0,0.5670672655105591
TSBD_BG_014cc1626a,1,0,2,0.35658514,0.1105416,0.07302326,0.0903632,2.206523e-05,0.021003867,0,0.07756686210632324,0.44195005,0.056756694,5.089358e-06,0.02386002,0,0.35536590218544006,0.48502672,0.8528802,0.9999728,0.95513606,0,0.5670672655105591
TSBD_BG_ab942e7799,1,0,1,0.8282588,0.0072169043,0.11565005,0.08160125,2.084044e-05,0.020070449,0,0.07756686210632324,0.76629215,0.85664237,0.9999759,0.9676247,0,0.35536590218544006,0.11805775,0.061756384,3.2592814e-06,0.012304823,0,0.5670672655105591
TSBD_BG_92d3bac25d,1,0,1,0.82906294,0.006153362,0.11683972,0.10626427,7.4985655e-05,0.029321294,0,0.07756686210632324,0.76870084,0.83846724,0.99992275,0.95991695,0,0.35536590218544006,0.11445941,0.055268507,2.2538052e-06,0.010761753,0,0.5670672655105591
TSBD_BG_3179613a58,1,0,1,0.7949508,0.0041462826,0.18040705,0.21011434,0.0023399894,0.09272095,0,0.07756686210632324,0.73322946,0.74612737,0.9976587,0.89936835,0,0.35536590218544006,0.086363465,0.043758284,1.3104136e-06,0.007910714,0,0.5670672655105591
TSBD_BG_72fcb5ad43,1,1,1,0.8455951,0.005367974,0.10934562,0.07536481,1.5673779e-05,0.017806532,0,0.07756686210632324,0.7822992,0.8604958,0.9999801,0.9695142,1,0.35536590218544006,0.10835511,0.06413939,4.190505e-06,0.012679298,0,0.5670672655105591
TSBD_BG_1adf4fa166,0,0,0,0.4199239,0.08922632,0.32187322,0.7363062,0.98707587,0.7577197,0,0.07756686210632324,0.6068939,0.22871055,0.012922902,0.23486197,0,0.35536590218544006,0.07123291,0.034983277,1.1797289e-06,0.0074182996,0,0.5670672655105591
TSBD_BG_19f57a7d83,1,0,1,0.8293411,0.0065780096,0.14224476,0.09047496,3.4573914e-05,0.02502566,0,0.07756686210632324,0.76293844,0.85282904,0.99996305,0.9646978,0,0.35536590218544006,0.09481679,0.05669604,2.3497146e-06,0.0102765355,0,0.5670672655105591
TSBD_BG_b06b80d500,0,0,0,0.3159232,0.13884743,0.29852146,0.80658495,0.99811494,0.84217423,0,0.07756686210632324,0.62940085,0.16019411,0.0018843069,0.15068762,0,0.35536590218544006,0.072077714,0.03322098,6.8697886e-07,0.0071381624,0,0.5670672655105591
TSBD_BG_5c745e387f,1,1,0,0.5971677,0.05201074,0.6669972,0.9035019,0.9999893,0.97301686,1,0.07756686210632324,0.27766153,0.051284105,8.283242e-06,0.018961502,0,0.35536590218544006,0.055341296,0.045213908,2.5064387e-06,0.008021601,0,0.5670672655105591
TSBD_BG_c333741c9b,1,0,1,0.7064752,0.010589872,0.33356982,0.22457142,0.0032183188,0.13109396,0,0.07756686210632324,0.5964065,0.73304605,0.9967805,0.8615904,0,0.35536590218544006,0.07002369,0.04238248,1.1396276e-06,0.007315672,0,0.5670672655105591
TSBD_BG_a3ac70c2de,1,0,1,0.82189727,0.0043136086,0.17036402,0.1409095,0.00027803067,0.04970795,0,0.07756686210632324,0.7448225,0.8128093,0.9997209,0.94252133,0,0.35536590218544006,0.08481347,0.046281252,1.0772663e-06,0.0077707274,0,0.5670672655105591
TSBD_BG_6ff47981ea,1,1,1,0.843583,0.00540225,0.122018866,0.08120195,2.1453085e-05,0.020401081,0,0.07756686210632324,0.77903724,0.8585374,0.99997544,0.96835756,1,0.35536590218544006,0.09894392,0.060260676,3.0766735e-06,0.011241352,0,0.5670672655105591
TSBD_BG_64274bed67,1,1,1,0.83865863,0.004490761,0.13340968,0.11227811,9.3669885e-05,0.032849543,0,0.07756686210632324,0.7713942,0.83661747,0.99990475,0.9581567,1,0.35536590218544006,0.095196165,0.051104397,1.5285962e-06,0.008993785,0,0.5670672655105591
TSBD_BG_7031e4d230,1,1,0,0.72464794,0.015006281,0.644498,0.7989769,0.9976271,0.89384955,1,0.07756686210632324,0.2951459,0.16764829,0.0023721696,0.10060613,0,0.35536590218544006,0.060356088,0.033374768,7.324189e-07,0.0055442825,0,0.5670672655105591
TSBD_BG_03136a4786,0,0,0,0.14292333,0.20649147,0.085060135,0.54246646,0.6292043,0.41391918,0,0.07756686210632324,0.38319078,0.40405935,0.37077895,0.5523367,0,0.35536590218544006,0.5317491,0.05347415,1.6836508e-05,0.033744097,0,0.5670672655105591
TSBD_BG_daacfdf534,1,0,1,0.549838,0.012817858,0.3191649,0.46912214,0.28946117,0.39119637,0,0.07756686210632324,0.6117844,0.49414456,0.7105364,0.60180223,0,0.35536590218544006,0.06905069,0.036733206,2.388046e-06,0.0070014293,0,0.5670672655105591
TSBD_BG_873a3617a3,0,0,0,0.16376528,0.24550289,0.2653249,0.8980875,0.9999871,0.95186734,0,0.07756686210632324,0.07129354,0.048671935,7.090675e-06,0.015109225,0,0.35536590218544006,0.6633816,0.053240597,5.830039e-06,0.03302346,0,0.5670672655105591
TSBD_BG_abfa756b67,1,1,0,0.6668462,0.037255354,0.695548,0.8981612,0.99998105,0.97054636,1,0.07756686210632324,0.24574566,0.060486697,1.7326724e-05,0.022353947,0,0.35536590218544006,0.058706343,0.041352123,1.6140574e-06,0.0070997253,0,0.5670672655105591
TSBD_BG_897409ab6a,1,0,2,0.7827943,0.016290134,0.0880008,0.066458106,5.034406e-06,0.012518454,0,0.07756686210632324,0.1567896,0.05376308,3.685207e-06,0.013086264,0,0.35536590218544006,0.75520957,0.8797788,0.9999913,0.9743953,0,0.5670672655105591
TSBD_BG_029a32b87f,1,0,2,0.7448625,0.021581855,0.20461161,0.07054654,6.351628e-06,0.018339777,0,0.07756686210632324,0.071013495,0.050984357,2.772745e-06,0.009269905,0,0.35536590218544006,0.72437495,0.87846905,0.99999094,0.9723903,0,0.5670672655105591
TSBD_BG_ad84846145,1,0,1,0.7342622,0.008911464,0.29588592,0.20396979,0.0019540153,0.10835987,0,0.07756686210632324,0.6301356,0.75226945,0.99804485,0.884066,0,0.35536590218544006,0.07397849,0.043760784,1.1772319e-06,0.0075741224,0,0.5670672655105591
TSBD_BG_6250909f04,1,1,1,0.8455869,0.005537754,0.1106741,0.07077961,1.1645994e-05,0.016374052,0,0.07756686210632324,0.78279555,0.86284715,0.99998355,0.97049165,1,0.35536590218544006,0.10653039,0.06637323,4.777934e-06,0.013134292,0,0.5670672655105591
TSBD_Healthy_c7fd512124,1,0,1,0.83062905,0.0075408686,0.087046474,0.07049201,1.21306575e-05,0.015208494,0,0.07756686210632324,0.77433974,0.86059135,0.9999819,0.9694302,0,0.35536590218544006,0.13861379,0.06891664,5.944048e-06,0.015361302,0,0.5670672655105591
TSBD_Healthy_1ab857c1ee,1,0,1,0.8309005,0.0074348208,0.08745115,0.06750346,1.0101588e-05,0.01440756,0,0.07756686210632324,0.7730034,0.86109513,0.99998295,0.96946675,0,0.35536590218544006,0.13954549,0.071401365,6.9025596e-06,0.016125686,0,0.5670672655105591
TSBD_Healthy_a4108c60ab,1,0,1,0.81455404,0.010103816,0.08184877,0.068819374,1.0262629e-05,0.0142860105,0,0.07756686210632324,0.76596797,0.8636076,0.9999846,0.97039795,0,0.35536590218544006,0.15218323,0.06757303,5.115959e-06,0.015316058,0,0.5670672655105591
TSBD_Healthy_603954b4fc,1,0,1,0.81735146,0.008901069,0.13118581,0.07219308,1.2550638e-05,0.017981945,0,0.07756686210632324,0.7573877,0.8614488,0.9999827,0.9685752,0,0.35536590218544006,0.11142645,0.066358045,4.713852e-06,0.013442909,0,0.5670672655105591
TSBD_Healthy_a7669a6337,1,0,1,0.7999376,0.011252694,0.11126704,0.073019534,1.3109219e-05,0.017308036,0,0.07756686210632324,0.74519396,0.86029303,0.99998224,0.96792185,0,0.35536590218544006,0.14353907,0.06668745,4.6595487e-06,0.014770144,0,0.5670672655105591
TSBD_Healthy_0969d7950f,1,0,1,0.8100694,0.010291493,0.098119535,0.06983544,1.0768184e-05,0.015527114,0,0.07756686210632324,0.75670433,0.86305404,0.99998426,0.9695128,0,0.35536590218544006,0.14517613,0.06711053,4.926147e-06,0.01496009,0,0.5670672655105591
TSBD_Healthy_3535a7f645,1,1,1,0.84437937,0.005731771,0.10352991,0.070076615,1.1096519e-05,0.01577562,0,0.07756686210632324,0.78231454,0.86302596,0.999984,0.9706462,1,0.35536590218544006,0.11415555,0.06689739,4.9042833e-06,0.013578175,0,0.5670672655105591
TSBD_Healthy_28874652ec,1,0,1,0.8349241,0.0068109427,0.1237283,0.07163945,1.2052988e-05,0.01730196,0,0.07756686210632324,0.7732194,0.86259013,0.99998343,0.9698625,0,0.35536590218544006,0.10305225,0.06577044,4.5203747e-06,0.012835494,0,0.5670672655105591
TSBD_Healthy_c9a3ba4645,1,1,1,0.8425813,0.005951017,0.10981621,0.07007861,1.10189285e-05,0.016092584,0,0.07756686210632324,0.78037494,0.86343324,0.99998426,0.97064185,1,0.35536590218544006,0.10980876,0.066488184,4.7214717e-06,0.013265535,0,0.5670672655105591
TSBD_Healthy_ec9cff4659,1,0,1,0.8134386,0.009357462,0.15039976,0.0777848,1.7404926e-05,0.0208455,0,0.07756686210632324,0.7545264,0.8601749,0.99997914,0.9675807,0,0.35536590218544006,0.09507381,0.062040295,3.408546e-06,0.0115738325,0,0.5670672655105591
TSBD_Healthy_d0dd7481d3,1,0,1,0.8316454,0.007293908,0.12776737,0.07019917,1.1052617e-05,0.017053822,0,0.07756686210632324,0.77119803,0.86299783,0.99998415,0.96993643,0,0.35536590218544006,0.101034604,0.06680301,4.8146853e-06,0.0130097335,0,0.5670672655105591
TSBD_Healthy_9b9c4b2008,1,0,1,0.83142126,0.0072453637,0.092869066,0.07331154,1.3974817e-05,0.016300255,0,0.07756686210632324,0.7733335,0.85908765,0.99998057,0.9689165,0,0.35536590218544006,0.1337974,0.06760075,5.4320494e-06,0.014783267,0,0.5670672655105591
TSBD_Healthy_6af33a64f0,1,0,1,0.8245334,0.0066853072,0.14165941,0.09535843,4.5277946e-05,0.027093995,0,0.07756686210632324,0.75644165,0.84710646,0.9999521,0.96202767,0,0.35536590218544006,0.10189893,0.05753514,2.6207574e-06,0.010878345,0,0.5670672655105591
TSBD_Healthy_11508a2a47,1,1,0,0.87749916,0.005694894,0.83761466,0.9039931,0.9999906,0.9802404,1,0.07756686210632324,0.0987507,0.04775533,5.9003855e-06,0.011112674,0,0.35536590218544006,0.06363461,0.04825151,3.5481048e-06,0.008647002,0,0.5670672655105591
TSBD_Healthy_9c80ffce77,1,0,1,0.76516205,0.014252203,0.1290883,0.09811456,5.2495125e-05,0.027952787,0,0.07756686210632324,0.7110558,0.83786523,0.99994326,0.956975,0,0.35536590218544006,0.15985589,0.064020246,4.301249e-06,0.015072231,0,0.5670672655105591
TSBD_Healthy_fdc6d1fa33,1,1,1,0.8391476,0.0053969063,0.12189737,0.08947386,3.3534277e-05,0.023370538,0,0.07756686210632324,0.77326494,0.8512939,0.9999635,0.9652886,1,0.35536590218544006,0.104837686,0.059232213,2.9718321e-06,0.01134088,0,0.5670672655105591
TSBD_Healthy_8c646c1060,0,0,0,0.32905245,0.1323528,0.2663647,0.76712286,0.99479103,0.7866746,0,0.07756686210632324,0.6588708,0.19810449,0.0052080783,0.20542853,0,0.35536590218544006,0.07476449,0.034772627,9.881805e-07,0.007896965,0,0.5670672655105591
TSBD_Healthy_1b2ea804f3,1,0,1,0.81511027,0.009304585,0.13711892,0.07211207,1.2658816e-05,0.018286483,0,0.07756686210632324,0.7565125,0.8623012,0.99998295,0.96871203,0,0.35536590218544006,0.106368564,0.06558677,4.4400153e-06,0.013001483,0,0.5670672655105591
TSBD_Healthy_181a36e89e,1,0,1,0.7968772,0.012093153,0.09703003,0.07034938,1.1235522e-05,0.015712293,0,0.07756686210632324,0.7474069,0.86231107,0.99998367,0.96878844,0,0.35536590218544006,0.15556307,0.06733953,5.0690833e-06,0.015499271,0,0.5670672655105591
TSBD_Healthy_b13db56cba,1,0,1,0.8195511,0.00876154,0.10028823,0.07515325,1.55988e-05,0.017376676,0,0.07756686210632324,0.7631092,0.85951203,0.99997985,0.9683926,0,0.35536590218544006,0.1366026,0.06533474,4.584959e-06,0.0142307235,0,0.5670672655105591
TSBD_Healthy_e91e5f3d2c,1,0,1,0.8326084,0.007235881,0.1317257,0.07125498,1.1806776e-05,0.017570613,0,0.07756686210632324,0.7727442,0.8632641,0.9999838,0.970029,0,0.35536590218544006,0.095530115,0.06548089,4.3866803e-06,0.012400432,0,0.5670672655105591
TSBD_Healthy_b9f53cb41a,1,1,1,0.83766216,0.0064670555,0.1267253,0.07338065,1.3684667e-05,0.018070249,0,0.07756686210632324,0.7757226,0.8623432,0.99998224,0.96973944,1,0.35536590218544006,0.09755204,0.06427614,4.0717578e-06,0.012190312,0,0.5670672655105591
TSBD_Healthy_eb22129a24,0,0,1,0.5189419,0.050001837,0.6292617,0.33587933,0.03498194,0.32955116,0,0.07756686210632324,0.31350976,0.6256052,0.96501666,0.663301,0,0.35536590218544006,0.057228576,0.038515493,1.4570202e-06,0.007147828,0,0.5670672655105591
TSBD_Healthy_968a78b93d,1,1,1,0.8474644,0.00542072,0.10222247,0.0671819,9.201796e-06,0.0148250265,0,0.07756686210632324,0.7851959,0.8639259,0.9999852,0.9711174,1,0.35536590218544006,0.11258164,0.068892255,5.6302106e-06,0.014057607,0,0.5670672655105591
TSBD_Healthy_c7a3a188a8,0,0,1,0.5424521,0.0096536,0.5877955,0.47522703,0.32489595,0.5015506,0,0.07756686210632324,0.3534046,0.48790926,0.67510146,0.49164638,0,0.35536590218544006,0.05879987,0.03686372,2.6399596e-06,0.0068030227,0,0.5670672655105591
TSBD_Healthy_f55a2f1b43,1,0,2,0.7849579,0.008983292,0.05617192,0.038072377,7.7889933e-07,0.005803579,0,0.07756686210632324,0.23731416,0.14228863,0.00040550833,0.06076915,0,0.35536590218544006,0.70651394,0.819639,0.9995937,0.9334273,0,0.5670672655105591
TSBD_Healthy_11a0ec4d06,1,1,2,0.8682366,0.004650519,0.08415172,0.06410516,4.192881e-06,0.011409745,0,0.07756686210632324,0.100338124,0.05508499,3.841196e-06,0.0111370655,0,0.35536590218544006,0.8155102,0.8808099,0.999992,0.97745323,1,0.5670672655105591
TSBD_Healthy_dda7c6bbc5,0,0,1,0.59223443,0.020412289,0.05329105,0.03539524,2.368392e-06,0.0069306004,0,0.07756686210632324,0.41959697,0.6207809,0.95485765,0.684427,0,0.35536590218544006,0.52711195,0.34382388,0.04514,0.3086423,0,0.5670672655105591
TSBD_Healthy_b83d452fe7,1,0,2,0.83836025,0.0061295014,0.060834464,0.042392965,8.9455955e-07,0.006299324,0,0.07756686210632324,0.16416715,0.098083906,5.926125e-05,0.030085756,0,0.35536590218544006,0.77499837,0.8595231,0.9999398,0.9636149,0,0.5670672655105591
TSBD_Healthy_ec04a77054,1,1,1,0.847162,0.0054282043,0.10912702,0.06994456,1.1006673e-05,0.01601128,0,0.07756686210632324,0.78468037,0.8636987,0.99998426,0.97091985,1,0.35536590218544006,0.10619261,0.066356726,4.70853e-06,0.013068856,0,0.5670672655105591
TSBD_Healthy_63480c13ab,1,1,1,0.8443658,0.005749518,0.11072641,0.0702779,1.1078969e-05,0.016166138,0,0.07756686210632324,0.7820404,0.86359316,0.99998426,0.9707739,1,0.35536590218544006,0.10723313,0.06612898,4.6238133e-06,0.013059951,0,0.5670672655105591
TSBD_Healthy_a334fe0843,1,1,1,0.8439996,0.0057633705,0.10929419,0.07003537,1.0993695e-05,0.01604671,0,0.07756686210632324,0.781562,0.86323726,0.99998415,0.97062135,1,0.35536590218544006,0.109143786,0.06672733,4.8642064e-06,0.013331964,0,0.5670672655105591
TSBD_Healthy_af48f4f88b,1,1,1,0.8396623,0.006331105,0.1236863,0.07076654,1.1616072e-05,0.017041383,0,0.07756686210632324,0.77828616,0.863322,0.9999839,0.9703599,1,0.35536590218544006,0.09802748,0.06591144,4.521865e-06,0.01259869,0,0.5670672655105591
TSBD_Healthy_58fc6d9018,1,0,1,0.83352566,0.0070975292,0.099810556,0.07087105,1.1787464e-05,0.015899543,0,0.07756686210632324,0.7739272,0.8624071,0.99998343,0.97004545,0,0.35536590218544006,0.12626222,0.066721894,4.829794e-06,0.014054976,0,0.5670672655105591
TSBD_Healthy_ed8a98aaef,1,0,1,0.7365979,0.022011133,0.07121855,0.06775542,9.424135e-06,0.013557305,0,0.07756686210632324,0.71891415,0.86338997,0.9999851,0.9685488,0,0.35536590218544006,0.20986728,0.06885459,5.4930247e-06,0.01789392,0,0.5670672655105591
TSBD_Healthy_c1a36abd3d,1,0,1,0.7440684,0.020754088,0.077014826,0.06986938,1.0873359e-05,0.014513047,0,0.07756686210632324,0.7225466,0.86346966,0.9999844,0.9686538,0,0.35536590218544006,0.20043866,0.06666088,4.7574504e-06,0.016833173,0,0.5670672655105591
TSBD_Healthy_ba89f16ead,1,1,1,0.8467863,0.0054966975,0.107695036,0.06831783,9.928384e-06,0.01544857,0,0.07756686210632324,0.7844539,0.8639811,0.99998486,0.97101927,1,0.35536590218544006,0.10785107,0.067701,5.212363e-06,0.013532155,0,0.5670672655105591
TSBD_Healthy_ff7717e05f,1,1,0,0.891403,0.0038124593,0.84609306,0.9034891,0.99999046,0.9804573,1,0.07756686210632324,0.07617703,0.045851726,5.059155e-06,0.009632341,0,0.35536590218544006,0.077729896,0.05065919,4.498684e-06,0.009910303,0,0.5670672655105591
TSBD_Healthy_9697828448,1,0,1,0.8112242,0.009866571,0.13595642,0.070351176,1.1021641e-05,0.017560313,0,0.07756686210632324,0.75366133,0.86288595,0.99998426,0.96897006,0,0.35536590218544006,0.110382274,0.06676283,4.741298e-06,0.0134696355,0,0.5670672655105591
TSBD_Healthy_0dc7202194,1,0,1,0.6954547,0.026895229,0.14195034,0.0733032,1.3345496e-05,0.019586314,0,0.07756686210632324,0.6693778,0.86050236,0.9999821,0.96372813,0,0.35536590218544006,0.18867183,0.06619443,4.578327e-06,0.016685575,0,0.5670672655105591
TSBD_Healthy_aafafefd6f,1,0,1,0.48498252,0.07179755,0.079144105,0.068677336,1.009174e-05,0.015577583,0,0.07756686210632324,0.5563377,0.86193025,0.99998415,0.9605587,0,0.35536590218544006,0.36451817,0.069392346,5.7445695e-06,0.0238637,0,0.5670672655105591
TSBD_Healthy_3e37e6f481,1,1,1,0.8402774,0.0062486473,0.10555505,0.07066787,1.1622485e-05,0.016111793,0,0.07756686210632324,0.7787823,0.86324525,0.99998367,0.9704455,1,0.35536590218544006,0.11566261,0.066086866,4.655891e-06,0.013442696,0,0.5670672655105591
TSBD_Healthy_d5c6d15d07,1,0,1,0.49152938,0.06737757,0.12344684,0.06343119,7.6322085e-06,0.016783606,0,0.07756686210632324,0.5338877,0.8559357,0.9999802,0.95390534,0,0.35536590218544006,0.34266546,0.080633126,1.2105167e-05,0.029311022,0,0.5670672655105591
TSBD_Healthy_968206666f,1,0,2,0.8010857,0.012384234,0.06553478,0.05112199,1.7473043e-06,0.008112441,0,0.07756686210632324,0.17794126,0.07833274,1.879278e-05,0.022423778,0,0.35536590218544006,0.7565239,0.8705453,0.9999794,0.96946377,0,0.5670672655105591
TSBD_Healthy_cacd4fa5f3,0,0,1,0.43351898,0.085153624,0.056213204,0.038098484,1.7330633e-06,0.008020746,0,0.07756686210632324,0.33157825,0.73334944,0.99643505,0.8014652,0,0.35536590218544006,0.61220855,0.22855212,0.0035632395,0.19051404,0,0.5670672655105591
TSBD_Healthy_c00e285b89,1,0,2,0.84910166,0.006775547,0.06533971,0.049616102,1.5017445e-06,0.0076214876,0,0.07756686210632324,0.13706313,0.07145532,1.2850645e-05,0.01788139,0,0.35536590218544006,0.7975971,0.87892854,0.9999856,0.97449714,0,0.5670672655105591
TSBD_Healthy_e318b96772,1,0,2,0.7916353,0.014372466,0.058630988,0.0476628,1.294559e-06,0.0071141543,0,0.07756686210632324,0.18632832,0.076444566,1.7619734e-05,0.02223192,0,0.35536590218544006,0.75504065,0.8758926,0.99998105,0.97065395,0,0.5670672655105591
TSBD_Healthy_f874d1c34c,1,0,2,0.86464655,0.0052661663,0.07802731,0.06396989,4.1042076e-06,0.011055977,0,0.07756686210632324,0.106927805,0.05482085,3.7558807e-06,0.0113142505,0,0.35536590218544006,0.8150449,0.88120925,0.99999213,0.9776297,0,0.5670672655105591
TSBD_Healthy_a486752b98,1,0,2,0.8044491,0.013735397,0.060956836,0.057671253,2.6946486e-06,0.009027489,0,0.07756686210632324,0.16209917,0.060439847,5.92402e-06,0.0151991425,0,0.35536590218544006,0.776944,0.881889,0.9999913,0.97577333,0,0.5670672655105591
TSBD_Healthy_79eca515b7,1,0,2,0.83990765,0.008444847,0.068158336,0.057587817,2.6574194e-06,0.0092842365,0,0.07756686210632324,0.1355508,0.061408434,6.2079816e-06,0.0144046405,0,0.35536590218544006,0.7962909,0.8810037,0.9999912,0.9763111,0,0.5670672655105591
TSBD_Healthy_28f91e3b3c,1,0,2,0.85468686,0.006594996,0.07208466,0.06034864,3.2242074e-06,0.010006041,0,0.07756686210632324,0.119987436,0.05792222,4.827726e-06,0.012727958,0,0.35536590218544006,0.80792797,0.8817291,0.999992,0.9772661,0,0.5670672655105591
TSBD_Healthy_b4c784db60,1,0,2,0.85127425,0.0066884253,0.07013346,0.05572599,2.4052683e-06,0.009037178,0,0.07756686210632324,0.12827045,0.06453802,8.100088e-06,0.015204061,0,0.35536590218544006,0.8015961,0.87973595,0.9999895,0.9757588,0,0.5670672655105591
TSBD_Healthy_46afbf57c8,1,0,2,0.80919343,0.009658948,0.059032697,0.041623965,8.771074e-07,0.006212743,0,0.07756686210632324,0.1912691,0.100944445,7.3648705e-05,0.033879105,0,0.35536590218544006,0.7496982,0.85743165,0.9999255,0.9599081,0,0.5670672655105591
TSBD_Healthy_5238685a4f,1,0,2,0.5110474,0.0030471217,0.05482808,0.034195226,3.6187378e-06,0.006666099,0,0.07756686210632324,0.39723244,0.46463698,0.48341972,0.4570426,0,0.35536590218544006,0.5479395,0.5011678,0.5165766,0.53629124,0,0.5670672655105591
TSBD_Healthy_115a1b2ce7,1,0,2,0.830626,0.009488145,0.06331893,0.051647287,1.7663725e-06,0.007962147,0,0.07756686210632324,0.14974153,0.06792565,1.0186092e-05,0.017281923,0,0.35536590218544006,0.78693956,0.88042706,0.9999881,0.974756,0,0.5670672655105591
TSBD_Healthy_2b0f2e29de,1,1,2,0.86719185,0.0049028574,0.07926599,0.061197802,3.457071e-06,0.010523469,0,0.07756686210632324,0.10517086,0.056784973,4.4863436e-06,0.011834573,0,0.35536590218544006,0.8155632,0.8820173,0.999992,0.977642,1,0.5670672655105591
TSBD_Healthy_2cb9913a0d,0,0,2,0.5613876,0.03256753,0.061205145,0.035762586,2.0030307e-06,0.0072068074,0,0.07756686210632324,0.5312018,0.30345488,0.033172134,0.28049457,0,0.35536590218544006,0.4075931,0.6607825,0.9668259,0.7122986,0,0.5670672655105591
TSBD_Healthy_f7b6201d8c,1,0,2,0.856539,0.004613244,0.07080274,0.04599346,1.202157e-06,0.0072585945,0,0.07756686210632324,0.13414562,0.087180756,3.471589e-05,0.023717908,0,0.35536590218544006,0.7950517,0.8668258,0.9999641,0.9690235,0,0.5670672655105591
TSBD_Healthy_1cb0a1deed,1,0,2,0.82411766,0.009957891,0.062102385,0.05005544,1.5765918e-06,0.0076483055,0,0.07756686210632324,0.15902157,0.07294519,1.4076757e-05,0.019509176,0,0.35536590218544006,0.778876,0.8769993,0.9999844,0.9728425,0,0.5670672655105591
TSBD_Healthy_e53d9705ff,1,0,2,0.83621234,0.008359492,0.06418725,0.04997627,1.5457996e-06,0.007675319,0,0.07756686210632324,0.14838111,0.07230982,1.3292518e-05,0.018687783,0,0.35536590218544006,0.7874316,0.877714,0.9999851,0.97363687,0,0.5670672655105591
TSBD_Healthy_fea6d00053,1,0,2,0.8372909,0.00895798,0.06998043,0.063272975,3.9330434e-06,0.010574843,0,0.07756686210632324,0.13236819,0.056433454,4.232896e-06,0.0127403485,0,0.35536590218544006,0.79765135,0.88029355,0.9999918,0.9766848,0,0.5670672655105591
TSBD_Healthy_f69458ce94,1,0,2,0.8577369,0.0061133457,0.07583086,0.061529286,3.5311703e-06,0.010458762,0,0.07756686210632324,0.11504329,0.057118367,4.595528e-06,0.012336192,0,0.35536590218544006,0.80912584,0.8813523,0.9999918,0.9772051,0,0.5670672655105591
TSBD_Healthy_bb30558caa,1,0,2,0.77138585,0.018341772,0.05697893,0.052604232,1.8877879e-06,0.007954356,0,0.07756686210632324,0.19110416,0.066419065,9.193796e-06,0.018519545,0,0.35536590218544006,0.7519169,0.8809768,0.9999889,0.9735261,0,0.5670672655105591
TSBD_Healthy_f8b382f850,1,0,2,0.77085596,0.006889591,0.056275204,0.03556781,7.9411257e-07,0.0056526787,0,0.07756686210632324,0.26813525,0.18482989,0.0018258033,0.09637251,0,0.35536590218544006,0.67558944,0.7796023,0.99817336,0.8979748,0,0.5670672655105591
TSBD_Healthy_4e764a8c1f,1,0,2,0.8571587,0.0041445307,0.06453554,0.041035715,7.8363587e-07,0.006126471,0,0.07756686210632324,0.1417475,0.096894726,5.7356363e-05,0.028029589,0,0.35536590218544006,0.79371697,0.8620696,0.9999418,0.9658439,0,0.5670672655105591
TSBD_Healthy_63950b8869,1,0,2,0.86558086,0.0051163277,0.07971511,0.06410983,4.212453e-06,0.011206612,0,0.07756686210632324,0.10507457,0.054645717,3.7446216e-06,0.011220654,0,0.35536590218544006,0.81521034,0.8812444,0.99999213,0.97757274,0,0.5670672655105591
TSBD_Healthy_ea2ac521c5,0,0,1,0.49722645,0.053445235,0.05436927,0.033837188,2.5981565e-06,0.007101523,0,0.07756686210632324,0.26283866,0.582485,0.9001376,0.5687856,0,0.35536590218544006,0.682792,0.3836778,0.09985983,0.42411292,0,0.5670672655105591
TSBD_Healthy_1402c548f4,1,0,2,0.84736097,0.0027727233,0.06131091,0.037267886,6.737856e-07,0.0056250147,0,0.07756686210632324,0.16373257,0.13262317,0.00028334477,0.047018558,0,0.35536590218544006,0.77495646,0.83010894,0.99971586,0.94735646,0,0.5670672655105591
TSBD_Healthy_44b1d181ba,0,0,1,0.52535176,0.04413279,0.053719945,0.033865523,2.3818047e-06,0.006905266,0,0.07756686210632324,0.29880437,0.5916925,0.9148787,0.5969833,0,0.35536590218544006,0.6474757,0.37444195,0.08511889,0.39611137,0,0.5670672655105591
TSBD_Healthy_5031d03cd3,1,0,1,0.7592885,0.015693344,0.066396296,0.050536428,3.0244817e-06,0.009262264,0,0.07756686210632324,0.70726126,0.84717107,0.9999541,0.9575259,0,0.35536590218544006,0.22634244,0.10229249,4.2894513e-05,0.033211824,0,0.5670672655105591
TSBD_Healthy_584e036b15,1,0,2,0.85099894,0.0034504617,0.06278419,0.039738342,7.4924543e-07,0.0059571145,0,0.07756686210632324,0.15573101,0.11518748,0.00013269584,0.037218105,0,0.35536590218544006,0.7814848,0.8450741,0.9998666,0.95682484,0,0.5670672655105591
TSBD_Healthy_ceedc9841a,1,0,2,0.8579817,0.0057833083,0.075534776,0.06052777,3.306876e-06,0.01024574,0,0.07756686210632324,0.11755989,0.06075603,6.0807442e-06,0.013533997,0,0.35536590218544006,0.8069054,0.87871623,0.9999906,0.97622025,0,0.5670672655105591
TSBD_Healthy_539b7c9614,1,0,2,0.6935925,0.007551087,0.05827727,0.035779554,1.6221599e-06,0.006559538,0,0.07756686210632324,0.36894673,0.27448186,0.017726654,0.20104256,0,0.35536590218544006,0.5727761,0.68973863,0.9822717,0.7923979,0,0.5670672655105591
TSBD_Healthy_9405a524b8,1,1,1,0.8423756,0.0056828074,0.11452844,0.07392416,1.41499695e-05,0.017605279,0,0.07756686210632324,0.77854973,0.86019975,0.99998105,0.96925145,1,0.35536590218544006,0.10692183,0.065876104,4.796522e-06,0.013143296,0,0.5670672655105591
TSBD_Healthy_84b5bbabe5,1,0,1,0.52901715,0.050906144,0.055824198,0.041477967,1.5846095e-06,0.007628903,0,0.07756686210632324,0.5107436,0.80266666,0.99962294,0.9077181,0,0.35536590218544006,0.4334322,0.15585536,0.00037550426,0.08465293,0,0.5670672655105591
TSBD_Healthy_cd1699cbb8,1,1,1,0.8441724,0.005676234,0.112839945,0.06981543,1.1043604e-05,0.016220395,0,0.07756686210632324,0.7813316,0.8625183,0.99998367,0.9702549,1,0.35536590218544006,0.10582847,0.06766634,5.3425483e-06,0.013524693,0,0.5670672655105591
TSBD_Healthy_3971c8d6d2,1,0,1,0.76019967,0.01687147,0.15908578,0.067437306,9.414044e-06,0.017931916,0,0.07756686210632324,0.7146535,0.861466,0.9999839,0.9662389,0,0.35536590218544006,0.1262607,0.071096644,6.713282e-06,0.01582918,0,0.5670672655105591
TSBD_Healthy_062f8eb68b,1,0,1,0.77200174,0.015731411,0.06825514,0.058545534,5.3235276e-06,0.011080467,0,0.07756686210632324,0.7322945,0.86063343,0.999982,0.9667302,0,0.35536590218544006,0.19945036,0.08082096,1.270842e-05,0.022189368,0,0.5670672655105591
TSBD_Healthy_64c2fd2799,1,0,2,0.6971339,0.004141016,0.052993458,0.031931944,1.7164125e-06,0.0056788977,0,0.07756686210632324,0.2804604,0.35592672,0.0979389,0.2691652,0,0.35536590218544006,0.66654617,0.6121413,0.9020594,0.72515595,0,0.5670672655105591
TSBD_Healthy_06ad797b28,1,0,1,0.5185354,0.0583566,0.055857178,0.045344997,2.065537e-06,0.008342612,0,0.07756686210632324,0.5363593,0.83521634,0.99990654,0.9364623,0,0.35536590218544006,0.4077835,0.11943864,9.136512e-05,0.05519516,0,0.5670672655105591
TSBD_Healthy_d37fadc7b5,1,0,2,0.8584499,0.004073793,0.0652377,0.041503552,8.15847e-07,0.0062273163,0,0.07756686210632324,0.13938111,0.095561594,5.438389e-05,0.02738162,0,0.35536590218544006,0.7953812,0.8629349,0.9999448,0.9663911,0,0.5670672655105591
TSBD_Healthy_23703b21e8,1,0,2,0.8387004,0.0023054718,0.06888177,0.038477343,9.0827257e-07,0.0063106753,0,0.07756686210632324,0.1578174,0.16195741,0.0008199892,0.062820286,0,0.35536590218544006,0.7733008,0.7995652,0.99917907,0.93086904,0,0.5670672655105591
TSBD_Healthy_e761f95881,1,0,1,0.59642786,0.016203068,0.06708298,0.03880954,2.786544e-06,0.008185593,0,0.07756686210632324,0.46706203,0.6446634,0.9743259,0.7343824,0,0.35536590218544006,0.46585503,0.31652707,0.025671268,0.25743204,0,0.5670672655105591
TSBD_Healthy_049d7b0b8e,1,0,2,0.68645906,0.023597896,0.055964403,0.03776832,7.715969e-07,0.0059400247,0,0.07756686210632324,0.31218645,0.14117849,0.00039530295,0.068337664,0,0.35536590218544006,0.63184917,0.82105315,0.99960405,0.9257223,0,0.5670672655105591
TSBD_Healthy_d0a2ad85a2,1,0,2,0.8657794,0.0026086783,0.06862337,0.038949937,7.095087e-07,0.005975287,0,0.07756686210632324,0.12646101,0.11151729,0.0001144415,0.03283821,0,0.35536590218544006,0.8049156,0.8495328,0.99988484,0.96118647,0,0.5670672655105591
TSBD_Healthy_427d279e02,1,0,2,0.86348957,0.0050935335,0.07531972,0.054617666,2.1739015e-06,0.008968812,0,0.07756686210632324,0.1149864,0.06494842,8.325735e-06,0.014707386,0,0.35536590218544006,0.8096939,0.8804339,0.9999895,0.9763238,0,0.5670672655105591
TSBD_Healthy_194fe9c226,1,0,2,0.4864433,0.024668839,0.055462357,0.03379662,3.4567413e-06,0.0067330194,0,0.07756686210632324,0.24922757,0.45986208,0.46451378,0.3912686,0,0.35536590218544006,0.69531006,0.5063413,0.5354828,0.6019983,0,0.5670672655105591
TSBD_Healthy_7fd586cd0c,1,0,2,0.77785736,0.016125051,0.060476255,0.048354052,1.4444751e-06,0.0074328645,0,0.07756686210632324,0.19591121,0.07782354,2.075731e-05,0.023676625,0,0.35536590218544006,0.7436125,0.87382245,0.9999778,0.96889055,0,0.5670672655105591
TSBD_Healthy_8a16be7271,1,0,1,0.55421716,0.04756642,0.05542771,0.041713133,1.5281388e-06,0.007487663,0,0.07756686210632324,0.54001004,0.8163784,0.99977726,0.9220595,0,0.35536590218544006,0.40456226,0.1419085,0.00022121643,0.07045285,0,0.5670672655105591
TSBD_Healthy_7497e074fb,1,0,2,0.8234718,0.007389743,0.057926904,0.03890592,6.8401283e-07,0.005673429,0,0.07756686210632324,0.18365468,0.10746825,9.989595e-05,0.036366712,0,0.35536590218544006,0.7584184,0.8536258,0.9998994,0.95795983,0,0.5670672655105591
TSBD_Healthy_0008f80a75,1,0,2,0.83608466,0.007756169,0.06659787,0.051076896,1.8063815e-06,0.008121271,0,0.07756686210632324,0.1505629,0.0770446,1.8097086e-05,0.020611374,0,0.35536590218544006,0.7828392,0.87187856,0.9999801,0.9712674,0,0.5670672655105591
TSBD_Healthy_5ceaf1db7f,1,0,2,0.83271295,0.009006366,0.06336746,0.05052899,1.6073504e-06,0.0077406624,0,0.07756686210632324,0.1501016,0.070439786,1.1905107e-05,0.01814301,0,0.35536590218544006,0.7865309,0.8790312,0.9999865,0.9741163,0,0.5670672655105591
TSBD_Healthy_e4fa44cd99,1,0,2,0.8393311,0.008006673,0.06606374,0.050601557,1.6309589e-06,0.007872012,0,0.07756686210632324,0.14392228,0.07094984,1.2477531e-05,0.018081522,0,0.35536590218544006,0.7900139,0.8784486,0.9999858,0.97404647,0,0.5670672655105591
TSBD_Healthy_441bde1a65,0,0,1,0.56435907,0.02922396,0.052125532,0.033791456,2.4367382e-06,0.0066981986,0,0.07756686210632324,0.35014614,0.5902586,0.9140219,0.61562055,0,0.35536590218544006,0.59772825,0.37594998,0.085975625,0.37768126,0,0.5670672655105591
TSBD_Healthy_dbb2f8ca89,0,0,1,0.49131188,0.05888999,0.05176061,0.037683476,1.2557679e-06,0.0069256523,0,0.07756686210632324,0.45150918,0.77609015,0.99896634,0.87300205,0,0.35536590218544006,0.4967302,0.18622641,0.0010324157,0.12007231,0,0.5670672655105591
TSBD_Healthy_9b317a63ad,1,0,1,0.6943758,0.020603895,0.057425868,0.040596176,1.4676526e-06,0.0070974426,0,0.07756686210632324,0.6273336,0.80611855,0.9996532,0.92309254,0,0.35536590218544006,0.3152406,0.15328534,0.00034532725,0.069809996,0,0.5670672655105591
TSBD_Healthy_d85abeff44,1,0,2,0.84208786,0.007329017,0.06470636,0.04800238,1.354845e-06,0.0073541636,0,0.07756686210632324,0.14591616,0.076097265,1.7675306e-05,0.020103939,0,0.35536590218544006,0.7893775,0.8759003,0.99998105,0.9725418,0,0.5670672655105591
TSBD_Healthy_32490efb09,0,0,1,0.38754258,0.069823265,0.066806905,0.03539141,3.926402e-06,0.008050877,0,0.07756686210632324,0.1493874,0.49108195,0.61104476,0.380712,0,0.35536590218544006,0.78380567,0.47352663,0.38895127,0.61123717,0,0.5670672655105591
TSBD_Healthy_003e47f46b,1,0,2,0.81235135,0.003148621,0.055922896,0.033988528,6.151173e-07,0.0051802527,0,0.07756686210632324,0.21930638,0.1772038,0.0013606149,0.08198442,0,0.35536590218544006,0.7247707,0.7888077,0.9986388,0.9128353,0,0.5670672655105591
TSBD_Healthy_db7fb385bc,1,0,2,0.84756577,0.006620203,0.074260235,0.056242164,2.5519296e-06,0.009403252,0,0.07756686210632324,0.13147904,0.068642944,1.0497582e-05,0.016668536,0,0.35536590218544006,0.7942607,0.87511486,0.999987,0.9739282,0,0.5670672655105591
TSBD_Healthy_e07653b53b,1,0,2,0.8405072,0.0072587673,0.0641552,0.047194924,1.2551654e-06,0.0071768537,0,0.07756686210632324,0.14969158,0.07948024,2.1271466e-05,0.021498345,0,0.35536590218544006,0.78615314,0.8733248,0.99997747,0.97132486,0,0.5670672655105591
TSBD_Healthy_372dafd03c,1,0,2,0.79928136,0.0014599286,0.05433696,0.033016838,8.0618065e-07,0.005283735,0,0.07756686210632324,0.23198852,0.22611976,0.005643953,0.12263731,0,0.35536590218544006,0.7136744,0.7408634,0.9943552,0.87207896,0,0.5670672655105591
TSBD_Healthy_8a4d12c896,1,0,2,0.5663425,0.0037628617,0.055418793,0.034230404,3.3900385e-06,0.0066189636,0,0.07756686210632324,0.36191657,0.43811822,0.36297297,0.4075564,0,0.35536590218544006,0.58266467,0.52765137,0.63702357,0.5858246,0,0.5670672655105591
TSBD_Healthy_ddf26df6fc,1,0,2,0.69191384,0.0033357665,0.05469069,0.033641964,1.7277222e-06,0.006101964,0,0.07756686210632324,0.37078574,0.31884113,0.048142392,0.25404796,0,0.35536590218544006,0.57452357,0.64751697,0.9518559,0.73985004,0,0.5670672655105591
TSBD_Healthy_f43e3f4c5b,1,0,2,0.8270522,0.009372907,0.06895845,0.05216032,1.8608739e-06,0.008358992,0,0.07756686210632324,0.15211451,0.071806826,1.29349e-05,0.018762412,0,0.35536590218544006,0.778927,0.8760329,0.9999851,0.97287863,0,0.5670672655105591
TSBD_Healthy_b5fbb9ed8e,0,0,1,0.5999812,0.0116109885,0.05571025,0.03548116,2.8148406e-06,0.0070144315,0,0.07756686210632324,0.4339467,0.5852357,0.9121612,0.6426008,0,0.35536590218544006,0.5103431,0.37928313,0.087836005,0.3503848,0,0.5670672655105591
TSBD_Healthy_eb36a09ca4,1,0,2,0.80165356,0.012381436,0.060616143,0.048006456,1.3734167e-06,0.0073020244,0,0.07756686210632324,0.18195954,0.080677874,2.3387227e-05,0.023890134,0,0.35536590218544006,0.75742435,0.87131566,0.9999752,0.9688079,0,0.5670672655105591
TSBD_Healthy_6b4a97bd93,1,0,2,0.8566862,0.005771488,0.06732802,0.049413964,1.4703988e-06,0.007639491,0,0.07756686210632324,0.12970288,0.071758956,1.3267938e-05,0.017648743,0,0.35536590218544006,0.80296904,0.87882704,0.99998534,0.9747118,0,0.5670672655105591
TSBD_Healthy_ba33e2e4e1,1,0,2,0.83953166,0.0022261245,0.06056269,0.035912167,6.744604e-07,0.0055166734,0,0.07756686210632324,0.17478897,0.15449102,0.00065168715,0.060946636,0,0.35536590218544006,0.7646483,0.8095968,0.9993476,0.93353665,0,0.5670672655105591
TSBD_Healthy_c2d1e8a97b,1,0,2,0.6500108,0.010285499,0.0538048,0.032901417,2.314437e-06,0.0060691424,0,0.07756686210632324,0.25436264,0.38446906,0.16303334,0.29461583,0,0.35536590218544006,0.69183254,0.58262944,0.8369644,0.69931495,0,0.5670672655105591
TSBD_Healthy_acaf94d2e8,0,0,1,0.5906636,0.008777747,0.05468535,0.034462996,2.8977383e-06,0.0067281905,0,0.07756686210632324,0.4260849,0.55652267,0.8500038,0.59854627,0,0.35536590218544006,0.51922977,0.40901434,0.14999337,0.39472553,0,0.5670672655105591
TSBD_Healthy_4c1057862a,1,0,2,0.85680085,0.00413524,0.06590995,0.042203236,9.022224e-07,0.0064312294,0,0.07756686210632324,0.14099325,0.096293114,5.7504232e-05,0.02792351,0,0.35536590218544006,0.7930969,0.8615037,0.9999416,0.96564525,0,0.5670672655105591
TSBD_Healthy_d28eee88b2,1,0,2,0.84554976,0.0072851516,0.06593526,0.050624885,1.6300701e-06,0.007849362,0,0.07756686210632324,0.13866182,0.07012121,1.21696885e-05,0.01762426,0,0.35536590218544006,0.79540294,0.8792539,0.9999862,0.9745264,0,0.5670672655105591
TSBD_Healthy_9f799d79c9,0,0,2,0.5190798,0.005835654,0.052749023,0.033105243,3.072716e-06,0.0063071684,0,0.07756686210632324,0.37909424,0.48171857,0.5701941,0.47492424,0,0.35536590218544006,0.5681567,0.48517615,0.42980278,0.5187686,0,0.5670672655105591
TSBD_Healthy_0797e50b91,1,0,2,0.8444535,0.006834578,0.06321823,0.04594057,1.137024e-06,0.0069032283,0,0.07756686210632324,0.14710744,0.079773135,2.2209359e-05,0.021549141,0,0.35536590218544006,0.78967434,0.8742863,0.99997663,0.97154766,0,0.5670672655105591
TSBD_Healthy_35d58d516e,1,0,2,0.76931036,0.013877038,0.053946372,0.038017355,6.5210565e-07,0.0055230707,0,0.07756686210632324,0.23529373,0.11635499,0.00014443995,0.045054954,0,0.35536590218544006,0.7107598,0.84562767,0.9998549,0.94942194,0,0.5670672655105591
TSBD_Healthy_3369d16a81,1,0,1,0.63996136,0.020531565,0.057594944,0.03945224,1.890135e-06,0.00747951,0,0.07756686210632324,0.54037994,0.73350656,0.996995,0.8507911,0,0.35536590218544006,0.40202513,0.22704117,0.0030031824,0.14172937,0,0.5670672655105591
TSBD_Healthy_f12cfc128f,0,0,0,0.24369256,0.16480923,0.09550058,0.5617451,0.93980193,0.47949135,0,0.07756686210632324,0.7403991,0.22698222,0.040744577,0.34865996,0,0.35536590218544006,0.16410026,0.21127264,0.019453535,0.17184864,0,0.5670672655105591
TSBD_Healthy_8cb3c49027,1,0,2,0.8082615,0.010244315,0.102142185,0.11403347,5.851379e-05,0.027484644,0,0.07756686210632324,0.12560932,0.04668809,2.376317e-06,0.010416779,0,0.35536590218544006,0.7722485,0.8392784,0.9999391,0.9620986,0,0.5670672655105591
TSBD_Healthy_0d4d34f349,1,0,2,0.7380147,0.013262894,0.060330678,0.052981637,3.7459602e-06,0.00964244,0,0.07756686210632324,0.28085265,0.15104413,0.0006146035,0.073402815,0,0.35536590218544006,0.65881664,0.7959742,0.99938166,0.91695476,0,0.5670672655105591
TSBD_Healthy_aac43b5b94,0,0,2,0.50336856,0.045930102,0.07956406,0.14411148,0.0012167182,0.054859433,0,0.07756686210632324,0.5602473,0.26477563,0.033728857,0.27757248,0,0.35536590218544006,0.36018866,0.5911129,0.9650544,0.6675681,0,0.5670672655105591
TSBD_Healthy_713f0a2197,1,0,2,0.77542907,0.013257351,0.10438755,0.19111998,0.0008184922,0.059188616,0,0.07756686210632324,0.10278884,0.041592628,1.956733e-06,0.0088626845,0,0.35536590218544006,0.7928236,0.7672874,0.99917954,0.9319487,0,0.5670672655105591
TSBD_Healthy_ac26bcc532,0,0,0,0.11279507,0.27809578,0.12592773,0.8271017,0.99959046,0.8458078,0,0.07756686210632324,0.42221782,0.050292693,1.0602299e-05,0.03707303,0,0.35536590218544006,0.45185444,0.12260558,0.00039895796,0.11711912,0,0.5670672655105591
TSBD_Healthy_46f4698e93,1,0,2,0.62873304,0.022073094,0.054586362,0.034555953,1.0353026e-06,0.0060015526,0,0.07756686210632324,0.41422015,0.2328549,0.006859771,0.1672695,0,0.35536590218544006,0.53119344,0.73258907,0.9931392,0.82672894,0,0.5670672655105591
TSBD_Healthy_ffc31af5e9,1,0,2,0.6406996,0.03841507,0.062777035,0.05862025,3.3067677e-06,0.010106789,0,0.07756686210632324,0.28148848,0.07658213,1.9620456e-05,0.02751638,0,0.35536590218544006,0.6557345,0.86479765,0.999977,0.96237683,0,0.5670672655105591
TSBD_Healthy_ffc39b3360,0,0,1,0.54092205,0.0041599125,0.05430241,0.03427437,3.4403572e-06,0.0066505433,0,0.07756686210632324,0.411836,0.49650335,0.6489121,0.5109393,0,0.35536590218544006,0.5338616,0.46922225,0.35108456,0.48241016,0,0.5670672655105591
TSBD_Healthy_13e3dd820d,0,0,1,0.31097993,0.14073846,0.08001778,0.059231583,7.718234e-06,0.016636448,0,0.07756686210632324,0.2750059,0.7785667,0.99953103,0.86021084,0,0.35536590218544006,0.64497626,0.16220166,0.0004612425,0.12315267,0,0.5670672655105591
TSBD_Healthy_0e7dca224f,0,0,2,0.3319427,0.12338515,0.14795081,0.04710446,6.2990302e-06,0.016582677,0,0.07756686210632324,0.6627168,0.2845542,0.02596253,0.33272812,0,0.35536590218544006,0.1893324,0.6683414,0.9740312,0.65068924,0,0.5670672655105591
TSBD_Healthy_e30ffbbca2,1,0,2,0.8431732,0.007893002,0.072177134,0.058676157,2.9528492e-06,0.009752132,0,0.07756686210632324,0.13060296,0.060814578,6.244169e-06,0.014167257,0,0.35536590218544006,0.79721993,0.88050926,0.9999908,0.9760806,0,0.5670672655105591
TSBD_Healthy_33ee2c0488,1,0,2,0.5515026,0.04920243,0.05781035,0.043492395,1.3849647e-06,0.007528437,0,0.07756686210632324,0.39712137,0.13296002,0.00029822206,0.071554124,0,0.35536590218544006,0.54506826,0.8235476,0.9997004,0.92091745,0,0.5670672655105591
TSBD_Healthy_cf66e36f26,1,0,2,0.8263703,0.0105096325,0.06659741,0.0604282,3.2531311e-06,0.0098250955,0,0.07756686210632324,0.143175,0.05839899,5.105915e-06,0.013840735,0,0.35536590218544006,0.7902276,0.8811728,0.99999166,0.97633415,0,0.5670672655105591
TSBD_Healthy_198c19a2fa,1,0,2,0.86434746,0.0051870123,0.078237966,0.059738208,3.1116729e-06,0.010157867,0,0.07756686210632324,0.109200574,0.058672722,5.2582773e-06,0.012575865,0,0.35536590218544006,0.81256145,0.88158906,0.99999166,0.97726625,0,0.5670672655105591
TSBD_Healthy_0f0af1a35d,0,0,2,0.47305185,0.06497784,0.054863784,0.036754113,8.29846e-07,0.0064036697,0,0.07756686210632324,0.48872644,0.16806398,0.00095630216,0.11175001,0,0.35536590218544006,0.4564098,0.79518193,0.9990428,0.8818463,0,0.5670672655105591
TSBD_Healthy_24a755565d,1,0,2,0.78754324,0.013588766,0.062348884,0.04713253,1.3561073e-06,0.0073445598,0,0.07756686210632324,0.19660424,0.087852,3.528907e-05,0.027880235,0,0.35536590218544006,0.7410469,0.8650155,0.9999634,0.9647752,0,0.5670672655105591
TSBD_Healthy_00488f3c0b,1,0,1,0.6612519,0.030597335,0.06925043,0.15418835,0.0005513533,0.044924498,0,0.07756686210632324,0.6938668,0.7688414,0.9994318,0.92992955,0,0.35536590218544006,0.23688279,0.07697025,1.6809257e-05,0.025145948,0,0.5670672655105591
TSBD_Healthy_7f10feedf0,1,1,0,0.8673945,0.0065092333,0.8243335,0.9017584,0.9999894,0.978836,1,0.07756686210632324,0.08260881,0.042420875,3.5122328e-06,0.0089695575,0,0.35536590218544006,0.09305769,0.05582078,7.1416102e-06,0.012194525,0,0.5670672655105591
TSBD_Healthy_083843a5b2,1,1,0,0.78783506,0.018532533,0.7845888,0.90289986,0.9999902,0.9782135,1,0.07756686210632324,0.1526424,0.04297757,3.671627e-06,0.0114680305,0,0.35536590218544006,0.06276869,0.054122604,6.103133e-06,0.010318418,0,0.5670672655105591
TSBD_Healthy_846b819a49,1,0,1,0.76334006,0.017845081,0.06932952,0.06853049,1.0450711e-05,0.013673465,0,0.07756686210632324,0.73698384,0.8623901,0.9999838,0.9688485,0,0.35536590218544006,0.19368665,0.06907938,5.802286e-06,0.017477999,0,0.5670672655105591
TSBD_Healthy_ef882f9638,1,0,2,0.85867417,0.005844906,0.07919708,0.066079885,4.9238324e-06,0.011724912,0,0.07756686210632324,0.11113815,0.054994814,3.883796e-06,0.011590919,0,0.35536590218544006,0.8096648,0.87892526,0.9999912,0.97668415,0,0.5670672655105591
TSBD_Healthy_f510479194,1,0,2,0.7246756,0.021590233,0.05977816,0.043294415,1.0556797e-06,0.0067678113,0,0.07756686210632324,0.25359502,0.103064016,7.9868034e-05,0.03938942,0,0.35536590218544006,0.6866268,0.8536415,0.99991906,0.95384276,0,0.5670672655105591
TSBD_Healthy_78ac2c01e9,1,0,2,0.6350335,0.037891295,0.06288301,0.05985575,4.2736947e-06,0.010816205,0,0.07756686210632324,0.29664668,0.086986676,3.8973103e-05,0.034270495,0,0.35536590218544006,0.64047027,0.8531576,0.9999567,0.9549133,0,0.5670672655105591
TSBD_Healthy_aa968b53a4,1,0,2,0.61415905,0.037726432,0.11741517,0.25486144,0.0044220914,0.10155214,0,0.07756686210632324,0.1814062,0.03942657,2.6494565e-06,0.011576783,0,0.35536590218544006,0.7011786,0.70571196,0.9955753,0.8868711,0,0.5670672655105591
TSBD_Healthy_d6be26c310,0,0,1,0.31567597,0.13451406,0.061313387,0.060877576,6.1469705e-06,0.013623336,0,0.07756686210632324,0.39388856,0.8508907,0.9999758,0.94345874,0,0.35536590218544006,0.5447981,0.08823168,1.8097544e-05,0.04291792,0,0.5670672655105591
TSBD_Healthy_8d0baa1858,1,0,2,0.7234022,0.02392773,0.057576485,0.04722252,1.3240128e-06,0.0072275815,0,0.07756686210632324,0.23905075,0.08421543,2.917104e-05,0.02864507,0,0.35536590218544006,0.7033728,0.86856204,0.9999695,0.96412736,0,0.5670672655105591
TSBD_Healthy_9a86700e7b,1,0,2,0.8557937,0.006276925,0.07664778,0.063842334,4.1886583e-06,0.011055181,0,0.07756686210632324,0.115650415,0.05636451,4.3992945e-06,0.0121901175,0,0.35536590218544006,0.8077018,0.8797931,0.9999914,0.97675467,0,0.5670672655105591
TSBD_Healthy_8de20870d1,1,0,2,0.5828991,0.051839013,0.05407137,0.052816506,1.9722966e-06,0.008328288,0,0.07756686210632324,0.3105259,0.06815167,1.0775931e-05,0.02418611,0,0.35536590218544006,0.63540274,0.87903184,0.99998724,0.96748567,0,0.5670672655105591
TSBD_Healthy_2125dc16c6,1,0,1,0.6654072,0.033644475,0.072793156,0.07152617,1.1858351e-05,0.014987489,0,0.07756686210632324,0.67250633,0.8586297,0.99998236,0.9651349,0,0.35536590218544006,0.25470048,0.06984416,5.7353627e-06,0.01987761,0,0.5670672655105591
TSBD_Healthy_f1a3293d1d,1,0,1,0.6811055,0.029297974,0.066953585,0.05642663,4.3811333e-06,0.010739746,0,0.07756686210632324,0.66500264,0.8537065,0.99997735,0.96064544,0,0.35536590218544006,0.2680438,0.08986689,1.8220318e-05,0.028614823,0,0.5670672655105591
TSBD_Healthy_db02ad0e48,1,0,1,0.76209325,0.017663388,0.07272408,0.06616206,8.801081e-06,0.013254276,0,0.07756686210632324,0.73121357,0.86180544,0.99998415,0.9681343,0,0.35536590218544006,0.19606236,0.07203255,6.995712e-06,0.018611427,0,0.5670672655105591
TSBD_Healthy_6e62793bdf,1,0,1,0.45315975,0.08008321,0.060989365,0.062865265,6.8402455e-06,0.012791635,0,0.07756686210632324,0.5362814,0.8609181,0.9999846,0.95897406,0,0.35536590218544006,0.40272927,0.07621664,8.542002e-06,0.028234284,0,0.5670672655105591
TSBD_Healthy_097e8db62c,1,0,2,0.65228313,0.020699907,0.056018334,0.036056653,1.1397963e-06,0.006288583,0,0.07756686210632324,0.38349774,0.21167374,0.0042062392,0.14134298,0,0.35536590218544006,0.56048393,0.7522696,0.9957925,0.8523684,0,0.5670672655105591
TSBD_Healthy_9a88507804,1,0,2,0.7148986,0.009705732,0.057444762,0.03608709,1.2709897e-06,0.0063230786,0,0.07756686210632324,0.3363445,0.22731708,0.0064632115,0.14808217,0,0.35536590218544006,0.6062107,0.7365958,0.9935355,0.8455947,0,0.5670672655105591
TSBD_Healthy_d3268932b8,1,0,1,0.8066255,0.010780554,0.082792245,0.067160316,9.545489e-06,0.014041163,0,0.07756686210632324,0.75639206,0.86082476,0.99998343,0.96876407,0,0.35536590218544006,0.1608157,0.072014965,7.0303313e-06,0.017194793,0,0.5670672655105591
TSBD_Healthy_7ef69613b9,1,0,2,0.85127795,0.0067658154,0.07125532,0.056687515,2.5040022e-06,0.009230448,0,0.07756686210632324,0.12650315,0.06291218,7.0320375e-06,0.014538612,0,0.35536590218544006,0.8022415,0.88040036,0.99999046,0.976231,0,0.5670672655105591
TSBD_Healthy_ddc759b323,1,0,2,0.7510421,0.0047756582,0.05439174,0.03391499,9.684395e-07,0.005636254,0,0.07756686210632324,0.30323288,0.23524305,0.00719989,0.14619508,0,0.35536590218544006,0.6423754,0.730842,0.99279916,0.8481687,0,0.5670672655105591
TSBD_Healthy_cb4b1d8b67,1,0,2,0.82066613,0.010353176,0.06326493,0.050022356,1.603533e-06,0.0077307243,0,0.07756686210632324,0.16115713,0.073364675,1.5129774e-05,0.019959364,0,0.35536590218544006,0.77557796,0.8766129,0.9999833,0.9723099,0,0.5670672655105591
TSBD_Healthy_886fdcfd30,1,0,1,0.76385176,0.005886524,0.17826407,0.24809662,0.0065185493,0.12191404,0,0.07756686210632324,0.72464323,0.6964263,0.99347633,0.86604524,0,0.35536590218544006,0.09709272,0.05547713,5.1591146e-06,0.012040743,0,0.5670672655105591
TSBD_Healthy_784f1bc940,1,0,2,0.81165737,0.012137789,0.06412469,0.05418132,2.1398928e-06,0.008536614,0,0.07756686210632324,0.16110365,0.066033065,8.969054e-06,0.017157141,0,0.35536590218544006,0.77477163,0.8797856,0.9999889,0.9743062,0,0.5670672655105591
TSBD_Healthy_ba996de886,1,0,2,0.84404993,0.0079334,0.06705329,0.055815727,2.3664415e-06,0.0088796485,0,0.07756686210632324,0.13379623,0.0623468,6.8665877e-06,0.014708184,0,0.35536590218544006,0.7991505,0.8818375,0.9999907,0.9764122,0,0.5670672655105591
TSBD_Healthy_619dcca295,1,0,2,0.7928422,0.012642756,0.060259633,0.044361968,1.0829884e-06,0.0067409785,0,0.07756686210632324,0.19676635,0.09182444,4.4415086e-05,0.029740898,0,0.35536590218544006,0.74297404,0.86381364,0.99995446,0.9635181,0,0.5670672655105591
TSBD_Healthy_e5fac835da,1,0,1,0.7977686,0.012332162,0.07672679,0.06584256,8.458846e-06,0.013243485,0,0.07756686210632324,0.7533632,0.86247957,0.99998486,0.96943307,0,0.35536590218544006,0.16991003,0.07167786,6.656809e-06,0.017323421,0,0.5670672655105591
TSBD_Healthy_7b8508b66d,1,0,2,0.7948904,0.0128307305,0.062446866,0.04665573,1.2949563e-06,0.0072239283,0,0.07756686210632324,0.189401,0.085598126,3.20954e-05,0.026599143,0,0.35536590218544006,0.7481521,0.86774606,0.9999666,0.9661769,0,0.5670672655105591
TSBD_Healthy_1bf9b6920f,1,0,2,0.45807266,0.07944187,0.061266985,0.051646948,1.8763977e-06,0.008975364,0,0.07756686210632324,0.3985348,0.076823376,1.8641702e-05,0.032713,0,0.35536590218544006,0.54019827,0.87152964,0.9999795,0.9583116,0,0.5670672655105591
TSBD_Healthy_c2dd44b1c5,1,0,2,0.72771156,0.024679514,0.06688826,0.068152174,6.2833e-06,0.0121999765,0,0.07756686210632324,0.2082618,0.06088632,6.9019543e-06,0.017584285,0,0.35536590218544006,0.72484994,0.8709615,0.99998677,0.9702158,0,0.5670672655105591
TSBD_Healthy_6941b60386,1,0,2,0.79512405,0.0139399115,0.064225234,0.05324832,2.079186e-06,0.008482682,0,0.07756686210632324,0.17691886,0.07129962,1.3124128e-05,0.019936293,0,0.35536590218544006,0.75885594,0.87545204,0.99998486,0.97158104,0,0.5670672655105591
TSBD_Healthy_905510a905,1,0,2,0.5168234,0.06377328,0.0548011,0.046010334,1.2563886e-06,0.0074136024,0,0.07756686210632324,0.37488958,0.08730877,3.4292472e-05,0.03755997,0,0.35536590218544006,0.5703092,0.8666809,0.99996436,0.95502645,0,0.5670672655105591
TSBD_Healthy_9731a208b9,0,0,1,0.3117824,0.13603404,0.066479295,0.060930103,6.369258e-06,0.014106783,0,0.07756686210632324,0.3951751,0.8552232,0.9999789,0.9458145,0,0.35536590218544006,0.5383456,0.083846726,1.4787433e-05,0.040078774,0,0.5670672655105591
TSBD_Healthy_0dca3c0bc2,1,0,1,0.71454144,0.020090375,0.06796331,0.055147298,5.132858e-06,0.011017918,0,0.07756686210632324,0.6606142,0.82543564,0.9998939,0.9430301,0,0.35536590218544006,0.2714225,0.119417064,0.00010092845,0.04595197,0,0.5670672655105591
TSBD_Healthy_12ac808983,1,0,1,0.6978988,0.026981637,0.07778705,0.06777422,1.0037376e-05,0.014401967,0,0.07756686210632324,0.6820243,0.8549602,0.9999795,0.9627308,0,0.35536590218544006,0.24018863,0.07726555,1.04863475e-05,0.022867203,0,0.5670672655105591
TSBD_Healthy_511fba2ceb,1,0,2,0.7164469,0.027269041,0.059816062,0.05749431,2.7023052e-06,0.009178751,0,0.07756686210632324,0.2194629,0.062177207,6.7817355e-06,0.018013489,0,0.35536590218544006,0.72072107,0.8803284,0.99999046,0.97280777,0,0.5670672655105591
TSBD_Healthy_549679688a,1,0,2,0.72001785,0.019264678,0.055363104,0.037650988,7.234746e-07,0.0057626036,0,0.07756686210632324,0.28261596,0.13321385,0.00031323856,0.060624566,0,0.35536590218544006,0.6620209,0.82913524,0.9996861,0.9336128,0,0.5670672655105591
TSBD_Healthy_708f7d8e32,1,0,2,0.82160926,0.010654544,0.062882565,0.052155428,1.8707904e-06,0.008091068,0,0.07756686210632324,0.15674713,0.06832582,1.1043429e-05,0.017940491,0,0.35536590218544006,0.78037024,0.87951875,0.999987,0.9739685,0,0.5670672655105591
TSBD_Healthy_30a7ad7ba3,1,0,2,0.6416933,0.016752895,0.054001108,0.034289997,1.2034955e-06,0.0060316063,0,0.07756686210632324,0.41640303,0.25888705,0.013171922,0.19671488,0,0.35536590218544006,0.52959585,0.70682293,0.9868269,0.7972535,0,0.5670672655105591
TSBD_Healthy_dad4aa07c4,1,0,2,0.6403169,0.03808564,0.057199463,0.04716339,1.4300364e-06,0.0075004688,0,0.07756686210632324,0.29391676,0.08619185,3.406116e-05,0.032892723,0,0.35536590218544006,0.64888376,0.86664474,0.9999645,0.9596068,0,0.5670672655105591
TSBD_Healthy_8eff6e388b,1,0,2,0.70270306,0.004352389,0.05507254,0.034077734,2.1746605e-06,0.0062365956,0,0.07756686210632324,0.27129376,0.34950602,0.08836034,0.25944194,0,0.35536590218544006,0.6736337,0.6164162,0.9116375,0.7343215,0,0.5670672655105591
TSBD_Healthy_fec7f36a5c,0,0,2,0.5770229,0.007923758,0.058200754,0.034706242,3.0743788e-06,0.006841237,0,0.07756686210632324,0.4914824,0.3927484,0.20000392,0.39469513,0,0.35536590218544006,0.45031688,0.57254535,0.799993,0.5984637,0,0.5670672655105591
TSBD_Healthy_1cf19a1878,1,0,2,0.6611845,0.016953196,0.05565045,0.0348398,1.0476615e-06,0.0060058287,0,0.07756686210632324,0.38679585,0.23214443,0.007291199,0.16309866,0,0.35536590218544006,0.5575537,0.7330157,0.9927078,0.8308955,0,0.5670672655105591
TSBD_Healthy_0fbc0f2310,1,0,2,0.6900101,0.030902576,0.05937877,0.052746255,1.9639867e-06,0.008348264,0,0.07756686210632324,0.24532361,0.070619434,1.3049771e-05,0.022843169,0,0.35536590218544006,0.6952976,0.87663424,0.9999851,0.96880853,0,0.5670672655105591
TSBD_Healthy_24a6f36a78,1,0,1,0.7303043,0.00979799,0.06053988,0.040004253,1.7631579e-06,0.0073549366,0,0.07756686210632324,0.62749416,0.7563898,0.9982986,0.8853387,0,0.35536590218544006,0.31196597,0.2036059,0.0016996891,0.10730637,0,0.5670672655105591
TSBD_Healthy_7bca399e6d,1,0,2,0.6509317,0.033813126,0.056227855,0.042836517,1.0192739e-06,0.0066925236,0,0.07756686210632324,0.3067677,0.10563279,8.956208e-05,0.04452972,0,0.35536590218544006,0.63700444,0.8515306,0.9999094,0.94877774,0,0.5670672655105591
TSBD_Healthy_06733b9af0,1,0,2,0.77620906,0.013451314,0.05585205,0.04001125,7.9549085e-07,0.005936422,0,0.07756686210632324,0.22438715,0.109571464,0.00010854277,0.04062427,0,0.35536590218544006,0.7197608,0.8504173,0.99989057,0.9534393,0,0.5670672655105591
TSBD_Healthy_2e5b036845,1,0,1,0.7540018,0.018869782,0.0689228,0.06353762,7.3403303e-06,0.012346024,0,0.07756686210632324,0.7255026,0.8617592,0.9999844,0.96769613,0,0.35536590218544006,0.20557457,0.074703194,8.315534e-06,0.019957813,0,0.5670672655105591
TSBD_Healthy_363f51fde7,1,1,1,0.8364095,0.006783789,0.09659629,0.07528193,1.4951765e-05,0.016915964,0,0.07756686210632324,0.77834827,0.86102223,0.9999813,0.9700119,1,0.35536590218544006,0.12505543,0.06369581,3.8194967e-06,0.013072186,0,0.5670672655105591
TSBD_Healthy_c6ac85b839,1,0,1,0.773941,0.015706282,0.07329162,0.06502679,8.347166e-06,0.013013043,0,0.07756686210632324,0.7370354,0.86112297,0.99998355,0.9678526,0,0.35536590218544006,0.18967298,0.07385019,8.160548e-06,0.019134384,0,0.5670672655105591
TSBD_Healthy_ddbacc20a2,1,0,1,0.73090696,0.0023712376,0.062120616,0.039470054,2.4410178e-06,0.0076345582,0,0.07756686210632324,0.61638075,0.67304736,0.98693335,0.80768496,0,0.35536590218544006,0.32149857,0.28748256,0.013064179,0.18468048,0,0.5670672655105591
TSBD_Healthy_8643328d51,1,0,2,0.71428794,0.023434304,0.057419673,0.04256459,9.633125e-07,0.0065165665,0,0.07756686210632324,0.2614117,0.102473006,7.716333e-05,0.039522313,0,0.35536590218544006,0.6811686,0.8549624,0.9999219,0.95396113,0,0.5670672655105591
TSBD_Healthy_006fc27c69,1,0,2,0.59207547,0.043916676,0.05693422,0.04117631,9.200044e-07,0.0065975445,0,0.07756686210632324,0.35192427,0.113628395,0.00014178563,0.053976536,0,0.35536590218544006,0.5911415,0.8451953,0.9998572,0.9394259,0,0.5670672655105591
TSBD_Healthy_33406626c7,1,0,2,0.7530225,0.018681867,0.05914308,0.046785124,1.2745957e-06,0.007164425,0,0.07756686210632324,0.22305143,0.08883791,3.861459e-05,0.030099096,0,0.35536590218544006,0.71780545,0.864377,0.99996006,0.9627365,0,0.5670672655105591
TSBD_Healthy_b06da16348,1,0,2,0.8321465,0.009372737,0.0689174,0.05749655,2.8485565e-06,0.00946628,0,0.07756686210632324,0.14142868,0.062311217,7.1631007e-06,0.015179706,0,0.35536590218544006,0.78965396,0.88019216,0.99999,0.975354,0,0.5670672655105591
TSBD_Healthy_06f251fee4,1,0,2,0.70645446,0.02252978,0.058640875,0.041297976,9.946218e-07,0.0065612462,0,0.07756686210632324,0.2810827,0.12060125,0.00017979334,0.052008174,0,0.35536590218544006,0.6602765,0.8381008,0.99981934,0.94143057,0,0.5670672655105591
TSBD_Healthy_4ac4f94767,1,0,2,0.8563446,0.006206775,0.076343365,0.06363912,4.224458e-06,0.0110399695,0,0.07756686210632324,0.11553654,0.056558974,4.5239985e-06,0.012270143,0,0.35536590218544006,0.80812013,0.8798019,0.9999913,0.9766899,0,0.5670672655105591
TSBD_Healthy_e7cd92f08f,1,0,2,0.8199633,0.011017505,0.062247865,0.0527202,1.948681e-06,0.008167172,0,0.07756686210632324,0.15710662,0.0669786,1.0003394e-05,0.017444514,0,0.35536590218544006,0.7806455,0.8803012,0.9999881,0.9743883,0,0.5670672655105591
TSBD_Healthy_1597a65755,1,0,1,0.52874607,0.018267725,0.061177295,0.034779925,3.7767536e-06,0.0071484903,0,0.07756686210632324,0.65287834,0.49696577,0.65652937,0.605167,0,0.35536590218544006,0.2859444,0.46825433,0.34346682,0.38768458,0,0.5670672655105591
TSBD_Healthy_a8ea0e137d,1,0,2,0.6962411,0.014845764,0.058178212,0.035767425,1.012512e-06,0.0061372393,0,0.07756686210632324,0.342115,0.20439725,0.0032878714,0.1259547,0,0.35536590218544006,0.59970677,0.75983524,0.996711,0.86790806,0,0.5670672655105591
TSBD_Healthy_fafc24f635,0,0,2,0.52076185,0.003987666,0.05441976,0.036200497,4.6167493e-06,0.0071976017,0,0.07756686210632324,0.3949623,0.4789446,0.57291716,0.48075682,0,0.35536590218544006,0.550618,0.48485494,0.42707825,0.51204556,0,0.5670672655105591
TSBD_Healthy_7c877797f5,1,0,2,0.80887765,0.012086242,0.066586286,0.053185016,2.0542197e-06,0.00852902,0,0.07756686210632324,0.1649349,0.069808885,1.2317317e-05,0.018945333,0,0.35536590218544006,0.76847875,0.8770061,0.9999857,0.9725256,0,0.5670672655105591
TSBD_Healthy_d249c82c7a,1,0,1,0.6833193,0.0127045065,0.06629705,0.045744076,3.5783332e-06,0.00942442,0,0.07756686210632324,0.5710699,0.722783,0.9966066,0.85102886,0,0.35536590218544006,0.36263305,0.2314729,0.003389852,0.13954669,0,0.5670672655105591
TSBD_Healthy_1dafd9bcec,1,0,2,0.80681276,0.0071866885,0.05784225,0.038044695,7.396125e-07,0.0057519614,0,0.07756686210632324,0.21120088,0.13214909,0.00029259195,0.05241695,0,0.35536590218544006,0.73095685,0.82980627,0.9997067,0.9418311,0,0.5670672655105591
TSBD_Healthy_727f8ba7d1,1,0,2,0.6584355,0.0334623,0.05713719,0.04351746,1.0639258e-06,0.006802387,0,0.07756686210632324,0.29373047,0.097698,6.295712e-05,0.03926438,0,0.35536590218544006,0.6491323,0.8587845,0.999936,0.95393324,0,0.5670672655105591
TSBD_Healthy_578fae46e9,1,0,2,0.8406469,0.008202934,0.06785161,0.054830324,2.2232484e-06,0.0087510245,0,0.07756686210632324,0.13739276,0.06440169,7.928503e-06,0.015530495,0,0.35536590218544006,0.7947556,0.88076794,0.99998975,0.9757185,0,0.5670672655105591
TSBD_Healthy_d1980c5cf7,1,0,2,0.70355165,0.027423264,0.05473738,0.044659153,1.0692336e-06,0.006662023,0,0.07756686210632324,0.25318298,0.08449591,3.0240108e-05,0.029602433,0,0.35536590218544006,0.69207966,0.87084496,0.99996865,0.9637355,0,0.5670672655105591
TSBD_Healthy_5f95d3f8a2,1,0,2,0.33617294,0.12016111,0.05807525,0.062643774,3.9165197e-06,0.011642937,0,0.07756686210632324,0.46416593,0.05794987,4.874922e-06,0.024310466,0,0.35536590218544006,0.47775877,0.8794063,0.9999912,0.9640466,0,0.5670672655105591
TSBD_Healthy_ef7cbd4127,1,0,2,0.7060338,0.027537446,0.060359564,0.051272083,1.8392707e-06,0.008164312,0,0.07756686210632324,0.24037059,0.07570075,1.8220662e-05,0.024963133,0,0.35536590218544006,0.69926983,0.87302715,0.99998,0.9668726,0,0.5670672655105591
TSBD_Healthy_63b700da46,1,0,1,0.6859317,0.00073668733,0.062877364,0.04575219,7.3703736e-06,0.009847911,0,0.07756686210632324,0.58149004,0.5981535,0.94164354,0.71634203,0,0.35536590218544006,0.35563254,0.3560944,0.058349136,0.27381003,0,0.5670672655105591
TSBD_Healthy_076f98de26,1,0,1,0.49854782,0.066052,0.05806712,0.05329599,3.505965e-06,0.010119713,0,0.07756686210632324,0.545762,0.8508459,0.9999695,0.95104253,0,0.35536590218544006,0.39617088,0.09585815,2.7053129e-05,0.038837742,0,0.5670672655105591
TSBD_Healthy_e3f6aa3d79,1,0,2,0.689581,0.022134945,0.056649774,0.0386718,9.050533e-07,0.0062152604,0,0.07756686210632324,0.3150598,0.14829865,0.00057318126,0.07538505,0,0.35536590218544006,0.6282905,0.8130295,0.9994259,0.91839963,0,0.5670672655105591
TSBD_Healthy_da00d5de9a,1,0,2,0.7844202,0.016274892,0.061803333,0.055489257,2.3660414e-06,0.008746796,0,0.07756686210632324,0.17874019,0.064455815,8.165486e-06,0.01738355,0,0.35536590218544006,0.7594565,0.88005495,0.9999895,0.9738696,0,0.5670672655105591
TSBD_Healthy_1fc6860580,1,0,1,0.6522011,0.036438715,0.06709619,0.06927384,1.0598935e-05,0.014062583,0,0.07756686210632324,0.6678911,0.8608926,0.99998343,0.96557206,0,0.35536590218544006,0.26501268,0.06983362,5.9915114e-06,0.020365352,0,0.5670672655105591
TSBD_Healthy_93437b01b9,1,0,2,0.8526226,0.006453607,0.06813112,0.051517505,1.7764128e-06,0.008123177,0,0.07756686210632324,0.13058907,0.06835201,1.067231e-05,0.016581492,0,0.35536590218544006,0.8012797,0.8801306,0.9999875,0.9752953,0,0.5670672655105591
TSBD_Healthy_d7b2fef984,1,0,2,0.7653658,0.016574265,0.055307183,0.04216348,8.9752024e-07,0.006200629,0,0.07756686210632324,0.22116473,0.09458411,5.3825002e-05,0.03285469,0,0.35536590218544006,0.7235281,0.8632524,0.99994516,0.9609447,0,0.5670672655105591
TSBD_Healthy_6499b6d7a1,1,0,2,0.7733868,0.017059008,0.060917035,0.04978844,1.5870816e-06,0.0076984284,0,0.07756686210632324,0.19589473,0.07467984,1.6426842e-05,0.022190964,0,0.35536590218544006,0.74318826,0.87553173,0.999982,0.9701106,0,0.5670672655105591
TSBD_Healthy_b2c3637e41,1,0,2,0.7500334,0.021466231,0.060374767,0.054601494,2.1986696e-06,0.008567543,0,0.07756686210632324,0.20263112,0.06589827,9.060232e-06,0.018908234,0,0.35536590218544006,0.73699415,0.8795002,0.9999888,0.97252417,0,0.5670672655105591
TSBD_Healthy_ca0105e4b8,1,0,2,0.839342,0.008616037,0.06722012,0.057022594,2.6068924e-06,0.009158468,0,0.07756686210632324,0.13616066,0.06110059,6.34974e-06,0.01445247,0,0.35536590218544006,0.7966193,0.8818768,0.99999106,0.97638905,0,0.5670672655105591
TSBD_Healthy_efb3b53d28,0,0,2,0.5645604,0.018933915,0.08519424,0.05711348,2.797737e-05,0.015870443,0,0.07756686210632324,0.5300994,0.36435822,0.14311703,0.3822987,0,0.35536590218544006,0.38470635,0.5785283,0.85685503,0.6018309,0,0.5670672655105591
TSBD_Healthy_b6298539e0,1,0,2,0.8085058,0.012085613,0.06017316,0.048746105,1.4202468e-06,0.0073503796,0,0.07756686210632324,0.17225392,0.07443143,1.6000664e-05,0.020856922,0,0.35536590218544006,0.76757294,0.8768224,0.9999826,0.9717927,0,0.5670672655105591
TSBD_Healthy_32b15941da,1,0,1,0.8192943,0.009079685,0.08340263,0.066166475,8.674191e-06,0.013666528,0,0.07756686210632324,0.7653336,0.8616701,0.99998426,0.9695317,0,0.35536590218544006,0.15126379,0.07216349,7.0706737e-06,0.01680175,0,0.5670672655105591
TSBD_Healthy_0d4ffdc7b0,1,0,2,0.6745922,0.017185766,0.05441945,0.03420534,8.4762365e-07,0.0057010357,0,0.07756686210632324,0.36767095,0.2137636,0.003901431,0.13711429,0,0.35536590218544006,0.5779095,0.7520311,0.9960977,0.8571847,0,0.5670672655105591
TSBD_Healthy_b36f28e306,1,0,2,0.8640348,0.005177005,0.07971908,0.061891306,3.6173096e-06,0.010711631,0,0.07756686210632324,0.107945375,0.05740722,4.6372375e-06,0.012100589,0,0.35536590218544006,0.81233555,0.8807014,0.9999918,0.97718775,0,0.5670672655105591
TSBD_Healthy_68a56d28bf,1,0,1,0.79614747,0.004097959,0.07001822,0.042477414,2.019535e-06,0.008017912,0,0.07756686210632324,0.70353,0.7791452,0.99924964,0.91670156,0,0.35536590218544006,0.2264517,0.1783774,0.00074835983,0.07528048,0,0.5670672655105591
TSBD_Healthy_b7798ab5f8,1,0,2,0.797987,0.007101007,0.056420796,0.036309917,6.804299e-07,0.0055062454,0,0.07756686210632324,0.22665142,0.14633735,0.0005033362,0.06286959,0,0.35536590218544006,0.71692777,0.8173527,0.999496,0.9316242,0,0.5670672655105591
TSBD_Healthy_2a0f79d223,1,0,2,0.7228009,0.0128552895,0.056881957,0.035794966,8.6051625e-07,0.0058726724,0,0.07756686210632324,0.31276175,0.18797785,0.0019758982,0.10574228,0,0.35536590218544006,0.6303563,0.7762272,0.9980233,0.88838506,0,0.5670672655105591
TSBD_Healthy_8fc6471a64,1,0,2,0.6716039,0.023890454,0.056696195,0.03833786,9.514323e-07,0.0062915594,0,0.07756686210632324,0.33495235,0.15805976,0.0007960868,0.08513575,0,0.35536590218544006,0.60835147,0.80360234,0.999203,0.9085727,0,0.5670672655105591
TSBD_Healthy_78bf1afa4b,1,0,1,0.5065283,0.063433625,0.06226772,0.05463197,4.295343e-06,0.010912982,0,0.07756686210632324,0.54581785,0.8467537,0.99996257,0.94832,0,0.35536590218544006,0.39191446,0.09861429,3.3082073e-05,0.04076704,0,0.5670672655105591
TSBD_Healthy_d63c012f3e,1,0,1,0.81850535,0.0032257065,0.07608521,0.056827858,5.4373513e-06,0.011442075,0,0.07756686210632324,0.73165387,0.7996078,0.99976975,0.93799657,0,0.35536590218544006,0.19226092,0.1435643,0.00022481906,0.050561383,0,0.5670672655105591
TSBD_Healthy_05ab09d318,1,0,2,0.5353018,0.054502886,0.05671992,0.039312672,8.0091553e-07,0.0064117424,0,0.07756686210632324,0.3982945,0.123332374,0.00021211075,0.06475606,0,0.35536590218544006,0.5449856,0.8373549,0.99978703,0.9288322,0,0.5670672655105591
TSBD_Healthy_18405215f8,1,0,2,0.85335094,0.0064362334,0.072416164,0.05675612,2.5854804e-06,0.0093432795,0,0.07756686210632324,0.12442767,0.06322541,7.507995e-06,0.014671341,0,0.35536590218544006,0.8031561,0.8800185,0.99998987,0.9759854,0,0.5670672655105591
TSBD_Healthy_fe721e6a35,0,0,1,0.48937225,0.062384486,0.05790529,0.040736176,2.3589284e-06,0.00856612,0,0.07756686210632324,0.36045355,0.70588243,0.99402034,0.7818158,0,0.35536590218544006,0.58164114,0.25338143,0.0059773773,0.20961805,0,0.5670672655105591
TSBD_Healthy_8a0b6768d9,1,0,2,0.77139485,0.013248289,0.056551196,0.039158,7.790468e-07,0.005896498,0,0.07756686210632324,0.233371,0.11814907,0.00016477362,0.04644566,0,0.35536590218544006,0.71007776,0.842693,0.9998344,0.94765776,0,0.5670672655105591
TSBD_Healthy_fdb9e6ae23,1,0,2,0.8556658,0.006082003,0.0708915,0.053555038,2.042182e-06,0.0086131515,0,0.07756686210632324,0.12524311,0.06628489,9.190535e-06,0.015631253,0,0.35536590218544006,0.8038653,0.8801601,0.9999888,0.97575563,0,0.5670672655105591
TSBD_Healthy_4c66cb7f58,1,0,2,0.7932728,0.003913629,0.05464937,0.034373302,7.222132e-07,0.0053586215,0,0.07756686210632324,0.24681768,0.19119409,0.0020913666,0.09681596,0,0.35536590218544006,0.698533,0.7744326,0.997908,0.8978254,0,0.5670672655105591
TSBD_Healthy_f5058ddf56,1,0,2,0.5529318,0.011656214,0.06136351,0.041183457,7.883813e-06,0.008906184,0,0.07756686210632324,0.2936871,0.43924883,0.3630626,0.38276002,0,0.35536590218544006,0.6449494,0.5195677,0.6369295,0.6083338,0,0.5670672655105591
TSBD_Healthy_69e2554f5f,1,0,1,0.54272676,0.047586728,0.055305455,0.041553568,1.5916862e-06,0.007586038,0,0.07756686210632324,0.51789343,0.7998512,0.9996024,0.9069946,0,0.35536590218544006,0.42680112,0.15859522,0.00039603186,0.085419394,0,0.5670672655105591
TSBD_Healthy_d4f8817d0f,1,0,2,0.6858453,0.028060257,0.058655072,0.04345098,1.0808684e-06,0.006837175,0,0.07756686210632324,0.2793998,0.10222867,8.144387e-05,0.041188303,0,0.35536590218544006,0.6619451,0.85432035,0.9999175,0.95197445,0,0.5670672655105591
TSBD_Healthy_75d585858d,1,0,1,0.42937088,0.08731738,0.056989457,0.064424224,7.816628e-06,0.0130539425,0,0.07756686210632324,0.5261935,0.8625573,0.99998474,0.95949274,0,0.35536590218544006,0.41681707,0.07301844,7.4586073e-06,0.027453303,0,0.5670672655105591
TSBD_Healthy_cb3a9d790a,1,0,2,0.5565111,0.0021656854,0.05498979,0.034876186,3.870896e-06,0.0068274327,0,0.07756686210632324,0.39125627,0.4428957,0.37761644,0.42370704,0,0.35536590218544006,0.5537539,0.5222281,0.6223797,0.5694655,0,0.5670672655105591
TSBD_Healthy_2c254df731,1,0,2,0.6102858,0.013818055,0.059362505,0.039265964,3.3292943e-06,0.007860833,0,0.07756686210632324,0.45558548,0.3113913,0.04860439,0.27719414,0,0.35536590218544006,0.48505202,0.6493427,0.95139235,0.7149451,0,0.5670672655105591
TSBD_Healthy_4e4bdff12a,1,0,1,0.79398006,0.009511575,0.074726716,0.053140283,3.5726569e-06,0.010156977,0,0.07756686210632324,0.72427,0.8359335,0.999938,0.9548738,0,0.35536590218544006,0.2010033,0.110926196,5.8405458e-05,0.034969226,0,0.5670672655105591
TSBD_WSSV_ffd2411af1,1,0,1,0.5974671,0.046515558,0.066868484,0.06656517,9.134685e-06,0.013642503,0,0.07756686210632324,0.6291339,0.8594791,0.9999826,0.9625675,0,0.35536590218544006,0.30399767,0.07395569,8.211598e-06,0.023789981,0,0.5670672655105591
TSBD_WSSV_c6b9dfd6bd,0,0,1,0.34681645,0.11619473,0.055558495,0.060628597,6.416363e-06,0.0127205625,0,0.07756686210632324,0.44830745,0.8589402,0.99998105,0.9517313,0,0.35536590218544006,0.49613407,0.08043122,1.2550916e-05,0.03554814,0,0.5670672655105591
TSBD_WSSV_258e8224d8,1,1,1,0.8424015,0.0059488043,0.1026966,0.07439692,1.4526455e-05,0.017064782,0,0.07756686210632324,0.7813579,0.86175954,0.9999815,0.9701615,1,0.35536590218544006,0.1159455,0.0638435,3.8949306e-06,0.012773674,0,0.5670672655105591
TSBD_WSSV_7759b4323e,1,0,1,0.8064441,0.008667691,0.1443601,0.10650992,7.530759e-05,0.03192474,0,0.07756686210632324,0.7419942,0.84070253,0.9999229,0.95796615,0,0.35536590218544006,0.113645695,0.05278757,1.7681045e-06,0.010109086,0,0.5670672655105591
TSBD_WSSV_20ac0fab2b,1,1,0,0.67628,0.036529906,0.7110417,0.9031991,0.99999034,0.97495854,1,0.07756686210632324,0.21561283,0.0461725,5.2249284e-06,0.014794353,0,0.35536590218544006,0.07334548,0.050628338,4.4680014e-06,0.010247118,0,0.5670672655105591
TSBD_WSSV_73ccea8db5,0,0,0,0.42394093,0.07150165,0.22943449,0.5955631,0.8024005,0.5269593,0,0.07756686210632324,0.66627336,0.36037314,0.19759312,0.4612348,0,0.35536590218544006,0.10429212,0.0440637,6.3039624e-06,0.011805868,0,0.5670672655105591
TSBD_WSSV_2ca61b4065,1,0,1,0.54335463,0.05062973,0.10641519,0.35774717,0.052908435,0.17982662,0,0.07756686210632324,0.77716905,0.5999402,0.9470889,0.8103929,0,0.35536590218544006,0.11641579,0.042312637,2.622811e-06,0.00978042,0,0.5670672655105591
TSBD_WSSV_0168d43459,1,0,0,0.35597265,0.11321989,0.4827944,0.8993075,0.9999881,0.9626611,0,0.07756686210632324,0.11417422,0.04352167,4.118105e-06,0.012456749,0,0.35536590218544006,0.40303138,0.057170805,7.7976165e-06,0.024882175,0,0.5670672655105591
TSBD_WSSV_a270f6228b,0,0,0,0.23180619,0.18750751,0.14459404,0.72923785,0.9889669,0.6919433,0,0.07756686210632324,0.73450303,0.21890707,0.011025549,0.2893244,0,0.35536590218544006,0.12090295,0.05185505,7.532949e-06,0.018732345,0,0.5670672655105591
TSBD_WSSV_3868efcb84,0,0,0,0.08997678,0.31332022,0.15377025,0.8980738,0.9999863,0.9334078,0,0.07756686210632324,0.42712018,0.04214235,3.5355213e-06,0.02736425,0,0.35536590218544006,0.41910958,0.059783805,1.00741545e-05,0.039227977,0,0.5670672655105591
TSBD_WSSV_98510bdd07,0,0,0,0.14572814,0.26451206,0.21722457,0.89229923,0.9999708,0.93459475,0,0.07756686210632324,0.6881055,0.06669201,2.7599823e-05,0.05335456,0,0.35536590218544006,0.094669916,0.041008744,1.5588851e-06,0.0120506175,0,0.5670672655105591
TSBD_WSSV_365b81a0b8,0,0,0,0.07542029,0.35637304,0.06528918,0.8478142,0.99974495,0.83048207,0,0.07756686210632324,0.30420145,0.03809534,2.8810546e-06,0.027468294,0,0.35536590218544006,0.6305093,0.1140905,0.0002522411,0.14204964,0,0.5670672655105591
TSBD_WSSV_4c515e509e,1,0,1,0.8084546,0.009737686,0.09564663,0.11801541,0.0001159428,0.031291913,0,0.07756686210632324,0.77383226,0.82975817,0.99988234,0.9583426,0,0.35536590218544006,0.13052115,0.052226372,1.6802286e-06,0.010365467,0,0.5670672655105591
TSBD_WSSV_d5dc5a32b7,1,0,1,0.37556309,0.09907718,0.058241162,0.10020673,5.540154e-05,0.0247205,0,0.07756686210632324,0.47192255,0.8142979,0.9999267,0.93717295,0,0.35536590218544006,0.4698363,0.08549532,1.7849663e-05,0.038106594,0,0.5670672655105591
TSBD_WSSV_84d358870a,0,0,0,0.19179127,0.21974896,0.2661356,0.88319063,0.9999434,0.92996365,0,0.07756686210632324,0.64739853,0.07772755,5.5482673e-05,0.059904665,0,0.35536590218544006,0.08646587,0.03908178,1.2223178e-06,0.010131676,0,0.5670672655105591
TSBD_WSSV_b95089e484,1,1,0,0.7545886,0.019114606,0.7196849,0.8750837,0.99992204,0.96035415,1,0.07756686210632324,0.19370654,0.08393815,7.6371136e-05,0.03172372,0,0.35536590218544006,0.08660859,0.04097822,1.5228024e-06,0.007922093,0,0.5670672655105591
TSBD_WSSV_ef2d938994,1,0,0,0.32432446,0.12366924,0.45232466,0.894692,0.99998295,0.95888585,0,0.07756686210632324,0.3391068,0.041350417,3.2155833e-06,0.017321806,0,0.35536590218544006,0.20856857,0.06395762,1.3794675e-05,0.023792423,0,0.5670672655105591
TSBD_WSSV_32049c3ecf,0,0,0,0.13752577,0.2734682,0.17465693,0.8704092,0.99993336,0.90713173,0,0.07756686210632324,0.1161374,0.04176775,3.977408e-06,0.016675316,0,0.35536590218544006,0.70920575,0.087822996,6.272276e-05,0.0761929,0,0.5670672655105591
TSBD_WSSV_8b8160f809,0,0,0,0.20387566,0.2089892,0.14257193,0.76119775,0.9937689,0.72992563,0,0.07756686210632324,0.73209983,0.19936071,0.0062292162,0.25677922,0,0.35536590218544006,0.12532826,0.03944149,1.9489937e-06,0.013295169,0,0.5670672655105591
TSBD_WSSV_cdf58b2135,1,1,1,0.84083617,0.0059782304,0.1042493,0.079346724,1.8847044e-05,0.018622959,0,0.07756686210632324,0.7800116,0.8589521,0.9999778,0.9691832,1,0.35536590218544006,0.11573915,0.061701145,3.3266854e-06,0.012193793,0,0.5670672655105591
TSBD_WSSV_aa863186fe,0,0,1,0.12069152,0.2909047,0.08833333,0.15496898,0.0004586543,0.07540359,0,0.07756686210632324,0.15207845,0.77879024,0.99953437,0.8773314,0,0.35536590218544006,0.75958824,0.06624074,6.9574635e-06,0.04726506,0,0.5670672655105591
TSBD_WSSV_dfb2880295,1,0,1,0.8308709,0.0077612996,0.087221116,0.07433574,1.4093431e-05,0.016045516,0,0.07756686210632324,0.7776909,0.8614206,0.9999819,0.97033507,0,0.35536590218544006,0.13508801,0.064243734,4.0097957e-06,0.013619406,0,0.5670672655105591
TSBD_WSSV_baaf0baf99,0,0,1,0.42149976,0.08228489,0.53765565,0.23206022,0.003869581,0.18810509,0,0.07756686210632324,0.32706913,0.7249192,0.99612916,0.80091834,0,0.35536590218544006,0.1352752,0.04302055,1.2989234e-06,0.010976607,0,0.5670672655105591
TSBD_WSSV_24404c91af,1,0,1,0.784146,0.014423812,0.08136533,0.08656259,2.8119468e-05,0.019481322,0,0.07756686210632324,0.75365263,0.85372263,0.9999689,0.9670844,0,0.35536590218544006,0.16498204,0.059714712,2.9345704e-06,0.013434237,0,0.5670672655105591
TSBD_WSSV_b7563199e4,1,1,1,0.83497864,0.0055693574,0.13373263,0.09775869,4.826931e-05,0.027078595,0,0.07756686210632324,0.76778406,0.8475859,0.9999498,0.9630548,1,0.35536590218544006,0.09848332,0.054655373,1.9592092e-06,0.009866581,0,0.5670672655105591
TSBD_WSSV_11a594f754,1,1,1,0.84200925,0.005565943,0.1227092,0.08088771,2.0904276e-05,0.020315822,0,0.07756686210632324,0.77741516,0.85832787,0.9999759,0.96828604,1,0.35536590218544006,0.09987566,0.060784448,3.1689187e-06,0.011398116,0,0.5670672655105591
TSBD_WSSV_fc31d39bad,1,0,1,0.78292024,0.014826346,0.07988486,0.07707697,1.6743972e-05,0.016562635,0,0.07756686210632324,0.75020766,0.86051804,0.9999796,0.96902007,0,0.35536590218544006,0.16990753,0.062404945,3.5925814e-06,0.014417284,0,0.5670672655105591
TSBD_WSSV_d6cd79daa1,1,0,1,0.6847357,0.02959951,0.09785323,0.10243067,6.103271e-05,0.026960494,0,0.07756686210632324,0.6879506,0.84360117,0.99993706,0.9596696,0,0.35536590218544006,0.21419623,0.05396815,1.964745e-06,0.013369891,0,0.5670672655105591
TSBD_WSSV_02f81ef95e,1,0,1,0.7648859,0.017477833,0.07841596,0.07321815,1.3427496e-05,0.015469847,0,0.07756686210632324,0.73661995,0.86171687,0.99998224,0.96875715,0,0.35536590218544006,0.18496409,0.06506492,4.298354e-06,0.015773,0,0.5670672655105591
TSBD_WSSV_3b11acaec9,1,1,1,0.8353673,0.006952623,0.096037574,0.07453466,1.44433925e-05,0.016692873,0,0.07756686210632324,0.7776459,0.861486,0.99998164,0.97009754,1,0.35536590218544006,0.12631656,0.063979305,3.9119655e-06,0.013209597,0,0.5670672655105591
TSBD_WSSV_c286bccb7a,1,1,1,0.84066945,0.006296424,0.09441851,0.0738225,1.3926994e-05,0.016372684,0,0.07756686210632324,0.7820761,0.8616378,0.9999819,0.97034293,1,0.35536590218544006,0.123505384,0.064539716,4.1417466e-06,0.013284413,0,0.5670672655105591
TSBD_WSSV_6aa52b5d04,1,1,1,0.84444845,0.0056688264,0.11079881,0.07313629,1.3310385e-05,0.017080642,0,0.07756686210632324,0.78187835,0.86263394,0.9999827,0.9703719,1,0.35536590218544006,0.1073228,0.06422975,4.032479e-06,0.012547487,0,0.5670672655105591
TSBD_WSSV_78ac1c210b,1,1,1,0.84235334,0.0059398115,0.10582734,0.07342575,1.3469913e-05,0.016889317,0,0.07756686210632324,0.78062433,0.8622653,0.9999825,0.9702636,1,0.35536590218544006,0.11354832,0.064309,4.086538e-06,0.012847092,0,0.5670672655105591
TSBD_WSSV_f4df9efeef,1,0,1,0.44033107,0.08400496,0.07825453,0.09587255,4.5845118e-05,0.024721207,0,0.07756686210632324,0.54119813,0.8465659,0.9999515,0.9559564,0,0.35536590218544006,0.38054729,0.05756159,2.6465805e-06,0.019322352,0,0.5670672655105591
TSBD_WSSV_e332624690,1,0,1,0.80159634,0.009622842,0.12725553,0.10931204,8.5191845e-05,0.03166866,0,0.07756686210632324,0.74533975,0.8377869,0.999913,0.95772135,0,0.35536590218544006,0.12740467,0.052901004,1.8371087e-06,0.010609945,0,0.5670672655105591
TSBD_WSSV_de8ce5aa48,1,0,1,0.7360386,0.02171417,0.08229857,0.07350554,1.38218775e-05,0.016001059,0,0.07756686210632324,0.7152843,0.8606726,0.99998164,0.96726847,0,0.35536590218544006,0.20241718,0.06582189,4.584123e-06,0.016730485,0,0.5670672655105591
TSBD_WSSV_2847167d0b,1,0,1,0.8206589,0.008723553,0.09351633,0.07302368,1.32844225e-05,0.016198142,0,0.07756686210632324,0.7653422,0.85982937,0.9999815,0.9688593,0,0.35536590218544006,0.14114155,0.06714692,5.215314e-06,0.014942542,0,0.5670672655105591
TSBD_WSSV_ea8e971d58,1,0,1,0.8346326,0.0067745633,0.10796205,0.07835578,1.7818396e-05,0.018574292,0,0.07756686210632324,0.7742022,0.8599712,0.9999788,0.96911776,0,0.35536590218544006,0.117835686,0.061673056,3.3470933e-06,0.0123079335,0,0.5670672655105591
TSBD_WSSV_2cd19b2879,1,1,2,0.86811006,0.0045549627,0.08650437,0.071139194,6.7648684e-06,0.013290063,0,0.07756686210632324,0.09706919,0.05110149,2.8511395e-06,0.010030905,0,0.35536590218544006,0.81642646,0.87775934,0.99999034,0.9766791,1,0.5670672655105591
TSBD_WSSV_f00fa9ceb8,1,0,2,0.86616385,0.005023783,0.080605656,0.06379764,4.16703e-06,0.011200066,0,0.07756686210632324,0.10415857,0.054835994,3.8426615e-06,0.011260679,0,0.35536590218544006,0.81523573,0.8813664,0.999992,0.9775393,0,0.5670672655105591
TSBD_WSSV_6678622b35,1,0,2,0.83890885,0.008712491,0.071874924,0.067695834,5.5172904e-06,0.011767817,0,0.07756686210632324,0.12802769,0.05392675,3.7005111e-06,0.012003732,0,0.35536590218544006,0.80009735,0.87837744,0.9999908,0.9762285,0,0.5670672655105591
TSBD_WSSV_9ce26c2bf9,0,0,0,0.09241819,0.33663756,0.14206074,0.894698,0.99998486,0.9323382,0,0.07756686210632324,0.74062604,0.052609287,9.838371e-06,0.04627824,0,0.35536590218544006,0.11731323,0.052692752,5.1919333e-06,0.021383539,0,0.5670672655105591
TSBD_WSSV_3319ef6f32,0,0,2,0.2768158,0.14965631,0.06851022,0.12856688,0.00013755853,0.036625188,0,0.07756686210632324,0.5153175,0.050216984,4.294358e-06,0.024302365,0,0.35536590218544006,0.41617233,0.8212162,0.99985814,0.93907243,0,0.5670672655105591
TSBD_WSSV_1bb255e74b,1,0,1,0.8238305,0.008615209,0.086019486,0.07254381,1.2697067e-05,0.015507577,0,0.07756686210632324,0.7714613,0.86106837,0.9999827,0.96995044,0,0.35536590218544006,0.14251915,0.066387855,4.6452733e-06,0.014541924,0,0.5670672655105591
TSBD_WSSV_d45bc108bb,1,1,1,0.8443973,0.005642863,0.111701444,0.072880656,1.3183068e-05,0.017071687,0,0.07756686210632324,0.78157735,0.86236155,0.9999826,0.9702328,1,0.35536590218544006,0.106721215,0.06475784,4.2366783e-06,0.012695551,0,0.5670672655105591
TSBD_WSSV_319f7dd222,1,0,1,0.3731285,0.10382501,0.0880818,0.10298549,6.110544e-05,0.02908593,0,0.07756686210632324,0.4916722,0.84282917,0.99993694,0.95207554,0,0.35536590218544006,0.4202461,0.05418537,1.9178995e-06,0.018838482,0,0.5670672655105591
TSBD_WSSV_72962540b9,1,0,2,0.7577684,0.013246166,0.12946723,0.23575181,0.0026489329,0.08857226,0,0.07756686210632324,0.087133214,0.038420077,1.966045e-06,0.008065981,0,0.35536590218544006,0.78339946,0.7258281,0.997349,0.90336174,0,0.5670672655105591
TSBD_WSSV_cbc299712b,1,1,1,0.83816904,0.0043898765,0.14041165,0.11079609,8.944663e-05,0.03296953,0,0.07756686210632324,0.76795816,0.83719563,0.9999088,0.9578671,1,0.35536590218544006,0.091630235,0.05200824,1.7166832e-06,0.009163405,0,0.5670672655105591
TSBD_WSSV_4852ce6b3e,1,0,1,0.7338443,0.022931451,0.06734313,0.07405534,1.4147903e-05,0.01497807,0,0.07756686210632324,0.7253341,0.86190945,0.9999819,0.9688551,0,0.35536590218544006,0.2073227,0.064035155,4.01775e-06,0.016166853,0,0.5670672655105591
TSBD_WSSV_51c0f376ed,1,0,1,0.55869555,0.055935193,0.059559755,0.07546189,1.5222329e-05,0.0154493395,0,0.07756686210632324,0.62108546,0.859468,0.99998045,0.9642892,0,0.35536590218544006,0.3193547,0.065070115,4.362651e-06,0.020261431,0,0.5670672655105591
TSBD_WSSV_27c4e89064,1,0,1,0.7551989,0.019214656,0.07284175,0.073809825,1.3916452e-05,0.015259197,0,0.07756686210632324,0.7342608,0.86146563,0.9999819,0.9688234,0,0.35536590218544006,0.19289744,0.06472449,4.2017655e-06,0.015917432,0,0.5670672655105591
TSBD_WSSV_d31ea8472c,1,0,1,0.7835307,0.011732063,0.109327815,0.13607417,0.00024023616,0.04086176,0,0.07756686210632324,0.7499381,0.8112437,0.9997577,0.94796103,0,0.35536590218544006,0.14073415,0.052682143,2.0001414e-06,0.011177249,0,0.5670672655105591
TSBD_WSSV_6fd089aca1,1,0,1,0.6034804,0.04519008,0.059987843,0.062157277,6.4365104e-06,0.011858982,0,0.07756686210632324,0.63157064,0.85919327,0.99998343,0.96252227,0,0.35536590218544006,0.30844152,0.07864944,1.01579035e-05,0.025618754,0,0.5670672655105591
TSBD_WSSV_7131cb4d1e,1,0,1,0.7918708,0.012924017,0.09164903,0.08854585,3.1505137e-05,0.020978825,0,0.07756686210632324,0.7535981,0.8532858,0.9999659,0.96632445,0,0.35536590218544006,0.15475285,0.05816834,2.6324817e-06,0.012696677,0,0.5670672655105591
TSBD_WSSV_d1629a0715,1,0,1,0.8336657,0.00721273,0.09362127,0.07645778,1.6375661e-05,0.01716251,0,0.07756686210632324,0.7777774,0.86055446,0.99997985,0.96976846,0,0.35536590218544006,0.12860136,0.062987804,3.7205234e-06,0.013068999,0,0.5670672655105591
TSBD_WSSV_8ecaf0ac01,1,0,1,0.80769646,0.0092158485,0.11831547,0.10690299,7.6684984e-05,0.029825276,0,0.07756686210632324,0.7542219,0.8400927,0.99992144,0.95961636,0,0.35536590218544006,0.12746258,0.053004324,1.8142722e-06,0.010558374,0,0.5670672655105591
TSBD_WSSV_af3c48a08c,1,0,2,0.8558547,0.0051720357,0.125211,0.080320925,1.1432509e-05,0.017887456,0,0.07756686210632324,0.07773751,0.047424182,2.101492e-06,0.008511356,0,0.35536590218544006,0.7970515,0.8722548,0.9999864,0.9736012,0,0.5670672655105591
TSBD_WSSV_3dae79f506,0,0,1,0.33709005,0.120552346,0.06461697,0.080956556,2.243512e-05,0.02003221,0,0.07756686210632324,0.4250744,0.836613,0.99996436,0.9425496,0,0.35536590218544006,0.5103086,0.08243045,1.3166394e-05,0.037418198,0,0.5670672655105591
TSBD_WSSV_80515fe4b2,0,0,1,0.49101767,0.030486379,0.057016145,0.041502938,8.356237e-06,0.009128313,0,0.07756686210632324,0.2509618,0.4876162,0.64549756,0.4412963,0,0.35536590218544006,0.692022,0.4708808,0.3544941,0.5495753,0,0.5670672655105591
TSBD_WSSV_aee31f5ae6,1,0,2,0.8399063,0.0048461044,0.1160747,0.1399922,0.00017216585,0.038757913,0,0.07756686210632324,0.08679203,0.040921625,1.5242126e-06,0.007820273,0,0.35536590218544006,0.79713327,0.8190861,0.9998264,0.95342183,0,0.5670672655105591
TSBD_WSSV_0ef579b068,1,1,2,0.8697877,0.004446895,0.08510866,0.066667825,5.1259863e-06,0.012130173,0,0.07756686210632324,0.09762354,0.053288106,3.4090854e-06,0.010605076,0,0.35536590218544006,0.8172678,0.88004404,0.9999914,0.97726476,1,0.5670672655105591
TSBD_WSSV_f70db8236e,1,0,2,0.755137,0.005481242,0.06854633,0.10787032,0.00031131256,0.03175832,0,0.07756686210632324,0.18418846,0.23803665,0.016645802,0.14203984,0,0.35536590218544006,0.7472652,0.6540931,0.9830428,0.8262018,0,0.5670672655105591
TSBD_WSSV_36e3c23fc4,1,0,2,0.59295493,0.04677336,0.0764179,0.12620549,0.00011876823,0.03173485,0,0.07756686210632324,0.27353022,0.056384534,7.0266215e-06,0.01960271,0,0.35536590218544006,0.6500519,0.81741,0.99987423,0.94866246,0,0.5670672655105591
TSBD_WSSV_7e34390794,1,0,2,0.8566219,0.0063576587,0.07439938,0.065806806,4.8323664e-06,0.011397971,0,0.07756686210632324,0.11448966,0.054131962,3.7136717e-06,0.01151616,0,0.35536590218544006,0.811111,0.8800612,0.9999914,0.9770859,0,0.5670672655105591
TSBD_WSSV_bd80b0d581,1,0,2,0.8410506,0.0045418944,0.117405385,0.14496747,0.00019437664,0.040488888,0,0.07756686210632324,0.0828906,0.040191956,1.411151e-06,0.0075144735,0,0.35536590218544006,0.799704,0.8148405,0.9998042,0.9519966,0,0.5670672655105591
TSBD_WSSV_a456bae923,1,0,2,0.86391056,0.005179071,0.08206771,0.06746128,5.3692615e-06,0.012173699,0,0.07756686210632324,0.104416415,0.05345764,3.480755e-06,0.010937371,0,0.35536590218544006,0.8135159,0.87908113,0.9999912,0.9768889,0,0.5670672655105591
TSBD_WSSV_b6178797f6,1,0,2,0.8619699,0.0053975917,0.07811559,0.064061545,4.4672793e-06,0.0112731615,0,0.07756686210632324,0.11037215,0.056778204,4.712267e-06,0.0121797575,0,0.35536590218544006,0.8115122,0.8791603,0.9999908,0.9765471,0,0.5670672655105591
TSBD_WSSV_69762898eb,1,0,2,0.34230164,0.098453835,0.09047782,0.4662532,0.2509335,0.26582384,0,0.07756686210632324,0.13276038,0.039908614,1.170153e-05,0.013684066,0,0.35536590218544006,0.7767619,0.4938382,0.74905473,0.7204921,0,0.5670672655105591
TSBD_WSSV_a73de688c2,1,0,2,0.47508788,0.06170311,0.06477221,0.3084799,0.03634424,0.13757421,0,0.07756686210632324,0.27338552,0.113415025,0.0009204053,0.06959545,0,0.35536590218544006,0.6618423,0.57810503,0.9627353,0.79283035,0,0.5670672655105591
TSBD_WSSV_03cb710db8,1,0,1,0.6944159,0.0039344,0.058128346,0.05503001,1.2413365e-05,0.0121290935,0,0.07756686210632324,0.5661247,0.650285,0.98404956,0.7803048,0,0.35536590218544006,0.375747,0.29468492,0.015938038,0.20756611,0,0.5670672655105591
TSBD_WSSV_7f2c043791,1,1,2,0.87006,0.004353646,0.089237005,0.066129014,4.811023e-06,0.012137524,0,0.07756686210632324,0.094557166,0.053497918,3.4329682e-06,0.010524327,0,0.35536590218544006,0.81620586,0.8803731,0.9999918,0.97733814,1,0.5670672655105591
TSBD_WSSV_426ff318e2,1,0,2,0.8600545,0.0058721546,0.07636511,0.06424208,4.2661777e-06,0.01109157,0,0.07756686210632324,0.11144763,0.054850757,3.859415e-06,0.01155751,0,0.35536590218544006,0.8121872,0.8809071,0.9999919,0.97735095,0,0.5670672655105591
TSBD_WSSV_3cb87dc046,1,0,2,0.81402844,0.011566013,0.07535263,0.10995617,4.9547998e-05,0.023233244,0,0.07756686210632324,0.12165545,0.043419067,1.6964046e-06,0.009209363,0,0.35536590218544006,0.80299187,0.8466248,0.99994874,0.9675574,0,0.5670672655105591
TSBD_WSSV_4c414428d2,1,0,2,0.8664154,0.0049541267,0.08229281,0.06601528,4.7888216e-06,0.011780965,0,0.07756686210632324,0.10215983,0.053414907,3.4633401e-06,0.010827139,0,0.35536590218544006,0.8155474,0.88056976,0.9999918,0.97739184,0,0.5670672655105591
TSBD_WSSV_4896029d97,1,1,2,0.86829036,0.0046149567,0.08466151,0.06792155,5.392334e-06,0.012341496,0,0.07756686210632324,0.09890177,0.052729975,3.2421015e-06,0.010503439,0,0.35536590218544006,0.8164367,0.8793486,0.9999914,0.977155,1,0.5670672655105591
TSBD_WSSV_c549f00277,1,0,2,0.8083557,0.012118734,0.07693253,0.121132776,7.703513e-05,0.026738418,0,0.07756686210632324,0.11859135,0.04212715,1.5106657e-06,0.008810424,0,0.35536590218544006,0.804476,0.8367401,0.99992144,0.96445113,0,0.5670672655105591
TSBD_WSSV_254bdb9f4d,1,0,2,0.86479604,0.005116483,0.081310995,0.067121,5.111498e-06,0.011982573,0,0.07756686210632324,0.10407961,0.05337755,3.4855555e-06,0.010915545,0,0.35536590218544006,0.8146094,0.8795015,0.9999914,0.97710186,0,0.5670672655105591
TSBD_WSSV_b0447870c0,1,0,2,0.71760416,0.0225653,0.054571573,0.03978117,7.9150334e-07,0.005960408,0,0.07756686210632324,0.2648091,0.10751874,0.00010517403,0.04308919,0,0.35536590218544006,0.6806193,0.8527001,0.999894,0.9509504,0,0.5670672655105591
TSBD_WSSV_754fa3c73d,1,1,2,0.8697561,0.0045403624,0.08276417,0.063581124,4.120553e-06,0.011251559,0,0.07756686210632324,0.09985792,0.054943614,3.8963826e-06,0.011126483,0,0.35536590218544006,0.8173779,0.88147527,0.9999919,0.977622,1,0.5670672655105591
TSBD_WSSV_9937a0424b,1,1,2,0.87042934,0.0043910965,0.08624385,0.063700944,4.1123094e-06,0.011422167,0,0.07756686210632324,0.0968229,0.054929327,3.9011384e-06,0.011010412,0,0.35536590218544006,0.81693316,0.8813697,0.999992,0.97756743,1,0.5670672655105591
TSBD_WSSV_6fa84e41c3,1,0,2,0.86141694,0.0056116832,0.079068094,0.06875496,5.8560954e-06,0.012331768,0,0.07756686210632324,0.10721789,0.052394994,3.2417659e-06,0.01078566,0,0.35536590218544006,0.813714,0.87885004,0.99999094,0.9768826,0,0.5670672655105591
TSBD_WSSV_577000701d,1,0,2,0.85723,0.0063064024,0.07475124,0.065694794,4.7188505e-06,0.011351361,0,0.07756686210632324,0.113629274,0.053824138,3.5673465e-06,0.011362018,0,0.35536590218544006,0.81161946,0.88048106,0.99999166,0.97728664,0,0.5670672655105591
TSBD_WSSV_7562704d32,1,0,2,0.8512708,0.007106323,0.07264316,0.06559076,4.705558e-06,0.01124091,0,0.07756686210632324,0.11937921,0.05430875,3.722182e-06,0.011723516,0,0.35536590218544006,0.8079776,0.88010055,0.99999166,0.9770356,0,0.5670672655105591
TSBD_WSSV_ab987277c7,0,0,2,0.5365813,0.01678643,0.08794239,0.13294382,0.0016082759,0.05178974,0,0.07756686210632324,0.5327433,0.35193747,0.21082713,0.39978594,0,0.35536590218544006,0.37931427,0.5151187,0.7875647,0.5484243,0,0.5670672655105591
TSBD_WSSV_1beeeafcb8,1,0,2,0.8192248,0.0099788625,0.06292451,0.049742747,1.7237732e-06,0.007825189,0,0.07756686210632324,0.16673662,0.078865655,2.3042283e-05,0.02274568,0,0.35536590218544006,0.77033883,0.87139165,0.9999753,0.96942914,0,0.5670672655105591
TSBD_WSSV_e7254cc0d4,1,0,2,0.80682325,0.013347533,0.066333905,0.064479895,4.40392e-06,0.01078496,0,0.07756686210632324,0.15377869,0.05600724,4.2709785e-06,0.01350303,0,0.35536590218544006,0.77988744,0.87951285,0.9999913,0.97571194,0,0.5670672655105591
TSBD_WSSV_b5a8a126ab,1,0,1,0.6592718,0.011537094,0.056069814,0.039453115,2.6155728e-06,0.007687251,0,0.07756686210632324,0.5345613,0.68245953,0.98930246,0.79646283,0,0.35536590218544006,0.40936893,0.27808735,0.010694935,0.1958499,0,0.5670672655105591
TSBD_WSSV_13e41ad5ef,1,0,2,0.8435556,0.008103979,0.069768555,0.06152685,3.5878447e-06,0.010222668,0,0.07756686210632324,0.12897919,0.057493765,4.762442e-06,0.013011118,0,0.35536590218544006,0.80125225,0.88097936,0.99999166,0.9767662,0,0.5670672655105591
TSBD_WSSV_5dd3dca816,1,0,2,0.7927489,0.015167655,0.058619905,0.05325856,1.9727142e-06,0.008103591,0,0.07756686210632324,0.17569776,0.06547414,8.79037e-06,0.01760657,0,0.35536590218544006,0.76568234,0.8812673,0.99998915,0.97428983,0,0.5670672655105591
TSBD_WSSV_084f7a072a,0,0,0,0.10079479,0.3164037,0.07906845,0.76169425,0.9984084,0.76555836,0,0.07756686210632324,0.7541763,0.08157883,0.00012361942,0.10203681,0,0.35536590218544006,0.16675524,0.15672697,0.0014680306,0.1324048,0,0.5670672655105591
TSBD_WSSV_7d1aec7b17,0,0,0,0.33207837,0.1291945,0.20713188,0.7015999,0.9702563,0.66204476,0,0.07756686210632324,0.08015478,0.032493077,3.2185014e-06,0.009556416,0,0.35536590218544006,0.71271336,0.26590705,0.029740466,0.3283988,0,0.5670672655105591
TSBD_WSSV_93545fad41,1,0,2,0.81242824,0.012551395,0.06857,0.07155101,7.064808e-06,0.0125462925,0,0.07756686210632324,0.14482929,0.052204862,3.2267471e-06,0.01209188,0,0.35536590218544006,0.78660077,0.8762442,0.99998975,0.97536176,0,0.5670672655105591
TSBD_WSSV_ef783ed00d,0,0,0,0.50084347,0.054787926,0.432195,0.7538084,0.99153805,0.80635893,0,0.07756686210632324,0.06497919,0.031125793,1.959463e-06,0.0071583632,0,0.35536590218544006,0.50282586,0.21506584,0.008460007,0.18648271,0,0.5670672655105591
TSBD_WSSV_8b081aa68f,0,0,0,0.102834105,0.31903645,0.08699585,0.8333974,0.99960774,0.8220835,0,0.07756686210632324,0.14237538,0.041774344,4.773306e-06,0.021908741,0,0.35536590218544006,0.7706288,0.1248283,0.00038755927,0.15600781,0,0.5670672655105591
TSBD_WSSV_6afbaad0ae,1,1,0,0.77767056,0.018715182,0.75904083,0.90091646,0.9999889,0.9754338,1,0.07756686210632324,0.08465397,0.04224875,3.472276e-06,0.009245141,0,0.35536590218544006,0.15630524,0.056834802,7.6139404e-06,0.015320996,0,0.5670672655105591
TSBD_WSSV_9223e4a32b,1,0,2,0.36114264,0.109106965,0.060109355,0.08097108,1.484611e-05,0.017177174,0,0.07756686210632324,0.45205423,0.063048966,9.383062e-06,0.028372115,0,0.35536590218544006,0.48783648,0.85598,0.9999757,0.9544507,0,0.5670672655105591
TSBD_WSSV_98ea43065f,1,0,2,0.8545111,0.0066450164,0.07449492,0.066197164,4.9485475e-06,0.01149367,0,0.07756686210632324,0.11570907,0.053769447,3.6688662e-06,0.0115018375,0,0.35536590218544006,0.8097959,0.88003343,0.9999913,0.9770045,0,0.5670672655105591
TSBD_WSSV_eb247f0a00,1,1,2,0.86803985,0.0045727957,0.085580714,0.07113845,6.699601e-06,0.013214795,0,0.07756686210632324,0.09776316,0.051249098,2.8416282e-06,0.0100625,0,0.35536590218544006,0.8166562,0.8776124,0.99999046,0.9767227,1,0.5670672655105591
TSBD_WSSV_97fa50601b,1,1,2,0.8714504,0.004205156,0.08919083,0.066095434,4.820291e-06,0.012130541,0,0.07756686210632324,0.09329856,0.05333481,3.3841575e-06,0.010425039,0,0.35536590218544006,0.81751055,0.8805697,0.9999919,0.97744447,1,0.5670672655105591
TSBD_WSSV_8b6c4507a2,0,0,2,0.23135766,0.17245916,0.080638915,0.22801858,0.0024340511,0.09123886,0,0.07756686210632324,0.5332871,0.039306704,2.2587978e-06,0.019827064,0,0.35536590218544006,0.38607404,0.7326747,0.9975637,0.888934,0,0.5670672655105591
TSBD_WSSV_5c925439ac,1,1,0,0.6091162,0.048055273,0.65485364,0.9023252,0.9999902,0.9717787,1,0.07756686210632324,0.21139155,0.04606595,5.043488e-06,0.014957272,0,0.35536590218544006,0.1337548,0.051608846,4.771887e-06,0.013264066,0,0.5670672655105591
TSBD_WSSV_1d810bc413,1,0,2,0.8630769,0.0052636266,0.08025814,0.066985525,5.178895e-06,0.011958005,0,0.07756686210632324,0.106758766,0.054416463,3.7720013e-06,0.011294919,0,0.35536590218544006,0.81298304,0.87859803,0.99999106,0.9767471,0,0.5670672655105591
TSBD_WSSV_26de7fcd80,1,0,2,0.7057665,0.027687445,0.067603864,0.17935805,0.0005992147,0.046780944,0,0.07756686210632324,0.14519161,0.04323731,2.4984583e-06,0.010770565,0,0.35536590218544006,0.7872045,0.7774046,0.99939823,0.94244844,0,0.5670672655105591
TSBD_WSSV_8aa47f5a65,0,0,0,0.14277504,0.26198778,0.09076619,0.75957125,0.99822766,0.7380476,0,0.07756686210632324,0.72402847,0.14756964,0.0016698929,0.203334,0,0.35536590218544006,0.18520539,0.09285907,0.00010247631,0.058618363,0,0.5670672655105591
TSBD_WSSV_d889bfa7f2,1,0,1,0.7650515,0.017013188,0.070006065,0.064893275,8.01189e-06,0.012725646,0,0.07756686210632324,0.73174304,0.85999316,0.9999838,0.9675924,0,0.35536590218544006,0.1982509,0.07511361,8.253186e-06,0.019681972,0,0.5670672655105591
TSBD_WSSV_8a85146e3e,0,0,0,0.20036608,0.1860489,0.08646008,0.6402896,0.9728794,0.5619989,0,0.07756686210632324,0.38015935,0.104257606,0.00063733564,0.09624514,0,0.35536590218544006,0.5333806,0.25545278,0.02648331,0.3417559,0,0.5670672655105591
TSBD_WSSV_439d0a5c3f,1,0,2,0.8264276,0.01054959,0.06558496,0.06073133,3.4692628e-06,0.009917049,0,0.07756686210632324,0.14333436,0.0581592,5.153937e-06,0.013840333,0,0.35536590218544006,0.7910807,0.8811095,0.9999914,0.9762426,0,0.5670672655105591
TSBD_WSSV_3f0184301c,1,0,2,0.8603682,0.005731199,0.079536065,0.06435185,4.430439e-06,0.011348331,0,0.07756686210632324,0.10949158,0.054941617,4.0307377e-06,0.0115986755,0,0.35536590218544006,0.81097233,0.8807066,0.99999154,0.977053,0,0.5670672655105591
TSBD_WSSV_00abe397a8,1,0,2,0.86107856,0.0049990555,0.08777795,0.08281196,1.3800686e-05,0.016553238,0,0.07756686210632324,0.09980768,0.048669517,2.5142292e-06,0.009696838,0,0.35536590218544006,0.81241435,0.86851853,0.99998367,0.9737499,0,0.5670672655105591
TSBD_WSSV_f49daeee4d,1,0,2,0.85169184,0.0061760647,0.08462058,0.08783936,1.8100216e-05,0.017759295,0,0.07756686210632324,0.106532805,0.04791998,2.4583387e-06,0.009830876,0,0.35536590218544006,0.8088466,0.8642407,0.9999794,0.97240984,0,0.5670672655105591
TSBD_WSSV_e3a3f70bef,1,0,2,0.64356834,0.03392221,0.10492246,0.29757273,0.011283062,0.12162857,0,0.07756686210632324,0.096556194,0.03704486,2.7451003e-06,0.008758738,0,0.35536590218544006,0.79852134,0.6653824,0.98871416,0.8696127,0,0.5670672655105591
TSBD_WSSV_4c6acaba53,1,1,2,0.86906487,0.0044814646,0.08562981,0.07070557,6.5607965e-06,0.013119367,0,0.07756686210632324,0.09681675,0.051141802,2.8429185e-06,0.010014597,0,0.35536590218544006,0.81755346,0.87815267,0.9999906,0.976866,1,0.5670672655105591
TSBD_WSSV_1a5ee9d7a4,1,0,2,0.86021477,0.0054274118,0.08471802,0.082593516,1.3322157e-05,0.016194941,0,0.07756686210632324,0.10026331,0.046840563,2.0105988e-06,0.009117838,0,0.35536590218544006,0.81501865,0.87056583,0.9999846,0.9746873,0,0.5670672655105591
TSBD_WSSV_1d745dbab2,1,1,0,0.49916652,0.073331796,0.5978879,0.9017231,0.99998915,0.96966875,1,0.07756686210632324,0.060948238,0.04249616,3.6362994e-06,0.009008455,0,0.35536590218544006,0.3411639,0.055780813,7.1915415e-06,0.0213228,0,0.5670672655105591
TSBD_WSSV_04529c8937,1,0,2,0.8604707,0.0056459913,0.07907787,0.067432895,5.384608e-06,0.012029905,0,0.07756686210632324,0.109103106,0.05396277,3.7425575e-06,0.011325018,0,0.35536590218544006,0.81181896,0.8786043,0.99999094,0.97664505,0,0.5670672655105591
TSBD_WSSV_eb7b8b7c67,1,0,2,0.86212194,0.0051821293,0.084057294,0.08341938,1.3744282e-05,0.016315563,0,0.07756686210632324,0.098838,0.046726238,1.9747863e-06,0.009024765,0,0.35536590218544006,0.81710476,0.8698544,0.99998426,0.9746596,0,0.5670672655105591
TSBD_WSSV_4c43a3a8a6,1,0,2,0.8227215,0.010408224,0.07309406,0.09563165,2.7058346e-05,0.019104194,0,0.07756686210632324,0.12631445,0.047794115,2.4140725e-06,0.0104427785,0,0.35536590218544006,0.8005916,0.85657424,0.99997056,0.970453,0,0.5670672655105591
TSBD_WSSV_417fc1cab3,1,0,2,0.8481411,0.0068106353,0.08152953,0.095651895,2.6192169e-05,0.019604163,0,0.07756686210632324,0.10502167,0.044854704,1.7311709e-06,0.008848524,0,0.35536590218544006,0.81344885,0.85949343,0.999972,0.9715473,0,0.5670672655105591
TSBD_WSSV_59c834cf6e,1,0,2,0.42558774,0.08295322,0.058074012,0.060374744,5.271056e-06,0.011950554,0,0.07756686210632324,0.45673463,0.10474734,0.000101058264,0.05689721,0,0.35536590218544006,0.4851914,0.8348779,0.99989367,0.9311522,0,0.5670672655105591
TSBD_WSSV_97681928ee,1,0,2,0.43059114,0.0826736,0.07691778,0.39868987,0.07813022,0.18492888,0,0.07756686210632324,0.12375633,0.035204366,4.045037e-06,0.010181156,0,0.35536590218544006,0.7993258,0.5661057,0.9218657,0.80489,0,0.5670672655105591
TSBD_WSSV_0c09630268,1,0,2,0.8653106,0.0038811257,0.107345015,0.08852706,1.7815148e-05,0.019292811,0,0.07756686210632324,0.084126815,0.04542808,1.7651568e-06,0.008263407,0,0.35536590218544006,0.8085281,0.86604494,0.99998045,0.97244376,0,0.5670672655105591
TSBD_WSSV_919a1fc43f,1,1,2,0.8675864,0.004323314,0.09747321,0.07192775,7.053016e-06,0.014066957,0,0.07756686210632324,0.09043315,0.051296912,2.9424175e-06,0.0098811705,0,0.35536590218544006,0.8120936,0.87677526,0.99999,0.97605187,1,0.5670672655105591
TSBD_WSSV_df52a25a1c,0,0,0,0.07979251,0.34541845,0.081470445,0.85328996,0.9999268,0.86545134,0,0.07756686210632324,0.5957828,0.069340706,4.1294876e-05,0.07452641,0,0.35536590218544006,0.32274675,0.0773693,3.1970278e-05,0.06002226,0,0.5670672655105591
TSBD_WSSV_b6df8b235a,1,0,2,0.8563524,0.005191966,0.09336705,0.09658403,2.8117463e-05,0.020945951,0,0.07756686210632324,0.095667526,0.04427379,1.7434629e-06,0.008527974,0,0.35536590218544006,0.81096536,0.85914224,0.9999701,0.97052604,0,0.5670672655105591
TSBD_WSSV_66dac7b3cb,1,0,2,0.6660967,0.033380426,0.057395916,0.059126742,3.80391e-06,0.01004115,0,0.07756686210632324,0.27262157,0.08086932,2.7008653e-05,0.029517224,0,0.35536590218544006,0.66998255,0.860004,0.9999691,0.9604416,0,0.5670672655105591
TSBD_WSSV_cb728bde71,1,0,2,0.8371369,0.0042762347,0.12982874,0.15553407,0.00026465737,0.046163093,0,0.07756686210632324,0.07812156,0.037425227,1.043736e-06,0.006727734,0,0.35536590218544006,0.7920497,0.8070407,0.9997342,0.9471092,0,0.5670672655105591
TSBD_WSSV_11dccea294,1,0,2,0.8313253,0.008038585,0.09054671,0.12612726,9.859717e-05,0.03019122,0,0.07756686210632324,0.09979265,0.0404304,1.3272039e-06,0.007909134,0,0.35536590218544006,0.80966073,0.8334423,0.9999001,0.96189964,0,0.5670672655105591
TSBD_WSSV_6c97d0a038,1,0,2,0.8608324,0.0040367655,0.10386319,0.105338834,3.8417973e-05,0.024090614,0,0.07756686210632324,0.085197985,0.041859567,1.3063934e-06,0.007545484,0,0.35536590218544006,0.8109388,0.8528016,0.9999603,0.9683639,0,0.5670672655105591
TSBD_WSSV_7930144273,1,0,2,0.5862542,0.043484487,0.11038843,0.34406853,0.027694203,0.15720406,0,0.07756686210632324,0.09210446,0.03588629,3.1421916e-06,0.008672315,0,0.35536590218544006,0.7975071,0.6200452,0.9723026,0.8341236,0,0.5670672655105591
TSBD_WSSV_46e8a68895,1,0,1,0.78921276,0.013429435,0.07877268,0.08274709,2.3923161e-05,0.018274598,0,0.07756686210632324,0.7538858,0.85297334,0.999972,0.96680564,0,0.35536590218544006,0.16734153,0.064279616,4.0975547e-06,0.014919797,0,0.5670672655105591
TSBD_WSSV_68675dc12f,1,0,1,0.6907566,0.025960911,0.0727849,0.11627465,0.00013248193,0.030245153,0,0.07756686210632324,0.6882547,0.8049749,0.9998554,0.94589615,0,0.35536590218544006,0.23896036,0.07875049,1.2144645e-05,0.023858689,0,0.5670672655105591
TSBD_WSSV_33b5dd7e52,1,0,1,0.76088166,0.015869446,0.08548798,0.097978584,5.136523e-05,0.023995819,0,0.07756686210632324,0.7272037,0.83207136,0.9999424,0.95823663,0,0.35536590218544006,0.18730828,0.06995003,6.1838487e-06,0.017767537,0,0.5670672655105591
TSBD_WSSV_eaf8feba8d,1,0,2,0.84041315,0.006995579,0.08951475,0.12064665,7.785519e-05,0.028048923,0,0.07756686210632324,0.0962029,0.04085807,1.2891293e-06,0.007781511,0,0.35536590218544006,0.81428236,0.8384953,0.99992085,0.96416956,0,0.5670672655105591
TSBD_WSSV_a092abcd48,1,0,2,0.8641449,0.0050224485,0.084173255,0.07524725,8.5417605e-06,0.014161024,0,0.07756686210632324,0.10044581,0.04971154,2.6041707e-06,0.009857557,0,0.35536590218544006,0.81538093,0.87504125,0.9999888,0.97598135,0,0.5670672655105591
TSBD_WSSV_8c4a48a3c8,0,0,0,0.34035507,0.08878919,0.11901384,0.49363568,0.39240783,0.3243348,0,0.07756686210632324,0.77623576,0.46791753,0.6075887,0.6661161,0,0.35536590218544006,0.10475044,0.03844685,3.387054e-06,0.009549052,0,0.5670672655105591
TSBD_WSSV_36e8b7c576,0,0,0,0.16836427,0.23974755,0.22546647,0.8577269,0.99993217,0.91416544,0,0.07756686210632324,0.67274594,0.07184027,4.5436656e-05,0.059434656,0,0.35536590218544006,0.10178757,0.07043292,2.2378523e-05,0.026399968,0,0.5670672655105591
TSBD_WSSV_f62b02d7ce,1,0,0,0.4048029,0.100161314,0.54390687,0.9040669,0.99999046,0.96929365,0,0.07756686210632324,0.39171818,0.047521703,5.945443e-06,0.020687662,0,0.35536590218544006,0.06437496,0.04841143,3.5810106e-06,0.010018689,0,0.5670672655105591
TSBD_WSSV_7b5c5d4331,1,0,1,0.8099339,0.010390213,0.08974116,0.08241381,2.3151386e-05,0.01886806,0,0.07756686210632324,0.76380587,0.85629916,0.99997354,0.9678053,0,0.35536590218544006,0.14645296,0.06128703,3.3630097e-06,0.0133266365,0,0.5670672655105591
TSBD_WSSV_1115f3a7b9,1,0,2,0.35773987,0.10053235,0.07564163,0.3505561,0.038027033,0.16221732,0,0.07756686210632324,0.3252051,0.05620728,3.0563013e-05,0.028514933,0,0.35536590218544006,0.5991533,0.5932366,0.9619424,0.8092677,0,0.5670672655105591
TSBD_WSSV_8b19cf1542,1,0,1,0.46067753,0.074591905,0.15343513,0.10455521,6.8009875e-05,0.035529435,0,0.07756686210632324,0.51809067,0.8389056,0.9999294,0.9462401,0,0.35536590218544006,0.3284742,0.05653922,2.545927e-06,0.018230418,0,0.5670672655105591
TSBD_WSSV_e980aeec5d,0,0,0,0.29976308,0.13727917,0.44100735,0.89893365,0.9999862,0.96032286,0,0.07756686210632324,0.4666642,0.05417093,1.0789914e-05,0.028095383,0,0.35536590218544006,0.09232843,0.04689542,3.0274355e-06,0.011581799,0,0.5670672655105591
TSBD_WSSV_78620c7961,1,0,1,0.82470316,0.0062740427,0.13150097,0.10840515,8.0038284e-05,0.031339377,0,0.07756686210632324,0.7592842,0.8375675,0.99991786,0.95835537,0,0.35536590218544006,0.10921488,0.054027326,2.0406083e-06,0.010305284,0,0.5670672655105591
TSBD_WSSV_5cfa598cc4,0,0,0,0.3655177,0.0789213,0.12232513,0.4759149,0.34094787,0.31319466,0,0.07756686210632324,0.75473434,0.465149,0.6590277,0.66862583,0,0.35536590218544006,0.122940525,0.05893613,2.4478804e-05,0.018179467,0,0.5670672655105591
TSBD_WSSV_2ab0d58abb,0,0,0,0.12583704,0.27941778,0.09954831,0.8028829,0.99939775,0.7990798,0,0.07756686210632324,0.2366673,0.067729875,4.686125e-05,0.04843946,0,0.35536590218544006,0.66378444,0.12938721,0.0005553745,0.15248072,0,0.5670672655105591
TSBD_WSSV_d63f9ec96f,0,0,0,0.11541376,0.30065542,0.10865871,0.8356901,0.9995602,0.83536565,0,0.07756686210632324,0.75227815,0.11532685,0.00043591947,0.14350076,0,0.35536590218544006,0.1390631,0.048983034,3.9790834e-06,0.021133585,0,0.5670672655105591
TSBD_WSSV_c6d6c44306,0,0,0,0.27131107,0.1591251,0.3439164,0.86908966,0.99989283,0.92626655,0,0.07756686210632324,0.5540227,0.08822711,0.00010538998,0.06262147,0,0.35536590218544006,0.10206092,0.042683203,1.8336988e-06,0.01111194,0,0.5670672655105591
TSBD_WSSV_0e98c598e2,0,0,0,0.09425994,0.33345586,0.12045082,0.8752805,0.99994767,0.9014,0,0.07756686210632324,0.753733,0.071472965,4.6811747e-05,0.07553241,0,0.35536590218544006,0.12581617,0.05324659,5.532912e-06,0.023067603,0,0.5670672655105591
TSBD_WSSV_0e0b18da56,0,0,0,0.1064513,0.2933464,0.113574915,0.8310268,0.9994956,0.83849955,0,0.07756686210632324,0.37352648,0.038802788,3.885931e-06,0.02651984,0,0.35536590218544006,0.5128986,0.13017042,0.00050037395,0.13498063,0,0.5670672655105591
TSBD_WSSV_0e04e30a96,0,0,0,0.22000551,0.19437274,0.3363304,0.89827406,0.9999844,0.95336396,0,0.07756686210632324,0.57836074,0.0562698,1.3083805e-05,0.034962162,0,0.35536590218544006,0.08530888,0.04545611,2.5000784e-06,0.011673823,0,0.5670672655105591
TSBD_WSSV_b14315239e,0,0,0,0.2733918,0.16171578,0.17082216,0.7193303,0.9781858,0.6670708,0,0.07756686210632324,0.09186461,0.030956097,2.3773391e-06,0.009822804,0,0.35536590218544006,0.7373132,0.24971361,0.02181195,0.3231064,0,0.5670672655105591
TSBD_WSSV_ad26e82e3c,1,0,1,0.7369489,0.015792541,0.122463234,0.2244661,0.003487443,0.090371944,0,0.07756686210632324,0.7571237,0.7275046,0.99651045,0.89937985,0,0.35536590218544006,0.12041301,0.048029326,2.1632288e-06,0.010248171,0,0.5670672655105591
TSBD_WSSV_cda41068f5,0,0,0,0.1298118,0.2794147,0.21405108,0.88453966,0.9999639,0.940161,0,0.07756686210632324,0.66100705,0.03976611,2.9781713e-06,0.027110929,0,0.35536590218544006,0.12494184,0.07569428,3.3110427e-05,0.032728076,0,0.5670672655105591
TSBD_WSSV_f51f241a0d,0,0,0,0.11219401,0.29829532,0.14714706,0.82345665,0.9994056,0.8712808,0,0.07756686210632324,0.6690934,0.042184144,5.5858795e-06,0.034603033,0,0.35536590218544006,0.18375954,0.13435918,0.0005888294,0.09411614,0,0.5670672655105591
TSBD_WSSV_2578508dff,0,0,0,0.32486433,0.12672992,0.43693846,0.88595945,0.9999542,0.94796306,0,0.07756686210632324,0.488061,0.07434034,4.446284e-05,0.04354401,0,0.35536590218544006,0.07500056,0.03970024,1.364794e-06,0.008492879,0,0.5670672655105591
TSBD_WSSV_45511a46f0,1,1,0,0.6409849,0.043632414,0.6970043,0.90427047,0.9999907,0.97501653,1,0.07756686210632324,0.24569425,0.047426164,5.883866e-06,0.016155668,0,0.35536590218544006,0.057301443,0.04830344,3.5138723e-06,0.00882778,0,0.5670672655105591
TSBD_WSSV_87146ab98c,0,0,0,0.37323195,0.07325928,0.17635009,0.5351799,0.57169,0.41204247,0,0.07756686210632324,0.73552597,0.42691344,0.42830652,0.57911736,0,0.35536590218544006,0.088123955,0.03790664,3.380727e-06,0.008840162,0,0.5670672655105591
TSBD_WSSV_e143d38f01,1,0,1,0.8252451,0.007978234,0.10148279,0.07512309,1.4738328e-05,0.017226899,0,0.07756686210632324,0.7669889,0.85953987,0.9999809,0.96889395,0,0.35536590218544006,0.13152833,0.06533706,4.3502105e-06,0.013879148,0,0.5670672655105591
TSBD_WSSV_ea73217725,0,0,0,0.13418946,0.25816146,0.20022212,0.88006794,0.9999664,0.9253126,0,0.07756686210632324,0.32002744,0.064451806,2.6626773e-05,0.040903915,0,0.35536590218544006,0.47975037,0.055480234,7.0596325e-06,0.033783443,0,0.5670672655105591
TSBD_WSSV_7568f33745,1,0,1,0.7920819,0.011610661,0.17352028,0.08680204,2.854295e-05,0.02563927,0,0.07756686210632324,0.7335953,0.8545078,0.99996877,0.96354955,0,0.35536590218544006,0.092884354,0.058690168,2.739837e-06,0.010811207,0,0.5670672655105591
TSBD_WSSV_c0b728f042,1,0,1,0.6681168,0.030133937,0.17271319,0.09887562,5.235166e-05,0.031927794,0,0.07756686210632324,0.6440457,0.846066,0.9999455,0.9549416,0,0.35536590218544006,0.18324111,0.05505841,2.0732275e-06,0.0131306695,0,0.5670672655105591
TSBD_WSSV_7555e38281,0,0,1,0.10565697,0.316399,0.08074717,0.08377134,2.3545033e-05,0.03166258,0,0.07756686210632324,0.14232817,0.8502261,0.99997187,0.92303616,0,0.35536590218544006,0.77692467,0.0660025,4.591853e-06,0.045301348,0,0.5670672655105591
TSBD_WSSV_d921343af4,0,0,0,0.3134541,0.10792814,0.09493562,0.5020814,0.33040053,0.2968876,0,0.07756686210632324,0.1118476,0.038909048,1.1243767e-05,0.012707497,0,0.35536590218544006,0.7932168,0.4590096,0.66958815,0.69040495,0,0.5670672655105591
TSBD_WSSV_94a3c39469,0,0,0,0.16692874,0.24263433,0.20863663,0.8659482,0.9998603,0.9026745,0,0.07756686210632324,0.6881089,0.09394193,0.00013826285,0.08530865,0,0.35536590218544006,0.10325449,0.040109865,1.4383478e-06,0.012016807,0,0.5670672655105591
TSBD_WSSV_65692fdd3f,0,0,1,0.5515275,0.036472246,0.060894307,0.048873726,9.5494925e-06,0.011542875,0,0.07756686210632324,0.34723446,0.6129342,0.95907885,0.66306686,0,0.35536590218544006,0.5918712,0.3381921,0.0409116,0.32539028,0,0.5670672655105591
TSBD_WSSV_0464ee44c0,1,0,2,0.7404066,0.02239275,0.061706755,0.06859441,6.3295574e-06,0.011877931,0,0.07756686210632324,0.20572111,0.06430779,9.4941815e-06,0.019071177,0,0.35536590218544006,0.7325721,0.86709785,0.99998415,0.9690509,0,0.5670672655105591
TSBD_WSSV_51f7222cef,1,0,1,0.7714414,0.013326269,0.13664837,0.11468699,0.00010129469,0.03473262,0,0.07756686210632324,0.7200626,0.83240336,0.9998969,0.9541094,0,0.35536590218544006,0.14328898,0.05290971,1.8184977e-06,0.011157968,0,0.5670672655105591
TSBD_WSSV_148921b882,0,0,1,0.16233358,0.24685979,0.07328416,0.078493744,1.8050981e-05,0.024224369,0,0.07756686210632324,0.22758852,0.8528566,0.9999765,0.9363062,0,0.35536590218544006,0.69912726,0.06864968,5.411015e-06,0.03946943,0,0.5670672655105591
TSBD_WSSV_49f573118f,0,0,0,0.13986817,0.25618422,0.07828804,0.74090934,0.99816126,0.7057341,0,0.07756686210632324,0.30030125,0.11387875,0.00075609796,0.11557746,0,0.35536590218544006,0.62141067,0.14521192,0.0010826793,0.17868851,0,0.5670672655105591
TSBD_WSSV_f7bb98aadd,1,0,2,0.61582863,0.037105173,0.11482002,0.32509434,0.020774813,0.14706975,0,0.07756686210632324,0.09868667,0.03797068,3.5582898e-06,0.009366904,0,0.35536590218544006,0.78649324,0.63693494,0.97922164,0.8435634,0,0.5670672655105591
TSBD_WSSV_32f477127b,1,0,1,0.81953484,0.009237813,0.087671734,0.076691136,1.667327e-05,0.016914163,0,0.07756686210632324,0.7699137,0.8600182,0.9999795,0.9693744,0,0.35536590218544006,0.1424146,0.06329065,3.847072e-06,0.013711444,0,0.5670672655105591
TSBD_WSSV_6532d5dd16,0,0,0,0.21468207,0.20067105,0.30487958,0.8881626,0.99995816,0.9389967,0,0.07756686210632324,0.6164808,0.072499216,4.0536535e-05,0.051474515,0,0.35536590218544006,0.07863959,0.03933818,1.2808345e-06,0.00952885,0,0.5670672655105591
TSBD_WSSV_399a1e23cc,1,0,1,0.7017113,0.0016106577,0.058047183,0.03491499,2.1700298e-06,0.0066806325,0,0.07756686210632324,0.5966468,0.62376463,0.9587985,0.74379206,0,0.35536590218544006,0.34530607,0.34132037,0.04119929,0.24952729,0,0.5670672655105591
TSBD_WSSV_c07e032039,1,0,1,0.6999276,0.028063586,0.07017623,0.06835492,1.0032259e-05,0.013851263,0,0.07756686210632324,0.6966343,0.86281663,0.9999845,0.9674097,0,0.35536590218544006,0.23318954,0.068828404,5.473777e-06,0.01873906,0,0.5670672655105591
TSBD_WSSV_a3b514246a,1,0,1,0.8124256,0.010488415,0.07878595,0.06873457,1.0240935e-05,0.014084552,0,0.07756686210632324,0.7658685,0.8635841,0.9999846,0.97046316,0,0.35536590218544006,0.1553456,0.067681365,5.1366833e-06,0.015452245,0,0.5670672655105591
TSBD_WSSV_9e8ca9f55f,1,1,1,0.8406863,0.0063605607,0.093597285,0.07048846,1.1368097e-05,0.015349093,0,0.07756686210632324,0.7817056,0.86320275,0.999984,0.97087735,1,0.35536590218544006,0.124697074,0.06630878,4.5941692e-06,0.013773614,0,0.5670672655105591
TSBD_WSSV_978efa34a6,1,0,1,0.6900284,0.029768104,0.06432959,0.06498232,8.0801e-06,0.01260928,0,0.07756686210632324,0.69049907,0.8629919,0.9999851,0.9669723,0,0.35536590218544006,0.24517131,0.07202568,6.8653576e-06,0.020418396,0,0.5670672655105591
TSBD_WSSV_4575fa460f,1,0,2,0.7928346,0.0018079344,0.057555817,0.034300208,1.0119661e-06,0.005752249,0,0.07756686210632324,0.23938659,0.22633772,0.005960432,0.12568137,0,0.35536590218544006,0.70305765,0.73936206,0.99403846,0.8685664,0,0.5670672655105591
TSBD_WSSV_6e2231b074,1,0,1,0.5729561,0.05166253,0.059039686,0.061708998,6.367311e-06,0.0118320845,0,0.07756686210632324,0.6141299,0.8606881,0.999984,0.96223956,0,0.35536590218544006,0.32683036,0.07760293,9.616636e-06,0.025928386,0,0.5670672655105591
TSBD_WSSV_18c088457d,1,0,1,0.4124054,0.0898038,0.05571118,0.054369073,3.900453e-06,0.010615886,0,0.07756686210632324,0.49418545,0.85530245,0.99997556,0.9507323,0,0.35536590218544006,0.4501034,0.09032842,2.0569467e-05,0.038651813,0,0.5670672655105591
TSBD_WSSV_77302aa089,1,0,1,0.68924505,0.030368552,0.06400425,0.06997069,1.0950427e-05,0.013800723,0,0.07756686210632324,0.69633925,0.86314726,0.99998415,0.9679535,0,0.35536590218544006,0.23965646,0.06688206,4.8577076e-06,0.018245764,0,0.5670672655105591
TSBD_WSSV_bc1451b5cd,1,0,1,0.80595887,0.008016136,0.06901681,0.04544751,1.9698316e-06,0.008125912,0,0.07756686210632324,0.73407435,0.83725977,0.9999211,0.95446914,0,0.35536590218544006,0.19690883,0.11729274,7.6994045e-05,0.037404925,0,0.5670672655105591
TSBD_WSSV_2c0825dfbc,1,1,2,0.866973,0.0049649207,0.078841545,0.06187982,3.6745132e-06,0.010684048,0,0.07756686210632324,0.105237916,0.05606234,4.2934757e-06,0.011664298,0,0.35536590218544006,0.81592053,0.88205785,0.999992,0.97765166,1,0.5670672655105591
TSBD_WSSV_21eca1a9bc,1,0,1,0.72864497,0.021256914,0.06840441,0.053476002,3.5889511e-06,0.01000931,0,0.07756686210632324,0.6931185,0.85386056,0.9999738,0.96131146,0,0.35536590218544006,0.23847708,0.09266346,2.2618626e-05,0.02867926,0,0.5670672655105591
TSBD_WSSV_a7578fa09c,1,0,2,0.8613512,0.005668954,0.07350652,0.057351448,2.694911e-06,0.009482177,0,0.07756686210632324,0.1153858,0.060166355,6.0011084e-06,0.013315244,0,0.35536590218544006,0.8111077,0.8824822,0.9999913,0.9772026,0,0.5670672655105591
TSBD_WSSV_8acd11d1ec,1,0,1,0.7677606,0.005193172,0.05895901,0.03701969,1.3294625e-06,0.0065588737,0,0.07756686210632324,0.6651947,0.7561187,0.9982651,0.89095026,0,0.35536590218544006,0.2758463,0.20686162,0.0017335842,0.102490865,0,0.5670672655105591
TSBD_WSSV_ce8f668353,1,1,2,0.86712044,0.0049300417,0.076922186,0.058894742,2.9833316e-06,0.009935597,0,0.07756686210632324,0.10767925,0.058647852,5.284555e-06,0.012507275,0,0.35536590218544006,0.8153986,0.88245744,0.9999918,0.9775571,1,0.5670672655105591
TSBD_WSSV_c5bb7f551a,0,0,1,0.508857,0.02264328,0.053487286,0.03285218,3.0905062e-06,0.0064876913,0,0.07756686210632324,0.28836334,0.4946226,0.636599,0.45805582,0,0.35536590218544006,0.6581493,0.47252527,0.36339787,0.5354565,0,0.5670672655105591
TSBD_WSSV_95dc6e27d4,1,1,1,0.8383927,0.0063893087,0.1091152,0.07220667,1.2699927e-05,0.016769752,0,0.07756686210632324,0.7765202,0.8623705,0.99998283,0.9699763,1,0.35536590218544006,0.11436463,0.065422855,4.503857e-06,0.013253915,0,0.5670672655105591
TSBD_WSSV_309436940c,1,0,1,0.75866735,0.01806205,0.071432255,0.06240872,6.9223142e-06,0.012246014,0,0.07756686210632324,0.72671574,0.86234564,0.9999845,0.96772945,0,0.35536590218544006,0.20185195,0.07524564,8.626205e-06,0.020024575,0,0.5670672655105591
TSBD_WSSV_29362e9f5a,1,0,1,0.6513105,0.03463383,0.061050944,0.0526758,3.3698852e-06,0.009637325,0,0.07756686210632324,0.6463167,0.85458666,0.9999732,0.9586497,0,0.35536590218544006,0.29263234,0.09273752,2.3454053e-05,0.03171301,0,0.5670672655105591
TSBD_WSSV_e67891395a,0,0,1,0.3906763,0.10237633,0.051627748,0.0392049,1.3184012e-06,0.0076306374,0,0.07756686210632324,0.3679807,0.7964659,0.99952173,0.8821884,0,0.35536590218544006,0.58039165,0.16432917,0.00047694467,0.110180944,0,0.5670672655105591
TSBD_WSSV_2653717417,1,0,2,0.8616172,0.0026219687,0.06977557,0.038110856,7.074965e-07,0.005952129,0,0.07756686210632324,0.12797566,0.12147821,0.00019162968,0.038016386,0,0.35536590218544006,0.80224884,0.84041095,0.99980766,0.95603144,0,0.5670672655105591
TSBD_WSSV_c98c109e0f,1,0,2,0.47646844,0.033276282,0.055614766,0.032523636,3.008562e-06,0.0064908974,0,0.07756686210632324,0.21122675,0.4514033,0.44380155,0.3655786,0,0.35536590218544006,0.73315847,0.51607305,0.5561955,0.6279305,0,0.5670672655105591
TSBD_WSSV_3339e18081,1,0,2,0.62952447,0.028986052,0.064496644,0.032517143,1.8344692e-06,0.006276771,0,0.07756686210632324,0.14558178,0.34697184,0.09118623,0.21059652,0,0.35536590218544006,0.7899216,0.62051105,0.90881187,0.7831267,0,0.5670672655105591
TSBD_WSSV_f675da990c,0,0,1,0.47339073,0.0670904,0.053253382,0.039125264,1.5640003e-06,0.007580282,0,0.07756686210632324,0.4159895,0.7656659,0.9987662,0.8598051,0,0.35536590218544006,0.5307571,0.19520879,0.001232288,0.13261463,0,0.5670672655105591
TSBD_WSSV_e8d0267684,1,1,2,0.86786044,0.00477235,0.08398127,0.06386593,4.1842695e-06,0.01137398,0,0.07756686210632324,0.10034532,0.054498892,3.7389377e-06,0.011020507,0,0.35536590218544006,0.8156734,0.8816352,0.99999213,0.97760546,1,0.5670672655105591
TSBD_WSSV_93ee9c6175,1,0,2,0.86643445,0.005052138,0.07934696,0.06391086,4.1871117e-06,0.011153669,0,0.07756686210632324,0.104456194,0.054435518,3.7134728e-06,0.0111537445,0,0.35536590218544006,0.8161968,0.8816536,0.99999213,0.97769254,0,0.5670672655105591
TSBD_WSSV_56b93bffca,1,1,2,0.87118834,0.0043041343,0.086396195,0.06520105,4.629814e-06,0.011823393,0,0.07756686210632324,0.09564642,0.05376161,3.4882642e-06,0.010614757,0,0.35536590218544006,0.8179574,0.8810373,0.9999919,0.97756183,1,0.5670672655105591
TSBD_WSSV_05e0a12846,1,1,2,0.87240624,0.0041465806,0.088225245,0.06462266,4.4100134e-06,0.0117446715,0,0.07756686210632324,0.093278445,0.05400421,3.5369949e-06,0.010569757,0,0.35536590218544006,0.81849635,0.8813731,0.999992,0.97768563,1,0.5670672655105591
TSBD_WSSV_0bc0ac833f,1,1,2,0.8712152,0.004204766,0.093722664,0.06544266,4.6299733e-06,0.012192388,0,0.07756686210632324,0.089861,0.053528257,3.4298566e-06,0.010336124,0,0.35536590218544006,0.8164164,0.88102907,0.9999919,0.97747153,1,0.5670672655105591
TSBD_WSSV_026c64bd33,1,0,2,0.8410922,0.008537206,0.07289153,0.06632434,4.8771853e-06,0.011420651,0,0.07756686210632324,0.12550709,0.053176038,3.365721e-06,0.0116115175,0,0.35536590218544006,0.8016014,0.8804996,0.9999918,0.9769678,0,0.5670672655105591
TSBD_WSSV_9f2b1f9f8f,0,0,2,0.19278413,0.2210348,0.07062872,0.044194613,1.2256287e-06,0.010428371,0,0.07756686210632324,0.6977701,0.101879135,7.974452e-05,0.07803022,0,0.35536590218544006,0.23160112,0.8539263,0.99991906,0.9115414,0,0.5670672655105591
TSBD_WSSV_38f10d750a,1,0,2,0.85541797,0.0058241133,0.09944854,0.07424619,8.0326545e-06,0.014805362,0,0.07756686210632324,0.09806048,0.049384627,2.425255e-06,0.009651058,0,0.35536590218544006,0.80249095,0.8763691,0.9999896,0.9755436,0,0.5670672655105591
TSBD_WSSV_76536085a9,1,0,2,0.8314025,0.009947159,0.06972158,0.06412133,4.2408083e-06,0.01079175,0,0.07756686210632324,0.13474074,0.054471582,3.7895056e-06,0.012347813,0,0.35536590218544006,0.7955377,0.88140714,0.9999919,0.97686046,0,0.5670672655105591
TSBD_WSSV_e36aec3084,0,0,2,0.115198046,0.30054435,0.11841807,0.070394695,7.0294136e-06,0.02486063,0,0.07756686210632324,0.7136131,0.055884544,4.6519713e-06,0.038686536,0,0.35536590218544006,0.16796887,0.87372077,0.9999883,0.9364528,0,0.5670672655105591
TSBD_WSSV_b632ff4665,1,0,2,0.52725804,0.06474978,0.070849754,0.06418806,4.326034e-06,0.0118928775,0,0.07756686210632324,0.32145634,0.055173036,4.0503833e-06,0.018615091,0,0.35536590218544006,0.6076939,0.8806389,0.99999166,0.96949196,0,0.5670672655105591
TSBD_WSSV_f392420764,1,1,1,0.8475648,0.005294727,0.1073427,0.0713748,1.19625665e-05,0.016338382,0,0.07756686210632324,0.7847032,0.86260086,0.99998343,0.970596,1,0.35536590218544006,0.107954115,0.066024356,4.615809e-06,0.013065582,0,0.5670672655105591
TSBD_WSSV_08f57edf07,1,0,2,0.8461883,0.007775221,0.07046271,0.06050575,3.3761628e-06,0.0100494055,0,0.07756686210632324,0.12686051,0.057636242,4.847771e-06,0.0129851485,0,0.35536590218544006,0.8026768,0.8818581,0.9999918,0.9769654,0,0.5670672655105591
TSBD_WSSV_922a715bec,1,0,2,0.8497821,0.003492163,0.1362961,0.088395044,2.3287901e-05,0.022418855,0,0.07756686210632324,0.08289167,0.06880258,1.5675574e-05,0.015547878,0,0.35536590218544006,0.7808122,0.8428024,0.999961,0.9620333,0,0.5670672655105591
TSBD_WSSV_aa0b3c4c15,0,0,0,0.2398122,0.13039657,0.20244162,0.5853624,0.7744405,0.5395978,0,0.07756686210632324,0.41286793,0.37520432,0.22555566,0.44292644,0,0.35536590218544006,0.3846905,0.03943333,3.8807752e-06,0.017475821,0,0.5670672655105591
TSBD_WSSV_daa4ba808b,0,0,1,0.16042003,0.2484819,0.07035071,0.0840939,2.4627872e-05,0.026101783,0,0.07756686210632324,0.23158735,0.85149217,0.99997103,0.9374018,0,0.35536590218544006,0.698062,0.064413935,4.3226623e-06,0.036496468,0,0.5670672655105591
TSBD_WSSV_311dd1baf7,0,0,1,0.30722454,0.13450582,0.08114017,0.052297473,1.7559565e-05,0.01691132,0,0.07756686210632324,0.10424442,0.5769945,0.90896285,0.476739,0,0.35536590218544006,0.8146155,0.37070808,0.09101957,0.50634974,0,0.5670672655105591
TSBD_WSSV_34ee093e2e,1,0,2,0.86191416,0.005657696,0.07692142,0.06311219,3.973794e-06,0.010868643,0,0.07756686210632324,0.10987567,0.055151653,3.9653173e-06,0.011583482,0,0.35536590218544006,0.8132029,0.8817361,0.99999213,0.9775479,0,0.5670672655105591
TSBD_WSSV_cbb32ff38a,1,0,2,0.5280782,0.064151414,0.064144306,0.055963118,2.467926e-06,0.009659856,0,0.07756686210632324,0.33320358,0.06249225,7.304967e-06,0.02245106,0,0.35536590218544006,0.60265213,0.88154465,0.9999902,0.967889,0,0.5670672655105591
TSBD_WSSV_9291ca740d,1,1,2,0.87196076,0.0041883653,0.09001324,0.063831724,4.150092e-06,0.011622689,0,0.07756686210632324,0.092337824,0.054496184,3.7004734e-06,0.01067383,0,0.35536590218544006,0.81764895,0.8816721,0.99999213,0.97770345,1,0.5670672655105591
TSBD_WSSV_73bc44153b,1,1,2,0.8719172,0.004178892,0.09160377,0.06362291,4.079125e-06,0.011637968,0,0.07756686210632324,0.091075525,0.05465013,3.745801e-06,0.010663108,0,0.35536590218544006,0.81732064,0.8817269,0.99999225,0.97769886,1,0.5670672655105591
TSBD_WSSV_4491558e57,1,1,2,0.8692937,0.0044096224,0.09295764,0.06674174,5.013944e-06,0.012471937,0,0.07756686210632324,0.09212549,0.052835062,3.2261473e-06,0.010247171,0,0.35536590218544006,0.8149169,0.8804232,0.9999918,0.9772809,1,0.5670672655105591
TSBD_WSSV_1ee4a00587,1,0,2,0.8251599,0.0109562185,0.06564498,0.06337917,4.0294944e-06,0.010413618,0,0.07756686210632324,0.1409988,0.054934286,3.8811186e-06,0.0126648955,0,0.35536590218544006,0.7933562,0.8816865,0.999992,0.97692144,0,0.5670672655105591
TSBD_WSSV_ecb905238d,1,1,2,0.8703328,0.0043636244,0.088664286,0.06565839,4.653923e-06,0.011988121,0,0.07756686210632324,0.09464439,0.0534884,3.3986735e-06,0.010502838,0,0.35536590218544006,0.8166914,0.8808532,0.9999919,0.977509,1,0.5670672655105591
TSBD_WSSV_ccd255a2df,1,0,2,0.861382,0.0057134787,0.078218125,0.06395842,4.1903954e-06,0.011118464,0,0.07756686210632324,0.10906774,0.054425362,3.7152329e-06,0.011339232,0,0.35536590218544006,0.8127141,0.8816163,0.99999213,0.9775423,0,0.5670672655105591
TSBD_WSSV_584c5a10d0,1,1,2,0.8699479,0.0044934144,0.08386432,0.06437474,4.31157e-06,0.011471529,0,0.07756686210632324,0.09873361,0.05442042,3.7277964e-06,0.010938714,0,0.35536590218544006,0.817402,0.8812048,0.999992,0.9775898,1,0.5670672655105591
TSBD_WSSV_aa58f57ab0,1,0,2,0.8533521,0.0069325846,0.071636274,0.06437216,4.2963716e-06,0.0108811185,0,0.07756686210632324,0.11837687,0.0543236,3.6317454e-06,0.011621275,0,0.35536590218544006,0.8099869,0.88130426,0.99999213,0.9774976,0,0.5670672655105591
TSBD_WSSV_4f3b6f89a8,1,1,2,0.87064886,0.004427094,0.084321305,0.06371039,4.116995e-06,0.011331472,0,0.07756686210632324,0.097833484,0.054602034,3.7469651e-06,0.010928191,0,0.35536590218544006,0.8178451,0.8816875,0.99999213,0.97774035,1,0.5670672655105591
TSBD_WSSV_279702ba92,1,0,2,0.8637783,0.0052534975,0.08355722,0.065176584,4.6014266e-06,0.0116936015,0,0.07756686210632324,0.10374301,0.05395384,3.5927621e-06,0.0110259345,0,0.35536590218544006,0.81269974,0.88086957,0.9999918,0.9772805,0,0.5670672655105591
TSBD_WSSV_9dc876dd17,1,0,2,0.5768241,0.054320782,0.056040317,0.061398666,3.5346202e-06,0.010113728,0,0.07756686210632324,0.2988085,0.0569506,4.6705604e-06,0.018570838,0,0.35536590218544006,0.6451512,0.8816507,0.9999918,0.97131544,0,0.5670672655105591
TSBD_WSSV_0ce34b5766,1,0,2,0.8488196,0.0074836332,0.070829876,0.06191497,3.6481542e-06,0.01032193,0,0.07756686210632324,0.1236659,0.05625701,4.3091613e-06,0.012422468,0,0.35536590218544006,0.8055042,0.88182795,0.999992,0.97725564,0,0.5670672655105591
TSBD_WSSV_6c3afb6716,1,0,2,0.79280335,0.014475606,0.16373913,0.06585954,4.7255885e-06,0.015289748,0,0.07756686210632324,0.08027941,0.053654686,3.4688935e-06,0.010212933,0,0.35536590218544006,0.75598145,0.8804858,0.9999918,0.9744974,0,0.5670672655105591
TSBD_WSSV_366db07a25,1,0,2,0.7266914,0.026282456,0.059990376,0.06464029,4.411064e-06,0.010619249,0,0.07756686210632324,0.20333897,0.05417539,3.668658e-06,0.014491715,0,0.35536590218544006,0.7366706,0.88118434,0.9999919,0.97488904,0,0.5670672655105591
TSBD_WSSV_b84a0005bf,1,0,2,0.8665944,0.0049665095,0.08107983,0.06405992,4.218949e-06,0.011270649,0,0.07756686210632324,0.10338078,0.054597568,3.7709833e-06,0.011166001,0,0.35536590218544006,0.8155394,0.8813425,0.999992,0.9775633,0,0.5670672655105591
TSBD_WSSV_6624c91a73,1,1,2,0.8707287,0.0044188015,0.08403939,0.06408108,4.222681e-06,0.011405184,0,0.07756686210632324,0.097888574,0.054379582,3.6575882e-06,0.010857468,0,0.35536590218544006,0.818072,0.8815393,0.99999213,0.97773737,1,0.5670672655105591
TSBD_WSSV_8a1517bc0e,1,0,2,0.56389934,0.05683407,0.06506216,0.06450068,4.395718e-06,0.011446435,0,0.07756686210632324,0.30047637,0.0547393,3.9411084e-06,0.017769998,0,0.35536590218544006,0.63446146,0.88075995,0.99999166,0.9707836,0,0.5670672655105591
TSBD_WSSV_cada06cffd,1,0,2,0.613594,0.045885712,0.053567693,0.05246468,1.9373447e-06,0.008159326,0,0.07756686210632324,0.28984863,0.0666557,9.657946e-06,0.022626655,0,0.35536590218544006,0.65658367,0.8808795,0.99998844,0.96921396,0,0.5670672655105591
TSBD_WSSV_72abeff3dc,1,0,2,0.8645436,0.005258755,0.08026397,0.06383083,4.154341e-06,0.011183062,0,0.07756686210632324,0.10547194,0.05456034,3.7429652e-06,0.01122924,0,0.35536590218544006,0.81426406,0.8816088,0.99999213,0.97758764,0,0.5670672655105591
TSBD_WSSV_71629aa3f2,1,1,2,0.8677215,0.004858259,0.08081743,0.064013645,4.210465e-06,0.011244065,0,0.07756686210632324,0.1024808,0.05437075,3.689581e-06,0.011057135,0,0.35536590218544006,0.8167017,0.88161564,0.99999213,0.9776988,1,0.5670672655105591
TSBD_WSSV_bd69e16b82,0,0,2,0.13413227,0.27918747,0.07361735,0.054002456,2.195167e-06,0.01403621,0,0.07756686210632324,0.7309982,0.06762112,1.0632323e-05,0.04755111,0,0.35536590218544006,0.19538441,0.8783765,0.99998724,0.93841267,0,0.5670672655105591
TSBD_WSSV_6fd5eb945a,0,0,2,0.15151165,0.25623196,0.1372861,0.06819507,1.4670077e-05,0.03093032,0,0.07756686210632324,0.7618175,0.16328269,0.0012892247,0.20430383,0,0.35536590218544006,0.10089642,0.7685222,0.99869615,0.76476586,0,0.5670672655105591
TSBD_WSSV_7ed3990ccb,1,1,1,0.84309584,0.005886646,0.100072116,0.072414815,1.2915256e-05,0.016313203,0,0.07756686210632324,0.782017,0.86209077,0.9999826,0.9703083,1,0.35536590218544006,0.11791091,0.06549441,4.5073834e-06,0.013378504,0,0.5670672655105591
TSBD_WSSV_8b1c70a3bc,1,1,1,0.84149987,0.006299872,0.09190906,0.06991258,1.103748e-05,0.015097708,0,0.07756686210632324,0.7827795,0.8634745,0.99998415,0.9709495,1,0.35536590218544006,0.12531145,0.06661297,4.822438e-06,0.0139528625,0,0.5670672655105591
TSBD_WSSV_f583f8e371,1,0,2,0.8578663,0.0061017917,0.07973585,0.063085414,3.9599317e-06,0.011013938,0,0.07756686210632324,0.111327104,0.055161368,3.9937468e-06,0.011672945,0,0.35536590218544006,0.8089371,0.88175315,0.999992,0.97731316,0,0.5670672655105591
TSBD_WSSV_493953f127,1,0,2,0.86542016,0.005178595,0.07905322,0.06312251,3.991687e-06,0.0109746205,0,0.07756686210632324,0.10575973,0.05500088,3.939708e-06,0.011391336,0,0.35536590218544006,0.81518704,0.88187665,0.99999213,0.977634,0,0.5670672655105591
TSBD_WSSV_1139b0bbb2,1,1,2,0.8692015,0.0046335747,0.08301878,0.063170016,3.992833e-06,0.011160953,0,0.07756686210632324,0.10005513,0.054910902,3.893739e-06,0.0111302985,0,0.35536590218544006,0.81692606,0.8819191,0.99999213,0.9777088,1,0.5670672655105591
TSBD_WSSV_735499e204,0,0,2,0.13030304,0.28287733,0.07938118,0.06325048,4.0185832e-06,0.017443065,0,0.07756686210632324,0.721054,0.057846278,5.0691824e-06,0.037995186,0,0.35536590218544006,0.19956486,0.87890327,0.9999908,0.9445618,0,0.5670672655105591
TSBD_WSSV_01066cc969,0,0,2,0.25333607,0.17102644,0.059879825,0.059712555,3.2240825e-06,0.011970262,0,0.07756686210632324,0.5639378,0.05846707,5.3177478e-06,0.028729707,0,0.35536590218544006,0.37618238,0.88182044,0.9999914,0.9593,0,0.5670672655105591
TSBD_WSSV_941d089361,1,0,2,0.75402766,0.020370075,0.10106793,0.06751801,5.3374547e-06,0.0135186305,0,0.07756686210632324,0.16628236,0.053051732,3.475441e-06,0.013250294,0,0.35536590218544006,0.73264974,0.87943023,0.9999912,0.973231,0,0.5670672655105591
TSBD_WSSV_629e5c7c92,1,0,2,0.83600444,0.009253243,0.07119421,0.06538307,4.576975e-06,0.011125674,0,0.07756686210632324,0.13046339,0.053948194,3.6078147e-06,0.012026934,0,0.35536590218544006,0.79834247,0.8806688,0.9999919,0.97684735,0,0.5670672655105591
TSBD_WSSV_cf01831715,1,0,2,0.43051606,0.08861628,0.07720804,0.068289965,6.280111e-06,0.014138415,0,0.07756686210632324,0.38571888,0.057429053,5.31802e-06,0.022213593,0,0.35536590218544006,0.537073,0.874281,0.9999883,0.963648,0,0.5670672655105591
TSBD_WSSV_2c0f3e0b28,1,0,2,0.85130286,0.0070988527,0.0745687,0.06386952,4.158808e-06,0.01093692,0,0.07756686210632324,0.11874106,0.054657985,3.8113321e-06,0.011792181,0,0.35536590218544006,0.8066902,0.8814725,0.999992,0.9772709,0,0.5670672655105591
TSBD_WSSV_801c0b8b82,0,0,2,0.18728545,0.22290215,0.06573005,0.06255633,3.8225257e-06,0.014231483,0,0.07756686210632324,0.6430967,0.055699483,4.1885924e-06,0.030562157,0,0.35536590218544006,0.29117325,0.88174427,0.999992,0.9552064,0,0.5670672655105591
TSBD_WSSV_f2274525f7,1,0,2,0.86318743,0.0054600425,0.07848757,0.06442338,4.3872933e-06,0.011266123,0,0.07756686210632324,0.10747548,0.054324728,3.7052114e-06,0.011260429,0,0.35536590218544006,0.81403697,0.88125193,0.9999919,0.97747344,0,0.5670672655105591
TSBD_WSSV_2e17c58aad,1,1,2,0.8683945,0.004721797,0.08264009,0.06495655,4.533114e-06,0.011577349,0,0.07756686210632324,0.100558616,0.053890575,3.5506582e-06,0.010857301,0,0.35536590218544006,0.8168013,0.88115287,0.9999919,0.97756535,1,0.5670672655105591
TSBD_WSSV_bb9d07b1e5,1,0,2,0.8603384,0.0059372457,0.074141294,0.06244708,3.7914913e-06,0.010578677,0,0.07756686210632324,0.11285937,0.055506818,4.094871e-06,0.011802109,0,0.35536590218544006,0.81299937,0.8820461,0.99999213,0.9776192,0,0.5670672655105591
TSBD_WSSV_950d6de8a1,1,0,1,0.77525723,0.015529834,0.08630135,0.07474865,1.5105756e-05,0.016513972,0,0.07756686210632324,0.73897725,0.8602115,0.99998057,0.96802557,0,0.35536590218544006,0.17472138,0.06503988,4.3238742e-06,0.01546044,0,0.5670672655105591
TSBD_WSSV_0b909fea6f,1,0,2,0.8651125,0.004940411,0.09623351,0.063736305,4.1729554e-06,0.011933489,0,0.07756686210632324,0.093099155,0.054625448,3.789705e-06,0.0107949395,0,0.35536590218544006,0.81066734,0.8816382,0.999992,0.97727156,0,0.5670672655105591
TSBD_WSSV_50b41d3123,1,1,2,0.8685677,0.0047481656,0.08043732,0.06202389,3.6891765e-06,0.01077543,0,0.07756686210632324,0.10275741,0.05583505,4.2013917e-06,0.011492339,0,0.35536590218544006,0.81680524,0.8821411,0.99999213,0.9777322,1,0.5670672655105591
TSBD_WSSV_1d66e28720,1,0,2,0.8046646,0.013946908,0.06319777,0.062583596,3.839757e-06,0.0101700965,0,0.07756686210632324,0.15593357,0.05553263,4.083776e-06,0.013384412,0,0.35536590218544006,0.78086865,0.88188386,0.99999213,0.9764455,0,0.5670672655105591
TSBD_WSSV_f9303a9060,0,0,2,0.14231564,0.26948774,0.07312055,0.053264704,2.0754944e-06,0.013468739,0,0.07756686210632324,0.71817297,0.06715596,1.0561834e-05,0.0460476,0,0.35536590218544006,0.20870653,0.87957937,0.99998736,0.9404836,0,0.5670672655105591
TSBD_WSSV_ffd6ae5c1c,1,1,2,0.87174386,0.0042747827,0.08592613,0.06342318,4.0538707e-06,0.011345359,0,0.07756686210632324,0.095767476,0.054747894,3.8140631e-06,0.010895774,0,0.35536590218544006,0.8183064,0.88182896,0.99999213,0.9777589,1,0.5670672655105591
TSBD_WSSV_6a97515cc2,0,0,2,0.11180054,0.30804297,0.077139676,0.061048396,3.538113e-06,0.017397631,0,0.07756686210632324,0.7509924,0.057239007,4.869413e-06,0.03995436,0,0.35536590218544006,0.1718679,0.88171256,0.99999154,0.942648,0,0.5670672655105591
TSBD_WSSV_6a19d7effb,1,0,2,0.60857165,0.047499374,0.06323067,0.06263308,3.884687e-06,0.010760535,0,0.07756686210632324,0.27553514,0.055997826,4.4066815e-06,0.017564574,0,0.35536590218544006,0.66123426,0.88136905,0.99999166,0.97167486,0,0.5670672655105591
TSBD_WSSV_9872bb742f,1,0,2,0.86689097,0.004966081,0.080497876,0.065086775,4.5355746e-06,0.011484665,0,0.07756686210632324,0.10299781,0.05371563,3.512537e-06,0.010910753,0,0.35536590218544006,0.81650424,0.8811976,0.999992,0.9776046,0,0.5670672655105591
TSBD_WSSV_e44f2c0a8a,1,0,2,0.81978405,0.011683585,0.06635694,0.06387683,4.1736957e-06,0.010580489,0,0.07756686210632324,0.14405152,0.054705676,3.8335324e-06,0.012724849,0,0.35536590218544006,0.78959155,0.8814175,0.999992,0.9766947,0,0.5670672655105591
TSBD_WSSV_f1294af3d4,0,0,2,0.24022844,0.18367903,0.6300846,0.08831094,1.7159913e-05,0.048067555,0,0.07756686210632324,0.05856651,0.044929825,1.7089061e-06,0.009734522,0,0.35536590218544006,0.31134892,0.8667592,0.99998116,0.942198,0,0.5670672655105591
TSBD_WSSV_264790eb51,1,0,2,0.83257836,0.00971848,0.07152111,0.06381249,4.1433727e-06,0.010815332,0,0.07756686210632324,0.1333328,0.054640416,3.818525e-06,0.012339505,0,0.35536590218544006,0.7951461,0.8815471,0.999992,0.97684515,0,0.5670672655105591
TSBD_WSSV_11430ce0d0,1,0,2,0.72363687,0.026648574,0.063846156,0.06544045,4.644204e-06,0.011044849,0,0.07756686210632324,0.20322357,0.05357273,3.4773268e-06,0.014286125,0,0.35536590218544006,0.7329303,0.88098687,0.9999919,0.974669,0,0.5670672655105591
TSBD_WSSV_74c3607b95,1,1,2,0.8699896,0.0045058923,0.08306094,0.06274947,3.852253e-06,0.011049458,0,0.07756686210632324,0.099691615,0.055532448,4.0308782e-06,0.01124971,0,0.35536590218544006,0.81724745,0.8817181,0.99999213,0.9777008,1,0.5670672655105591
TSBD_WSSV_2c43cd74d0,1,1,2,0.87077355,0.004223913,0.09336927,0.06586863,4.752008e-06,0.012279414,0,0.07756686210632324,0.09070189,0.0535786,3.4448667e-06,0.01038656,0,0.35536590218544006,0.8159289,0.88055277,0.9999918,0.977334,1,0.5670672655105591
TSBD_WSSV_59d2b7350f,1,0,2,0.86077505,0.0058164783,0.07751745,0.066132285,4.8477523e-06,0.011584353,0,0.07756686210632324,0.10902423,0.053105757,3.3355313e-06,0.010974065,0,0.35536590218544006,0.8134584,0.880762,0.9999918,0.9774416,0,0.5670672655105591
TSBD_WSSV_5e189248db,1,1,2,0.8724181,0.004103301,0.09360607,0.063672446,4.107638e-06,0.011745862,0,0.07756686210632324,0.08887867,0.0546244,3.7424231e-06,0.0105673345,0,0.35536590218544006,0.8175153,0.8817031,0.99999225,0.97768676,1,0.5670672655105591
TSBD_WSSV_9f5ca0e80d,1,0,2,0.8518334,0.006457944,0.12528186,0.06739621,5.236194e-06,0.014112327,0,0.07756686210632324,0.07565991,0.052401967,3.1178931e-06,0.009522052,0,0.35536590218544006,0.7990582,0.88020176,0.99999166,0.9763656,0,0.5670672655105591
TSBD_WSSV_b626137b45,1,1,2,0.87239873,0.0041123214,0.09354747,0.06362017,4.087166e-06,0.011726943,0,0.07756686210632324,0.08891654,0.054598626,3.7344444e-06,0.010561905,0,0.35536590218544006,0.81753594,0.88178116,0.99999225,0.97771114,1,0.5670672655105591
TSBD_WSSV_27c2a5d56f,1,0,2,0.86450875,0.0052954983,0.07896933,0.06435835,4.3111672e-06,0.011241637,0,0.07756686210632324,0.10608905,0.05422504,3.6737983e-06,0.011177005,0,0.35536590218544006,0.8149416,0.88141656,0.999992,0.9775814,0,0.5670672655105591
TSBD_WSSV_eee60542d7,1,0,2,0.853926,0.0067052403,0.07599147,0.06434524,4.3124664e-06,0.011121167,0,0.07756686210632324,0.115954846,0.054474045,3.8088062e-06,0.011669419,0,0.35536590218544006,0.80805373,0.88118064,0.9999919,0.97720945,0,0.5670672655105591
TSBD_WSSV_d9ea0715c2,1,0,2,0.86179936,0.005603724,0.07992417,0.06573449,4.7418353e-06,0.01162738,0,0.07756686210632324,0.10719652,0.053481746,3.4625607e-06,0.01102766,0,0.35536590218544006,0.8128793,0.88078374,0.9999918,0.97734493,0,0.5670672655105591
TSBD_WSSV_514bb3ccf8,1,0,2,0.8631298,0.0050301636,0.09965408,0.06825637,5.5237697e-06,0.013196559,0,0.07756686210632324,0.09198536,0.052076392,3.0080087e-06,0.010060551,0,0.35536590218544006,0.8083606,0.87966716,0.99999154,0.97674286,0,0.5670672655105591
TSBD_WSSV_d3cfe64d62,1,0,2,0.8578047,0.0061138337,0.080204174,0.06799431,5.4994957e-06,0.012189931,0,0.07756686210632324,0.10913287,0.05210639,3.0432277e-06,0.010700579,0,0.35536590218544006,0.8106629,0.8798992,0.9999914,0.9771095,0,0.5670672655105591
TSBD_WSSV_f825fa69cd,1,0,2,0.85213804,0.0068081263,0.07767324,0.06618604,5.0108965e-06,0.011709248,0,0.07756686210632324,0.11624443,0.05420652,3.6607712e-06,0.011575082,0,0.35536590218544006,0.80608225,0.8796074,0.9999913,0.9767157,0,0.5670672655105591
TSBD_WSSV_b899fa53da,1,0,2,0.7664585,0.019931877,0.05910068,0.06380027,4.1700237e-06,0.010275202,0,0.07756686210632324,0.18000887,0.054596208,3.8248045e-06,0.013903784,0,0.35536590218544006,0.76089036,0.8816036,0.999992,0.9758211,0,0.5670672655105591
TSBD_WSSV_8b9052d96f,1,0,2,0.8408348,0.008716883,0.067328036,0.062448375,3.812387e-06,0.010282618,0,0.07756686210632324,0.13028795,0.055554904,4.098583e-06,0.012470371,0,0.35536590218544006,0.802384,0.8819967,0.99999213,0.977247,0,0.5670672655105591
TSBD_WSSV_376e37e18c,0,0,2,0.1211168,0.29570353,0.07832337,0.05200264,1.8562274e-06,0.014153822,0,0.07756686210632324,0.74808425,0.068738475,1.1546157e-05,0.05095471,0,0.35536590218544006,0.17359239,0.879259,0.9999865,0.9348915,0,0.5670672655105591
TSBD_WSSV_33b7d18fc1,1,1,2,0.8712226,0.004349298,0.084773004,0.06370955,4.140861e-06,0.011364173,0,0.07756686210632324,0.09703186,0.054609638,3.7332084e-06,0.010887925,0,0.35536590218544006,0.81819516,0.88168085,0.99999213,0.9777479,1,0.5670672655105591
TSBD_WSSV_5ae365cdb5,1,0,2,0.80749714,0.013280701,0.064911395,0.059333153,3.0965016e-06,0.009604671,0,0.07756686210632324,0.1566074,0.058535825,5.2161977e-06,0.014421384,0,0.35536590218544006,0.7784812,0.8821311,0.99999166,0.97597396,0,0.5670672655105591
TSBD_WSSV_48983cce39,1,0,2,0.4963453,0.06972592,0.37474087,0.078489296,1.0356119e-05,0.02840342,0,0.07756686210632324,0.060685102,0.04800059,2.1681142e-06,0.008804748,0,0.35536590218544006,0.56457406,0.87351006,0.9999875,0.9627918,0,0.5670672655105591
TSBD_WSSV_f41afb12de,1,0,2,0.86186546,0.005676532,0.076966524,0.06324174,4.0047544e-06,0.010897626,0,0.07756686210632324,0.10973958,0.054937854,3.85154e-06,0.011490939,0,0.35536590218544006,0.8132939,0.8818204,0.99999213,0.9776115,0,0.5670672655105591
TSBD_WSSV_719214e8fc,0,0,2,0.26284713,0.16418615,0.058942836,0.061376452,3.5732917e-06,0.01215037,0,0.07756686210632324,0.5493504,0.056830756,4.5939114e-06,0.026956938,0,0.35536590218544006,0.39170673,0.88179284,0.9999918,0.9608927,0,0.5670672655105591
TSBD_WSSV_f9b891c236,1,0,2,0.8538951,0.0066832993,0.07760812,0.065198496,4.588487e-06,0.011412812,0,0.07756686210632324,0.11462301,0.053792506,3.5637395e-06,0.011406044,0,0.35536590218544006,0.8077689,0.88100904,0.9999919,0.9771811,0,0.5670672655105591
TSBD_WSSV_60bf799ad0,1,1,2,0.87278783,0.0041208733,0.08794357,0.0635164,4.0779264e-06,0.0114571955,0,0.07756686210632324,0.09329747,0.054690044,3.773275e-06,0.01076657,0,0.35536590218544006,0.81875896,0.88179356,0.99999213,0.9777762,1,0.5670672655105591
TSBD_WSSV_3221471a09,1,0,2,0.82456964,0.01101112,0.0665676,0.06344909,4.0664627e-06,0.010492312,0,0.07756686210632324,0.14094357,0.05482512,3.8376224e-06,0.012627384,0,0.35536590218544006,0.7924888,0.8817258,0.99999213,0.9768803,0,0.5670672655105591
TSBD_WSSV_81c77d6283,1,0,2,0.8631332,0.0050161304,0.112174995,0.06778984,5.403511e-06,0.013652779,0,0.07756686210632324,0.08002241,0.052172136,3.0312078e-06,0.009604899,0,0.35536590218544006,0.80780256,0.880038,0.99999166,0.9767423,0,0.5670672655105591
TSBD_WSSV_7ba0bac7cd,1,0,2,0.69194245,0.029777488,0.15254503,0.06761296,5.3767953e-06,0.015991785,0,0.07756686210632324,0.16443066,0.052510995,3.197144e-06,0.013205309,0,0.35536590218544006,0.6830243,0.879876,0.9999914,0.97080296,0,0.5670672655105591
TSBD_WSSV_b8b164e72b,1,0,2,0.3973902,0.1002059,0.058064703,0.06341778,4.1076137e-06,0.011438056,0,0.07756686210632324,0.4137931,0.05496207,3.9471843e-06,0.021155836,0,0.35536590218544006,0.52814215,0.88162005,0.999992,0.96740615,0,0.5670672655105591
TSBD_WSSV_7942e3c67c,1,0,2,0.8369463,0.0091684405,0.06906194,0.06250356,3.8280564e-06,0.01040246,0,0.07756686210632324,0.13232943,0.055639103,4.149193e-06,0.012596303,0,0.35536590218544006,0.7986086,0.88185734,0.999992,0.9770013,0,0.5670672655105591
TSBD_WSSV_e572949946,1,0,2,0.86375177,0.005131243,0.09114046,0.06470678,4.4238877e-06,0.011930113,0,0.07756686210632324,0.098471776,0.054149292,3.6714794e-06,0.010899377,0,0.35536590218544006,0.81038773,0.881144,0.9999919,0.9771705,0,0.5670672655105591
TSBD_WSSV_a204c36610,1,0,2,0.7550815,0.019540358,0.18372808,0.07107898,6.6340326e-06,0.017869793,0,0.07756686210632324,0.09160002,0.05076927,2.7758763e-06,0.010113066,0,0.35536590218544006,0.7246718,0.8781518,0.9999906,0.97201717,0,0.5670672655105591
TSBD_WSSV_9c4b4f11b8,1,0,2,0.857464,0.0057040164,0.09116929,0.07486866,8.307735e-06,0.014492326,0,0.07756686210632324,0.10179154,0.049538445,2.4872224e-06,0.009827104,0,0.35536590218544006,0.80703914,0.87559295,0.99998915,0.9756806,0,0.5670672655105591
TSBD_WSSV_687a703a75,0,0,2,0.20495622,0.20417956,0.63076574,0.15090168,0.00024949925,0.11718382,0,0.07756686210632324,0.17495771,0.03868771,1.2224361e-06,0.013994817,0,0.35536590218544006,0.1942766,0.8104106,0.99974936,0.8688213,0,0.5670672655105591
TSBD_WSSV_60273dd644,1,0,2,0.8336561,0.009587015,0.07138884,0.06512055,4.591196e-06,0.011129041,0,0.07756686210632324,0.13195544,0.05390061,3.5938451e-06,0.012067218,0,0.35536590218544006,0.79665565,0.8809789,0.9999918,0.9768038,0,0.5670672655105591
TSBD_WSSV_c29e86db5b,1,0,2,0.82913625,0.009269352,0.095631175,0.07955012,1.1235695e-05,0.016227938,0,0.07756686210632324,0.118277974,0.04763284,2.1395858e-06,0.009960592,0,0.35536590218544006,0.7860909,0.87281704,0.99998665,0.97381145,0,0.5670672655105591
TSBD_WSSV_79fa511ed0,1,0,2,0.58799285,0.049383566,0.3062882,0.074777715,8.40802e-06,0.024061158,0,0.07756686210632324,0.070562646,0.04929333,2.4539258e-06,0.009327442,0,0.35536590218544006,0.62314916,0.875929,0.99998903,0.9666114,0,0.5670672655105591
TSBD_WSSV_58e35ef754,0,0,2,0.13736041,0.26823056,0.16780815,0.066371195,5.026265e-06,0.024048423,0,0.07756686210632324,0.6294676,0.053723235,3.6607087e-06,0.03259783,0,0.35536590218544006,0.20272428,0.8799056,0.9999913,0.9433537,0,0.5670672655105591
TSBD_WSSV_1ce4e5b49f,0,0,1,0.6026884,0.0068976413,0.053545468,0.034748424,2.9995533e-06,0.006829872,0,0.07756686210632324,0.46600124,0.58139604,0.89963704,0.6445977,0,0.35536590218544006,0.4804533,0.38385552,0.10035997,0.34857237,0,0.5670672655105591
TSBD_WSSV_ea57134108,1,0,1,0.7367328,0.02103945,0.06503868,0.057291362,4.817621e-06,0.010686984,0,0.07756686210632324,0.7085138,0.8596786,0.9999814,0.96518356,0,0.35536590218544006,0.22644755,0.083029985,1.3822217e-05,0.024129493,0,0.5670672655105591
TSBD_WSSV_8b1af1900d,1,0,1,0.6573462,0.03567347,0.05947264,0.06402754,7.681432e-06,0.012169078,0,0.07756686210632324,0.671963,0.8627786,0.999985,0.9660899,0,0.35536590218544006,0.26856434,0.073193826,7.3965934e-06,0.021741021,0,0.5670672655105591
TSBD_WSSV_2f46cb1b79,1,0,2,0.85952526,0.00541294,0.10544059,0.06824651,5.537393e-06,0.013484635,0,0.07756686210632324,0.09011165,0.052127525,3.1079355e-06,0.010072496,0,0.35536590218544006,0.8044477,0.87962604,0.9999914,0.9764429,0,0.5670672655105591
TSBD_WSSV_383e727d4a,1,1,2,0.870298,0.0043290216,0.09423058,0.064418405,4.3397795e-06,0.011975877,0,0.07756686210632324,0.09026377,0.05416366,3.5991968e-06,0.010510698,0,0.35536590218544006,0.8155057,0.88141793,0.99999213,0.97751343,1,0.5670672655105591
TSBD_WSSV_b076b7af44,1,1,2,0.8703985,0.004385804,0.08808011,0.06437269,4.352972e-06,0.011694197,0,0.07756686210632324,0.09519113,0.054224003,3.6541744e-06,0.010740966,0,0.35536590218544006,0.8167288,0.8814033,0.9999919,0.9775648,1,0.5670672655105591
TSBD_WSSV_6a65b3c303,1,1,2,0.8700058,0.004482124,0.085361905,0.063812636,4.170231e-06,0.011421451,0,0.07756686210632324,0.097633176,0.054577664,3.7292334e-06,0.010911353,0,0.35536590218544006,0.8170049,0.8816097,0.99999213,0.9776672,1,0.5670672655105591
TSBD_WSSV_d552ad13be,1,0,1,0.82945615,0.008081976,0.08161022,0.06805147,9.799565e-06,0.01400792,0,0.07756686210632324,0.7765337,0.8638249,0.99998486,0.9709375,0,0.35536590218544006,0.14185606,0.06812362,5.326697e-06,0.015054527,0,0.5670672655105591
TSBD_WSSV_64069923e3,1,0,2,0.81430304,0.011333792,0.16028602,0.07070362,6.5106096e-06,0.016607163,0,0.07756686210632324,0.0686588,0.050838802,2.7206345e-06,0.008936646,0,0.35536590218544006,0.77105516,0.8784576,0.9999907,0.9744562,0,0.5670672655105591
