sample_id,dataset_id,dataset_version,source_url,doi,license,original_relpath,filename,species,species_evidence,disease_label_raw,disease_label_common,bbox_available,bbox_image_path,bbox_label_path,animal_id,capture_group_id,width,height,sha256_file,sha256_pixels,phash64,duplicate_group_id,duplicate_status,cross_dataset_overlap,label_conflict,keep_final,exclusion_reason,domain_role,split,split_seed
SDBD_Healthy_b40fedff91,SDBD,,https://data.mendeley.com/datasets/jhrtdj9txm/3,10.17632/jhrtdj9txm.3,CC BY 4.0,1. Healthy/Healthy-100-img-1.jpg,Healthy-100-img-1.jpg,UNKNOWN_PENDING_VERIFICATION,Species pending independent provenance verification,Healthy,Healthy,0,,,SDBD_Healthy_0100,SDBD_Healthy_0100,2048,2048,f6f3f8dd83dd0395447dc7952ac021d24fb5387105f26323324280622e1c13f2,b40fedff91484f9a99c2ed1ce6f5c176518799138e94bbfb6e99ea13c81fed3d,e8d4952f6ac0952f,DUPG_00007,unique,0,0,1,,source_candidate,source_train,2026.0
SDBD_Healthy_dcb23af91a,SDBD,,https://data.mendeley.com/datasets/jhrtdj9txm/3,10.17632/jhrtdj9txm.3,CC BY 4.0,1. Healthy/Healthy-100-img-2.jpg,Healthy-100-img-2.jpg,UNKNOWN_PENDING_VERIFICATION,Species pending independent provenance verification,Healthy,Healthy,0,,,SDBD_Healthy_0100,SDBD_Healthy_0100,2048,2048,ada4a6e41b6837dd02c6c82186f351abbeea3596e9b349f89fe4528b14e82f34,dcb23af91a8292d7bd849aa1c5c0fbb5b8533ac64f9755492a13a622fad6a3db,efc492992b4ad0b5,DUPG_00008,unique,0,0,1,,source_candidate,source_train,2026.0
SDBD_Healthy_dd7d4853c6,SDBD,,https://data.mendeley.com/datasets/jhrtdj9txm/3,10.17632/jhrtdj9txm.3,CC BY 4.0,1. Healthy/Healthy-100-img-3.jpg,Healthy-100-img-3.jpg,UNKNOWN_PENDING_VERIFICATION,Species pending independent provenance verification,Healthy,Healthy,0,,,SDBD_Healthy_0100,SDBD_Healthy_0100,2048,2048,1e121ee93cb8e4056f44a7a1234bcfdda1974577704237ee5d8c7c0d62dd0627,dd7d4853c67c5eea27274d458231ca495a8f7f4026db3eeaf6dff0a728a00fab,eac0952d6a90b5eb,DUPG_00009,unique,0,0,1,,source_candidate,source_train,2026.0
SDBD_Healthy_7e08dd05f9,SDBD,,https://data.mendeley.com/datasets/jhrtdj9txm/3,10.17632/jhrtdj9txm.3,CC BY 4.0,1. Healthy/Healthy-101-img-1.jpg,Healthy-101-img-1.jpg,UNKNOWN_PENDING_VERIFICATION,Species pending independent provenance verification,Healthy,Healthy,0,,,SDBD_Healthy_0101,SDBD_Healthy_0101,2048,2048,7c0c565f72fcaacf7b1faf0bdc067093f5dc275cbf3b63f71e1fa90f204f857a,7e08dd05f9fb389ebabcdcff3b63a5732237367e7433a6ff57917e4b9797eae7,cf95b0905f6ea095,DUPG_00010,unique,0,0,1,,source_candidate,source_train,2026.0
SDBD_Healthy_75fe68472d,SDBD,,https://data.mendeley.com/datasets/jhrtdj9txm/3,10.17632/jhrtdj9txm.3,CC BY 4.0,1. Healthy/Healthy-101-img-2.jpg,Healthy-101-img-2.jpg,UNKNOWN_PENDING_VERIFICATION,Species pending independent provenance verification,Healthy,Healthy,0,,,SDBD_Healthy_0101,SDBD_Healthy_0101,2048,2048,97a2a3cad74e7f890f14d4f11432ffbc4c79328137bd8345c4626bef8ed37d10,75fe68472d3d3f05938a41a7370ec6260ea51d1ea769a1c6c59caf46f6f0d750,efc090976f68a0d5,DUPG_00011,unique,0,0,1,,source_candidate,source_train,2026.0
SDBD_Healthy_79b5b8d283,SDBD,,https://data.mendeley.com/datasets/jhrtdj9txm/3,10.17632/jhrtdj9txm.3,CC BY 4.0,1. Healthy/Healthy-101-img-3.jpg,Healthy-101-img-3.jpg,UNKNOWN_PENDING_VERIFICATION,Species pending independent provenance verification,Healthy,Healthy,0,,,SDBD_Healthy_0101,SDBD_Healthy_0101,2048,2048,e9f960ffc2b3f67f3885d7785d8bd6a8b4fee21f638f9fa325449d91bed6a49e,79b5b8d2837787b9611c511ca8bda3256e113aac7843630bf67bc9241102a196,cfadb89915434aac,DUPG_00012,unique,0,0,1,,source_candidate,source_train,2026.0
SDBD_Healthy_c05a87f3ce,SDBD,,https://data.mendeley.com/datasets/jhrtdj9txm/3,10.17632/jhrtdj9txm.3,CC BY 4.0,1. Healthy/Healthy-102-img-1.jpg,Healthy-102-img-1.jpg,UNKNOWN_PENDING_VERIFICATION,Species pending independent provenance verification,Healthy,Healthy,0,,,SDBD_Healthy_0102,SDBD_Healthy_0102,2048,2048,97b62b6ef6870b329b5f2b7ebd29ef7796b9c5c8adff03f9ab77af9546b2e9ee,c05a87f3ce5381a2e13e388e51562b7735a216f0eb3de1369812c29bc3290539,cb97b06a1695a9ca,DUPG_00013,unique,0,0,1,,source_candidate,source_train,2026.0
SDBD_Healthy_90a3e57c65,SDBD,,https://data.mendeley.com/datasets/jhrtdj9txm/3,10.17632/jhrtdj9txm.3,CC BY 4.0,1. Healthy/Healthy-102-img-2.jpg,Healthy-102-img-2.jpg,UNKNOWN_PENDING_VERIFICATION,Species pending independent provenance verification,Healthy,Healthy,0,,,SDBD_Healthy_0102,SDBD_Healthy_0102,2048,2048,01d3d7c5e88f63efc80f108faa790058a2393af69ea71cb9174d1d28b7dfb852,90a3e57c65320d171215e8a48090c000bcf27817015f091b9992952d98f02a9a,efd491e82297b18a,DUPG_00014,unique,0,0,1,,source_candidate,source_train,2026.0
SDBD_Healthy_6c1a1795b6,SDBD,,https://data.mendeley.com/datasets/jhrtdj9txm/3,10.17632/jhrtdj9txm.3,CC BY 4.0,1. Healthy/Healthy-102-img-3.jpg,Healthy-102-img-3.jpg,UNKNOWN_PENDING_VERIFICATION,Species pending independent provenance verification,Healthy,Healthy,0,,,SDBD_Healthy_0102,SDBD_Healthy_0102,2048,2048,e090632b38f49939ab6dbf6e4946e2cad29d472e85dc261832589606f8a947ef,6c1a1795b628d06cd984ac50c926675eec76efaff906df463156fad157cab257,c385bce86a1785f8,DUPG_00015,unique,0,0,1,,source_candidate,source_train,2026.0
SDBD_Healthy_96131d9c64,SDBD,,https://data.mendeley.com/datasets/jhrtdj9txm/3,10.17632/jhrtdj9txm.3,CC BY 4.0,1. Healthy/Healthy-103-img-1.jpg,Healthy-103-img-1.jpg,UNKNOWN_PENDING_VERIFICATION,Species pending independent provenance verification,Healthy,Healthy,0,,,SDBD_Healthy_0103,SDBD_Healthy_0103,2048,2048,f2000143b5efafc8d68ed0d567782e57d571c415f7e64f578ba8005991f4b2b5,96131d9c64681be42879717eb6b79af75a512a4548c7263d20473d3eae9780cf,f0662dccac3d9899,DUPG_00016,unique,0,0,1,,source_candidate,source_train,2026.0
SDBD_Healthy_1697d2efe3,SDBD,,https://data.mendeley.com/datasets/jhrtdj9txm/3,10.17632/jhrtdj9txm.3,CC BY 4.0,1. Healthy/Healthy-103-img-2.jpg,Healthy-103-img-2.jpg,UNKNOWN_PENDING_VERIFICATION,Species pending independent provenance verification,Healthy,Healthy,0,,,SDBD_Healthy_0103,SDBD_Healthy_0103,2048,2048,71687d4d0752611f6c711a7a90ead0fece3fd5f1468b44a45d696dcf9ca63859,1697d2efe395e16134eb9493597f11b1d0e7d258ba8dd8224d4fe66cc6214efe,f3262e8c9c2b9999,DUPG_00017,unique,0,0,1,,source_candidate,source_train,2026.0
SDBD_Healthy_cb5a8d6f5c,SDBD,,https://data.mendeley.com/datasets/jhrtdj9txm/3,10.17632/jhrtdj9txm.3,CC BY 4.0,1. Healthy/Healthy-103-img-3.jpg,Healthy-103-img-3.jpg,UNKNOWN_PENDING_VERIFICATION,Species pending independent provenance verification,Healthy,Healthy,0,,,SDBD_Healthy_0103,SDBD_Healthy_0103,2048,2048,2882d128afdb57e58ce2b324870c1f3c3b35d6ad10cb59ab8aa003fe24cf691d,cb5a8d6f5c9a04d6357d14d2efd9a2dafb49b142620d1b0d8da63b51ad8e2d2b,f72d8cdb99a29212,DUPG_00018,unique,0,0,1,,source_candidate,source_train,2026.0
SDBD_Healthy_4777e3501e,SDBD,,https://data.mendeley.com/datasets/jhrtdj9txm/3,10.17632/jhrtdj9txm.3,CC BY 4.0,1. Healthy/Healthy-104-img-1.jpg,Healthy-104-img-1.jpg,UNKNOWN_PENDING_VERIFICATION,Species pending independent provenance verification,Healthy,Healthy,0,,,SDBD_Healthy_0104,SDBD_Healthy_0104,2048,2048,3c33a007d2be757c7b85a1c15dda5cffbd8d186781439cb976b2cbdcf3bbdbc3,4777e3501e57b504b73507a1597e2e558944dc2f80192115da84ac5ed805e25b,c8dfbe806a7f8085,DUPG_00019,unique,0,0,1,,source_candidate,source_train,2026.0
SDBD_Healthy_42138d8f51,SDBD,,https://data.mendeley.com/datasets/jhrtdj9txm/3,10.17632/jhrtdj9txm.3,CC BY 4.0,1. Healthy/Healthy-104-img-2.jpg,Healthy-104-img-2.jpg,UNKNOWN_PENDING_VERIFICATION,Species pending independent provenance verification,Healthy,Healthy,0,,,SDBD_Healthy_0104,SDBD_Healthy_0104,2048,2048,e082bb0ccfd528ec72c779d6d0c28c18ef19026fc02a6a4b15c9cd96108b7ea1,42138d8f516208aeca5338582266d90e571ac8baa5b6ea3a340c6680d3b8d77b,c3d4940579e083ff,DUPG_00020,unique,0,0,1,,source_candidate,source_train,2026.0
SDBD_Healthy_b080fd019f,SDBD,,https://data.mendeley.com/datasets/jhrtdj9txm/3,10.17632/jhrtdj9txm.3,CC BY 4.0,1. Healthy/Healthy-105-img-1.jpg,Healthy-105-img-1.jpg,UNKNOWN_PENDING_VERIFICATION,Species pending independent provenance verification,Healthy,Healthy,0,,,SDBD_Healthy_0105,SDBD_Healthy_0105,2048,2048,b5536764ba5c833254b5966a5fc120ccedd3ac93ea4a7ac5a85a1e8f32db3a5f,b080fd019f9c90a8c2c609a618165ab5649b3b2a032782ee100458928c89583a,e9c694690f95f06a,DUPG_00021,unique,0,0,1,,source_candidate,source_train,2026.0
SDBD_Healthy_a45489cb0a,SDBD,,https://data.mendeley.com/datasets/jhrtdj9txm/3,10.17632/jhrtdj9txm.3,CC BY 4.0,1. Healthy/Healthy-105-img-2.jpg,Healthy-105-img-2.jpg,UNKNOWN_PENDING_VERIFICATION,Species pending independent provenance verification,Healthy,Healthy,0,,,SDBD_Healthy_0105,SDBD_Healthy_0105,2048,2048,5dd863f521f17250c3ad26083a6ed146fbc97852313d6e6d2850b09c19a847b7,a45489cb0a15cf1d428b2abab5e42da14624174df456e51145d4644aa7f237dc,ede0d46b07946a0f,DUPG_00022,unique,0,0,1,,source_candidate,source_train,2026.0
SDBD_Healthy_d8c8e162db,SDBD,,https://data.mendeley.com/datasets/jhrtdj9txm/3,10.17632/jhrtdj9txm.3,CC BY 4.0,1. Healthy/Healthy-105-img-3.jpg,Healthy-105-img-3.jpg,UNKNOWN_PENDING_VERIFICATION,Species pending independent provenance verification,Healthy,Healthy,0,,,SDBD_Healthy_0105,SDBD_Healthy_0105,2048,2048,65c1b119f5caaaf707fc1917b3c2f77afa41aef1639bfe81e4286e37b0c07aae,d8c8e162dbc20de33d9f90a07e04b8b1d468b20bb48d29fb9679cf008787c65e,e9c794684f97b068,DUPG_00023,unique,0,0,1,,source_candidate,source_train,2026.0
SDBD_Healthy_3b1e60bc22,SDBD,,https://data.mendeley.com/datasets/jhrtdj9txm/3,10.17632/jhrtdj9txm.3,CC BY 4.0,1. Healthy/Healthy-106-img-1.jpg,Healthy-106-img-1.jpg,UNKNOWN_PENDING_VERIFICATION,Species pending independent provenance verification,Healthy,Healthy,0,,,SDBD_Healthy_0106,SDBD_Healthy_0106,2048,2048,0bb6234eb8f16298981da8137dc5479c6952d46f84d28b58fbeae760ee444e98,3b1e60bc2299648e5168a8dd7097036e00f9036d93c0385b5d9b59cdd7a0e20d,fb85b5c02bed8494,DUPG_00024,unique,0,0,1,,source_candidate,source_train,2026.0
SDBD_Healthy_63cfe53ec4,SDBD,,https://data.mendeley.com/datasets/jhrtdj9txm/3,10.17632/jhrtdj9txm.3,CC BY 4.0,1. Healthy/Healthy-106-img-2.jpg,Healthy-106-img-2.jpg,UNKNOWN_PENDING_VERIFICATION,Species pending independent provenance verification,Healthy,Healthy,0,,,SDBD_Healthy_0106,SDBD_Healthy_0106,2048,2048,9c47fa9e731aaac878c7557ed3df52e34818db84374de2da67459283ca5ae672,63cfe53ec47e8d7c230268c0ee53fdada89544e7475010e197e494dbcc5af347,ca85b1d62a291bf5,DUPG_00025,unique,0,0,1,,source_candidate,source_train,2026.0
SDBD_Healthy_4f7bacf940,SDBD,,https://data.mendeley.com/datasets/jhrtdj9txm/3,10.17632/jhrtdj9txm.3,CC BY 4.0,1. Healthy/Healthy-106-img-3.jpg,Healthy-106-img-3.jpg,UNKNOWN_PENDING_VERIFICATION,Species pending independent provenance verification,Healthy,Healthy,0,,,SDBD_Healthy_0106,SDBD_Healthy_0106,2048,2048,22b0f1a0c387ffb304a3ab04a3d0f486cf8fb5c0983bf3cede001c0d8befef3a,4f7bacf94010b6eeef82c20987ebadafb4695bee4b25d44bc933e018abd3d210,fac5956a29d6842b,DUPG_00026,unique,0,0,1,,source_candidate,source_train,2026.0
SDBD_Healthy_078776c1e9,SDBD,,https://data.mendeley.com/datasets/jhrtdj9txm/3,10.17632/jhrtdj9txm.3,CC BY 4.0,1. Healthy/Healthy-108-img-1.jpg,Healthy-108-img-1.jpg,UNKNOWN_PENDING_VERIFICATION,Species pending independent provenance verification,Healthy,Healthy,0,,,SDBD_Healthy_0108,SDBD_Healthy_0108,2048,2048,2c8ae17275e415e34b01cd4c454b8b3bf11968a2a4488840572a5539a460b9d9,078776c1e9a379817aed98b33395be258fdae34e0c13350c4c38aa727721b088,e7339432998c9b65,DUPG_00030,unique,0,0,1,,source_candidate,source_train,2026.0
SDBD_Healthy_a8bb477edc,SDBD,,https://data.mendeley.com/datasets/jhrtdj9txm/3,10.17632/jhrtdj9txm.3,CC BY 4.0,1. Healthy/Healthy-108-img-2.jpg,Healthy-108-img-2.jpg,UNKNOWN_PENDING_VERIFICATION,Species pending independent provenance verification,Healthy,Healthy,0,,,SDBD_Healthy_0108,SDBD_Healthy_0108,2048,2048,8b022bbd938d0ae14776a0448b91178e057b0fa3f7237c6502dc73424f868531,a8bb477edcf37dbe0560bbb26e69287574c92ddac5ef940dc3425288af231885,f333965399c69924,DUPG_00031,unique,0,0,1,,source_candidate,source_train,2026.0
SDBD_Healthy_9a94fad11d,SDBD,,https://data.mendeley.com/datasets/jhrtdj9txm/3,10.17632/jhrtdj9txm.3,CC BY 4.0,1. Healthy/Healthy-108-img-3.jpg,Healthy-108-img-3.jpg,UNKNOWN_PENDING_VERIFICATION,Species pending independent provenance verification,Healthy,Healthy,0,,,SDBD_Healthy_0108,SDBD_Healthy_0108,2048,2048,16c379fca1a0ef4f4adc50138cb8aa354b563bb30979d0e114bb6b4806170fd3,9a94fad11d1b06a6609b91f1d4a31391d20a93a51ef1442660976e69ab9c9d5d,e333a6132c9b5933,DUPG_00032,unique,0,0,1,,source_candidate,source_train,2026.0
SDBD_Healthy_e8c5b4ab99,SDBD,,https://data.mendeley.com/datasets/jhrtdj9txm/3,10.17632/jhrtdj9txm.3,CC BY 4.0,1. Healthy/Healthy-11-img-1.jpg,Healthy-11-img-1.jpg,UNKNOWN_PENDING_VERIFICATION,Species pending independent provenance verification,Healthy,Healthy,0,,,SDBD_Healthy_0011,SDBD_Healthy_0011,2048,2048,a48c74d2c3421b4364d04b6e68b71b7122d2bcad987359d1b32907518b046db6,e8c5b4ab998f966a861dd753375ff84d95d14f000ff229e60d9c55e33ea25e34,b8d3c3a8ce8e30f1,DUPG_00036,canonical,0,0,1,,source_candidate,source_train,2026.0
SDBD_Healthy_651aec5e2d,SDBD,,https://data.mendeley.com/datasets/jhrtdj9txm/3,10.17632/jhrtdj9txm.3,CC BY 4.0,1. Healthy/Healthy-11-img-3.jpg,Healthy-11-img-3.jpg,UNKNOWN_PENDING_VERIFICATION,Species pending independent provenance verification,Healthy,Healthy,0,,,SDBD_Healthy_0011,SDBD_Healthy_0011,2048,2048,ab109690879c97f11b44a3377ffe9ec081ea410aed5732118c55c0ba11868275,651aec5e2d3fcd01f921f0058cb7e6ac75682fdf7964f71cd7bb9de9e065f2e5,aff0d083c31ebc83,DUPG_00037,unique,0,0,1,,source_candidate,source_train,2026.0
SDBD_Healthy_27044bc905,SDBD,,https://data.mendeley.com/datasets/jhrtdj9txm/3,10.17632/jhrtdj9txm.3,CC BY 4.0,1. Healthy/Healthy-110-img-1.jpg,Healthy-110-img-1.jpg,UNKNOWN_PENDING_VERIFICATION,Species pending independent provenance verification,Healthy,Healthy,0,,,SDBD_Healthy_0110,SDBD_Healthy_0110,2048,2048,e46cf632ff00681c399e7f1e868872195f35f6f47ffc881efc8cb342a32db4d8,27044bc9055471986e3df2a615bb584c2ed5056d282c20cff19169769d43ba48,e3ce90814f7eb093,DUPG_00038,unique,0,0,1,,source_candidate,source_train,2026.0
SDBD_Healthy_dd1f43b57d,SDBD,,https://data.mendeley.com/datasets/jhrtdj9txm/3,10.17632/jhrtdj9txm.3,CC BY 4.0,1. Healthy/Healthy-110-img-2.jpg,Healthy-110-img-2.jpg,UNKNOWN_PENDING_VERIFICATION,Species pending independent provenance verification,Healthy,Healthy,0,,,SDBD_Healthy_0110,SDBD_Healthy_0110,2048,2048,efed08fe77d97f586ab44435d63919ad04ba379387dbb388d1f32614d7d75fce,dd1f43b57d9608bda3f73f9edf682d3c3e8c069d5cb4e55f0e0a62dda6e7af5d,ebdc90810f7e7831,DUPG_00039,unique,0,0,1,,source_candidate,source_train,2026.0
SDBD_Healthy_0c9850621e,SDBD,,https://data.mendeley.com/datasets/jhrtdj9txm/3,10.17632/jhrtdj9txm.3,CC BY 4.0,1. Healthy/Healthy-110-img-3.jpg,Healthy-110-img-3.jpg,UNKNOWN_PENDING_VERIFICATION,Species pending independent provenance verification,Healthy,Healthy,0,,,SDBD_Healthy_0110,SDBD_Healthy_0110,2048,2048,e19868e82895e10855fbf4e0ef864352ccd8ecba9b7b2eb1c268fb1f03979030,0c9850621ee5b9262e33bf00b5a40a5547b2c40a159c0e35e6ce77159b14aecb,c1dfbe80036f7c30,DUPG_00040,unique,0,0,1,,source_candidate,source_train,2026.0
SDBD_Healthy_eb6342c734,SDBD,,https://data.mendeley.com/datasets/jhrtdj9txm/3,10.17632/jhrtdj9txm.3,CC BY 4.0,1. Healthy/Healthy-111-img-1.jpg,Healthy-111-img-1.jpg,UNKNOWN_PENDING_VERIFICATION,Species pending independent provenance verification,Healthy,Healthy,0,,,SDBD_Healthy_0111,SDBD_Healthy_0111,2048,2048,f060b46a741f56448375830a56b73ac05f1dfeed3271b26be4ccfad490743448,eb6342c734a0475096572a5031b4a5e92a8ac5ca795381a27496c679c1f81767,cf94a0790fa0789f,DUPG_00041,unique,0,0,1,,source_candidate,source_train,2026.0
SDBD_Healthy_8ec7af949e,SDBD,,https://data.mendeley.com/datasets/jhrtdj9txm/3,10.17632/jhrtdj9txm.3,CC BY 4.0,1. Healthy/Healthy-111-img-2.jpg,Healthy-111-img-2.jpg,UNKNOWN_PENDING_VERIFICATION,Species pending independent provenance verification,Healthy,Healthy,0,,,SDBD_Healthy_0111,SDBD_Healthy_0111,2048,2048,65a9cfea59049c45d6d86a6395f0adf8a5f8978c825b44a6e89f307f26503b73,8ec7af949ec4dab082f2d493d88f34214eb204dc68f1fb464e771f23239c6fa0,cb95b07c0f81f0da,DUPG_00042,unique,0,0,1,,source_candidate,source_train,2026.0
SDBD_Healthy_828bff2010,SDBD,,https://data.mendeley.com/datasets/jhrtdj9txm/3,10.17632/jhrtdj9txm.3,CC BY 4.0,1. Healthy/Healthy-111-img-3.jpg,Healthy-111-img-3.jpg,UNKNOWN_PENDING_VERIFICATION,Species pending independent provenance verification,Healthy,Healthy,0,,,SDBD_Healthy_0111,SDBD_Healthy_0111,2048,2048,403eec93b876a99ab5c0f016d7ee99593439aede2d3b061f849baa6545f02db1,828bff2010a24aa0957b3eab10b29406460dacb93b6b5e5537c4b650e357c88e,cbd7b44b03fc4e01,DUPG_00043,unique,0,0,1,,source_candidate,source_train,2026.0
SDBD_Healthy_37ada550cf,SDBD,,https://data.mendeley.com/datasets/jhrtdj9txm/3,10.17632/jhrtdj9txm.3,CC BY 4.0,1. Healthy/Healthy-112-img-1.jpg,Healthy-112-img-1.jpg,UNKNOWN_PENDING_VERIFICATION,Species pending independent provenance verification,Healthy,Healthy,0,,,SDBD_Healthy_0112,SDBD_Healthy_0112,2048,2048,69e0fbae496b2ae3181069a4c45985fa39b76ed13d37c9a81ed89d0065e3e614,37ada550cf76d681c966d3e8d8857adf87bf2528a310f68f989e1b2369cdd71b,cf94a68c69b284dd,DUPG_00044,unique,0,0,1,,source_candidate,source_train,2026.0
SDBD_Healthy_225aaa74ef,SDBD,,https://data.mendeley.com/datasets/jhrtdj9txm/3,10.17632/jhrtdj9txm.3,CC BY 4.0,1. Healthy/Healthy-112-img-2.jpg,Healthy-112-img-2.jpg,UNKNOWN_PENDING_VERIFICATION,Species pending independent provenance verification,Healthy,Healthy,0,,,SDBD_Healthy_0112,SDBD_Healthy_0112,2048,2048,fc3483a55b6203f313e58c601096317831d5357897ed1c1de8ddf06851c9a6cd,225aaa74efa0a9bc59de572275d5473757a438b834a84a7ab2af6289ad787a13,cf94b392454e2ab9,DUPG_00045,unique,0,0,1,,source_candidate,source_train,2026.0
SDBD_Healthy_2da262f79b,SDBD,,https://data.mendeley.com/datasets/jhrtdj9txm/3,10.17632/jhrtdj9txm.3,CC BY 4.0,1. Healthy/Healthy-112-img-3.jpg,Healthy-112-img-3.jpg,UNKNOWN_PENDING_VERIFICATION,Species pending independent provenance verification,Healthy,Healthy,0,,,SDBD_Healthy_0112,SDBD_Healthy_0112,2048,2048,b2b8fb0960bbc20375d5983c9899582fb89c388efbd25612ebc9c7357e145a5e,2da262f79b723dcdaa1ceabd31d097ae7df645ad70c1f78ddca51df4ea409df1,ffca91650bb1540b,DUPG_00046,unique,0,0,1,,source_candidate,source_train,2026.0
SDBD_Healthy_ec1850014e,SDBD,,https://data.mendeley.com/datasets/jhrtdj9txm/3,10.17632/jhrtdj9txm.3,CC BY 4.0,1. Healthy/Healthy-113-img-1.jpg,Healthy-113-img-1.jpg,UNKNOWN_PENDING_VERIFICATION,Species pending independent provenance verification,Healthy,Healthy,0,,,SDBD_Healthy_0113,SDBD_Healthy_0113,2048,2048,95a7d2562a796673841ae92fc79b61e957c2a1a48b9fc5b28516cb0e2b11a4da,ec1850014e8a0f9b3e71e9f6e09795830eb7395a91182adac1e56da54b87b52a,ef97b1e02cb78301,DUPG_00047,unique,0,0,1,,source_candidate,source_train,2026.0
SDBD_Healthy_3525e9f272,SDBD,,https://data.mendeley.com/datasets/jhrtdj9txm/3,10.17632/jhrtdj9txm.3,CC BY 4.0,1. Healthy/Healthy-113-img-2.jpg,Healthy-113-img-2.jpg,UNKNOWN_PENDING_VERIFICATION,Species pending independent provenance verification,Healthy,Healthy,0,,,SDBD_Healthy_0113,SDBD_Healthy_0113,2048,2048,1020c1edaa8508f14aa67f22d2f2e70634e6387186048f8538eb193582fe1f9d,3525e9f2729ae9c119b2049c6b137d1f46d2f1ce76a86e20e80953e0271b538e,ef9792e868bc8243,DUPG_00048,unique,0,0,1,,source_candidate,source_train,2026.0
SDBD_Healthy_bba79654bb,SDBD,,https://data.mendeley.com/datasets/jhrtdj9txm/3,10.17632/jhrtdj9txm.3,CC BY 4.0,1. Healthy/Healthy-113-img-3.jpg,Healthy-113-img-3.jpg,UNKNOWN_PENDING_VERIFICATION,Species pending independent provenance verification,Healthy,Healthy,0,,,SDBD_Healthy_0113,SDBD_Healthy_0113,2048,2048,e02aa3474576bd9694a34577cf0197ad7ba187c5561b4382f6311365e54736d3,bba79654bb8e30b60b9ebfbde45c7198caa4de1d0894c7c8d203d2ca82802943,e0c09f7f2f9050d6,DUPG_00049,unique,0,0,1,,source_candidate,source_train,2026.0
SDBD_Healthy_16b6bc01df,SDBD,,https://data.mendeley.com/datasets/jhrtdj9txm/3,10.17632/jhrtdj9txm.3,CC BY 4.0,1. Healthy/Healthy-114-img-1.jpg,Healthy-114-img-1.jpg,UNKNOWN_PENDING_VERIFICATION,Species pending independent provenance verification,Healthy,Healthy,0,,,SDBD_Healthy_0114,SDBD_Healthy_0114,2048,2048,51dc73ec53c809832d7e9463c89aaf1f4c971ba9e1f41ec5660f0d73e28de755,16b6bc01df17c4362dc10decc0f45a271bc4a039d5001d6ce759f9870f922228,ca94b5e92e02d1ed,DUPG_00050,unique,0,0,1,,source_candidate,source_train,2026.0
SDBD_Healthy_bb0c003781,SDBD,,https://data.mendeley.com/datasets/jhrtdj9txm/3,10.17632/jhrtdj9txm.3,CC BY 4.0,1. Healthy/Healthy-114-img-2.jpg,Healthy-114-img-2.jpg,UNKNOWN_PENDING_VERIFICATION,Species pending independent provenance verification,Healthy,Healthy,0,,,SDBD_Healthy_0114,SDBD_Healthy_0114,2048,2048,1ae30364d427f3563a4e2008c630871d582c376455d48843335d99b0a574a9c9,bb0c0037814fde8a92b62c46f1256113d6761ecfc7c2d7dcf2b37de03bcaaec0,ca96b5f92a1e9461,DUPG_00051,unique,0,0,1,,source_candidate,source_train,2026.0
SDBD_Healthy_f0825008ec,SDBD,,https://data.mendeley.com/datasets/jhrtdj9txm/3,10.17632/jhrtdj9txm.3,CC BY 4.0,1. Healthy/Healthy-114-img-3.jpg,Healthy-114-img-3.jpg,UNKNOWN_PENDING_VERIFICATION,Species pending independent provenance verification,Healthy,Healthy,0,,,SDBD_Healthy_0114,SDBD_Healthy_0114,2048,2048,4a1fb869c7706bf33b064426c0c55295b8883f6cc726f31b179da78b1972a12a,f0825008ec9b065c72fd49cbfae52b4820740078329c2c0586afec9e4a496057,eac2d5bd2e02d0ad,DUPG_00052,unique,0,0,1,,source_candidate,source_train,2026.0
SDBD_Healthy_eb173be8b8,SDBD,,https://data.mendeley.com/datasets/jhrtdj9txm/3,10.17632/jhrtdj9txm.3,CC BY 4.0,1. Healthy/Healthy-115-img-1.jpg,Healthy-115-img-1.jpg,UNKNOWN_PENDING_VERIFICATION,Species pending independent provenance verification,Healthy,Healthy,0,,,SDBD_Healthy_0115,SDBD_Healthy_0115,2048,2048,ec7ddbaaad729a68f46e32b52bad92668b70380b696730c7a98c5ba04db2340d,eb173be8b82bee31c3f1e0f8cb2e788be31b26d1249fedfcd59f307245b04e66,eac4b5f01a2e2d71,DUPG_00053,unique,0,0,1,,source_candidate,source_train,2026.0
SDBD_Healthy_9bdbae832a,SDBD,,https://data.mendeley.com/datasets/jhrtdj9txm/3,10.17632/jhrtdj9txm.3,CC BY 4.0,1. Healthy/Healthy-115-img-2.jpg,Healthy-115-img-2.jpg,UNKNOWN_PENDING_VERIFICATION,Species pending independent provenance verification,Healthy,Healthy,0,,,SDBD_Healthy_0115,SDBD_Healthy_0115,2048,2048,0140c0bcfaf3043e2aa299e5e97d347ed78f5b8f84eabae3c4a7e3dae23d8276,9bdbae832a9e1fd55c94535f292f8c89664e1a0ccb6291e8707348fea412757c,dac195966a29f1c6,DUPG_00054,unique,0,0,1,,source_candidate,source_train,2026.0
SDBD_Healthy_4c622e71dd,SDBD,,https://data.mendeley.com/datasets/jhrtdj9txm/3,10.17632/jhrtdj9txm.3,CC BY 4.0,1. Healthy/Healthy-115-img-3.jpg,Healthy-115-img-3.jpg,UNKNOWN_PENDING_VERIFICATION,Species pending independent provenance verification,Healthy,Healthy,0,,,SDBD_Healthy_0115,SDBD_Healthy_0115,2048,2048,9c448d62aeb4eaa961fc115bb1ba1794e5425aef652bdf7bc8d998842719f811,4c622e71dd63c80628e7649f964a9615777281a710606809bc5e3151dfc7daaa,cf8cb995124a2f2d,DUPG_00055,unique,0,0,1,,source_candidate,source_train,2026.0
SDBD_Healthy_e181ec03fb,SDBD,,https://data.mendeley.com/datasets/jhrtdj9txm/3,10.17632/jhrtdj9txm.3,CC BY 4.0,1. Healthy/Healthy-116-img-1.jpg,Healthy-116-img-1.jpg,UNKNOWN_PENDING_VERIFICATION,Species pending independent provenance verification,Healthy,Healthy,0,,,SDBD_Healthy_0116,SDBD_Healthy_0116,2048,2048,c4819d3ca933ed4b7e6acd9233a22df8a6abf711762e8790786df3e04e41fe0c,e181ec03fb576c5cec133d678b6bc2277101d6becaf30eea0652c458759577bd,ee94b1911e6a69e1,DUPG_00056,unique,0,0,1,,source_candidate,source_train,2026.0
SDBD_Healthy_63eb8e3d14,SDBD,,https://data.mendeley.com/datasets/jhrtdj9txm/3,10.17632/jhrtdj9txm.3,CC BY 4.0,1. Healthy/Healthy-118-img-1.jpg,Healthy-118-img-1.jpg,UNKNOWN_PENDING_VERIFICATION,Species pending independent provenance verification,Healthy,Healthy,0,,,SDBD_Healthy_0118,SDBD_Healthy_0118,2048,2048,be324b8db7885b239b951f4a3594570980df7a1aa34624631cd6c8bee71e342b,63eb8e3d14fb37fcf39c4e5a95c1e151dff9ebd741dfef816ffb815e85dacd8c,cf87b4f0784b8784,DUPG_00060,unique,0,0,1,,source_candidate,source_train,2026.0
SDBD_Healthy_dad84eb1e5,SDBD,,https://data.mendeley.com/datasets/jhrtdj9txm/3,10.17632/jhrtdj9txm.3,CC BY 4.0,1. Healthy/Healthy-118-img-2.jpg,Healthy-118-img-2.jpg,UNKNOWN_PENDING_VERIFICATION,Species pending independent provenance verification,Healthy,Healthy,0,,,SDBD_Healthy_0118,SDBD_Healthy_0118,2048,2048,148feb5f6ca798ce63577f72fbc8e9d97e46275f51699aee0d203f2386e45e4a,dad84eb1e5d53370a079231e27445b81d36f0aa2084884cc33eab643a8a97109,cf87b0d07a0f8770,DUPG_00061,unique,0,0,1,,source_candidate,source_train,2026.0
SDBD_Healthy_7dd5cc19bc,SDBD,,https://data.mendeley.com/datasets/jhrtdj9txm/3,10.17632/jhrtdj9txm.3,CC BY 4.0,1. Healthy/Healthy-118-img-3.jpg,Healthy-118-img-3.jpg,UNKNOWN_PENDING_VERIFICATION,Species pending independent provenance verification,Healthy,Healthy,0,,,SDBD_Healthy_0118,SDBD_Healthy_0118,2048,2048,cec6c9e0d2d91cab86dd8194a3123847a4749100716c8cccb64eb4143e8643d5,7dd5cc19bc536a66661e613b38dab0d4fa8d8c629c0cff0465a4c8898ca4954a,cf9fa0c0702d8f87,DUPG_00062,unique,0,0,1,,source_candidate,source_train,2026.0
SDBD_Healthy_ca7d949c82,SDBD,,https://data.mendeley.com/datasets/jhrtdj9txm/3,10.17632/jhrtdj9txm.3,CC BY 4.0,1. Healthy/Healthy-119-img-1.jpg,Healthy-119-img-1.jpg,UNKNOWN_PENDING_VERIFICATION,Species pending independent provenance verification,Healthy,Healthy,0,,,SDBD_Healthy_0119,SDBD_Healthy_0119,2048,2048,ed35a997c88d32c6c2b4d9942ff19a098820fc10a0362a5cab5b23e88da56084,ca7d949c82abdfdc531751cf21d26f0acb29212345ad54cf322f10f61544a77a,fdc992620dcc643b,DUPG_00063,unique,0,0,1,,source_candidate,source_train,2026.0
SDBD_Healthy_6f64eed8cb,SDBD,,https://data.mendeley.com/datasets/jhrtdj9txm/3,10.17632/jhrtdj9txm.3,CC BY 4.0,1. Healthy/Healthy-119-img-2.jpg,Healthy-119-img-2.jpg,UNKNOWN_PENDING_VERIFICATION,Species pending independent provenance verification,Healthy,Healthy,0,,,SDBD_Healthy_0119,SDBD_Healthy_0119,2048,2048,1c1b5beaddbcca8ceaa91d789317188e4a3fcf7a69bd5df64985f3fed658ba14,6f64eed8cb22adba4ac78af25f8a978679908bd4bfb0ae91435eec61787089d3,e6cc986393664d9a,DUPG_00064,unique,0,0,1,,source_candidate,source_train,2026.0
SDBD_Healthy_26d8506d9e,SDBD,,https://data.mendeley.com/datasets/jhrtdj9txm/3,10.17632/jhrtdj9txm.3,CC BY 4.0,1. Healthy/Healthy-119-img-3.jpg,Healthy-119-img-3.jpg,UNKNOWN_PENDING_VERIFICATION,Species pending independent provenance verification,Healthy,Healthy,0,,,SDBD_Healthy_0119,SDBD_Healthy_0119,2048,2048,41328cb53f5817816f4ecfadde7a527e8ead135143a04f333769c9423e84f802,26d8506d9e92d528411b219c6e76e493f692f9c4fc0c8d72a701d18381ec3a93,fcc5836834b3c8cd,DUPG_00065,unique,0,0,1,,source_candidate,source_train,2026.0
SDBD_Healthy_4a2cb1be94,SDBD,,https://data.mendeley.com/datasets/jhrtdj9txm/3,10.17632/jhrtdj9txm.3,CC BY 4.0,1. Healthy/Healthy-12-img-1.jpg,Healthy-12-img-1.jpg,UNKNOWN_PENDING_VERIFICATION,Species pending independent provenance verification,Healthy,Healthy,0,,,SDBD_Healthy_0012,SDBD_Healthy_0012,2048,2048,dbd3f34fb68d6072ba9a2d99ac49a58d2164f7fcc06c3d4d46f5ec24b704e799,4a2cb1be94325fec181c1ed7ae4cb91335a668992213bba17d654c84515899b6,fa94a5189e67198e,DUPG_00066,unique,0,0,1,,source_candidate,source_train,2026.0
SDBD_Healthy_377e78b000,SDBD,,https://data.mendeley.com/datasets/jhrtdj9txm/3,10.17632/jhrtdj9txm.3,CC BY 4.0,1. Healthy/Healthy-12-img-2.jpg,Healthy-12-img-2.jpg,UNKNOWN_PENDING_VERIFICATION,Species pending independent provenance verification,Healthy,Healthy,0,,,SDBD_Healthy_0012,SDBD_Healthy_0012,2048,2048,5d134bacdba6df1a59efbe0acc19cbf8eb000ebd3a228873c3d1fcdd8a252acb,377e78b000b3feeb6823c098c79df257678bddae3f2411c57b40f6a2799a7c18,fa9a857998e66198,DUPG_00067,unique,0,0,1,,source_candidate,source_train,2026.0
SDBD_Healthy_bbee404929,SDBD,,https://data.mendeley.com/datasets/jhrtdj9txm/3,10.17632/jhrtdj9txm.3,CC BY 4.0,1. Healthy/Healthy-12-img-3.jpg,Healthy-12-img-3.jpg,UNKNOWN_PENDING_VERIFICATION,Species pending independent provenance verification,Healthy,Healthy,0,,,SDBD_Healthy_0012,SDBD_Healthy_0012,2048,2048,1c9641b00ae991285879a7134db146ba077321343e0e286ecbf58a5c16107533,bbee404929727dde7f337f0b963f54e5131d10147008e18f12aac4e5d17200d4,fa93a5188e6599c6,DUPG_00068,unique,0,0,1,,source_candidate,source_train,2026.0
SDBD_Healthy_167496fcfa,SDBD,,https://data.mendeley.com/datasets/jhrtdj9txm/3,10.17632/jhrtdj9txm.3,CC BY 4.0,1. Healthy/Healthy-120-img-1.jpg,Healthy-120-img-1.jpg,UNKNOWN_PENDING_VERIFICATION,Species pending independent provenance verification,Healthy,Healthy,0,,,SDBD_Healthy_0120,SDBD_Healthy_0120,2048,2048,b3db81538df2f3fee9d7f490afbed65d1a5a7db05024f0ae2d6a7441cd77c0c2,167496fcfa128a9e50a1ce35436de759dbcfbf34347bc85ace304d42f32e0313,9933666b1e9661d8,DUPG_00069,unique,0,0,1,,source_candidate,source_train,2026.0
SDBD_Healthy_69d226d4f4,SDBD,,https://data.mendeley.com/datasets/jhrtdj9txm/3,10.17632/jhrtdj9txm.3,CC BY 4.0,1. Healthy/Healthy-120-img-2.jpg,Healthy-120-img-2.jpg,UNKNOWN_PENDING_VERIFICATION,Species pending independent provenance verification,Healthy,Healthy,0,,,SDBD_Healthy_0120,SDBD_Healthy_0120,2048,2048,fb2fc26bf8d87c7fc53d1bc469a53450479095ac63491820315a987efa39eb4c,69d226d4f4fe4ebf06f808d8b531889e1c375b9742ef6fe8ab19bdb4af25e6d5,cfccb0136b683617,DUPG_00070,unique,0,0,1,,source_candidate,source_train,2026.0
SDBD_Healthy_3959b8cc42,SDBD,,https://data.mendeley.com/datasets/jhrtdj9txm/3,10.17632/jhrtdj9txm.3,CC BY 4.0,1. Healthy/Healthy-120-img-3.jpg,Healthy-120-img-3.jpg,UNKNOWN_PENDING_VERIFICATION,Species pending independent provenance verification,Healthy,Healthy,0,,,SDBD_Healthy_0120,SDBD_Healthy_0120,2048,2048,068af652e765ee027064a08b8dd60fcb76883cd42f6fa73456a6ef7c67575cb3,3959b8cc421c41df19e998ff3e3a336ac1409a8c92c02d11357b99e2071a68b4,e4993e3ec1c10e8f,DUPG_00071,unique,0,0,1,,source_candidate,source_train,2026.0
SDBD_Healthy_6555da253d,SDBD,,https://data.mendeley.com/datasets/jhrtdj9txm/3,10.17632/jhrtdj9txm.3,CC BY 4.0,1. Healthy/Healthy-123-img-1.jpg,Healthy-123-img-1.jpg,UNKNOWN_PENDING_VERIFICATION,Species pending independent provenance verification,Healthy,Healthy,0,,,SDBD_Healthy_0123,SDBD_Healthy_0123,2048,2048,cc0c0d6c088bea3b0717c491dfbd0c8e4f4fc44eabec2cd4a1c7d7d4b7997c2a,6555da253d133e740815ef601ef0eba02219283e6aa8f02d3a2060f33ea8666c,edb192468fd4d81a,DUPG_00078,unique,0,0,1,,source_candidate,source_train,2026.0
SDBD_Healthy_d2ce37cf72,SDBD,,https://data.mendeley.com/datasets/jhrtdj9txm/3,10.17632/jhrtdj9txm.3,CC BY 4.0,1. Healthy/Healthy-123-img-2.jpg,Healthy-123-img-2.jpg,UNKNOWN_PENDING_VERIFICATION,Species pending independent provenance verification,Healthy,Healthy,0,,,SDBD_Healthy_0123,SDBD_Healthy_0123,2048,2048,c1301bc05f762a70a3bdf667fab684b84384a2673e7e7d06367583548106df2f,d2ce37cf7215f0657b8e5b99723a1db780c15976b4c880b770b7b32e40dd3148,f3638c18d9f23a0d,DUPG_00079,unique,0,0,1,,source_candidate,source_train,2026.0
SDBD_Healthy_f30e6b4a8e,SDBD,,https://data.mendeley.com/datasets/jhrtdj9txm/3,10.17632/jhrtdj9txm.3,CC BY 4.0,1. Healthy/Healthy-123-img-3.jpg,Healthy-123-img-3.jpg,UNKNOWN_PENDING_VERIFICATION,Species pending independent provenance verification,Healthy,Healthy,0,,,SDBD_Healthy_0123,SDBD_Healthy_0123,2048,2048,5da00a8ddc49914f88982d2e10635f4f80b2fc1eaa71637a49cf54b843b79882,f30e6b4a8ed3730eb76b4963ee0d6be56ffb647d7ff296fc71dda1b11a7d30a7,fce6839a6865069e,DUPG_00080,unique,0,0,1,,source_candidate,source_train,2026.0
SDBD_Healthy_3ba8fe5ee4,SDBD,,https://data.mendeley.com/datasets/jhrtdj9txm/3,10.17632/jhrtdj9txm.3,CC BY 4.0,1. Healthy/Healthy-125-img-1.jpg,Healthy-125-img-1.jpg,UNKNOWN_PENDING_VERIFICATION,Species pending independent provenance verification,Healthy,Healthy,0,,,SDBD_Healthy_0125,SDBD_Healthy_0125,2048,2048,42996a0def4202b0f6fcf70a131e32f48077aa2c326416c46b5aeacc46d97a66,3ba8fe5ee4887fb3e6510686fff4943230de500a121ffe885b8650e972f3ab11,f6499966dc98246d,DUPG_00084,unique,0,0,1,,source_candidate,source_train,2026.0
SDBD_Healthy_243919e2e4,SDBD,,https://data.mendeley.com/datasets/jhrtdj9txm/3,10.17632/jhrtdj9txm.3,CC BY 4.0,1. Healthy/Healthy-125-img-2.jpg,Healthy-125-img-2.jpg,UNKNOWN_PENDING_VERIFICATION,Species pending independent provenance verification,Healthy,Healthy,0,,,SDBD_Healthy_0125,SDBD_Healthy_0125,2048,2048,f41ae3ff8f1c3280122e02d42923abd04230de9c7dbd38ff6a79bbc56c47a74f,243919e2e442784dcf0e36d9a8be24e1ac2d7b7538e071b0e0edb8dd66bb8581,fc4783987d63205e,DUPG_00085,unique,0,0,1,,source_candidate,source_train,2026.0
SDBD_Healthy_01b9ac5b7b,SDBD,,https://data.mendeley.com/datasets/jhrtdj9txm/3,10.17632/jhrtdj9txm.3,CC BY 4.0,1. Healthy/Healthy-125-img-3.jpg,Healthy-125-img-3.jpg,UNKNOWN_PENDING_VERIFICATION,Species pending independent provenance verification,Healthy,Healthy,0,,,SDBD_Healthy_0125,SDBD_Healthy_0125,2048,2048,d62f70082f9f396d62847200b65fbf19b04d898a8e398619238ad194303d3e68,01b9ac5b7b94e8658655bee693060929623842447eb2894d06e3babae8221541,e6909bcde41619e3,DUPG_00086,unique,0,0,1,,source_candidate,source_train,2026.0
SDBD_Healthy_a15b7b6334,SDBD,,https://data.mendeley.com/datasets/jhrtdj9txm/3,10.17632/jhrtdj9txm.3,CC BY 4.0,1. Healthy/Healthy-127-img-1.jpg,Healthy-127-img-1.jpg,UNKNOWN_PENDING_VERIFICATION,Species pending independent provenance verification,Healthy,Healthy,0,,,SDBD_Healthy_0127,SDBD_Healthy_0127,2048,2048,3fb729fa53354c6800bb869bf10087e1ae50b215763584dd911a4ec49eeb43ab,a15b7b6334c005efd64ca04d6f14cea49e7b98e0017ccb5175941142b52ab71d,fc1c0148f4b91bf6,DUPG_00090,unique,0,0,1,,source_candidate,source_train,2026.0
SDBD_Healthy_63fbc5f1e4,SDBD,,https://data.mendeley.com/datasets/jhrtdj9txm/3,10.17632/jhrtdj9txm.3,CC BY 4.0,1. Healthy/Healthy-127-img-2.jpg,Healthy-127-img-2.jpg,UNKNOWN_PENDING_VERIFICATION,Species pending independent provenance verification,Healthy,Healthy,0,,,SDBD_Healthy_0127,SDBD_Healthy_0127,2048,2048,79566f0a58e390192c6271de21809f1a072f140dbf7336f225a7c09e307e829b,63fbc5f1e4a066c1220d9a86d2540c152a4b43e253b5ddcd939566a06069d641,e6321966dc699365,DUPG_00091,unique,0,0,1,,source_candidate,source_train,2026.0
SDBD_Healthy_7b04e54927,SDBD,,https://data.mendeley.com/datasets/jhrtdj9txm/3,10.17632/jhrtdj9txm.3,CC BY 4.0,1. Healthy/Healthy-127-img-3.jpg,Healthy-127-img-3.jpg,UNKNOWN_PENDING_VERIFICATION,Species pending independent provenance verification,Healthy,Healthy,0,,,SDBD_Healthy_0127,SDBD_Healthy_0127,2048,2048,7429fe6610aa1d77daf03d713976891ee68567161e1181c007cce884948bb43f,7b04e549277b9ef6addf44b7ab8f13d707568466210c1bfc35c59b9e0c3dfd19,dfe0901f68e007bb,DUPG_00092,unique,0,0,1,,source_candidate,source_train,2026.0
SDBD_Healthy_1faba20b39,SDBD,,https://data.mendeley.com/datasets/jhrtdj9txm/3,10.17632/jhrtdj9txm.3,CC BY 4.0,1. Healthy/Healthy-129-img-1.jpg,Healthy-129-img-1.jpg,UNKNOWN_PENDING_VERIFICATION,Species pending independent provenance verification,Healthy,Healthy,0,,,SDBD_Healthy_0129,SDBD_Healthy_0129,2048,2048,211990b5dfa397b839bd456e2080703ad8593a51a0090aea5cfa18713be15acf,1faba20b39886f87fcb3e9b737b438f8f832be15fa045012cb493d4d89f456c7,fb33944ece90099e,DUPG_00096,unique,0,0,1,,source_candidate,source_train,2026.0
SDBD_Healthy_05127a9aff,SDBD,,https://data.mendeley.com/datasets/jhrtdj9txm/3,10.17632/jhrtdj9txm.3,CC BY 4.0,1. Healthy/Healthy-129-img-2.jpg,Healthy-129-img-2.jpg,UNKNOWN_PENDING_VERIFICATION,Species pending independent provenance verification,Healthy,Healthy,0,,,SDBD_Healthy_0129,SDBD_Healthy_0129,2048,2048,8afab7a52f50b0fa72fc960ec12065a03b6a3bfeb65beea12aa1642a6c6e670f,05127a9affa27d411d76b1d883ddff37996bc536d8d8956337114031246f9d33,fe678c98f3260670,DUPG_00097,unique,0,0,1,,source_candidate,source_train,2026.0
SDBD_Healthy_749eeb41d4,SDBD,,https://data.mendeley.com/datasets/jhrtdj9txm/3,10.17632/jhrtdj9txm.3,CC BY 4.0,1. Healthy/Healthy-129-img-3.jpg,Healthy-129-img-3.jpg,UNKNOWN_PENDING_VERIFICATION,Species pending independent provenance verification,Healthy,Healthy,0,,,SDBD_Healthy_0129,SDBD_Healthy_0129,2048,2048,681bccdf735c087e7e657b31ac53e7584c78d49a5e71dedccd077d1ff762385b,749eeb41d484a760166587f97466d6c03bdd587d0a712e787894b1990fcdf5c6,ec9392c9fc3e00d3,DUPG_00098,unique,0,0,1,,source_candidate,source_train,2026.0
SDBD_Healthy_207bd2c789,SDBD,,https://data.mendeley.com/datasets/jhrtdj9txm/3,10.17632/jhrtdj9txm.3,CC BY 4.0,1. Healthy/Healthy-13-img-1.jpg,Healthy-13-img-1.jpg,UNKNOWN_PENDING_VERIFICATION,Species pending independent provenance verification,Healthy,Healthy,0,,,SDBD_Healthy_0013,SDBD_Healthy_0013,2048,2048,957ad1168882e3fd478555111f274b4567caaed94896054ddfa59c1160e52ede,207bd2c7896dc736a73400d46e2a562737c4c21665052c06535d40c72350befc,b1678c99c91ce366,DUPG_00099,unique,0,0,1,,source_candidate,source_train,2026.0
SDBD_Healthy_44ac44cac8,SDBD,,https://data.mendeley.com/datasets/jhrtdj9txm/3,10.17632/jhrtdj9txm.3,CC BY 4.0,1. Healthy/Healthy-13-img-2.jpg,Healthy-13-img-2.jpg,UNKNOWN_PENDING_VERIFICATION,Species pending independent provenance verification,Healthy,Healthy,0,,,SDBD_Healthy_0013,SDBD_Healthy_0013,2048,2048,e4f0416e70741487b6a7a6e5f3d0f3ab689eaaaa9d89b9defd9bc844756a1ad4,44ac44cac8dce5925d4fe3c321f7ef017e964090f84737a8690d7470a93376e4,fa948e6db1da2491,DUPG_00100,unique,0,0,1,,source_candidate,source_train,2026.0
SDBD_Healthy_eb02c90bc2,SDBD,,https://data.mendeley.com/datasets/jhrtdj9txm/3,10.17632/jhrtdj9txm.3,CC BY 4.0,1. Healthy/Healthy-13-img-3.jpg,Healthy-13-img-3.jpg,UNKNOWN_PENDING_VERIFICATION,Species pending independent provenance verification,Healthy,Healthy,0,,,SDBD_Healthy_0013,SDBD_Healthy_0013,2048,2048,5ad5566b8db9e4769a6c5678ebb82af96b710ccbd0b531134c89b7cd432b863d,eb02c90bc2397bfb636fbca35f4463cad42ac4c195b331f9883bfc61d415d28a,e46d9b339898b2a6,DUPG_00101,unique,0,0,1,,source_candidate,source_train,2026.0
SDBD_Healthy_7e1c733ec9,SDBD,,https://data.mendeley.com/datasets/jhrtdj9txm/3,10.17632/jhrtdj9txm.3,CC BY 4.0,1. Healthy/Healthy-130-img-1.jpg,Healthy-130-img-1.jpg,UNKNOWN_PENDING_VERIFICATION,Species pending independent provenance verification,Healthy,Healthy,0,,,SDBD_Healthy_0130,SDBD_Healthy_0130,2048,2048,f5a8bcac0f16e5ecfebf112ba9eff80f3536ba1460d0f98ddba776e1728adbc6,7e1c733ec96b7e618b99cf766ad0c7a539fe2385bdfc168f0b802c5258f9ea0f,f2b38768748f4b50,DUPG_00102,unique,0,0,1,,source_candidate,source_train,2026.0
SDBD_Healthy_7fbace8a47,SDBD,,https://data.mendeley.com/datasets/jhrtdj9txm/3,10.17632/jhrtdj9txm.3,CC BY 4.0,1. Healthy/Healthy-130-img-2.jpg,Healthy-130-img-2.jpg,UNKNOWN_PENDING_VERIFICATION,Species pending independent provenance verification,Healthy,Healthy,0,,,SDBD_Healthy_0130,SDBD_Healthy_0130,2048,2048,ee68259c7ac1f96a59b0ea692231b3b0d78c3c722e9bf5213d86493880e884a4,7fbace8a479a7767941624a42b1396716de45a6609592e8d44db4b53c0c19956,f2c688b9ce694a53,DUPG_00103,unique,0,0,1,,source_candidate,source_train,2026.0
SDBD_Healthy_9fa4e430b1,SDBD,,https://data.mendeley.com/datasets/jhrtdj9txm/3,10.17632/jhrtdj9txm.3,CC BY 4.0,1. Healthy/Healthy-130-img-3.jpg,Healthy-130-img-3.jpg,UNKNOWN_PENDING_VERIFICATION,Species pending independent provenance verification,Healthy,Healthy,0,,,SDBD_Healthy_0130,SDBD_Healthy_0130,2048,2048,4d8dd27b0ca90dc7b28dd085967adf43ae4a6127bd6ba9b6b45fac5d3bec13ab,9fa4e430b10edccc41f52b1fe65be1091bae9cf42db56f42972917cf3f585dde,fde0831f68648b95,DUPG_00104,unique,0,0,1,,source_candidate,source_train,2026.0
SDBD_Healthy_6840d1ce21,SDBD,,https://data.mendeley.com/datasets/jhrtdj9txm/3,10.17632/jhrtdj9txm.3,CC BY 4.0,1. Healthy/Healthy-133-img-1.jpg,Healthy-133-img-1.jpg,UNKNOWN_PENDING_VERIFICATION,Species pending independent provenance verification,Healthy,Healthy,0,,,SDBD_Healthy_0133,SDBD_Healthy_0133,2048,2048,41b64e331f70bf594a0f219bead447b2667985b58f2628e28672cb5502028625,6840d1ce2131bdfed78db968e5ff169e459851e8ec1cfb3e2c8d6fa458c19228,f7c0849bf8430cfc,DUPG_00111,unique,0,0,1,,source_candidate,source_train,2026.0
SDBD_Healthy_82ed822084,SDBD,,https://data.mendeley.com/datasets/jhrtdj9txm/3,10.17632/jhrtdj9txm.3,CC BY 4.0,1. Healthy/Healthy-133-img-2.jpg,Healthy-133-img-2.jpg,UNKNOWN_PENDING_VERIFICATION,Species pending independent provenance verification,Healthy,Healthy,0,,,SDBD_Healthy_0133,SDBD_Healthy_0133,2048,2048,2fcd79ab86b07b8fa4093ffd121df1165349dab9d49a2a626e7f26edef55d315,82ed8220840bb1d71a8888501070644bdf1183bc968f3c133aa0fa3eabf240af,fd121379e60586f2,DUPG_00112,unique,0,0,1,,source_candidate,source_train,2026.0
SDBD_Healthy_c34babc9ec,SDBD,,https://data.mendeley.com/datasets/jhrtdj9txm/3,10.17632/jhrtdj9txm.3,CC BY 4.0,1. Healthy/Healthy-133-img-3.jpg,Healthy-133-img-3.jpg,UNKNOWN_PENDING_VERIFICATION,Species pending independent provenance verification,Healthy,Healthy,0,,,SDBD_Healthy_0133,SDBD_Healthy_0133,2048,2048,b1d8ffe411ec6458fc34049d080440bd858dbec87e37bb607b942c638b6fa65e,c34babc9ec15fbda67ce265576ca2c8f23a5fd625d5831314ea39bc190f94932,e90686f9c60439ef,DUPG_00113,unique,0,0,1,,source_candidate,source_train,2026.0
SDBD_Healthy_c18f80d178,SDBD,,https://data.mendeley.com/datasets/jhrtdj9txm/3,10.17632/jhrtdj9txm.3,CC BY 4.0,1. Healthy/Healthy-134-img-1.jpg,Healthy-134-img-1.jpg,UNKNOWN_PENDING_VERIFICATION,Species pending independent provenance verification,Healthy,Healthy,0,,,SDBD_Healthy_0134,SDBD_Healthy_0134,2048,2048,fffe05cce099b888222b917c196e5fceffd5918726c954018799337f77d8bfc8,c18f80d178107106e92de5e4071a204e5c1bac6bea47582b7d90b63852ff1023,a68ccce6ced8648e,DUPG_00114,unique,0,0,1,,source_candidate,source_train,2026.0
SDBD_Healthy_eed03d3bdc,SDBD,,https://data.mendeley.com/datasets/jhrtdj9txm/3,10.17632/jhrtdj9txm.3,CC BY 4.0,1. Healthy/Healthy-134-img-2.jpg,Healthy-134-img-2.jpg,UNKNOWN_PENDING_VERIFICATION,Species pending independent provenance verification,Healthy,Healthy,0,,,SDBD_Healthy_0134,SDBD_Healthy_0134,2048,2048,c302133cf316d02f38e404cb4c785e0e87488f98717915d11a69c05812451920,eed03d3bdc251365eaf354ff7e256d1ad53937f850d888520adcb31c18d04d7d,eacec4964acc9336,DUPG_00115,unique,0,0,1,,source_candidate,source_train,2026.0
SDBD_Healthy_60555eb04c,SDBD,,https://data.mendeley.com/datasets/jhrtdj9txm/3,10.17632/jhrtdj9txm.3,CC BY 4.0,1. Healthy/Healthy-134-img-3.jpg,Healthy-134-img-3.jpg,UNKNOWN_PENDING_VERIFICATION,Species pending independent provenance verification,Healthy,Healthy,0,,,SDBD_Healthy_0134,SDBD_Healthy_0134,2048,2048,80817bdc4157c9c89cac8281c9a72564acfec87b9913683090f67fe921db8e73,60555eb04cbf16f8cca9f36b0c3e5e52d561674400ee431da4f07398978cb7c2,e4c6c688ce8f6666,DUPG_00116,unique,0,0,1,,source_candidate,source_train,2026.0
SDBD_Healthy_660ea4b491,SDBD,,https://data.mendeley.com/datasets/jhrtdj9txm/3,10.17632/jhrtdj9txm.3,CC BY 4.0,1. Healthy/Healthy-136-img-1.jpg,Healthy-136-img-1.jpg,UNKNOWN_PENDING_VERIFICATION,Species pending independent provenance verification,Healthy,Healthy,0,,,SDBD_Healthy_0136,SDBD_Healthy_0136,2048,2048,58ca61b404d5a5b65abe37c685ad185ad45d2ed26807808c9481962e5abb7398,660ea4b4912eb67a0f13afdc6d52684bd264601b419a333f0cfcd07bff9441a2,f34f89f29601636c,DUPG_00120,unique,0,0,1,,source_candidate,source_train,2026.0
SDBD_Healthy_38823721ff,SDBD,,https://data.mendeley.com/datasets/jhrtdj9txm/3,10.17632/jhrtdj9txm.3,CC BY 4.0,1. Healthy/Healthy-136-img-2.jpg,Healthy-136-img-2.jpg,UNKNOWN_PENDING_VERIFICATION,Species pending independent provenance verification,Healthy,Healthy,0,,,SDBD_Healthy_0136,SDBD_Healthy_0136,2048,2048,e80782ba8fca3fe9cb54185d92b3b296e6961a219aa7539b912ac4e4cf3da9d4,38823721ff6235b96b001cd4e00e0f9bcbd4c67db7317840e2753e7622249ca3,fa2585da7a0505fa,DUPG_00121,unique,0,0,1,,source_candidate,source_train,2026.0
SDBD_Healthy_7c5aaeccaf,SDBD,,https://data.mendeley.com/datasets/jhrtdj9txm/3,10.17632/jhrtdj9txm.3,CC BY 4.0,1. Healthy/Healthy-136-img-3.jpg,Healthy-136-img-3.jpg,UNKNOWN_PENDING_VERIFICATION,Species pending independent provenance verification,Healthy,Healthy,0,,,SDBD_Healthy_0136,SDBD_Healthy_0136,2048,2048,8ee293e393c3f706809fc003478904c1edaebc4e8a125d2a5d82e0ab328e7574,7c5aaeccaf19fc33f7ff76ea18aea7598b1c6e0e8239d03d6218593cf72ca8fa,e99996e0c937e4c1,DUPG_00122,unique,0,0,1,,source_candidate,source_train,2026.0
SDBD_Healthy_8c2929dfbd,SDBD,,https://data.mendeley.com/datasets/jhrtdj9txm/3,10.17632/jhrtdj9txm.3,CC BY 4.0,1. Healthy/Healthy-137-img-1.jpg,Healthy-137-img-1.jpg,UNKNOWN_PENDING_VERIFICATION,Species pending independent provenance verification,Healthy,Healthy,0,,,SDBD_Healthy_0137,SDBD_Healthy_0137,2048,2048,d3bc8d4ddabc12d07e5654ffd1b07c2ab9e97d035d4c323fa0b0236cb3bdf49c,8c2929dfbdbb3671a7607c1f7817f58ebf820e075461f79959317e9614940848,e9e897176ce2830d,DUPG_00123,unique,0,0,1,,source_candidate,source_train,2026.0
SDBD_Healthy_ddbb3ce57b,SDBD,,https://data.mendeley.com/datasets/jhrtdj9txm/3,10.17632/jhrtdj9txm.3,CC BY 4.0,1. Healthy/Healthy-137-img-2.jpg,Healthy-137-img-2.jpg,UNKNOWN_PENDING_VERIFICATION,Species pending independent provenance verification,Healthy,Healthy,0,,,SDBD_Healthy_0137,SDBD_Healthy_0137,2048,2048,08acd6cd3cea363f8c8f50a6d2849234958e7b01ceb3402c08a8ff00da44147e,ddbb3ce57b9ce6b8afe6e774e432b2bf272af575bea09407155f8a485046280e,e5f2920b6ddc2623,DUPG_00124,unique,0,0,1,,source_candidate,source_train,2026.0
SDBD_Healthy_62f62b0b71,SDBD,,https://data.mendeley.com/datasets/jhrtdj9txm/3,10.17632/jhrtdj9txm.3,CC BY 4.0,1. Healthy/Healthy-137-img-3.jpg,Healthy-137-img-3.jpg,UNKNOWN_PENDING_VERIFICATION,Species pending independent provenance verification,Healthy,Healthy,0,,,SDBD_Healthy_0137,SDBD_Healthy_0137,2048,2048,e732e768957f6c8c9171cf2ceec3adeb8eaf8f8ebb95ea7b79daf6d6c939cd78,62f62b0b71ceaedb504bdc6fd128ad87362d910007d8297f625ba67599255fea,fcd88263ff9c3021,DUPG_00125,unique,0,0,1,,source_candidate,source_train,2026.0
SDBD_Healthy_aac04873d8,SDBD,,https://data.mendeley.com/datasets/jhrtdj9txm/3,10.17632/jhrtdj9txm.3,CC BY 4.0,1. Healthy/Healthy-140-img-1.jpg,Healthy-140-img-1.jpg,UNKNOWN_PENDING_VERIFICATION,Species pending independent provenance verification,Healthy,Healthy,0,,,SDBD_Healthy_0140,SDBD_Healthy_0140,2048,2048,5fa908e6b438c0df52ddc52ea099c3971f243a95447cc6d3378dbe26233a21ff,aac04873d85968b097b181a20f01f897234281ce4de9aad08620a3af1e8c32a4,f61389eed911316c,DUPG_00135,unique,0,0,1,,source_candidate,source_train,2026.0
SDBD_Healthy_fc8adea2f3,SDBD,,https://data.mendeley.com/datasets/jhrtdj9txm/3,10.17632/jhrtdj9txm.3,CC BY 4.0,1. Healthy/Healthy-140-img-2.jpg,Healthy-140-img-2.jpg,UNKNOWN_PENDING_VERIFICATION,Species pending independent provenance verification,Healthy,Healthy,0,,,SDBD_Healthy_0140,SDBD_Healthy_0140,2048,2048,e7755f6d79192d9bcfa2a701dc377f004143984c609c578e410411d9ad9a786e,fc8adea2f3dfabb4e9b80c859f82615a4722f2c2e5515fc9b388eeb2496596de,ecc6c66d39313998,DUPG_00136,unique,0,0,1,,source_candidate,source_train,2026.0
SDBD_Healthy_bb76ba2543,SDBD,,https://data.mendeley.com/datasets/jhrtdj9txm/3,10.17632/jhrtdj9txm.3,CC BY 4.0,1. Healthy/Healthy-140-img-3.jpg,Healthy-140-img-3.jpg,UNKNOWN_PENDING_VERIFICATION,Species pending independent provenance verification,Healthy,Healthy,0,,,SDBD_Healthy_0140,SDBD_Healthy_0140,2048,2048,c91f8af260e20aeae6f0ca20737a756d8ff7a711d79d631930d0d729899d03ae,bb76ba2543f5dc3e0a440b1f860f8dde0c6d05b279afcfa36bc5b41319832357,b8989365c8e36763,DUPG_00137,unique,0,0,1,,source_candidate,source_train,2026.0
SDBD_Healthy_c07daa5a6c,SDBD,,https://data.mendeley.com/datasets/jhrtdj9txm/3,10.17632/jhrtdj9txm.3,CC BY 4.0,1. Healthy/Healthy-141-img-1.jpg,Healthy-141-img-1.jpg,UNKNOWN_PENDING_VERIFICATION,Species pending independent provenance verification,Healthy,Healthy,0,,,SDBD_Healthy_0141,SDBD_Healthy_0141,2048,2048,39d4cd28e8f734b13d60fad63d008cb5e84662f118b4441c4c092516c787652a,c07daa5a6ca7afe653f1528f23f8b1423db70646441363b4acf8bbfc8eeb8806,f7ec8919de970340,DUPG_00138,unique,0,0,1,,source_candidate,source_train,2026.0
SDBD_Healthy_df1c4f985f,SDBD,,https://data.mendeley.com/datasets/jhrtdj9txm/3,10.17632/jhrtdj9txm.3,CC BY 4.0,1. Healthy/Healthy-141-img-2.jpg,Healthy-141-img-2.jpg,UNKNOWN_PENDING_VERIFICATION,Species pending independent provenance verification,Healthy,Healthy,0,,,SDBD_Healthy_0141,SDBD_Healthy_0141,2048,2048,96fefb8dc3cd46fc3a35f72b48189ac1b1ae052155db280f0cd3bfec33d74e82,df1c4f985f8e00cc8ee22ddcaebb1ce83a5620222815df3e9eebd3cb51bf9713,ee8d8592fa6c2589,DUPG_00139,unique,0,0,1,,source_candidate,source_train,2026.0
SDBD_Healthy_b56ddbb3c3,SDBD,,https://data.mendeley.com/datasets/jhrtdj9txm/3,10.17632/jhrtdj9txm.3,CC BY 4.0,1. Healthy/Healthy-141-img-3.jpg,Healthy-141-img-3.jpg,UNKNOWN_PENDING_VERIFICATION,Species pending independent provenance verification,Healthy,Healthy,0,,,SDBD_Healthy_0141,SDBD_Healthy_0141,2048,2048,7327793e1b173911200f7b2e5d0b4ce86bb77487bcdd0689d1f2800888aae99a,b56ddbb3c396393d3e163cfff066914ff36070e7a494627c0958c5629fd3d12e,ee9564ca361903ed,DUPG_00140,unique,0,0,1,,source_candidate,source_train,2026.0
SDBD_Healthy_8a74cf871c,SDBD,,https://data.mendeley.com/datasets/jhrtdj9txm/3,10.17632/jhrtdj9txm.3,CC BY 4.0,1. Healthy/Healthy-15-img-1.jpg,Healthy-15-img-1.jpg,UNKNOWN_PENDING_VERIFICATION,Species pending independent provenance verification,Healthy,Healthy,0,,,SDBD_Healthy_0015,SDBD_Healthy_0015,2048,2048,2fd1f0006e4b48f877688549e2a987a870f3cd9172931db721cc7b82649e31a5,8a74cf871c14f342a4bd6f853baec155fb2bd9f7815f410daa523abd2ab6a1f0,ed90d2e73d58c0a6,DUPG_00144,unique,0,0,1,,source_candidate,source_train,2026.0
SDBD_Healthy_c4ce4d661e,SDBD,,https://data.mendeley.com/datasets/jhrtdj9txm/3,10.17632/jhrtdj9txm.3,CC BY 4.0,1. Healthy/Healthy-15-img-2.jpg,Healthy-15-img-2.jpg,UNKNOWN_PENDING_VERIFICATION,Species pending independent provenance verification,Healthy,Healthy,0,,,SDBD_Healthy_0015,SDBD_Healthy_0015,2048,2048,2a51873f7fce93ff2b3431a7a06b729d9d8ab09c773f438f223edbe224214be3,c4ce4d661e9ee750a5a88ed0eb43b063ce0d792c15cf43fd08e6a95fca482a4c,fd9092673cd8c136,DUPG_00145,unique,0,0,1,,source_candidate,source_train,2026.0
SDBD_Healthy_739c51be4a,SDBD,,https://data.mendeley.com/datasets/jhrtdj9txm/3,10.17632/jhrtdj9txm.3,CC BY 4.0,1. Healthy/Healthy-15-img-3.jpg,Healthy-15-img-3.jpg,UNKNOWN_PENDING_VERIFICATION,Species pending independent provenance verification,Healthy,Healthy,0,,,SDBD_Healthy_0015,SDBD_Healthy_0015,2048,2048,cfa8f2cd60bf5d477d4b23e21c30c188f2edd5216dfe7fd2b6e99e68bb7ae807,739c51be4a85f1aa14483fa58d9117eed8d52a84fe8f068d74f9b07ea1fa5fc5,fc81863e69871e71,DUPG_00146,unique,0,0,1,,source_candidate,source_train,2026.0
SDBD_Healthy_bb2be79030,SDBD,,https://data.mendeley.com/datasets/jhrtdj9txm/3,10.17632/jhrtdj9txm.3,CC BY 4.0,1. Healthy/Healthy-17-img-1.jpg,Healthy-17-img-1.jpg,UNKNOWN_PENDING_VERIFICATION,Species pending independent provenance verification,Healthy,Healthy,0,,,SDBD_Healthy_0017,SDBD_Healthy_0017,2048,2048,64f4d112806e591bba4429eba674a48a8f3468ecbeb2d5eb6dc59f12931afa4a,bb2be7903088d7df64e7915289131ecb8a303792106596043684e0bb89bbcaea,fef1811e3cc19f20,DUPG_00149,canonical,0,0,1,,source_candidate,source_train,2026.0
SDBD_Healthy_0a1cf393c0,SDBD,,https://data.mendeley.com/datasets/jhrtdj9txm/3,10.17632/jhrtdj9txm.3,CC BY 4.0,1. Healthy/Healthy-17-img-3.jpg,Healthy-17-img-3.jpg,UNKNOWN_PENDING_VERIFICATION,Species pending independent provenance verification,Healthy,Healthy,0,,,SDBD_Healthy_0017,SDBD_Healthy_0017,2048,2048,9fe022e9f15db5a00677ccf752ddde0c741ff37b6173f208cb26c39ff3112c47,0a1cf393c00c6d9cd2fcde033b90bed1024bc068daf03859e49033ead96aa7ba,fee0c13f7cc09330,DUPG_00150,unique,0,0,1,,source_candidate,source_train,2026.0
SDBD_Healthy_94793dacd8,SDBD,,https://data.mendeley.com/datasets/jhrtdj9txm/3,10.17632/jhrtdj9txm.3,CC BY 4.0,1. Healthy/Healthy-18-img-1.jpg,Healthy-18-img-1.jpg,UNKNOWN_PENDING_VERIFICATION,Species pending independent provenance verification,Healthy,Healthy,0,,,SDBD_Healthy_0018,SDBD_Healthy_0018,2048,2048,e1410304e06099746ef13a8463b6e98800e8f627f30904a56a6998926282ddc0,94793dacd813f12f73d8993cac4d37125f482e45586e561628658bab3c4e177b,a5b393999d4c6c13,DUPG_00151,unique,0,0,1,,source_candidate,source_train,2026.0
SDBD_Healthy_9fd1a8d0f0,SDBD,,https://data.mendeley.com/datasets/jhrtdj9txm/3,10.17632/jhrtdj9txm.3,CC BY 4.0,1. Healthy/Healthy-18-img-2.jpg,Healthy-18-img-2.jpg,UNKNOWN_PENDING_VERIFICATION,Species pending independent provenance verification,Healthy,Healthy,0,,,SDBD_Healthy_0018,SDBD_Healthy_0018,2048,2048,0f3fdac59a5a255e9872e6e9e5bfc0f0fe11fb9e69677c2b00e2b8f26d3a1cdb,9fd1a8d0f09a227d37925e15d763132d20d112985f9719026a8283f6cba4ac94,b6a4c8991bc3f03e,DUPG_00152,unique,0,0,1,,source_candidate,source_train,2026.0
SDBD_Healthy_6a73b344a5,SDBD,,https://data.mendeley.com/datasets/jhrtdj9txm/3,10.17632/jhrtdj9txm.3,CC BY 4.0,1. Healthy/Healthy-18-img-3.jpg,Healthy-18-img-3.jpg,UNKNOWN_PENDING_VERIFICATION,Species pending independent provenance verification,Healthy,Healthy,0,,,SDBD_Healthy_0018,SDBD_Healthy_0018,2048,2048,2972af126e022629a65327bae5c21ad20aacb13df3bf635148121e696208d9ff,6a73b344a57fb81bd176a5899460b48ca9ba8ffa042f05f0bc7eab4e0da98d4b,be85d14a2d95d269,DUPG_00153,unique,0,0,1,,source_candidate,source_train,2026.0
SDBD_Healthy_1d4ea4e328,SDBD,,https://data.mendeley.com/datasets/jhrtdj9txm/3,10.17632/jhrtdj9txm.3,CC BY 4.0,1. Healthy/Healthy-19-img-1.jpg,Healthy-19-img-1.jpg,UNKNOWN_PENDING_VERIFICATION,Species pending independent provenance verification,Healthy,Healthy,0,,,SDBD_Healthy_0019,SDBD_Healthy_0019,2048,2048,bc6a0e2e2fce6fc938bc51b78ad496906a542c1c7c4a2fbd7656f5de2ef71a07,1d4ea4e32828f350515efdef263ee7a4e930f13907acbf85c0bdb656f33a82ea,b3b0ccc64cb933b2,DUPG_00154,unique,0,0,1,,source_candidate,source_train,2026.0
SDBD_Healthy_886cb0efcd,SDBD,,https://data.mendeley.com/datasets/jhrtdj9txm/3,10.17632/jhrtdj9txm.3,CC BY 4.0,1. Healthy/Healthy-19-img-2.jpg,Healthy-19-img-2.jpg,UNKNOWN_PENDING_VERIFICATION,Species pending independent provenance verification,Healthy,Healthy,0,,,SDBD_Healthy_0019,SDBD_Healthy_0019,2048,2048,61266c0b61b8765ea25dd2afb087953c1453c981fefd1537b1c4d2d442155dc3,886cb0efcdf9183ccd439ae047f8d9bd9f6168baf14ca1d54fd6f1baf32f1600,b3bccc864cb13633,DUPG_00155,unique,0,0,1,,source_candidate,source_train,2026.0
SDBD_Healthy_3509077f0f,SDBD,,https://data.mendeley.com/datasets/jhrtdj9txm/3,10.17632/jhrtdj9txm.3,CC BY 4.0,1. Healthy/Healthy-19-img-3.jpg,Healthy-19-img-3.jpg,UNKNOWN_PENDING_VERIFICATION,Species pending independent provenance verification,Healthy,Healthy,0,,,SDBD_Healthy_0019,SDBD_Healthy_0019,2048,2048,1a24273adee968e232cf9d569f8f642f0112cab3dc89b9d126cd71a36d4c901c,3509077f0fe5a2a476bd6d77bd384765beb3187d318c885a7e274dacb9715653,a694d9cc99db1866,DUPG_00156,unique,0,0,1,,source_candidate,source_train,2026.0
SDBD_Healthy_79e77eb3dd,SDBD,,https://data.mendeley.com/datasets/jhrtdj9txm/3,10.17632/jhrtdj9txm.3,CC BY 4.0,1. Healthy/Healthy-2-img-1.jpg,Healthy-2-img-1.jpg,UNKNOWN_PENDING_VERIFICATION,Species pending independent provenance verification,Healthy,Healthy,0,,,SDBD_Healthy_0002,SDBD_Healthy_0002,2048,2048,2c53a0dcc61f52569a3fcc2042385382cd828da093324545447f6df86cc0128c,79e77eb3dd835143f4feb0568d10a5470feee1357bba87af0e209e291493dd19,cfcd9892372748d8,DUPG_00157,unique,0,0,1,,source_candidate,source_train,2026.0
SDBD_Healthy_4cdb8c216c,SDBD,,https://data.mendeley.com/datasets/jhrtdj9txm/3,10.17632/jhrtdj9txm.3,CC BY 4.0,1. Healthy/Healthy-2-img-2.jpg,Healthy-2-img-2.jpg,UNKNOWN_PENDING_VERIFICATION,Species pending independent provenance verification,Healthy,Healthy,0,,,SDBD_Healthy_0002,SDBD_Healthy_0002,2048,2048,df5fb8f0d93b994bc45de62e0f2128383bcf59dd03b9043f4add32be148347d8,4cdb8c216cd53fc459787ed7110c4a428c4dab28b6b6f2565a7cd1cec17f0be9,efcd90b62e49d034,DUPG_00158,unique,0,0,1,,source_candidate,source_train,2026.0
SDBD_Healthy_77fe2119e8,SDBD,,https://data.mendeley.com/datasets/jhrtdj9txm/3,10.17632/jhrtdj9txm.3,CC BY 4.0,1. Healthy/Healthy-2-img-3.jpg,Healthy-2-img-3.jpg,UNKNOWN_PENDING_VERIFICATION,Species pending independent provenance verification,Healthy,Healthy,0,,,SDBD_Healthy_0002,SDBD_Healthy_0002,2048,2048,6e088a47464ed6cd47928aee74411f5db474fa177bd3df60e667b54c16f83cc9,77fe2119e8b0f32414e37e10baa282f99ee1251f8364086f2d066d25bd0fd4d6,cb72b42d49f4b609,DUPG_00159,unique,0,0,1,,source_candidate,source_train,2026.0
SDBD_Healthy_805ecf32a6,SDBD,,https://data.mendeley.com/datasets/jhrtdj9txm/3,10.17632/jhrtdj9txm.3,CC BY 4.0,1. Healthy/Healthy-20-img-1.jpg,Healthy-20-img-1.jpg,UNKNOWN_PENDING_VERIFICATION,Species pending independent provenance verification,Healthy,Healthy,0,,,SDBD_Healthy_0020,SDBD_Healthy_0020,2048,2048,e00f4314897ba8bd4f37415a02bc093d06ff5e74ca797ea298bf545347ae12bd,805ecf32a6779b4ef9df384e656e9251e130d38eff6bdb72185bf9c92fd01643,a99fd5013bdac125,DUPG_00160,unique,0,0,1,,source_candidate,source_train,2026.0
SDBD_Healthy_922f231d21,SDBD,,https://data.mendeley.com/datasets/jhrtdj9txm/3,10.17632/jhrtdj9txm.3,CC BY 4.0,1. Healthy/Healthy-20-img-2.jpg,Healthy-20-img-2.jpg,UNKNOWN_PENDING_VERIFICATION,Species pending independent provenance verification,Healthy,Healthy,0,,,SDBD_Healthy_0020,SDBD_Healthy_0020,2048,2048,5043f6f911e00a53e1aac3b4b26403936dcf65951694e6e5cc1f6659ac5b377a,922f231d21c90bd8f7eccbd89cb15e31091fdebf4db235ca935ffbf3cf48d1df,b3f1cdce9c88cc60,DUPG_00161,unique,0,0,1,,source_candidate,source_train,2026.0
SDBD_Healthy_fc9af34780,SDBD,,https://data.mendeley.com/datasets/jhrtdj9txm/3,10.17632/jhrtdj9txm.3,CC BY 4.0,1. Healthy/Healthy-20-img-3.jpg,Healthy-20-img-3.jpg,UNKNOWN_PENDING_VERIFICATION,Species pending independent provenance verification,Healthy,Healthy,0,,,SDBD_Healthy_0020,SDBD_Healthy_0020,2048,2048,650c424f644de672d0189655e3b74ad8604c43f935f09cf1280494ec439e9f25,fc9af3478057d25b3d2539c3089cdbc801096edfd1b122c76da921a505b57451,e884d57a2885f27e,DUPG_00162,unique,0,0,1,,source_candidate,source_train,2026.0
SDBD_Healthy_dd45a4b1f2,SDBD,,https://data.mendeley.com/datasets/jhrtdj9txm/3,10.17632/jhrtdj9txm.3,CC BY 4.0,1. Healthy/Healthy-21-img-1.jpg,Healthy-21-img-1.jpg,UNKNOWN_PENDING_VERIFICATION,Species pending independent provenance verification,Healthy,Healthy,0,,,SDBD_Healthy_0021,SDBD_Healthy_0021,2048,2048,f093c69aaa81b0d114ffe737e0780d11ca8022c92d6b2a7d8b451f99426cd702,dd45a4b1f265687c6a56433f284f14b6997391c22076a976aa3e2f4a3f7e0032,abd0942f6a950f78,DUPG_00163,unique,0,0,1,,source_candidate,source_train,2026.0
SDBD_Healthy_c2c6e634b7,SDBD,,https://data.mendeley.com/datasets/jhrtdj9txm/3,10.17632/jhrtdj9txm.3,CC BY 4.0,1. Healthy/Healthy-24-img-1.jpg,Healthy-24-img-1.jpg,UNKNOWN_PENDING_VERIFICATION,Species pending independent provenance verification,Healthy,Healthy,0,,,SDBD_Healthy_0024,SDBD_Healthy_0024,2048,2048,e28b024ee7db82da34e4dcf75c05c771af7da8b83f8818d368a6cd6ed03ea918,c2c6e634b7be586b0e6f9eac6c7e212b458408a7b5062696d13df119f6c80857,e4498db2999699b6,DUPG_00166,unique,0,0,1,,source_candidate,source_train,2026.0
SDBD_Healthy_0b37dbb9aa,SDBD,,https://data.mendeley.com/datasets/jhrtdj9txm/3,10.17632/jhrtdj9txm.3,CC BY 4.0,1. Healthy/Healthy-25-img-1.jpg,Healthy-25-img-1.jpg,UNKNOWN_PENDING_VERIFICATION,Species pending independent provenance verification,Healthy,Healthy,0,,,SDBD_Healthy_0025,SDBD_Healthy_0025,2048,2048,36804f8130962e09b0207bc7d2c572f02c6ace7609ff6393d83ffd8bd0fc163c,0b37dbb9aa23d55f62c0aea06497550bc258a322350661f20859642fea07a02a,a8c7d72b40b53f48,DUPG_00167,unique,0,0,1,,source_candidate,source_train,2026.0
SDBD_Healthy_0a507a803a,SDBD,,https://data.mendeley.com/datasets/jhrtdj9txm/3,10.17632/jhrtdj9txm.3,CC BY 4.0,1. Healthy/Healthy-25-img-2.jpg,Healthy-25-img-2.jpg,UNKNOWN_PENDING_VERIFICATION,Species pending independent provenance verification,Healthy,Healthy,0,,,SDBD_Healthy_0025,SDBD_Healthy_0025,2048,2048,6982956cee23beff734a21744ac17a56833b36969b1f739fc3001462c0d14997,0a507a803afbea0da1f36b30f39e16751c27327429aea9ee167d6088ea044fc7,abf8940b7c808f7c,DUPG_00168,unique,0,0,1,,source_candidate,source_train,2026.0
SDBD_Healthy_37d7b22435,SDBD,,https://data.mendeley.com/datasets/jhrtdj9txm/3,10.17632/jhrtdj9txm.3,CC BY 4.0,1. Healthy/Healthy-25-img-3.jpg,Healthy-25-img-3.jpg,UNKNOWN_PENDING_VERIFICATION,Species pending independent provenance verification,Healthy,Healthy,0,,,SDBD_Healthy_0025,SDBD_Healthy_0025,2048,2048,b1444bd6a128067deb7c4bef4046baafacae3975afb624608ed2e7c9ca2efcf5,37d7b22435d9f3ca5e3c82bd98c22388e077e2744c262ef103163c5c0dd476a0,eaccb52fc8b62cc0,DUPG_00169,unique,0,0,1,,source_candidate,source_train,2026.0
SDBD_Healthy_c4034ff1f9,SDBD,,https://data.mendeley.com/datasets/jhrtdj9txm/3,10.17632/jhrtdj9txm.3,CC BY 4.0,1. Healthy/Healthy-28-img-1.jpg,Healthy-28-img-1.jpg,UNKNOWN_PENDING_VERIFICATION,Species pending independent provenance verification,Healthy,Healthy,0,,,SDBD_Healthy_0028,SDBD_Healthy_0028,2048,2048,546aefbde19679a461825a3993be802a833301ae2defda50103dfa9d74f8951e,c4034ff1f9961101885083ce3a2cec1de3b8d678d1245afaa05b020c85d8757f,fccc911c62b19e63,DUPG_00175,unique,0,0,1,,source_candidate,source_train,2026.0
SDBD_Healthy_aeeec44933,SDBD,,https://data.mendeley.com/datasets/jhrtdj9txm/3,10.17632/jhrtdj9txm.3,CC BY 4.0,1. Healthy/Healthy-28-img-2.jpg,Healthy-28-img-2.jpg,UNKNOWN_PENDING_VERIFICATION,Species pending independent provenance verification,Healthy,Healthy,0,,,SDBD_Healthy_0028,SDBD_Healthy_0028,2048,2048,8d798ce50a590a9a5429c294c877034ee48a62f8c8bf635ae215ba18fc0acc27,aeeec44933c3b27d5584f304f2a6227af193c6f3a6327f8890f6890852522b23,fcc39697306a8ab4,DUPG_00176,unique,0,0,1,,source_candidate,source_train,2026.0
SDBD_Healthy_a3253b3b05,SDBD,,https://data.mendeley.com/datasets/jhrtdj9txm/3,10.17632/jhrtdj9txm.3,CC BY 4.0,1. Healthy/Healthy-28-img-3.jpg,Healthy-28-img-3.jpg,UNKNOWN_PENDING_VERIFICATION,Species pending independent provenance verification,Healthy,Healthy,0,,,SDBD_Healthy_0028,SDBD_Healthy_0028,2048,2048,e4460210bb634a071811b126c98fd1058a8f4b551bf2b3189fd7c1a472d38b43,a3253b3b058d0d3018c78b15cd5dc41d2731f3a5d4a69a68432c29a2f4afadca,ef80929770c9c3bc,DUPG_00177,unique,0,0,1,,source_candidate,source_train,2026.0
SDBD_Healthy_c073c14ca7,SDBD,,https://data.mendeley.com/datasets/jhrtdj9txm/3,10.17632/jhrtdj9txm.3,CC BY 4.0,1. Healthy/Healthy-29-img-1.jpg,Healthy-29-img-1.jpg,UNKNOWN_PENDING_VERIFICATION,Species pending independent provenance verification,Healthy,Healthy,0,,,SDBD_Healthy_0029,SDBD_Healthy_0029,2048,2048,b53d53bd28555bc2ee43b34f5d764b70d8631f42cd19b1c6d306406ae617006d,c073c14ca7236f465ae95e921d3a8ed097642b6fa8136a6416b1111625f74756,e9e115ca922dcc37,DUPG_00178,unique,0,0,1,,source_candidate,source_train,2026.0
SDBD_Healthy_6efe933380,SDBD,,https://data.mendeley.com/datasets/jhrtdj9txm/3,10.17632/jhrtdj9txm.3,CC BY 4.0,1. Healthy/Healthy-29-img-2.jpg,Healthy-29-img-2.jpg,UNKNOWN_PENDING_VERIFICATION,Species pending independent provenance verification,Healthy,Healthy,0,,,SDBD_Healthy_0029,SDBD_Healthy_0029,2048,2048,3c71cd05b0ba2d4de10939650cd32d3c25b3136d62eb068a21edc8eb9fb07e0c,6efe933380bf34de80b8a30b15ae44a26a64ac82574e65025e693b48c8778ba4,eaa5d2d02a3ddae0,DUPG_00179,unique,0,0,1,,source_candidate,source_train,2026.0
SDBD_Healthy_fafa4d39af,SDBD,,https://data.mendeley.com/datasets/jhrtdj9txm/3,10.17632/jhrtdj9txm.3,CC BY 4.0,1. Healthy/Healthy-29-img-3.jpg,Healthy-29-img-3.jpg,UNKNOWN_PENDING_VERIFICATION,Species pending independent provenance verification,Healthy,Healthy,0,,,SDBD_Healthy_0029,SDBD_Healthy_0029,2048,2048,b481a63c6f79c4cc7fbd0309bb7945d9eabd892fe77ca1d6cac1c65a89c604c8,fafa4d39afec9f22ac871bb072f6a4e15107b15dbe6722cca9861dc0e4a5a746,eaa599d26c0a8d7a,DUPG_00180,unique,0,0,1,,source_candidate,source_train,2026.0
SDBD_Healthy_e8935f893e,SDBD,,https://data.mendeley.com/datasets/jhrtdj9txm/3,10.17632/jhrtdj9txm.3,CC BY 4.0,1. Healthy/Healthy-30-img-1.jpg,Healthy-30-img-1.jpg,UNKNOWN_PENDING_VERIFICATION,Species pending independent provenance verification,Healthy,Healthy,0,,,SDBD_Healthy_0030,SDBD_Healthy_0030,2048,2048,a82de4dfa9d44a31d5233a055ab2e9d6f292a60919815544abb0ea86bab65b48,e8935f893e942505db91c3c23062e4ae14aa1711c32a351e808a4fd916b0dbdf,fe8e41609daf6a90,DUPG_00184,unique,0,0,1,,source_candidate,source_train,2026.0
SDBD_Healthy_0f82e6d73c,SDBD,,https://data.mendeley.com/datasets/jhrtdj9txm/3,10.17632/jhrtdj9txm.3,CC BY 4.0,1. Healthy/Healthy-31-img-1.jpg,Healthy-31-img-1.jpg,UNKNOWN_PENDING_VERIFICATION,Species pending independent provenance verification,Healthy,Healthy,0,,,SDBD_Healthy_0031,SDBD_Healthy_0031,2048,2048,918609d09a9a6848c8b783aafa51b140f031b8bcdef62969316bcec83a3472bb,0f82e6d73c72ecf20a8aed39de02ee40e6f00faa1bf36ecfdb233c25222cf456,eaa5d1c23d2ed0f0,DUPG_00185,unique,0,0,1,,source_candidate,source_train,2026.0
SDBD_Healthy_0290ffad26,SDBD,,https://data.mendeley.com/datasets/jhrtdj9txm/3,10.17632/jhrtdj9txm.3,CC BY 4.0,1. Healthy/Healthy-31-img-2.jpg,Healthy-31-img-2.jpg,UNKNOWN_PENDING_VERIFICATION,Species pending independent provenance verification,Healthy,Healthy,0,,,SDBD_Healthy_0031,SDBD_Healthy_0031,2048,2048,6dd9ec0ddca112a86b4bf51b449ae7f1af70c93bd126af06236bad14a442e792,0290ffad26afe8ce94ba4dcd988a668514052b2a548df54c0c299cc0bec22281,eaa5d1d22c2ec9f0,DUPG_00186,unique,0,0,1,,source_candidate,source_train,2026.0
SDBD_Healthy_e87ad9c96e,SDBD,,https://data.mendeley.com/datasets/jhrtdj9txm/3,10.17632/jhrtdj9txm.3,CC BY 4.0,1. Healthy/Healthy-31-img-3.jpg,Healthy-31-img-3.jpg,UNKNOWN_PENDING_VERIFICATION,Species pending independent provenance verification,Healthy,Healthy,0,,,SDBD_Healthy_0031,SDBD_Healthy_0031,2048,2048,4a4251db417257d8c51dadbe324089885fc4aeb29a5b20f56f34bf44f3de964d,e87ad9c96ed3554f6cedd90fb77b12324baf687c9ad0723d72a65844820c9072,b8c6e1dc96969698,DUPG_00187,unique,0,0,1,,source_candidate,source_train,2026.0
SDBD_Healthy_a8888ba154,SDBD,,https://data.mendeley.com/datasets/jhrtdj9txm/3,10.17632/jhrtdj9txm.3,CC BY 4.0,1. Healthy/Healthy-33-img-1.jpg,Healthy-33-img-1.jpg,UNKNOWN_PENDING_VERIFICATION,Species pending independent provenance verification,Healthy,Healthy,0,,,SDBD_Healthy_0033,SDBD_Healthy_0033,2048,2048,20dbf14041373166e42e76a2f3ee6b1236c27c7d2a18ab4a8da7f56235c7ff1a,a8888ba15423a1aadb5c7ff25310d7d4082f05e30b13103e409c80c5849ed14c,b7c49d67cc19e019,DUPG_00191,unique,0,0,1,,source_candidate,source_train,2026.0
SDBD_Healthy_df1094aeb5,SDBD,,https://data.mendeley.com/datasets/jhrtdj9txm/3,10.17632/jhrtdj9txm.3,CC BY 4.0,1. Healthy/Healthy-33-img-2.jpg,Healthy-33-img-2.jpg,UNKNOWN_PENDING_VERIFICATION,Species pending independent provenance verification,Healthy,Healthy,0,,,SDBD_Healthy_0033,SDBD_Healthy_0033,2048,2048,a558dcb424fb412f0c6fc6c053ecae4fcb918396390d4389f703adf24dc13f34,df1094aeb5e6e1c290af9bb38155b9e15c9ac6069f921f7ed7529d164ae17cb9,a6e49967d81bc03b,DUPG_00192,unique,0,0,1,,source_candidate,source_train,2026.0
SDBD_Healthy_42820b37bb,SDBD,,https://data.mendeley.com/datasets/jhrtdj9txm/3,10.17632/jhrtdj9txm.3,CC BY 4.0,1. Healthy/Healthy-33-img-3.jpg,Healthy-33-img-3.jpg,UNKNOWN_PENDING_VERIFICATION,Species pending independent provenance verification,Healthy,Healthy,0,,,SDBD_Healthy_0033,SDBD_Healthy_0033,2048,2048,153163d857a7162527eeadf84dddb99b94c05364ad653b52c26302a3411bd371,42820b37bb1b0353a588152121f174336b347b0cb35f1c61ebc31dc48ba0b694,efc6b06887270f94,DUPG_00193,unique,0,0,1,,source_candidate,source_train,2026.0
SDBD_Healthy_3209884895,SDBD,,https://data.mendeley.com/datasets/jhrtdj9txm/3,10.17632/jhrtdj9txm.3,CC BY 4.0,1. Healthy/Healthy-34-img-1.jpg,Healthy-34-img-1.jpg,UNKNOWN_PENDING_VERIFICATION,Species pending independent provenance verification,Healthy,Healthy,0,,,SDBD_Healthy_0034,SDBD_Healthy_0034,2048,2048,ab953d3813a06234f8d443426ac9054e084e21f5cf8460b065ba15a4d7b437df,3209884895f57853fc24c44e81b8df307052d008ac3dcada1504a77b584d65f3,e66c99d1934ab44b,DUPG_00194,unique,0,0,1,,source_candidate,source_train,2026.0
SDBD_Healthy_e5b45f68aa,SDBD,,https://data.mendeley.com/datasets/jhrtdj9txm/3,10.17632/jhrtdj9txm.3,CC BY 4.0,1. Healthy/Healthy-34-img-2.jpg,Healthy-34-img-2.jpg,UNKNOWN_PENDING_VERIFICATION,Species pending independent provenance verification,Healthy,Healthy,0,,,SDBD_Healthy_0034,SDBD_Healthy_0034,2048,2048,b6df889290921072671c41ca73cf3a4beb936714c5ef6f776c577d356f7826c1,e5b45f68aab4d94f3772de51e2c552cc528477ca0d5e8270b4e680d3a310f8ad,e56e4d119967926c,DUPG_00195,unique,0,0,1,,source_candidate,source_train,2026.0
SDBD_Healthy_c652e7fa63,SDBD,,https://data.mendeley.com/datasets/jhrtdj9txm/3,10.17632/jhrtdj9txm.3,CC BY 4.0,1. Healthy/Healthy-34-img-3.jpg,Healthy-34-img-3.jpg,UNKNOWN_PENDING_VERIFICATION,Species pending independent provenance verification,Healthy,Healthy,0,,,SDBD_Healthy_0034,SDBD_Healthy_0034,2048,2048,1d897e7142f04b6710f3b448a46534c35f9ec916eab462225cc0e98cd4408108,c652e7fa63248ab93c5d16767c33898400d1336e6fa7abba95743af7bfb9ba3d,fac2857f9a603986,DUPG_00196,unique,0,0,1,,source_candidate,source_train,2026.0
SDBD_Healthy_d982bfeaba,SDBD,,https://data.mendeley.com/datasets/jhrtdj9txm/3,10.17632/jhrtdj9txm.3,CC BY 4.0,1. Healthy/Healthy-36-img-1.jpg,Healthy-36-img-1.jpg,UNKNOWN_PENDING_VERIFICATION,Species pending independent provenance verification,Healthy,Healthy,0,,,SDBD_Healthy_0036,SDBD_Healthy_0036,2048,2048,055ef26a8fbfaacc25ae7fa7337bf6bfb61804e0c397094f1e7c6916587e6af5,d982bfeaba74c6d2608ec9d85d2482114403414803966b40eb4dbc0a27f8ebc0,f887137aa53443d9,DUPG_00200,unique,0,0,1,,source_candidate,source_train,2026.0
SDBD_Healthy_f02f91cdc0,SDBD,,https://data.mendeley.com/datasets/jhrtdj9txm/3,10.17632/jhrtdj9txm.3,CC BY 4.0,1. Healthy/Healthy-36-img-2.jpg,Healthy-36-img-2.jpg,UNKNOWN_PENDING_VERIFICATION,Species pending independent provenance verification,Healthy,Healthy,0,,,SDBD_Healthy_0036,SDBD_Healthy_0036,2048,2048,9e75363b8ca1f0f7bf2d0e86d9eaa8a74333aee4df9d9587a0e56e6f1b130768,f02f91cdc09fc874f2a4bedcdc7a3a03aa88dd3f9fa4006ff9497cb3d4c05111,dfb1520fa50e5239,DUPG_00201,unique,0,0,1,,source_candidate,source_train,2026.0
SDBD_Healthy_53290e3ec6,SDBD,,https://data.mendeley.com/datasets/jhrtdj9txm/3,10.17632/jhrtdj9txm.3,CC BY 4.0,1. Healthy/Healthy-36-img-3.jpg,Healthy-36-img-3.jpg,UNKNOWN_PENDING_VERIFICATION,Species pending independent provenance verification,Healthy,Healthy,0,,,SDBD_Healthy_0036,SDBD_Healthy_0036,2048,2048,249fd2b2f02dd71123fa3e99d0edd3c2196e6e567b24a9cef3d178560f55d2cf,53290e3ec6a3d518077697c1c185364f9db10ae7093a57be204a5e0aa826572d,ed84107a9f65f84c,DUPG_00202,unique,0,0,1,,source_candidate,source_train,2026.0
SDBD_Healthy_0f3fdb9e63,SDBD,,https://data.mendeley.com/datasets/jhrtdj9txm/3,10.17632/jhrtdj9txm.3,CC BY 4.0,1. Healthy/Healthy-38-img-1.jpg,Healthy-38-img-1.jpg,UNKNOWN_PENDING_VERIFICATION,Species pending independent provenance verification,Healthy,Healthy,0,,,SDBD_Healthy_0038,SDBD_Healthy_0038,2048,2048,8bbcb780078066a648237d7b950008d6292fb18c4edfd8566a112b65857c8f18,0f3fdb9e63a8be9c8c9758125d38675c531d956ba87dc3dcf1fa9ad1ac4207ed,e22c9d95d652a9a3,DUPG_00206,unique,0,0,1,,source_candidate,source_train,2026.0
SDBD_Healthy_de792351bf,SDBD,,https://data.mendeley.com/datasets/jhrtdj9txm/3,10.17632/jhrtdj9txm.3,CC BY 4.0,1. Healthy/Healthy-38-img-2.jpg,Healthy-38-img-2.jpg,UNKNOWN_PENDING_VERIFICATION,Species pending independent provenance verification,Healthy,Healthy,0,,,SDBD_Healthy_0038,SDBD_Healthy_0038,2048,2048,6c70eec756ea4303916e85a6ee14e90c6e859bc37aacc6e4f5f5972f11441755,de792351bffb92862c4d0901800bb1d14dc027020b30b6e7f879bd46f8167d92,f26e8595d25a88e9,DUPG_00207,unique,0,0,1,,source_candidate,source_train,2026.0
SDBD_Healthy_9d3c7c5890,SDBD,,https://data.mendeley.com/datasets/jhrtdj9txm/3,10.17632/jhrtdj9txm.3,CC BY 4.0,1. Healthy/Healthy-38-img-3.jpg,Healthy-38-img-3.jpg,UNKNOWN_PENDING_VERIFICATION,Species pending independent provenance verification,Healthy,Healthy,0,,,SDBD_Healthy_0038,SDBD_Healthy_0038,2048,2048,52556ef7226b471a4453a3ae274eabf60c1e50968ca4bcee9abe5617068a7f56,9d3c7c58906979502c1577e8582d5bca8a7d2cc5b9d06bb1c39f003f26a27526,f24c8d95d672a949,DUPG_00208,unique,0,0,1,,source_candidate,source_train,2026.0
SDBD_Healthy_b1beb4b8a9,SDBD,,https://data.mendeley.com/datasets/jhrtdj9txm/3,10.17632/jhrtdj9txm.3,CC BY 4.0,1. Healthy/Healthy-39-img-1.jpg,Healthy-39-img-1.jpg,UNKNOWN_PENDING_VERIFICATION,Species pending independent provenance verification,Healthy,Healthy,0,,,SDBD_Healthy_0039,SDBD_Healthy_0039,2048,2048,3243abc2b7bfaf8de215e2266bade9c5c7dbe18f19e1633c37e3f158bb065c0f,b1beb4b8a99c3aa01120cbf5913332ba03ce76e57f92454f389325d14d2f7898,bae69819cc8dc6c6,DUPG_00209,unique,0,0,1,,source_candidate,source_train,2026.0
SDBD_Healthy_af1b5918c2,SDBD,,https://data.mendeley.com/datasets/jhrtdj9txm/3,10.17632/jhrtdj9txm.3,CC BY 4.0,1. Healthy/Healthy-39-img-2.jpg,Healthy-39-img-2.jpg,UNKNOWN_PENDING_VERIFICATION,Species pending independent provenance verification,Healthy,Healthy,0,,,SDBD_Healthy_0039,SDBD_Healthy_0039,2048,2048,194525f5e643d807b6491825531bc741fb277e2070f38071fcf0d872dfb42bf7,af1b5918c2d7bea446aa4fdd5fc769695bc025e36c36d9db85899b72e805e8d6,bae6c899c6c4c7c2,DUPG_00210,unique,0,0,1,,source_candidate,source_train,2026.0
SDBD_Healthy_80a3552fd8,SDBD,,https://data.mendeley.com/datasets/jhrtdj9txm/3,10.17632/jhrtdj9txm.3,CC BY 4.0,1. Healthy/Healthy-39-img-3.jpg,Healthy-39-img-3.jpg,UNKNOWN_PENDING_VERIFICATION,Species pending independent provenance verification,Healthy,Healthy,0,,,SDBD_Healthy_0039,SDBD_Healthy_0039,2048,2048,b41f14f7c0a81bc2defbc0a791a271a7bc0ae018028035e006b7858f1df544c2,80a3552fd826b9ee7797f3919ed1c5d4f6d5649467838e774f77040769ef830f,e648d81999b6b3b2,DUPG_00211,unique,0,0,1,,source_candidate,source_train,2026.0
SDBD_Healthy_08a21cbb67,SDBD,,https://data.mendeley.com/datasets/jhrtdj9txm/3,10.17632/jhrtdj9txm.3,CC BY 4.0,1. Healthy/Healthy-4-img-1.jpg,Healthy-4-img-1.jpg,UNKNOWN_PENDING_VERIFICATION,Species pending independent provenance verification,Healthy,Healthy,0,,,SDBD_Healthy_0004,SDBD_Healthy_0004,2048,2048,629cde1a14075503ad8bb5f0819e6074188f5477957117bb3185940eca89abe7,08a21cbb67ebb6afab6f18b9a569804cc942b064fad76d1f6ed7734a924be367,b9858e2b3d92626d,DUPG_00212,unique,0,0,1,,source_candidate,source_train,2026.0
SDBD_Healthy_d8864960e4,SDBD,,https://data.mendeley.com/datasets/jhrtdj9txm/3,10.17632/jhrtdj9txm.3,CC BY 4.0,1. Healthy/Healthy-4-img-2.jpg,Healthy-4-img-2.jpg,UNKNOWN_PENDING_VERIFICATION,Species pending independent provenance verification,Healthy,Healthy,0,,,SDBD_Healthy_0004,SDBD_Healthy_0004,2048,2048,bc0b87ea356999ef9353a459099525fbddcde60696889150807a8177711e02a9,d8864960e44365b7385a5a787b2e8e9458a2777c89a23af032416d3eccb9440c,b98596ea299d9263,DUPG_00213,unique,0,0,1,,source_candidate,source_train,2026.0
SDBD_Healthy_cba5339870,SDBD,,https://data.mendeley.com/datasets/jhrtdj9txm/3,10.17632/jhrtdj9txm.3,CC BY 4.0,1. Healthy/Healthy-4-img-3.jpg,Healthy-4-img-3.jpg,UNKNOWN_PENDING_VERIFICATION,Species pending independent provenance verification,Healthy,Healthy,0,,,SDBD_Healthy_0004,SDBD_Healthy_0004,2048,2048,dedf0c53cb61b0cd16ae3d7a34eeba457d68cefe4c4c935231a50e1cda5b28b8,cba53398703ffcd16f611f68df167ab61bd9665293371e8406a25c08e918b425,f885c76a0d9d7264,DUPG_00214,unique,0,0,1,,source_candidate,source_train,2026.0
SDBD_Healthy_311492b336,SDBD,,https://data.mendeley.com/datasets/jhrtdj9txm/3,10.17632/jhrtdj9txm.3,CC BY 4.0,1. Healthy/Healthy-40-img-1.jpg,Healthy-40-img-1.jpg,UNKNOWN_PENDING_VERIFICATION,Species pending independent provenance verification,Healthy,Healthy,0,,,SDBD_Healthy_0040,SDBD_Healthy_0040,2048,2048,6ab6e97fa68b4bd366eae2f8d8f6326e100a0d37f39d21da17ec20902ef8dd8c,311492b33683950c296e41c42eca2a9373ba908cf2d803b319d4da07ee557d77,efe0912ffc83230c,DUPG_00215,unique,0,0,1,,source_candidate,source_train,2026.0
SDBD_Healthy_e535ef5b47,SDBD,,https://data.mendeley.com/datasets/jhrtdj9txm/3,10.17632/jhrtdj9txm.3,CC BY 4.0,1. Healthy/Healthy-40-img-2.jpg,Healthy-40-img-2.jpg,UNKNOWN_PENDING_VERIFICATION,Species pending independent provenance verification,Healthy,Healthy,0,,,SDBD_Healthy_0040,SDBD_Healthy_0040,2048,2048,193dd5e115560eca89da50cdb3c69b70c0741575be10f3c7ea44702dd22ac8a2,e535ef5b47bdad59b533a8648adbe4b52e3f5929804f1a0aae5e7ef977c77e83,efe0932f78933228,DUPG_00216,unique,0,0,1,,source_candidate,source_train,2026.0
SDBD_Healthy_ae70557040,SDBD,,https://data.mendeley.com/datasets/jhrtdj9txm/3,10.17632/jhrtdj9txm.3,CC BY 4.0,1. Healthy/Healthy-40-img-3.jpg,Healthy-40-img-3.jpg,UNKNOWN_PENDING_VERIFICATION,Species pending independent provenance verification,Healthy,Healthy,0,,,SDBD_Healthy_0040,SDBD_Healthy_0040,2048,2048,4138053dc476528bae5b3e661fb6b08cbafc3dd96b489290db395d2d8d7ca4a9,ae70557040d091da831272c80e2661b0d013b8e6f4fa33b592cc775e3fb43b23,ffe0933f68831328,DUPG_00217,unique,0,0,1,,source_candidate,source_train,2026.0
SDBD_Healthy_72e5c6f246,SDBD,,https://data.mendeley.com/datasets/jhrtdj9txm/3,10.17632/jhrtdj9txm.3,CC BY 4.0,1. Healthy/Healthy-41-img-1.jpg,Healthy-41-img-1.jpg,UNKNOWN_PENDING_VERIFICATION,Species pending independent provenance verification,Healthy,Healthy,0,,,SDBD_Healthy_0041,SDBD_Healthy_0041,2048,2048,6bcaea46c6764c3dee585816b443accfc1dee42af1babee2676bb653584dc7db,72e5c6f246f8a1aa8bdfb3026d59f1ffefee121f5600fd594536ab72237c3e95,ed928e39628d9ae4,DUPG_00218,unique,0,0,1,,source_candidate,source_train,2026.0
SDBD_Healthy_2d9cf0ac8b,SDBD,,https://data.mendeley.com/datasets/jhrtdj9txm/3,10.17632/jhrtdj9txm.3,CC BY 4.0,1. Healthy/Healthy-42-img-1.jpg,Healthy-42-img-1.jpg,UNKNOWN_PENDING_VERIFICATION,Species pending independent provenance verification,Healthy,Healthy,0,,,SDBD_Healthy_0042,SDBD_Healthy_0042,2048,2048,bb877ca5ee70424ddfd244c30558e515ae778762d62264552c38a26f72199c3a,2d9cf0ac8b1ad82a9c75813afed296738c336b3392d6877819b407fddaa29b35,b6869bd11ccc6371,DUPG_00219,canonical,0,0,1,,source_candidate,source_train,2026.0
SDBD_Healthy_05b6d0d422,SDBD,,https://data.mendeley.com/datasets/jhrtdj9txm/3,10.17632/jhrtdj9txm.3,CC BY 4.0,1. Healthy/Healthy-42-img-3.jpg,Healthy-42-img-3.jpg,UNKNOWN_PENDING_VERIFICATION,Species pending independent provenance verification,Healthy,Healthy,0,,,SDBD_Healthy_0042,SDBD_Healthy_0042,2048,2048,de8dd4b8dba0a77d8eb5d35a68aa5df22025dca67ebff035267d30d79cd72e31,05b6d0d4227dfb29b42dbb9d14a86fde8d07985a0f3be437e1388dc7bc601d97,b099c6d3996c23b5,DUPG_00220,unique,0,0,1,,source_candidate,source_train,2026.0
SDBD_Healthy_b952294b35,SDBD,,https://data.mendeley.com/datasets/jhrtdj9txm/3,10.17632/jhrtdj9txm.3,CC BY 4.0,1. Healthy/Healthy-43-img-1.jpg,Healthy-43-img-1.jpg,UNKNOWN_PENDING_VERIFICATION,Species pending independent provenance verification,Healthy,Healthy,0,,,SDBD_Healthy_0043,SDBD_Healthy_0043,2048,2048,dd56455b4afdb72edc9ea47040bd2a7813ba35ea7cf16ff58b83d14ff8088f8e,b952294b35bd8eb1a1f4aabbbb52e299072c2f060625f247afa611ffd6f393c9,f1e4866b28b693c9,DUPG_00221,unique,0,0,1,,source_candidate,source_train,2026.0
SDBD_Healthy_bc33eea86b,SDBD,,https://data.mendeley.com/datasets/jhrtdj9txm/3,10.17632/jhrtdj9txm.3,CC BY 4.0,1. Healthy/Healthy-43-img-2.jpg,Healthy-43-img-2.jpg,UNKNOWN_PENDING_VERIFICATION,Species pending independent provenance verification,Healthy,Healthy,0,,,SDBD_Healthy_0043,SDBD_Healthy_0043,2048,2048,e7b073db35245a518694a4a86e398db5c10b448868508e9af307e67a28d076c8,bc33eea86bac31fc49d6aa32d411649ed296adc580714e2e63e9440be1aac2f2,f9c683692c3693cc,DUPG_00222,unique,0,0,1,,source_candidate,source_train,2026.0
SDBD_Healthy_87c10db94a,SDBD,,https://data.mendeley.com/datasets/jhrtdj9txm/3,10.17632/jhrtdj9txm.3,CC BY 4.0,1. Healthy/Healthy-43-img-3.jpg,Healthy-43-img-3.jpg,UNKNOWN_PENDING_VERIFICATION,Species pending independent provenance verification,Healthy,Healthy,0,,,SDBD_Healthy_0043,SDBD_Healthy_0043,2048,2048,d01480b4fc8a2c5c6f9965e35ae626945b717b415510ceb27d21d2cb10da3601,87c10db94a9e164eddfad3ef4ece4a00657b3992ef3ee7b487de410a8ff07e88,f2cd926cb1e68c31,DUPG_00223,unique,0,0,1,,source_candidate,source_train,2026.0
SDBD_Healthy_53db4b11db,SDBD,,https://data.mendeley.com/datasets/jhrtdj9txm/3,10.17632/jhrtdj9txm.3,CC BY 4.0,1. Healthy/Healthy-45-img-1.jpg,Healthy-45-img-1.jpg,UNKNOWN_PENDING_VERIFICATION,Species pending independent provenance verification,Healthy,Healthy,0,,,SDBD_Healthy_0045,SDBD_Healthy_0045,2048,2048,575d4e9a8ea9d4d6f963bc2f96c9036f76b463cb834f8c41198bd51ee570c680,53db4b11db69844ee3fe68df04edd229a753023c20b96724c53f32c997282fec,ed92922d69c69d32,DUPG_00227,unique,0,0,1,,source_candidate,source_train,2026.0
SDBD_Healthy_7b6a2e1ff4,SDBD,,https://data.mendeley.com/datasets/jhrtdj9txm/3,10.17632/jhrtdj9txm.3,CC BY 4.0,1. Healthy/Healthy-45-img-2.jpg,Healthy-45-img-2.jpg,UNKNOWN_PENDING_VERIFICATION,Species pending independent provenance verification,Healthy,Healthy,0,,,SDBD_Healthy_0045,SDBD_Healthy_0045,2048,2048,29894b7690598742df7eb159932ec7c5740124938e881be966a9719f25e695ed,7b6a2e1ff494a218fbd30a4f082507bbe8819c1c50fb9691cb5ab1e63f76b2cf,edc8926d39e48c1b,DUPG_00228,unique,0,0,1,,source_candidate,source_train,2026.0
SDBD_Healthy_422e6ef69a,SDBD,,https://data.mendeley.com/datasets/jhrtdj9txm/3,10.17632/jhrtdj9txm.3,CC BY 4.0,1. Healthy/Healthy-45-img-3.jpg,Healthy-45-img-3.jpg,UNKNOWN_PENDING_VERIFICATION,Species pending independent provenance verification,Healthy,Healthy,0,,,SDBD_Healthy_0045,SDBD_Healthy_0045,2048,2048,65a8585f7b3ccf4e133d5544ae3b2afcb353e50103b7136487dea6642a458534,422e6ef69aa05f43b9873c3361c8e29902ee4fad17a631638c9a45c1d8b67f2d,f88593268d33b68d,DUPG_00229,unique,0,0,1,,source_candidate,source_train,2026.0
SDBD_Healthy_ffa3747f2a,SDBD,,https://data.mendeley.com/datasets/jhrtdj9txm/3,10.17632/jhrtdj9txm.3,CC BY 4.0,1. Healthy/Healthy-46-img-1.jpg,Healthy-46-img-1.jpg,UNKNOWN_PENDING_VERIFICATION,Species pending independent provenance verification,Healthy,Healthy,0,,,SDBD_Healthy_0046,SDBD_Healthy_0046,2048,2048,252256e12a6d70aee070e0f3443c155f1ebf6d70491d4b51aa9ed87ac1cb35cb,ffa3747f2adbe30fc07b426d735eb9b4e110e61ee0065b376c6db021f045cfb7,b7c4c9f3c63930c8,DUPG_00230,canonical,0,0,1,,source_candidate,source_train,2026.0
SDBD_Healthy_e96c714a6c,SDBD,,https://data.mendeley.com/datasets/jhrtdj9txm/3,10.17632/jhrtdj9txm.3,CC BY 4.0,1. Healthy/Healthy-46-img-3.jpg,Healthy-46-img-3.jpg,UNKNOWN_PENDING_VERIFICATION,Species pending independent provenance verification,Healthy,Healthy,0,,,SDBD_Healthy_0046,SDBD_Healthy_0046,2048,2048,4d08bb73e9426207d0f6d6be1eee55aa77e94b1d017888c24d1ca70a35a10f42,e96c714a6cef6c8c78b3e7ec0122208b9e25f044e4d305401632742f34abb4a4,f48e13798dc63299,DUPG_00231,unique,0,0,1,,source_candidate,source_train,2026.0
SDBD_Healthy_e7751cefcd,SDBD,,https://data.mendeley.com/datasets/jhrtdj9txm/3,10.17632/jhrtdj9txm.3,CC BY 4.0,1. Healthy/Healthy-47-img-1.jpg,Healthy-47-img-1.jpg,UNKNOWN_PENDING_VERIFICATION,Species pending independent provenance verification,Healthy,Healthy,0,,,SDBD_Healthy_0047,SDBD_Healthy_0047,2048,2048,0f059120121041591ca59d2f870ef872a2266765bd2b3f06293012a026b44739,e7751cefcd84f2b06a5d7a0f85db5ae3d7d2265a58a67f4abacc2fefff955a01,fcc1873e2131d68e,DUPG_00232,unique,0,0,1,,source_candidate,source_train,2026.0
SDBD_Healthy_d7794d8351,SDBD,,https://data.mendeley.com/datasets/jhrtdj9txm/3,10.17632/jhrtdj9txm.3,CC BY 4.0,1. Healthy/Healthy-47-img-2.jpg,Healthy-47-img-2.jpg,UNKNOWN_PENDING_VERIFICATION,Species pending independent provenance verification,Healthy,Healthy,0,,,SDBD_Healthy_0047,SDBD_Healthy_0047,2048,2048,c7cc73141d77dfbe84d9b42876a3a4c6452428e3754f6cae141e32e67d854069,d7794d8351975d7017705f4a3a998050c59cee1f03e0575f740ed915bf54af80,f8c1873c6933d68c,DUPG_00233,unique,0,0,1,,source_candidate,source_train,2026.0
SDBD_Healthy_10b7f22039,SDBD,,https://data.mendeley.com/datasets/jhrtdj9txm/3,10.17632/jhrtdj9txm.3,CC BY 4.0,1. Healthy/Healthy-47-img-3.jpg,Healthy-47-img-3.jpg,UNKNOWN_PENDING_VERIFICATION,Species pending independent provenance verification,Healthy,Healthy,0,,,SDBD_Healthy_0047,SDBD_Healthy_0047,2048,2048,f5f092da552050eddfca129dd5bd61220f2603e4658ee5d1f47aded636a27c85,10b7f2203911e7b8f428eb4be60b8c7f00d9d8eba9ae3b54261e01d71387240a,e99fa43c8be01fc0,DUPG_00234,unique,0,0,1,,source_candidate,source_train,2026.0
SDBD_Healthy_e5d74d826d,SDBD,,https://data.mendeley.com/datasets/jhrtdj9txm/3,10.17632/jhrtdj9txm.3,CC BY 4.0,1. Healthy/Healthy-48-img-1.jpg,Healthy-48-img-1.jpg,UNKNOWN_PENDING_VERIFICATION,Species pending independent provenance verification,Healthy,Healthy,0,,,SDBD_Healthy_0048,SDBD_Healthy_0048,2048,2048,a92724779ee3418af7cb855ded656415879d561146a09d5b9f87cc5a96ba75be,e5d74d826d3993b9d9c4ff8712b768e1c6ef5507174cf4d1a2f052097d4a0846,f48703f61c79e30c,DUPG_00235,canonical,0,0,1,,source_candidate,source_train,2026.0
SDBD_Healthy_7bd2c27d9a,SDBD,,https://data.mendeley.com/datasets/jhrtdj9txm/3,10.17632/jhrtdj9txm.3,CC BY 4.0,1. Healthy/Healthy-48-img-3.jpg,Healthy-48-img-3.jpg,UNKNOWN_PENDING_VERIFICATION,Species pending independent provenance verification,Healthy,Healthy,0,,,SDBD_Healthy_0048,SDBD_Healthy_0048,2048,2048,a3ff07f98eaf65497c085022031328d75bbda52b8e05809e02be895c6da5f9d4,7bd2c27d9a63876b341a8a31990f23689301b71d12eb35d3f861e416e753b9b6,f98d16e213dc6427,DUPG_00236,unique,0,0,1,,source_candidate,source_train,2026.0
SDBD_Healthy_218e2e2819,SDBD,,https://data.mendeley.com/datasets/jhrtdj9txm/3,10.17632/jhrtdj9txm.3,CC BY 4.0,1. Healthy/Healthy-50-img-1.jpg,Healthy-50-img-1.jpg,UNKNOWN_PENDING_VERIFICATION,Species pending independent provenance verification,Healthy,Healthy,0,,,SDBD_Healthy_0050,SDBD_Healthy_0050,2048,2048,2e1fadf84a390779ed7864f576180ec48b2b72d1e4d2205b438fda0e5498550e,218e2e2819b9cb8993cddbf6cf71ed88151259c6f6677e72063793928144bcea,e48633c89dec8937,DUPG_00242,unique,0,0,1,,source_candidate,source_train,2026.0
SDBD_Healthy_fc9f38706f,SDBD,,https://data.mendeley.com/datasets/jhrtdj9txm/3,10.17632/jhrtdj9txm.3,CC BY 4.0,1. Healthy/Healthy-50-img-2.jpg,Healthy-50-img-2.jpg,UNKNOWN_PENDING_VERIFICATION,Species pending independent provenance verification,Healthy,Healthy,0,,,SDBD_Healthy_0050,SDBD_Healthy_0050,2048,2048,6d114803d433e37f319f6139fd93ca7af522c423b52eaba888a7510202b380a0,fc9f38706f6c51a909bb789cb48ea5e609ad8e55ad0f107d916ab4ae25c2c97b,f29339cc8d66823b,DUPG_00243,unique,0,0,1,,source_candidate,source_train,2026.0
SDBD_Healthy_e3e5b765e6,SDBD,,https://data.mendeley.com/datasets/jhrtdj9txm/3,10.17632/jhrtdj9txm.3,CC BY 4.0,1. Healthy/Healthy-50-img-3.jpg,Healthy-50-img-3.jpg,UNKNOWN_PENDING_VERIFICATION,Species pending independent provenance verification,Healthy,Healthy,0,,,SDBD_Healthy_0050,SDBD_Healthy_0050,2048,2048,311452554d615da22aa3189bb22314084cc676ce7a66ba69506ad9e1c3829bd5,e3e5b765e66a351eded8de789a06af655fc7d4881e37d99348ae84fa6518ba08,ed851276827c27cd,DUPG_00244,unique,0,0,1,,source_candidate,source_train,2026.0
SDBD_Healthy_d746b54e2e,SDBD,,https://data.mendeley.com/datasets/jhrtdj9txm/3,10.17632/jhrtdj9txm.3,CC BY 4.0,1. Healthy/Healthy-51-img-1.jpg,Healthy-51-img-1.jpg,UNKNOWN_PENDING_VERIFICATION,Species pending independent provenance verification,Healthy,Healthy,0,,,SDBD_Healthy_0051,SDBD_Healthy_0051,2048,2048,f71c384513a5bba0721cbabff137701f61ce2961c9cbe95f14ebf22a439fea2b,d746b54e2edfd306ff326b02541a1c52bf34fdd57e825c745c73089e01078801,f3cc0ed99a63c036,DUPG_00245,unique,0,0,1,,source_candidate,source_train,2026.0
SDBD_Healthy_6f34ab75af,SDBD,,https://data.mendeley.com/datasets/jhrtdj9txm/3,10.17632/jhrtdj9txm.3,CC BY 4.0,1. Healthy/Healthy-51-img-2.jpg,Healthy-51-img-2.jpg,UNKNOWN_PENDING_VERIFICATION,Species pending independent provenance verification,Healthy,Healthy,0,,,SDBD_Healthy_0051,SDBD_Healthy_0051,2048,2048,4d38b7aec723ea5357fe3168405d3a66c324f02285627423ac001cad0d83e590,6f34ab75af5d5e3d6e877f691321ea50068f818b6fc6541d88dd83b792e56f76,f28ea45999634d66,DUPG_00246,unique,0,0,1,,source_candidate,source_train,2026.0
SDBD_Healthy_6e2af0cc4a,SDBD,,https://data.mendeley.com/datasets/jhrtdj9txm/3,10.17632/jhrtdj9txm.3,CC BY 4.0,1. Healthy/Healthy-51-img-3.jpg,Healthy-51-img-3.jpg,UNKNOWN_PENDING_VERIFICATION,Species pending independent provenance verification,Healthy,Healthy,0,,,SDBD_Healthy_0051,SDBD_Healthy_0051,2048,2048,b425b404f2db584035673e75660cc92d66c50e8d7186cf77a8dff003e55b9877,6e2af0cc4aec746868623b112a13a30c803af2e642c9f4c37e567a94f97ec9ac,fca1a39e30646fc4,DUPG_00247,unique,0,0,1,,source_candidate,source_train,2026.0
SDBD_Healthy_fcd090e961,SDBD,,https://data.mendeley.com/datasets/jhrtdj9txm/3,10.17632/jhrtdj9txm.3,CC BY 4.0,1. Healthy/Healthy-52-img-1.jpg,Healthy-52-img-1.jpg,UNKNOWN_PENDING_VERIFICATION,Species pending independent provenance verification,Healthy,Healthy,0,,,SDBD_Healthy_0052,SDBD_Healthy_0052,2048,2048,39918ebeac844058b775717784ba046c3ee01b6ebfeaaf7c97b6fac7a7521555,fcd090e9618681eb64def8b26a30c1bb603b2b3f5bce1b4a698df4cac5f242a8,f1bc14c40fce2673,DUPG_00248,unique,0,0,1,,source_candidate,source_train,2026.0
SDBD_Healthy_e30f28b434,SDBD,,https://data.mendeley.com/datasets/jhrtdj9txm/3,10.17632/jhrtdj9txm.3,CC BY 4.0,1. Healthy/Healthy-52-img-2.jpg,Healthy-52-img-2.jpg,UNKNOWN_PENDING_VERIFICATION,Species pending independent provenance verification,Healthy,Healthy,0,,,SDBD_Healthy_0052,SDBD_Healthy_0052,2048,2048,683c213b2e4f66b743f9482ed2b3af4d768a5dc096bf2f8f807273674bf57075,e30f28b434e3229daedf4027684465860e087a0e1fdb70869ea667a4807c2051,f09f16620dc627da,DUPG_00249,unique,0,0,1,,source_candidate,source_train,2026.0
SDBD_Healthy_6bd453fa3f,SDBD,,https://data.mendeley.com/datasets/jhrtdj9txm/3,10.17632/jhrtdj9txm.3,CC BY 4.0,1. Healthy/Healthy-52-img-3.jpg,Healthy-52-img-3.jpg,UNKNOWN_PENDING_VERIFICATION,Species pending independent provenance verification,Healthy,Healthy,0,,,SDBD_Healthy_0052,SDBD_Healthy_0052,2048,2048,c20d72ef5c82859d510cbdd63ada77ed4f3cdd7be73cfec964377552cce74bef,6bd453fa3fb9fe8566b3f3c5a5c0f9c8dbb219a3ee64f94b0da29f452ee00c8d,f887167c0d638997,DUPG_00250,unique,0,0,1,,source_candidate,source_train,2026.0
SDBD_Healthy_c60b0ddef3,SDBD,,https://data.mendeley.com/datasets/jhrtdj9txm/3,10.17632/jhrtdj9txm.3,CC BY 4.0,1. Healthy/Healthy-53-img-1.jpg,Healthy-53-img-1.jpg,UNKNOWN_PENDING_VERIFICATION,Species pending independent provenance verification,Healthy,Healthy,0,,,SDBD_Healthy_0053,SDBD_Healthy_0053,2048,2048,33fdff46a9ef0bcfdee76f37a8876d96af9ac47fc79eb4cd8f2cde1a8697f1e5,c60b0ddef34ebb2a89095d9b62017ceccabcaee03fe27c2d292d58939462d1a9,d0a2afd5d0122fad,DUPG_00251,unique,0,0,1,,source_candidate,source_train,2026.0
SDBD_Healthy_29fd5d6400,SDBD,,https://data.mendeley.com/datasets/jhrtdj9txm/3,10.17632/jhrtdj9txm.3,CC BY 4.0,1. Healthy/Healthy-55-img-1.jpg,Healthy-55-img-1.jpg,UNKNOWN_PENDING_VERIFICATION,Species pending independent provenance verification,Healthy,Healthy,0,,,SDBD_Healthy_0055,SDBD_Healthy_0055,2048,2048,c0af05800d8aa5f32b3e4cbfa886eeeaa790969b13afb7304d1a4d63ea28f6b8,29fd5d64006c436edc442b3cb1d5273d3133e8d0859cfa30b2c1357e4bc3ab2a,e4fc9b3398923299,DUPG_00255,canonical,0,0,1,,source_candidate,source_train,2026.0
SDBD_Healthy_0be0a2a2bb,SDBD,,https://data.mendeley.com/datasets/jhrtdj9txm/3,10.17632/jhrtdj9txm.3,CC BY 4.0,1. Healthy/Healthy-56-img-1.jpg,Healthy-56-img-1.jpg,UNKNOWN_PENDING_VERIFICATION,Species pending independent provenance verification,Healthy,Healthy,0,,,SDBD_Healthy_0056,SDBD_Healthy_0056,2048,2048,3c86e488847b70314f15a40aad604c1a13246cf524153710a22cf13f9192070e,0be0a2a2bbb15b49ee9b55dac238338a66227c6ac4d9d1d48f6f0237c9f89fe1,efe0904f60b39f48,DUPG_00256,unique,0,0,1,,source_candidate,source_train,2026.0
SDBD_Healthy_7c82ad81b6,SDBD,,https://data.mendeley.com/datasets/jhrtdj9txm/3,10.17632/jhrtdj9txm.3,CC BY 4.0,1. Healthy/Healthy-56-img-2.jpg,Healthy-56-img-2.jpg,UNKNOWN_PENDING_VERIFICATION,Species pending independent provenance verification,Healthy,Healthy,0,,,SDBD_Healthy_0056,SDBD_Healthy_0056,2048,2048,3988d258c110f5c8aef3bcddf7838a617b4f2e1b3b2069c62f83ae38fe79b941,7c82ad81b67d733531be215e2cc9da0a17c759b3150fdf93f368e5d27438b4b8,f8c1875a63a71c53,DUPG_00257,unique,0,0,1,,source_candidate,source_train,2026.0
SDBD_Healthy_198b5e305d,SDBD,,https://data.mendeley.com/datasets/jhrtdj9txm/3,10.17632/jhrtdj9txm.3,CC BY 4.0,1. Healthy/Healthy-56-img-3.jpg,Healthy-56-img-3.jpg,UNKNOWN_PENDING_VERIFICATION,Species pending independent provenance verification,Healthy,Healthy,0,,,SDBD_Healthy_0056,SDBD_Healthy_0056,2048,2048,3b566b335a3c577fb4c96fd204684344ce186e7b0b3e966f48710592de19740c,198b5e305db852c3636469a01c1420be309554e3630ec616a2a3c55a9c0fb30a,cf8db0920b7df8a0,DUPG_00258,unique,0,0,1,,source_candidate,source_train,2026.0
SDBD_Healthy_44c55d6e25,SDBD,,https://data.mendeley.com/datasets/jhrtdj9txm/3,10.17632/jhrtdj9txm.3,CC BY 4.0,1. Healthy/Healthy-58-img-1.jpg,Healthy-58-img-1.jpg,UNKNOWN_PENDING_VERIFICATION,Species pending independent provenance verification,Healthy,Healthy,0,,,SDBD_Healthy_0058,SDBD_Healthy_0058,2048,2048,571984cccbb69d0cf44869997fb2426d3cea8a9df6a356987b5a0762bdd0132b,44c55d6e253f474ef019d69e9de29bc02911e978ce8fab2eee58c5dc84c2ce1d,df94923bc83639c8,DUPG_00262,unique,0,0,1,,source_candidate,source_train,2026.0
SDBD_Healthy_42197bbdd5,SDBD,,https://data.mendeley.com/datasets/jhrtdj9txm/3,10.17632/jhrtdj9txm.3,CC BY 4.0,1. Healthy/Healthy-58-img-2.jpg,Healthy-58-img-2.jpg,UNKNOWN_PENDING_VERIFICATION,Species pending independent provenance verification,Healthy,Healthy,0,,,SDBD_Healthy_0058,SDBD_Healthy_0058,2048,2048,d6235fc9dc041ee742dc35b4ee84abb85462734e3bd4cef4c1cc201b63d03cfb,42197bbdd55e503510df483fd08e033b41b7b838742afdd4e068cc00c4468349,dd94932dc8323dcc,DUPG_00263,unique,0,0,1,,source_candidate,source_train,2026.0
SDBD_Healthy_9b523773ae,SDBD,,https://data.mendeley.com/datasets/jhrtdj9txm/3,10.17632/jhrtdj9txm.3,CC BY 4.0,1. Healthy/Healthy-58-img-3.jpg,Healthy-58-img-3.jpg,UNKNOWN_PENDING_VERIFICATION,Species pending independent provenance verification,Healthy,Healthy,0,,,SDBD_Healthy_0058,SDBD_Healthy_0058,2048,2048,045bb0074adcdd0381ca8de9d99628f0904e0dc7f215865ee655525386896a11,9b523773ae9180bf798d4d66c694abcf2448582a4703fdd997f0d7c500c9caf5,9d94923bc8923fc9,DUPG_00264,unique,0,0,1,,source_candidate,source_train,2026.0
SDBD_Healthy_bafd5b425a,SDBD,,https://data.mendeley.com/datasets/jhrtdj9txm/3,10.17632/jhrtdj9txm.3,CC BY 4.0,1. Healthy/Healthy-59-img-1.jpg,Healthy-59-img-1.jpg,UNKNOWN_PENDING_VERIFICATION,Species pending independent provenance verification,Healthy,Healthy,0,,,SDBD_Healthy_0059,SDBD_Healthy_0059,2048,2048,df86eda4a8d4a1352343e031eefad19188dd7218ff4b8693739e5f72adbabf68,bafd5b425af7d17d99bf204c4d50fe1e51c1c968b077b6ce234074be2fa56e3e,cbab14b4674b8bb0,DUPG_00265,unique,0,0,1,,source_candidate,source_train,2026.0
SDBD_Healthy_11b2c6d686,SDBD,,https://data.mendeley.com/datasets/jhrtdj9txm/3,10.17632/jhrtdj9txm.3,CC BY 4.0,1. Healthy/Healthy-59-img-2.jpg,Healthy-59-img-2.jpg,UNKNOWN_PENDING_VERIFICATION,Species pending independent provenance verification,Healthy,Healthy,0,,,SDBD_Healthy_0059,SDBD_Healthy_0059,2048,2048,faa1421681132a2748f38febd1ae8a43f2a91a675ea408d619d4cabaa7c1a012,11b2c6d6864fe6e5dca085c77a9f51da60f26cbd443a616ba18fef0295424f58,cbc0b6b449c9b2e6,DUPG_00266,unique,0,0,1,,source_candidate,source_train,2026.0
SDBD_Healthy_6e9cd0e277,SDBD,,https://data.mendeley.com/datasets/jhrtdj9txm/3,10.17632/jhrtdj9txm.3,CC BY 4.0,1. Healthy/Healthy-59-img-3.jpg,Healthy-59-img-3.jpg,UNKNOWN_PENDING_VERIFICATION,Species pending independent provenance verification,Healthy,Healthy,0,,,SDBD_Healthy_0059,SDBD_Healthy_0059,2048,2048,232231362dd1e28e9a1c83f2aed0f42847d641a7bc792e1259474795184cc818,6e9cd0e27797c303f2cd2a837b10156194bf353bac00083225a16d22fd1dd941,bc54e3e31c5cd0a3,DUPG_00267,unique,0,0,1,,source_candidate,source_train,2026.0
SDBD_Healthy_fdfd68b6f8,SDBD,,https://data.mendeley.com/datasets/jhrtdj9txm/3,10.17632/jhrtdj9txm.3,CC BY 4.0,1. Healthy/Healthy-6-img-1.jpg,Healthy-6-img-1.jpg,UNKNOWN_PENDING_VERIFICATION,Species pending independent provenance verification,Healthy,Healthy,0,,,SDBD_Healthy_0006,SDBD_Healthy_0006,2048,2048,aa9e9c912177b522664b293c36b7e6cc764d909ee38e2cb258d0c7331d342655,fdfd68b6f85060f8c2330a827e1756d3009a625f5df91b99f169d5b0d3fb6693,dfb0b0972c684397,DUPG_00268,unique,0,0,1,,source_candidate,source_train,2026.0
SDBD_Healthy_ddb86b1c83,SDBD,,https://data.mendeley.com/datasets/jhrtdj9txm/3,10.17632/jhrtdj9txm.3,CC BY 4.0,1. Healthy/Healthy-6-img-2.jpg,Healthy-6-img-2.jpg,UNKNOWN_PENDING_VERIFICATION,Species pending independent provenance verification,Healthy,Healthy,0,,,SDBD_Healthy_0006,SDBD_Healthy_0006,2048,2048,0d7c1c78d18ed069d507f3c8e62e956cc7b099703304a2f8b9bff0c8a3ab18f1,ddb86b1c83c443f3b5b6281aa95fb017343c457f2719324d57b210d588362036,df90b30f601797c8,DUPG_00269,unique,0,0,1,,source_candidate,source_train,2026.0
SDBD_Healthy_b76bf1039a,SDBD,,https://data.mendeley.com/datasets/jhrtdj9txm/3,10.17632/jhrtdj9txm.3,CC BY 4.0,1. Healthy/Healthy-6-img-3.jpg,Healthy-6-img-3.jpg,UNKNOWN_PENDING_VERIFICATION,Species pending independent provenance verification,Healthy,Healthy,0,,,SDBD_Healthy_0006,SDBD_Healthy_0006,2048,2048,805c31d103ac36349297c309f6df7d2d318b265f875f9c1b7a99fdecd37108d4,b76bf1039a4f3b2b13b27e4174dc8e2b8c6f9c24ec05e0c75e6346442280635e,df80b0978d682737,DUPG_00270,unique,0,0,1,,source_candidate,source_train,2026.0
SDBD_Healthy_bed93c5ef9,SDBD,,https://data.mendeley.com/datasets/jhrtdj9txm/3,10.17632/jhrtdj9txm.3,CC BY 4.0,1. Healthy/Healthy-60-img-1.jpg,Healthy-60-img-1.jpg,UNKNOWN_PENDING_VERIFICATION,Species pending independent provenance verification,Healthy,Healthy,0,,,SDBD_Healthy_0060,SDBD_Healthy_0060,2048,2048,aef6474ad9ba5e7923928e91055eaeb72f2481d1bdd5eaf8101ad6d0d97fd219,bed93c5ef9eaf649af29904d72ebf844957af695d65a36765a03551646eeed45,9a54e1711e8ee571,DUPG_00271,unique,0,0,1,,source_candidate,source_train,2026.0
SDBD_Healthy_330dc33b2c,SDBD,,https://data.mendeley.com/datasets/jhrtdj9txm/3,10.17632/jhrtdj9txm.3,CC BY 4.0,1. Healthy/Healthy-60-img-2.jpg,Healthy-60-img-2.jpg,UNKNOWN_PENDING_VERIFICATION,Species pending independent provenance verification,Healthy,Healthy,0,,,SDBD_Healthy_0060,SDBD_Healthy_0060,2048,2048,46f67bd2e5f8fb0a4fe39559e76fbe3c38ff908566cd47be6588156676d97763,330dc33b2cb210a59a21429fd1ec6d020c8dd2ddd00dc88c81f86f63b34d831b,986ce3781ca763d8,DUPG_00272,unique,0,0,1,,source_candidate,source_train,2026.0
SDBD_Healthy_886073f935,SDBD,,https://data.mendeley.com/datasets/jhrtdj9txm/3,10.17632/jhrtdj9txm.3,CC BY 4.0,1. Healthy/Healthy-60-img-3.jpg,Healthy-60-img-3.jpg,UNKNOWN_PENDING_VERIFICATION,Species pending independent provenance verification,Healthy,Healthy,0,,,SDBD_Healthy_0060,SDBD_Healthy_0060,2048,2048,24e87b19699630e4f6b391ba5d1235c1a4519d0b7cc148bb20cebda8872ca044,886073f935b30e6588e65d9c4cedf19f82ba535bd9cdb69e5f452338a24130c4,c989b6f64b090d9e,DUPG_00273,unique,0,0,1,,source_candidate,source_train,2026.0
SDBD_Healthy_933aafd9eb,SDBD,,https://data.mendeley.com/datasets/jhrtdj9txm/3,10.17632/jhrtdj9txm.3,CC BY 4.0,1. Healthy/Healthy-61-img-2.jpg,Healthy-61-img-2.jpg,UNKNOWN_PENDING_VERIFICATION,Species pending independent provenance verification,Healthy,Healthy,0,,,SDBD_Healthy_0061,SDBD_Healthy_0061,2048,2048,950a43cea6bdebe8d0a3ce05280f97cbeaf0dd4206f68558dd894934c0fa6cc1,933aafd9ebda5b95293bff2429391fc9ab414048280db2c9e105de8569388fe9,df8c902c4f93b26c,DUPG_00275,unique,0,0,1,,source_candidate,source_train,2026.0
SDBD_Healthy_513c27d77c,SDBD,,https://data.mendeley.com/datasets/jhrtdj9txm/3,10.17632/jhrtdj9txm.3,CC BY 4.0,1. Healthy/Healthy-61-img-3.jpg,Healthy-61-img-3.jpg,UNKNOWN_PENDING_VERIFICATION,Species pending independent provenance verification,Healthy,Healthy,0,,,SDBD_Healthy_0061,SDBD_Healthy_0061,2048,2048,dcc93ea80549777038c349d5e4bff9dc3b10e1456b05f65fa365492e1fad1def,513c27d77cff6d02855cb94b7ea29b1f5e0f94e98905fdfe0af019dd6f384d6d,dfc0807f0bb4f40b,DUPG_00276,unique,0,0,1,,source_candidate,source_train,2026.0
SDBD_Healthy_faf22253e7,SDBD,,https://data.mendeley.com/datasets/jhrtdj9txm/3,10.17632/jhrtdj9txm.3,CC BY 4.0,1. Healthy/Healthy-62-img-1.jpg,Healthy-62-img-1.jpg,UNKNOWN_PENDING_VERIFICATION,Species pending independent provenance verification,Healthy,Healthy,0,,,SDBD_Healthy_0062,SDBD_Healthy_0062,2048,2048,2fcbb26e7f7b6709a34a787ea6ddf8bd00a93b19b012699c4aa4fbab01043b22,faf22253e7b6ae95e6085dfa4bda8927af7f272e63784a225c19e7985aa6266d,ba54c52d3bd2c435,DUPG_00277,unique,0,0,1,,source_candidate,source_train,2026.0
SDBD_Healthy_6cf7641f49,SDBD,,https://data.mendeley.com/datasets/jhrtdj9txm/3,10.17632/jhrtdj9txm.3,CC BY 4.0,1. Healthy/Healthy-62-img-2.jpg,Healthy-62-img-2.jpg,UNKNOWN_PENDING_VERIFICATION,Species pending independent provenance verification,Healthy,Healthy,0,,,SDBD_Healthy_0062,SDBD_Healthy_0062,2048,2048,61b48f44a0d62d8d57145ade2d06c9e73240cb311c0a76f2622cd7886ed23ddf,6cf7641f49bdc13884622ec4c1f886db0664adf39b9f11fcffa2629e7e99f5fc,ba76c72918d4e529,DUPG_00278,unique,0,0,1,,source_candidate,source_train,2026.0
SDBD_Healthy_2c57dbbddd,SDBD,,https://data.mendeley.com/datasets/jhrtdj9txm/3,10.17632/jhrtdj9txm.3,CC BY 4.0,1. Healthy/Healthy-62-img-3.jpg,Healthy-62-img-3.jpg,UNKNOWN_PENDING_VERIFICATION,Species pending independent provenance verification,Healthy,Healthy,0,,,SDBD_Healthy_0062,SDBD_Healthy_0062,2048,2048,a8c61a5671d4b8cb582a0c8ecbe010b6c9262231dd0c9fde6690d44f2f84c064,2c57dbbddd3a96e92ed025634bce404202fa5fd45cda3a303533c48932dd2737,e9a8f6860b7f7880,DUPG_00279,unique,0,0,1,,source_candidate,source_train,2026.0
SDBD_Healthy_20baf8a429,SDBD,,https://data.mendeley.com/datasets/jhrtdj9txm/3,10.17632/jhrtdj9txm.3,CC BY 4.0,1. Healthy/Healthy-63-img-1.jpg,Healthy-63-img-1.jpg,UNKNOWN_PENDING_VERIFICATION,Species pending independent provenance verification,Healthy,Healthy,0,,,SDBD_Healthy_0063,SDBD_Healthy_0063,2048,2048,03ce71f79e9762887e5505e707f2c7e7f03f39f08247210337fc521b2d94dc52,20baf8a429cc97ead07597fa706c1ea8c148b18ea50034f321fcb28fa8e7c3c7,caa794985a63a5dc,DUPG_00280,unique,0,0,1,,source_candidate,source_train,2026.0
SDBD_Healthy_c76046213f,SDBD,,https://data.mendeley.com/datasets/jhrtdj9txm/3,10.17632/jhrtdj9txm.3,CC BY 4.0,1. Healthy/Healthy-63-img-2.jpg,Healthy-63-img-2.jpg,UNKNOWN_PENDING_VERIFICATION,Species pending independent provenance verification,Healthy,Healthy,0,,,SDBD_Healthy_0063,SDBD_Healthy_0063,2048,2048,5a7c9e1a6b582272cf9380b2adc54a637acc51fb6f7c165e4daf5610400824be,c76046213f3a9d79bdb054613faf0d8c2620f51958d328dfe843293e701b528a,ca85b5d26b2dd4c2,DUPG_00281,unique,0,0,1,,source_candidate,source_train,2026.0
SDBD_Healthy_985df6a2db,SDBD,,https://data.mendeley.com/datasets/jhrtdj9txm/3,10.17632/jhrtdj9txm.3,CC BY 4.0,1. Healthy/Healthy-63-img-3.jpg,Healthy-63-img-3.jpg,UNKNOWN_PENDING_VERIFICATION,Species pending independent provenance verification,Healthy,Healthy,0,,,SDBD_Healthy_0063,SDBD_Healthy_0063,2048,2048,4634c4e191b8abf6b5cacfc50c70f2b00ea808adcb9e20f04431b10c4aafd7c1,985df6a2db574ce41d621413225a06cbbc19bc0ee897afa0fc2f308652ae36d3,9f47c07c3f0b81b4,DUPG_00282,unique,0,0,1,,source_candidate,source_train,2026.0
SDBD_Healthy_721a0a3165,SDBD,,https://data.mendeley.com/datasets/jhrtdj9txm/3,10.17632/jhrtdj9txm.3,CC BY 4.0,1. Healthy/Healthy-66-img-1.jpg,Healthy-66-img-1.jpg,UNKNOWN_PENDING_VERIFICATION,Species pending independent provenance verification,Healthy,Healthy,0,,,SDBD_Healthy_0066,SDBD_Healthy_0066,2048,2048,af8f1636cd674c2a435d3d76bf62039a73839b069ab13218d11a9d75b8c434c2,721a0a3165a3961250fa50161c8fc2b7026473adf194fc476b20f148bde11d25,cf90b06b85b06e8f,DUPG_00289,unique,0,0,1,,source_candidate,source_train,2026.0
SDBD_Healthy_a70d0cc571,SDBD,,https://data.mendeley.com/datasets/jhrtdj9txm/3,10.17632/jhrtdj9txm.3,CC BY 4.0,1. Healthy/Healthy-66-img-2.jpg,Healthy-66-img-2.jpg,UNKNOWN_PENDING_VERIFICATION,Species pending independent provenance verification,Healthy,Healthy,0,,,SDBD_Healthy_0066,SDBD_Healthy_0066,2048,2048,87ecf5d4293a2c10f1d70280c273b404de4ba14cd236e3e4bfaa4b19d77b6a02,a70d0cc571b655059b8959dc7bf316edb8c2a3f9255c1375d75958ee5229acf6,dfc0945b03b0fc0f,DUPG_00290,unique,0,0,1,,source_candidate,source_train,2026.0
SDBD_Healthy_5c6687a61c,SDBD,,https://data.mendeley.com/datasets/jhrtdj9txm/3,10.17632/jhrtdj9txm.3,CC BY 4.0,1. Healthy/Healthy-66-img-3.jpg,Healthy-66-img-3.jpg,UNKNOWN_PENDING_VERIFICATION,Species pending independent provenance verification,Healthy,Healthy,0,,,SDBD_Healthy_0066,SDBD_Healthy_0066,2048,2048,47d9fa0c3489714325fb676f7ac6b250ec2b4a937f42a3a163a829aa47658e0e,5c6687a61cf2cd587c606ad39a6405ab5e74f154902e37bf1dd4635d1823ceae,cb80b47f4f81b06e,DUPG_00291,unique,0,0,1,,source_candidate,source_train,2026.0
SDBD_Healthy_38f49a68f9,SDBD,,https://data.mendeley.com/datasets/jhrtdj9txm/3,10.17632/jhrtdj9txm.3,CC BY 4.0,1. Healthy/Healthy-67-img-1.jpg,Healthy-67-img-1.jpg,UNKNOWN_PENDING_VERIFICATION,Species pending independent provenance verification,Healthy,Healthy,0,,,SDBD_Healthy_0067,SDBD_Healthy_0067,2048,2048,c39514fdd40e24bfacbe916f115143c57d08f205fb3ec1cc227158e2e5ae62f5,38f49a68f9942252b8ac537b1fe0628ddb964f6fb6be9b887c82c1932712f2af,a3f1d9a6c899cc23,DUPG_00292,unique,0,0,1,,source_candidate,source_train,2026.0
SDBD_Healthy_5969a6ffbc,SDBD,,https://data.mendeley.com/datasets/jhrtdj9txm/3,10.17632/jhrtdj9txm.3,CC BY 4.0,1. Healthy/Healthy-67-img-2.jpg,Healthy-67-img-2.jpg,UNKNOWN_PENDING_VERIFICATION,Species pending independent provenance verification,Healthy,Healthy,0,,,SDBD_Healthy_0067,SDBD_Healthy_0067,2048,2048,e3459bf48a92b1d939bb8ed8fcce3e78ddf98adb83bcdc2cf13e7876d89a3d4d,5969a6ffbc87f125329ddccd5cf7692f6d41349468ff9cffb07c33791c9cf902,fea0c99913666ce1,DUPG_00293,unique,0,0,1,,source_candidate,source_train,2026.0
SDBD_Healthy_7afc00888a,SDBD,,https://data.mendeley.com/datasets/jhrtdj9txm/3,10.17632/jhrtdj9txm.3,CC BY 4.0,1. Healthy/Healthy-67-img-3.jpg,Healthy-67-img-3.jpg,UNKNOWN_PENDING_VERIFICATION,Species pending independent provenance verification,Healthy,Healthy,0,,,SDBD_Healthy_0067,SDBD_Healthy_0067,2048,2048,29b3398eedd98489e022e9a48eef61c18198a7e8440b5301a38e41e4eff60993,7afc00888aae6cc9c39d123e57adfb4fffe495e7b689aa5f751552e5c7f3914f,fbe980947cca8935,DUPG_00294,unique,0,0,1,,source_candidate,source_train,2026.0
SDBD_Healthy_6ba316d1fe,SDBD,,https://data.mendeley.com/datasets/jhrtdj9txm/3,10.17632/jhrtdj9txm.3,CC BY 4.0,1. Healthy/Healthy-69-img-1.jpg,Healthy-69-img-1.jpg,UNKNOWN_PENDING_VERIFICATION,Species pending independent provenance verification,Healthy,Healthy,0,,,SDBD_Healthy_0069,SDBD_Healthy_0069,2048,2048,bae3ea4df7945d784b2272df39de22792b5cb875ed3d49f891fc5f10c27b1e30,6ba316d1fe07b1453f0b5361f9b0487c9d70691b45661c4255728a8b969c4c11,ca92952d6ad61d69,DUPG_00297,unique,0,0,1,,source_candidate,source_train,2026.0
SDBD_Healthy_26d26291f1,SDBD,,https://data.mendeley.com/datasets/jhrtdj9txm/3,10.17632/jhrtdj9txm.3,CC BY 4.0,1. Healthy/Healthy-69-img-2.jpg,Healthy-69-img-2.jpg,UNKNOWN_PENDING_VERIFICATION,Species pending independent provenance verification,Healthy,Healthy,0,,,SDBD_Healthy_0069,SDBD_Healthy_0069,2048,2048,337bd931521b3c16719119e90aa4e3effdc27d2fdbb6875a742373e87df4fe7d,26d26291f1fcc9b860eed364d1cb987824f4f147bec81d2cc3334fdad2079d26,eaaad4953d6ac292,DUPG_00298,unique,0,0,1,,source_candidate,source_train,2026.0
SDBD_Healthy_9362028a17,SDBD,,https://data.mendeley.com/datasets/jhrtdj9txm/3,10.17632/jhrtdj9txm.3,CC BY 4.0,1. Healthy/Healthy-69-img-3.jpg,Healthy-69-img-3.jpg,UNKNOWN_PENDING_VERIFICATION,Species pending independent provenance verification,Healthy,Healthy,0,,,SDBD_Healthy_0069,SDBD_Healthy_0069,2048,2048,018bef2dfa285a652d28d419f61321b4ca678a93c5137d560b17ba9779da3985,9362028a171bb2290e8295d165fd3ece7b471f95e8c6d2dac09b03a13b842f5d,eaca90b565ca9a36,DUPG_00299,unique,0,0,1,,source_candidate,source_train,2026.0
SDBD_Healthy_3c1782e9d7,SDBD,,https://data.mendeley.com/datasets/jhrtdj9txm/3,10.17632/jhrtdj9txm.3,CC BY 4.0,1. Healthy/Healthy-7-img-1.jpg,Healthy-7-img-1.jpg,UNKNOWN_PENDING_VERIFICATION,Species pending independent provenance verification,Healthy,Healthy,0,,,SDBD_Healthy_0007,SDBD_Healthy_0007,2048,2048,e85ec5d74d34dc8bf80335cb4e0fff5d790eea728c496d1cf3cf37f75e4c82f4,3c1782e9d76519ae28d85858068a370260ef5ba4fa472d41107832f16340e858,f99d863a9c93622c,DUPG_00300,unique,0,0,1,,source_candidate,source_train,2026.0
SDBD_Healthy_9ef5657339,SDBD,,https://data.mendeley.com/datasets/jhrtdj9txm/3,10.17632/jhrtdj9txm.3,CC BY 4.0,1. Healthy/Healthy-7-img-2.jpg,Healthy-7-img-2.jpg,UNKNOWN_PENDING_VERIFICATION,Species pending independent provenance verification,Healthy,Healthy,0,,,SDBD_Healthy_0007,SDBD_Healthy_0007,2048,2048,622b56cb12c1a4e37f0448a861b1c974b934838f8f11278c15a86f65530b74c8,9ef56573390721a05629c624cb4922dec3f183c9f56087c5081783825f74dc54,f99d822b1c9cd370,DUPG_00301,unique,0,0,1,,source_candidate,source_train,2026.0
SDBD_Healthy_ece084ce95,SDBD,,https://data.mendeley.com/datasets/jhrtdj9txm/3,10.17632/jhrtdj9txm.3,CC BY 4.0,1. Healthy/Healthy-7-img-3.jpg,Healthy-7-img-3.jpg,UNKNOWN_PENDING_VERIFICATION,Species pending independent provenance verification,Healthy,Healthy,0,,,SDBD_Healthy_0007,SDBD_Healthy_0007,2048,2048,f7f861a72f6f72dff5af1a2ed26df0fe4c4c0a438cd5fa9243e7c12204ee548f,ece084ce95bdf6398911b1bfcbb0faa4a59f8f4a14a4082f1b15a5857a6bdf25,ae5fb320c8583937,DUPG_00302,unique,0,0,1,,source_candidate,source_train,2026.0
SDBD_Healthy_7b6c203848,SDBD,,https://data.mendeley.com/datasets/jhrtdj9txm/3,10.17632/jhrtdj9txm.3,CC BY 4.0,1. Healthy/Healthy-70-img-1.jpg,Healthy-70-img-1.jpg,UNKNOWN_PENDING_VERIFICATION,Species pending independent provenance verification,Healthy,Healthy,0,,,SDBD_Healthy_0070,SDBD_Healthy_0070,2048,2048,3a391c938e690e76b1b64ee55c0651beabaa41a0e6530ece2dad5bb8577d614b,7b6c2038483f2cb5137b4e507b01fa5d8b8136e53c112a40a1f4f22deb170d91,a3b34c33996659cc,DUPG_00303,unique,0,0,1,,source_candidate,source_train,2026.0
SDBD_Healthy_8c8a6e014b,SDBD,,https://data.mendeley.com/datasets/jhrtdj9txm/3,10.17632/jhrtdj9txm.3,CC BY 4.0,1. Healthy/Healthy-70-img-2.jpg,Healthy-70-img-2.jpg,UNKNOWN_PENDING_VERIFICATION,Species pending independent provenance verification,Healthy,Healthy,0,,,SDBD_Healthy_0070,SDBD_Healthy_0070,2048,2048,87835ebf6daadff5a438d5dafc3207edaeb97932c779674a09280f486b903b48,8c8a6e014bb711139f36c8b6841da70560dcd8188e5f72f2fa779d0c7e5e68c8,b199ce738c6619cc,DUPG_00304,unique,0,0,1,,source_candidate,source_train,2026.0
SDBD_Healthy_5c9d7e65dd,SDBD,,https://data.mendeley.com/datasets/jhrtdj9txm/3,10.17632/jhrtdj9txm.3,CC BY 4.0,1. Healthy/Healthy-70-img-3.jpg,Healthy-70-img-3.jpg,UNKNOWN_PENDING_VERIFICATION,Species pending independent provenance verification,Healthy,Healthy,0,,,SDBD_Healthy_0070,SDBD_Healthy_0070,2048,2048,74fc42356449c9b25b917f37cd037c21c18bd32dc82393de6982d2cd07f9797c,5c9d7e65ddb9ff5c0c927db81b92d617bdc3a0edaa0c1299f03e61348d852f3b,b098c699cee38c8f,DUPG_00305,unique,0,0,1,,source_candidate,source_train,2026.0
SDBD_Healthy_57cf3ba588,SDBD,,https://data.mendeley.com/datasets/jhrtdj9txm/3,10.17632/jhrtdj9txm.3,CC BY 4.0,1. Healthy/Healthy-71-img-1.jpg,Healthy-71-img-1.jpg,UNKNOWN_PENDING_VERIFICATION,Species pending independent provenance verification,Healthy,Healthy,0,,,SDBD_Healthy_0071,SDBD_Healthy_0071,2048,2048,d1b6bc1bb117f0277d47fb1aad0734d61e681877a1d3d63d253220ff4b5148d4,57cf3ba588f102d5657080c9fc4075d3637bc0eb964662d0a9aa88ea16c41f68,a4f6126999e6c9cc,DUPG_00306,unique,0,0,1,,source_candidate,source_train,2026.0
SDBD_Healthy_d59b55f91e,SDBD,,https://data.mendeley.com/datasets/jhrtdj9txm/3,10.17632/jhrtdj9txm.3,CC BY 4.0,1. Healthy/Healthy-71-img-2.jpg,Healthy-71-img-2.jpg,UNKNOWN_PENDING_VERIFICATION,Species pending independent provenance verification,Healthy,Healthy,0,,,SDBD_Healthy_0071,SDBD_Healthy_0071,2048,2048,ceca3fbf7dedbb7e70cf9991d17d6e73107fb076ca0dd12a2a3827204cefab83,d59b55f91e4ab90bfac07a5f19001cd56f5d5c972bbd4b028fa593d47a4c8050,a6c2d9e4d8b3cc91,DUPG_00307,unique,0,0,1,,source_candidate,source_train,2026.0
SDBD_Healthy_09ea445059,SDBD,,https://data.mendeley.com/datasets/jhrtdj9txm/3,10.17632/jhrtdj9txm.3,CC BY 4.0,1. Healthy/Healthy-71-img-3.jpg,Healthy-71-img-3.jpg,UNKNOWN_PENDING_VERIFICATION,Species pending independent provenance verification,Healthy,Healthy,0,,,SDBD_Healthy_0071,SDBD_Healthy_0071,2048,2048,8075958b49f5382988b3c5fb5d7a2c457fb7551860032f412471351e84b68cd0,09ea4450593da29a5b2bf4c5a2042cd79886e010ba60ac8faa2369ed7103e361,a39999c69c93cc93,DUPG_00308,unique,0,0,1,,source_candidate,source_train,2026.0
SDBD_Healthy_bcc0e23ba3,SDBD,,https://data.mendeley.com/datasets/jhrtdj9txm/3,10.17632/jhrtdj9txm.3,CC BY 4.0,1. Healthy/Healthy-73-img-1.jpg,Healthy-73-img-1.jpg,UNKNOWN_PENDING_VERIFICATION,Species pending independent provenance verification,Healthy,Healthy,0,,,SDBD_Healthy_0073,SDBD_Healthy_0073,2048,2048,8f74ea99737280f6fb679e4d03cc99b050b20ff502bdaf93cf01a50b89e3438b,bcc0e23ba3f7023f4966b0069b231e9831e994df445e64dc0a5e48ff4b5703e6,efcb90606d9f9260,DUPG_00312,unique,0,0,1,,source_candidate,source_train,2026.0
SDBD_Healthy_4cbfb4c59d,SDBD,,https://data.mendeley.com/datasets/jhrtdj9txm/3,10.17632/jhrtdj9txm.3,CC BY 4.0,1. Healthy/Healthy-73-img-2.jpg,Healthy-73-img-2.jpg,UNKNOWN_PENDING_VERIFICATION,Species pending independent provenance verification,Healthy,Healthy,0,,,SDBD_Healthy_0073,SDBD_Healthy_0073,2048,2048,8038244fb90d7629f29e7b706189cf8fe6aceccdb021840d3afabf5bb94a91bb,4cbfb4c59d67f96ffee9082f232301c2690d8df46e00dbd25bbe318f5d113f24,ef8a94b0680f9f83,DUPG_00313,unique,0,0,1,,source_candidate,source_train,2026.0
SDBD_Healthy_2fc8eb6646,SDBD,,https://data.mendeley.com/datasets/jhrtdj9txm/3,10.17632/jhrtdj9txm.3,CC BY 4.0,1. Healthy/Healthy-73-img-3.jpg,Healthy-73-img-3.jpg,UNKNOWN_PENDING_VERIFICATION,Species pending independent provenance verification,Healthy,Healthy,0,,,SDBD_Healthy_0073,SDBD_Healthy_0073,2048,2048,ceedfc0bec1e79d22ff03e637e95a946a4b31ecbc99efa3e0b650ed240f02673,2fc8eb6646e99ae85685b31b2ff636ed627b98cd95c0b45c72acca3c2ab36c39,ffc2807d0f93601d,DUPG_00314,unique,0,0,1,,source_candidate,source_train,2026.0
SDBD_Healthy_8528c625f6,SDBD,,https://data.mendeley.com/datasets/jhrtdj9txm/3,10.17632/jhrtdj9txm.3,CC BY 4.0,1. Healthy/Healthy-75-img-1.jpg,Healthy-75-img-1.jpg,UNKNOWN_PENDING_VERIFICATION,Species pending independent provenance verification,Healthy,Healthy,0,,,SDBD_Healthy_0075,SDBD_Healthy_0075,2048,2048,8934cc2b888fc5ff2245c8c58dea86c041fdb932bbfff6816cc7a47f91d56f01,8528c625f633c42cb558753c581de934eacf4adb083cc760903e743f95757cae,a4d37279b29353a1,DUPG_00318,unique,0,0,1,,source_candidate,source_train,2026.0
SDBD_Healthy_b6010fc6d2,SDBD,,https://data.mendeley.com/datasets/jhrtdj9txm/3,10.17632/jhrtdj9txm.3,CC BY 4.0,1. Healthy/Healthy-75-img-2.jpg,Healthy-75-img-2.jpg,UNKNOWN_PENDING_VERIFICATION,Species pending independent provenance verification,Healthy,Healthy,0,,,SDBD_Healthy_0075,SDBD_Healthy_0075,2048,2048,7e6f3a3f2a9427a117165434f4bbc4c6b0e0416895b701aa7ebcf638273fa16b,b6010fc6d237d5b35f97610401c394a248f1a4efa9fc0c65c640f55d5596c1d9,b2cc79ec99ccc486,DUPG_00319,unique,0,0,1,,source_candidate,source_train,2026.0
SDBD_Healthy_9b889ab7f1,SDBD,,https://data.mendeley.com/datasets/jhrtdj9txm/3,10.17632/jhrtdj9txm.3,CC BY 4.0,1. Healthy/Healthy-75-img-3.jpg,Healthy-75-img-3.jpg,UNKNOWN_PENDING_VERIFICATION,Species pending independent provenance verification,Healthy,Healthy,0,,,SDBD_Healthy_0075,SDBD_Healthy_0075,2048,2048,826244b56277f1350f4a77775377ddad3f19df5256aedcae145a22427d06b55a,9b889ab7f117d78271540cf3648799304196e3dbc41c2a768ec4c86e4d4ca0db,a29c19cc99cc9cde,DUPG_00320,unique,0,0,1,,source_candidate,source_train,2026.0
SDBD_Healthy_7a6978db59,SDBD,,https://data.mendeley.com/datasets/jhrtdj9txm/3,10.17632/jhrtdj9txm.3,CC BY 4.0,1. Healthy/Healthy-76-img-1.jpg,Healthy-76-img-1.jpg,UNKNOWN_PENDING_VERIFICATION,Species pending independent provenance verification,Healthy,Healthy,0,,,SDBD_Healthy_0076,SDBD_Healthy_0076,2048,2048,265035fa193303d753ec7342501de56ffdb39653c3ec2e89b1379c2c09a9913a,7a6978db598247efb6285ca997944c22c64d70ac2906a8287c221657bf3f9d8a,ffd0949f68708788,DUPG_00321,unique,0,0,1,,source_candidate,source_train,2026.0
SDBD_Healthy_b4b0ce1ecd,SDBD,,https://data.mendeley.com/datasets/jhrtdj9txm/3,10.17632/jhrtdj9txm.3,CC BY 4.0,1. Healthy/Healthy-76-img-2.jpg,Healthy-76-img-2.jpg,UNKNOWN_PENDING_VERIFICATION,Species pending independent provenance verification,Healthy,Healthy,0,,,SDBD_Healthy_0076,SDBD_Healthy_0076,2048,2048,38209daea582885f6c4c52de9b91a7fa018d81c1b6f426b8692eeeaa961ebc73,b4b0ce1ecd5cf3c3f85b72ed48c506aa9e62a07b7581f0bd190d3f2ebc6444d5,cbd4b6036970839f,DUPG_00322,unique,0,0,1,,source_candidate,source_train,2026.0
SDBD_Healthy_20ce29344c,SDBD,,https://data.mendeley.com/datasets/jhrtdj9txm/3,10.17632/jhrtdj9txm.3,CC BY 4.0,1. Healthy/Healthy-76-img-3.jpg,Healthy-76-img-3.jpg,UNKNOWN_PENDING_VERIFICATION,Species pending independent provenance verification,Healthy,Healthy,0,,,SDBD_Healthy_0076,SDBD_Healthy_0076,2048,2048,ec3674ab70449825ef25005abda9c2198dcda3f4e27dda690c38dbf5d4d85e2f,20ce29344c64f3e49b3bb080b4072a64258a0f18b551e13cc33005a4ef004cd9,c9f8b4871ff8c085,DUPG_00323,unique,0,0,1,,source_candidate,source_train,2026.0
SDBD_Healthy_7175892de6,SDBD,,https://data.mendeley.com/datasets/jhrtdj9txm/3,10.17632/jhrtdj9txm.3,CC BY 4.0,1. Healthy/Healthy-77-img-1.jpg,Healthy-77-img-1.jpg,UNKNOWN_PENDING_VERIFICATION,Species pending independent provenance verification,Healthy,Healthy,0,,,SDBD_Healthy_0077,SDBD_Healthy_0077,2048,2048,011b95cfcb293170ad5ee1576636435cd1e3cbf9ca75e40eef3633c3d7eff4a9,7175892de63bdb7150db6717822ebb04f39441e3475415a1fc07d820c802b0a5,fe8095d02aa9d5d6,DUPG_00324,unique,0,0,1,,source_candidate,source_train,2026.0
SDBD_Healthy_f76e1d55ce,SDBD,,https://data.mendeley.com/datasets/jhrtdj9txm/3,10.17632/jhrtdj9txm.3,CC BY 4.0,1. Healthy/Healthy-77-img-2.jpg,Healthy-77-img-2.jpg,UNKNOWN_PENDING_VERIFICATION,Species pending independent provenance verification,Healthy,Healthy,0,,,SDBD_Healthy_0077,SDBD_Healthy_0077,2048,2048,afd471a3d3ea55f87aa77011a5be3d51382138215d4c1f0410d342b0cc1c7005,f76e1d55cef67b23c3ab0a07554f71ca54df87781d12758fe1b0bda0dece0399,ff8494d22a2da5d1,DUPG_00325,unique,0,0,1,,source_candidate,source_train,2026.0
SDBD_Healthy_9143958449,SDBD,,https://data.mendeley.com/datasets/jhrtdj9txm/3,10.17632/jhrtdj9txm.3,CC BY 4.0,1. Healthy/Healthy-77-img-3.jpg,Healthy-77-img-3.jpg,UNKNOWN_PENDING_VERIFICATION,Species pending independent provenance verification,Healthy,Healthy,0,,,SDBD_Healthy_0077,SDBD_Healthy_0077,2048,2048,ca6b0e9dba3a7f4aef26ff81b7c84f7b42f91a99bae763ca0318873ea40cb32b,91439584495d5028cfec2721c5bac065df41159205d13ca68935bd25fa9b4dc7,cfacb494524a2fa5,DUPG_00326,unique,0,0,1,,source_candidate,source_train,2026.0
SDBD_Healthy_b6d316e005,SDBD,,https://data.mendeley.com/datasets/jhrtdj9txm/3,10.17632/jhrtdj9txm.3,CC BY 4.0,1. Healthy/Healthy-78-img-1.jpg,Healthy-78-img-1.jpg,UNKNOWN_PENDING_VERIFICATION,Species pending independent provenance verification,Healthy,Healthy,0,,,SDBD_Healthy_0078,SDBD_Healthy_0078,2048,2048,69e62b636f57039b02ec07b60b701eba71e928d2a17a77fb2627c9dfee2b7b63,b6d316e0057fdbd65066040fb9f2d3776865400404ca3b33e4bce9db34e59930,ff8090632f8cb06f,DUPG_00327,unique,0,0,1,,source_candidate,source_train,2026.0
SDBD_Healthy_efd01e12f8,SDBD,,https://data.mendeley.com/datasets/jhrtdj9txm/3,10.17632/jhrtdj9txm.3,CC BY 4.0,1. Healthy/Healthy-78-img-2.jpg,Healthy-78-img-2.jpg,UNKNOWN_PENDING_VERIFICATION,Species pending independent provenance verification,Healthy,Healthy,0,,,SDBD_Healthy_0078,SDBD_Healthy_0078,2048,2048,849e7f2789cc6caf8dfab4295a9421a3898badd5183278b1b7f711225eecffbd,efd01e12f88a5d9a38d8e08cf01c9be0215f5fd011bacc3576b70b6d8dbcbcd5,cf8890b76f4890b7,DUPG_00328,unique,0,0,1,,source_candidate,source_train,2026.0
SDBD_Healthy_99fb448c7d,SDBD,,https://data.mendeley.com/datasets/jhrtdj9txm/3,10.17632/jhrtdj9txm.3,CC BY 4.0,1. Healthy/Healthy-78-img-3.jpg,Healthy-78-img-3.jpg,UNKNOWN_PENDING_VERIFICATION,Species pending independent provenance verification,Healthy,Healthy,0,,,SDBD_Healthy_0078,SDBD_Healthy_0078,2048,2048,f4962c0d53d17c1eb85b5e04fd642bf970e0211f8c77f6e65a7a3f60a845da00,99fb448c7d15e06527aaf73971209af71f534d3b22296c436dfc1131f087b665,efc090ff08d4b04f,DUPG_00329,unique,0,0,1,,source_candidate,source_train,2026.0
SDBD_Healthy_c07bc99ce5,SDBD,,https://data.mendeley.com/datasets/jhrtdj9txm/3,10.17632/jhrtdj9txm.3,CC BY 4.0,1. Healthy/Healthy-79-img-1.jpg,Healthy-79-img-1.jpg,UNKNOWN_PENDING_VERIFICATION,Species pending independent provenance verification,Healthy,Healthy,0,,,SDBD_Healthy_0079,SDBD_Healthy_0079,2048,2048,3777d59883b359a3b654606fcb3ce74be1a1070c5763c4c41e8a512c51631e82,c07bc99ce5e5634b3b1127f64983c64d834c63e0db10e1d95251eebd0c7b9f2b,cfb8b0872f68c097,DUPG_00330,unique,0,0,1,,source_candidate,source_train,2026.0
SDBD_Healthy_47fadb5895,SDBD,,https://data.mendeley.com/datasets/jhrtdj9txm/3,10.17632/jhrtdj9txm.3,CC BY 4.0,1. Healthy/Healthy-79-img-2.jpg,Healthy-79-img-2.jpg,UNKNOWN_PENDING_VERIFICATION,Species pending independent provenance verification,Healthy,Healthy,0,,,SDBD_Healthy_0079,SDBD_Healthy_0079,2048,2048,b498ad086e2a8bd05f7b2ae34bc8364519b1bb813bc74d6cb665a91b5ce2f60a,47fadb589572b5ac17b22c6ec8789378e7a5f146db857c772029bc2aa259f86f,cfa0949f6860879f,DUPG_00331,unique,0,0,1,,source_candidate,source_train,2026.0
SDBD_Healthy_6835be584f,SDBD,,https://data.mendeley.com/datasets/jhrtdj9txm/3,10.17632/jhrtdj9txm.3,CC BY 4.0,1. Healthy/Healthy-8-img-1.jpg,Healthy-8-img-1.jpg,UNKNOWN_PENDING_VERIFICATION,Species pending independent provenance verification,Healthy,Healthy,0,,,SDBD_Healthy_0008,SDBD_Healthy_0008,2048,2048,654abd3065cae8bf4953511d31369e55b634373a8c55202e3eca7b287ef59d38,6835be584f594be1a80e19e47f136e861c422413177c68c2297ceb6dd71d88cd,ba86b599ca36c58a,DUPG_00332,unique,0,0,1,,source_candidate,source_train,2026.0
SDBD_Healthy_6514c565f7,SDBD,,https://data.mendeley.com/datasets/jhrtdj9txm/3,10.17632/jhrtdj9txm.3,CC BY 4.0,1. Healthy/Healthy-8-img-2.jpg,Healthy-8-img-2.jpg,UNKNOWN_PENDING_VERIFICATION,Species pending independent provenance verification,Healthy,Healthy,0,,,SDBD_Healthy_0008,SDBD_Healthy_0008,2048,2048,b969ca68619a5f5626ca71f9aebcdf0a5c588cf2700ddebb56108c9d267daec6,6514c565f7d29d539983684e7df3bee8b4a79777f56d9a618125a2825f9c6489,be95973a0d97620c,DUPG_00333,unique,0,0,1,,source_candidate,source_train,2026.0
SDBD_Healthy_0819fdfd79,SDBD,,https://data.mendeley.com/datasets/jhrtdj9txm/3,10.17632/jhrtdj9txm.3,CC BY 4.0,1. Healthy/Healthy-8-img-3.jpg,Healthy-8-img-3.jpg,UNKNOWN_PENDING_VERIFICATION,Species pending independent provenance verification,Healthy,Healthy,0,,,SDBD_Healthy_0008,SDBD_Healthy_0008,2048,2048,bd2896c20877c88108ed3c7b1934c86f2979709ae73ab0d8a06f9875fe592a34,0819fdfd799670d3c2f00831cb3694d912ad8158010b731af5197faf1b9612fe,bc9d973a288d9362,DUPG_00334,unique,0,0,1,,source_candidate,source_train,2026.0
SDBD_Healthy_28b4ccc45d,SDBD,,https://data.mendeley.com/datasets/jhrtdj9txm/3,10.17632/jhrtdj9txm.3,CC BY 4.0,1. Healthy/Healthy-80-img-1.jpg,Healthy-80-img-1.jpg,UNKNOWN_PENDING_VERIFICATION,Species pending independent provenance verification,Healthy,Healthy,0,,,SDBD_Healthy_0080,SDBD_Healthy_0080,2048,2048,089af77a5d03d0269ca7ad43d042f40a9427814b1df2952e1c53245d353586ae,28b4ccc45dde02659a02a71f9634000bfcd9b5b900f7f3f23ad968a40c35df2a,ff81b0e06d8f9360,DUPG_00335,unique,0,0,1,,source_candidate,source_train,2026.0
SDBD_Healthy_ff30e4dbce,SDBD,,https://data.mendeley.com/datasets/jhrtdj9txm/3,10.17632/jhrtdj9txm.3,CC BY 4.0,1. Healthy/Healthy-80-img-2.jpg,Healthy-80-img-2.jpg,UNKNOWN_PENDING_VERIFICATION,Species pending independent provenance verification,Healthy,Healthy,0,,,SDBD_Healthy_0080,SDBD_Healthy_0080,2048,2048,60f4e400ebec70318bcdbf2d61cd88cd0a2a7d4dad122c886ebcecdbfccd70fb,ff30e4dbce236fb3643d5969e0c780f1d34676466bb139ff5b4a3a538d469ff6,ff80b0680fb2705f,DUPG_00336,unique,0,0,1,,source_candidate,source_train,2026.0
SDBD_Healthy_5d73822e7d,SDBD,,https://data.mendeley.com/datasets/jhrtdj9txm/3,10.17632/jhrtdj9txm.3,CC BY 4.0,1. Healthy/Healthy-80-img-3.jpg,Healthy-80-img-3.jpg,UNKNOWN_PENDING_VERIFICATION,Species pending independent provenance verification,Healthy,Healthy,0,,,SDBD_Healthy_0080,SDBD_Healthy_0080,2048,2048,ddb4e2b11297ba3414c2c39c7971e89e8f6f985d5bdf906611b05472d6070dbb,5d73822e7d9a9289b128067cc95d61797ca6bc83363b5c39848123bc203889ee,cf8590f06c4f8fb0,DUPG_00337,unique,0,0,1,,source_candidate,source_train,2026.0
SDBD_Healthy_34d1dbab46,SDBD,,https://data.mendeley.com/datasets/jhrtdj9txm/3,10.17632/jhrtdj9txm.3,CC BY 4.0,1. Healthy/Healthy-81-img-1.jpg,Healthy-81-img-1.jpg,UNKNOWN_PENDING_VERIFICATION,Species pending independent provenance verification,Healthy,Healthy,0,,,SDBD_Healthy_0081,SDBD_Healthy_0081,2048,2048,51ef7f20da7f9c023c281a1a7898c6ab92f2e7fa47d87d36f8430e7bc105a8ad,34d1dbab465287fc4267c15b2fb247c82e6145982a5959a3c25dcc1427f6080f,be9883373cc8c333,DUPG_00338,unique,0,0,1,,source_candidate,source_train,2026.0
SDBD_Healthy_440a518733,SDBD,,https://data.mendeley.com/datasets/jhrtdj9txm/3,10.17632/jhrtdj9txm.3,CC BY 4.0,1. Healthy/Healthy-81-img-2.jpg,Healthy-81-img-2.jpg,UNKNOWN_PENDING_VERIFICATION,Species pending independent provenance verification,Healthy,Healthy,0,,,SDBD_Healthy_0081,SDBD_Healthy_0081,2048,2048,d372a71a4a25f63fcd419224c76c7f1068c676da3a76721fa9bff76ba34dc76c,440a5187338cef6412cae5dcf0a9af3fa23412e36bbeee1aafe1c40db62e2c86,fd98863738c98636,DUPG_00339,unique,0,0,1,,source_candidate,source_train,2026.0
SDBD_Healthy_163ee7fa97,SDBD,,https://data.mendeley.com/datasets/jhrtdj9txm/3,10.17632/jhrtdj9txm.3,CC BY 4.0,1. Healthy/Healthy-81-img-3.jpg,Healthy-81-img-3.jpg,UNKNOWN_PENDING_VERIFICATION,Species pending independent provenance verification,Healthy,Healthy,0,,,SDBD_Healthy_0081,SDBD_Healthy_0081,2048,2048,ab9facf75dfc3e0673805cd3dc66688b1b20086b58e8d2445412e11d30d79122,163ee7fa97e8d03315b70bb439c7563d38c3a71e1c46029c5abcc99664364f57,fdd8808730e9cf26,DUPG_00340,unique,0,0,1,,source_candidate,source_train,2026.0
SDBD_Healthy_ba828af494,SDBD,,https://data.mendeley.com/datasets/jhrtdj9txm/3,10.17632/jhrtdj9txm.3,CC BY 4.0,1. Healthy/Healthy-82-img-1.jpg,Healthy-82-img-1.jpg,UNKNOWN_PENDING_VERIFICATION,Species pending independent provenance verification,Healthy,Healthy,0,,,SDBD_Healthy_0082,SDBD_Healthy_0082,2048,2048,77e1acc313f6dc5fd76db577e43b07483bdb387d0dbee31cb3080dda10bcc9a3,ba828af494387dbcd43601b4fc94c7c180c9f7f199e453ff636bc4b3e9bda3bf,fe81f5827a6885c6,DUPG_00341,unique,0,0,1,,source_candidate,source_train,2026.0
SDBD_Healthy_c4965aee51,SDBD,,https://data.mendeley.com/datasets/jhrtdj9txm/3,10.17632/jhrtdj9txm.3,CC BY 4.0,1. Healthy/Healthy-82-img-2.jpg,Healthy-82-img-2.jpg,UNKNOWN_PENDING_VERIFICATION,Species pending independent provenance verification,Healthy,Healthy,0,,,SDBD_Healthy_0082,SDBD_Healthy_0082,2048,2048,305b882dd92b8f3e9ea926c3827714fbd501cfaffbf87d83024fad376d58334b,c4965aee51a05ebce698188d6b10eb5400c41c0a2e4cff9e53180fcd010af4cc,f689b981567a29a5,DUPG_00342,unique,0,0,1,,source_candidate,source_train,2026.0
SDBD_Healthy_1191ac76f6,SDBD,,https://data.mendeley.com/datasets/jhrtdj9txm/3,10.17632/jhrtdj9txm.3,CC BY 4.0,1. Healthy/Healthy-82-img-3.jpg,Healthy-82-img-3.jpg,UNKNOWN_PENDING_VERIFICATION,Species pending independent provenance verification,Healthy,Healthy,0,,,SDBD_Healthy_0082,SDBD_Healthy_0082,2048,2048,f8485ee5978b89750557697a79ff6c45ace573046d34145cff6b5e62d02aa045,1191ac76f60b61d1d470e89a537ce71689e7f77fa9e09e377e10a1ce5a114c50,de81b5027ba187da,DUPG_00343,unique,0,0,1,,source_candidate,source_train,2026.0
SDBD_Healthy_ee039977f7,SDBD,,https://data.mendeley.com/datasets/jhrtdj9txm/3,10.17632/jhrtdj9txm.3,CC BY 4.0,1. Healthy/Healthy-83-img-1.jpg,Healthy-83-img-1.jpg,UNKNOWN_PENDING_VERIFICATION,Species pending independent provenance verification,Healthy,Healthy,0,,,SDBD_Healthy_0083,SDBD_Healthy_0083,2048,2048,2f0d9373b43ce59d7b768882d54e7e85d432a97145beeeeae996e6abf19386f5,ee039977f791d00ab7224b58e735857b0ee68b649d3b78657180878e391c68e4,a381c826d9ccf3ec,DUPG_00344,unique,0,0,1,,source_candidate,source_train,2026.0
SDBD_Healthy_1c4906ba67,SDBD,,https://data.mendeley.com/datasets/jhrtdj9txm/3,10.17632/jhrtdj9txm.3,CC BY 4.0,1. Healthy/Healthy-83-img-2.jpg,Healthy-83-img-2.jpg,UNKNOWN_PENDING_VERIFICATION,Species pending independent provenance verification,Healthy,Healthy,0,,,SDBD_Healthy_0083,SDBD_Healthy_0083,2048,2048,20f5723c95c44c3d548a19786b5bdecf61e67ff290340b9aa89746c49871729b,1c4906ba675f161c691c3274c2ab704a26f4146e90b4da33ce1769d9f0ed3ff7,fe8295b50d6ac2d4,DUPG_00345,unique,0,0,1,,source_candidate,source_train,2026.0
SDBD_Healthy_3920bcc1dd,SDBD,,https://data.mendeley.com/datasets/jhrtdj9txm/3,10.17632/jhrtdj9txm.3,CC BY 4.0,1. Healthy/Healthy-83-img-3.jpg,Healthy-83-img-3.jpg,UNKNOWN_PENDING_VERIFICATION,Species pending independent provenance verification,Healthy,Healthy,0,,,SDBD_Healthy_0083,SDBD_Healthy_0083,2048,2048,57a366f69c4139513cf131f53606008272152cd90a68e182d60bc54325055b81,3920bcc1dd04864e0f04aa73884291fa258240de631f751f120b81fb5d93c2f4,b1c8ccb1c4e3d876,DUPG_00346,unique,0,0,1,,source_candidate,source_train,2026.0
SDBD_Healthy_0d964a5e4b,SDBD,,https://data.mendeley.com/datasets/jhrtdj9txm/3,10.17632/jhrtdj9txm.3,CC BY 4.0,1. Healthy/Healthy-85-img-1.jpg,Healthy-85-img-1.jpg,UNKNOWN_PENDING_VERIFICATION,Species pending independent provenance verification,Healthy,Healthy,0,,,SDBD_Healthy_0085,SDBD_Healthy_0085,2048,2048,f4979e5e413d353744e4443c1ff2aae69afa9ee79b91a6b233d8a21783b0bcb5,0d964a5e4ba6cd0f8744ef79a19242c021dd58d5a25c2860663b9863fb17ea5d,cfd090d3622cb5d3,DUPG_00350,unique,0,0,1,,source_candidate,source_train,2026.0
SDBD_Healthy_547b83f2d5,SDBD,,https://data.mendeley.com/datasets/jhrtdj9txm/3,10.17632/jhrtdj9txm.3,CC BY 4.0,1. Healthy/Healthy-85-img-2.jpg,Healthy-85-img-2.jpg,UNKNOWN_PENDING_VERIFICATION,Species pending independent provenance verification,Healthy,Healthy,0,,,SDBD_Healthy_0085,SDBD_Healthy_0085,2048,2048,fba807dab4c2c953e0517aa9985c4dfe1f209fb61bf581baaad7147fd5c70f8e,547b83f2d52a44c5400f2eb9a1716d1b0b24bf936319f747ab143b9e3e6feb28,efd0904d38d7453a,DUPG_00351,unique,0,0,1,,source_candidate,source_train,2026.0
SDBD_Healthy_7863ca16a8,SDBD,,https://data.mendeley.com/datasets/jhrtdj9txm/3,10.17632/jhrtdj9txm.3,CC BY 4.0,1. Healthy/Healthy-85-img-3.jpg,Healthy-85-img-3.jpg,UNKNOWN_PENDING_VERIFICATION,Species pending independent provenance verification,Healthy,Healthy,0,,,SDBD_Healthy_0085,SDBD_Healthy_0085,2048,2048,d935dc998e1cbf42bd122453f9360fe93932e8e150e6a6fe10b5bf72a448da8e,7863ca16a86ae74ec32cadcc85bf679d89177a69ad8faea0869f9ff6e566840a,c5a9ba9e4561acb4,DUPG_00352,unique,0,0,1,,source_candidate,source_train,2026.0
SDBD_Healthy_a6f7828388,SDBD,,https://data.mendeley.com/datasets/jhrtdj9txm/3,10.17632/jhrtdj9txm.3,CC BY 4.0,1. Healthy/Healthy-86-img-1.jpg,Healthy-86-img-1.jpg,UNKNOWN_PENDING_VERIFICATION,Species pending independent provenance verification,Healthy,Healthy,0,,,SDBD_Healthy_0086,SDBD_Healthy_0086,2048,2048,7d40171c41dd24d533d4ad53aa830a2c06efe443d43c2ba85a501bc52fdb55ac,a6f7828388727fbb6dec708a66360dfd6a861ed9ddc52b00c9027418d28291d0,ff90b70069f6808f,DUPG_00353,unique,0,0,1,,source_candidate,source_train,2026.0
SDBD_Healthy_2bd167c7f7,SDBD,,https://data.mendeley.com/datasets/jhrtdj9txm/3,10.17632/jhrtdj9txm.3,CC BY 4.0,1. Healthy/Healthy-86-img-2.jpg,Healthy-86-img-2.jpg,UNKNOWN_PENDING_VERIFICATION,Species pending independent provenance verification,Healthy,Healthy,0,,,SDBD_Healthy_0086,SDBD_Healthy_0086,2048,2048,caddd87645a784589999ac8a51f65fa4202f1075d1df243e6c0d014606b969a5,2bd167c7f7385c26e5aecd0b2031cca7f46e2a5e654da6e58280632e6aa3f051,cbb8f6806bd800bf,DUPG_00354,unique,0,0,1,,source_candidate,source_train,2026.0
SDBD_Healthy_5c4f58d918,SDBD,,https://data.mendeley.com/datasets/jhrtdj9txm/3,10.17632/jhrtdj9txm.3,CC BY 4.0,1. Healthy/Healthy-86-img-3.jpg,Healthy-86-img-3.jpg,UNKNOWN_PENDING_VERIFICATION,Species pending independent provenance verification,Healthy,Healthy,0,,,SDBD_Healthy_0086,SDBD_Healthy_0086,2048,2048,82e22c94d73a30ccee86f402db1edc9f5cfda64d63bf44849d355b8aba50e8b4,5c4f58d918770580180f69d52a5e17bcf86fe1c96dd305b7fe4661a7668d7a76,ebd0946f60868f78,DUPG_00355,unique,0,0,1,,source_candidate,source_train,2026.0
SDBD_Healthy_b2b3fc90d4,SDBD,,https://data.mendeley.com/datasets/jhrtdj9txm/3,10.17632/jhrtdj9txm.3,CC BY 4.0,1. Healthy/Healthy-88-img-1.jpg,Healthy-88-img-1.jpg,UNKNOWN_PENDING_VERIFICATION,Species pending independent provenance verification,Healthy,Healthy,0,,,SDBD_Healthy_0088,SDBD_Healthy_0088,2048,2048,a315bc1d31262ed11790e3373be56ebffe7f261ba66859b211f26b0c155b2456,b2b3fc90d44ba3c09e25a72c4643fdb42899644467d571e5853c05e94d5d42c8,ef90b3816c7093cd,DUPG_00359,unique,0,0,1,,source_candidate,source_train,2026.0
SDBD_Healthy_9f295b2668,SDBD,,https://data.mendeley.com/datasets/jhrtdj9txm/3,10.17632/jhrtdj9txm.3,CC BY 4.0,1. Healthy/Healthy-88-img-2.jpg,Healthy-88-img-2.jpg,UNKNOWN_PENDING_VERIFICATION,Species pending independent provenance verification,Healthy,Healthy,0,,,SDBD_Healthy_0088,SDBD_Healthy_0088,2048,2048,77724820e56d71a5b7cd6d2919920349dad40b24f62d1ee646565d0b3671c110,9f295b2668e1d1c6e8e2625c850a892dfa89ea3b2ffee3d306a51a798c87b939,e9c2968f68f087c9,DUPG_00360,unique,0,0,1,,source_candidate,source_train,2026.0
SDBD_Healthy_db81db6df5,SDBD,,https://data.mendeley.com/datasets/jhrtdj9txm/3,10.17632/jhrtdj9txm.3,CC BY 4.0,1. Healthy/Healthy-88-img-3.jpg,Healthy-88-img-3.jpg,UNKNOWN_PENDING_VERIFICATION,Species pending independent provenance verification,Healthy,Healthy,0,,,SDBD_Healthy_0088,SDBD_Healthy_0088,2048,2048,f420cb27c354790674a535754ce437684c166332b300fad151e5a63cab80db56,db81db6df5ac58e70abb6ba367855d00045ddcc4ce0cd4854ea304b83e9a4ea5,cedcb2830f7fb020,DUPG_00361,unique,0,0,1,,source_candidate,source_train,2026.0
SDBD_Healthy_d335473a49,SDBD,,https://data.mendeley.com/datasets/jhrtdj9txm/3,10.17632/jhrtdj9txm.3,CC BY 4.0,1. Healthy/Healthy-89-img-1.jpg,Healthy-89-img-1.jpg,UNKNOWN_PENDING_VERIFICATION,Species pending independent provenance verification,Healthy,Healthy,0,,,SDBD_Healthy_0089,SDBD_Healthy_0089,2048,2048,d5bf1e203710af445a35167df08d73f0f1190a3d808b97219037fb618fc23488,d335473a494009e01460668a601e435ef2c54c7c682cff2a8b91a643bda45279,ecc7927c0d83b06e,DUPG_00362,unique,0,0,1,,source_candidate,source_train,2026.0
SDBD_Healthy_786a2aae22,SDBD,,https://data.mendeley.com/datasets/jhrtdj9txm/3,10.17632/jhrtdj9txm.3,CC BY 4.0,1. Healthy/Healthy-89-img-2.jpg,Healthy-89-img-2.jpg,UNKNOWN_PENDING_VERIFICATION,Species pending independent provenance verification,Healthy,Healthy,0,,,SDBD_Healthy_0089,SDBD_Healthy_0089,2048,2048,e416441aae23453e773c05033e923690d25a747103246644acb8a5a56bf0816c,786a2aae22db7a1530e903dd688887b6b0f0bb489a00118b8275e599be0921af,fbc690781fa4e05a,DUPG_00363,unique,0,0,1,,source_candidate,source_train,2026.0
SDBD_Healthy_abcd42df71,SDBD,,https://data.mendeley.com/datasets/jhrtdj9txm/3,10.17632/jhrtdj9txm.3,CC BY 4.0,1. Healthy/Healthy-89-img-3.jpg,Healthy-89-img-3.jpg,UNKNOWN_PENDING_VERIFICATION,Species pending independent provenance verification,Healthy,Healthy,0,,,SDBD_Healthy_0089,SDBD_Healthy_0089,2048,2048,c85b3c8a3cbb70addeb434ca4ed84d1a3c05b3d205d4ab3964f1d33844e10e4e,abcd42df71f4aecf8ec81b54d7a17609d2126cbe876d50f6da340cd60d350230,ef87b0700f87b06c,DUPG_00364,unique,0,0,1,,source_candidate,source_train,2026.0
SDBD_Healthy_4966a56625,SDBD,,https://data.mendeley.com/datasets/jhrtdj9txm/3,10.17632/jhrtdj9txm.3,CC BY 4.0,1. Healthy/Healthy-90-img-1.jpg,Healthy-90-img-1.jpg,UNKNOWN_PENDING_VERIFICATION,Species pending independent provenance verification,Healthy,Healthy,0,,,SDBD_Healthy_0090,SDBD_Healthy_0090,2048,2048,c8be01f65a946f230f744e2b4c85946c43e7ed1c763af3d5598350887388e1c7,4966a56625c14e8e48038162bb59b2281255ad12de9f7fe7e66d78faeb5dc2d8,fec095f22aad8592,DUPG_00368,unique,0,0,1,,source_candidate,source_train,2026.0
SDBD_Healthy_4a13d960b8,SDBD,,https://data.mendeley.com/datasets/jhrtdj9txm/3,10.17632/jhrtdj9txm.3,CC BY 4.0,1. Healthy/Healthy-90-img-2.jpg,Healthy-90-img-2.jpg,UNKNOWN_PENDING_VERIFICATION,Species pending independent provenance verification,Healthy,Healthy,0,,,SDBD_Healthy_0090,SDBD_Healthy_0090,2048,2048,96ee4785c43755bd199a7a77680d51c565275fa77576fe743e11377b6e1192a9,4a13d960b8a0f94452a6ddbe6ed603457e30466b624e0ed389e0dbc83c9a6056,fec5913a68959638,DUPG_00369,unique,0,0,1,,source_candidate,source_train,2026.0
SDBD_Healthy_fd3f07f85a,SDBD,,https://data.mendeley.com/datasets/jhrtdj9txm/3,10.17632/jhrtdj9txm.3,CC BY 4.0,1. Healthy/Healthy-90-img-3.jpg,Healthy-90-img-3.jpg,UNKNOWN_PENDING_VERIFICATION,Species pending independent provenance verification,Healthy,Healthy,0,,,SDBD_Healthy_0090,SDBD_Healthy_0090,2048,2048,a05e67512c1b5798a2a5134d29edab425b005319059fabd8583be8f05df71bc5,fd3f07f85a9d2f2a77eb8cef5fffab85eb753db53155f0295fee3a2ffe1df89a,f2c49dda232dc4d2,DUPG_00370,unique,0,0,1,,source_candidate,source_train,2026.0
SDBD_Healthy_5fa7a01536,SDBD,,https://data.mendeley.com/datasets/jhrtdj9txm/3,10.17632/jhrtdj9txm.3,CC BY 4.0,1. Healthy/Healthy-91-img-1.jpg,Healthy-91-img-1.jpg,UNKNOWN_PENDING_VERIFICATION,Species pending independent provenance verification,Healthy,Healthy,0,,,SDBD_Healthy_0091,SDBD_Healthy_0091,2048,2048,9a4e5e73da78c9005053a8f626de45285e03751d247464748ae63d2d09f68256,5fa7a015363ccbed9b394f3946a7d5e467a080073ba901c0a4249b10b002aeb6,efd0910f64609bdc,DUPG_00371,unique,0,0,1,,source_candidate,source_train,2026.0
SDBD_Healthy_be5884b047,SDBD,,https://data.mendeley.com/datasets/jhrtdj9txm/3,10.17632/jhrtdj9txm.3,CC BY 4.0,1. Healthy/Healthy-91-img-2.jpg,Healthy-91-img-2.jpg,UNKNOWN_PENDING_VERIFICATION,Species pending independent provenance verification,Healthy,Healthy,0,,,SDBD_Healthy_0091,SDBD_Healthy_0091,2048,2048,f63af24bad894968de08e5309e3af298f180dce7a32e787110b48ea92e6765aa,be5884b04714d1d2034514e26efa243a4198d4dde0337fa441c093058ccce934,ffc093af681b8660,DUPG_00372,unique,0,0,1,,source_candidate,source_train,2026.0
SDBD_Healthy_87a34c881d,SDBD,,https://data.mendeley.com/datasets/jhrtdj9txm/3,10.17632/jhrtdj9txm.3,CC BY 4.0,1. Healthy/Healthy-91-img-3.jpg,Healthy-91-img-3.jpg,UNKNOWN_PENDING_VERIFICATION,Species pending independent provenance verification,Healthy,Healthy,0,,,SDBD_Healthy_0091,SDBD_Healthy_0091,2048,2048,882f878dff1f8a260a7dbbb79230395f2a33bb7a7678f91b9c827d8849cf85b8,87a34c881de24948334a74c188aa99b5ac04b876a6496c0c8a21770cf50a0e2b,cf9870970f6c6133,DUPG_00373,unique,0,0,1,,source_candidate,source_train,2026.0
SDBD_Healthy_d75b5f2b89,SDBD,,https://data.mendeley.com/datasets/jhrtdj9txm/3,10.17632/jhrtdj9txm.3,CC BY 4.0,1. Healthy/Healthy-92-img-1.jpg,Healthy-92-img-1.jpg,UNKNOWN_PENDING_VERIFICATION,Species pending independent provenance verification,Healthy,Healthy,0,,,SDBD_Healthy_0092,SDBD_Healthy_0092,2048,2048,69082ecb74c0568dae98c717d445679dc840230b40ff536bd81d72e5930f7379,d75b5f2b89ec6c5045605fc4d269d1112598401f99031c04b927ebaff566000f,cb98b6876860939f,DUPG_00374,unique,0,0,1,,source_candidate,source_train,2026.0
SDBD_Healthy_4671f4b962,SDBD,,https://data.mendeley.com/datasets/jhrtdj9txm/3,10.17632/jhrtdj9txm.3,CC BY 4.0,1. Healthy/Healthy-92-img-2.jpg,Healthy-92-img-2.jpg,UNKNOWN_PENDING_VERIFICATION,Species pending independent provenance verification,Healthy,Healthy,0,,,SDBD_Healthy_0092,SDBD_Healthy_0092,2048,2048,266da5f60f9ee53ed063ee8649c41acfd425ae7c4559e12daed2d24f8541b333,4671f4b9622d40fb286f2db9389a86755c18cb960fdd4e7b4e91babc0cab3017,ef90968568f087ec,DUPG_00375,unique,0,0,1,,source_candidate,source_train,2026.0
SDBD_Healthy_cc10e5c344,SDBD,,https://data.mendeley.com/datasets/jhrtdj9txm/3,10.17632/jhrtdj9txm.3,CC BY 4.0,1. Healthy/Healthy-92-img-3.jpg,Healthy-92-img-3.jpg,UNKNOWN_PENDING_VERIFICATION,Species pending independent provenance verification,Healthy,Healthy,0,,,SDBD_Healthy_0092,SDBD_Healthy_0092,2048,2048,bd7566102788132e4dec3ac02957b5e62deac0bcdabda07bcdb86c197584fd42,cc10e5c34471d9b7c47d20c1b503e05a7b3d7ec8d6936924dc70be2f84063143,c9bcf6812d6ec093,DUPG_00376,unique,0,0,1,,source_candidate,source_train,2026.0
SDBD_Healthy_75c20851ba,SDBD,,https://data.mendeley.com/datasets/jhrtdj9txm/3,10.17632/jhrtdj9txm.3,CC BY 4.0,1. Healthy/Healthy-93-img-1.jpg,Healthy-93-img-1.jpg,UNKNOWN_PENDING_VERIFICATION,Species pending independent provenance verification,Healthy,Healthy,0,,,SDBD_Healthy_0093,SDBD_Healthy_0093,2048,2048,738917738e878a38361da86eb227e416072c4a15a20335a1e893cae9f8fa66e8,75c20851ba67da0e9d3898408b8b427b0a3ad5e3d2ffe77897ba7622911b4a26,ea9a95256ad2bf20,DUPG_00377,unique,0,0,1,,source_candidate,source_train,2026.0
SDBD_Healthy_7ff3d974d5,SDBD,,https://data.mendeley.com/datasets/jhrtdj9txm/3,10.17632/jhrtdj9txm.3,CC BY 4.0,1. Healthy/Healthy-96-img-1.jpg,Healthy-96-img-1.jpg,UNKNOWN_PENDING_VERIFICATION,Species pending independent provenance verification,Healthy,Healthy,0,,,SDBD_Healthy_0096,SDBD_Healthy_0096,2048,2048,c914c8f034cab0189af8366618b2544cefd0ec17e2c91fb1f6958d2f6dcddc76,7ff3d974d55eeacc3da61a2ba09f535fffc3351c42d01624417ae2c387e52754,eac5959a1a6be584,DUPG_00384,unique,0,0,1,,source_candidate,source_train,2026.0
SDBD_Healthy_82aa3313fd,SDBD,,https://data.mendeley.com/datasets/jhrtdj9txm/3,10.17632/jhrtdj9txm.3,CC BY 4.0,1. Healthy/Healthy-96-img-2.jpg,Healthy-96-img-2.jpg,UNKNOWN_PENDING_VERIFICATION,Species pending independent provenance verification,Healthy,Healthy,0,,,SDBD_Healthy_0096,SDBD_Healthy_0096,2048,2048,f0758ccf7318e2b1a234e32a34e6bac7af260f1a2eace51d040ddb86ab3f8a68,82aa3313fde4e594aa6b1f5c8bc0ddaf31d635de99f20e32198706a90098ec9f,c7acb1911a7a68ad,DUPG_00385,unique,0,0,1,,source_candidate,source_train,2026.0
SDBD_Healthy_a4625642d8,SDBD,,https://data.mendeley.com/datasets/jhrtdj9txm/3,10.17632/jhrtdj9txm.3,CC BY 4.0,1. Healthy/Healthy-97-img-1.jpg,Healthy-97-img-1.jpg,UNKNOWN_PENDING_VERIFICATION,Species pending independent provenance verification,Healthy,Healthy,0,,,SDBD_Healthy_0097,SDBD_Healthy_0097,2048,2048,0e68c55df9bb877eaaaf7a2e4df8b54bf69a79102c2f7a6e2d18d5285edf1cab,a4625642d800d6db44690e9ae06edc10bca89ed6ecb8bd42ec2b07d1f0d5b49e,f3332d96998c926c,DUPG_00386,unique,0,0,1,,source_candidate,source_train,2026.0
SDBD_Healthy_68dda3f531,SDBD,,https://data.mendeley.com/datasets/jhrtdj9txm/3,10.17632/jhrtdj9txm.3,CC BY 4.0,1. Healthy/Healthy-97-img-2.jpg,Healthy-97-img-2.jpg,UNKNOWN_PENDING_VERIFICATION,Species pending independent provenance verification,Healthy,Healthy,0,,,SDBD_Healthy_0097,SDBD_Healthy_0097,2048,2048,7ef61751ec398ed3cf06cf7250f78456d498cc2640470fcfdab4bcdc3d15496c,68dda3f531ea11f95140452ef3fd8c433af4c8f8b4e7a78f4cbf51975dd5c12a,f1716433ccce8966,DUPG_00387,unique,0,0,1,,source_candidate,source_train,2026.0
SDBD_Healthy_aced1e8489,SDBD,,https://data.mendeley.com/datasets/jhrtdj9txm/3,10.17632/jhrtdj9txm.3,CC BY 4.0,1. Healthy/Healthy-97-img-3.jpg,Healthy-97-img-3.jpg,UNKNOWN_PENDING_VERIFICATION,Species pending independent provenance verification,Healthy,Healthy,0,,,SDBD_Healthy_0097,SDBD_Healthy_0097,2048,2048,89cb10466a248177e47c13373dcf56b7a162a64fbd4ad4a0739e4a42671c726f,aced1e848912e871c37fc4aa487bb7b4c8fed603f18edd8a48bae137ef313d05,f13b8c9bcccaa542,DUPG_00388,unique,0,0,1,,source_candidate,source_train,2026.0
SDBD_Healthy_450a044bde,SDBD,,https://data.mendeley.com/datasets/jhrtdj9txm/3,10.17632/jhrtdj9txm.3,CC BY 4.0,1. Healthy/Healthy-99-img-1.jpg,Healthy-99-img-1.jpg,UNKNOWN_PENDING_VERIFICATION,Species pending independent provenance verification,Healthy,Healthy,0,,,SDBD_Healthy_0099,SDBD_Healthy_0099,2048,2048,a45b83212cca680496b705f9ee3dca436340bb4ebcfe18a72ad1bfe8e3af5756,450a044bdef2f87554564027f5d1e8f480f07bbfebd97e3adf8371d97469a98c,e0df92097fb080cf,DUPG_00392,unique,0,0,1,,source_candidate,source_train,2026.0
SDBD_Healthy_e052f690a3,SDBD,,https://data.mendeley.com/datasets/jhrtdj9txm/3,10.17632/jhrtdj9txm.3,CC BY 4.0,1. Healthy/Healthy-99-img-2.jpg,Healthy-99-img-2.jpg,UNKNOWN_PENDING_VERIFICATION,Species pending independent provenance verification,Healthy,Healthy,0,,,SDBD_Healthy_0099,SDBD_Healthy_0099,2048,2048,ba63335b6863fe267cf4e53af8d778263ea20edd540160eb9094a90bc076d7ce,e052f690a30106f336fd5e8a9dc34821bf6b0bc962210db7e07448d0d48b1782,e0ce946f78817f60,DUPG_00393,unique,0,0,1,,source_candidate,source_train,2026.0
SDBD_Healthy_509c3d372f,SDBD,,https://data.mendeley.com/datasets/jhrtdj9txm/3,10.17632/jhrtdj9txm.3,CC BY 4.0,1. Healthy/Healthy-99-img-3.jpg,Healthy-99-img-3.jpg,UNKNOWN_PENDING_VERIFICATION,Species pending independent provenance verification,Healthy,Healthy,0,,,SDBD_Healthy_0099,SDBD_Healthy_0099,2048,2048,f2dca63cba0b84aeba7f726f5bde970a3556d2149c77fcea9b288383850b1ca9,509c3d372fb4afa80a10f29fb29e0214e78b988a2e01c3546481e67ff3f4f0ab,c99fb6a00b5fec20,DUPG_00394,unique,0,0,1,,source_candidate,source_train,2026.0
SDBD_BG_651a29d6a0,SDBD,,https://data.mendeley.com/datasets/jhrtdj9txm/3,10.17632/jhrtdj9txm.3,CC BY 4.0,2. BG/BG-11-img-1.jpg,BG-11-img-1.jpg,UNKNOWN_PENDING_VERIFICATION,Species pending independent provenance verification,BG,BG,1,D:\OntoShrimp_Data\ShrimpDiseaseImageBD\Root\Annotated Diseased Shrimp Images\Annotated Diseased Shrimp Images\1. BG\images\BG-11-img-1.jpg,D:\OntoShrimp_Data\ShrimpDiseaseImageBD\Root\Annotated Diseased Shrimp Images\Annotated Diseased Shrimp Images\1. BG\labels\BG-11-img-1.txt,SDBD_BG_0011,SDBD_BG_0011,2048,2048,1a96029d442230d882a1c0fc23e75b4f99e4acc8e2ee4ea934ebaeb0713b17d8,651a29d6a0252c30443c1cbe2ce1b118498444b88ffe41edd95c01959015c565,af5a54e15894698f,DUPG_00401,unique,0,0,1,,source_candidate,source_train,2026.0
SDBD_BG_1e6d2a4656,SDBD,,https://data.mendeley.com/datasets/jhrtdj9txm/3,10.17632/jhrtdj9txm.3,CC BY 4.0,2. BG/BG-11-img-2.jpg,BG-11-img-2.jpg,UNKNOWN_PENDING_VERIFICATION,Species pending independent provenance verification,BG,BG,1,D:\OntoShrimp_Data\ShrimpDiseaseImageBD\Root\Annotated Diseased Shrimp Images\Annotated Diseased Shrimp Images\1. BG\images\BG-11-img-2.jpg,D:\OntoShrimp_Data\ShrimpDiseaseImageBD\Root\Annotated Diseased Shrimp Images\Annotated Diseased Shrimp Images\1. BG\labels\BG-11-img-2.txt,SDBD_BG_0011,SDBD_BG_0011,2048,2048,5b99e8c75d0d60317a7902f734146630bdff3a973e5ca420953e0ccb417dd16f,1e6d2a4656f7725c726abe97a7b1df69f4b1bf0a88e68e4e3a3036785b6ae137,af5e44e1d3c63883,DUPG_00402,unique,0,0,1,,source_candidate,source_train,2026.0
SDBD_BG_8e8471b46f,SDBD,,https://data.mendeley.com/datasets/jhrtdj9txm/3,10.17632/jhrtdj9txm.3,CC BY 4.0,2. BG/BG-11-img-3.jpg,BG-11-img-3.jpg,UNKNOWN_PENDING_VERIFICATION,Species pending independent provenance verification,BG,BG,1,D:\OntoShrimp_Data\ShrimpDiseaseImageBD\Root\Annotated Diseased Shrimp Images\Annotated Diseased Shrimp Images\1. BG\images\BG-11-img-3.jpg,D:\OntoShrimp_Data\ShrimpDiseaseImageBD\Root\Annotated Diseased Shrimp Images\Annotated Diseased Shrimp Images\1. BG\labels\BG-11-img-3.txt,SDBD_BG_0011,SDBD_BG_0011,2048,2048,05eac106415bfca041ad4eb2c663a72c68116fb9a9eec946333577ae4dbde6d5,8e8471b46ff35443b2efb0e6772762a837ba2d7d8814a6e0f31fca154321c4e7,ad5c4463d26479c7,DUPG_00403,unique,0,0,1,,source_candidate,source_train,2026.0
SDBD_BG_1494b136eb,SDBD,,https://data.mendeley.com/datasets/jhrtdj9txm/3,10.17632/jhrtdj9txm.3,CC BY 4.0,2. BG/BG-12-img-1.jpg,BG-12-img-1.jpg,UNKNOWN_PENDING_VERIFICATION,Species pending independent provenance verification,BG,BG,1,D:\OntoShrimp_Data\ShrimpDiseaseImageBD\Root\Annotated Diseased Shrimp Images\Annotated Diseased Shrimp Images\1. BG\images\BG-12-img-1.jpg,D:\OntoShrimp_Data\ShrimpDiseaseImageBD\Root\Annotated Diseased Shrimp Images\Annotated Diseased Shrimp Images\1. BG\labels\BG-12-img-1.txt,SDBD_BG_0012,SDBD_BG_0012,2048,2048,34f489624b140588c554615fb345a351d35a867dfbf3854dd952ecfb08ffff22,1494b136eba58cf6477a336f9a5806e9198bdfa45ab16a05b4fb173c53dfd5f8,af58d0974b683c93,DUPG_00404,unique,0,0,1,,source_candidate,source_train,2026.0
SDBD_BG_69027a34e7,SDBD,,https://data.mendeley.com/datasets/jhrtdj9txm/3,10.17632/jhrtdj9txm.3,CC BY 4.0,2. BG/BG-12-img-2.jpg,BG-12-img-2.jpg,UNKNOWN_PENDING_VERIFICATION,Species pending independent provenance verification,BG,BG,1,D:\OntoShrimp_Data\ShrimpDiseaseImageBD\Root\Annotated Diseased Shrimp Images\Annotated Diseased Shrimp Images\1. BG\images\BG-12-img-2.jpg,D:\OntoShrimp_Data\ShrimpDiseaseImageBD\Root\Annotated Diseased Shrimp Images\Annotated Diseased Shrimp Images\1. BG\labels\BG-12-img-2.txt,SDBD_BG_0012,SDBD_BG_0012,2048,2048,17c910b765bba579a5fac92a3980d6d79e4d9ba2ae3c89430ad758371e0b2df7,69027a34e7b13f933319162b19c4ab6e6afdb99295fd00cab24cbd4a43f5d4bb,acc35b9c6628c9da,DUPG_00405,unique,0,0,1,,source_candidate,source_train,2026.0
SDBD_BG_3ae0a240cb,SDBD,,https://data.mendeley.com/datasets/jhrtdj9txm/3,10.17632/jhrtdj9txm.3,CC BY 4.0,2. BG/BG-12-img-3.jpg,BG-12-img-3.jpg,UNKNOWN_PENDING_VERIFICATION,Species pending independent provenance verification,BG,BG,1,D:\OntoShrimp_Data\ShrimpDiseaseImageBD\Root\Annotated Diseased Shrimp Images\Annotated Diseased Shrimp Images\1. BG\images\BG-12-img-3.jpg,D:\OntoShrimp_Data\ShrimpDiseaseImageBD\Root\Annotated Diseased Shrimp Images\Annotated Diseased Shrimp Images\1. BG\labels\BG-12-img-3.txt,SDBD_BG_0012,SDBD_BG_0012,2048,2048,b6f3407ade70828918c9152b4c24ec1abb3c1efa26f4e26c7afc9b2004558b86,3ae0a240cbb2410c490a66c6ac1cf148b9236e2fe89bb1d55aeddc0d8f470de5,a8a7d39a2769859a,DUPG_00406,unique,0,0,1,,source_candidate,source_train,2026.0
SDBD_BG_16f6e94698,SDBD,,https://data.mendeley.com/datasets/jhrtdj9txm/3,10.17632/jhrtdj9txm.3,CC BY 4.0,2. BG/BG-13-img-1.jpg,BG-13-img-1.jpg,UNKNOWN_PENDING_VERIFICATION,Species pending independent provenance verification,BG,BG,1,D:\OntoShrimp_Data\ShrimpDiseaseImageBD\Root\Annotated Diseased Shrimp Images\Annotated Diseased Shrimp Images\1. BG\images\BG-13-img-1.jpg,D:\OntoShrimp_Data\ShrimpDiseaseImageBD\Root\Annotated Diseased Shrimp Images\Annotated Diseased Shrimp Images\1. BG\labels\BG-13-img-1.txt,SDBD_BG_0013,SDBD_BG_0013,2048,2048,4acde02f985196cbcbf2f5cfb7061dce68eedac15ad3f5eda235bc9b38a2f5eb,16f6e946980ea05589a079e4347b4b4781b4842b266a02e7d174e2510b60d31a,aad5db2c4e91648b,DUPG_00407,unique,0,0,1,,source_candidate,source_train,2026.0
SDBD_BG_4fd3519c2c,SDBD,,https://data.mendeley.com/datasets/jhrtdj9txm/3,10.17632/jhrtdj9txm.3,CC BY 4.0,2. BG/BG-13-img-2.jpg,BG-13-img-2.jpg,UNKNOWN_PENDING_VERIFICATION,Species pending independent provenance verification,BG,BG,1,D:\OntoShrimp_Data\ShrimpDiseaseImageBD\Root\Annotated Diseased Shrimp Images\Annotated Diseased Shrimp Images\1. BG\images\BG-13-img-2.jpg,D:\OntoShrimp_Data\ShrimpDiseaseImageBD\Root\Annotated Diseased Shrimp Images\Annotated Diseased Shrimp Images\1. BG\labels\BG-13-img-2.txt,SDBD_BG_0013,SDBD_BG_0013,2048,2048,5aff4c572d78de74a468ae0cdc3c9e4da1e87a0815527b843b565762f125c25b,4fd3519c2cbbca4d138d02a9fb896e81618df9b565fdcb1757e8d1540622c11a,a8d4da65689a936d,DUPG_00408,unique,0,0,1,,source_candidate,source_train,2026.0
SDBD_BG_719f355f09,SDBD,,https://data.mendeley.com/datasets/jhrtdj9txm/3,10.17632/jhrtdj9txm.3,CC BY 4.0,2. BG/BG-13-img-3.jpg,BG-13-img-3.jpg,UNKNOWN_PENDING_VERIFICATION,Species pending independent provenance verification,BG,BG,1,D:\OntoShrimp_Data\ShrimpDiseaseImageBD\Root\Annotated Diseased Shrimp Images\Annotated Diseased Shrimp Images\1. BG\images\BG-13-img-3.jpg,D:\OntoShrimp_Data\ShrimpDiseaseImageBD\Root\Annotated Diseased Shrimp Images\Annotated Diseased Shrimp Images\1. BG\labels\BG-13-img-3.txt,SDBD_BG_0013,SDBD_BG_0013,2048,2048,6dd6aca9d1ed2b80f8e651b03bb255172139654953c4126e40fbec27006b01cf,719f355f098a996ab7ca33343dd9a386fc8133d23caf3a317a232eb8123adf84,aa8597612cce936d,DUPG_00409,unique,0,0,1,,source_candidate,source_train,2026.0
SDBD_BG_2ce2fa3b77,SDBD,,https://data.mendeley.com/datasets/jhrtdj9txm/3,10.17632/jhrtdj9txm.3,CC BY 4.0,2. BG/BG-15-img-1.jpg,BG-15-img-1.jpg,UNKNOWN_PENDING_VERIFICATION,Species pending independent provenance verification,BG,BG,1,D:\OntoShrimp_Data\ShrimpDiseaseImageBD\Root\Annotated Diseased Shrimp Images\Annotated Diseased Shrimp Images\1. BG\images\BG-15-img-1.jpg,D:\OntoShrimp_Data\ShrimpDiseaseImageBD\Root\Annotated Diseased Shrimp Images\Annotated Diseased Shrimp Images\1. BG\labels\BG-15-img-1.txt,SDBD_BG_0015,SDBD_BG_0015,2048,2048,c7fb651ee8ba472abcbea0a720dfbddfe185fa433f0a76fc7af196be2b16eec1,2ce2fa3b77d13f08c049656abdd5af6caeefc0e5bcaf1b8c8ee9b21d9c6eb4a3,c9ead6942e6ae191,DUPG_00411,unique,0,0,1,,source_candidate,source_train,2026.0
SDBD_BG_20ded14cc0,SDBD,,https://data.mendeley.com/datasets/jhrtdj9txm/3,10.17632/jhrtdj9txm.3,CC BY 4.0,2. BG/BG-15-img-2.jpg,BG-15-img-2.jpg,UNKNOWN_PENDING_VERIFICATION,Species pending independent provenance verification,BG,BG,1,D:\OntoShrimp_Data\ShrimpDiseaseImageBD\Root\Annotated Diseased Shrimp Images\Annotated Diseased Shrimp Images\1. BG\images\BG-15-img-2.jpg,D:\OntoShrimp_Data\ShrimpDiseaseImageBD\Root\Annotated Diseased Shrimp Images\Annotated Diseased Shrimp Images\1. BG\labels\BG-15-img-2.txt,SDBD_BG_0015,SDBD_BG_0015,2048,2048,6a7c4e7848758d4487a574021fae184aedf87a002c86feea69b888e290ddb30f,20ded14cc07784222d14be54675792b6ec4d949fcb04d42a46e80b0129f00949,c8ff95842a7bd184,DUPG_00412,unique,0,0,1,,source_candidate,source_train,2026.0
SDBD_BG_2a56498b97,SDBD,,https://data.mendeley.com/datasets/jhrtdj9txm/3,10.17632/jhrtdj9txm.3,CC BY 4.0,2. BG/BG-17-img-1.jpg,BG-17-img-1.jpg,UNKNOWN_PENDING_VERIFICATION,Species pending independent provenance verification,BG,BG,1,D:\OntoShrimp_Data\ShrimpDiseaseImageBD\Root\Annotated Diseased Shrimp Images\Annotated Diseased Shrimp Images\1. BG\images\BG-17-img-1.jpg,D:\OntoShrimp_Data\ShrimpDiseaseImageBD\Root\Annotated Diseased Shrimp Images\Annotated Diseased Shrimp Images\1. BG\labels\BG-17-img-1.txt,SDBD_BG_0017,SDBD_BG_0017,2048,2048,5b83347bc17802faf15690194328995d816b764e5aea481d4721eea1e29cd13d,2a56498b97b2850b7fa98131a2866cd329681c309365d7ee67caed2424002090,df90c0973fc8c0b6,DUPG_00414,unique,0,0,1,,source_candidate,source_train,2026.0
SDBD_BG_6a608fb489,SDBD,,https://data.mendeley.com/datasets/jhrtdj9txm/3,10.17632/jhrtdj9txm.3,CC BY 4.0,2. BG/BG-18-img-1.jpg,BG-18-img-1.jpg,UNKNOWN_PENDING_VERIFICATION,Species pending independent provenance verification,BG,BG,1,D:\OntoShrimp_Data\ShrimpDiseaseImageBD\Root\Annotated Diseased Shrimp Images\Annotated Diseased Shrimp Images\1. BG\images\BG-18-img-1.jpg,D:\OntoShrimp_Data\ShrimpDiseaseImageBD\Root\Annotated Diseased Shrimp Images\Annotated Diseased Shrimp Images\1. BG\labels\BG-18-img-1.txt,SDBD_BG_0018,SDBD_BG_0018,2048,2048,4bac03a6de21d416adf82cf23bc399a638fae28882e6f649ff6ed485ded59974,6a608fb489df203d658503ad01e53e0e980d6c3b1873b5c0e74b0de5c07b4d57,aed5d03f28c03739,DUPG_00415,unique,0,0,1,,source_candidate,source_train,2026.0
SDBD_BG_b5f5f1206b,SDBD,,https://data.mendeley.com/datasets/jhrtdj9txm/3,10.17632/jhrtdj9txm.3,CC BY 4.0,2. BG/BG-19-img-1.jpg,BG-19-img-1.jpg,UNKNOWN_PENDING_VERIFICATION,Species pending independent provenance verification,BG,BG,1,D:\OntoShrimp_Data\ShrimpDiseaseImageBD\Root\Annotated Diseased Shrimp Images\Annotated Diseased Shrimp Images\1. BG\images\BG-19-img-1.jpg,D:\OntoShrimp_Data\ShrimpDiseaseImageBD\Root\Annotated Diseased Shrimp Images\Annotated Diseased Shrimp Images\1. BG\labels\BG-19-img-1.txt,SDBD_BG_0019,SDBD_BG_0019,2048,2048,e03624b43a9f2c566d2b6c983a5f7753e4ee446d3c9899eac9849256e18bda73,b5f5f1206b426c00f8d7a70dbf69d98d77c790e9c014a668e57c6fc44af1b2cd,d695d13e25d20ab5,DUPG_00416,unique,0,0,1,,source_candidate,source_train,2026.0
SDBD_BG_8b23123f8c,SDBD,,https://data.mendeley.com/datasets/jhrtdj9txm/3,10.17632/jhrtdj9txm.3,CC BY 4.0,2. BG/BG-19-img-2.jpg,BG-19-img-2.jpg,UNKNOWN_PENDING_VERIFICATION,Species pending independent provenance verification,BG,BG,1,D:\OntoShrimp_Data\ShrimpDiseaseImageBD\Root\Annotated Diseased Shrimp Images\Annotated Diseased Shrimp Images\1. BG\images\BG-19-img-2.jpg,D:\OntoShrimp_Data\ShrimpDiseaseImageBD\Root\Annotated Diseased Shrimp Images\Annotated Diseased Shrimp Images\1. BG\labels\BG-19-img-2.txt,SDBD_BG_0019,SDBD_BG_0019,2048,2048,a5aa084134c3a73ea443d0ebfa92d3ab1ebec54244b79b88dda3f4992e60a942,8b23123f8ce572c8949a1c4411979c5e489474271a72036d48c950af7909647b,cf81d53e27d01a2d,DUPG_00417,unique,0,0,1,,source_candidate,source_train,2026.0
SDBD_BG_05643a4ba1,SDBD,,https://data.mendeley.com/datasets/jhrtdj9txm/3,10.17632/jhrtdj9txm.3,CC BY 4.0,2. BG/BG-21-img-1.jpg,BG-21-img-1.jpg,UNKNOWN_PENDING_VERIFICATION,Species pending independent provenance verification,BG,BG,1,D:\OntoShrimp_Data\ShrimpDiseaseImageBD\Root\Annotated Diseased Shrimp Images\Annotated Diseased Shrimp Images\1. BG\images\BG-21-img-1.jpg,D:\OntoShrimp_Data\ShrimpDiseaseImageBD\Root\Annotated Diseased Shrimp Images\Annotated Diseased Shrimp Images\1. BG\labels\BG-21-img-1.txt,SDBD_BG_0021,SDBD_BG_0021,2048,2048,ac8cb3f7b504e1c18567db80ec9f8ff67f2f4df9ec46616ca52eca04f77a3d9d,05643a4ba1af93ee4b7a8af30dd32d2e4bfaf35b533551ee2002f3c113259fcd,be9621799e2741d8,DUPG_00423,canonical,0,0,1,,source_candidate,source_train,2026.0
SDBD_BG_ef84b8b4c8,SDBD,,https://data.mendeley.com/datasets/jhrtdj9txm/3,10.17632/jhrtdj9txm.3,CC BY 4.0,2. BG/BG-22-img-1.jpg,BG-22-img-1.jpg,UNKNOWN_PENDING_VERIFICATION,Species pending independent provenance verification,BG,BG,1,D:\OntoShrimp_Data\ShrimpDiseaseImageBD\Root\Annotated Diseased Shrimp Images\Annotated Diseased Shrimp Images\1. BG\images\BG-22-img-1.jpg,D:\OntoShrimp_Data\ShrimpDiseaseImageBD\Root\Annotated Diseased Shrimp Images\Annotated Diseased Shrimp Images\1. BG\labels\BG-22-img-1.txt,SDBD_BG_0022,SDBD_BG_0022,2048,2048,9245367d9a35d3274396107200bb5db505f93f1ca050ee4d36d8872cc926341c,ef84b8b4c8044cf40be3729fd780b6d4d1c55141774d26ffac9b3d57b3c33384,f2e1d82d34de0b61,DUPG_00424,canonical,0,0,1,,source_candidate,source_train,2026.0
SDBD_BG_1dd5bb3501,SDBD,,https://data.mendeley.com/datasets/jhrtdj9txm/3,10.17632/jhrtdj9txm.3,CC BY 4.0,2. BG/BG-22-img-3.jpg,BG-22-img-3.jpg,UNKNOWN_PENDING_VERIFICATION,Species pending independent provenance verification,BG,BG,1,D:\OntoShrimp_Data\ShrimpDiseaseImageBD\Root\Annotated Diseased Shrimp Images\Annotated Diseased Shrimp Images\1. BG\images\BG-22-img-3.jpg,D:\OntoShrimp_Data\ShrimpDiseaseImageBD\Root\Annotated Diseased Shrimp Images\Annotated Diseased Shrimp Images\1. BG\labels\BG-22-img-3.txt,SDBD_BG_0022,SDBD_BG_0022,2048,2048,d47ced6d9dbefaee6178a13d20dc33a20018d32e591cbb69fd4508f63705acbc,1dd5bb350198d252764bb91aeb63b070dd921a12c036e9cc93a9b3e8e5c0b8de,f2e1d03b25d69b21,DUPG_00425,unique,0,0,1,,source_candidate,source_train,2026.0
SDBD_BG_69b3b9d518,SDBD,,https://data.mendeley.com/datasets/jhrtdj9txm/3,10.17632/jhrtdj9txm.3,CC BY 4.0,2. BG/BG-24-img-1.jpg,BG-24-img-1.jpg,UNKNOWN_PENDING_VERIFICATION,Species pending independent provenance verification,BG,BG,1,D:\OntoShrimp_Data\ShrimpDiseaseImageBD\Root\Annotated Diseased Shrimp Images\Annotated Diseased Shrimp Images\1. BG\images\BG-24-img-1.jpg,D:\OntoShrimp_Data\ShrimpDiseaseImageBD\Root\Annotated Diseased Shrimp Images\Annotated Diseased Shrimp Images\1. BG\labels\BG-24-img-1.txt,SDBD_BG_0024,SDBD_BG_0024,2048,2048,aabddab7b5baab9dd51f1502345ae434615db89856590ee040fdb294620f33d9,69b3b9d518dd8c64181eb0bed16f204c08ae597da921b6d41e89436cbe5bcf8a,eee0973861c29eb1,DUPG_00429,unique,0,0,1,,source_candidate,source_train,2026.0
SDBD_BG_7abf11a958,SDBD,,https://data.mendeley.com/datasets/jhrtdj9txm/3,10.17632/jhrtdj9txm.3,CC BY 4.0,2. BG/BG-24-img-2.jpg,BG-24-img-2.jpg,UNKNOWN_PENDING_VERIFICATION,Species pending independent provenance verification,BG,BG,1,D:\OntoShrimp_Data\ShrimpDiseaseImageBD\Root\Annotated Diseased Shrimp Images\Annotated Diseased Shrimp Images\1. BG\images\BG-24-img-2.jpg,D:\OntoShrimp_Data\ShrimpDiseaseImageBD\Root\Annotated Diseased Shrimp Images\Annotated Diseased Shrimp Images\1. BG\labels\BG-24-img-2.txt,SDBD_BG_0024,SDBD_BG_0024,2048,2048,5e86ad26f4bebb3b06aab121dae1c74b6dc110afef676e7756b6f658709fa18c,7abf11a95845ed5b01baa81e8d3e71834784f1c3502c89e6a1fa9f9c8c8ae6f1,eae3879c616b42d2,DUPG_00430,unique,0,0,1,,source_candidate,source_train,2026.0
SDBD_BG_7b8c5ce82f,SDBD,,https://data.mendeley.com/datasets/jhrtdj9txm/3,10.17632/jhrtdj9txm.3,CC BY 4.0,2. BG/BG-24-img-3.jpg,BG-24-img-3.jpg,UNKNOWN_PENDING_VERIFICATION,Species pending independent provenance verification,BG,BG,1,D:\OntoShrimp_Data\ShrimpDiseaseImageBD\Root\Annotated Diseased Shrimp Images\Annotated Diseased Shrimp Images\1. BG\images\BG-24-img-3.jpg,D:\OntoShrimp_Data\ShrimpDiseaseImageBD\Root\Annotated Diseased Shrimp Images\Annotated Diseased Shrimp Images\1. BG\labels\BG-24-img-3.txt,SDBD_BG_0024,SDBD_BG_0024,2048,2048,e1bb7fdb80e1c5aa6c342dae1d9253c7c2c3b700c0e9ce0aa983d665a6e9fd5d,7b8c5ce82f7176f2c507d2f99f08bab1e33f76b9d56ad8712186bb093aaa0ddd,eec096bc616ed09c,DUPG_00431,unique,0,0,1,,source_candidate,source_train,2026.0
SDBD_BG_6c9e1a4471,SDBD,,https://data.mendeley.com/datasets/jhrtdj9txm/3,10.17632/jhrtdj9txm.3,CC BY 4.0,2. BG/BG-25-img-1.jpg,BG-25-img-1.jpg,UNKNOWN_PENDING_VERIFICATION,Species pending independent provenance verification,BG,BG,1,D:\OntoShrimp_Data\ShrimpDiseaseImageBD\Root\Annotated Diseased Shrimp Images\Annotated Diseased Shrimp Images\1. BG\images\BG-25-img-1.jpg,D:\OntoShrimp_Data\ShrimpDiseaseImageBD\Root\Annotated Diseased Shrimp Images\Annotated Diseased Shrimp Images\1. BG\labels\BG-25-img-1.txt,SDBD_BG_0025,SDBD_BG_0025,2048,2048,0b9da0d89c378eb1197c0f017a640ffa7e79d3b2e40ca82c6aa0aafbcaf0bea7,6c9e1a44718e97fe85c3b5f0cc4cc82bc3c2f84a66314b1d91fb5c17892cfb41,bab1034e349bccb5,DUPG_00432,unique,0,0,1,,source_candidate,source_train,2026.0
SDBD_BG_9f50d7d36d,SDBD,,https://data.mendeley.com/datasets/jhrtdj9txm/3,10.17632/jhrtdj9txm.3,CC BY 4.0,2. BG/BG-25-img-2.jpg,BG-25-img-2.jpg,UNKNOWN_PENDING_VERIFICATION,Species pending independent provenance verification,BG,BG,1,D:\OntoShrimp_Data\ShrimpDiseaseImageBD\Root\Annotated Diseased Shrimp Images\Annotated Diseased Shrimp Images\1. BG\images\BG-25-img-2.jpg,D:\OntoShrimp_Data\ShrimpDiseaseImageBD\Root\Annotated Diseased Shrimp Images\Annotated Diseased Shrimp Images\1. BG\labels\BG-25-img-2.txt,SDBD_BG_0025,SDBD_BG_0025,2048,2048,ba59a46070b66495a57a2cc5bb9f66e61134c6db1c505f7a2f663ffa53ef62f9,9f50d7d36d02df1a9c33dc77ae71fcefa3c79cd17c69053150983ab60a042821,a8a3961c6f38d53c,DUPG_00433,unique,0,0,1,,source_candidate,source_train,2026.0
SDBD_BG_eedce35230,SDBD,,https://data.mendeley.com/datasets/jhrtdj9txm/3,10.17632/jhrtdj9txm.3,CC BY 4.0,2. BG/BG-28-img-1.jpg,BG-28-img-1.jpg,UNKNOWN_PENDING_VERIFICATION,Species pending independent provenance verification,BG,BG,1,D:\OntoShrimp_Data\ShrimpDiseaseImageBD\Root\Annotated Diseased Shrimp Images\Annotated Diseased Shrimp Images\1. BG\images\BG-28-img-1.jpg,D:\OntoShrimp_Data\ShrimpDiseaseImageBD\Root\Annotated Diseased Shrimp Images\Annotated Diseased Shrimp Images\1. BG\labels\BG-28-img-1.txt,SDBD_BG_0028,SDBD_BG_0028,2048,2048,66cfc796f0a5486b8afa97aa389ebe291010d7d722d1385cd1f1b36745e31fec,eedce352301e86d2aad77541fe6c796f42d799f268060cb12f1e1e6e200c4f03,fe8093c61d22e6d9,DUPG_00437,unique,0,0,1,,source_candidate,source_train,2026.0
SDBD_BG_2884567c33,SDBD,,https://data.mendeley.com/datasets/jhrtdj9txm/3,10.17632/jhrtdj9txm.3,CC BY 4.0,2. BG/BG-28-img-2.jpg,BG-28-img-2.jpg,UNKNOWN_PENDING_VERIFICATION,Species pending independent provenance verification,BG,BG,1,D:\OntoShrimp_Data\ShrimpDiseaseImageBD\Root\Annotated Diseased Shrimp Images\Annotated Diseased Shrimp Images\1. BG\images\BG-28-img-2.jpg,D:\OntoShrimp_Data\ShrimpDiseaseImageBD\Root\Annotated Diseased Shrimp Images\Annotated Diseased Shrimp Images\1. BG\labels\BG-28-img-2.txt,SDBD_BG_0028,SDBD_BG_0028,2048,2048,0047e595287c2d875bdee175f12e242b45dd66449ced2c1586c38bda788fd37b,2884567c33e12562ffaa06c489a46bf93163d8b805202b64286f3c6e8fbdf8fa,81c2c6e6eccaf2e1,DUPG_00438,unique,0,0,1,,source_candidate,source_train,2026.0
SDBD_BG_610764b6d8,SDBD,,https://data.mendeley.com/datasets/jhrtdj9txm/3,10.17632/jhrtdj9txm.3,CC BY 4.0,2. BG/BG-29-img-1.jpg,BG-29-img-1.jpg,UNKNOWN_PENDING_VERIFICATION,Species pending independent provenance verification,BG,BG,1,D:\OntoShrimp_Data\ShrimpDiseaseImageBD\Root\Annotated Diseased Shrimp Images\Annotated Diseased Shrimp Images\1. BG\images\BG-29-img-1.jpg,D:\OntoShrimp_Data\ShrimpDiseaseImageBD\Root\Annotated Diseased Shrimp Images\Annotated Diseased Shrimp Images\1. BG\labels\BG-29-img-1.txt,SDBD_BG_0029,SDBD_BG_0029,2048,2048,49dd001213ea91ba6cc3c53a1308874708abae8d777edf14e74d1ac4fd63b5c6,610764b6d8f1b58a3d978d000c2d80e477436bc234aa3413f93461e17a3206f9,81e3e3fc60b3c24d,DUPG_00439,unique,0,0,1,,source_candidate,source_train,2026.0
SDBD_BG_6ee518b9b3,SDBD,,https://data.mendeley.com/datasets/jhrtdj9txm/3,10.17632/jhrtdj9txm.3,CC BY 4.0,2. BG/BG-29-img-2.jpg,BG-29-img-2.jpg,UNKNOWN_PENDING_VERIFICATION,Species pending independent provenance verification,BG,BG,1,D:\OntoShrimp_Data\ShrimpDiseaseImageBD\Root\Annotated Diseased Shrimp Images\Annotated Diseased Shrimp Images\1. BG\images\BG-29-img-2.jpg,D:\OntoShrimp_Data\ShrimpDiseaseImageBD\Root\Annotated Diseased Shrimp Images\Annotated Diseased Shrimp Images\1. BG\labels\BG-29-img-2.txt,SDBD_BG_0029,SDBD_BG_0029,2048,2048,fdf20539dbf55620a2a1eea9b9bc5baa8a2b236583b507b753b7010babba2c45,6ee518b9b30dee3358440d3b5c5306abbfab691d9569062c7866d2440ec0417f,84c3d3e4793936c3,DUPG_00440,canonical,0,0,1,,source_candidate,source_train,2026.0
SDBD_BG_003e236ba2,SDBD,,https://data.mendeley.com/datasets/jhrtdj9txm/3,10.17632/jhrtdj9txm.3,CC BY 4.0,2. BG/BG-3-img-1.jpg,BG-3-img-1.jpg,UNKNOWN_PENDING_VERIFICATION,Species pending independent provenance verification,BG,BG,1,D:\OntoShrimp_Data\ShrimpDiseaseImageBD\Root\Annotated Diseased Shrimp Images\Annotated Diseased Shrimp Images\1. BG\images\BG-3-img-1.jpg,D:\OntoShrimp_Data\ShrimpDiseaseImageBD\Root\Annotated Diseased Shrimp Images\Annotated Diseased Shrimp Images\1. BG\labels\BG-3-img-1.txt,SDBD_BG_0003,SDBD_BG_0003,2048,2048,a9f415be037a42f6d68437701d1e4d7c684fe71f378211ccabd0117c8a7d470a,003e236ba236ac2e348ed3909e2446bd671b6b64b17708b2ef74424c7f2628fe,fcadc1d02a2dd4e2,DUPG_00441,unique,0,0,1,,source_candidate,source_train,2026.0
SDBD_BG_a0d15040a9,SDBD,,https://data.mendeley.com/datasets/jhrtdj9txm/3,10.17632/jhrtdj9txm.3,CC BY 4.0,2. BG/BG-3-img-2.jpg,BG-3-img-2.jpg,UNKNOWN_PENDING_VERIFICATION,Species pending independent provenance verification,BG,BG,1,D:\OntoShrimp_Data\ShrimpDiseaseImageBD\Root\Annotated Diseased Shrimp Images\Annotated Diseased Shrimp Images\1. BG\images\BG-3-img-2.jpg,D:\OntoShrimp_Data\ShrimpDiseaseImageBD\Root\Annotated Diseased Shrimp Images\Annotated Diseased Shrimp Images\1. BG\labels\BG-3-img-2.txt,SDBD_BG_0003,SDBD_BG_0003,2048,2048,2d53f0e7821b549e62c191d62982a8c50d0470d5b8ba6ad9f8a28e03b7ab1663,a0d15040a977c2b92ce096e3f3a571265cd8915e03c39d7dec8544f3253f38ea,9f1dc1c07a2fa4d4,DUPG_00442,unique,0,0,1,,source_candidate,source_train,2026.0
SDBD_BG_a741efe217,SDBD,,https://data.mendeley.com/datasets/jhrtdj9txm/3,10.17632/jhrtdj9txm.3,CC BY 4.0,2. BG/BG-3-img-3.jpg,BG-3-img-3.jpg,UNKNOWN_PENDING_VERIFICATION,Species pending independent provenance verification,BG,BG,1,D:\OntoShrimp_Data\ShrimpDiseaseImageBD\Root\Annotated Diseased Shrimp Images\Annotated Diseased Shrimp Images\1. BG\images\BG-3-img-3.jpg,D:\OntoShrimp_Data\ShrimpDiseaseImageBD\Root\Annotated Diseased Shrimp Images\Annotated Diseased Shrimp Images\1. BG\labels\BG-3-img-3.txt,SDBD_BG_0003,SDBD_BG_0003,2048,2048,82db8aeac5d515bbc23bd8ef7ad51b2ead1a34251513666424de9e6d5d083770,a741efe217cdf1040b80db6ad79b36565fd533f8d56f32f74daea325783befb5,be3ec1c15a6a29a5,DUPG_00443,unique,0,0,1,,source_candidate,source_train,2026.0
SDBD_BG_de4f71853d,SDBD,,https://data.mendeley.com/datasets/jhrtdj9txm/3,10.17632/jhrtdj9txm.3,CC BY 4.0,2. BG/BG-30-img-1.jpg,BG-30-img-1.jpg,UNKNOWN_PENDING_VERIFICATION,Species pending independent provenance verification,BG,BG,1,D:\OntoShrimp_Data\ShrimpDiseaseImageBD\Root\Annotated Diseased Shrimp Images\Annotated Diseased Shrimp Images\1. BG\images\BG-30-img-1.jpg,D:\OntoShrimp_Data\ShrimpDiseaseImageBD\Root\Annotated Diseased Shrimp Images\Annotated Diseased Shrimp Images\1. BG\labels\BG-30-img-1.txt,SDBD_BG_0030,SDBD_BG_0030,2048,2048,d070bf7ad22b7cfc231d7458684387a1d904273da79a0815cde46eb2822b3a77,de4f71853d32969220e7b4d2518d22fa7757feb9b0ca65b2845818d1cf5460aa,eba404c38b383d7e,DUPG_00444,unique,0,0,1,,source_candidate,source_train,2026.0
SDBD_BG_20c00c6277,SDBD,,https://data.mendeley.com/datasets/jhrtdj9txm/3,10.17632/jhrtdj9txm.3,CC BY 4.0,2. BG/BG-30-img-2.jpg,BG-30-img-2.jpg,UNKNOWN_PENDING_VERIFICATION,Species pending independent provenance verification,BG,BG,1,D:\OntoShrimp_Data\ShrimpDiseaseImageBD\Root\Annotated Diseased Shrimp Images\Annotated Diseased Shrimp Images\1. BG\images\BG-30-img-2.jpg,D:\OntoShrimp_Data\ShrimpDiseaseImageBD\Root\Annotated Diseased Shrimp Images\Annotated Diseased Shrimp Images\1. BG\labels\BG-30-img-2.txt,SDBD_BG_0030,SDBD_BG_0030,2048,2048,8c12832f61038073d2b599aad2d8e6e021ebbe715f2625ac5a4d7858a36150cc,20c00c6277d7b95d33e413a993820cfc7b9133452800fc1f100278d0587db766,daa554cbc21e3d34,DUPG_00445,unique,0,0,1,,source_candidate,source_train,2026.0
SDBD_BG_ba82d5f90b,SDBD,,https://data.mendeley.com/datasets/jhrtdj9txm/3,10.17632/jhrtdj9txm.3,CC BY 4.0,2. BG/BG-30-img-3.jpg,BG-30-img-3.jpg,UNKNOWN_PENDING_VERIFICATION,Species pending independent provenance verification,BG,BG,1,D:\OntoShrimp_Data\ShrimpDiseaseImageBD\Root\Annotated Diseased Shrimp Images\Annotated Diseased Shrimp Images\1. BG\images\BG-30-img-3.jpg,D:\OntoShrimp_Data\ShrimpDiseaseImageBD\Root\Annotated Diseased Shrimp Images\Annotated Diseased Shrimp Images\1. BG\labels\BG-30-img-3.txt,SDBD_BG_0030,SDBD_BG_0030,2048,2048,62d415c01e7d12e3193b71637c85cfacc7c91327ebacaf217ed1804ef8a2cad2,ba82d5f90bd7826cd8e793b83d095b42c03609e11ed4885e60b19dfad04f754c,f88547671c9621f9,DUPG_00446,unique,0,0,1,,source_candidate,source_train,2026.0
SDBD_BG_a78109a49f,SDBD,,https://data.mendeley.com/datasets/jhrtdj9txm/3,10.17632/jhrtdj9txm.3,CC BY 4.0,2. BG/BG-31-img-1.jpg,BG-31-img-1.jpg,UNKNOWN_PENDING_VERIFICATION,Species pending independent provenance verification,BG,BG,1,D:\OntoShrimp_Data\ShrimpDiseaseImageBD\Root\Annotated Diseased Shrimp Images\Annotated Diseased Shrimp Images\1. BG\images\BG-31-img-1.jpg,D:\OntoShrimp_Data\ShrimpDiseaseImageBD\Root\Annotated Diseased Shrimp Images\Annotated Diseased Shrimp Images\1. BG\labels\BG-31-img-1.txt,SDBD_BG_0031,SDBD_BG_0031,2048,2048,c874f891fac9d0fe89ccf87fb700f39b1eb224818cdfeb9d18f9fd64cc8ec84d,a78109a49f321d876898690cb8ac4c39b282b92e63e60644f32968181f608226,d3739c4c98ac6393,DUPG_00447,unique,0,0,1,,source_candidate,source_train,2026.0
SDBD_BG_fca581e5b4,SDBD,,https://data.mendeley.com/datasets/jhrtdj9txm/3,10.17632/jhrtdj9txm.3,CC BY 4.0,2. BG/BG-31-img-2.jpg,BG-31-img-2.jpg,UNKNOWN_PENDING_VERIFICATION,Species pending independent provenance verification,BG,BG,1,D:\OntoShrimp_Data\ShrimpDiseaseImageBD\Root\Annotated Diseased Shrimp Images\Annotated Diseased Shrimp Images\1. BG\images\BG-31-img-2.jpg,D:\OntoShrimp_Data\ShrimpDiseaseImageBD\Root\Annotated Diseased Shrimp Images\Annotated Diseased Shrimp Images\1. BG\labels\BG-31-img-2.txt,SDBD_BG_0031,SDBD_BG_0031,2048,2048,37e437b1d0474092aca81ab362b7b5f0bcc3a9645f5c762922e697de4ac5b6b4,fca581e5b48ef36158339136cd06d2ef7c43824a43d9a57c4ce1d0bf0f93c786,f88757bc62699096,DUPG_00448,unique,0,0,1,,source_candidate,source_train,2026.0
SDBD_BG_942f4bfaa1,SDBD,,https://data.mendeley.com/datasets/jhrtdj9txm/3,10.17632/jhrtdj9txm.3,CC BY 4.0,2. BG/BG-31-img-3.jpg,BG-31-img-3.jpg,UNKNOWN_PENDING_VERIFICATION,Species pending independent provenance verification,BG,BG,1,D:\OntoShrimp_Data\ShrimpDiseaseImageBD\Root\Annotated Diseased Shrimp Images\Annotated Diseased Shrimp Images\1. BG\images\BG-31-img-3.jpg,D:\OntoShrimp_Data\ShrimpDiseaseImageBD\Root\Annotated Diseased Shrimp Images\Annotated Diseased Shrimp Images\1. BG\labels\BG-31-img-3.txt,SDBD_BG_0031,SDBD_BG_0031,2048,2048,c0a2d9e6177ad3797a88e17f0c6103740bc82a159f6fe288a1337c5b23c146ea,942f4bfaa1cd373dd831819cf455119cc8561996feab56ef71f568013ad676a9,91c1e6cc9867f1d2,DUPG_00449,unique,0,0,1,,source_candidate,source_train,2026.0
SDBD_BG_6f6a5fe632,SDBD,,https://data.mendeley.com/datasets/jhrtdj9txm/3,10.17632/jhrtdj9txm.3,CC BY 4.0,2. BG/BG-33-img-1.jpg,BG-33-img-1.jpg,UNKNOWN_PENDING_VERIFICATION,Species pending independent provenance verification,BG,BG,1,D:\OntoShrimp_Data\ShrimpDiseaseImageBD\Root\Annotated Diseased Shrimp Images\Annotated Diseased Shrimp Images\1. BG\images\BG-33-img-1.jpg,D:\OntoShrimp_Data\ShrimpDiseaseImageBD\Root\Annotated Diseased Shrimp Images\Annotated Diseased Shrimp Images\1. BG\labels\BG-33-img-1.txt,SDBD_BG_0033,SDBD_BG_0033,2048,2048,7d292cc0b1d78f31ee2d5d5f682c772b11e0a5aebb5ca03d2899055da00151fc,6f6a5fe6325fa734113e3fea160e6e1f16be05f244a099855acd4cf1bc8341ff,fe840b711cee03d9,DUPG_00452,unique,0,0,1,,source_candidate,source_train,2026.0
SDBD_BG_0035476e00,SDBD,,https://data.mendeley.com/datasets/jhrtdj9txm/3,10.17632/jhrtdj9txm.3,CC BY 4.0,2. BG/BG-34-img-1.jpg,BG-34-img-1.jpg,UNKNOWN_PENDING_VERIFICATION,Species pending independent provenance verification,BG,BG,1,D:\OntoShrimp_Data\ShrimpDiseaseImageBD\Root\Annotated Diseased Shrimp Images\Annotated Diseased Shrimp Images\1. BG\images\BG-34-img-1.jpg,D:\OntoShrimp_Data\ShrimpDiseaseImageBD\Root\Annotated Diseased Shrimp Images\Annotated Diseased Shrimp Images\1. BG\labels\BG-34-img-1.txt,SDBD_BG_0034,SDBD_BG_0034,2048,2048,4291adb4e1dbbf8a57f3a82d823ec976acebdf619b0edf55a3feefb26513f219,0035476e0044a49e22a90258edeef8395d05b9b133c418a94b74f26426d49b6a,fe81911a6fed9412,DUPG_00453,unique,0,0,1,,source_candidate,source_train,2026.0
SDBD_BG_510e3bdfa2,SDBD,,https://data.mendeley.com/datasets/jhrtdj9txm/3,10.17632/jhrtdj9txm.3,CC BY 4.0,2. BG/BG-34-img-2.jpg,BG-34-img-2.jpg,UNKNOWN_PENDING_VERIFICATION,Species pending independent provenance verification,BG,BG,1,D:\OntoShrimp_Data\ShrimpDiseaseImageBD\Root\Annotated Diseased Shrimp Images\Annotated Diseased Shrimp Images\1. BG\images\BG-34-img-2.jpg,D:\OntoShrimp_Data\ShrimpDiseaseImageBD\Root\Annotated Diseased Shrimp Images\Annotated Diseased Shrimp Images\1. BG\labels\BG-34-img-2.txt,SDBD_BG_0034,SDBD_BG_0034,2048,2048,917e1f2f8e943f0bde10a8bba585fa81f53a71f9b5fd5c2a790cad41c38bbd64,510e3bdfa2dd4958e83475928d700f3bf33940164021fd4e2c4cf5a01122aac2,ef8490b22fc9b0b6,DUPG_00454,unique,0,0,1,,source_candidate,source_train,2026.0
SDBD_BG_15fbf08fb0,SDBD,,https://data.mendeley.com/datasets/jhrtdj9txm/3,10.17632/jhrtdj9txm.3,CC BY 4.0,2. BG/BG-34-img-3.jpg,BG-34-img-3.jpg,UNKNOWN_PENDING_VERIFICATION,Species pending independent provenance verification,BG,BG,1,D:\OntoShrimp_Data\ShrimpDiseaseImageBD\Root\Annotated Diseased Shrimp Images\Annotated Diseased Shrimp Images\1. BG\images\BG-34-img-3.jpg,D:\OntoShrimp_Data\ShrimpDiseaseImageBD\Root\Annotated Diseased Shrimp Images\Annotated Diseased Shrimp Images\1. BG\labels\BG-34-img-3.txt,SDBD_BG_0034,SDBD_BG_0034,2048,2048,62761d99fc3b0c22cf7f777e40a8de8ba8296b08d57f0a2c3182915131e6696f,15fbf08fb0d3f77ec0ddef01a2964c3e9441adcdeb345b158d9f686e93c67c02,c98d92b4254fc9f2,DUPG_00455,unique,0,0,1,,source_candidate,source_train,2026.0
SDBD_BG_cbff72b65e,SDBD,,https://data.mendeley.com/datasets/jhrtdj9txm/3,10.17632/jhrtdj9txm.3,CC BY 4.0,2. BG/BG-35-img-1.jpg,BG-35-img-1.jpg,UNKNOWN_PENDING_VERIFICATION,Species pending independent provenance verification,BG,BG,1,D:\OntoShrimp_Data\ShrimpDiseaseImageBD\Root\Annotated Diseased Shrimp Images\Annotated Diseased Shrimp Images\1. BG\images\BG-35-img-1.jpg,D:\OntoShrimp_Data\ShrimpDiseaseImageBD\Root\Annotated Diseased Shrimp Images\Annotated Diseased Shrimp Images\1. BG\labels\BG-35-img-1.txt,SDBD_BG_0035,SDBD_BG_0035,2048,2048,a00a41b073fee732526335ed4de03375e49d5a26cffc24b90ea9cdb9f13b42eb,cbff72b65e50f6e9adc0c1e27d09e73a97e870af7b332f4507211588682c5119,aa5ed1253ddac234,DUPG_00456,unique,0,0,1,,source_candidate,source_train,2026.0
SDBD_BG_d831f053c3,SDBD,,https://data.mendeley.com/datasets/jhrtdj9txm/3,10.17632/jhrtdj9txm.3,CC BY 4.0,2. BG/BG-35-img-2.jpg,BG-35-img-2.jpg,UNKNOWN_PENDING_VERIFICATION,Species pending independent provenance verification,BG,BG,1,D:\OntoShrimp_Data\ShrimpDiseaseImageBD\Root\Annotated Diseased Shrimp Images\Annotated Diseased Shrimp Images\1. BG\images\BG-35-img-2.jpg,D:\OntoShrimp_Data\ShrimpDiseaseImageBD\Root\Annotated Diseased Shrimp Images\Annotated Diseased Shrimp Images\1. BG\labels\BG-35-img-2.txt,SDBD_BG_0035,SDBD_BG_0035,2048,2048,d10f5425b6b96310106067e84baea891871cdd6949dc5b7b8ec16ecbaa597072,d831f053c32039fe73ebe1214c62fb8bf32ea6207ec7efbb252ba2fec33d9a9c,dbc8a4975b7804a7,DUPG_00457,unique,0,0,1,,source_candidate,source_train,2026.0
SDBD_BG_d5a92419a8,SDBD,,https://data.mendeley.com/datasets/jhrtdj9txm/3,10.17632/jhrtdj9txm.3,CC BY 4.0,2. BG/BG-35-img-3.jpg,BG-35-img-3.jpg,UNKNOWN_PENDING_VERIFICATION,Species pending independent provenance verification,BG,BG,1,D:\OntoShrimp_Data\ShrimpDiseaseImageBD\Root\Annotated Diseased Shrimp Images\Annotated Diseased Shrimp Images\1. BG\images\BG-35-img-3.jpg,D:\OntoShrimp_Data\ShrimpDiseaseImageBD\Root\Annotated Diseased Shrimp Images\Annotated Diseased Shrimp Images\1. BG\labels\BG-35-img-3.txt,SDBD_BG_0035,SDBD_BG_0035,2048,2048,fac61768ad6eb3019394dac3c64e369998e2ab795a16e0c711ce4bb8246d96d4,d5a92419a83c2b2ccef5e6045304a2a67d1a75ad17be6eddb92ce3707cfdc65e,fbc0949f4860b799,DUPG_00458,unique,0,0,1,,source_candidate,source_train,2026.0
SDBD_BG_a8074f8671,SDBD,,https://data.mendeley.com/datasets/jhrtdj9txm/3,10.17632/jhrtdj9txm.3,CC BY 4.0,2. BG/BG-36-img-1.jpg,BG-36-img-1.jpg,UNKNOWN_PENDING_VERIFICATION,Species pending independent provenance verification,BG,BG,1,D:\OntoShrimp_Data\ShrimpDiseaseImageBD\Root\Annotated Diseased Shrimp Images\Annotated Diseased Shrimp Images\1. BG\images\BG-36-img-1.jpg,D:\OntoShrimp_Data\ShrimpDiseaseImageBD\Root\Annotated Diseased Shrimp Images\Annotated Diseased Shrimp Images\1. BG\labels\BG-36-img-1.txt,SDBD_BG_0036,SDBD_BG_0036,2048,2048,13afca0b442144e2bf9f16281116e6a3b8754f889cbe785f896f4c7a365378fe,a8074f8671eb07916f3f30bfd632fa710fa9a8eb1886880cde185f672fbde852,e99096952d6bda94,DUPG_00459,unique,0,0,1,,source_candidate,source_train,2026.0
SDBD_BG_1aeb46ff6d,SDBD,,https://data.mendeley.com/datasets/jhrtdj9txm/3,10.17632/jhrtdj9txm.3,CC BY 4.0,2. BG/BG-36-img-2.jpg,BG-36-img-2.jpg,UNKNOWN_PENDING_VERIFICATION,Species pending independent provenance verification,BG,BG,1,D:\OntoShrimp_Data\ShrimpDiseaseImageBD\Root\Annotated Diseased Shrimp Images\Annotated Diseased Shrimp Images\1. BG\images\BG-36-img-2.jpg,D:\OntoShrimp_Data\ShrimpDiseaseImageBD\Root\Annotated Diseased Shrimp Images\Annotated Diseased Shrimp Images\1. BG\labels\BG-36-img-2.txt,SDBD_BG_0036,SDBD_BG_0036,2048,2048,ff6fd0ed97ce0eabe2c103c2f05aede0e4f088160e6069936dcd462e166e33ed,1aeb46ff6d1f753ec96c36a3d0001abfd614772bc812827fcc9068eef2c4f8e5,fad795286ad49521,DUPG_00460,unique,0,0,1,,source_candidate,source_train,2026.0
SDBD_BG_bafd45b722,SDBD,,https://data.mendeley.com/datasets/jhrtdj9txm/3,10.17632/jhrtdj9txm.3,CC BY 4.0,2. BG/BG-36-img-3.jpg,BG-36-img-3.jpg,UNKNOWN_PENDING_VERIFICATION,Species pending independent provenance verification,BG,BG,1,D:\OntoShrimp_Data\ShrimpDiseaseImageBD\Root\Annotated Diseased Shrimp Images\Annotated Diseased Shrimp Images\1. BG\images\BG-36-img-3.jpg,D:\OntoShrimp_Data\ShrimpDiseaseImageBD\Root\Annotated Diseased Shrimp Images\Annotated Diseased Shrimp Images\1. BG\labels\BG-36-img-3.txt,SDBD_BG_0036,SDBD_BG_0036,2048,2048,512e20a030b09b2b2319c94cb752d769b58d7455b002e0e2d34bb4dd9d7573b1,bafd45b722211fe2d789a736f59a3789a0a26debaa9e256e30f0b07aeae63c54,ebd494696a929569,DUPG_00461,unique,0,0,1,,source_candidate,source_train,2026.0
SDBD_BG_efc3309db7,SDBD,,https://data.mendeley.com/datasets/jhrtdj9txm/3,10.17632/jhrtdj9txm.3,CC BY 4.0,2. BG/BG-37-img-1.jpg,BG-37-img-1.jpg,UNKNOWN_PENDING_VERIFICATION,Species pending independent provenance verification,BG,BG,1,D:\OntoShrimp_Data\ShrimpDiseaseImageBD\Root\Annotated Diseased Shrimp Images\Annotated Diseased Shrimp Images\1. BG\images\BG-37-img-1.jpg,D:\OntoShrimp_Data\ShrimpDiseaseImageBD\Root\Annotated Diseased Shrimp Images\Annotated Diseased Shrimp Images\1. BG\labels\BG-37-img-1.txt,SDBD_BG_0037,SDBD_BG_0037,2048,2048,14e41c80f62f948b4fecd1f9c02d60b33e59c5f1567f42a6dd04444c1d1f2075,efc3309db710dc15b6663986a477892535b4be7bb5ddc6c956d0632fe9ab7607,ffa884965b6a2ca4,DUPG_00462,unique,0,0,1,,source_candidate,source_train,2026.0
SDBD_BG_66d0e71cfa,SDBD,,https://data.mendeley.com/datasets/jhrtdj9txm/3,10.17632/jhrtdj9txm.3,CC BY 4.0,2. BG/BG-37-img-2.jpg,BG-37-img-2.jpg,UNKNOWN_PENDING_VERIFICATION,Species pending independent provenance verification,BG,BG,1,D:\OntoShrimp_Data\ShrimpDiseaseImageBD\Root\Annotated Diseased Shrimp Images\Annotated Diseased Shrimp Images\1. BG\images\BG-37-img-2.jpg,D:\OntoShrimp_Data\ShrimpDiseaseImageBD\Root\Annotated Diseased Shrimp Images\Annotated Diseased Shrimp Images\1. BG\labels\BG-37-img-2.txt,SDBD_BG_0037,SDBD_BG_0037,2048,2048,4e66bdb322e7d85939fd7c93b429a14685bb34a92309d1bfa1ed049dbb995aa2,66d0e71cfaea7632dcf4175c8f2f53889dc0dd3598f66ee4d13df597f647fa7f,eaed84176ac99534,DUPG_00463,unique,0,0,1,,source_candidate,source_train,2026.0
SDBD_BG_1601c3fd22,SDBD,,https://data.mendeley.com/datasets/jhrtdj9txm/3,10.17632/jhrtdj9txm.3,CC BY 4.0,2. BG/BG-37-img-3.jpg,BG-37-img-3.jpg,UNKNOWN_PENDING_VERIFICATION,Species pending independent provenance verification,BG,BG,1,D:\OntoShrimp_Data\ShrimpDiseaseImageBD\Root\Annotated Diseased Shrimp Images\Annotated Diseased Shrimp Images\1. BG\images\BG-37-img-3.jpg,D:\OntoShrimp_Data\ShrimpDiseaseImageBD\Root\Annotated Diseased Shrimp Images\Annotated Diseased Shrimp Images\1. BG\labels\BG-37-img-3.txt,SDBD_BG_0037,SDBD_BG_0037,2048,2048,6db88f7a7396f4419ba4985118670a9b485456128ebe2752fe603e0b449bc4e3,1601c3fd22bec1a67312c310470bc497acc709a8ed659d68f0c8421cfd380ed6,be4d81b03e6fc198,DUPG_00464,unique,0,0,1,,source_candidate,source_train,2026.0
SDBD_BG_8d1b9c9ab9,SDBD,,https://data.mendeley.com/datasets/jhrtdj9txm/3,10.17632/jhrtdj9txm.3,CC BY 4.0,2. BG/BG-38-img-1.jpg,BG-38-img-1.jpg,UNKNOWN_PENDING_VERIFICATION,Species pending independent provenance verification,BG,BG,1,D:\OntoShrimp_Data\ShrimpDiseaseImageBD\Root\Annotated Diseased Shrimp Images\Annotated Diseased Shrimp Images\1. BG\images\BG-38-img-1.jpg,D:\OntoShrimp_Data\ShrimpDiseaseImageBD\Root\Annotated Diseased Shrimp Images\Annotated Diseased Shrimp Images\1. BG\labels\BG-38-img-1.txt,SDBD_BG_0038,SDBD_BG_0038,2048,2048,c1cc258b030dc2c116a0c6422e7c902f75c2d59f3ba88790c0c274da6c42b349,8d1b9c9ab9af2fe6a425d6f64862184230f9ee195947c06216dfe1619f8e7261,af30c02f7dd0832f,DUPG_00465,unique,0,0,1,,source_candidate,source_train,2026.0
SDBD_BG_b1a205214e,SDBD,,https://data.mendeley.com/datasets/jhrtdj9txm/3,10.17632/jhrtdj9txm.3,CC BY 4.0,2. BG/BG-38-img-2.jpg,BG-38-img-2.jpg,UNKNOWN_PENDING_VERIFICATION,Species pending independent provenance verification,BG,BG,1,D:\OntoShrimp_Data\ShrimpDiseaseImageBD\Root\Annotated Diseased Shrimp Images\Annotated Diseased Shrimp Images\1. BG\images\BG-38-img-2.jpg,D:\OntoShrimp_Data\ShrimpDiseaseImageBD\Root\Annotated Diseased Shrimp Images\Annotated Diseased Shrimp Images\1. BG\labels\BG-38-img-2.txt,SDBD_BG_0038,SDBD_BG_0038,2048,2048,32bec1b1c6250b7506e93be7a750adf3bda215d686a13ab07d6782ff34050b04,b1a205214e748eec419ae7ecd64fae93a3d1596eeb5ce5bb9907a3d3a8d3de65,aa7bd1850f7f7040,DUPG_00466,unique,0,0,1,,source_candidate,source_train,2026.0
SDBD_BG_7202e2aaa1,SDBD,,https://data.mendeley.com/datasets/jhrtdj9txm/3,10.17632/jhrtdj9txm.3,CC BY 4.0,2. BG/BG-38-img-3.jpg,BG-38-img-3.jpg,UNKNOWN_PENDING_VERIFICATION,Species pending independent provenance verification,BG,BG,1,D:\OntoShrimp_Data\ShrimpDiseaseImageBD\Root\Annotated Diseased Shrimp Images\Annotated Diseased Shrimp Images\1. BG\images\BG-38-img-3.jpg,D:\OntoShrimp_Data\ShrimpDiseaseImageBD\Root\Annotated Diseased Shrimp Images\Annotated Diseased Shrimp Images\1. BG\labels\BG-38-img-3.txt,SDBD_BG_0038,SDBD_BG_0038,2048,2048,ad167e3b02ae84fd4c140addba23c8406fa3b5b1319baaaae92953815ebcd0bd,7202e2aaa148827b9f5cc42e56af2eb2f99d148d14e09a70c0ab2c013b4b8135,ae6ac0873f78d087,DUPG_00467,unique,0,0,1,,source_candidate,source_train,2026.0
SDBD_BG_3ac958e9ee,SDBD,,https://data.mendeley.com/datasets/jhrtdj9txm/3,10.17632/jhrtdj9txm.3,CC BY 4.0,2. BG/BG-39-img-1.jpg,BG-39-img-1.jpg,UNKNOWN_PENDING_VERIFICATION,Species pending independent provenance verification,BG,BG,1,D:\OntoShrimp_Data\ShrimpDiseaseImageBD\Root\Annotated Diseased Shrimp Images\Annotated Diseased Shrimp Images\1. BG\images\BG-39-img-1.jpg,D:\OntoShrimp_Data\ShrimpDiseaseImageBD\Root\Annotated Diseased Shrimp Images\Annotated Diseased Shrimp Images\1. BG\labels\BG-39-img-1.txt,SDBD_BG_0039,SDBD_BG_0039,2048,2048,7a96007cbfb3afd5b51bad8f815fab0468be852825ba9d2163028c7c808331e9,3ac958e9eed132bccbfd890d5878294e31957ff393b8d6c627734c1f78601ef1,db99e0a4871f5ad0,DUPG_00468,unique,0,0,1,,source_candidate,source_train,2026.0
SDBD_BG_c2a03fea20,SDBD,,https://data.mendeley.com/datasets/jhrtdj9txm/3,10.17632/jhrtdj9txm.3,CC BY 4.0,2. BG/BG-39-img-2.jpg,BG-39-img-2.jpg,UNKNOWN_PENDING_VERIFICATION,Species pending independent provenance verification,BG,BG,1,D:\OntoShrimp_Data\ShrimpDiseaseImageBD\Root\Annotated Diseased Shrimp Images\Annotated Diseased Shrimp Images\1. BG\images\BG-39-img-2.jpg,D:\OntoShrimp_Data\ShrimpDiseaseImageBD\Root\Annotated Diseased Shrimp Images\Annotated Diseased Shrimp Images\1. BG\labels\BG-39-img-2.txt,SDBD_BG_0039,SDBD_BG_0039,2048,2048,df1c99d87e5bbc3949e47d1ebb306992352b987f4bd2a6565ae9ab30657daa0c,c2a03fea202a9e089e01de41fadecda662175d2d0d351e2afcba337203db7948,dfa0b0935f6ca033,DUPG_00469,unique,0,0,1,,source_candidate,source_train,2026.0
SDBD_BG_b34edc00a3,SDBD,,https://data.mendeley.com/datasets/jhrtdj9txm/3,10.17632/jhrtdj9txm.3,CC BY 4.0,2. BG/BG-39-img-3.jpg,BG-39-img-3.jpg,UNKNOWN_PENDING_VERIFICATION,Species pending independent provenance verification,BG,BG,1,D:\OntoShrimp_Data\ShrimpDiseaseImageBD\Root\Annotated Diseased Shrimp Images\Annotated Diseased Shrimp Images\1. BG\images\BG-39-img-3.jpg,D:\OntoShrimp_Data\ShrimpDiseaseImageBD\Root\Annotated Diseased Shrimp Images\Annotated Diseased Shrimp Images\1. BG\labels\BG-39-img-3.txt,SDBD_BG_0039,SDBD_BG_0039,2048,2048,c4c4fa6e5d55f070bd7ff054dae0353f6b1f8f909bf1df44daa0b76fa4c1ce59,b34edc00a3664aa79ec38cc3b5c095756d9a15454dc306900555ccc290f62fad,ba5dc5e42a1ad865,DUPG_00470,unique,0,0,1,,source_candidate,source_train,2026.0
SDBD_BG_aa4b40daa5,SDBD,,https://data.mendeley.com/datasets/jhrtdj9txm/3,10.17632/jhrtdj9txm.3,CC BY 4.0,2. BG/BG-4-img-1.jpg,BG-4-img-1.jpg,UNKNOWN_PENDING_VERIFICATION,Species pending independent provenance verification,BG,BG,1,D:\OntoShrimp_Data\ShrimpDiseaseImageBD\Root\Annotated Diseased Shrimp Images\Annotated Diseased Shrimp Images\1. BG\images\BG-4-img-1.jpg,D:\OntoShrimp_Data\ShrimpDiseaseImageBD\Root\Annotated Diseased Shrimp Images\Annotated Diseased Shrimp Images\1. BG\labels\BG-4-img-1.txt,SDBD_BG_0004,SDBD_BG_0004,2048,2048,9ab657ffffdee2ed53c0d4f82545ac6b9207dc99539ab8bda962abab89f0e179,aa4b40daa5d638d6b07e2bccefd3c64cfb69e63c625d81d967d24922bfa133d6,afd0846f70970e78,DUPG_00471,unique,0,0,1,,source_candidate,source_train,2026.0
SDBD_BG_6194c23dfe,SDBD,,https://data.mendeley.com/datasets/jhrtdj9txm/3,10.17632/jhrtdj9txm.3,CC BY 4.0,2. BG/BG-4-img-2.jpg,BG-4-img-2.jpg,UNKNOWN_PENDING_VERIFICATION,Species pending independent provenance verification,BG,BG,1,D:\OntoShrimp_Data\ShrimpDiseaseImageBD\Root\Annotated Diseased Shrimp Images\Annotated Diseased Shrimp Images\1. BG\images\BG-4-img-2.jpg,D:\OntoShrimp_Data\ShrimpDiseaseImageBD\Root\Annotated Diseased Shrimp Images\Annotated Diseased Shrimp Images\1. BG\labels\BG-4-img-2.txt,SDBD_BG_0004,SDBD_BG_0004,2048,2048,c6a64b9d9c96aee10a6974d69aae1d4d30fb77f30afb546a912699663ffc7604,6194c23dfe086642b0329a294bc61e87b922d98a3144edb4885c2361fa049f2d,e991906f3c814f3e,DUPG_00472,unique,0,0,1,,source_candidate,source_train,2026.0
SDBD_BG_d921feee82,SDBD,,https://data.mendeley.com/datasets/jhrtdj9txm/3,10.17632/jhrtdj9txm.3,CC BY 4.0,2. BG/BG-4-img-3.jpg,BG-4-img-3.jpg,UNKNOWN_PENDING_VERIFICATION,Species pending independent provenance verification,BG,BG,1,D:\OntoShrimp_Data\ShrimpDiseaseImageBD\Root\Annotated Diseased Shrimp Images\Annotated Diseased Shrimp Images\1. BG\images\BG-4-img-3.jpg,D:\OntoShrimp_Data\ShrimpDiseaseImageBD\Root\Annotated Diseased Shrimp Images\Annotated Diseased Shrimp Images\1. BG\labels\BG-4-img-3.txt,SDBD_BG_0004,SDBD_BG_0004,2048,2048,7b24fe69d1928ed5c1babbd21ffe8e650d86ee0ae19c794b131bb960c50cd10f,d921feee826654a0970e7ecbc0aa0764ada27cb14dd9dcfff9a5d970d5b6f0eb,e96d95804f7e70a1,DUPG_00473,unique,0,0,1,,source_candidate,source_train,2026.0
SDBD_BG_1f698c8406,SDBD,,https://data.mendeley.com/datasets/jhrtdj9txm/3,10.17632/jhrtdj9txm.3,CC BY 4.0,2. BG/BG-40-img-1.jpg,BG-40-img-1.jpg,UNKNOWN_PENDING_VERIFICATION,Species pending independent provenance verification,BG,BG,1,D:\OntoShrimp_Data\ShrimpDiseaseImageBD\Root\Annotated Diseased Shrimp Images\Annotated Diseased Shrimp Images\1. BG\images\BG-40-img-1.jpg,D:\OntoShrimp_Data\ShrimpDiseaseImageBD\Root\Annotated Diseased Shrimp Images\Annotated Diseased Shrimp Images\1. BG\labels\BG-40-img-1.txt,SDBD_BG_0040,SDBD_BG_0040,2048,2048,4f9aac664266b16a2619c0120ecc3aa65ca31c74517a2a55ccdc01b2ab4ffcf6,1f698c8406f583345d68b6d5c54e83cab25097a410af61dbd1503d257affe272,9e7ce1c01a1ab9e5,DUPG_00474,unique,0,0,1,,source_candidate,source_train,2026.0
SDBD_BG_3f59f8af9e,SDBD,,https://data.mendeley.com/datasets/jhrtdj9txm/3,10.17632/jhrtdj9txm.3,CC BY 4.0,2. BG/BG-40-img-2.jpg,BG-40-img-2.jpg,UNKNOWN_PENDING_VERIFICATION,Species pending independent provenance verification,BG,BG,1,D:\OntoShrimp_Data\ShrimpDiseaseImageBD\Root\Annotated Diseased Shrimp Images\Annotated Diseased Shrimp Images\1. BG\images\BG-40-img-2.jpg,D:\OntoShrimp_Data\ShrimpDiseaseImageBD\Root\Annotated Diseased Shrimp Images\Annotated Diseased Shrimp Images\1. BG\labels\BG-40-img-2.txt,SDBD_BG_0040,SDBD_BG_0040,2048,2048,cabc861052b9e110f73cafec7d9e0ae723caadec74628659338edb08de3d5053,3f59f8af9e72717f49a6d3cb08696d08225223b4dccbb514249e4c72a46e7c36,ba6ec59c1a73e504,DUPG_00475,unique,0,0,1,,source_candidate,source_train,2026.0
SDBD_BG_1bf46b0854,SDBD,,https://data.mendeley.com/datasets/jhrtdj9txm/3,10.17632/jhrtdj9txm.3,CC BY 4.0,2. BG/BG-42-img-1.jpg,BG-42-img-1.jpg,UNKNOWN_PENDING_VERIFICATION,Species pending independent provenance verification,BG,BG,1,D:\OntoShrimp_Data\ShrimpDiseaseImageBD\Root\Annotated Diseased Shrimp Images\Annotated Diseased Shrimp Images\1. BG\images\BG-42-img-1.jpg,D:\OntoShrimp_Data\ShrimpDiseaseImageBD\Root\Annotated Diseased Shrimp Images\Annotated Diseased Shrimp Images\1. BG\labels\BG-42-img-1.txt,SDBD_BG_0042,SDBD_BG_0042,2048,2048,24f8b45a4a6896844c6e9b8a6dd6e27ac646e45e9205b404eed162f9bb81e729,1bf46b0854d1a2045137105e81714c45f129c306d684663f52a47cc0c66a476b,cfe8f0871f784087,DUPG_00479,unique,0,0,1,,source_candidate,source_train,2026.0
SDBD_BG_3d13ecaaec,SDBD,,https://data.mendeley.com/datasets/jhrtdj9txm/3,10.17632/jhrtdj9txm.3,CC BY 4.0,2. BG/BG-42-img-2.jpg,BG-42-img-2.jpg,UNKNOWN_PENDING_VERIFICATION,Species pending independent provenance verification,BG,BG,1,D:\OntoShrimp_Data\ShrimpDiseaseImageBD\Root\Annotated Diseased Shrimp Images\Annotated Diseased Shrimp Images\1. BG\images\BG-42-img-2.jpg,D:\OntoShrimp_Data\ShrimpDiseaseImageBD\Root\Annotated Diseased Shrimp Images\Annotated Diseased Shrimp Images\1. BG\labels\BG-42-img-2.txt,SDBD_BG_0042,SDBD_BG_0042,2048,2048,1c4e2a29037a2d584e68f18abcba553a6133a7816609c8645b34bcda8c7ab59f,3d13ecaaec9ee16dbe19bbed9b42af9d1a9cfa948a10e9e89cd1ef67f67dd957,dec0b39e4c60a6b6,DUPG_00480,unique,0,0,1,,source_candidate,source_train,2026.0
SDBD_BG_e789942c61,SDBD,,https://data.mendeley.com/datasets/jhrtdj9txm/3,10.17632/jhrtdj9txm.3,CC BY 4.0,2. BG/BG-42-img-3.jpg,BG-42-img-3.jpg,UNKNOWN_PENDING_VERIFICATION,Species pending independent provenance verification,BG,BG,1,D:\OntoShrimp_Data\ShrimpDiseaseImageBD\Root\Annotated Diseased Shrimp Images\Annotated Diseased Shrimp Images\1. BG\images\BG-42-img-3.jpg,D:\OntoShrimp_Data\ShrimpDiseaseImageBD\Root\Annotated Diseased Shrimp Images\Annotated Diseased Shrimp Images\1. BG\labels\BG-42-img-3.txt,SDBD_BG_0042,SDBD_BG_0042,2048,2048,2a5243fac91c120e141a689ce79a1a44384a293ca6a59371521c8945ea695df1,e789942c61d837f7f76fb0fe2a1fd3838825942cf4a861a44f0a0234d2b2bf05,eff090876e7091cc,DUPG_00481,unique,0,0,1,,source_candidate,source_train,2026.0
SDBD_BG_ec3155e372,SDBD,,https://data.mendeley.com/datasets/jhrtdj9txm/3,10.17632/jhrtdj9txm.3,CC BY 4.0,2. BG/BG-43-img-1.jpg,BG-43-img-1.jpg,UNKNOWN_PENDING_VERIFICATION,Species pending independent provenance verification,BG,BG,1,D:\OntoShrimp_Data\ShrimpDiseaseImageBD\Root\Annotated Diseased Shrimp Images\Annotated Diseased Shrimp Images\1. BG\images\BG-43-img-1.jpg,D:\OntoShrimp_Data\ShrimpDiseaseImageBD\Root\Annotated Diseased Shrimp Images\Annotated Diseased Shrimp Images\1. BG\labels\BG-43-img-1.txt,SDBD_BG_0043,SDBD_BG_0043,2048,2048,15e0271f6069631f8cb23956975560c6f6837927fad175b2a88f6ed169cb632f,ec3155e3729b11aa576aea0c394278ae9869534de268067355a190c27e372f0d,fe9090a52bd2f42d,DUPG_00482,unique,0,0,1,,source_candidate,source_train,2026.0
SDBD_BG_ef240dc204,SDBD,,https://data.mendeley.com/datasets/jhrtdj9txm/3,10.17632/jhrtdj9txm.3,CC BY 4.0,2. BG/BG-43-img-2.jpg,BG-43-img-2.jpg,UNKNOWN_PENDING_VERIFICATION,Species pending independent provenance verification,BG,BG,1,D:\OntoShrimp_Data\ShrimpDiseaseImageBD\Root\Annotated Diseased Shrimp Images\Annotated Diseased Shrimp Images\1. BG\images\BG-43-img-2.jpg,D:\OntoShrimp_Data\ShrimpDiseaseImageBD\Root\Annotated Diseased Shrimp Images\Annotated Diseased Shrimp Images\1. BG\labels\BG-43-img-2.txt,SDBD_BG_0043,SDBD_BG_0043,2048,2048,2cd3af066620b6dfb522274d1dfe029b6f2e115470a55ef8612c18449fb64500,ef240dc204214e8a20e10e3c789b97433ecaf6ccdcec1e7a8f361af99d027892,cb9394a92b12d4ed,DUPG_00483,unique,0,0,1,,source_candidate,source_train,2026.0
SDBD_BG_073282955d,SDBD,,https://data.mendeley.com/datasets/jhrtdj9txm/3,10.17632/jhrtdj9txm.3,CC BY 4.0,2. BG/BG-43-img-3.jpg,BG-43-img-3.jpg,UNKNOWN_PENDING_VERIFICATION,Species pending independent provenance verification,BG,BG,1,D:\OntoShrimp_Data\ShrimpDiseaseImageBD\Root\Annotated Diseased Shrimp Images\Annotated Diseased Shrimp Images\1. BG\images\BG-43-img-3.jpg,D:\OntoShrimp_Data\ShrimpDiseaseImageBD\Root\Annotated Diseased Shrimp Images\Annotated Diseased Shrimp Images\1. BG\labels\BG-43-img-3.txt,SDBD_BG_0043,SDBD_BG_0043,2048,2048,b178435f5b3f94fe44607d8bb7d6dba4f16e937bcd43db4cbb35e48d0836d6ef,073282955d8c3c43f8f9e1c8437e8566f011b0530bf97805a984317d3cc2809f,ed26d632c633861b,DUPG_00484,unique,0,0,1,,source_candidate,source_train,2026.0
SDBD_BG_5aba85cc22,SDBD,,https://data.mendeley.com/datasets/jhrtdj9txm/3,10.17632/jhrtdj9txm.3,CC BY 4.0,2. BG/BG-45-img-1.jpg,BG-45-img-1.jpg,UNKNOWN_PENDING_VERIFICATION,Species pending independent provenance verification,BG,BG,1,D:\OntoShrimp_Data\ShrimpDiseaseImageBD\Root\Annotated Diseased Shrimp Images\Annotated Diseased Shrimp Images\1. BG\images\BG-45-img-1.jpg,D:\OntoShrimp_Data\ShrimpDiseaseImageBD\Root\Annotated Diseased Shrimp Images\Annotated Diseased Shrimp Images\1. BG\labels\BG-45-img-1.txt,SDBD_BG_0045,SDBD_BG_0045,2048,2048,45fe70fa481377681e7523123cd588f71bc0025ad96104178342326eed259a3a,5aba85cc2229b6e73a492d335685b8e8dddbee0399d045e5d0a0a2b2a885f1a7,ffc090605f9fb068,DUPG_00488,unique,0,0,1,,source_candidate,source_train,2026.0
SDBD_BG_7fea51d331,SDBD,,https://data.mendeley.com/datasets/jhrtdj9txm/3,10.17632/jhrtdj9txm.3,CC BY 4.0,2. BG/BG-45-img-2.jpg,BG-45-img-2.jpg,UNKNOWN_PENDING_VERIFICATION,Species pending independent provenance verification,BG,BG,1,D:\OntoShrimp_Data\ShrimpDiseaseImageBD\Root\Annotated Diseased Shrimp Images\Annotated Diseased Shrimp Images\1. BG\images\BG-45-img-2.jpg,D:\OntoShrimp_Data\ShrimpDiseaseImageBD\Root\Annotated Diseased Shrimp Images\Annotated Diseased Shrimp Images\1. BG\labels\BG-45-img-2.txt,SDBD_BG_0045,SDBD_BG_0045,2048,2048,632f68ed382b6df98f3bbe61ebc15fbd00876105c74d5aa0b477d7419d9103f1,7fea51d3315a01801462c93cbb8b65aabbbb46f3d5c47da6eba46efd9ea9eaf0,cf8b94b0784f89b1,DUPG_00489,unique,0,0,1,,source_candidate,source_train,2026.0
SDBD_BG_51eca91845,SDBD,,https://data.mendeley.com/datasets/jhrtdj9txm/3,10.17632/jhrtdj9txm.3,CC BY 4.0,2. BG/BG-45-img-3.jpg,BG-45-img-3.jpg,UNKNOWN_PENDING_VERIFICATION,Species pending independent provenance verification,BG,BG,1,D:\OntoShrimp_Data\ShrimpDiseaseImageBD\Root\Annotated Diseased Shrimp Images\Annotated Diseased Shrimp Images\1. BG\images\BG-45-img-3.jpg,D:\OntoShrimp_Data\ShrimpDiseaseImageBD\Root\Annotated Diseased Shrimp Images\Annotated Diseased Shrimp Images\1. BG\labels\BG-45-img-3.txt,SDBD_BG_0045,SDBD_BG_0045,2048,2048,50805992f2157c2d35119c2296ec9634bac9042367ca58b4a64e4cbb7f191017,51eca918451278577222507603271914e355f9a4bbb3f57e3e4e4f445d650cda,ffc280795f97a048,DUPG_00490,unique,0,0,1,,source_candidate,source_train,2026.0
SDBD_BG_41a627288e,SDBD,,https://data.mendeley.com/datasets/jhrtdj9txm/3,10.17632/jhrtdj9txm.3,CC BY 4.0,2. BG/BG-47-img-1.jpg,BG-47-img-1.jpg,UNKNOWN_PENDING_VERIFICATION,Species pending independent provenance verification,BG,BG,1,D:\OntoShrimp_Data\ShrimpDiseaseImageBD\Root\Annotated Diseased Shrimp Images\Annotated Diseased Shrimp Images\1. BG\images\BG-47-img-1.jpg,D:\OntoShrimp_Data\ShrimpDiseaseImageBD\Root\Annotated Diseased Shrimp Images\Annotated Diseased Shrimp Images\1. BG\labels\BG-47-img-1.txt,SDBD_BG_0047,SDBD_BG_0047,2048,2048,2ff6d9a95656ba6046767bf460d222af4f073e45cd1f67962b0361cea69cc31b,41a627288efe06d99e38f777a0e52a1b93e4815bc64afb6f7bad7f31e25b604c,ea8295a52b4ad2f9,DUPG_00493,unique,0,0,1,,source_candidate,source_train,2026.0
SDBD_BG_63e037860d,SDBD,,https://data.mendeley.com/datasets/jhrtdj9txm/3,10.17632/jhrtdj9txm.3,CC BY 4.0,2. BG/BG-47-img-2.jpg,BG-47-img-2.jpg,UNKNOWN_PENDING_VERIFICATION,Species pending independent provenance verification,BG,BG,1,D:\OntoShrimp_Data\ShrimpDiseaseImageBD\Root\Annotated Diseased Shrimp Images\Annotated Diseased Shrimp Images\1. BG\images\BG-47-img-2.jpg,D:\OntoShrimp_Data\ShrimpDiseaseImageBD\Root\Annotated Diseased Shrimp Images\Annotated Diseased Shrimp Images\1. BG\labels\BG-47-img-2.txt,SDBD_BG_0047,SDBD_BG_0047,2048,2048,a6c705b21e36b5643e0b99ab2705c40c27a81f2f1277135d01af80fa628bcd67,63e037860d9bfa05d89037535b88c49e797b7df5b062f058f329397302a6ed2c,da9295ad6b1a96c4,DUPG_00494,unique,0,0,1,,source_candidate,source_train,2026.0
SDBD_BG_314553698e,SDBD,,https://data.mendeley.com/datasets/jhrtdj9txm/3,10.17632/jhrtdj9txm.3,CC BY 4.0,2. BG/BG-47-img-3.jpg,BG-47-img-3.jpg,UNKNOWN_PENDING_VERIFICATION,Species pending independent provenance verification,BG,BG,1,D:\OntoShrimp_Data\ShrimpDiseaseImageBD\Root\Annotated Diseased Shrimp Images\Annotated Diseased Shrimp Images\1. BG\images\BG-47-img-3.jpg,D:\OntoShrimp_Data\ShrimpDiseaseImageBD\Root\Annotated Diseased Shrimp Images\Annotated Diseased Shrimp Images\1. BG\labels\BG-47-img-3.txt,SDBD_BG_0047,SDBD_BG_0047,2048,2048,07ef39874f4fd027844de0faf87ca1a2362e627554c75f379f85daf8bab93e38,314553698e090a2443e7e652083b1fcf7db026902891201ece236e68a70807ea,dfd081ab6a14d5d1,DUPG_00495,unique,0,0,1,,source_candidate,source_train,2026.0
SDBD_BG_875e100716,SDBD,,https://data.mendeley.com/datasets/jhrtdj9txm/3,10.17632/jhrtdj9txm.3,CC BY 4.0,2. BG/BG-48-img-1.jpg,BG-48-img-1.jpg,UNKNOWN_PENDING_VERIFICATION,Species pending independent provenance verification,BG,BG,1,D:\OntoShrimp_Data\ShrimpDiseaseImageBD\Root\Annotated Diseased Shrimp Images\Annotated Diseased Shrimp Images\1. BG\images\BG-48-img-1.jpg,D:\OntoShrimp_Data\ShrimpDiseaseImageBD\Root\Annotated Diseased Shrimp Images\Annotated Diseased Shrimp Images\1. BG\labels\BG-48-img-1.txt,SDBD_BG_0048,SDBD_BG_0048,2048,2048,432e7e6bcf7ed51038c2888b1ed6fa050713235d83f9c7112bf51adde0a68a17,875e100716292efc0a176ce1e87e2b82280188679f9809f72bfdf2c58ab94617,fe8195d22a2ddcd0,DUPG_00496,unique,0,0,1,,source_candidate,source_train,2026.0
SDBD_BG_0e3a910a68,SDBD,,https://data.mendeley.com/datasets/jhrtdj9txm/3,10.17632/jhrtdj9txm.3,CC BY 4.0,2. BG/BG-48-img-2.jpg,BG-48-img-2.jpg,UNKNOWN_PENDING_VERIFICATION,Species pending independent provenance verification,BG,BG,1,D:\OntoShrimp_Data\ShrimpDiseaseImageBD\Root\Annotated Diseased Shrimp Images\Annotated Diseased Shrimp Images\1. BG\images\BG-48-img-2.jpg,D:\OntoShrimp_Data\ShrimpDiseaseImageBD\Root\Annotated Diseased Shrimp Images\Annotated Diseased Shrimp Images\1. BG\labels\BG-48-img-2.txt,SDBD_BG_0048,SDBD_BG_0048,2048,2048,038639e22dd5de480088c11f22daeaf2e920ccf69d52c598123c9e7d0c4c539b,0e3a910a68f3bfd8c533a6cc12a5e7c33d7843e273a53d65729ec5c23f806ddb,fac985d64229dcf0,DUPG_00497,unique,0,0,1,,source_candidate,source_train,2026.0
SDBD_BG_d3722f6b4f,SDBD,,https://data.mendeley.com/datasets/jhrtdj9txm/3,10.17632/jhrtdj9txm.3,CC BY 4.0,2. BG/BG-48-img-3.jpg,BG-48-img-3.jpg,UNKNOWN_PENDING_VERIFICATION,Species pending independent provenance verification,BG,BG,1,D:\OntoShrimp_Data\ShrimpDiseaseImageBD\Root\Annotated Diseased Shrimp Images\Annotated Diseased Shrimp Images\1. BG\images\BG-48-img-3.jpg,D:\OntoShrimp_Data\ShrimpDiseaseImageBD\Root\Annotated Diseased Shrimp Images\Annotated Diseased Shrimp Images\1. BG\labels\BG-48-img-3.txt,SDBD_BG_0048,SDBD_BG_0048,2048,2048,0eeaf0d9b349de5897913a19bdbb19bc009ee3242f75d08a20bf42b700ecd732,d3722f6b4ff344f8a2f1cd6ec9063dba8c53cbe271d81a4f058f0f61901c8632,dea8b5d4622b51d8,DUPG_00498,unique,0,0,1,,source_candidate,source_train,2026.0
SDBD_BG_d25f63e069,SDBD,,https://data.mendeley.com/datasets/jhrtdj9txm/3,10.17632/jhrtdj9txm.3,CC BY 4.0,2. BG/BG-49-img-1.jpg,BG-49-img-1.jpg,UNKNOWN_PENDING_VERIFICATION,Species pending independent provenance verification,BG,BG,1,D:\OntoShrimp_Data\ShrimpDiseaseImageBD\Root\Annotated Diseased Shrimp Images\Annotated Diseased Shrimp Images\1. BG\images\BG-49-img-1.jpg,D:\OntoShrimp_Data\ShrimpDiseaseImageBD\Root\Annotated Diseased Shrimp Images\Annotated Diseased Shrimp Images\1. BG\labels\BG-49-img-1.txt,SDBD_BG_0049,SDBD_BG_0049,2048,2048,629ba2d75dd39df3e3f9c1ce6e41870c33f0d27b751ee60b49f19b076692b306,d25f63e0693cb8a03816f1b00c764ca32214626486a020e73ef31d0dd0d76e54,ffa0d0812f6ef091,DUPG_00499,unique,0,0,1,,source_candidate,source_train,2026.0
SDBD_BG_4683c6d553,SDBD,,https://data.mendeley.com/datasets/jhrtdj9txm/3,10.17632/jhrtdj9txm.3,CC BY 4.0,2. BG/BG-49-img-2.jpg,BG-49-img-2.jpg,UNKNOWN_PENDING_VERIFICATION,Species pending independent provenance verification,BG,BG,1,D:\OntoShrimp_Data\ShrimpDiseaseImageBD\Root\Annotated Diseased Shrimp Images\Annotated Diseased Shrimp Images\1. BG\images\BG-49-img-2.jpg,D:\OntoShrimp_Data\ShrimpDiseaseImageBD\Root\Annotated Diseased Shrimp Images\Annotated Diseased Shrimp Images\1. BG\labels\BG-49-img-2.txt,SDBD_BG_0049,SDBD_BG_0049,2048,2048,29d229eeebfdb3f0257a9f32b48246ffc4ab052323021a3d918f0fb5214cdb28,4683c6d5537159b2796cc2c284e0122f0a39ebafde249206b453092b4c5e68ac,cdacf0910c6e7af0,DUPG_00500,unique,0,0,1,,source_candidate,source_train,2026.0
SDBD_BG_699f54c663,SDBD,,https://data.mendeley.com/datasets/jhrtdj9txm/3,10.17632/jhrtdj9txm.3,CC BY 4.0,2. BG/BG-49-img-3.jpg,BG-49-img-3.jpg,UNKNOWN_PENDING_VERIFICATION,Species pending independent provenance verification,BG,BG,1,D:\OntoShrimp_Data\ShrimpDiseaseImageBD\Root\Annotated Diseased Shrimp Images\Annotated Diseased Shrimp Images\1. BG\images\BG-49-img-3.jpg,D:\OntoShrimp_Data\ShrimpDiseaseImageBD\Root\Annotated Diseased Shrimp Images\Annotated Diseased Shrimp Images\1. BG\labels\BG-49-img-3.txt,SDBD_BG_0049,SDBD_BG_0049,2048,2048,8ffc6845fa74ae3d70301c63d645a1776f3824ea1d8eb2b6f7d490c6d0c34250,699f54c66389fe9fe226aae9a17d2332f9f45c2c25e847463ec6301dff867af5,dfe0b0884f77b091,DUPG_00501,unique,0,0,1,,source_candidate,source_train,2026.0
SDBD_BG_09eac1096f,SDBD,,https://data.mendeley.com/datasets/jhrtdj9txm/3,10.17632/jhrtdj9txm.3,CC BY 4.0,2. BG/BG-5-img-1.jpg,BG-5-img-1.jpg,UNKNOWN_PENDING_VERIFICATION,Species pending independent provenance verification,BG,BG,1,D:\OntoShrimp_Data\ShrimpDiseaseImageBD\Root\Annotated Diseased Shrimp Images\Annotated Diseased Shrimp Images\1. BG\images\BG-5-img-1.jpg,D:\OntoShrimp_Data\ShrimpDiseaseImageBD\Root\Annotated Diseased Shrimp Images\Annotated Diseased Shrimp Images\1. BG\labels\BG-5-img-1.txt,SDBD_BG_0005,SDBD_BG_0005,2048,2048,242b6bc64671868258a515c384c5a4f9ae455bc145c8d4ee6d46a32ff950c90c,09eac1096febca9f9824c8b23b13948b067dbd3d10a13563a9e72ead956df419,c0df8d0ad3811fdc,DUPG_00502,unique,0,0,1,,source_candidate,source_train,2026.0
SDBD_BG_7c6e979c6b,SDBD,,https://data.mendeley.com/datasets/jhrtdj9txm/3,10.17632/jhrtdj9txm.3,CC BY 4.0,2. BG/BG-50-img-1.jpg,BG-50-img-1.jpg,UNKNOWN_PENDING_VERIFICATION,Species pending independent provenance verification,BG,BG,1,D:\OntoShrimp_Data\ShrimpDiseaseImageBD\Root\Annotated Diseased Shrimp Images\Annotated Diseased Shrimp Images\1. BG\images\BG-50-img-1.jpg,D:\OntoShrimp_Data\ShrimpDiseaseImageBD\Root\Annotated Diseased Shrimp Images\Annotated Diseased Shrimp Images\1. BG\labels\BG-50-img-1.txt,SDBD_BG_0050,SDBD_BG_0050,2048,2048,47f6abd2d62aa26ce6437c686fb07e2d7a564a91c856a4b56b9fd2629a1b5ce9,7c6e979c6b1cf355e88153f11f06e33e68aecae3e16b53047f78090da73b88b6,faa0d5922a2dd5d2,DUPG_00503,unique,0,0,1,,source_candidate,source_train,2026.0
SDBD_BG_f6eaef9227,SDBD,,https://data.mendeley.com/datasets/jhrtdj9txm/3,10.17632/jhrtdj9txm.3,CC BY 4.0,2. BG/BG-50-img-2.jpg,BG-50-img-2.jpg,UNKNOWN_PENDING_VERIFICATION,Species pending independent provenance verification,BG,BG,1,D:\OntoShrimp_Data\ShrimpDiseaseImageBD\Root\Annotated Diseased Shrimp Images\Annotated Diseased Shrimp Images\1. BG\images\BG-50-img-2.jpg,D:\OntoShrimp_Data\ShrimpDiseaseImageBD\Root\Annotated Diseased Shrimp Images\Annotated Diseased Shrimp Images\1. BG\labels\BG-50-img-2.txt,SDBD_BG_0050,SDBD_BG_0050,2048,2048,8d8c49ebeb16239c45d37ebb6a7b6174b1e416b381e8b614a64b5ae6f65dde30,f6eaef9227e4d6cd9ec963795f49a07fe5447c2b4194842b46c13f9a3fdbdbf8,dfa1d542298dd662,DUPG_00504,unique,0,0,1,,source_candidate,source_train,2026.0
SDBD_BG_4ddac13ede,SDBD,,https://data.mendeley.com/datasets/jhrtdj9txm/3,10.17632/jhrtdj9txm.3,CC BY 4.0,2. BG/BG-51-img-1.jpg,BG-51-img-1.jpg,UNKNOWN_PENDING_VERIFICATION,Species pending independent provenance verification,BG,BG,1,D:\OntoShrimp_Data\ShrimpDiseaseImageBD\Root\Annotated Diseased Shrimp Images\Annotated Diseased Shrimp Images\1. BG\images\BG-51-img-1.jpg,D:\OntoShrimp_Data\ShrimpDiseaseImageBD\Root\Annotated Diseased Shrimp Images\Annotated Diseased Shrimp Images\1. BG\labels\BG-51-img-1.txt,SDBD_BG_0051,SDBD_BG_0051,2048,2048,9ae8154528d9bf6b26b1ec371aa9feb34f80aff28d01fde01dfc4de57ed619fa,4ddac13ede830c886147c5a63b804e6a104358a1d566a8ceed865328f840c16e,fe9395206ada9525,DUPG_00505,unique,0,0,1,,source_candidate,source_train,2026.0
SDBD_BG_4d805dabe8,SDBD,,https://data.mendeley.com/datasets/jhrtdj9txm/3,10.17632/jhrtdj9txm.3,CC BY 4.0,2. BG/BG-51-img-2.jpg,BG-51-img-2.jpg,UNKNOWN_PENDING_VERIFICATION,Species pending independent provenance verification,BG,BG,1,D:\OntoShrimp_Data\ShrimpDiseaseImageBD\Root\Annotated Diseased Shrimp Images\Annotated Diseased Shrimp Images\1. BG\images\BG-51-img-2.jpg,D:\OntoShrimp_Data\ShrimpDiseaseImageBD\Root\Annotated Diseased Shrimp Images\Annotated Diseased Shrimp Images\1. BG\labels\BG-51-img-2.txt,SDBD_BG_0051,SDBD_BG_0051,2048,2048,e68e2e782243a724ecbb05d900aad0a289d8584e73267903f722481166fa9a3c,4d805dabe834a6b567345ab3368c31711edb9b65c892016c151a9ebdb5884c1e,ff92d480296ad695,DUPG_00506,unique,0,0,1,,source_candidate,source_train,2026.0
SDBD_BG_6212ecb352,SDBD,,https://data.mendeley.com/datasets/jhrtdj9txm/3,10.17632/jhrtdj9txm.3,CC BY 4.0,2. BG/BG-51-img-3.jpg,BG-51-img-3.jpg,UNKNOWN_PENDING_VERIFICATION,Species pending independent provenance verification,BG,BG,1,D:\OntoShrimp_Data\ShrimpDiseaseImageBD\Root\Annotated Diseased Shrimp Images\Annotated Diseased Shrimp Images\1. BG\images\BG-51-img-3.jpg,D:\OntoShrimp_Data\ShrimpDiseaseImageBD\Root\Annotated Diseased Shrimp Images\Annotated Diseased Shrimp Images\1. BG\labels\BG-51-img-3.txt,SDBD_BG_0051,SDBD_BG_0051,2048,2048,c5aa06eab5efbc0dbfe0c1f45bdeb3a97832716cd165fe9b335b97890f54875f,6212ecb3522a92b0eb1ebb7253f647f7409e7d12220c2334f8f160cd7b5b428b,fed0956816bd02d6,DUPG_00507,unique,0,0,1,,source_candidate,source_train,2026.0
SDBD_BG_c49cc493a1,SDBD,,https://data.mendeley.com/datasets/jhrtdj9txm/3,10.17632/jhrtdj9txm.3,CC BY 4.0,2. BG/BG-52-img-2.jpg,BG-52-img-2.jpg,UNKNOWN_PENDING_VERIFICATION,Species pending independent provenance verification,BG,BG,1,D:\OntoShrimp_Data\ShrimpDiseaseImageBD\Root\Annotated Diseased Shrimp Images\Annotated Diseased Shrimp Images\1. BG\images\BG-52-img-2.jpg,D:\OntoShrimp_Data\ShrimpDiseaseImageBD\Root\Annotated Diseased Shrimp Images\Annotated Diseased Shrimp Images\1. BG\labels\BG-52-img-2.txt,SDBD_BG_0052,SDBD_BG_0052,2048,2048,f6669f0aebce1ae1b40c4e81eb77e881a284d0eaa6a83f8cb43fe3d141b9a4bf,c49cc493a16eae1d87d698c4791b105cd8965e607e2f063fdd270781f7b19952,e9a19c522bb4d6ca,DUPG_00508,unique,0,0,1,,source_candidate,source_train,2026.0
SDBD_BG_4f976d3538,SDBD,,https://data.mendeley.com/datasets/jhrtdj9txm/3,10.17632/jhrtdj9txm.3,CC BY 4.0,2. BG/BG-52-img-3.jpg,BG-52-img-3.jpg,UNKNOWN_PENDING_VERIFICATION,Species pending independent provenance verification,BG,BG,1,D:\OntoShrimp_Data\ShrimpDiseaseImageBD\Root\Annotated Diseased Shrimp Images\Annotated Diseased Shrimp Images\1. BG\images\BG-52-img-3.jpg,D:\OntoShrimp_Data\ShrimpDiseaseImageBD\Root\Annotated Diseased Shrimp Images\Annotated Diseased Shrimp Images\1. BG\labels\BG-52-img-3.txt,SDBD_BG_0052,SDBD_BG_0052,2048,2048,8cedec781ebddb5fc061e402966d149fff83a586b04100632cec3f9953966c2b,4f976d35386914386598ed1e1fbb89f9998633b157f83872e1cc875704877cbf,ea95965a21a4dacb,DUPG_00509,unique,0,0,1,,source_candidate,source_train,2026.0
SDBD_BG_de91d00f8d,SDBD,,https://data.mendeley.com/datasets/jhrtdj9txm/3,10.17632/jhrtdj9txm.3,CC BY 4.0,2. BG/BG-54-img-1.jpg,BG-54-img-1.jpg,UNKNOWN_PENDING_VERIFICATION,Species pending independent provenance verification,BG,BG,1,D:\OntoShrimp_Data\ShrimpDiseaseImageBD\Root\Annotated Diseased Shrimp Images\Annotated Diseased Shrimp Images\1. BG\images\BG-54-img-1.jpg,D:\OntoShrimp_Data\ShrimpDiseaseImageBD\Root\Annotated Diseased Shrimp Images\Annotated Diseased Shrimp Images\1. BG\labels\BG-54-img-1.txt,SDBD_BG_0054,SDBD_BG_0054,2048,2048,c9ddd12ed39538ea53fcc3398b3eee411f2860b1bec9cf322ec12762b08228ad,de91d00f8dfb352d60e85a32044e657c524cff9e1a44556ddfdbb9e469de4536,efd090876f789087,DUPG_00513,unique,0,0,1,,source_candidate,source_train,2026.0
SDBD_BG_055adf1106,SDBD,,https://data.mendeley.com/datasets/jhrtdj9txm/3,10.17632/jhrtdj9txm.3,CC BY 4.0,2. BG/BG-54-img-2.jpg,BG-54-img-2.jpg,UNKNOWN_PENDING_VERIFICATION,Species pending independent provenance verification,BG,BG,1,D:\OntoShrimp_Data\ShrimpDiseaseImageBD\Root\Annotated Diseased Shrimp Images\Annotated Diseased Shrimp Images\1. BG\images\BG-54-img-2.jpg,D:\OntoShrimp_Data\ShrimpDiseaseImageBD\Root\Annotated Diseased Shrimp Images\Annotated Diseased Shrimp Images\1. BG\labels\BG-54-img-2.txt,SDBD_BG_0054,SDBD_BG_0054,2048,2048,78f6cad81cc417b2c69ac4267ea4ffcb6bc3b3b9a4db4b77e38652d7917c1117,055adf1106d497a189289a9188f49c0c66965bdd0f8277bf81d828b3eb8772ce,e8cf95834f7e3081,DUPG_00514,unique,0,0,1,,source_candidate,source_train,2026.0
SDBD_BG_f44cc014d8,SDBD,,https://data.mendeley.com/datasets/jhrtdj9txm/3,10.17632/jhrtdj9txm.3,CC BY 4.0,2. BG/BG-54-img-3.jpg,BG-54-img-3.jpg,UNKNOWN_PENDING_VERIFICATION,Species pending independent provenance verification,BG,BG,1,D:\OntoShrimp_Data\ShrimpDiseaseImageBD\Root\Annotated Diseased Shrimp Images\Annotated Diseased Shrimp Images\1. BG\images\BG-54-img-3.jpg,D:\OntoShrimp_Data\ShrimpDiseaseImageBD\Root\Annotated Diseased Shrimp Images\Annotated Diseased Shrimp Images\1. BG\labels\BG-54-img-3.txt,SDBD_BG_0054,SDBD_BG_0054,2048,2048,762b0c81def19b5af9e220ddd5e8cfb7126b4c9b91aa75b21499aca4c2501190,f44cc014d81be8428f77f27fc1e058199690e66bef068fafde1a2496d3228f30,cbbdb0814f7e3083,DUPG_00515,unique,0,0,1,,source_candidate,source_train,2026.0
SDBD_BG_280b834f24,SDBD,,https://data.mendeley.com/datasets/jhrtdj9txm/3,10.17632/jhrtdj9txm.3,CC BY 4.0,2. BG/BG-55-img-1.jpg,BG-55-img-1.jpg,UNKNOWN_PENDING_VERIFICATION,Species pending independent provenance verification,BG,BG,1,D:\OntoShrimp_Data\ShrimpDiseaseImageBD\Root\Annotated Diseased Shrimp Images\Annotated Diseased Shrimp Images\1. BG\images\BG-55-img-1.jpg,D:\OntoShrimp_Data\ShrimpDiseaseImageBD\Root\Annotated Diseased Shrimp Images\Annotated Diseased Shrimp Images\1. BG\labels\BG-55-img-1.txt,SDBD_BG_0055,SDBD_BG_0055,2048,2048,b4c29540939567156e3f3d189c1dc2fe2bbc561899c64b23851f5083cda46413,280b834f241be6a15bd512d8f0564202863b153c688aa434ca5d25276ac73cca,c19db6326dc9b306,DUPG_00516,unique,0,0,1,,source_candidate,source_train,2026.0
SDBD_BG_e117e2efff,SDBD,,https://data.mendeley.com/datasets/jhrtdj9txm/3,10.17632/jhrtdj9txm.3,CC BY 4.0,2. BG/BG-55-img-2.jpg,BG-55-img-2.jpg,UNKNOWN_PENDING_VERIFICATION,Species pending independent provenance verification,BG,BG,1,D:\OntoShrimp_Data\ShrimpDiseaseImageBD\Root\Annotated Diseased Shrimp Images\Annotated Diseased Shrimp Images\1. BG\images\BG-55-img-2.jpg,D:\OntoShrimp_Data\ShrimpDiseaseImageBD\Root\Annotated Diseased Shrimp Images\Annotated Diseased Shrimp Images\1. BG\labels\BG-55-img-2.txt,SDBD_BG_0055,SDBD_BG_0055,2048,2048,0ccfea9be69198b603a9ac00bbe7d87d49050e6115e7f3cb026dca78aa61669d,e117e2effffa07ed8dacf3118798a1f130499886c89514ad9d4ba238bc5de8e9,c995b63261d9bb06,DUPG_00517,unique,0,0,1,,source_candidate,source_train,2026.0
SDBD_BG_8854ec2fa4,SDBD,,https://data.mendeley.com/datasets/jhrtdj9txm/3,10.17632/jhrtdj9txm.3,CC BY 4.0,2. BG/BG-55-img-3.jpg,BG-55-img-3.jpg,UNKNOWN_PENDING_VERIFICATION,Species pending independent provenance verification,BG,BG,1,D:\OntoShrimp_Data\ShrimpDiseaseImageBD\Root\Annotated Diseased Shrimp Images\Annotated Diseased Shrimp Images\1. BG\images\BG-55-img-3.jpg,D:\OntoShrimp_Data\ShrimpDiseaseImageBD\Root\Annotated Diseased Shrimp Images\Annotated Diseased Shrimp Images\1. BG\labels\BG-55-img-3.txt,SDBD_BG_0055,SDBD_BG_0055,2048,2048,25174cd613694d6bbaf9c7ad0a33a9f36c458a0bbc7ee0840a114a6a8c20fe44,8854ec2fa4c57e15aa79b6d78000bbe670c4591fb61b085eb198a3ae5abb2109,ebd4b449c3bc04d9,DUPG_00518,unique,0,0,1,,source_candidate,source_train,2026.0
SDBD_BG_8e1e8b33e4,SDBD,,https://data.mendeley.com/datasets/jhrtdj9txm/3,10.17632/jhrtdj9txm.3,CC BY 4.0,2. BG/BG-57-img-1.jpg,BG-57-img-1.jpg,UNKNOWN_PENDING_VERIFICATION,Species pending independent provenance verification,BG,BG,1,D:\OntoShrimp_Data\ShrimpDiseaseImageBD\Root\Annotated Diseased Shrimp Images\Annotated Diseased Shrimp Images\1. BG\images\BG-57-img-1.jpg,D:\OntoShrimp_Data\ShrimpDiseaseImageBD\Root\Annotated Diseased Shrimp Images\Annotated Diseased Shrimp Images\1. BG\labels\BG-57-img-1.txt,SDBD_BG_0057,SDBD_BG_0057,2048,2048,1634b63ba3a9d81c0b4424547b30ea001a01f7016a131af4d57db4f880b885b1,8e1e8b33e440ccb721d39e1d9d9cffe0071a9c895c6ad37900ee426612c52ee4,eac2952dcad62d83,DUPG_00522,unique,0,0,1,,source_candidate,source_train,2026.0
SDBD_BG_20da69d8f6,SDBD,,https://data.mendeley.com/datasets/jhrtdj9txm/3,10.17632/jhrtdj9txm.3,CC BY 4.0,2. BG/BG-6-img-1.jpg,BG-6-img-1.jpg,UNKNOWN_PENDING_VERIFICATION,Species pending independent provenance verification,BG,BG,1,D:\OntoShrimp_Data\ShrimpDiseaseImageBD\Root\Annotated Diseased Shrimp Images\Annotated Diseased Shrimp Images\1. BG\images\BG-6-img-1.jpg,D:\OntoShrimp_Data\ShrimpDiseaseImageBD\Root\Annotated Diseased Shrimp Images\Annotated Diseased Shrimp Images\1. BG\labels\BG-6-img-1.txt,SDBD_BG_0006,SDBD_BG_0006,2048,2048,20b0dec1d887b003b3fd9d517224b9641a7d67d58739395a6efb0fd9ef31210d,20da69d8f6237189db45ce8ba465c4f8acf868476d7fdb23046ca8f7dbb96c65,a7d8d0496fd288f8,DUPG_00529,unique,0,0,1,,source_candidate,source_train,2026.0
SDBD_BG_a350521a49,SDBD,,https://data.mendeley.com/datasets/jhrtdj9txm/3,10.17632/jhrtdj9txm.3,CC BY 4.0,2. BG/BG-6-img-2.jpg,BG-6-img-2.jpg,UNKNOWN_PENDING_VERIFICATION,Species pending independent provenance verification,BG,BG,1,D:\OntoShrimp_Data\ShrimpDiseaseImageBD\Root\Annotated Diseased Shrimp Images\Annotated Diseased Shrimp Images\1. BG\images\BG-6-img-2.jpg,D:\OntoShrimp_Data\ShrimpDiseaseImageBD\Root\Annotated Diseased Shrimp Images\Annotated Diseased Shrimp Images\1. BG\labels\BG-6-img-2.txt,SDBD_BG_0006,SDBD_BG_0006,2048,2048,046a8359eb4fac6dbf4f1362597a9dae9e111306461f39d18ed13c4be3a7fb95,a350521a4982818354072f1d29b1bc597f2ad9a9ba5fc1305d7050fd4e142846,fcc193e419b2c669,DUPG_00530,unique,0,0,1,,source_candidate,source_train,2026.0
SDBD_BG_e853536923,SDBD,,https://data.mendeley.com/datasets/jhrtdj9txm/3,10.17632/jhrtdj9txm.3,CC BY 4.0,2. BG/BG-6-img-3.jpg,BG-6-img-3.jpg,UNKNOWN_PENDING_VERIFICATION,Species pending independent provenance verification,BG,BG,1,D:\OntoShrimp_Data\ShrimpDiseaseImageBD\Root\Annotated Diseased Shrimp Images\Annotated Diseased Shrimp Images\1. BG\images\BG-6-img-3.jpg,D:\OntoShrimp_Data\ShrimpDiseaseImageBD\Root\Annotated Diseased Shrimp Images\Annotated Diseased Shrimp Images\1. BG\labels\BG-6-img-3.txt,SDBD_BG_0006,SDBD_BG_0006,2048,2048,617b6749ee6b40aea1a5073f43b5a2f731fa58c9f55e860b0c976058ed9f43c5,e853536923873f401c8ae7a74d96b477d8c4dc68fddfa0dce8354cf4d12994d2,b6d9cde4cb32301c,DUPG_00531,unique,0,0,1,,source_candidate,source_train,2026.0
SDBD_BG_9d9bbe3494,SDBD,,https://data.mendeley.com/datasets/jhrtdj9txm/3,10.17632/jhrtdj9txm.3,CC BY 4.0,2. BG/BG-60-img-1.jpg,BG-60-img-1.jpg,UNKNOWN_PENDING_VERIFICATION,Species pending independent provenance verification,BG,BG,1,D:\OntoShrimp_Data\ShrimpDiseaseImageBD\Root\Annotated Diseased Shrimp Images\Annotated Diseased Shrimp Images\1. BG\images\BG-60-img-1.jpg,D:\OntoShrimp_Data\ShrimpDiseaseImageBD\Root\Annotated Diseased Shrimp Images\Annotated Diseased Shrimp Images\1. BG\labels\BG-60-img-1.txt,SDBD_BG_0060,SDBD_BG_0060,2048,2048,0e90eeb8ddc434c9b6165a9631573f9eb45bd0e6445e38b3db4caac34e2fcd32,9d9bbe3494c9425cca49a7aed47cc46151755c0ad84443484be051175199ba1c,e495892a76d5b52a,DUPG_00532,unique,0,0,1,,source_candidate,source_train,2026.0
SDBD_BG_23d5bf7fe8,SDBD,,https://data.mendeley.com/datasets/jhrtdj9txm/3,10.17632/jhrtdj9txm.3,CC BY 4.0,2. BG/BG-60-img-2.jpg,BG-60-img-2.jpg,UNKNOWN_PENDING_VERIFICATION,Species pending independent provenance verification,BG,BG,1,D:\OntoShrimp_Data\ShrimpDiseaseImageBD\Root\Annotated Diseased Shrimp Images\Annotated Diseased Shrimp Images\1. BG\images\BG-60-img-2.jpg,D:\OntoShrimp_Data\ShrimpDiseaseImageBD\Root\Annotated Diseased Shrimp Images\Annotated Diseased Shrimp Images\1. BG\labels\BG-60-img-2.txt,SDBD_BG_0060,SDBD_BG_0060,2048,2048,9519bf7b97d67365e6827a7436820ed19946bf4d1a1eafe2f6946a8fce529b04,23d5bf7fe847670fed6ca17d950c2ee4054485d71f5c2d6dab6115dd7088caf2,e3c4952d7ad62589,DUPG_00533,unique,0,0,1,,source_candidate,source_train,2026.0
SDBD_BG_262e0d8a40,SDBD,,https://data.mendeley.com/datasets/jhrtdj9txm/3,10.17632/jhrtdj9txm.3,CC BY 4.0,2. BG/BG-61-img-1.jpg,BG-61-img-1.jpg,UNKNOWN_PENDING_VERIFICATION,Species pending independent provenance verification,BG,BG,1,D:\OntoShrimp_Data\ShrimpDiseaseImageBD\Root\Annotated Diseased Shrimp Images\Annotated Diseased Shrimp Images\1. BG\images\BG-61-img-1.jpg,D:\OntoShrimp_Data\ShrimpDiseaseImageBD\Root\Annotated Diseased Shrimp Images\Annotated Diseased Shrimp Images\1. BG\labels\BG-61-img-1.txt,SDBD_BG_0061,SDBD_BG_0061,2048,2048,38c80c04ab163b5759071181a4be5e9305ce739ebef47c311a8da2f8acfe9941,262e0d8a4048a662472aa14250e2c483980f7b60923fcb269ec83bd372dd91d2,ebcc95ea302795d0,DUPG_00534,unique,0,0,1,,source_candidate,source_train,2026.0
SDBD_BG_df5b80de17,SDBD,,https://data.mendeley.com/datasets/jhrtdj9txm/3,10.17632/jhrtdj9txm.3,CC BY 4.0,2. BG/BG-61-img-2.jpg,BG-61-img-2.jpg,UNKNOWN_PENDING_VERIFICATION,Species pending independent provenance verification,BG,BG,1,D:\OntoShrimp_Data\ShrimpDiseaseImageBD\Root\Annotated Diseased Shrimp Images\Annotated Diseased Shrimp Images\1. BG\images\BG-61-img-2.jpg,D:\OntoShrimp_Data\ShrimpDiseaseImageBD\Root\Annotated Diseased Shrimp Images\Annotated Diseased Shrimp Images\1. BG\labels\BG-61-img-2.txt,SDBD_BG_0061,SDBD_BG_0061,2048,2048,f37f99753e5c4844680bbd218d11ba58d5fc47aeeab9b5207ecf0982c2d8a1db,df5b80de17f4cf067cb443f9b1f9a2c706f88b9dcf38438797144e2a4fb95bbe,f29097d0202f9fda,DUPG_00535,unique,0,0,1,,source_candidate,source_train,2026.0
SDBD_BG_c768395213,SDBD,,https://data.mendeley.com/datasets/jhrtdj9txm/3,10.17632/jhrtdj9txm.3,CC BY 4.0,2. BG/BG-61-img-3.jpg,BG-61-img-3.jpg,UNKNOWN_PENDING_VERIFICATION,Species pending independent provenance verification,BG,BG,1,D:\OntoShrimp_Data\ShrimpDiseaseImageBD\Root\Annotated Diseased Shrimp Images\Annotated Diseased Shrimp Images\1. BG\images\BG-61-img-3.jpg,D:\OntoShrimp_Data\ShrimpDiseaseImageBD\Root\Annotated Diseased Shrimp Images\Annotated Diseased Shrimp Images\1. BG\labels\BG-61-img-3.txt,SDBD_BG_0061,SDBD_BG_0061,2048,2048,5f2133602af88469ab6a61e16511302dc5003451bebcfb5321976f950b8740e6,c768395213e248c12d228cab30d0cf4b24ab128c7e120a5cc51437c52f22ea44,fae195302eadd05a,DUPG_00536,unique,0,0,1,,source_candidate,source_train,2026.0
SDBD_BG_623a0fca23,SDBD,,https://data.mendeley.com/datasets/jhrtdj9txm/3,10.17632/jhrtdj9txm.3,CC BY 4.0,2. BG/BG-63-img-1.jpg,BG-63-img-1.jpg,UNKNOWN_PENDING_VERIFICATION,Species pending independent provenance verification,BG,BG,1,D:\OntoShrimp_Data\ShrimpDiseaseImageBD\Root\Annotated Diseased Shrimp Images\Annotated Diseased Shrimp Images\1. BG\images\BG-63-img-1.jpg,D:\OntoShrimp_Data\ShrimpDiseaseImageBD\Root\Annotated Diseased Shrimp Images\Annotated Diseased Shrimp Images\1. BG\labels\BG-63-img-1.txt,SDBD_BG_0063,SDBD_BG_0063,2048,2048,17c214f76649058e835e840bba4b917a541dfd3228636fa8924a7754a8af252e,623a0fca237743467db0e6bd5ddab831a2aa97891d9e95e0da66f98d28910d02,e462b69999ac9366,DUPG_00540,unique,0,0,1,,source_candidate,source_train,2026.0
SDBD_BG_cd77b65d09,SDBD,,https://data.mendeley.com/datasets/jhrtdj9txm/3,10.17632/jhrtdj9txm.3,CC BY 4.0,2. BG/BG-63-img-2.jpg,BG-63-img-2.jpg,UNKNOWN_PENDING_VERIFICATION,Species pending independent provenance verification,BG,BG,1,D:\OntoShrimp_Data\ShrimpDiseaseImageBD\Root\Annotated Diseased Shrimp Images\Annotated Diseased Shrimp Images\1. BG\images\BG-63-img-2.jpg,D:\OntoShrimp_Data\ShrimpDiseaseImageBD\Root\Annotated Diseased Shrimp Images\Annotated Diseased Shrimp Images\1. BG\labels\BG-63-img-2.txt,SDBD_BG_0063,SDBD_BG_0063,2048,2048,cc6ececa0a92b264e8bac604191182eaf9aea59973e69cf0a3ed62a0392cf28c,cd77b65d09db9b29f6c4b2a32eb994433a2b8d7b8abe434b7b38368d8b49758d,e673b3c9cc049366,DUPG_00541,unique,0,0,1,,source_candidate,source_train,2026.0
SDBD_BG_4d6a49a1ec,SDBD,,https://data.mendeley.com/datasets/jhrtdj9txm/3,10.17632/jhrtdj9txm.3,CC BY 4.0,2. BG/BG-65-img-1.jpg,BG-65-img-1.jpg,UNKNOWN_PENDING_VERIFICATION,Species pending independent provenance verification,BG,BG,1,D:\OntoShrimp_Data\ShrimpDiseaseImageBD\Root\Annotated Diseased Shrimp Images\Annotated Diseased Shrimp Images\1. BG\images\BG-65-img-1.jpg,D:\OntoShrimp_Data\ShrimpDiseaseImageBD\Root\Annotated Diseased Shrimp Images\Annotated Diseased Shrimp Images\1. BG\labels\BG-65-img-1.txt,SDBD_BG_0065,SDBD_BG_0065,2048,2048,7ea382440cf9eacb9d9304b5c000c7e3026b6a6ae7b8c850761fd6f60cf5e482,4d6a49a1ec2ab21a218f3a3414391897a7ad732f3e63420419dc4bc4bf2254fa,fac59562c9957289,DUPG_00545,unique,0,0,1,,source_candidate,source_train,2026.0
SDBD_BG_fbc3563b78,SDBD,,https://data.mendeley.com/datasets/jhrtdj9txm/3,10.17632/jhrtdj9txm.3,CC BY 4.0,2. BG/BG-66-img-1.jpg,BG-66-img-1.jpg,UNKNOWN_PENDING_VERIFICATION,Species pending independent provenance verification,BG,BG,1,D:\OntoShrimp_Data\ShrimpDiseaseImageBD\Root\Annotated Diseased Shrimp Images\Annotated Diseased Shrimp Images\1. BG\images\BG-66-img-1.jpg,D:\OntoShrimp_Data\ShrimpDiseaseImageBD\Root\Annotated Diseased Shrimp Images\Annotated Diseased Shrimp Images\1. BG\labels\BG-66-img-1.txt,SDBD_BG_0066,SDBD_BG_0066,2048,2048,caef8cb1d4f7fe8fea84df2c3b08e20acf7123e57f7f2067dd3e2e21187bf1ab,fbc3563b78a864ab5c8e2fb22e9716f7065b81d31887ac89b929db46f29093bd,eac5954a29f5960d,DUPG_00546,unique,0,0,1,,source_candidate,source_train,2026.0
SDBD_BG_3ea12d97e6,SDBD,,https://data.mendeley.com/datasets/jhrtdj9txm/3,10.17632/jhrtdj9txm.3,CC BY 4.0,2. BG/BG-66-img-2.jpg,BG-66-img-2.jpg,UNKNOWN_PENDING_VERIFICATION,Species pending independent provenance verification,BG,BG,1,D:\OntoShrimp_Data\ShrimpDiseaseImageBD\Root\Annotated Diseased Shrimp Images\Annotated Diseased Shrimp Images\1. BG\images\BG-66-img-2.jpg,D:\OntoShrimp_Data\ShrimpDiseaseImageBD\Root\Annotated Diseased Shrimp Images\Annotated Diseased Shrimp Images\1. BG\labels\BG-66-img-2.txt,SDBD_BG_0066,SDBD_BG_0066,2048,2048,d383dd72108675bd2ab92cf4afb4006732e9d7867594a6ac13fda04f129c31db,3ea12d97e66e0ca8960016b3f1806a5bde4c92a373865c7f09e8afd9e0846500,eac5952a2dd51a2d,DUPG_00547,unique,0,0,1,,source_candidate,source_train,2026.0
SDBD_BG_f2b95023b9,SDBD,,https://data.mendeley.com/datasets/jhrtdj9txm/3,10.17632/jhrtdj9txm.3,CC BY 4.0,2. BG/BG-66-img-3.jpg,BG-66-img-3.jpg,UNKNOWN_PENDING_VERIFICATION,Species pending independent provenance verification,BG,BG,1,D:\OntoShrimp_Data\ShrimpDiseaseImageBD\Root\Annotated Diseased Shrimp Images\Annotated Diseased Shrimp Images\1. BG\images\BG-66-img-3.jpg,D:\OntoShrimp_Data\ShrimpDiseaseImageBD\Root\Annotated Diseased Shrimp Images\Annotated Diseased Shrimp Images\1. BG\labels\BG-66-img-3.txt,SDBD_BG_0066,SDBD_BG_0066,2048,2048,63192e577f3cc8139d0b59514773a8a53100dece894f7ab295d9bdf23b7439fe,f2b95023b9a5666d422703ba0e13f84f3cbfe8169938151ababb3c3012babbe8,e28d95522bedd60a,DUPG_00548,unique,0,0,1,,source_candidate,source_train,2026.0
SDBD_BG_05b1476369,SDBD,,https://data.mendeley.com/datasets/jhrtdj9txm/3,10.17632/jhrtdj9txm.3,CC BY 4.0,2. BG/BG-67-img-1.jpg,BG-67-img-1.jpg,UNKNOWN_PENDING_VERIFICATION,Species pending independent provenance verification,BG,BG,1,D:\OntoShrimp_Data\ShrimpDiseaseImageBD\Root\Annotated Diseased Shrimp Images\Annotated Diseased Shrimp Images\1. BG\images\BG-67-img-1.jpg,D:\OntoShrimp_Data\ShrimpDiseaseImageBD\Root\Annotated Diseased Shrimp Images\Annotated Diseased Shrimp Images\1. BG\labels\BG-67-img-1.txt,SDBD_BG_0067,SDBD_BG_0067,2048,2048,6c5bfe34ef47ee4004c57fa7a18d374d2f34bbd92820e37a2bd500cb7f989eae,05b14763696dd21057e5c9ee8689096a8c410e7642fdde17364cece042e65238,edd0932f70c39ea0,DUPG_00549,unique,0,0,1,,source_candidate,source_train,2026.0
SDBD_BG_ed75d71121,SDBD,,https://data.mendeley.com/datasets/jhrtdj9txm/3,10.17632/jhrtdj9txm.3,CC BY 4.0,2. BG/BG-67-img-2.jpg,BG-67-img-2.jpg,UNKNOWN_PENDING_VERIFICATION,Species pending independent provenance verification,BG,BG,1,D:\OntoShrimp_Data\ShrimpDiseaseImageBD\Root\Annotated Diseased Shrimp Images\Annotated Diseased Shrimp Images\1. BG\images\BG-67-img-2.jpg,D:\OntoShrimp_Data\ShrimpDiseaseImageBD\Root\Annotated Diseased Shrimp Images\Annotated Diseased Shrimp Images\1. BG\labels\BG-67-img-2.txt,SDBD_BG_0067,SDBD_BG_0067,2048,2048,82fdb7db672454e4266a6eb6d6c22c6dbd3c97aa9da697fd32b91bf05378d270,ed75d7112125f010e70446426e1ee0680b9510a65a195ced5d1379a7adfb9595,cbb0b40f787007fc,DUPG_00550,unique,0,0,1,,source_candidate,source_train,2026.0
SDBD_BG_fb15a2b1a5,SDBD,,https://data.mendeley.com/datasets/jhrtdj9txm/3,10.17632/jhrtdj9txm.3,CC BY 4.0,2. BG/BG-67-img-3.jpg,BG-67-img-3.jpg,UNKNOWN_PENDING_VERIFICATION,Species pending independent provenance verification,BG,BG,1,D:\OntoShrimp_Data\ShrimpDiseaseImageBD\Root\Annotated Diseased Shrimp Images\Annotated Diseased Shrimp Images\1. BG\images\BG-67-img-3.jpg,D:\OntoShrimp_Data\ShrimpDiseaseImageBD\Root\Annotated Diseased Shrimp Images\Annotated Diseased Shrimp Images\1. BG\labels\BG-67-img-3.txt,SDBD_BG_0067,SDBD_BG_0067,2048,2048,8f6d894354df4814a25cfebc20697a2bc29f6e60619f03c6a25bb2b63479f40b,fb15a2b1a5c60a7c6390fa394fdcf2e9cd7cde7b724bb3cc9071a8e2d047860e,efc09768c29fa04b,DUPG_00551,unique,0,0,1,,source_candidate,source_train,2026.0
SDBD_BG_234b00e1e0,SDBD,,https://data.mendeley.com/datasets/jhrtdj9txm/3,10.17632/jhrtdj9txm.3,CC BY 4.0,2. BG/BG-69-img-1.jpg,BG-69-img-1.jpg,UNKNOWN_PENDING_VERIFICATION,Species pending independent provenance verification,BG,BG,1,D:\OntoShrimp_Data\ShrimpDiseaseImageBD\Root\Annotated Diseased Shrimp Images\Annotated Diseased Shrimp Images\1. BG\images\BG-69-img-1.jpg,D:\OntoShrimp_Data\ShrimpDiseaseImageBD\Root\Annotated Diseased Shrimp Images\Annotated Diseased Shrimp Images\1. BG\labels\BG-69-img-1.txt,SDBD_BG_0069,SDBD_BG_0069,2048,2048,e270d528c5ecff6b3e0a4a92d09ae5442642a0880fede55a086cf2edcc2dae73,234b00e1e07a75d6194c7785697263cb1dc3599772278ca9078940622bbce91e,cbc696834f7cb083,DUPG_00555,unique,0,0,1,,source_candidate,source_train,2026.0
SDBD_BG_2c323a68cf,SDBD,,https://data.mendeley.com/datasets/jhrtdj9txm/3,10.17632/jhrtdj9txm.3,CC BY 4.0,2. BG/BG-69-img-2.jpg,BG-69-img-2.jpg,UNKNOWN_PENDING_VERIFICATION,Species pending independent provenance verification,BG,BG,1,D:\OntoShrimp_Data\ShrimpDiseaseImageBD\Root\Annotated Diseased Shrimp Images\Annotated Diseased Shrimp Images\1. BG\images\BG-69-img-2.jpg,D:\OntoShrimp_Data\ShrimpDiseaseImageBD\Root\Annotated Diseased Shrimp Images\Annotated Diseased Shrimp Images\1. BG\labels\BG-69-img-2.txt,SDBD_BG_0069,SDBD_BG_0069,2048,2048,587f271bac8d94171bcd3d465ae513f6226b6ec662876ec8f6b9266c38605cd3,2c323a68cf89a3087288378a232ddd2fee441f6c77dcc65afe4fbb4f21db60df,dbccb6800b5ffc20,DUPG_00556,unique,0,0,1,,source_candidate,source_train,2026.0
SDBD_BG_aa40ace7eb,SDBD,,https://data.mendeley.com/datasets/jhrtdj9txm/3,10.17632/jhrtdj9txm.3,CC BY 4.0,2. BG/BG-69-img-3.jpg,BG-69-img-3.jpg,UNKNOWN_PENDING_VERIFICATION,Species pending independent provenance verification,BG,BG,1,D:\OntoShrimp_Data\ShrimpDiseaseImageBD\Root\Annotated Diseased Shrimp Images\Annotated Diseased Shrimp Images\1. BG\images\BG-69-img-3.jpg,D:\OntoShrimp_Data\ShrimpDiseaseImageBD\Root\Annotated Diseased Shrimp Images\Annotated Diseased Shrimp Images\1. BG\labels\BG-69-img-3.txt,SDBD_BG_0069,SDBD_BG_0069,2048,2048,61df8c8eef69bf3c7591f3e020edd7c8b6137e38ca4deeadb562bcc68fd322c7,aa40ace7eb920b2948f0b0e5d412187d8e4594372c94ddcc62b9a4f425d58720,e3c4940b7eb083de,DUPG_00557,unique,0,0,1,,source_candidate,source_train,2026.0
SDBD_BG_6db158dfa1,SDBD,,https://data.mendeley.com/datasets/jhrtdj9txm/3,10.17632/jhrtdj9txm.3,CC BY 4.0,2. BG/BG-7-img-1.jpg,BG-7-img-1.jpg,UNKNOWN_PENDING_VERIFICATION,Species pending independent provenance verification,BG,BG,1,D:\OntoShrimp_Data\ShrimpDiseaseImageBD\Root\Annotated Diseased Shrimp Images\Annotated Diseased Shrimp Images\1. BG\images\BG-7-img-1.jpg,D:\OntoShrimp_Data\ShrimpDiseaseImageBD\Root\Annotated Diseased Shrimp Images\Annotated Diseased Shrimp Images\1. BG\labels\BG-7-img-1.txt,SDBD_BG_0007,SDBD_BG_0007,2048,2048,3dfb8000a5156956fec2e8bc094c1c0593ccf6f062aca4178dc1274a9387dd04,6db158dfa1e3f39af7d0868ec3ed3f2e7288b0341dc353b80c1821c8ae29642c,a85a4b4656385de7,DUPG_00558,unique,0,0,1,,source_candidate,source_train,2026.0
SDBD_BG_b6555e13c8,SDBD,,https://data.mendeley.com/datasets/jhrtdj9txm/3,10.17632/jhrtdj9txm.3,CC BY 4.0,2. BG/BG-7-img-2.jpg,BG-7-img-2.jpg,UNKNOWN_PENDING_VERIFICATION,Species pending independent provenance verification,BG,BG,1,D:\OntoShrimp_Data\ShrimpDiseaseImageBD\Root\Annotated Diseased Shrimp Images\Annotated Diseased Shrimp Images\1. BG\images\BG-7-img-2.jpg,D:\OntoShrimp_Data\ShrimpDiseaseImageBD\Root\Annotated Diseased Shrimp Images\Annotated Diseased Shrimp Images\1. BG\labels\BG-7-img-2.txt,SDBD_BG_0007,SDBD_BG_0007,2048,2048,aee048e6bb3a8bfef94face2a61c1bb7fb7cdef4f7a79e0e4b7eea016de6d5e3,b6555e13c824e12acca3361f757f5bed3c327f2a19b0632b22b4a9c6e0b7f581,aa0bcb465931c7c7,DUPG_00559,unique,0,0,1,,source_candidate,source_train,2026.0
SDBD_BG_ff8ee35311,SDBD,,https://data.mendeley.com/datasets/jhrtdj9txm/3,10.17632/jhrtdj9txm.3,CC BY 4.0,2. BG/BG-7-img-3.jpg,BG-7-img-3.jpg,UNKNOWN_PENDING_VERIFICATION,Species pending independent provenance verification,BG,BG,1,D:\OntoShrimp_Data\ShrimpDiseaseImageBD\Root\Annotated Diseased Shrimp Images\Annotated Diseased Shrimp Images\1. BG\images\BG-7-img-3.jpg,D:\OntoShrimp_Data\ShrimpDiseaseImageBD\Root\Annotated Diseased Shrimp Images\Annotated Diseased Shrimp Images\1. BG\labels\BG-7-img-3.txt,SDBD_BG_0007,SDBD_BG_0007,2048,2048,5e5fa67c9594f1837c2deda9d4eaca1823d294dcb7a299198aed9fe5c1afcfb5,ff8ee3531164fcd5fa271c4829a5af73bb83f565c3cb632e779daba279f69306,a83acb4e523175c7,DUPG_00560,unique,0,0,1,,source_candidate,source_train,2026.0
SDBD_BG_a7ec183fb4,SDBD,,https://data.mendeley.com/datasets/jhrtdj9txm/3,10.17632/jhrtdj9txm.3,CC BY 4.0,2. BG/BG-70-img-1.jpg,BG-70-img-1.jpg,UNKNOWN_PENDING_VERIFICATION,Species pending independent provenance verification,BG,BG,1,D:\OntoShrimp_Data\ShrimpDiseaseImageBD\Root\Annotated Diseased Shrimp Images\Annotated Diseased Shrimp Images\1. BG\images\BG-70-img-1.jpg,D:\OntoShrimp_Data\ShrimpDiseaseImageBD\Root\Annotated Diseased Shrimp Images\Annotated Diseased Shrimp Images\1. BG\labels\BG-70-img-1.txt,SDBD_BG_0070,SDBD_BG_0070,2048,2048,35ac2996d8b55730ad0a2669be729cccd4301f7117858114a883d9ed66884dc6,a7ec183fb460555fa4c5847b6d8858ef46ce557b650307bcccaa194dba864f8b,fbc794e0689f8740,DUPG_00561,unique,0,0,1,,source_candidate,source_train,2026.0
SDBD_BG_0987b064dc,SDBD,,https://data.mendeley.com/datasets/jhrtdj9txm/3,10.17632/jhrtdj9txm.3,CC BY 4.0,2. BG/BG-70-img-2.jpg,BG-70-img-2.jpg,UNKNOWN_PENDING_VERIFICATION,Species pending independent provenance verification,BG,BG,1,D:\OntoShrimp_Data\ShrimpDiseaseImageBD\Root\Annotated Diseased Shrimp Images\Annotated Diseased Shrimp Images\1. BG\images\BG-70-img-2.jpg,D:\OntoShrimp_Data\ShrimpDiseaseImageBD\Root\Annotated Diseased Shrimp Images\Annotated Diseased Shrimp Images\1. BG\labels\BG-70-img-2.txt,SDBD_BG_0070,SDBD_BG_0070,2048,2048,b24f192655f0f15541c6cda25317a82665bbd1ebdb2c178be4239375e184d4c5,0987b064dc4ee89535a1bd2a870d1cc463034bb23b103a26e8b9f309f76bcc74,fbc794e058be0741,DUPG_00562,unique,0,0,1,,source_candidate,source_train,2026.0
SDBD_BG_810b71301c,SDBD,,https://data.mendeley.com/datasets/jhrtdj9txm/3,10.17632/jhrtdj9txm.3,CC BY 4.0,2. BG/BG-70-img-3.jpg,BG-70-img-3.jpg,UNKNOWN_PENDING_VERIFICATION,Species pending independent provenance verification,BG,BG,1,D:\OntoShrimp_Data\ShrimpDiseaseImageBD\Root\Annotated Diseased Shrimp Images\Annotated Diseased Shrimp Images\1. BG\images\BG-70-img-3.jpg,D:\OntoShrimp_Data\ShrimpDiseaseImageBD\Root\Annotated Diseased Shrimp Images\Annotated Diseased Shrimp Images\1. BG\labels\BG-70-img-3.txt,SDBD_BG_0070,SDBD_BG_0070,2048,2048,2417ac4eb6e3ca464271718282f359bcdb13d8049c7c6a1d15237090d839b105,810b71301c9380a7e2050226a14b5a9d722a4f4162258f54f25bfb8ea1a9d47f,cb8186d4787c9d33,DUPG_00563,unique,0,0,1,,source_candidate,source_train,2026.0
SDBD_BG_a7caa8aba8,SDBD,,https://data.mendeley.com/datasets/jhrtdj9txm/3,10.17632/jhrtdj9txm.3,CC BY 4.0,2. BG/BG-72-img-1.jpg,BG-72-img-1.jpg,UNKNOWN_PENDING_VERIFICATION,Species pending independent provenance verification,BG,BG,1,D:\OntoShrimp_Data\ShrimpDiseaseImageBD\Root\Annotated Diseased Shrimp Images\Annotated Diseased Shrimp Images\1. BG\images\BG-72-img-1.jpg,D:\OntoShrimp_Data\ShrimpDiseaseImageBD\Root\Annotated Diseased Shrimp Images\Annotated Diseased Shrimp Images\1. BG\labels\BG-72-img-1.txt,SDBD_BG_0072,SDBD_BG_0072,2048,2048,701dd215f2760406db52ea2841095ecabb87cbe9d28fffb4a889302e24162a31,a7caa8aba8f60838b3cdd23e8ce51dc7c8fdb839dff38d3f746590e3bb7afde7,e66c399b89338c33,DUPG_00567,unique,0,0,1,,source_candidate,source_train,2026.0
SDBD_BG_b90372b6eb,SDBD,,https://data.mendeley.com/datasets/jhrtdj9txm/3,10.17632/jhrtdj9txm.3,CC BY 4.0,2. BG/BG-72-img-2.jpg,BG-72-img-2.jpg,UNKNOWN_PENDING_VERIFICATION,Species pending independent provenance verification,BG,BG,1,D:\OntoShrimp_Data\ShrimpDiseaseImageBD\Root\Annotated Diseased Shrimp Images\Annotated Diseased Shrimp Images\1. BG\images\BG-72-img-2.jpg,D:\OntoShrimp_Data\ShrimpDiseaseImageBD\Root\Annotated Diseased Shrimp Images\Annotated Diseased Shrimp Images\1. BG\labels\BG-72-img-2.txt,SDBD_BG_0072,SDBD_BG_0072,2048,2048,c420ed68ee21a0d43778f13b80edc740d412427039e16455f93533f34207489e,b90372b6eb21f308504aab9d9baba142bd1b39519d2b81ab8aac2431f399dbd4,e46db3989b360c36,DUPG_00568,unique,0,0,1,,source_candidate,source_train,2026.0
SDBD_BG_6a901eddde,SDBD,,https://data.mendeley.com/datasets/jhrtdj9txm/3,10.17632/jhrtdj9txm.3,CC BY 4.0,2. BG/BG-72-img-3.jpg,BG-72-img-3.jpg,UNKNOWN_PENDING_VERIFICATION,Species pending independent provenance verification,BG,BG,1,D:\OntoShrimp_Data\ShrimpDiseaseImageBD\Root\Annotated Diseased Shrimp Images\Annotated Diseased Shrimp Images\1. BG\images\BG-72-img-3.jpg,D:\OntoShrimp_Data\ShrimpDiseaseImageBD\Root\Annotated Diseased Shrimp Images\Annotated Diseased Shrimp Images\1. BG\labels\BG-72-img-3.txt,SDBD_BG_0072,SDBD_BG_0072,2048,2048,24358501acc6a4a939402cbc196217a45b778b9fc037b2556f18102181facd40,6a901eddded255c75da859e8808ca3b395cb8263c9380584131cb15b2032ff49,e62c93cc9993cc33,DUPG_00569,unique,0,0,1,,source_candidate,source_train,2026.0
SDBD_BG_ff51d61918,SDBD,,https://data.mendeley.com/datasets/jhrtdj9txm/3,10.17632/jhrtdj9txm.3,CC BY 4.0,2. BG/BG-73-img-1.jpg,BG-73-img-1.jpg,UNKNOWN_PENDING_VERIFICATION,Species pending independent provenance verification,BG,BG,1,D:\OntoShrimp_Data\ShrimpDiseaseImageBD\Root\Annotated Diseased Shrimp Images\Annotated Diseased Shrimp Images\1. BG\images\BG-73-img-1.jpg,D:\OntoShrimp_Data\ShrimpDiseaseImageBD\Root\Annotated Diseased Shrimp Images\Annotated Diseased Shrimp Images\1. BG\labels\BG-73-img-1.txt,SDBD_BG_0073,SDBD_BG_0073,2048,2048,2b8dc42d7dae91b7dcaa4b5b9e507781c98c5eba418433b15345bbd785e92b96,ff51d619189e1ebb8711b2a2a5d2136e634d52703712efc184dc083ea552b96f,ebc0900778f0877f,DUPG_00570,unique,0,0,1,,source_candidate,source_train,2026.0
SDBD_BG_2fb7b65bf0,SDBD,,https://data.mendeley.com/datasets/jhrtdj9txm/3,10.17632/jhrtdj9txm.3,CC BY 4.0,2. BG/BG-73-img-2.jpg,BG-73-img-2.jpg,UNKNOWN_PENDING_VERIFICATION,Species pending independent provenance verification,BG,BG,1,D:\OntoShrimp_Data\ShrimpDiseaseImageBD\Root\Annotated Diseased Shrimp Images\Annotated Diseased Shrimp Images\1. BG\images\BG-73-img-2.jpg,D:\OntoShrimp_Data\ShrimpDiseaseImageBD\Root\Annotated Diseased Shrimp Images\Annotated Diseased Shrimp Images\1. BG\labels\BG-73-img-2.txt,SDBD_BG_0073,SDBD_BG_0073,2048,2048,42dc0be8659bea2ad96c0c18dc0d9009f75813456af1fff3ebd7d302ceeffad5,2fb7b65bf08190db341f99640ed14d7edf06a1c460041d38508590a4abbba265,f9e896816e788395,DUPG_00571,unique,0,0,1,,source_candidate,source_train,2026.0
SDBD_BG_90a822a988,SDBD,,https://data.mendeley.com/datasets/jhrtdj9txm/3,10.17632/jhrtdj9txm.3,CC BY 4.0,2. BG/BG-73-img-3.jpg,BG-73-img-3.jpg,UNKNOWN_PENDING_VERIFICATION,Species pending independent provenance verification,BG,BG,1,D:\OntoShrimp_Data\ShrimpDiseaseImageBD\Root\Annotated Diseased Shrimp Images\Annotated Diseased Shrimp Images\1. BG\images\BG-73-img-3.jpg,D:\OntoShrimp_Data\ShrimpDiseaseImageBD\Root\Annotated Diseased Shrimp Images\Annotated Diseased Shrimp Images\1. BG\labels\BG-73-img-3.txt,SDBD_BG_0073,SDBD_BG_0073,2048,2048,1a78526deb6b75ce2b07bbd486287d149eb574b92875f80f9cd324d5a09c3ccb,90a822a988cda394b0b3ff3242e639d38303416595be45ecb47008907688c338,cbdfb484077f7800,DUPG_00572,unique,0,0,1,,source_candidate,source_train,2026.0
SDBD_BG_1a5cdcc4b0,SDBD,,https://data.mendeley.com/datasets/jhrtdj9txm/3,10.17632/jhrtdj9txm.3,CC BY 4.0,2. BG/BG-74-img-1.jpg,BG-74-img-1.jpg,UNKNOWN_PENDING_VERIFICATION,Species pending independent provenance verification,BG,BG,1,D:\OntoShrimp_Data\ShrimpDiseaseImageBD\Root\Annotated Diseased Shrimp Images\Annotated Diseased Shrimp Images\1. BG\images\BG-74-img-1.jpg,D:\OntoShrimp_Data\ShrimpDiseaseImageBD\Root\Annotated Diseased Shrimp Images\Annotated Diseased Shrimp Images\1. BG\labels\BG-74-img-1.txt,SDBD_BG_0074,SDBD_BG_0074,2048,2048,79762c631610282954e3c98ad13b66bd377945a1bbee485bdd3d4474a5f65a59,1a5cdcc4b045e54b789c2925456e039f6bfb16e02df04055f19187d7920feb92,f673269a98259b64,DUPG_00573,unique,0,0,1,,source_candidate,source_train,2026.0
SDBD_BG_428ab42f8d,SDBD,,https://data.mendeley.com/datasets/jhrtdj9txm/3,10.17632/jhrtdj9txm.3,CC BY 4.0,2. BG/BG-74-img-2.jpg,BG-74-img-2.jpg,UNKNOWN_PENDING_VERIFICATION,Species pending independent provenance verification,BG,BG,1,D:\OntoShrimp_Data\ShrimpDiseaseImageBD\Root\Annotated Diseased Shrimp Images\Annotated Diseased Shrimp Images\1. BG\images\BG-74-img-2.jpg,D:\OntoShrimp_Data\ShrimpDiseaseImageBD\Root\Annotated Diseased Shrimp Images\Annotated Diseased Shrimp Images\1. BG\labels\BG-74-img-2.txt,SDBD_BG_0074,SDBD_BG_0074,2048,2048,3acfb2ebfac8bef30c880d6e8c2b1e1b652780deca04e1cbb8a06e940c848545,428ab42f8d44111e4a64703786c66e64c2ab48bbd32c2ebaf300d286f459d7b0,f279279b8c319926,DUPG_00574,unique,0,0,1,,source_candidate,source_train,2026.0
SDBD_BG_a3f1a51ce0,SDBD,,https://data.mendeley.com/datasets/jhrtdj9txm/3,10.17632/jhrtdj9txm.3,CC BY 4.0,2. BG/BG-74-img-3.jpg,BG-74-img-3.jpg,UNKNOWN_PENDING_VERIFICATION,Species pending independent provenance verification,BG,BG,1,D:\OntoShrimp_Data\ShrimpDiseaseImageBD\Root\Annotated Diseased Shrimp Images\Annotated Diseased Shrimp Images\1. BG\images\BG-74-img-3.jpg,D:\OntoShrimp_Data\ShrimpDiseaseImageBD\Root\Annotated Diseased Shrimp Images\Annotated Diseased Shrimp Images\1. BG\labels\BG-74-img-3.txt,SDBD_BG_0074,SDBD_BG_0074,2048,2048,f0a079bfd194b272f395cb02a01217f3333496590349402e037d5899383e9b7a,a3f1a51ce03276b4d6aacc5ae566208029f5e0d8b2f85ddfd52ae9c73bc8559f,f3734c9969338c61,DUPG_00575,unique,0,0,1,,source_candidate,source_train,2026.0
SDBD_BG_51a9a582f5,SDBD,,https://data.mendeley.com/datasets/jhrtdj9txm/3,10.17632/jhrtdj9txm.3,CC BY 4.0,2. BG/BG-8-img-1.jpg,BG-8-img-1.jpg,UNKNOWN_PENDING_VERIFICATION,Species pending independent provenance verification,BG,BG,1,D:\OntoShrimp_Data\ShrimpDiseaseImageBD\Root\Annotated Diseased Shrimp Images\Annotated Diseased Shrimp Images\1. BG\images\BG-8-img-1.jpg,D:\OntoShrimp_Data\ShrimpDiseaseImageBD\Root\Annotated Diseased Shrimp Images\Annotated Diseased Shrimp Images\1. BG\labels\BG-8-img-1.txt,SDBD_BG_0008,SDBD_BG_0008,2048,2048,7da290c88a112d0c2d1e4151b2af0f096f5476de5460e8cb545a222f5d5686cb,51a9a582f5c6792e00f38c5eef8bef8058eb22c4abb1b39d9b54acb635d2de06,a8d157ac9c637193,DUPG_00578,unique,0,0,1,,source_candidate,source_train,2026.0
SDBD_BG_2667318543,SDBD,,https://data.mendeley.com/datasets/jhrtdj9txm/3,10.17632/jhrtdj9txm.3,CC BY 4.0,2. BG/BG-8-img-2.jpg,BG-8-img-2.jpg,UNKNOWN_PENDING_VERIFICATION,Species pending independent provenance verification,BG,BG,1,D:\OntoShrimp_Data\ShrimpDiseaseImageBD\Root\Annotated Diseased Shrimp Images\Annotated Diseased Shrimp Images\1. BG\images\BG-8-img-2.jpg,D:\OntoShrimp_Data\ShrimpDiseaseImageBD\Root\Annotated Diseased Shrimp Images\Annotated Diseased Shrimp Images\1. BG\labels\BG-8-img-2.txt,SDBD_BG_0008,SDBD_BG_0008,2048,2048,ea11b2854cbdaf8e7aa6c4e0e2ec20148297ca80dda995d3843c0c2d641dfc4f,26673185436293339fbdebb4325bb0f4903aacd40a969dbbb6189c3d30fa77f1,a653956c4eb36549,DUPG_00579,unique,0,0,1,,source_candidate,source_train,2026.0
SDBD_BG_dc09f2f39b,SDBD,,https://data.mendeley.com/datasets/jhrtdj9txm/3,10.17632/jhrtdj9txm.3,CC BY 4.0,2. BG/BG-8-img-3.jpg,BG-8-img-3.jpg,UNKNOWN_PENDING_VERIFICATION,Species pending independent provenance verification,BG,BG,1,D:\OntoShrimp_Data\ShrimpDiseaseImageBD\Root\Annotated Diseased Shrimp Images\Annotated Diseased Shrimp Images\1. BG\images\BG-8-img-3.jpg,D:\OntoShrimp_Data\ShrimpDiseaseImageBD\Root\Annotated Diseased Shrimp Images\Annotated Diseased Shrimp Images\1. BG\labels\BG-8-img-3.txt,SDBD_BG_0008,SDBD_BG_0008,2048,2048,699e39bd32de7f80956a5a6af0a1445b73a194ce8c7b2e46aa524e7d7405648b,dc09f2f39b4f6058ea0ac61249b460c9f83a571823daaab3b95275583e1e9bfc,b68549394cce7273,DUPG_00580,unique,0,0,1,,source_candidate,source_train,2026.0
SDBD_BG_b4daaa3568,SDBD,,https://data.mendeley.com/datasets/jhrtdj9txm/3,10.17632/jhrtdj9txm.3,CC BY 4.0,2. BG/BG-9-img-1.jpg,BG-9-img-1.jpg,UNKNOWN_PENDING_VERIFICATION,Species pending independent provenance verification,BG,BG,1,D:\OntoShrimp_Data\ShrimpDiseaseImageBD\Root\Annotated Diseased Shrimp Images\Annotated Diseased Shrimp Images\1. BG\images\BG-9-img-1.jpg,D:\OntoShrimp_Data\ShrimpDiseaseImageBD\Root\Annotated Diseased Shrimp Images\Annotated Diseased Shrimp Images\1. BG\labels\BG-9-img-1.txt,SDBD_BG_0009,SDBD_BG_0009,2048,2048,22286380dacf95180bfe506b0e5bc090f972f4ef5a6ff4263b4a6354a50fa882,b4daaa3568243c233337991ea0f84a87689ae24d31b9a905322bd4f43dca013c,a8d623b54e3a99a5,DUPG_00581,unique,0,0,1,,source_candidate,source_train,2026.0
SDBD_BG_989c02919f,SDBD,,https://data.mendeley.com/datasets/jhrtdj9txm/3,10.17632/jhrtdj9txm.3,CC BY 4.0,2. BG/BG-9-img-2.jpg,BG-9-img-2.jpg,UNKNOWN_PENDING_VERIFICATION,Species pending independent provenance verification,BG,BG,1,D:\OntoShrimp_Data\ShrimpDiseaseImageBD\Root\Annotated Diseased Shrimp Images\Annotated Diseased Shrimp Images\1. BG\images\BG-9-img-2.jpg,D:\OntoShrimp_Data\ShrimpDiseaseImageBD\Root\Annotated Diseased Shrimp Images\Annotated Diseased Shrimp Images\1. BG\labels\BG-9-img-2.txt,SDBD_BG_0009,SDBD_BG_0009,2048,2048,6bb7d9abaf7c41fa49c31ebbb1f55fc71fecf4a5c10cd4a261ca59d7165a77a9,989c02919f7cbbfdb3f726fb34a08a17e869aaab7f7fa67ebe49bf0146f3d30e,bd9906cc4d3339b1,DUPG_00582,unique,0,0,1,,source_candidate,source_train,2026.0
SDBD_BG_c4491b6dab,SDBD,,https://data.mendeley.com/datasets/jhrtdj9txm/3,10.17632/jhrtdj9txm.3,CC BY 4.0,2. BG/BG-9-img-3.jpg,BG-9-img-3.jpg,UNKNOWN_PENDING_VERIFICATION,Species pending independent provenance verification,BG,BG,1,D:\OntoShrimp_Data\ShrimpDiseaseImageBD\Root\Annotated Diseased Shrimp Images\Annotated Diseased Shrimp Images\1. BG\images\BG-9-img-3.jpg,D:\OntoShrimp_Data\ShrimpDiseaseImageBD\Root\Annotated Diseased Shrimp Images\Annotated Diseased Shrimp Images\1. BG\labels\BG-9-img-3.txt,SDBD_BG_0009,SDBD_BG_0009,2048,2048,eb03dbaf16c0eaaf0b0f44398637702f7646b1271c5627583e3220fc40ab2a90,c4491b6dabdfad5c56d46a7ea17e331cbd17854db8174d780a4a58f0b7c4fcf7,dfdec0311bc66039,DUPG_00583,unique,0,0,1,,source_candidate,source_train,2026.0
SDBD_WSSV_876ee06feb,SDBD,,https://data.mendeley.com/datasets/jhrtdj9txm/3,10.17632/jhrtdj9txm.3,CC BY 4.0,3. WSSV/WSSV-1-img-1.jpg,WSSV-1-img-1.jpg,UNKNOWN_PENDING_VERIFICATION,Species pending independent provenance verification,WSSV,WSSV,1,D:\OntoShrimp_Data\ShrimpDiseaseImageBD\Root\Annotated Diseased Shrimp Images\Annotated Diseased Shrimp Images\2. WSSV\images\WSSV-1-img-1.jpg,D:\OntoShrimp_Data\ShrimpDiseaseImageBD\Root\Annotated Diseased Shrimp Images\Annotated Diseased Shrimp Images\2. WSSV\labels\WSSV-1-img-1.txt,SDBD_WSSV_0001,SDBD_WSSV_0001,2048,2048,8c9fa622a4f89e3ca4ab73a88519f044b291df8440c78d2b51c204b21ec0f2c0,876ee06feb45751692da02cd3698ac8ce219e5a533280a17c2cd2d62d0d0e51d,adcdd2923d6cc093,DUPG_00584,unique,0,0,1,,source_candidate,source_train,2026.0
SDBD_WSSV_b628bed569,SDBD,,https://data.mendeley.com/datasets/jhrtdj9txm/3,10.17632/jhrtdj9txm.3,CC BY 4.0,3. WSSV/WSSV-1-img-2.jpg,WSSV-1-img-2.jpg,UNKNOWN_PENDING_VERIFICATION,Species pending independent provenance verification,WSSV,WSSV,1,D:\OntoShrimp_Data\ShrimpDiseaseImageBD\Root\Annotated Diseased Shrimp Images\Annotated Diseased Shrimp Images\2. WSSV\images\WSSV-1-img-2.jpg,D:\OntoShrimp_Data\ShrimpDiseaseImageBD\Root\Annotated Diseased Shrimp Images\Annotated Diseased Shrimp Images\2. WSSV\labels\WSSV-1-img-2.txt,SDBD_WSSV_0001,SDBD_WSSV_0001,2048,2048,c70d49cb6eed107c45f2b473c3cb87f203782a2299696061a4defbafadcfb001,b628bed56905fda72fcbe6bebe8532f05970f198e919bdfd96eb92669997b8ec,bcdad2923e6cc093,DUPG_00585,unique,0,0,1,,source_candidate,source_train,2026.0
SDBD_WSSV_c28b84539a,SDBD,,https://data.mendeley.com/datasets/jhrtdj9txm/3,10.17632/jhrtdj9txm.3,CC BY 4.0,3. WSSV/WSSV-1-img-3.jpg,WSSV-1-img-3.jpg,UNKNOWN_PENDING_VERIFICATION,Species pending independent provenance verification,WSSV,WSSV,1,D:\OntoShrimp_Data\ShrimpDiseaseImageBD\Root\Annotated Diseased Shrimp Images\Annotated Diseased Shrimp Images\2. WSSV\images\WSSV-1-img-3.jpg,D:\OntoShrimp_Data\ShrimpDiseaseImageBD\Root\Annotated Diseased Shrimp Images\Annotated Diseased Shrimp Images\2. WSSV\labels\WSSV-1-img-3.txt,SDBD_WSSV_0001,SDBD_WSSV_0001,2048,2048,5f6eb8be15cd8686082e433743d91e4c5ba82e2daef25d600adcb277a82d4c61,c28b84539a45609aa78c8b403b503dbbeedb61c6c9b01f3df33128c86c7ac1a5,ebcc3468da35ca16,DUPG_00586,unique,0,0,1,,source_candidate,source_train,2026.0
SDBD_WSSV_155be835cd,SDBD,,https://data.mendeley.com/datasets/jhrtdj9txm/3,10.17632/jhrtdj9txm.3,CC BY 4.0,3. WSSV/WSSV-10-img-1.jpg,WSSV-10-img-1.jpg,UNKNOWN_PENDING_VERIFICATION,Species pending independent provenance verification,WSSV,WSSV,1,D:\OntoShrimp_Data\ShrimpDiseaseImageBD\Root\Annotated Diseased Shrimp Images\Annotated Diseased Shrimp Images\2. WSSV\images\WSSV-10-img-1.jpg,D:\OntoShrimp_Data\ShrimpDiseaseImageBD\Root\Annotated Diseased Shrimp Images\Annotated Diseased Shrimp Images\2. WSSV\labels\WSSV-10-img-1.txt,SDBD_WSSV_0010,SDBD_WSSV_0010,2048,2048,1465fb5a0f9ff5b0c5f8d24162da80950df069d5eb58f740c9ef62aceb17cdf2,155be835cda5a5b1710b5c4ae3da3762ec08655272fd8dddbde6ab1403f236e3,edc892798fe43096,DUPG_00587,unique,0,0,1,,source_candidate,source_train,2026.0
SDBD_WSSV_36b5a2bd19,SDBD,,https://data.mendeley.com/datasets/jhrtdj9txm/3,10.17632/jhrtdj9txm.3,CC BY 4.0,3. WSSV/WSSV-10-img-2.jpg,WSSV-10-img-2.jpg,UNKNOWN_PENDING_VERIFICATION,Species pending independent provenance verification,WSSV,WSSV,1,D:\OntoShrimp_Data\ShrimpDiseaseImageBD\Root\Annotated Diseased Shrimp Images\Annotated Diseased Shrimp Images\2. WSSV\images\WSSV-10-img-2.jpg,D:\OntoShrimp_Data\ShrimpDiseaseImageBD\Root\Annotated Diseased Shrimp Images\Annotated Diseased Shrimp Images\2. WSSV\labels\WSSV-10-img-2.txt,SDBD_WSSV_0010,SDBD_WSSV_0010,2048,2048,dbae4e8d40598e7e43b5b1881f532030eedc035138411fe80650af88a3e612a7,36b5a2bd19f00dbd62363c8b563335ebbd70fb15c6d1c1a3ac171f253f624343,fce3c0de69249698,DUPG_00588,unique,0,0,1,,source_candidate,source_train,2026.0
SDBD_WSSV_8602c7e49c,SDBD,,https://data.mendeley.com/datasets/jhrtdj9txm/3,10.17632/jhrtdj9txm.3,CC BY 4.0,3. WSSV/WSSV-10-img-3.jpg,WSSV-10-img-3.jpg,UNKNOWN_PENDING_VERIFICATION,Species pending independent provenance verification,WSSV,WSSV,1,D:\OntoShrimp_Data\ShrimpDiseaseImageBD\Root\Annotated Diseased Shrimp Images\Annotated Diseased Shrimp Images\2. WSSV\images\WSSV-10-img-3.jpg,D:\OntoShrimp_Data\ShrimpDiseaseImageBD\Root\Annotated Diseased Shrimp Images\Annotated Diseased Shrimp Images\2. WSSV\labels\WSSV-10-img-3.txt,SDBD_WSSV_0010,SDBD_WSSV_0010,2048,2048,1871c8129b2eb3829e5be83e6a70eb0f00c3fa891cfd913477645343e0d0089a,8602c7e49c06223217bce62abd197f056195666f43cdffae0197b7fe2dac3420,fcc3919e69349638,DUPG_00589,unique,0,0,1,,source_candidate,source_train,2026.0
SDBD_WSSV_319e5f9704,SDBD,,https://data.mendeley.com/datasets/jhrtdj9txm/3,10.17632/jhrtdj9txm.3,CC BY 4.0,3. WSSV/WSSV-100-img-1.jpg,WSSV-100-img-1.jpg,UNKNOWN_PENDING_VERIFICATION,Species pending independent provenance verification,WSSV,WSSV,1,D:\OntoShrimp_Data\ShrimpDiseaseImageBD\Root\Annotated Diseased Shrimp Images\Annotated Diseased Shrimp Images\2. WSSV\images\WSSV-100-img-1.jpg,D:\OntoShrimp_Data\ShrimpDiseaseImageBD\Root\Annotated Diseased Shrimp Images\Annotated Diseased Shrimp Images\2. WSSV\labels\WSSV-100-img-1.txt,SDBD_WSSV_0100,SDBD_WSSV_0100,2048,2048,2d05634944a5d01c469f71841d16181fdd7eb7719ec3f8ef9bc52aa115ccc2e2,319e5f9704b86b51f44452e49589e4e6fb596e9f0f63f15f1fa0aa8084369a7f,f3811946847bf0f3,DUPG_00590,canonical,0,0,1,,source_candidate,source_train,2026.0
SDBD_WSSV_2845fe5b8f,SDBD,,https://data.mendeley.com/datasets/jhrtdj9txm/3,10.17632/jhrtdj9txm.3,CC BY 4.0,3. WSSV/WSSV-100-img-3.jpg,WSSV-100-img-3.jpg,UNKNOWN_PENDING_VERIFICATION,Species pending independent provenance verification,WSSV,WSSV,1,D:\OntoShrimp_Data\ShrimpDiseaseImageBD\Root\Annotated Diseased Shrimp Images\Annotated Diseased Shrimp Images\2. WSSV\images\WSSV-100-img-3.jpg,D:\OntoShrimp_Data\ShrimpDiseaseImageBD\Root\Annotated Diseased Shrimp Images\Annotated Diseased Shrimp Images\2. WSSV\labels\WSSV-100-img-3.txt,SDBD_WSSV_0100,SDBD_WSSV_0100,2048,2048,f7154cad96ac5352db6c47f838637e83288e0a46e46f69ad3c167e8ef1e76c1f,2845fe5b8fce44b9b0c9e1299a0a88cc99898865b51e5f902cbfac904eaee34d,fd821afc06c5903f,DUPG_00591,unique,0,0,1,,source_candidate,source_train,2026.0
SDBD_WSSV_2b13b89763,SDBD,,https://data.mendeley.com/datasets/jhrtdj9txm/3,10.17632/jhrtdj9txm.3,CC BY 4.0,3. WSSV/WSSV-101-img-1.jpg,WSSV-101-img-1.jpg,UNKNOWN_PENDING_VERIFICATION,Species pending independent provenance verification,WSSV,WSSV,1,D:\OntoShrimp_Data\ShrimpDiseaseImageBD\Root\Annotated Diseased Shrimp Images\Annotated Diseased Shrimp Images\2. WSSV\images\WSSV-101-img-1.jpg,D:\OntoShrimp_Data\ShrimpDiseaseImageBD\Root\Annotated Diseased Shrimp Images\Annotated Diseased Shrimp Images\2. WSSV\labels\WSSV-101-img-1.txt,SDBD_WSSV_0101,SDBD_WSSV_0101,2048,2048,4523566b7f36349084e8b0e8f48143b02ceada019868088abafaf617780d3a0d,2b13b89763d759c7e43c15bf30a9323bee2ee6f22f85149a14288cdeeb47e41a,b2c2c9f87030f6f4,DUPG_00592,unique,0,0,1,,source_candidate,source_train,2026.0
SDBD_WSSV_ca84835873,SDBD,,https://data.mendeley.com/datasets/jhrtdj9txm/3,10.17632/jhrtdj9txm.3,CC BY 4.0,3. WSSV/WSSV-101-img-2.jpg,WSSV-101-img-2.jpg,UNKNOWN_PENDING_VERIFICATION,Species pending independent provenance verification,WSSV,WSSV,1,D:\OntoShrimp_Data\ShrimpDiseaseImageBD\Root\Annotated Diseased Shrimp Images\Annotated Diseased Shrimp Images\2. WSSV\images\WSSV-101-img-2.jpg,D:\OntoShrimp_Data\ShrimpDiseaseImageBD\Root\Annotated Diseased Shrimp Images\Annotated Diseased Shrimp Images\2. WSSV\labels\WSSV-101-img-2.txt,SDBD_WSSV_0101,SDBD_WSSV_0101,2048,2048,36c087af568ca710cc4b91be9571b96c5fb9ba8651fae16141a25fe1155e1190,ca84835873fb8fc19ab1a92949d994528dfd2cf6147ea0c9bff4a704165d5e5b,fb80fd813efcc300,DUPG_00593,unique,0,0,1,,source_candidate,source_train,2026.0
SDBD_WSSV_71de30e5a4,SDBD,,https://data.mendeley.com/datasets/jhrtdj9txm/3,10.17632/jhrtdj9txm.3,CC BY 4.0,3. WSSV/WSSV-105-img-1.jpg,WSSV-105-img-1.jpg,UNKNOWN_PENDING_VERIFICATION,Species pending independent provenance verification,WSSV,WSSV,1,D:\OntoShrimp_Data\ShrimpDiseaseImageBD\Root\Annotated Diseased Shrimp Images\Annotated Diseased Shrimp Images\2. WSSV\images\WSSV-105-img-1.jpg,D:\OntoShrimp_Data\ShrimpDiseaseImageBD\Root\Annotated Diseased Shrimp Images\Annotated Diseased Shrimp Images\2. WSSV\labels\WSSV-105-img-1.txt,SDBD_WSSV_0105,SDBD_WSSV_0105,2048,2048,761fba8865779a64c0307424cbc96d0b29ccf99338c62db1a3e8faa6b6809ab0,71de30e5a491cb7e2b214c724eab1be9615a9e478e1d9f9d5ba352b942fd6736,e65389d48957b156,DUPG_00601,unique,0,0,1,,source_candidate,source_train,2026.0
SDBD_WSSV_e689af6b02,SDBD,,https://data.mendeley.com/datasets/jhrtdj9txm/3,10.17632/jhrtdj9txm.3,CC BY 4.0,3. WSSV/WSSV-105-img-2.jpg,WSSV-105-img-2.jpg,UNKNOWN_PENDING_VERIFICATION,Species pending independent provenance verification,WSSV,WSSV,1,D:\OntoShrimp_Data\ShrimpDiseaseImageBD\Root\Annotated Diseased Shrimp Images\Annotated Diseased Shrimp Images\2. WSSV\images\WSSV-105-img-2.jpg,D:\OntoShrimp_Data\ShrimpDiseaseImageBD\Root\Annotated Diseased Shrimp Images\Annotated Diseased Shrimp Images\2. WSSV\labels\WSSV-105-img-2.txt,SDBD_WSSV_0105,SDBD_WSSV_0105,2048,2048,be53652139ac26e82c1a9de719d2f106e55a6be65291d6f0f72e578e37ad7177,e689af6b029c3054819771222fa2abef0fdafe52c29c75224f873e4fd70e82b5,b35cacd6a853b14a,DUPG_00602,unique,0,0,1,,source_candidate,source_train,2026.0
SDBD_WSSV_ea15e9202f,SDBD,,https://data.mendeley.com/datasets/jhrtdj9txm/3,10.17632/jhrtdj9txm.3,CC BY 4.0,3. WSSV/WSSV-105-img-3.jpg,WSSV-105-img-3.jpg,UNKNOWN_PENDING_VERIFICATION,Species pending independent provenance verification,WSSV,WSSV,1,D:\OntoShrimp_Data\ShrimpDiseaseImageBD\Root\Annotated Diseased Shrimp Images\Annotated Diseased Shrimp Images\2. WSSV\images\WSSV-105-img-3.jpg,D:\OntoShrimp_Data\ShrimpDiseaseImageBD\Root\Annotated Diseased Shrimp Images\Annotated Diseased Shrimp Images\2. WSSV\labels\WSSV-105-img-3.txt,SDBD_WSSV_0105,SDBD_WSSV_0105,2048,2048,035d8bc4fd062e40b919d609a7c9f82d55a648fd7787d8514734c4410c5334e5,ea15e9202fb57022b483e63396dad186c642327b9a0f6a146be2d5ccb36fb929,cf88d0706f819d6e,DUPG_00603,unique,0,0,1,,source_candidate,source_train,2026.0
SDBD_WSSV_14addba70d,SDBD,,https://data.mendeley.com/datasets/jhrtdj9txm/3,10.17632/jhrtdj9txm.3,CC BY 4.0,3. WSSV/WSSV-107-img-1.jpg,WSSV-107-img-1.jpg,UNKNOWN_PENDING_VERIFICATION,Species pending independent provenance verification,WSSV,WSSV,1,D:\OntoShrimp_Data\ShrimpDiseaseImageBD\Root\Annotated Diseased Shrimp Images\Annotated Diseased Shrimp Images\2. WSSV\images\WSSV-107-img-1.jpg,D:\OntoShrimp_Data\ShrimpDiseaseImageBD\Root\Annotated Diseased Shrimp Images\Annotated Diseased Shrimp Images\2. WSSV\labels\WSSV-107-img-1.txt,SDBD_WSSV_0107,SDBD_WSSV_0107,2048,2048,7d0cd3a8704d274cea6cb70dfdbd2f98bf46425f5b1bdf20ccb499ed3816c44d,14addba70d77fefcbc32961485a90cb447e634edbcd01673ce647091f2db2176,e56a955b999a2664,DUPG_00607,unique,0,0,1,,source_candidate,source_train,2026.0
SDBD_WSSV_b9e8df5eb0,SDBD,,https://data.mendeley.com/datasets/jhrtdj9txm/3,10.17632/jhrtdj9txm.3,CC BY 4.0,3. WSSV/WSSV-107-img-2.jpg,WSSV-107-img-2.jpg,UNKNOWN_PENDING_VERIFICATION,Species pending independent provenance verification,WSSV,WSSV,1,D:\OntoShrimp_Data\ShrimpDiseaseImageBD\Root\Annotated Diseased Shrimp Images\Annotated Diseased Shrimp Images\2. WSSV\images\WSSV-107-img-2.jpg,D:\OntoShrimp_Data\ShrimpDiseaseImageBD\Root\Annotated Diseased Shrimp Images\Annotated Diseased Shrimp Images\2. WSSV\labels\WSSV-107-img-2.txt,SDBD_WSSV_0107,SDBD_WSSV_0107,2048,2048,ba835affa006dfc39ad3f64b7d05d03f20a515d1d35ee262a265d556363c1b08,b9e8df5eb01094dfd9ffbe5deece2838bf8398017c9ff0f6383bcc5a2523eede,e56b9548999a3666,DUPG_00608,unique,0,0,1,,source_candidate,source_train,2026.0
SDBD_WSSV_1bf39ac447,SDBD,,https://data.mendeley.com/datasets/jhrtdj9txm/3,10.17632/jhrtdj9txm.3,CC BY 4.0,3. WSSV/WSSV-107-img-3.jpg,WSSV-107-img-3.jpg,UNKNOWN_PENDING_VERIFICATION,Species pending independent provenance verification,WSSV,WSSV,1,D:\OntoShrimp_Data\ShrimpDiseaseImageBD\Root\Annotated Diseased Shrimp Images\Annotated Diseased Shrimp Images\2. WSSV\images\WSSV-107-img-3.jpg,D:\OntoShrimp_Data\ShrimpDiseaseImageBD\Root\Annotated Diseased Shrimp Images\Annotated Diseased Shrimp Images\2. WSSV\labels\WSSV-107-img-3.txt,SDBD_WSSV_0107,SDBD_WSSV_0107,2048,2048,7f9bfd1b9be4848edb46ba6fa90c40f77492ad29e3b954834614f539a530d419,1bf39ac44732a9c72b89cd06867b3d4248503ec3c174684ca0f3e450ac20de6d,f08f0be03cfc23e1,DUPG_00609,unique,0,0,1,,source_candidate,source_train,2026.0
SDBD_WSSV_b808de67d9,SDBD,,https://data.mendeley.com/datasets/jhrtdj9txm/3,10.17632/jhrtdj9txm.3,CC BY 4.0,3. WSSV/WSSV-108-img-1.jpg,WSSV-108-img-1.jpg,UNKNOWN_PENDING_VERIFICATION,Species pending independent provenance verification,WSSV,WSSV,1,D:\OntoShrimp_Data\ShrimpDiseaseImageBD\Root\Annotated Diseased Shrimp Images\Annotated Diseased Shrimp Images\2. WSSV\images\WSSV-108-img-1.jpg,D:\OntoShrimp_Data\ShrimpDiseaseImageBD\Root\Annotated Diseased Shrimp Images\Annotated Diseased Shrimp Images\2. WSSV\labels\WSSV-108-img-1.txt,SDBD_WSSV_0108,SDBD_WSSV_0108,2048,2048,6bfcf248bd2ef41ce9b0913b00328fe219ec65937598bd1cbaafdc2db6ca8009,b808de67d93d16317c3bed27a70fcd1e9b6d15470eaef4e61dd998eb3097d73a,fa8db2cb2d74c0c2,DUPG_00610,unique,0,0,1,,source_candidate,source_train,2026.0
SDBD_WSSV_3dc4126f30,SDBD,,https://data.mendeley.com/datasets/jhrtdj9txm/3,10.17632/jhrtdj9txm.3,CC BY 4.0,3. WSSV/WSSV-108-img-2.jpg,WSSV-108-img-2.jpg,UNKNOWN_PENDING_VERIFICATION,Species pending independent provenance verification,WSSV,WSSV,1,D:\OntoShrimp_Data\ShrimpDiseaseImageBD\Root\Annotated Diseased Shrimp Images\Annotated Diseased Shrimp Images\2. WSSV\images\WSSV-108-img-2.jpg,D:\OntoShrimp_Data\ShrimpDiseaseImageBD\Root\Annotated Diseased Shrimp Images\Annotated Diseased Shrimp Images\2. WSSV\labels\WSSV-108-img-2.txt,SDBD_WSSV_0108,SDBD_WSSV_0108,2048,2048,1a92543c21755bfca29a47d1974f6ee979d77702c92540633e997dc4acaddbe0,3dc4126f306aba0b45fbcfa8860d71b17db8814c4f34d473e2a62cd009c2f03c,edc692e90d364bd0,DUPG_00611,unique,0,0,1,,source_candidate,source_train,2026.0
SDBD_WSSV_aab392109b,SDBD,,https://data.mendeley.com/datasets/jhrtdj9txm/3,10.17632/jhrtdj9txm.3,CC BY 4.0,3. WSSV/WSSV-108-img-3.jpg,WSSV-108-img-3.jpg,UNKNOWN_PENDING_VERIFICATION,Species pending independent provenance verification,WSSV,WSSV,1,D:\OntoShrimp_Data\ShrimpDiseaseImageBD\Root\Annotated Diseased Shrimp Images\Annotated Diseased Shrimp Images\2. WSSV\images\WSSV-108-img-3.jpg,D:\OntoShrimp_Data\ShrimpDiseaseImageBD\Root\Annotated Diseased Shrimp Images\Annotated Diseased Shrimp Images\2. WSSV\labels\WSSV-108-img-3.txt,SDBD_WSSV_0108,SDBD_WSSV_0108,2048,2048,d23a684909982ca9b8b9cb3814dddba5603c8db6bdbd383c179b685b38fd30b7,aab392109b0640e3af82844fcf8cec2d57348d5cf453867924bb46772fe82ef8,a680f1d38ccccee6,DUPG_00612,canonical,0,0,1,,source_candidate,source_train,2026.0
SDBD_WSSV_e61e5db545,SDBD,,https://data.mendeley.com/datasets/jhrtdj9txm/3,10.17632/jhrtdj9txm.3,CC BY 4.0,3. WSSV/WSSV-109-img-2.jpg,WSSV-109-img-2.jpg,UNKNOWN_PENDING_VERIFICATION,Species pending independent provenance verification,WSSV,WSSV,1,D:\OntoShrimp_Data\ShrimpDiseaseImageBD\Root\Annotated Diseased Shrimp Images\Annotated Diseased Shrimp Images\2. WSSV\images\WSSV-109-img-2.jpg,D:\OntoShrimp_Data\ShrimpDiseaseImageBD\Root\Annotated Diseased Shrimp Images\Annotated Diseased Shrimp Images\2. WSSV\labels\WSSV-109-img-2.txt,SDBD_WSSV_0109,SDBD_WSSV_0109,2048,2048,17ea29e8290a26cdc5e0fbe32c0198953618fd8f9946f688f1ee96817e987718,e61e5db545c6f55ed3bc257abb9e5bd9fb39b8cdfc6936d187a7cbf34b083f4d,f698a5613ac660f9,DUPG_00613,unique,0,0,1,,source_candidate,source_train,2026.0
SDBD_WSSV_6db55d4024,SDBD,,https://data.mendeley.com/datasets/jhrtdj9txm/3,10.17632/jhrtdj9txm.3,CC BY 4.0,3. WSSV/WSSV-109-img-3.jpg,WSSV-109-img-3.jpg,UNKNOWN_PENDING_VERIFICATION,Species pending independent provenance verification,WSSV,WSSV,1,D:\OntoShrimp_Data\ShrimpDiseaseImageBD\Root\Annotated Diseased Shrimp Images\Annotated Diseased Shrimp Images\2. WSSV\images\WSSV-109-img-3.jpg,D:\OntoShrimp_Data\ShrimpDiseaseImageBD\Root\Annotated Diseased Shrimp Images\Annotated Diseased Shrimp Images\2. WSSV\labels\WSSV-109-img-3.txt,SDBD_WSSV_0109,SDBD_WSSV_0109,2048,2048,eea5a05b63361fc94802fd4b61f3cf21aba6828c261a550b347749bafd3783b4,6db55d4024c84c92d5a31f7614d0811fbfc3e38d173891dee37ce37eb927e422,b6d23d070c39e63c,DUPG_00614,unique,0,0,1,,source_candidate,source_train,2026.0
SDBD_WSSV_d94f13d0d5,SDBD,,https://data.mendeley.com/datasets/jhrtdj9txm/3,10.17632/jhrtdj9txm.3,CC BY 4.0,3. WSSV/WSSV-11-img-1.jpg,WSSV-11-img-1.jpg,UNKNOWN_PENDING_VERIFICATION,Species pending independent provenance verification,WSSV,WSSV,1,D:\OntoShrimp_Data\ShrimpDiseaseImageBD\Root\Annotated Diseased Shrimp Images\Annotated Diseased Shrimp Images\2. WSSV\images\WSSV-11-img-1.jpg,D:\OntoShrimp_Data\ShrimpDiseaseImageBD\Root\Annotated Diseased Shrimp Images\Annotated Diseased Shrimp Images\2. WSSV\labels\WSSV-11-img-1.txt,SDBD_WSSV_0011,SDBD_WSSV_0011,2048,2048,18b528b6df6926679d27fb6c2f50e0dc033bece779fe3a4917e7e304e18d0994,d94f13d0d58ba43db915f714036894ac08b2f6b4445433b53989462eba9af376,eb8685ca1e2d31f4,DUPG_00615,unique,0,0,1,,source_candidate,source_train,2026.0
SDBD_WSSV_bd70666948,SDBD,,https://data.mendeley.com/datasets/jhrtdj9txm/3,10.17632/jhrtdj9txm.3,CC BY 4.0,3. WSSV/WSSV-11-img-2.jpg,WSSV-11-img-2.jpg,UNKNOWN_PENDING_VERIFICATION,Species pending independent provenance verification,WSSV,WSSV,1,D:\OntoShrimp_Data\ShrimpDiseaseImageBD\Root\Annotated Diseased Shrimp Images\Annotated Diseased Shrimp Images\2. WSSV\images\WSSV-11-img-2.jpg,D:\OntoShrimp_Data\ShrimpDiseaseImageBD\Root\Annotated Diseased Shrimp Images\Annotated Diseased Shrimp Images\2. WSSV\labels\WSSV-11-img-2.txt,SDBD_WSSV_0011,SDBD_WSSV_0011,2048,2048,0e3033ebe4a1cf2c509baaeef0ee9e55411fcd575bd23abc427b37b20e9d100e,bd706669480b1a6b58e856383db9c0cca25e3d6c6e1bf6a5189ea634c1c24a7c,eb96d1ca2c390de4,DUPG_00616,unique,0,0,1,,source_candidate,source_train,2026.0
SDBD_WSSV_e56f954b15,SDBD,,https://data.mendeley.com/datasets/jhrtdj9txm/3,10.17632/jhrtdj9txm.3,CC BY 4.0,3. WSSV/WSSV-11-img-3.jpg,WSSV-11-img-3.jpg,UNKNOWN_PENDING_VERIFICATION,Species pending independent provenance verification,WSSV,WSSV,1,D:\OntoShrimp_Data\ShrimpDiseaseImageBD\Root\Annotated Diseased Shrimp Images\Annotated Diseased Shrimp Images\2. WSSV\images\WSSV-11-img-3.jpg,D:\OntoShrimp_Data\ShrimpDiseaseImageBD\Root\Annotated Diseased Shrimp Images\Annotated Diseased Shrimp Images\2. WSSV\labels\WSSV-11-img-3.txt,SDBD_WSSV_0011,SDBD_WSSV_0011,2048,2048,d2489d6d5765b91deb1aa2505bf53b313af38418da8d8f0c50bd8f475d7dc28c,e56f954b1526fdb1c1757866e3ecdc7ed068dbb6ae1e691a01064b96267118be,fec78148972ec833,DUPG_00617,unique,0,0,1,,source_candidate,source_train,2026.0
SDBD_WSSV_ab291621f9,SDBD,,https://data.mendeley.com/datasets/jhrtdj9txm/3,10.17632/jhrtdj9txm.3,CC BY 4.0,3. WSSV/WSSV-110-img-1.jpg,WSSV-110-img-1.jpg,UNKNOWN_PENDING_VERIFICATION,Species pending independent provenance verification,WSSV,WSSV,1,D:\OntoShrimp_Data\ShrimpDiseaseImageBD\Root\Annotated Diseased Shrimp Images\Annotated Diseased Shrimp Images\2. WSSV\images\WSSV-110-img-1.jpg,D:\OntoShrimp_Data\ShrimpDiseaseImageBD\Root\Annotated Diseased Shrimp Images\Annotated Diseased Shrimp Images\2. WSSV\labels\WSSV-110-img-1.txt,SDBD_WSSV_0110,SDBD_WSSV_0110,2048,2048,81d3e41949de25d2126f294d7568512157c00804a91cbd0feb2e8007852b2b5f,ab291621f988937710cc12dad66c5c22255255b79a041660dbb45833e490ff42,cb98a4867d78819f,DUPG_00618,unique,0,0,1,,source_candidate,source_train,2026.0
SDBD_WSSV_64cef6546e,SDBD,,https://data.mendeley.com/datasets/jhrtdj9txm/3,10.17632/jhrtdj9txm.3,CC BY 4.0,3. WSSV/WSSV-110-img-2.jpg,WSSV-110-img-2.jpg,UNKNOWN_PENDING_VERIFICATION,Species pending independent provenance verification,WSSV,WSSV,1,D:\OntoShrimp_Data\ShrimpDiseaseImageBD\Root\Annotated Diseased Shrimp Images\Annotated Diseased Shrimp Images\2. WSSV\images\WSSV-110-img-2.jpg,D:\OntoShrimp_Data\ShrimpDiseaseImageBD\Root\Annotated Diseased Shrimp Images\Annotated Diseased Shrimp Images\2. WSSV\labels\WSSV-110-img-2.txt,SDBD_WSSV_0110,SDBD_WSSV_0110,2048,2048,510f3718fb8add2365da9b23b7bb7be1058f4b1b3bedb1814721b06908ff3214,64cef6546ec39fc35430ab9344d28e2fe97cdbb72cabc50211932006e7ae437e,d7b8c5343d5ac264,DUPG_00619,unique,0,0,1,,source_candidate,source_train,2026.0
SDBD_WSSV_69e4792b76,SDBD,,https://data.mendeley.com/datasets/jhrtdj9txm/3,10.17632/jhrtdj9txm.3,CC BY 4.0,3. WSSV/WSSV-111-img-1.jpg,WSSV-111-img-1.jpg,UNKNOWN_PENDING_VERIFICATION,Species pending independent provenance verification,WSSV,WSSV,1,D:\OntoShrimp_Data\ShrimpDiseaseImageBD\Root\Annotated Diseased Shrimp Images\Annotated Diseased Shrimp Images\2. WSSV\images\WSSV-111-img-1.jpg,D:\OntoShrimp_Data\ShrimpDiseaseImageBD\Root\Annotated Diseased Shrimp Images\Annotated Diseased Shrimp Images\2. WSSV\labels\WSSV-111-img-1.txt,SDBD_WSSV_0111,SDBD_WSSV_0111,2048,2048,ca8d66afa27d10082d94ef614db12ae0488a60391d44bb46f3512fa7731779c6,69e4792b7604ed0dd26e67a4b2a12c760fcf7c9c67899762bc04810821a19f8b,f6890f7829e61c33,DUPG_00620,unique,0,0,1,,source_candidate,source_train,2026.0
SDBD_WSSV_e15d301447,SDBD,,https://data.mendeley.com/datasets/jhrtdj9txm/3,10.17632/jhrtdj9txm.3,CC BY 4.0,3. WSSV/WSSV-111-img-2.jpg,WSSV-111-img-2.jpg,UNKNOWN_PENDING_VERIFICATION,Species pending independent provenance verification,WSSV,WSSV,1,D:\OntoShrimp_Data\ShrimpDiseaseImageBD\Root\Annotated Diseased Shrimp Images\Annotated Diseased Shrimp Images\2. WSSV\images\WSSV-111-img-2.jpg,D:\OntoShrimp_Data\ShrimpDiseaseImageBD\Root\Annotated Diseased Shrimp Images\Annotated Diseased Shrimp Images\2. WSSV\labels\WSSV-111-img-2.txt,SDBD_WSSV_0111,SDBD_WSSV_0111,2048,2048,ead46cd9fb5a3afe04a47f5e4895cc6d1fda6bb57d3b18149d5f8cd5c6873624,e15d301447bbf7965824acd89fa8a2f5aa375970c7f44a05c9007ca623bbdb23,f28d027d39e78f10,DUPG_00621,unique,0,0,1,,source_candidate,source_train,2026.0
SDBD_WSSV_41a1ea5307,SDBD,,https://data.mendeley.com/datasets/jhrtdj9txm/3,10.17632/jhrtdj9txm.3,CC BY 4.0,3. WSSV/WSSV-111-img-3.jpg,WSSV-111-img-3.jpg,UNKNOWN_PENDING_VERIFICATION,Species pending independent provenance verification,WSSV,WSSV,1,D:\OntoShrimp_Data\ShrimpDiseaseImageBD\Root\Annotated Diseased Shrimp Images\Annotated Diseased Shrimp Images\2. WSSV\images\WSSV-111-img-3.jpg,D:\OntoShrimp_Data\ShrimpDiseaseImageBD\Root\Annotated Diseased Shrimp Images\Annotated Diseased Shrimp Images\2. WSSV\labels\WSSV-111-img-3.txt,SDBD_WSSV_0111,SDBD_WSSV_0111,2048,2048,7a3046ad00ff898f6aeb5e92151e9605704adca74497a02cfe16113cb54b2a6a,41a1ea530754b74bf24fc3bee8a73bf51bd9c147ccb4087dd83a15e233efc3e6,fc89936e0c7b9231,DUPG_00622,unique,0,0,1,,source_candidate,source_train,2026.0
SDBD_WSSV_2327518653,SDBD,,https://data.mendeley.com/datasets/jhrtdj9txm/3,10.17632/jhrtdj9txm.3,CC BY 4.0,3. WSSV/WSSV-113-img-1.jpg,WSSV-113-img-1.jpg,UNKNOWN_PENDING_VERIFICATION,Species pending independent provenance verification,WSSV,WSSV,1,D:\OntoShrimp_Data\ShrimpDiseaseImageBD\Root\Annotated Diseased Shrimp Images\Annotated Diseased Shrimp Images\2. WSSV\images\WSSV-113-img-1.jpg,D:\OntoShrimp_Data\ShrimpDiseaseImageBD\Root\Annotated Diseased Shrimp Images\Annotated Diseased Shrimp Images\2. WSSV\labels\WSSV-113-img-1.txt,SDBD_WSSV_0113,SDBD_WSSV_0113,2048,2048,bc30d8c8f1e33b2ae0675588e86d36c0f3c2ad14ffa3d230f1d86dcac92eae89,2327518653ebf90d85bb433687fd5401f371df0131fa68b79d59af31f68bad3e,d798228f3c6097d6,DUPG_00626,unique,0,0,1,,source_candidate,source_train,2026.0
SDBD_WSSV_3185f043a3,SDBD,,https://data.mendeley.com/datasets/jhrtdj9txm/3,10.17632/jhrtdj9txm.3,CC BY 4.0,3. WSSV/WSSV-113-img-2.jpg,WSSV-113-img-2.jpg,UNKNOWN_PENDING_VERIFICATION,Species pending independent provenance verification,WSSV,WSSV,1,D:\OntoShrimp_Data\ShrimpDiseaseImageBD\Root\Annotated Diseased Shrimp Images\Annotated Diseased Shrimp Images\2. WSSV\images\WSSV-113-img-2.jpg,D:\OntoShrimp_Data\ShrimpDiseaseImageBD\Root\Annotated Diseased Shrimp Images\Annotated Diseased Shrimp Images\2. WSSV\labels\WSSV-113-img-2.txt,SDBD_WSSV_0113,SDBD_WSSV_0113,2048,2048,7bdd1527dad39d7bece0d0d34d1471d70f3af620ff3cf4b64d75a47a121acf9e,3185f043a3ed5286197e3a2335d25d145f90407d30d726c6d633ade045ccdfdc,d798a0976c6093d7,DUPG_00627,unique,0,0,1,,source_candidate,source_train,2026.0
SDBD_WSSV_dfc90d2273,SDBD,,https://data.mendeley.com/datasets/jhrtdj9txm/3,10.17632/jhrtdj9txm.3,CC BY 4.0,3. WSSV/WSSV-113-img-3.jpg,WSSV-113-img-3.jpg,UNKNOWN_PENDING_VERIFICATION,Species pending independent provenance verification,WSSV,WSSV,1,D:\OntoShrimp_Data\ShrimpDiseaseImageBD\Root\Annotated Diseased Shrimp Images\Annotated Diseased Shrimp Images\2. WSSV\images\WSSV-113-img-3.jpg,D:\OntoShrimp_Data\ShrimpDiseaseImageBD\Root\Annotated Diseased Shrimp Images\Annotated Diseased Shrimp Images\2. WSSV\labels\WSSV-113-img-3.txt,SDBD_WSSV_0113,SDBD_WSSV_0113,2048,2048,0e9a7d1b1196811f70d23861243e11fde88449428d25387d31b35d2787506aff,dfc90d2273b04995efb5e50b4c3cef0147931eed5c465d140e910a60e68c7aca,f987b4741bc2223d,DUPG_00628,unique,0,0,1,,source_candidate,source_train,2026.0
SDBD_WSSV_cf8eab3e28,SDBD,,https://data.mendeley.com/datasets/jhrtdj9txm/3,10.17632/jhrtdj9txm.3,CC BY 4.0,3. WSSV/WSSV-114-img-1.jpg,WSSV-114-img-1.jpg,UNKNOWN_PENDING_VERIFICATION,Species pending independent provenance verification,WSSV,WSSV,1,D:\OntoShrimp_Data\ShrimpDiseaseImageBD\Root\Annotated Diseased Shrimp Images\Annotated Diseased Shrimp Images\2. WSSV\images\WSSV-114-img-1.jpg,D:\OntoShrimp_Data\ShrimpDiseaseImageBD\Root\Annotated Diseased Shrimp Images\Annotated Diseased Shrimp Images\2. WSSV\labels\WSSV-114-img-1.txt,SDBD_WSSV_0114,SDBD_WSSV_0114,2048,2048,c766f542ac3e180f5aed7a5e984cc6a600e0668e3177299925c46fbcf2173ade,cf8eab3e282bba9811a48e011ba87365eb2deb073cd106b40a295905959b5917,b887c39c26763933,DUPG_00629,unique,0,0,1,,source_candidate,source_train,2026.0
SDBD_WSSV_1306982455,SDBD,,https://data.mendeley.com/datasets/jhrtdj9txm/3,10.17632/jhrtdj9txm.3,CC BY 4.0,3. WSSV/WSSV-114-img-2.jpg,WSSV-114-img-2.jpg,UNKNOWN_PENDING_VERIFICATION,Species pending independent provenance verification,WSSV,WSSV,1,D:\OntoShrimp_Data\ShrimpDiseaseImageBD\Root\Annotated Diseased Shrimp Images\Annotated Diseased Shrimp Images\2. WSSV\images\WSSV-114-img-2.jpg,D:\OntoShrimp_Data\ShrimpDiseaseImageBD\Root\Annotated Diseased Shrimp Images\Annotated Diseased Shrimp Images\2. WSSV\labels\WSSV-114-img-2.txt,SDBD_WSSV_0114,SDBD_WSSV_0114,2048,2048,e63033771efbf551bc9a3117295f1a15b23fe1913164a52aa31f5b98fd367d7d,13069824559a7040d379efc6a398d9f7efc5cebf62852c961b1e36704ba4ffa3,b181cc8e8673f3e8,DUPG_00630,unique,0,0,1,,source_candidate,source_train,2026.0
SDBD_WSSV_989e0c9039,SDBD,,https://data.mendeley.com/datasets/jhrtdj9txm/3,10.17632/jhrtdj9txm.3,CC BY 4.0,3. WSSV/WSSV-115-img-1.jpg,WSSV-115-img-1.jpg,UNKNOWN_PENDING_VERIFICATION,Species pending independent provenance verification,WSSV,WSSV,1,D:\OntoShrimp_Data\ShrimpDiseaseImageBD\Root\Annotated Diseased Shrimp Images\Annotated Diseased Shrimp Images\2. WSSV\images\WSSV-115-img-1.jpg,D:\OntoShrimp_Data\ShrimpDiseaseImageBD\Root\Annotated Diseased Shrimp Images\Annotated Diseased Shrimp Images\2. WSSV\labels\WSSV-115-img-1.txt,SDBD_WSSV_0115,SDBD_WSSV_0115,2048,2048,e00d1028d1e321b7840d0da67a7a3093b582fd509889199b67b180b8b622e234,989e0c90391efb92024d447d8c6bb3c8ec67d7c467ef919b2510ecb22eb27b65,f26b4c9899739668,DUPG_00631,unique,0,0,1,,source_candidate,source_train,2026.0
SDBD_WSSV_e3194d12fa,SDBD,,https://data.mendeley.com/datasets/jhrtdj9txm/3,10.17632/jhrtdj9txm.3,CC BY 4.0,3. WSSV/WSSV-115-img-2.jpg,WSSV-115-img-2.jpg,UNKNOWN_PENDING_VERIFICATION,Species pending independent provenance verification,WSSV,WSSV,1,D:\OntoShrimp_Data\ShrimpDiseaseImageBD\Root\Annotated Diseased Shrimp Images\Annotated Diseased Shrimp Images\2. WSSV\images\WSSV-115-img-2.jpg,D:\OntoShrimp_Data\ShrimpDiseaseImageBD\Root\Annotated Diseased Shrimp Images\Annotated Diseased Shrimp Images\2. WSSV\labels\WSSV-115-img-2.txt,SDBD_WSSV_0115,SDBD_WSSV_0115,2048,2048,0594970b0be9f3610be545c05b6acbafe5a64c407d776f92fce1ae911c9ad7f1,e3194d12faaf3ea3a40fd127c4aacd0a4601f4ed39b2a24fa418be1eeb572475,d3634c589963966b,DUPG_00632,unique,0,0,1,,source_candidate,source_train,2026.0
SDBD_WSSV_4f4a39d1dc,SDBD,,https://data.mendeley.com/datasets/jhrtdj9txm/3,10.17632/jhrtdj9txm.3,CC BY 4.0,3. WSSV/WSSV-115-img-3.jpg,WSSV-115-img-3.jpg,UNKNOWN_PENDING_VERIFICATION,Species pending independent provenance verification,WSSV,WSSV,1,D:\OntoShrimp_Data\ShrimpDiseaseImageBD\Root\Annotated Diseased Shrimp Images\Annotated Diseased Shrimp Images\2. WSSV\images\WSSV-115-img-3.jpg,D:\OntoShrimp_Data\ShrimpDiseaseImageBD\Root\Annotated Diseased Shrimp Images\Annotated Diseased Shrimp Images\2. WSSV\labels\WSSV-115-img-3.txt,SDBD_WSSV_0115,SDBD_WSSV_0115,2048,2048,b584eab79297564b0c918283861492aed9aae38dbc6bbeddeb3bd54e9fb810e1,4f4a39d1dc5c0817a42009bdcb13893e3a5f8c45a1ce537095b8eb46cabea581,d96b97641ec66138,DUPG_00633,unique,0,0,1,,source_candidate,source_train,2026.0
SDBD_WSSV_8b6e50ceff,SDBD,,https://data.mendeley.com/datasets/jhrtdj9txm/3,10.17632/jhrtdj9txm.3,CC BY 4.0,3. WSSV/WSSV-117-img-1.jpg,WSSV-117-img-1.jpg,UNKNOWN_PENDING_VERIFICATION,Species pending independent provenance verification,WSSV,WSSV,1,D:\OntoShrimp_Data\ShrimpDiseaseImageBD\Root\Annotated Diseased Shrimp Images\Annotated Diseased Shrimp Images\2. WSSV\images\WSSV-117-img-1.jpg,D:\OntoShrimp_Data\ShrimpDiseaseImageBD\Root\Annotated Diseased Shrimp Images\Annotated Diseased Shrimp Images\2. WSSV\labels\WSSV-117-img-1.txt,SDBD_WSSV_0117,SDBD_WSSV_0117,2048,2048,ce616879a203b2873e325ca0fc812aef142d430168ae836482c595da636f53c9,8b6e50ceffe57fdd4a76cdfea49570194e2da8e147c6c3b8df29b2ae0ef7945f,f08927e21cee3378,DUPG_00636,unique,0,0,1,,source_candidate,source_train,2026.0
SDBD_WSSV_33e34bf721,SDBD,,https://data.mendeley.com/datasets/jhrtdj9txm/3,10.17632/jhrtdj9txm.3,CC BY 4.0,3. WSSV/WSSV-117-img-2.jpg,WSSV-117-img-2.jpg,UNKNOWN_PENDING_VERIFICATION,Species pending independent provenance verification,WSSV,WSSV,1,D:\OntoShrimp_Data\ShrimpDiseaseImageBD\Root\Annotated Diseased Shrimp Images\Annotated Diseased Shrimp Images\2. WSSV\images\WSSV-117-img-2.jpg,D:\OntoShrimp_Data\ShrimpDiseaseImageBD\Root\Annotated Diseased Shrimp Images\Annotated Diseased Shrimp Images\2. WSSV\labels\WSSV-117-img-2.txt,SDBD_WSSV_0117,SDBD_WSSV_0117,2048,2048,b45bc137822d9cce3eadb3d2b6547555bedeabb703c3c2ecd9a24cc2251488e9,33e34bf721cd31f879aa5d2c334a6b0df624b24f6c52f6b7092efc19fa6dd533,f0992f6219cc3379,DUPG_00637,unique,0,0,1,,source_candidate,source_train,2026.0
SDBD_WSSV_57d3ec9da3,SDBD,,https://data.mendeley.com/datasets/jhrtdj9txm/3,10.17632/jhrtdj9txm.3,CC BY 4.0,3. WSSV/WSSV-13-img-1.jpg,WSSV-13-img-1.jpg,UNKNOWN_PENDING_VERIFICATION,Species pending independent provenance verification,WSSV,WSSV,1,D:\OntoShrimp_Data\ShrimpDiseaseImageBD\Root\Annotated Diseased Shrimp Images\Annotated Diseased Shrimp Images\2. WSSV\images\WSSV-13-img-1.jpg,D:\OntoShrimp_Data\ShrimpDiseaseImageBD\Root\Annotated Diseased Shrimp Images\Annotated Diseased Shrimp Images\2. WSSV\labels\WSSV-13-img-1.txt,SDBD_WSSV_0013,SDBD_WSSV_0013,2048,2048,2894f7c3b95ddb7e6cc2d659e7140cb7fad923189534cb5868ca201b19fcbcab,57d3ec9da3b290675d79affbd4305ce4cf24ea53ba052018bd40c873caa103a3,ea8591d22e7f29e0,DUPG_00643,unique,0,0,1,,source_candidate,source_train,2026.0
SDBD_WSSV_d8ccc579b8,SDBD,,https://data.mendeley.com/datasets/jhrtdj9txm/3,10.17632/jhrtdj9txm.3,CC BY 4.0,3. WSSV/WSSV-13-img-2.jpg,WSSV-13-img-2.jpg,UNKNOWN_PENDING_VERIFICATION,Species pending independent provenance verification,WSSV,WSSV,1,D:\OntoShrimp_Data\ShrimpDiseaseImageBD\Root\Annotated Diseased Shrimp Images\Annotated Diseased Shrimp Images\2. WSSV\images\WSSV-13-img-2.jpg,D:\OntoShrimp_Data\ShrimpDiseaseImageBD\Root\Annotated Diseased Shrimp Images\Annotated Diseased Shrimp Images\2. WSSV\labels\WSSV-13-img-2.txt,SDBD_WSSV_0013,SDBD_WSSV_0013,2048,2048,eb6ad8cf5dff0591673b51c8e46839837ba43eec7f2cfd04c987c229ce50a48a,d8ccc579b8d7e31f23894d1ab42210c945d913063b76ef908323f3e348e9e1a6,eb94d0cb3e2f0570,DUPG_00644,unique,0,0,1,,source_candidate,source_train,2026.0
SDBD_WSSV_e2de4a941f,SDBD,,https://data.mendeley.com/datasets/jhrtdj9txm/3,10.17632/jhrtdj9txm.3,CC BY 4.0,3. WSSV/WSSV-13-img-3.jpg,WSSV-13-img-3.jpg,UNKNOWN_PENDING_VERIFICATION,Species pending independent provenance verification,WSSV,WSSV,1,D:\OntoShrimp_Data\ShrimpDiseaseImageBD\Root\Annotated Diseased Shrimp Images\Annotated Diseased Shrimp Images\2. WSSV\images\WSSV-13-img-3.jpg,D:\OntoShrimp_Data\ShrimpDiseaseImageBD\Root\Annotated Diseased Shrimp Images\Annotated Diseased Shrimp Images\2. WSSV\labels\WSSV-13-img-3.txt,SDBD_WSSV_0013,SDBD_WSSV_0013,2048,2048,bcf8e551a3a23e8f93883b310d98a3b1b0056e5364ef5948ae0c0a3043e450f4,e2de4a941f7f5c72c5c8169633207c91358dd46e22d7303adf10c7163eec9c29,fedc2041936f983c,DUPG_00645,unique,0,0,1,,source_candidate,source_train,2026.0
SDBD_WSSV_ee261632c6,SDBD,,https://data.mendeley.com/datasets/jhrtdj9txm/3,10.17632/jhrtdj9txm.3,CC BY 4.0,3. WSSV/WSSV-17-img-1.jpg,WSSV-17-img-1.jpg,UNKNOWN_PENDING_VERIFICATION,Species pending independent provenance verification,WSSV,WSSV,1,D:\OntoShrimp_Data\ShrimpDiseaseImageBD\Root\Annotated Diseased Shrimp Images\Annotated Diseased Shrimp Images\2. WSSV\images\WSSV-17-img-1.jpg,D:\OntoShrimp_Data\ShrimpDiseaseImageBD\Root\Annotated Diseased Shrimp Images\Annotated Diseased Shrimp Images\2. WSSV\labels\WSSV-17-img-1.txt,SDBD_WSSV_0017,SDBD_WSSV_0017,2048,2048,863c7c1fb53bb3913f5144d412280e5b8af559206a46d69cbfe6514543cbfed0,ee261632c6ecfb384bd668f4fec3ba22a04b960065a858073dd11577411310b6,fee0d29f306c4398,DUPG_00655,unique,0,0,1,,source_candidate,source_train,2026.0
SDBD_WSSV_765de190d1,SDBD,,https://data.mendeley.com/datasets/jhrtdj9txm/3,10.17632/jhrtdj9txm.3,CC BY 4.0,3. WSSV/WSSV-17-img-2.jpg,WSSV-17-img-2.jpg,UNKNOWN_PENDING_VERIFICATION,Species pending independent provenance verification,WSSV,WSSV,1,D:\OntoShrimp_Data\ShrimpDiseaseImageBD\Root\Annotated Diseased Shrimp Images\Annotated Diseased Shrimp Images\2. WSSV\images\WSSV-17-img-2.jpg,D:\OntoShrimp_Data\ShrimpDiseaseImageBD\Root\Annotated Diseased Shrimp Images\Annotated Diseased Shrimp Images\2. WSSV\labels\WSSV-17-img-2.txt,SDBD_WSSV_0017,SDBD_WSSV_0017,2048,2048,e3f6686176517d2aeefaf73bed7ff43d249e5701243a2847a23f13f710648bea,765de190d104b1d20cc18e0293081c752ddc9b7010ccfa0f5089ffab2e5507f3,ffe09087b86e4338,DUPG_00656,unique,0,0,1,,source_candidate,source_train,2026.0
SDBD_WSSV_f26616e359,SDBD,,https://data.mendeley.com/datasets/jhrtdj9txm/3,10.17632/jhrtdj9txm.3,CC BY 4.0,3. WSSV/WSSV-17-img-3.jpg,WSSV-17-img-3.jpg,UNKNOWN_PENDING_VERIFICATION,Species pending independent provenance verification,WSSV,WSSV,1,D:\OntoShrimp_Data\ShrimpDiseaseImageBD\Root\Annotated Diseased Shrimp Images\Annotated Diseased Shrimp Images\2. WSSV\images\WSSV-17-img-3.jpg,D:\OntoShrimp_Data\ShrimpDiseaseImageBD\Root\Annotated Diseased Shrimp Images\Annotated Diseased Shrimp Images\2. WSSV\labels\WSSV-17-img-3.txt,SDBD_WSSV_0017,SDBD_WSSV_0017,2048,2048,f0536908e7b3d66b038a74243e414134df026a00fddd59bda1ce262c978d281c,f26616e3591928e9d9e1bd202dcb941f79ae6ca6877b8bdeb033f452ed7bba19,fa80b57c96325bc4,DUPG_00657,unique,0,0,1,,source_candidate,source_train,2026.0
SDBD_WSSV_fb660a8fbc,SDBD,,https://data.mendeley.com/datasets/jhrtdj9txm/3,10.17632/jhrtdj9txm.3,CC BY 4.0,3. WSSV/WSSV-18-img-1.jpg,WSSV-18-img-1.jpg,UNKNOWN_PENDING_VERIFICATION,Species pending independent provenance verification,WSSV,WSSV,1,D:\OntoShrimp_Data\ShrimpDiseaseImageBD\Root\Annotated Diseased Shrimp Images\Annotated Diseased Shrimp Images\2. WSSV\images\WSSV-18-img-1.jpg,D:\OntoShrimp_Data\ShrimpDiseaseImageBD\Root\Annotated Diseased Shrimp Images\Annotated Diseased Shrimp Images\2. WSSV\labels\WSSV-18-img-1.txt,SDBD_WSSV_0018,SDBD_WSSV_0018,2048,2048,cb5e82c7434837714c1b7dfafda2dc78a3210160168a651a64900cdccebecfde,fb660a8fbcd4d7f07ffcfb0b23b65bfe766f3f62926202057ec1c52275d811f7,a6c2da6dd939c930,DUPG_00658,unique,0,0,1,,source_candidate,source_train,2026.0
SDBD_WSSV_ad718d2c94,SDBD,,https://data.mendeley.com/datasets/jhrtdj9txm/3,10.17632/jhrtdj9txm.3,CC BY 4.0,3. WSSV/WSSV-18-img-2.jpg,WSSV-18-img-2.jpg,UNKNOWN_PENDING_VERIFICATION,Species pending independent provenance verification,WSSV,WSSV,1,D:\OntoShrimp_Data\ShrimpDiseaseImageBD\Root\Annotated Diseased Shrimp Images\Annotated Diseased Shrimp Images\2. WSSV\images\WSSV-18-img-2.jpg,D:\OntoShrimp_Data\ShrimpDiseaseImageBD\Root\Annotated Diseased Shrimp Images\Annotated Diseased Shrimp Images\2. WSSV\labels\WSSV-18-img-2.txt,SDBD_WSSV_0018,SDBD_WSSV_0018,2048,2048,e146d17c2b28883bb0a50ec64e3679e3b3d63c69b8a89eca8043fde87e676656,ad718d2c94ece2ed165bbcde849ec0b64d3cf5cc2b732ab3484bdadb3ba970e2,eaa1d05a2dc4f51e,DUPG_00659,unique,0,0,1,,source_candidate,source_train,2026.0
SDBD_WSSV_ec703d7eb7,SDBD,,https://data.mendeley.com/datasets/jhrtdj9txm/3,10.17632/jhrtdj9txm.3,CC BY 4.0,3. WSSV/WSSV-18-img-3.jpg,WSSV-18-img-3.jpg,UNKNOWN_PENDING_VERIFICATION,Species pending independent provenance verification,WSSV,WSSV,1,D:\OntoShrimp_Data\ShrimpDiseaseImageBD\Root\Annotated Diseased Shrimp Images\Annotated Diseased Shrimp Images\2. WSSV\images\WSSV-18-img-3.jpg,D:\OntoShrimp_Data\ShrimpDiseaseImageBD\Root\Annotated Diseased Shrimp Images\Annotated Diseased Shrimp Images\2. WSSV\labels\WSSV-18-img-3.txt,SDBD_WSSV_0018,SDBD_WSSV_0018,2048,2048,cb20f18c08904e307b2d8383c14cce8fa2a4d03710fe5db71e9076a62f1594a0,ec703d7eb788648f7c7fcb5f1ddacf6995719c51b9d2a07fe8b3f0607bddcde2,ff806060952fde3c,DUPG_00660,unique,0,0,1,,source_candidate,source_train,2026.0
SDBD_WSSV_9e142bfab3,SDBD,,https://data.mendeley.com/datasets/jhrtdj9txm/3,10.17632/jhrtdj9txm.3,CC BY 4.0,3. WSSV/WSSV-2-img-1.jpg,WSSV-2-img-1.jpg,UNKNOWN_PENDING_VERIFICATION,Species pending independent provenance verification,WSSV,WSSV,1,D:\OntoShrimp_Data\ShrimpDiseaseImageBD\Root\Annotated Diseased Shrimp Images\Annotated Diseased Shrimp Images\2. WSSV\images\WSSV-2-img-1.jpg,D:\OntoShrimp_Data\ShrimpDiseaseImageBD\Root\Annotated Diseased Shrimp Images\Annotated Diseased Shrimp Images\2. WSSV\labels\WSSV-2-img-1.txt,SDBD_WSSV_0002,SDBD_WSSV_0002,2048,2048,36b04d974962ded90cee13f4073aa426169879fdb2be08f2df4c1742af98f5ad,9e142bfab34d18beddcfd1c3f1b4b223c1d42740201482ed3e897f0f8178f772,aa96423d96c33d96,DUPG_00664,unique,0,0,1,,source_candidate,source_train,2026.0
SDBD_WSSV_bea5d8c0ec,SDBD,,https://data.mendeley.com/datasets/jhrtdj9txm/3,10.17632/jhrtdj9txm.3,CC BY 4.0,3. WSSV/WSSV-2-img-2.jpg,WSSV-2-img-2.jpg,UNKNOWN_PENDING_VERIFICATION,Species pending independent provenance verification,WSSV,WSSV,1,D:\OntoShrimp_Data\ShrimpDiseaseImageBD\Root\Annotated Diseased Shrimp Images\Annotated Diseased Shrimp Images\2. WSSV\images\WSSV-2-img-2.jpg,D:\OntoShrimp_Data\ShrimpDiseaseImageBD\Root\Annotated Diseased Shrimp Images\Annotated Diseased Shrimp Images\2. WSSV\labels\WSSV-2-img-2.txt,SDBD_WSSV_0002,SDBD_WSSV_0002,2048,2048,ad05ddc55e192c28cbb331eaeb408b5ba51db314ecb09ca21de7d317249c42cd,bea5d8c0ecea8b5bffacf11a5aae9ac0e5ff98d356bc8fcd197cc66926b1165b,bd96c1341ec9643b,DUPG_00665,unique,0,0,1,,source_candidate,source_train,2026.0
SDBD_WSSV_2faf70fa5d,SDBD,,https://data.mendeley.com/datasets/jhrtdj9txm/3,10.17632/jhrtdj9txm.3,CC BY 4.0,3. WSSV/WSSV-2-img-3.jpg,WSSV-2-img-3.jpg,UNKNOWN_PENDING_VERIFICATION,Species pending independent provenance verification,WSSV,WSSV,1,D:\OntoShrimp_Data\ShrimpDiseaseImageBD\Root\Annotated Diseased Shrimp Images\Annotated Diseased Shrimp Images\2. WSSV\images\WSSV-2-img-3.jpg,D:\OntoShrimp_Data\ShrimpDiseaseImageBD\Root\Annotated Diseased Shrimp Images\Annotated Diseased Shrimp Images\2. WSSV\labels\WSSV-2-img-3.txt,SDBD_WSSV_0002,SDBD_WSSV_0002,2048,2048,cb6fd26097c683b9e00c6e4ebeac256b21a2609e4c2512d49df658c4f2b3fec1,2faf70fa5d951bb808266133d2f6d9989f91ed8988aa46743e7f3dd930859dbe,f4d2c5a7388cc663,DUPG_00666,unique,0,0,1,,source_candidate,source_train,2026.0
SDBD_WSSV_c78a6916ba,SDBD,,https://data.mendeley.com/datasets/jhrtdj9txm/3,10.17632/jhrtdj9txm.3,CC BY 4.0,3. WSSV/WSSV-20-img-1.jpg,WSSV-20-img-1.jpg,UNKNOWN_PENDING_VERIFICATION,Species pending independent provenance verification,WSSV,WSSV,1,D:\OntoShrimp_Data\ShrimpDiseaseImageBD\Root\Annotated Diseased Shrimp Images\Annotated Diseased Shrimp Images\2. WSSV\images\WSSV-20-img-1.jpg,D:\OntoShrimp_Data\ShrimpDiseaseImageBD\Root\Annotated Diseased Shrimp Images\Annotated Diseased Shrimp Images\2. WSSV\labels\WSSV-20-img-1.txt,SDBD_WSSV_0020,SDBD_WSSV_0020,2048,2048,f19b3c7805efc0dfae87bfbac630e52124164480b81bebc0036ef369bdfb44e9,c78a6916baee4b45805416272bb92689b7fb5c31ff04b560d061850c5357458b,bf85c1788e93989a,DUPG_00667,unique,0,0,1,,source_candidate,source_train,2026.0
SDBD_WSSV_058829850b,SDBD,,https://data.mendeley.com/datasets/jhrtdj9txm/3,10.17632/jhrtdj9txm.3,CC BY 4.0,3. WSSV/WSSV-20-img-2.jpg,WSSV-20-img-2.jpg,UNKNOWN_PENDING_VERIFICATION,Species pending independent provenance verification,WSSV,WSSV,1,D:\OntoShrimp_Data\ShrimpDiseaseImageBD\Root\Annotated Diseased Shrimp Images\Annotated Diseased Shrimp Images\2. WSSV\images\WSSV-20-img-2.jpg,D:\OntoShrimp_Data\ShrimpDiseaseImageBD\Root\Annotated Diseased Shrimp Images\Annotated Diseased Shrimp Images\2. WSSV\labels\WSSV-20-img-2.txt,SDBD_WSSV_0020,SDBD_WSSV_0020,2048,2048,41b7d65913cb1b85fef74b86b00e4b9fc59ec46196bf6459a22d5e9cc806e3ba,058829850bd22a01e2957c5dd167a8677aed2e85625770b7075cada6d8f56855,becce2588e93988e,DUPG_00668,unique,0,0,1,,source_candidate,source_train,2026.0
SDBD_WSSV_bf402f75b9,SDBD,,https://data.mendeley.com/datasets/jhrtdj9txm/3,10.17632/jhrtdj9txm.3,CC BY 4.0,3. WSSV/WSSV-20-img-3.jpg,WSSV-20-img-3.jpg,UNKNOWN_PENDING_VERIFICATION,Species pending independent provenance verification,WSSV,WSSV,1,D:\OntoShrimp_Data\ShrimpDiseaseImageBD\Root\Annotated Diseased Shrimp Images\Annotated Diseased Shrimp Images\2. WSSV\images\WSSV-20-img-3.jpg,D:\OntoShrimp_Data\ShrimpDiseaseImageBD\Root\Annotated Diseased Shrimp Images\Annotated Diseased Shrimp Images\2. WSSV\labels\WSSV-20-img-3.txt,SDBD_WSSV_0020,SDBD_WSSV_0020,2048,2048,80f284a90a848620a1b54794ae935b02f16a7738e5e75f5ac241dfc67b6f1c7e,bf402f75b9da8d0f672eb34ff4bfbed46410be69344ced7d9f2e0e0c630f69a7,fae5c01b2de00b97,DUPG_00669,unique,0,0,1,,source_candidate,source_train,2026.0
SDBD_WSSV_76722547f6,SDBD,,https://data.mendeley.com/datasets/jhrtdj9txm/3,10.17632/jhrtdj9txm.3,CC BY 4.0,3. WSSV/WSSV-21-img-1.jpg,WSSV-21-img-1.jpg,UNKNOWN_PENDING_VERIFICATION,Species pending independent provenance verification,WSSV,WSSV,1,D:\OntoShrimp_Data\ShrimpDiseaseImageBD\Root\Annotated Diseased Shrimp Images\Annotated Diseased Shrimp Images\2. WSSV\images\WSSV-21-img-1.jpg,D:\OntoShrimp_Data\ShrimpDiseaseImageBD\Root\Annotated Diseased Shrimp Images\Annotated Diseased Shrimp Images\2. WSSV\labels\WSSV-21-img-1.txt,SDBD_WSSV_0021,SDBD_WSSV_0021,2048,2048,43513659ca5633961e96b405495cc79bb50d315262af3eaf89b5102c7d1a34b4,76722547f6b8b755422650dcbba8ddd57a698377fc458f6fa2d89612f266caaa,eb85353ec22b49e4,DUPG_00670,unique,0,0,1,,source_candidate,source_train,2026.0
SDBD_WSSV_8ecf15920f,SDBD,,https://data.mendeley.com/datasets/jhrtdj9txm/3,10.17632/jhrtdj9txm.3,CC BY 4.0,3. WSSV/WSSV-21-img-2.jpg,WSSV-21-img-2.jpg,UNKNOWN_PENDING_VERIFICATION,Species pending independent provenance verification,WSSV,WSSV,1,D:\OntoShrimp_Data\ShrimpDiseaseImageBD\Root\Annotated Diseased Shrimp Images\Annotated Diseased Shrimp Images\2. WSSV\images\WSSV-21-img-2.jpg,D:\OntoShrimp_Data\ShrimpDiseaseImageBD\Root\Annotated Diseased Shrimp Images\Annotated Diseased Shrimp Images\2. WSSV\labels\WSSV-21-img-2.txt,SDBD_WSSV_0021,SDBD_WSSV_0021,2048,2048,29fde0d6b80d14c57bc01265270ad8359a1e2387cb5540490e2998bc662ba311,8ecf15920f862c37a58fc2532754cb03476f612da79209375b5eb5cf66186e2b,f835c74e85629665,DUPG_00671,canonical,0,0,1,,source_candidate,source_train,2026.0
SDBD_WSSV_def6e888df,SDBD,,https://data.mendeley.com/datasets/jhrtdj9txm/3,10.17632/jhrtdj9txm.3,CC BY 4.0,3. WSSV/WSSV-22-img-1.jpg,WSSV-22-img-1.jpg,UNKNOWN_PENDING_VERIFICATION,Species pending independent provenance verification,WSSV,WSSV,1,D:\OntoShrimp_Data\ShrimpDiseaseImageBD\Root\Annotated Diseased Shrimp Images\Annotated Diseased Shrimp Images\2. WSSV\images\WSSV-22-img-1.jpg,D:\OntoShrimp_Data\ShrimpDiseaseImageBD\Root\Annotated Diseased Shrimp Images\Annotated Diseased Shrimp Images\2. WSSV\labels\WSSV-22-img-1.txt,SDBD_WSSV_0022,SDBD_WSSV_0022,2048,2048,121efa8eb102a8304a62009efd05f5437bf0163569bddeee055c9a5f39d42c5f,def6e888df3badc4a24dde00a04111ab147ca3a1368a975e9145769861676bbc,faa5d14a2d6bc4c2,DUPG_00672,unique,0,0,1,,source_candidate,source_train,2026.0
SDBD_WSSV_28e281a67f,SDBD,,https://data.mendeley.com/datasets/jhrtdj9txm/3,10.17632/jhrtdj9txm.3,CC BY 4.0,3. WSSV/WSSV-22-img-2.jpg,WSSV-22-img-2.jpg,UNKNOWN_PENDING_VERIFICATION,Species pending independent provenance verification,WSSV,WSSV,1,D:\OntoShrimp_Data\ShrimpDiseaseImageBD\Root\Annotated Diseased Shrimp Images\Annotated Diseased Shrimp Images\2. WSSV\images\WSSV-22-img-2.jpg,D:\OntoShrimp_Data\ShrimpDiseaseImageBD\Root\Annotated Diseased Shrimp Images\Annotated Diseased Shrimp Images\2. WSSV\labels\WSSV-22-img-2.txt,SDBD_WSSV_0022,SDBD_WSSV_0022,2048,2048,31912102ef013d5c23b607d8f2fa0165bcbf0f3d205cf1669d4a3fca2a115086,28e281a67f5b91940c39c315f3b2be6e6c737072ff55942361179009b1a60da4,faad91c22c69b7c0,DUPG_00673,unique,0,0,1,,source_candidate,source_train,2026.0
SDBD_WSSV_0e00fe55a6,SDBD,,https://data.mendeley.com/datasets/jhrtdj9txm/3,10.17632/jhrtdj9txm.3,CC BY 4.0,3. WSSV/WSSV-23-img-1.jpg,WSSV-23-img-1.jpg,UNKNOWN_PENDING_VERIFICATION,Species pending independent provenance verification,WSSV,WSSV,1,D:\OntoShrimp_Data\ShrimpDiseaseImageBD\Root\Annotated Diseased Shrimp Images\Annotated Diseased Shrimp Images\2. WSSV\images\WSSV-23-img-1.jpg,D:\OntoShrimp_Data\ShrimpDiseaseImageBD\Root\Annotated Diseased Shrimp Images\Annotated Diseased Shrimp Images\2. WSSV\labels\WSSV-23-img-1.txt,SDBD_WSSV_0023,SDBD_WSSV_0023,2048,2048,80d203769470cf43e2b110d3ca97fe29c322dfc60e5623a1fbd3be0076f554f7,0e00fe55a636d32477472a0b159381fb8499271f1aba088fcc4a25b4bff77891,ffa0869e604fda90,DUPG_00674,unique,0,0,1,,source_candidate,source_train,2026.0
SDBD_WSSV_d90f4a4484,SDBD,,https://data.mendeley.com/datasets/jhrtdj9txm/3,10.17632/jhrtdj9txm.3,CC BY 4.0,3. WSSV/WSSV-23-img-2.jpg,WSSV-23-img-2.jpg,UNKNOWN_PENDING_VERIFICATION,Species pending independent provenance verification,WSSV,WSSV,1,D:\OntoShrimp_Data\ShrimpDiseaseImageBD\Root\Annotated Diseased Shrimp Images\Annotated Diseased Shrimp Images\2. WSSV\images\WSSV-23-img-2.jpg,D:\OntoShrimp_Data\ShrimpDiseaseImageBD\Root\Annotated Diseased Shrimp Images\Annotated Diseased Shrimp Images\2. WSSV\labels\WSSV-23-img-2.txt,SDBD_WSSV_0023,SDBD_WSSV_0023,2048,2048,657a81fab126bd0bfeb98bef4dfaa60722b30de3e45f9a55bdb3af3302833e7f,d90f4a44841b472e00bea27101589a870fc2caa438ca9832b9ee0ab35ef43633,eda8c0973c6843de,DUPG_00675,unique,0,0,1,,source_candidate,source_train,2026.0
SDBD_WSSV_46a28d87e4,SDBD,,https://data.mendeley.com/datasets/jhrtdj9txm/3,10.17632/jhrtdj9txm.3,CC BY 4.0,3. WSSV/WSSV-23-img-3.jpg,WSSV-23-img-3.jpg,UNKNOWN_PENDING_VERIFICATION,Species pending independent provenance verification,WSSV,WSSV,1,D:\OntoShrimp_Data\ShrimpDiseaseImageBD\Root\Annotated Diseased Shrimp Images\Annotated Diseased Shrimp Images\2. WSSV\images\WSSV-23-img-3.jpg,D:\OntoShrimp_Data\ShrimpDiseaseImageBD\Root\Annotated Diseased Shrimp Images\Annotated Diseased Shrimp Images\2. WSSV\labels\WSSV-23-img-3.txt,SDBD_WSSV_0023,SDBD_WSSV_0023,2048,2048,d3ba436507954e7eb2ca743200dad1cfc78415ca663966a40bb1ab7b05779c3d,46a28d87e40106851fd04505815b8f7f989c40c0a85ddc671b0f67bb6a9f13b8,faca942dc11e6a8b,DUPG_00676,unique,0,0,1,,source_candidate,source_train,2026.0
SDBD_WSSV_cc16005096,SDBD,,https://data.mendeley.com/datasets/jhrtdj9txm/3,10.17632/jhrtdj9txm.3,CC BY 4.0,3. WSSV/WSSV-24-img-1.jpg,WSSV-24-img-1.jpg,UNKNOWN_PENDING_VERIFICATION,Species pending independent provenance verification,WSSV,WSSV,1,D:\OntoShrimp_Data\ShrimpDiseaseImageBD\Root\Annotated Diseased Shrimp Images\Annotated Diseased Shrimp Images\2. WSSV\images\WSSV-24-img-1.jpg,D:\OntoShrimp_Data\ShrimpDiseaseImageBD\Root\Annotated Diseased Shrimp Images\Annotated Diseased Shrimp Images\2. WSSV\labels\WSSV-24-img-1.txt,SDBD_WSSV_0024,SDBD_WSSV_0024,2048,2048,deab5950607524fd9594e1c62f2646c6dccc3c29167b692383ce3e98b35bad0a,cc1600509640b3c2995854a2fee95fb1fbff0e4c3755134f9b3200f71a6ab952,ea8ab46dc23e6983,DUPG_00677,unique,0,0,1,,source_candidate,source_train,2026.0
SDBD_WSSV_d9048370f5,SDBD,,https://data.mendeley.com/datasets/jhrtdj9txm/3,10.17632/jhrtdj9txm.3,CC BY 4.0,3. WSSV/WSSV-24-img-2.jpg,WSSV-24-img-2.jpg,UNKNOWN_PENDING_VERIFICATION,Species pending independent provenance verification,WSSV,WSSV,1,D:\OntoShrimp_Data\ShrimpDiseaseImageBD\Root\Annotated Diseased Shrimp Images\Annotated Diseased Shrimp Images\2. WSSV\images\WSSV-24-img-2.jpg,D:\OntoShrimp_Data\ShrimpDiseaseImageBD\Root\Annotated Diseased Shrimp Images\Annotated Diseased Shrimp Images\2. WSSV\labels\WSSV-24-img-2.txt,SDBD_WSSV_0024,SDBD_WSSV_0024,2048,2048,7efdaf45aa9e001febb64d09144f81d0ce051bbdcde61f6e1ba0a150da7d14cf,d9048370f534c9ddf8d49bc7228b7050cbed3b8c9780c4cb0048bb492970b2b3,eb8a942dcbca3cc1,DUPG_00678,unique,0,0,1,,source_candidate,source_train,2026.0
SDBD_WSSV_fc0a4f9e4e,SDBD,,https://data.mendeley.com/datasets/jhrtdj9txm/3,10.17632/jhrtdj9txm.3,CC BY 4.0,3. WSSV/WSSV-24-img-3.jpg,WSSV-24-img-3.jpg,UNKNOWN_PENDING_VERIFICATION,Species pending independent provenance verification,WSSV,WSSV,1,D:\OntoShrimp_Data\ShrimpDiseaseImageBD\Root\Annotated Diseased Shrimp Images\Annotated Diseased Shrimp Images\2. WSSV\images\WSSV-24-img-3.jpg,D:\OntoShrimp_Data\ShrimpDiseaseImageBD\Root\Annotated Diseased Shrimp Images\Annotated Diseased Shrimp Images\2. WSSV\labels\WSSV-24-img-3.txt,SDBD_WSSV_0024,SDBD_WSSV_0024,2048,2048,3f8979ec9c2c0db1fdb3e3d6207309c609dc9550c7399a082690593715dabafd,fc0a4f9e4ed0f67ce1766dcbf9c400e88d29a6350aa8ea8f7c17d89bfcb6ad3e,edc39636c10b3ec1,DUPG_00679,unique,0,0,1,,source_candidate,source_train,2026.0
SDBD_WSSV_20192a79e7,SDBD,,https://data.mendeley.com/datasets/jhrtdj9txm/3,10.17632/jhrtdj9txm.3,CC BY 4.0,3. WSSV/WSSV-25-img-1.jpg,WSSV-25-img-1.jpg,UNKNOWN_PENDING_VERIFICATION,Species pending independent provenance verification,WSSV,WSSV,1,D:\OntoShrimp_Data\ShrimpDiseaseImageBD\Root\Annotated Diseased Shrimp Images\Annotated Diseased Shrimp Images\2. WSSV\images\WSSV-25-img-1.jpg,D:\OntoShrimp_Data\ShrimpDiseaseImageBD\Root\Annotated Diseased Shrimp Images\Annotated Diseased Shrimp Images\2. WSSV\labels\WSSV-25-img-1.txt,SDBD_WSSV_0025,SDBD_WSSV_0025,2048,2048,955025d5b6a990be01682e08351770b81e09c9ea86e58c36acab5d3ff160e2d7,20192a79e7c53465dcf72946b3494c22ef9bf82047b6a076a0c1754573efd093,ffe0874b68879419,DUPG_00680,unique,0,0,1,,source_candidate,source_train,2026.0
SDBD_WSSV_4b6bf74013,SDBD,,https://data.mendeley.com/datasets/jhrtdj9txm/3,10.17632/jhrtdj9txm.3,CC BY 4.0,3. WSSV/WSSV-25-img-2.jpg,WSSV-25-img-2.jpg,UNKNOWN_PENDING_VERIFICATION,Species pending independent provenance verification,WSSV,WSSV,1,D:\OntoShrimp_Data\ShrimpDiseaseImageBD\Root\Annotated Diseased Shrimp Images\Annotated Diseased Shrimp Images\2. WSSV\images\WSSV-25-img-2.jpg,D:\OntoShrimp_Data\ShrimpDiseaseImageBD\Root\Annotated Diseased Shrimp Images\Annotated Diseased Shrimp Images\2. WSSV\labels\WSSV-25-img-2.txt,SDBD_WSSV_0025,SDBD_WSSV_0025,2048,2048,36f7dfb9615c431646350e6118c5735bf51a05e79445f46a1137770f866fdc49,4b6bf74013c7534f54b5793f585f853f37faca382cf87b24b8c39d0b2c0a5fed,efe0871f6007b41b,DUPG_00681,unique,0,0,1,,source_candidate,source_train,2026.0
SDBD_WSSV_25cb1a3766,SDBD,,https://data.mendeley.com/datasets/jhrtdj9txm/3,10.17632/jhrtdj9txm.3,CC BY 4.0,3. WSSV/WSSV-25-img-3.jpg,WSSV-25-img-3.jpg,UNKNOWN_PENDING_VERIFICATION,Species pending independent provenance verification,WSSV,WSSV,1,D:\OntoShrimp_Data\ShrimpDiseaseImageBD\Root\Annotated Diseased Shrimp Images\Annotated Diseased Shrimp Images\2. WSSV\images\WSSV-25-img-3.jpg,D:\OntoShrimp_Data\ShrimpDiseaseImageBD\Root\Annotated Diseased Shrimp Images\Annotated Diseased Shrimp Images\2. WSSV\labels\WSSV-25-img-3.txt,SDBD_WSSV_0025,SDBD_WSSV_0025,2048,2048,174e517b75645f04ee9888dccf51bc6ed2a989130c3daa1e4ac6e218aef8abdd,25cb1a37667b061c293ba4618bda5538d680e28eda2cb9c4810377d49de3c294,faca85659ec2781a,DUPG_00682,unique,0,0,1,,source_candidate,source_train,2026.0
SDBD_WSSV_58b0c14642,SDBD,,https://data.mendeley.com/datasets/jhrtdj9txm/3,10.17632/jhrtdj9txm.3,CC BY 4.0,3. WSSV/WSSV-26-img-1.jpg,WSSV-26-img-1.jpg,UNKNOWN_PENDING_VERIFICATION,Species pending independent provenance verification,WSSV,WSSV,1,D:\OntoShrimp_Data\ShrimpDiseaseImageBD\Root\Annotated Diseased Shrimp Images\Annotated Diseased Shrimp Images\2. WSSV\images\WSSV-26-img-1.jpg,D:\OntoShrimp_Data\ShrimpDiseaseImageBD\Root\Annotated Diseased Shrimp Images\Annotated Diseased Shrimp Images\2. WSSV\labels\WSSV-26-img-1.txt,SDBD_WSSV_0026,SDBD_WSSV_0026,2048,2048,9e9ae7f43b3934009cec2176e98226ae63a30e77cfe93b932b2d6d042fb0215d,58b0c14642280e3c35f3cbf7b33c5491249c7e25d4124200c8f015b0e7b05f23,e22e88b79453734b,DUPG_00683,unique,0,0,1,,source_candidate,source_train,2026.0
SDBD_WSSV_97db1c0837,SDBD,,https://data.mendeley.com/datasets/jhrtdj9txm/3,10.17632/jhrtdj9txm.3,CC BY 4.0,3. WSSV/WSSV-26-img-2.jpg,WSSV-26-img-2.jpg,UNKNOWN_PENDING_VERIFICATION,Species pending independent provenance verification,WSSV,WSSV,1,D:\OntoShrimp_Data\ShrimpDiseaseImageBD\Root\Annotated Diseased Shrimp Images\Annotated Diseased Shrimp Images\2. WSSV\images\WSSV-26-img-2.jpg,D:\OntoShrimp_Data\ShrimpDiseaseImageBD\Root\Annotated Diseased Shrimp Images\Annotated Diseased Shrimp Images\2. WSSV\labels\WSSV-26-img-2.txt,SDBD_WSSV_0026,SDBD_WSSV_0026,2048,2048,85f0cd85186696aceb9713f95a9b201ec7da2695a6c9395ea347e3adfdcbe598,97db1c0837331d1aedbd2123e7e6dc27e465f7e1f7bf104b9e1f65185fe4d692,f34c8db59413686b,DUPG_00684,unique,0,0,1,,source_candidate,source_train,2026.0
SDBD_WSSV_e07df692c6,SDBD,,https://data.mendeley.com/datasets/jhrtdj9txm/3,10.17632/jhrtdj9txm.3,CC BY 4.0,3. WSSV/WSSV-26-img-3.jpg,WSSV-26-img-3.jpg,UNKNOWN_PENDING_VERIFICATION,Species pending independent provenance verification,WSSV,WSSV,1,D:\OntoShrimp_Data\ShrimpDiseaseImageBD\Root\Annotated Diseased Shrimp Images\Annotated Diseased Shrimp Images\2. WSSV\images\WSSV-26-img-3.jpg,D:\OntoShrimp_Data\ShrimpDiseaseImageBD\Root\Annotated Diseased Shrimp Images\Annotated Diseased Shrimp Images\2. WSSV\labels\WSSV-26-img-3.txt,SDBD_WSSV_0026,SDBD_WSSV_0026,2048,2048,fd2ec95f30c04a59d3e574004ecffe574559991c57c23638346b2d7cafcad5db,e07df692c6719bc1f93ca9d31eecff04394cb8d2b608dec640b9b1da8b53be9a,edcab40dcbe04c93,DUPG_00685,unique,0,0,1,,source_candidate,source_train,2026.0
SDBD_WSSV_485d83d9ba,SDBD,,https://data.mendeley.com/datasets/jhrtdj9txm/3,10.17632/jhrtdj9txm.3,CC BY 4.0,3. WSSV/WSSV-27-img-1.jpg,WSSV-27-img-1.jpg,UNKNOWN_PENDING_VERIFICATION,Species pending independent provenance verification,WSSV,WSSV,1,D:\OntoShrimp_Data\ShrimpDiseaseImageBD\Root\Annotated Diseased Shrimp Images\Annotated Diseased Shrimp Images\2. WSSV\images\WSSV-27-img-1.jpg,D:\OntoShrimp_Data\ShrimpDiseaseImageBD\Root\Annotated Diseased Shrimp Images\Annotated Diseased Shrimp Images\2. WSSV\labels\WSSV-27-img-1.txt,SDBD_WSSV_0027,SDBD_WSSV_0027,2048,2048,2f6a3005e778d1e6991cb221670c334a1b82c9c4b492ecd7173ac7caa10c9d81,485d83d9ba56a7e61631f2fc5acff11605da26bcdbd575a089db24db88df803f,f24ec9ec89b1a698,DUPG_00686,unique,0,0,1,,source_candidate,source_train,2026.0
SDBD_WSSV_28f1f40f9e,SDBD,,https://data.mendeley.com/datasets/jhrtdj9txm/3,10.17632/jhrtdj9txm.3,CC BY 4.0,3. WSSV/WSSV-27-img-2.jpg,WSSV-27-img-2.jpg,UNKNOWN_PENDING_VERIFICATION,Species pending independent provenance verification,WSSV,WSSV,1,D:\OntoShrimp_Data\ShrimpDiseaseImageBD\Root\Annotated Diseased Shrimp Images\Annotated Diseased Shrimp Images\2. WSSV\images\WSSV-27-img-2.jpg,D:\OntoShrimp_Data\ShrimpDiseaseImageBD\Root\Annotated Diseased Shrimp Images\Annotated Diseased Shrimp Images\2. WSSV\labels\WSSV-27-img-2.txt,SDBD_WSSV_0027,SDBD_WSSV_0027,2048,2048,0666cc28258abc6ed47535a47c2895a0b21a15f92bb6183d7d1ff47082f09c56,28f1f40f9efac1d26d3e0f84105d04e2c35d44c2305c279dc3897ca65fbb43b8,f26ecdc98fa28690,DUPG_00687,unique,0,0,1,,source_candidate,source_train,2026.0
SDBD_WSSV_3285e411a8,SDBD,,https://data.mendeley.com/datasets/jhrtdj9txm/3,10.17632/jhrtdj9txm.3,CC BY 4.0,3. WSSV/WSSV-27-img-3.jpg,WSSV-27-img-3.jpg,UNKNOWN_PENDING_VERIFICATION,Species pending independent provenance verification,WSSV,WSSV,1,D:\OntoShrimp_Data\ShrimpDiseaseImageBD\Root\Annotated Diseased Shrimp Images\Annotated Diseased Shrimp Images\2. WSSV\images\WSSV-27-img-3.jpg,D:\OntoShrimp_Data\ShrimpDiseaseImageBD\Root\Annotated Diseased Shrimp Images\Annotated Diseased Shrimp Images\2. WSSV\labels\WSSV-27-img-3.txt,SDBD_WSSV_0027,SDBD_WSSV_0027,2048,2048,b05d7139e2586cedd4e7ac1c1afdcc31b1836096448c1095c3ec075cd402008f,3285e411a8f93eb7fb0703dbf6e3cef32a88f5ad98a0b3888478059c5d9d5750,bfc1c0dc969293d8,DUPG_00688,unique,0,0,1,,source_candidate,source_train,2026.0
SDBD_WSSV_d434e1d7d5,SDBD,,https://data.mendeley.com/datasets/jhrtdj9txm/3,10.17632/jhrtdj9txm.3,CC BY 4.0,3. WSSV/WSSV-28-img-1.jpg,WSSV-28-img-1.jpg,UNKNOWN_PENDING_VERIFICATION,Species pending independent provenance verification,WSSV,WSSV,1,D:\OntoShrimp_Data\ShrimpDiseaseImageBD\Root\Annotated Diseased Shrimp Images\Annotated Diseased Shrimp Images\2. WSSV\images\WSSV-28-img-1.jpg,D:\OntoShrimp_Data\ShrimpDiseaseImageBD\Root\Annotated Diseased Shrimp Images\Annotated Diseased Shrimp Images\2. WSSV\labels\WSSV-28-img-1.txt,SDBD_WSSV_0028,SDBD_WSSV_0028,2048,2048,61654967765598035738db02511b959f5ce6d57c00c22747c9480e30551e57d9,d434e1d7d52eefe60551ee0911872d480374cc6a1160a5b40d8bfa9d08baf0ad,eff0930f38874239,DUPG_00689,unique,0,0,1,,source_candidate,source_train,2026.0
SDBD_WSSV_db7738087b,SDBD,,https://data.mendeley.com/datasets/jhrtdj9txm/3,10.17632/jhrtdj9txm.3,CC BY 4.0,3. WSSV/WSSV-28-img-2.jpg,WSSV-28-img-2.jpg,UNKNOWN_PENDING_VERIFICATION,Species pending independent provenance verification,WSSV,WSSV,1,D:\OntoShrimp_Data\ShrimpDiseaseImageBD\Root\Annotated Diseased Shrimp Images\Annotated Diseased Shrimp Images\2. WSSV\images\WSSV-28-img-2.jpg,D:\OntoShrimp_Data\ShrimpDiseaseImageBD\Root\Annotated Diseased Shrimp Images\Annotated Diseased Shrimp Images\2. WSSV\labels\WSSV-28-img-2.txt,SDBD_WSSV_0028,SDBD_WSSV_0028,2048,2048,4ed2921b1134600a4340e656ee8b9285e543e8d45616bfae76e3eb6bd7b54e6b,db7738087b86f6f32a870106de9d7605f2fc856025a08f8514ddf4222c78f387,eff0974f38871218,DUPG_00690,unique,0,0,1,,source_candidate,source_train,2026.0
SDBD_WSSV_202a1cfbdd,SDBD,,https://data.mendeley.com/datasets/jhrtdj9txm/3,10.17632/jhrtdj9txm.3,CC BY 4.0,3. WSSV/WSSV-28-img-3.jpg,WSSV-28-img-3.jpg,UNKNOWN_PENDING_VERIFICATION,Species pending independent provenance verification,WSSV,WSSV,1,D:\OntoShrimp_Data\ShrimpDiseaseImageBD\Root\Annotated Diseased Shrimp Images\Annotated Diseased Shrimp Images\2. WSSV\images\WSSV-28-img-3.jpg,D:\OntoShrimp_Data\ShrimpDiseaseImageBD\Root\Annotated Diseased Shrimp Images\Annotated Diseased Shrimp Images\2. WSSV\labels\WSSV-28-img-3.txt,SDBD_WSSV_0028,SDBD_WSSV_0028,2048,2048,9e71c98d9f506530a0a4ef299d44058f459b88a9f142a97068a9581fc7686d58,202a1cfbddf32c2bda799d402aab1b28c3d3f9df5346392218db0d2908fc34b4,e9cab47e9a691906,DUPG_00691,unique,0,0,1,,source_candidate,source_train,2026.0
SDBD_WSSV_ec05b143cd,SDBD,,https://data.mendeley.com/datasets/jhrtdj9txm/3,10.17632/jhrtdj9txm.3,CC BY 4.0,3. WSSV/WSSV-29-img-1.jpg,WSSV-29-img-1.jpg,UNKNOWN_PENDING_VERIFICATION,Species pending independent provenance verification,WSSV,WSSV,1,D:\OntoShrimp_Data\ShrimpDiseaseImageBD\Root\Annotated Diseased Shrimp Images\Annotated Diseased Shrimp Images\2. WSSV\images\WSSV-29-img-1.jpg,D:\OntoShrimp_Data\ShrimpDiseaseImageBD\Root\Annotated Diseased Shrimp Images\Annotated Diseased Shrimp Images\2. WSSV\labels\WSSV-29-img-1.txt,SDBD_WSSV_0029,SDBD_WSSV_0029,2048,2048,fb8efbe721c5403ca166d540657c42f06bd8d4d6f0e5a99c2ed0fdb9a853ecff,ec05b143cdf48dc6d71f342da488488121eb399339a5b2977fbd52fb2b17f99c,dfa0850f782bb01f,DUPG_00692,unique,0,0,1,,source_candidate,source_train,2026.0
SDBD_WSSV_455bcfccd3,SDBD,,https://data.mendeley.com/datasets/jhrtdj9txm/3,10.17632/jhrtdj9txm.3,CC BY 4.0,3. WSSV/WSSV-29-img-2.jpg,WSSV-29-img-2.jpg,UNKNOWN_PENDING_VERIFICATION,Species pending independent provenance verification,WSSV,WSSV,1,D:\OntoShrimp_Data\ShrimpDiseaseImageBD\Root\Annotated Diseased Shrimp Images\Annotated Diseased Shrimp Images\2. WSSV\images\WSSV-29-img-2.jpg,D:\OntoShrimp_Data\ShrimpDiseaseImageBD\Root\Annotated Diseased Shrimp Images\Annotated Diseased Shrimp Images\2. WSSV\labels\WSSV-29-img-2.txt,SDBD_WSSV_0029,SDBD_WSSV_0029,2048,2048,99686f49833627849742a2c38e071d6e58f798c94506b18c51fecd6310e8f075,455bcfccd305819f604b433aed2efdc83c2e74eca46124878d44f5e14681bdab,dfe0870f78b0905b,DUPG_00693,unique,0,0,1,,source_candidate,source_train,2026.0
SDBD_WSSV_7a2460db78,SDBD,,https://data.mendeley.com/datasets/jhrtdj9txm/3,10.17632/jhrtdj9txm.3,CC BY 4.0,3. WSSV/WSSV-3-img-1.jpg,WSSV-3-img-1.jpg,UNKNOWN_PENDING_VERIFICATION,Species pending independent provenance verification,WSSV,WSSV,1,D:\OntoShrimp_Data\ShrimpDiseaseImageBD\Root\Annotated Diseased Shrimp Images\Annotated Diseased Shrimp Images\2. WSSV\images\WSSV-3-img-1.jpg,D:\OntoShrimp_Data\ShrimpDiseaseImageBD\Root\Annotated Diseased Shrimp Images\Annotated Diseased Shrimp Images\2. WSSV\labels\WSSV-3-img-1.txt,SDBD_WSSV_0003,SDBD_WSSV_0003,2048,2048,169a006ea9f0e3db0b496974bc239ec7cecbfd5379e16fc165c1ef0989f19e64,7a2460db78da4027514c6353af8610661763ac3036853924b6297babc35e67c6,abc6561de3328e61,DUPG_00694,unique,0,0,1,,source_candidate,source_train,2026.0
SDBD_WSSV_7c86c42838,SDBD,,https://data.mendeley.com/datasets/jhrtdj9txm/3,10.17632/jhrtdj9txm.3,CC BY 4.0,3. WSSV/WSSV-30-img-1.jpg,WSSV-30-img-1.jpg,UNKNOWN_PENDING_VERIFICATION,Species pending independent provenance verification,WSSV,WSSV,1,D:\OntoShrimp_Data\ShrimpDiseaseImageBD\Root\Annotated Diseased Shrimp Images\Annotated Diseased Shrimp Images\2. WSSV\images\WSSV-30-img-1.jpg,D:\OntoShrimp_Data\ShrimpDiseaseImageBD\Root\Annotated Diseased Shrimp Images\Annotated Diseased Shrimp Images\2. WSSV\labels\WSSV-30-img-1.txt,SDBD_WSSV_0030,SDBD_WSSV_0030,2048,2048,5d6be113e068c0b85788847be64a0ea48dc978bf5c7f6858e15a72fc1610937c,7c86c42838381618cb4c88a83282b0660d9e77d95c707ca2e2c7e29913479e0d,a6c49937c03be339,DUPG_00695,unique,0,0,1,,source_candidate,source_train,2026.0
SDBD_WSSV_4afb4f8dca,SDBD,,https://data.mendeley.com/datasets/jhrtdj9txm/3,10.17632/jhrtdj9txm.3,CC BY 4.0,3. WSSV/WSSV-30-img-2.jpg,WSSV-30-img-2.jpg,UNKNOWN_PENDING_VERIFICATION,Species pending independent provenance verification,WSSV,WSSV,1,D:\OntoShrimp_Data\ShrimpDiseaseImageBD\Root\Annotated Diseased Shrimp Images\Annotated Diseased Shrimp Images\2. WSSV\images\WSSV-30-img-2.jpg,D:\OntoShrimp_Data\ShrimpDiseaseImageBD\Root\Annotated Diseased Shrimp Images\Annotated Diseased Shrimp Images\2. WSSV\labels\WSSV-30-img-2.txt,SDBD_WSSV_0030,SDBD_WSSV_0030,2048,2048,f05542bc4ff88262238b13ce3030081b68d090f6f0b65ea9472b5acc9f1f9818,4afb4f8dca2318485b458c6d0a0c3b51cdd5ee11f9f749a31cf36224b64d9dbf,adc19925d83fc236,DUPG_00696,unique,0,0,1,,source_candidate,source_train,2026.0
SDBD_WSSV_516a4dd52e,SDBD,,https://data.mendeley.com/datasets/jhrtdj9txm/3,10.17632/jhrtdj9txm.3,CC BY 4.0,3. WSSV/WSSV-30-img-3.jpg,WSSV-30-img-3.jpg,UNKNOWN_PENDING_VERIFICATION,Species pending independent provenance verification,WSSV,WSSV,1,D:\OntoShrimp_Data\ShrimpDiseaseImageBD\Root\Annotated Diseased Shrimp Images\Annotated Diseased Shrimp Images\2. WSSV\images\WSSV-30-img-3.jpg,D:\OntoShrimp_Data\ShrimpDiseaseImageBD\Root\Annotated Diseased Shrimp Images\Annotated Diseased Shrimp Images\2. WSSV\labels\WSSV-30-img-3.txt,SDBD_WSSV_0030,SDBD_WSSV_0030,2048,2048,84215eb97aea919e619c78277610b29197a48fb15470b4c5b093fc4c6162b00b,516a4dd52edb6fd66fe367c53ac26217a32c4dff6c3bd78c46acb4b2a574ec61,fa92252d9ec2391e,DUPG_00697,unique,0,0,1,,source_candidate,source_train,2026.0
SDBD_WSSV_c608e25885,SDBD,,https://data.mendeley.com/datasets/jhrtdj9txm/3,10.17632/jhrtdj9txm.3,CC BY 4.0,3. WSSV/WSSV-32-img-1.jpg,WSSV-32-img-1.jpg,UNKNOWN_PENDING_VERIFICATION,Species pending independent provenance verification,WSSV,WSSV,1,D:\OntoShrimp_Data\ShrimpDiseaseImageBD\Root\Annotated Diseased Shrimp Images\Annotated Diseased Shrimp Images\2. WSSV\images\WSSV-32-img-1.jpg,D:\OntoShrimp_Data\ShrimpDiseaseImageBD\Root\Annotated Diseased Shrimp Images\Annotated Diseased Shrimp Images\2. WSSV\labels\WSSV-32-img-1.txt,SDBD_WSSV_0032,SDBD_WSSV_0032,2048,2048,1ecb8e022c223058c8e7e5493a98e73f2364176f7afd371ae24ea2eda56d411e,c608e258857c9d35d2aba97e0e6ac086db9aff1463ab15267a7358226ef67443,e333dc4c994876b4,DUPG_00701,unique,0,0,1,,source_candidate,source_train,2026.0
SDBD_WSSV_e2d0086dab,SDBD,,https://data.mendeley.com/datasets/jhrtdj9txm/3,10.17632/jhrtdj9txm.3,CC BY 4.0,3. WSSV/WSSV-32-img-2.jpg,WSSV-32-img-2.jpg,UNKNOWN_PENDING_VERIFICATION,Species pending independent provenance verification,WSSV,WSSV,1,D:\OntoShrimp_Data\ShrimpDiseaseImageBD\Root\Annotated Diseased Shrimp Images\Annotated Diseased Shrimp Images\2. WSSV\images\WSSV-32-img-2.jpg,D:\OntoShrimp_Data\ShrimpDiseaseImageBD\Root\Annotated Diseased Shrimp Images\Annotated Diseased Shrimp Images\2. WSSV\labels\WSSV-32-img-2.txt,SDBD_WSSV_0032,SDBD_WSSV_0032,2048,2048,29adf5d3bcc2924df93faaef40ac7d4cb24862c6f60bb012cd0233ddea150d07,e2d0086dab803d14e05a91983485e171c337a84a2a843cfabfd4e7f06fc43983,f311cc7c8d6a914d,DUPG_00702,unique,0,0,1,,source_candidate,source_train,2026.0
SDBD_WSSV_1fed8455b5,SDBD,,https://data.mendeley.com/datasets/jhrtdj9txm/3,10.17632/jhrtdj9txm.3,CC BY 4.0,3. WSSV/WSSV-32-img-3.jpg,WSSV-32-img-3.jpg,UNKNOWN_PENDING_VERIFICATION,Species pending independent provenance verification,WSSV,WSSV,1,D:\OntoShrimp_Data\ShrimpDiseaseImageBD\Root\Annotated Diseased Shrimp Images\Annotated Diseased Shrimp Images\2. WSSV\images\WSSV-32-img-3.jpg,D:\OntoShrimp_Data\ShrimpDiseaseImageBD\Root\Annotated Diseased Shrimp Images\Annotated Diseased Shrimp Images\2. WSSV\labels\WSSV-32-img-3.txt,SDBD_WSSV_0032,SDBD_WSSV_0032,2048,2048,fd0ae7ad1307bcfeb7190c5094e8b1c236717ce95cdd49b28f8a477382e2021d,1fed8455b59b794259b6875d42fbf8fe7bdbc3d234ea70f32b36de808516b26d,eac2b50f92298fe1,DUPG_00703,unique,0,0,1,,source_candidate,source_train,2026.0
SDBD_WSSV_b7bf3806ee,SDBD,,https://data.mendeley.com/datasets/jhrtdj9txm/3,10.17632/jhrtdj9txm.3,CC BY 4.0,3. WSSV/WSSV-33-img-1.jpg,WSSV-33-img-1.jpg,UNKNOWN_PENDING_VERIFICATION,Species pending independent provenance verification,WSSV,WSSV,1,D:\OntoShrimp_Data\ShrimpDiseaseImageBD\Root\Annotated Diseased Shrimp Images\Annotated Diseased Shrimp Images\2. WSSV\images\WSSV-33-img-1.jpg,D:\OntoShrimp_Data\ShrimpDiseaseImageBD\Root\Annotated Diseased Shrimp Images\Annotated Diseased Shrimp Images\2. WSSV\labels\WSSV-33-img-1.txt,SDBD_WSSV_0033,SDBD_WSSV_0033,2048,2048,f563827c43e534e3abae398c56a0f8d18fb63d3694673702d53e957c65e0deaf,b7bf3806ee6d64af61e3f0489c30ea5155b41b637c709ec5c09e06e1d199a284,b3b1991ccccc36c6,DUPG_00704,unique,0,0,1,,source_candidate,source_train,2026.0
SDBD_WSSV_d320722c17,SDBD,,https://data.mendeley.com/datasets/jhrtdj9txm/3,10.17632/jhrtdj9txm.3,CC BY 4.0,3. WSSV/WSSV-33-img-2.jpg,WSSV-33-img-2.jpg,UNKNOWN_PENDING_VERIFICATION,Species pending independent provenance verification,WSSV,WSSV,1,D:\OntoShrimp_Data\ShrimpDiseaseImageBD\Root\Annotated Diseased Shrimp Images\Annotated Diseased Shrimp Images\2. WSSV\images\WSSV-33-img-2.jpg,D:\OntoShrimp_Data\ShrimpDiseaseImageBD\Root\Annotated Diseased Shrimp Images\Annotated Diseased Shrimp Images\2. WSSV\labels\WSSV-33-img-2.txt,SDBD_WSSV_0033,SDBD_WSSV_0033,2048,2048,3c502ac92eab24266e53e4f2436e79839aada4a145df9e3b9cb06ba8d90ef1c6,d320722c17adb08eeb2faa203d38184e13d7211b1692ca53ba5405661624601b,a793d94cce3266c1,DUPG_00705,unique,0,0,1,,source_candidate,source_train,2026.0
SDBD_WSSV_3ea5ef9a2c,SDBD,,https://data.mendeley.com/datasets/jhrtdj9txm/3,10.17632/jhrtdj9txm.3,CC BY 4.0,3. WSSV/WSSV-33-img-3.jpg,WSSV-33-img-3.jpg,UNKNOWN_PENDING_VERIFICATION,Species pending independent provenance verification,WSSV,WSSV,1,D:\OntoShrimp_Data\ShrimpDiseaseImageBD\Root\Annotated Diseased Shrimp Images\Annotated Diseased Shrimp Images\2. WSSV\images\WSSV-33-img-3.jpg,D:\OntoShrimp_Data\ShrimpDiseaseImageBD\Root\Annotated Diseased Shrimp Images\Annotated Diseased Shrimp Images\2. WSSV\labels\WSSV-33-img-3.txt,SDBD_WSSV_0033,SDBD_WSSV_0033,2048,2048,b4bfbcf596a5fa10c36175d4a8fa136199cf35f4ef3c291bd0f0a3322e8c5345,3ea5ef9a2cf74c189cde2986aa6412b833b96ea51ead7befb020c96ccf0a0b79,fcc3b14d92a4c996,DUPG_00706,unique,0,0,1,,source_candidate,source_train,2026.0
SDBD_WSSV_a6c885dd8a,SDBD,,https://data.mendeley.com/datasets/jhrtdj9txm/3,10.17632/jhrtdj9txm.3,CC BY 4.0,3. WSSV/WSSV-34-img-1.jpg,WSSV-34-img-1.jpg,UNKNOWN_PENDING_VERIFICATION,Species pending independent provenance verification,WSSV,WSSV,1,D:\OntoShrimp_Data\ShrimpDiseaseImageBD\Root\Annotated Diseased Shrimp Images\Annotated Diseased Shrimp Images\2. WSSV\images\WSSV-34-img-1.jpg,D:\OntoShrimp_Data\ShrimpDiseaseImageBD\Root\Annotated Diseased Shrimp Images\Annotated Diseased Shrimp Images\2. WSSV\labels\WSSV-34-img-1.txt,SDBD_WSSV_0034,SDBD_WSSV_0034,2048,2048,41fae8c8f7230aeb1d69b255d30ff77d79145e65841f28b4a44958495ffbe509,a6c885dd8acb030a7f5adef5e9d9d1b405f6499ba3368e994673f045221be6ee,e2369d699aa56946,DUPG_00707,unique,0,0,1,,source_candidate,source_train,2026.0
SDBD_WSSV_574a549695,SDBD,,https://data.mendeley.com/datasets/jhrtdj9txm/3,10.17632/jhrtdj9txm.3,CC BY 4.0,3. WSSV/WSSV-34-img-2.jpg,WSSV-34-img-2.jpg,UNKNOWN_PENDING_VERIFICATION,Species pending independent provenance verification,WSSV,WSSV,1,D:\OntoShrimp_Data\ShrimpDiseaseImageBD\Root\Annotated Diseased Shrimp Images\Annotated Diseased Shrimp Images\2. WSSV\images\WSSV-34-img-2.jpg,D:\OntoShrimp_Data\ShrimpDiseaseImageBD\Root\Annotated Diseased Shrimp Images\Annotated Diseased Shrimp Images\2. WSSV\labels\WSSV-34-img-2.txt,SDBD_WSSV_0034,SDBD_WSSV_0034,2048,2048,7085ec83723fbede7fe1a2516c1875e471be3cb009e16c788d4fa8a81dd269a8,574a5496950d94ca6c116796ce31d421fb63a701795dbae139d4097b4f9c75c9,ea25955ab3664c59,DUPG_00708,unique,0,0,1,,source_candidate,source_train,2026.0
SDBD_WSSV_eee3b47ce7,SDBD,,https://data.mendeley.com/datasets/jhrtdj9txm/3,10.17632/jhrtdj9txm.3,CC BY 4.0,3. WSSV/WSSV-35-img-1.jpg,WSSV-35-img-1.jpg,UNKNOWN_PENDING_VERIFICATION,Species pending independent provenance verification,WSSV,WSSV,1,D:\OntoShrimp_Data\ShrimpDiseaseImageBD\Root\Annotated Diseased Shrimp Images\Annotated Diseased Shrimp Images\2. WSSV\images\WSSV-35-img-1.jpg,D:\OntoShrimp_Data\ShrimpDiseaseImageBD\Root\Annotated Diseased Shrimp Images\Annotated Diseased Shrimp Images\2. WSSV\labels\WSSV-35-img-1.txt,SDBD_WSSV_0035,SDBD_WSSV_0035,2048,2048,bab84af21bc5f872ed2dcb246a553bce28c123ab4195e9ba516e3c84be17df2c,eee3b47ce75f8b5b615998f3754a2952dd4e877aeae442655ddd40d57887173e,ee81d06ea4d66b34,DUPG_00709,unique,0,0,1,,source_candidate,source_train,2026.0
SDBD_WSSV_92d2b06a2a,SDBD,,https://data.mendeley.com/datasets/jhrtdj9txm/3,10.17632/jhrtdj9txm.3,CC BY 4.0,3. WSSV/WSSV-35-img-2.jpg,WSSV-35-img-2.jpg,UNKNOWN_PENDING_VERIFICATION,Species pending independent provenance verification,WSSV,WSSV,1,D:\OntoShrimp_Data\ShrimpDiseaseImageBD\Root\Annotated Diseased Shrimp Images\Annotated Diseased Shrimp Images\2. WSSV\images\WSSV-35-img-2.jpg,D:\OntoShrimp_Data\ShrimpDiseaseImageBD\Root\Annotated Diseased Shrimp Images\Annotated Diseased Shrimp Images\2. WSSV\labels\WSSV-35-img-2.txt,SDBD_WSSV_0035,SDBD_WSSV_0035,2048,2048,e1b080293ab1d303b724336482c8db1b2022c46a1f4292c2460dc7497042ef3b,92d2b06a2a98a4b78eb4c8124a7c30f49e6e85f2eb6eb79cd78dfbd4729f9090,fa85943a2596cae9,DUPG_00710,unique,0,0,1,,source_candidate,source_train,2026.0
SDBD_WSSV_d759dd4ccd,SDBD,,https://data.mendeley.com/datasets/jhrtdj9txm/3,10.17632/jhrtdj9txm.3,CC BY 4.0,3. WSSV/WSSV-35-img-3.jpg,WSSV-35-img-3.jpg,UNKNOWN_PENDING_VERIFICATION,Species pending independent provenance verification,WSSV,WSSV,1,D:\OntoShrimp_Data\ShrimpDiseaseImageBD\Root\Annotated Diseased Shrimp Images\Annotated Diseased Shrimp Images\2. WSSV\images\WSSV-35-img-3.jpg,D:\OntoShrimp_Data\ShrimpDiseaseImageBD\Root\Annotated Diseased Shrimp Images\Annotated Diseased Shrimp Images\2. WSSV\labels\WSSV-35-img-3.txt,SDBD_WSSV_0035,SDBD_WSSV_0035,2048,2048,b3daa6a52272cbb1e8900be0f26c0a0df2721eb0b2aa83ec8be8430c85508db2,d759dd4ccdcd2ca0c4a4e2905adc7540c3e71ad968f280e35650fa11108e4f88,f2c0956bc0b72fc1,DUPG_00711,unique,0,0,1,,source_candidate,source_train,2026.0
SDBD_WSSV_f93c072641,SDBD,,https://data.mendeley.com/datasets/jhrtdj9txm/3,10.17632/jhrtdj9txm.3,CC BY 4.0,3. WSSV/WSSV-36-img-1.jpg,WSSV-36-img-1.jpg,UNKNOWN_PENDING_VERIFICATION,Species pending independent provenance verification,WSSV,WSSV,1,D:\OntoShrimp_Data\ShrimpDiseaseImageBD\Root\Annotated Diseased Shrimp Images\Annotated Diseased Shrimp Images\2. WSSV\images\WSSV-36-img-1.jpg,D:\OntoShrimp_Data\ShrimpDiseaseImageBD\Root\Annotated Diseased Shrimp Images\Annotated Diseased Shrimp Images\2. WSSV\labels\WSSV-36-img-1.txt,SDBD_WSSV_0036,SDBD_WSSV_0036,2048,2048,e16dab7759a38cfd6b50ae48a2b90d9982517b922dd8960f00de868fb1e883ea,f93c0726414c4c7396632c74f5816d58b49ff39e5579ae8fffb39d58bdf7aedd,e2ecc4423fbd402f,DUPG_00712,unique,0,0,1,,source_candidate,source_train,2026.0
SDBD_WSSV_ad3fe999c7,SDBD,,https://data.mendeley.com/datasets/jhrtdj9txm/3,10.17632/jhrtdj9txm.3,CC BY 4.0,3. WSSV/WSSV-36-img-2.jpg,WSSV-36-img-2.jpg,UNKNOWN_PENDING_VERIFICATION,Species pending independent provenance verification,WSSV,WSSV,1,D:\OntoShrimp_Data\ShrimpDiseaseImageBD\Root\Annotated Diseased Shrimp Images\Annotated Diseased Shrimp Images\2. WSSV\images\WSSV-36-img-2.jpg,D:\OntoShrimp_Data\ShrimpDiseaseImageBD\Root\Annotated Diseased Shrimp Images\Annotated Diseased Shrimp Images\2. WSSV\labels\WSSV-36-img-2.txt,SDBD_WSSV_0036,SDBD_WSSV_0036,2048,2048,bd0433f94164fe169c2b631e1b7f219d157842d05abe49180cb11726f134a358,ad3fe999c73f655099e9bbd218227e3971cf15179698333e3008aa8edb45d85b,e67e8dd289929964,DUPG_00713,unique,0,0,1,,source_candidate,source_train,2026.0
SDBD_WSSV_149a242af1,SDBD,,https://data.mendeley.com/datasets/jhrtdj9txm/3,10.17632/jhrtdj9txm.3,CC BY 4.0,3. WSSV/WSSV-36-img-3.jpg,WSSV-36-img-3.jpg,UNKNOWN_PENDING_VERIFICATION,Species pending independent provenance verification,WSSV,WSSV,1,D:\OntoShrimp_Data\ShrimpDiseaseImageBD\Root\Annotated Diseased Shrimp Images\Annotated Diseased Shrimp Images\2. WSSV\images\WSSV-36-img-3.jpg,D:\OntoShrimp_Data\ShrimpDiseaseImageBD\Root\Annotated Diseased Shrimp Images\Annotated Diseased Shrimp Images\2. WSSV\labels\WSSV-36-img-3.txt,SDBD_WSSV_0036,SDBD_WSSV_0036,2048,2048,2b5f45d7cbdc944dfe6d83a49f5af8a959574e3cd1281ab6667967bfc4d509b5,149a242af13e6b3473b2f6e38459646111224762538996c404a50680da54d70a,fe85d12a96e5291a,DUPG_00714,unique,0,0,1,,source_candidate,source_train,2026.0
SDBD_WSSV_321d5eda4d,SDBD,,https://data.mendeley.com/datasets/jhrtdj9txm/3,10.17632/jhrtdj9txm.3,CC BY 4.0,3. WSSV/WSSV-37-img-1.jpg,WSSV-37-img-1.jpg,UNKNOWN_PENDING_VERIFICATION,Species pending independent provenance verification,WSSV,WSSV,1,D:\OntoShrimp_Data\ShrimpDiseaseImageBD\Root\Annotated Diseased Shrimp Images\Annotated Diseased Shrimp Images\2. WSSV\images\WSSV-37-img-1.jpg,D:\OntoShrimp_Data\ShrimpDiseaseImageBD\Root\Annotated Diseased Shrimp Images\Annotated Diseased Shrimp Images\2. WSSV\labels\WSSV-37-img-1.txt,SDBD_WSSV_0037,SDBD_WSSV_0037,2048,2048,4cc574c9761c8a098bd9c78df3b2892f07ba3d47e27176e9ee713c08870fbf80,321d5eda4d894fb02f9bc8fdfcb58e9e6555e1d74096fe216623322b99044b57,fcc793602dc2b08f,DUPG_00715,unique,0,0,1,,source_candidate,source_train,2026.0
SDBD_WSSV_a099f4efe4,SDBD,,https://data.mendeley.com/datasets/jhrtdj9txm/3,10.17632/jhrtdj9txm.3,CC BY 4.0,3. WSSV/WSSV-37-img-2.jpg,WSSV-37-img-2.jpg,UNKNOWN_PENDING_VERIFICATION,Species pending independent provenance verification,WSSV,WSSV,1,D:\OntoShrimp_Data\ShrimpDiseaseImageBD\Root\Annotated Diseased Shrimp Images\Annotated Diseased Shrimp Images\2. WSSV\images\WSSV-37-img-2.jpg,D:\OntoShrimp_Data\ShrimpDiseaseImageBD\Root\Annotated Diseased Shrimp Images\Annotated Diseased Shrimp Images\2. WSSV\labels\WSSV-37-img-2.txt,SDBD_WSSV_0037,SDBD_WSSV_0037,2048,2048,3a159492b66e57f7c54580940464835c13249a22c0474cbab96a30b7a6463efe,a099f4efe464d633a4a2214cbc8c0ae2b89240c5c61db61533650f4b372ab55e,f1cd966268a693ca,DUPG_00716,unique,0,0,1,,source_candidate,source_train,2026.0
SDBD_WSSV_3489305217,SDBD,,https://data.mendeley.com/datasets/jhrtdj9txm/3,10.17632/jhrtdj9txm.3,CC BY 4.0,3. WSSV/WSSV-38-img-1.jpg,WSSV-38-img-1.jpg,UNKNOWN_PENDING_VERIFICATION,Species pending independent provenance verification,WSSV,WSSV,1,D:\OntoShrimp_Data\ShrimpDiseaseImageBD\Root\Annotated Diseased Shrimp Images\Annotated Diseased Shrimp Images\2. WSSV\images\WSSV-38-img-1.jpg,D:\OntoShrimp_Data\ShrimpDiseaseImageBD\Root\Annotated Diseased Shrimp Images\Annotated Diseased Shrimp Images\2. WSSV\labels\WSSV-38-img-1.txt,SDBD_WSSV_0038,SDBD_WSSV_0038,2048,2048,c23d3e216355ebf0453a18846a438724bc1856b4bc5207fcad278462b65da12b,34893052174898c1be5aef853543bae9d67b37d6e4277b7ca771f317d0545a6f,e6099d96da5a6929,DUPG_00717,unique,0,0,1,,source_candidate,source_train,2026.0
SDBD_WSSV_b40a56436c,SDBD,,https://data.mendeley.com/datasets/jhrtdj9txm/3,10.17632/jhrtdj9txm.3,CC BY 4.0,3. WSSV/WSSV-38-img-2.jpg,WSSV-38-img-2.jpg,UNKNOWN_PENDING_VERIFICATION,Species pending independent provenance verification,WSSV,WSSV,1,D:\OntoShrimp_Data\ShrimpDiseaseImageBD\Root\Annotated Diseased Shrimp Images\Annotated Diseased Shrimp Images\2. WSSV\images\WSSV-38-img-2.jpg,D:\OntoShrimp_Data\ShrimpDiseaseImageBD\Root\Annotated Diseased Shrimp Images\Annotated Diseased Shrimp Images\2. WSSV\labels\WSSV-38-img-2.txt,SDBD_WSSV_0038,SDBD_WSSV_0038,2048,2048,0442afe972d70fd681dae73b651f75cb9a362093af276ff017eddf9e46203d57,b40a56436c09e0dfac10ce3d580f9e976eaa20f3fed7624553bc1703a8c396a1,f8c3c66c9833c393,DUPG_00718,unique,0,0,1,,source_candidate,source_train,2026.0
SDBD_WSSV_d5336adf62,SDBD,,https://data.mendeley.com/datasets/jhrtdj9txm/3,10.17632/jhrtdj9txm.3,CC BY 4.0,3. WSSV/WSSV-38-img-3.jpg,WSSV-38-img-3.jpg,UNKNOWN_PENDING_VERIFICATION,Species pending independent provenance verification,WSSV,WSSV,1,D:\OntoShrimp_Data\ShrimpDiseaseImageBD\Root\Annotated Diseased Shrimp Images\Annotated Diseased Shrimp Images\2. WSSV\images\WSSV-38-img-3.jpg,D:\OntoShrimp_Data\ShrimpDiseaseImageBD\Root\Annotated Diseased Shrimp Images\Annotated Diseased Shrimp Images\2. WSSV\labels\WSSV-38-img-3.txt,SDBD_WSSV_0038,SDBD_WSSV_0038,2048,2048,d30c541aa8e4d94dc47fe90affe0e0e1cb5e97042c02978b59408d2931b8f227,d5336adf62f7d0d8a3302c4818e6d34bc1f053ce4c0ef9a612cbf321fbbb4898,bfa3c1dcc4e43213,DUPG_00719,unique,0,0,1,,source_candidate,source_train,2026.0
SDBD_WSSV_e0325eaaa9,SDBD,,https://data.mendeley.com/datasets/jhrtdj9txm/3,10.17632/jhrtdj9txm.3,CC BY 4.0,3. WSSV/WSSV-4-img-1.jpg,WSSV-4-img-1.jpg,UNKNOWN_PENDING_VERIFICATION,Species pending independent provenance verification,WSSV,WSSV,1,D:\OntoShrimp_Data\ShrimpDiseaseImageBD\Root\Annotated Diseased Shrimp Images\Annotated Diseased Shrimp Images\2. WSSV\images\WSSV-4-img-1.jpg,D:\OntoShrimp_Data\ShrimpDiseaseImageBD\Root\Annotated Diseased Shrimp Images\Annotated Diseased Shrimp Images\2. WSSV\labels\WSSV-4-img-1.txt,SDBD_WSSV_0004,SDBD_WSSV_0004,2048,2048,af78510bd3371a6121afc5909d12950af3112d03e5c06f17970f1cc4701226a9,e0325eaaa9bb5df24bd244b94aaff5a47bdf6ca784b10c78c0c198699c393d56,aa87a568d635a9c6,DUPG_00723,unique,0,0,1,,source_candidate,source_train,2026.0
SDBD_WSSV_783c46c491,SDBD,,https://data.mendeley.com/datasets/jhrtdj9txm/3,10.17632/jhrtdj9txm.3,CC BY 4.0,3. WSSV/WSSV-4-img-2.jpg,WSSV-4-img-2.jpg,UNKNOWN_PENDING_VERIFICATION,Species pending independent provenance verification,WSSV,WSSV,1,D:\OntoShrimp_Data\ShrimpDiseaseImageBD\Root\Annotated Diseased Shrimp Images\Annotated Diseased Shrimp Images\2. WSSV\images\WSSV-4-img-2.jpg,D:\OntoShrimp_Data\ShrimpDiseaseImageBD\Root\Annotated Diseased Shrimp Images\Annotated Diseased Shrimp Images\2. WSSV\labels\WSSV-4-img-2.txt,SDBD_WSSV_0004,SDBD_WSSV_0004,2048,2048,3ea58ecf1caef82cc8413446c45e77d0990a2d5112d87c62a31bde33b915c8cf,783c46c491030cf3948fd30098d009541c550f638e6591298e76c4b3f8956835,abcb9425cb1ae4b1,DUPG_00724,unique,0,0,1,,source_candidate,source_train,2026.0
SDBD_WSSV_3b6b9bae95,SDBD,,https://data.mendeley.com/datasets/jhrtdj9txm/3,10.17632/jhrtdj9txm.3,CC BY 4.0,3. WSSV/WSSV-4-img-3.jpg,WSSV-4-img-3.jpg,UNKNOWN_PENDING_VERIFICATION,Species pending independent provenance verification,WSSV,WSSV,1,D:\OntoShrimp_Data\ShrimpDiseaseImageBD\Root\Annotated Diseased Shrimp Images\Annotated Diseased Shrimp Images\2. WSSV\images\WSSV-4-img-3.jpg,D:\OntoShrimp_Data\ShrimpDiseaseImageBD\Root\Annotated Diseased Shrimp Images\Annotated Diseased Shrimp Images\2. WSSV\labels\WSSV-4-img-3.txt,SDBD_WSSV_0004,SDBD_WSSV_0004,2048,2048,0ec5eade91e73915325fbb11786ecea00ff439bd0e8ff9969bf8030bdb4f7de6,3b6b9bae95f4a72dd8d544e1af4c92698819b7a71f7675ffe7a08f1bd7418a04,aac8b52dca121df3,DUPG_00725,unique,0,0,1,,source_candidate,source_train,2026.0
SDBD_WSSV_bba88396a5,SDBD,,https://data.mendeley.com/datasets/jhrtdj9txm/3,10.17632/jhrtdj9txm.3,CC BY 4.0,3. WSSV/WSSV-40-img-1.jpg,WSSV-40-img-1.jpg,UNKNOWN_PENDING_VERIFICATION,Species pending independent provenance verification,WSSV,WSSV,1,D:\OntoShrimp_Data\ShrimpDiseaseImageBD\Root\Annotated Diseased Shrimp Images\Annotated Diseased Shrimp Images\2. WSSV\images\WSSV-40-img-1.jpg,D:\OntoShrimp_Data\ShrimpDiseaseImageBD\Root\Annotated Diseased Shrimp Images\Annotated Diseased Shrimp Images\2. WSSV\labels\WSSV-40-img-1.txt,SDBD_WSSV_0040,SDBD_WSSV_0040,2048,2048,454adb6b7772e6a7cc760ae690e06eb3fdb03547578ee2a64620c29133a59d78,bba88396a5c24883fa311cfa86f5e90b0531a6323d90a92e11a6016bf4f8a293,a6e68c3fe48cb2c4,DUPG_00726,unique,0,0,1,,source_candidate,source_train,2026.0
SDBD_WSSV_9c032926a9,SDBD,,https://data.mendeley.com/datasets/jhrtdj9txm/3,10.17632/jhrtdj9txm.3,CC BY 4.0,3. WSSV/WSSV-40-img-2.jpg,WSSV-40-img-2.jpg,UNKNOWN_PENDING_VERIFICATION,Species pending independent provenance verification,WSSV,WSSV,1,D:\OntoShrimp_Data\ShrimpDiseaseImageBD\Root\Annotated Diseased Shrimp Images\Annotated Diseased Shrimp Images\2. WSSV\images\WSSV-40-img-2.jpg,D:\OntoShrimp_Data\ShrimpDiseaseImageBD\Root\Annotated Diseased Shrimp Images\Annotated Diseased Shrimp Images\2. WSSV\labels\WSSV-40-img-2.txt,SDBD_WSSV_0040,SDBD_WSSV_0040,2048,2048,e80e005888c4a07b95df0f6d6d6e6972fe294096b7b6148f5f92c680627750b4,9c032926a92034bd56b075ad498228181931b08ee19e3f3b6852dbd00714e94d,aced9967cc1bc01a,DUPG_00727,unique,0,0,1,,source_candidate,source_train,2026.0
SDBD_WSSV_6335ba3158,SDBD,,https://data.mendeley.com/datasets/jhrtdj9txm/3,10.17632/jhrtdj9txm.3,CC BY 4.0,3. WSSV/WSSV-40-img-3.jpg,WSSV-40-img-3.jpg,UNKNOWN_PENDING_VERIFICATION,Species pending independent provenance verification,WSSV,WSSV,1,D:\OntoShrimp_Data\ShrimpDiseaseImageBD\Root\Annotated Diseased Shrimp Images\Annotated Diseased Shrimp Images\2. WSSV\images\WSSV-40-img-3.jpg,D:\OntoShrimp_Data\ShrimpDiseaseImageBD\Root\Annotated Diseased Shrimp Images\Annotated Diseased Shrimp Images\2. WSSV\labels\WSSV-40-img-3.txt,SDBD_WSSV_0040,SDBD_WSSV_0040,2048,2048,1d7e04abfcd1a7130e77401430f4e8b987fa7c4f7de08e6994002e98507bcfa3,6335ba31580bc34f5d34665929b02a7147c43da89d858e367615c3f15ade9e55,ffc6f06a83244ab1,DUPG_00728,unique,0,0,1,,source_candidate,source_train,2026.0
SDBD_WSSV_f6de6fc117,SDBD,,https://data.mendeley.com/datasets/jhrtdj9txm/3,10.17632/jhrtdj9txm.3,CC BY 4.0,3. WSSV/WSSV-41-img-1.jpg,WSSV-41-img-1.jpg,UNKNOWN_PENDING_VERIFICATION,Species pending independent provenance verification,WSSV,WSSV,1,D:\OntoShrimp_Data\ShrimpDiseaseImageBD\Root\Annotated Diseased Shrimp Images\Annotated Diseased Shrimp Images\2. WSSV\images\WSSV-41-img-1.jpg,D:\OntoShrimp_Data\ShrimpDiseaseImageBD\Root\Annotated Diseased Shrimp Images\Annotated Diseased Shrimp Images\2. WSSV\labels\WSSV-41-img-1.txt,SDBD_WSSV_0041,SDBD_WSSV_0041,2048,2048,098b16aab5119dbbbc8a7007b8a6bead67fbdbe1023bcaeee613b74e60e5f3fd,f6de6fc117ed334b0f7ba1426311ffa36161d68afec18d90f90fdc1df454abf9,fbe0c54f38810f78,DUPG_00729,unique,0,0,1,,source_candidate,source_train,2026.0
SDBD_WSSV_b458df00fe,SDBD,,https://data.mendeley.com/datasets/jhrtdj9txm/3,10.17632/jhrtdj9txm.3,CC BY 4.0,3. WSSV/WSSV-41-img-2.jpg,WSSV-41-img-2.jpg,UNKNOWN_PENDING_VERIFICATION,Species pending independent provenance verification,WSSV,WSSV,1,D:\OntoShrimp_Data\ShrimpDiseaseImageBD\Root\Annotated Diseased Shrimp Images\Annotated Diseased Shrimp Images\2. WSSV\images\WSSV-41-img-2.jpg,D:\OntoShrimp_Data\ShrimpDiseaseImageBD\Root\Annotated Diseased Shrimp Images\Annotated Diseased Shrimp Images\2. WSSV\labels\WSSV-41-img-2.txt,SDBD_WSSV_0041,SDBD_WSSV_0041,2048,2048,20bc3ff14c1ba455064473fc11ad50c4204ede04e6e3016f04e1a1a5a8720fd9,b458df00feca7782eccaa0566c294f63d7542b094777c67eefec35ba0ac78634,ebf0c04f38814f7c,DUPG_00730,unique,0,0,1,,source_candidate,source_train,2026.0
SDBD_WSSV_b87f4d9ef6,SDBD,,https://data.mendeley.com/datasets/jhrtdj9txm/3,10.17632/jhrtdj9txm.3,CC BY 4.0,3. WSSV/WSSV-41-img-3.jpg,WSSV-41-img-3.jpg,UNKNOWN_PENDING_VERIFICATION,Species pending independent provenance verification,WSSV,WSSV,1,D:\OntoShrimp_Data\ShrimpDiseaseImageBD\Root\Annotated Diseased Shrimp Images\Annotated Diseased Shrimp Images\2. WSSV\images\WSSV-41-img-3.jpg,D:\OntoShrimp_Data\ShrimpDiseaseImageBD\Root\Annotated Diseased Shrimp Images\Annotated Diseased Shrimp Images\2. WSSV\labels\WSSV-41-img-3.txt,SDBD_WSSV_0041,SDBD_WSSV_0041,2048,2048,5001041d210703819dca43c7973c4b8d1c6a42ed63dfc08fcdc7569166fff79a,b87f4d9ef62134dbbf32d0bd5b124059951d85756e2a9d21f70ef14968b764cb,fec4856a9ae51a86,DUPG_00731,unique,0,0,1,,source_candidate,source_train,2026.0
SDBD_WSSV_1b4214e0b2,SDBD,,https://data.mendeley.com/datasets/jhrtdj9txm/3,10.17632/jhrtdj9txm.3,CC BY 4.0,3. WSSV/WSSV-43-img-1.jpg,WSSV-43-img-1.jpg,UNKNOWN_PENDING_VERIFICATION,Species pending independent provenance verification,WSSV,WSSV,1,D:\OntoShrimp_Data\ShrimpDiseaseImageBD\Root\Annotated Diseased Shrimp Images\Annotated Diseased Shrimp Images\2. WSSV\images\WSSV-43-img-1.jpg,D:\OntoShrimp_Data\ShrimpDiseaseImageBD\Root\Annotated Diseased Shrimp Images\Annotated Diseased Shrimp Images\2. WSSV\labels\WSSV-43-img-1.txt,SDBD_WSSV_0043,SDBD_WSSV_0043,2048,2048,80a0a3fb5277a90825aeb3cdae12f8bd115d209c191d6f8acb6a69e6d66491c2,1b4214e0b298f6a737269908e4eecc4b93b3c3b0644a50758b437fd40ad15d61,ffc0873c70879c25,DUPG_00735,unique,0,0,1,,source_candidate,source_train,2026.0
SDBD_WSSV_9cfb170707,SDBD,,https://data.mendeley.com/datasets/jhrtdj9txm/3,10.17632/jhrtdj9txm.3,CC BY 4.0,3. WSSV/WSSV-43-img-2.jpg,WSSV-43-img-2.jpg,UNKNOWN_PENDING_VERIFICATION,Species pending independent provenance verification,WSSV,WSSV,1,D:\OntoShrimp_Data\ShrimpDiseaseImageBD\Root\Annotated Diseased Shrimp Images\Annotated Diseased Shrimp Images\2. WSSV\images\WSSV-43-img-2.jpg,D:\OntoShrimp_Data\ShrimpDiseaseImageBD\Root\Annotated Diseased Shrimp Images\Annotated Diseased Shrimp Images\2. WSSV\labels\WSSV-43-img-2.txt,SDBD_WSSV_0043,SDBD_WSSV_0043,2048,2048,2b482232c49ce4b77c6de8027c8b78f725ee4f4b1ab522568bbce944090ee8ae,9cfb170707d3039f20a54b123b044748db1357cebadcd43b222b3a0d84ff31ee,fde09614610f94b7,DUPG_00736,unique,0,0,1,,source_candidate,source_train,2026.0
SDBD_WSSV_2569c557a5,SDBD,,https://data.mendeley.com/datasets/jhrtdj9txm/3,10.17632/jhrtdj9txm.3,CC BY 4.0,3. WSSV/WSSV-43-img-3.jpg,WSSV-43-img-3.jpg,UNKNOWN_PENDING_VERIFICATION,Species pending independent provenance verification,WSSV,WSSV,1,D:\OntoShrimp_Data\ShrimpDiseaseImageBD\Root\Annotated Diseased Shrimp Images\Annotated Diseased Shrimp Images\2. WSSV\images\WSSV-43-img-3.jpg,D:\OntoShrimp_Data\ShrimpDiseaseImageBD\Root\Annotated Diseased Shrimp Images\Annotated Diseased Shrimp Images\2. WSSV\labels\WSSV-43-img-3.txt,SDBD_WSSV_0043,SDBD_WSSV_0043,2048,2048,7457ab5109e8e95270e10729d44c9d94f763c7df66448c311f6613de32866d05,2569c557a5a84e44decbe69b429eee494fd463d4b575ded73977e085d15e0be0,fae29425ca326dca,DUPG_00737,unique,0,0,1,,source_candidate,source_train,2026.0
SDBD_WSSV_df4ed4916c,SDBD,,https://data.mendeley.com/datasets/jhrtdj9txm/3,10.17632/jhrtdj9txm.3,CC BY 4.0,3. WSSV/WSSV-47-img-1.jpg,WSSV-47-img-1.jpg,UNKNOWN_PENDING_VERIFICATION,Species pending independent provenance verification,WSSV,WSSV,1,D:\OntoShrimp_Data\ShrimpDiseaseImageBD\Root\Annotated Diseased Shrimp Images\Annotated Diseased Shrimp Images\2. WSSV\images\WSSV-47-img-1.jpg,D:\OntoShrimp_Data\ShrimpDiseaseImageBD\Root\Annotated Diseased Shrimp Images\Annotated Diseased Shrimp Images\2. WSSV\labels\WSSV-47-img-1.txt,SDBD_WSSV_0047,SDBD_WSSV_0047,2048,2048,e7509ab55aff1fc39acf06c2498c5a82456c66ade26485282d3520165b473dcd,df4ed4916c343434ddd691dad09be4ffe5e667b84b7885b15626fb23a7689d6c,bfb0930f7030936d,DUPG_00747,unique,0,0,1,,source_candidate,source_train,2026.0
SDBD_WSSV_2edf6afbb2,SDBD,,https://data.mendeley.com/datasets/jhrtdj9txm/3,10.17632/jhrtdj9txm.3,CC BY 4.0,3. WSSV/WSSV-47-img-2.jpg,WSSV-47-img-2.jpg,UNKNOWN_PENDING_VERIFICATION,Species pending independent provenance verification,WSSV,WSSV,1,D:\OntoShrimp_Data\ShrimpDiseaseImageBD\Root\Annotated Diseased Shrimp Images\Annotated Diseased Shrimp Images\2. WSSV\images\WSSV-47-img-2.jpg,D:\OntoShrimp_Data\ShrimpDiseaseImageBD\Root\Annotated Diseased Shrimp Images\Annotated Diseased Shrimp Images\2. WSSV\labels\WSSV-47-img-2.txt,SDBD_WSSV_0047,SDBD_WSSV_0047,2048,2048,14ed9ef60e98b354ada84bb5dba2f71d4780a0a16fe8ab24303a4165841120f1,2edf6afbb2f5d37277da007852bfc930e4a953db8cf16d02111a45943dc93fba,ffb0834f3014c36b,DUPG_00748,unique,0,0,1,,source_candidate,source_train,2026.0
SDBD_WSSV_ae39e279ae,SDBD,,https://data.mendeley.com/datasets/jhrtdj9txm/3,10.17632/jhrtdj9txm.3,CC BY 4.0,3. WSSV/WSSV-47-img-3.jpg,WSSV-47-img-3.jpg,UNKNOWN_PENDING_VERIFICATION,Species pending independent provenance verification,WSSV,WSSV,1,D:\OntoShrimp_Data\ShrimpDiseaseImageBD\Root\Annotated Diseased Shrimp Images\Annotated Diseased Shrimp Images\2. WSSV\images\WSSV-47-img-3.jpg,D:\OntoShrimp_Data\ShrimpDiseaseImageBD\Root\Annotated Diseased Shrimp Images\Annotated Diseased Shrimp Images\2. WSSV\labels\WSSV-47-img-3.txt,SDBD_WSSV_0047,SDBD_WSSV_0047,2048,2048,a621a007625ec1a9a4f5625ec8c56a6409b87196a78f08bc934ddc3bcb459336,ae39e279aef1197b55d65daf5a88d8b3986e41a7c44470ddc7e47ae89b9ba4c2,edc9923c8f613c07,DUPG_00749,unique,0,0,1,,source_candidate,source_train,2026.0
SDBD_WSSV_e0a50ab345,SDBD,,https://data.mendeley.com/datasets/jhrtdj9txm/3,10.17632/jhrtdj9txm.3,CC BY 4.0,3. WSSV/WSSV-48-img-1.jpg,WSSV-48-img-1.jpg,UNKNOWN_PENDING_VERIFICATION,Species pending independent provenance verification,WSSV,WSSV,1,D:\OntoShrimp_Data\ShrimpDiseaseImageBD\Root\Annotated Diseased Shrimp Images\Annotated Diseased Shrimp Images\2. WSSV\images\WSSV-48-img-1.jpg,D:\OntoShrimp_Data\ShrimpDiseaseImageBD\Root\Annotated Diseased Shrimp Images\Annotated Diseased Shrimp Images\2. WSSV\labels\WSSV-48-img-1.txt,SDBD_WSSV_0048,SDBD_WSSV_0048,2048,2048,4b8914fd219f8ba3375ee730235e548e7cab06f6cde0b75033d46ef149ed3647,e0a50ab34553c97d3c7a6a432c19e020cdb5c2e46d0e17de904cb0245626face,eba4c24a3dc8d61b,DUPG_00750,unique,0,0,1,,source_candidate,source_train,2026.0
SDBD_WSSV_f0822e4259,SDBD,,https://data.mendeley.com/datasets/jhrtdj9txm/3,10.17632/jhrtdj9txm.3,CC BY 4.0,3. WSSV/WSSV-48-img-2.jpg,WSSV-48-img-2.jpg,UNKNOWN_PENDING_VERIFICATION,Species pending independent provenance verification,WSSV,WSSV,1,D:\OntoShrimp_Data\ShrimpDiseaseImageBD\Root\Annotated Diseased Shrimp Images\Annotated Diseased Shrimp Images\2. WSSV\images\WSSV-48-img-2.jpg,D:\OntoShrimp_Data\ShrimpDiseaseImageBD\Root\Annotated Diseased Shrimp Images\Annotated Diseased Shrimp Images\2. WSSV\labels\WSSV-48-img-2.txt,SDBD_WSSV_0048,SDBD_WSSV_0048,2048,2048,0bf36376b0b43f2d2dfb25bc084de70e094cdbf116bce9f1a5364241cc150db3,f0822e425996d47d1bd2055b91bff999720b525cedddf925dc5acffd6b28b0b7,ed92d24b366cd02d,DUPG_00751,unique,0,0,1,,source_candidate,source_train,2026.0
SDBD_WSSV_b34c62f1ea,SDBD,,https://data.mendeley.com/datasets/jhrtdj9txm/3,10.17632/jhrtdj9txm.3,CC BY 4.0,3. WSSV/WSSV-48-img-3.jpg,WSSV-48-img-3.jpg,UNKNOWN_PENDING_VERIFICATION,Species pending independent provenance verification,WSSV,WSSV,1,D:\OntoShrimp_Data\ShrimpDiseaseImageBD\Root\Annotated Diseased Shrimp Images\Annotated Diseased Shrimp Images\2. WSSV\images\WSSV-48-img-3.jpg,D:\OntoShrimp_Data\ShrimpDiseaseImageBD\Root\Annotated Diseased Shrimp Images\Annotated Diseased Shrimp Images\2. WSSV\labels\WSSV-48-img-3.txt,SDBD_WSSV_0048,SDBD_WSSV_0048,2048,2048,4ecd1994255cc95b872e473e0ca0ae22fc084abcd748b258c1c0c3bfebbf1d30,b34c62f1eaf5f00cab852c14a3fe3e1916c911c8a122182b3a172ddc34342fa2,f8d4876b969c6891,DUPG_00752,unique,0,0,1,,source_candidate,source_train,2026.0
SDBD_WSSV_4d33883a95,SDBD,,https://data.mendeley.com/datasets/jhrtdj9txm/3,10.17632/jhrtdj9txm.3,CC BY 4.0,3. WSSV/WSSV-49-img-1.jpg,WSSV-49-img-1.jpg,UNKNOWN_PENDING_VERIFICATION,Species pending independent provenance verification,WSSV,WSSV,1,D:\OntoShrimp_Data\ShrimpDiseaseImageBD\Root\Annotated Diseased Shrimp Images\Annotated Diseased Shrimp Images\2. WSSV\images\WSSV-49-img-1.jpg,D:\OntoShrimp_Data\ShrimpDiseaseImageBD\Root\Annotated Diseased Shrimp Images\Annotated Diseased Shrimp Images\2. WSSV\labels\WSSV-49-img-1.txt,SDBD_WSSV_0049,SDBD_WSSV_0049,2048,2048,b471242d7a63da961c4cc2500db0f90a97ffc33f40df35e6728725ffe2a37071,4d33883a959fe00a807f69d192521cd90d0285c3d81f930b181bb363abce30c3,fee1900f693c9368,DUPG_00753,unique,0,0,1,,source_candidate,source_train,2026.0
SDBD_WSSV_fc6cad79d8,SDBD,,https://data.mendeley.com/datasets/jhrtdj9txm/3,10.17632/jhrtdj9txm.3,CC BY 4.0,3. WSSV/WSSV-49-img-2.jpg,WSSV-49-img-2.jpg,UNKNOWN_PENDING_VERIFICATION,Species pending independent provenance verification,WSSV,WSSV,1,D:\OntoShrimp_Data\ShrimpDiseaseImageBD\Root\Annotated Diseased Shrimp Images\Annotated Diseased Shrimp Images\2. WSSV\images\WSSV-49-img-2.jpg,D:\OntoShrimp_Data\ShrimpDiseaseImageBD\Root\Annotated Diseased Shrimp Images\Annotated Diseased Shrimp Images\2. WSSV\labels\WSSV-49-img-2.txt,SDBD_WSSV_0049,SDBD_WSSV_0049,2048,2048,ca3f89fb326db7442d5e80bc586c8e34b3b15aea17cc0cecbb8e7e2d72ee448e,fc6cad79d826ca2e76912807036b3713b75564ba41f716c580d8d45fd5e38950,fea0d22fb090c3ec,DUPG_00754,unique,0,0,1,,source_candidate,source_train,2026.0
SDBD_WSSV_c39c5e8bde,SDBD,,https://data.mendeley.com/datasets/jhrtdj9txm/3,10.17632/jhrtdj9txm.3,CC BY 4.0,3. WSSV/WSSV-49-img-3.jpg,WSSV-49-img-3.jpg,UNKNOWN_PENDING_VERIFICATION,Species pending independent provenance verification,WSSV,WSSV,1,D:\OntoShrimp_Data\ShrimpDiseaseImageBD\Root\Annotated Diseased Shrimp Images\Annotated Diseased Shrimp Images\2. WSSV\images\WSSV-49-img-3.jpg,D:\OntoShrimp_Data\ShrimpDiseaseImageBD\Root\Annotated Diseased Shrimp Images\Annotated Diseased Shrimp Images\2. WSSV\labels\WSSV-49-img-3.txt,SDBD_WSSV_0049,SDBD_WSSV_0049,2048,2048,8edd230c1d9ba76c85bc43a0c36957cfea04ff0b086243a9abd1408c6f115e1c,c39c5e8bded265ab1563ca884f5ee336eca7cded79d94cf392547338bc26fca4,e9c5967a922dcc34,DUPG_00755,unique,0,0,1,,source_candidate,source_train,2026.0
SDBD_WSSV_e52ab2ab19,SDBD,,https://data.mendeley.com/datasets/jhrtdj9txm/3,10.17632/jhrtdj9txm.3,CC BY 4.0,3. WSSV/WSSV-50-img-1.jpg,WSSV-50-img-1.jpg,UNKNOWN_PENDING_VERIFICATION,Species pending independent provenance verification,WSSV,WSSV,1,D:\OntoShrimp_Data\ShrimpDiseaseImageBD\Root\Annotated Diseased Shrimp Images\Annotated Diseased Shrimp Images\2. WSSV\images\WSSV-50-img-1.jpg,D:\OntoShrimp_Data\ShrimpDiseaseImageBD\Root\Annotated Diseased Shrimp Images\Annotated Diseased Shrimp Images\2. WSSV\labels\WSSV-50-img-1.txt,SDBD_WSSV_0050,SDBD_WSSV_0050,2048,2048,65b51765b0600a47569cbf1ad4b5c07953eaeea400fa656e06a34884c6a48dd0,e52ab2ab1953217ad0255784fd4eb0cea79a5264cc907db6aa66118d5a25e52b,ed92d2e9361d92c4,DUPG_00759,unique,0,0,1,,source_candidate,source_train,2026.0
SDBD_WSSV_5d0909d13a,SDBD,,https://data.mendeley.com/datasets/jhrtdj9txm/3,10.17632/jhrtdj9txm.3,CC BY 4.0,3. WSSV/WSSV-50-img-2.jpg,WSSV-50-img-2.jpg,UNKNOWN_PENDING_VERIFICATION,Species pending independent provenance verification,WSSV,WSSV,1,D:\OntoShrimp_Data\ShrimpDiseaseImageBD\Root\Annotated Diseased Shrimp Images\Annotated Diseased Shrimp Images\2. WSSV\images\WSSV-50-img-2.jpg,D:\OntoShrimp_Data\ShrimpDiseaseImageBD\Root\Annotated Diseased Shrimp Images\Annotated Diseased Shrimp Images\2. WSSV\labels\WSSV-50-img-2.txt,SDBD_WSSV_0050,SDBD_WSSV_0050,2048,2048,8b21f9d003d5e7a42c45f19633992913150a530a18abd18fd2ab0e6999634a43,5d0909d13a46b0310c6c737fe2b79a64b2ecf8d955a7518ca3369d1a46a0d5f3,e9b695cba26d130c,DUPG_00760,unique,0,0,1,,source_candidate,source_train,2026.0
SDBD_WSSV_22e4ab34a0,SDBD,,https://data.mendeley.com/datasets/jhrtdj9txm/3,10.17632/jhrtdj9txm.3,CC BY 4.0,3. WSSV/WSSV-50-img-3.jpg,WSSV-50-img-3.jpg,UNKNOWN_PENDING_VERIFICATION,Species pending independent provenance verification,WSSV,WSSV,1,D:\OntoShrimp_Data\ShrimpDiseaseImageBD\Root\Annotated Diseased Shrimp Images\Annotated Diseased Shrimp Images\2. WSSV\images\WSSV-50-img-3.jpg,D:\OntoShrimp_Data\ShrimpDiseaseImageBD\Root\Annotated Diseased Shrimp Images\Annotated Diseased Shrimp Images\2. WSSV\labels\WSSV-50-img-3.txt,SDBD_WSSV_0050,SDBD_WSSV_0050,2048,2048,3554eb4f7f2c5a3ad2e477fd9c86e4c349e7ab094a7128d281b991110d65a57e,22e4ab34a0d0c2ce55fb1f5c2bc0e9ed5f1b7d67a0904973def4862a413d313f,f990c76e8e083d93,DUPG_00761,unique,0,0,1,,source_candidate,source_train,2026.0
SDBD_WSSV_04d257e65a,SDBD,,https://data.mendeley.com/datasets/jhrtdj9txm/3,10.17632/jhrtdj9txm.3,CC BY 4.0,3. WSSV/WSSV-51-img-1.jpg,WSSV-51-img-1.jpg,UNKNOWN_PENDING_VERIFICATION,Species pending independent provenance verification,WSSV,WSSV,1,D:\OntoShrimp_Data\ShrimpDiseaseImageBD\Root\Annotated Diseased Shrimp Images\Annotated Diseased Shrimp Images\2. WSSV\images\WSSV-51-img-1.jpg,D:\OntoShrimp_Data\ShrimpDiseaseImageBD\Root\Annotated Diseased Shrimp Images\Annotated Diseased Shrimp Images\2. WSSV\labels\WSSV-51-img-1.txt,SDBD_WSSV_0051,SDBD_WSSV_0051,2048,2048,86ee8829b1d05919cb88a80a6ba181fcd143ae244a80267ccb97d3f023639d51,04d257e65adf10ffa441da7c293853e9a3d70fac9dfa878b0cff29881c1c6cec,e26c981199b7b653,DUPG_00762,unique,0,0,1,,source_candidate,source_train,2026.0
SDBD_WSSV_a50308fb06,SDBD,,https://data.mendeley.com/datasets/jhrtdj9txm/3,10.17632/jhrtdj9txm.3,CC BY 4.0,3. WSSV/WSSV-51-img-2.jpg,WSSV-51-img-2.jpg,UNKNOWN_PENDING_VERIFICATION,Species pending independent provenance verification,WSSV,WSSV,1,D:\OntoShrimp_Data\ShrimpDiseaseImageBD\Root\Annotated Diseased Shrimp Images\Annotated Diseased Shrimp Images\2. WSSV\images\WSSV-51-img-2.jpg,D:\OntoShrimp_Data\ShrimpDiseaseImageBD\Root\Annotated Diseased Shrimp Images\Annotated Diseased Shrimp Images\2. WSSV\labels\WSSV-51-img-2.txt,SDBD_WSSV_0051,SDBD_WSSV_0051,2048,2048,0e1e26e81c260ade8b245f3b8db0044401e3fe89143abb42520702cec49a59fd,a50308fb0633b6d89e28bee2db95accee729e35d3378bd0cf1d007ed859205c0,f34ecc9d94b1b430,DUPG_00763,unique,0,0,1,,source_candidate,source_train,2026.0
SDBD_WSSV_a4d51ce0b3,SDBD,,https://data.mendeley.com/datasets/jhrtdj9txm/3,10.17632/jhrtdj9txm.3,CC BY 4.0,3. WSSV/WSSV-51-img-3.jpg,WSSV-51-img-3.jpg,UNKNOWN_PENDING_VERIFICATION,Species pending independent provenance verification,WSSV,WSSV,1,D:\OntoShrimp_Data\ShrimpDiseaseImageBD\Root\Annotated Diseased Shrimp Images\Annotated Diseased Shrimp Images\2. WSSV\images\WSSV-51-img-3.jpg,D:\OntoShrimp_Data\ShrimpDiseaseImageBD\Root\Annotated Diseased Shrimp Images\Annotated Diseased Shrimp Images\2. WSSV\labels\WSSV-51-img-3.txt,SDBD_WSSV_0051,SDBD_WSSV_0051,2048,2048,d8cf7124c252e4a41ab43c7fb5e9f9b80b4bd7e5bdf0abf31d7b20b59f0d48e8,a4d51ce0b3e548b45013bf53958bec65f35e470ccc449b36008085f08a9dda42,eb49b55c903dca32,DUPG_00764,unique,0,0,1,,source_candidate,source_train,2026.0
SDBD_WSSV_250b90167e,SDBD,,https://data.mendeley.com/datasets/jhrtdj9txm/3,10.17632/jhrtdj9txm.3,CC BY 4.0,3. WSSV/WSSV-53-img-1.jpg,WSSV-53-img-1.jpg,UNKNOWN_PENDING_VERIFICATION,Species pending independent provenance verification,WSSV,WSSV,1,D:\OntoShrimp_Data\ShrimpDiseaseImageBD\Root\Annotated Diseased Shrimp Images\Annotated Diseased Shrimp Images\2. WSSV\images\WSSV-53-img-1.jpg,D:\OntoShrimp_Data\ShrimpDiseaseImageBD\Root\Annotated Diseased Shrimp Images\Annotated Diseased Shrimp Images\2. WSSV\labels\WSSV-53-img-1.txt,SDBD_WSSV_0053,SDBD_WSSV_0053,2048,2048,487cd0437bb3f63c4d51a7da8e972168f124c147d9189be8a7aed1babf513de7,250b90167e3733ec1730b83bcb0d93ff8ac895e2ace1800289ba81d31f862029,e66cd8319349b64b,DUPG_00767,unique,0,0,1,,source_candidate,source_train,2026.0
SDBD_WSSV_089d26e818,SDBD,,https://data.mendeley.com/datasets/jhrtdj9txm/3,10.17632/jhrtdj9txm.3,CC BY 4.0,3. WSSV/WSSV-53-img-2.jpg,WSSV-53-img-2.jpg,UNKNOWN_PENDING_VERIFICATION,Species pending independent provenance verification,WSSV,WSSV,1,D:\OntoShrimp_Data\ShrimpDiseaseImageBD\Root\Annotated Diseased Shrimp Images\Annotated Diseased Shrimp Images\2. WSSV\images\WSSV-53-img-2.jpg,D:\OntoShrimp_Data\ShrimpDiseaseImageBD\Root\Annotated Diseased Shrimp Images\Annotated Diseased Shrimp Images\2. WSSV\labels\WSSV-53-img-2.txt,SDBD_WSSV_0053,SDBD_WSSV_0053,2048,2048,ea101b217e769814ad9e99e26d09e37b413041a13d76006d8a94e484541d5e00,089d26e818acbd72a7d570882a86470168a13096f5ecc657aad67d51ff561e3e,f372ce189c64916d,DUPG_00768,unique,0,0,1,,source_candidate,source_train,2026.0
SDBD_WSSV_59697956c4,SDBD,,https://data.mendeley.com/datasets/jhrtdj9txm/3,10.17632/jhrtdj9txm.3,CC BY 4.0,3. WSSV/WSSV-53-img-3.jpg,WSSV-53-img-3.jpg,UNKNOWN_PENDING_VERIFICATION,Species pending independent provenance verification,WSSV,WSSV,1,D:\OntoShrimp_Data\ShrimpDiseaseImageBD\Root\Annotated Diseased Shrimp Images\Annotated Diseased Shrimp Images\2. WSSV\images\WSSV-53-img-3.jpg,D:\OntoShrimp_Data\ShrimpDiseaseImageBD\Root\Annotated Diseased Shrimp Images\Annotated Diseased Shrimp Images\2. WSSV\labels\WSSV-53-img-3.txt,SDBD_WSSV_0053,SDBD_WSSV_0053,2048,2048,b2fe2fd86a81c95af3cc844096a8acaeb9542399e2e4831f19d994f5a1cfa499,59697956c47c01dd3e264cae61c935b4eab4819969b03eb9ac1a659ee02d5808,fb88846d9be2a01f,DUPG_00769,unique,0,0,1,,source_candidate,source_train,2026.0
SDBD_WSSV_07cc6cd604,SDBD,,https://data.mendeley.com/datasets/jhrtdj9txm/3,10.17632/jhrtdj9txm.3,CC BY 4.0,3. WSSV/WSSV-54-img-1.jpg,WSSV-54-img-1.jpg,UNKNOWN_PENDING_VERIFICATION,Species pending independent provenance verification,WSSV,WSSV,1,D:\OntoShrimp_Data\ShrimpDiseaseImageBD\Root\Annotated Diseased Shrimp Images\Annotated Diseased Shrimp Images\2. WSSV\images\WSSV-54-img-1.jpg,D:\OntoShrimp_Data\ShrimpDiseaseImageBD\Root\Annotated Diseased Shrimp Images\Annotated Diseased Shrimp Images\2. WSSV\labels\WSSV-54-img-1.txt,SDBD_WSSV_0054,SDBD_WSSV_0054,2048,2048,3ce8f33756441bca67bca27131fea2805b01f61bd5ef0a092b4b53158b390010,07cc6cd6041b9e55febaa92fce7f381827d83786dad9200d74cc69a33163c3cd,fb86876898b163c6,DUPG_00770,unique,0,0,1,,source_candidate,source_train,2026.0
SDBD_WSSV_fee1d804b1,SDBD,,https://data.mendeley.com/datasets/jhrtdj9txm/3,10.17632/jhrtdj9txm.3,CC BY 4.0,3. WSSV/WSSV-54-img-2.jpg,WSSV-54-img-2.jpg,UNKNOWN_PENDING_VERIFICATION,Species pending independent provenance verification,WSSV,WSSV,1,D:\OntoShrimp_Data\ShrimpDiseaseImageBD\Root\Annotated Diseased Shrimp Images\Annotated Diseased Shrimp Images\2. WSSV\images\WSSV-54-img-2.jpg,D:\OntoShrimp_Data\ShrimpDiseaseImageBD\Root\Annotated Diseased Shrimp Images\Annotated Diseased Shrimp Images\2. WSSV\labels\WSSV-54-img-2.txt,SDBD_WSSV_0054,SDBD_WSSV_0054,2048,2048,4514f1174b078f56a7252d607a8b9dd793d7690bc8d779b21f4a2912c057ead4,fee1d804b1489daa32c8df58b88f0a17366bc7646f1ee140c07fb171a0f279ce,fff0834f2815924d,DUPG_00771,unique,0,0,1,,source_candidate,source_train,2026.0
SDBD_WSSV_d9f0829539,SDBD,,https://data.mendeley.com/datasets/jhrtdj9txm/3,10.17632/jhrtdj9txm.3,CC BY 4.0,3. WSSV/WSSV-54-img-3.jpg,WSSV-54-img-3.jpg,UNKNOWN_PENDING_VERIFICATION,Species pending independent provenance verification,WSSV,WSSV,1,D:\OntoShrimp_Data\ShrimpDiseaseImageBD\Root\Annotated Diseased Shrimp Images\Annotated Diseased Shrimp Images\2. WSSV\images\WSSV-54-img-3.jpg,D:\OntoShrimp_Data\ShrimpDiseaseImageBD\Root\Annotated Diseased Shrimp Images\Annotated Diseased Shrimp Images\2. WSSV\labels\WSSV-54-img-3.txt,SDBD_WSSV_0054,SDBD_WSSV_0054,2048,2048,95829210a5afec41d4df8832ba631df8b4a586f7d28d0a9ba7f457392563d43d,d9f08295392b9ff7bfcedeac0a34a90ffac46b2a7d725f3a35d5d7eb336ae30f,ffb0930f2827948d,DUPG_00772,unique,0,0,1,,source_candidate,source_train,2026.0
SDBD_WSSV_b916d00967,SDBD,,https://data.mendeley.com/datasets/jhrtdj9txm/3,10.17632/jhrtdj9txm.3,CC BY 4.0,3. WSSV/WSSV-57-img-1.jpg,WSSV-57-img-1.jpg,UNKNOWN_PENDING_VERIFICATION,Species pending independent provenance verification,WSSV,WSSV,1,D:\OntoShrimp_Data\ShrimpDiseaseImageBD\Root\Annotated Diseased Shrimp Images\Annotated Diseased Shrimp Images\2. WSSV\images\WSSV-57-img-1.jpg,D:\OntoShrimp_Data\ShrimpDiseaseImageBD\Root\Annotated Diseased Shrimp Images\Annotated Diseased Shrimp Images\2. WSSV\labels\WSSV-57-img-1.txt,SDBD_WSSV_0057,SDBD_WSSV_0057,2048,2048,3539b405d062b51fb2539dfaf2a4f979dc3e35b8568e39cf3490d4cffa92a33c,b916d00967dd9be7b006a1fec6ca18ce77517f2ad858ba2e89338a72f9832779,b7c3983dccd02cc3,DUPG_00779,unique,0,0,1,,source_candidate,source_train,2026.0
SDBD_WSSV_3830641ffd,SDBD,,https://data.mendeley.com/datasets/jhrtdj9txm/3,10.17632/jhrtdj9txm.3,CC BY 4.0,3. WSSV/WSSV-57-img-2.jpg,WSSV-57-img-2.jpg,UNKNOWN_PENDING_VERIFICATION,Species pending independent provenance verification,WSSV,WSSV,1,D:\OntoShrimp_Data\ShrimpDiseaseImageBD\Root\Annotated Diseased Shrimp Images\Annotated Diseased Shrimp Images\2. WSSV\images\WSSV-57-img-2.jpg,D:\OntoShrimp_Data\ShrimpDiseaseImageBD\Root\Annotated Diseased Shrimp Images\Annotated Diseased Shrimp Images\2. WSSV\labels\WSSV-57-img-2.txt,SDBD_WSSV_0057,SDBD_WSSV_0057,2048,2048,ebec5e89b55c4f24dbba55b8f36696693ef445221eab8ce016f36c0f93285aad,3830641ffd5e4e26d24b1a30ad18f417207f3b8b9c0f07b7527b1c6f264dee0f,f981876c98b163d3,DUPG_00780,unique,0,0,1,,source_candidate,source_train,2026.0
SDBD_WSSV_288dd1b228,SDBD,,https://data.mendeley.com/datasets/jhrtdj9txm/3,10.17632/jhrtdj9txm.3,CC BY 4.0,3. WSSV/WSSV-58-img-1.jpg,WSSV-58-img-1.jpg,UNKNOWN_PENDING_VERIFICATION,Species pending independent provenance verification,WSSV,WSSV,1,D:\OntoShrimp_Data\ShrimpDiseaseImageBD\Root\Annotated Diseased Shrimp Images\Annotated Diseased Shrimp Images\2. WSSV\images\WSSV-58-img-1.jpg,D:\OntoShrimp_Data\ShrimpDiseaseImageBD\Root\Annotated Diseased Shrimp Images\Annotated Diseased Shrimp Images\2. WSSV\labels\WSSV-58-img-1.txt,SDBD_WSSV_0058,SDBD_WSSV_0058,2048,2048,afae09a1294c1a3fd84786eceead2186d78ae12f4d41f41c35a9a5d1557ab286,288dd1b2289294d3928a4fa4fc35a4165bcfd7dd2dd0e0300604aa515423e68f,b3ccd8d2cc073c3c,DUPG_00781,canonical,0,0,1,,source_candidate,source_train,2026.0
SDBD_WSSV_9beac04bdb,SDBD,,https://data.mendeley.com/datasets/jhrtdj9txm/3,10.17632/jhrtdj9txm.3,CC BY 4.0,3. WSSV/WSSV-58-img-3.jpg,WSSV-58-img-3.jpg,UNKNOWN_PENDING_VERIFICATION,Species pending independent provenance verification,WSSV,WSSV,1,D:\OntoShrimp_Data\ShrimpDiseaseImageBD\Root\Annotated Diseased Shrimp Images\Annotated Diseased Shrimp Images\2. WSSV\images\WSSV-58-img-3.jpg,D:\OntoShrimp_Data\ShrimpDiseaseImageBD\Root\Annotated Diseased Shrimp Images\Annotated Diseased Shrimp Images\2. WSSV\labels\WSSV-58-img-3.txt,SDBD_WSSV_0058,SDBD_WSSV_0058,2048,2048,abf961317b28761a1496518864190f1dcdd55c0759b49108707e769eaccff6f2,9beac04bdb52a550b4c88ea8e6f7a1d66ad6541fc408a27cd2d4cde6764cb914,e995967a89653e84,DUPG_00782,unique,0,0,1,,source_candidate,source_train,2026.0
SDBD_WSSV_dc06404024,SDBD,,https://data.mendeley.com/datasets/jhrtdj9txm/3,10.17632/jhrtdj9txm.3,CC BY 4.0,3. WSSV/WSSV-6-img-1.jpg,WSSV-6-img-1.jpg,UNKNOWN_PENDING_VERIFICATION,Species pending independent provenance verification,WSSV,WSSV,1,D:\OntoShrimp_Data\ShrimpDiseaseImageBD\Root\Annotated Diseased Shrimp Images\Annotated Diseased Shrimp Images\2. WSSV\images\WSSV-6-img-1.jpg,D:\OntoShrimp_Data\ShrimpDiseaseImageBD\Root\Annotated Diseased Shrimp Images\Annotated Diseased Shrimp Images\2. WSSV\labels\WSSV-6-img-1.txt,SDBD_WSSV_0006,SDBD_WSSV_0006,2048,2048,b1b826900f3b8c2772fe1807957f74229576b9d3d93ac921f04c2f403d217732,dc06404024bf631ed134929fd9eef602261a1060a45647e2b986acf1a21b3678,fc97c2e864369a0b,DUPG_00785,unique,0,0,1,,source_candidate,source_train,2026.0
SDBD_WSSV_f6274823ca,SDBD,,https://data.mendeley.com/datasets/jhrtdj9txm/3,10.17632/jhrtdj9txm.3,CC BY 4.0,3. WSSV/WSSV-6-img-2.jpg,WSSV-6-img-2.jpg,UNKNOWN_PENDING_VERIFICATION,Species pending independent provenance verification,WSSV,WSSV,1,D:\OntoShrimp_Data\ShrimpDiseaseImageBD\Root\Annotated Diseased Shrimp Images\Annotated Diseased Shrimp Images\2. WSSV\images\WSSV-6-img-2.jpg,D:\OntoShrimp_Data\ShrimpDiseaseImageBD\Root\Annotated Diseased Shrimp Images\Annotated Diseased Shrimp Images\2. WSSV\labels\WSSV-6-img-2.txt,SDBD_WSSV_0006,SDBD_WSSV_0006,2048,2048,030fcaa9c84981ba2df15ca6dbdbe818de3d0b096604134d7207c7c06fd45389,f6274823ca454c6671724253cbc425ced37f4b1180afa6dfdebc9d6330aa5141,9ae7d0c4383e2f85,DUPG_00786,unique,0,0,1,,source_candidate,source_train,2026.0
SDBD_WSSV_4df7a924d2,SDBD,,https://data.mendeley.com/datasets/jhrtdj9txm/3,10.17632/jhrtdj9txm.3,CC BY 4.0,3. WSSV/WSSV-6-img-3.jpg,WSSV-6-img-3.jpg,UNKNOWN_PENDING_VERIFICATION,Species pending independent provenance verification,WSSV,WSSV,1,D:\OntoShrimp_Data\ShrimpDiseaseImageBD\Root\Annotated Diseased Shrimp Images\Annotated Diseased Shrimp Images\2. WSSV\images\WSSV-6-img-3.jpg,D:\OntoShrimp_Data\ShrimpDiseaseImageBD\Root\Annotated Diseased Shrimp Images\Annotated Diseased Shrimp Images\2. WSSV\labels\WSSV-6-img-3.txt,SDBD_WSSV_0006,SDBD_WSSV_0006,2048,2048,2dce56a8dc7fdbcae84fdc1ddbc535a4516a31842e884f11d9bb9c93930c079a,4df7a924d2d28bab245432edf6754919d9ac9b2ed49b36aef127df293a1bebe9,b1219ece6765989a,DUPG_00787,unique,0,0,1,,source_candidate,source_train,2026.0
SDBD_WSSV_0db39d1909,SDBD,,https://data.mendeley.com/datasets/jhrtdj9txm/3,10.17632/jhrtdj9txm.3,CC BY 4.0,3. WSSV/WSSV-62-img-1.jpg,WSSV-62-img-1.jpg,UNKNOWN_PENDING_VERIFICATION,Species pending independent provenance verification,WSSV,WSSV,1,D:\OntoShrimp_Data\ShrimpDiseaseImageBD\Root\Annotated Diseased Shrimp Images\Annotated Diseased Shrimp Images\2. WSSV\images\WSSV-62-img-1.jpg,D:\OntoShrimp_Data\ShrimpDiseaseImageBD\Root\Annotated Diseased Shrimp Images\Annotated Diseased Shrimp Images\2. WSSV\labels\WSSV-62-img-1.txt,SDBD_WSSV_0062,SDBD_WSSV_0062,2048,2048,ef4af80ca6ee14ddbf2b9fa41070ac937e95e451ed5c8e7a1795e31c8668a077,0db39d19097ab3c45cae12b372867b910d00318786bf14f1a59682939731d9d9,f1c69a3922c698f9,DUPG_00794,unique,0,0,1,,source_candidate,source_train,2026.0
SDBD_WSSV_1626e6d868,SDBD,,https://data.mendeley.com/datasets/jhrtdj9txm/3,10.17632/jhrtdj9txm.3,CC BY 4.0,3. WSSV/WSSV-62-img-2.jpg,WSSV-62-img-2.jpg,UNKNOWN_PENDING_VERIFICATION,Species pending independent provenance verification,WSSV,WSSV,1,D:\OntoShrimp_Data\ShrimpDiseaseImageBD\Root\Annotated Diseased Shrimp Images\Annotated Diseased Shrimp Images\2. WSSV\images\WSSV-62-img-2.jpg,D:\OntoShrimp_Data\ShrimpDiseaseImageBD\Root\Annotated Diseased Shrimp Images\Annotated Diseased Shrimp Images\2. WSSV\labels\WSSV-62-img-2.txt,SDBD_WSSV_0062,SDBD_WSSV_0062,2048,2048,21f6b88cb51b5265aa1047ccd62fb014a893dbffd70ccb0cdb063863aa212990,1626e6d8684b7ebb4ab084aed46b40ecb03bd845f465c82fa2863863ed6695f0,b697d9ec64133321,DUPG_00795,unique,0,0,1,,source_candidate,source_train,2026.0
SDBD_WSSV_8df1b05029,SDBD,,https://data.mendeley.com/datasets/jhrtdj9txm/3,10.17632/jhrtdj9txm.3,CC BY 4.0,3. WSSV/WSSV-63-img-1.jpg,WSSV-63-img-1.jpg,UNKNOWN_PENDING_VERIFICATION,Species pending independent provenance verification,WSSV,WSSV,1,D:\OntoShrimp_Data\ShrimpDiseaseImageBD\Root\Annotated Diseased Shrimp Images\Annotated Diseased Shrimp Images\2. WSSV\images\WSSV-63-img-1.jpg,D:\OntoShrimp_Data\ShrimpDiseaseImageBD\Root\Annotated Diseased Shrimp Images\Annotated Diseased Shrimp Images\2. WSSV\labels\WSSV-63-img-1.txt,SDBD_WSSV_0063,SDBD_WSSV_0063,2048,2048,93ed274b58142b4455caae788664fd56b5f628269ed8023572370f35203f3dfd,8df1b050296450d409de0061ac45840075c795be1435a9fe275697982f50f866,a6a4d13d8ff01c87,DUPG_00796,unique,0,0,1,,source_candidate,source_train,2026.0
SDBD_WSSV_6e58bbc02e,SDBD,,https://data.mendeley.com/datasets/jhrtdj9txm/3,10.17632/jhrtdj9txm.3,CC BY 4.0,3. WSSV/WSSV-63-img-2.jpg,WSSV-63-img-2.jpg,UNKNOWN_PENDING_VERIFICATION,Species pending independent provenance verification,WSSV,WSSV,1,D:\OntoShrimp_Data\ShrimpDiseaseImageBD\Root\Annotated Diseased Shrimp Images\Annotated Diseased Shrimp Images\2. WSSV\images\WSSV-63-img-2.jpg,D:\OntoShrimp_Data\ShrimpDiseaseImageBD\Root\Annotated Diseased Shrimp Images\Annotated Diseased Shrimp Images\2. WSSV\labels\WSSV-63-img-2.txt,SDBD_WSSV_0063,SDBD_WSSV_0063,2048,2048,82fcc07996fac371a0066973c43d36b6d2883bd786a40460357bc5f330300423,6e58bbc02e9a36eab533372a4ab925e816524cbd9feddb9a89c4429394505663,f4899b643986cd39,DUPG_00797,unique,0,0,1,,source_candidate,source_train,2026.0
SDBD_WSSV_f735e0847a,SDBD,,https://data.mendeley.com/datasets/jhrtdj9txm/3,10.17632/jhrtdj9txm.3,CC BY 4.0,3. WSSV/WSSV-63-img-3.jpg,WSSV-63-img-3.jpg,UNKNOWN_PENDING_VERIFICATION,Species pending independent provenance verification,WSSV,WSSV,1,D:\OntoShrimp_Data\ShrimpDiseaseImageBD\Root\Annotated Diseased Shrimp Images\Annotated Diseased Shrimp Images\2. WSSV\images\WSSV-63-img-3.jpg,D:\OntoShrimp_Data\ShrimpDiseaseImageBD\Root\Annotated Diseased Shrimp Images\Annotated Diseased Shrimp Images\2. WSSV\labels\WSSV-63-img-3.txt,SDBD_WSSV_0063,SDBD_WSSV_0063,2048,2048,7bdcae1e533384c2a417649070b58fa0213eb44ed969365bb798944bddf4862b,f735e0847a5cdf47bb6b65179c7366502aaf20d98379a52ba650079facdafdf3,b9e3c72ce8906366,DUPG_00798,unique,0,0,1,,source_candidate,source_train,2026.0
SDBD_WSSV_45969a8a94,SDBD,,https://data.mendeley.com/datasets/jhrtdj9txm/3,10.17632/jhrtdj9txm.3,CC BY 4.0,3. WSSV/WSSV-65-img-1.jpg,WSSV-65-img-1.jpg,UNKNOWN_PENDING_VERIFICATION,Species pending independent provenance verification,WSSV,WSSV,1,D:\OntoShrimp_Data\ShrimpDiseaseImageBD\Root\Annotated Diseased Shrimp Images\Annotated Diseased Shrimp Images\2. WSSV\images\WSSV-65-img-1.jpg,D:\OntoShrimp_Data\ShrimpDiseaseImageBD\Root\Annotated Diseased Shrimp Images\Annotated Diseased Shrimp Images\2. WSSV\labels\WSSV-65-img-1.txt,SDBD_WSSV_0065,SDBD_WSSV_0065,2048,2048,93270c974f412a74f747f981d230067315f15951ee7563dbe5f3547840b81c63,45969a8a9471a5cb856f3e336aa0e975d66d4bd31cb2781500b87bb45c93df7e,fbb4d04b3534c2c9,DUPG_00802,unique,0,0,1,,source_candidate,source_train,2026.0
SDBD_WSSV_ed380f3454,SDBD,,https://data.mendeley.com/datasets/jhrtdj9txm/3,10.17632/jhrtdj9txm.3,CC BY 4.0,3. WSSV/WSSV-65-img-2.jpg,WSSV-65-img-2.jpg,UNKNOWN_PENDING_VERIFICATION,Species pending independent provenance verification,WSSV,WSSV,1,D:\OntoShrimp_Data\ShrimpDiseaseImageBD\Root\Annotated Diseased Shrimp Images\Annotated Diseased Shrimp Images\2. WSSV\images\WSSV-65-img-2.jpg,D:\OntoShrimp_Data\ShrimpDiseaseImageBD\Root\Annotated Diseased Shrimp Images\Annotated Diseased Shrimp Images\2. WSSV\labels\WSSV-65-img-2.txt,SDBD_WSSV_0065,SDBD_WSSV_0065,2048,2048,1d208ad8ff4f45a470c65f0585a9f05629f90b2d2a0bb63e48072e67cce5bb68,ed380f345442bf1a6fa7595e78672a606703f27bfc22288f8aa54566c2993812,fbb4d0ca2d34d2c8,DUPG_00803,unique,0,0,1,,source_candidate,source_train,2026.0
SDBD_WSSV_6f06648555,SDBD,,https://data.mendeley.com/datasets/jhrtdj9txm/3,10.17632/jhrtdj9txm.3,CC BY 4.0,3. WSSV/WSSV-65-img-3.jpg,WSSV-65-img-3.jpg,UNKNOWN_PENDING_VERIFICATION,Species pending independent provenance verification,WSSV,WSSV,1,D:\OntoShrimp_Data\ShrimpDiseaseImageBD\Root\Annotated Diseased Shrimp Images\Annotated Diseased Shrimp Images\2. WSSV\images\WSSV-65-img-3.jpg,D:\OntoShrimp_Data\ShrimpDiseaseImageBD\Root\Annotated Diseased Shrimp Images\Annotated Diseased Shrimp Images\2. WSSV\labels\WSSV-65-img-3.txt,SDBD_WSSV_0065,SDBD_WSSV_0065,2048,2048,21990468ab3b6e084691541fa9caef55196ebb32e6cb8703cf157eede908683a,6f066485551b76579a8375eeaf0129e2fe2e6f06d7825a0afa881b63131b30fb,f8cc8763889665cb,DUPG_00804,unique,0,0,1,,source_candidate,source_train,2026.0
SDBD_WSSV_d090abb5dd,SDBD,,https://data.mendeley.com/datasets/jhrtdj9txm/3,10.17632/jhrtdj9txm.3,CC BY 4.0,3. WSSV/WSSV-66-img-1.jpg,WSSV-66-img-1.jpg,UNKNOWN_PENDING_VERIFICATION,Species pending independent provenance verification,WSSV,WSSV,1,D:\OntoShrimp_Data\ShrimpDiseaseImageBD\Root\Annotated Diseased Shrimp Images\Annotated Diseased Shrimp Images\2. WSSV\images\WSSV-66-img-1.jpg,D:\OntoShrimp_Data\ShrimpDiseaseImageBD\Root\Annotated Diseased Shrimp Images\Annotated Diseased Shrimp Images\2. WSSV\labels\WSSV-66-img-1.txt,SDBD_WSSV_0066,SDBD_WSSV_0066,2048,2048,1ba11d1b648dc99e361925c1028633311ed8e4b27875f5c287b1cd05780a105b,d090abb5dd93b9e21e77ead52fa3b5139d5b2f9b11a9b4fe6d8dc06a4b1bfd06,ffe0834f682097d2,DUPG_00805,unique,0,0,1,,source_candidate,source_train,2026.0
SDBD_WSSV_3c4aaf34c4,SDBD,,https://data.mendeley.com/datasets/jhrtdj9txm/3,10.17632/jhrtdj9txm.3,CC BY 4.0,3. WSSV/WSSV-66-img-2.jpg,WSSV-66-img-2.jpg,UNKNOWN_PENDING_VERIFICATION,Species pending independent provenance verification,WSSV,WSSV,1,D:\OntoShrimp_Data\ShrimpDiseaseImageBD\Root\Annotated Diseased Shrimp Images\Annotated Diseased Shrimp Images\2. WSSV\images\WSSV-66-img-2.jpg,D:\OntoShrimp_Data\ShrimpDiseaseImageBD\Root\Annotated Diseased Shrimp Images\Annotated Diseased Shrimp Images\2. WSSV\labels\WSSV-66-img-2.txt,SDBD_WSSV_0066,SDBD_WSSV_0066,2048,2048,921effa6735a9efa6130eab71f870fe47ee71982415d3c03b8ce9808223d96d6,3c4aaf34c49df92c4dee7c2bdafa0eb60e79a3ea4a841d3f8908ccf0b8b85454,fee0832e60939f68,DUPG_00806,unique,0,0,1,,source_candidate,source_train,2026.0
SDBD_WSSV_4ddc63e54c,SDBD,,https://data.mendeley.com/datasets/jhrtdj9txm/3,10.17632/jhrtdj9txm.3,CC BY 4.0,3. WSSV/WSSV-66-img-3.jpg,WSSV-66-img-3.jpg,UNKNOWN_PENDING_VERIFICATION,Species pending independent provenance verification,WSSV,WSSV,1,D:\OntoShrimp_Data\ShrimpDiseaseImageBD\Root\Annotated Diseased Shrimp Images\Annotated Diseased Shrimp Images\2. WSSV\images\WSSV-66-img-3.jpg,D:\OntoShrimp_Data\ShrimpDiseaseImageBD\Root\Annotated Diseased Shrimp Images\Annotated Diseased Shrimp Images\2. WSSV\labels\WSSV-66-img-3.txt,SDBD_WSSV_0066,SDBD_WSSV_0066,2048,2048,1c19ae77ad2050a31f190914897cbc3611635d6d898b9c69ad405c87de4eb3cb,4ddc63e54cb89cdc6e10e2187dee62b718a8d272341e11a731693b066231acf7,ffe0834e20b29fc8,DUPG_00807,unique,0,0,1,,source_candidate,source_train,2026.0
SDBD_WSSV_f96d99ef26,SDBD,,https://data.mendeley.com/datasets/jhrtdj9txm/3,10.17632/jhrtdj9txm.3,CC BY 4.0,3. WSSV/WSSV-68-img-1.jpg,WSSV-68-img-1.jpg,UNKNOWN_PENDING_VERIFICATION,Species pending independent provenance verification,WSSV,WSSV,1,D:\OntoShrimp_Data\ShrimpDiseaseImageBD\Root\Annotated Diseased Shrimp Images\Annotated Diseased Shrimp Images\2. WSSV\images\WSSV-68-img-1.jpg,D:\OntoShrimp_Data\ShrimpDiseaseImageBD\Root\Annotated Diseased Shrimp Images\Annotated Diseased Shrimp Images\2. WSSV\labels\WSSV-68-img-1.txt,SDBD_WSSV_0068,SDBD_WSSV_0068,2048,2048,3029d0de1c307db12e16786026fc8c60d1741b979f573ff2d5c7547f6dd2cc63,f96d99ef2643036150cb4c8bc9a93437b04aa4ea25f15706ee378874e820b1f4,f88783b8a5b09acd,DUPG_00811,unique,0,0,1,,source_candidate,source_train,2026.0
SDBD_WSSV_543084e9cb,SDBD,,https://data.mendeley.com/datasets/jhrtdj9txm/3,10.17632/jhrtdj9txm.3,CC BY 4.0,3. WSSV/WSSV-68-img-2.jpg,WSSV-68-img-2.jpg,UNKNOWN_PENDING_VERIFICATION,Species pending independent provenance verification,WSSV,WSSV,1,D:\OntoShrimp_Data\ShrimpDiseaseImageBD\Root\Annotated Diseased Shrimp Images\Annotated Diseased Shrimp Images\2. WSSV\images\WSSV-68-img-2.jpg,D:\OntoShrimp_Data\ShrimpDiseaseImageBD\Root\Annotated Diseased Shrimp Images\Annotated Diseased Shrimp Images\2. WSSV\labels\WSSV-68-img-2.txt,SDBD_WSSV_0068,SDBD_WSSV_0068,2048,2048,3023aec71dbca6f8097d7ceb69bc7708bbd3967f864ce563d576a00c9f233cf3,543084e9cb8b035320110dac6e913a6418c9f2089e22896012f7efdfdbe526bb,f8a693b86d619a83,DUPG_00812,unique,0,0,1,,source_candidate,source_train,2026.0
SDBD_WSSV_d5c510a980,SDBD,,https://data.mendeley.com/datasets/jhrtdj9txm/3,10.17632/jhrtdj9txm.3,CC BY 4.0,3. WSSV/WSSV-68-img-3.jpg,WSSV-68-img-3.jpg,UNKNOWN_PENDING_VERIFICATION,Species pending independent provenance verification,WSSV,WSSV,1,D:\OntoShrimp_Data\ShrimpDiseaseImageBD\Root\Annotated Diseased Shrimp Images\Annotated Diseased Shrimp Images\2. WSSV\images\WSSV-68-img-3.jpg,D:\OntoShrimp_Data\ShrimpDiseaseImageBD\Root\Annotated Diseased Shrimp Images\Annotated Diseased Shrimp Images\2. WSSV\labels\WSSV-68-img-3.txt,SDBD_WSSV_0068,SDBD_WSSV_0068,2048,2048,0b3a51333d1831712e425209e7d676e5daf18be4a9eb22e1858672a2570f6780,d5c510a980492a314ab3e1f9033cd5b15eb5b997faa70e4dfe31e4023e3ae1bd,fcce93688c26389b,DUPG_00813,unique,0,0,1,,source_candidate,source_train,2026.0
SDBD_WSSV_0fc3317f66,SDBD,,https://data.mendeley.com/datasets/jhrtdj9txm/3,10.17632/jhrtdj9txm.3,CC BY 4.0,3. WSSV/WSSV-69-img-1.jpg,WSSV-69-img-1.jpg,UNKNOWN_PENDING_VERIFICATION,Species pending independent provenance verification,WSSV,WSSV,1,D:\OntoShrimp_Data\ShrimpDiseaseImageBD\Root\Annotated Diseased Shrimp Images\Annotated Diseased Shrimp Images\2. WSSV\images\WSSV-69-img-1.jpg,D:\OntoShrimp_Data\ShrimpDiseaseImageBD\Root\Annotated Diseased Shrimp Images\Annotated Diseased Shrimp Images\2. WSSV\labels\WSSV-69-img-1.txt,SDBD_WSSV_0069,SDBD_WSSV_0069,2048,2048,2a9b56e8d7e79b032511fdfe00194ea254a6b72006300b31401b7d6e4fae31d7,0fc3317f668ef3565d2f0a885e08f6cf042f6dbec05322383a68b8ddfd4bf96a,fec4834a2486db3d,DUPG_00814,unique,0,0,1,,source_candidate,source_train,2026.0
SDBD_WSSV_9eaecc4a41,SDBD,,https://data.mendeley.com/datasets/jhrtdj9txm/3,10.17632/jhrtdj9txm.3,CC BY 4.0,3. WSSV/WSSV-69-img-2.jpg,WSSV-69-img-2.jpg,UNKNOWN_PENDING_VERIFICATION,Species pending independent provenance verification,WSSV,WSSV,1,D:\OntoShrimp_Data\ShrimpDiseaseImageBD\Root\Annotated Diseased Shrimp Images\Annotated Diseased Shrimp Images\2. WSSV\images\WSSV-69-img-2.jpg,D:\OntoShrimp_Data\ShrimpDiseaseImageBD\Root\Annotated Diseased Shrimp Images\Annotated Diseased Shrimp Images\2. WSSV\labels\WSSV-69-img-2.txt,SDBD_WSSV_0069,SDBD_WSSV_0069,2048,2048,4194dc71f11af368db51dee00780cf89933c085a640cab4d1afa85941ed208db,9eaecc4a41669cb8191d27838fe07576006d3dea4866c74fe063b4c5a07f4dc8,feac904a2f24d2da,DUPG_00815,unique,0,0,1,,source_candidate,source_train,2026.0
SDBD_WSSV_4c46725c21,SDBD,,https://data.mendeley.com/datasets/jhrtdj9txm/3,10.17632/jhrtdj9txm.3,CC BY 4.0,3. WSSV/WSSV-69-img-3.jpg,WSSV-69-img-3.jpg,UNKNOWN_PENDING_VERIFICATION,Species pending independent provenance verification,WSSV,WSSV,1,D:\OntoShrimp_Data\ShrimpDiseaseImageBD\Root\Annotated Diseased Shrimp Images\Annotated Diseased Shrimp Images\2. WSSV\images\WSSV-69-img-3.jpg,D:\OntoShrimp_Data\ShrimpDiseaseImageBD\Root\Annotated Diseased Shrimp Images\Annotated Diseased Shrimp Images\2. WSSV\labels\WSSV-69-img-3.txt,SDBD_WSSV_0069,SDBD_WSSV_0069,2048,2048,7d4c5f8d17f267f1496e7261cf6ca83268e930fb69257fd7cc6467844d459a71,4c46725c21b07bf8ee06824cf02bd28ba28dbf45c4870793ab53ac08b119003e,ffe394620e81b07a,DUPG_00816,unique,0,0,1,,source_candidate,source_train,2026.0
SDBD_WSSV_a97806874a,SDBD,,https://data.mendeley.com/datasets/jhrtdj9txm/3,10.17632/jhrtdj9txm.3,CC BY 4.0,3. WSSV/WSSV-7-img-1.jpg,WSSV-7-img-1.jpg,UNKNOWN_PENDING_VERIFICATION,Species pending independent provenance verification,WSSV,WSSV,1,D:\OntoShrimp_Data\ShrimpDiseaseImageBD\Root\Annotated Diseased Shrimp Images\Annotated Diseased Shrimp Images\2. WSSV\images\WSSV-7-img-1.jpg,D:\OntoShrimp_Data\ShrimpDiseaseImageBD\Root\Annotated Diseased Shrimp Images\Annotated Diseased Shrimp Images\2. WSSV\labels\WSSV-7-img-1.txt,SDBD_WSSV_0007,SDBD_WSSV_0007,2048,2048,9f206f9c0260a6409037d3426fde6febd07161d72a7cde8852c458b5eedd906d,a97806874a2fd3f51f7c6ad051a467b960443125bb4b412c19184cbefefaf6e5,e4c98d939b962669,DUPG_00817,unique,0,0,1,,source_candidate,source_train,2026.0
SDBD_WSSV_725f0e3d82,SDBD,,https://data.mendeley.com/datasets/jhrtdj9txm/3,10.17632/jhrtdj9txm.3,CC BY 4.0,3. WSSV/WSSV-7-img-2.jpg,WSSV-7-img-2.jpg,UNKNOWN_PENDING_VERIFICATION,Species pending independent provenance verification,WSSV,WSSV,1,D:\OntoShrimp_Data\ShrimpDiseaseImageBD\Root\Annotated Diseased Shrimp Images\Annotated Diseased Shrimp Images\2. WSSV\images\WSSV-7-img-2.jpg,D:\OntoShrimp_Data\ShrimpDiseaseImageBD\Root\Annotated Diseased Shrimp Images\Annotated Diseased Shrimp Images\2. WSSV\labels\WSSV-7-img-2.txt,SDBD_WSSV_0007,SDBD_WSSV_0007,2048,2048,82efa0d1fe2ca8bdf1a3f6a360d5bdfd59ff13bd37ff2201066728f0ec9b4bc2,725f0e3d82019a0a73b90163ac946ad6a59bce3922d37aa157c594ff90cac12c,f9098277c97998a6,DUPG_00818,unique,0,0,1,,source_candidate,source_train,2026.0
SDBD_WSSV_4909d2815a,SDBD,,https://data.mendeley.com/datasets/jhrtdj9txm/3,10.17632/jhrtdj9txm.3,CC BY 4.0,3. WSSV/WSSV-7-img-3.jpg,WSSV-7-img-3.jpg,UNKNOWN_PENDING_VERIFICATION,Species pending independent provenance verification,WSSV,WSSV,1,D:\OntoShrimp_Data\ShrimpDiseaseImageBD\Root\Annotated Diseased Shrimp Images\Annotated Diseased Shrimp Images\2. WSSV\images\WSSV-7-img-3.jpg,D:\OntoShrimp_Data\ShrimpDiseaseImageBD\Root\Annotated Diseased Shrimp Images\Annotated Diseased Shrimp Images\2. WSSV\labels\WSSV-7-img-3.txt,SDBD_WSSV_0007,SDBD_WSSV_0007,2048,2048,3854ec5210c76c664316e1b5c94e2b9bea1a434cb5b08fc5d3ec02cc8bd6155f,4909d2815ad7b3316dc4fee0f025a6f3d01446f31823ba99c1aa4490d7d641ce,fe0cd3b1e0384f83,DUPG_00819,unique,0,0,1,,source_candidate,source_train,2026.0
SDBD_WSSV_a29789d50d,SDBD,,https://data.mendeley.com/datasets/jhrtdj9txm/3,10.17632/jhrtdj9txm.3,CC BY 4.0,3. WSSV/WSSV-71-img-1.jpg,WSSV-71-img-1.jpg,UNKNOWN_PENDING_VERIFICATION,Species pending independent provenance verification,WSSV,WSSV,1,D:\OntoShrimp_Data\ShrimpDiseaseImageBD\Root\Annotated Diseased Shrimp Images\Annotated Diseased Shrimp Images\2. WSSV\images\WSSV-71-img-1.jpg,D:\OntoShrimp_Data\ShrimpDiseaseImageBD\Root\Annotated Diseased Shrimp Images\Annotated Diseased Shrimp Images\2. WSSV\labels\WSSV-71-img-1.txt,SDBD_WSSV_0071,SDBD_WSSV_0071,2048,2048,54f0bbabc4e010d9d4dbd7df70fd6b2a9f31da5e809e97e1ce7496a086b12836,a29789d50de46135236dcb7b9f4ed1538f63c3f3e57e286fec1a6f679fa634c5,edb2920d3b64c31e,DUPG_00822,unique,0,0,1,,source_candidate,source_train,2026.0
SDBD_WSSV_3041f87384,SDBD,,https://data.mendeley.com/datasets/jhrtdj9txm/3,10.17632/jhrtdj9txm.3,CC BY 4.0,3. WSSV/WSSV-71-img-2.jpg,WSSV-71-img-2.jpg,UNKNOWN_PENDING_VERIFICATION,Species pending independent provenance verification,WSSV,WSSV,1,D:\OntoShrimp_Data\ShrimpDiseaseImageBD\Root\Annotated Diseased Shrimp Images\Annotated Diseased Shrimp Images\2. WSSV\images\WSSV-71-img-2.jpg,D:\OntoShrimp_Data\ShrimpDiseaseImageBD\Root\Annotated Diseased Shrimp Images\Annotated Diseased Shrimp Images\2. WSSV\labels\WSSV-71-img-2.txt,SDBD_WSSV_0071,SDBD_WSSV_0071,2048,2048,ec4eba88090bfc6a867f96512557e67f67faf64b0e52992124efdcbed9c483a8,3041f873845351a1d4567bdfbd49c356f3b931d573649049cc12f9617be5c54e,ed92d28d3964c59a,DUPG_00823,unique,0,0,1,,source_candidate,source_train,2026.0
SDBD_WSSV_fba02ce5c5,SDBD,,https://data.mendeley.com/datasets/jhrtdj9txm/3,10.17632/jhrtdj9txm.3,CC BY 4.0,3. WSSV/WSSV-71-img-3.jpg,WSSV-71-img-3.jpg,UNKNOWN_PENDING_VERIFICATION,Species pending independent provenance verification,WSSV,WSSV,1,D:\OntoShrimp_Data\ShrimpDiseaseImageBD\Root\Annotated Diseased Shrimp Images\Annotated Diseased Shrimp Images\2. WSSV\images\WSSV-71-img-3.jpg,D:\OntoShrimp_Data\ShrimpDiseaseImageBD\Root\Annotated Diseased Shrimp Images\Annotated Diseased Shrimp Images\2. WSSV\labels\WSSV-71-img-3.txt,SDBD_WSSV_0071,SDBD_WSSV_0071,2048,2048,d7702be02eedbb92ddfb3f4bece2568592fd7b3cb9caf84f5ed4c75b5db0748d,fba02ce5c5bd54a2631387bb34c59d819ded5bfb04e416a708c7d329d922a04d,f9c697689034cf1a,DUPG_00824,unique,0,0,1,,source_candidate,source_train,2026.0
SDBD_WSSV_88b70bf7b8,SDBD,,https://data.mendeley.com/datasets/jhrtdj9txm/3,10.17632/jhrtdj9txm.3,CC BY 4.0,3. WSSV/WSSV-72-img-1.jpg,WSSV-72-img-1.jpg,UNKNOWN_PENDING_VERIFICATION,Species pending independent provenance verification,WSSV,WSSV,1,D:\OntoShrimp_Data\ShrimpDiseaseImageBD\Root\Annotated Diseased Shrimp Images\Annotated Diseased Shrimp Images\2. WSSV\images\WSSV-72-img-1.jpg,D:\OntoShrimp_Data\ShrimpDiseaseImageBD\Root\Annotated Diseased Shrimp Images\Annotated Diseased Shrimp Images\2. WSSV\labels\WSSV-72-img-1.txt,SDBD_WSSV_0072,SDBD_WSSV_0072,2048,2048,b9d116daf7e72d70f0b2ce30bdafdfb19f35dd6864fe1d8278341bab08e0a73d,88b70bf7b89091639bce9c55d1f3667fe7a1b542737af1bfa3f348642970861f,f883836cb29acd74,DUPG_00825,unique,0,0,1,,source_candidate,source_train,2026.0
SDBD_WSSV_f351668bb5,SDBD,,https://data.mendeley.com/datasets/jhrtdj9txm/3,10.17632/jhrtdj9txm.3,CC BY 4.0,3. WSSV/WSSV-72-img-2.jpg,WSSV-72-img-2.jpg,UNKNOWN_PENDING_VERIFICATION,Species pending independent provenance verification,WSSV,WSSV,1,D:\OntoShrimp_Data\ShrimpDiseaseImageBD\Root\Annotated Diseased Shrimp Images\Annotated Diseased Shrimp Images\2. WSSV\images\WSSV-72-img-2.jpg,D:\OntoShrimp_Data\ShrimpDiseaseImageBD\Root\Annotated Diseased Shrimp Images\Annotated Diseased Shrimp Images\2. WSSV\labels\WSSV-72-img-2.txt,SDBD_WSSV_0072,SDBD_WSSV_0072,2048,2048,886bc38972b39702e077aa7b41f4039bfa7f3c2e9bcd7b068dbe26d7bf264bcc,f351668bb5cd5ba3be475043c323987bc967af05280a8dbf53b466cd5fc4fe49,f8a787482cb59a4b,DUPG_00826,unique,0,0,1,,source_candidate,source_train,2026.0
SDBD_WSSV_a67f257ee8,SDBD,,https://data.mendeley.com/datasets/jhrtdj9txm/3,10.17632/jhrtdj9txm.3,CC BY 4.0,3. WSSV/WSSV-72-img-3.jpg,WSSV-72-img-3.jpg,UNKNOWN_PENDING_VERIFICATION,Species pending independent provenance verification,WSSV,WSSV,1,D:\OntoShrimp_Data\ShrimpDiseaseImageBD\Root\Annotated Diseased Shrimp Images\Annotated Diseased Shrimp Images\2. WSSV\images\WSSV-72-img-3.jpg,D:\OntoShrimp_Data\ShrimpDiseaseImageBD\Root\Annotated Diseased Shrimp Images\Annotated Diseased Shrimp Images\2. WSSV\labels\WSSV-72-img-3.txt,SDBD_WSSV_0072,SDBD_WSSV_0072,2048,2048,4d3506faa3f0fd463f1f2f3d27c4b591ee7327e692e0bd2f31a12e7387f7cd8e,a67f257ee8a7876bb9169b01a593853cb9e7f0c59a70f5ff8b0f9da53f0473d1,ecc3d3398de0341e,DUPG_00827,unique,0,0,1,,source_candidate,source_train,2026.0
SDBD_WSSV_618286eeb0,SDBD,,https://data.mendeley.com/datasets/jhrtdj9txm/3,10.17632/jhrtdj9txm.3,CC BY 4.0,3. WSSV/WSSV-75-img-1.jpg,WSSV-75-img-1.jpg,UNKNOWN_PENDING_VERIFICATION,Species pending independent provenance verification,WSSV,WSSV,1,D:\OntoShrimp_Data\ShrimpDiseaseImageBD\Root\Annotated Diseased Shrimp Images\Annotated Diseased Shrimp Images\2. WSSV\images\WSSV-75-img-1.jpg,D:\OntoShrimp_Data\ShrimpDiseaseImageBD\Root\Annotated Diseased Shrimp Images\Annotated Diseased Shrimp Images\2. WSSV\labels\WSSV-75-img-1.txt,SDBD_WSSV_0075,SDBD_WSSV_0075,2048,2048,df27526ff2f238e8875ec8d5d1ab8ba06e40515d1518959c2cd1dddd1cc7e4bb,618286eeb0cfc8d4abb1f1869de6b842d3696cd57605f6eec40760973e5d5279,f36ccc9194b32566,DUPG_00834,unique,0,0,1,,source_candidate,source_train,2026.0
SDBD_WSSV_2fc6fd2a72,SDBD,,https://data.mendeley.com/datasets/jhrtdj9txm/3,10.17632/jhrtdj9txm.3,CC BY 4.0,3. WSSV/WSSV-75-img-2.jpg,WSSV-75-img-2.jpg,UNKNOWN_PENDING_VERIFICATION,Species pending independent provenance verification,WSSV,WSSV,1,D:\OntoShrimp_Data\ShrimpDiseaseImageBD\Root\Annotated Diseased Shrimp Images\Annotated Diseased Shrimp Images\2. WSSV\images\WSSV-75-img-2.jpg,D:\OntoShrimp_Data\ShrimpDiseaseImageBD\Root\Annotated Diseased Shrimp Images\Annotated Diseased Shrimp Images\2. WSSV\labels\WSSV-75-img-2.txt,SDBD_WSSV_0075,SDBD_WSSV_0075,2048,2048,38225d072d324634a748bf928feacd80199f8140784ee720424abeb6a331e35b,2fc6fd2a7298d4f5f731341ea89aacbd1ec58412275aeab6b40153a543781252,e99492c9343d9acb,DUPG_00835,unique,0,0,1,,source_candidate,source_train,2026.0
SDBD_WSSV_66b20373fe,SDBD,,https://data.mendeley.com/datasets/jhrtdj9txm/3,10.17632/jhrtdj9txm.3,CC BY 4.0,3. WSSV/WSSV-77-img-1.jpg,WSSV-77-img-1.jpg,UNKNOWN_PENDING_VERIFICATION,Species pending independent provenance verification,WSSV,WSSV,1,D:\OntoShrimp_Data\ShrimpDiseaseImageBD\Root\Annotated Diseased Shrimp Images\Annotated Diseased Shrimp Images\2. WSSV\images\WSSV-77-img-1.jpg,D:\OntoShrimp_Data\ShrimpDiseaseImageBD\Root\Annotated Diseased Shrimp Images\Annotated Diseased Shrimp Images\2. WSSV\labels\WSSV-77-img-1.txt,SDBD_WSSV_0077,SDBD_WSSV_0077,2048,2048,823b6984175ada9b3624dd23cdb2a0d09f402f5a6956747a00668bcc77b5d0fb,66b20373fe423d671097e786906df33493c87bfb70ea922291083bcade6732d0,fd82924d3a66c39a,DUPG_00838,unique,0,0,1,,source_candidate,source_train,2026.0
SDBD_WSSV_f371a5e71b,SDBD,,https://data.mendeley.com/datasets/jhrtdj9txm/3,10.17632/jhrtdj9txm.3,CC BY 4.0,3. WSSV/WSSV-77-img-2.jpg,WSSV-77-img-2.jpg,UNKNOWN_PENDING_VERIFICATION,Species pending independent provenance verification,WSSV,WSSV,1,D:\OntoShrimp_Data\ShrimpDiseaseImageBD\Root\Annotated Diseased Shrimp Images\Annotated Diseased Shrimp Images\2. WSSV\images\WSSV-77-img-2.jpg,D:\OntoShrimp_Data\ShrimpDiseaseImageBD\Root\Annotated Diseased Shrimp Images\Annotated Diseased Shrimp Images\2. WSSV\labels\WSSV-77-img-2.txt,SDBD_WSSV_0077,SDBD_WSSV_0077,2048,2048,0dff6e28100515c1b863f5d6aec9dbc45b5714f384c61e562831a29a32181960,f371a5e71b59ba79a4a60bca2a28646c248ab49948a9defb8a2067f1b304d861,edb292cd3936e0c1,DUPG_00839,unique,0,0,1,,source_candidate,source_train,2026.0
SDBD_WSSV_d20ec7bbbd,SDBD,,https://data.mendeley.com/datasets/jhrtdj9txm/3,10.17632/jhrtdj9txm.3,CC BY 4.0,3. WSSV/WSSV-77-img-3.jpg,WSSV-77-img-3.jpg,UNKNOWN_PENDING_VERIFICATION,Species pending independent provenance verification,WSSV,WSSV,1,D:\OntoShrimp_Data\ShrimpDiseaseImageBD\Root\Annotated Diseased Shrimp Images\Annotated Diseased Shrimp Images\2. WSSV\images\WSSV-77-img-3.jpg,D:\OntoShrimp_Data\ShrimpDiseaseImageBD\Root\Annotated Diseased Shrimp Images\Annotated Diseased Shrimp Images\2. WSSV\labels\WSSV-77-img-3.txt,SDBD_WSSV_0077,SDBD_WSSV_0077,2048,2048,f596d9854ba71bd77ca862a98992a3b79744090eddc89bf83b675ecfda1263e1,d20ec7bbbd6525bc54fb4df22ca163934810aa1a05e4f6874fbb1e088cd9c756,b89ec7d18c2730f2,DUPG_00840,unique,0,0,1,,source_candidate,source_train,2026.0
SDBD_WSSV_0c940ec628,SDBD,,https://data.mendeley.com/datasets/jhrtdj9txm/3,10.17632/jhrtdj9txm.3,CC BY 4.0,3. WSSV/WSSV-78-img-1.jpg,WSSV-78-img-1.jpg,UNKNOWN_PENDING_VERIFICATION,Species pending independent provenance verification,WSSV,WSSV,1,D:\OntoShrimp_Data\ShrimpDiseaseImageBD\Root\Annotated Diseased Shrimp Images\Annotated Diseased Shrimp Images\2. WSSV\images\WSSV-78-img-1.jpg,D:\OntoShrimp_Data\ShrimpDiseaseImageBD\Root\Annotated Diseased Shrimp Images\Annotated Diseased Shrimp Images\2. WSSV\labels\WSSV-78-img-1.txt,SDBD_WSSV_0078,SDBD_WSSV_0078,2048,2048,7d240197f46d957d807b2dbef861bc7b3cb0092be9c0d216d15ea5ec79e7ed19,0c940ec62897ea7c47dea0dcf7a002768b0981c7bbe3bb4b5072fa3c119961c4,b6c289f9cc1962e6,DUPG_00841,unique,0,0,1,,source_candidate,source_train,2026.0
SDBD_WSSV_2cf875c04a,SDBD,,https://data.mendeley.com/datasets/jhrtdj9txm/3,10.17632/jhrtdj9txm.3,CC BY 4.0,3. WSSV/WSSV-78-img-2.jpg,WSSV-78-img-2.jpg,UNKNOWN_PENDING_VERIFICATION,Species pending independent provenance verification,WSSV,WSSV,1,D:\OntoShrimp_Data\ShrimpDiseaseImageBD\Root\Annotated Diseased Shrimp Images\Annotated Diseased Shrimp Images\2. WSSV\images\WSSV-78-img-2.jpg,D:\OntoShrimp_Data\ShrimpDiseaseImageBD\Root\Annotated Diseased Shrimp Images\Annotated Diseased Shrimp Images\2. WSSV\labels\WSSV-78-img-2.txt,SDBD_WSSV_0078,SDBD_WSSV_0078,2048,2048,b0ffd067abb42dc2f2a34cb7ac7cf7d06d1b9ae1bcd37ca4dbf014ad9bbffaae,2cf875c04aa161640f2e68b6bef100f045b66f21b97af07de857127237516940,fcc1973c214f92b4,DUPG_00842,unique,0,0,1,,source_candidate,source_train,2026.0
SDBD_WSSV_41992d72cc,SDBD,,https://data.mendeley.com/datasets/jhrtdj9txm/3,10.17632/jhrtdj9txm.3,CC BY 4.0,3. WSSV/WSSV-79-img-1.jpg,WSSV-79-img-1.jpg,UNKNOWN_PENDING_VERIFICATION,Species pending independent provenance verification,WSSV,WSSV,1,D:\OntoShrimp_Data\ShrimpDiseaseImageBD\Root\Annotated Diseased Shrimp Images\Annotated Diseased Shrimp Images\2. WSSV\images\WSSV-79-img-1.jpg,D:\OntoShrimp_Data\ShrimpDiseaseImageBD\Root\Annotated Diseased Shrimp Images\Annotated Diseased Shrimp Images\2. WSSV\labels\WSSV-79-img-1.txt,SDBD_WSSV_0079,SDBD_WSSV_0079,2048,2048,3d292eeae8a46b76b0bcb0a8b54b59da842086df5e84ad00680ff26e8f385e80,41992d72cc4269e99cfbb21ecc49cdd85a8d7d898deae71bd43d2f4be2daf03c,e36e8c1995963366,DUPG_00843,unique,0,0,1,,source_candidate,source_train,2026.0
SDBD_WSSV_56cc5949d0,SDBD,,https://data.mendeley.com/datasets/jhrtdj9txm/3,10.17632/jhrtdj9txm.3,CC BY 4.0,3. WSSV/WSSV-79-img-2.jpg,WSSV-79-img-2.jpg,UNKNOWN_PENDING_VERIFICATION,Species pending independent provenance verification,WSSV,WSSV,1,D:\OntoShrimp_Data\ShrimpDiseaseImageBD\Root\Annotated Diseased Shrimp Images\Annotated Diseased Shrimp Images\2. WSSV\images\WSSV-79-img-2.jpg,D:\OntoShrimp_Data\ShrimpDiseaseImageBD\Root\Annotated Diseased Shrimp Images\Annotated Diseased Shrimp Images\2. WSSV\labels\WSSV-79-img-2.txt,SDBD_WSSV_0079,SDBD_WSSV_0079,2048,2048,671996f6f0dbe4a4f6ddbc01cc656f15bff7b0b9ea34f25e0753cfc5df3fe771,56cc5949d04806d7d09dd109baf724d694efb143afe8008f0b0ce6054a4ab370,e36c9c1194b6674e,DUPG_00844,unique,0,0,1,,source_candidate,source_train,2026.0
SDBD_WSSV_b7471a134e,SDBD,,https://data.mendeley.com/datasets/jhrtdj9txm/3,10.17632/jhrtdj9txm.3,CC BY 4.0,3. WSSV/WSSV-79-img-3.jpg,WSSV-79-img-3.jpg,UNKNOWN_PENDING_VERIFICATION,Species pending independent provenance verification,WSSV,WSSV,1,D:\OntoShrimp_Data\ShrimpDiseaseImageBD\Root\Annotated Diseased Shrimp Images\Annotated Diseased Shrimp Images\2. WSSV\images\WSSV-79-img-3.jpg,D:\OntoShrimp_Data\ShrimpDiseaseImageBD\Root\Annotated Diseased Shrimp Images\Annotated Diseased Shrimp Images\2. WSSV\labels\WSSV-79-img-3.txt,SDBD_WSSV_0079,SDBD_WSSV_0079,2048,2048,c6ff4e82e8581355be43491fb3a536e7d5e4e2517a28f93fd17d4f760fa7421d,b7471a134e729898e26f2a7dd84aac7e00c6518a09c161b765db94fe78d8a7db,f99c9767989c6092,DUPG_00845,unique,0,0,1,,source_candidate,source_train,2026.0
SDBD_WSSV_b0c1c95483,SDBD,,https://data.mendeley.com/datasets/jhrtdj9txm/3,10.17632/jhrtdj9txm.3,CC BY 4.0,3. WSSV/WSSV-8-img-1.jpg,WSSV-8-img-1.jpg,UNKNOWN_PENDING_VERIFICATION,Species pending independent provenance verification,WSSV,WSSV,1,D:\OntoShrimp_Data\ShrimpDiseaseImageBD\Root\Annotated Diseased Shrimp Images\Annotated Diseased Shrimp Images\2. WSSV\images\WSSV-8-img-1.jpg,D:\OntoShrimp_Data\ShrimpDiseaseImageBD\Root\Annotated Diseased Shrimp Images\Annotated Diseased Shrimp Images\2. WSSV\labels\WSSV-8-img-1.txt,SDBD_WSSV_0008,SDBD_WSSV_0008,2048,2048,ea64ce0e5cac9dcb0dd57549a12e0e902859b4ad2e545d6112ebe016af57a55d,b0c1c954831f5d3851ae57182c41663f1fb5ab7b68c521ca8e22ddd0abfc6270,b8bce66391e44b92,DUPG_00846,unique,0,0,1,,source_candidate,source_train,2026.0
SDBD_WSSV_18720df701,SDBD,,https://data.mendeley.com/datasets/jhrtdj9txm/3,10.17632/jhrtdj9txm.3,CC BY 4.0,3. WSSV/WSSV-8-img-2.jpg,WSSV-8-img-2.jpg,UNKNOWN_PENDING_VERIFICATION,Species pending independent provenance verification,WSSV,WSSV,1,D:\OntoShrimp_Data\ShrimpDiseaseImageBD\Root\Annotated Diseased Shrimp Images\Annotated Diseased Shrimp Images\2. WSSV\images\WSSV-8-img-2.jpg,D:\OntoShrimp_Data\ShrimpDiseaseImageBD\Root\Annotated Diseased Shrimp Images\Annotated Diseased Shrimp Images\2. WSSV\labels\WSSV-8-img-2.txt,SDBD_WSSV_0008,SDBD_WSSV_0008,2048,2048,94b44d42a81cf98d8b347560db233b952f39b01564cc6b63f53f3e95fe9bbccf,18720df70146585bf7f067e2241b36214a872d7a8bf8b3f20c9a6edc672ff0cb,bf8760d8e7499429,DUPG_00847,unique,0,0,1,,source_candidate,source_train,2026.0
SDBD_WSSV_bf50b73f40,SDBD,,https://data.mendeley.com/datasets/jhrtdj9txm/3,10.17632/jhrtdj9txm.3,CC BY 4.0,3. WSSV/WSSV-8-img-3.jpg,WSSV-8-img-3.jpg,UNKNOWN_PENDING_VERIFICATION,Species pending independent provenance verification,WSSV,WSSV,1,D:\OntoShrimp_Data\ShrimpDiseaseImageBD\Root\Annotated Diseased Shrimp Images\Annotated Diseased Shrimp Images\2. WSSV\images\WSSV-8-img-3.jpg,D:\OntoShrimp_Data\ShrimpDiseaseImageBD\Root\Annotated Diseased Shrimp Images\Annotated Diseased Shrimp Images\2. WSSV\labels\WSSV-8-img-3.txt,SDBD_WSSV_0008,SDBD_WSSV_0008,2048,2048,02698fb8be95af35ded2b1a7f77fc3180e9cd1778dacfd8c54ffbd2dc9ef8043,bf50b73f402c4fdfdb575c3ac44e2117d4edbbaac297e260e13d040e36cab53b,bf8770d8a348962d,DUPG_00848,unique,0,0,1,,source_candidate,source_train,2026.0
SDBD_WSSV_541785c63a,SDBD,,https://data.mendeley.com/datasets/jhrtdj9txm/3,10.17632/jhrtdj9txm.3,CC BY 4.0,3. WSSV/WSSV-80-img-1.jpg,WSSV-80-img-1.jpg,UNKNOWN_PENDING_VERIFICATION,Species pending independent provenance verification,WSSV,WSSV,1,D:\OntoShrimp_Data\ShrimpDiseaseImageBD\Root\Annotated Diseased Shrimp Images\Annotated Diseased Shrimp Images\2. WSSV\images\WSSV-80-img-1.jpg,D:\OntoShrimp_Data\ShrimpDiseaseImageBD\Root\Annotated Diseased Shrimp Images\Annotated Diseased Shrimp Images\2. WSSV\labels\WSSV-80-img-1.txt,SDBD_WSSV_0080,SDBD_WSSV_0080,2048,2048,3bf8c6606f4767dcd1e87d581a24915e209d93d7322ce1c5e0ffb9d03a3eb673,541785c63aa3614f09f1f55dbc90456742d9b72043a72441cda8885fbd785c53,b6e3c93d8cc9388c,DUPG_00849,unique,0,0,1,,source_candidate,source_train,2026.0
SDBD_WSSV_04d6cb82c7,SDBD,,https://data.mendeley.com/datasets/jhrtdj9txm/3,10.17632/jhrtdj9txm.3,CC BY 4.0,3. WSSV/WSSV-80-img-2.jpg,WSSV-80-img-2.jpg,UNKNOWN_PENDING_VERIFICATION,Species pending independent provenance verification,WSSV,WSSV,1,D:\OntoShrimp_Data\ShrimpDiseaseImageBD\Root\Annotated Diseased Shrimp Images\Annotated Diseased Shrimp Images\2. WSSV\images\WSSV-80-img-2.jpg,D:\OntoShrimp_Data\ShrimpDiseaseImageBD\Root\Annotated Diseased Shrimp Images\Annotated Diseased Shrimp Images\2. WSSV\labels\WSSV-80-img-2.txt,SDBD_WSSV_0080,SDBD_WSSV_0080,2048,2048,fec74ef61f0ed7ffe5b7fc1db950d8ec49ae2251f96a0bd90b955667ccc070c3,04d6cb82c7160a36b9ed075f2e80fefb824212ccdf3402c9cacff54fb13d46a5,a6e6d139c9d138cc,DUPG_00850,unique,0,0,1,,source_candidate,source_train,2026.0
SDBD_WSSV_f0abb66bbf,SDBD,,https://data.mendeley.com/datasets/jhrtdj9txm/3,10.17632/jhrtdj9txm.3,CC BY 4.0,3. WSSV/WSSV-80-img-3.jpg,WSSV-80-img-3.jpg,UNKNOWN_PENDING_VERIFICATION,Species pending independent provenance verification,WSSV,WSSV,1,D:\OntoShrimp_Data\ShrimpDiseaseImageBD\Root\Annotated Diseased Shrimp Images\Annotated Diseased Shrimp Images\2. WSSV\images\WSSV-80-img-3.jpg,D:\OntoShrimp_Data\ShrimpDiseaseImageBD\Root\Annotated Diseased Shrimp Images\Annotated Diseased Shrimp Images\2. WSSV\labels\WSSV-80-img-3.txt,SDBD_WSSV_0080,SDBD_WSSV_0080,2048,2048,fed12e636e70512dbad43f679be121402fa8819592d6d6dd81169a5864e80054,f0abb66bbf17c3614ca3adbf0a47625e25d7ac874ec32ec8d6a649a508694d90,fc9b826d3e86c162,DUPG_00851,unique,0,0,1,,source_candidate,source_train,2026.0
SDBD_WSSV_58f93750dd,SDBD,,https://data.mendeley.com/datasets/jhrtdj9txm/3,10.17632/jhrtdj9txm.3,CC BY 4.0,3. WSSV/WSSV-81-img-1.jpg,WSSV-81-img-1.jpg,UNKNOWN_PENDING_VERIFICATION,Species pending independent provenance verification,WSSV,WSSV,1,D:\OntoShrimp_Data\ShrimpDiseaseImageBD\Root\Annotated Diseased Shrimp Images\Annotated Diseased Shrimp Images\2. WSSV\images\WSSV-81-img-1.jpg,D:\OntoShrimp_Data\ShrimpDiseaseImageBD\Root\Annotated Diseased Shrimp Images\Annotated Diseased Shrimp Images\2. WSSV\labels\WSSV-81-img-1.txt,SDBD_WSSV_0081,SDBD_WSSV_0081,2048,2048,25c5f9113171e40a173b07fad0dae593b73b93918120d39502fe8ad033c82fa6,58f93750dd643bc25bb956c2fa0248ee3935c2ae839458b8df62cd03d91d3939,fca1836eb0934f34,DUPG_00852,unique,0,0,1,,source_candidate,source_train,2026.0
SDBD_WSSV_309336c105,SDBD,,https://data.mendeley.com/datasets/jhrtdj9txm/3,10.17632/jhrtdj9txm.3,CC BY 4.0,3. WSSV/WSSV-81-img-2.jpg,WSSV-81-img-2.jpg,UNKNOWN_PENDING_VERIFICATION,Species pending independent provenance verification,WSSV,WSSV,1,D:\OntoShrimp_Data\ShrimpDiseaseImageBD\Root\Annotated Diseased Shrimp Images\Annotated Diseased Shrimp Images\2. WSSV\images\WSSV-81-img-2.jpg,D:\OntoShrimp_Data\ShrimpDiseaseImageBD\Root\Annotated Diseased Shrimp Images\Annotated Diseased Shrimp Images\2. WSSV\labels\WSSV-81-img-2.txt,SDBD_WSSV_0081,SDBD_WSSV_0081,2048,2048,ab65fbec77e05cf7fb2a7fd64e5f40d70ee37089bf2f8bace17e49c0477aed09,309336c105aa24fed19f4999ede7efca8b7f9b22ef5e188f11babaf0a6b535ec,f8a787cc6825b34a,DUPG_00853,unique,0,0,1,,source_candidate,source_train,2026.0
SDBD_WSSV_7ef838acbe,SDBD,,https://data.mendeley.com/datasets/jhrtdj9txm/3,10.17632/jhrtdj9txm.3,CC BY 4.0,3. WSSV/WSSV-82-img-1.jpg,WSSV-82-img-1.jpg,UNKNOWN_PENDING_VERIFICATION,Species pending independent provenance verification,WSSV,WSSV,1,D:\OntoShrimp_Data\ShrimpDiseaseImageBD\Root\Annotated Diseased Shrimp Images\Annotated Diseased Shrimp Images\2. WSSV\images\WSSV-82-img-1.jpg,D:\OntoShrimp_Data\ShrimpDiseaseImageBD\Root\Annotated Diseased Shrimp Images\Annotated Diseased Shrimp Images\2. WSSV\labels\WSSV-82-img-1.txt,SDBD_WSSV_0082,SDBD_WSSV_0082,2048,2048,174cb2fa3b76ae0b5e44a3a758f63d2ea80ea621cf612c6083122727295b5bb0,7ef838acbe627a994860ccc9e5061116556a8f8a5b03f139cd1820ccb0589e7e,f9cc87784c27b053,DUPG_00854,unique,0,0,1,,source_candidate,source_train,2026.0
SDBD_WSSV_0621538c23,SDBD,,https://data.mendeley.com/datasets/jhrtdj9txm/3,10.17632/jhrtdj9txm.3,CC BY 4.0,3. WSSV/WSSV-82-img-2.jpg,WSSV-82-img-2.jpg,UNKNOWN_PENDING_VERIFICATION,Species pending independent provenance verification,WSSV,WSSV,1,D:\OntoShrimp_Data\ShrimpDiseaseImageBD\Root\Annotated Diseased Shrimp Images\Annotated Diseased Shrimp Images\2. WSSV\images\WSSV-82-img-2.jpg,D:\OntoShrimp_Data\ShrimpDiseaseImageBD\Root\Annotated Diseased Shrimp Images\Annotated Diseased Shrimp Images\2. WSSV\labels\WSSV-82-img-2.txt,SDBD_WSSV_0082,SDBD_WSSV_0082,2048,2048,27aa16a17f9a98446e439fcfdc5d65c3bad8fcd2d85ade86c17dd0821db575d4,0621538c236b92e66a8c9e571c06caeb9c51d7e95c98fec1649325ad508250ee,e98c83796ca398c7,DUPG_00855,unique,0,0,1,,source_candidate,source_train,2026.0
SDBD_WSSV_56c4eef986,SDBD,,https://data.mendeley.com/datasets/jhrtdj9txm/3,10.17632/jhrtdj9txm.3,CC BY 4.0,3. WSSV/WSSV-83-img-1.jpg,WSSV-83-img-1.jpg,UNKNOWN_PENDING_VERIFICATION,Species pending independent provenance verification,WSSV,WSSV,1,D:\OntoShrimp_Data\ShrimpDiseaseImageBD\Root\Annotated Diseased Shrimp Images\Annotated Diseased Shrimp Images\2. WSSV\images\WSSV-83-img-1.jpg,D:\OntoShrimp_Data\ShrimpDiseaseImageBD\Root\Annotated Diseased Shrimp Images\Annotated Diseased Shrimp Images\2. WSSV\labels\WSSV-83-img-1.txt,SDBD_WSSV_0083,SDBD_WSSV_0083,2048,2048,a3fdb84f86f7f9604c8819259342490b2ba3149b10798c52eeea281afc8d9cbe,56c4eef986749711bc5207019c29ddb234a86c616c47bfd7c4a41089095144e2,f8a3836c28b19b4f,DUPG_00856,unique,0,0,1,,source_candidate,source_train,2026.0
SDBD_WSSV_14344fbcb7,SDBD,,https://data.mendeley.com/datasets/jhrtdj9txm/3,10.17632/jhrtdj9txm.3,CC BY 4.0,3. WSSV/WSSV-84-img-1.jpg,WSSV-84-img-1.jpg,UNKNOWN_PENDING_VERIFICATION,Species pending independent provenance verification,WSSV,WSSV,1,D:\OntoShrimp_Data\ShrimpDiseaseImageBD\Root\Annotated Diseased Shrimp Images\Annotated Diseased Shrimp Images\2. WSSV\images\WSSV-84-img-1.jpg,D:\OntoShrimp_Data\ShrimpDiseaseImageBD\Root\Annotated Diseased Shrimp Images\Annotated Diseased Shrimp Images\2. WSSV\labels\WSSV-84-img-1.txt,SDBD_WSSV_0084,SDBD_WSSV_0084,2048,2048,448bef2166c9d25bcde4616222ece0005c1e58f0a0f25aaa1701eace2c31c6df,14344fbcb749390d7c8891b1bcc5da537a0cc7b0ad346fa1a8e2ae0b955cb23e,e486907d8ce43fd2,DUPG_00857,unique,0,0,1,,source_candidate,source_train,2026.0
SDBD_WSSV_f88ece50db,SDBD,,https://data.mendeley.com/datasets/jhrtdj9txm/3,10.17632/jhrtdj9txm.3,CC BY 4.0,3. WSSV/WSSV-84-img-2.jpg,WSSV-84-img-2.jpg,UNKNOWN_PENDING_VERIFICATION,Species pending independent provenance verification,WSSV,WSSV,1,D:\OntoShrimp_Data\ShrimpDiseaseImageBD\Root\Annotated Diseased Shrimp Images\Annotated Diseased Shrimp Images\2. WSSV\images\WSSV-84-img-2.jpg,D:\OntoShrimp_Data\ShrimpDiseaseImageBD\Root\Annotated Diseased Shrimp Images\Annotated Diseased Shrimp Images\2. WSSV\labels\WSSV-84-img-2.txt,SDBD_WSSV_0084,SDBD_WSSV_0084,2048,2048,078271472958f77073709a1f8c7a941ac06a4eb9ec8edc7aa10c9f33c0d9b537,f88ece50db9150a82c7490767525c51071f5f9ea0644e9ff9ce705ea03e101be,b387c87c0cc07e8f,DUPG_00858,unique,0,0,1,,source_candidate,source_train,2026.0
SDBD_WSSV_206e5c979a,SDBD,,https://data.mendeley.com/datasets/jhrtdj9txm/3,10.17632/jhrtdj9txm.3,CC BY 4.0,3. WSSV/WSSV-84-img-3.jpg,WSSV-84-img-3.jpg,UNKNOWN_PENDING_VERIFICATION,Species pending independent provenance verification,WSSV,WSSV,1,D:\OntoShrimp_Data\ShrimpDiseaseImageBD\Root\Annotated Diseased Shrimp Images\Annotated Diseased Shrimp Images\2. WSSV\images\WSSV-84-img-3.jpg,D:\OntoShrimp_Data\ShrimpDiseaseImageBD\Root\Annotated Diseased Shrimp Images\Annotated Diseased Shrimp Images\2. WSSV\labels\WSSV-84-img-3.txt,SDBD_WSSV_0084,SDBD_WSSV_0084,2048,2048,833b3ebac48575fde691501da07cdea9639bf19a3b87642700ed0923f7566439,206e5c979a4e19a6505ff93ec14619606807904b562054dfde7d62f95f4a0fd9,a6c6c9799889733c,DUPG_00859,unique,0,0,1,,source_candidate,source_train,2026.0
SDBD_WSSV_e31d0194ba,SDBD,,https://data.mendeley.com/datasets/jhrtdj9txm/3,10.17632/jhrtdj9txm.3,CC BY 4.0,3. WSSV/WSSV-85-img-1.jpg,WSSV-85-img-1.jpg,UNKNOWN_PENDING_VERIFICATION,Species pending independent provenance verification,WSSV,WSSV,1,D:\OntoShrimp_Data\ShrimpDiseaseImageBD\Root\Annotated Diseased Shrimp Images\Annotated Diseased Shrimp Images\2. WSSV\images\WSSV-85-img-1.jpg,D:\OntoShrimp_Data\ShrimpDiseaseImageBD\Root\Annotated Diseased Shrimp Images\Annotated Diseased Shrimp Images\2. WSSV\labels\WSSV-85-img-1.txt,SDBD_WSSV_0085,SDBD_WSSV_0085,2048,2048,c6e7691d4dbb664362c578a576f296d3143f6f4a1bbaa0ec7295e22c872458f4,e31d0194ba6dfbb5dc052d1b3a326262fe447ba44a34f3aab7c155972ba883f4,f883877c2db49349,DUPG_00860,unique,0,0,1,,source_candidate,source_train,2026.0
SDBD_WSSV_f23460aafb,SDBD,,https://data.mendeley.com/datasets/jhrtdj9txm/3,10.17632/jhrtdj9txm.3,CC BY 4.0,3. WSSV/WSSV-85-img-2.jpg,WSSV-85-img-2.jpg,UNKNOWN_PENDING_VERIFICATION,Species pending independent provenance verification,WSSV,WSSV,1,D:\OntoShrimp_Data\ShrimpDiseaseImageBD\Root\Annotated Diseased Shrimp Images\Annotated Diseased Shrimp Images\2. WSSV\images\WSSV-85-img-2.jpg,D:\OntoShrimp_Data\ShrimpDiseaseImageBD\Root\Annotated Diseased Shrimp Images\Annotated Diseased Shrimp Images\2. WSSV\labels\WSSV-85-img-2.txt,SDBD_WSSV_0085,SDBD_WSSV_0085,2048,2048,a374d9ef0548781729cbf4156e90875e5838eb4238dc7df1d534c0a7f8d9d8ac,f23460aafb675356a65e1e03e0ade3fd51cfb75fb5369ce9b28bae6fbdd92b30,fc83835e0d3496d3,DUPG_00861,unique,0,0,1,,source_candidate,source_train,2026.0
SDBD_WSSV_31ba609d17,SDBD,,https://data.mendeley.com/datasets/jhrtdj9txm/3,10.17632/jhrtdj9txm.3,CC BY 4.0,3. WSSV/WSSV-87-img-1.jpg,WSSV-87-img-1.jpg,UNKNOWN_PENDING_VERIFICATION,Species pending independent provenance verification,WSSV,WSSV,1,D:\OntoShrimp_Data\ShrimpDiseaseImageBD\Root\Annotated Diseased Shrimp Images\Annotated Diseased Shrimp Images\2. WSSV\images\WSSV-87-img-1.jpg,D:\OntoShrimp_Data\ShrimpDiseaseImageBD\Root\Annotated Diseased Shrimp Images\Annotated Diseased Shrimp Images\2. WSSV\labels\WSSV-87-img-1.txt,SDBD_WSSV_0087,SDBD_WSSV_0087,2048,2048,173eff710ec91617e4e5a22f64efc301b5b1f6c4bfb3ae805d84f993182bdd9c,31ba609d1722a34d3c323458ac485273e3282b2910bc8ad573741643f09b4e20,ec2c97d32c8a6574,DUPG_00865,unique,0,0,1,,source_candidate,source_train,2026.0
SDBD_WSSV_2bfc258742,SDBD,,https://data.mendeley.com/datasets/jhrtdj9txm/3,10.17632/jhrtdj9txm.3,CC BY 4.0,3. WSSV/WSSV-87-img-2.jpg,WSSV-87-img-2.jpg,UNKNOWN_PENDING_VERIFICATION,Species pending independent provenance verification,WSSV,WSSV,1,D:\OntoShrimp_Data\ShrimpDiseaseImageBD\Root\Annotated Diseased Shrimp Images\Annotated Diseased Shrimp Images\2. WSSV\images\WSSV-87-img-2.jpg,D:\OntoShrimp_Data\ShrimpDiseaseImageBD\Root\Annotated Diseased Shrimp Images\Annotated Diseased Shrimp Images\2. WSSV\labels\WSSV-87-img-2.txt,SDBD_WSSV_0087,SDBD_WSSV_0087,2048,2048,cc974fdf1be20743941077f6a8f581938ed2b10937dd77582293997e3abf4749,2bfc25874260446fce7080016a842b88a0144ee3536fdf06a36ba1535ff8ded9,f16c937298736694,DUPG_00866,unique,0,0,1,,source_candidate,source_train,2026.0
SDBD_WSSV_2f2f0d422e,SDBD,,https://data.mendeley.com/datasets/jhrtdj9txm/3,10.17632/jhrtdj9txm.3,CC BY 4.0,3. WSSV/WSSV-88-img-1.jpg,WSSV-88-img-1.jpg,UNKNOWN_PENDING_VERIFICATION,Species pending independent provenance verification,WSSV,WSSV,1,D:\OntoShrimp_Data\ShrimpDiseaseImageBD\Root\Annotated Diseased Shrimp Images\Annotated Diseased Shrimp Images\2. WSSV\images\WSSV-88-img-1.jpg,D:\OntoShrimp_Data\ShrimpDiseaseImageBD\Root\Annotated Diseased Shrimp Images\Annotated Diseased Shrimp Images\2. WSSV\labels\WSSV-88-img-1.txt,SDBD_WSSV_0088,SDBD_WSSV_0088,2048,2048,93c981381df33f5fd11532c2ea05c20e4251b7684a433564dc6c5177febd9f54,2f2f0d422e39e3822be78b0d337acdfe6ae8ef267ed0f967126d6b5578b94965,e88e26d83fe49e18,DUPG_00867,unique,0,0,1,,source_candidate,source_train,2026.0
SDBD_WSSV_b7bdb7334f,SDBD,,https://data.mendeley.com/datasets/jhrtdj9txm/3,10.17632/jhrtdj9txm.3,CC BY 4.0,3. WSSV/WSSV-88-img-2.jpg,WSSV-88-img-2.jpg,UNKNOWN_PENDING_VERIFICATION,Species pending independent provenance verification,WSSV,WSSV,1,D:\OntoShrimp_Data\ShrimpDiseaseImageBD\Root\Annotated Diseased Shrimp Images\Annotated Diseased Shrimp Images\2. WSSV\images\WSSV-88-img-2.jpg,D:\OntoShrimp_Data\ShrimpDiseaseImageBD\Root\Annotated Diseased Shrimp Images\Annotated Diseased Shrimp Images\2. WSSV\labels\WSSV-88-img-2.txt,SDBD_WSSV_0088,SDBD_WSSV_0088,2048,2048,5c80ce2394e91c90579f79f8e7cd5b3e96e16a5897de6f9fae0dde7f022c0a96,b7bdb7334f3388b0f9c5c7346463386377842dd29e407ae794da2efd694f560a,e98ca6d81fe1e306,DUPG_00868,unique,0,0,1,,source_candidate,source_train,2026.0
SDBD_WSSV_48b91d7957,SDBD,,https://data.mendeley.com/datasets/jhrtdj9txm/3,10.17632/jhrtdj9txm.3,CC BY 4.0,3. WSSV/WSSV-89-img-1.jpg,WSSV-89-img-1.jpg,UNKNOWN_PENDING_VERIFICATION,Species pending independent provenance verification,WSSV,WSSV,1,D:\OntoShrimp_Data\ShrimpDiseaseImageBD\Root\Annotated Diseased Shrimp Images\Annotated Diseased Shrimp Images\2. WSSV\images\WSSV-89-img-1.jpg,D:\OntoShrimp_Data\ShrimpDiseaseImageBD\Root\Annotated Diseased Shrimp Images\Annotated Diseased Shrimp Images\2. WSSV\labels\WSSV-89-img-1.txt,SDBD_WSSV_0089,SDBD_WSSV_0089,2048,2048,4fe4397f355d96ac04c0fe5aa73f711b8fc51f53d7da51e4bf1fcc6bd1032f93,48b91d79572ef7ca19316e0b6608413ab3d8c4fb11883e708ee09d21e4291e55,eb83bc643b907709,DUPG_00869,unique,0,0,1,,source_candidate,source_train,2026.0
SDBD_WSSV_37739a0485,SDBD,,https://data.mendeley.com/datasets/jhrtdj9txm/3,10.17632/jhrtdj9txm.3,CC BY 4.0,3. WSSV/WSSV-89-img-2.jpg,WSSV-89-img-2.jpg,UNKNOWN_PENDING_VERIFICATION,Species pending independent provenance verification,WSSV,WSSV,1,D:\OntoShrimp_Data\ShrimpDiseaseImageBD\Root\Annotated Diseased Shrimp Images\Annotated Diseased Shrimp Images\2. WSSV\images\WSSV-89-img-2.jpg,D:\OntoShrimp_Data\ShrimpDiseaseImageBD\Root\Annotated Diseased Shrimp Images\Annotated Diseased Shrimp Images\2. WSSV\labels\WSSV-89-img-2.txt,SDBD_WSSV_0089,SDBD_WSSV_0089,2048,2048,65eec929c42bc84278a4cddd7e01b93c4079ecadbcee82e987cdccb1d4e4c5a1,37739a04853562edcfb0353e44cfb1a1a357b5a5ae6d822b6a14a31bb14c6e7e,e5c6965819e7644e,DUPG_00870,unique,0,0,1,,source_candidate,source_train,2026.0
SDBD_WSSV_916b1cc1d3,SDBD,,https://data.mendeley.com/datasets/jhrtdj9txm/3,10.17632/jhrtdj9txm.3,CC BY 4.0,3. WSSV/WSSV-9-img-1.jpg,WSSV-9-img-1.jpg,UNKNOWN_PENDING_VERIFICATION,Species pending independent provenance verification,WSSV,WSSV,1,D:\OntoShrimp_Data\ShrimpDiseaseImageBD\Root\Annotated Diseased Shrimp Images\Annotated Diseased Shrimp Images\2. WSSV\images\WSSV-9-img-1.jpg,D:\OntoShrimp_Data\ShrimpDiseaseImageBD\Root\Annotated Diseased Shrimp Images\Annotated Diseased Shrimp Images\2. WSSV\labels\WSSV-9-img-1.txt,SDBD_WSSV_0009,SDBD_WSSV_0009,2048,2048,9257a2e632dc61b92a50957c7082e84c01077a53bf9364604fc038871bddb9c3,916b1cc1d3dc8ac99997de7413afa670818527847d95c7009b24f3c135eff2fc,bc30c3c7ccd8991b,DUPG_00871,canonical,0,0,1,,source_candidate,source_train,2026.0
SDBD_WSSV_3d40de38ef,SDBD,,https://data.mendeley.com/datasets/jhrtdj9txm/3,10.17632/jhrtdj9txm.3,CC BY 4.0,3. WSSV/WSSV-9-img-3.jpg,WSSV-9-img-3.jpg,UNKNOWN_PENDING_VERIFICATION,Species pending independent provenance verification,WSSV,WSSV,1,D:\OntoShrimp_Data\ShrimpDiseaseImageBD\Root\Annotated Diseased Shrimp Images\Annotated Diseased Shrimp Images\2. WSSV\images\WSSV-9-img-3.jpg,D:\OntoShrimp_Data\ShrimpDiseaseImageBD\Root\Annotated Diseased Shrimp Images\Annotated Diseased Shrimp Images\2. WSSV\labels\WSSV-9-img-3.txt,SDBD_WSSV_0009,SDBD_WSSV_0009,2048,2048,39470853a0bf2902078783b2aa68a652f635689cf2dd8bfdd3a124d02bd2635e,3d40de38efdc60f4ae73d54834e2e2d48f959e1107c93e30ebeea5694f877c57,b1368cccd9d91933,DUPG_00872,unique,0,0,1,,source_candidate,source_train,2026.0
SDBD_WSSV_89a422e21f,SDBD,,https://data.mendeley.com/datasets/jhrtdj9txm/3,10.17632/jhrtdj9txm.3,CC BY 4.0,3. WSSV/WSSV-90-img-1.jpg,WSSV-90-img-1.jpg,UNKNOWN_PENDING_VERIFICATION,Species pending independent provenance verification,WSSV,WSSV,1,D:\OntoShrimp_Data\ShrimpDiseaseImageBD\Root\Annotated Diseased Shrimp Images\Annotated Diseased Shrimp Images\2. WSSV\images\WSSV-90-img-1.jpg,D:\OntoShrimp_Data\ShrimpDiseaseImageBD\Root\Annotated Diseased Shrimp Images\Annotated Diseased Shrimp Images\2. WSSV\labels\WSSV-90-img-1.txt,SDBD_WSSV_0090,SDBD_WSSV_0090,2048,2048,e5bb1be051b0306b64d2d07cab11c29fcad1fd5f2b4a6875188b627cfde40469,89a422e21f8889ae4691203b9c47ccbc9070dcdbf1259e1f316e42bc198dcc8a,f3c9867c8a32d913,DUPG_00873,unique,0,0,1,,source_candidate,source_train,2026.0
SDBD_WSSV_be4e7e3d3c,SDBD,,https://data.mendeley.com/datasets/jhrtdj9txm/3,10.17632/jhrtdj9txm.3,CC BY 4.0,3. WSSV/WSSV-90-img-2.jpg,WSSV-90-img-2.jpg,UNKNOWN_PENDING_VERIFICATION,Species pending independent provenance verification,WSSV,WSSV,1,D:\OntoShrimp_Data\ShrimpDiseaseImageBD\Root\Annotated Diseased Shrimp Images\Annotated Diseased Shrimp Images\2. WSSV\images\WSSV-90-img-2.jpg,D:\OntoShrimp_Data\ShrimpDiseaseImageBD\Root\Annotated Diseased Shrimp Images\Annotated Diseased Shrimp Images\2. WSSV\labels\WSSV-90-img-2.txt,SDBD_WSSV_0090,SDBD_WSSV_0090,2048,2048,89ce1570ec3648c5985cc30f05cecb0c616fc761d9f6669ec0410cd99334fb0e,be4e7e3d3c34d3406659f336e8252f8785baa935782fc096b4432e2ab0439efd,f8c781e81e67308f,DUPG_00874,unique,0,0,1,,source_candidate,source_train,2026.0
SDBD_WSSV_d9b4420d3b,SDBD,,https://data.mendeley.com/datasets/jhrtdj9txm/3,10.17632/jhrtdj9txm.3,CC BY 4.0,3. WSSV/WSSV-91-img-1.jpg,WSSV-91-img-1.jpg,UNKNOWN_PENDING_VERIFICATION,Species pending independent provenance verification,WSSV,WSSV,1,D:\OntoShrimp_Data\ShrimpDiseaseImageBD\Root\Annotated Diseased Shrimp Images\Annotated Diseased Shrimp Images\2. WSSV\images\WSSV-91-img-1.jpg,D:\OntoShrimp_Data\ShrimpDiseaseImageBD\Root\Annotated Diseased Shrimp Images\Annotated Diseased Shrimp Images\2. WSSV\labels\WSSV-91-img-1.txt,SDBD_WSSV_0091,SDBD_WSSV_0091,2048,2048,a5afcb9e253a68e6d513e4b8ca4af535e8eb117d605cb3a227fbeaaedb7bfacf,d9b4420d3bde852e878a96378f1eb739bfc58a606c1cd4105dabbbfaa04a4358,f16d8c998d326b4c,DUPG_00875,unique,0,0,1,,source_candidate,source_train,2026.0
SDBD_WSSV_bf2b54954f,SDBD,,https://data.mendeley.com/datasets/jhrtdj9txm/3,10.17632/jhrtdj9txm.3,CC BY 4.0,3. WSSV/WSSV-91-img-2.jpg,WSSV-91-img-2.jpg,UNKNOWN_PENDING_VERIFICATION,Species pending independent provenance verification,WSSV,WSSV,1,D:\OntoShrimp_Data\ShrimpDiseaseImageBD\Root\Annotated Diseased Shrimp Images\Annotated Diseased Shrimp Images\2. WSSV\images\WSSV-91-img-2.jpg,D:\OntoShrimp_Data\ShrimpDiseaseImageBD\Root\Annotated Diseased Shrimp Images\Annotated Diseased Shrimp Images\2. WSSV\labels\WSSV-91-img-2.txt,SDBD_WSSV_0091,SDBD_WSSV_0091,2048,2048,9f54b804148128759e39a4f31046759da513cccd3f539d71ae8dca92ff76b6cf,bf2b54954faccdd2e725e2b54cb4d10ba9c24581322e6267182d8b217109ac55,f8638695ca3c6b64,DUPG_00876,unique,0,0,1,,source_candidate,source_train,2026.0
SDBD_WSSV_17f9950639,SDBD,,https://data.mendeley.com/datasets/jhrtdj9txm/3,10.17632/jhrtdj9txm.3,CC BY 4.0,3. WSSV/WSSV-91-img-3.jpg,WSSV-91-img-3.jpg,UNKNOWN_PENDING_VERIFICATION,Species pending independent provenance verification,WSSV,WSSV,1,D:\OntoShrimp_Data\ShrimpDiseaseImageBD\Root\Annotated Diseased Shrimp Images\Annotated Diseased Shrimp Images\2. WSSV\images\WSSV-91-img-3.jpg,D:\OntoShrimp_Data\ShrimpDiseaseImageBD\Root\Annotated Diseased Shrimp Images\Annotated Diseased Shrimp Images\2. WSSV\labels\WSSV-91-img-3.txt,SDBD_WSSV_0091,SDBD_WSSV_0091,2048,2048,6d023fc05c55610b5220b5e8f4fda7843e802f55963297ddbce74e61515fb29b,17f99506390f32b591b466d7ad06def0a594642424e415622c9bf14a8b3e03fc,ed69923ec2312fc1,DUPG_00877,unique,0,0,1,,source_candidate,source_train,2026.0
SDBD_WSSV_6682051711,SDBD,,https://data.mendeley.com/datasets/jhrtdj9txm/3,10.17632/jhrtdj9txm.3,CC BY 4.0,3. WSSV/WSSV-92-img-1.jpg,WSSV-92-img-1.jpg,UNKNOWN_PENDING_VERIFICATION,Species pending independent provenance verification,WSSV,WSSV,1,D:\OntoShrimp_Data\ShrimpDiseaseImageBD\Root\Annotated Diseased Shrimp Images\Annotated Diseased Shrimp Images\2. WSSV\images\WSSV-92-img-1.jpg,D:\OntoShrimp_Data\ShrimpDiseaseImageBD\Root\Annotated Diseased Shrimp Images\Annotated Diseased Shrimp Images\2. WSSV\labels\WSSV-92-img-1.txt,SDBD_WSSV_0092,SDBD_WSSV_0092,2048,2048,ca0cf47ffb733de873a9a05f46ce1dd31ae59359391fd6c6a8b8f0d939d1d9e2,6682051711462f6ec73efdb7e78114e2355e4bc67a1e9accd60defba1c9a9ef2,fc8396de2168cf90,DUPG_00878,unique,0,0,1,,source_candidate,source_train,2026.0
SDBD_WSSV_46af12faff,SDBD,,https://data.mendeley.com/datasets/jhrtdj9txm/3,10.17632/jhrtdj9txm.3,CC BY 4.0,3. WSSV/WSSV-92-img-2.jpg,WSSV-92-img-2.jpg,UNKNOWN_PENDING_VERIFICATION,Species pending independent provenance verification,WSSV,WSSV,1,D:\OntoShrimp_Data\ShrimpDiseaseImageBD\Root\Annotated Diseased Shrimp Images\Annotated Diseased Shrimp Images\2. WSSV\images\WSSV-92-img-2.jpg,D:\OntoShrimp_Data\ShrimpDiseaseImageBD\Root\Annotated Diseased Shrimp Images\Annotated Diseased Shrimp Images\2. WSSV\labels\WSSV-92-img-2.txt,SDBD_WSSV_0092,SDBD_WSSV_0092,2048,2048,50227f1be3d394f5a0406dd6d4cb4f14d4b91c4560cfab835c54c0d76ff90161,46af12faff26cba26df61f0c716a51e388396c5df504284f41ab8ac87dba5f53,fc83969e25784b98,DUPG_00879,unique,0,0,1,,source_candidate,source_train,2026.0
SDBD_WSSV_b779fc7073,SDBD,,https://data.mendeley.com/datasets/jhrtdj9txm/3,10.17632/jhrtdj9txm.3,CC BY 4.0,3. WSSV/WSSV-92-img-3.jpg,WSSV-92-img-3.jpg,UNKNOWN_PENDING_VERIFICATION,Species pending independent provenance verification,WSSV,WSSV,1,D:\OntoShrimp_Data\ShrimpDiseaseImageBD\Root\Annotated Diseased Shrimp Images\Annotated Diseased Shrimp Images\2. WSSV\images\WSSV-92-img-3.jpg,D:\OntoShrimp_Data\ShrimpDiseaseImageBD\Root\Annotated Diseased Shrimp Images\Annotated Diseased Shrimp Images\2. WSSV\labels\WSSV-92-img-3.txt,SDBD_WSSV_0092,SDBD_WSSV_0092,2048,2048,4939715bbcca6b41aee7ecfffbf0d7f7f4872defab5f3bdaa9c7e0fd967ffcc4,b779fc7073c50225bc6b0b5849196b16a1c25fdd8526f01908d63bf64475afb8,ec869231cf9876c6,DUPG_00880,unique,0,0,1,,source_candidate,source_train,2026.0
SDBD_WSSV_a1cd29d59a,SDBD,,https://data.mendeley.com/datasets/jhrtdj9txm/3,10.17632/jhrtdj9txm.3,CC BY 4.0,3. WSSV/WSSV-93-img-1.jpg,WSSV-93-img-1.jpg,UNKNOWN_PENDING_VERIFICATION,Species pending independent provenance verification,WSSV,WSSV,1,D:\OntoShrimp_Data\ShrimpDiseaseImageBD\Root\Annotated Diseased Shrimp Images\Annotated Diseased Shrimp Images\2. WSSV\images\WSSV-93-img-1.jpg,D:\OntoShrimp_Data\ShrimpDiseaseImageBD\Root\Annotated Diseased Shrimp Images\Annotated Diseased Shrimp Images\2. WSSV\labels\WSSV-93-img-1.txt,SDBD_WSSV_0093,SDBD_WSSV_0093,2048,2048,599349a4f9dd9b7791cc89ad9b318892bce75461e6c54c46899bd68ce00a307e,a1cd29d59a2296b0c8286ab1b5876142d67a9cca4a4ac4fd8cdbec1943220c48,e98e96cb34b1968a,DUPG_00881,unique,0,0,1,,source_candidate,source_train,2026.0
SDBD_WSSV_1bbb3ee1a7,SDBD,,https://data.mendeley.com/datasets/jhrtdj9txm/3,10.17632/jhrtdj9txm.3,CC BY 4.0,3. WSSV/WSSV-93-img-2.jpg,WSSV-93-img-2.jpg,UNKNOWN_PENDING_VERIFICATION,Species pending independent provenance verification,WSSV,WSSV,1,D:\OntoShrimp_Data\ShrimpDiseaseImageBD\Root\Annotated Diseased Shrimp Images\Annotated Diseased Shrimp Images\2. WSSV\images\WSSV-93-img-2.jpg,D:\OntoShrimp_Data\ShrimpDiseaseImageBD\Root\Annotated Diseased Shrimp Images\Annotated Diseased Shrimp Images\2. WSSV\labels\WSSV-93-img-2.txt,SDBD_WSSV_0093,SDBD_WSSV_0093,2048,2048,8104f97732fb3a3e66e3eb2234ad06cfeeb9d3e9c74baf118f4f01d8e3f3183b,1bbb3ee1a79a54c5dfef66baf1bb9d301ee4f199a69f05222fb14e4688e53b09,cdb086cb3c6d92c3,DUPG_00882,unique,0,0,1,,source_candidate,source_train,2026.0
SDBD_WSSV_c3e4ef4b51,SDBD,,https://data.mendeley.com/datasets/jhrtdj9txm/3,10.17632/jhrtdj9txm.3,CC BY 4.0,3. WSSV/WSSV-93-img-3.jpg,WSSV-93-img-3.jpg,UNKNOWN_PENDING_VERIFICATION,Species pending independent provenance verification,WSSV,WSSV,1,D:\OntoShrimp_Data\ShrimpDiseaseImageBD\Root\Annotated Diseased Shrimp Images\Annotated Diseased Shrimp Images\2. WSSV\images\WSSV-93-img-3.jpg,D:\OntoShrimp_Data\ShrimpDiseaseImageBD\Root\Annotated Diseased Shrimp Images\Annotated Diseased Shrimp Images\2. WSSV\labels\WSSV-93-img-3.txt,SDBD_WSSV_0093,SDBD_WSSV_0093,2048,2048,943eb4b2874d51844a18ebd42d58917c4dd8054a3977eadc6f83a81db3716d30,c3e4ef4b519c7224f19d0e59b8de4f96c1e3794f682b54d7ab1139ff198f542b,f888a7633cda216d,DUPG_00883,unique,0,0,1,,source_candidate,source_train,2026.0
SDBD_WSSV_eb564e8137,SDBD,,https://data.mendeley.com/datasets/jhrtdj9txm/3,10.17632/jhrtdj9txm.3,CC BY 4.0,3. WSSV/WSSV-95-img-1.jpg,WSSV-95-img-1.jpg,UNKNOWN_PENDING_VERIFICATION,Species pending independent provenance verification,WSSV,WSSV,1,D:\OntoShrimp_Data\ShrimpDiseaseImageBD\Root\Annotated Diseased Shrimp Images\Annotated Diseased Shrimp Images\2. WSSV\images\WSSV-95-img-1.jpg,D:\OntoShrimp_Data\ShrimpDiseaseImageBD\Root\Annotated Diseased Shrimp Images\Annotated Diseased Shrimp Images\2. WSSV\labels\WSSV-95-img-1.txt,SDBD_WSSV_0095,SDBD_WSSV_0095,2048,2048,ffc5ccbe57d3bad70067b337295aa3110524faa0a27b8c97762b6105444e5da9,eb564e813785f766ef7bcf0bc38a32fc0950bb320715790ee59ee0b22fb6ce8b,86c0d9f39c19c63b,DUPG_00887,unique,0,0,1,,source_candidate,source_train,2026.0
SDBD_WSSV_9b3a1dd002,SDBD,,https://data.mendeley.com/datasets/jhrtdj9txm/3,10.17632/jhrtdj9txm.3,CC BY 4.0,3. WSSV/WSSV-95-img-2.jpg,WSSV-95-img-2.jpg,UNKNOWN_PENDING_VERIFICATION,Species pending independent provenance verification,WSSV,WSSV,1,D:\OntoShrimp_Data\ShrimpDiseaseImageBD\Root\Annotated Diseased Shrimp Images\Annotated Diseased Shrimp Images\2. WSSV\images\WSSV-95-img-2.jpg,D:\OntoShrimp_Data\ShrimpDiseaseImageBD\Root\Annotated Diseased Shrimp Images\Annotated Diseased Shrimp Images\2. WSSV\labels\WSSV-95-img-2.txt,SDBD_WSSV_0095,SDBD_WSSV_0095,2048,2048,d8e3aa4cae250169d4fcc1048af1e2ff572d6854490e9faadf01cc8a655df6a7,9b3a1dd002ef39bd58a0d874b4589c2b85392cfd977d0e85df3263b76a456e27,84c1d1b2dc1bc63f,DUPG_00888,unique,0,0,1,,source_candidate,source_train,2026.0
SDBD_WSSV_7922fce706,SDBD,,https://data.mendeley.com/datasets/jhrtdj9txm/3,10.17632/jhrtdj9txm.3,CC BY 4.0,3. WSSV/WSSV-95-img-3.jpg,WSSV-95-img-3.jpg,UNKNOWN_PENDING_VERIFICATION,Species pending independent provenance verification,WSSV,WSSV,1,D:\OntoShrimp_Data\ShrimpDiseaseImageBD\Root\Annotated Diseased Shrimp Images\Annotated Diseased Shrimp Images\2. WSSV\images\WSSV-95-img-3.jpg,D:\OntoShrimp_Data\ShrimpDiseaseImageBD\Root\Annotated Diseased Shrimp Images\Annotated Diseased Shrimp Images\2. WSSV\labels\WSSV-95-img-3.txt,SDBD_WSSV_0095,SDBD_WSSV_0095,2048,2048,8ce38b884e6bc076b8360bc9514a57679a609937091529c53038040d018dcc5b,7922fce70603d42c39e7055285b7888f770208829c15a184190c3f47ed0d5543,f88887619dbe00df,DUPG_00889,unique,0,0,1,,source_candidate,source_train,2026.0
SDBD_WSSV_6b14b77338,SDBD,,https://data.mendeley.com/datasets/jhrtdj9txm/3,10.17632/jhrtdj9txm.3,CC BY 4.0,3. WSSV/WSSV-96-img-1.jpg,WSSV-96-img-1.jpg,UNKNOWN_PENDING_VERIFICATION,Species pending independent provenance verification,WSSV,WSSV,1,D:\OntoShrimp_Data\ShrimpDiseaseImageBD\Root\Annotated Diseased Shrimp Images\Annotated Diseased Shrimp Images\2. WSSV\images\WSSV-96-img-1.jpg,D:\OntoShrimp_Data\ShrimpDiseaseImageBD\Root\Annotated Diseased Shrimp Images\Annotated Diseased Shrimp Images\2. WSSV\labels\WSSV-96-img-1.txt,SDBD_WSSV_0096,SDBD_WSSV_0096,2048,2048,7d5ebe40ca16a18c6c9a69b74255e4b556ba7e62a1fd142a121c4f378a213411,6b14b773381e034ac585e4e70316dcc385e6e978bd710a7d9801c9be70f3bf8a,fc8790de2d3093b8,DUPG_00890,unique,0,0,1,,source_candidate,source_train,2026.0
SDBD_WSSV_e6b5f56ec2,SDBD,,https://data.mendeley.com/datasets/jhrtdj9txm/3,10.17632/jhrtdj9txm.3,CC BY 4.0,3. WSSV/WSSV-96-img-2.jpg,WSSV-96-img-2.jpg,UNKNOWN_PENDING_VERIFICATION,Species pending independent provenance verification,WSSV,WSSV,1,D:\OntoShrimp_Data\ShrimpDiseaseImageBD\Root\Annotated Diseased Shrimp Images\Annotated Diseased Shrimp Images\2. WSSV\images\WSSV-96-img-2.jpg,D:\OntoShrimp_Data\ShrimpDiseaseImageBD\Root\Annotated Diseased Shrimp Images\Annotated Diseased Shrimp Images\2. WSSV\labels\WSSV-96-img-2.txt,SDBD_WSSV_0096,SDBD_WSSV_0096,2048,2048,ffa5037e9fbc62d9154292cac7b30898f9e520e8d4ca76d2fe71cef9a261fa0a,e6b5f56ec2aa98ce3de5274ea6b9492269184b5801b3237459eb72f95f0ee687,fe8190de277c039a,DUPG_00891,unique,0,0,1,,source_candidate,source_train,2026.0
SDBD_WSSV_6a8d407c7d,SDBD,,https://data.mendeley.com/datasets/jhrtdj9txm/3,10.17632/jhrtdj9txm.3,CC BY 4.0,3. WSSV/WSSV-96-img-3.jpg,WSSV-96-img-3.jpg,UNKNOWN_PENDING_VERIFICATION,Species pending independent provenance verification,WSSV,WSSV,1,D:\OntoShrimp_Data\ShrimpDiseaseImageBD\Root\Annotated Diseased Shrimp Images\Annotated Diseased Shrimp Images\2. WSSV\images\WSSV-96-img-3.jpg,D:\OntoShrimp_Data\ShrimpDiseaseImageBD\Root\Annotated Diseased Shrimp Images\Annotated Diseased Shrimp Images\2. WSSV\labels\WSSV-96-img-3.txt,SDBD_WSSV_0096,SDBD_WSSV_0096,2048,2048,ec98df38e12207c9a5ad68c132d4da530ad585805f7857be8a24a168323e1e2b,6a8d407c7d906e53e0ddaa84abd4f3eb5686144421ad1500ad53bbf6f32068d8,e9cc92708ba5749e,DUPG_00892,unique,0,0,1,,source_candidate,source_train,2026.0
SDBD_WSSV_44ff9a380c,SDBD,,https://data.mendeley.com/datasets/jhrtdj9txm/3,10.17632/jhrtdj9txm.3,CC BY 4.0,3. WSSV/WSSV-97-img-1.jpg,WSSV-97-img-1.jpg,UNKNOWN_PENDING_VERIFICATION,Species pending independent provenance verification,WSSV,WSSV,1,D:\OntoShrimp_Data\ShrimpDiseaseImageBD\Root\Annotated Diseased Shrimp Images\Annotated Diseased Shrimp Images\2. WSSV\images\WSSV-97-img-1.jpg,D:\OntoShrimp_Data\ShrimpDiseaseImageBD\Root\Annotated Diseased Shrimp Images\Annotated Diseased Shrimp Images\2. WSSV\labels\WSSV-97-img-1.txt,SDBD_WSSV_0097,SDBD_WSSV_0097,2048,2048,9ee0f009e313317aaf244720d95e8fa49c7f3c40e3f9a78d3abb516cdec652f6,44ff9a380c66492b1e24e9397bb51fd1dab465b6d8b6ae5a9f8da9d2523869f4,e1699653b2ce6469,DUPG_00893,unique,0,0,1,,source_candidate,source_train,2026.0
SDBD_WSSV_b111e59635,SDBD,,https://data.mendeley.com/datasets/jhrtdj9txm/3,10.17632/jhrtdj9txm.3,CC BY 4.0,3. WSSV/WSSV-97-img-2.jpg,WSSV-97-img-2.jpg,UNKNOWN_PENDING_VERIFICATION,Species pending independent provenance verification,WSSV,WSSV,1,D:\OntoShrimp_Data\ShrimpDiseaseImageBD\Root\Annotated Diseased Shrimp Images\Annotated Diseased Shrimp Images\2. WSSV\images\WSSV-97-img-2.jpg,D:\OntoShrimp_Data\ShrimpDiseaseImageBD\Root\Annotated Diseased Shrimp Images\Annotated Diseased Shrimp Images\2. WSSV\labels\WSSV-97-img-2.txt,SDBD_WSSV_0097,SDBD_WSSV_0097,2048,2048,08c8f92025e0f0d378252b3463876cbedef32e5055dc5a3fb63b081442c418d9,b111e59635e64b599f9a2696bc538a8b18b78ec587a3a6cdcc294905e57e48f6,e1699653b0c6665d,DUPG_00894,unique,0,0,1,,source_candidate,source_train,2026.0
SDBD_WSSV_e8b4f325ae,SDBD,,https://data.mendeley.com/datasets/jhrtdj9txm/3,10.17632/jhrtdj9txm.3,CC BY 4.0,3. WSSV/WSSV-97-img-3.jpg,WSSV-97-img-3.jpg,UNKNOWN_PENDING_VERIFICATION,Species pending independent provenance verification,WSSV,WSSV,1,D:\OntoShrimp_Data\ShrimpDiseaseImageBD\Root\Annotated Diseased Shrimp Images\Annotated Diseased Shrimp Images\2. WSSV\images\WSSV-97-img-3.jpg,D:\OntoShrimp_Data\ShrimpDiseaseImageBD\Root\Annotated Diseased Shrimp Images\Annotated Diseased Shrimp Images\2. WSSV\labels\WSSV-97-img-3.txt,SDBD_WSSV_0097,SDBD_WSSV_0097,2048,2048,c973308006c4f20ac1701b12d61146d4942c747862268c4cfda0d56358437d4f,e8b4f325aea082dc035274cf26bce29536e1afb75b694fc02ae08dd835b25d84,ea2d94384d8f3566,DUPG_00895,unique,0,0,1,,source_candidate,source_train,2026.0
SDBD_WSSV_2ee571ee79,SDBD,,https://data.mendeley.com/datasets/jhrtdj9txm/3,10.17632/jhrtdj9txm.3,CC BY 4.0,3. WSSV/WSSV-99-img-1.jpg,WSSV-99-img-1.jpg,UNKNOWN_PENDING_VERIFICATION,Species pending independent provenance verification,WSSV,WSSV,1,D:\OntoShrimp_Data\ShrimpDiseaseImageBD\Root\Annotated Diseased Shrimp Images\Annotated Diseased Shrimp Images\2. WSSV\images\WSSV-99-img-1.jpg,D:\OntoShrimp_Data\ShrimpDiseaseImageBD\Root\Annotated Diseased Shrimp Images\Annotated Diseased Shrimp Images\2. WSSV\labels\WSSV-99-img-1.txt,SDBD_WSSV_0099,SDBD_WSSV_0099,2048,2048,fd4864fd5d2bc9424648bca4247e8a4dee433fe5240090b8177fb4aaa8dc3733,2ee571ee794c3a34c1fab4164b0c278f7039541027c2c3507eaec2deb9a0e427,f6299c4aec8b3334,DUPG_00899,unique,0,0,1,,source_candidate,source_train,2026.0
SDBD_WSSV_74a7794632,SDBD,,https://data.mendeley.com/datasets/jhrtdj9txm/3,10.17632/jhrtdj9txm.3,CC BY 4.0,3. WSSV/WSSV-99-img-2.jpg,WSSV-99-img-2.jpg,UNKNOWN_PENDING_VERIFICATION,Species pending independent provenance verification,WSSV,WSSV,1,D:\OntoShrimp_Data\ShrimpDiseaseImageBD\Root\Annotated Diseased Shrimp Images\Annotated Diseased Shrimp Images\2. WSSV\images\WSSV-99-img-2.jpg,D:\OntoShrimp_Data\ShrimpDiseaseImageBD\Root\Annotated Diseased Shrimp Images\Annotated Diseased Shrimp Images\2. WSSV\labels\WSSV-99-img-2.txt,SDBD_WSSV_0099,SDBD_WSSV_0099,2048,2048,80c284f34a9fecbde782b5843bfc90bac0f23fa5cc97d54b810f7ddc6d6f17b4,74a77946324664f3d00e7f6d7b93d9c77bb7b64688c4ee7185eaa1287179c778,f2299d66ec8a3385,DUPG_00900,unique,0,0,1,,source_candidate,source_train,2026.0
SDBD_WSSV_83d50c24f4,SDBD,,https://data.mendeley.com/datasets/jhrtdj9txm/3,10.17632/jhrtdj9txm.3,CC BY 4.0,3. WSSV/WSSV-99-img-3.jpg,WSSV-99-img-3.jpg,UNKNOWN_PENDING_VERIFICATION,Species pending independent provenance verification,WSSV,WSSV,1,D:\OntoShrimp_Data\ShrimpDiseaseImageBD\Root\Annotated Diseased Shrimp Images\Annotated Diseased Shrimp Images\2. WSSV\images\WSSV-99-img-3.jpg,D:\OntoShrimp_Data\ShrimpDiseaseImageBD\Root\Annotated Diseased Shrimp Images\Annotated Diseased Shrimp Images\2. WSSV\labels\WSSV-99-img-3.txt,SDBD_WSSV_0099,SDBD_WSSV_0099,2048,2048,d7a81aa763252c9982787ec5f849d3636dd739695b3e40ef12ab6f87a0dfeed2,83d50c24f4b45890b062026810a5aaf90ab953a18ff93cbdf51d97a94d7b3fc6,ef279abcd1192066,DUPG_00901,unique,0,0,1,,source_candidate,source_train,2026.0
