sample_id,dataset_id,dataset_version,source_url,doi,license,original_relpath,filename,species,species_evidence,disease_label_raw,disease_label_common,bbox_available,bbox_image_path,bbox_label_path,animal_id,capture_group_id,width,height,sha256_file,sha256_pixels,phash64,duplicate_group_id,duplicate_status,cross_dataset_overlap,label_conflict,keep_final,exclusion_reason,domain_role,split,split_seed
TSBD_BG_b9ded89290,TSBD,,https://data.mendeley.com/datasets/9dj4sk5d55/1,10.17632/9dj4sk5d55.1,CC BY 4.0,Black Gill/IMG-20240414-WA0035.jpg,IMG-20240414-WA0035.jpg,Penaeus_monodon,TigerShrimpBD metadata explicitly identifies tiger shrimp,BG,BG,0,,,,DUPG_01112,1040,780,01e3763d6c0b68dfbdc5be383cda2d5e0cb468e0dbdcecd6ce89e566047b63e5,b9ded8929019aa35c753e4ac24c504f550600a8ed6eafdf57a4b8546cad94461,804e85bb674da1bb,DUPG_01112,unique,0,0,1,,target_candidate,target_adapt,2026.0
TSBD_BG_ec6804e1c1,TSBD,,https://data.mendeley.com/datasets/9dj4sk5d55/1,10.17632/9dj4sk5d55.1,CC BY 4.0,Black Gill/IMG-20240414-WA0036.jpg,IMG-20240414-WA0036.jpg,Penaeus_monodon,TigerShrimpBD metadata explicitly identifies tiger shrimp,BG,BG,0,,,,DUPG_01113,1040,780,1489a9f88b091d92a50d8bb04ea72e5ffb042b9f3eddf7525558ec5dc660782c,ec6804e1c1ac4dd1d5c99460ce811a61e2159cf833567b6c593e519af96be6af,823f804f6e3572cb,DUPG_01113,unique,0,0,1,,target_candidate,target_adapt,2026.0
TSBD_BG_e6c7f786d1,TSBD,,https://data.mendeley.com/datasets/9dj4sk5d55/1,10.17632/9dj4sk5d55.1,CC BY 4.0,Black Gill/IMG-20240414-WA0037.jpg,IMG-20240414-WA0037.jpg,Penaeus_monodon,TigerShrimpBD metadata explicitly identifies tiger shrimp,BG,BG,0,,,,DUPG_01114,780,1040,1b2a9b69e9819576d1dd5e2c1add1755bd7638c210f7a2f1327364a7940d5a52,e6c7f786d1e5bcae01cc9faac78dce2c3f38c3a5e1bd8ec65322c6a6f481b2aa,bae7608e03fce059,DUPG_01114,unique,0,0,1,,target_candidate,target_adapt,2026.0
TSBD_BG_27046d49de,TSBD,,https://data.mendeley.com/datasets/9dj4sk5d55/1,10.17632/9dj4sk5d55.1,CC BY 4.0,Black Gill/IMG-20240414-WA0045.jpg,IMG-20240414-WA0045.jpg,Penaeus_monodon,TigerShrimpBD metadata explicitly identifies tiger shrimp,BG,BG,0,,,,DUPG_01115,1040,780,55773f7ffe6f4877fd2a1637a72b660ad0254ec45f529f91feaa1fe2415e4bdd,27046d49de364db393babdb2dabbb1c65458e8fb355c7cf22139017ceca17ada,807f848c2f6ad2d7,DUPG_01115,unique,0,0,1,,target_candidate,target_adapt,2026.0
TSBD_BG_ef94f9e30a,TSBD,,https://data.mendeley.com/datasets/9dj4sk5d55/1,10.17632/9dj4sk5d55.1,CC BY 4.0,Black Gill/IMG-20240414-WA0046.jpg,IMG-20240414-WA0046.jpg,Penaeus_monodon,TigerShrimpBD metadata explicitly identifies tiger shrimp,BG,BG,0,,,,DUPG_01116,1040,780,7243951da20866ed9a34ddc973d7bee6394ac610825948dcf525d240c88c79dd,ef94f9e30a3d7035018f89e2f96c602fb8b9ca66385cd78bc0af4c4f694af8a0,aa35d1ca25375a39,DUPG_01116,unique,0,0,1,,target_candidate,target_adapt,2026.0
TSBD_BG_014cc1626a,TSBD,,https://data.mendeley.com/datasets/9dj4sk5d55/1,10.17632/9dj4sk5d55.1,CC BY 4.0,Black Gill/IMG-20240414-WA0049.jpg,IMG-20240414-WA0049.jpg,Penaeus_monodon,TigerShrimpBD metadata explicitly identifies tiger shrimp,BG,BG,0,,,,DUPG_01117,1040,780,3bbf40da6b38db5b78ddd876f7e007af9fdb4293161c3bfe0e1232092512d65d,014cc1626a31aa60ea1108ca7c395b0543b83060529162250c3be1af5a37cebf,ab4ed0b52fcb501c,DUPG_01117,unique,0,0,1,,target_candidate,target_adapt,2026.0
TSBD_BG_ab942e7799,TSBD,,https://data.mendeley.com/datasets/9dj4sk5d55/1,10.17632/9dj4sk5d55.1,CC BY 4.0,Black Gill/IMG-20240414-WA0162.jpg,IMG-20240414-WA0162.jpg,Penaeus_monodon,TigerShrimpBD metadata explicitly identifies tiger shrimp,BG,BG,0,,,,DUPG_01120,780,1040,56f058da16b08ba2f82d625488272d41c8ce914c21f5bc5b51c747ed72ad8d35,ab942e77993910ac0472beba407c45abae3e180dbb7e45ee1a669af92bfbc384,b3370eb04cf6d8a4,DUPG_01120,unique,0,0,1,,target_candidate,target_adapt,2026.0
TSBD_BG_92d3bac25d,TSBD,,https://data.mendeley.com/datasets/9dj4sk5d55/1,10.17632/9dj4sk5d55.1,CC BY 4.0,Black Gill/IMG-20240414-WA0189.jpg,IMG-20240414-WA0189.jpg,Penaeus_monodon,TigerShrimpBD metadata explicitly identifies tiger shrimp,BG,BG,0,,,,DUPG_01121,780,1040,1013e6b2eac0f5c24772fa29765b472fa88e0b224a8f589a29b11c6695d29de5,92d3bac25d6c38b1de29689f0335b53a40e888ecf67646e6011dd9fa997ab198,bc1cc3b04eb15976,DUPG_01121,unique,0,0,1,,target_candidate,target_adapt,2026.0
TSBD_BG_3179613a58,TSBD,,https://data.mendeley.com/datasets/9dj4sk5d55/1,10.17632/9dj4sk5d55.1,CC BY 4.0,Black Gill/IMG-20240414-WA0197.jpg,IMG-20240414-WA0197.jpg,Penaeus_monodon,TigerShrimpBD metadata explicitly identifies tiger shrimp,BG,BG,0,,,,DUPG_01122,780,1040,dfcc246943bad5af34e9e78e58dd949475fff18ce56ea85509bce9a7a36ed56f,3179613a58fb94f7e1d0dc4ac9a0d083f871fe019da54491ff6b3a89c0068847,b0190e730d633d7e,DUPG_01122,unique,0,0,1,,target_candidate,target_adapt,2026.0
TSBD_BG_72fcb5ad43,TSBD,,https://data.mendeley.com/datasets/9dj4sk5d55/1,10.17632/9dj4sk5d55.1,CC BY 4.0,Black Gill/IMG-20240421-WA0013.jpg,IMG-20240421-WA0013.jpg,Penaeus_monodon,TigerShrimpBD metadata explicitly identifies tiger shrimp,BG,BG,0,,,,DUPG_01123,780,1040,03be7a9979b5ae25c60088e305dd53b822108614add549530417f2e1505ad1a0,72fcb5ad43925f588da9cf3e67ea4417bbc227d1548754ac927be1fd3d0a49ab,e7cf1831b39c4ea0,DUPG_01123,unique,0,0,1,,target_candidate,target_adapt,2026.0
TSBD_BG_1adf4fa166,TSBD,,https://data.mendeley.com/datasets/9dj4sk5d55/1,10.17632/9dj4sk5d55.1,CC BY 4.0,Black Gill/IMG-20240421-WA0200.jpg,IMG-20240421-WA0200.jpg,Penaeus_monodon,TigerShrimpBD metadata explicitly identifies tiger shrimp,BG,BG,0,,,,DUPG_01124,780,1040,fd829722d0acc10acb510b96385c7e1a65597b3951cce8bb521413c459adcabb,1adf4fa1661dc6abfbf8ed84fd71e9f5e9738212f80f90434edc264be056349c,a17cda2ec534d562,DUPG_01124,canonical,0,0,1,,target_candidate,target_adapt,2026.0
TSBD_BG_19f57a7d83,TSBD,,https://data.mendeley.com/datasets/9dj4sk5d55/1,10.17632/9dj4sk5d55.1,CC BY 4.0,Black Gill/IMG-20240421-WA0212.jpg,IMG-20240421-WA0212.jpg,Penaeus_monodon,TigerShrimpBD metadata explicitly identifies tiger shrimp,BG,BG,0,,,,DUPG_01125,780,1040,639896cc1a427a4921c47a6d6216de97be5218162b95e4aec4c7a8e06e583b06,19f57a7d83bca3061e095df8ef377eed590dad699c9ef2dc73c819300f188677,a6d7d1fb28145998,DUPG_01125,unique,0,0,1,,target_candidate,target_adapt,2026.0
TSBD_BG_b06b80d500,TSBD,,https://data.mendeley.com/datasets/9dj4sk5d55/1,10.17632/9dj4sk5d55.1,CC BY 4.0,Black Gill/IMG-20240421-WA0222.jpg,IMG-20240421-WA0222.jpg,Penaeus_monodon,TigerShrimpBD metadata explicitly identifies tiger shrimp,BG,BG,0,,,,DUPG_01127,780,1040,7cff4d50d01ce0c2c944b64c26defd60c7acf8c4ce06f616a07cfca52f8f90e9,b06b80d5006287fa4dac25e50913c1cd1406e53c27829a72da320c842c0f033c,8e1c7c63c8ceb19c,DUPG_01127,unique,0,0,1,,target_candidate,target_adapt,2026.0
TSBD_BG_5c745e387f,TSBD,,https://data.mendeley.com/datasets/9dj4sk5d55/1,10.17632/9dj4sk5d55.1,CC BY 4.0,Black Gill/IMG-20240421-WA0223.jpg,IMG-20240421-WA0223.jpg,Penaeus_monodon,TigerShrimpBD metadata explicitly identifies tiger shrimp,BG,BG,0,,,,DUPG_01128,780,1040,bf8287a0803a9b58ae18c9239754761f1e4989865589acc3109e25e9690a6a8b,5c745e387fde1ee23370c570b1f37301ee9d355ec21f6ac273d03114dbfeb0de,b8e3cfcc8bc883c2,DUPG_01128,unique,0,0,1,,target_candidate,target_adapt,2026.0
TSBD_BG_c333741c9b,TSBD,,https://data.mendeley.com/datasets/9dj4sk5d55/1,10.17632/9dj4sk5d55.1,CC BY 4.0,Black Gill/IMG-20240421-WA0257.jpg,IMG-20240421-WA0257.jpg,Penaeus_monodon,TigerShrimpBD metadata explicitly identifies tiger shrimp,BG,BG,0,,,,DUPG_01131,780,1040,988cfa36b4e30adc29ae00e208791c1ca86080420d27c2153089e694b96eb605,c333741c9b982a5e88a40c0fff99e5e3573e6da0354d7037392c1ea97a219665,a2f15c9ec99c198b,DUPG_01131,unique,0,0,1,,target_candidate,target_adapt,2026.0
TSBD_BG_a3ac70c2de,TSBD,,https://data.mendeley.com/datasets/9dj4sk5d55/1,10.17632/9dj4sk5d55.1,CC BY 4.0,Black Gill/IMG-20240423-WA0061.jpg,IMG-20240423-WA0061.jpg,Penaeus_monodon,TigerShrimpBD metadata explicitly identifies tiger shrimp,BG,BG,0,,,,DUPG_01133,780,1040,77e72b3c79fd88fa70c48ab385ac93a4a5306cea68037b7048b033d42e7fe9f2,a3ac70c2de48566bf270f4909697d8d5464f79e53876ad03c89250af79dc4b7f,9c8783f1e6e4c970,DUPG_01133,unique,0,0,1,,target_candidate,target_adapt,2026.0
TSBD_BG_6ff47981ea,TSBD,,https://data.mendeley.com/datasets/9dj4sk5d55/1,10.17632/9dj4sk5d55.1,CC BY 4.0,Black Gill/IMG-20240424-WA0122.jpg,IMG-20240424-WA0122.jpg,Penaeus_monodon,TigerShrimpBD metadata explicitly identifies tiger shrimp,BG,BG,0,,,,DUPG_01134,780,1040,b93958100b695a5d6f34bd39b6ecdb9bcf2b420027d8bc2b18cc5ef47f791915,6ff47981ea2c0226f7cdfcae2a45dad3e5fcd93b5ba794647ce989fc21a4aebc,b2e4d9c60cc3477c,DUPG_01134,unique,0,0,1,,target_candidate,target_adapt,2026.0
TSBD_BG_64274bed67,TSBD,,https://data.mendeley.com/datasets/9dj4sk5d55/1,10.17632/9dj4sk5d55.1,CC BY 4.0,Black Gill/IMG-20240424-WA0123.jpg,IMG-20240424-WA0123.jpg,Penaeus_monodon,TigerShrimpBD metadata explicitly identifies tiger shrimp,BG,BG,0,,,,DUPG_01135,780,1040,f053b1b44970ff81ce42e6cf6a0f66cee2b096404ac2b204022c2a8a1aed78aa,64274bed677bb3ada225fdb717f96ecc3c44379ffce5131b33474d70c63ad31d,a4e2c19b4777d8c4,DUPG_01135,unique,0,0,1,,target_candidate,target_adapt,2026.0
TSBD_BG_7031e4d230,TSBD,,https://data.mendeley.com/datasets/9dj4sk5d55/1,10.17632/9dj4sk5d55.1,CC BY 4.0,Black Gill/IMG-20240424-WA0126.jpg,IMG-20240424-WA0126.jpg,Penaeus_monodon,TigerShrimpBD metadata explicitly identifies tiger shrimp,BG,BG,0,,,,DUPG_01136,780,1040,76f07ae003c88b23b4deefb8f9c50daf84f2aaf7b82db568c2bd02bf10abeac7,7031e4d2308b7be6916cd16a0cc522ee02ca3e9a49c5a750e22de03cfb06ddb6,e4abf3ec19845931,DUPG_01136,unique,0,0,1,,target_candidate,target_adapt,2026.0
TSBD_BG_03136a4786,TSBD,,https://data.mendeley.com/datasets/9dj4sk5d55/1,10.17632/9dj4sk5d55.1,CC BY 4.0,Black Gill/IMG-20240426-WA0001.jpg,IMG-20240426-WA0001.jpg,Penaeus_monodon,TigerShrimpBD metadata explicitly identifies tiger shrimp,BG,BG,0,,,,DUPG_01139,780,1040,de015eaf6eba05a7d4000f27c68118ec2140482909da9316dba61af0b787c77d,03136a47869ce5ecdf328ed11b1dc6c9244e121ea2fcea79e2be7293111a5caf,b0f8cd98c8c34da7,DUPG_01139,unique,0,0,1,,target_candidate,target_adapt,2026.0
TSBD_BG_daacfdf534,TSBD,,https://data.mendeley.com/datasets/9dj4sk5d55/1,10.17632/9dj4sk5d55.1,CC BY 4.0,Black Gill/IMG-20240426-WA0006.jpg,IMG-20240426-WA0006.jpg,Penaeus_monodon,TigerShrimpBD metadata explicitly identifies tiger shrimp,BG,BG,0,,,,DUPG_01140,780,1040,d65c531da75adeeb5c9168e1c694d94df7934202056e1deeb7b4c4c992f47cb9,daacfdf5346dbaae5c84f14d5f2583f0639211ce924c50304cee6bd9233534bc,e6e6d1e49cb3c019,DUPG_01140,unique,0,0,1,,target_candidate,target_adapt,2026.0
TSBD_BG_873a3617a3,TSBD,,https://data.mendeley.com/datasets/9dj4sk5d55/1,10.17632/9dj4sk5d55.1,CC BY 4.0,Black Gill/IMG-20240426-WA0010.jpg,IMG-20240426-WA0010.jpg,Penaeus_monodon,TigerShrimpBD metadata explicitly identifies tiger shrimp,BG,BG,0,,,,DUPG_01141,780,1040,3ade92d91d98ddd8095c05c283e333462d8423e06b2b22e13bbe1ae2c057d888,873a3617a3d564b0606a028fc1ae66ea6ae9fbc83552c796268595d1f13db4e5,e7f3ccb1d0f05920,DUPG_01141,unique,0,0,1,,target_candidate,target_adapt,2026.0
TSBD_BG_abfa756b67,TSBD,,https://data.mendeley.com/datasets/9dj4sk5d55/1,10.17632/9dj4sk5d55.1,CC BY 4.0,Black Gill/IMG-20240426-WA0011.jpg,IMG-20240426-WA0011.jpg,Penaeus_monodon,TigerShrimpBD metadata explicitly identifies tiger shrimp,BG,BG,0,,,,DUPG_01142,780,1040,64a8f1e51d3e702789b7c76931c5863254bcd60ff2e85ed6d2446173a5d2f749,abfa756b67875d00be7ba9e161f9a267fe6ea21d46da1e90612914ca550712d8,f7f6d9a6cc91c008,DUPG_01142,unique,0,0,1,,target_candidate,target_adapt,2026.0
TSBD_BG_897409ab6a,TSBD,,https://data.mendeley.com/datasets/9dj4sk5d55/1,10.17632/9dj4sk5d55.1,CC BY 4.0,Black Gill/IMG-20240427-WA0184.jpg,IMG-20240427-WA0184.jpg,Penaeus_monodon,TigerShrimpBD metadata explicitly identifies tiger shrimp,BG,BG,0,,,,DUPG_01145,1040,780,2237c7899521fa70b83a6cb6f0e54ca729c2bda208bb9d5cb274922cccd61318,897409ab6a8662811fd3affeb46270adfc5e5f5bca05d11d1792e07682f5f112,a0bdda60a546b74b,DUPG_01145,unique,0,0,1,,target_candidate,target_adapt,2026.0
TSBD_BG_029a32b87f,TSBD,,https://data.mendeley.com/datasets/9dj4sk5d55/1,10.17632/9dj4sk5d55.1,CC BY 4.0,Black Gill/IMG-20240427-WA0360.jpg,IMG-20240427-WA0360.jpg,Penaeus_monodon,TigerShrimpBD metadata explicitly identifies tiger shrimp,BG,BG,0,,,,DUPG_01146,1040,780,4400d1bd59b28956102f0ad74849e92439db060e8c5dcf7992cbf893e10ba97e,029a32b87f4719f01206b996b77bc5cd372631cfd8dbf1316e9c2bbce8a79ba6,aa3f85405f7fb081,DUPG_01146,unique,0,0,1,,target_candidate,target_adapt,2026.0
TSBD_BG_ad84846145,TSBD,,https://data.mendeley.com/datasets/9dj4sk5d55/1,10.17632/9dj4sk5d55.1,CC BY 4.0,Black Gill/IMG-20240427-WA0518.jpg,IMG-20240427-WA0518.jpg,Penaeus_monodon,TigerShrimpBD metadata explicitly identifies tiger shrimp,BG,BG,0,,,,DUPG_01148,780,1040,74793cc39c85df57112613c3e745756b93195ba426baa3f8bf3504a726ebc7fb,ad84846145593946027b5128c82377c67b6f18fbf256e95aaa5ae555fc49f93b,e6a713c89be898e1,DUPG_01148,unique,0,0,1,,target_candidate,target_adapt,2026.0
TSBD_BG_6250909f04,TSBD,,https://data.mendeley.com/datasets/9dj4sk5d55/1,10.17632/9dj4sk5d55.1,CC BY 4.0,Black Gill/IMG-20240427-WA0521.jpg,IMG-20240427-WA0521.jpg,Penaeus_monodon,TigerShrimpBD metadata explicitly identifies tiger shrimp,BG,BG,0,,,,DUPG_01149,780,1040,d97612adf6b90469d48f636307b1c244f8d35facd6f34e8bef1909d7f6216543,6250909f04e8b449f647ade41cfb0563a4ccc36a606ce7326ee682a5742751a6,e0cdccb0c9b31aa7,DUPG_01149,unique,0,0,1,,target_candidate,target_adapt,2026.0
TSBD_Healthy_c7fd512124,TSBD,,https://data.mendeley.com/datasets/9dj4sk5d55/1,10.17632/9dj4sk5d55.1,CC BY 4.0,Healthy/IMG-20240624-WA0006.jpg,IMG-20240624-WA0006.jpg,Penaeus_monodon,TigerShrimpBD metadata explicitly identifies tiger shrimp,Healthy,Healthy,0,,,,DUPG_01151,1200,1600,eb5e2133f9a19e7a6f8c7c50dbfc65b838dabf58ecae65ee0aa98db8c53bf3ad,c7fd512124f4e8926cc50f08695ce25a66ebc0247fa9a9ac8481e139696cc19e,b3e68cc9d999a234,DUPG_01151,unique,0,0,1,,target_candidate,target_adapt,2026.0
TSBD_Healthy_1ab857c1ee,TSBD,,https://data.mendeley.com/datasets/9dj4sk5d55/1,10.17632/9dj4sk5d55.1,CC BY 4.0,Healthy/IMG-20240624-WA0007.jpg,IMG-20240624-WA0007.jpg,Penaeus_monodon,TigerShrimpBD metadata explicitly identifies tiger shrimp,Healthy,Healthy,0,,,,DUPG_01152,1200,1600,e126a9a4b0cf17984e6e4e98949db5461034174a1ac5e84df07bafaa089736fb,1ab857c1eea5b52f6bc8e01b85d51cba3ba05295c2a7681693aa4e2adf8ab12a,b8c3cecc63e37034,DUPG_01152,unique,0,0,1,,target_candidate,target_adapt,2026.0
TSBD_Healthy_a4108c60ab,TSBD,,https://data.mendeley.com/datasets/9dj4sk5d55/1,10.17632/9dj4sk5d55.1,CC BY 4.0,Healthy/IMG-20240624-WA0010.jpg,IMG-20240624-WA0010.jpg,Penaeus_monodon,TigerShrimpBD metadata explicitly identifies tiger shrimp,Healthy,Healthy,0,,,,DUPG_01153,1200,1600,bc93b89e58aa2162916fd02c406ffa38bbd0f375a1988cc1c494019f77263f97,a4108c60ab2fb80f1834e45c5cced0826bc57bc88d0dc13d647b6ea28e6aeb5e,a3e999939cb84c5c,DUPG_01153,unique,0,0,1,,target_candidate,target_adapt,2026.0
TSBD_Healthy_603954b4fc,TSBD,,https://data.mendeley.com/datasets/9dj4sk5d55/1,10.17632/9dj4sk5d55.1,CC BY 4.0,Healthy/IMG-20240624-WA0018.jpg,IMG-20240624-WA0018.jpg,Penaeus_monodon,TigerShrimpBD metadata explicitly identifies tiger shrimp,Healthy,Healthy,0,,,,DUPG_01155,1200,1600,e9b3ae25b0167dce13fb46c3a2c477e40c3173a81fc42f0ee5229fbf4190f11f,603954b4fcd5ff3bea07df512c76738fd04c0f540b04304b0f016feba16697bb,a3e0d2065e784cfb,DUPG_01155,unique,0,0,1,,target_candidate,target_adapt,2026.0
TSBD_Healthy_a7669a6337,TSBD,,https://data.mendeley.com/datasets/9dj4sk5d55/1,10.17632/9dj4sk5d55.1,CC BY 4.0,Healthy/IMG-20240624-WA0019.jpg,IMG-20240624-WA0019.jpg,Penaeus_monodon,TigerShrimpBD metadata explicitly identifies tiger shrimp,Healthy,Healthy,0,,,,DUPG_01156,1200,1600,627afb9e7b450158649dfe32afcfaf148e46cc9a332432e787f2ee44dda0b7a6,a7669a6337f9a1ae6650621fd9c0dc9fbb17ec87a83a032ff29046ab1ff8fb49,a2c3975fbc684ca1,DUPG_01156,unique,0,0,1,,target_candidate,target_adapt,2026.0
TSBD_Healthy_0969d7950f,TSBD,,https://data.mendeley.com/datasets/9dj4sk5d55/1,10.17632/9dj4sk5d55.1,CC BY 4.0,Healthy/IMG-20240624-WA0027.jpg,IMG-20240624-WA0027.jpg,Penaeus_monodon,TigerShrimpBD metadata explicitly identifies tiger shrimp,Healthy,Healthy,0,,,,DUPG_01158,1200,1600,5625b7119d45a0ae7818726ee4657d43af42ff44f3c2494ed0fa9054221dd648,0969d7950ffcd46564848fb945a3c786f311c00606f09fceae5f95534c94ebb3,b178ced34c474e26,DUPG_01158,unique,0,0,1,,target_candidate,target_adapt,2026.0
TSBD_Healthy_3535a7f645,TSBD,,https://data.mendeley.com/datasets/9dj4sk5d55/1,10.17632/9dj4sk5d55.1,CC BY 4.0,Healthy/IMG-20240624-WA0033.jpg,IMG-20240624-WA0033.jpg,Penaeus_monodon,TigerShrimpBD metadata explicitly identifies tiger shrimp,Healthy,Healthy,0,,,,DUPG_01160,1200,1600,19b3427587869f4fbc6d680d62480901ed2497936dec21040078a70abdb05c89,3535a7f6452b4d273706c034c0d7441788363eb010e84823748ad102793d7566,b3f1dd464e700678,DUPG_01160,unique,0,0,1,,target_candidate,target_adapt,2026.0
TSBD_Healthy_28874652ec,TSBD,,https://data.mendeley.com/datasets/9dj4sk5d55/1,10.17632/9dj4sk5d55.1,CC BY 4.0,Healthy/IMG-20240624-WA0040.jpg,IMG-20240624-WA0040.jpg,Penaeus_monodon,TigerShrimpBD metadata explicitly identifies tiger shrimp,Healthy,Healthy,0,,,,DUPG_01161,1200,1600,b9f79422e3e04aedaf5cc39ed046325bf8d5e4f6f11fcd7fff5bb9864337b45f,28874652ec854e7826af4cbeccc7cf5e1f2bcae3ce7753ec26ae7d47f09f38ff,b6e7c6180c7cd1e4,DUPG_01161,unique,0,0,1,,target_candidate,target_adapt,2026.0
TSBD_Healthy_c9a3ba4645,TSBD,,https://data.mendeley.com/datasets/9dj4sk5d55/1,10.17632/9dj4sk5d55.1,CC BY 4.0,Healthy/IMG-20240624-WA0045.jpg,IMG-20240624-WA0045.jpg,Penaeus_monodon,TigerShrimpBD metadata explicitly identifies tiger shrimp,Healthy,Healthy,0,,,,DUPG_01163,1200,1600,21f2f8b29f97be6ce1383dc6d742562c5b9d83c72471b17a78155621539c4cb2,c9a3ba46453c195c8a3276010b1b12f501fe833fcac8be0d5a778aa850847768,b1e3d78d0f7e4090,DUPG_01163,unique,0,0,1,,target_candidate,target_adapt,2026.0
TSBD_Healthy_ec9cff4659,TSBD,,https://data.mendeley.com/datasets/9dj4sk5d55/1,10.17632/9dj4sk5d55.1,CC BY 4.0,Healthy/IMG-20240624-WA0046.jpg,IMG-20240624-WA0046.jpg,Penaeus_monodon,TigerShrimpBD metadata explicitly identifies tiger shrimp,Healthy,Healthy,0,,,,DUPG_01164,1200,1600,37373874df5a017b1da9acdaad8503afd6257dbd679bec49c72de66589ece6b6,ec9cff4659f0c7fbff6b8a2b5c3ce5dd327efa46cdccf7d320478f29d7251ab2,a3f39bc11c6e1c61,DUPG_01164,unique,0,0,1,,target_candidate,target_adapt,2026.0
TSBD_Healthy_d0dd7481d3,TSBD,,https://data.mendeley.com/datasets/9dj4sk5d55/1,10.17632/9dj4sk5d55.1,CC BY 4.0,Healthy/IMG-20240624-WA0055.jpg,IMG-20240624-WA0055.jpg,Penaeus_monodon,TigerShrimpBD metadata explicitly identifies tiger shrimp,Healthy,Healthy,0,,,,DUPG_01165,1200,1600,199aa460928d2ea1400a6de4e26b4f3db3274c0705464fe54e6cbf4c1d3917a9,d0dd7481d38dcd4dd99fd38f09989c37aec05afb9e1bc2e4c04427555fe5cff7,b0fcced8064f464b,DUPG_01165,unique,0,0,1,,target_candidate,target_adapt,2026.0
TSBD_Healthy_9b9c4b2008,TSBD,,https://data.mendeley.com/datasets/9dj4sk5d55/1,10.17632/9dj4sk5d55.1,CC BY 4.0,Healthy/IMG-20240624-WA0067.jpg,IMG-20240624-WA0067.jpg,Penaeus_monodon,TigerShrimpBD metadata explicitly identifies tiger shrimp,Healthy,Healthy,0,,,,DUPG_01168,1200,1600,18f669b680b55518384026cede412f528546c0e2bc1a6f152ac41c49236f76f3,9b9c4b20088d9e79daf80660177fd5c05e0dfd30f7b00c9831e1a0605fa4549b,a3e39c9b98c6c8cc,DUPG_01168,unique,0,0,1,,target_candidate,target_adapt,2026.0
TSBD_Healthy_6af33a64f0,TSBD,,https://data.mendeley.com/datasets/9dj4sk5d55/1,10.17632/9dj4sk5d55.1,CC BY 4.0,Healthy/IMG-20240624-WA0069.jpg,IMG-20240624-WA0069.jpg,Penaeus_monodon,TigerShrimpBD metadata explicitly identifies tiger shrimp,Healthy,Healthy,0,,,,DUPG_01169,1200,1600,89eda534a228b2e3f90a161598cb9586c1878f5fb567a7e290f025df75678bd6,6af33a64f0e157a548010a56b94e6daa8b74d586578edff6c65cb331423ec759,b1888e99cee3cd26,DUPG_01169,unique,0,0,1,,target_candidate,target_adapt,2026.0
TSBD_Healthy_11508a2a47,TSBD,,https://data.mendeley.com/datasets/9dj4sk5d55/1,10.17632/9dj4sk5d55.1,CC BY 4.0,Healthy/IMG-20240624-WA0070.jpg,IMG-20240624-WA0070.jpg,Penaeus_monodon,TigerShrimpBD metadata explicitly identifies tiger shrimp,Healthy,Healthy,0,,,,DUPG_01170,1200,1600,044554867bf6c0ec0310fce24e8ac3d7455b7273b6cfaa01abc5f9b6b874bc65,11508a2a4765a4b7398c68cac4d0a3d0e2a95383fc65c2c090a536df7a5bd94a,b3839cccccec1c35,DUPG_01170,unique,0,0,1,,target_candidate,target_adapt,2026.0
TSBD_Healthy_9c80ffce77,TSBD,,https://data.mendeley.com/datasets/9dj4sk5d55/1,10.17632/9dj4sk5d55.1,CC BY 4.0,Healthy/IMG-20240624-WA0072.jpg,IMG-20240624-WA0072.jpg,Penaeus_monodon,TigerShrimpBD metadata explicitly identifies tiger shrimp,Healthy,Healthy,0,,,,DUPG_01171,1200,1600,dbdf54ffd434b8dc52ec64e074c0d5d847d4af479a0031302d9290860f3694c0,9c80ffce7707c7b2854f062d5dbe7313fd78a639b47de929a159126fd3d75a8b,b3988c8e8cc6eb66,DUPG_01171,unique,0,0,1,,target_candidate,target_adapt,2026.0
TSBD_Healthy_fdc6d1fa33,TSBD,,https://data.mendeley.com/datasets/9dj4sk5d55/1,10.17632/9dj4sk5d55.1,CC BY 4.0,Healthy/IMG-20240624-WA0074.jpg,IMG-20240624-WA0074.jpg,Penaeus_monodon,TigerShrimpBD metadata explicitly identifies tiger shrimp,Healthy,Healthy,0,,,,DUPG_01173,1200,1600,f6a487b1cce6ebc1466b1c2364a52375fb5e089a19d11179671a830cac518115,fdc6d1fa333e8e6da194292fb8641ca102c9651717bd3de4dddc9d8af344f7bc,a6939ccd1399f06c,DUPG_01173,unique,0,0,1,,target_candidate,target_adapt,2026.0
TSBD_Healthy_8c646c1060,TSBD,,https://data.mendeley.com/datasets/9dj4sk5d55/1,10.17632/9dj4sk5d55.1,CC BY 4.0,Healthy/IMG-20240624-WA0075.jpg,IMG-20240624-WA0075.jpg,Penaeus_monodon,TigerShrimpBD metadata explicitly identifies tiger shrimp,Healthy,Healthy,0,,,,DUPG_01174,1200,1600,02ad6e39a6846a855d0c00191d385ff1bbf3d7337ea4d536b4c0f0189175b6b1,8c646c106021c31d8faec9119a3791ba97b43539bcae959d7e1161f30babb64e,b3c08c8e8c7cee33,DUPG_01174,unique,0,0,1,,target_candidate,target_adapt,2026.0
TSBD_Healthy_1b2ea804f3,TSBD,,https://data.mendeley.com/datasets/9dj4sk5d55/1,10.17632/9dj4sk5d55.1,CC BY 4.0,Healthy/IMG-20240624-WA0080.jpg,IMG-20240624-WA0080.jpg,Penaeus_monodon,TigerShrimpBD metadata explicitly identifies tiger shrimp,Healthy,Healthy,0,,,,DUPG_01176,1200,1600,7212e1803cf62dbfe5a9cb64caa05b09a2540e2156260a9ef0b21e695e72c003,1b2ea804f3da295d090c695f0c0cf36be3a7c9e304265701a0d16df03c5b6ff5,a3fbd3830c1f6c84,DUPG_01176,unique,0,0,1,,target_candidate,target_adapt,2026.0
TSBD_Healthy_181a36e89e,TSBD,,https://data.mendeley.com/datasets/9dj4sk5d55/1,10.17632/9dj4sk5d55.1,CC BY 4.0,Healthy/IMG-20240624-WA0083.jpg,IMG-20240624-WA0083.jpg,Penaeus_monodon,TigerShrimpBD metadata explicitly identifies tiger shrimp,Healthy,Healthy,0,,,,DUPG_01177,1200,1600,daff7d15871e02420b1968b9e5becfaea41a805fdde4e6ab59211d54a428b52f,181a36e89e5903c2b9430f63a5d5cb381b89207d38aec0aa239e5eb75fda7293,a6ded2b6b1614147,DUPG_01177,unique,0,0,1,,target_candidate,target_adapt,2026.0
TSBD_Healthy_b13db56cba,TSBD,,https://data.mendeley.com/datasets/9dj4sk5d55/1,10.17632/9dj4sk5d55.1,CC BY 4.0,Healthy/IMG-20240624-WA0086.jpg,IMG-20240624-WA0086.jpg,Penaeus_monodon,TigerShrimpBD metadata explicitly identifies tiger shrimp,Healthy,Healthy,0,,,,DUPG_01178,1200,1600,bb390cf82b112696de835c306caae7d95ef9ad6ac5a9c9fbd3f5292a08f75934,b13db56cba3b45862a7765014cb981590f86f1ca9bb56a63b278c04ddcc798cf,b3c60c1c9cb9c98f,DUPG_01178,unique,0,0,1,,target_candidate,target_adapt,2026.0
TSBD_Healthy_e91e5f3d2c,TSBD,,https://data.mendeley.com/datasets/9dj4sk5d55/1,10.17632/9dj4sk5d55.1,CC BY 4.0,Healthy/IMG-20240624-WA0088.jpg,IMG-20240624-WA0088.jpg,Penaeus_monodon,TigerShrimpBD metadata explicitly identifies tiger shrimp,Healthy,Healthy,0,,,,DUPG_01179,1200,1600,4f9dcdfa0abde9709ea21171a91a40a008e48f7fa8cdd4fe718ff6cf9146cf1e,e91e5f3d2c2d1edc97df4fd1c7739dbd6762228a858bfe7a11131530fba6a184,b3f9c1831cf6406e,DUPG_01179,unique,0,0,1,,target_candidate,target_adapt,2026.0
TSBD_Healthy_b9f53cb41a,TSBD,,https://data.mendeley.com/datasets/9dj4sk5d55/1,10.17632/9dj4sk5d55.1,CC BY 4.0,Healthy/IMG-20240624-WA0089.jpg,IMG-20240624-WA0089.jpg,Penaeus_monodon,TigerShrimpBD metadata explicitly identifies tiger shrimp,Healthy,Healthy,0,,,,DUPG_01180,1200,1600,4e911b90142aa7e00c3b2b3cec6de811fbc60cea880b5271b850bcb34cccbd50,b9f53cb41a30041cb0ed4492f65def7b4d1ee58e84a66420d3e80ae4013b145c,a6e6d9c31d780c39,DUPG_01180,unique,0,0,1,,target_candidate,target_adapt,2026.0
TSBD_Healthy_eb22129a24,TSBD,,https://data.mendeley.com/datasets/9dj4sk5d55/1,10.17632/9dj4sk5d55.1,CC BY 4.0,Healthy/IMG-20240624-WA0091.jpg,IMG-20240624-WA0091.jpg,Penaeus_monodon,TigerShrimpBD metadata explicitly identifies tiger shrimp,Healthy,Healthy,0,,,,DUPG_01181,1200,1600,a778b3b50c942ba87ee73ef1def0dbbaa4b4794624ea6f7a7c7c008ece907c33,eb22129a2474e8d570b34cf0ab53ac9a5a2c227460b1808286d9c05e2f17eab3,a6f2c81b3991cec9,DUPG_01181,unique,0,0,1,,target_candidate,target_adapt,2026.0
TSBD_Healthy_968a78b93d,TSBD,,https://data.mendeley.com/datasets/9dj4sk5d55/1,10.17632/9dj4sk5d55.1,CC BY 4.0,Healthy/IMG-20240624-WA0093.jpg,IMG-20240624-WA0093.jpg,Penaeus_monodon,TigerShrimpBD metadata explicitly identifies tiger shrimp,Healthy,Healthy,0,,,,DUPG_01183,1200,1600,8bca1ec3b9620831e69b24ad9f6758e2d2c8a3266c802a3a64a7f8e55c3620c7,968a78b93dd71b87426164a84cd812ad366bb920480f0fc16824b9509e20f523,b0cc909ea6e3670f,DUPG_01183,unique,0,0,1,,target_candidate,target_adapt,2026.0
TSBD_Healthy_c7a3a188a8,TSBD,,https://data.mendeley.com/datasets/9dj4sk5d55/1,10.17632/9dj4sk5d55.1,CC BY 4.0,Healthy/IMG-20240624-WA0094.jpg,IMG-20240624-WA0094.jpg,Penaeus_monodon,TigerShrimpBD metadata explicitly identifies tiger shrimp,Healthy,Healthy,0,,,,DUPG_01184,1200,1600,f62ae9c2ec075ae2ef4c0b47cb24cb5b20a4c1ab91500155cb65ca8fdf9257be,c7a3a188a8184aa1b2ad6267bc5e065ce37900f57479b0debc7e42b8baf86552,e4891b9c9b9a93b8,DUPG_01184,unique,0,0,1,,target_candidate,target_adapt,2026.0
TSBD_Healthy_f55a2f1b43,TSBD,,https://data.mendeley.com/datasets/9dj4sk5d55/1,10.17632/9dj4sk5d55.1,CC BY 4.0,Healthy/IMG-20240625-WA0000.jpg,IMG-20240625-WA0000.jpg,Penaeus_monodon,TigerShrimpBD metadata explicitly identifies tiger shrimp,Healthy,Healthy,0,,,,DUPG_01185,720,1280,915055fd13ae24d3108bc9169bcd3ded177d08d7df2092cec70c1e6ae228ced9,f55a2f1b435919ea4e309d8100e419099783b23b72d46d219d77598510b44caa,faebe8082ef4911a,DUPG_01185,unique,0,0,1,,target_candidate,target_adapt,2026.0
TSBD_Healthy_11a0ec4d06,TSBD,,https://data.mendeley.com/datasets/9dj4sk5d55/1,10.17632/9dj4sk5d55.1,CC BY 4.0,Healthy/IMG-20240625-WA0012.jpg,IMG-20240625-WA0012.jpg,Penaeus_monodon,TigerShrimpBD metadata explicitly identifies tiger shrimp,Healthy,Healthy,0,,,,DUPG_01186,720,1280,e20ac24682b270e5ddd040d4dfff70aeb43d549e85818301539c7ae634ad6fc7,11a0ec4d0664dd7aae7cd41b4d101be886d682841c49b388aec232d1f75ec3d8,fff0c08f2e70c185,DUPG_01186,unique,0,0,1,,target_candidate,target_adapt,2026.0
TSBD_Healthy_dda7c6bbc5,TSBD,,https://data.mendeley.com/datasets/9dj4sk5d55/1,10.17632/9dj4sk5d55.1,CC BY 4.0,Healthy/IMG-20240625-WA0016.jpg,IMG-20240625-WA0016.jpg,Penaeus_monodon,TigerShrimpBD metadata explicitly identifies tiger shrimp,Healthy,Healthy,0,,,,DUPG_01187,720,1280,8986e2283722a26e5ef3df121964e7a09ec8d24e567fc276518fb17f0beb26aa,dda7c6bbc56cf0e1310d8ea8e92401add3a2211815efef706fbe17006693f2d8,eeeaea8f2244c8d4,DUPG_01187,unique,0,0,1,,target_candidate,target_adapt,2026.0
TSBD_Healthy_b83d452fe7,TSBD,,https://data.mendeley.com/datasets/9dj4sk5d55/1,10.17632/9dj4sk5d55.1,CC BY 4.0,Healthy/IMG-20240625-WA0019.jpg,IMG-20240625-WA0019.jpg,Penaeus_monodon,TigerShrimpBD metadata explicitly identifies tiger shrimp,Healthy,Healthy,0,,,,DUPG_01188,720,1280,96b6116e05adf94b5decbfa4386ec423b4722fdf90ac2ebb52c8cf3967368b8f,b83d452fe7c375cb5d65a25ce4124daf502bb9fb97f5d75c89ec9df6e9a2d897,fbcec0182fe58316,DUPG_01188,unique,0,0,1,,target_candidate,target_adapt,2026.0
TSBD_Healthy_ec04a77054,TSBD,,https://data.mendeley.com/datasets/9dj4sk5d55/1,10.17632/9dj4sk5d55.1,CC BY 4.0,Healthy/IMG-20240625-WA0020.jpg,IMG-20240625-WA0020.jpg,Penaeus_monodon,TigerShrimpBD metadata explicitly identifies tiger shrimp,Healthy,Healthy,0,,,,DUPG_01189,1200,1600,aa7a8b471382e8f1f0f9dbfc0cf77e39857ee29b0d3c1528c0c82b522c4abc0b,ec04a77054034c4ad3c8e441e1ca1156f410a1c18298d8af2e1b42f86451f2a8,b6f388269c267c71,DUPG_01189,unique,0,0,1,,target_candidate,target_adapt,2026.0
TSBD_Healthy_63480c13ab,TSBD,,https://data.mendeley.com/datasets/9dj4sk5d55/1,10.17632/9dj4sk5d55.1,CC BY 4.0,Healthy/IMG-20240625-WA0021.jpg,IMG-20240625-WA0021.jpg,Penaeus_monodon,TigerShrimpBD metadata explicitly identifies tiger shrimp,Healthy,Healthy,0,,,,DUPG_01190,1200,1600,f4cb0fe10aa5e0a17d6689e416d1933a3157e23a48bac2f35e96c33e3757f9f1,63480c13aba47984520842b36782371546cd155753001cab46b0fb4a540c1039,b0f8c9348f67916a,DUPG_01190,unique,0,0,1,,target_candidate,target_adapt,2026.0
TSBD_Healthy_a334fe0843,TSBD,,https://data.mendeley.com/datasets/9dj4sk5d55/1,10.17632/9dj4sk5d55.1,CC BY 4.0,Healthy/IMG-20240625-WA0022.jpg,IMG-20240625-WA0022.jpg,Penaeus_monodon,TigerShrimpBD metadata explicitly identifies tiger shrimp,Healthy,Healthy,0,,,,DUPG_01191,1200,1600,898a095da861ef78b1cd10d4b5e76a223322f94e5e972a3d7239f666ff34f8ef,a334fe0843b08cbbb174468d1d0d2735309d256878c4d02532c31a116e11d7dd,b3f39b748c62842b,DUPG_01191,unique,0,0,1,,target_candidate,target_adapt,2026.0
TSBD_Healthy_af48f4f88b,TSBD,,https://data.mendeley.com/datasets/9dj4sk5d55/1,10.17632/9dj4sk5d55.1,CC BY 4.0,Healthy/IMG-20240625-WA0024.jpg,IMG-20240625-WA0024.jpg,Penaeus_monodon,TigerShrimpBD metadata explicitly identifies tiger shrimp,Healthy,Healthy,0,,,,DUPG_01193,1200,1600,9e7b58138381623a2aec9d9bf24f581d40ebb11e9eda903d3e4f739d3e23f6f4,af48f4f88b85547fd82ae6a08ccae117f6058c4885d0bc4c02b4c5709ffa367a,b3d6edc0848d4b6c,DUPG_01193,unique,0,0,1,,target_candidate,target_adapt,2026.0
TSBD_Healthy_58fc6d9018,TSBD,,https://data.mendeley.com/datasets/9dj4sk5d55/1,10.17632/9dj4sk5d55.1,CC BY 4.0,Healthy/IMG-20240625-WA0026.jpg,IMG-20240625-WA0026.jpg,Penaeus_monodon,TigerShrimpBD metadata explicitly identifies tiger shrimp,Healthy,Healthy,0,,,,DUPG_01194,1200,1600,2ccffcedc3239e674e0b3f027be43e182ebbf9008cf75ea138912fe5fe8b27bb,58fc6d90183bd9f0225216c2456792ee009bafec7f27c69aa6eea3b30fc150c8,fe4dc58d6698306a,DUPG_01194,unique,0,0,1,,target_candidate,target_adapt,2026.0
TSBD_Healthy_ed8a98aaef,TSBD,,https://data.mendeley.com/datasets/9dj4sk5d55/1,10.17632/9dj4sk5d55.1,CC BY 4.0,Healthy/IMG-20240625-WA0044.jpg,IMG-20240625-WA0044.jpg,Penaeus_monodon,TigerShrimpBD metadata explicitly identifies tiger shrimp,Healthy,Healthy,0,,,,DUPG_01198,1200,1600,39878cccda820f4ca860ffc901d48d238be275126200e17b677d20fb50f8f7fd,ed8a98aaef496837e8b9223de83bc2d68c44f26a4b8e1d9b7b23ebec0e8cc55e,a2d1891e9c47bd6a,DUPG_01198,unique,0,0,1,,target_candidate,target_adapt,2026.0
TSBD_Healthy_c1a36abd3d,TSBD,,https://data.mendeley.com/datasets/9dj4sk5d55/1,10.17632/9dj4sk5d55.1,CC BY 4.0,Healthy/IMG-20240625-WA0047.jpg,IMG-20240625-WA0047.jpg,Penaeus_monodon,TigerShrimpBD metadata explicitly identifies tiger shrimp,Healthy,Healthy,0,,,,DUPG_01201,1200,1600,1ec06bb1df82ac5ddae7eca6b9dc031092b8392d93ce1c99b309143832226edd,c1a36abd3d84d9253303bcdb605220dde0c1d772789b71a9b649f21d1038b6b3,a6f998246a064ffc,DUPG_01201,unique,0,0,1,,target_candidate,target_adapt,2026.0
TSBD_Healthy_ba89f16ead,TSBD,,https://data.mendeley.com/datasets/9dj4sk5d55/1,10.17632/9dj4sk5d55.1,CC BY 4.0,Healthy/IMG-20240625-WA0049.jpg,IMG-20240625-WA0049.jpg,Penaeus_monodon,TigerShrimpBD metadata explicitly identifies tiger shrimp,Healthy,Healthy,0,,,,DUPG_01203,1200,1600,92e48e08736c85f4e28cd65432991c8deee5b764dc060e83159f615b71805f21,ba89f16eada5237e2af8dc1a99bfbcbdb6a67d65d3a1ee86445bed8873b44468,a4f19c3f4c24ce72,DUPG_01203,unique,0,0,1,,target_candidate,target_adapt,2026.0
TSBD_Healthy_ff7717e05f,TSBD,,https://data.mendeley.com/datasets/9dj4sk5d55/1,10.17632/9dj4sk5d55.1,CC BY 4.0,Healthy/IMG-20240625-WA0074.jpg,IMG-20240625-WA0074.jpg,Penaeus_monodon,TigerShrimpBD metadata explicitly identifies tiger shrimp,Healthy,Healthy,0,,,,DUPG_01204,1600,1200,d575e44469a16f6146e2c6c1f2db73454b9d6ea4c1564857bd7c468a34081f70,ff7717e05f6451d42d99315d010e46e380513823f3c1797dd4b65707a385adb3,b654d672e18f1760,DUPG_01204,unique,0,0,1,,target_candidate,target_adapt,2026.0
TSBD_Healthy_9697828448,TSBD,,https://data.mendeley.com/datasets/9dj4sk5d55/1,10.17632/9dj4sk5d55.1,CC BY 4.0,Healthy/IMG-20240625-WA0089.jpg,IMG-20240625-WA0089.jpg,Penaeus_monodon,TigerShrimpBD metadata explicitly identifies tiger shrimp,Healthy,Healthy,0,,,,DUPG_01205,1200,1600,cc24ba65ff059e0223b8b877347ace47688c92f5a6cd284dfafd9942308b81de,9697828448b36422343025d54d752b450624bccf23d14cd18b55e7123c874cd3,e3858c8894aded57,DUPG_01205,unique,0,0,1,,target_candidate,target_adapt,2026.0
TSBD_Healthy_0dc7202194,TSBD,,https://data.mendeley.com/datasets/9dj4sk5d55/1,10.17632/9dj4sk5d55.1,CC BY 4.0,Healthy/IMG-20240625-WA0090.jpg,IMG-20240625-WA0090.jpg,Penaeus_monodon,TigerShrimpBD metadata explicitly identifies tiger shrimp,Healthy,Healthy,0,,,,DUPG_01206,1200,1600,01037d3ae22c121d228492c3e047dbf227660ef2669b296df09b510db297b777,0dc7202194f9ca334a1ecac2a9d348d74379cb59dcc527bdbd6f62f0b1a89f88,ff8b5b0b0a5ac321,DUPG_01206,unique,0,0,1,,target_candidate,target_adapt,2026.0
TSBD_Healthy_aafafefd6f,TSBD,,https://data.mendeley.com/datasets/9dj4sk5d55/1,10.17632/9dj4sk5d55.1,CC BY 4.0,Healthy/IMG-20240625-WA0093.jpg,IMG-20240625-WA0093.jpg,Penaeus_monodon,TigerShrimpBD metadata explicitly identifies tiger shrimp,Healthy,Healthy,0,,,,DUPG_01207,1200,1600,d2985cc36425bdefd48333ed4b714a7f1ed0e9945b80cfeabe4a62e617f11b20,aafafefd6fda9613834a4e53307c7bc281adba095e2f999b7d65c1003bb9ccb8,bba440b3599f983c,DUPG_01207,unique,0,0,1,,target_candidate,target_adapt,2026.0
TSBD_Healthy_3e37e6f481,TSBD,,https://data.mendeley.com/datasets/9dj4sk5d55/1,10.17632/9dj4sk5d55.1,CC BY 4.0,Healthy/IMG-20240625-WA0135.jpg,IMG-20240625-WA0135.jpg,Penaeus_monodon,TigerShrimpBD metadata explicitly identifies tiger shrimp,Healthy,Healthy,0,,,,DUPG_01208,1200,1600,3367f2540c8c6809675db2b21d851fc4bc826fdff1c85a9e89e6e7ec6a0a191d,3e37e6f48144205a901587b0a3243c5fa5f8604bf38a6fcb24ccf3b1f7ade250,ae5bcbd0374d2494,DUPG_01208,unique,0,0,1,,target_candidate,target_adapt,2026.0
TSBD_Healthy_d5c6d15d07,TSBD,,https://data.mendeley.com/datasets/9dj4sk5d55/1,10.17632/9dj4sk5d55.1,CC BY 4.0,Healthy/IMG-20240625-WA0139.jpg,IMG-20240625-WA0139.jpg,Penaeus_monodon,TigerShrimpBD metadata explicitly identifies tiger shrimp,Healthy,Healthy,0,,,,DUPG_01210,1200,1600,d0634dbd7386a7fdee1e66e0f747020a1d25cae2f2a6fd5a74ff2ee2c9399879,d5c6d15d07fcb5333573fa8221fc823ca60ad63592e9b101314f77bdfdd2b5b9,bcbbc23259e473c0,DUPG_01210,unique,0,0,1,,target_candidate,target_adapt,2026.0
TSBD_Healthy_968206666f,TSBD,,https://data.mendeley.com/datasets/9dj4sk5d55/1,10.17632/9dj4sk5d55.1,CC BY 4.0,Healthy/IMG-20240625-WA0162.jpg,IMG-20240625-WA0162.jpg,Penaeus_monodon,TigerShrimpBD metadata explicitly identifies tiger shrimp,Healthy,Healthy,0,,,,DUPG_01213,720,1280,e9d1acf0601e138d62009ff2cecc193efb8d7f52806a4cb4ac41b561b791d091,968206666f3bcb1ab307b49a544ffbd8083110fd813b0653b688ef9924ae0bf2,faeac19c2a65a5d0,DUPG_01213,unique,0,0,1,,target_candidate,target_adapt,2026.0
TSBD_Healthy_cacd4fa5f3,TSBD,,https://data.mendeley.com/datasets/9dj4sk5d55/1,10.17632/9dj4sk5d55.1,CC BY 4.0,Healthy/IMG-20240625-WA0166.jpg,IMG-20240625-WA0166.jpg,Penaeus_monodon,TigerShrimpBD metadata explicitly identifies tiger shrimp,Healthy,Healthy,0,,,,DUPG_01214,720,1280,1dd1f8f4bbe4218eebca64de687b03adbcb268ede6b2a334b03c4f2ebabcb08b,cacd4fa5f3d579778577f7ece32fe9d14922ea77a07d9d04d29a280a92e1dbc6,e0dad6cd6a781295,DUPG_01214,unique,0,0,1,,target_candidate,target_adapt,2026.0
TSBD_Healthy_c00e285b89,TSBD,,https://data.mendeley.com/datasets/9dj4sk5d55/1,10.17632/9dj4sk5d55.1,CC BY 4.0,Healthy/IMG-20240625-WA0169.jpg,IMG-20240625-WA0169.jpg,Penaeus_monodon,TigerShrimpBD metadata explicitly identifies tiger shrimp,Healthy,Healthy,0,,,,DUPG_01215,720,1280,479274d57428b1690c68fc6c51af51c69d555c3af00310a87e6274e5291963c1,c00e285b89f795d6cec19c7a72bfe41a4336057a06f839cea48936453e58202b,fcdcc1907d6a8a91,DUPG_01215,unique,0,0,1,,target_candidate,target_adapt,2026.0
TSBD_Healthy_e318b96772,TSBD,,https://data.mendeley.com/datasets/9dj4sk5d55/1,10.17632/9dj4sk5d55.1,CC BY 4.0,Healthy/IMG-20240625-WA0171.jpg,IMG-20240625-WA0171.jpg,Penaeus_monodon,TigerShrimpBD metadata explicitly identifies tiger shrimp,Healthy,Healthy,0,,,,DUPG_01217,900,1600,dcab69969a16002a69010bb07dc97c4cf30b355cf4f75f13aab6798bcf374083,e318b96772777752fad627f1229d67ab78627f20c8b90e950816c59c873faa57,acdfd0003fff8085,DUPG_01217,unique,0,0,1,,target_candidate,target_adapt,2026.0
TSBD_Healthy_f874d1c34c,TSBD,,https://data.mendeley.com/datasets/9dj4sk5d55/1,10.17632/9dj4sk5d55.1,CC BY 4.0,Healthy/IMG-20240625-WA0172.jpg,IMG-20240625-WA0172.jpg,Penaeus_monodon,TigerShrimpBD metadata explicitly identifies tiger shrimp,Healthy,Healthy,0,,,,DUPG_01218,900,1600,dca5869aefd8d01557091431ac528a90ff9ca8e23e46d2d185a46d297955b72c,f874d1c34c9b2cbdf3656e5ef27fd20c8535690d87c1d0f9c2a4c57aea405686,bae4d5da2a25e0d2,DUPG_01218,unique,0,0,1,,target_candidate,target_adapt,2026.0
TSBD_Healthy_a486752b98,TSBD,,https://data.mendeley.com/datasets/9dj4sk5d55/1,10.17632/9dj4sk5d55.1,CC BY 4.0,Healthy/IMG-20240625-WA0173.jpg,IMG-20240625-WA0173.jpg,Penaeus_monodon,TigerShrimpBD metadata explicitly identifies tiger shrimp,Healthy,Healthy,0,,,,DUPG_01219,900,1600,0f4d174ae62cc040bcb8b7d353fdc4dd0fe26f6c6bfae1d4b60e2789e5989675,a486752b98c7d7fd9dd3f46ab40776aa8a161097249909d124413df901303ffc,fae4c1d27a29c4d2,DUPG_01219,unique,0,0,1,,target_candidate,target_adapt,2026.0
TSBD_Healthy_79eca515b7,TSBD,,https://data.mendeley.com/datasets/9dj4sk5d55/1,10.17632/9dj4sk5d55.1,CC BY 4.0,Healthy/IMG-20240625-WA0174.jpg,IMG-20240625-WA0174.jpg,Penaeus_monodon,TigerShrimpBD metadata explicitly identifies tiger shrimp,Healthy,Healthy,0,,,,DUPG_01220,900,1600,74078d9968f1ad517cb7e2bf5c63a8ba05306943455b3821f56bcebd5951b5f2,79eca515b702bf0b45265500e96e9b401f3a85a53e7ca3e8d69ccb1148ddd8fd,fbf094817f7c8083,DUPG_01220,unique,0,0,1,,target_candidate,target_adapt,2026.0
TSBD_Healthy_28f91e3b3c,TSBD,,https://data.mendeley.com/datasets/9dj4sk5d55/1,10.17632/9dj4sk5d55.1,CC BY 4.0,Healthy/IMG-20240625-WA0175.jpg,IMG-20240625-WA0175.jpg,Penaeus_monodon,TigerShrimpBD metadata explicitly identifies tiger shrimp,Healthy,Healthy,0,,,,DUPG_01221,900,1600,eba44bd7de41ddf68c97a336beba19ed825053b75782fee0498fa09e5f9f2fc4,28f91e3b3cb7c6031cce1df11bf2c3c871e9abb18de06d326a89f9e8060062b8,fff0800f7e70818b,DUPG_01221,unique,0,0,1,,target_candidate,target_adapt,2026.0
TSBD_Healthy_b4c784db60,TSBD,,https://data.mendeley.com/datasets/9dj4sk5d55/1,10.17632/9dj4sk5d55.1,CC BY 4.0,Healthy/IMG-20240625-WA0177.jpg,IMG-20240625-WA0177.jpg,Penaeus_monodon,TigerShrimpBD metadata explicitly identifies tiger shrimp,Healthy,Healthy,0,,,,DUPG_01223,900,1600,fed8e1688a9d4adfef168a6ad3cbd0fa1cfd3b002b7cb7d667f7730030076557,b4c784db6072cca7e266c036c5691171d1a461de19e1513335c36979d658fa51,deead2952d2a50d1,DUPG_01223,unique,0,0,1,,target_candidate,target_adapt,2026.0
TSBD_Healthy_46afbf57c8,TSBD,,https://data.mendeley.com/datasets/9dj4sk5d55/1,10.17632/9dj4sk5d55.1,CC BY 4.0,Healthy/IMG-20240625-WA0184.jpg,IMG-20240625-WA0184.jpg,Penaeus_monodon,TigerShrimpBD metadata explicitly identifies tiger shrimp,Healthy,Healthy,0,,,,DUPG_01225,900,1600,65589b8380be648c86dc0e127903bda370ee4102f704c9fb1928959f0652fada,46afbf57c8c6e26b4c3b479d7dcecf1abce7619430dc69dd9192d1c391fb391b,d5ead2952a7bd180,DUPG_01225,unique,0,0,1,,target_candidate,target_adapt,2026.0
TSBD_Healthy_5238685a4f,TSBD,,https://data.mendeley.com/datasets/9dj4sk5d55/1,10.17632/9dj4sk5d55.1,CC BY 4.0,Healthy/IMG-20240625-WA0189.jpg,IMG-20240625-WA0189.jpg,Penaeus_monodon,TigerShrimpBD metadata explicitly identifies tiger shrimp,Healthy,Healthy,0,,,,DUPG_01227,900,1600,d583b333f1a536d08844e4b3609247242ab7feb03e3011b7e7db95c8943800c7,5238685a4fb7834bc48f97cd1ac4e32a0afe066084f669b62552dbf6e7d9e47d,e8ead595853c6968,DUPG_01227,unique,0,0,1,,target_candidate,target_adapt,2026.0
TSBD_Healthy_115a1b2ce7,TSBD,,https://data.mendeley.com/datasets/9dj4sk5d55/1,10.17632/9dj4sk5d55.1,CC BY 4.0,Healthy/IMG-20240625-WA0200.jpg,IMG-20240625-WA0200.jpg,Penaeus_monodon,TigerShrimpBD metadata explicitly identifies tiger shrimp,Healthy,Healthy,0,,,,DUPG_01228,900,1600,06b95b8d2137bf240bf91b56aa2b2221be3131ff66a28327cfc69e7709b1a133,115a1b2ce73473fa1384995a6decc642e33e9668ab2d9dc53a1db80ffa6c4fc2,fd82d4d4297ad2d0,DUPG_01228,unique,0,0,1,,target_candidate,target_adapt,2026.0
TSBD_Healthy_2b0f2e29de,TSBD,,https://data.mendeley.com/datasets/9dj4sk5d55/1,10.17632/9dj4sk5d55.1,CC BY 4.0,Healthy/IMG-20240625-WA0202.jpg,IMG-20240625-WA0202.jpg,Penaeus_monodon,TigerShrimpBD metadata explicitly identifies tiger shrimp,Healthy,Healthy,0,,,,DUPG_01229,900,1600,c4e35538037e86297f618fca2ea40a5e570d073c0cd43938dfa85194db1cda95,2b0f2e29de80fbde2cc095bf65e3e340f2debdbef90a8b4c2455b091408bba24,f986d5852a72d4c5,DUPG_01229,unique,0,0,1,,target_candidate,target_adapt,2026.0
TSBD_Healthy_2cb9913a0d,TSBD,,https://data.mendeley.com/datasets/9dj4sk5d55/1,10.17632/9dj4sk5d55.1,CC BY 4.0,Healthy/IMG-20240625-WA0203.jpg,IMG-20240625-WA0203.jpg,Penaeus_monodon,TigerShrimpBD metadata explicitly identifies tiger shrimp,Healthy,Healthy,0,,,,DUPG_01230,900,1600,7e787a1227988808d9991aa65bd591b413e715439e9ba321646624a23e0ebc77,2cb9913a0df100fd89c59e0e3dc2cec05766ff7f481336956c52f7b7eea1d7dc,f496c5c16a5a1cb5,DUPG_01230,unique,0,0,1,,target_candidate,target_adapt,2026.0
TSBD_Healthy_f7b6201d8c,TSBD,,https://data.mendeley.com/datasets/9dj4sk5d55/1,10.17632/9dj4sk5d55.1,CC BY 4.0,Healthy/IMG-20240625-WA0206.jpg,IMG-20240625-WA0206.jpg,Penaeus_monodon,TigerShrimpBD metadata explicitly identifies tiger shrimp,Healthy,Healthy,0,,,,DUPG_01231,900,1600,51064ac838a2420a0a80e5dbb2f00b9f0991fc64dd86a6c73fc1f369598aae3e,f7b6201d8cd8c196a64c786ecb7ebcc78c785b32732b607738f73f456d1c8ccc,ebb4d4807e7d808b,DUPG_01231,unique,0,0,1,,target_candidate,target_adapt,2026.0
TSBD_Healthy_1cb0a1deed,TSBD,,https://data.mendeley.com/datasets/9dj4sk5d55/1,10.17632/9dj4sk5d55.1,CC BY 4.0,Healthy/IMG-20240625-WA0207.jpg,IMG-20240625-WA0207.jpg,Penaeus_monodon,TigerShrimpBD metadata explicitly identifies tiger shrimp,Healthy,Healthy,0,,,,DUPG_01232,900,1600,e379a5303fd6428c176d7f2bb2e59e4118c99c8cb4777438e04e14e76e9acf2e,1cb0a1deed52be8fb2a93260de6720d2796397eef911a2c1baccd456c614c6d0,ec8dd3d1206a5bd2,DUPG_01232,unique,0,0,1,,target_candidate,target_adapt,2026.0
TSBD_Healthy_e53d9705ff,TSBD,,https://data.mendeley.com/datasets/9dj4sk5d55/1,10.17632/9dj4sk5d55.1,CC BY 4.0,Healthy/IMG-20240625-WA0208.jpg,IMG-20240625-WA0208.jpg,Penaeus_monodon,TigerShrimpBD metadata explicitly identifies tiger shrimp,Healthy,Healthy,0,,,,DUPG_01233,900,1600,890fdbfb467ce9364ccd6bb94b08c65a5d3843471ea594bb4920eed13e274134,e53d9705ffb5812222410ea3b7a60548f6a211cdce19eba2672f3bc9ecbbcabe,eddad2802f7e9085,DUPG_01233,unique,0,0,1,,target_candidate,target_adapt,2026.0
TSBD_Healthy_fea6d00053,TSBD,,https://data.mendeley.com/datasets/9dj4sk5d55/1,10.17632/9dj4sk5d55.1,CC BY 4.0,Healthy/IMG-20240625-WA0211.jpg,IMG-20240625-WA0211.jpg,Penaeus_monodon,TigerShrimpBD metadata explicitly identifies tiger shrimp,Healthy,Healthy,0,,,,DUPG_01234,900,1600,56467fb535d6943317a60ac8a5a83669b28df91bdb3e42c6bb15869cf9bd7e22,fea6d00053e52448d032c7b40ac81e42f6a29f8f083c9fa99d2ff8ce98463b41,f6bec1d11c3268e1,DUPG_01234,unique,0,0,1,,target_candidate,target_adapt,2026.0
TSBD_Healthy_f69458ce94,TSBD,,https://data.mendeley.com/datasets/9dj4sk5d55/1,10.17632/9dj4sk5d55.1,CC BY 4.0,Healthy/IMG-20240625-WA0213.jpg,IMG-20240625-WA0213.jpg,Penaeus_monodon,TigerShrimpBD metadata explicitly identifies tiger shrimp,Healthy,Healthy,0,,,,DUPG_01235,900,1600,6bbe2ebfb0a4a016d8e4773eaf20025770a74699c35a5261c58580f0ba0fb8b3,f69458ce942d2798e9026e5ca8bb263efea441a290c539f666989312fd7fdf35,96a2d5dc0a2ba5d5,DUPG_01235,unique,0,0,1,,target_candidate,target_adapt,2026.0
TSBD_Healthy_bb30558caa,TSBD,,https://data.mendeley.com/datasets/9dj4sk5d55/1,10.17632/9dj4sk5d55.1,CC BY 4.0,Healthy/IMG-20240625-WA0215.jpg,IMG-20240625-WA0215.jpg,Penaeus_monodon,TigerShrimpBD metadata explicitly identifies tiger shrimp,Healthy,Healthy,0,,,,DUPG_01236,900,1600,6c36e45278220762415f52f01f162c50ffb9d4d12e5a960bc30891f5bf7eacad,bb30558caaf886b77c4a0b5f17c9d81a74b399f123e7f7e4b085b8d8b35cc953,ffcec0127e6ac094,DUPG_01236,unique,0,0,1,,target_candidate,target_adapt,2026.0
TSBD_Healthy_f8b382f850,TSBD,,https://data.mendeley.com/datasets/9dj4sk5d55/1,10.17632/9dj4sk5d55.1,CC BY 4.0,Healthy/IMG-20240625-WA0216.jpg,IMG-20240625-WA0216.jpg,Penaeus_monodon,TigerShrimpBD metadata explicitly identifies tiger shrimp,Healthy,Healthy,0,,,,DUPG_01237,900,1600,eec742ceed84377837c0b883f91eedd12e3881a9c28c3bf6b05bb925581257d9,f8b382f85087717813d1f12c9f06a1d40dabed00c9af8f827a22b4a1d69cbd1d,f1d6d1a86a7ac780,DUPG_01237,unique,0,0,1,,target_candidate,target_adapt,2026.0
TSBD_Healthy_4e764a8c1f,TSBD,,https://data.mendeley.com/datasets/9dj4sk5d55/1,10.17632/9dj4sk5d55.1,CC BY 4.0,Healthy/IMG-20240625-WA0235.jpg,IMG-20240625-WA0235.jpg,Penaeus_monodon,TigerShrimpBD metadata explicitly identifies tiger shrimp,Healthy,Healthy,0,,,,DUPG_01239,900,1600,756f005b9879142edebb17226a718c1cec4f7bc6909b33b9f1569ef462cd74f5,4e764a8c1fe39d25be1fd57d9df189b006a8cd159282a37ab306518e70ae282a,f887d5ac6a52c5e0,DUPG_01239,canonical,0,0,1,,target_candidate,target_adapt,2026.0
TSBD_Healthy_63950b8869,TSBD,,https://data.mendeley.com/datasets/9dj4sk5d55/1,10.17632/9dj4sk5d55.1,CC BY 4.0,Healthy/IMG-20240625-WA0239.jpg,IMG-20240625-WA0239.jpg,Penaeus_monodon,TigerShrimpBD metadata explicitly identifies tiger shrimp,Healthy,Healthy,0,,,,DUPG_01240,900,1600,c1717dd2118e0d3d6b90919af49023caa13b51ed0cf1a726192701572227811a,63950b88699aa07ccff70d6bb504e1c079ce11cf4110ea7b601d9001dcef46cf,9ff8d0077bb885c0,DUPG_01240,unique,0,0,1,,target_candidate,target_adapt,2026.0
TSBD_Healthy_ea2ac521c5,TSBD,,https://data.mendeley.com/datasets/9dj4sk5d55/1,10.17632/9dj4sk5d55.1,CC BY 4.0,Healthy/IMG-20240625-WA0256.jpg,IMG-20240625-WA0256.jpg,Penaeus_monodon,TigerShrimpBD metadata explicitly identifies tiger shrimp,Healthy,Healthy,0,,,,DUPG_01241,1600,900,91124d26002d138466a3de32abaebae0fe57a2aa05f15040a478f95a75c2ecba,ea2ac521c55d83d6e75556eecb97deb5dc8ef0878847072d288fde714d6bf5ba,a6f3993399678162,DUPG_01241,unique,0,0,1,,target_candidate,target_adapt,2026.0
TSBD_Healthy_1402c548f4,TSBD,,https://data.mendeley.com/datasets/9dj4sk5d55/1,10.17632/9dj4sk5d55.1,CC BY 4.0,Healthy/IMG-20240625-WA0257.jpg,IMG-20240625-WA0257.jpg,Penaeus_monodon,TigerShrimpBD metadata explicitly identifies tiger shrimp,Healthy,Healthy,0,,,,DUPG_01242,1600,900,dc0fc7d67d91de9b7bfee2e82c4cba4fa600f4d2affe851015e82f01699ab7d7,1402c548f4b07cc85dd9f69d28a85b0031551930478fe745e023f9f7794acdd6,a6fb9b87990c984c,DUPG_01242,unique,0,0,1,,target_candidate,target_adapt,2026.0
TSBD_Healthy_44b1d181ba,TSBD,,https://data.mendeley.com/datasets/9dj4sk5d55/1,10.17632/9dj4sk5d55.1,CC BY 4.0,Healthy/IMG-20240625-WA0262.jpg,IMG-20240625-WA0262.jpg,Penaeus_monodon,TigerShrimpBD metadata explicitly identifies tiger shrimp,Healthy,Healthy,0,,,,DUPG_01244,1600,900,af93936a817fba51f27b361a158a6c1fcdf90b7f503b7962bd4c5a146fe20f0d,44b1d181bae1717d5edc3ef48ace40811d386c9f47f678861ce0720de6ba19a4,a4f692e6930d9378,DUPG_01244,unique,0,0,1,,target_candidate,target_adapt,2026.0
TSBD_Healthy_5031d03cd3,TSBD,,https://data.mendeley.com/datasets/9dj4sk5d55/1,10.17632/9dj4sk5d55.1,CC BY 4.0,Healthy/IMG-20240625-WA0263.jpg,IMG-20240625-WA0263.jpg,Penaeus_monodon,TigerShrimpBD metadata explicitly identifies tiger shrimp,Healthy,Healthy,0,,,,DUPG_01245,900,1600,5c2549214eaa9e29c8d150706a66485b5affeb34eb6a81ab4e0e0580330881a3,5031d03cd37034c9ddbb5db8af873ce3810a15e8ef5ec4f4539cfa4a3db4dceb,9ac3e48f3a62c596,DUPG_01245,unique,0,0,1,,target_candidate,target_adapt,2026.0
TSBD_Healthy_584e036b15,TSBD,,https://data.mendeley.com/datasets/9dj4sk5d55/1,10.17632/9dj4sk5d55.1,CC BY 4.0,Healthy/IMG-20240625-WA0265.jpg,IMG-20240625-WA0265.jpg,Penaeus_monodon,TigerShrimpBD metadata explicitly identifies tiger shrimp,Healthy,Healthy,0,,,,DUPG_01246,900,1600,3ed49430ef088a63e74935d341f6abe13860e4f4a2aff2851c5cbf34dafbd714,584e036b158804172e6a144fad7e2fd7d7f3885f279e7e6a05c6489592334c9d,d2c6c13a6fe19532,DUPG_01246,unique,0,0,1,,target_candidate,target_adapt,2026.0
TSBD_Healthy_ceedc9841a,TSBD,,https://data.mendeley.com/datasets/9dj4sk5d55/1,10.17632/9dj4sk5d55.1,CC BY 4.0,Healthy/IMG-20240625-WA0272.jpg,IMG-20240625-WA0272.jpg,Penaeus_monodon,TigerShrimpBD metadata explicitly identifies tiger shrimp,Healthy,Healthy,0,,,,DUPG_01247,900,1600,be91dbf9bedcc9319ffec0af343c4f284f72487f99ac0bde2007941257895edd,ceedc9841a4e0c3d18325997a5e90effdf77519e3f00debbd469b5d4c5ac571c,abe7d2d82b2934c2,DUPG_01247,unique,0,0,1,,target_candidate,target_adapt,2026.0
TSBD_Healthy_539b7c9614,TSBD,,https://data.mendeley.com/datasets/9dj4sk5d55/1,10.17632/9dj4sk5d55.1,CC BY 4.0,Healthy/IMG-20240625-WA0288.jpg,IMG-20240625-WA0288.jpg,Penaeus_monodon,TigerShrimpBD metadata explicitly identifies tiger shrimp,Healthy,Healthy,0,,,,DUPG_01248,900,1600,de199a08bf5ecf23e7be7aa95df9f75d2e59bdc25cab0387cf02e2523539b8ac,539b7c961469a85fee75fe3d66ef5e39c7a88f3911bce23cb43dc33dd9939a13,f8c595a8287fd5c0,DUPG_01248,unique,0,0,1,,target_candidate,target_adapt,2026.0
TSBD_Healthy_9405a524b8,TSBD,,https://data.mendeley.com/datasets/9dj4sk5d55/1,10.17632/9dj4sk5d55.1,CC BY 4.0,Healthy/IMG-20240625-WA0291.jpg,IMG-20240625-WA0291.jpg,Penaeus_monodon,TigerShrimpBD metadata explicitly identifies tiger shrimp,Healthy,Healthy,0,,,,DUPG_01250,900,1600,737cfb87c32576e58fc078d1cb5eeb682684e2e9475a0896d2e89ae1941e77ce,9405a524b83ca09fd620211fed7c9b6bd99331eed4dd135e939b170f01a10d4a,9cced1c12b7a7ac0,DUPG_01250,unique,0,0,1,,target_candidate,target_adapt,2026.0
TSBD_Healthy_84b5bbabe5,TSBD,,https://data.mendeley.com/datasets/9dj4sk5d55/1,10.17632/9dj4sk5d55.1,CC BY 4.0,Healthy/IMG-20240625-WA0306.jpg,IMG-20240625-WA0306.jpg,Penaeus_monodon,TigerShrimpBD metadata explicitly identifies tiger shrimp,Healthy,Healthy,0,,,,DUPG_01254,900,1600,6b99b1d9672f334d74bfd26be6e87018e118b2033310a04cee0ed6879f544a67,84b5bbabe59ea41e9d6dd0fd573978c80d9cef647991d0b382617c3c80b970f7,9fe7c0d0747f0b80,DUPG_01254,canonical,0,0,1,,target_candidate,target_adapt,2026.0
TSBD_Healthy_cd1699cbb8,TSBD,,https://data.mendeley.com/datasets/9dj4sk5d55/1,10.17632/9dj4sk5d55.1,CC BY 4.0,Healthy/IMG-20240625-WA0309.jpg,IMG-20240625-WA0309.jpg,Penaeus_monodon,TigerShrimpBD metadata explicitly identifies tiger shrimp,Healthy,Healthy,0,,,,DUPG_01255,900,1600,e0e8fd35fede2aa38bb849435ce42c9931e235b349d0747c1450e146e6a6b14e,cd1699cbb885b6aa020c1ad2b317cf306306269d284b71d2c166ec55d0971f40,9782dede303a8dc4,DUPG_01255,unique,0,0,1,,target_candidate,target_adapt,2026.0
TSBD_Healthy_3971c8d6d2,TSBD,,https://data.mendeley.com/datasets/9dj4sk5d55/1,10.17632/9dj4sk5d55.1,CC BY 4.0,Healthy/IMG-20240625-WA0310.jpg,IMG-20240625-WA0310.jpg,Penaeus_monodon,TigerShrimpBD metadata explicitly identifies tiger shrimp,Healthy,Healthy,0,,,,DUPG_01256,900,1600,d14fe415b9228f375aef51e1e00930b61c6feb387ea6e07391f599e2f7210449,3971c8d6d2fea0293ccb8349b4b47a9cb38c861bd56593363247220fa41fc233,9f07d0d8773e8a81,DUPG_01256,unique,0,0,1,,target_candidate,target_adapt,2026.0
TSBD_Healthy_062f8eb68b,TSBD,,https://data.mendeley.com/datasets/9dj4sk5d55/1,10.17632/9dj4sk5d55.1,CC BY 4.0,Healthy/IMG-20240625-WA0311.jpg,IMG-20240625-WA0311.jpg,Penaeus_monodon,TigerShrimpBD metadata explicitly identifies tiger shrimp,Healthy,Healthy,0,,,,DUPG_01257,900,1600,7bec0e630d4ae7caf49e58b50644cb5ad9a60562b0a8df95fc41b6f9650f9000,062f8eb68b2437da7ddaa1086dc02c6ad9e4182c11d08697ab23a59e0c5c0c4d,d267d59084287afb,DUPG_01257,unique,0,0,1,,target_candidate,target_adapt,2026.0
TSBD_Healthy_64c2fd2799,TSBD,,https://data.mendeley.com/datasets/9dj4sk5d55/1,10.17632/9dj4sk5d55.1,CC BY 4.0,Healthy/IMG-20240625-WA0314.jpg,IMG-20240625-WA0314.jpg,Penaeus_monodon,TigerShrimpBD metadata explicitly identifies tiger shrimp,Healthy,Healthy,0,,,,DUPG_01258,900,1600,9ac6bdd370da27671db84c903dc996bfc5aff6fc0ef55a46335bcc0c3662e34e,64c2fd27999dc89fb00b0b722faab7a75fb7523851e2a8bc0f18b377b28e4ef7,db66d094077e7ac0,DUPG_01258,canonical,0,0,1,,target_candidate,target_adapt,2026.0
TSBD_Healthy_06ad797b28,TSBD,,https://data.mendeley.com/datasets/9dj4sk5d55/1,10.17632/9dj4sk5d55.1,CC BY 4.0,Healthy/IMG-20240625-WA0316.jpg,IMG-20240625-WA0316.jpg,Penaeus_monodon,TigerShrimpBD metadata explicitly identifies tiger shrimp,Healthy,Healthy,0,,,,DUPG_01260,900,1600,f52215e43dc4589c63815a96906ef01b5d8cfcfff782f99160e56ffb9785bd1c,06ad797b28922ff14984ba3633db41660487d621266549484faf009c81ee8230,8c2bdbda90123d3d,DUPG_01260,unique,0,0,1,,target_candidate,target_adapt,2026.0
TSBD_Healthy_d37fadc7b5,TSBD,,https://data.mendeley.com/datasets/9dj4sk5d55/1,10.17632/9dj4sk5d55.1,CC BY 4.0,Healthy/IMG-20240625-WA0318.jpg,IMG-20240625-WA0318.jpg,Penaeus_monodon,TigerShrimpBD metadata explicitly identifies tiger shrimp,Healthy,Healthy,0,,,,DUPG_01261,900,1600,ecc7f6e7c16df0973f53fe6128fc3ec6ae0f9ef2b9a245419379a0370b369cd7,d37fadc7b51c316f41d65170685ffdd03efd08371724307480b91a3156b11f82,b7edc4d01f2b22c4,DUPG_01261,unique,0,0,1,,target_candidate,target_adapt,2026.0
TSBD_Healthy_23703b21e8,TSBD,,https://data.mendeley.com/datasets/9dj4sk5d55/1,10.17632/9dj4sk5d55.1,CC BY 4.0,Healthy/IMG-20240625-WA0326.jpg,IMG-20240625-WA0326.jpg,Penaeus_monodon,TigerShrimpBD metadata explicitly identifies tiger shrimp,Healthy,Healthy,0,,,,DUPG_01262,900,1600,50d3a0aab0c881756c32b41ceedaf9a4973422b1cb874a34de62b0eab0e300b7,23703b21e86dcbfd2dab452bd9cb39bffbd22afc01af77dd71991e536ebb5f97,9166c2da9f381f23,DUPG_01262,unique,0,0,1,,target_candidate,target_adapt,2026.0
TSBD_Healthy_e761f95881,TSBD,,https://data.mendeley.com/datasets/9dj4sk5d55/1,10.17632/9dj4sk5d55.1,CC BY 4.0,Healthy/IMG-20240625-WA0339.jpg,IMG-20240625-WA0339.jpg,Penaeus_monodon,TigerShrimpBD metadata explicitly identifies tiger shrimp,Healthy,Healthy,0,,,,DUPG_01265,900,1600,2838e0df1369429136ba0e772bc47601179d8e01879423f5feab75bd73103956,e761f958811e1623fcf619802de1fdac724ffd90927cae563003881307a569d9,b57fc2d099133466,DUPG_01265,unique,0,0,1,,target_candidate,target_adapt,2026.0
TSBD_Healthy_049d7b0b8e,TSBD,,https://data.mendeley.com/datasets/9dj4sk5d55/1,10.17632/9dj4sk5d55.1,CC BY 4.0,Healthy/IMG-20240625-WA0340.jpg,IMG-20240625-WA0340.jpg,Penaeus_monodon,TigerShrimpBD metadata explicitly identifies tiger shrimp,Healthy,Healthy,0,,,,DUPG_01266,900,1600,cd1c9da3b205fda0b11c269487f0984559fa3b09d8ea272a02abf4213121a64a,049d7b0b8ef3a97e4e3d7b95ea6092445368a9598603f360f52cdad8c1f9a918,a6f2e9951460eb96,DUPG_01266,unique,0,0,1,,target_candidate,target_adapt,2026.0
TSBD_Healthy_d0a2ad85a2,TSBD,,https://data.mendeley.com/datasets/9dj4sk5d55/1,10.17632/9dj4sk5d55.1,CC BY 4.0,Healthy/IMG-20240625-WA0343.jpg,IMG-20240625-WA0343.jpg,Penaeus_monodon,TigerShrimpBD metadata explicitly identifies tiger shrimp,Healthy,Healthy,0,,,,DUPG_01268,900,1600,e690b60d0137356c6beae2f54c4c5aab0d5443bd0a9ec245cdf5deb9681e2be0,d0a2ad85a21d64d1e44cdbe0e788fff1994648a9348f703cba75096247384c63,e7d28c906a763695,DUPG_01268,unique,0,0,1,,target_candidate,target_adapt,2026.0
TSBD_Healthy_427d279e02,TSBD,,https://data.mendeley.com/datasets/9dj4sk5d55/1,10.17632/9dj4sk5d55.1,CC BY 4.0,Healthy/IMG-20240625-WA0348.jpg,IMG-20240625-WA0348.jpg,Penaeus_monodon,TigerShrimpBD metadata explicitly identifies tiger shrimp,Healthy,Healthy,0,,,,DUPG_01269,900,1600,6f6dcfa040b20d588b180212aceea5be83e35fb913d330f69942cae04188f750,427d279e021cbffecb274b844061e604d03fb1857da0ab4802179e994944fd9d,97f0c09f1f62e095,DUPG_01269,unique,0,0,1,,target_candidate,target_adapt,2026.0
TSBD_Healthy_194fe9c226,TSBD,,https://data.mendeley.com/datasets/9dj4sk5d55/1,10.17632/9dj4sk5d55.1,CC BY 4.0,Healthy/IMG-20240625-WA0352.jpg,IMG-20240625-WA0352.jpg,Penaeus_monodon,TigerShrimpBD metadata explicitly identifies tiger shrimp,Healthy,Healthy,0,,,,DUPG_01272,900,1600,c62b6db39be95649ed7e9e9d60cd8102af22707867aa5095c342aaa1fd7dabaf,194fe9c2264321cb9df840752b8a34649c5d75cfd8be4ad672587f77a830834d,f3dd84892a7a14d5,DUPG_01272,unique,0,0,1,,target_candidate,target_adapt,2026.0
TSBD_Healthy_7fd586cd0c,TSBD,,https://data.mendeley.com/datasets/9dj4sk5d55/1,10.17632/9dj4sk5d55.1,CC BY 4.0,Healthy/IMG-20240625-WA0353.jpg,IMG-20240625-WA0353.jpg,Penaeus_monodon,TigerShrimpBD metadata explicitly identifies tiger shrimp,Healthy,Healthy,0,,,,DUPG_01273,900,1600,2b099605215d58a086bb1975296f1383a283ee3cd74b6164ca309b21fed33a19,7fd586cd0c7b2538da51a40fb25a763a426e73bf09fbcc2853d40c4265299458,f6f1892a75f18606,DUPG_01273,unique,0,0,1,,target_candidate,target_adapt,2026.0
TSBD_Healthy_8a16be7271,TSBD,,https://data.mendeley.com/datasets/9dj4sk5d55/1,10.17632/9dj4sk5d55.1,CC BY 4.0,Healthy/IMG-20240625-WA0354.jpg,IMG-20240625-WA0354.jpg,Penaeus_monodon,TigerShrimpBD metadata explicitly identifies tiger shrimp,Healthy,Healthy,0,,,,DUPG_01274,900,1600,6ca9d6c1f35bd3a98e57bf973bc089a296c1ddbde98751397432e601f39fe569,8a16be727185de32c07b431d4714d1ac726d2ed38d315a93cdc067a8e56d0d7f,bce2c1983d66e89c,DUPG_01274,unique,0,0,1,,target_candidate,target_adapt,2026.0
TSBD_Healthy_7497e074fb,TSBD,,https://data.mendeley.com/datasets/9dj4sk5d55/1,10.17632/9dj4sk5d55.1,CC BY 4.0,Healthy/IMG-20240625-WA0363.jpg,IMG-20240625-WA0363.jpg,Penaeus_monodon,TigerShrimpBD metadata explicitly identifies tiger shrimp,Healthy,Healthy,0,,,,DUPG_01275,900,1600,fb41651e984a4d7e26125ed69d47febbb869590da36c5dc5a65e6ac7358edc61,7497e074fb0e3585ee87765e9c30f52f5434f57fd796a22bf3b3ec1870d5b38d,bfe6c0943f60e285,DUPG_01275,unique,0,0,1,,target_candidate,target_adapt,2026.0
TSBD_Healthy_0008f80a75,TSBD,,https://data.mendeley.com/datasets/9dj4sk5d55/1,10.17632/9dj4sk5d55.1,CC BY 4.0,Healthy/IMG-20240625-WA0389.jpg,IMG-20240625-WA0389.jpg,Penaeus_monodon,TigerShrimpBD metadata explicitly identifies tiger shrimp,Healthy,Healthy,0,,,,DUPG_01277,720,1280,65eb467592f30e23c702a63bf8e541ea076908a861a7ad986751be436bf565f4,0008f80a759a9856fe3600ed287e12c6b124c76681b40b51046c620ec8de7d8a,df728982093f79d0,DUPG_01277,unique,0,0,1,,target_candidate,target_adapt,2026.0
TSBD_Healthy_5ceaf1db7f,TSBD,,https://data.mendeley.com/datasets/9dj4sk5d55/1,10.17632/9dj4sk5d55.1,CC BY 4.0,Healthy/IMG-20240625-WA0398.jpg,IMG-20240625-WA0398.jpg,Penaeus_monodon,TigerShrimpBD metadata explicitly identifies tiger shrimp,Healthy,Healthy,0,,,,DUPG_01279,720,1280,976fbd09074b737908d61a98910a093c5e27866547999194a73440924e9e8c96,5ceaf1db7fa9a84921676a30bfc3f62219939ff91669ddb3fb751b6dd117d30c,a7eed0983c64629e,DUPG_01279,unique,0,0,1,,target_candidate,target_adapt,2026.0
TSBD_Healthy_e4fa44cd99,TSBD,,https://data.mendeley.com/datasets/9dj4sk5d55/1,10.17632/9dj4sk5d55.1,CC BY 4.0,Healthy/IMG-20240625-WA0399.jpg,IMG-20240625-WA0399.jpg,Penaeus_monodon,TigerShrimpBD metadata explicitly identifies tiger shrimp,Healthy,Healthy,0,,,,DUPG_01280,720,1280,077cb48e54d07860a2d18070a1fc2d2de8defe08cd43368a70e89126ea59aac3,e4fa44cd9924a3be5695febeb2cea6bcc6bc6483922a0ed886a61f1279ac5834,a7dcd0983d654497,DUPG_01280,unique,0,0,1,,target_candidate,target_adapt,2026.0
TSBD_Healthy_441bde1a65,TSBD,,https://data.mendeley.com/datasets/9dj4sk5d55/1,10.17632/9dj4sk5d55.1,CC BY 4.0,Healthy/IMG-20240625-WA0400.jpg,IMG-20240625-WA0400.jpg,Penaeus_monodon,TigerShrimpBD metadata explicitly identifies tiger shrimp,Healthy,Healthy,0,,,,DUPG_01281,720,1280,6fd46b64ab72f10011b1b8b8b1dae5fe918acfe93b6d69da1389511c392bdc11,441bde1a655972279597d4196573b8f368d401393bbab5bce16c3673873620bd,f25b8c892f6969c2,DUPG_01281,unique,0,0,1,,target_candidate,target_adapt,2026.0
TSBD_Healthy_dbb2f8ca89,TSBD,,https://data.mendeley.com/datasets/9dj4sk5d55/1,10.17632/9dj4sk5d55.1,CC BY 4.0,Healthy/IMG-20240625-WA0406.jpg,IMG-20240625-WA0406.jpg,Penaeus_monodon,TigerShrimpBD metadata explicitly identifies tiger shrimp,Healthy,Healthy,0,,,,DUPG_01284,720,1280,ef1e2d29dcb21175c6a04e5776db449a1553f7a0a600d52a9e43b9f181a83092,dbb2f8ca89e92b249d88c21689de952f1f6bd1ce1ad34151b569616fe9a1bbd7,ebead484152b78e2,DUPG_01284,unique,0,0,1,,target_candidate,target_adapt,2026.0
TSBD_Healthy_9b317a63ad,TSBD,,https://data.mendeley.com/datasets/9dj4sk5d55/1,10.17632/9dj4sk5d55.1,CC BY 4.0,Healthy/IMG-20240625-WA0407.jpg,IMG-20240625-WA0407.jpg,Penaeus_monodon,TigerShrimpBD metadata explicitly identifies tiger shrimp,Healthy,Healthy,0,,,,DUPG_01285,720,1280,ffc870155f1434240f8bc5c633c70ec6ef193314f7b0fa3d6177dd6f33cf5a27,9b317a63ad22a993a27b994d201760eb824d768464c546e205a478ee6911d7ab,e928d6d295293d3a,DUPG_01285,unique,0,0,1,,target_candidate,target_adapt,2026.0
TSBD_Healthy_d85abeff44,TSBD,,https://data.mendeley.com/datasets/9dj4sk5d55/1,10.17632/9dj4sk5d55.1,CC BY 4.0,Healthy/IMG-20240625-WA0412.jpg,IMG-20240625-WA0412.jpg,Penaeus_monodon,TigerShrimpBD metadata explicitly identifies tiger shrimp,Healthy,Healthy,0,,,,DUPG_01288,720,1280,fb3c9ce504fd81bde6edd5a6e70fcb9da96aef567cc85a2ed52d5f2ca05261b4,d85abeff44db89095571af2b5ef46cc9187586c51f16ee3c2b5b3f150f124ea2,aa2bf5d21a2325d6,DUPG_01288,canonical,0,0,1,,target_candidate,target_adapt,2026.0
TSBD_Healthy_32490efb09,TSBD,,https://data.mendeley.com/datasets/9dj4sk5d55/1,10.17632/9dj4sk5d55.1,CC BY 4.0,Healthy/IMG-20240625-WA0415.jpg,IMG-20240625-WA0415.jpg,Penaeus_monodon,TigerShrimpBD metadata explicitly identifies tiger shrimp,Healthy,Healthy,0,,,,DUPG_01289,720,1280,746920f0c9fbaf1399bc7b818aef056f0d4e91a3e822eba2e79f2d82b5c8f5da,32490efb0923718e4d7e15c86159071cf6f6e5c5bc18ad80f2a3cf76c1bc6b2d,eff284863f786085,DUPG_01289,unique,0,0,1,,target_candidate,target_adapt,2026.0
TSBD_Healthy_003e47f46b,TSBD,,https://data.mendeley.com/datasets/9dj4sk5d55/1,10.17632/9dj4sk5d55.1,CC BY 4.0,Healthy/IMG-20240625-WA0418.jpg,IMG-20240625-WA0418.jpg,Penaeus_monodon,TigerShrimpBD metadata explicitly identifies tiger shrimp,Healthy,Healthy,0,,,,DUPG_01291,720,1280,8b3e52fef87a66d0e48cdd0766ff318012a8aa8216670ba23d6985ba31f7c0f0,003e47f46be6ba9be2c43975f9d2f42aa3250a64ac3b5aa2eab8b01475dfcc8b,b7ecc0901d66eae8,DUPG_01291,unique,0,0,1,,target_candidate,target_adapt,2026.0
TSBD_Healthy_db7fb385bc,TSBD,,https://data.mendeley.com/datasets/9dj4sk5d55/1,10.17632/9dj4sk5d55.1,CC BY 4.0,Healthy/IMG-20240625-WA0423.jpg,IMG-20240625-WA0423.jpg,Penaeus_monodon,TigerShrimpBD metadata explicitly identifies tiger shrimp,Healthy,Healthy,0,,,,DUPG_01293,720,1280,675a356592022af1e1ef6346f993ebf30263e7db4406e20a8a947216a6a34208,db7fb385bc8a9d8e010d340f9b03c20ea44af64d690e5f76d7d09c1d111f1a4a,9562d89e3d2562ea,DUPG_01293,unique,0,0,1,,target_candidate,target_adapt,2026.0
TSBD_Healthy_e07653b53b,TSBD,,https://data.mendeley.com/datasets/9dj4sk5d55/1,10.17632/9dj4sk5d55.1,CC BY 4.0,Healthy/IMG-20240625-WA0425.jpg,IMG-20240625-WA0425.jpg,Penaeus_monodon,TigerShrimpBD metadata explicitly identifies tiger shrimp,Healthy,Healthy,0,,,,DUPG_01294,720,1280,62850cf0d4fb9f448af70fd201f19ed53aae33caed2f1c7b57a4aded22e37f3c,e07653b53bffa8db64521985868ecd9a6a2fd7b97e0c28eb2ec52f71d0041ebb,922ad5c51e3a68f5,DUPG_01294,unique,0,0,1,,target_candidate,target_adapt,2026.0
TSBD_Healthy_372dafd03c,TSBD,,https://data.mendeley.com/datasets/9dj4sk5d55/1,10.17632/9dj4sk5d55.1,CC BY 4.0,Healthy/IMG-20240625-WA0434.jpg,IMG-20240625-WA0434.jpg,Penaeus_monodon,TigerShrimpBD metadata explicitly identifies tiger shrimp,Healthy,Healthy,0,,,,DUPG_01295,720,1280,9c45f527d7e94c9fd7d275fd5980b6d9d5f43a6b6ee92aac19a00ca83a174048,372dafd03c41c8de21eb4bdf07a7d35af8804c483f17450b1304e6b0276b4253,a0f0c1983761eede,DUPG_01295,unique,0,0,1,,target_candidate,target_adapt,2026.0
TSBD_Healthy_8a4d12c896,TSBD,,https://data.mendeley.com/datasets/9dj4sk5d55/1,10.17632/9dj4sk5d55.1,CC BY 4.0,Healthy/IMG-20240625-WA0435.jpg,IMG-20240625-WA0435.jpg,Penaeus_monodon,TigerShrimpBD metadata explicitly identifies tiger shrimp,Healthy,Healthy,0,,,,DUPG_01296,720,1280,46c8bf49475861ebd1e63dc51142cddcb81ab13c365ea55fa28be5bd56de502d,8a4d12c896ae230d5e57ffa9cff6104c319bea62d7e845aabd2c085105e77192,8d65fcc2021e7e69,DUPG_01296,unique,0,0,1,,target_candidate,target_adapt,2026.0
TSBD_Healthy_ddf26df6fc,TSBD,,https://data.mendeley.com/datasets/9dj4sk5d55/1,10.17632/9dj4sk5d55.1,CC BY 4.0,Healthy/IMG-20240625-WA0445.jpg,IMG-20240625-WA0445.jpg,Penaeus_monodon,TigerShrimpBD metadata explicitly identifies tiger shrimp,Healthy,Healthy,0,,,,DUPG_01301,720,1280,f53548e3c77c186b936b38ada1ea83b7463cba3b5a7dd68eaf7b2fbe547b8b5f,ddf26df6fc8d2286ccc3052bebc981851c6c7fbb6d57c3551a312b4d922a9593,b428ebc511117bf9,DUPG_01301,unique,0,0,1,,target_candidate,target_adapt,2026.0
TSBD_Healthy_f43e3f4c5b,TSBD,,https://data.mendeley.com/datasets/9dj4sk5d55/1,10.17632/9dj4sk5d55.1,CC BY 4.0,Healthy/IMG-20240625-WA0446.jpg,IMG-20240625-WA0446.jpg,Penaeus_monodon,TigerShrimpBD metadata explicitly identifies tiger shrimp,Healthy,Healthy,0,,,,DUPG_01302,720,1280,49a06d8a59671ffe426d060ee8c8c20cad1ff19e402706fdc439dd184978c1b6,f43e3f4c5bf7272a9ae916ae19e501d3654ef84d0d54ad653fa7e53fcd87f01c,af5cc1913c2d69c5,DUPG_01302,unique,0,0,1,,target_candidate,target_adapt,2026.0
TSBD_Healthy_b5fbb9ed8e,TSBD,,https://data.mendeley.com/datasets/9dj4sk5d55/1,10.17632/9dj4sk5d55.1,CC BY 4.0,Healthy/IMG-20240625-WA0448.jpg,IMG-20240625-WA0448.jpg,Penaeus_monodon,TigerShrimpBD metadata explicitly identifies tiger shrimp,Healthy,Healthy,0,,,,DUPG_01303,720,1280,74f347379a6f6db3cbc186a23050bc248563c781071b43459e04a508c523352c,b5fbb9ed8e5c5520bf43e54e6b4c255d421c3aa5061a943b135ce5eaef282ed4,bf78c0851f7a70c2,DUPG_01303,canonical,0,0,1,,target_candidate,target_adapt,2026.0
TSBD_Healthy_eb36a09ca4,TSBD,,https://data.mendeley.com/datasets/9dj4sk5d55/1,10.17632/9dj4sk5d55.1,CC BY 4.0,Healthy/IMG-20240625-WA0452.jpg,IMG-20240625-WA0452.jpg,Penaeus_monodon,TigerShrimpBD metadata explicitly identifies tiger shrimp,Healthy,Healthy,0,,,,DUPG_01304,900,1600,6baf67f201ac6b14c6152266dbe800cba082568367e02e722296b67494c6230c,eb36a09ca484a6fbdb53b658e60fd39f71711115bcea7920d480b91342fa354a,bde8e095146aea95,DUPG_01304,unique,0,0,1,,target_candidate,target_adapt,2026.0
TSBD_Healthy_6b4a97bd93,TSBD,,https://data.mendeley.com/datasets/9dj4sk5d55/1,10.17632/9dj4sk5d55.1,CC BY 4.0,Healthy/IMG-20240625-WA0491.jpg,IMG-20240625-WA0491.jpg,Penaeus_monodon,TigerShrimpBD metadata explicitly identifies tiger shrimp,Healthy,Healthy,0,,,,DUPG_01309,720,1280,b5d4b8e6180c8b722de4440b2af84718aea798e5c8ca9dcf96712a55e48785d0,6b4a97bd93680862b938429abd1e63ece01fc8fb7a7e9260b7c1ca706e432d18,d7fc80824f6bb183,DUPG_01309,unique,0,0,1,,target_candidate,target_adapt,2026.0
TSBD_Healthy_ba33e2e4e1,TSBD,,https://data.mendeley.com/datasets/9dj4sk5d55/1,10.17632/9dj4sk5d55.1,CC BY 4.0,Healthy/IMG-20240625-WA0493.jpg,IMG-20240625-WA0493.jpg,Penaeus_monodon,TigerShrimpBD metadata explicitly identifies tiger shrimp,Healthy,Healthy,0,,,,DUPG_01310,720,1280,d6df2f2662c3d7b8e2fd0292d7f0073c1f3355fffbb2132b558b443e53b7e3e3,ba33e2e4e185d4ac9d3834adf07ce768760879c2cb9c4c8407611173865ce321,8475e5d05e2a29f5,DUPG_01310,unique,0,0,1,,target_candidate,target_adapt,2026.0
TSBD_Healthy_c2d1e8a97b,TSBD,,https://data.mendeley.com/datasets/9dj4sk5d55/1,10.17632/9dj4sk5d55.1,CC BY 4.0,Healthy/IMG-20240625-WA0494.jpg,IMG-20240625-WA0494.jpg,Penaeus_monodon,TigerShrimpBD metadata explicitly identifies tiger shrimp,Healthy,Healthy,0,,,,DUPG_01311,720,1280,89c70fa823d25c6be2a0d3a4cd10de683aa840129d1453a19a6d72c85275b07e,c2d1e8a97bb41751145b632b58c6fecb02e8b11ae97b546ab7994ecef500a211,d77c84800b7bfd81,DUPG_01311,unique,0,0,1,,target_candidate,target_adapt,2026.0
TSBD_Healthy_acaf94d2e8,TSBD,,https://data.mendeley.com/datasets/9dj4sk5d55/1,10.17632/9dj4sk5d55.1,CC BY 4.0,Healthy/IMG-20240625-WA0501.jpg,IMG-20240625-WA0501.jpg,Penaeus_monodon,TigerShrimpBD metadata explicitly identifies tiger shrimp,Healthy,Healthy,0,,,,DUPG_01313,720,1280,1f6bde8efd67da6dac918414a84085a4ab7aceb4aa33809e33d6f9c3769d7b19,acaf94d2e800c4addd04906129ead213fdbc2850171cc5144af488d1e83bb4e5,956be9d0542aa9d5,DUPG_01313,unique,0,0,1,,target_candidate,target_adapt,2026.0
TSBD_Healthy_4c1057862a,TSBD,,https://data.mendeley.com/datasets/9dj4sk5d55/1,10.17632/9dj4sk5d55.1,CC BY 4.0,Healthy/IMG-20240625-WA0503.jpg,IMG-20240625-WA0503.jpg,Penaeus_monodon,TigerShrimpBD metadata explicitly identifies tiger shrimp,Healthy,Healthy,0,,,,DUPG_01314,720,1280,0cee16df0a06408be004b4bc04907be7aecd5940c075dfba55940ac0532b2c1e,4c1057862aaace4aa7ae0df283b5d106a572e6be7dba822d1678036d905dbb61,9547e29e3f60c6c8,DUPG_01314,unique,0,0,1,,target_candidate,target_adapt,2026.0
TSBD_Healthy_d28eee88b2,TSBD,,https://data.mendeley.com/datasets/9dj4sk5d55/1,10.17632/9dj4sk5d55.1,CC BY 4.0,Healthy/IMG-20240625-WA0504.jpg,IMG-20240625-WA0504.jpg,Penaeus_monodon,TigerShrimpBD metadata explicitly identifies tiger shrimp,Healthy,Healthy,0,,,,DUPG_01315,720,1280,3bd82365d46aa4d3209943dd32adc37a173bd0d0dd5ecc92ffe66cc525921c27,d28eee88b273425c7190172df80d829acdafdd89bd752c69c23a6c4105bd6ee2,9043e29b3b77c2cc,DUPG_01315,unique,0,0,1,,target_candidate,target_adapt,2026.0
TSBD_Healthy_9f799d79c9,TSBD,,https://data.mendeley.com/datasets/9dj4sk5d55/1,10.17632/9dj4sk5d55.1,CC BY 4.0,Healthy/IMG-20240625-WA0505.jpg,IMG-20240625-WA0505.jpg,Penaeus_monodon,TigerShrimpBD metadata explicitly identifies tiger shrimp,Healthy,Healthy,0,,,,DUPG_01316,720,1280,98b377087d7bfd92156ba0f1c9bd79373405a5baafb1d25e1981f4983b6068f4,9f799d79c90199876d44815ed6f2bec734cadc6058b335e6c75c4b066f4075dc,906ae88b3968ebcd,DUPG_01316,unique,0,0,1,,target_candidate,target_adapt,2026.0
TSBD_Healthy_0797e50b91,TSBD,,https://data.mendeley.com/datasets/9dj4sk5d55/1,10.17632/9dj4sk5d55.1,CC BY 4.0,Healthy/IMG-20240625-WA0506.jpg,IMG-20240625-WA0506.jpg,Penaeus_monodon,TigerShrimpBD metadata explicitly identifies tiger shrimp,Healthy,Healthy,0,,,,DUPG_01317,720,1280,17304fba008201eff90989aa1138561f2d3599864e47fc4c23ce9b275863a0eb,0797e50b91eb0fc942842365bded3908f51d6cf93c94d3e699d9718ade1cd3cc,96ebe01b2564ccbc,DUPG_01317,unique,0,0,1,,target_candidate,target_adapt,2026.0
TSBD_Healthy_35d58d516e,TSBD,,https://data.mendeley.com/datasets/9dj4sk5d55/1,10.17632/9dj4sk5d55.1,CC BY 4.0,Healthy/IMG-20240625-WA0507.jpg,IMG-20240625-WA0507.jpg,Penaeus_monodon,TigerShrimpBD metadata explicitly identifies tiger shrimp,Healthy,Healthy,0,,,,DUPG_01318,720,1280,2d3484f54fb58f3f613d711c5516a13ecbe8bc4f247eca51ea4911f9e077c31a,35d58d516e91590d465fd7dd337161a957704891643cc7ba810b7b9e4586c42e,96c7e81f2c2889dd,DUPG_01318,unique,0,0,1,,target_candidate,target_adapt,2026.0
TSBD_Healthy_3369d16a81,TSBD,,https://data.mendeley.com/datasets/9dj4sk5d55/1,10.17632/9dj4sk5d55.1,CC BY 4.0,Healthy/IMG-20240707-WA0001.jpg,IMG-20240707-WA0001.jpg,Penaeus_monodon,TigerShrimpBD metadata explicitly identifies tiger shrimp,Healthy,Healthy,0,,,,DUPG_01320,1600,900,66973ae54a25823a794ea65040b9fcfd76e5137c9579840c834b767203878ddd,3369d16a8139a4a010f81c2eb14a31b6d32947f240cd5f5e36353a0f2f9b9344,ee4880733caec759,DUPG_01320,unique,0,0,1,,target_candidate,target_adapt,2026.0
TSBD_Healthy_f12cfc128f,TSBD,,https://data.mendeley.com/datasets/9dj4sk5d55/1,10.17632/9dj4sk5d55.1,CC BY 4.0,Healthy/IMG-20240707-WA0004.jpg,IMG-20240707-WA0004.jpg,Penaeus_monodon,TigerShrimpBD metadata explicitly identifies tiger shrimp,Healthy,Healthy,0,,,,DUPG_01321,1600,900,74c64d405bfe8bca722b487bc61ab7317591142cbe1c5f25748d3aa57ff3c956,f12cfc128fb81a32f586516cbfd96429fd59d0eda69d794c8fe49da63747f48d,bdd2c52d5ad22d09,DUPG_01321,unique,0,0,1,,target_candidate,target_adapt,2026.0
TSBD_Healthy_8cb3c49027,TSBD,,https://data.mendeley.com/datasets/9dj4sk5d55/1,10.17632/9dj4sk5d55.1,CC BY 4.0,Healthy/IMG-20240707-WA0009.jpg,IMG-20240707-WA0009.jpg,Penaeus_monodon,TigerShrimpBD metadata explicitly identifies tiger shrimp,Healthy,Healthy,0,,,,DUPG_01326,1600,900,9e518bec8f06441a9a061e652b3b2ca6010ce46fea45afc0dd96c17582bc092d,8cb3c4902731ba9b88a89be0fa7b743ebf17e234a5ed5be3351ee43768ca5da5,aafa800f7e40b397,DUPG_01326,unique,0,0,1,,target_candidate,target_adapt,2026.0
TSBD_Healthy_0d4d34f349,TSBD,,https://data.mendeley.com/datasets/9dj4sk5d55/1,10.17632/9dj4sk5d55.1,CC BY 4.0,Healthy/IMG-20240707-WA0012.jpg,IMG-20240707-WA0012.jpg,Penaeus_monodon,TigerShrimpBD metadata explicitly identifies tiger shrimp,Healthy,Healthy,0,,,,DUPG_01328,1600,900,da088865bea688282213d536fce3b1f64bda706d568a9ddcea6b24815d97a9fc,0d4d34f3490cc3e3735d27354ca2a286f7b71b8fed6bdd69b3a455104bf8131c,ba60c19d6b68a1b7,DUPG_01328,unique,0,0,1,,target_candidate,target_adapt,2026.0
TSBD_Healthy_aac43b5b94,TSBD,,https://data.mendeley.com/datasets/9dj4sk5d55/1,10.17632/9dj4sk5d55.1,CC BY 4.0,Healthy/IMG-20240707-WA0013.jpg,IMG-20240707-WA0013.jpg,Penaeus_monodon,TigerShrimpBD metadata explicitly identifies tiger shrimp,Healthy,Healthy,0,,,,DUPG_01329,1600,900,37d358d744e598d9d60eee0b452e343487560b015fa1d6a1b7d9febfbd31a3ab,aac43b5b94c250f165996f108de6f49df46339390d714f65e5108ef960c88698,fac5c17a65944a4d,DUPG_01329,canonical,0,0,1,,target_candidate,target_adapt,2026.0
TSBD_Healthy_713f0a2197,TSBD,,https://data.mendeley.com/datasets/9dj4sk5d55/1,10.17632/9dj4sk5d55.1,CC BY 4.0,Healthy/IMG-20240707-WA0016.jpg,IMG-20240707-WA0016.jpg,Penaeus_monodon,TigerShrimpBD metadata explicitly identifies tiger shrimp,Healthy,Healthy,0,,,,DUPG_01330,1600,900,71791002f6771dca2ded9bb855d20a4a59803a2c086ba75fdef2d22ee6d87252,713f0a21979ae52134a70471b4b4a74c783a57ad8842fe8220fd5b695a6513ff,bab5c11a2db4d24b,DUPG_01330,unique,0,0,1,,target_candidate,target_adapt,2026.0
TSBD_Healthy_ac26bcc532,TSBD,,https://data.mendeley.com/datasets/9dj4sk5d55/1,10.17632/9dj4sk5d55.1,CC BY 4.0,Healthy/IMG-20240707-WA0017.jpg,IMG-20240707-WA0017.jpg,Penaeus_monodon,TigerShrimpBD metadata explicitly identifies tiger shrimp,Healthy,Healthy,0,,,,DUPG_01331,1600,900,d9e8ffccaa00a654eebf65e7bb898e267762b16d57bad704e1d9d8fda7efbb53,ac26bcc53286c4ac98cdf99c6dfeb61a6e65758878f6fcec26f014a60cfb5c63,bad5c02e35d24b2d,DUPG_01331,unique,0,0,1,,target_candidate,target_adapt,2026.0
TSBD_Healthy_46f4698e93,TSBD,,https://data.mendeley.com/datasets/9dj4sk5d55/1,10.17632/9dj4sk5d55.1,CC BY 4.0,Healthy/IMG-20240707-WA0021.jpg,IMG-20240707-WA0021.jpg,Penaeus_monodon,TigerShrimpBD metadata explicitly identifies tiger shrimp,Healthy,Healthy,0,,,,DUPG_01333,1600,900,9ede52a17e5c79622873b50395ef53c84534dd9dfa942d328b701f9e6ed5bae9,46f4698e93f9ebd374102bdc5e37f1bc9ae4681d21ff796dafa7a367382e46ac,ff45d0326a85d2d8,DUPG_01333,unique,0,0,1,,target_candidate,target_adapt,2026.0
TSBD_Healthy_ffc31af5e9,TSBD,,https://data.mendeley.com/datasets/9dj4sk5d55/1,10.17632/9dj4sk5d55.1,CC BY 4.0,Healthy/IMG-20240707-WA0041.jpg,IMG-20240707-WA0041.jpg,Penaeus_monodon,TigerShrimpBD metadata explicitly identifies tiger shrimp,Healthy,Healthy,0,,,,DUPG_01335,1600,900,c1be5ccc068ca72ea17e1d0931c5b4e058feed74818c7878889bb4bf46ce4540,ffc31af5e94b2a76be36b72b0fd444a99bdec660a5983a3546ad4357697d9c25,af48d0b72dc9d20e,DUPG_01335,unique,0,0,1,,target_candidate,target_adapt,2026.0
TSBD_Healthy_ffc39b3360,TSBD,,https://data.mendeley.com/datasets/9dj4sk5d55/1,10.17632/9dj4sk5d55.1,CC BY 4.0,Healthy/IMG-20240707-WA0056.jpg,IMG-20240707-WA0056.jpg,Penaeus_monodon,TigerShrimpBD metadata explicitly identifies tiger shrimp,Healthy,Healthy,0,,,,DUPG_01337,1600,900,726bd98c42eec7330ac0aaddf566043d47a18370819c62ff588d8278e6983c5d,ffc39b33605190a88cdac8bb57abea28258f485c4290ae98833b699096d2d60d,aa4887356deb1e1c,DUPG_01337,unique,0,0,1,,target_candidate,target_adapt,2026.0
TSBD_Healthy_13e3dd820d,TSBD,,https://data.mendeley.com/datasets/9dj4sk5d55/1,10.17632/9dj4sk5d55.1,CC BY 4.0,Healthy/IMG-20240707-WA0088.jpg,IMG-20240707-WA0088.jpg,Penaeus_monodon,TigerShrimpBD metadata explicitly identifies tiger shrimp,Healthy,Healthy,0,,,,DUPG_01340,900,1600,881bed389e52a4fa8c284ca8b5f5c90fe148a1e3123de5324be6e458c5febbb2,13e3dd820d7fa370ab74e9e9c2ca800eeb09558da6b9460c17685158abdf8ffd,e38cd959b2f2d260,DUPG_01340,unique,0,0,1,,target_candidate,target_adapt,2026.0
TSBD_Healthy_0e7dca224f,TSBD,,https://data.mendeley.com/datasets/9dj4sk5d55/1,10.17632/9dj4sk5d55.1,CC BY 4.0,Healthy/IMG-20240707-WA0107.jpg,IMG-20240707-WA0107.jpg,Penaeus_monodon,TigerShrimpBD metadata explicitly identifies tiger shrimp,Healthy,Healthy,0,,,,DUPG_01342,1600,900,98cab91d266b62847bf3929e80a48f3939bfc3ec9ff53f38813c17a55c8e1ae5,0e7dca224fed97dd7487e403853349b64de1d5e0440d7224b26c1c2264156db6,fe858f60c79cb142,DUPG_01342,unique,0,0,1,,target_candidate,target_adapt,2026.0
TSBD_Healthy_e30ffbbca2,TSBD,,https://data.mendeley.com/datasets/9dj4sk5d55/1,10.17632/9dj4sk5d55.1,CC BY 4.0,Healthy/IMG-20240707-WA0113.jpg,IMG-20240707-WA0113.jpg,Penaeus_monodon,TigerShrimpBD metadata explicitly identifies tiger shrimp,Healthy,Healthy,0,,,,DUPG_01343,1600,900,fa173c5a8694236a1bfdf3490cf0287ff3e1e7267766ef26f74ab8586072134b,e30ffbbca2a9aa85f20ee2a24949e85456871d61292c149db2500733888888dd,bae3d11a6f2592c2,DUPG_01343,unique,0,0,1,,target_candidate,target_adapt,2026.0
TSBD_Healthy_33ee2c0488,TSBD,,https://data.mendeley.com/datasets/9dj4sk5d55/1,10.17632/9dj4sk5d55.1,CC BY 4.0,Healthy/IMG-20240707-WA0126.jpg,IMG-20240707-WA0126.jpg,Penaeus_monodon,TigerShrimpBD metadata explicitly identifies tiger shrimp,Healthy,Healthy,0,,,,DUPG_01344,1600,900,06a70e1ef64f3d14ec4f30ad75ed6a6febc3b77e4a0dd610d2576e0a15019e46,33ee2c0488ccb3c550426c12206ff5ba20c92049c2c2b25e4eb46c66ecbe0750,bec0986fe1905ab9,DUPG_01344,unique,0,0,1,,target_candidate,target_adapt,2026.0
TSBD_Healthy_cf66e36f26,TSBD,,https://data.mendeley.com/datasets/9dj4sk5d55/1,10.17632/9dj4sk5d55.1,CC BY 4.0,Healthy/IMG-20240707-WA0135.jpg,IMG-20240707-WA0135.jpg,Penaeus_monodon,TigerShrimpBD metadata explicitly identifies tiger shrimp,Healthy,Healthy,0,,,,DUPG_01345,1600,900,ec82a83517d0a8f040a9a368155e95f17add389ab38c1dc1e11f57a044243caf,cf66e36f26e26a965c36858f90929d4ab00499b259558341e8aa66b2c0e0880a,be62c1927a292db6,DUPG_01345,unique,0,0,1,,target_candidate,target_adapt,2026.0
TSBD_Healthy_198c19a2fa,TSBD,,https://data.mendeley.com/datasets/9dj4sk5d55/1,10.17632/9dj4sk5d55.1,CC BY 4.0,Healthy/IMG-20240707-WA0142.jpg,IMG-20240707-WA0142.jpg,Penaeus_monodon,TigerShrimpBD metadata explicitly identifies tiger shrimp,Healthy,Healthy,0,,,,DUPG_01346,1600,900,1adc0162b5321d686f118ba98ecbf25c7eb68df8d5bb7cb4e3072a2a4da9d9d8,198c19a2fafc528a3c18a51f808ac3fed511f5275ff87de3e1702b5789bb3a96,afb1d04f3eb010cb,DUPG_01346,unique,0,0,1,,target_candidate,target_adapt,2026.0
TSBD_Healthy_0f0af1a35d,TSBD,,https://data.mendeley.com/datasets/9dj4sk5d55/1,10.17632/9dj4sk5d55.1,CC BY 4.0,Healthy/IMG-20240707-WA0147.jpg,IMG-20240707-WA0147.jpg,Penaeus_monodon,TigerShrimpBD metadata explicitly identifies tiger shrimp,Healthy,Healthy,0,,,,DUPG_01347,1600,900,6247061c2ad5225ec21c5a5488f90b6186a7c24f02d90f1ac17ad1dece9318aa,0f0af1a35dee0841fc28f44e9ccbf2e498c82c4d91191a7676cb619656aa8fc2,bde9c29638614b4e,DUPG_01347,unique,0,0,1,,target_candidate,target_adapt,2026.0
TSBD_Healthy_24a755565d,TSBD,,https://data.mendeley.com/datasets/9dj4sk5d55/1,10.17632/9dj4sk5d55.1,CC BY 4.0,Healthy/IMG-20240707-WA0153.jpg,IMG-20240707-WA0153.jpg,Penaeus_monodon,TigerShrimpBD metadata explicitly identifies tiger shrimp,Healthy,Healthy,0,,,,DUPG_01348,1600,900,6b974bd71eb940565500684c2bf821ac86841d5645a010273cebc74d42e1bc78,24a755565da7bccb3c8aa24b1ad869bc98dc9aacfeae61f53a134da16335af42,fee4c0906a4e9597,DUPG_01348,unique,0,0,1,,target_candidate,target_adapt,2026.0
TSBD_Healthy_00488f3c0b,TSBD,,https://data.mendeley.com/datasets/9dj4sk5d55/1,10.17632/9dj4sk5d55.1,CC BY 4.0,Healthy/IMG-20240707-WA0156.jpg,IMG-20240707-WA0156.jpg,Penaeus_monodon,TigerShrimpBD metadata explicitly identifies tiger shrimp,Healthy,Healthy,0,,,,DUPG_01349,1600,900,04997b42f81ddcff2fe58857f16608e005b778cb000fce2b6fb542de9f9764c3,00488f3c0b395d4725655c70b6a306c2902f964e7adc332f6178077de944fd8f,fde0811a4ebdb24c,DUPG_01349,unique,0,0,1,,target_candidate,target_adapt,2026.0
TSBD_Healthy_7f10feedf0,TSBD,,https://data.mendeley.com/datasets/9dj4sk5d55/1,10.17632/9dj4sk5d55.1,CC BY 4.0,Healthy/IMG-20240707-WA0158.jpg,IMG-20240707-WA0158.jpg,Penaeus_monodon,TigerShrimpBD metadata explicitly identifies tiger shrimp,Healthy,Healthy,0,,,,DUPG_01350,1600,900,135210abd86bcb51506c3f03a5105e421f26b3e7b8eb838cd2906b0e0507d239,7f10feedf0d2f7196656aaa777bb0b694bb3a67dbccb9a8d893ec0058a116cff,fee0c00e3bf9b0c2,DUPG_01350,unique,0,0,1,,target_candidate,target_adapt,2026.0
TSBD_Healthy_083843a5b2,TSBD,,https://data.mendeley.com/datasets/9dj4sk5d55/1,10.17632/9dj4sk5d55.1,CC BY 4.0,Healthy/IMG-20240707-WA0160.jpg,IMG-20240707-WA0160.jpg,Penaeus_monodon,TigerShrimpBD metadata explicitly identifies tiger shrimp,Healthy,Healthy,0,,,,DUPG_01351,1600,900,58cefe87d978ea7896b7e06b8d7e6e733db0cd87cddfedef8ba9d4c314551093,083843a5b2b388d5eec240a65678c67087e0ad276bc81378f9cd910c85e0b43c,ffe2803569ca162d,DUPG_01351,canonical,0,0,1,,target_candidate,target_adapt,2026.0
TSBD_Healthy_846b819a49,TSBD,,https://data.mendeley.com/datasets/9dj4sk5d55/1,10.17632/9dj4sk5d55.1,CC BY 4.0,Healthy/IMG-20240707-WA0163.jpg,IMG-20240707-WA0163.jpg,Penaeus_monodon,TigerShrimpBD metadata explicitly identifies tiger shrimp,Healthy,Healthy,0,,,,DUPG_01352,900,1600,8d3983e7cdf9dfcf6cdda591b919be01b4781d2be698243307b506e06e8b8a0d,846b819a49de50e55362fe9fa8b5428f63616ee4801c8c9d2096dd327880c46f,e314db380e697663,DUPG_01352,unique,0,0,1,,target_candidate,target_adapt,2026.0
TSBD_Healthy_ef882f9638,TSBD,,https://data.mendeley.com/datasets/9dj4sk5d55/1,10.17632/9dj4sk5d55.1,CC BY 4.0,Healthy/IMG-20240707-WA0170.jpg,IMG-20240707-WA0170.jpg,Penaeus_monodon,TigerShrimpBD metadata explicitly identifies tiger shrimp,Healthy,Healthy,0,,,,DUPG_01356,1600,900,afd397c68f212cab4a61b5e849baee60f73d57a82a77ebea4f8c1adad126fa3a,ef882f963824ff238a8a9d439de485465d64d1946ae3d5598b9152aacce519ac,afe1d5184ba5f442,DUPG_01356,canonical,0,0,1,,target_candidate,target_adapt,2026.0
TSBD_Healthy_f510479194,TSBD,,https://data.mendeley.com/datasets/9dj4sk5d55/1,10.17632/9dj4sk5d55.1,CC BY 4.0,Healthy/IMG-20240707-WA0173.jpg,IMG-20240707-WA0173.jpg,Penaeus_monodon,TigerShrimpBD metadata explicitly identifies tiger shrimp,Healthy,Healthy,0,,,,DUPG_01357,1600,900,4a3d707af5f0fbc5a238e8b8ffbb73779bec060ceb759c814da755914e25415c,f5104791941ad38440bec7402e44d68b9b493a111ac879f41800c448a69e0a6c,bec1c1706bad94ca,DUPG_01357,unique,0,0,1,,target_candidate,target_adapt,2026.0
TSBD_Healthy_78ac2c01e9,TSBD,,https://data.mendeley.com/datasets/9dj4sk5d55/1,10.17632/9dj4sk5d55.1,CC BY 4.0,Healthy/IMG-20240707-WA0176.jpg,IMG-20240707-WA0176.jpg,Penaeus_monodon,TigerShrimpBD metadata explicitly identifies tiger shrimp,Healthy,Healthy,0,,,,DUPG_01358,1600,900,501497736b0a8235ab17fddbe8b73079ef5ddf045a7f4f7208ec17c28c13c747,78ac2c01e92809fbcd72e86d7c154ca83b6cac30f51389d3f447f6894b70b29d,bbe4d41a6aa5f242,DUPG_01358,unique,0,0,1,,target_candidate,target_adapt,2026.0
TSBD_Healthy_aa968b53a4,TSBD,,https://data.mendeley.com/datasets/9dj4sk5d55/1,10.17632/9dj4sk5d55.1,CC BY 4.0,Healthy/IMG-20240707-WA0178.jpg,IMG-20240707-WA0178.jpg,Penaeus_monodon,TigerShrimpBD metadata explicitly identifies tiger shrimp,Healthy,Healthy,0,,,,DUPG_01359,1600,900,abe04ebd2d346ec53159b421c0a6974451042c833157e905aeb0534737e298ef,aa968b53a401e8c71ed99aee96c7d5691026a5b7a5a315d804a9109e5c76d85e,adc9d2367cc212d9,DUPG_01359,unique,0,0,1,,target_candidate,target_adapt,2026.0
TSBD_Healthy_d6be26c310,TSBD,,https://data.mendeley.com/datasets/9dj4sk5d55/1,10.17632/9dj4sk5d55.1,CC BY 4.0,Healthy/IMG-20240707-WA0184.jpg,IMG-20240707-WA0184.jpg,Penaeus_monodon,TigerShrimpBD metadata explicitly identifies tiger shrimp,Healthy,Healthy,0,,,,DUPG_01361,900,1600,4f34303f89ec4ad41490ae0b54843b46f8d64d4bb209549dd910dcb50938eede,d6be26c310fa66b35354a45967b77c98582432695a46e6b549630d4e4fbb120f,e733c936994c9649,DUPG_01361,unique,0,0,1,,target_candidate,target_adapt,2026.0
TSBD_Healthy_8d0baa1858,TSBD,,https://data.mendeley.com/datasets/9dj4sk5d55/1,10.17632/9dj4sk5d55.1,CC BY 4.0,Healthy/IMG-20240707-WA0192.jpg,IMG-20240707-WA0192.jpg,Penaeus_monodon,TigerShrimpBD metadata explicitly identifies tiger shrimp,Healthy,Healthy,0,,,,DUPG_01363,1280,720,098a645c928cc95ed1eab626e230b490ddf7ab36cef728b8d772b12533b19d49,8d0baa1858a7ecbe6aedb637fda391fe140e811e629e0e537111905dd92e43b0,a9f2d0077eb080fb,DUPG_01363,canonical,0,0,1,,target_candidate,target_adapt,2026.0
TSBD_Healthy_9a86700e7b,TSBD,,https://data.mendeley.com/datasets/9dj4sk5d55/1,10.17632/9dj4sk5d55.1,CC BY 4.0,Healthy/IMG-20240707-WA0193.jpg,IMG-20240707-WA0193.jpg,Penaeus_monodon,TigerShrimpBD metadata explicitly identifies tiger shrimp,Healthy,Healthy,0,,,,DUPG_01364,1280,720,537eb920eb5c8de6768ee01c8295620eb07197641ebb5aae1a647a3fd2a8bbbf,9a86700e7b9cef254160ced27108e547c49b097dc90faea6cf7ee6145e7e3b00,bf24d4da0925367a,DUPG_01364,unique,0,0,1,,target_candidate,target_adapt,2026.0
TSBD_Healthy_8de20870d1,TSBD,,https://data.mendeley.com/datasets/9dj4sk5d55/1,10.17632/9dj4sk5d55.1,CC BY 4.0,Healthy/IMG-20240707-WA0201.jpg,IMG-20240707-WA0201.jpg,Penaeus_monodon,TigerShrimpBD metadata explicitly identifies tiger shrimp,Healthy,Healthy,0,,,,DUPG_01368,1280,720,757f990a20ea2abe6a184a6c0066ec6d35ff1390df7a92dd7d116748a1c0d64f,8de20870d1bdc845146e3c9d5766b3e9738d0dfae42c7d9b744be7c5b41a8372,ebd0853f78439e84,DUPG_01368,canonical,0,0,1,,target_candidate,target_adapt,2026.0
TSBD_Healthy_2125dc16c6,TSBD,,https://data.mendeley.com/datasets/9dj4sk5d55/1,10.17632/9dj4sk5d55.1,CC BY 4.0,Healthy/IMG-20240707-WA0205.jpg,IMG-20240707-WA0205.jpg,Penaeus_monodon,TigerShrimpBD metadata explicitly identifies tiger shrimp,Healthy,Healthy,0,,,,DUPG_01370,720,1280,773e594ade5bcb9d9a77eecf49fbed8c260566a1b9844f314ece6cf4f15cd112,2125dc16c62d22ddc888fe4c45cfc1a4802ac0c98c8b1151d747285264492c29,e58c89499b33da36,DUPG_01370,unique,0,0,1,,target_candidate,target_adapt,2026.0
TSBD_Healthy_f1a3293d1d,TSBD,,https://data.mendeley.com/datasets/9dj4sk5d55/1,10.17632/9dj4sk5d55.1,CC BY 4.0,Healthy/IMG-20240707-WA0213.jpg,IMG-20240707-WA0213.jpg,Penaeus_monodon,TigerShrimpBD metadata explicitly identifies tiger shrimp,Healthy,Healthy,0,,,,DUPG_01373,720,1280,39755aac19f7f63aa35dcee0572cee73fa08b3e8745501105a1358959adcbc5e,f1a3293d1d9f4316d34327cddb69789c3b39c2934f8ebaee193ab03f33df5d9a,e5ce994b9b328616,DUPG_01373,canonical,0,0,1,,target_candidate,target_adapt,2026.0
TSBD_Healthy_db02ad0e48,TSBD,,https://data.mendeley.com/datasets/9dj4sk5d55/1,10.17632/9dj4sk5d55.1,CC BY 4.0,Healthy/IMG-20240707-WA0223.jpg,IMG-20240707-WA0223.jpg,Penaeus_monodon,TigerShrimpBD metadata explicitly identifies tiger shrimp,Healthy,Healthy,0,,,,DUPG_01375,720,1280,3146d24efa63822da139a001366863855544bbe73bb06506e3d3ad54de87471b,db02ad0e48372e6f7f1478cd2893d4c9c373cb3a97db1d874a6987d66340553a,f119cc92ccc6cb66,DUPG_01375,unique,0,0,1,,target_candidate,target_adapt,2026.0
TSBD_Healthy_6e62793bdf,TSBD,,https://data.mendeley.com/datasets/9dj4sk5d55/1,10.17632/9dj4sk5d55.1,CC BY 4.0,Healthy/IMG-20240707-WA0235.jpg,IMG-20240707-WA0235.jpg,Penaeus_monodon,TigerShrimpBD metadata explicitly identifies tiger shrimp,Healthy,Healthy,0,,,,DUPG_01376,720,1280,0225b027db41ef0bcf8e363517e268cfb274f69cddc7f3d8636ab5f142d9d8e0,6e62793bdf76d09375915a16b7715099686cf0631e83739e8a66a81ab6bb7e27,e38cce4d9c199993,DUPG_01376,unique,0,0,1,,target_candidate,target_adapt,2026.0
TSBD_Healthy_097e8db62c,TSBD,,https://data.mendeley.com/datasets/9dj4sk5d55/1,10.17632/9dj4sk5d55.1,CC BY 4.0,Healthy/IMG-20240707-WA0238.jpg,IMG-20240707-WA0238.jpg,Penaeus_monodon,TigerShrimpBD metadata explicitly identifies tiger shrimp,Healthy,Healthy,0,,,,DUPG_01377,1280,720,da4abafb98ad1043eff62b1f5ad527abf3045df2764454e83ac376d763d01e58,097e8db62cbb882c29b0cc16db7fd9fb283bd6141bbf6eabe778a64992ddd1b1,bbc4d1986a2d95d2,DUPG_01377,unique,0,0,1,,target_candidate,target_adapt,2026.0
TSBD_Healthy_9a88507804,TSBD,,https://data.mendeley.com/datasets/9dj4sk5d55/1,10.17632/9dj4sk5d55.1,CC BY 4.0,Healthy/IMG-20240707-WA0239.jpg,IMG-20240707-WA0239.jpg,Penaeus_monodon,TigerShrimpBD metadata explicitly identifies tiger shrimp,Healthy,Healthy,0,,,,DUPG_01378,1280,720,4d7d8d9bd0e5d824422627ab08dc6c9a8531128c87b3540fed7b1155eb5786a8,9a88507804216e9ee082894f909dd16a663afff8841b87f79def4160636249f8,bec691d16a29a596,DUPG_01378,unique,0,0,1,,target_candidate,target_adapt,2026.0
TSBD_Healthy_d3268932b8,TSBD,,https://data.mendeley.com/datasets/9dj4sk5d55/1,10.17632/9dj4sk5d55.1,CC BY 4.0,Healthy/IMG-20240707-WA0268.jpg,IMG-20240707-WA0268.jpg,Penaeus_monodon,TigerShrimpBD metadata explicitly identifies tiger shrimp,Healthy,Healthy,0,,,,DUPG_01382,720,1280,42b76dea9386d78a69f212e5285eb24fc8f27b32c0cd4cf8b23968855cc53969,d3268932b8612c6049f4833946a7e8f3d371fac56092ac7b9e0f3d422f8992ea,e533999499cc9e49,DUPG_01382,unique,0,0,1,,target_candidate,target_adapt,2026.0
TSBD_Healthy_7ef69613b9,TSBD,,https://data.mendeley.com/datasets/9dj4sk5d55/1,10.17632/9dj4sk5d55.1,CC BY 4.0,Healthy/IMG-20240707-WA0289.jpg,IMG-20240707-WA0289.jpg,Penaeus_monodon,TigerShrimpBD metadata explicitly identifies tiger shrimp,Healthy,Healthy,0,,,,DUPG_01385,1280,720,8ae9af50689cc746a6359f5cdbb910488129c54282db5aeb7424e79cfdc7dec2,7ef69613b9d5cae3a1dd90bbd63d73e8feda54cb89cd331baf1057023cc1f09f,fb72950d3c72c087,DUPG_01385,unique,0,0,1,,target_candidate,target_adapt,2026.0
TSBD_Healthy_ddc759b323,TSBD,,https://data.mendeley.com/datasets/9dj4sk5d55/1,10.17632/9dj4sk5d55.1,CC BY 4.0,Healthy/IMG-20240707-WA0310.jpg,IMG-20240707-WA0310.jpg,Penaeus_monodon,TigerShrimpBD metadata explicitly identifies tiger shrimp,Healthy,Healthy,0,,,,DUPG_01387,1280,720,c88dfad7605e4d1d783a41206743f97c011adb1a4b1205fb44f1cb70b012bfd3,ddc759b3238e52199a9e355dabed2ae3efee0e51ed480ff9b7fe37c4317fe96d,ebfad4853d784203,DUPG_01387,unique,0,0,1,,target_candidate,target_adapt,2026.0
TSBD_Healthy_cb4b1d8b67,TSBD,,https://data.mendeley.com/datasets/9dj4sk5d55/1,10.17632/9dj4sk5d55.1,CC BY 4.0,Healthy/IMG-20240707-WA0317.jpg,IMG-20240707-WA0317.jpg,Penaeus_monodon,TigerShrimpBD metadata explicitly identifies tiger shrimp,Healthy,Healthy,0,,,,DUPG_01389,1280,720,1bf2143196132ff798c1fd06f9250079fc39f2c10dc4ed4534cac5b4403d5f95,cb4b1d8b67793b5c1d475e9fd13a69ad2d83e078b3fc16e4fb5877304c5185c5,fe9d836260b51e4a,DUPG_01389,unique,0,0,1,,target_candidate,target_adapt,2026.0
TSBD_Healthy_886fdcfd30,TSBD,,https://data.mendeley.com/datasets/9dj4sk5d55/1,10.17632/9dj4sk5d55.1,CC BY 4.0,Healthy/IMG-20240707-WA0325.jpg,IMG-20240707-WA0325.jpg,Penaeus_monodon,TigerShrimpBD metadata explicitly identifies tiger shrimp,Healthy,Healthy,0,,,,DUPG_01391,1280,720,1babd368127d5d9b5510ea9dcc0f4f5755a8f0ffe77813f9ed9b43f9a4b80265,886fdcfd30aa82867b127dc8a4ba79583fb32c0b706fcec87c78468cbc79f493,bec5c53a2e85d069,DUPG_01391,unique,0,0,1,,target_candidate,target_adapt,2026.0
TSBD_Healthy_784f1bc940,TSBD,,https://data.mendeley.com/datasets/9dj4sk5d55/1,10.17632/9dj4sk5d55.1,CC BY 4.0,Healthy/IMG-20240707-WA0341.jpg,IMG-20240707-WA0341.jpg,Penaeus_monodon,TigerShrimpBD metadata explicitly identifies tiger shrimp,Healthy,Healthy,0,,,,DUPG_01392,1280,720,d5f6bb77d423f812e93a101aa227505f18d7149923eabce50a01afab13e4897f,784f1bc94062d5cedaa6a3434fc18b68fa2b15b1a296f65802ff2cec0f5a65f1,bee4901a6fadf402,DUPG_01392,unique,0,0,1,,target_candidate,target_adapt,2026.0
TSBD_Healthy_ba996de886,TSBD,,https://data.mendeley.com/datasets/9dj4sk5d55/1,10.17632/9dj4sk5d55.1,CC BY 4.0,Healthy/IMG-20240707-WA0345.jpg,IMG-20240707-WA0345.jpg,Penaeus_monodon,TigerShrimpBD metadata explicitly identifies tiger shrimp,Healthy,Healthy,0,,,,DUPG_01393,1280,720,0d1207a1bf6806dd609090f993ff213ef73ca0a5cb8f70bbee82c2e736d7d44d,ba996de88653e5d9ea73fae402a6f21825d172bb05a9608f9e53867e6bdec5aa,ebc09f3863ce5892,DUPG_01393,unique,0,0,1,,target_candidate,target_adapt,2026.0
TSBD_Healthy_619dcca295,TSBD,,https://data.mendeley.com/datasets/9dj4sk5d55/1,10.17632/9dj4sk5d55.1,CC BY 4.0,Healthy/IMG-20240707-WA0348.jpg,IMG-20240707-WA0348.jpg,Penaeus_monodon,TigerShrimpBD metadata explicitly identifies tiger shrimp,Healthy,Healthy,0,,,,DUPG_01394,1280,720,39af2c720a1c32ec48d05645eb68bd7593075d1c91137a8b211988cdb14179b9,619dcca295da3f3afd26cc0c547aa40ed336e5357d9892918672705c40002a4e,bfc2d03c620df5d0,DUPG_01394,unique,0,0,1,,target_candidate,target_adapt,2026.0
TSBD_Healthy_e5fac835da,TSBD,,https://data.mendeley.com/datasets/9dj4sk5d55/1,10.17632/9dj4sk5d55.1,CC BY 4.0,Healthy/IMG-20240707-WA0416.jpg,IMG-20240707-WA0416.jpg,Penaeus_monodon,TigerShrimpBD metadata explicitly identifies tiger shrimp,Healthy,Healthy,0,,,,DUPG_01397,720,1280,d1998d45fe74033e915465e5860cd566552e392fd3d41016657f4de7504a2924,e5fac835daa86fc8398ffb8bc324b0c7e86da76c6f5292eff01d200b9b34f19a,b8c2c79ec6329c33,DUPG_01397,unique,0,0,1,,target_candidate,target_adapt,2026.0
TSBD_Healthy_7b8508b66d,TSBD,,https://data.mendeley.com/datasets/9dj4sk5d55/1,10.17632/9dj4sk5d55.1,CC BY 4.0,Healthy/IMG-20240707-WA0443.jpg,IMG-20240707-WA0443.jpg,Penaeus_monodon,TigerShrimpBD metadata explicitly identifies tiger shrimp,Healthy,Healthy,0,,,,DUPG_01399,1600,900,ab4d90aa5891120e443d70d67d015648649048236b42287f632d040992daeaff,7b8508b66db3a39d4f63a8dd6898c417c3953470fa7181feed0efbbc1260c107,ff78d0879e584868,DUPG_01399,unique,0,0,1,,target_candidate,target_adapt,2026.0
TSBD_Healthy_1bf9b6920f,TSBD,,https://data.mendeley.com/datasets/9dj4sk5d55/1,10.17632/9dj4sk5d55.1,CC BY 4.0,Healthy/IMG-20240707-WA0454.jpg,IMG-20240707-WA0454.jpg,Penaeus_monodon,TigerShrimpBD metadata explicitly identifies tiger shrimp,Healthy,Healthy,0,,,,DUPG_01402,1600,900,f51dcbb598e73201406e92d76d9520f66860950fcf49028ff045b0aaf7369fc4,1bf9b6920f68298a531e33762ff21bd03981cd273c0d7419029728d52041a7ef,faa591da293d16e0,DUPG_01402,unique,0,0,1,,target_candidate,target_adapt,2026.0
TSBD_Healthy_c2dd44b1c5,TSBD,,https://data.mendeley.com/datasets/9dj4sk5d55/1,10.17632/9dj4sk5d55.1,CC BY 4.0,Healthy/IMG-20240707-WA0474.jpg,IMG-20240707-WA0474.jpg,Penaeus_monodon,TigerShrimpBD metadata explicitly identifies tiger shrimp,Healthy,Healthy,0,,,,DUPG_01403,1600,900,d0ad6afb8aa427923f5cddcca51e32c9640160be8696e024938eefb5f1502bc3,c2dd44b1c54a6c896ede841e696cefc18dc3e20695ee664d9a3e0dcb637c25b2,bbe4940a65b5da0d,DUPG_01403,unique,0,0,1,,target_candidate,target_adapt,2026.0
TSBD_Healthy_6941b60386,TSBD,,https://data.mendeley.com/datasets/9dj4sk5d55/1,10.17632/9dj4sk5d55.1,CC BY 4.0,Healthy/IMG-20240707-WA0503.jpg,IMG-20240707-WA0503.jpg,Penaeus_monodon,TigerShrimpBD metadata explicitly identifies tiger shrimp,Healthy,Healthy,0,,,,DUPG_01407,1600,900,2b1055d2770e4d7f1e3a80c9c863d058f77bdfdb3d9f075456ab85f6de41b5ed,6941b603867bb1c6d24b5663fabb980b4bbcaaa2001edf9b27929bcf6cbf0a2f,bec1d13a6b95d0c8,DUPG_01407,unique,0,0,1,,target_candidate,target_adapt,2026.0
TSBD_Healthy_905510a905,TSBD,,https://data.mendeley.com/datasets/9dj4sk5d55/1,10.17632/9dj4sk5d55.1,CC BY 4.0,Healthy/IMG-20240707-WA0531.jpg,IMG-20240707-WA0531.jpg,Penaeus_monodon,TigerShrimpBD metadata explicitly identifies tiger shrimp,Healthy,Healthy,0,,,,DUPG_01408,1600,900,dc62bf3ecc223601ef924af80e3ce671e4e29fa6221529fb03ec9350c1fc0f2b,905510a90512ab04f5ed2bb7f00772f701e85ebe95d4f2c283266c58cc0869a6,bde1813566e0ca9e,DUPG_01408,unique,0,0,1,,target_candidate,target_adapt,2026.0
TSBD_Healthy_9731a208b9,TSBD,,https://data.mendeley.com/datasets/9dj4sk5d55/1,10.17632/9dj4sk5d55.1,CC BY 4.0,Healthy/IMG-20240707-WA0554.jpg,IMG-20240707-WA0554.jpg,Penaeus_monodon,TigerShrimpBD metadata explicitly identifies tiger shrimp,Healthy,Healthy,0,,,,DUPG_01410,900,1600,f2c24cc8bbc0f82c9bd6d180b8ebd6ee5e03259b766bfcfdfa164dd56105a9df,9731a208b950ae37610c04fa60d642bf5ed2df0d3bd77071f181d71ba872de68,f38ccf609873c2a3,DUPG_01410,unique,0,0,1,,target_candidate,target_adapt,2026.0
TSBD_Healthy_0dca3c0bc2,TSBD,,https://data.mendeley.com/datasets/9dj4sk5d55/1,10.17632/9dj4sk5d55.1,CC BY 4.0,Healthy/IMG-20240707-WA0586.jpg,IMG-20240707-WA0586.jpg,Penaeus_monodon,TigerShrimpBD metadata explicitly identifies tiger shrimp,Healthy,Healthy,0,,,,DUPG_01414,1600,900,88a3b1d5c471d9b76fd9671e9df53a707f87813665e170e9674f0f8ad3eb1ba5,0dca3c0bc221baa590fca4d2bb56527ab73a8af8d6e738c2df022f77b338727e,fce581326e9db248,DUPG_01414,unique,0,0,1,,target_candidate,target_adapt,2026.0
TSBD_Healthy_12ac808983,TSBD,,https://data.mendeley.com/datasets/9dj4sk5d55/1,10.17632/9dj4sk5d55.1,CC BY 4.0,Healthy/IMG-20240707-WA0594.jpg,IMG-20240707-WA0594.jpg,Penaeus_monodon,TigerShrimpBD metadata explicitly identifies tiger shrimp,Healthy,Healthy,0,,,,DUPG_01416,900,1600,0c9ecac18d18e6067424ef10abd23ba88c3553dce19c928e4344548a13d96be4,12ac8089836bc00a955aaa4c9ff8d2214d80919860194a5f2e37e132339d7861,ed2cb6dae05a8a45,DUPG_01416,unique,0,0,1,,target_candidate,target_adapt,2026.0
TSBD_Healthy_511fba2ceb,TSBD,,https://data.mendeley.com/datasets/9dj4sk5d55/1,10.17632/9dj4sk5d55.1,CC BY 4.0,Healthy/IMG-20240707-WA0608.jpg,IMG-20240707-WA0608.jpg,Penaeus_monodon,TigerShrimpBD metadata explicitly identifies tiger shrimp,Healthy,Healthy,0,,,,DUPG_01419,1280,720,ce33dc7763953066c33d39a33d6a1ee4344842532403f10bfa01bd7097faf5ec,511fba2ceb03b607d3c10437e6d2f577ac3911aa96f630a64f003d2249c9b755,a5fad0843f78c097,DUPG_01419,unique,0,0,1,,target_candidate,target_adapt,2026.0
TSBD_Healthy_549679688a,TSBD,,https://data.mendeley.com/datasets/9dj4sk5d55/1,10.17632/9dj4sk5d55.1,CC BY 4.0,Healthy/IMG-20240709-WA0006.jpg,IMG-20240709-WA0006.jpg,Penaeus_monodon,TigerShrimpBD metadata explicitly identifies tiger shrimp,Healthy,Healthy,0,,,,DUPG_01420,1280,720,bbf3aad97cdd4023896c58545b0940ae0db1f50f93a846407445c8641d3c7102,549679688a4bc5521b7ceafe41b9909cb5bbe94f6306749bb1e41579f675da1f,ba18d1876fd89525,DUPG_01420,unique,0,0,1,,target_candidate,target_adapt,2026.0
TSBD_Healthy_708f7d8e32,TSBD,,https://data.mendeley.com/datasets/9dj4sk5d55/1,10.17632/9dj4sk5d55.1,CC BY 4.0,Healthy/IMG-20240709-WA0008.jpg,IMG-20240709-WA0008.jpg,Penaeus_monodon,TigerShrimpBD metadata explicitly identifies tiger shrimp,Healthy,Healthy,0,,,,DUPG_01421,1280,720,0fff33bb9f499d2549ea9f8a40c434e56b7063d00f87141a49edc4520b9f6797,708f7d8e32aa89adfe0ceac5970bc1624db8614596497356e19ce372d0d9c511,ba4ac19725e9da32,DUPG_01421,unique,0,0,1,,target_candidate,target_adapt,2026.0
TSBD_Healthy_30a7ad7ba3,TSBD,,https://data.mendeley.com/datasets/9dj4sk5d55/1,10.17632/9dj4sk5d55.1,CC BY 4.0,Healthy/IMG-20240709-WA0011.jpg,IMG-20240709-WA0011.jpg,Penaeus_monodon,TigerShrimpBD metadata explicitly identifies tiger shrimp,Healthy,Healthy,0,,,,DUPG_01422,1280,720,711b0fe23421209fd7d405952f58f7206a75c49a72a2e5a26b5089b050d5625e,30a7ad7ba39c6345f8d8f2c12e530de38295d2f0e14f25289e1636fceba8ecb7,be10c56c7ad2b529,DUPG_01422,canonical,0,0,1,,target_candidate,target_adapt,2026.0
TSBD_Healthy_dad4aa07c4,TSBD,,https://data.mendeley.com/datasets/9dj4sk5d55/1,10.17632/9dj4sk5d55.1,CC BY 4.0,Healthy/IMG-20240709-WA0012.jpg,IMG-20240709-WA0012.jpg,Penaeus_monodon,TigerShrimpBD metadata explicitly identifies tiger shrimp,Healthy,Healthy,0,,,,DUPG_01423,1280,720,4cf67fe5656f9cbdd847c5f0429fcc2fdf330827a3f04be90c38c21d28fb1af3,dad4aa07c4cf66ad7df0a86c4316b9748a2567c4131e2f9834e4b1ad97581a43,ab4dd0923f87c178,DUPG_01423,unique,0,0,1,,target_candidate,target_adapt,2026.0
TSBD_Healthy_8eff6e388b,TSBD,,https://data.mendeley.com/datasets/9dj4sk5d55/1,10.17632/9dj4sk5d55.1,CC BY 4.0,Healthy/IMG-20240709-WA0013.jpg,IMG-20240709-WA0013.jpg,Penaeus_monodon,TigerShrimpBD metadata explicitly identifies tiger shrimp,Healthy,Healthy,0,,,,DUPG_01424,1280,720,73497c3d8ba4c8923de5d143e0b61856104de84c441ff64fbf1d5b644f42ced1,8eff6e388bb27044bf90d6342062b94c50661b5b0d40bd10391444a3740ba732,eb98d0173c604b5f,DUPG_01424,canonical,0,0,1,,target_candidate,target_adapt,2026.0
TSBD_Healthy_fec7f36a5c,TSBD,,https://data.mendeley.com/datasets/9dj4sk5d55/1,10.17632/9dj4sk5d55.1,CC BY 4.0,Healthy/IMG-20240709-WA0015.jpg,IMG-20240709-WA0015.jpg,Penaeus_monodon,TigerShrimpBD metadata explicitly identifies tiger shrimp,Healthy,Healthy,0,,,,DUPG_01426,1280,720,ca502c5c623e6d6e6fe0be8e1dae993d38236c83f79deca4e45e67600cd3b969,fec7f36a5cc206f461d8058ceca624a45cf99890eedc1508d8fe450ae1be52b3,ebd294253bcbc21c,DUPG_01426,unique,0,0,1,,target_candidate,target_adapt,2026.0
TSBD_Healthy_1cf19a1878,TSBD,,https://data.mendeley.com/datasets/9dj4sk5d55/1,10.17632/9dj4sk5d55.1,CC BY 4.0,Healthy/IMG-20240709-WA0016.jpg,IMG-20240709-WA0016.jpg,Penaeus_monodon,TigerShrimpBD metadata explicitly identifies tiger shrimp,Healthy,Healthy,0,,,,DUPG_01427,1280,720,8bd0e02965f013a3b1787586cf78836095f7225e19650dd6ca953a9449c1f843,1cf19a1878148332339c6f12005b45918c3735c9957f670bbbf330a685eed16e,eac9953226c7583d,DUPG_01427,unique,0,0,1,,target_candidate,target_adapt,2026.0
TSBD_Healthy_0fbc0f2310,TSBD,,https://data.mendeley.com/datasets/9dj4sk5d55/1,10.17632/9dj4sk5d55.1,CC BY 4.0,Healthy/IMG-20240709-WA0019.jpg,IMG-20240709-WA0019.jpg,Penaeus_monodon,TigerShrimpBD metadata explicitly identifies tiger shrimp,Healthy,Healthy,0,,,,DUPG_01428,1280,720,5c1fbe5a2f2faec5f1db8c390b28f097e733d17081e152d8bea7de952f2c7299,0fbc0f23103ff3ea7d3b11d786c6a0d0de2986e4c4821b623c3022b6094a2a47,be70818e60d7be68,DUPG_01428,canonical,0,0,1,,target_candidate,target_adapt,2026.0
TSBD_Healthy_24a6f36a78,TSBD,,https://data.mendeley.com/datasets/9dj4sk5d55/1,10.17632/9dj4sk5d55.1,CC BY 4.0,Healthy/IMG-20240709-WA0024.jpg,IMG-20240709-WA0024.jpg,Penaeus_monodon,TigerShrimpBD metadata explicitly identifies tiger shrimp,Healthy,Healthy,0,,,,DUPG_01431,1280,720,c640ea52d4455457cfd1f772da2a96e5c4f590f98046d9a62f54981817f54392,24a6f36a7886603be5c9248b017d0ba9bc55862ff9eadb4b05e0fab5779c6021,be81c1786c979f48,DUPG_01431,unique,0,0,1,,target_candidate,target_adapt,2026.0
TSBD_Healthy_7bca399e6d,TSBD,,https://data.mendeley.com/datasets/9dj4sk5d55/1,10.17632/9dj4sk5d55.1,CC BY 4.0,Healthy/IMG-20240709-WA0032.jpg,IMG-20240709-WA0032.jpg,Penaeus_monodon,TigerShrimpBD metadata explicitly identifies tiger shrimp,Healthy,Healthy,0,,,,DUPG_01432,1280,720,a62b7eac738cc24dcd4784d50c735078e754b899ce7e8e2cc15d374cde712097,7bca399e6de257b2ec578e0c1848206fb8af75b6de524919b5bd22d80efcc7a9,be81d03e2f979468,DUPG_01432,unique,0,0,1,,target_candidate,target_adapt,2026.0
TSBD_Healthy_06733b9af0,TSBD,,https://data.mendeley.com/datasets/9dj4sk5d55/1,10.17632/9dj4sk5d55.1,CC BY 4.0,Healthy/IMG-20240709-WA0050.jpg,IMG-20240709-WA0050.jpg,Penaeus_monodon,TigerShrimpBD metadata explicitly identifies tiger shrimp,Healthy,Healthy,0,,,,DUPG_01439,1280,720,0ab7eacf376b4507ae6f0e832a4e71c9de0e7adcca2db268aa69ef056b78f753,06733b9af07745c82dfee875b1246baad0f174cfbb79cbae104b6cb405f6b50f,eb9294253adae187,DUPG_01439,unique,0,0,1,,target_candidate,target_adapt,2026.0
TSBD_Healthy_2e5b036845,TSBD,,https://data.mendeley.com/datasets/9dj4sk5d55/1,10.17632/9dj4sk5d55.1,CC BY 4.0,Healthy/IMG-20240709-WA0058.jpg,IMG-20240709-WA0058.jpg,Penaeus_monodon,TigerShrimpBD metadata explicitly identifies tiger shrimp,Healthy,Healthy,0,,,,DUPG_01440,720,1280,447d35238f0cc86139224b905153416eb563e95d06002c2747f760962b21dd29,2e5b03684583bed17b76032bed500dd69be1a7984e93fee04fdb0c8b559a7260,f1b9cc928ce6932c,DUPG_01440,canonical,0,0,1,,target_candidate,target_adapt,2026.0
TSBD_Healthy_363f51fde7,TSBD,,https://data.mendeley.com/datasets/9dj4sk5d55/1,10.17632/9dj4sk5d55.1,CC BY 4.0,Healthy/IMG-20240709-WA0059.jpg,IMG-20240709-WA0059.jpg,Penaeus_monodon,TigerShrimpBD metadata explicitly identifies tiger shrimp,Healthy,Healthy,0,,,,DUPG_01441,720,1280,904676d7613e5e73d04bfa4dc424a9e9f95f0040a39b59ccc4bec2661669e40d,363f51fde7a348f146f914c45d555632c6bf857c5acad9e4749225a15621c2c9,f3a68e668c70cc99,DUPG_01441,canonical,0,0,1,,target_candidate,target_adapt,2026.0
TSBD_Healthy_c6ac85b839,TSBD,,https://data.mendeley.com/datasets/9dj4sk5d55/1,10.17632/9dj4sk5d55.1,CC BY 4.0,Healthy/IMG-20240709-WA0063.jpg,IMG-20240709-WA0063.jpg,Penaeus_monodon,TigerShrimpBD metadata explicitly identifies tiger shrimp,Healthy,Healthy,0,,,,DUPG_01442,720,1280,f8e14d7d5c98786fafdd39c4b3f7e58ab75a06bda23d949424d6b39c5474022e,c6ac85b839d76858514da0ae4ead3e6624ca03c9b0fccf80bfa9e7c860041120,e3b1cc9699cc9269,DUPG_01442,unique,0,0,1,,target_candidate,target_adapt,2026.0
TSBD_Healthy_ddbacc20a2,TSBD,,https://data.mendeley.com/datasets/9dj4sk5d55/1,10.17632/9dj4sk5d55.1,CC BY 4.0,Healthy/IMG-20240709-WA0065.jpg,IMG-20240709-WA0065.jpg,Penaeus_monodon,TigerShrimpBD metadata explicitly identifies tiger shrimp,Healthy,Healthy,0,,,,DUPG_01443,1280,720,258983c4636f3069a4a6fbbe5bd8c04dff2f6de8767eebaa791330816933883d,ddbacc20a2c9fd0badfa00dac3703630b3964aa2e61db203708332ccd995ce98,ea8d95326e85c378,DUPG_01443,unique,0,0,1,,target_candidate,target_adapt,2026.0
TSBD_Healthy_8643328d51,TSBD,,https://data.mendeley.com/datasets/9dj4sk5d55/1,10.17632/9dj4sk5d55.1,CC BY 4.0,Healthy/IMG-20240709-WA0097.jpg,IMG-20240709-WA0097.jpg,Penaeus_monodon,TigerShrimpBD metadata explicitly identifies tiger shrimp,Healthy,Healthy,0,,,,DUPG_01448,1280,720,7da77e46250f61ef4bd66d5eedee10f7c128620bd9461d79565343994b65dc5b,8643328d51a1408cad6e959f381d9a5f17881671c5bf000d20dc481f234b8bff,eb4c95327c8de350,DUPG_01448,canonical,0,0,1,,target_candidate,target_adapt,2026.0
TSBD_Healthy_006fc27c69,TSBD,,https://data.mendeley.com/datasets/9dj4sk5d55/1,10.17632/9dj4sk5d55.1,CC BY 4.0,Healthy/IMG-20240709-WA0107.jpg,IMG-20240709-WA0107.jpg,Penaeus_monodon,TigerShrimpBD metadata explicitly identifies tiger shrimp,Healthy,Healthy,0,,,,DUPG_01450,1280,720,48c5143a583a1ec2519facfc3b0d34b065a4f137cf6143e5d4c59892465a2bd6,006fc27c69b44e8f281a55b0aaebd4090d5ae58a989802f9b59facd76be03a2a,ab2f8492707c87e3,DUPG_01450,unique,0,0,1,,target_candidate,target_adapt,2026.0
TSBD_Healthy_33406626c7,TSBD,,https://data.mendeley.com/datasets/9dj4sk5d55/1,10.17632/9dj4sk5d55.1,CC BY 4.0,Healthy/IMG-20240709-WA0108.jpg,IMG-20240709-WA0108.jpg,Penaeus_monodon,TigerShrimpBD metadata explicitly identifies tiger shrimp,Healthy,Healthy,0,,,,DUPG_01451,1280,720,ff676350f31680e7c875ff3feabbb8e956f278a04964f67178db9838f6af48d0,33406626c7948a848734b4d1301d840cbbd7787c25bcd3491eed8936028925a6,efd0973c7043d314,DUPG_01451,canonical,0,0,1,,target_candidate,target_adapt,2026.0
TSBD_Healthy_b06da16348,TSBD,,https://data.mendeley.com/datasets/9dj4sk5d55/1,10.17632/9dj4sk5d55.1,CC BY 4.0,Healthy/IMG-20240709-WA0111.jpg,IMG-20240709-WA0111.jpg,Penaeus_monodon,TigerShrimpBD metadata explicitly identifies tiger shrimp,Healthy,Healthy,0,,,,DUPG_01452,1280,720,fd1b1433bbdb5a129a992ce2516e362c332c16ae2fc586ea2f4a3dbb05d822e0,b06da163483f46c2f86df158bb391d285c0736ccd5869bd86c272016ad5e8c7f,be68c18d6b6096b5,DUPG_01452,unique,0,0,1,,target_candidate,target_adapt,2026.0
TSBD_Healthy_06f251fee4,TSBD,,https://data.mendeley.com/datasets/9dj4sk5d55/1,10.17632/9dj4sk5d55.1,CC BY 4.0,Healthy/IMG-20240709-WA0113.jpg,IMG-20240709-WA0113.jpg,Penaeus_monodon,TigerShrimpBD metadata explicitly identifies tiger shrimp,Healthy,Healthy,0,,,,DUPG_01453,1280,720,8e6e3584bc8a34133308d4cd8ab82b7d84cbb2f4567d5fd1a47f36ca8a9c3d77,06f251fee4857060a406f1af1f387014f47210609b1e7720cca06611d33d14d9,ab6dc5903a5e83e1,DUPG_01453,unique,0,0,1,,target_candidate,target_adapt,2026.0
TSBD_Healthy_4ac4f94767,TSBD,,https://data.mendeley.com/datasets/9dj4sk5d55/1,10.17632/9dj4sk5d55.1,CC BY 4.0,Healthy/IMG-20240709-WA0117.jpg,IMG-20240709-WA0117.jpg,Penaeus_monodon,TigerShrimpBD metadata explicitly identifies tiger shrimp,Healthy,Healthy,0,,,,DUPG_01454,1280,720,9cb84aaa5841f21a7113fe2e9c00f4328a7f13bcc35329794969b79dff16c3ff,4ac4f947674f19b94ef49e5a55b99692713ff57e7dcac749c87f72090ca0bfcd,ba62d18d2d69da16,DUPG_01454,unique,0,0,1,,target_candidate,target_adapt,2026.0
TSBD_Healthy_e7cd92f08f,TSBD,,https://data.mendeley.com/datasets/9dj4sk5d55/1,10.17632/9dj4sk5d55.1,CC BY 4.0,Healthy/IMG-20240709-WA0120.jpg,IMG-20240709-WA0120.jpg,Penaeus_monodon,TigerShrimpBD metadata explicitly identifies tiger shrimp,Healthy,Healthy,0,,,,DUPG_01456,1280,720,96a20d376220f5108af42e09cf1667efc882b77acfbcc8ff7a04500749c69aca,e7cd92f08f8c24ddae10585e81973955ece021d835ed22cd85ff8426757f1afb,eb65941a3e8fc078,DUPG_01456,unique,0,0,1,,target_candidate,target_adapt,2026.0
TSBD_Healthy_1597a65755,TSBD,,https://data.mendeley.com/datasets/9dj4sk5d55/1,10.17632/9dj4sk5d55.1,CC BY 4.0,Healthy/IMG-20240709-WA0135.jpg,IMG-20240709-WA0135.jpg,Penaeus_monodon,TigerShrimpBD metadata explicitly identifies tiger shrimp,Healthy,Healthy,0,,,,DUPG_01458,1280,720,4d2add9eaa5dde616c90b034050280d2a8680fa9b60dabde379f31a3c6dbf035,1597a6575592a077d9e1ef456dbb5d88f3478b028093a7ca5b72958066ec84a2,be38d1852f78d0a5,DUPG_01458,canonical,0,0,1,,target_candidate,target_adapt,2026.0
TSBD_Healthy_a8ea0e137d,TSBD,,https://data.mendeley.com/datasets/9dj4sk5d55/1,10.17632/9dj4sk5d55.1,CC BY 4.0,Healthy/IMG-20240709-WA0136.jpg,IMG-20240709-WA0136.jpg,Penaeus_monodon,TigerShrimpBD metadata explicitly identifies tiger shrimp,Healthy,Healthy,0,,,,DUPG_01459,1280,720,137579c91f843ada9d2513a64bbb254b2a0092e4eb0aba772f10f86beb0df44a,a8ea0e137d19b976e3e964418537ec32a8e7c51ee7ff6a85d9787f209d154c1b,a96c94b737c2b03c,DUPG_01459,unique,0,0,1,,target_candidate,target_adapt,2026.0
TSBD_Healthy_fafc24f635,TSBD,,https://data.mendeley.com/datasets/9dj4sk5d55/1,10.17632/9dj4sk5d55.1,CC BY 4.0,Healthy/IMG-20240709-WA0152.jpg,IMG-20240709-WA0152.jpg,Penaeus_monodon,TigerShrimpBD metadata explicitly identifies tiger shrimp,Healthy,Healthy,0,,,,DUPG_01460,1280,720,5582aee6bfbdfbb4eacfaf850add1e4a462a8ab04e026790edae4ff053dd9713,fafc24f635eb970408dcb780a0b72eb8307b591f2b9c42d85a23d8bbf7124d07,bf18d0a52bda9625,DUPG_01460,unique,0,0,1,,target_candidate,target_adapt,2026.0
TSBD_Healthy_7c877797f5,TSBD,,https://data.mendeley.com/datasets/9dj4sk5d55/1,10.17632/9dj4sk5d55.1,CC BY 4.0,Healthy/IMG-20240709-WA0155.jpg,IMG-20240709-WA0155.jpg,Penaeus_monodon,TigerShrimpBD metadata explicitly identifies tiger shrimp,Healthy,Healthy,0,,,,DUPG_01461,1280,720,1fd688d2b357e094d79166873158f70375920627cc18a749f42ddffd88bb1341,7c877797f5ca5724bda640fd46581afe929b3e5cef3d320b4df5b8959a373454,ef6995303ec2b03c,DUPG_01461,unique,0,0,1,,target_candidate,target_adapt,2026.0
TSBD_Healthy_d249c82c7a,TSBD,,https://data.mendeley.com/datasets/9dj4sk5d55/1,10.17632/9dj4sk5d55.1,CC BY 4.0,Healthy/IMG-20240709-WA0158.jpg,IMG-20240709-WA0158.jpg,Penaeus_monodon,TigerShrimpBD metadata explicitly identifies tiger shrimp,Healthy,Healthy,0,,,,DUPG_01462,1280,720,ead718c04c25519ea69d42679de1cf14ddfc3950970a07777dc0684d2c5949ae,d249c82c7af4e38e50ec492fbaa8bd87dae70220572c4c86dc934917ab6893bd,ab47d4382f87816e,DUPG_01462,unique,0,0,1,,target_candidate,target_adapt,2026.0
TSBD_Healthy_1dafd9bcec,TSBD,,https://data.mendeley.com/datasets/9dj4sk5d55/1,10.17632/9dj4sk5d55.1,CC BY 4.0,Healthy/IMG-20240709-WA0162.jpg,IMG-20240709-WA0162.jpg,Penaeus_monodon,TigerShrimpBD metadata explicitly identifies tiger shrimp,Healthy,Healthy,0,,,,DUPG_01463,1280,720,00e2c9984fdd609f46f13ab95383306980083375b89b5fbd5d9248e7570b9913,1dafd9bcec5770f6435c1101e8b5798ee0bc0a145b57ec256d29e307e3bf8319,eb4c95b36e4ae460,DUPG_01463,unique,0,0,1,,target_candidate,target_adapt,2026.0
TSBD_Healthy_727f8ba7d1,TSBD,,https://data.mendeley.com/datasets/9dj4sk5d55/1,10.17632/9dj4sk5d55.1,CC BY 4.0,Healthy/IMG-20240709-WA0165.jpg,IMG-20240709-WA0165.jpg,Penaeus_monodon,TigerShrimpBD metadata explicitly identifies tiger shrimp,Healthy,Healthy,0,,,,DUPG_01464,1280,720,2d9550bafe6cb0f48899c68f00574ac6c48d74dc2c8d198ac9632103b5eb14c9,727f8ba7d160020dd6caaa6845d5b356727d63c1c4d0eb259f2c63cdfe34db88,fc5195a52bcad215,DUPG_01464,unique,0,0,1,,target_candidate,target_adapt,2026.0
TSBD_Healthy_578fae46e9,TSBD,,https://data.mendeley.com/datasets/9dj4sk5d55/1,10.17632/9dj4sk5d55.1,CC BY 4.0,Healthy/IMG-20240709-WA0173.jpg,IMG-20240709-WA0173.jpg,Penaeus_monodon,TigerShrimpBD metadata explicitly identifies tiger shrimp,Healthy,Healthy,0,,,,DUPG_01465,1280,720,8a34788dd4a8a3e95f18582d324fd87398a0c37ea2d9f89cc5be8eb53f83d7b1,578fae46e9c465a55c091d70786f42f62b77e518f0d8dcb6d0cbbed36a2a91e6,bec4953a61859a6b,DUPG_01465,unique,0,0,1,,target_candidate,target_adapt,2026.0
TSBD_Healthy_d1980c5cf7,TSBD,,https://data.mendeley.com/datasets/9dj4sk5d55/1,10.17632/9dj4sk5d55.1,CC BY 4.0,Healthy/IMG-20240709-WA0176.jpg,IMG-20240709-WA0176.jpg,Penaeus_monodon,TigerShrimpBD metadata explicitly identifies tiger shrimp,Healthy,Healthy,0,,,,DUPG_01466,1280,720,58e3ba4a9afd6108f025fc69ca17b33c998a40fa820d94e73e286c7b1473d400,d1980c5cf796244f6fb8985391de74a2b121af31a01705e4c97a5720d498b8c9,f053872d68d2953d,DUPG_01466,unique,0,0,1,,target_candidate,target_adapt,2026.0
TSBD_Healthy_5f95d3f8a2,TSBD,,https://data.mendeley.com/datasets/9dj4sk5d55/1,10.17632/9dj4sk5d55.1,CC BY 4.0,Healthy/IMG-20240710-WA0020.jpg,IMG-20240710-WA0020.jpg,Penaeus_monodon,TigerShrimpBD metadata explicitly identifies tiger shrimp,Healthy,Healthy,0,,,,DUPG_01469,1280,720,1bc85f8438e0733977d828af0899f94c8dfe115bbf198ac5b407c629c24278ec,5f95d3f8a2d46d204a829c56b5b11a58dea6c5b8784993363d305ab8e86a2dd3,be00856d6ad29f69,DUPG_01469,unique,0,0,1,,target_candidate,target_adapt,2026.0
TSBD_Healthy_ef7cbd4127,TSBD,,https://data.mendeley.com/datasets/9dj4sk5d55/1,10.17632/9dj4sk5d55.1,CC BY 4.0,Healthy/IMG-20240710-WA0029.jpg,IMG-20240710-WA0029.jpg,Penaeus_monodon,TigerShrimpBD metadata explicitly identifies tiger shrimp,Healthy,Healthy,0,,,,DUPG_01472,1280,720,0e433b557462a322f1114163629c4b37c44275d89f20d39bdeaf28a518eb02c2,ef7cbd4127f4254d327e1cd704b64994e265bb101a2d93d387dcb6e59097d28b,ab65941b62e41f6a,DUPG_01472,unique,0,0,1,,target_candidate,target_adapt,2026.0
TSBD_Healthy_63b700da46,TSBD,,https://data.mendeley.com/datasets/9dj4sk5d55/1,10.17632/9dj4sk5d55.1,CC BY 4.0,Healthy/IMG-20240710-WA0032.jpg,IMG-20240710-WA0032.jpg,Penaeus_monodon,TigerShrimpBD metadata explicitly identifies tiger shrimp,Healthy,Healthy,0,,,,DUPG_01473,1280,720,2d4b9fecd43b4cb3dfd18b4cc8ba3f03bb78a70e59fb44aba6c51b4e5a083527,63b700da46245c97384e594a621710841182cc34923615dc8aedc314c7106346,be30c10f68979f68,DUPG_01473,unique,0,0,1,,target_candidate,target_adapt,2026.0
TSBD_Healthy_076f98de26,TSBD,,https://data.mendeley.com/datasets/9dj4sk5d55/1,10.17632/9dj4sk5d55.1,CC BY 4.0,Healthy/IMG-20240710-WA0035.jpg,IMG-20240710-WA0035.jpg,Penaeus_monodon,TigerShrimpBD metadata explicitly identifies tiger shrimp,Healthy,Healthy,0,,,,DUPG_01474,720,1280,1da59dd2c4b7ace45b30070c13f61fbb985b2a13291429efc7d5f33db29eb54c,076f98de264e07c70afeecba5fa216172bc1e5df2d4242c2a6f33adfb45ade80,e6b6cc4c995292d6,DUPG_01474,canonical,0,0,1,,target_candidate,target_adapt,2026.0
TSBD_Healthy_e3f6aa3d79,TSBD,,https://data.mendeley.com/datasets/9dj4sk5d55/1,10.17632/9dj4sk5d55.1,CC BY 4.0,Healthy/IMG-20240710-WA0045.jpg,IMG-20240710-WA0045.jpg,Penaeus_monodon,TigerShrimpBD metadata explicitly identifies tiger shrimp,Healthy,Healthy,0,,,,DUPG_01475,1280,720,90412c22f600858f3fe5b3a944bdbd121fd534cacb5f4b7439446a0d1ae0dfa0,e3f6aa3d79475409f38383d9f0a4087b5c2e20eb8ab6540cbdad2961ec502623,ef2fc4b03a0b9325,DUPG_01475,unique,0,0,1,,target_candidate,target_adapt,2026.0
TSBD_Healthy_da00d5de9a,TSBD,,https://data.mendeley.com/datasets/9dj4sk5d55/1,10.17632/9dj4sk5d55.1,CC BY 4.0,Healthy/IMG-20240710-WA0048.jpg,IMG-20240710-WA0048.jpg,Penaeus_monodon,TigerShrimpBD metadata explicitly identifies tiger shrimp,Healthy,Healthy,0,,,,DUPG_01476,1280,720,1f126635d428db173de0446c1bd4c80304a68b1a184d77665bc9c40444f55f2a,da00d5de9a5d8020b593928a12bda976dffd853c41805d950527ebfea4b44b16,be38d0c5254af2b6,DUPG_01476,unique,0,0,1,,target_candidate,target_adapt,2026.0
TSBD_Healthy_1fc6860580,TSBD,,https://data.mendeley.com/datasets/9dj4sk5d55/1,10.17632/9dj4sk5d55.1,CC BY 4.0,Healthy/IMG-20240710-WA0069.jpg,IMG-20240710-WA0069.jpg,Penaeus_monodon,TigerShrimpBD metadata explicitly identifies tiger shrimp,Healthy,Healthy,0,,,,DUPG_01477,720,1280,278f36ea9f75479c5268ab6b65d9ff6136ce701ef2012777c26882efa87d0590,1fc6860580aa3b490bcdf40d251e144f7b77f00c3effb4609e4576d391fbbab0,e733ccb2994c934c,DUPG_01477,canonical,0,0,1,,target_candidate,target_adapt,2026.0
TSBD_Healthy_93437b01b9,TSBD,,https://data.mendeley.com/datasets/9dj4sk5d55/1,10.17632/9dj4sk5d55.1,CC BY 4.0,Healthy/IMG-20240710-WA0098.jpg,IMG-20240710-WA0098.jpg,Penaeus_monodon,TigerShrimpBD metadata explicitly identifies tiger shrimp,Healthy,Healthy,0,,,,DUPG_01478,1280,720,a7b805d19cec6c589855782add0a80027e576e138d28030a110ffa3ee48fa3b2,93437b01b9bd4943c8150f12df0631f3bd0a47d041d5b8d23d698c8b95408381,af2e878170dc954b,DUPG_01478,unique,0,0,1,,target_candidate,target_adapt,2026.0
TSBD_Healthy_d7b2fef984,TSBD,,https://data.mendeley.com/datasets/9dj4sk5d55/1,10.17632/9dj4sk5d55.1,CC BY 4.0,Healthy/IMG-20240710-WA0100.jpg,IMG-20240710-WA0100.jpg,Penaeus_monodon,TigerShrimpBD metadata explicitly identifies tiger shrimp,Healthy,Healthy,0,,,,DUPG_01479,1280,720,25ec863a2386408e866a3e6dae7a0cd9211d50ac0db0fcc1452e1b0591a0670e,d7b2fef984fcb4af495862b625a5e7a2b79a232f325a3e31619a02032c52849b,ba3bc1a52f4a922d,DUPG_01479,unique,0,0,1,,target_candidate,target_adapt,2026.0
TSBD_Healthy_6499b6d7a1,TSBD,,https://data.mendeley.com/datasets/9dj4sk5d55/1,10.17632/9dj4sk5d55.1,CC BY 4.0,Healthy/IMG-20240710-WA0122.jpg,IMG-20240710-WA0122.jpg,Penaeus_monodon,TigerShrimpBD metadata explicitly identifies tiger shrimp,Healthy,Healthy,0,,,,DUPG_01481,1280,720,288a09df54287683ad7e287ba75a548aef28515420d8c0802dba2c40c10adf7b,6499b6d7a1421dd1fc47ac2619456edb2a7b7369e0c24526dea7b356e7a2f62e,be83903e6b80d65b,DUPG_01481,unique,0,0,1,,target_candidate,target_adapt,2026.0
TSBD_Healthy_b2c3637e41,TSBD,,https://data.mendeley.com/datasets/9dj4sk5d55/1,10.17632/9dj4sk5d55.1,CC BY 4.0,Healthy/IMG-20240710-WA0138.jpg,IMG-20240710-WA0138.jpg,Penaeus_monodon,TigerShrimpBD metadata explicitly identifies tiger shrimp,Healthy,Healthy,0,,,,DUPG_01483,1280,720,9f5a7a4193ad3217850677f7771dbcfe199d23fa4690aa7fe37bd34cedbd6f51,b2c3637e418d420ac73e0deae7032303ada5881730e6c0dfed84f7fb24f83bd6,ee908f68638f945a,DUPG_01483,unique,0,0,1,,target_candidate,target_adapt,2026.0
TSBD_Healthy_ca0105e4b8,TSBD,,https://data.mendeley.com/datasets/9dj4sk5d55/1,10.17632/9dj4sk5d55.1,CC BY 4.0,Healthy/IMG-20240710-WA0140.jpg,IMG-20240710-WA0140.jpg,Penaeus_monodon,TigerShrimpBD metadata explicitly identifies tiger shrimp,Healthy,Healthy,0,,,,DUPG_01484,1280,720,33cba7fcd78d438d5300439877d5ccb392716c714cd2038faf9196dd29654d60,ca0105e4b887b8ad2c4660e0021696cb3048a608243ae922c718b662e29f35f3,afd0c54f78818793,DUPG_01484,unique,0,0,1,,target_candidate,target_adapt,2026.0
TSBD_Healthy_efb3b53d28,TSBD,,https://data.mendeley.com/datasets/9dj4sk5d55/1,10.17632/9dj4sk5d55.1,CC BY 4.0,Healthy/IMG-20240710-WA0141.jpg,IMG-20240710-WA0141.jpg,Penaeus_monodon,TigerShrimpBD metadata explicitly identifies tiger shrimp,Healthy,Healthy,0,,,,DUPG_01485,1280,720,e73f73d3b9c730c8eac2207ff2a5055a354cdb28fab74f54431fc13870e8cf15,efb3b53d281d10318985486b625fd2a7a6e99d3f64a1b827591541284294b9cc,ab25d4da4a3f8368,DUPG_01485,unique,0,0,1,,target_candidate,target_adapt,2026.0
TSBD_Healthy_b6298539e0,TSBD,,https://data.mendeley.com/datasets/9dj4sk5d55/1,10.17632/9dj4sk5d55.1,CC BY 4.0,Healthy/IMG-20240710-WA0145.jpg,IMG-20240710-WA0145.jpg,Penaeus_monodon,TigerShrimpBD metadata explicitly identifies tiger shrimp,Healthy,Healthy,0,,,,DUPG_01487,1280,720,843e66e71b945022caf67feafbc7599e14edc3c5816063e97cc5af148668f014,b6298539e0db7c1025133f37cf7cdab6471882333f7990da33d9bb2d4e461c6d,aff8c00f7830a597,DUPG_01487,unique,0,0,1,,target_candidate,target_adapt,2026.0
TSBD_Healthy_32b15941da,TSBD,,https://data.mendeley.com/datasets/9dj4sk5d55/1,10.17632/9dj4sk5d55.1,CC BY 4.0,Healthy/IMG-20240710-WA0147.jpg,IMG-20240710-WA0147.jpg,Penaeus_monodon,TigerShrimpBD metadata explicitly identifies tiger shrimp,Healthy,Healthy,0,,,,DUPG_01488,720,1280,6394dbb938e312fd714dbca568099da9157737e8b57d0878dcd83d425971c1ca,32b15941dab8e2e8958ce8465de66981950f7683e2fd4ea643fd87743b1c42f7,f393c964986497c5,DUPG_01488,unique,0,0,1,,target_candidate,target_adapt,2026.0
TSBD_Healthy_0d4ffdc7b0,TSBD,,https://data.mendeley.com/datasets/9dj4sk5d55/1,10.17632/9dj4sk5d55.1,CC BY 4.0,Healthy/IMG-20240710-WA0153.jpg,IMG-20240710-WA0153.jpg,Penaeus_monodon,TigerShrimpBD metadata explicitly identifies tiger shrimp,Healthy,Healthy,0,,,,DUPG_01489,1280,720,0bff539840edcad401fab24eab4f73060da3ac670fdc27103b917d52c4b4d2da,0d4ffdc7b0e88ce4d207174e1a2c7d1c3d404ff0757311a0dc30935e78bce342,bec1913a6db4925a,DUPG_01489,unique,0,0,1,,target_candidate,target_adapt,2026.0
TSBD_Healthy_b36f28e306,TSBD,,https://data.mendeley.com/datasets/9dj4sk5d55/1,10.17632/9dj4sk5d55.1,CC BY 4.0,Healthy/IMG-20240710-WA0160.jpg,IMG-20240710-WA0160.jpg,Penaeus_monodon,TigerShrimpBD metadata explicitly identifies tiger shrimp,Healthy,Healthy,0,,,,DUPG_01490,1280,720,aa3ba4fe6dd2ddeeba90648f4b861721094ba7848f6ab3cf08d9a1441b4c2f85,b36f28e3068d0c32c5cd6b7d77f3dca59ceacb0b1c2f4cf78ec663361defe124,afd0856f7883958c,DUPG_01490,unique,0,0,1,,target_candidate,target_adapt,2026.0
TSBD_Healthy_68a56d28bf,TSBD,,https://data.mendeley.com/datasets/9dj4sk5d55/1,10.17632/9dj4sk5d55.1,CC BY 4.0,Healthy/IMG-20240710-WA0167.jpg,IMG-20240710-WA0167.jpg,Penaeus_monodon,TigerShrimpBD metadata explicitly identifies tiger shrimp,Healthy,Healthy,0,,,,DUPG_01491,1280,720,2b054cf24c8f9125228a4b1a663e71b5c66a13d4802e5ce800e5302876177f5a,68a56d28bf444651886445b73d9d3810cf9e886415f355f2f9a1f71ddd6d3285,ebcf90b10f43b0ac,DUPG_01491,unique,0,0,1,,target_candidate,target_adapt,2026.0
TSBD_Healthy_b7798ab5f8,TSBD,,https://data.mendeley.com/datasets/9dj4sk5d55/1,10.17632/9dj4sk5d55.1,CC BY 4.0,Healthy/IMG-20240710-WA0168.jpg,IMG-20240710-WA0168.jpg,Penaeus_monodon,TigerShrimpBD metadata explicitly identifies tiger shrimp,Healthy,Healthy,0,,,,DUPG_01492,1280,720,113b51fcdaf570e6f54219a12eecd630a2801496124bd0da1fe6386ad0f388e3,b7798ab5f8444487c819f84cf70592ccc41d04ee7549c338d10b123f11df739d,eb92916d3b5cc087,DUPG_01492,unique,0,0,1,,target_candidate,target_adapt,2026.0
TSBD_Healthy_2a0f79d223,TSBD,,https://data.mendeley.com/datasets/9dj4sk5d55/1,10.17632/9dj4sk5d55.1,CC BY 4.0,Healthy/IMG-20240710-WA0177.jpg,IMG-20240710-WA0177.jpg,Penaeus_monodon,TigerShrimpBD metadata explicitly identifies tiger shrimp,Healthy,Healthy,0,,,,DUPG_01496,1280,720,652cbb56ea9d641a478a8ea2e7b58d29bf4b4fa2def94633a1e9c0f7271843ca,2a0f79d2238e9d0ecab43bed79fb432e5dc7489ccd0e6473ed95a73296ec48c3,ea9ad5e53a5cd082,DUPG_01496,unique,0,0,1,,target_candidate,target_adapt,2026.0
TSBD_Healthy_8fc6471a64,TSBD,,https://data.mendeley.com/datasets/9dj4sk5d55/1,10.17632/9dj4sk5d55.1,CC BY 4.0,Healthy/IMG-20240710-WA0186.jpg,IMG-20240710-WA0186.jpg,Penaeus_monodon,TigerShrimpBD metadata explicitly identifies tiger shrimp,Healthy,Healthy,0,,,,DUPG_01498,1280,720,b7316ff94cd79ed525ff1eed2e73a01def73da3d0eb3c3e5fbbac5347893c65f,8fc6471a643701194080cb8dbe2a70a795ad1b6d6e3275cfe6b9f48f4d7bc093,be41812f6ad0bf68,DUPG_01498,unique,0,0,1,,target_candidate,target_adapt,2026.0
TSBD_Healthy_78bf1afa4b,TSBD,,https://data.mendeley.com/datasets/9dj4sk5d55/1,10.17632/9dj4sk5d55.1,CC BY 4.0,Healthy/IMG-20240710-WA0189.jpg,IMG-20240710-WA0189.jpg,Penaeus_monodon,TigerShrimpBD metadata explicitly identifies tiger shrimp,Healthy,Healthy,0,,,,DUPG_01500,720,1280,720f9ceb2b49f20065f57bdbf5dab30db0bdd3810e3185d9263a58639a68ad99,78bf1afa4b21306172194d84a29631be566180022163f1fb0e3bcfdbf2b961ef,f090cb92c9e7cb64,DUPG_01500,unique,0,0,1,,target_candidate,target_adapt,2026.0
TSBD_Healthy_d63c012f3e,TSBD,,https://data.mendeley.com/datasets/9dj4sk5d55/1,10.17632/9dj4sk5d55.1,CC BY 4.0,Healthy/IMG-20240710-WA0193.jpg,IMG-20240710-WA0193.jpg,Penaeus_monodon,TigerShrimpBD metadata explicitly identifies tiger shrimp,Healthy,Healthy,0,,,,DUPG_01502,1280,720,1a25aca4c50eda14ed8f194241c000d8f929160dbe8b639a918bb4c49d255d5c,d63c012f3e5e2f7bbfa502ad79985b79d51ae1e947ef7387fc45137f288753bf,ba3ad085252fc3d6,DUPG_01502,unique,0,0,1,,target_candidate,target_adapt,2026.0
TSBD_Healthy_05ab09d318,TSBD,,https://data.mendeley.com/datasets/9dj4sk5d55/1,10.17632/9dj4sk5d55.1,CC BY 4.0,Healthy/IMG-20240710-WA0219.jpg,IMG-20240710-WA0219.jpg,Penaeus_monodon,TigerShrimpBD metadata explicitly identifies tiger shrimp,Healthy,Healthy,0,,,,DUPG_01507,1280,720,665ef379b27a6a0cf83d20640e0ec65c34625cf15f8ab452b5786dee098ea72e,05ab09d3184066ca764cd5080013098506f5c2a48ef207888532371a048949dc,bc73838e6c60a43f,DUPG_01507,unique,0,0,1,,target_candidate,target_adapt,2026.0
TSBD_Healthy_18405215f8,TSBD,,https://data.mendeley.com/datasets/9dj4sk5d55/1,10.17632/9dj4sk5d55.1,CC BY 4.0,Healthy/IMG-20240710-WA0221.jpg,IMG-20240710-WA0221.jpg,Penaeus_monodon,TigerShrimpBD metadata explicitly identifies tiger shrimp,Healthy,Healthy,0,,,,DUPG_01508,1280,720,30b36e1b8cc77296676837b51da21dcdf7ccd576ff91d8d6576175d042fc88cd,18405215f8982e153d2029354c73363bc04321d8834c42621c31b50e3cfc85bc,eb4995327ec7a01c,DUPG_01508,unique,0,0,1,,target_candidate,target_adapt,2026.0
TSBD_Healthy_fe721e6a35,TSBD,,https://data.mendeley.com/datasets/9dj4sk5d55/1,10.17632/9dj4sk5d55.1,CC BY 4.0,Healthy/IMG-20240710-WA0223.jpg,IMG-20240710-WA0223.jpg,Penaeus_monodon,TigerShrimpBD metadata explicitly identifies tiger shrimp,Healthy,Healthy,0,,,,DUPG_01509,1280,720,4bc7c75831ecc4c35b2554e4ff5d6651a780106960ecfe1dfff3ab69db67c357,fe721e6a357ddf9d7d62a3868eb5d9bd37f42b6a38ccc05a74e87254439e64f9,be3881876bda9625,DUPG_01509,unique,0,0,1,,target_candidate,target_adapt,2026.0
TSBD_Healthy_8a0b6768d9,TSBD,,https://data.mendeley.com/datasets/9dj4sk5d55/1,10.17632/9dj4sk5d55.1,CC BY 4.0,Healthy/IMG-20240710-WA0241.jpg,IMG-20240710-WA0241.jpg,Penaeus_monodon,TigerShrimpBD metadata explicitly identifies tiger shrimp,Healthy,Healthy,0,,,,DUPG_01512,1280,720,4463e4f229c9946550e01600876e8b34a60fb6cc72684aa126872d4ec919dfd1,8a0b6768d93846c9ace70d9e4fec6232f60b91e2f098c6df8312085ce7a1407c,bece81306a8c9767,DUPG_01512,unique,0,0,1,,target_candidate,target_adapt,2026.0
TSBD_Healthy_fdb9e6ae23,TSBD,,https://data.mendeley.com/datasets/9dj4sk5d55/1,10.17632/9dj4sk5d55.1,CC BY 4.0,Healthy/IMG-20240710-WA0252.jpg,IMG-20240710-WA0252.jpg,Penaeus_monodon,TigerShrimpBD metadata explicitly identifies tiger shrimp,Healthy,Healthy,0,,,,DUPG_01514,1280,720,3196e6b62d843bd6ea757be5dbfc18b05cb4863c2d6adb732f13bd6fcd4a79aa,fdb9e6ae239426f000adbe175484a503ce46030eff2ee75611ce6bf6e84cb98b,eb90952f72c11f38,DUPG_01514,unique,0,0,1,,target_candidate,target_adapt,2026.0
TSBD_Healthy_4c66cb7f58,TSBD,,https://data.mendeley.com/datasets/9dj4sk5d55/1,10.17632/9dj4sk5d55.1,CC BY 4.0,Healthy/IMG-20240710-WA0269.jpg,IMG-20240710-WA0269.jpg,Penaeus_monodon,TigerShrimpBD metadata explicitly identifies tiger shrimp,Healthy,Healthy,0,,,,DUPG_01517,1280,720,290f9e877489c52411e7ed57448ee07afe8a5b1945930c070d340b1d575924c5,4c66cb7f5840b9888c3b2d9eefacf4cf53016cc745fdc537d5df54a2a1133108,bf87c1306b8f94e0,DUPG_01517,unique,0,0,1,,target_candidate,target_adapt,2026.0
TSBD_Healthy_f5058ddf56,TSBD,,https://data.mendeley.com/datasets/9dj4sk5d55/1,10.17632/9dj4sk5d55.1,CC BY 4.0,Healthy/IMG-20240710-WA0271.jpg,IMG-20240710-WA0271.jpg,Penaeus_monodon,TigerShrimpBD metadata explicitly identifies tiger shrimp,Healthy,Healthy,0,,,,DUPG_01518,1280,720,d289deee532fa1c44704b47d9082ce0f590a1e589ce4c151fe296f2d359363aa,f5058ddf56b536fe88eefff6b052846ae35e4176d96e9792342aa65c202debb1,ad92c0651bc4763f,DUPG_01518,unique,0,0,1,,target_candidate,target_adapt,2026.0
TSBD_Healthy_69e2554f5f,TSBD,,https://data.mendeley.com/datasets/9dj4sk5d55/1,10.17632/9dj4sk5d55.1,CC BY 4.0,Healthy/IMG-20240710-WA0274.jpg,IMG-20240710-WA0274.jpg,Penaeus_monodon,TigerShrimpBD metadata explicitly identifies tiger shrimp,Healthy,Healthy,0,,,,DUPG_01519,1280,720,b5037691c7bf63439489a2472a77da4a4854b1c803bef1c90f3c8d982170ca6d,69e2554f5fffcf15adb2621a3a4ea290ca9e9f2f403b87fb73820348ce6aa8b3,efc890353ec8c31e,DUPG_01519,unique,0,0,1,,target_candidate,target_adapt,2026.0
TSBD_Healthy_d4f8817d0f,TSBD,,https://data.mendeley.com/datasets/9dj4sk5d55/1,10.17632/9dj4sk5d55.1,CC BY 4.0,Healthy/IMG-20240710-WA0289.jpg,IMG-20240710-WA0289.jpg,Penaeus_monodon,TigerShrimpBD metadata explicitly identifies tiger shrimp,Healthy,Healthy,0,,,,DUPG_01523,1280,720,054d74123a6da1b2e0535343e227269db76b6b4d91280b27fda304936e65e62a,d4f8817d0f5b939b61089edb2d41f0bb0d66133636cf57345803f437d78d9d2b,be34c18f6c609597,DUPG_01523,unique,0,0,1,,target_candidate,target_adapt,2026.0
TSBD_Healthy_75d585858d,TSBD,,https://data.mendeley.com/datasets/9dj4sk5d55/1,10.17632/9dj4sk5d55.1,CC BY 4.0,Healthy/IMG-20240710-WA0290.jpg,IMG-20240710-WA0290.jpg,Penaeus_monodon,TigerShrimpBD metadata explicitly identifies tiger shrimp,Healthy,Healthy,0,,,,DUPG_01524,720,1280,49a83ed03c3de9ce2a1fde7f4a2fdecb92109a5e2486bd16af4fd7c21092782c,75d585858dab55eb63b2742962bfbb18bdd667bf5ce1837f707b418726a1682c,f358ccc7c6e36830,DUPG_01524,unique,0,0,1,,target_candidate,target_adapt,2026.0
TSBD_Healthy_cb3a9d790a,TSBD,,https://data.mendeley.com/datasets/9dj4sk5d55/1,10.17632/9dj4sk5d55.1,CC BY 4.0,Healthy/IMG-20240710-WA0296.jpg,IMG-20240710-WA0296.jpg,Penaeus_monodon,TigerShrimpBD metadata explicitly identifies tiger shrimp,Healthy,Healthy,0,,,,DUPG_01527,1280,720,662cfa6df0fd7e8f0ce26db164129257aa3013d9c9774e96a93fd2f15a68728e,cb3a9d790a95d888bb096185033430705d47ff627946c3d419e6a3092f10ea4d,fa85917a2d85c26b,DUPG_01527,unique,0,0,1,,target_candidate,target_adapt,2026.0
TSBD_Healthy_2c254df731,TSBD,,https://data.mendeley.com/datasets/9dj4sk5d55/1,10.17632/9dj4sk5d55.1,CC BY 4.0,Healthy/IMG-20240710-WA0297.jpg,IMG-20240710-WA0297.jpg,Penaeus_monodon,TigerShrimpBD metadata explicitly identifies tiger shrimp,Healthy,Healthy,0,,,,DUPG_01528,1280,720,f77e9a4b1166c3993f191378c86b42c617e0c47c7faa82092733e4acf2bb1d23,2c254df73197375174e2f1d9341b82c2acd40c867533e3bed1aa65843576fec8,ea6fc5903a72c1a5,DUPG_01528,unique,0,0,1,,target_candidate,target_adapt,2026.0
TSBD_Healthy_4e4bdff12a,TSBD,,https://data.mendeley.com/datasets/9dj4sk5d55/1,10.17632/9dj4sk5d55.1,CC BY 4.0,Healthy/IMG-20240710-WA0299.jpg,IMG-20240710-WA0299.jpg,Penaeus_monodon,TigerShrimpBD metadata explicitly identifies tiger shrimp,Healthy,Healthy,0,,,,DUPG_01529,1280,720,0fa1d5920905d41c88d8c7883d96183f92f209f9d558df2a9449d7b72bb2e641,4e4bdff12a71766db1eda84f640ff3e31567f0feae7ab9c0e31fe8d0fd1eccc2,be30c08d2f6ad297,DUPG_01529,unique,0,0,1,,target_candidate,target_adapt,2026.0
TSBD_WSSV_ffd2411af1,TSBD,,https://data.mendeley.com/datasets/9dj4sk5d55/1,10.17632/9dj4sk5d55.1,CC BY 4.0,WSSV/IMG-20240414-WA0015.jpg,IMG-20240414-WA0015.jpg,Penaeus_monodon,TigerShrimpBD metadata explicitly identifies tiger shrimp,WSSV,WSSV,0,,,,DUPG_01530,780,1040,5a7ba5ec94d41482ea08414566710f336acaaca1882f7a11d3b9a3bf0146ba10,ffd2411af1bd3a74d3c754834aa02581b5878b66a2f09cb79e7f19b3c7e3b2ca,bcbcc7508c63986e,DUPG_01530,canonical,0,0,1,,target_candidate,target_adapt,2026.0
TSBD_WSSV_c6b9dfd6bd,TSBD,,https://data.mendeley.com/datasets/9dj4sk5d55/1,10.17632/9dj4sk5d55.1,CC BY 4.0,WSSV/IMG-20240414-WA0034.jpg,IMG-20240414-WA0034.jpg,Penaeus_monodon,TigerShrimpBD metadata explicitly identifies tiger shrimp,WSSV,WSSV,0,,,,DUPG_01533,780,1040,6a409e83f0f2e87ebc75ae9540e3d2f38a5eccd23267e39b131da8d82ce0f9ea,c6b9dfd6bdbf9750ed0d2ce1ea0a4d0ab00dc368e6330f0c5378f111318c4efc,b0328966b36d971b,DUPG_01533,unique,0,0,1,,target_candidate,target_adapt,2026.0
TSBD_WSSV_258e8224d8,TSBD,,https://data.mendeley.com/datasets/9dj4sk5d55/1,10.17632/9dj4sk5d55.1,CC BY 4.0,WSSV/IMG-20240414-WA0228.jpg,IMG-20240414-WA0228.jpg,Penaeus_monodon,TigerShrimpBD metadata explicitly identifies tiger shrimp,WSSV,WSSV,0,,,,DUPG_01536,780,1040,36049e81038b57da55ba6f9a7ac7a7b8fa3e2a7bf7ce1969b956b59f08b628a5,258e8224d8defe37767b40697387413da43329cdc397c9e8b097dcb89a13f563,f6cd82b216c2c9b6,DUPG_01536,unique,0,0,1,,target_candidate,target_adapt,2026.0
TSBD_WSSV_7759b4323e,TSBD,,https://data.mendeley.com/datasets/9dj4sk5d55/1,10.17632/9dj4sk5d55.1,CC BY 4.0,WSSV/IMG-20240421-WA0043.jpg,IMG-20240421-WA0043.jpg,Penaeus_monodon,TigerShrimpBD metadata explicitly identifies tiger shrimp,WSSV,WSSV,0,,,,DUPG_01537,780,1040,88191664b1b1a3beccad5aba191a83f4d6407123e9e0b0b238320e493c5ee7dd,7759b4323ece4e670c641ccd9386ba6a057a6cc6516153e97349811694f92986,ede332190accf34c,DUPG_01537,unique,0,0,1,,target_candidate,target_adapt,2026.0
TSBD_WSSV_20ac0fab2b,TSBD,,https://data.mendeley.com/datasets/9dj4sk5d55/1,10.17632/9dj4sk5d55.1,CC BY 4.0,WSSV/IMG-20240421-WA0106.jpg,IMG-20240421-WA0106.jpg,Penaeus_monodon,TigerShrimpBD metadata explicitly identifies tiger shrimp,WSSV,WSSV,0,,,,DUPG_01538,780,1040,c6eb46cc5ac0025bba8f53c2c96218cb4045f9f879d466c14995ff0498334a67,20ac0fab2b9cd723f7a8871ebd3a649978040400624a8eaf2d084b80cce46a1a,ede4b24a99f24e12,DUPG_01538,unique,0,0,1,,target_candidate,target_adapt,2026.0
TSBD_WSSV_73ccea8db5,TSBD,,https://data.mendeley.com/datasets/9dj4sk5d55/1,10.17632/9dj4sk5d55.1,CC BY 4.0,WSSV/IMG-20240421-WA0115.jpg,IMG-20240421-WA0115.jpg,Penaeus_monodon,TigerShrimpBD metadata explicitly identifies tiger shrimp,WSSV,WSSV,0,,,,DUPG_01540,780,1040,63157f0d02858535ae9a92c0cc373299e6951bddafccc4b1ea3e9abfa83ea96e,73ccea8db5d90dc04066d730825c90ef86c34c63656c55105200613e5b5a7377,d2deccf3c318604e,DUPG_01540,unique,0,0,1,,target_candidate,target_adapt,2026.0
TSBD_WSSV_2ca61b4065,TSBD,,https://data.mendeley.com/datasets/9dj4sk5d55/1,10.17632/9dj4sk5d55.1,CC BY 4.0,WSSV/IMG-20240421-WA0116.jpg,IMG-20240421-WA0116.jpg,Penaeus_monodon,TigerShrimpBD metadata explicitly identifies tiger shrimp,WSSV,WSSV,0,,,,DUPG_01541,780,1040,f02cc820cb7a41dbb6b46f78e430f16df05e133e2d51132fd6717ff642835b00,2ca61b4065aa70865a8eb6aa2e639f56782e89d83ddc7d5c6fc3b1bcd80490e6,86d7d9e0c8f8e2b0,DUPG_01541,unique,0,0,1,,target_candidate,target_adapt,2026.0
TSBD_WSSV_0168d43459,TSBD,,https://data.mendeley.com/datasets/9dj4sk5d55/1,10.17632/9dj4sk5d55.1,CC BY 4.0,WSSV/IMG-20240421-WA0127.jpg,IMG-20240421-WA0127.jpg,Penaeus_monodon,TigerShrimpBD metadata explicitly identifies tiger shrimp,WSSV,WSSV,0,,,,DUPG_01542,1040,780,6bd178605a93f201d5179b745ab5d91b6d8f607d80ce9d466af62e5d057f58fc,0168d4345930e275dca06e7b40d6c2b97f5cc2ebf0f342a113b8f2f76af44d9a,af86b06ccfd1f024,DUPG_01542,unique,0,0,1,,target_candidate,target_adapt,2026.0
TSBD_WSSV_a270f6228b,TSBD,,https://data.mendeley.com/datasets/9dj4sk5d55/1,10.17632/9dj4sk5d55.1,CC BY 4.0,WSSV/IMG-20240421-WA0132.jpg,IMG-20240421-WA0132.jpg,Penaeus_monodon,TigerShrimpBD metadata explicitly identifies tiger shrimp,WSSV,WSSV,0,,,,DUPG_01543,1040,780,e5ed1942771728f6cdbf77f9a5112bf2765e6c44373b55f5cbcefc7e8378d0b9,a270f6228b871d3e1aa20fc093912552b54fa3fb1d3eb1af5f5e07f46a859dbe,82c2e6f1389cdae6,DUPG_01543,unique,0,0,1,,target_candidate,target_adapt,2026.0
TSBD_WSSV_3868efcb84,TSBD,,https://data.mendeley.com/datasets/9dj4sk5d55/1,10.17632/9dj4sk5d55.1,CC BY 4.0,WSSV/IMG-20240421-WA0143.jpg,IMG-20240421-WA0143.jpg,Penaeus_monodon,TigerShrimpBD metadata explicitly identifies tiger shrimp,WSSV,WSSV,0,,,,DUPG_01546,1040,780,5da7f9d715fa171d9d635ec2e66e08c6326e14e45577098701a381f4f771da40,3868efcb8401710a8b228dc8032e8e229d226092a5265d76c0ca1c2496a835c0,a187f33f5b839029,DUPG_01546,canonical,0,0,1,,target_candidate,target_adapt,2026.0
TSBD_WSSV_98510bdd07,TSBD,,https://data.mendeley.com/datasets/9dj4sk5d55/1,10.17632/9dj4sk5d55.1,CC BY 4.0,WSSV/IMG-20240421-WA0146.jpg,IMG-20240421-WA0146.jpg,Penaeus_monodon,TigerShrimpBD metadata explicitly identifies tiger shrimp,WSSV,WSSV,0,,,,DUPG_01547,1040,780,d469a88ff3538c132b883830679fa4296745f84a701611e296c39f4ad2b16092,98510bdd07889cf0590af6a9f78dcf0e53e1b161f2a1294eacd07e70668bb9c1,aa9fc62197cc721a,DUPG_01547,unique,0,0,1,,target_candidate,target_adapt,2026.0
TSBD_WSSV_365b81a0b8,TSBD,,https://data.mendeley.com/datasets/9dj4sk5d55/1,10.17632/9dj4sk5d55.1,CC BY 4.0,WSSV/IMG-20240421-WA0150.jpg,IMG-20240421-WA0150.jpg,Penaeus_monodon,TigerShrimpBD metadata explicitly identifies tiger shrimp,WSSV,WSSV,0,,,,DUPG_01548,1040,780,5b3482d5f0a05aa9a2d1c31bc5e5dc4b05f8700014f8e799ae837cd578826dae,365b81a0b843b1c864d37cd736043ce37c80ad298232f5f008733aeb99129a12,a00c84774fc3b7b6,DUPG_01548,unique,0,0,1,,target_candidate,target_adapt,2026.0
TSBD_WSSV_4c515e509e,TSBD,,https://data.mendeley.com/datasets/9dj4sk5d55/1,10.17632/9dj4sk5d55.1,CC BY 4.0,WSSV/IMG-20240421-WA0155.jpg,IMG-20240421-WA0155.jpg,Penaeus_monodon,TigerShrimpBD metadata explicitly identifies tiger shrimp,WSSV,WSSV,0,,,,DUPG_01550,780,1040,5e0969877275f0b12e7faf3b499e8e2743be2457b6186337486ef7ef3cd6866f,4c515e509ebf31a41421f6bde175cafe934c18a15ac9b6e46aa9f8e5959b51d3,fcca92ac8be6c843,DUPG_01550,unique,0,0,1,,target_candidate,target_adapt,2026.0
TSBD_WSSV_d5dc5a32b7,TSBD,,https://data.mendeley.com/datasets/9dj4sk5d55/1,10.17632/9dj4sk5d55.1,CC BY 4.0,WSSV/IMG-20240421-WA0163.jpg,IMG-20240421-WA0163.jpg,Penaeus_monodon,TigerShrimpBD metadata explicitly identifies tiger shrimp,WSSV,WSSV,0,,,,DUPG_01553,1040,780,84b073534a04228d8b8abfe2378f3ed56350c82963c4587be23400fff0b6d982,d5dc5a32b74f7c301c47a84c275e70ab03d85507e01c74974af5c57e3419d6cb,ac92c609fdf94964,DUPG_01553,unique,0,0,1,,target_candidate,target_adapt,2026.0
TSBD_WSSV_84d358870a,TSBD,,https://data.mendeley.com/datasets/9dj4sk5d55/1,10.17632/9dj4sk5d55.1,CC BY 4.0,WSSV/IMG-20240421-WA0173.jpg,IMG-20240421-WA0173.jpg,Penaeus_monodon,TigerShrimpBD metadata explicitly identifies tiger shrimp,WSSV,WSSV,0,,,,DUPG_01554,1040,780,7d5721503757ae882f9b4c40ac9b04426136daf45ba8055feb1a29fe628fb156,84d358870a49ba9dff699a85684908b1c0cee2ab4f07ff88bfe73077a3844d73,aa9cc631dbe27a09,DUPG_01554,unique,0,0,1,,target_candidate,target_adapt,2026.0
TSBD_WSSV_b95089e484,TSBD,,https://data.mendeley.com/datasets/9dj4sk5d55/1,10.17632/9dj4sk5d55.1,CC BY 4.0,WSSV/IMG-20240421-WA0175.jpg,IMG-20240421-WA0175.jpg,Penaeus_monodon,TigerShrimpBD metadata explicitly identifies tiger shrimp,WSSV,WSSV,0,,,,DUPG_01555,1040,780,092d205ba6da1bb5ec46cf09b511b510345e5695ef8966b5c11bf0e15daae322,b95089e48431765415f3dff5ff4cd92a0af9d44656ab97456196c138300bd10f,e9bec946b684e231,DUPG_01555,unique,0,0,1,,target_candidate,target_adapt,2026.0
TSBD_WSSV_ef2d938994,TSBD,,https://data.mendeley.com/datasets/9dj4sk5d55/1,10.17632/9dj4sk5d55.1,CC BY 4.0,WSSV/IMG-20240421-WA0176.jpg,IMG-20240421-WA0176.jpg,Penaeus_monodon,TigerShrimpBD metadata explicitly identifies tiger shrimp,WSSV,WSSV,0,,,,DUPG_01556,1040,780,86365dbaf3e8cbacd5e4433d7dcd33fce507a9377141fa57183e069ec23c82a2,ef2d938994405ee4e6a832cccf24e977f4e760137a29f936596572335b73b3ce,a186c13f5b4392b7,DUPG_01556,unique,0,0,1,,target_candidate,target_adapt,2026.0
TSBD_WSSV_32049c3ecf,TSBD,,https://data.mendeley.com/datasets/9dj4sk5d55/1,10.17632/9dj4sk5d55.1,CC BY 4.0,WSSV/IMG-20240421-WA0181.jpg,IMG-20240421-WA0181.jpg,Penaeus_monodon,TigerShrimpBD metadata explicitly identifies tiger shrimp,WSSV,WSSV,0,,,,DUPG_01557,1040,780,bc2c4e523202f6652d48da8f49c0abba7172bda6378a9cd9f4059d8716137ba0,32049c3ecfcdf8d6fb00ba53cfe20dd15f1d04711d3f67b2ba2fea97190156e7,a780c96eb5093f72,DUPG_01557,unique,0,0,1,,target_candidate,target_adapt,2026.0
TSBD_WSSV_8b8160f809,TSBD,,https://data.mendeley.com/datasets/9dj4sk5d55/1,10.17632/9dj4sk5d55.1,CC BY 4.0,WSSV/IMG-20240421-WA0187.jpg,IMG-20240421-WA0187.jpg,Penaeus_monodon,TigerShrimpBD metadata explicitly identifies tiger shrimp,WSSV,WSSV,0,,,,DUPG_01560,1040,780,7a6c94c22524898e9dfabf74c0927307ed9fcedcc20bcb5b471f8bf32efd054f,8b8160f8093d0aebd726a6dcc18602386fcd33a96b4601645b734f23bf55632c,a7d7cc32e9e69018,DUPG_01560,unique,0,0,1,,target_candidate,target_adapt,2026.0
TSBD_WSSV_cdf58b2135,TSBD,,https://data.mendeley.com/datasets/9dj4sk5d55/1,10.17632/9dj4sk5d55.1,CC BY 4.0,WSSV/IMG-20240421-WA0204.jpg,IMG-20240421-WA0204.jpg,Penaeus_monodon,TigerShrimpBD metadata explicitly identifies tiger shrimp,WSSV,WSSV,0,,,,DUPG_01561,780,1040,1c5da1a2f6288a1122e48646fe3deaa778b2dcf59689450c1ae4a2b6c191015d,cdf58b2135dcf536371c022793c6d2fbd8576c618c9b0a072d549544e6c7de35,a7f193dc6994384c,DUPG_01561,unique,0,0,1,,target_candidate,target_adapt,2026.0
TSBD_WSSV_aa863186fe,TSBD,,https://data.mendeley.com/datasets/9dj4sk5d55/1,10.17632/9dj4sk5d55.1,CC BY 4.0,WSSV/IMG-20240421-WA0206.jpg,IMG-20240421-WA0206.jpg,Penaeus_monodon,TigerShrimpBD metadata explicitly identifies tiger shrimp,WSSV,WSSV,0,,,,DUPG_01562,780,1040,70aa8a695663e38377d703ae6c9ea0f4e8cbfa841db529edff7d7ec94230230b,aa863186febeb5ffaa9c8ec2dce07163db1e78d67225133c849100c6d6956c90,ade6bb5b80d022dc,DUPG_01562,unique,0,0,1,,target_candidate,target_adapt,2026.0
TSBD_WSSV_dfb2880295,TSBD,,https://data.mendeley.com/datasets/9dj4sk5d55/1,10.17632/9dj4sk5d55.1,CC BY 4.0,WSSV/IMG-20240421-WA0209.jpg,IMG-20240421-WA0209.jpg,Penaeus_monodon,TigerShrimpBD metadata explicitly identifies tiger shrimp,WSSV,WSSV,0,,,,DUPG_01563,780,1040,338585e2120f2dfe1d648e24bad0d2ab8b5840518a09c335090b55fc9bf8c9f2,dfb2880295f634a188f6bce8c11b21e00f9f3449f05ae60f64be30c7285e4f08,a6dbb11c4c964fa2,DUPG_01563,unique,0,0,1,,target_candidate,target_adapt,2026.0
TSBD_WSSV_baaf0baf99,TSBD,,https://data.mendeley.com/datasets/9dj4sk5d55/1,10.17632/9dj4sk5d55.1,CC BY 4.0,WSSV/IMG-20240421-WA0215.jpg,IMG-20240421-WA0215.jpg,Penaeus_monodon,TigerShrimpBD metadata explicitly identifies tiger shrimp,WSSV,WSSV,0,,,,DUPG_01564,780,1040,c1307c1fccdf8d3eda57fb07289ee9b58d2bea4cd3d4756cdead7dfc36179402,baaf0baf997062732b460478b493f4ee45304f383292fd46e1f737dfe1d41a02,b2f1b84e8bde2c90,DUPG_01564,canonical,0,0,1,,target_candidate,target_adapt,2026.0
TSBD_WSSV_24404c91af,TSBD,,https://data.mendeley.com/datasets/9dj4sk5d55/1,10.17632/9dj4sk5d55.1,CC BY 4.0,WSSV/IMG-20240421-WA0228.jpg,IMG-20240421-WA0228.jpg,Penaeus_monodon,TigerShrimpBD metadata explicitly identifies tiger shrimp,WSSV,WSSV,0,,,,DUPG_01565,780,1040,88bc09bbfc9b80c39d96b69b682ec13c3a523bd644cb35c05145a96feac70119,24404c91af377c3832f1e110f47e9a6407c6214b8a635d4989ea8027f15d7d2f,e19bd6cd26c53138,DUPG_01565,unique,0,0,1,,target_candidate,target_adapt,2026.0
TSBD_WSSV_b7563199e4,TSBD,,https://data.mendeley.com/datasets/9dj4sk5d55/1,10.17632/9dj4sk5d55.1,CC BY 4.0,WSSV/IMG-20240421-WA0232.jpg,IMG-20240421-WA0232.jpg,Penaeus_monodon,TigerShrimpBD metadata explicitly identifies tiger shrimp,WSSV,WSSV,0,,,,DUPG_01566,780,1040,cfddd0a1b3389e4a9c3594df95ab22ebe10364c567867b8cc3a99909d416ef57,b7563199e4c19013e04ab84c7bdf962fa7d05e676aa04270a43cd047571795eb,e6f199c819df501c,DUPG_01566,canonical,0,0,1,,target_candidate,target_adapt,2026.0
TSBD_WSSV_11a594f754,TSBD,,https://data.mendeley.com/datasets/9dj4sk5d55/1,10.17632/9dj4sk5d55.1,CC BY 4.0,WSSV/IMG-20240421-WA0233.jpg,IMG-20240421-WA0233.jpg,Penaeus_monodon,TigerShrimpBD metadata explicitly identifies tiger shrimp,WSSV,WSSV,0,,,,DUPG_01567,780,1040,cae72de7c8d8d308d492225f270f5fbae20499889e1fb4bf10c39d1fc07ef2b6,11a594f7549840ea3164919401cbd0e813e3cd62650c894acd380b0985dbc4b2,e4e09bd3b0eb4136,DUPG_01567,unique,0,0,1,,target_candidate,target_adapt,2026.0
TSBD_WSSV_fc31d39bad,TSBD,,https://data.mendeley.com/datasets/9dj4sk5d55/1,10.17632/9dj4sk5d55.1,CC BY 4.0,WSSV/IMG-20240421-WA0250.jpg,IMG-20240421-WA0250.jpg,Penaeus_monodon,TigerShrimpBD metadata explicitly identifies tiger shrimp,WSSV,WSSV,0,,,,DUPG_01568,780,1040,93a91db7d47b9f10de30cabbbd861b9d3d4e812de9d2161638e6d8eebdf01b03,fc31d39bad4f9e2ac17a0f175623770488d40304271efec714c9adac2fa5f141,acfb994ba1781f10,DUPG_01568,unique,0,0,1,,target_candidate,target_adapt,2026.0
TSBD_WSSV_d6cd79daa1,TSBD,,https://data.mendeley.com/datasets/9dj4sk5d55/1,10.17632/9dj4sk5d55.1,CC BY 4.0,WSSV/IMG-20240421-WA0259.jpg,IMG-20240421-WA0259.jpg,Penaeus_monodon,TigerShrimpBD metadata explicitly identifies tiger shrimp,WSSV,WSSV,0,,,,DUPG_01569,780,1040,099827089a03dd1764f44f3d59ab082088cacda6c762ccaabbb36521b4947d25,d6cd79daa1d2c468637252797b56e137a31edeae98c58ac43d1f8508eb2a3183,acf2b95b8458a93c,DUPG_01569,unique,0,0,1,,target_candidate,target_adapt,2026.0
TSBD_WSSV_02f81ef95e,TSBD,,https://data.mendeley.com/datasets/9dj4sk5d55/1,10.17632/9dj4sk5d55.1,CC BY 4.0,WSSV/IMG-20240421-WA0260.jpg,IMG-20240421-WA0260.jpg,Penaeus_monodon,TigerShrimpBD metadata explicitly identifies tiger shrimp,WSSV,WSSV,0,,,,DUPG_01570,780,1040,340cf5d1c8e701750073cc9aa927d927e9b2fd09b6d85ea2c62c89174289a80d,02f81ef95e48ebdd08c38fc1b164976f44c336d60e4be4f1439ec82b7ce69357,acc9b094c75b9715,DUPG_01570,unique,0,0,1,,target_candidate,target_adapt,2026.0
TSBD_WSSV_3b11acaec9,TSBD,,https://data.mendeley.com/datasets/9dj4sk5d55/1,10.17632/9dj4sk5d55.1,CC BY 4.0,WSSV/IMG-20240421-WA0263.jpg,IMG-20240421-WA0263.jpg,Penaeus_monodon,TigerShrimpBD metadata explicitly identifies tiger shrimp,WSSV,WSSV,0,,,,DUPG_01571,780,1040,d7c1220361f47a98c629714054bbcf920990a5fa227100fc488cb29efd73ac08,3b11acaec9f4f99e9ed2153fef2ced8e2a95aef19057c599cadd6469f35ffbd1,a7f193dc69e3900a,DUPG_01571,unique,0,0,1,,target_candidate,target_adapt,2026.0
TSBD_WSSV_c286bccb7a,TSBD,,https://data.mendeley.com/datasets/9dj4sk5d55/1,10.17632/9dj4sk5d55.1,CC BY 4.0,WSSV/IMG-20240421-WA0284.jpg,IMG-20240421-WA0284.jpg,Penaeus_monodon,TigerShrimpBD metadata explicitly identifies tiger shrimp,WSSV,WSSV,0,,,,DUPG_01572,780,1040,37a51a70e0dd5989ae4af455779843df06ec438cbab5e3577c9ec1d410ff8e32,c286bccb7a02ff6aead1ee1fb52a44f81ed84e9d90526c9410fa44bbfbf1e347,b3f199ccf486a8c2,DUPG_01572,unique,0,0,1,,target_candidate,target_adapt,2026.0
TSBD_WSSV_6aa52b5d04,TSBD,,https://data.mendeley.com/datasets/9dj4sk5d55/1,10.17632/9dj4sk5d55.1,CC BY 4.0,WSSV/IMG-20240422-WA0028.jpg,IMG-20240422-WA0028.jpg,Penaeus_monodon,TigerShrimpBD metadata explicitly identifies tiger shrimp,WSSV,WSSV,0,,,,DUPG_01574,780,1040,055496f36daf4a1e17705c9cbfde8eb11642918ae9d6cb4c31628355bd6de404,6aa52b5d04036f7d80de8cdaca878fe813db36ed1fbde399bdde0fbf4b3eaed4,ff88131f6043733a,DUPG_01574,unique,0,0,1,,target_candidate,target_adapt,2026.0
TSBD_WSSV_78ac1c210b,TSBD,,https://data.mendeley.com/datasets/9dj4sk5d55/1,10.17632/9dj4sk5d55.1,CC BY 4.0,WSSV/IMG-20240422-WA0047.jpg,IMG-20240422-WA0047.jpg,Penaeus_monodon,TigerShrimpBD metadata explicitly identifies tiger shrimp,WSSV,WSSV,0,,,,DUPG_01576,780,1040,084a72d2a7fe5df7febbab9a80d2d89853633148c39606759c574005aff31cd2,78ac1c210bc7531bfe9ff9cd3650d101ee219dd30f8c62a2e8d2fd6fab960f3c,f6801db96cf0ccb8,DUPG_01576,unique,0,0,1,,target_candidate,target_adapt,2026.0
TSBD_WSSV_f4df9efeef,TSBD,,https://data.mendeley.com/datasets/9dj4sk5d55/1,10.17632/9dj4sk5d55.1,CC BY 4.0,WSSV/IMG-20240422-WA0049.jpg,IMG-20240422-WA0049.jpg,Penaeus_monodon,TigerShrimpBD metadata explicitly identifies tiger shrimp,WSSV,WSSV,0,,,,DUPG_01577,780,1040,33b80f02870bfc8990b7ff89296c6dcf9252b441103b64472d6d2fa0c146b370,f4df9efeefb68f8c980fedde8fdb220b3a0e8cd29f6ab6adeb713874d3fa58b0,b6b1383c2e6667a4,DUPG_01577,unique,0,0,1,,target_candidate,target_adapt,2026.0
TSBD_WSSV_e332624690,TSBD,,https://data.mendeley.com/datasets/9dj4sk5d55/1,10.17632/9dj4sk5d55.1,CC BY 4.0,WSSV/IMG-20240422-WA0054.jpg,IMG-20240422-WA0054.jpg,Penaeus_monodon,TigerShrimpBD metadata explicitly identifies tiger shrimp,WSSV,WSSV,0,,,,DUPG_01578,780,1040,4dd1e40d6037e01b761123e68ae3ea8d84d282c24fb35541668c877bb461f814,e332624690c4815d08dae5c7cb45963f55589b1d2e66d6661ceffe37fc24423c,ec882064d9f9cddc,DUPG_01578,unique,0,0,1,,target_candidate,target_adapt,2026.0
TSBD_WSSV_de8ce5aa48,TSBD,,https://data.mendeley.com/datasets/9dj4sk5d55/1,10.17632/9dj4sk5d55.1,CC BY 4.0,WSSV/IMG-20240422-WA0086.jpg,IMG-20240422-WA0086.jpg,Penaeus_monodon,TigerShrimpBD metadata explicitly identifies tiger shrimp,WSSV,WSSV,0,,,,DUPG_01579,780,1040,9e76684dfa72c80d51d42f24069a52769767216849130370d42d757e1af5a2fe,de8ce5aa48264f48320883e719c4e3b89db09ba446946977a2fe29938e5b7234,eeac090107cfedc9,DUPG_01579,unique,0,0,1,,target_candidate,target_adapt,2026.0
TSBD_WSSV_2847167d0b,TSBD,,https://data.mendeley.com/datasets/9dj4sk5d55/1,10.17632/9dj4sk5d55.1,CC BY 4.0,WSSV/IMG-20240422-WA0104.jpg,IMG-20240422-WA0104.jpg,Penaeus_monodon,TigerShrimpBD metadata explicitly identifies tiger shrimp,WSSV,WSSV,0,,,,DUPG_01580,780,1040,bf84f3c2a6632df890587cb130937522684218de2cdc4af47afb5cc4b66fbb66,2847167d0b0483dbb13ba5681ea0f4873bf749b6448e7d36b3df8f8b988eda64,e7a331311838e77c,DUPG_01580,unique,0,0,1,,target_candidate,target_adapt,2026.0
TSBD_WSSV_ea8e971d58,TSBD,,https://data.mendeley.com/datasets/9dj4sk5d55/1,10.17632/9dj4sk5d55.1,CC BY 4.0,WSSV/IMG-20240422-WA0114.jpg,IMG-20240422-WA0114.jpg,Penaeus_monodon,TigerShrimpBD metadata explicitly identifies tiger shrimp,WSSV,WSSV,0,,,,DUPG_01582,780,1040,51b5b1fab962d05faaa16493c28fbf1e097a4edcc5cd962c92350edfaab65f3b,ea8e971d585a68d8b25cc52fe3be9f568a789e2d813683b91efd0f5d21780b7e,ad89a686b64664e7,DUPG_01582,unique,0,0,1,,target_candidate,target_adapt,2026.0
TSBD_WSSV_2cd19b2879,TSBD,,https://data.mendeley.com/datasets/9dj4sk5d55/1,10.17632/9dj4sk5d55.1,CC BY 4.0,WSSV/IMG-20240423-WA0003.jpg,IMG-20240423-WA0003.jpg,Penaeus_monodon,TigerShrimpBD metadata explicitly identifies tiger shrimp,WSSV,WSSV,0,,,,DUPG_01584,1040,780,f99eafce84fc9d93b6d867ee176cfa26e5b49ae4ab2d12aff781407aed0f46aa,2cd19b2879910276ffe375f821180249d9d1d7269cf52aad65b7372fecb515f8,ad31d5d06549ce96,DUPG_01584,unique,0,0,1,,target_candidate,target_adapt,2026.0
TSBD_WSSV_f00fa9ceb8,TSBD,,https://data.mendeley.com/datasets/9dj4sk5d55/1,10.17632/9dj4sk5d55.1,CC BY 4.0,WSSV/IMG-20240423-WA0004.jpg,IMG-20240423-WA0004.jpg,Penaeus_monodon,TigerShrimpBD metadata explicitly identifies tiger shrimp,WSSV,WSSV,0,,,,DUPG_01585,1040,780,9b5619bf3e91ab633bdd420814da6a48a04bca1d51e05bc44a6325f68fc38367,f00fa9ceb89d7043f19f2de08b2fb2b8e0ce7310e39f32b2829d4e9f676aeabf,a38fc3e3606c8b93,DUPG_01585,unique,0,0,1,,target_candidate,target_adapt,2026.0
TSBD_WSSV_6678622b35,TSBD,,https://data.mendeley.com/datasets/9dj4sk5d55/1,10.17632/9dj4sk5d55.1,CC BY 4.0,WSSV/IMG-20240423-WA0006.jpg,IMG-20240423-WA0006.jpg,Penaeus_monodon,TigerShrimpBD metadata explicitly identifies tiger shrimp,WSSV,WSSV,0,,,,DUPG_01586,1040,780,ea6cb0a014b144617205959c757576ce4ed3bb3a2299b1f9e408f8c53576fe03,6678622b3541974500774ecbe04aeafae4696c2e0b5b4bf8fbe5534ddbcb0517,aa2dd4326acad335,DUPG_01586,canonical,0,0,1,,target_candidate,target_adapt,2026.0
TSBD_WSSV_9ce26c2bf9,TSBD,,https://data.mendeley.com/datasets/9dj4sk5d55/1,10.17632/9dj4sk5d55.1,CC BY 4.0,WSSV/IMG-20240423-WA0007.jpg,IMG-20240423-WA0007.jpg,Penaeus_monodon,TigerShrimpBD metadata explicitly identifies tiger shrimp,WSSV,WSSV,0,,,,DUPG_01587,1040,780,5c1f3e40540a411e7736b1026cf76852bab13f228c0e8fdcc99eb490143ea406,9ce26c2bf92bbd26bfd3fa4722b2d5b5b61a1b1d8cc17d9205548223f1806180,ba07913b4ad8b565,DUPG_01587,unique,0,0,1,,target_candidate,target_adapt,2026.0
TSBD_WSSV_3319ef6f32,TSBD,,https://data.mendeley.com/datasets/9dj4sk5d55/1,10.17632/9dj4sk5d55.1,CC BY 4.0,WSSV/IMG-20240423-WA0009.jpg,IMG-20240423-WA0009.jpg,Penaeus_monodon,TigerShrimpBD metadata explicitly identifies tiger shrimp,WSSV,WSSV,0,,,,DUPG_01588,1040,780,87f0346abd2e4e0272b8a16645890b242c7ae05f1ac2570b0dbbed777074c421,3319ef6f32f88b0fa730d228ceb55e822addd195a6c4759c793cf81a0ee40651,ab2995764e83b16c,DUPG_01588,unique,0,0,1,,target_candidate,target_adapt,2026.0
TSBD_WSSV_1bb255e74b,TSBD,,https://data.mendeley.com/datasets/9dj4sk5d55/1,10.17632/9dj4sk5d55.1,CC BY 4.0,WSSV/IMG-20240423-WA0024.jpg,IMG-20240423-WA0024.jpg,Penaeus_monodon,TigerShrimpBD metadata explicitly identifies tiger shrimp,WSSV,WSSV,0,,,,DUPG_01590,780,1040,5134cbb8ac7199a2e68688fc1514ddd4a78b14c7857193093094b7e505bcd86d,1bb255e74b838fad103046dc73d9ede55b7096b792c8419fb0328d611be677ec,b8f1c3738741b946,DUPG_01590,unique,0,0,1,,target_candidate,target_adapt,2026.0
TSBD_WSSV_d45bc108bb,TSBD,,https://data.mendeley.com/datasets/9dj4sk5d55/1,10.17632/9dj4sk5d55.1,CC BY 4.0,WSSV/IMG-20240423-WA0039.jpg,IMG-20240423-WA0039.jpg,Penaeus_monodon,TigerShrimpBD metadata explicitly identifies tiger shrimp,WSSV,WSSV,0,,,,DUPG_01591,780,1040,14bb16e055c421109d06b8a3976e14aab47bd56c14862feb6a33c94dd419297d,d45bc108bb3bfc7e6387535080ee89fc391f4a907042d61067deba8cb539bdb3,e48d12b633935b17,DUPG_01591,unique,0,0,1,,target_candidate,target_adapt,2026.0
TSBD_WSSV_319f7dd222,TSBD,,https://data.mendeley.com/datasets/9dj4sk5d55/1,10.17632/9dj4sk5d55.1,CC BY 4.0,WSSV/IMG-20240423-WA0051.jpg,IMG-20240423-WA0051.jpg,Penaeus_monodon,TigerShrimpBD metadata explicitly identifies tiger shrimp,WSSV,WSSV,0,,,,DUPG_01592,780,1040,bf56dbfcb0eb04279f6b2d70936196680ed2c6aac419aa05075cc7b025f182b8,319f7dd22234cbb878230e87bd69ee5ff3a0a8eee2dbbd1d7effb1996d3f8156,b89c46134cb7e9b2,DUPG_01592,unique,0,0,1,,target_candidate,target_adapt,2026.0
TSBD_WSSV_72962540b9,TSBD,,https://data.mendeley.com/datasets/9dj4sk5d55/1,10.17632/9dj4sk5d55.1,CC BY 4.0,WSSV/IMG-20240423-WA0093.jpg,IMG-20240423-WA0093.jpg,Penaeus_monodon,TigerShrimpBD metadata explicitly identifies tiger shrimp,WSSV,WSSV,0,,,,DUPG_01593,1040,780,d812ddc7361b14f9b84f363874c70440688fded45d904bf9013f20749244202b,72962540b9c9794b28e2076f7f6b8ddefdd0aa9ff39573a9d3b14b28736509b5,fe49d0b725e28c0e,DUPG_01593,unique,0,0,1,,target_candidate,target_adapt,2026.0
TSBD_WSSV_cbc299712b,TSBD,,https://data.mendeley.com/datasets/9dj4sk5d55/1,10.17632/9dj4sk5d55.1,CC BY 4.0,WSSV/IMG-20240423-WA0102.jpg,IMG-20240423-WA0102.jpg,Penaeus_monodon,TigerShrimpBD metadata explicitly identifies tiger shrimp,WSSV,WSSV,0,,,,DUPG_01594,780,1040,1bacaaf521a3441a0d8dcda4f6333d439ef686d4b54b171ec0e3e1c16e1f9895,cbc299712bd9d99119e0b6a424d69c6dbd8fe5f41ef1c9d00a55bb46d95b97e8,b1b0ce4fca66826d,DUPG_01594,unique,0,0,1,,target_candidate,target_adapt,2026.0
TSBD_WSSV_4852ce6b3e,TSBD,,https://data.mendeley.com/datasets/9dj4sk5d55/1,10.17632/9dj4sk5d55.1,CC BY 4.0,WSSV/IMG-20240423-WA0106.jpg,IMG-20240423-WA0106.jpg,Penaeus_monodon,TigerShrimpBD metadata explicitly identifies tiger shrimp,WSSV,WSSV,0,,,,DUPG_01595,780,1040,47e70c1412b927ecdc7064bc093659e5c80ed36bf27f469e933f42514a508e1f,4852ce6b3e7a4af9b8a3ae2b18282d4eb945e9b7e62fe54802269505e5bf3947,9efcc638c087e427,DUPG_01595,unique,0,0,1,,target_candidate,target_adapt,2026.0
TSBD_WSSV_51c0f376ed,TSBD,,https://data.mendeley.com/datasets/9dj4sk5d55/1,10.17632/9dj4sk5d55.1,CC BY 4.0,WSSV/IMG-20240423-WA0107.jpg,IMG-20240423-WA0107.jpg,Penaeus_monodon,TigerShrimpBD metadata explicitly identifies tiger shrimp,WSSV,WSSV,0,,,,DUPG_01596,780,1040,3ca574797c6a6823c1b66da0816b2070c3557b36803cbb3e8b05ba75f9599467,51c0f376ed2cf46778032bf15791ee260f44712efc9e4d542ff1aa612b181c2f,b84a9ee3cc18e339,DUPG_01596,canonical,0,0,1,,target_candidate,target_adapt,2026.0
TSBD_WSSV_27c4e89064,TSBD,,https://data.mendeley.com/datasets/9dj4sk5d55/1,10.17632/9dj4sk5d55.1,CC BY 4.0,WSSV/IMG-20240423-WA0110.jpg,IMG-20240423-WA0110.jpg,Penaeus_monodon,TigerShrimpBD metadata explicitly identifies tiger shrimp,WSSV,WSSV,0,,,,DUPG_01597,780,1040,4e768b72163f61707dcd96e4613de6d756be7399195b12f0e1b82143f5816e91,27c4e890649994a3b95721bc7f71a51c435752e0678c9bf23c10447b778a03e8,9e7cf0cf43886790,DUPG_01597,unique,0,0,1,,target_candidate,target_adapt,2026.0
TSBD_WSSV_d31ea8472c,TSBD,,https://data.mendeley.com/datasets/9dj4sk5d55/1,10.17632/9dj4sk5d55.1,CC BY 4.0,WSSV/IMG-20240423-WA0114.jpg,IMG-20240423-WA0114.jpg,Penaeus_monodon,TigerShrimpBD metadata explicitly identifies tiger shrimp,WSSV,WSSV,0,,,,DUPG_01599,780,1040,26747c5fa3d660940785e33fcbd0b15f2e09bdf345093134a5c1800d824af569,d31ea8472c7128a68c53e80bfd43e365878a6b629dbce2c3ed44b6cb686cd1fe,b878f16887604eb7,DUPG_01599,unique,0,0,1,,target_candidate,target_adapt,2026.0
TSBD_WSSV_6fd089aca1,TSBD,,https://data.mendeley.com/datasets/9dj4sk5d55/1,10.17632/9dj4sk5d55.1,CC BY 4.0,WSSV/IMG-20240423-WA0134.jpg,IMG-20240423-WA0134.jpg,Penaeus_monodon,TigerShrimpBD metadata explicitly identifies tiger shrimp,WSSV,WSSV,0,,,,DUPG_01601,780,1040,9051abccb259ab70d3163749af20f54dbcf341dcc297ba94e522012a8263c085,6fd089aca1e28e70850eb4b54212b63e273c7c9c9d1f9febf8f2c0a15cad8f05,b98fc79ec8c843e0,DUPG_01601,unique,0,0,1,,target_candidate,target_adapt,2026.0
TSBD_WSSV_7131cb4d1e,TSBD,,https://data.mendeley.com/datasets/9dj4sk5d55/1,10.17632/9dj4sk5d55.1,CC BY 4.0,WSSV/IMG-20240423-WA0141.jpg,IMG-20240423-WA0141.jpg,Penaeus_monodon,TigerShrimpBD metadata explicitly identifies tiger shrimp,WSSV,WSSV,0,,,,DUPG_01603,780,1040,7e2806125c03a9bad90eea2980c80c4feccb7cd08d665503da6b321f6b030268,7131cb4d1e87a03244f3feedf46ebc310257b1225ce7f61718f39fb4e3158121,b03c98cbce1cce78,DUPG_01603,unique,0,0,1,,target_candidate,target_adapt,2026.0
TSBD_WSSV_d1629a0715,TSBD,,https://data.mendeley.com/datasets/9dj4sk5d55/1,10.17632/9dj4sk5d55.1,CC BY 4.0,WSSV/IMG-20240423-WA0150.jpg,IMG-20240423-WA0150.jpg,Penaeus_monodon,TigerShrimpBD metadata explicitly identifies tiger shrimp,WSSV,WSSV,0,,,,DUPG_01605,780,1040,95dc9a0897f7d9e7a67e6d093ae7c6281b8127f54b2ba1702607d6e357dca2a7,d1629a0715a29ad8769472edbe850e7039b6cfd0a884a3b9c4a4f816541ded71,b8f1c38f86689cc6,DUPG_01605,unique,0,0,1,,target_candidate,target_adapt,2026.0
TSBD_WSSV_8ecaf0ac01,TSBD,,https://data.mendeley.com/datasets/9dj4sk5d55/1,10.17632/9dj4sk5d55.1,CC BY 4.0,WSSV/IMG-20240423-WA0159.jpg,IMG-20240423-WA0159.jpg,Penaeus_monodon,TigerShrimpBD metadata explicitly identifies tiger shrimp,WSSV,WSSV,0,,,,DUPG_01606,780,1040,9a261fbb28bfb4a760c65222dcf423f472e2fc174bd89f1e781a4c14652b014f,8ecaf0ac01a6e354f9988adab1495d94eeff677101f06aaa75614c8ab91464c4,bc3c63b8cc938c36,DUPG_01606,unique,0,0,1,,target_candidate,target_adapt,2026.0
TSBD_WSSV_af3c48a08c,TSBD,,https://data.mendeley.com/datasets/9dj4sk5d55/1,10.17632/9dj4sk5d55.1,CC BY 4.0,WSSV/IMG-20240423-WA0197.jpg,IMG-20240423-WA0197.jpg,Penaeus_monodon,TigerShrimpBD metadata explicitly identifies tiger shrimp,WSSV,WSSV,0,,,,DUPG_01609,1040,780,a3c1e884f5aba7e483f7e30db5b6fdc171100a352b9d9b087dc6da31d89ffb46,af3c48a08c34c1cc4e1548f7fc978dc5560df50aa64290fbd41a32245f587c78,ab73d1d26463cc8c,DUPG_01609,unique,0,0,1,,target_candidate,target_adapt,2026.0
TSBD_WSSV_3dae79f506,TSBD,,https://data.mendeley.com/datasets/9dj4sk5d55/1,10.17632/9dj4sk5d55.1,CC BY 4.0,WSSV/IMG-20240423-WA0203.jpg,IMG-20240423-WA0203.jpg,Penaeus_monodon,TigerShrimpBD metadata explicitly identifies tiger shrimp,WSSV,WSSV,0,,,,DUPG_01612,1040,780,22ed4f9f25cd871cb18a95e6efbffa4fd46e1db71cf343858203b8794303a0b6,3dae79f50615c5c6cd7dd499ce673fbd4d5d6ee15b25d2f8be72f3da5a0c35c9,bbb0d0e56d38d846,DUPG_01612,unique,0,0,1,,target_candidate,target_adapt,2026.0
TSBD_WSSV_80515fe4b2,TSBD,,https://data.mendeley.com/datasets/9dj4sk5d55/1,10.17632/9dj4sk5d55.1,CC BY 4.0,WSSV/IMG-20240423-WA0206.jpg,IMG-20240423-WA0206.jpg,Penaeus_monodon,TigerShrimpBD metadata explicitly identifies tiger shrimp,WSSV,WSSV,0,,,,DUPG_01614,1040,780,453693e309038bf70639f4f8f8fbc4699a5566abbdd431be8b5012b3cb4752ac,80515fe4b2214f6ea05027bfef728f35ff06143e66cf3cc3cb5197d4879afe61,a163d6b56d6e4a12,DUPG_01614,unique,0,0,1,,target_candidate,target_adapt,2026.0
TSBD_WSSV_aee31f5ae6,TSBD,,https://data.mendeley.com/datasets/9dj4sk5d55/1,10.17632/9dj4sk5d55.1,CC BY 4.0,WSSV/IMG-20240423-WA0208.jpg,IMG-20240423-WA0208.jpg,Penaeus_monodon,TigerShrimpBD metadata explicitly identifies tiger shrimp,WSSV,WSSV,0,,,,DUPG_01615,1040,780,32c2877120e08e99ecca464fcffe5b58e270d0ec4fc78c0b951e372c4da231d0,aee31f5ae67f8966aed7c5deadd3856f68d3e309a611ce86d97e380b6e32d69e,b519d2f2363c0dcc,DUPG_01615,unique,0,0,1,,target_candidate,target_adapt,2026.0
TSBD_WSSV_0ef579b068,TSBD,,https://data.mendeley.com/datasets/9dj4sk5d55/1,10.17632/9dj4sk5d55.1,CC BY 4.0,WSSV/IMG-20240423-WA0209.jpg,IMG-20240423-WA0209.jpg,Penaeus_monodon,TigerShrimpBD metadata explicitly identifies tiger shrimp,WSSV,WSSV,0,,,,DUPG_01616,1040,780,59af3e9770f107ae78add3cd4f2ff0fe8afb71f532d238a51cfa0612019a8b17,0ef579b068c4821d3191f6a225263afafdd33100b1d4a807d228544f8a415a60,ba76d66169988c66,DUPG_01616,unique,0,0,1,,target_candidate,target_adapt,2026.0
TSBD_WSSV_f70db8236e,TSBD,,https://data.mendeley.com/datasets/9dj4sk5d55/1,10.17632/9dj4sk5d55.1,CC BY 4.0,WSSV/IMG-20240423-WA0221.jpg,IMG-20240423-WA0221.jpg,Penaeus_monodon,TigerShrimpBD metadata explicitly identifies tiger shrimp,WSSV,WSSV,0,,,,DUPG_01619,1040,780,833e0487955a912547feeb88d47be26619abcab92bb7a92b13c6b50fdb705f11,f70db8236e9c46801c1c98f8776235835aa4a9f1542f0c03bb0121605dff9d18,b970968f647aca94,DUPG_01619,unique,0,0,1,,target_candidate,target_adapt,2026.0
TSBD_WSSV_36e3c23fc4,TSBD,,https://data.mendeley.com/datasets/9dj4sk5d55/1,10.17632/9dj4sk5d55.1,CC BY 4.0,WSSV/IMG-20240423-WA0224.jpg,IMG-20240423-WA0224.jpg,Penaeus_monodon,TigerShrimpBD metadata explicitly identifies tiger shrimp,WSSV,WSSV,0,,,,DUPG_01620,1040,780,3bb475b40fb972da4aad9b1caba8819862de83d6451ae4df04a4d1823f8e40ec,36e3c23fc4550002d27a4bc28a7358ee85eebe310b5cb08bc9e0fd0c96992f24,be61919693b9cc8a,DUPG_01620,canonical,0,0,1,,target_candidate,target_adapt,2026.0
TSBD_WSSV_7e34390794,TSBD,,https://data.mendeley.com/datasets/9dj4sk5d55/1,10.17632/9dj4sk5d55.1,CC BY 4.0,WSSV/IMG-20240423-WA0235.jpg,IMG-20240423-WA0235.jpg,Penaeus_monodon,TigerShrimpBD metadata explicitly identifies tiger shrimp,WSSV,WSSV,0,,,,DUPG_01622,1040,780,8735c2aee41da735d35e7537e1799542eeee1ff11a414e9a71df52e79efc8710,7e34390794a4b073dd60a0b4bf59bc8dd8952bddbbae2289dd08480d6319a656,b535c693646c4979,DUPG_01622,unique,0,0,1,,target_candidate,target_adapt,2026.0
TSBD_WSSV_bd80b0d581,TSBD,,https://data.mendeley.com/datasets/9dj4sk5d55/1,10.17632/9dj4sk5d55.1,CC BY 4.0,WSSV/IMG-20240423-WA0238.jpg,IMG-20240423-WA0238.jpg,Penaeus_monodon,TigerShrimpBD metadata explicitly identifies tiger shrimp,WSSV,WSSV,0,,,,DUPG_01623,1040,780,82fd79a59abd479fdeca6c4c43cab69acf8de0b9700ed03d3f6264eb9de2e003,bd80b0d5813c375512d0803a76210e11d344cfc97ca6c4066205cce27fab4fab,b534d693b26ccd12,DUPG_01623,unique,0,0,1,,target_candidate,target_adapt,2026.0
TSBD_WSSV_a456bae923,TSBD,,https://data.mendeley.com/datasets/9dj4sk5d55/1,10.17632/9dj4sk5d55.1,CC BY 4.0,WSSV/IMG-20240423-WA0241.jpg,IMG-20240423-WA0241.jpg,Penaeus_monodon,TigerShrimpBD metadata explicitly identifies tiger shrimp,WSSV,WSSV,0,,,,DUPG_01624,1040,780,c95d2526bb4fbe1d2dd5d4de8b1fead38839ce06ac99e04fab604a022acd00c8,a456bae923ba58a9322f36214039a28306b856312de57d63db169ddf5bc624c1,a4d6c9f139cdc330,DUPG_01624,unique,0,0,1,,target_candidate,target_adapt,2026.0
TSBD_WSSV_b6178797f6,TSBD,,https://data.mendeley.com/datasets/9dj4sk5d55/1,10.17632/9dj4sk5d55.1,CC BY 4.0,WSSV/IMG-20240423-WA0249.jpg,IMG-20240423-WA0249.jpg,Penaeus_monodon,TigerShrimpBD metadata explicitly identifies tiger shrimp,WSSV,WSSV,0,,,,DUPG_01625,1040,780,414425e6f9aa5a397b9329ffffba0f188f762639a19387a4c5ee95233ee3ace4,b6178797f6f3f0f0c9b9675a36ddf88ca3782683e7d8b62f3038c63c5af45218,b8fc9ecc07d3d005,DUPG_01625,unique,0,0,1,,target_candidate,target_adapt,2026.0
TSBD_WSSV_69762898eb,TSBD,,https://data.mendeley.com/datasets/9dj4sk5d55/1,10.17632/9dj4sk5d55.1,CC BY 4.0,WSSV/IMG-20240423-WA0269.jpg,IMG-20240423-WA0269.jpg,Penaeus_monodon,TigerShrimpBD metadata explicitly identifies tiger shrimp,WSSV,WSSV,0,,,,DUPG_01628,1040,780,bbb430a2052b5a93aea7eb799960bc33e34a519e1eca003091afa513135734f4,69762898eb12bb2d8b402f34ed78bc741346ac33e6109741f46337b23ead9d1b,aebfc7a4e8c89025,DUPG_01628,unique,0,0,1,,target_candidate,target_adapt,2026.0
TSBD_WSSV_a73de688c2,TSBD,,https://data.mendeley.com/datasets/9dj4sk5d55/1,10.17632/9dj4sk5d55.1,CC BY 4.0,WSSV/IMG-20240423-WA0271.jpg,IMG-20240423-WA0271.jpg,Penaeus_monodon,TigerShrimpBD metadata explicitly identifies tiger shrimp,WSSV,WSSV,0,,,,DUPG_01629,1040,780,ef574ffcf0dd191b1b4307728a6ada937c97be30b165abd92d8c5a61486120e3,a73de688c2798f2496e855d881dc803864a62670711382579c4e5b105b261899,acadc68ec96333c1,DUPG_01629,unique,0,0,1,,target_candidate,target_adapt,2026.0
TSBD_WSSV_03cb710db8,TSBD,,https://data.mendeley.com/datasets/9dj4sk5d55/1,10.17632/9dj4sk5d55.1,CC BY 4.0,WSSV/IMG-20240423-WA0273.jpg,IMG-20240423-WA0273.jpg,Penaeus_monodon,TigerShrimpBD metadata explicitly identifies tiger shrimp,WSSV,WSSV,0,,,,DUPG_01630,1040,780,c5bcaa0a61f9a2acc28f6dd04672ea4727eb9093169ac96bba0277634d375907,03cb710db8e78a2b37ab3e841a182296ee9a881d345f49f6005d4a55c07d246f,aa31d042f1a7ed6c,DUPG_01630,unique,0,0,1,,target_candidate,target_adapt,2026.0
TSBD_WSSV_7f2c043791,TSBD,,https://data.mendeley.com/datasets/9dj4sk5d55/1,10.17632/9dj4sk5d55.1,CC BY 4.0,WSSV/IMG-20240423-WA0275.jpg,IMG-20240423-WA0275.jpg,Penaeus_monodon,TigerShrimpBD metadata explicitly identifies tiger shrimp,WSSV,WSSV,0,,,,DUPG_01631,1040,780,491933948d92e844744a44d868067e6473d9c2b4bf8a053630d0ff740f1657ec,7f2c04379100d966156abb9b96ca47e3b7ffeaeecf66011f6931fc48b1c26db4,a1bb90c46f2ff414,DUPG_01631,unique,0,0,1,,target_candidate,target_adapt,2026.0
TSBD_WSSV_426ff318e2,TSBD,,https://data.mendeley.com/datasets/9dj4sk5d55/1,10.17632/9dj4sk5d55.1,CC BY 4.0,WSSV/IMG-20240423-WA0280.jpg,IMG-20240423-WA0280.jpg,Penaeus_monodon,TigerShrimpBD metadata explicitly identifies tiger shrimp,WSSV,WSSV,0,,,,DUPG_01633,1040,780,4d2facc6f1513535c136a187e2348a9bfd910da4a6b12f48f0384b97fb6ed22b,426ff318e28f15401b21a38490d64c01fb39c04ff0448e41ecc0c20398e007e2,bd6fc2f0306c4d91,DUPG_01633,unique,0,0,1,,target_candidate,target_adapt,2026.0
TSBD_WSSV_3cb87dc046,TSBD,,https://data.mendeley.com/datasets/9dj4sk5d55/1,10.17632/9dj4sk5d55.1,CC BY 4.0,WSSV/IMG-20240423-WA0283.jpg,IMG-20240423-WA0283.jpg,Penaeus_monodon,TigerShrimpBD metadata explicitly identifies tiger shrimp,WSSV,WSSV,0,,,,DUPG_01634,1040,780,d700125c5bd5057e2851c6da13ab0692ddd0d61b199d7b6adf392bea06d320d7,3cb87dc0466f5531cddd64306d96ddf996816ab7673fe0c2c7271f49d0572182,aa7e95c5c95898b4,DUPG_01634,unique,0,0,1,,target_candidate,target_adapt,2026.0
TSBD_WSSV_4c414428d2,TSBD,,https://data.mendeley.com/datasets/9dj4sk5d55/1,10.17632/9dj4sk5d55.1,CC BY 4.0,WSSV/IMG-20240423-WA0285.jpg,IMG-20240423-WA0285.jpg,Penaeus_monodon,TigerShrimpBD metadata explicitly identifies tiger shrimp,WSSV,WSSV,0,,,,DUPG_01635,1040,780,d90f4e102fe5b7adbd5d2810467a86475fba6f15ec73485d9332dd81a33adab9,4c414428d24a02ac5e54df8386a8fd135777a6e2c8604441451ad942920a9309,a17690db4be59417,DUPG_01635,unique,0,0,1,,target_candidate,target_adapt,2026.0
TSBD_WSSV_4896029d97,TSBD,,https://data.mendeley.com/datasets/9dj4sk5d55/1,10.17632/9dj4sk5d55.1,CC BY 4.0,WSSV/IMG-20240423-WA0286.jpg,IMG-20240423-WA0286.jpg,Penaeus_monodon,TigerShrimpBD metadata explicitly identifies tiger shrimp,WSSV,WSSV,0,,,,DUPG_01636,1040,780,6b4a7346d3169b62bf759e94fb34d08263fd99db9f268f6aab72f6592b59ce4f,4896029d971c75b32678d321dcc3156f2a21f037e4f8ab29088ea8dc7e3a7187,a979d0d396f44c68,DUPG_01636,unique,0,0,1,,target_candidate,target_adapt,2026.0
TSBD_WSSV_c549f00277,TSBD,,https://data.mendeley.com/datasets/9dj4sk5d55/1,10.17632/9dj4sk5d55.1,CC BY 4.0,WSSV/IMG-20240423-WA0288.jpg,IMG-20240423-WA0288.jpg,Penaeus_monodon,TigerShrimpBD metadata explicitly identifies tiger shrimp,WSSV,WSSV,0,,,,DUPG_01637,1040,780,117f9678ae84470fa8d6517fd162f32d293308ccac8adfe8980be9d0bc468a97,c549f00277bdd3a6a2655fbd92f5badf10d98dad4efd059d9cc37a76aa119f7c,ab6fd6c0c8689cb4,DUPG_01637,unique,0,0,1,,target_candidate,target_adapt,2026.0
TSBD_WSSV_254bdb9f4d,TSBD,,https://data.mendeley.com/datasets/9dj4sk5d55/1,10.17632/9dj4sk5d55.1,CC BY 4.0,WSSV/IMG-20240423-WA0290.jpg,IMG-20240423-WA0290.jpg,Penaeus_monodon,TigerShrimpBD metadata explicitly identifies tiger shrimp,WSSV,WSSV,0,,,,DUPG_01638,1040,780,772c971f4079d1e857ec4f0e5ed964d272791b972f6b2de0a027b7dcd6aa3b54,254bdb9f4d49bfbde710dade3ec0920a2a32345530b18ccfff6c8195beec162a,a978d2870f7d6a12,DUPG_01638,unique,0,0,1,,target_candidate,target_adapt,2026.0
TSBD_WSSV_b0447870c0,TSBD,,https://data.mendeley.com/datasets/9dj4sk5d55/1,10.17632/9dj4sk5d55.1,CC BY 4.0,WSSV/IMG-20240423-WA0303.jpg,IMG-20240423-WA0303.jpg,Penaeus_monodon,TigerShrimpBD metadata explicitly identifies tiger shrimp,WSSV,WSSV,0,,,,DUPG_01639,1040,780,9ebc8f113979d16b3d703ff1fcae247427f007a49598f9a5428d8be26e897469,b0447870c0b8b5d7fc859e78a231057467e9052be1a2e9bc30305d5daa0381ba,adb0d0cf4fb61470,DUPG_01639,unique,0,0,1,,target_candidate,target_adapt,2026.0
TSBD_WSSV_754fa3c73d,TSBD,,https://data.mendeley.com/datasets/9dj4sk5d55/1,10.17632/9dj4sk5d55.1,CC BY 4.0,WSSV/IMG-20240423-WA0306.jpg,IMG-20240423-WA0306.jpg,Penaeus_monodon,TigerShrimpBD metadata explicitly identifies tiger shrimp,WSSV,WSSV,0,,,,DUPG_01640,1040,780,3a90d4e8648188614391367a1205093648adf5247fe78fc2a590e22d38e290e6,754fa3c73d5a47a077a87b8c0ffb60b23ab5af94525cd26c6a1ddc3877fdaa56,b46392ca6d739159,DUPG_01640,unique,0,0,1,,target_candidate,target_adapt,2026.0
TSBD_WSSV_9937a0424b,TSBD,,https://data.mendeley.com/datasets/9dj4sk5d55/1,10.17632/9dj4sk5d55.1,CC BY 4.0,WSSV/IMG-20240423-WA0311.jpg,IMG-20240423-WA0311.jpg,Penaeus_monodon,TigerShrimpBD metadata explicitly identifies tiger shrimp,WSSV,WSSV,0,,,,DUPG_01642,1040,780,8aadc73d1221a9b631522cebbf0bbf3290c02a1bbfe7d1cfd453b58677b32f08,9937a0424b503b3adab0e32039bf81b26823e90dc6f42b0fbad6fb3c8726537a,b46b92ca4d72931d,DUPG_01642,unique,0,0,1,,target_candidate,target_adapt,2026.0
TSBD_WSSV_6fa84e41c3,TSBD,,https://data.mendeley.com/datasets/9dj4sk5d55/1,10.17632/9dj4sk5d55.1,CC BY 4.0,WSSV/IMG-20240423-WA0314.jpg,IMG-20240423-WA0314.jpg,Penaeus_monodon,TigerShrimpBD metadata explicitly identifies tiger shrimp,WSSV,WSSV,0,,,,DUPG_01644,1040,780,9cd2626fa5a8c0bf9a16c8732e3049e8146fc7fd5faf9fc8024509be1149016a,6fa84e41c3763030a498eaef028048c1aaa727d7a44e835355ba22128e51e48c,a56b8cd69174287d,DUPG_01644,unique,0,0,1,,target_candidate,target_adapt,2026.0
TSBD_WSSV_577000701d,TSBD,,https://data.mendeley.com/datasets/9dj4sk5d55/1,10.17632/9dj4sk5d55.1,CC BY 4.0,WSSV/IMG-20240423-WA0317.jpg,IMG-20240423-WA0317.jpg,Penaeus_monodon,TigerShrimpBD metadata explicitly identifies tiger shrimp,WSSV,WSSV,0,,,,DUPG_01645,1040,780,b6e6e8481c80d3ea2264a0add82dda74238677bd32f05be663c109ea06104410,577000701d9d2ff2fa1fd04e7296d2c181b7723f562eaad6540c96061a46ec6b,aff0946f2191f072,DUPG_01645,unique,0,0,1,,target_candidate,target_adapt,2026.0
TSBD_WSSV_7562704d32,TSBD,,https://data.mendeley.com/datasets/9dj4sk5d55/1,10.17632/9dj4sk5d55.1,CC BY 4.0,WSSV/IMG-20240423-WA0328.jpg,IMG-20240423-WA0328.jpg,Penaeus_monodon,TigerShrimpBD metadata explicitly identifies tiger shrimp,WSSV,WSSV,0,,,,DUPG_01646,1040,780,3261d5252357477199a18f516d94759d1b2a94d7348bb06b43324b53fc47b671,7562704d3284c783b5ac6c8c8f81664933156cd019e14bf5eca415ca1f2bbae1,b87f97c84f21b40a,DUPG_01646,unique,0,0,1,,target_candidate,target_adapt,2026.0
TSBD_WSSV_ab987277c7,TSBD,,https://data.mendeley.com/datasets/9dj4sk5d55/1,10.17632/9dj4sk5d55.1,CC BY 4.0,WSSV/IMG-20240423-WA0333.jpg,IMG-20240423-WA0333.jpg,Penaeus_monodon,TigerShrimpBD metadata explicitly identifies tiger shrimp,WSSV,WSSV,0,,,,DUPG_01647,1040,780,fa725191d8b38f8d71dd1c9e6124f4e24a8556c789283712910bb2d19d2b5dd7,ab987277c79a867a9734523ac486d186ac809cf035a6d267da86179bc58e9620,bad8d4654dca9235,DUPG_01647,unique,0,0,1,,target_candidate,target_adapt,2026.0
TSBD_WSSV_1beeeafcb8,TSBD,,https://data.mendeley.com/datasets/9dj4sk5d55/1,10.17632/9dj4sk5d55.1,CC BY 4.0,WSSV/IMG-20240423-WA0336.jpg,IMG-20240423-WA0336.jpg,Penaeus_monodon,TigerShrimpBD metadata explicitly identifies tiger shrimp,WSSV,WSSV,0,,,,DUPG_01648,1040,780,7cead13cd00682fdaa2f1d494a41d4d9facee470c7ce9bf84de5c9f638caa5c8,1beeeafcb8de8fef4f16bfba03c13a447124b2572be55f3342d5c059034b3093,aade94b52d4ad234,DUPG_01648,unique,0,0,1,,target_candidate,target_adapt,2026.0
TSBD_WSSV_e7254cc0d4,TSBD,,https://data.mendeley.com/datasets/9dj4sk5d55/1,10.17632/9dj4sk5d55.1,CC BY 4.0,WSSV/IMG-20240423-WA0341.jpg,IMG-20240423-WA0341.jpg,Penaeus_monodon,TigerShrimpBD metadata explicitly identifies tiger shrimp,WSSV,WSSV,0,,,,DUPG_01650,1040,780,31098e2af6eedaaeda2be5cc52674a312d5faae543709835a267997d192c1968,e7254cc0d4c18a6be54a05865f728a37dc0239dac4c8ee96a7f3953513018cc7,ba71954e68bdc470,DUPG_01650,unique,0,0,1,,target_candidate,target_adapt,2026.0
TSBD_WSSV_b5a8a126ab,TSBD,,https://data.mendeley.com/datasets/9dj4sk5d55/1,10.17632/9dj4sk5d55.1,CC BY 4.0,WSSV/IMG-20240423-WA0342.jpg,IMG-20240423-WA0342.jpg,Penaeus_monodon,TigerShrimpBD metadata explicitly identifies tiger shrimp,WSSV,WSSV,0,,,,DUPG_01651,1040,780,92f9228310811988fba3f85b9b91a6bcf48f53f4db2604b2dbdd1c6514ceebde,b5a8a126ab5949fc820b0ea02bd24ea507b4760d35af5c2de3be20679db2289e,bbdb90344f42d4c5,DUPG_01651,unique,0,0,1,,target_candidate,target_adapt,2026.0
TSBD_WSSV_13e41ad5ef,TSBD,,https://data.mendeley.com/datasets/9dj4sk5d55/1,10.17632/9dj4sk5d55.1,CC BY 4.0,WSSV/IMG-20240423-WA0344.jpg,IMG-20240423-WA0344.jpg,Penaeus_monodon,TigerShrimpBD metadata explicitly identifies tiger shrimp,WSSV,WSSV,0,,,,DUPG_01652,1040,780,5fe697d1b88089b71e57b38cd61a6d66a7155bc3ed64c39e81564b1ebbb04e03,13e41ad5ef02026b0650dd585ffdb30bc48986f724cac106a2e7d2d19ee1a2c9,bbf0956a6cb5c260,DUPG_01652,unique,0,0,1,,target_candidate,target_adapt,2026.0
TSBD_WSSV_5dd3dca816,TSBD,,https://data.mendeley.com/datasets/9dj4sk5d55/1,10.17632/9dj4sk5d55.1,CC BY 4.0,WSSV/IMG-20240423-WA0345.jpg,IMG-20240423-WA0345.jpg,Penaeus_monodon,TigerShrimpBD metadata explicitly identifies tiger shrimp,WSSV,WSSV,0,,,,DUPG_01653,1040,780,bda41cd98e184632c452135b7b7e46a33094fc0d4d79d316b4f80fa8f89e8a7c,5dd3dca816aeebc853a538d1ce1b2501d09eb44ed4d429b0d8cb114899519525,afb4904a6ce57472,DUPG_01653,unique,0,0,1,,target_candidate,target_adapt,2026.0
TSBD_WSSV_084f7a072a,TSBD,,https://data.mendeley.com/datasets/9dj4sk5d55/1,10.17632/9dj4sk5d55.1,CC BY 4.0,WSSV/IMG-20240423-WA0352.jpg,IMG-20240423-WA0352.jpg,Penaeus_monodon,TigerShrimpBD metadata explicitly identifies tiger shrimp,WSSV,WSSV,0,,,,DUPG_01655,1040,780,a76463f7a6a2cbb6aab1a5ea4b0383d864c0049c3f4d0daa6537538dfb8c2e08,084f7a072a9cea5b25f70331201d96ae2ad43b64ff46ab8723b63bd7d5e931f0,b62cc4c8d8f3c63c,DUPG_01655,unique,0,0,1,,target_candidate,target_adapt,2026.0
TSBD_WSSV_7d1aec7b17,TSBD,,https://data.mendeley.com/datasets/9dj4sk5d55/1,10.17632/9dj4sk5d55.1,CC BY 4.0,WSSV/IMG-20240423-WA0358.jpg,IMG-20240423-WA0358.jpg,Penaeus_monodon,TigerShrimpBD metadata explicitly identifies tiger shrimp,WSSV,WSSV,0,,,,DUPG_01656,1040,780,270ecb4d8429a0c3519759fd7cc352000e9fbef3eb2873fe15f11b9c7338176c,7d1aec7b177fa9c96e16fef53e9bfd2e53e377139ceaf6a3c92ff4deb5d38152,ae2ed795684a9a92,DUPG_01656,unique,0,0,1,,target_candidate,target_adapt,2026.0
TSBD_WSSV_93545fad41,TSBD,,https://data.mendeley.com/datasets/9dj4sk5d55/1,10.17632/9dj4sk5d55.1,CC BY 4.0,WSSV/IMG-20240423-WA0361.jpg,IMG-20240423-WA0361.jpg,Penaeus_monodon,TigerShrimpBD metadata explicitly identifies tiger shrimp,WSSV,WSSV,0,,,,DUPG_01657,1040,780,a068e73066a75070f7ad18746c6782d12b55b1f092f9188f846fea6ebb54cfe3,93545fad417256e74c81b6cc4fb64272a1ac6f002351d6696d794c7b41fb7e3c,af68d095e04bd8d6,DUPG_01657,unique,0,0,1,,target_candidate,target_adapt,2026.0
TSBD_WSSV_ef783ed00d,TSBD,,https://data.mendeley.com/datasets/9dj4sk5d55/1,10.17632/9dj4sk5d55.1,CC BY 4.0,WSSV/IMG-20240423-WA0363.jpg,IMG-20240423-WA0363.jpg,Penaeus_monodon,TigerShrimpBD metadata explicitly identifies tiger shrimp,WSSV,WSSV,0,,,,DUPG_01658,1040,780,556142fe85326c785d9a5ec99221ecc7dc2a82d3626da1c84231c057c1115586,ef783ed00d1620746333f12f993ca3c3a5d32470cf92a9dbf26359db37e5579a,ae2fd5246cca9235,DUPG_01658,unique,0,0,1,,target_candidate,target_adapt,2026.0
TSBD_WSSV_8b081aa68f,TSBD,,https://data.mendeley.com/datasets/9dj4sk5d55/1,10.17632/9dj4sk5d55.1,CC BY 4.0,WSSV/IMG-20240423-WA0365.jpg,IMG-20240423-WA0365.jpg,Penaeus_monodon,TigerShrimpBD metadata explicitly identifies tiger shrimp,WSSV,WSSV,0,,,,DUPG_01659,1040,780,587119cab193ba466db5302f8e62093dc946f34feae466159b6dfa1d0fbcbcf8,8b081aa68f061c9b57a309269ca7f325efe85e8c36df1e1ce540d3abcf3071d1,aa65d55268a5d479,DUPG_01659,unique,0,0,1,,target_candidate,target_adapt,2026.0
TSBD_WSSV_6afbaad0ae,TSBD,,https://data.mendeley.com/datasets/9dj4sk5d55/1,10.17632/9dj4sk5d55.1,CC BY 4.0,WSSV/IMG-20240423-WA0369.jpg,IMG-20240423-WA0369.jpg,Penaeus_monodon,TigerShrimpBD metadata explicitly identifies tiger shrimp,WSSV,WSSV,0,,,,DUPG_01660,1040,780,2f0e42fc1b3f23e2325381b8aa8f893701f77f8dce3a2294e7a6ca866a59fdcc,6afbaad0ae6be6a07e50d4798a267b967373ac63ba6e3e0ac7d8ef409b9da282,a856c129ca9af575,DUPG_01660,unique,0,0,1,,target_candidate,target_adapt,2026.0
TSBD_WSSV_9223e4a32b,TSBD,,https://data.mendeley.com/datasets/9dj4sk5d55/1,10.17632/9dj4sk5d55.1,CC BY 4.0,WSSV/IMG-20240423-WA0370.jpg,IMG-20240423-WA0370.jpg,Penaeus_monodon,TigerShrimpBD metadata explicitly identifies tiger shrimp,WSSV,WSSV,0,,,,DUPG_01661,1040,780,0c939594455b17d8bd351a857e656bf36b9f9f5b62e3bdf0e1ce9bfbb4649059,9223e4a32bc7e0046aec95593ae7403a392c1f5fe2c6bc9dd250e749e0bf2ae9,ae4dc2bcf264c839,DUPG_01661,unique,0,0,1,,target_candidate,target_adapt,2026.0
TSBD_WSSV_98ea43065f,TSBD,,https://data.mendeley.com/datasets/9dj4sk5d55/1,10.17632/9dj4sk5d55.1,CC BY 4.0,WSSV/IMG-20240423-WA0372.jpg,IMG-20240423-WA0372.jpg,Penaeus_monodon,TigerShrimpBD metadata explicitly identifies tiger shrimp,WSSV,WSSV,0,,,,DUPG_01662,1040,780,ccbf5467b46f7ed28d78d464e5f0903dd4edf5037e959405455678672c1c81b8,98ea43065f6beb72146a265d69ec3076e76e45ad45ac38cde84c72476dd8fda8,aad8d4cc2f799291,DUPG_01662,unique,0,0,1,,target_candidate,target_adapt,2026.0
TSBD_WSSV_eb247f0a00,TSBD,,https://data.mendeley.com/datasets/9dj4sk5d55/1,10.17632/9dj4sk5d55.1,CC BY 4.0,WSSV/IMG-20240423-WA0386.jpg,IMG-20240423-WA0386.jpg,Penaeus_monodon,TigerShrimpBD metadata explicitly identifies tiger shrimp,WSSV,WSSV,0,,,,DUPG_01664,1040,780,5804c0619339c6cbc62d1215e4d4340b049a3635cc02891191fbc4711f5e4a36,eb247f0a00acc8ee1a07777860382db8c5abd4d57189f02d94aaa46c5e1ad88e,ac21d1df96694d19,DUPG_01664,unique,0,0,1,,target_candidate,target_adapt,2026.0
TSBD_WSSV_97fa50601b,TSBD,,https://data.mendeley.com/datasets/9dj4sk5d55/1,10.17632/9dj4sk5d55.1,CC BY 4.0,WSSV/IMG-20240423-WA0390.jpg,IMG-20240423-WA0390.jpg,Penaeus_monodon,TigerShrimpBD metadata explicitly identifies tiger shrimp,WSSV,WSSV,0,,,,DUPG_01666,1040,780,e3cfad9d4decd21c9d8f855751971492a0a33f72bb9595839543aa9b42c9c6b1,97fa50601bdae19b5b400a12a2a78cef1623484a9adbcf475514ad2de92be1a8,ae85c8df22654fc8,DUPG_01666,unique,0,0,1,,target_candidate,target_adapt,2026.0
TSBD_WSSV_8b6c4507a2,TSBD,,https://data.mendeley.com/datasets/9dj4sk5d55/1,10.17632/9dj4sk5d55.1,CC BY 4.0,WSSV/IMG-20240423-WA0393.jpg,IMG-20240423-WA0393.jpg,Penaeus_monodon,TigerShrimpBD metadata explicitly identifies tiger shrimp,WSSV,WSSV,0,,,,DUPG_01667,1040,780,0105a99441c373d164460f3b2df91fd1fb53ba5c125fce04282561af9307fe73,8b6c4507a2629a782a07e10f767d391d7996bcf74ac301048b0d95d0b5d111a5,ab1b81367dc7b038,DUPG_01667,unique,0,0,1,,target_candidate,target_adapt,2026.0
TSBD_WSSV_5c925439ac,TSBD,,https://data.mendeley.com/datasets/9dj4sk5d55/1,10.17632/9dj4sk5d55.1,CC BY 4.0,WSSV/IMG-20240423-WA0396.jpg,IMG-20240423-WA0396.jpg,Penaeus_monodon,TigerShrimpBD metadata explicitly identifies tiger shrimp,WSSV,WSSV,0,,,,DUPG_01668,1040,780,7f9f74b8d01ec3529f55c40eb27add6c4952c5ce1c0d88837c668d6d969f3c63,5c925439acccae92fa13f60cff11f3aadfcaed2cb485dfcbf0b10dd2e555bcd1,b61b8294f16dcb62,DUPG_01668,unique,0,0,1,,target_candidate,target_adapt,2026.0
TSBD_WSSV_1d810bc413,TSBD,,https://data.mendeley.com/datasets/9dj4sk5d55/1,10.17632/9dj4sk5d55.1,CC BY 4.0,WSSV/IMG-20240423-WA0398.jpg,IMG-20240423-WA0398.jpg,Penaeus_monodon,TigerShrimpBD metadata explicitly identifies tiger shrimp,WSSV,WSSV,0,,,,DUPG_01669,1040,780,614403526464c552689ae3764070b72a1cb33fab1dda9a58616e2da6202fa244,1d810bc4139e70379d2c961e39680bcc9176f45a68fccc2ca3c7412b47ac3795,a35cd435e5c95a52,DUPG_01669,unique,0,0,1,,target_candidate,target_adapt,2026.0
TSBD_WSSV_26de7fcd80,TSBD,,https://data.mendeley.com/datasets/9dj4sk5d55/1,10.17632/9dj4sk5d55.1,CC BY 4.0,WSSV/IMG-20240423-WA0400.jpg,IMG-20240423-WA0400.jpg,Penaeus_monodon,TigerShrimpBD metadata explicitly identifies tiger shrimp,WSSV,WSSV,0,,,,DUPG_01670,1040,780,56e459be66c1f5c29e0f3cb7e584179d31eba485e49b96827e8e60c7be912b6f,26de7fcd803d96e88c28ed404b831f3e59986398cf1026262326cdab9e419371,bd309316586c6b76,DUPG_01670,unique,0,0,1,,target_candidate,target_adapt,2026.0
TSBD_WSSV_8aa47f5a65,TSBD,,https://data.mendeley.com/datasets/9dj4sk5d55/1,10.17632/9dj4sk5d55.1,CC BY 4.0,WSSV/IMG-20240423-WA0402.jpg,IMG-20240423-WA0402.jpg,Penaeus_monodon,TigerShrimpBD metadata explicitly identifies tiger shrimp,WSSV,WSSV,0,,,,DUPG_01672,1040,780,35d2756a2989bcf4796aba400b9c37f86592793b19f07b558d3644bb2db30afa,8aa47f5a6562a60877a430b67d9bcbf43a3b7f6afc7f83e349ae22edc4428e88,a239d52669c39b35,DUPG_01672,unique,0,0,1,,target_candidate,target_adapt,2026.0
TSBD_WSSV_d889bfa7f2,TSBD,,https://data.mendeley.com/datasets/9dj4sk5d55/1,10.17632/9dj4sk5d55.1,CC BY 4.0,WSSV/IMG-20240423-WA0405.jpg,IMG-20240423-WA0405.jpg,Penaeus_monodon,TigerShrimpBD metadata explicitly identifies tiger shrimp,WSSV,WSSV,0,,,,DUPG_01673,1040,780,4561ceffb9501966674aabd14593ccacc53db966b6b92a6d2c1fedf6fef45196,d889bfa7f21c21a5c3829797ed0b173a85a7668c2b7381bd31a5f2a59ecfcbbb,b205c1cdcbb1d81f,DUPG_01673,unique,0,0,1,,target_candidate,target_adapt,2026.0
TSBD_WSSV_8a85146e3e,TSBD,,https://data.mendeley.com/datasets/9dj4sk5d55/1,10.17632/9dj4sk5d55.1,CC BY 4.0,WSSV/IMG-20240423-WA0406.jpg,IMG-20240423-WA0406.jpg,Penaeus_monodon,TigerShrimpBD metadata explicitly identifies tiger shrimp,WSSV,WSSV,0,,,,DUPG_01674,1040,780,2ff9dbd158daefc745222b84975c2312fa2030a2f7c53d12337a131bcd4aed4a,8a85146e3e420faf5b7b251b7b7589c2bc43f8d00e85d98ad4bbffec0d8c4e03,ac36d26c6390ce6b,DUPG_01674,unique,0,0,1,,target_candidate,target_adapt,2026.0
TSBD_WSSV_439d0a5c3f,TSBD,,https://data.mendeley.com/datasets/9dj4sk5d55/1,10.17632/9dj4sk5d55.1,CC BY 4.0,WSSV/IMG-20240423-WA0407.jpg,IMG-20240423-WA0407.jpg,Penaeus_monodon,TigerShrimpBD metadata explicitly identifies tiger shrimp,WSSV,WSSV,0,,,,DUPG_01675,1040,780,9c38d9994af7986833271903786b622a1b71d80d77e5409839c644800683a2e4,439d0a5c3fc6c1b6d837c501d0bbec5c85c9f81332a432df8a1583d5b342ae17,be6dc99a66450c1b,DUPG_01675,unique,0,0,1,,target_candidate,target_adapt,2026.0
TSBD_WSSV_3f0184301c,TSBD,,https://data.mendeley.com/datasets/9dj4sk5d55/1,10.17632/9dj4sk5d55.1,CC BY 4.0,WSSV/IMG-20240423-WA0411.jpg,IMG-20240423-WA0411.jpg,Penaeus_monodon,TigerShrimpBD metadata explicitly identifies tiger shrimp,WSSV,WSSV,0,,,,DUPG_01677,1040,780,b8ed2a5cd9fb63e901b5fcbf0b24dbdfcaf45c3d0d5ffa53119bb4a6a556eba7,3f0184301c2064e13fb8085f686e865844498e37c163b3b503509bbf40c3f900,bc3ecb90664d491b,DUPG_01677,unique,0,0,1,,target_candidate,target_adapt,2026.0
TSBD_WSSV_00abe397a8,TSBD,,https://data.mendeley.com/datasets/9dj4sk5d55/1,10.17632/9dj4sk5d55.1,CC BY 4.0,WSSV/IMG-20240423-WA0416.jpg,IMG-20240423-WA0416.jpg,Penaeus_monodon,TigerShrimpBD metadata explicitly identifies tiger shrimp,WSSV,WSSV,0,,,,DUPG_01678,1040,780,e0446107d386f82275e942ca5ad371360228e0f806c469b71d88bafbc414d38f,00abe397a80de99daba12265c6736606dc920f4db14da81c8f438e14d26b903e,a88dd6e86fc18596,DUPG_01678,unique,0,0,1,,target_candidate,target_adapt,2026.0
TSBD_WSSV_f49daeee4d,TSBD,,https://data.mendeley.com/datasets/9dj4sk5d55/1,10.17632/9dj4sk5d55.1,CC BY 4.0,WSSV/IMG-20240423-WA0425.jpg,IMG-20240423-WA0425.jpg,Penaeus_monodon,TigerShrimpBD metadata explicitly identifies tiger shrimp,WSSV,WSSV,0,,,,DUPG_01680,1040,780,4c890d6be3d9fae78aa0f43899bec95fa561c39739b0403ff394aeaa7db951f1,f49daeee4d91b920928faed3c45ec7d3046b28d6917fb6af5387c20cc8d47c03,aa14908e6e4dfdb4,DUPG_01680,unique,0,0,1,,target_candidate,target_adapt,2026.0
TSBD_WSSV_e3a3f70bef,TSBD,,https://data.mendeley.com/datasets/9dj4sk5d55/1,10.17632/9dj4sk5d55.1,CC BY 4.0,WSSV/IMG-20240423-WA0430.jpg,IMG-20240423-WA0430.jpg,Penaeus_monodon,TigerShrimpBD metadata explicitly identifies tiger shrimp,WSSV,WSSV,0,,,,DUPG_01682,1040,780,9d3b92c86d96c7c989ac9744a10e1c86f0402537bc13c77789310cbd277ede40,e3a3f70bef59b2695be3a2393162521b7c8d45c2389de26fd5e12a8d2daa117a,ae94992e4ecbac34,DUPG_01682,unique,0,0,1,,target_candidate,target_adapt,2026.0
TSBD_WSSV_4c6acaba53,TSBD,,https://data.mendeley.com/datasets/9dj4sk5d55/1,10.17632/9dj4sk5d55.1,CC BY 4.0,WSSV/IMG-20240423-WA0435.jpg,IMG-20240423-WA0435.jpg,Penaeus_monodon,TigerShrimpBD metadata explicitly identifies tiger shrimp,WSSV,WSSV,0,,,,DUPG_01684,1040,780,54cc7370d92f12acebfa3333dd9945d9d61a7c8419e5f576b445aec11c6d8c05,4c6acaba5347208a4d696182e62a546b4ab635fd837f392f91977ae641947941,bcee83e368cd9032,DUPG_01684,unique,0,0,1,,target_candidate,target_adapt,2026.0
TSBD_WSSV_1a5ee9d7a4,TSBD,,https://data.mendeley.com/datasets/9dj4sk5d55/1,10.17632/9dj4sk5d55.1,CC BY 4.0,WSSV/IMG-20240423-WA0443.jpg,IMG-20240423-WA0443.jpg,Penaeus_monodon,TigerShrimpBD metadata explicitly identifies tiger shrimp,WSSV,WSSV,0,,,,DUPG_01685,1040,780,54e5b085c2094c13e621723814181769a0d13913c05419b625cc8867a026dc3d,1a5ee9d7a497199a48eae66383a4131eb7cc40d612b003310d3942414d19107b,a9cbd234cdc26671,DUPG_01685,canonical,0,0,1,,target_candidate,target_adapt,2026.0
TSBD_WSSV_1d745dbab2,TSBD,,https://data.mendeley.com/datasets/9dj4sk5d55/1,10.17632/9dj4sk5d55.1,CC BY 4.0,WSSV/IMG-20240423-WA0450.jpg,IMG-20240423-WA0450.jpg,Penaeus_monodon,TigerShrimpBD metadata explicitly identifies tiger shrimp,WSSV,WSSV,0,,,,DUPG_01686,1040,780,4003846937cb88ad758231dab3484380a81b87427b49fb7863a092b0ef88c8e5,1d745dbab2f6f4cd8a4273aae4c4ae51a42d7e1a0c1c3386a4f16c08b790eed5,be2086657acd712b,DUPG_01686,unique,0,0,1,,target_candidate,target_adapt,2026.0
TSBD_WSSV_04529c8937,TSBD,,https://data.mendeley.com/datasets/9dj4sk5d55/1,10.17632/9dj4sk5d55.1,CC BY 4.0,WSSV/IMG-20240423-WA0470.jpg,IMG-20240423-WA0470.jpg,Penaeus_monodon,TigerShrimpBD metadata explicitly identifies tiger shrimp,WSSV,WSSV,0,,,,DUPG_01690,1040,780,e90f19c16fa77b0d00bdba760890522b09e0a2a269f53bd2e5582f88c93b4a03,04529c89371a7027d65c0b4e688edc9757454e1546fa524b4588cd83c10d6c54,afc1d874ecca9432,DUPG_01690,unique,0,0,1,,target_candidate,target_adapt,2026.0
TSBD_WSSV_eb7b8b7c67,TSBD,,https://data.mendeley.com/datasets/9dj4sk5d55/1,10.17632/9dj4sk5d55.1,CC BY 4.0,WSSV/IMG-20240423-WA0477.jpg,IMG-20240423-WA0477.jpg,Penaeus_monodon,TigerShrimpBD metadata explicitly identifies tiger shrimp,WSSV,WSSV,0,,,,DUPG_01693,1040,780,726dea750acdb960bf75e03e481f348890ae49ae7d17a8c612b0cca899aba209,eb7b8b7c67a1768288ab773e867ed0ec30ae1b69055595c4a5ce2ec15b10a0b2,b1cdd11a94e4c979,DUPG_01693,unique,0,0,1,,target_candidate,target_adapt,2026.0
TSBD_WSSV_4c43a3a8a6,TSBD,,https://data.mendeley.com/datasets/9dj4sk5d55/1,10.17632/9dj4sk5d55.1,CC BY 4.0,WSSV/IMG-20240423-WA0478.jpg,IMG-20240423-WA0478.jpg,Penaeus_monodon,TigerShrimpBD metadata explicitly identifies tiger shrimp,WSSV,WSSV,0,,,,DUPG_01694,1040,780,9c7ef076f03262a574057e8966fbf68ddb9f02176e165b5093d9a50ad8fda944,4c43a3a8a61ebd56b11db2d2cdb169664f77c212e1b3f8a0182cebe9554e9920,aa91d06f6d96d838,DUPG_01694,unique,0,0,1,,target_candidate,target_adapt,2026.0
TSBD_WSSV_417fc1cab3,TSBD,,https://data.mendeley.com/datasets/9dj4sk5d55/1,10.17632/9dj4sk5d55.1,CC BY 4.0,WSSV/IMG-20240423-WA0480.jpg,IMG-20240423-WA0480.jpg,Penaeus_monodon,TigerShrimpBD metadata explicitly identifies tiger shrimp,WSSV,WSSV,0,,,,DUPG_01695,1040,780,fa3e613b48f7ad9fb3b142c16200d9361b71ce67b832188ed7631cda26336b93,417fc1cab337ecc2e256dd96e1a40be81b340006d4286d6d64350c447d560d8f,bbd9d0656516d81c,DUPG_01695,unique,0,0,1,,target_candidate,target_adapt,2026.0
TSBD_WSSV_59c834cf6e,TSBD,,https://data.mendeley.com/datasets/9dj4sk5d55/1,10.17632/9dj4sk5d55.1,CC BY 4.0,WSSV/IMG-20240423-WA0481.jpg,IMG-20240423-WA0481.jpg,Penaeus_monodon,TigerShrimpBD metadata explicitly identifies tiger shrimp,WSSV,WSSV,0,,,,DUPG_01696,1040,780,5597d2a63b7717673750cbd67a02a270c616290af068a3e5833f55244f1982c0,59c834cf6e8e727213ce50cdf8dc5fe927862f9e09c0667a25747fa872eaa8b5,bf92c067ee924863,DUPG_01696,unique,0,0,1,,target_candidate,target_adapt,2026.0
TSBD_WSSV_97681928ee,TSBD,,https://data.mendeley.com/datasets/9dj4sk5d55/1,10.17632/9dj4sk5d55.1,CC BY 4.0,WSSV/IMG-20240423-WA0482.jpg,IMG-20240423-WA0482.jpg,Penaeus_monodon,TigerShrimpBD metadata explicitly identifies tiger shrimp,WSSV,WSSV,0,,,,DUPG_01697,1040,780,06e165108ac18aefedcfea49d6a37a6f47e0c17f48848bbd726dca13d78dd4c9,97681928eeb48168f9cea274d60cc9dfe98d1918d3f072191e40744fe6c3e273,aec6c460cb53b68d,DUPG_01697,unique,0,0,1,,target_candidate,target_adapt,2026.0
TSBD_WSSV_0c09630268,TSBD,,https://data.mendeley.com/datasets/9dj4sk5d55/1,10.17632/9dj4sk5d55.1,CC BY 4.0,WSSV/IMG-20240423-WA0487.jpg,IMG-20240423-WA0487.jpg,Penaeus_monodon,TigerShrimpBD metadata explicitly identifies tiger shrimp,WSSV,WSSV,0,,,,DUPG_01698,1040,780,fd68b9501a218e5d00a06d7cf1d8aaf8d0c4dc9a2e85418fb273007d2c9b61f5,0c09630268ae02eac1dadcbe72e78c766be5cc850ec7a45a676759ba817aadcd,a0d0d44d6f359e4e,DUPG_01698,unique,0,0,1,,target_candidate,target_adapt,2026.0
TSBD_WSSV_919a1fc43f,TSBD,,https://data.mendeley.com/datasets/9dj4sk5d55/1,10.17632/9dj4sk5d55.1,CC BY 4.0,WSSV/IMG-20240423-WA0489.jpg,IMG-20240423-WA0489.jpg,Penaeus_monodon,TigerShrimpBD metadata explicitly identifies tiger shrimp,WSSV,WSSV,0,,,,DUPG_01699,1040,780,3d492e897c51893d394cf79f6bd27b3efd5dc2d0a72e12e08860ab0d7f63b719,919a1fc43f222eb0c37dfdad51211a3b56f4c8aaa0837049c0b1ce5c812c4df8,a1d1d36de64f980c,DUPG_01699,unique,0,0,1,,target_candidate,target_adapt,2026.0
TSBD_WSSV_df52a25a1c,TSBD,,https://data.mendeley.com/datasets/9dj4sk5d55/1,10.17632/9dj4sk5d55.1,CC BY 4.0,WSSV/IMG-20240423-WA0493.jpg,IMG-20240423-WA0493.jpg,Penaeus_monodon,TigerShrimpBD metadata explicitly identifies tiger shrimp,WSSV,WSSV,0,,,,DUPG_01702,1040,780,832261bfb543d135dcae8cc32c66f13fda512fd56daa7c076be5e66eda2fab79,df52a25a1c0eeb12ee875a2064d266132f878c566dd4d066a02554c00649659f,a24ed3b2674ac99a,DUPG_01702,unique,0,0,1,,target_candidate,target_adapt,2026.0
TSBD_WSSV_b6df8b235a,TSBD,,https://data.mendeley.com/datasets/9dj4sk5d55/1,10.17632/9dj4sk5d55.1,CC BY 4.0,WSSV/IMG-20240423-WA0497.jpg,IMG-20240423-WA0497.jpg,Penaeus_monodon,TigerShrimpBD metadata explicitly identifies tiger shrimp,WSSV,WSSV,0,,,,DUPG_01706,1040,780,c69007f61bfbe0ead309e9185adbf1d79ca98a67e8c80162b30ca9a6517f0132,b6df8b235a1efa4a77b905687dc6d63b559bbfb2deb2151cd8ee9ee3f62f29a0,a596d269e664d2d8,DUPG_01706,unique,0,0,1,,target_candidate,target_adapt,2026.0
TSBD_WSSV_66dac7b3cb,TSBD,,https://data.mendeley.com/datasets/9dj4sk5d55/1,10.17632/9dj4sk5d55.1,CC BY 4.0,WSSV/IMG-20240423-WA0499.jpg,IMG-20240423-WA0499.jpg,Penaeus_monodon,TigerShrimpBD metadata explicitly identifies tiger shrimp,WSSV,WSSV,0,,,,DUPG_01707,1040,780,48b213bde070c1987440f6a841bc001fd6de6782a73be0feb617858b623face9,66dac7b3cbeba82d7730f45ce0275f3922ad1b1a5b19b365f7fe6ba93abafcf0,a64ccbd3d686f160,DUPG_01707,unique,0,0,1,,target_candidate,target_adapt,2026.0
TSBD_WSSV_cb728bde71,TSBD,,https://data.mendeley.com/datasets/9dj4sk5d55/1,10.17632/9dj4sk5d55.1,CC BY 4.0,WSSV/IMG-20240423-WA0502.jpg,IMG-20240423-WA0502.jpg,Penaeus_monodon,TigerShrimpBD metadata explicitly identifies tiger shrimp,WSSV,WSSV,0,,,,DUPG_01708,1040,780,55ca319d8579e89306090c043ee4143e17152526843f180dbaf057072d2a1787,cb728bde71c3a384994f49bb1b3f568569918b3cf94667e5609ac5f2dc1c1758,bc37c1f46348cca6,DUPG_01708,unique,0,0,1,,target_candidate,target_adapt,2026.0
TSBD_WSSV_11dccea294,TSBD,,https://data.mendeley.com/datasets/9dj4sk5d55/1,10.17632/9dj4sk5d55.1,CC BY 4.0,WSSV/IMG-20240423-WA0506.jpg,IMG-20240423-WA0506.jpg,Penaeus_monodon,TigerShrimpBD metadata explicitly identifies tiger shrimp,WSSV,WSSV,0,,,,DUPG_01709,1040,780,5132bcef5dddad5c09360d37a9b4e3591b85bf1b7167140bd1c37cb7eec6baf4,11dccea29440b58b1346f3bdaecc90899b8e68f782389e63f1c00f68426a20c0,abc9d0746548d735,DUPG_01709,unique,0,0,1,,target_candidate,target_adapt,2026.0
TSBD_WSSV_6c97d0a038,TSBD,,https://data.mendeley.com/datasets/9dj4sk5d55/1,10.17632/9dj4sk5d55.1,CC BY 4.0,WSSV/IMG-20240423-WA0509.jpg,IMG-20240423-WA0509.jpg,Penaeus_monodon,TigerShrimpBD metadata explicitly identifies tiger shrimp,WSSV,WSSV,0,,,,DUPG_01710,1040,780,35d0f61ce57e64ebc89f0633d0f9a7a1f992d4d1ac998c13d832ea5a14aa4969,6c97d0a038d24950f7da6373a0721cfefea15b634437ed37692d34c8426a4398,a861d49d686fcc96,DUPG_01710,unique,0,0,1,,target_candidate,target_adapt,2026.0
TSBD_WSSV_7930144273,TSBD,,https://data.mendeley.com/datasets/9dj4sk5d55/1,10.17632/9dj4sk5d55.1,CC BY 4.0,WSSV/IMG-20240423-WA0533.jpg,IMG-20240423-WA0533.jpg,Penaeus_monodon,TigerShrimpBD metadata explicitly identifies tiger shrimp,WSSV,WSSV,0,,,,DUPG_01715,1040,780,a3f5469af8a7912084f347ba276d83241dfa2f8d41c6517b6da35a413de11fd1,79301442732a650f3334a5f40d89cf29c9707ff83a84cd8a1ae7d018f610c0d9,be66d01bc9c36319,DUPG_01715,unique,0,0,1,,target_candidate,target_adapt,2026.0
TSBD_WSSV_46e8a68895,TSBD,,https://data.mendeley.com/datasets/9dj4sk5d55/1,10.17632/9dj4sk5d55.1,CC BY 4.0,WSSV/IMG-20240423-WA0535.jpg,IMG-20240423-WA0535.jpg,Penaeus_monodon,TigerShrimpBD metadata explicitly identifies tiger shrimp,WSSV,WSSV,0,,,,DUPG_01716,1040,780,4e9756ea973b7be44e8daac846a9910ffe423fde890841e905bd0fb4692778c8,46e8a68895bfe596015942879ce63efa5dd5c1e89ac5382f6c68bd170500f4bd,aa26d036a7e9728e,DUPG_01716,canonical,0,0,1,,target_candidate,target_adapt,2026.0
TSBD_WSSV_68675dc12f,TSBD,,https://data.mendeley.com/datasets/9dj4sk5d55/1,10.17632/9dj4sk5d55.1,CC BY 4.0,WSSV/IMG-20240423-WA0537.jpg,IMG-20240423-WA0537.jpg,Penaeus_monodon,TigerShrimpBD metadata explicitly identifies tiger shrimp,WSSV,WSSV,0,,,,DUPG_01717,1040,780,5418efcb38bfcef9d8be6f5f4551fa8da9a85aa5f6f922b6b355c828c6f3dd7d,68675dc12f2c02f2a635d3c0c22b09a0017640b0d57a084726c3e7a14a24fa9c,b224d235cdc9da56,DUPG_01717,unique,0,0,1,,target_candidate,target_adapt,2026.0
TSBD_WSSV_33b5dd7e52,TSBD,,https://data.mendeley.com/datasets/9dj4sk5d55/1,10.17632/9dj4sk5d55.1,CC BY 4.0,WSSV/IMG-20240423-WA0538.jpg,IMG-20240423-WA0538.jpg,Penaeus_monodon,TigerShrimpBD metadata explicitly identifies tiger shrimp,WSSV,WSSV,0,,,,DUPG_01718,1040,780,406f136813114825501a0dbca0e8d6d59c6d2d8cba687935bbfd3766ed0d6e08,33b5dd7e526c78b3e0a71d147d6ad6ccdd1da1a806f1cad0d486b9aae33095d2,af3d8407634cdc69,DUPG_01718,unique,0,0,1,,target_candidate,target_adapt,2026.0
TSBD_WSSV_eaf8feba8d,TSBD,,https://data.mendeley.com/datasets/9dj4sk5d55/1,10.17632/9dj4sk5d55.1,CC BY 4.0,WSSV/IMG-20240423-WA0548.jpg,IMG-20240423-WA0548.jpg,Penaeus_monodon,TigerShrimpBD metadata explicitly identifies tiger shrimp,WSSV,WSSV,0,,,,DUPG_01722,1040,780,f123eab00dec21e8658a0b68694b171e49b01d24a5eb7ac0ae57a43ccd1a09c7,eaf8feba8d5de8dc9174a2209f9fe7e5d5eec3e69932d2e8c2388834081fc000,a12fd112f6cdc931,DUPG_01722,unique,0,0,1,,target_candidate,target_adapt,2026.0
TSBD_WSSV_a092abcd48,TSBD,,https://data.mendeley.com/datasets/9dj4sk5d55/1,10.17632/9dj4sk5d55.1,CC BY 4.0,WSSV/IMG-20240423-WA0550.jpg,IMG-20240423-WA0550.jpg,Penaeus_monodon,TigerShrimpBD metadata explicitly identifies tiger shrimp,WSSV,WSSV,0,,,,DUPG_01723,1040,780,0e14bd37b5e7750541505d653af8414a19c4101d3ee408ff3cdeef1fac4bfc80,a092abcd48f07862c4292a062f26f8e673abd34db62b31910a8cc60251cd29a4,a73a96156b69d807,DUPG_01723,unique,0,0,1,,target_candidate,target_adapt,2026.0
TSBD_WSSV_8c4a48a3c8,TSBD,,https://data.mendeley.com/datasets/9dj4sk5d55/1,10.17632/9dj4sk5d55.1,CC BY 4.0,WSSV/IMG-20240424-WA0009.jpg,IMG-20240424-WA0009.jpg,Penaeus_monodon,TigerShrimpBD metadata explicitly identifies tiger shrimp,WSSV,WSSV,0,,,,DUPG_01725,1040,780,e8b9c431cc7f14ad5c7969ca20aa5189c7ef71c364c81500ae534ce2b1275410,8c4a48a3c8ee359c7673e9bc5b8a99005421cf59dce745079c3450bc14cba352,a2a5964e9d9b682d,DUPG_01725,unique,0,0,1,,target_candidate,target_adapt,2026.0
TSBD_WSSV_36e8b7c576,TSBD,,https://data.mendeley.com/datasets/9dj4sk5d55/1,10.17632/9dj4sk5d55.1,CC BY 4.0,WSSV/IMG-20240424-WA0010.jpg,IMG-20240424-WA0010.jpg,Penaeus_monodon,TigerShrimpBD metadata explicitly identifies tiger shrimp,WSSV,WSSV,0,,,,DUPG_01726,1040,780,eef57eb5202857123e49a3e3f04494ce0b722dd5ad7a3e05c2a2dcf8d976a47b,36e8b7c576b686c6a101605fffcc8c2670d7c268169b5b38569427219e17b918,ad8ad4a564cb93b4,DUPG_01726,unique,0,0,1,,target_candidate,target_adapt,2026.0
TSBD_WSSV_f62b02d7ce,TSBD,,https://data.mendeley.com/datasets/9dj4sk5d55/1,10.17632/9dj4sk5d55.1,CC BY 4.0,WSSV/IMG-20240424-WA0012.jpg,IMG-20240424-WA0012.jpg,Penaeus_monodon,TigerShrimpBD metadata explicitly identifies tiger shrimp,WSSV,WSSV,0,,,,DUPG_01727,1040,780,69ac992b93c1d3a6d0cddf5af29ece96f7ec3128794c53cd4c48abf9711672fd,f62b02d7ceb387005d8ba21278a1084149f285afef803d9aa1b2083f4832fc6c,829d9f6362c7c970,DUPG_01727,unique,0,0,1,,target_candidate,target_adapt,2026.0
TSBD_WSSV_7b5c5d4331,TSBD,,https://data.mendeley.com/datasets/9dj4sk5d55/1,10.17632/9dj4sk5d55.1,CC BY 4.0,WSSV/IMG-20240424-WA0022.jpg,IMG-20240424-WA0022.jpg,Penaeus_monodon,TigerShrimpBD metadata explicitly identifies tiger shrimp,WSSV,WSSV,0,,,,DUPG_01730,780,1040,84a81d4f4167fec8f037e573e9e07f6794174f3b64759c8ea4a43b3b48a96b50,7b5c5d4331ff3e7300383c0fbe3743b6bc00c6bbd245ad833115d67c658c3016,e6f689b74f810926,DUPG_01730,unique,0,0,1,,target_candidate,target_adapt,2026.0
TSBD_WSSV_1115f3a7b9,TSBD,,https://data.mendeley.com/datasets/9dj4sk5d55/1,10.17632/9dj4sk5d55.1,CC BY 4.0,WSSV/IMG-20240424-WA0031.jpg,IMG-20240424-WA0031.jpg,Penaeus_monodon,TigerShrimpBD metadata explicitly identifies tiger shrimp,WSSV,WSSV,0,,,,DUPG_01732,1040,780,0730a003a1df390a7ce31d276472b0f936a8ce36c425b172be231ae50cd5546b,1115f3a7b9a06e366b59fcb017757b7e7c7f38ddd740f6089698132555187342,881e93987fcdb12a,DUPG_01732,unique,0,0,1,,target_candidate,target_adapt,2026.0
TSBD_WSSV_8b19cf1542,TSBD,,https://data.mendeley.com/datasets/9dj4sk5d55/1,10.17632/9dj4sk5d55.1,CC BY 4.0,WSSV/IMG-20240424-WA0042.jpg,IMG-20240424-WA0042.jpg,Penaeus_monodon,TigerShrimpBD metadata explicitly identifies tiger shrimp,WSSV,WSSV,0,,,,DUPG_01733,780,1040,d85edaa19e8f149b4e288335772d226ab7ea5d593f39fc21e3cb492ec74ae3e9,8b19cf1542e81cf73a4644fec379e6de4019aeb37c48a38362ffca0a6ce3bd20,e4c502d9ee49dc1b,DUPG_01733,unique,0,0,1,,target_candidate,target_adapt,2026.0
TSBD_WSSV_e980aeec5d,TSBD,,https://data.mendeley.com/datasets/9dj4sk5d55/1,10.17632/9dj4sk5d55.1,CC BY 4.0,WSSV/IMG-20240424-WA0046.jpg,IMG-20240424-WA0046.jpg,Penaeus_monodon,TigerShrimpBD metadata explicitly identifies tiger shrimp,WSSV,WSSV,0,,,,DUPG_01735,1040,780,d639c460db65364917e0010348f2f0355f38a265849b4f101c6517ff8f4cb914,e980aeec5deb1cad49a2b650604a86d031557d26bc2ed54ded926121d8aad988,aa3999844edec627,DUPG_01735,unique,0,0,1,,target_candidate,target_adapt,2026.0
TSBD_WSSV_78620c7961,TSBD,,https://data.mendeley.com/datasets/9dj4sk5d55/1,10.17632/9dj4sk5d55.1,CC BY 4.0,WSSV/IMG-20240424-WA0048.jpg,IMG-20240424-WA0048.jpg,Penaeus_monodon,TigerShrimpBD metadata explicitly identifies tiger shrimp,WSSV,WSSV,0,,,,DUPG_01736,1040,780,a3147a4a8f3d338875847a8ffdaeab4b0abab7d1422914d2fc8df8870053787a,78620c7961be85c86ecf5efb8337317a888d87f7beca5846e7475212b7266c9e,aa8cc6e471dad8e4,DUPG_01736,unique,0,0,1,,target_candidate,target_adapt,2026.0
TSBD_WSSV_5cfa598cc4,TSBD,,https://data.mendeley.com/datasets/9dj4sk5d55/1,10.17632/9dj4sk5d55.1,CC BY 4.0,WSSV/IMG-20240424-WA0049.jpg,IMG-20240424-WA0049.jpg,Penaeus_monodon,TigerShrimpBD metadata explicitly identifies tiger shrimp,WSSV,WSSV,0,,,,DUPG_01737,1040,780,d26171b5887bb4478302000dba68cc636b59a45bea15350955327ee9a81e4364,5cfa598cc41a838de5261f763572330a70978d1cf0c1f469acf58e8503fcd143,a187d07b6c95d668,DUPG_01737,unique,0,0,1,,target_candidate,target_adapt,2026.0
TSBD_WSSV_2ab0d58abb,TSBD,,https://data.mendeley.com/datasets/9dj4sk5d55/1,10.17632/9dj4sk5d55.1,CC BY 4.0,WSSV/IMG-20240424-WA0052.jpg,IMG-20240424-WA0052.jpg,Penaeus_monodon,TigerShrimpBD metadata explicitly identifies tiger shrimp,WSSV,WSSV,0,,,,DUPG_01738,1040,780,68613fab9591599581094d9d310f54552cdf959a1181edb8402556ce2445115d,2ab0d58abb185a8680356f51553a16b6a6f51bdbfad4a6d15dd82ee881b7e512,a498c5e4a7b4d22f,DUPG_01738,unique,0,0,1,,target_candidate,target_adapt,2026.0
TSBD_WSSV_d63f9ec96f,TSBD,,https://data.mendeley.com/datasets/9dj4sk5d55/1,10.17632/9dj4sk5d55.1,CC BY 4.0,WSSV/IMG-20240424-WA0078.jpg,IMG-20240424-WA0078.jpg,Penaeus_monodon,TigerShrimpBD metadata explicitly identifies tiger shrimp,WSSV,WSSV,0,,,,DUPG_01741,1040,780,70715aafc3d46b17bb2a6b79403499f01f9900108c6ffbfed54341632a6b9683,d63f9ec96f2f7434ba294959d7e3f80285443dfe01ac77eac3e8e450935b49cd,8281d57c4fd7b06a,DUPG_01741,unique,0,0,1,,target_candidate,target_adapt,2026.0
TSBD_WSSV_c6d6c44306,TSBD,,https://data.mendeley.com/datasets/9dj4sk5d55/1,10.17632/9dj4sk5d55.1,CC BY 4.0,WSSV/IMG-20240424-WA0079.jpg,IMG-20240424-WA0079.jpg,Penaeus_monodon,TigerShrimpBD metadata explicitly identifies tiger shrimp,WSSV,WSSV,0,,,,DUPG_01742,1040,780,f7725295ad0b700ec3c06af04f4a8296ab36dfb484c78e2cbbef644224e01694,c6d6c44306e422dcce33ebb7272c2be20acfb82cfb9dd66828feb0a10d807bba,ae8790b07a9e943d,DUPG_01742,unique,0,0,1,,target_candidate,target_adapt,2026.0
TSBD_WSSV_0e98c598e2,TSBD,,https://data.mendeley.com/datasets/9dj4sk5d55/1,10.17632/9dj4sk5d55.1,CC BY 4.0,WSSV/IMG-20240424-WA0081.jpg,IMG-20240424-WA0081.jpg,Penaeus_monodon,TigerShrimpBD metadata explicitly identifies tiger shrimp,WSSV,WSSV,0,,,,DUPG_01744,1040,780,4142ba871f1a300afbd12cae73103c5a12aa37d2a85752ed9c7190de4f87e6a2,0e98c598e2c974ab43f29a429198638384f2432941cd97a61b5ebbf2a7627053,819ec54237b96cb5,DUPG_01744,unique,0,0,1,,target_candidate,target_adapt,2026.0
TSBD_WSSV_0e0b18da56,TSBD,,https://data.mendeley.com/datasets/9dj4sk5d55/1,10.17632/9dj4sk5d55.1,CC BY 4.0,WSSV/IMG-20240424-WA0082.jpg,IMG-20240424-WA0082.jpg,Penaeus_monodon,TigerShrimpBD metadata explicitly identifies tiger shrimp,WSSV,WSSV,0,,,,DUPG_01745,1040,780,ab12e8bda20952ff11c49f22f33b5f41c365ad2a5cc9579472527cc696af2ed7,0e0b18da5605819275d8bec968c69c163092ee753e5382b730e5b2e99bf142ec,8281966e4bd1b56f,DUPG_01745,unique,0,0,1,,target_candidate,target_adapt,2026.0
TSBD_WSSV_0e04e30a96,TSBD,,https://data.mendeley.com/datasets/9dj4sk5d55/1,10.17632/9dj4sk5d55.1,CC BY 4.0,WSSV/IMG-20240424-WA0084.jpg,IMG-20240424-WA0084.jpg,Penaeus_monodon,TigerShrimpBD metadata explicitly identifies tiger shrimp,WSSV,WSSV,0,,,,DUPG_01747,1040,780,cd97491ad9bd2076cf49e5b8a247443370eaabd0c5b61f67a2dbfff6cef62d30,0e04e30a967521551227ec7c9c3d892d3efbf9848e81b12074f655fc6c76e082,af90d867339ce891,DUPG_01747,unique,0,0,1,,target_candidate,target_adapt,2026.0
TSBD_WSSV_b14315239e,TSBD,,https://data.mendeley.com/datasets/9dj4sk5d55/1,10.17632/9dj4sk5d55.1,CC BY 4.0,WSSV/IMG-20240424-WA0086.jpg,IMG-20240424-WA0086.jpg,Penaeus_monodon,TigerShrimpBD metadata explicitly identifies tiger shrimp,WSSV,WSSV,0,,,,DUPG_01748,1040,780,64ecedbd06022547511dc4b274ba08b518aa95f34b439735706f79c18e07b56d,b14315239e1c9d3c4f6a1db127755a5f37b006143e6c3e92056c6507fc710ce1,a29dd29c475e9570,DUPG_01748,unique,0,0,1,,target_candidate,target_adapt,2026.0
TSBD_WSSV_ad26e82e3c,TSBD,,https://data.mendeley.com/datasets/9dj4sk5d55/1,10.17632/9dj4sk5d55.1,CC BY 4.0,WSSV/IMG-20240424-WA0087.jpg,IMG-20240424-WA0087.jpg,Penaeus_monodon,TigerShrimpBD metadata explicitly identifies tiger shrimp,WSSV,WSSV,0,,,,DUPG_01749,1040,780,be4143246dbb5c656ea0e2b7f7ae4d61919e551fd6bfb7d7acaaaa323ae15352,ad26e82e3c4d0a020d4d8673adf9dd67c98176449b226b3e43b7a496cd55b87b,a2c294b9cfcc1e2b,DUPG_01749,unique,0,0,1,,target_candidate,target_adapt,2026.0
TSBD_WSSV_cda41068f5,TSBD,,https://data.mendeley.com/datasets/9dj4sk5d55/1,10.17632/9dj4sk5d55.1,CC BY 4.0,WSSV/IMG-20240424-WA0090.jpg,IMG-20240424-WA0090.jpg,Penaeus_monodon,TigerShrimpBD metadata explicitly identifies tiger shrimp,WSSV,WSSV,0,,,,DUPG_01750,1040,780,43591a5e976d8244135f28a4bb9d0377ce55456fa1c5416e0bf32788d026a1a3,cda41068f55a9ccfb1ade52cfe394b6dbf9e4ac5d3edb9ac73aec7e7d6f7cae4,a0c3d4b86e6b9791,DUPG_01750,unique,0,0,1,,target_candidate,target_adapt,2026.0
TSBD_WSSV_f51f241a0d,TSBD,,https://data.mendeley.com/datasets/9dj4sk5d55/1,10.17632/9dj4sk5d55.1,CC BY 4.0,WSSV/IMG-20240424-WA0091.jpg,IMG-20240424-WA0091.jpg,Penaeus_monodon,TigerShrimpBD metadata explicitly identifies tiger shrimp,WSSV,WSSV,0,,,,DUPG_01751,1040,780,d28ff6cfff57ba88c8833cf4843835b45e8c3936369073eb7e252eb189870626,f51f241a0d6a4dbcd4cf63f091f058fc59f3a5a178bd69c8d50a0563e5e07d56,af82c5f3780e87a1,DUPG_01751,unique,0,0,1,,target_candidate,target_adapt,2026.0
TSBD_WSSV_2578508dff,TSBD,,https://data.mendeley.com/datasets/9dj4sk5d55/1,10.17632/9dj4sk5d55.1,CC BY 4.0,WSSV/IMG-20240424-WA0097.jpg,IMG-20240424-WA0097.jpg,Penaeus_monodon,TigerShrimpBD metadata explicitly identifies tiger shrimp,WSSV,WSSV,0,,,,DUPG_01752,1040,780,0a7c69a4b7ad0e0db88f1e75211d3c99931e0386c2cff67e232d6f3270b12acb,2578508dff9d25170f8d3eba25f2b64d7395c43377a9344d4b18b52618485bcc,a0d295694f97b272,DUPG_01752,unique,0,0,1,,target_candidate,target_adapt,2026.0
TSBD_WSSV_45511a46f0,TSBD,,https://data.mendeley.com/datasets/9dj4sk5d55/1,10.17632/9dj4sk5d55.1,CC BY 4.0,WSSV/IMG-20240424-WA0100.jpg,IMG-20240424-WA0100.jpg,Penaeus_monodon,TigerShrimpBD metadata explicitly identifies tiger shrimp,WSSV,WSSV,0,,,,DUPG_01753,1040,780,8d0fd112f6bc11eb319c9a4376e1525bac1e4e021e7af545730782e144b86956,45511a46f09bd8014589c30007843c31f2c10a21e2ea848dd55e70b947c13258,8eb9906f6690c979,DUPG_01753,unique,0,0,1,,target_candidate,target_adapt,2026.0
TSBD_WSSV_87146ab98c,TSBD,,https://data.mendeley.com/datasets/9dj4sk5d55/1,10.17632/9dj4sk5d55.1,CC BY 4.0,WSSV/IMG-20240424-WA0101.jpg,IMG-20240424-WA0101.jpg,Penaeus_monodon,TigerShrimpBD metadata explicitly identifies tiger shrimp,WSSV,WSSV,0,,,,DUPG_01754,1040,780,4ea6af8351d2d6a331a570aa3e7d6406a64fc83c154b386b42bafc049683bf37,87146ab98c9e22638c51e38b30cfda60495381dd8fd18e05aca9dc2a149fe1a5,a096d56bcd80667b,DUPG_01754,unique,0,0,1,,target_candidate,target_adapt,2026.0
TSBD_WSSV_e143d38f01,TSBD,,https://data.mendeley.com/datasets/9dj4sk5d55/1,10.17632/9dj4sk5d55.1,CC BY 4.0,WSSV/IMG-20240424-WA0111.jpg,IMG-20240424-WA0111.jpg,Penaeus_monodon,TigerShrimpBD metadata explicitly identifies tiger shrimp,WSSV,WSSV,0,,,,DUPG_01755,780,1040,55874769b2eb0fd7186a6432ef1edf401573a9036a440f007596720ef0e55a8d,e143d38f01bc536d3266834529a3e49b6f363de706fdcb58937b6ea51234d614,f0e1c39b87639c46,DUPG_01755,unique,0,0,1,,target_candidate,target_adapt,2026.0
TSBD_WSSV_ea73217725,TSBD,,https://data.mendeley.com/datasets/9dj4sk5d55/1,10.17632/9dj4sk5d55.1,CC BY 4.0,WSSV/IMG-20240424-WA0121.jpg,IMG-20240424-WA0121.jpg,Penaeus_monodon,TigerShrimpBD metadata explicitly identifies tiger shrimp,WSSV,WSSV,0,,,,DUPG_01756,1040,780,bc84a6d98b0432a4de459531f9726def6344143acee4185a7cac398075b7d1b4,ea732177257b7c0c3996fb17240ded3b2b1a7c15e993ea98a972857c07a87b8b,88af945a2ba5d74a,DUPG_01756,unique,0,0,1,,target_candidate,target_adapt,2026.0
TSBD_WSSV_7568f33745,TSBD,,https://data.mendeley.com/datasets/9dj4sk5d55/1,10.17632/9dj4sk5d55.1,CC BY 4.0,WSSV/IMG-20240424-WA0127.jpg,IMG-20240424-WA0127.jpg,Penaeus_monodon,TigerShrimpBD metadata explicitly identifies tiger shrimp,WSSV,WSSV,0,,,,DUPG_01757,780,1040,449b96a8cda56f29d8e8bfae932f8886f0ce8c5097d65465aa000e816cac0281,7568f3374500b976996d91b8ccb0f5f0e2b2c3710ddf610fba94eece9662a96d,f3e78c8dcc995190,DUPG_01757,unique,0,0,1,,target_candidate,target_adapt,2026.0
TSBD_WSSV_c0b728f042,TSBD,,https://data.mendeley.com/datasets/9dj4sk5d55/1,10.17632/9dj4sk5d55.1,CC BY 4.0,WSSV/IMG-20240424-WA0128.jpg,IMG-20240424-WA0128.jpg,Penaeus_monodon,TigerShrimpBD metadata explicitly identifies tiger shrimp,WSSV,WSSV,0,,,,DUPG_01758,780,1040,dca9c487fd0d9da3c11c8129cdb68d46b2f3c4f4f4ca0bc09b33c4ee819d3189,c0b728f042645ed06f84352f1de16a620318145521d2f5b8962ddf7efecb6098,f0cc919b83afc07c,DUPG_01758,unique,0,0,1,,target_candidate,target_adapt,2026.0
TSBD_WSSV_7555e38281,TSBD,,https://data.mendeley.com/datasets/9dj4sk5d55/1,10.17632/9dj4sk5d55.1,CC BY 4.0,WSSV/IMG-20240424-WA0133.jpg,IMG-20240424-WA0133.jpg,Penaeus_monodon,TigerShrimpBD metadata explicitly identifies tiger shrimp,WSSV,WSSV,0,,,,DUPG_01759,780,1040,ef6a077ddcaa6d2560a74fb4be7b231215a5147548d603bcd7f3a69ed4280726,7555e382811c7aef67720e16820295edf1e6362c0522cb7a6c427f928b4cd7b2,e6f2190913993bdc,DUPG_01759,unique,0,0,1,,target_candidate,target_adapt,2026.0
TSBD_WSSV_d921343af4,TSBD,,https://data.mendeley.com/datasets/9dj4sk5d55/1,10.17632/9dj4sk5d55.1,CC BY 4.0,WSSV/IMG-20240424-WA0141.jpg,IMG-20240424-WA0141.jpg,Penaeus_monodon,TigerShrimpBD metadata explicitly identifies tiger shrimp,WSSV,WSSV,0,,,,DUPG_01760,1040,780,12cb01c7de30f7cacfd1e10d3bb053c5d05088a3580a81890af73010faa01184,d921343af467254a4678926ae0f3e6ad57bac782cc3dea6ae9034690624fd041,a0309f8a4f7f7063,DUPG_01760,canonical,0,0,1,,target_candidate,target_adapt,2026.0
TSBD_WSSV_94a3c39469,TSBD,,https://data.mendeley.com/datasets/9dj4sk5d55/1,10.17632/9dj4sk5d55.1,CC BY 4.0,WSSV/IMG-20240424-WA0142.jpg,IMG-20240424-WA0142.jpg,Penaeus_monodon,TigerShrimpBD metadata explicitly identifies tiger shrimp,WSSV,WSSV,0,,,,DUPG_01761,1040,780,d1247891be3278467b6f54e0e412b8e8cfda92a251219714822cc82b358f56e5,94a3c39469bbdd8dbb5d7a9e4caea3a9c36e9572b9ca94e0fcc28076daf41468,801d9383bfb023ef,DUPG_01761,unique,0,0,1,,target_candidate,target_adapt,2026.0
TSBD_WSSV_65692fdd3f,TSBD,,https://data.mendeley.com/datasets/9dj4sk5d55/1,10.17632/9dj4sk5d55.1,CC BY 4.0,WSSV/IMG-20240424-WA0143.jpg,IMG-20240424-WA0143.jpg,Penaeus_monodon,TigerShrimpBD metadata explicitly identifies tiger shrimp,WSSV,WSSV,0,,,,DUPG_01762,1040,780,e42e1f957e26d4572da9fe86d13a43bd40950453fb8e6e0c8b1c2cffd4d3def8,65692fdd3f7ca5835797ff74907259c1437a340566032f2ff2f0b03e331b4254,ab0999bb364494b7,DUPG_01762,unique,0,0,1,,target_candidate,target_adapt,2026.0
TSBD_WSSV_0464ee44c0,TSBD,,https://data.mendeley.com/datasets/9dj4sk5d55/1,10.17632/9dj4sk5d55.1,CC BY 4.0,WSSV/IMG-20240424-WA0146.jpg,IMG-20240424-WA0146.jpg,Penaeus_monodon,TigerShrimpBD metadata explicitly identifies tiger shrimp,WSSV,WSSV,0,,,,DUPG_01763,1040,780,2fcd9cece569af973cfe7a789732a7790c316649576b1a542ad744ff690eebc3,0464ee44c03670928970d2424cd1b632845fb8ab548ce3131cbadc40b09fed30,af989421538fec72,DUPG_01763,unique,0,0,1,,target_candidate,target_adapt,2026.0
TSBD_WSSV_51f7222cef,TSBD,,https://data.mendeley.com/datasets/9dj4sk5d55/1,10.17632/9dj4sk5d55.1,CC BY 4.0,WSSV/IMG-20240424-WA0183.jpg,IMG-20240424-WA0183.jpg,Penaeus_monodon,TigerShrimpBD metadata explicitly identifies tiger shrimp,WSSV,WSSV,0,,,,DUPG_01766,780,1040,d1d8b841f704ba3f88fe75cffe39423b09800f2ee90ee7669d34c33399e23dd5,51f7222cef0a0434ec5b5a0459246cd0ef2684ad237fd1c8b1a7cb7fa9349cd7,e6dc3123665839c7,DUPG_01766,canonical,0,0,1,,target_candidate,target_adapt,2026.0
TSBD_WSSV_148921b882,TSBD,,https://data.mendeley.com/datasets/9dj4sk5d55/1,10.17632/9dj4sk5d55.1,CC BY 4.0,WSSV/IMG-20240424-WA0185.jpg,IMG-20240424-WA0185.jpg,Penaeus_monodon,TigerShrimpBD metadata explicitly identifies tiger shrimp,WSSV,WSSV,0,,,,DUPG_01767,780,1040,5284bbdf3c8b6030a3818793be1378638397aa5ad8d2e06dc1dca4ebacb3b507,148921b882b44d022f33889f12ea5d3333749722521de882dce3b88bad5af980,adcca6b9c0c4c793,DUPG_01767,unique,0,0,1,,target_candidate,target_adapt,2026.0
TSBD_WSSV_49f573118f,TSBD,,https://data.mendeley.com/datasets/9dj4sk5d55/1,10.17632/9dj4sk5d55.1,CC BY 4.0,WSSV/IMG-20240424-WA0188.jpg,IMG-20240424-WA0188.jpg,Penaeus_monodon,TigerShrimpBD metadata explicitly identifies tiger shrimp,WSSV,WSSV,0,,,,DUPG_01768,1040,780,22a8bdce53f15bb302b9c7620762bdfc85e1ac8e10489fa31fc232131ed9b32e,49f573118f30f1d5c94e4defcb97ea98751872ef0a573e1089d1e700b38bcf9d,ab1294bce14b5a57,DUPG_01768,unique,0,0,1,,target_candidate,target_adapt,2026.0
TSBD_WSSV_f7bb98aadd,TSBD,,https://data.mendeley.com/datasets/9dj4sk5d55/1,10.17632/9dj4sk5d55.1,CC BY 4.0,WSSV/IMG-20240424-WA0190.jpg,IMG-20240424-WA0190.jpg,Penaeus_monodon,TigerShrimpBD metadata explicitly identifies tiger shrimp,WSSV,WSSV,0,,,,DUPG_01769,1040,780,ffe78456a22ae76506a97d91e47e1461293a8a157e95edb35b861b6c7c3aa7e7,f7bb98aadd3f5d7e70c0affecc0328dd1d72e069fc364a93ac630d9aa817638b,a09a85f87f0f9730,DUPG_01769,unique,0,0,1,,target_candidate,target_adapt,2026.0
TSBD_WSSV_32f477127b,TSBD,,https://data.mendeley.com/datasets/9dj4sk5d55/1,10.17632/9dj4sk5d55.1,CC BY 4.0,WSSV/IMG-20240424-WA0194.jpg,IMG-20240424-WA0194.jpg,Penaeus_monodon,TigerShrimpBD metadata explicitly identifies tiger shrimp,WSSV,WSSV,0,,,,DUPG_01771,780,1040,e3bcd2c1793269dcb7d9ede550639508936aa5f3d5e2e2694de941bd5c70025f,32f477127bc0888ad2cdaced060c4d981ac6fb09a372707c815067ab53848611,e6f680bc27b14963,DUPG_01771,unique,0,0,1,,target_candidate,target_adapt,2026.0
TSBD_WSSV_6532d5dd16,TSBD,,https://data.mendeley.com/datasets/9dj4sk5d55/1,10.17632/9dj4sk5d55.1,CC BY 4.0,WSSV/IMG-20240424-WA0202.jpg,IMG-20240424-WA0202.jpg,Penaeus_monodon,TigerShrimpBD metadata explicitly identifies tiger shrimp,WSSV,WSSV,0,,,,DUPG_01774,1040,780,9ff95c4fef2b4bc60a43adffa510db5e9d025d0957e3dacc8714a056d74b1cdc,6532d5dd1624adb3f433c41cee85f265fc8d9ce4761a581acdba01e501a05ee5,8b95946a5cc7d368,DUPG_01774,unique,0,0,1,,target_candidate,target_adapt,2026.0
TSBD_WSSV_399a1e23cc,TSBD,,https://data.mendeley.com/datasets/9dj4sk5d55/1,10.17632/9dj4sk5d55.1,CC BY 4.0,WSSV/IMG-20240425-WA0000.jpg,IMG-20240425-WA0000.jpg,Penaeus_monodon,TigerShrimpBD metadata explicitly identifies tiger shrimp,WSSV,WSSV,0,,,,DUPG_01776,780,1040,4433a731df7f3a1faeccf3293063c13ee2a753169f8470384134b1d2c0fda289,399a1e23cca4e65ecbb693140268f9a8421aa266b76756303a6e065cb501300c,f5e6c49e2eb84c90,DUPG_01776,unique,0,0,1,,target_candidate,target_adapt,2026.0
TSBD_WSSV_c07e032039,TSBD,,https://data.mendeley.com/datasets/9dj4sk5d55/1,10.17632/9dj4sk5d55.1,CC BY 4.0,WSSV/IMG-20240425-WA0001.jpg,IMG-20240425-WA0001.jpg,Penaeus_monodon,TigerShrimpBD metadata explicitly identifies tiger shrimp,WSSV,WSSV,0,,,,DUPG_01777,780,1040,bf00cccdd6f5e66089b5e088a46e3ec732c8ab0c5f1bbe77e54dd30c54413751,c07e032039cfc3558df30084faef2c6a11909ff84559b7552464e031d8ce177f,e7ac8bb0b4859596,DUPG_01777,unique,0,0,1,,target_candidate,target_adapt,2026.0
TSBD_WSSV_a3b514246a,TSBD,,https://data.mendeley.com/datasets/9dj4sk5d55/1,10.17632/9dj4sk5d55.1,CC BY 4.0,WSSV/IMG-20240425-WA0003.jpg,IMG-20240425-WA0003.jpg,Penaeus_monodon,TigerShrimpBD metadata explicitly identifies tiger shrimp,WSSV,WSSV,0,,,,DUPG_01779,780,1040,cdeb55dc2e2bd99baead819c4f0b57ed6dd9fcf5f46aea7f9c4251705bcfbfaf,a3b514246aedc33e16615cdae74d356b10fee6454539242094fe57b16640599c,e4b296cbc686d689,DUPG_01779,unique,0,0,1,,target_candidate,target_adapt,2026.0
TSBD_WSSV_9e8ca9f55f,TSBD,,https://data.mendeley.com/datasets/9dj4sk5d55/1,10.17632/9dj4sk5d55.1,CC BY 4.0,WSSV/IMG-20240425-WA0004.jpg,IMG-20240425-WA0004.jpg,Penaeus_monodon,TigerShrimpBD metadata explicitly identifies tiger shrimp,WSSV,WSSV,0,,,,DUPG_01780,780,1040,500f2405696fd11b26fc333616bc61c623081c506c2ea8d47f66cae5a7c8afa6,9e8ca9f55f506f03e382e9c6401ec94e474d6eec494ce903e6c6ffb015467897,e68892b1b19f857c,DUPG_01780,unique,0,0,1,,target_candidate,target_adapt,2026.0
TSBD_WSSV_978efa34a6,TSBD,,https://data.mendeley.com/datasets/9dj4sk5d55/1,10.17632/9dj4sk5d55.1,CC BY 4.0,WSSV/IMG-20240425-WA0005.jpg,IMG-20240425-WA0005.jpg,Penaeus_monodon,TigerShrimpBD metadata explicitly identifies tiger shrimp,WSSV,WSSV,0,,,,DUPG_01781,780,1040,e905fcf378d9198bfcc5d810922c360c6ac5b9378d01760471fce5d8cb51fb5a,978efa34a69f5fa4213bca88effef771365854b870c00feb7cabf27e8f6c726f,a4a29289ce8fda9d,DUPG_01781,unique,0,0,1,,target_candidate,target_adapt,2026.0
TSBD_WSSV_4575fa460f,TSBD,,https://data.mendeley.com/datasets/9dj4sk5d55/1,10.17632/9dj4sk5d55.1,CC BY 4.0,WSSV/IMG-20240425-WA0006.jpg,IMG-20240425-WA0006.jpg,Penaeus_monodon,TigerShrimpBD metadata explicitly identifies tiger shrimp,WSSV,WSSV,0,,,,DUPG_01782,780,1040,e0c9263ccc3608dc9c1a95f23f95bd1e1e8da96c5c0005c100334aaeadddac61,4575fa460fc13cc1462e7098f18bbd5805daa1d2b6c896394d7360ab16b7d1f4,f08ecf8b8d949495,DUPG_01782,unique,0,0,1,,target_candidate,target_adapt,2026.0
TSBD_WSSV_6e2231b074,TSBD,,https://data.mendeley.com/datasets/9dj4sk5d55/1,10.17632/9dj4sk5d55.1,CC BY 4.0,WSSV/IMG-20240425-WA0007.jpg,IMG-20240425-WA0007.jpg,Penaeus_monodon,TigerShrimpBD metadata explicitly identifies tiger shrimp,WSSV,WSSV,0,,,,DUPG_01783,780,1040,2b086f1d6e6a5ad05d211c2366d4c9fd82ffed5fe343070cb48836d9bb584e46,6e2231b074a8f9cf969332f61669c4a1fe81ba173f2926169e13cc872a3a5059,e6a496b216aad68e,DUPG_01783,unique,0,0,1,,target_candidate,target_adapt,2026.0
TSBD_WSSV_18c088457d,TSBD,,https://data.mendeley.com/datasets/9dj4sk5d55/1,10.17632/9dj4sk5d55.1,CC BY 4.0,WSSV/IMG-20240425-WA0010.jpg,IMG-20240425-WA0010.jpg,Penaeus_monodon,TigerShrimpBD metadata explicitly identifies tiger shrimp,WSSV,WSSV,0,,,,DUPG_01784,780,1040,409b81b0cf432259add81e70fd21acdcb2a1bc59b30ee90e6a26f7f5fa01b158,18c088457d01089a09c79b775b2bbfb3e90fd1ea82aa19decd92bfd2860c43e5,edb2969bd2891299,DUPG_01784,unique,0,0,1,,target_candidate,target_adapt,2026.0
TSBD_WSSV_77302aa089,TSBD,,https://data.mendeley.com/datasets/9dj4sk5d55/1,10.17632/9dj4sk5d55.1,CC BY 4.0,WSSV/IMG-20240425-WA0013.jpg,IMG-20240425-WA0013.jpg,Penaeus_monodon,TigerShrimpBD metadata explicitly identifies tiger shrimp,WSSV,WSSV,0,,,,DUPG_01785,780,1040,7ab69b224c72d44d13980f7d8f3c13a90bb61a9e14ee0c746b71e01e3100b231,77302aa0892c65460549f5c23298b79f00b08cab124a1828b4f8767185ee0612,a6b3d389c38d928d,DUPG_01785,unique,0,0,1,,target_candidate,target_adapt,2026.0
TSBD_WSSV_bc1451b5cd,TSBD,,https://data.mendeley.com/datasets/9dj4sk5d55/1,10.17632/9dj4sk5d55.1,CC BY 4.0,WSSV/IMG-20240425-WA0015.jpg,IMG-20240425-WA0015.jpg,Penaeus_monodon,TigerShrimpBD metadata explicitly identifies tiger shrimp,WSSV,WSSV,0,,,,DUPG_01786,780,1040,3b1bb656e920c012a334d687ca2e2529ea2552e319618b7a7854335a91b5b722,bc1451b5cd146ac4630f9cbd3a9cf53078c3dc022bb976453e9d92b6e0984a8a,f0e6c7988cb19963,DUPG_01786,unique,0,0,1,,target_candidate,target_adapt,2026.0
TSBD_WSSV_2c0825dfbc,TSBD,,https://data.mendeley.com/datasets/9dj4sk5d55/1,10.17632/9dj4sk5d55.1,CC BY 4.0,WSSV/IMG-20240425-WA0026.jpg,IMG-20240425-WA0026.jpg,Penaeus_monodon,TigerShrimpBD metadata explicitly identifies tiger shrimp,WSSV,WSSV,0,,,,DUPG_01787,780,1040,54f93674a110873016dc1de03614dac32c2af4b4266bf836c8b6a2501ae9a33b,2c0825dfbc0a572158f9aea7628add6b2c7f297e1339b05e8e2422f7d5638953,a3b9c84eb6d96891,DUPG_01787,unique,0,0,1,,target_candidate,target_adapt,2026.0
TSBD_WSSV_21eca1a9bc,TSBD,,https://data.mendeley.com/datasets/9dj4sk5d55/1,10.17632/9dj4sk5d55.1,CC BY 4.0,WSSV/IMG-20240425-WA0029.jpg,IMG-20240425-WA0029.jpg,Penaeus_monodon,TigerShrimpBD metadata explicitly identifies tiger shrimp,WSSV,WSSV,0,,,,DUPG_01788,780,1040,2f3244b0290b6f2be9daba3167970b81fb9671723512009028b36bd4c430d50d,21eca1a9bc0ab0c0adaeb133691ec682d12e80630471cddabb503d2c32166490,b19ccce7c6c1c623,DUPG_01788,unique,0,0,1,,target_candidate,target_adapt,2026.0
TSBD_WSSV_a7578fa09c,TSBD,,https://data.mendeley.com/datasets/9dj4sk5d55/1,10.17632/9dj4sk5d55.1,CC BY 4.0,WSSV/IMG-20240425-WA0031.jpg,IMG-20240425-WA0031.jpg,Penaeus_monodon,TigerShrimpBD metadata explicitly identifies tiger shrimp,WSSV,WSSV,0,,,,DUPG_01789,780,1040,29068d289eeafc8d1e4858457ea5c06a6799ce503e82a4b223bd04dcb221b645,a7578fa09c0d39659fd5901ad4f0181b18a32eaa58cdfad4c5325bfc25bc99fd,b0b8cc46b3cb6791,DUPG_01789,unique,0,0,1,,target_candidate,target_adapt,2026.0
TSBD_WSSV_8acd11d1ec,TSBD,,https://data.mendeley.com/datasets/9dj4sk5d55/1,10.17632/9dj4sk5d55.1,CC BY 4.0,WSSV/IMG-20240425-WA0035.jpg,IMG-20240425-WA0035.jpg,Penaeus_monodon,TigerShrimpBD metadata explicitly identifies tiger shrimp,WSSV,WSSV,0,,,,DUPG_01791,780,1040,ffe6001f5d1bd2d497ed9d1e3d10e099dfaee1562f9cfbe711ddb618c22833c7,8acd11d1ecf22eb7eef73c13782ab3a234381cefc7cc1a253398d86a783535b5,a6b69bccc993c419,DUPG_01791,unique,0,0,1,,target_candidate,target_adapt,2026.0
TSBD_WSSV_ce8f668353,TSBD,,https://data.mendeley.com/datasets/9dj4sk5d55/1,10.17632/9dj4sk5d55.1,CC BY 4.0,WSSV/IMG-20240425-WA0045.jpg,IMG-20240425-WA0045.jpg,Penaeus_monodon,TigerShrimpBD metadata explicitly identifies tiger shrimp,WSSV,WSSV,0,,,,DUPG_01792,780,1040,ae0a586ed004c4946decf29281bf55eddbcaabde9e5a0ecbd730fe317b79a0df,ce8f66835337876104d0468618af9e3625e4912d9835fe87928d0da38b7ea314,b3b1cccc92cc6699,DUPG_01792,unique,0,0,1,,target_candidate,target_adapt,2026.0
TSBD_WSSV_c5bb7f551a,TSBD,,https://data.mendeley.com/datasets/9dj4sk5d55/1,10.17632/9dj4sk5d55.1,CC BY 4.0,WSSV/IMG-20240425-WA0059.jpg,IMG-20240425-WA0059.jpg,Penaeus_monodon,TigerShrimpBD metadata explicitly identifies tiger shrimp,WSSV,WSSV,0,,,,DUPG_01795,780,1040,3232e930bfd824808285b2c6c9609ee4b00dc9294712c5245358936cb92ffac0,c5bb7f551aab7f43e1d18c7d31bdeb6206029d979e3724118088297820ac2f4c,a3b3d9cc92cca49a,DUPG_01795,unique,0,0,1,,target_candidate,target_adapt,2026.0
TSBD_WSSV_95dc6e27d4,TSBD,,https://data.mendeley.com/datasets/9dj4sk5d55/1,10.17632/9dj4sk5d55.1,CC BY 4.0,WSSV/IMG-20240425-WA0064.jpg,IMG-20240425-WA0064.jpg,Penaeus_monodon,TigerShrimpBD metadata explicitly identifies tiger shrimp,WSSV,WSSV,0,,,,DUPG_01798,780,1040,e10c421ec0d402e5d815d5cf6ebce22864e9d1c287dec001e70a9f70a9426fe1,95dc6e27d47fd97c35be78ba598d39344458ef58555b1b5e93dfd325965faca9,b3f4c7e646884c8e,DUPG_01798,unique,0,0,1,,target_candidate,target_adapt,2026.0
TSBD_WSSV_309436940c,TSBD,,https://data.mendeley.com/datasets/9dj4sk5d55/1,10.17632/9dj4sk5d55.1,CC BY 4.0,WSSV/IMG-20240425-WA0069.jpg,IMG-20240425-WA0069.jpg,Penaeus_monodon,TigerShrimpBD metadata explicitly identifies tiger shrimp,WSSV,WSSV,0,,,,DUPG_01799,780,1040,43340f3b285fad58910b5449924f1a61dbb5879e7252cbdf01ffd692d9b79035,309436940ccaa79b73f41d052a13d0f7616e619f58588df9823dd107ae58f9e1,a3f3d994998cc2c9,DUPG_01799,unique,0,0,1,,target_candidate,target_adapt,2026.0
TSBD_WSSV_29362e9f5a,TSBD,,https://data.mendeley.com/datasets/9dj4sk5d55/1,10.17632/9dj4sk5d55.1,CC BY 4.0,WSSV/IMG-20240425-WA0078.jpg,IMG-20240425-WA0078.jpg,Penaeus_monodon,TigerShrimpBD metadata explicitly identifies tiger shrimp,WSSV,WSSV,0,,,,DUPG_01800,780,1040,1baf8b99fe5a7b3e44b1874f3c23e90af31516def88df80dfd131c4be58be711,29362e9f5a530a03ee8da69892a34b11c963a3ab10e6160b0b5aa5c9698eb44c,b3e6c6991c93c692,DUPG_01800,canonical,0,0,1,,target_candidate,target_adapt,2026.0
TSBD_WSSV_e67891395a,TSBD,,https://data.mendeley.com/datasets/9dj4sk5d55/1,10.17632/9dj4sk5d55.1,CC BY 4.0,WSSV/IMG-20240425-WA0080.jpg,IMG-20240425-WA0080.jpg,Penaeus_monodon,TigerShrimpBD metadata explicitly identifies tiger shrimp,WSSV,WSSV,0,,,,DUPG_01801,780,1040,3f91b9f970ed3c30392fa9b7676b93430e9cb44bb3de8aa5ab1996b9eade727f,e67891395a1e8493b53a11974593274c851aedfd48e27ea2a4c298272140844f,a6b392cd8e84cbcc,DUPG_01801,unique,0,0,1,,target_candidate,target_adapt,2026.0
TSBD_WSSV_2653717417,TSBD,,https://data.mendeley.com/datasets/9dj4sk5d55/1,10.17632/9dj4sk5d55.1,CC BY 4.0,WSSV/IMG-20240425-WA0091.jpg,IMG-20240425-WA0091.jpg,Penaeus_monodon,TigerShrimpBD metadata explicitly identifies tiger shrimp,WSSV,WSSV,0,,,,DUPG_01802,780,1040,cba69a9badff37107a483fcc5bda5125ddd5d918adb9b55ef2ec9ad251560d39,2653717417cce9e1a4db02a703cb63aff853db8ba7f2a677345f379e2597b324,b0f947e54c6c4d4c,DUPG_01802,unique,0,0,1,,target_candidate,target_adapt,2026.0
TSBD_WSSV_c98c109e0f,TSBD,,https://data.mendeley.com/datasets/9dj4sk5d55/1,10.17632/9dj4sk5d55.1,CC BY 4.0,WSSV/IMG-20240425-WA0122.jpg,IMG-20240425-WA0122.jpg,Penaeus_monodon,TigerShrimpBD metadata explicitly identifies tiger shrimp,WSSV,WSSV,0,,,,DUPG_01808,780,1040,b1859c078b8509e85ddc591cd865a6d63fa7911004a65c70666d627f350fb287,c98c109e0f0bbf4a388902d7bdb072e07ae2dd31f4f8842d82c0b0dcfa03e997,a6e698e6ce9386c1,DUPG_01808,unique,0,0,1,,target_candidate,target_adapt,2026.0
TSBD_WSSV_3339e18081,TSBD,,https://data.mendeley.com/datasets/9dj4sk5d55/1,10.17632/9dj4sk5d55.1,CC BY 4.0,WSSV/IMG-20240425-WA0131.jpg,IMG-20240425-WA0131.jpg,Penaeus_monodon,TigerShrimpBD metadata explicitly identifies tiger shrimp,WSSV,WSSV,0,,,,DUPG_01811,780,1040,8df77ff516e4e0730aa4055cfb5e5c670f4bbfa7d548f90418647c00816f76a0,3339e18081c9dae2133ef08c1b372bb81c26085418cd8557c1c44f6328bab770,a7b3c992d984d98c,DUPG_01811,unique,0,0,1,,target_candidate,target_adapt,2026.0
TSBD_WSSV_f675da990c,TSBD,,https://data.mendeley.com/datasets/9dj4sk5d55/1,10.17632/9dj4sk5d55.1,CC BY 4.0,WSSV/IMG-20240425-WA0133.jpg,IMG-20240425-WA0133.jpg,Penaeus_monodon,TigerShrimpBD metadata explicitly identifies tiger shrimp,WSSV,WSSV,0,,,,DUPG_01812,780,1040,2eeca2c4b2c847c9ccd82c6833774fd5d9b8fd5abd6ca07046f505e118412c4b,f675da990c694d71734d9c87554d486f31b5347f416a2a051acceefb421d1101,a4e49bc99933cd31,DUPG_01812,unique,0,0,1,,target_candidate,target_adapt,2026.0
TSBD_WSSV_e8d0267684,TSBD,,https://data.mendeley.com/datasets/9dj4sk5d55/1,10.17632/9dj4sk5d55.1,CC BY 4.0,WSSV/IMG-20240425-WA0147.jpg,IMG-20240425-WA0147.jpg,Penaeus_monodon,TigerShrimpBD metadata explicitly identifies tiger shrimp,WSSV,WSSV,0,,,,DUPG_01814,1040,780,ccea651407a5b3b43323461a8e0a584b3ae24ba80ff08d3c711f80f57e37e21a,e8d0267684d2e214ce8153af3ef86c31d2b8fc24f6acd4c9f2348d19f3d35aaa,a23f9fc84025af36,DUPG_01814,unique,0,0,1,,target_candidate,target_adapt,2026.0
TSBD_WSSV_93ee9c6175,TSBD,,https://data.mendeley.com/datasets/9dj4sk5d55/1,10.17632/9dj4sk5d55.1,CC BY 4.0,WSSV/IMG-20240425-WA0149.jpg,IMG-20240425-WA0149.jpg,Penaeus_monodon,TigerShrimpBD metadata explicitly identifies tiger shrimp,WSSV,WSSV,0,,,,DUPG_01815,1040,780,0f0db183bf23936aefe645a6d76dc6c085eb1976a694d3696899e20f80949eec,93ee9c61754f6a8bac508fdbe17a36d6b0902d8f3c67ccf1f218d230c1e312d3,aa3b95c04e3fb8b0,DUPG_01815,canonical,0,0,1,,target_candidate,target_adapt,2026.0
TSBD_WSSV_56b93bffca,TSBD,,https://data.mendeley.com/datasets/9dj4sk5d55/1,10.17632/9dj4sk5d55.1,CC BY 4.0,WSSV/IMG-20240425-WA0160.jpg,IMG-20240425-WA0160.jpg,Penaeus_monodon,TigerShrimpBD metadata explicitly identifies tiger shrimp,WSSV,WSSV,0,,,,DUPG_01816,1040,780,13d4c33769061863b814905daad254cfdb676cc745c7636f10cb1f731e21adc8,56b93bffca5a999947c239c695000317104e39682c526e78f72b78fa38f62365,a83c97633c9c6b61,DUPG_01816,unique,0,0,1,,target_candidate,target_adapt,2026.0
TSBD_WSSV_05e0a12846,TSBD,,https://data.mendeley.com/datasets/9dj4sk5d55/1,10.17632/9dj4sk5d55.1,CC BY 4.0,WSSV/IMG-20240425-WA0175.jpg,IMG-20240425-WA0175.jpg,Penaeus_monodon,TigerShrimpBD metadata explicitly identifies tiger shrimp,WSSV,WSSV,0,,,,DUPG_01818,1040,780,5326c45e04af3be777093f38088567e65450bcf0365c470fb18c121de652390c,05e0a1284623bb8871a1aa838dcb4ddbfad52a73ec5a72c26cb607b7b65e104f,af70918f6e7a20b8,DUPG_01818,unique,0,0,1,,target_candidate,target_adapt,2026.0
TSBD_WSSV_0bc0ac833f,TSBD,,https://data.mendeley.com/datasets/9dj4sk5d55/1,10.17632/9dj4sk5d55.1,CC BY 4.0,WSSV/IMG-20240425-WA0197.jpg,IMG-20240425-WA0197.jpg,Penaeus_monodon,TigerShrimpBD metadata explicitly identifies tiger shrimp,WSSV,WSSV,0,,,,DUPG_01820,1040,780,eb31e547a8fa58eec4b2a2a280c433fc1ae9705bfdb323e829ee086a47f16513,0bc0ac833fd258d3dd8532e8a65935d350edf49db6905c050754efc7fb81c2c3,aa73958c2f72d087,DUPG_01820,unique,0,0,1,,target_candidate,target_adapt,2026.0
TSBD_WSSV_026c64bd33,TSBD,,https://data.mendeley.com/datasets/9dj4sk5d55/1,10.17632/9dj4sk5d55.1,CC BY 4.0,WSSV/IMG-20240425-WA0198.jpg,IMG-20240425-WA0198.jpg,Penaeus_monodon,TigerShrimpBD metadata explicitly identifies tiger shrimp,WSSV,WSSV,0,,,,DUPG_01821,1040,780,b5130ad5e0a5f3dfcc67836be4cb6d2c0283a121bdbc9859de042c448ff63593,026c64bd33df3746430a3a9ebd4e1ce8376bc3582b16d84717063123ef1f1073,a205803c4f93bedf,DUPG_01821,unique,0,0,1,,target_candidate,target_adapt,2026.0
TSBD_WSSV_9f2b1f9f8f,TSBD,,https://data.mendeley.com/datasets/9dj4sk5d55/1,10.17632/9dj4sk5d55.1,CC BY 4.0,WSSV/IMG-20240425-WA0200.jpg,IMG-20240425-WA0200.jpg,Penaeus_monodon,TigerShrimpBD metadata explicitly identifies tiger shrimp,WSSV,WSSV,0,,,,DUPG_01822,1040,780,7f73fbdb925843b12773e577e25d095c6325a46e1d09ee56e8f8cc11e3ae09c4,9f2b1f9f8f36abcc3273a80b5b5b3eaa1cfe3ce6cd111613a626556af342c554,aa5ad2352dc9a627,DUPG_01822,unique,0,0,1,,target_candidate,target_adapt,2026.0
TSBD_WSSV_38f10d750a,TSBD,,https://data.mendeley.com/datasets/9dj4sk5d55/1,10.17632/9dj4sk5d55.1,CC BY 4.0,WSSV/IMG-20240425-WA0206.jpg,IMG-20240425-WA0206.jpg,Penaeus_monodon,TigerShrimpBD metadata explicitly identifies tiger shrimp,WSSV,WSSV,0,,,,DUPG_01825,1040,780,fcc9b948f7be0d9be995c28361a096983d73fe29e099f832882333f3390b1d2b,38f10d750a7ee8221c90e3660234d9ade77fd9ec39aafe4f79ffce483bbde194,a495c52b1ab6eb8a,DUPG_01825,unique,0,0,1,,target_candidate,target_adapt,2026.0
TSBD_WSSV_76536085a9,TSBD,,https://data.mendeley.com/datasets/9dj4sk5d55/1,10.17632/9dj4sk5d55.1,CC BY 4.0,WSSV/IMG-20240425-WA0207.jpg,IMG-20240425-WA0207.jpg,Penaeus_monodon,TigerShrimpBD metadata explicitly identifies tiger shrimp,WSSV,WSSV,0,,,,DUPG_01826,1040,780,f2a2c08405afc0350aac1f1eff2d3a4a75c7d7e350ef5851ce4f495a34060405,76536085a9518f32958058402a3d03677d7441f9d35c60b3bd4c17a0a932f5ff,a20781307edfb2ec,DUPG_01826,unique,0,0,1,,target_candidate,target_adapt,2026.0
TSBD_WSSV_e36aec3084,TSBD,,https://data.mendeley.com/datasets/9dj4sk5d55/1,10.17632/9dj4sk5d55.1,CC BY 4.0,WSSV/IMG-20240425-WA0227.jpg,IMG-20240425-WA0227.jpg,Penaeus_monodon,TigerShrimpBD metadata explicitly identifies tiger shrimp,WSSV,WSSV,0,,,,DUPG_01829,1040,780,000df34c0b39cbe55e9ac82ebf7b646a910db2ec1a68651a6e58ddfae6cf46a3,e36aec3084ad0babea284a292e0c668093cf6212e8c662d6f7d884442984ba9f,82c0907c4fd5abeb,DUPG_01829,unique,0,0,1,,target_candidate,target_adapt,2026.0
TSBD_WSSV_b632ff4665,TSBD,,https://data.mendeley.com/datasets/9dj4sk5d55/1,10.17632/9dj4sk5d55.1,CC BY 4.0,WSSV/IMG-20240425-WA0232.jpg,IMG-20240425-WA0232.jpg,Penaeus_monodon,TigerShrimpBD metadata explicitly identifies tiger shrimp,WSSV,WSSV,0,,,,DUPG_01830,1040,780,9f84ff886cf166229356f70fe75feae9202dab7ffdf179709f8180decb84cd8a,b632ff4665898524c769a601e859cbfbe0218d4809e8c12919ab1aeefef799c1,aac1907e4fc3b0ab,DUPG_01830,unique,0,0,1,,target_candidate,target_adapt,2026.0
TSBD_WSSV_f392420764,TSBD,,https://data.mendeley.com/datasets/9dj4sk5d55/1,10.17632/9dj4sk5d55.1,CC BY 4.0,WSSV/IMG-20240426-WA0020.jpg,IMG-20240426-WA0020.jpg,Penaeus_monodon,TigerShrimpBD metadata explicitly identifies tiger shrimp,WSSV,WSSV,0,,,,DUPG_01832,780,1040,91b02e18dadad060f3349203c502fa0b642020ec234be3bb6b734c96f3731894,f3924207647fd6910267533c16d76563cd8420ee4aee46c6d642f1de8600eab7,e69bcb309ca2d8e2,DUPG_01832,unique,0,0,1,,target_candidate,target_adapt,2026.0
TSBD_WSSV_08f57edf07,TSBD,,https://data.mendeley.com/datasets/9dj4sk5d55/1,10.17632/9dj4sk5d55.1,CC BY 4.0,WSSV/IMG-20240426-WA0024.jpg,IMG-20240426-WA0024.jpg,Penaeus_monodon,TigerShrimpBD metadata explicitly identifies tiger shrimp,WSSV,WSSV,0,,,,DUPG_01834,1040,780,01a3010cf1634ea9b3cd8a86d671ee34e15aa44d1dc5fa85749a72504d317499,08f57edf07f0bccac80722983b30240be0a7f0811325a351da2e65f4cac396d4,aadad5350da2b48b,DUPG_01834,unique,0,0,1,,target_candidate,target_adapt,2026.0
TSBD_WSSV_922a715bec,TSBD,,https://data.mendeley.com/datasets/9dj4sk5d55/1,10.17632/9dj4sk5d55.1,CC BY 4.0,WSSV/IMG-20240426-WA0025.jpg,IMG-20240426-WA0025.jpg,Penaeus_monodon,TigerShrimpBD metadata explicitly identifies tiger shrimp,WSSV,WSSV,0,,,,DUPG_01835,780,1040,8ee2947d792e479131bd3b185137c4bfcc374dbc95b3f5e0da400ebdcbc26135,922a715bec56bab11861d65b62bcdb5481c3924bd3a960ffb471b14ea3514526,efedc8b2904f9308,DUPG_01835,unique,0,0,1,,target_candidate,target_adapt,2026.0
TSBD_WSSV_aa0b3c4c15,TSBD,,https://data.mendeley.com/datasets/9dj4sk5d55/1,10.17632/9dj4sk5d55.1,CC BY 4.0,WSSV/IMG-20240426-WA0046.jpg,IMG-20240426-WA0046.jpg,Penaeus_monodon,TigerShrimpBD metadata explicitly identifies tiger shrimp,WSSV,WSSV,0,,,,DUPG_01836,780,1040,880470ea87c969ee74501da1aadc2ebbb7a797055ce057ecdfd7b2beae2b9be4,aa0b3c4c153d2c9250187ffb3587221064dd218c6c84ca5a429b6502af23c3c3,e6ec930cf8f26984,DUPG_01836,unique,0,0,1,,target_candidate,target_adapt,2026.0
TSBD_WSSV_daa4ba808b,TSBD,,https://data.mendeley.com/datasets/9dj4sk5d55/1,10.17632/9dj4sk5d55.1,CC BY 4.0,WSSV/IMG-20240426-WA0049.jpg,IMG-20240426-WA0049.jpg,Penaeus_monodon,TigerShrimpBD metadata explicitly identifies tiger shrimp,WSSV,WSSV,0,,,,DUPG_01837,780,1040,520fe363fec0a17bb606be9825ae3742c81dc7f53daa3ca9f7ec2cda242b9f01,daa4ba808b08adcaf409e27c0c10400d97c05d516750010e00efc9e113918ad2,f3f8c898186ca5f1,DUPG_01837,unique,0,0,1,,target_candidate,target_adapt,2026.0
TSBD_WSSV_311dd1baf7,TSBD,,https://data.mendeley.com/datasets/9dj4sk5d55/1,10.17632/9dj4sk5d55.1,CC BY 4.0,WSSV/IMG-20240426-WA0055.jpg,IMG-20240426-WA0055.jpg,Penaeus_monodon,TigerShrimpBD metadata explicitly identifies tiger shrimp,WSSV,WSSV,0,,,,DUPG_01838,780,1040,b3f5eb54ee4cabe2258ae4fc321fadaa597776ae4ab00499d47319226197e1ae,311dd1baf7f262bb6b358bec03186b95e838a8b122fd9d6186ce3abc4e7a4c4a,f6e699cec0d38483,DUPG_01838,unique,0,0,1,,target_candidate,target_adapt,2026.0
TSBD_WSSV_34ee093e2e,TSBD,,https://data.mendeley.com/datasets/9dj4sk5d55/1,10.17632/9dj4sk5d55.1,CC BY 4.0,WSSV/IMG-20240426-WA0080.jpg,IMG-20240426-WA0080.jpg,Penaeus_monodon,TigerShrimpBD metadata explicitly identifies tiger shrimp,WSSV,WSSV,0,,,,DUPG_01839,1040,780,6ff97bffbc6d9fed076d7b3aff179212e40eafea86992ae94cce4dd453e36fe5,34ee093e2e4838e3c9eb1312c81905872d7b2f24c9d228ae7f64426e2959890d,a67a94c36b5595a4,DUPG_01839,unique,0,0,1,,target_candidate,target_adapt,2026.0
TSBD_WSSV_cbb32ff38a,TSBD,,https://data.mendeley.com/datasets/9dj4sk5d55/1,10.17632/9dj4sk5d55.1,CC BY 4.0,WSSV/IMG-20240426-WA0116.jpg,IMG-20240426-WA0116.jpg,Penaeus_monodon,TigerShrimpBD metadata explicitly identifies tiger shrimp,WSSV,WSSV,0,,,,DUPG_01841,1040,780,c50415bfb32b05f120b20d950ee549621552b924b302773d84735f3481e1b7c2,cbb32ff38aee55edb7af4aac7246b5227074a8c2363ee4094dd1c42a5ac86c65,af2fd8388765186a,DUPG_01841,unique,0,0,1,,target_candidate,target_adapt,2026.0
TSBD_WSSV_9291ca740d,TSBD,,https://data.mendeley.com/datasets/9dj4sk5d55/1,10.17632/9dj4sk5d55.1,CC BY 4.0,WSSV/IMG-20240426-WA0134.jpg,IMG-20240426-WA0134.jpg,Penaeus_monodon,TigerShrimpBD metadata explicitly identifies tiger shrimp,WSSV,WSSV,0,,,,DUPG_01842,1040,780,ae56189439861bf6ad7280a06787c55ad39ac318353398beea3fc868c1faa45f,9291ca740da9db53d454118dc56c55dc8b780ef4eae8390eb61e4ae39dfc1718,9a29d5d61a3a1a73,DUPG_01842,unique,0,0,1,,target_candidate,target_adapt,2026.0
TSBD_WSSV_73bc44153b,TSBD,,https://data.mendeley.com/datasets/9dj4sk5d55/1,10.17632/9dj4sk5d55.1,CC BY 4.0,WSSV/IMG-20240426-WA0135.jpg,IMG-20240426-WA0135.jpg,Penaeus_monodon,TigerShrimpBD metadata explicitly identifies tiger shrimp,WSSV,WSSV,0,,,,DUPG_01843,1040,780,63a7b9b75dd2c5d9bd2122fdf00d562d894e146243f6867186cc7d541f62a997,73bc44153b4899bbd864be75a8671a4a9d83df54c4c7cfd09ece36e64fd1362a,ab2492cb356db44e,DUPG_01843,unique,0,0,1,,target_candidate,target_adapt,2026.0
TSBD_WSSV_4491558e57,TSBD,,https://data.mendeley.com/datasets/9dj4sk5d55/1,10.17632/9dj4sk5d55.1,CC BY 4.0,WSSV/IMG-20240426-WA0140.jpg,IMG-20240426-WA0140.jpg,Penaeus_monodon,TigerShrimpBD metadata explicitly identifies tiger shrimp,WSSV,WSSV,0,,,,DUPG_01844,1040,780,b1b13e4e3a734fc1b383ffa195c28ee64707a2540ea355e63340fc415c8f4919,4491558e57393f08981605928145dd9c009139a71a134fbfa359037e30c0aff1,af38918f686a60b7,DUPG_01844,unique,0,0,1,,target_candidate,target_adapt,2026.0
TSBD_WSSV_1ee4a00587,TSBD,,https://data.mendeley.com/datasets/9dj4sk5d55/1,10.17632/9dj4sk5d55.1,CC BY 4.0,WSSV/IMG-20240426-WA0141.jpg,IMG-20240426-WA0141.jpg,Penaeus_monodon,TigerShrimpBD metadata explicitly identifies tiger shrimp,WSSV,WSSV,0,,,,DUPG_01845,1040,780,6d991591a04681a834d6327bab05755d52e1fde78bfebc3ad47a0a02c5654d6b,1ee4a005872c09aa1ec6db1fb44f6a93c1f4982e3b9074e869daf45a59d92971,a8c0903f4fd1afa9,DUPG_01845,unique,0,0,1,,target_candidate,target_adapt,2026.0
TSBD_WSSV_ecb905238d,TSBD,,https://data.mendeley.com/datasets/9dj4sk5d55/1,10.17632/9dj4sk5d55.1,CC BY 4.0,WSSV/IMG-20240426-WA0144.jpg,IMG-20240426-WA0144.jpg,Penaeus_monodon,TigerShrimpBD metadata explicitly identifies tiger shrimp,WSSV,WSSV,0,,,,DUPG_01846,1040,780,634960be94ea4e63d8218fef8b898709e95fdf41c123dfb78f4927f65c3c853a,ecb905238d3abb837a48d55a38701dda5fbf265da83832c1f9e3403d5cd4de3a,8f7c91808f8bcb47,DUPG_01846,unique,0,0,1,,target_candidate,target_adapt,2026.0
TSBD_WSSV_ccd255a2df,TSBD,,https://data.mendeley.com/datasets/9dj4sk5d55/1,10.17632/9dj4sk5d55.1,CC BY 4.0,WSSV/IMG-20240426-WA0145.jpg,IMG-20240426-WA0145.jpg,Penaeus_monodon,TigerShrimpBD metadata explicitly identifies tiger shrimp,WSSV,WSSV,0,,,,DUPG_01847,1040,780,e829dc8357a5b8d4e41a5a9ca6fb1fadbb1a0187c258e7de9ab7ac16a8a299a6,ccd255a2dfe1d10072bc5aa7594ff1ae61d24ca01652d7d336d3de92bc508d58,aa07913c6fc3b0ad,DUPG_01847,unique,0,0,1,,target_candidate,target_adapt,2026.0
TSBD_WSSV_584c5a10d0,TSBD,,https://data.mendeley.com/datasets/9dj4sk5d55/1,10.17632/9dj4sk5d55.1,CC BY 4.0,WSSV/IMG-20240426-WA0161.jpg,IMG-20240426-WA0161.jpg,Penaeus_monodon,TigerShrimpBD metadata explicitly identifies tiger shrimp,WSSV,WSSV,0,,,,DUPG_01848,1040,780,3d1e1526d1acd0d34cc3a429507a10aaecd2ca457783a1d4f02a5ca97bc0d963,584c5a10d0729d33a7368bef86c9b972301e4c745bbf1eb0a42c46d45399ce71,aa379cc04349aded,DUPG_01848,unique,0,0,1,,target_candidate,target_adapt,2026.0
TSBD_WSSV_aa58f57ab0,TSBD,,https://data.mendeley.com/datasets/9dj4sk5d55/1,10.17632/9dj4sk5d55.1,CC BY 4.0,WSSV/IMG-20240426-WA0164.jpg,IMG-20240426-WA0164.jpg,Penaeus_monodon,TigerShrimpBD metadata explicitly identifies tiger shrimp,WSSV,WSSV,0,,,,DUPG_01849,1040,780,ae902f73263a451f41bf260d39b6404ed6e252ba46b7289d08818c3d739343a9,aa58f57ab0a37d1fd71e4396918be56a3f561ec365de128deda577d9486c05ea,bf239087c378473c,DUPG_01849,unique,0,0,1,,target_candidate,target_adapt,2026.0
TSBD_WSSV_4f3b6f89a8,TSBD,,https://data.mendeley.com/datasets/9dj4sk5d55/1,10.17632/9dj4sk5d55.1,CC BY 4.0,WSSV/IMG-20240426-WA0203.jpg,IMG-20240426-WA0203.jpg,Penaeus_monodon,TigerShrimpBD metadata explicitly identifies tiger shrimp,WSSV,WSSV,0,,,,DUPG_01853,1040,780,222fa1a039bf064aa85b1a03d4a98f73e9080f01d78f51f539604091b0be2c16,4f3b6f89a86f0732ded4434ba6360503407259d83d19235affe282b8b5c45db7,af3090cf687cb097,DUPG_01853,unique,0,0,1,,target_candidate,target_adapt,2026.0
TSBD_WSSV_279702ba92,TSBD,,https://data.mendeley.com/datasets/9dj4sk5d55/1,10.17632/9dj4sk5d55.1,CC BY 4.0,WSSV/IMG-20240426-WA0206.jpg,IMG-20240426-WA0206.jpg,Penaeus_monodon,TigerShrimpBD metadata explicitly identifies tiger shrimp,WSSV,WSSV,0,,,,DUPG_01855,1040,780,fc79c0323b721ade138435256b57dc492b8708fdfe59c6df735df85f7a0e05e8,279702ba9274357f7d8d75690400ee2fa92c2e6b99b9942dd2017799e85d035d,aa21951b6ae59f1a,DUPG_01855,unique,0,0,1,,target_candidate,target_adapt,2026.0
TSBD_WSSV_9dc876dd17,TSBD,,https://data.mendeley.com/datasets/9dj4sk5d55/1,10.17632/9dj4sk5d55.1,CC BY 4.0,WSSV/IMG-20240426-WA0211.jpg,IMG-20240426-WA0211.jpg,Penaeus_monodon,TigerShrimpBD metadata explicitly identifies tiger shrimp,WSSV,WSSV,0,,,,DUPG_01858,1040,780,a5319a215ac82780a26738a426738060dc9736ca3301ca431e94e53609b094be,9dc876dd1703add1cdaf8b7419f73a366426b7df5d31ce27d63d52e3f0624028,a04cd0b72fe07a4f,DUPG_01858,unique,0,0,1,,target_candidate,target_adapt,2026.0
TSBD_WSSV_0ce34b5766,TSBD,,https://data.mendeley.com/datasets/9dj4sk5d55/1,10.17632/9dj4sk5d55.1,CC BY 4.0,WSSV/IMG-20240426-WA0234.jpg,IMG-20240426-WA0234.jpg,Penaeus_monodon,TigerShrimpBD metadata explicitly identifies tiger shrimp,WSSV,WSSV,0,,,,DUPG_01860,1040,780,d3e34504bff946e2326cf6eb6b7defe2000fd6252115be3a549d7bc0f1ac1496,0ce34b576682779f4f65fe8efd88540837e61021140787582b8d7631923e2270,a87fd4842f7f9081,DUPG_01860,unique,0,0,1,,target_candidate,target_adapt,2026.0
TSBD_WSSV_6c3afb6716,TSBD,,https://data.mendeley.com/datasets/9dj4sk5d55/1,10.17632/9dj4sk5d55.1,CC BY 4.0,WSSV/IMG-20240426-WA0242.jpg,IMG-20240426-WA0242.jpg,Penaeus_monodon,TigerShrimpBD metadata explicitly identifies tiger shrimp,WSSV,WSSV,0,,,,DUPG_01863,1040,780,290df8ed16d631dfb827f1c311e065d864cfe641e6b7d71ae8d935e505c51656,6c3afb6716a2db17e5d9377408a65964fb0211ba8231ad13c1d0ef255c2a1cda,aa7b94806f7f70a0,DUPG_01863,unique,0,0,1,,target_candidate,target_adapt,2026.0
TSBD_WSSV_366db07a25,TSBD,,https://data.mendeley.com/datasets/9dj4sk5d55/1,10.17632/9dj4sk5d55.1,CC BY 4.0,WSSV/IMG-20240426-WA0244.jpg,IMG-20240426-WA0244.jpg,Penaeus_monodon,TigerShrimpBD metadata explicitly identifies tiger shrimp,WSSV,WSSV,0,,,,DUPG_01864,1040,780,b34cd40d0803a2b43fdb12d49b904805364742023c5fff0f2b82b7cb1f32b0e1,366db07a25f88b6416c54c7e2500690f58a1d46cd659dd5b2ed7251c59964fd8,aa6a95b53342e4bc,DUPG_01864,unique,0,0,1,,target_candidate,target_adapt,2026.0
TSBD_WSSV_b84a0005bf,TSBD,,https://data.mendeley.com/datasets/9dj4sk5d55/1,10.17632/9dj4sk5d55.1,CC BY 4.0,WSSV/IMG-20240426-WA0245.jpg,IMG-20240426-WA0245.jpg,Penaeus_monodon,TigerShrimpBD metadata explicitly identifies tiger shrimp,WSSV,WSSV,0,,,,DUPG_01865,1040,780,0e7da8ccffc66eda5ee79ed2318a285350109cd505944203d979953b3f325ccf,b84a0005bf9d06ca223e92b9a324e2dec68592c9bcc32fa6d3cf05e47677efcd,aa7f808f7f705421,DUPG_01865,unique,0,0,1,,target_candidate,target_adapt,2026.0
TSBD_WSSV_6624c91a73,TSBD,,https://data.mendeley.com/datasets/9dj4sk5d55/1,10.17632/9dj4sk5d55.1,CC BY 4.0,WSSV/IMG-20240426-WA0261.jpg,IMG-20240426-WA0261.jpg,Penaeus_monodon,TigerShrimpBD metadata explicitly identifies tiger shrimp,WSSV,WSSV,0,,,,DUPG_01867,1040,780,2546c022d029685cc66a0cc78118466f8f987c3087c5728c6844770b83182e90,6624c91a7347ab1babfbceb34569863b86cb4b1017a29d6de7664c512f8b5a27,aa3f91814f7a20b7,DUPG_01867,unique,0,0,1,,target_candidate,target_adapt,2026.0
TSBD_WSSV_8a1517bc0e,TSBD,,https://data.mendeley.com/datasets/9dj4sk5d55/1,10.17632/9dj4sk5d55.1,CC BY 4.0,WSSV/IMG-20240426-WA0267.jpg,IMG-20240426-WA0267.jpg,Penaeus_monodon,TigerShrimpBD metadata explicitly identifies tiger shrimp,WSSV,WSSV,0,,,,DUPG_01870,1040,780,1af2e1d1f14f853ab746cdd1d473470d4b29f1462ff612b1b0426e6df059c035,8a1517bc0e7f284f7bee3f535872843ba10ed1082d902faf29a6d026a574419d,aa0191b13f4fd5b4,DUPG_01870,unique,0,0,1,,target_candidate,target_adapt,2026.0
TSBD_WSSV_cada06cffd,TSBD,,https://data.mendeley.com/datasets/9dj4sk5d55/1,10.17632/9dj4sk5d55.1,CC BY 4.0,WSSV/IMG-20240426-WA0268.jpg,IMG-20240426-WA0268.jpg,Penaeus_monodon,TigerShrimpBD metadata explicitly identifies tiger shrimp,WSSV,WSSV,0,,,,DUPG_01871,1040,780,c27a2b8232eab7c5dd88ddaaa2c89d02aabb1744e6256c0c0ad5397ab4174ea8,cada06cffda8806481202bb48e34bde3123692007c318c348e662bc3901bc52f,aa65957b2a85e07a,DUPG_01871,unique,0,0,1,,target_candidate,target_adapt,2026.0
TSBD_WSSV_72abeff3dc,TSBD,,https://data.mendeley.com/datasets/9dj4sk5d55/1,10.17632/9dj4sk5d55.1,CC BY 4.0,WSSV/IMG-20240426-WA0280.jpg,IMG-20240426-WA0280.jpg,Penaeus_monodon,TigerShrimpBD metadata explicitly identifies tiger shrimp,WSSV,WSSV,0,,,,DUPG_01872,1040,780,f94dd27f7bd6dea2d240c342ac2441559d40529739c6706edf63c040e626bbf3,72abeff3dc0f9a88b156f9741bd044c8b9d3c4191d12a67456f5cc62fc994cb3,aa3f9180435f4f2e,DUPG_01872,unique,0,0,1,,target_candidate,target_adapt,2026.0
TSBD_WSSV_71629aa3f2,TSBD,,https://data.mendeley.com/datasets/9dj4sk5d55/1,10.17632/9dj4sk5d55.1,CC BY 4.0,WSSV/IMG-20240426-WA0292.jpg,IMG-20240426-WA0292.jpg,Penaeus_monodon,TigerShrimpBD metadata explicitly identifies tiger shrimp,WSSV,WSSV,0,,,,DUPG_01873,1040,780,40734a3566bef9d4a883355b3ff3d1b056a70802b5b1c5264eee9775cf982307,71629aa3f2f67d3a0436f6ba7f0d2461fd975d5a4ab08b0b9886ce89da242d4c,a8c0953f6bc0b8af,DUPG_01873,unique,0,0,1,,target_candidate,target_adapt,2026.0
TSBD_WSSV_bd69e16b82,TSBD,,https://data.mendeley.com/datasets/9dj4sk5d55/1,10.17632/9dj4sk5d55.1,CC BY 4.0,WSSV/IMG-20240426-WA0298.jpg,IMG-20240426-WA0298.jpg,Penaeus_monodon,TigerShrimpBD metadata explicitly identifies tiger shrimp,WSSV,WSSV,0,,,,DUPG_01875,1040,780,942a8751cea03d702f81bcc27c50615ef9840e8ba48fec73e27faa22d7bfe23e,bd69e16b8200732719ca2fa7dd84a262eefe96bbae84d0a80d67546180ed219a,ab8380384ed7b5e9,DUPG_01875,unique,0,0,1,,target_candidate,target_adapt,2026.0
TSBD_WSSV_6fd5eb945a,TSBD,,https://data.mendeley.com/datasets/9dj4sk5d55/1,10.17632/9dj4sk5d55.1,CC BY 4.0,WSSV/IMG-20240426-WA0301.jpg,IMG-20240426-WA0301.jpg,Penaeus_monodon,TigerShrimpBD metadata explicitly identifies tiger shrimp,WSSV,WSSV,0,,,,DUPG_01876,1040,780,d41e346a7486198d2af66c74c6bdb523ad42be1ee1063297deaee6c5f8df1179,6fd5eb945a7c0ab0eda7901ff4458dd788e68619059771e83b731d8b105ce413,ab8781b06c4f5697,DUPG_01876,unique,0,0,1,,target_candidate,target_adapt,2026.0
TSBD_WSSV_7ed3990ccb,TSBD,,https://data.mendeley.com/datasets/9dj4sk5d55/1,10.17632/9dj4sk5d55.1,CC BY 4.0,WSSV/IMG-20240426-WA0303.jpg,IMG-20240426-WA0303.jpg,Penaeus_monodon,TigerShrimpBD metadata explicitly identifies tiger shrimp,WSSV,WSSV,0,,,,DUPG_01878,780,1040,040a890a0651fdcd652a3b54a593213f6c6457861aff7a03a975ed65ea071f80,7ed3990ccb82edbd2dc7b74d62714860b13b15c8ff66944011e451bae9f31ae4,e2f213e119e38df0,DUPG_01878,unique,0,0,1,,target_candidate,target_adapt,2026.0
TSBD_WSSV_8b1c70a3bc,TSBD,,https://data.mendeley.com/datasets/9dj4sk5d55/1,10.17632/9dj4sk5d55.1,CC BY 4.0,WSSV/IMG-20240426-WA0307.jpg,IMG-20240426-WA0307.jpg,Penaeus_monodon,TigerShrimpBD metadata explicitly identifies tiger shrimp,WSSV,WSSV,0,,,,DUPG_01880,780,1040,f407fdce6d9fc2dd3f51cd947392583abf52a86c93d7aa1330ea79981e29a80f,8b1c70a3bcc65ca29694acef8dfe09a9c264694a5a8aab3af81a436ce598267f,e7e29be08d92cc38,DUPG_01880,unique,0,0,1,,target_candidate,target_adapt,2026.0
TSBD_WSSV_f583f8e371,TSBD,,https://data.mendeley.com/datasets/9dj4sk5d55/1,10.17632/9dj4sk5d55.1,CC BY 4.0,WSSV/IMG-20240427-WA0016.jpg,IMG-20240427-WA0016.jpg,Penaeus_monodon,TigerShrimpBD metadata explicitly identifies tiger shrimp,WSSV,WSSV,0,,,,DUPG_01881,1040,780,c287bbe726299f29f3c50512d440c5925008a70874ca6b9a09df6bd553373dbc,f583f8e37131ffc986a2cd537a295ff36dbd0fb050db2346444ba2ec1b2fe24b,a84a943767ccbf28,DUPG_01881,canonical,0,0,1,,target_candidate,target_adapt,2026.0
TSBD_WSSV_493953f127,TSBD,,https://data.mendeley.com/datasets/9dj4sk5d55/1,10.17632/9dj4sk5d55.1,CC BY 4.0,WSSV/IMG-20240427-WA0019.jpg,IMG-20240427-WA0019.jpg,Penaeus_monodon,TigerShrimpBD metadata explicitly identifies tiger shrimp,WSSV,WSSV,0,,,,DUPG_01882,1040,780,3c0149c4ea68001bec43ed50bbc919c3f6506b4570607eba5240bca43ab51599,493953f12773e8379c65e24cf78d5371d9b3752bcedeb5acf495293dc4b3b14c,aa3b91852f7860d7,DUPG_01882,unique,0,0,1,,target_candidate,target_adapt,2026.0
TSBD_WSSV_1139b0bbb2,TSBD,,https://data.mendeley.com/datasets/9dj4sk5d55/1,10.17632/9dj4sk5d55.1,CC BY 4.0,WSSV/IMG-20240427-WA0021.jpg,IMG-20240427-WA0021.jpg,Penaeus_monodon,TigerShrimpBD metadata explicitly identifies tiger shrimp,WSSV,WSSV,0,,,,DUPG_01883,1040,780,655b666c919ce4b956e166f94803258796953488feeac4026ada961e0d6c2ba2,1139b0bbb21f8a3762c09792079f2394645d5e3d8c9b94374edf8882c181b17b,aa3f9185076f7a50,DUPG_01883,unique,0,0,1,,target_candidate,target_adapt,2026.0
TSBD_WSSV_735499e204,TSBD,,https://data.mendeley.com/datasets/9dj4sk5d55/1,10.17632/9dj4sk5d55.1,CC BY 4.0,WSSV/IMG-20240427-WA0025.jpg,IMG-20240427-WA0025.jpg,Penaeus_monodon,TigerShrimpBD metadata explicitly identifies tiger shrimp,WSSV,WSSV,0,,,,DUPG_01885,1040,780,feded0bcba460dd1748313c1ff3eb516de209db1fea1cf6a4e74305048aaa21c,735499e20453bf800f2a9e4eeb66365e7975baddbad173a4500958bb223873a8,aa0a903e5f8baacb,DUPG_01885,unique,0,0,1,,target_candidate,target_adapt,2026.0
TSBD_WSSV_01066cc969,TSBD,,https://data.mendeley.com/datasets/9dj4sk5d55/1,10.17632/9dj4sk5d55.1,CC BY 4.0,WSSV/IMG-20240427-WA0060.jpg,IMG-20240427-WA0060.jpg,Penaeus_monodon,TigerShrimpBD metadata explicitly identifies tiger shrimp,WSSV,WSSV,0,,,,DUPG_01887,1040,780,ca073469da8245e8b3dfe1a307582c8f05cc885053165ae70d393fa5ec545560,01066cc969f43b68d57177c1c0a274c6deec1dde37bd0f4fc846bb7f3a7167b0,af47c0b0a5ad6b62,DUPG_01887,unique,0,0,1,,target_candidate,target_adapt,2026.0
TSBD_WSSV_941d089361,TSBD,,https://data.mendeley.com/datasets/9dj4sk5d55/1,10.17632/9dj4sk5d55.1,CC BY 4.0,WSSV/IMG-20240427-WA0069.jpg,IMG-20240427-WA0069.jpg,Penaeus_monodon,TigerShrimpBD metadata explicitly identifies tiger shrimp,WSSV,WSSV,0,,,,DUPG_01888,1040,780,6743865c83366b2f85fe7f502995b1028a350a1ec937a618fb2c092f6f215fde,941d0893612e5ea50510a929b7d417283be8232a543decaec98b348846d6b565,aa0795750e80f95f,DUPG_01888,unique,0,0,1,,target_candidate,target_adapt,2026.0
TSBD_WSSV_629e5c7c92,TSBD,,https://data.mendeley.com/datasets/9dj4sk5d55/1,10.17632/9dj4sk5d55.1,CC BY 4.0,WSSV/IMG-20240427-WA0145.jpg,IMG-20240427-WA0145.jpg,Penaeus_monodon,TigerShrimpBD metadata explicitly identifies tiger shrimp,WSSV,WSSV,0,,,,DUPG_01890,1040,780,9ca1423eb82738ddd176e4edffa7de92f435bcd5f54b6ca40dbcab9db7130e58,629e5c7c92f86c114ce23c4310a852d7ea098863010a7a9d4b4a6b7678a42bda,af7c90855f545472,DUPG_01890,unique,0,0,1,,target_candidate,target_adapt,2026.0
TSBD_WSSV_cf01831715,TSBD,,https://data.mendeley.com/datasets/9dj4sk5d55/1,10.17632/9dj4sk5d55.1,CC BY 4.0,WSSV/IMG-20240427-WA0163.jpg,IMG-20240427-WA0163.jpg,Penaeus_monodon,TigerShrimpBD metadata explicitly identifies tiger shrimp,WSSV,WSSV,0,,,,DUPG_01891,1040,780,e307d60279c99d4d369fe2fb672356c6cbd824f7cea6b87c46dd287ba1d7e632,cf01831715b63448a6b6c8f4533f5f5540f7c339a2f33d2667e13d54a2c74a13,ad0dc9f53415d554,DUPG_01891,unique,0,0,1,,target_candidate,target_adapt,2026.0
TSBD_WSSV_2c0f3e0b28,TSBD,,https://data.mendeley.com/datasets/9dj4sk5d55/1,10.17632/9dj4sk5d55.1,CC BY 4.0,WSSV/IMG-20240427-WA0188.jpg,IMG-20240427-WA0188.jpg,Penaeus_monodon,TigerShrimpBD metadata explicitly identifies tiger shrimp,WSSV,WSSV,0,,,,DUPG_01893,1040,780,5265595088d0346bfa883a418b9f5b9db96ee6709eb7daaef8e6d4e929066bc2,2c0f3e0b28e1d34a2de76ad5ed489b1a652abb8256f0ea88b89195c2cc24a7b7,af789085656d5517,DUPG_01893,unique,0,0,1,,target_candidate,target_adapt,2026.0
TSBD_WSSV_801c0b8b82,TSBD,,https://data.mendeley.com/datasets/9dj4sk5d55/1,10.17632/9dj4sk5d55.1,CC BY 4.0,WSSV/IMG-20240427-WA0196.jpg,IMG-20240427-WA0196.jpg,Penaeus_monodon,TigerShrimpBD metadata explicitly identifies tiger shrimp,WSSV,WSSV,0,,,,DUPG_01894,1040,780,f6b802833d2bed77b6b8d45967de694514beff8fca3b1bff828fa558f6773ea5,801c0b8b820b5747a03a00478cb23db75fb43646cf746b893b680127182892fd,aa878178deb76852,DUPG_01894,unique,0,0,1,,target_candidate,target_adapt,2026.0
TSBD_WSSV_f2274525f7,TSBD,,https://data.mendeley.com/datasets/9dj4sk5d55/1,10.17632/9dj4sk5d55.1,CC BY 4.0,WSSV/IMG-20240427-WA0236.jpg,IMG-20240427-WA0236.jpg,Penaeus_monodon,TigerShrimpBD metadata explicitly identifies tiger shrimp,WSSV,WSSV,0,,,,DUPG_01897,1040,780,8bc0b5c0cc706987d88de6a231e188fa4eccc252869cfc22efc8095f63893699,f2274525f77639f2bd358961b5828ca12505102c75021d39391a9d9b3a592624,adc9d435d2a21bb2,DUPG_01897,unique,0,0,1,,target_candidate,target_adapt,2026.0
TSBD_WSSV_2e17c58aad,TSBD,,https://data.mendeley.com/datasets/9dj4sk5d55/1,10.17632/9dj4sk5d55.1,CC BY 4.0,WSSV/IMG-20240427-WA0240.jpg,IMG-20240427-WA0240.jpg,Penaeus_monodon,TigerShrimpBD metadata explicitly identifies tiger shrimp,WSSV,WSSV,0,,,,DUPG_01898,1040,780,157ff6d07aa17e9db58480ee9e6bb49b0485b8ed7f9e1d5a58f01b8d2e86c6e2,2e17c58aaddb4a4de966792072bcd45610189d2272ed61bcf49465e64c0c47dc,a9c99636d2329a76,DUPG_01898,unique,0,0,1,,target_candidate,target_adapt,2026.0
TSBD_WSSV_bb9d07b1e5,TSBD,,https://data.mendeley.com/datasets/9dj4sk5d55/1,10.17632/9dj4sk5d55.1,CC BY 4.0,WSSV/IMG-20240427-WA0253.jpg,IMG-20240427-WA0253.jpg,Penaeus_monodon,TigerShrimpBD metadata explicitly identifies tiger shrimp,WSSV,WSSV,0,,,,DUPG_01899,1040,780,5be5881c481b1961fee55c21e75e716e801546ece0a72b67a7669c9211601539,bb9d07b1e553aefb56c703a65722cb747ba9a45a0ef7eac701d9d009a7f8f67f,a63bdbcc89260d66,DUPG_01899,unique,0,0,1,,target_candidate,target_adapt,2026.0
TSBD_WSSV_950d6de8a1,TSBD,,https://data.mendeley.com/datasets/9dj4sk5d55/1,10.17632/9dj4sk5d55.1,CC BY 4.0,WSSV/IMG-20240427-WA0255.jpg,IMG-20240427-WA0255.jpg,Penaeus_monodon,TigerShrimpBD metadata explicitly identifies tiger shrimp,WSSV,WSSV,0,,,,DUPG_01900,780,1040,d2e8e60b2319d5a6c2aa3dcd358ff5a1fbfc19fb8fbd5e9ceb3e7e2d2177e45a,950d6de8a168559dd63fd670d80c4ece95b7d04134e866efb9ea867909b1518d,e4b3b6da92c18387,DUPG_01900,unique,0,0,1,,target_candidate,target_adapt,2026.0
TSBD_WSSV_0b909fea6f,TSBD,,https://data.mendeley.com/datasets/9dj4sk5d55/1,10.17632/9dj4sk5d55.1,CC BY 4.0,WSSV/IMG-20240427-WA0262.jpg,IMG-20240427-WA0262.jpg,Penaeus_monodon,TigerShrimpBD metadata explicitly identifies tiger shrimp,WSSV,WSSV,0,,,,DUPG_01905,1040,780,d9f4a0bd5bdd6be5cdf7ed07d64850dde72ed017cdf1afb5439cd4279a2fa240,0b909fea6fd768b618d9dd0e42763bb6e73b2ee70e4645463f92a15d937f1a6a,abf891806f7a7035,DUPG_01905,unique,0,0,1,,target_candidate,target_adapt,2026.0
TSBD_WSSV_50b41d3123,TSBD,,https://data.mendeley.com/datasets/9dj4sk5d55/1,10.17632/9dj4sk5d55.1,CC BY 4.0,WSSV/IMG-20240427-WA0263.jpg,IMG-20240427-WA0263.jpg,Penaeus_monodon,TigerShrimpBD metadata explicitly identifies tiger shrimp,WSSV,WSSV,0,,,,DUPG_01906,1040,780,591aef6e3d132aa82d9542fee0e74bdb60fc89973dd8af422c1719c48b72d6db,50b41d312373105834c938828956a3dfb460609d31941b4af50473b8930e12ff,ab35d2c965233d32,DUPG_01906,unique,0,0,1,,target_candidate,target_adapt,2026.0
TSBD_WSSV_1d66e28720,TSBD,,https://data.mendeley.com/datasets/9dj4sk5d55/1,10.17632/9dj4sk5d55.1,CC BY 4.0,WSSV/IMG-20240427-WA0272.jpg,IMG-20240427-WA0272.jpg,Penaeus_monodon,TigerShrimpBD metadata explicitly identifies tiger shrimp,WSSV,WSSV,0,,,,DUPG_01909,1040,780,3d8455b5527d8754130d1ecc3cc5dd68a68db4945c4e9698a0fe4bdf7425a5f2,1d66e287208a4ae5fe3b79da851076cbe993c8cf73bf4979f080fe7951bc63d1,be0ed032c7a947a9,DUPG_01909,unique,0,0,1,,target_candidate,target_adapt,2026.0
TSBD_WSSV_f9303a9060,TSBD,,https://data.mendeley.com/datasets/9dj4sk5d55/1,10.17632/9dj4sk5d55.1,CC BY 4.0,WSSV/IMG-20240427-WA0284.jpg,IMG-20240427-WA0284.jpg,Penaeus_monodon,TigerShrimpBD metadata explicitly identifies tiger shrimp,WSSV,WSSV,0,,,,DUPG_01912,1040,780,d99bfb0fc3ba0d685be84287132606f7038b3bdecc175868c74478136e8ac022,f9303a9060bc2c6275e67100138a08ed21d16cfab15c02b4e54ddea53a19c848,af6fd830a6a52949,DUPG_01912,unique,0,0,1,,target_candidate,target_adapt,2026.0
TSBD_WSSV_ffd6ae5c1c,TSBD,,https://data.mendeley.com/datasets/9dj4sk5d55/1,10.17632/9dj4sk5d55.1,CC BY 4.0,WSSV/IMG-20240427-WA0286.jpg,IMG-20240427-WA0286.jpg,Penaeus_monodon,TigerShrimpBD metadata explicitly identifies tiger shrimp,WSSV,WSSV,0,,,,DUPG_01913,1040,780,83fecb9be1b55580c309481c12698745e13bc919f68fca13179482fae1eabb1e,ffd6ae5c1c1ffda59a3e3123c8eebd0d0e5d984d5f22ab65fa25e5dee5fc4226,be639087b14e4b78,DUPG_01913,unique,0,0,1,,target_candidate,target_adapt,2026.0
TSBD_WSSV_6a97515cc2,TSBD,,https://data.mendeley.com/datasets/9dj4sk5d55/1,10.17632/9dj4sk5d55.1,CC BY 4.0,WSSV/IMG-20240427-WA0288.jpg,IMG-20240427-WA0288.jpg,Penaeus_monodon,TigerShrimpBD metadata explicitly identifies tiger shrimp,WSSV,WSSV,0,,,,DUPG_01914,1040,780,e9807ae2e3c8956aa72423cd60d664a094f58608defe30cf6ca309ebd51ac333,6a97515cc27deaa8ccf16413594a113d85ceb4f353284b7f7097e64b9cc6b0f0,af4fd836a5a1aa28,DUPG_01914,unique,0,0,1,,target_candidate,target_adapt,2026.0
TSBD_WSSV_6a19d7effb,TSBD,,https://data.mendeley.com/datasets/9dj4sk5d55/1,10.17632/9dj4sk5d55.1,CC BY 4.0,WSSV/IMG-20240427-WA0292.jpg,IMG-20240427-WA0292.jpg,Penaeus_monodon,TigerShrimpBD metadata explicitly identifies tiger shrimp,WSSV,WSSV,0,,,,DUPG_01915,1040,780,b92859b1974a7b8b0906644e5a7598a68da66c34f05ecde396c90c1a7800ebe5,6a19d7effb057fdcc409105f0b2249492b4c3a441691254d44e1ca66a8ce53b7,aa40b83f4fd0ad2b,DUPG_01915,unique,0,0,1,,target_candidate,target_adapt,2026.0
TSBD_WSSV_9872bb742f,TSBD,,https://data.mendeley.com/datasets/9dj4sk5d55/1,10.17632/9dj4sk5d55.1,CC BY 4.0,WSSV/IMG-20240427-WA0315.jpg,IMG-20240427-WA0315.jpg,Penaeus_monodon,TigerShrimpBD metadata explicitly identifies tiger shrimp,WSSV,WSSV,0,,,,DUPG_01918,1040,780,81665de16daf206057da44b202e94c104c91fc1cc65a5f79d52183f84550ef68,9872bb742fc0238788509390d1c32ed4a48d99227f381aae9af24bdd7dae9cc3,ab3c91077f50f8a1,DUPG_01918,unique,0,0,1,,target_candidate,target_adapt,2026.0
TSBD_WSSV_e44f2c0a8a,TSBD,,https://data.mendeley.com/datasets/9dj4sk5d55/1,10.17632/9dj4sk5d55.1,CC BY 4.0,WSSV/IMG-20240427-WA0319.jpg,IMG-20240427-WA0319.jpg,Penaeus_monodon,TigerShrimpBD metadata explicitly identifies tiger shrimp,WSSV,WSSV,0,,,,DUPG_01919,1040,780,6bb25391664414edf28d95b1a7c9711b98b861b6fe2584132b5a2e25e5cc25ea,e44f2c0a8aba82f501cc69c31db2d3105576e80735fd3ac1f46529f665d6f545,aaa5d56a3f8650ac,DUPG_01919,unique,0,0,1,,target_candidate,target_adapt,2026.0
TSBD_WSSV_f1294af3d4,TSBD,,https://data.mendeley.com/datasets/9dj4sk5d55/1,10.17632/9dj4sk5d55.1,CC BY 4.0,WSSV/IMG-20240427-WA0322.jpg,IMG-20240427-WA0322.jpg,Penaeus_monodon,TigerShrimpBD metadata explicitly identifies tiger shrimp,WSSV,WSSV,0,,,,DUPG_01920,1040,780,21db4704072ef8389dbeff12ac3c0d89d5a4829981dbce5f699c31d21cb645b9,f1294af3d45c689e08fde6b3e45d291a48ebab7b1feb750555bdf8948b1a382d,aabf82261b55f18a,DUPG_01920,unique,0,0,1,,target_candidate,target_adapt,2026.0
TSBD_WSSV_264790eb51,TSBD,,https://data.mendeley.com/datasets/9dj4sk5d55/1,10.17632/9dj4sk5d55.1,CC BY 4.0,WSSV/IMG-20240427-WA0323.jpg,IMG-20240427-WA0323.jpg,Penaeus_monodon,TigerShrimpBD metadata explicitly identifies tiger shrimp,WSSV,WSSV,0,,,,DUPG_01921,1040,780,57a22e672b418726f3fe9ddb33392bda3b6366c22b849993813a9a3ca497d874,264790eb516dcffc4013cddc64a639a64ead814f2ae0c35fcf4e471e8691f11b,aa3d95043f5dd491,DUPG_01921,unique,0,0,1,,target_candidate,target_adapt,2026.0
TSBD_WSSV_11430ce0d0,TSBD,,https://data.mendeley.com/datasets/9dj4sk5d55/1,10.17632/9dj4sk5d55.1,CC BY 4.0,WSSV/IMG-20240427-WA0349.jpg,IMG-20240427-WA0349.jpg,Penaeus_monodon,TigerShrimpBD metadata explicitly identifies tiger shrimp,WSSV,WSSV,0,,,,DUPG_01923,1040,780,e60679cbcf509d57b2a5b0497e0c67cbc98bd4fe8f6e4cac2be8528a170ab1a3,11430ce0d03fc66dd8dd8f81d387699374b2c61a053e6a77dec015851752a61a,aaef943a65811a7c,DUPG_01923,unique,0,0,1,,target_candidate,target_adapt,2026.0
TSBD_WSSV_74c3607b95,TSBD,,https://data.mendeley.com/datasets/9dj4sk5d55/1,10.17632/9dj4sk5d55.1,CC BY 4.0,WSSV/IMG-20240427-WA0362.jpg,IMG-20240427-WA0362.jpg,Penaeus_monodon,TigerShrimpBD metadata explicitly identifies tiger shrimp,WSSV,WSSV,0,,,,DUPG_01924,1040,780,a31cf788de0299b2b4a6f10d11c5e4d14a19fcbea55dbf379d67a8c235a8816f,74c3607b95909b71b27032dd71822865ea83bd67aeeeb1af8e71352979994d41,bc639a89cd2c7136,DUPG_01924,unique,0,0,1,,target_candidate,target_adapt,2026.0
TSBD_WSSV_2c43cd74d0,TSBD,,https://data.mendeley.com/datasets/9dj4sk5d55/1,10.17632/9dj4sk5d55.1,CC BY 4.0,WSSV/IMG-20240427-WA0364.jpg,IMG-20240427-WA0364.jpg,Penaeus_monodon,TigerShrimpBD metadata explicitly identifies tiger shrimp,WSSV,WSSV,0,,,,DUPG_01925,1040,780,78a217f680bdbb93a128a184fec8b0afbe3fdf0abc98f60e5792918090a91029,2c43cd74d0c492b6e7591de9cc125b84109b68cb2844b04b357dfa1447a79b26,ac93c04fe63a6339,DUPG_01925,unique,0,0,1,,target_candidate,target_adapt,2026.0
TSBD_WSSV_59d2b7350f,TSBD,,https://data.mendeley.com/datasets/9dj4sk5d55/1,10.17632/9dj4sk5d55.1,CC BY 4.0,WSSV/IMG-20240427-WA0367.jpg,IMG-20240427-WA0367.jpg,Penaeus_monodon,TigerShrimpBD metadata explicitly identifies tiger shrimp,WSSV,WSSV,0,,,,DUPG_01926,1040,780,436c1bbf2b5211f03ddbb7143f4ca504362db3cdbc449c411dadb2156c8613e0,59d2b7350fe3c73277a99d24732beab0d37ca409288c1a376be652a91180da9d,a24c953f4fc0ba0f,DUPG_01926,unique,0,0,1,,target_candidate,target_adapt,2026.0
TSBD_WSSV_5e189248db,TSBD,,https://data.mendeley.com/datasets/9dj4sk5d55/1,10.17632/9dj4sk5d55.1,CC BY 4.0,WSSV/IMG-20240427-WA0368.jpg,IMG-20240427-WA0368.jpg,Penaeus_monodon,TigerShrimpBD metadata explicitly identifies tiger shrimp,WSSV,WSSV,0,,,,DUPG_01927,1040,780,7e1764b8d0f8e755c2a854205479af2d0816bfb99172884ff59424f29819136b,5e189248dbada36f1008e133ec7dd13ec6ef53d3e91f9d64340645a3a0d0de42,aa6d851e3b7a8163,DUPG_01927,unique,0,0,1,,target_candidate,target_adapt,2026.0
TSBD_WSSV_9f5ca0e80d,TSBD,,https://data.mendeley.com/datasets/9dj4sk5d55/1,10.17632/9dj4sk5d55.1,CC BY 4.0,WSSV/IMG-20240427-WA0369.jpg,IMG-20240427-WA0369.jpg,Penaeus_monodon,TigerShrimpBD metadata explicitly identifies tiger shrimp,WSSV,WSSV,0,,,,DUPG_01928,1040,780,78d9c2e423326f2d08e2255a1f0df0e195c9efc550d1d3c14bf86d9c01e0d59f,9f5ca0e80d0d1b600560c8b045f5d6b054b1a62de50a7ffd956a6119aa1ad345,a23f90c04f4fef06,DUPG_01928,unique,0,0,1,,target_candidate,target_adapt,2026.0
TSBD_WSSV_b626137b45,TSBD,,https://data.mendeley.com/datasets/9dj4sk5d55/1,10.17632/9dj4sk5d55.1,CC BY 4.0,WSSV/IMG-20240427-WA0371.jpg,IMG-20240427-WA0371.jpg,Penaeus_monodon,TigerShrimpBD metadata explicitly identifies tiger shrimp,WSSV,WSSV,0,,,,DUPG_01929,1040,780,e2ff4d6e1a462078447922d64e6dadb0550f67134f951ae841b435256b36ae1f,b626137b45f582019d644321bab5ece4033e4f5a3a9989bd330a5854920951f0,baaa95157af22247,DUPG_01929,unique,0,0,1,,target_candidate,target_adapt,2026.0
TSBD_WSSV_27c2a5d56f,TSBD,,https://data.mendeley.com/datasets/9dj4sk5d55/1,10.17632/9dj4sk5d55.1,CC BY 4.0,WSSV/IMG-20240427-WA0372.jpg,IMG-20240427-WA0372.jpg,Penaeus_monodon,TigerShrimpBD metadata explicitly identifies tiger shrimp,WSSV,WSSV,0,,,,DUPG_01930,1040,780,e09c7753cf259ba54a7cac0f6cf634b5b5be47d3ec26af1a6cdd8e5ea7508264,27c2a5d56ff720fe95c4458a525be9a8c64c96454cd9a1858cb2bd4c06d12b50,aac4953f44f83e45,DUPG_01930,unique,0,0,1,,target_candidate,target_adapt,2026.0
TSBD_WSSV_eee60542d7,TSBD,,https://data.mendeley.com/datasets/9dj4sk5d55/1,10.17632/9dj4sk5d55.1,CC BY 4.0,WSSV/IMG-20240427-WA0374.jpg,IMG-20240427-WA0374.jpg,Penaeus_monodon,TigerShrimpBD metadata explicitly identifies tiger shrimp,WSSV,WSSV,0,,,,DUPG_01931,1040,780,e4b47c40c3912d295ee991107bde3f47f15641c5a6f414238d69ae2cc475e135,eee60542d76b5a2266faa7d33d8544659c56b578b35653b9bce3368e362b7941,ab3f80817f7860b3,DUPG_01931,canonical,0,0,1,,target_candidate,target_adapt,2026.0
TSBD_WSSV_d9ea0715c2,TSBD,,https://data.mendeley.com/datasets/9dj4sk5d55/1,10.17632/9dj4sk5d55.1,CC BY 4.0,WSSV/IMG-20240427-WA0377.jpg,IMG-20240427-WA0377.jpg,Penaeus_monodon,TigerShrimpBD metadata explicitly identifies tiger shrimp,WSSV,WSSV,0,,,,DUPG_01932,1040,780,8d1d4536d7a6c0f1bd7249bda064245c78bb2e5348ede98375e97f1d71af79de,d9ea0715c2c974d272da70da5b463a0f8d765423615ef7152d03b53f7adcf11e,aa6a85152baefa45,DUPG_01932,unique,0,0,1,,target_candidate,target_adapt,2026.0
TSBD_WSSV_514bb3ccf8,TSBD,,https://data.mendeley.com/datasets/9dj4sk5d55/1,10.17632/9dj4sk5d55.1,CC BY 4.0,WSSV/IMG-20240427-WA0393.jpg,IMG-20240427-WA0393.jpg,Penaeus_monodon,TigerShrimpBD metadata explicitly identifies tiger shrimp,WSSV,WSSV,0,,,,DUPG_01935,1040,780,3ed2828085d3e90dec431bdf4e3fcdff979935acce78eb9de323c7ff89202d14,514bb3ccf8e84b2e516aea6ecfa0d2d6c2cb37e938bb1446ca069eb819681b4d,aa35d5444737f550,DUPG_01935,unique,0,0,1,,target_candidate,target_adapt,2026.0
TSBD_WSSV_d3cfe64d62,TSBD,,https://data.mendeley.com/datasets/9dj4sk5d55/1,10.17632/9dj4sk5d55.1,CC BY 4.0,WSSV/IMG-20240427-WA0398.jpg,IMG-20240427-WA0398.jpg,Penaeus_monodon,TigerShrimpBD metadata explicitly identifies tiger shrimp,WSSV,WSSV,0,,,,DUPG_01937,1040,780,fca4fc269786cacd618758b7416aae156552d3de01c145c5f91a2aa5ad6fd40c,d3cfe64d621e015df658efb1d914b191d77df09284140398e07f67003b1de77d,aac7903e4f91b12b,DUPG_01937,unique,0,0,1,,target_candidate,target_adapt,2026.0
TSBD_WSSV_f825fa69cd,TSBD,,https://data.mendeley.com/datasets/9dj4sk5d55/1,10.17632/9dj4sk5d55.1,CC BY 4.0,WSSV/IMG-20240427-WA0403.jpg,IMG-20240427-WA0403.jpg,Penaeus_monodon,TigerShrimpBD metadata explicitly identifies tiger shrimp,WSSV,WSSV,0,,,,DUPG_01939,1040,780,2cb7861422555993e300fb0fb42f5593eef40e3f3a0493dcb50fb990124f2a5b,f825fa69cd9873f2e467b4eda3fb1fd91241f71764eebb31d8c50529aeda84a2,ad8dd2389b07c966,DUPG_01939,unique,0,0,1,,target_candidate,target_adapt,2026.0
TSBD_WSSV_b899fa53da,TSBD,,https://data.mendeley.com/datasets/9dj4sk5d55/1,10.17632/9dj4sk5d55.1,CC BY 4.0,WSSV/IMG-20240427-WA0405.jpg,IMG-20240427-WA0405.jpg,Penaeus_monodon,TigerShrimpBD metadata explicitly identifies tiger shrimp,WSSV,WSSV,0,,,,DUPG_01940,1040,780,4b5024ae75b59ff1039e8f16a80996c12347735d40db3a22559a8533b80c0fca,b899fa53da12fa304b4a0c0ddb3f437d1edd2a5d676b9ef5d5251dffbcafbea5,aa82917f8fc070af,DUPG_01940,unique,0,0,1,,target_candidate,target_adapt,2026.0
TSBD_WSSV_8b9052d96f,TSBD,,https://data.mendeley.com/datasets/9dj4sk5d55/1,10.17632/9dj4sk5d55.1,CC BY 4.0,WSSV/IMG-20240427-WA0406.jpg,IMG-20240427-WA0406.jpg,Penaeus_monodon,TigerShrimpBD metadata explicitly identifies tiger shrimp,WSSV,WSSV,0,,,,DUPG_01941,1040,780,5254c9af83f1198ed96b4d11c3f8cd1679e1f1e0bb11480730c43af23e7ece72,8b9052d96f429e57b2709dad0e4c202f01967e78fe4e1c13e8db539557fa4935,aa7b95853f7d4041,DUPG_01941,unique,0,0,1,,target_candidate,target_adapt,2026.0
TSBD_WSSV_376e37e18c,TSBD,,https://data.mendeley.com/datasets/9dj4sk5d55/1,10.17632/9dj4sk5d55.1,CC BY 4.0,WSSV/IMG-20240427-WA0409.jpg,IMG-20240427-WA0409.jpg,Penaeus_monodon,TigerShrimpBD metadata explicitly identifies tiger shrimp,WSSV,WSSV,0,,,,DUPG_01943,1040,780,5c5ce070a1347fd4b02bbadf7e036372d7d6f2b6a26cb41d12b5a33a69bca0e0,376e37e18c493b78b51d1c8160eeb041b2af972d49c540f8be99f9bd64b2ae5e,aa8e817b3f8f41a8,DUPG_01943,unique,0,0,1,,target_candidate,target_adapt,2026.0
TSBD_WSSV_33b7d18fc1,TSBD,,https://data.mendeley.com/datasets/9dj4sk5d55/1,10.17632/9dj4sk5d55.1,CC BY 4.0,WSSV/IMG-20240427-WA0411.jpg,IMG-20240427-WA0411.jpg,Penaeus_monodon,TigerShrimpBD metadata explicitly identifies tiger shrimp,WSSV,WSSV,0,,,,DUPG_01944,1040,780,5c122b4c2bc9c6d32f01fcea552bc4213f8646861070befaf1e52750129cfcb2,33b7d18fc14ef3a358c3708c9f4ab43fe1b68274339bb44c2ae36b191cfac1b7,bc639097176e6878,DUPG_01944,unique,0,0,1,,target_candidate,target_adapt,2026.0
TSBD_WSSV_5ae365cdb5,TSBD,,https://data.mendeley.com/datasets/9dj4sk5d55/1,10.17632/9dj4sk5d55.1,CC BY 4.0,WSSV/IMG-20240427-WA0416.jpg,IMG-20240427-WA0416.jpg,Penaeus_monodon,TigerShrimpBD metadata explicitly identifies tiger shrimp,WSSV,WSSV,0,,,,DUPG_01945,1040,780,937ab82754e60f4737be747aa1edce83ef67e90f2f27048b4bd0e4376d588655,5ae365cdb5d1c7d1c0ea75651d0f971b284b423721dfe17202c890e5a2baa988,aa25d5d685969b1a,DUPG_01945,unique,0,0,1,,target_candidate,target_adapt,2026.0
TSBD_WSSV_48983cce39,TSBD,,https://data.mendeley.com/datasets/9dj4sk5d55/1,10.17632/9dj4sk5d55.1,CC BY 4.0,WSSV/IMG-20240427-WA0417.jpg,IMG-20240427-WA0417.jpg,Penaeus_monodon,TigerShrimpBD metadata explicitly identifies tiger shrimp,WSSV,WSSV,0,,,,DUPG_01946,1040,780,2f0df4688e57bd48bfac878868dda5ad9f287e8e294f6043a1d88a90e2b5ae42,48983cce39236d4cb397bb9d2c4bc8138a3726dd9cb2ae74ee40703a1262f56d,aab5daca81458ec7,DUPG_01946,unique,0,0,1,,target_candidate,target_adapt,2026.0
TSBD_WSSV_f41afb12de,TSBD,,https://data.mendeley.com/datasets/9dj4sk5d55/1,10.17632/9dj4sk5d55.1,CC BY 4.0,WSSV/IMG-20240427-WA0418.jpg,IMG-20240427-WA0418.jpg,Penaeus_monodon,TigerShrimpBD metadata explicitly identifies tiger shrimp,WSSV,WSSV,0,,,,DUPG_01947,1040,780,c3eecf6391560c522863e4b59104eaa214e429dc82ee2471e01d02e17878bf89,f41afb12de1b47ee28ae10d5a945371331617a6c9c97295b19a568e269b1b049,a934d5d2151a5d73,DUPG_01947,unique,0,0,1,,target_candidate,target_adapt,2026.0
TSBD_WSSV_719214e8fc,TSBD,,https://data.mendeley.com/datasets/9dj4sk5d55/1,10.17632/9dj4sk5d55.1,CC BY 4.0,WSSV/IMG-20240427-WA0422.jpg,IMG-20240427-WA0422.jpg,Penaeus_monodon,TigerShrimpBD metadata explicitly identifies tiger shrimp,WSSV,WSSV,0,,,,DUPG_01948,1040,780,65cab3416f5f351f1fa4fb2716041bc0dd9bcd05dc1a8cdf96cd04984fa73b1d,719214e8fcc9b9cbddfc0dcd1bb1e95cd6bdf459347333ba67f7609b99397de4,aa82d07987c1fdb2,DUPG_01948,unique,0,0,1,,target_candidate,target_adapt,2026.0
TSBD_WSSV_f9b891c236,TSBD,,https://data.mendeley.com/datasets/9dj4sk5d55/1,10.17632/9dj4sk5d55.1,CC BY 4.0,WSSV/IMG-20240427-WA0432.jpg,IMG-20240427-WA0432.jpg,Penaeus_monodon,TigerShrimpBD metadata explicitly identifies tiger shrimp,WSSV,WSSV,0,,,,DUPG_01950,1040,780,f2c7e791fa11c71acd4e3fdf7e94ffe317a063c2268694eb8d0a2e8e6062e351,f9b891c23698c1ca8a5cdb7923a1e6858245f632d00b3e5fc69624ee1a6b7f6b,aa24957a2da0db1f,DUPG_01950,unique,0,0,1,,target_candidate,target_adapt,2026.0
TSBD_WSSV_60bf799ad0,TSBD,,https://data.mendeley.com/datasets/9dj4sk5d55/1,10.17632/9dj4sk5d55.1,CC BY 4.0,WSSV/IMG-20240427-WA0436.jpg,IMG-20240427-WA0436.jpg,Penaeus_monodon,TigerShrimpBD metadata explicitly identifies tiger shrimp,WSSV,WSSV,0,,,,DUPG_01952,1040,780,e3ae515fe8ff34603987527eef97c1b95a2cd5aae46770925a7d586c28619726,60bf799ad06fb00a93167ccef8e2e906d3c898e188ac491bb97ee36647932121,aa25951a3965c71f,DUPG_01952,unique,0,0,1,,target_candidate,target_adapt,2026.0
TSBD_WSSV_3221471a09,TSBD,,https://data.mendeley.com/datasets/9dj4sk5d55/1,10.17632/9dj4sk5d55.1,CC BY 4.0,WSSV/IMG-20240427-WA0439.jpg,IMG-20240427-WA0439.jpg,Penaeus_monodon,TigerShrimpBD metadata explicitly identifies tiger shrimp,WSSV,WSSV,0,,,,DUPG_01954,1040,780,8799192697a5a0cb99a76de28a4e34373cda148ec014b01b1d46d64773876e23,3221471a0928c8b5936f72ca8649f5c9b149d1a7b64ef03488ab06cbd258fadd,aa7c90814f4f4e6e,DUPG_01954,unique,0,0,1,,target_candidate,target_adapt,2026.0
TSBD_WSSV_81c77d6283,TSBD,,https://data.mendeley.com/datasets/9dj4sk5d55/1,10.17632/9dj4sk5d55.1,CC BY 4.0,WSSV/IMG-20240427-WA0440.jpg,IMG-20240427-WA0440.jpg,Penaeus_monodon,TigerShrimpBD metadata explicitly identifies tiger shrimp,WSSV,WSSV,0,,,,DUPG_01955,1040,780,48a99f6f98709b056a45985e8ff203d24c56de4193f9203e104c31308b9d0f6d,81c77d6283511ce93d46baf33e0d4e386e3e1b47c9860bdb288278ecd6d4600b,a3b5d8c9855e1e51,DUPG_01955,unique,0,0,1,,target_candidate,target_adapt,2026.0
TSBD_WSSV_7ba0bac7cd,TSBD,,https://data.mendeley.com/datasets/9dj4sk5d55/1,10.17632/9dj4sk5d55.1,CC BY 4.0,WSSV/IMG-20240427-WA0443.jpg,IMG-20240427-WA0443.jpg,Penaeus_monodon,TigerShrimpBD metadata explicitly identifies tiger shrimp,WSSV,WSSV,0,,,,DUPG_01956,1040,780,ee71edd0927c04521222b36509b1b351c355c702ed391233dbdb4da80ef0783c,7ba0bac7cd67e08ba34573cd2dbd7d23f7ed5841b456a5fb22e02a20aaa4c330,8880903b4fdfadad,DUPG_01956,unique,0,0,1,,target_candidate,target_adapt,2026.0
TSBD_WSSV_b8b164e72b,TSBD,,https://data.mendeley.com/datasets/9dj4sk5d55/1,10.17632/9dj4sk5d55.1,CC BY 4.0,WSSV/IMG-20240427-WA0445.jpg,IMG-20240427-WA0445.jpg,Penaeus_monodon,TigerShrimpBD metadata explicitly identifies tiger shrimp,WSSV,WSSV,0,,,,DUPG_01958,1040,780,d3443717953e40d0fe653da94674995f407eaae22065e2a3a902c05d73c2b601,b8b164e72b4d9a84a920eef9dd9e941730074e4e328a5a6764488d20ea348224,af8791784e95b560,DUPG_01958,unique,0,0,1,,target_candidate,target_adapt,2026.0
TSBD_WSSV_7942e3c67c,TSBD,,https://data.mendeley.com/datasets/9dj4sk5d55/1,10.17632/9dj4sk5d55.1,CC BY 4.0,WSSV/IMG-20240427-WA0451.jpg,IMG-20240427-WA0451.jpg,Penaeus_monodon,TigerShrimpBD metadata explicitly identifies tiger shrimp,WSSV,WSSV,0,,,,DUPG_01961,1040,780,57714bdc1b58d5ba50d0135dd2ab9a14bcd974f8a1bc604fd2cf1e90fa39872e,7942e3c67cef5cc90f0cec9c2a8a928de21d01b28b128b2dd2802092edc6f77e,a98591707f9f9550,DUPG_01961,unique,0,0,1,,target_candidate,target_adapt,2026.0
TSBD_WSSV_e572949946,TSBD,,https://data.mendeley.com/datasets/9dj4sk5d55/1,10.17632/9dj4sk5d55.1,CC BY 4.0,WSSV/IMG-20240427-WA0453.jpg,IMG-20240427-WA0453.jpg,Penaeus_monodon,TigerShrimpBD metadata explicitly identifies tiger shrimp,WSSV,WSSV,0,,,,DUPG_01962,1040,780,cce7b79302a03e1de2f43142af67d848fb182b03529e55b3fba9febd3b2c7fdc,e572949946227faf9a08cd2f787df1db20be3990725a55d00c77437bfd022ef0,a8b595c4477f6434,DUPG_01962,unique,0,0,1,,target_candidate,target_adapt,2026.0
TSBD_WSSV_a204c36610,TSBD,,https://data.mendeley.com/datasets/9dj4sk5d55/1,10.17632/9dj4sk5d55.1,CC BY 4.0,WSSV/IMG-20240427-WA0456.jpg,IMG-20240427-WA0456.jpg,Penaeus_monodon,TigerShrimpBD metadata explicitly identifies tiger shrimp,WSSV,WSSV,0,,,,DUPG_01963,1040,780,64fd356c0604a16002041b2e1365f6cf176ffe482068cfad6b56643021cbc5e2,a204c3661045f957fd1a51f9165a288eee7291ed79723bb8854c8969405f0d93,a88091f77f4baaa8,DUPG_01963,unique,0,0,1,,target_candidate,target_adapt,2026.0
TSBD_WSSV_9c4b4f11b8,TSBD,,https://data.mendeley.com/datasets/9dj4sk5d55/1,10.17632/9dj4sk5d55.1,CC BY 4.0,WSSV/IMG-20240427-WA0462.jpg,IMG-20240427-WA0462.jpg,Penaeus_monodon,TigerShrimpBD metadata explicitly identifies tiger shrimp,WSSV,WSSV,0,,,,DUPG_01964,1040,780,429f5508e17d85964ab1784be9e919d83a5a676c54f3d3069458466c881543c1,9c4b4f11b85d77242a481bf148beea70a6dabbffcd2a27a2b50f3f28d246907b,aab791d0434b8fa5,DUPG_01964,unique,0,0,1,,target_candidate,target_adapt,2026.0
TSBD_WSSV_687a703a75,TSBD,,https://data.mendeley.com/datasets/9dj4sk5d55/1,10.17632/9dj4sk5d55.1,CC BY 4.0,WSSV/IMG-20240427-WA0465.jpg,IMG-20240427-WA0465.jpg,Penaeus_monodon,TigerShrimpBD metadata explicitly identifies tiger shrimp,WSSV,WSSV,0,,,,DUPG_01966,1040,780,d7bb13ff47d56cf916e9d8cab69660523cf9534cde353db3520f338db5ae5e08,687a703a7560b15632d76f05dd8475f9dce062393850f039d5f43f42236a754e,808180b07f5fcdef,DUPG_01966,unique,0,0,1,,target_candidate,target_adapt,2026.0
TSBD_WSSV_60273dd644,TSBD,,https://data.mendeley.com/datasets/9dj4sk5d55/1,10.17632/9dj4sk5d55.1,CC BY 4.0,WSSV/IMG-20240427-WA0467.jpg,IMG-20240427-WA0467.jpg,Penaeus_monodon,TigerShrimpBD metadata explicitly identifies tiger shrimp,WSSV,WSSV,0,,,,DUPG_01968,1040,780,9f6ffdf49302934a34fb1911df3a0c967f08bd8caf123f338842a7617c0b6091,60273dd644b086892f3c99ef3daaabfda62f42c1b8bf611372a4d7f300710a4b,aaca93775700a8fc,DUPG_01968,unique,0,0,1,,target_candidate,target_adapt,2026.0
TSBD_WSSV_c29e86db5b,TSBD,,https://data.mendeley.com/datasets/9dj4sk5d55/1,10.17632/9dj4sk5d55.1,CC BY 4.0,WSSV/IMG-20240427-WA0468.jpg,IMG-20240427-WA0468.jpg,Penaeus_monodon,TigerShrimpBD metadata explicitly identifies tiger shrimp,WSSV,WSSV,0,,,,DUPG_01969,1040,780,a0ed8bd6013cc255a78e62f0eed0c2e7bb48d572d51c5c2c68e9a7783633c2b9,c29e86db5b19b08dd7c105243b32a879ffca345bb09aa6c518679969aba8f965,ab8781b07c5f55a4,DUPG_01969,unique,0,0,1,,target_candidate,target_adapt,2026.0
TSBD_WSSV_79fa511ed0,TSBD,,https://data.mendeley.com/datasets/9dj4sk5d55/1,10.17632/9dj4sk5d55.1,CC BY 4.0,WSSV/IMG-20240427-WA0469.jpg,IMG-20240427-WA0469.jpg,Penaeus_monodon,TigerShrimpBD metadata explicitly identifies tiger shrimp,WSSV,WSSV,0,,,,DUPG_01970,1040,780,61dcbabad09575971942a34db84a6133c2a35ff2b119fb70ccb38bff8e6aefde,79fa511ed03e62ef1afee54ba117968296bd054880c1e848eff331a3702706db,aaca82b757072aea,DUPG_01970,unique,0,0,1,,target_candidate,target_adapt,2026.0
TSBD_WSSV_58e35ef754,TSBD,,https://data.mendeley.com/datasets/9dj4sk5d55/1,10.17632/9dj4sk5d55.1,CC BY 4.0,WSSV/IMG-20240427-WA0472.jpg,IMG-20240427-WA0472.jpg,Penaeus_monodon,TigerShrimpBD metadata explicitly identifies tiger shrimp,WSSV,WSSV,0,,,,DUPG_01972,1040,780,9098aaaf726557bd37a31de4f0183ed43e708ab97f4ec6be335fa051d88f68ea,58e35ef754a50fa32e4e112ed05ab5de8bd991db93942b67b4b0ac12d76bab97,a8ca82f77f1f81a0,DUPG_01972,unique,0,0,1,,target_candidate,target_adapt,2026.0
TSBD_WSSV_1ce4e5b49f,TSBD,,https://data.mendeley.com/datasets/9dj4sk5d55/1,10.17632/9dj4sk5d55.1,CC BY 4.0,WSSV/IMG-20240427-WA0476.jpg,IMG-20240427-WA0476.jpg,Penaeus_monodon,TigerShrimpBD metadata explicitly identifies tiger shrimp,WSSV,WSSV,0,,,,DUPG_01974,780,1040,ee6292d4be3e8f3c11ecdd38a67ab4d08e29cfaa0199106d431bf995c824ebb6,1ce4e5b49f434fe74c14bcd5d93eed2729eddf0f024cbebdb9e6e3bc805fc518,ffc0c81ff062836c,DUPG_01974,unique,0,0,1,,target_candidate,target_adapt,2026.0
TSBD_WSSV_ea57134108,TSBD,,https://data.mendeley.com/datasets/9dj4sk5d55/1,10.17632/9dj4sk5d55.1,CC BY 4.0,WSSV/IMG-20240427-WA0480.jpg,IMG-20240427-WA0480.jpg,Penaeus_monodon,TigerShrimpBD metadata explicitly identifies tiger shrimp,WSSV,WSSV,0,,,,DUPG_01975,780,1040,7b3fbc29afbd84bc8a9aac9205b1f86b5fea5c618e41f39afe173116301868ac,ea57134108e417c869adf29bfbe774cd102d3a4ec2450bdf274b574bcd9ba419,e7cc9c909dd99891,DUPG_01975,unique,0,0,1,,target_candidate,target_adapt,2026.0
TSBD_WSSV_8b1af1900d,TSBD,,https://data.mendeley.com/datasets/9dj4sk5d55/1,10.17632/9dj4sk5d55.1,CC BY 4.0,WSSV/IMG-20240427-WA0483.jpg,IMG-20240427-WA0483.jpg,Penaeus_monodon,TigerShrimpBD metadata explicitly identifies tiger shrimp,WSSV,WSSV,0,,,,DUPG_01977,780,1040,a79a055a71ac0e67e7e60c20003cfb79eb8b811f6a0d7f49c15945800972df50,8b1af1900df3ef0a929d81f095d1bde1e433da1429c9bfd65aee49e4faeb775c,f2e698828c918ff9,DUPG_01977,unique,0,0,1,,target_candidate,target_adapt,2026.0
TSBD_WSSV_2f46cb1b79,TSBD,,https://data.mendeley.com/datasets/9dj4sk5d55/1,10.17632/9dj4sk5d55.1,CC BY 4.0,WSSV/IMG-20240427-WA0490.jpg,IMG-20240427-WA0490.jpg,Penaeus_monodon,TigerShrimpBD metadata explicitly identifies tiger shrimp,WSSV,WSSV,0,,,,DUPG_01980,1040,780,b01222362642b5c31296a56b8b6db7fad5c43e51e40e76b1d1273e44840660f7,2f46cb1b7961c2e6d6e4bbb1315d447e2e8aeb12daccfd6dad0fc11f9684a27e,ab8785607c9dda4a,DUPG_01980,unique,0,0,1,,target_candidate,target_adapt,2026.0
TSBD_WSSV_383e727d4a,TSBD,,https://data.mendeley.com/datasets/9dj4sk5d55/1,10.17632/9dj4sk5d55.1,CC BY 4.0,WSSV/IMG-20240427-WA0491.jpg,IMG-20240427-WA0491.jpg,Penaeus_monodon,TigerShrimpBD metadata explicitly identifies tiger shrimp,WSSV,WSSV,0,,,,DUPG_01981,1040,780,d4758d7ca9923fa876e4663d724ce37606a83bc0f0779dc4345186c7f26f4656,383e727d4ac17b00d630538378b901095c03346bd9a754ef1030609fe55a33c1,aa91d46a25375ae9,DUPG_01981,unique,0,0,1,,target_candidate,target_adapt,2026.0
TSBD_WSSV_b076b7af44,TSBD,,https://data.mendeley.com/datasets/9dj4sk5d55/1,10.17632/9dj4sk5d55.1,CC BY 4.0,WSSV/IMG-20240427-WA0506.jpg,IMG-20240427-WA0506.jpg,Penaeus_monodon,TigerShrimpBD metadata explicitly identifies tiger shrimp,WSSV,WSSV,0,,,,DUPG_01983,1040,780,855d98aa336a31fc89cdea321571c71aaef42f236f4689f7961749f201610daa,b076b7af44961defe9e3e411ca3104ee9eecfdcf30755fd2d5f69fe76b3c2f26,aa8f94502baff584,DUPG_01983,unique,0,0,1,,target_candidate,target_adapt,2026.0
TSBD_WSSV_6a65b3c303,TSBD,,https://data.mendeley.com/datasets/9dj4sk5d55/1,10.17632/9dj4sk5d55.1,CC BY 4.0,WSSV/IMG-20240427-WA0514.jpg,IMG-20240427-WA0514.jpg,Penaeus_monodon,TigerShrimpBD metadata explicitly identifies tiger shrimp,WSSV,WSSV,0,,,,DUPG_01986,1040,780,186546eb504a19dfde5ce1437367843fbc864249168d4a27fc7456633125ca2e,6a65b3c3035d0e3ee4bd726a82f12a901cf33895ba382b10f254f6b98c735dce,aa9595427bbdb049,DUPG_01986,unique,0,0,1,,target_candidate,target_adapt,2026.0
TSBD_WSSV_d552ad13be,TSBD,,https://data.mendeley.com/datasets/9dj4sk5d55/1,10.17632/9dj4sk5d55.1,CC BY 4.0,WSSV/IMG-20240427-WA0522.jpg,IMG-20240427-WA0522.jpg,Penaeus_monodon,TigerShrimpBD metadata explicitly identifies tiger shrimp,WSSV,WSSV,0,,,,DUPG_01988,780,1040,d96d013b7c73fc4a37329ffd4362b5b97ec3a165a07ae4404c27960a76bd6e7a,d552ad13be6c0d8bc4ede44be547f41efcfed085ce622a52d44fd073c28a1a28,eda4b5d8168db28c,DUPG_01988,unique,0,0,1,,target_candidate,target_adapt,2026.0
TSBD_WSSV_64069923e3,TSBD,,https://data.mendeley.com/datasets/9dj4sk5d55/1,10.17632/9dj4sk5d55.1,CC BY 4.0,WSSV/IMG-20240427-WA0530.jpg,IMG-20240427-WA0530.jpg,Penaeus_monodon,TigerShrimpBD metadata explicitly identifies tiger shrimp,WSSV,WSSV,0,,,,DUPG_01992,1040,780,5fb05c73ec9682e99f59fcbfb2af18f2976a6763868dc8d435a2c13d63761d19,64069923e3979f09a99cc446aec9fd086f135bfdd3f3e58456382e1d2df9e8cf,afb090cb6da74613,DUPG_01992,unique,0,0,1,,target_candidate,target_adapt,2026.0
