sample_id,tri_consensus,selected,consensus_class,tri_score,source_ema_js,p_source_BG,p_ema_BG,p_proto_BG,q_consensus_BG,selected_BG,target_prior_BG,p_source_Healthy,p_ema_Healthy,p_proto_Healthy,q_consensus_Healthy,selected_Healthy,target_prior_Healthy,p_source_WSSV,p_ema_WSSV,p_proto_WSSV,q_consensus_WSSV,selected_WSSV,target_prior_WSSV
TSBD_BG_b9ded89290,1,1,0,0.88522613,0.004820831,0.84227574,0.90696186,0.99998283,0.978997,1,0.12024068087339401,0.08082424,0.048398584,1.4108951e-05,0.012350144,0,0.22037452459335327,0.07690009,0.04463951,3.117176e-06,0.008652852,0,0.6593847870826721
TSBD_BG_ec6804e1c1,1,1,0,0.88533986,0.0048236893,0.8424779,0.9071456,0.9999827,0.97900915,1,0.12024068087339401,0.081102766,0.04843503,1.418642e-05,0.012380749,0,0.22037452459335327,0.076419264,0.0444193,3.1114075e-06,0.008610091,0,0.6593847870826721
TSBD_BG_e6c7f786d1,0,0,1,0.35100862,0.12306471,0.67083925,0.20668615,0.0003461977,0.13287473,0,0.12024068087339401,0.27656063,0.75580937,0.999653,0.85951394,0,0.22037452459335327,0.052600116,0.03750448,8.5510624e-07,0.0076112826,0,0.6593847870826721
TSBD_BG_27046d49de,1,1,0,0.8767529,0.0058299894,0.83551854,0.9064031,0.99998355,0.978785,1,0.12024068087339401,0.075116895,0.047855187,1.2945431e-05,0.01180617,0,0.22037452459335327,0.08936456,0.045741647,3.399358e-06,0.009408859,0,0.6593847870826721
TSBD_BG_ef94f9e30a,1,0,2,0.86935323,0.0046704346,0.09668987,0.06674462,3.2866148e-05,0.01830836,0,0.12024068087339401,0.08705666,0.049472753,1.2363212e-06,0.008002957,0,0.22037452459335327,0.81625354,0.8837827,0.9999659,0.9736887,0,0.6593847870826721
TSBD_BG_014cc1626a,1,0,2,0.84841365,0.0046932353,0.13133794,0.099619284,0.00022089614,0.036108043,0,0.12024068087339401,0.08374364,0.045590006,1.1797181e-06,0.0076200045,0,0.22037452459335327,0.78491837,0.8547907,0.999778,0.95627195,0,0.6593847870826721
TSBD_BG_ab942e7799,0,0,1,0.3397906,0.11252835,0.07636594,0.036445826,5.6993676e-06,0.010007545,0,0.12024068087339401,0.1491765,0.596326,0.8064205,0.47695902,0,0.22037452459335327,0.7744575,0.36722824,0.19357379,0.51303345,0,0.6593847870826721
TSBD_BG_92d3bac25d,1,0,1,0.7125013,0.024570476,0.24223943,0.08644134,7.976904e-06,0.022818437,0,0.12024068087339401,0.68763715,0.85984266,0.99998856,0.96710145,0,0.22037452459335327,0.07012336,0.053716034,3.4259617e-06,0.010080079,0,0.6593847870826721
TSBD_BG_3179613a58,1,0,1,0.69895357,0.013870925,0.3240991,0.20602131,0.00037996375,0.08457518,0,0.12024068087339401,0.5986764,0.75300825,0.99961877,0.907488,0,0.22037452459335327,0.07722452,0.04097044,1.2886134e-06,0.007936837,0,0.6593847870826721
TSBD_BG_72fcb5ad43,1,0,1,0.7397182,0.018605988,0.2403717,0.103931546,1.6390126e-05,0.028540796,0,0.12024068087339401,0.692541,0.8479516,0.99998164,0.96299815,0,0.22037452459335327,0.06708725,0.048116848,1.9806998e-06,0.008461078,0,0.6593847870826721
TSBD_BG_1adf4fa166,1,1,0,0.84570754,0.0063495357,0.7895969,0.8703481,0.9993406,0.948762,1,0.12024068087339401,0.14442803,0.09842575,0.00065818365,0.045363568,0,0.22037452459335327,0.065975,0.03122623,1.2500884e-06,0.005874427,0,0.6593847870826721
TSBD_BG_19f57a7d83,1,1,1,0.8326811,0.007607123,0.13770121,0.07333673,4.378123e-06,0.0148244845,0,0.12024068087339401,0.77510285,0.86727285,0.99999,0.9730698,1,0.22037452459335327,0.08719593,0.059390455,5.684893e-06,0.012105692,0,0.6593847870826721
TSBD_BG_b06b80d500,0,0,1,0.23359908,0.19181761,0.7622416,0.18558134,0.00019640426,0.13395025,0,0.12024068087339401,0.18567643,0.7753771,0.99980265,0.8571741,0,0.22037452459335327,0.052082047,0.039041523,9.165652e-07,0.008875664,0,0.6593847870826721
TSBD_BG_5c745e387f,0,0,0,0.54129803,0.03940465,0.78492516,0.5573591,0.20271844,0.5978711,0,0.12024068087339401,0.16244282,0.4126382,0.7972792,0.39568692,0,0.22037452459335327,0.052631985,0.03000271,2.3872124e-06,0.00644193,0,0.6593847870826721
TSBD_BG_c333741c9b,0,0,1,0.33533067,0.1305653,0.6693735,0.19401868,0.00025129365,0.12196087,0,0.12024068087339401,0.27478328,0.76724946,0.9997478,0.8699951,0,0.22037452459335327,0.055843238,0.038731813,9.0922384e-07,0.008044055,0,0.6593847870826721
TSBD_BG_a3ac70c2de,1,0,1,0.74799585,0.011531439,0.27131504,0.16267917,0.00010944792,0.054248154,0,0.12024068087339401,0.66192037,0.7963437,0.9998895,0.9386332,0,0.22037452459335327,0.066764645,0.04097718,1.1019498e-06,0.00711862,0,0.6593847870826721
TSBD_BG_6ff47981ea,1,0,1,0.76849884,0.015868273,0.20370647,0.08614221,7.86174e-06,0.021028657,0,0.12024068087339401,0.7244994,0.8604519,0.9999888,0.96905464,0,0.22037452459335327,0.07179412,0.053405963,3.3347646e-06,0.009916726,0,0.6593847870826721
TSBD_BG_64274bed67,1,1,1,0.8490578,0.005423248,0.11688045,0.07569183,4.8538827e-06,0.014428138,0,0.12024068087339401,0.7876981,0.8660881,0.99999,0.9735065,1,0.22037452459335327,0.095421426,0.05822009,5.10917e-06,0.012065345,0,0.6593847870826721
TSBD_BG_7031e4d230,0,0,1,0.1821342,0.23226774,0.7740335,0.14435953,6.488468e-05,0.10059002,0,0.12024068087339401,0.17162669,0.8126349,0.99993384,0.88891876,0,0.22037452459335327,0.054339822,0.043005593,1.2755082e-06,0.010491181,0,0.6593847870826721
TSBD_BG_03136a4786,0,0,1,0.091858946,0.33984795,0.08268274,0.062303465,3.0725942e-06,0.01990122,0,0.12024068087339401,0.109804176,0.8592273,0.9999733,0.9063917,0,0.22037452459335327,0.80751306,0.0784692,2.3615497e-05,0.0737071,0,0.6593847870826721
TSBD_BG_daacfdf534,1,1,0,0.8723,0.006275118,0.83175,0.9047381,0.9999697,0.97672135,1,0.12024068087339401,0.08324816,0.05471565,2.803461e-05,0.015176123,0,0.22037452459335327,0.08500184,0.040546212,2.3015439e-06,0.008102551,0,0.6593847870826721
TSBD_BG_873a3617a3,1,0,2,0.75057864,0.019100774,0.107640125,0.04174641,4.820133e-06,0.010758028,0,0.12024068087339401,0.08261513,0.19242659,0.00087687356,0.055224095,0,0.22037452459335327,0.80974483,0.76582694,0.9991184,0.93401784,0,0.6593847870826721
TSBD_BG_abfa756b67,1,1,0,0.88222384,0.005175714,0.8398153,0.90681064,0.9999808,0.9786101,1,0.12024068087339401,0.08051773,0.049592502,1.6179461e-05,0.012824979,0,0.22037452459335327,0.07966691,0.04359682,2.9261046e-06,0.008564941,0,0.6593847870826721
TSBD_BG_897409ab6a,1,0,2,0.86571467,0.0054845177,0.08498283,0.053853568,1.18552725e-05,0.012977437,0,0.12024068087339401,0.10021559,0.05752568,2.1305339e-06,0.010047475,0,0.22037452459335327,0.8148016,0.8886208,0.99998605,0.9769751,0,0.6593847870826721
TSBD_BG_029a32b87f,1,0,2,0.84543365,0.0077282223,0.12154743,0.062431335,2.36546e-05,0.018157499,0,0.12024068087339401,0.082072586,0.051931694,1.4575643e-06,0.008342964,0,0.22037452459335327,0.79638,0.885637,0.99997497,0.97349954,0,0.6593847870826721
TSBD_BG_ad84846145,0,0,1,0.4786142,0.06381974,0.51499254,0.19664559,0.00028257907,0.101431705,0,0.12024068087339401,0.419264,0.7631508,0.99971634,0.8905908,0,0.22037452459335327,0.06574347,0.0402036,1.1097522e-06,0.007977561,0,0.6593847870826721
TSBD_BG_6250909f04,1,1,1,0.8513623,0.0052760076,0.110368766,0.073366955,4.454113e-06,0.013683544,0,0.12024068087339401,0.7906559,0.86733514,0.99998987,0.9737639,1,0.22037452459335327,0.098975316,0.05929789,5.6530275e-06,0.012552583,0,0.6593847870826721
TSBD_Healthy_c7fd512124,1,0,2,0.5378814,0.04990292,0.0676059,0.031702157,3.4414809e-06,0.007334902,0,0.12024068087339401,0.12811938,0.39887556,0.078122206,0.21313639,0,0.22037452459335327,0.8042747,0.56942236,0.9218744,0.7795287,0,0.6593847870826721
TSBD_Healthy_1ab857c1ee,0,0,1,0.16559567,0.24576622,0.054300755,0.056738943,2.0608582e-06,0.01203729,0,0.12024068087339401,0.23016393,0.86541563,0.9999753,0.93272257,0,0.22037452459335327,0.71553534,0.07784545,2.2591414e-05,0.055240173,0,0.6593847870826721
TSBD_Healthy_a4108c60ab,1,0,1,0.41775534,0.0923374,0.06386942,0.075541005,4.951551e-06,0.013291654,0,0.12024068087339401,0.5336332,0.86608416,0.99998975,0.9639005,0,0.22037452459335327,0.40249744,0.058374796,5.2492587e-06,0.022807831,0,0.6593847870826721
TSBD_Healthy_603954b4fc,0,0,1,0.08043821,0.3540082,0.19542544,0.07126605,5.54201e-06,0.035789456,0,0.12024068087339401,0.07626996,0.84910876,0.99996936,0.883559,0,0.22037452459335327,0.7283046,0.07962519,2.5104258e-05,0.08065155,0,0.6593847870826721
TSBD_Healthy_a7669a6337,1,0,1,0.62635463,0.0407213,0.1109167,0.0877472,8.786696e-06,0.018197961,0,0.12024068087339401,0.6463439,0.85842675,0.9999877,0.9657873,0,0.22037452459335327,0.24273935,0.053826053,3.5367234e-06,0.016014732,0,0.6593847870826721
TSBD_Healthy_0969d7950f,0,0,1,0.08890013,0.34359863,0.09642839,0.075368576,5.221639e-06,0.025228022,0,0.12024068087339401,0.11825278,0.86322904,0.9999881,0.9243874,0,0.22037452459335327,0.7853188,0.061402325,6.7014826e-06,0.050384592,0,0.6593847870826721
TSBD_Healthy_3535a7f645,1,0,1,0.50855607,0.06840713,0.060105193,0.07440913,4.6662235e-06,0.012315019,0,0.12024068087339401,0.5963512,0.86635447,0.99998975,0.9664491,0,0.22037452459335327,0.34354362,0.05923643,5.624794e-06,0.02123592,0,0.6593847870826721
TSBD_Healthy_28874652ec,0,0,1,0.119361505,0.2975911,0.073623195,0.069321044,3.9168385e-06,0.018509917,0,0.12024068087339401,0.17062785,0.8650962,0.99998677,0.9329713,0,0.22037452459335327,0.755749,0.06558272,9.327173e-06,0.048518833,0,0.6593847870826721
TSBD_Healthy_c9a3ba4645,1,0,1,0.6512656,0.03465153,0.2810835,0.08964001,9.245925e-06,0.025695566,0,0.12024068087339401,0.643778,0.85807043,0.9999876,0.96403277,0,0.22037452459335327,0.07513847,0.05228953,3.1935422e-06,0.010271715,0,0.6593847870826721
TSBD_Healthy_ec9cff4659,0,0,1,0.16561303,0.24236089,0.75160867,0.18927103,0.00023744635,0.16117609,0,0.12024068087339401,0.11094384,0.77004343,0.9997614,0.8233789,0,0.22037452459335327,0.13744748,0.040685594,1.1924803e-06,0.015445035,0,0.6593847870826721
TSBD_Healthy_d0dd7481d3,1,1,1,0.8439719,0.006039571,0.11591804,0.075674996,4.8976935e-06,0.01443526,0,0.12024068087339401,0.7832828,0.8660219,0.99998987,0.97320336,1,0.22037452459335327,0.100799166,0.058303118,5.179121e-06,0.012361389,0,0.6593847870826721
TSBD_Healthy_9b9c4b2008,0,0,1,0.26277682,0.16652533,0.05997442,0.05970482,2.5364454e-06,0.011601494,0,0.12024068087339401,0.35251382,0.86332786,0.9999758,0.94398504,0,0.22037452459335327,0.5875118,0.07696735,2.1713076e-05,0.04441345,0,0.6593847870826721
TSBD_Healthy_6af33a64f0,1,0,1,0.70111233,0.028815884,0.07161141,0.077583544,5.5186515e-06,0.013049862,0,0.12024068087339401,0.70944405,0.8644519,0.9999895,0.97040516,0,0.22037452459335327,0.21894452,0.057964616,4.927568e-06,0.016544972,0,0.6593847870826721
TSBD_Healthy_11508a2a47,1,1,0,0.84282935,0.009964868,0.8075747,0.9048974,0.9999784,0.9760537,1,0.12024068087339401,0.11366509,0.051153272,1.8583974e-05,0.015267998,0,0.22037452459335327,0.07876019,0.043949313,2.9480177e-06,0.0086782845,0,0.6593847870826721
TSBD_Healthy_9c80ffce77,0,0,1,0.1710378,0.23856819,0.063292265,0.07231775,4.646166e-06,0.016334772,0,0.12024068087339401,0.25266686,0.86372787,0.999987,0.94367325,0,0.22037452459335327,0.68404084,0.06395435,8.364846e-06,0.039991982,0,0.6593847870826721
TSBD_Healthy_fdc6d1fa33,1,0,1,0.48912057,0.07265434,0.06361643,0.072681926,4.5054685e-06,0.012457823,0,0.12024068087339401,0.5779729,0.86579055,0.9999887,0.9645069,0,0.22037452459335327,0.35841066,0.06152761,6.8766262e-06,0.023035247,0,0.6593847870826721
TSBD_Healthy_8c646c1060,0,0,0,0.22640172,0.19270581,0.24891572,0.84373045,0.9978163,0.8436419,0,0.12024068087339401,0.65043867,0.12457441,0.00218209,0.14664853,0,0.22037452459335327,0.10064559,0.0316951,1.5819176e-06,0.009709556,0,0.6593847870826721
TSBD_Healthy_1b2ea804f3,1,0,1,0.801151,0.011174632,0.14360954,0.08170615,6.538589e-06,0.017344091,0,0.12024068087339401,0.7452881,0.86275053,0.9999893,0.97048056,0,0.22037452459335327,0.111102425,0.05554328,4.16236e-06,0.012175343,0,0.6593847870826721
TSBD_Healthy_181a36e89e,0,0,1,0.24031208,0.16505724,0.44231042,0.096830994,1.2899618e-05,0.042397015,0,0.12024068087339401,0.30219904,0.85167813,0.99998415,0.9380678,0,0.22037452459335327,0.25549057,0.051490888,2.8989496e-06,0.019535165,0,0.6593847870826721
TSBD_Healthy_b13db56cba,0,0,1,0.35276672,0.11389508,0.060929805,0.034085933,3.8978455e-06,0.008538999,0,0.12024068087339401,0.17352757,0.6301729,0.88779724,0.5396241,0,0.22037452459335327,0.7655426,0.33574116,0.11219882,0.4518369,0,0.6593847870826721
TSBD_Healthy_e91e5f3d2c,1,0,1,0.7049416,0.026616188,0.24149422,0.07955332,5.8646733e-06,0.020607414,0,0.12024068087339401,0.6900241,0.8645393,0.99998987,0.96875924,0,0.22037452459335327,0.06848172,0.0559073,4.3050854e-06,0.010633332,0,0.6593847870826721
TSBD_Healthy_b9f53cb41a,1,0,1,0.5321869,0.05689711,0.37868077,0.105346486,1.7296205e-05,0.03645864,0,0.12024068087339401,0.5554782,0.8467125,0.99998057,0.95443994,0,0.22037452459335327,0.06584101,0.047940988,2.1057451e-06,0.00910141,0,0.6593847870826721
TSBD_Healthy_eb22129a24,1,1,0,0.87243325,0.0062984247,0.8312197,0.90614516,0.9999783,0.97750574,1,0.12024068087339401,0.097594246,0.051061466,1.8930223e-05,0.014383118,0,0.22037452459335327,0.07118613,0.042793386,2.7906108e-06,0.008111093,0,0.6593847870826721
TSBD_Healthy_968a78b93d,1,0,1,0.78201926,0.013902133,0.18329033,0.08306349,6.9336515e-06,0.019363765,0,0.12024068087339401,0.7324252,0.86227554,0.9999893,0.9697749,0,0.22037452459335327,0.0842845,0.054660965,3.843919e-06,0.010861383,0,0.6593847870826721
TSBD_Healthy_c7a3a188a8,0,0,1,0.28965467,0.15166394,0.62599796,0.15132608,8.12514e-05,0.08619923,0,0.12024068087339401,0.2752372,0.806196,0.9999175,0.90274316,0,0.22037452459335327,0.09876481,0.04247797,1.2459527e-06,0.011057592,0,0.6593847870826721
TSBD_Healthy_f55a2f1b43,1,0,2,0.6038259,0.038133703,0.06880145,0.030089965,2.2983731e-06,0.0066999993,0,0.12024068087339401,0.13001908,0.3587396,0.036017306,0.17627764,0,0.22037452459335327,0.80117947,0.6111705,0.96398044,0.8170224,0,0.6593847870826721
TSBD_Healthy_11a0ec4d06,1,0,2,0.86393166,0.005555721,0.08774751,0.058683723,1.7796485e-05,0.014804521,0,0.12024068087339401,0.09948945,0.054693416,1.7862262e-06,0.009463297,0,0.22037452459335327,0.81276304,0.8866229,0.99998045,0.97573215,0,0.6593847870826721
TSBD_Healthy_dda7c6bbc5,1,0,1,0.63388515,0.03710932,0.06008177,0.04729017,1.3661223e-06,0.0076240757,0,0.12024068087339401,0.6281533,0.8517929,0.99990654,0.94808584,0,0.22037452459335327,0.31176496,0.10091691,9.204597e-05,0.044290118,0,0.6593847870826721
TSBD_Healthy_b83d452fe7,1,0,2,0.8686642,0.0045360806,0.07901298,0.03979352,3.088453e-06,0.008457142,0,0.12024068087339401,0.104051225,0.0816422,9.965247e-06,0.01626527,0,0.22037452459335327,0.8169357,0.87856424,0.9999869,0.9752776,0,0.6593847870826721
TSBD_Healthy_ec04a77054,1,1,1,0.84415346,0.0062711965,0.09846837,0.07707522,5.2666046e-06,0.013927282,0,0.12024068087339401,0.7878944,0.8655088,0.99999,0.97348636,1,0.22037452459335327,0.113637224,0.057416,4.792257e-06,0.01258635,0,0.6593847870826721
TSBD_Healthy_63480c13ab,1,1,1,0.8276219,0.0084886085,0.098885104,0.07338275,4.437383e-06,0.013243001,0,0.12024068087339401,0.77454555,0.8673302,0.99998987,0.9729634,1,0.22037452459335327,0.12656933,0.059286993,5.7071156e-06,0.013793607,0,0.6593847870826721
TSBD_Healthy_a334fe0843,1,1,1,0.8323987,0.0075930636,0.1381306,0.074283645,4.6175205e-06,0.015091914,0,0.12024068087339401,0.7744015,0.86693186,0.99999,0.9729479,1,0.22037452459335327,0.08746792,0.05878443,5.4365473e-06,0.011960214,0,0.6593847870826721
TSBD_Healthy_af48f4f88b,1,0,1,0.64681965,0.03318712,0.30145732,0.10926208,2.0190813e-05,0.034049474,0,0.12024068087339401,0.6234049,0.843041,0.9999778,0.95683914,0,0.22037452459335327,0.07513776,0.047696874,2.0340624e-06,0.009111358,0,0.6593847870826721
TSBD_Healthy_58fc6d9018,0,0,1,0.32063517,0.13057876,0.52190787,0.08466816,7.571692e-06,0.034728367,0,0.12024068087339401,0.40355113,0.8602751,0.99998844,0.9524984,0,0.22037452459335327,0.074541,0.055056788,4.0451278e-06,0.012773312,0,0.6593847870826721
TSBD_Healthy_ed8a98aaef,0,0,1,0.085993364,0.34792143,0.1263567,0.061876934,2.7991607e-06,0.023356063,0,0.12024068087339401,0.09935784,0.86399233,0.999979,0.9071833,0,0.22037452459335327,0.7742854,0.07413072,1.8171397e-05,0.06946065,0,0.6593847870826721
TSBD_Healthy_c1a36abd3d,0,0,1,0.16506611,0.23986837,0.12929319,0.08620542,8.054743e-06,0.025952324,0,0.12024068087339401,0.23661998,0.8596076,0.9999882,0.94248784,0,0.22037452459335327,0.6340868,0.05418699,3.7672808e-06,0.0315598,0,0.6593847870826721
TSBD_Healthy_ba89f16ead,1,1,1,0.83710766,0.0070776865,0.10577161,0.07440002,4.622737e-06,0.013729649,0,0.12024068087339401,0.7796943,0.8667622,0.99998987,0.9731286,1,0.22037452459335327,0.114534095,0.058837812,5.4788306e-06,0.013141735,0,0.6593847870826721
TSBD_Healthy_ff7717e05f,1,1,0,0.8722271,0.0064422954,0.8327275,0.906466,0.99997973,0.9781678,1,0.12024068087339401,0.07649536,0.050180234,1.7444887e-05,0.012890699,0,0.22037452459335327,0.09077707,0.043353718,2.8849124e-06,0.008941513,0,0.6593847870826721
TSBD_Healthy_9697828448,0,0,1,0.21649665,0.1710316,0.33126542,0.07724939,5.4974225e-06,0.02895485,0,0.12024068087339401,0.30967543,0.8644775,0.99998915,0.94499743,0,0.22037452459335327,0.35905918,0.05827313,5.3043286e-06,0.02604774,0,0.6593847870826721
TSBD_Healthy_0dc7202194,1,0,1,0.72935694,0.022923118,0.10265787,0.07884458,5.700548e-06,0.014993334,0,0.12024068087339401,0.71003646,0.8642748,0.9999896,0.96966326,0,0.22037452459335327,0.18730569,0.056880567,4.6566647e-06,0.015343409,0,0.6593847870826721
TSBD_Healthy_aafafefd6f,0,0,1,0.09731324,0.32203683,0.16977653,0.14691718,8.5346364e-05,0.07383802,0,0.12024068087339401,0.10978077,0.80192024,0.9999112,0.8860101,0,0.22037452459335327,0.7204427,0.05116258,3.47193e-06,0.040151875,0,0.6593847870826721
TSBD_Healthy_3e37e6f481,0,0,1,0.21395634,0.19963686,0.066307895,0.07761249,5.5093533e-06,0.016479429,0,0.12024068087339401,0.31962487,0.8645456,0.9999894,0.9525394,0,0.22037452459335327,0.61406714,0.05784198,5.099631e-06,0.03098117,0,0.6593847870826721
TSBD_Healthy_d5c6d15d07,0,0,1,0.08850206,0.33858174,0.7259581,0.10193759,2.1230373e-05,0.08826996,0,0.12024068087339401,0.07250929,0.83338416,0.99996936,0.8727048,0,0.22037452459335327,0.20153254,0.064678304,9.400612e-06,0.03902522,0,0.6593847870826721
TSBD_Healthy_968206666f,1,0,2,0.8616844,0.0056262687,0.079172626,0.0458666,5.6644726e-06,0.0101991,0,0.12024068087339401,0.111754514,0.0691593,4.653522e-06,0.013308746,0,0.22037452459335327,0.80907285,0.8849741,0.9999896,0.97649217,0,0.6593847870826721
TSBD_Healthy_cacd4fa5f3,1,0,2,0.66499037,0.023155872,0.07010772,0.03132137,2.4216192e-06,0.006963785,0,0.12024068087339401,0.164626,0.34218568,0.02535208,0.17533666,0,0.22037452459335327,0.76526624,0.626493,0.9746455,0.81769955,0,0.6593847870826721
TSBD_Healthy_c00e285b89,1,1,2,0.8711562,0.0049005123,0.083059296,0.05576415,1.432157e-05,0.0135470405,0,0.12024068087339401,0.09666079,0.055242814,1.8658543e-06,0.009463196,0,0.22037452459335327,0.82027984,0.88899297,0.9999838,0.9769898,1,0.6593847870826721
TSBD_Healthy_e318b96772,1,1,2,0.8714637,0.004754083,0.082143106,0.04562363,5.560407e-06,0.010219352,0,0.12024068087339401,0.097686484,0.066931315,4.0380664e-06,0.0121025415,0,0.22037452459335327,0.8201704,0.88744503,0.99999034,0.9776781,1,0.6593847870826721
TSBD_Healthy_f874d1c34c,1,1,2,0.8714528,0.0048846453,0.081525475,0.05485408,1.2951354e-05,0.013094125,0,0.12024068087339401,0.09780754,0.05594772,1.924353e-06,0.009616256,0,0.22037452459335327,0.820667,0.88919824,0.9999851,0.9772896,1,0.6593847870826721
TSBD_Healthy_a486752b98,1,0,2,0.86612314,0.005334015,0.07035347,0.045075174,5.2016767e-06,0.009521184,0,0.12024068087339401,0.11513391,0.067409754,4.1217304e-06,0.012942044,0,0.22037452459335327,0.81451267,0.88751507,0.9999906,0.97753674,0,0.6593847870826721
TSBD_Healthy_79eca515b7,1,1,2,0.87104046,0.004881161,0.087217465,0.052616324,1.07705955e-05,0.012689037,0,0.12024068087339401,0.09316066,0.058378395,2.30091e-06,0.009992869,0,0.22037452459335327,0.8196219,0.88900524,0.999987,0.97731805,1,0.6593847870826721
TSBD_Healthy_28f91e3b3c,1,1,2,0.8719524,0.004779174,0.08402004,0.05087695,9.2204755e-06,0.011957686,0,0.12024068087339401,0.095499426,0.06007236,2.5570394e-06,0.010427481,0,0.22037452459335327,0.8204806,0.88905066,0.9999883,0.9776148,1,0.6593847870826721
TSBD_Healthy_b4c784db60,1,0,2,0.86220163,0.0059369328,0.09952611,0.053934995,1.2198779e-05,0.01381245,0,0.12024068087339401,0.088242546,0.05743598,2.1515273e-06,0.0096284645,0,0.22037452459335327,0.81223136,0.8886291,0.9999857,0.9765591,0,0.6593847870826721
TSBD_Healthy_46afbf57c8,1,0,2,0.8690796,0.005117899,0.079261385,0.050242797,8.7001445e-06,0.011528304,0,0.12024068087339401,0.102803916,0.060723152,2.6658552e-06,0.0108538885,0,0.22037452459335327,0.8179347,0.88903403,0.9999887,0.97761786,0,0.6593847870826721
TSBD_Healthy_5238685a4f,0,0,1,0.5222803,0.034397114,0.08656881,0.0377549,7.2728258e-06,0.010126016,0,0.12024068087339401,0.34154978,0.5985711,0.828054,0.5826478,0,0.22037452459335327,0.57188135,0.36367396,0.17193866,0.40722623,0,0.6593847870826721
TSBD_Healthy_115a1b2ce7,1,0,2,0.8706394,0.004967656,0.08065254,0.052977894,1.125999e-05,0.012493918,0,0.12024068087339401,0.09965145,0.057787333,2.228123e-06,0.010118447,0,0.22037452459335327,0.81969607,0.8892347,0.9999865,0.97738767,0,0.6593847870826721
TSBD_Healthy_2b0f2e29de,1,1,2,0.87190735,0.004799977,0.084823295,0.055742696,1.4309843e-05,0.013639545,0,0.12024068087339401,0.094464086,0.05522211,1.8593902e-06,0.009377268,0,0.22037452459335327,0.82071257,0.8890353,0.9999838,0.9769832,1,0.6593847870826721
TSBD_Healthy_2cb9913a0d,1,0,2,0.77190953,0.016223654,0.14284436,0.064139895,2.82719e-05,0.020759273,0,0.12024068087339401,0.12748416,0.06388768,4.086224e-06,0.013525179,0,0.22037452459335327,0.72967154,0.8719724,0.9999677,0.9657156,0,0.6593847870826721
TSBD_Healthy_f7b6201d8c,1,0,2,0.86748606,0.004978141,0.0909348,0.06167431,2.3030158e-05,0.016124595,0,0.12024068087339401,0.0941161,0.053398963,1.6660142e-06,0.009045548,0,0.22037452459335327,0.81494904,0.88492674,0.9999753,0.97482985,0,0.6593847870826721
TSBD_Healthy_1cb0a1deed,1,0,2,0.86965317,0.004734517,0.08158609,0.044283554,4.939312e-06,0.009840809,0,0.12024068087339401,0.10085293,0.07132191,5.4275e-06,0.013383947,0,0.22037452459335327,0.8175609,0.8843946,0.9999896,0.9767752,0,0.6593847870826721
TSBD_Healthy_e53d9705ff,1,1,2,0.87097096,0.004887636,0.083929785,0.054377746,1.26533305e-05,0.013120586,0,0.12024068087339401,0.096408784,0.056756206,2.049947e-06,0.009756577,0,0.22037452459335327,0.81966144,0.88886607,0.99998534,0.97712284,1,0.6593847870826721
TSBD_Healthy_fea6d00053,1,0,2,0.8688511,0.0051117046,0.09047529,0.05378579,1.1932277e-05,0.013259008,0,0.12024068087339401,0.09202919,0.057511453,2.1447713e-06,0.00975259,0,0.22037452459335327,0.81749547,0.8887027,0.99998593,0.97698843,0,0.6593847870826721
TSBD_Healthy_f69458ce94,1,0,2,0.86863,0.005027258,0.08932818,0.057812415,1.71102e-05,0.014654881,0,0.12024068087339401,0.093919925,0.054850165,1.8689888e-06,0.0093538975,0,0.22037452459335327,0.8167519,0.88733745,0.9999809,0.9759912,0,0.6593847870826721
TSBD_Healthy_bb30558caa,1,0,2,0.8678467,0.005218314,0.08430607,0.054140724,1.254951e-05,0.013109634,0,0.12024068087339401,0.099059336,0.057408433,2.1998992e-06,0.010053365,0,0.22037452459335327,0.8166346,0.88845086,0.99998534,0.976837,0,0.6593847870826721
TSBD_Healthy_f8b382f850,1,0,2,0.8345308,0.009573751,0.06409292,0.047670543,7.032975e-06,0.010121358,0,0.12024068087339401,0.14310162,0.064516455,3.538143e-06,0.013390512,0,0.22037452459335327,0.79280543,0.88781303,0.9999894,0.9764882,0,0.6593847870826721
TSBD_Healthy_4e764a8c1f,1,1,2,0.87165326,0.0048293592,0.08142706,0.0497306,8.296751e-06,0.011463911,0,0.12024068087339401,0.098292075,0.06102566,2.7223944e-06,0.0107436925,0,0.22037452459335327,0.82028085,0.88924366,0.9999889,0.97779244,1,0.6593847870826721
TSBD_Healthy_63950b8869,1,0,2,0.86863834,0.005090402,0.09241044,0.05661238,1.5140523e-05,0.014334205,0,0.12024068087339401,0.090599194,0.055164304,1.8425858e-06,0.009233321,0,0.22037452459335327,0.8169904,0.8882233,0.9999831,0.97643244,0,0.6593847870826721
TSBD_Healthy_ea2ac521c5,0,0,1,0.19765198,0.21857955,0.061798677,0.035827283,1.2073921e-06,0.009249185,0,0.12024068087339401,0.14568606,0.7738269,0.99680436,0.759107,0,0.22037452459335327,0.7925153,0.1903458,0.0031944267,0.2316438,0,0.6593847870826721
TSBD_Healthy_1402c548f4,1,0,2,0.85836715,0.0038894298,0.0712341,0.032585695,1.3128807e-06,0.0063352245,0,0.12024068087339401,0.11737508,0.124847226,7.2591756e-05,0.030811545,0,0.22037452459335327,0.81139076,0.842567,0.9999261,0.9628532,0,0.6593847870826721
TSBD_Healthy_44b1d181ba,1,0,2,0.86598593,0.004264374,0.07652636,0.035208352,1.7633271e-06,0.0070945323,0,0.12024068087339401,0.10538188,0.10025756,2.4923344e-05,0.021583652,0,0.22037452459335327,0.81809175,0.8645341,0.9999733,0.9713218,0,0.6593847870826721
TSBD_Healthy_5031d03cd3,1,1,1,0.8482878,0.0058772005,0.095965415,0.069332436,3.6719453e-06,0.012213614,0,0.12024068087339401,0.79031485,0.86872613,0.99998915,0.9737107,1,0.22037452459335327,0.11371976,0.061941404,7.1474674e-06,0.014075633,0,0.6593847870826721
TSBD_Healthy_584e036b15,1,0,1,0.75356156,0.018345162,0.06558017,0.051329132,1.5567507e-06,0.008069068,0,0.12024068087339401,0.7165931,0.8618793,0.99995685,0.9619178,0,0.22037452459335327,0.21782678,0.08679161,4.1596875e-05,0.030013146,0,0.6593847870826721
TSBD_Healthy_ceedc9841a,1,0,2,0.7487793,0.019743426,0.14430632,0.038443606,2.5513905e-06,0.010237508,0,0.12024068087339401,0.09230959,0.14520177,0.00016168009,0.036506753,0,0.22037452459335327,0.7633841,0.8163546,0.99983585,0.9532557,0,0.6593847870826721
TSBD_Healthy_539b7c9614,1,0,2,0.8063371,0.006627501,0.0775614,0.03202837,1.6130535e-06,0.0068534487,0,0.12024068087339401,0.1467661,0.19563463,0.000848866,0.06772522,0,0.22037452459335327,0.7756725,0.77233696,0.99914944,0.9254213,0,0.6593847870826721
TSBD_Healthy_9405a524b8,1,0,0,0.59938663,0.046311185,0.6210564,0.8756959,0.99974793,0.942542,0,0.12024068087339401,0.30303636,0.08507716,0.0002493174,0.048860434,0,0.22037452459335327,0.07590727,0.03922695,2.706934e-06,0.008597563,0,0.6593847870826721
TSBD_Healthy_84b5bbabe5,1,0,1,0.7584551,0.018735519,0.06909108,0.06004727,2.3634689e-06,0.009554552,0,0.12024068087339401,0.7311464,0.8680157,0.9999821,0.96854156,0,0.22037452459335327,0.1997625,0.071937025,1.5547419e-05,0.021903882,0,0.6593847870826721
TSBD_Healthy_cd1699cbb8,1,0,1,0.7951644,0.012148613,0.10125816,0.10495194,1.8184537e-05,0.02107438,0,0.12024068087339401,0.75886905,0.8447625,0.999979,0.9672871,0,0.22037452459335327,0.13987282,0.050285574,2.7788321e-06,0.011638495,0,0.6593847870826721
TSBD_Healthy_3971c8d6d2,1,0,2,0.81695217,0.010605786,0.14296506,0.059334174,1.8736415e-05,0.018163992,0,0.12024068087339401,0.08290335,0.06989019,5.559132e-06,0.012672001,0,0.22037452459335327,0.77413166,0.8707757,0.9999757,0.9691641,0,0.6593847870826721
TSBD_Healthy_062f8eb68b,1,1,1,0.8341522,0.0073728934,0.12261612,0.07077652,4.024482e-06,0.013766004,0,0.12024068087339401,0.7751913,0.8677047,0.99998903,0.9727108,1,0.22037452459335327,0.10219255,0.061518762,6.9427556e-06,0.013523236,0,0.6593847870826721
TSBD_Healthy_64c2fd2799,1,0,2,0.8514576,0.0039488543,0.06900235,0.031424407,1.1426973e-06,0.0060129785,0,0.12024068087339401,0.12367784,0.14101018,0.00013575278,0.037682995,0,0.22037452459335327,0.80731976,0.82756543,0.999863,0.9563041,0,0.6593847870826721
TSBD_Healthy_06ad797b28,0,0,1,0.12515464,0.29134727,0.08127302,0.044159804,1.2613607e-06,0.013039188,0,0.12024068087339401,0.12489885,0.8381365,0.9997923,0.862201,0,0.22037452459335327,0.7938281,0.11770369,0.00020647989,0.12475983,0,0.6593847870826721
TSBD_Healthy_d37fadc7b5,1,1,2,0.87100416,0.0049128337,0.079169996,0.049992263,8.370656e-06,0.011401426,0,0.12024068087339401,0.1010633,0.060709327,2.6411983e-06,0.010760631,0,0.22037452459335327,0.8197667,0.88929844,0.99998903,0.9778379,1,0.6593847870826721
TSBD_Healthy_23703b21e8,1,0,2,0.77812475,0.008152101,0.075609714,0.03307358,2.04605e-06,0.0072350814,0,0.12024068087339401,0.16155614,0.238052,0.0025891534,0.095727906,0,0.22037452459335327,0.76283413,0.7288744,0.9974088,0.89703697,0,0.6593847870826721
TSBD_Healthy_e761f95881,0,0,1,0.28549024,0.15037838,0.14429511,0.041735027,1.66295e-06,0.012668534,0,0.12024068087339401,0.26416424,0.79704934,0.99878937,0.8449015,0,0.22037452459335327,0.59154063,0.16121563,0.001209017,0.14242998,0,0.6593847870826721
TSBD_Healthy_049d7b0b8e,1,0,2,0.8295685,0.0055893157,0.07166212,0.030944072,1.1697589e-06,0.0061094747,0,0.12024068087339401,0.12884296,0.17022757,0.00037685703,0.051285326,0,0.22037452459335327,0.79949486,0.7988283,0.99962187,0.94260526,0,0.6593847870826721
TSBD_Healthy_d0a2ad85a2,1,0,2,0.8683893,0.004167633,0.073822014,0.037009586,2.2214142e-06,0.0074969833,0,0.12024068087339401,0.11096261,0.089861795,1.5051074e-05,0.0188968,0,0.22037452459335327,0.8152154,0.8731286,0.9999827,0.9736062,0,0.6593847870826721
TSBD_Healthy_427d279e02,1,0,2,0.8704882,0.004920467,0.08169319,0.04890179,7.734973e-06,0.011239274,0,0.12024068087339401,0.0993273,0.062390417,3.0349727e-06,0.011137648,0,0.22037452459335327,0.81897956,0.8887078,0.9999893,0.9776231,0,0.6593847870826721
TSBD_Healthy_194fe9c226,1,0,2,0.817187,0.007250607,0.06826552,0.029818105,1.031787e-06,0.0057552448,0,0.12024068087339401,0.1244305,0.18824244,0.0006153211,0.058415353,0,0.22037452459335327,0.8073039,0.78193945,0.99938357,0.9358294,0,0.6593847870826721
TSBD_Healthy_7fd586cd0c,1,0,2,0.8684422,0.005104672,0.08396277,0.049398392,8.317527e-06,0.0115758,0,0.12024068087339401,0.09921221,0.062551886,3.1031168e-06,0.011205118,0,0.22037452459335327,0.816825,0.8880497,0.99998856,0.9772191,0,0.6593847870826721
TSBD_Healthy_8a16be7271,1,0,1,0.7839645,0.014804969,0.07056354,0.05900814,2.2154295e-06,0.009364537,0,0.12024068087339401,0.74633855,0.8680723,0.99998105,0.9690748,0,0.22037452459335327,0.18309796,0.072919555,1.6780876e-05,0.021560712,0,0.6593847870826721
TSBD_Healthy_7497e074fb,1,0,2,0.851622,0.0030566514,0.060800444,0.0321377,1.1980009e-06,0.0059016203,0,0.12024068087339401,0.15371203,0.13188963,9.3349896e-05,0.036831666,0,0.22037452459335327,0.78548753,0.83597267,0.99990547,0.95726675,0,0.6593847870826721
TSBD_Healthy_0008f80a75,1,0,2,0.8485646,0.0077328472,0.11156444,0.051461555,9.981534e-06,0.013573821,0,0.12024068087339401,0.08501175,0.06080543,2.7404049e-06,0.010273439,0,0.22037452459335327,0.80342376,0.887733,0.99998724,0.9761527,0,0.6593847870826721
TSBD_Healthy_5ceaf1db7f,1,0,2,0.86943835,0.0047506485,0.08118171,0.043029893,4.2648385e-06,0.009419211,0,0.12024068087339401,0.10110815,0.07310722,5.8908736e-06,0.013772743,0,0.22037452459335327,0.81771016,0.883863,0.99998987,0.9768081,0,0.6593847870826721
TSBD_Healthy_e4fa44cd99,1,0,2,0.86442083,0.0046193236,0.08018417,0.036789365,2.183111e-06,0.0076764603,0,0.12024068087339401,0.103750475,0.09508359,1.9784038e-05,0.0200146,0,0.22037452459335327,0.8160653,0.8681271,0.99997807,0.972309,0,0.6593847870826721
TSBD_Healthy_441bde1a65,1,0,2,0.8082868,0.0068228785,0.06637643,0.03113058,1.3701741e-06,0.006167313,0,0.12024068087339401,0.13854593,0.20674886,0.0010896039,0.07113164,0,0.22037452459335327,0.7950777,0.7621206,0.998909,0.92270106,0,0.6593847870826721
TSBD_Healthy_dbb2f8ca89,1,0,1,0.6240217,0.034743316,0.055455543,0.039717685,1.0398278e-06,0.0065215332,0,0.12024068087339401,0.5917018,0.8231686,0.9995028,0.9187488,0,0.22037452459335327,0.35284266,0.13711378,0.00049612974,0.074729644,0,0.6593847870826721
TSBD_Healthy_9b317a63ad,1,0,1,0.6173894,0.0432833,0.059671663,0.05760168,2.087185e-06,0.009033017,0,0.12024068087339401,0.64483607,0.867344,0.99997854,0.96315783,0,0.22037452459335327,0.29549226,0.07505428,1.935794e-05,0.027809165,0,0.6593847870826721
TSBD_Healthy_d85abeff44,1,0,2,0.86997,0.0049998835,0.07750387,0.04910604,7.765907e-06,0.011065592,0,0.12024068087339401,0.10385793,0.061991975,2.9053747e-06,0.01118427,0,0.22037452459335327,0.8186382,0.888902,0.9999894,0.9777502,0,0.6593847870826721
TSBD_Healthy_32490efb09,0,0,1,0.3389189,0.12537783,0.05250157,0.04286047,1.1221828e-06,0.007736301,0,0.12024068087339401,0.37719235,0.838102,0.9997707,0.9105327,0,0.22037452459335327,0.5703061,0.11903758,0.00022818158,0.08173095,0,0.6593847870826721
TSBD_Healthy_003e47f46b,0,0,1,0.26736724,0.16792314,0.059427705,0.032754134,1.4945964e-06,0.008076674,0,0.12024068087339401,0.16333307,0.718828,0.98334694,0.6732252,0,0.22037452459335327,0.77723926,0.24841788,0.016651612,0.31869814,0,0.6593847870826721
TSBD_Healthy_db7fb385bc,0,0,1,0.32974827,0.1279858,0.062151853,0.03351186,3.1225563e-06,0.008529457,0,0.12024068087339401,0.16431786,0.6478444,0.9252735,0.5647763,0,0.22037452459335327,0.77353036,0.31864372,0.074723415,0.42669424,0,0.6593847870826721
TSBD_Healthy_e07653b53b,1,0,2,0.8461718,0.0077704405,0.065211706,0.045158982,5.4206644e-06,0.009416406,0,0.12024068087339401,0.13627242,0.0685229,4.4865915e-06,0.014157218,0,0.22037452459335327,0.7985159,0.8863181,0.9999901,0.97642636,0,0.6593847870826721
TSBD_Healthy_372dafd03c,0,0,1,0.20943977,0.20929539,0.059885092,0.037347306,1.2440021e-06,0.009202083,0,0.12024068087339401,0.16847695,0.7845392,0.9978515,0.7889013,0,0.22037452459335327,0.7716379,0.17811349,0.0021472662,0.20189667,0,0.6593847870826721
TSBD_Healthy_8a4d12c896,1,0,2,0.66889167,0.014168523,0.059414994,0.031703014,1.7766058e-06,0.006711245,0,0.12024068087339401,0.3842246,0.25160626,0.003571251,0.14997521,0,0.22037452459335327,0.55636036,0.7166908,0.996427,0.8433135,0,0.6593847870826721
TSBD_Healthy_ddf26df6fc,1,0,2,0.81740904,0.008142549,0.07369092,0.035410546,1.976587e-06,0.007362012,0,0.12024068087339401,0.17227487,0.112131886,4.452908e-05,0.031037979,0,0.22037452459335327,0.7540342,0.8524576,0.9999534,0.9616,0,0.6593847870826721
TSBD_Healthy_f43e3f4c5b,1,0,2,0.82835585,0.010065222,0.11061418,0.037781857,2.595391e-06,0.009058311,0,0.12024068087339401,0.089241944,0.09342262,1.9141165e-05,0.018831795,0,0.22037452459335327,0.8001439,0.8687955,0.9999782,0.9721099,0,0.6593847870826721
TSBD_Healthy_b5fbb9ed8e,1,0,2,0.7419987,0.022557098,0.05734499,0.043021794,4.2482466e-06,0.008650087,0,0.12024068087339401,0.21627189,0.073945895,6.2199415e-06,0.018956749,0,0.22037452459335327,0.72638315,0.8830324,0.9999895,0.97239316,0,0.6593847870826721
TSBD_Healthy_eb36a09ca4,1,0,2,0.8657508,0.004162846,0.074625604,0.035948332,1.9091726e-06,0.007220383,0,0.12024068087339401,0.1120811,0.096891075,2.109972e-05,0.021030243,0,0.22037452459335327,0.8132933,0.86716056,0.999977,0.97174937,0,0.6593847870826721
TSBD_Healthy_6b4a97bd93,1,0,2,0.8698541,0.0050700726,0.07691009,0.050976884,9.3173185e-06,0.011634175,0,0.12024068087339401,0.1039777,0.059741918,2.5007962e-06,0.010674204,0,0.22037452459335327,0.8191122,0.88928115,0.9999882,0.9776916,0,0.6593847870826721
TSBD_Healthy_ba33e2e4e1,1,0,2,0.86498284,0.005399391,0.07407203,0.045587838,5.691609e-06,0.0099263275,0,0.12024068087339401,0.11295763,0.06756135,4.2818174e-06,0.012974509,0,0.22037452459335327,0.8129703,0.8868509,0.99999,0.97709924,0,0.6593847870826721
TSBD_Healthy_c2d1e8a97b,1,0,2,0.8505657,0.0027900964,0.060603403,0.031766865,1.1774632e-06,0.00584817,0,0.12024068087339401,0.15447778,0.13917008,0.0001236907,0.04001604,0,0.22037452459335327,0.78491884,0.829063,0.99987507,0.95413584,0,0.6593847870826721
TSBD_Healthy_acaf94d2e8,1,0,2,0.85853904,0.0062026735,0.0684558,0.04495892,5.232059e-06,0.009455913,0,0.12024068087339401,0.1236736,0.068256244,4.3773853e-06,0.013542917,0,0.22037452459335327,0.80787057,0.88678485,0.99999034,0.9770012,0,0.6593847870826721
TSBD_Healthy_4c1057862a,1,0,2,0.861438,0.003985901,0.07317829,0.033622693,1.5097045e-06,0.0066559846,0,0.12024068087339401,0.11428592,0.114312015,4.9695023e-05,0.02714043,0,0.22037452459335327,0.81253576,0.8520653,0.99994874,0.9662036,0,0.6593847870826721
TSBD_Healthy_d28eee88b2,1,0,2,0.8600653,0.0034071845,0.067982614,0.032342236,1.2799804e-06,0.006183006,0,0.12024068087339401,0.12303019,0.12571786,7.716742e-05,0.031823114,0,0.22037452459335327,0.80898714,0.84193987,0.99992156,0.9619939,0,0.6593847870826721
TSBD_Healthy_9f799d79c9,1,0,2,0.85256016,0.0041923737,0.07132587,0.032099593,1.2478292e-06,0.0062422296,0,0.12024068087339401,0.1184141,0.13610604,0.0001155581,0.03532186,0,0.22037452459335327,0.81026006,0.8317944,0.9998833,0.9584359,0,0.6593847870826721
TSBD_Healthy_0797e50b91,1,0,2,0.85331064,0.0045847455,0.07358361,0.032044858,1.2386054e-06,0.006286379,0,0.12024068087339401,0.113319755,0.130343,9.3323186e-05,0.032632,0,0.22037452459335327,0.8130967,0.83761215,0.99990547,0.9610816,0,0.6593847870826721
TSBD_Healthy_35d58d516e,1,0,2,0.8666841,0.00444552,0.07871342,0.03771089,2.4029569e-06,0.007854568,0,0.12024068087339401,0.10532926,0.09024936,1.589439e-05,0.018794758,0,0.22037452459335327,0.8159573,0.87203974,0.99998176,0.97335064,0,0.6593847870826721
TSBD_Healthy_3369d16a81,1,0,1,0.6562069,0.032131284,0.062022608,0.047499336,1.444123e-06,0.0077785566,0,0.12024068087339401,0.6356967,0.8453073,0.9998772,0.9448432,0,0.22037452459335327,0.30228066,0.10719342,0.00012131615,0.04737829,0,0.6593847870826721
TSBD_Healthy_f12cfc128f,1,0,1,0.8013462,0.0043779695,0.17838363,0.18275736,0.00021943139,0.055460267,0,0.12024068087339401,0.72848624,0.7711908,0.9997787,0.9353096,0,0.22037452459335327,0.09313017,0.046051774,1.9422937e-06,0.009230173,0,0.6593847870826721
TSBD_Healthy_8cb3c49027,0,0,2,0.16427532,0.2409504,0.703198,0.07021245,5.2498293e-05,0.06260415,0,0.12024068087339401,0.08274445,0.14871624,0.00036817393,0.061261963,0,0.22037452459335327,0.21405758,0.7810713,0.99957925,0.87613386,0,0.6593847870826721
TSBD_Healthy_0d4d34f349,0,0,1,0.07820059,0.3633085,0.8122958,0.057655424,2.9580476e-06,0.044292655,0,0.12024068087339401,0.09939631,0.8425741,0.99991965,0.90562594,0,0.22037452459335327,0.08830788,0.09977043,7.733326e-05,0.050081402,0,0.6593847870826721
TSBD_Healthy_aac43b5b94,0,0,1,0.082381636,0.3549939,0.7954849,0.058233522,2.7191213e-06,0.0426098,0,0.12024068087339401,0.106021665,0.8517629,0.9999503,0.913276,0,0.22037452459335327,0.09849342,0.0900036,4.698621e-05,0.044114206,0,0.6593847870826721
TSBD_Healthy_713f0a2197,0,0,2,0.11687654,0.27984697,0.70715535,0.03829327,5.9943604e-06,0.030065421,0,0.12024068087339401,0.07083744,0.33539906,0.028143914,0.19353311,0,0.22037452459335327,0.2220072,0.62630767,0.97185004,0.7764015,0,0.6593847870826721
TSBD_Healthy_ac26bcc532,0,0,1,0.26441967,0.1651856,0.8115881,0.3196352,0.0061867693,0.3531045,0,0.12024068087339401,0.096537426,0.6237777,0.99380153,0.6253387,0,0.22037452459335327,0.09187444,0.056587104,1.1681004e-05,0.021556856,0,0.6593847870826721
TSBD_Healthy_46f4698e93,1,0,2,0.86860883,0.0041970727,0.07678324,0.03907543,2.898596e-06,0.0082106255,0,0.12024068087339401,0.107781544,0.086855344,1.382836e-05,0.018102637,0,0.22037452459335327,0.8154353,0.8740693,0.9999833,0.9736867,0,0.6593847870826721
TSBD_Healthy_ffc31af5e9,0,0,1,0.38404456,0.102797784,0.10155539,0.05363813,1.27113e-05,0.017149966,0,0.12024068087339401,0.25603712,0.6994885,0.98501724,0.71542156,0,0.22037452459335327,0.64240754,0.24687338,0.014970041,0.26742846,0,0.6593847870826721
TSBD_Healthy_ffc39b3360,1,0,1,0.5626902,0.045706216,0.059918944,0.041595425,1.3528069e-06,0.007377465,0,0.12024068087339401,0.5445426,0.8166219,0.9994342,0.90973175,0,0.22037452459335327,0.39553842,0.14178272,0.00056440145,0.08289074,0,0.6593847870826721
TSBD_Healthy_13e3dd820d,0,0,1,0.29528376,0.14757766,0.07521313,0.037554905,4.0555456e-06,0.010743925,0,0.12024068087339401,0.14814493,0.66532594,0.9534689,0.58913857,0,0.22037452459335327,0.77664196,0.29711917,0.046527058,0.4001175,0,0.6593847870826721
TSBD_Healthy_0e7dca224f,1,0,2,0.81995887,0.010039778,0.10211696,0.041420534,3.7763239e-06,0.009984876,0,0.12024068087339401,0.12568021,0.085895926,1.3763356e-05,0.019309605,0,0.22037452459335327,0.77220285,0.8726836,0.9999825,0.9707055,0,0.6593847870826721
TSBD_Healthy_e30ffbbca2,1,0,2,0.8684069,0.004727919,0.08570823,0.04358871,4.506e-06,0.009770913,0,0.12024068087339401,0.09687094,0.07577747,7.0619426e-06,0.014310223,0,0.22037452459335327,0.8174208,0.8806338,0.99998844,0.9759188,0,0.6593847870826721
TSBD_Healthy_33ee2c0488,1,0,2,0.6044065,0.009805657,0.38013265,0.28416932,0.06669276,0.26054698,0,0.12024068087339401,0.08980883,0.169843,0.005085886,0.074548624,0,0.22037452459335327,0.53005856,0.54598767,0.92822134,0.66490436,0,0.6593847870826721
TSBD_Healthy_cf66e36f26,1,0,2,0.86944276,0.0049941344,0.08897413,0.05682154,1.5421774e-05,0.0142176375,0,0.12024068087339401,0.09323053,0.055073645,1.8345443e-06,0.009309001,0,0.22037452459335327,0.8177954,0.8881048,0.99998283,0.9764734,0,0.6593847870826721
TSBD_Healthy_198c19a2fa,1,0,2,0.870402,0.005006467,0.07943005,0.053458117,1.1492402e-05,0.012529731,0,0.12024068087339401,0.100842744,0.05737812,2.137701e-06,0.010045219,0,0.22037452459335327,0.8197273,0.8891638,0.9999864,0.9774251,0,0.6593847870826721
TSBD_Healthy_0f0af1a35d,1,0,2,0.8619425,0.0038606238,0.073270895,0.03502023,1.8068209e-06,0.0070353164,0,0.12024068087339401,0.118041374,0.109507985,4.1000054e-05,0.025926908,0,0.22037452459335327,0.80868775,0.85547185,0.9999572,0.9670378,0,0.6593847870826721
TSBD_Healthy_24a755565d,0,0,1,0.4487627,0.076419294,0.06844183,0.045240108,8.008917e-06,0.011694695,0,0.12024068087339401,0.2867738,0.6699165,0.96468306,0.67398626,0,0.22037452459335327,0.64478445,0.2848434,0.03530892,0.31431907,0,0.6593847870826721
TSBD_Healthy_00488f3c0b,1,1,1,0.8184265,0.0090745,0.1489775,0.078416444,5.7871157e-06,0.01671682,0,0.12024068087339401,0.76061,0.86417496,0.9999894,0.97154367,1,0.22037452459335327,0.09041249,0.05740853,4.77778e-06,0.011739524,0,0.6593847870826721
TSBD_Healthy_7f10feedf0,1,1,0,0.8456231,0.00939582,0.81264836,0.89797425,0.99994254,0.9728255,1,0.12024068087339401,0.08168879,0.061950944,5.5039993e-05,0.01838313,0,0.22037452459335327,0.10566288,0.040074788,2.3384446e-06,0.00879135,0,0.6593847870826721
TSBD_Healthy_083843a5b2,1,1,0,0.87782186,0.0056401333,0.8355187,0.9062735,0.9999844,0.9787123,1,0.12024068087339401,0.08479291,0.047003936,1.1910623e-05,0.012016504,0,0.22037452459335327,0.07968833,0.046722513,3.6793977e-06,0.009271185,0,0.6593847870826721
TSBD_Healthy_846b819a49,1,1,1,0.84477645,0.0062529817,0.0950194,0.073065735,4.430772e-06,0.012960836,0,0.12024068087339401,0.7882232,0.86674917,0.9999895,0.9734418,1,0.22037452459335327,0.1167574,0.06018514,6.0746056e-06,0.013597375,0,0.6593847870826721
TSBD_Healthy_ef882f9638,1,0,2,0.4596742,0.05799591,0.12204672,0.04208547,1.5581796e-05,0.013906583,0,0.12024068087339401,0.14453322,0.43794778,0.1875876,0.27721888,0,0.22037452459335327,0.73342,0.51996666,0.8123968,0.7088745,0,0.6593847870826721
TSBD_Healthy_f510479194,0,0,1,0.3689328,0.10755309,0.06174554,0.03605873,4.6111145e-06,0.009154478,0,0.12024068087339401,0.18564442,0.63111585,0.9085672,0.55881083,0,0.22037452459335327,0.75261,0.33282536,0.09142826,0.43203473,0,0.6593847870826721
TSBD_Healthy_78ac2c01e9,0,0,1,0.29786646,0.14259948,0.10596504,0.044164944,9.087562e-06,0.015209664,0,0.12024068087339401,0.1391235,0.64473975,0.9405627,0.56289715,0,0.22037452459335327,0.7549115,0.3110953,0.059428185,0.42189315,0,0.6593847870826721
TSBD_Healthy_aa968b53a4,1,0,2,0.8205718,0.009788921,0.14902401,0.07446654,5.674135e-05,0.025409916,0,0.12024068087339401,0.08207802,0.051492322,1.7130221e-06,0.008673953,0,0.22037452459335327,0.76889795,0.8740412,0.9999416,0.9659161,0,0.6593847870826721
TSBD_Healthy_d6be26c310,1,0,1,0.41469273,0.09073536,0.060766533,0.05619397,2.0241162e-06,0.009636482,0,0.12024068087339401,0.50649744,0.86443305,0.9999722,0.95314145,0,0.22037452459335327,0.43273604,0.079372965,2.5775555e-05,0.037222106,0,0.6593847870826721
TSBD_Healthy_8d0baa1858,1,0,2,0.83947295,0.0038807492,0.06941815,0.03257492,1.4460283e-06,0.0064579304,0,0.12024068087339401,0.13772038,0.16082892,0.00028778779,0.04853697,0,0.22037452459335327,0.79286146,0.8065962,0.99971074,0.94500506,0,0.6593847870826721
TSBD_Healthy_9a86700e7b,1,0,2,0.8413639,0.0049332245,0.07333969,0.034002367,1.6198721e-06,0.006874806,0,0.12024068087339401,0.14757349,0.12218276,7.1843766e-05,0.033335086,0,0.22037452459335327,0.77908677,0.8438149,0.99992645,0.9597901,0,0.6593847870826721
TSBD_Healthy_8de20870d1,1,0,2,0.8670829,0.005412844,0.07531667,0.051494535,9.8524915e-06,0.011741159,0,0.12024068087339401,0.10761655,0.05941682,2.483611e-06,0.010770379,0,0.22037452459335327,0.8170668,0.88908863,0.9999876,0.97748846,0,0.6593847870826721
TSBD_Healthy_2125dc16c6,1,0,1,0.7917559,0.013966724,0.07915503,0.072493844,4.3001924e-06,0.012196454,0,0.12024068087339401,0.757517,0.86636233,0.9999893,0.9720402,0,0.22037452459335327,0.16332805,0.06114385,6.4037854e-06,0.015763415,0,0.6593847870826721
TSBD_Healthy_f1a3293d1d,0,0,1,0.23402414,0.18673965,0.060078662,0.06015345,2.510564e-06,0.012015752,0,0.12024068087339401,0.31828427,0.8634859,0.9999764,0.9416195,0,0.22037452459335327,0.62163705,0.07636066,2.103321e-05,0.046364713,0,0.6593847870826721
TSBD_Healthy_db02ad0e48,1,0,1,0.42876294,0.08825876,0.05698564,0.063897535,2.9691898e-06,0.010663109,0,0.12024068087339401,0.5311256,0.86709553,0.99998486,0.96010435,0,0.22037452459335327,0.41188878,0.069006965,1.2136815e-05,0.02923252,0,0.6593847870826721
TSBD_Healthy_6e62793bdf,1,0,1,0.5198191,0.06320287,0.06298858,0.056857925,2.1121025e-06,0.009500803,0,0.12024068087339401,0.57581717,0.86349046,0.99997187,0.9568256,0,0.22037452459335327,0.36119422,0.07965164,2.6038522e-05,0.033673625,0,0.6593847870826721
TSBD_Healthy_097e8db62c,1,0,1,0.44991457,0.073383026,0.06412002,0.043363288,1.3270841e-06,0.008008937,0,0.12024068087339401,0.4778748,0.8272182,0.9996611,0.9130655,0,0.22037452459335327,0.45800525,0.1294185,0.0003375673,0.07892553,0,0.6593847870826721
TSBD_Healthy_9a88507804,1,0,1,0.7739133,0.012721309,0.07507636,0.0459813,1.4093421e-06,0.00789042,0,0.12024068087339401,0.7102697,0.8418168,0.99984336,0.94850904,0,0.22037452459335327,0.21465398,0.112201996,0.00015519228,0.04360056,0,0.6593847870826721
TSBD_Healthy_d3268932b8,1,0,1,0.7765268,0.016370248,0.07210358,0.06794702,3.559823e-06,0.011069416,0,0.12024068087339401,0.74859834,0.8677925,0.9999881,0.97129416,0,0.22037452459335327,0.17929809,0.064260505,8.4145095e-06,0.017636392,0,0.6593847870826721
TSBD_Healthy_7ef69613b9,1,0,2,0.8613532,0.00589207,0.09102977,0.050760623,9.246217e-06,0.012343274,0,0.12024068087339401,0.09866228,0.06192627,3.0204267e-06,0.011100597,0,0.22037452459335327,0.810308,0.8873131,0.9999877,0.9765561,0,0.6593847870826721
TSBD_Healthy_ddc759b323,1,0,2,0.7594064,0.007707363,0.060132705,0.029589128,1.5436315e-06,0.005949217,0,0.12024068087339401,0.19139329,0.28259504,0.007524463,0.13460036,0,0.22037452459335327,0.748474,0.6878159,0.992474,0.85945046,0,0.6593847870826721
TSBD_Healthy_cb4b1d8b67,1,1,2,0.87127596,0.004699959,0.08356796,0.048145093,7.4021264e-06,0.0111548165,0,0.12024068087339401,0.09720097,0.06492605,3.6424312e-06,0.011675624,0,0.22037452459335327,0.8192311,0.8869289,0.9999889,0.9771695,1,0.6593847870826721
TSBD_Healthy_886fdcfd30,1,1,0,0.87713367,0.0055976426,0.8340776,0.90493643,0.9999845,0.97841144,1,0.12024068087339401,0.08004072,0.04673102,1.1162991e-05,0.011605393,0,0.22037452459335327,0.08588167,0.048332527,4.308858e-06,0.009983157,0,0.6593847870826721
TSBD_Healthy_784f1bc940,1,0,2,0.8699195,0.0049604224,0.08733259,0.056056507,1.4666617e-05,0.013895953,0,0.12024068087339401,0.09429075,0.055608198,1.9453591e-06,0.009495233,0,0.22037452459335327,0.8183766,0.8883353,0.99998343,0.9766089,0,0.6593847870826721
TSBD_Healthy_ba996de886,1,0,2,0.8687813,0.0052051675,0.07691532,0.052848905,1.1008327e-05,0.012227042,0,0.12024068087339401,0.10454283,0.058138717,2.2669399e-06,0.0103599345,0,0.22037452459335327,0.8185419,0.8890123,0.99998677,0.977413,0,0.6593847870826721
TSBD_Healthy_619dcca295,0,0,1,0.20806949,0.20932819,0.070868745,0.038197692,1.8961935e-06,0.010773637,0,0.12024068087339401,0.13996236,0.75487936,0.99489933,0.72931415,0,0.22037452459335327,0.7891689,0.20692293,0.0050987825,0.2599122,0,0.6593847870826721
TSBD_Healthy_e5fac835da,1,0,1,0.79013515,0.014461661,0.073942706,0.070224315,3.8537e-06,0.011471061,0,0.12024068087339401,0.7589014,0.86803234,0.99998915,0.97230005,0,0.22037452459335327,0.1671559,0.06174334,7.0011934e-06,0.016228857,0,0.6593847870826721
TSBD_Healthy_7b8508b66d,1,0,2,0.86660624,0.0050751185,0.080110244,0.04534773,5.4621346e-06,0.010095595,0,0.12024068087339401,0.10594311,0.06962642,4.9043715e-06,0.01321476,0,0.22037452459335327,0.81394655,0.88502586,0.9999896,0.97668964,0,0.6593847870826721
TSBD_Healthy_1bf9b6920f,1,0,2,0.8655381,0.0040960177,0.070712894,0.0373883,2.3349905e-06,0.007513628,0,0.12024068087339401,0.12047798,0.09245216,1.772241e-05,0.020409008,0,0.22037452459335327,0.8088091,0.87015957,0.99997985,0.9720774,0,0.6593847870826721
TSBD_Healthy_c2dd44b1c5,1,0,2,0.7861964,0.013270376,0.16159308,0.06192816,2.5015697e-05,0.02077337,0,0.12024068087339401,0.09304669,0.08788945,2.1498163e-05,0.019447502,0,0.22037452459335327,0.7453602,0.85018235,0.9999535,0.95977914,0,0.6593847870826721
TSBD_Healthy_6941b60386,0,0,1,0.30647153,0.14533713,0.06386247,0.04098492,2.1714277e-06,0.009804901,0,0.12024068087339401,0.24651028,0.7660914,0.99691415,0.79685163,0,0.22037452459335327,0.6896272,0.19292367,0.0030836724,0.19334349,0,0.6593847870826721
TSBD_Healthy_905510a905,1,0,2,0.8280042,0.0073126717,0.08826671,0.03336158,1.5042231e-06,0.0071500326,0,0.12024068087339401,0.11430386,0.14252566,0.00014614203,0.03757368,0,0.22037452459335327,0.7974294,0.82411283,0.9998523,0.9552763,0,0.6593847870826721
TSBD_Healthy_9731a208b9,1,0,1,0.785158,0.01453018,0.090398185,0.07127991,4.1485114e-06,0.012638054,0,0.12024068087339401,0.7467667,0.86675954,0.9999888,0.9711335,0,0.22037452459335327,0.16283512,0.061960593,7.0878204e-06,0.01622845,0,0.6593847870826721
TSBD_Healthy_0dca3c0bc2,1,1,1,0.8094678,0.010977086,0.09022501,0.072741754,4.4479493e-06,0.012842755,0,0.12024068087339401,0.7632265,0.8655574,0.9999888,0.9717851,1,0.22037452459335327,0.14654846,0.061700903,6.7725077e-06,0.01537212,0,0.6593847870826721
TSBD_Healthy_12ac808983,0,0,1,0.29845554,0.13681045,0.20838194,0.092458285,5.843024e-05,0.042923886,0,0.12024068087339401,0.24715841,0.75417006,0.99890566,0.82300466,0,0.22037452459335327,0.54445964,0.1533717,0.0010359556,0.13407148,0,0.6593847870826721
TSBD_Healthy_511fba2ceb,1,0,1,0.6075856,0.014919084,0.06658531,0.034465462,3.093651e-06,0.0075072874,0,0.12024068087339401,0.48957384,0.6574259,0.93916726,0.7102305,0,0.22037452459335327,0.44384086,0.30810863,0.060829684,0.28226218,0,0.6593847870826721
TSBD_Healthy_549679688a,1,0,2,0.86210054,0.005265707,0.070079364,0.042021193,3.8850317e-06,0.008725396,0,0.12024068087339401,0.12237814,0.07642152,7.2012167e-06,0.01570412,0,0.22037452459335327,0.8075425,0.8815573,0.9999889,0.97557044,0,0.6593847870826721
TSBD_Healthy_708f7d8e32,1,0,2,0.8652966,0.005614059,0.073658675,0.049673684,8.194182e-06,0.01105814,0,0.12024068087339401,0.111013964,0.061266813,2.7781045e-06,0.011300012,0,0.22037452459335327,0.8153274,0.8890595,0.99998903,0.9776419,0,0.6593847870826721
TSBD_Healthy_30a7ad7ba3,1,0,2,0.83366585,0.003130124,0.058551878,0.031669416,1.2828654e-06,0.0059243254,0,0.12024068087339401,0.18323644,0.15461628,0.00022523149,0.050678086,0,0.22037452459335327,0.7582117,0.81371427,0.99977344,0.94339764,0,0.6593847870826721
TSBD_Healthy_dad4aa07c4,1,0,2,0.85240054,0.0070432997,0.110847786,0.055509258,1.39994745e-05,0.01498429,0,0.12024068087339401,0.08515667,0.057617076,2.255521e-06,0.009644259,0,0.22037452459335327,0.80399555,0.88687366,0.9999838,0.9753714,0,0.6593847870826721
TSBD_Healthy_8eff6e388b,1,1,2,0.8714145,0.0048349556,0.078876816,0.048634958,7.543181e-06,0.011015019,0,0.12024068087339401,0.10119724,0.062368516,3.0384138e-06,0.01120696,0,0.22037452459335327,0.819926,0.8889965,0.9999895,0.97777796,1,0.6593847870826721
TSBD_Healthy_fec7f36a5c,1,0,2,0.73761207,0.023664441,0.058715794,0.045589488,5.8232613e-06,0.009524986,0,0.12024068087339401,0.21363837,0.06905985,4.8414154e-06,0.017390473,0,0.22037452459335327,0.7276459,0.88535064,0.9999893,0.97308457,0,0.6593847870826721
TSBD_Healthy_1cf19a1878,1,0,2,0.86518556,0.0047239037,0.07251561,0.042243347,4.0834652e-06,0.008936617,0,0.12024068087339401,0.11789607,0.07853124,8.357634e-06,0.01615979,0,0.22037452459335327,0.80958825,0.87922543,0.9999876,0.9749036,0,0.6593847870826721
TSBD_Healthy_0fbc0f2310,1,0,2,0.86717206,0.005197875,0.089256085,0.058068354,1.7501476e-05,0.014753532,0,0.12024068087339401,0.09524329,0.054677375,1.8297092e-06,0.009351186,0,0.22037452459335327,0.81550056,0.8872543,0.9999807,0.9758953,0,0.6593847870826721
TSBD_Healthy_24a6f36a78,1,0,2,0.8694412,0.004964468,0.07882259,0.04809223,7.247898e-06,0.010882915,0,0.12024068087339401,0.10365072,0.064048335,3.4123047e-06,0.0117200585,0,0.22037452459335327,0.8175267,0.88785946,0.9999893,0.977397,0,0.6593847870826721
TSBD_Healthy_7bca399e6d,1,0,2,0.86838484,0.0048060296,0.0736778,0.04345273,4.6411733e-06,0.009306385,0,0.12024068087339401,0.11130419,0.072004914,5.790064e-06,0.014106157,0,0.22037452459335327,0.815018,0.88454235,0.9999895,0.9765875,0,0.6593847870826721
TSBD_Healthy_06733b9af0,1,0,2,0.8652532,0.005645589,0.0730704,0.05001073,8.610608e-06,0.0111685265,0,0.12024068087339401,0.11133288,0.06079622,2.7213398e-06,0.011223294,0,0.22037452459335327,0.8155968,0.88919306,0.9999887,0.9776082,0,0.6593847870826721
TSBD_Healthy_2e5b036845,1,0,1,0.3613608,0.10955622,0.05582542,0.065522894,3.1084608e-06,0.011129857,0,0.12024068087339401,0.48626804,0.8680531,0.9999869,0.95932025,0,0.22037452459335327,0.45790645,0.066424,1.0002991e-05,0.029549936,0,0.6593847870826721
TSBD_Healthy_363f51fde7,1,1,1,0.8349307,0.0073532667,0.10333156,0.07630704,5.1124257e-06,0.014064851,0,0.12024068087339401,0.7788699,0.8656862,0.99998987,0.9729671,1,0.22037452459335327,0.11779853,0.058006845,5.019838e-06,0.012968106,0,0.6593847870826721
TSBD_Healthy_c6ac85b839,1,1,1,0.81382596,0.010846622,0.081499316,0.07330444,4.4294843e-06,0.01238136,0,0.12024068087339401,0.77231556,0.86699533,0.99998975,0.9730159,1,0.22037452459335327,0.14618514,0.05970024,5.770634e-06,0.014602771,0,0.6593847870826721
TSBD_Healthy_ddbacc20a2,1,0,2,0.644195,0.011827793,0.05957403,0.031473104,3.7784375e-06,0.0069827354,0,0.12024068087339401,0.2710472,0.40986317,0.09433699,0.28537112,0,0.22037452459335327,0.6693787,0.55866367,0.90565926,0.7076462,0,0.6593847870826721
TSBD_Healthy_8643328d51,1,0,2,0.8669437,0.0053352583,0.08009035,0.05214276,1.0664866e-05,0.012260896,0,0.12024068087339401,0.10393394,0.059387736,2.5428676e-06,0.010691389,0,0.22037452459335327,0.8159757,0.8884696,0.9999869,0.97704774,0,0.6593847870826721
TSBD_Healthy_006fc27c69,1,0,2,0.7681131,0.0049222596,0.054684516,0.030027384,1.2670332e-06,0.0057676006,0,0.12024068087339401,0.27878454,0.21852736,0.0015813474,0.10368817,0,0.22037452459335327,0.6665309,0.75144523,0.9984174,0.89054424,0,0.6593847870826721
TSBD_Healthy_33406626c7,1,0,2,0.8323116,0.0057994043,0.059780955,0.033425547,1.4464007e-06,0.006240383,0,0.12024068087339401,0.176372,0.11885892,5.793551e-05,0.033738423,0,0.22037452459335327,0.763847,0.84771556,0.99994063,0.9600212,0,0.6593847870826721
TSBD_Healthy_b06da16348,1,0,2,0.8691161,0.005121044,0.08073031,0.053538308,1.1692107e-05,0.0126605565,0,0.12024068087339401,0.101004,0.057616852,2.1762464e-06,0.0101115955,0,0.22037452459335327,0.81826574,0.8888448,0.9999862,0.97722787,0,0.6593847870826721
TSBD_Healthy_06f251fee4,1,0,2,0.8702019,0.0048672063,0.0801549,0.049205597,8.331316e-06,0.011367345,0,0.12024068087339401,0.101674855,0.06303058,3.3074296e-06,0.011480347,0,0.22037452459335327,0.81817025,0.8877638,0.9999883,0.9771523,0,0.6593847870826721
TSBD_Healthy_4ac4f94767,1,0,2,0.8650513,0.005490683,0.091119684,0.055779204,1.4475329e-05,0.014062002,0,0.12024068087339401,0.09523175,0.056273002,2.0168632e-06,0.009666931,0,0.22037452459335327,0.8136485,0.8879477,0.99998355,0.9762711,0,0.6593847870826721
TSBD_Healthy_e7cd92f08f,1,0,2,0.8573477,0.00651447,0.068834536,0.04775231,6.8601594e-06,0.0102702,0,0.12024068087339401,0.12265789,0.064324684,3.4316517e-06,0.012515448,0,0.22037452459335327,0.8085076,0.887923,0.9999896,0.97721434,0,0.6593847870826721
TSBD_Healthy_1597a65755,1,0,2,0.85275495,0.0057731858,0.06631329,0.039157208,2.8543395e-06,0.007840611,0,0.12024068087339401,0.13812217,0.085961305,1.2279868e-05,0.019332612,0,0.22037452459335327,0.79556453,0.8748815,0.99998486,0.97282684,0,0.6593847870826721
TSBD_Healthy_a8ea0e137d,1,0,2,0.82598835,0.0043769004,0.062990926,0.03363782,1.6348166e-06,0.006578018,0,0.12024068087339401,0.18738608,0.14569244,0.00016489545,0.046884354,0,0.22037452459335327,0.749623,0.8206698,0.99983346,0.94653755,0,0.6593847870826721
TSBD_Healthy_fafc24f635,1,0,2,0.8607754,0.0048702005,0.07386601,0.04046515,3.4273942e-06,0.008543786,0,0.12024068087339401,0.12210546,0.08514111,1.2436524e-05,0.018423628,0,0.22037452459335327,0.8040286,0.8743937,0.99998415,0.97303253,0,0.6593847870826721
TSBD_Healthy_7c877797f5,1,0,2,0.86289376,0.0052956613,0.0740332,0.043691736,4.66526e-06,0.009380641,0,0.12024068087339401,0.11694282,0.07340567,6.1132514e-06,0.014675807,0,0.22037452459335327,0.809024,0.88290256,0.9999893,0.9759435,0,0.6593847870826721
TSBD_Healthy_d249c82c7a,1,0,2,0.8577112,0.004891446,0.081097424,0.037005287,2.1475926e-06,0.007737338,0,0.12024068087339401,0.11265216,0.09991359,2.4946712e-05,0.022165243,0,0.22037452459335327,0.8062504,0.8630812,0.99997294,0.9700974,0,0.6593847870826721
TSBD_Healthy_1dafd9bcec,1,0,2,0.8429668,0.004413549,0.061578505,0.033552013,1.4776878e-06,0.006320404,0,0.12024068087339401,0.16382627,0.121711425,6.563513e-05,0.033948094,0,0.22037452459335327,0.7745952,0.84473664,0.9999329,0.9597315,0,0.6593847870826721
TSBD_Healthy_727f8ba7d1,1,0,2,0.86692363,0.005245706,0.07971378,0.050216775,8.928235e-06,0.011623014,0,0.12024068087339401,0.10506973,0.06214024,3.0503911e-06,0.011367191,0,0.22037452459335327,0.8152165,0.887643,0.99998796,0.9770098,0,0.6593847870826721
TSBD_Healthy_578fae46e9,1,0,2,0.8422748,0.00859132,0.06520558,0.04837588,7.327107e-06,0.010309043,0,0.12024068087339401,0.13600202,0.063333146,3.2462347e-06,0.012790871,0,0.22037452459335327,0.79879236,0.888291,0.9999895,0.9769001,0,0.6593847870826721
TSBD_Healthy_d1980c5cf7,1,0,2,0.8641127,0.005778795,0.07505635,0.05154566,9.886912e-06,0.011751404,0,0.12024068087339401,0.11026257,0.05941109,2.4745843e-06,0.010864158,0,0.22037452459335327,0.81468105,0.8890433,0.9999876,0.9773844,0,0.6593847870826721
TSBD_Healthy_5f95d3f8a2,1,0,2,0.8608617,0.0059192237,0.102386564,0.05833712,1.787996e-05,0.015609712,0,0.12024068087339401,0.08802331,0.054594357,1.8228811e-06,0.009102033,0,0.22037452459335327,0.80959016,0.8870685,0.99998033,0.97528833,0,0.6593847870826721
TSBD_Healthy_ef7cbd4127,1,0,1,0.5948398,0.027417336,0.061039284,0.03720578,2.236028e-06,0.0075097685,0,0.12024068087339401,0.50407624,0.7300919,0.9896243,0.8081294,0,0.22037452459335327,0.43488452,0.23270229,0.010373399,0.18436082,0,0.6593847870826721
TSBD_Healthy_63b700da46,1,0,1,0.7745108,0.010660054,0.07258877,0.0427434,1.3713521e-06,0.007504747,0,0.12024068087339401,0.6989884,0.82297486,0.9995809,0.9336042,0,0.22037452459335327,0.22842282,0.13428178,0.00041769687,0.058891077,0,0.6593847870826721
TSBD_Healthy_076f98de26,0,0,1,0.2007223,0.21430603,0.056642696,0.052505463,1.8286286e-06,0.011016964,0,0.12024068087339401,0.25720468,0.8566979,0.99994683,0.92323005,0,0.22037452459335327,0.68615264,0.09079656,5.1340776e-05,0.06575297,0,0.6593847870826721
TSBD_Healthy_e3f6aa3d79,1,0,2,0.8690589,0.0050102305,0.085738026,0.050840553,9.436157e-06,0.012111868,0,0.12024068087339401,0.09701889,0.061349526,2.869988e-06,0.010847694,0,0.22037452459335327,0.8172431,0.88780993,0.9999877,0.97704047,0,0.6593847870826721
TSBD_Healthy_da00d5de9a,1,0,2,0.8681233,0.005094598,0.07850281,0.050541777,9.021468e-06,0.011615217,0,0.12024068087339401,0.10520257,0.061988518,2.9706068e-06,0.011296335,0,0.22037452459335327,0.81629467,0.88746965,0.99998796,0.9770884,0,0.6593847870826721
TSBD_Healthy_1fc6860580,0,0,1,0.17966323,0.23180306,0.059514686,0.059373103,2.496e-06,0.0128817195,0,0.12024068087339401,0.24778974,0.8634978,0.9999758,0.9344064,0,0.22037452459335327,0.6926956,0.077129126,2.1671887e-05,0.052711897,0,0.6593847870826721
TSBD_Healthy_93437b01b9,1,0,2,0.86552227,0.005431204,0.07377365,0.047898117,7.0510887e-06,0.010570787,0,0.12024068087339401,0.11199927,0.06439707,3.4691207e-06,0.012128474,0,0.22037452459335327,0.8142271,0.8877048,0.9999895,0.9773007,0,0.6593847870826721
TSBD_Healthy_d7b2fef984,1,0,2,0.84638834,0.00774552,0.06521338,0.0452247,5.4025454e-06,0.00941587,0,0.12024068087339401,0.13606773,0.068444185,4.4419407e-06,0.014113484,0,0.22037452459335327,0.79871887,0.8863312,0.9999902,0.97647065,0,0.6593847870826721
TSBD_Healthy_6499b6d7a1,1,0,2,0.867985,0.0052326964,0.07726609,0.050485868,9.106615e-06,0.011559617,0,0.12024068087339401,0.1057126,0.060806282,2.7530202e-06,0.011041614,0,0.22037452459335327,0.81702125,0.8887079,0.9999882,0.97739875,0,0.6593847870826721
TSBD_Healthy_b2c3637e41,1,0,2,0.86567837,0.005417753,0.0844134,0.05381462,1.2021319e-05,0.012982265,0,0.12024068087339401,0.10124679,0.058358658,2.3659375e-06,0.0103667425,0,0.22037452459335327,0.8143398,0.88782674,0.9999856,0.976651,0,0.6593847870826721
TSBD_Healthy_ca0105e4b8,1,1,2,0.8708825,0.004899704,0.08787419,0.053920705,1.2137403e-05,0.013172502,0,0.12024068087339401,0.09266705,0.057049803,2.1195854e-06,0.009709348,0,0.22037452459335327,0.8194587,0.88902956,0.9999857,0.97711813,1,0.6593847870826721
TSBD_Healthy_efb3b53d28,0,0,1,0.1592833,0.2517069,0.08998527,0.05170536,3.0533342e-06,0.016180443,0,0.12024068087339401,0.15121654,0.8181359,0.9996716,0.8522899,0,0.22037452459335327,0.7587982,0.13015866,0.00032539328,0.13152958,0,0.6593847870826721
TSBD_Healthy_b6298539e0,1,0,2,0.86963546,0.005053536,0.082939886,0.05387725,1.205596e-05,0.012892917,0,0.12024068087339401,0.09850708,0.057197195,2.1313097e-06,0.00994656,0,0.22037452459335327,0.818553,0.88892555,0.9999858,0.9771605,0,0.6593847870826721
TSBD_Healthy_32b15941da,1,1,1,0.81918144,0.009692758,0.09155008,0.07335589,4.4955996e-06,0.01294718,0,0.12024068087339401,0.7704096,0.8661907,0.9999894,0.9724542,1,0.22037452459335327,0.13804032,0.060453374,6.1715778e-06,0.014598628,0,0.6593847870826721
TSBD_Healthy_0d4ffdc7b0,0,0,1,0.4197739,0.08856635,0.057287086,0.039736036,1.4619267e-06,0.0077740503,0,0.12024068087339401,0.3931476,0.7924034,0.9985233,0.86139333,0,0.22037452459335327,0.5495653,0.16786057,0.001475246,0.13083264,0,0.6593847870826721
TSBD_Healthy_b36f28e306,1,0,2,0.86821395,0.0051108985,0.090317585,0.05418199,1.2614145e-05,0.013449241,0,0.12024068087339401,0.09323627,0.057942946,2.3100079e-06,0.009981573,0,0.22037452459335327,0.81644607,0.8878751,0.9999851,0.9765691,0,0.6593847870826721
TSBD_Healthy_68a56d28bf,0,0,1,0.37947258,0.067064986,0.122228265,0.045008264,2.1673985e-05,0.015518377,0,0.12024068087339401,0.18931252,0.53020364,0.57245225,0.4204619,0,0.22037452459335327,0.68845916,0.42478815,0.4275261,0.56401974,0,0.6593847870826721
TSBD_Healthy_b7798ab5f8,1,1,2,0.87086767,0.0044283755,0.07669606,0.041473154,3.587559e-06,0.008775608,0,0.12024068087339401,0.105281375,0.07634059,7.2215203e-06,0.014840227,0,0.22037452459335327,0.81802255,0.8821863,0.99998915,0.97638416,1,0.6593847870826721
TSBD_Healthy_2a0f79d223,1,0,2,0.8672442,0.005078193,0.072998896,0.044522937,5.0455565e-06,0.009534649,0,0.12024068087339401,0.11233119,0.06922889,4.745705e-06,0.013358687,0,0.22037452459335327,0.8146699,0.88624823,0.9999902,0.97710663,0,0.6593847870826721
TSBD_Healthy_8fc6471a64,1,0,2,0.86396974,0.0054994933,0.08643319,0.047354214,6.88036e-06,0.011071533,0,0.12024068087339401,0.10116692,0.06651372,4.118655e-06,0.012301569,0,0.22037452459335327,0.8124,0.88613206,0.9999889,0.97662693,0,0.6593847870826721
TSBD_Healthy_78bf1afa4b,0,0,1,0.222248,0.19518593,0.057049554,0.062963754,2.7667406e-06,0.012369703,0,0.12024068087339401,0.3150275,0.86691684,0.99998426,0.9466664,0,0.22037452459335327,0.6279229,0.07011942,1.3004698e-05,0.04096387,0,0.6593847870826721
TSBD_Healthy_d63c012f3e,1,0,2,0.8300804,0.0053227777,0.082402244,0.044283275,5.7761576e-06,0.010482622,0,0.12024068087339401,0.15805416,0.118044645,7.101473e-05,0.033808667,0,0.22037452459335327,0.75954366,0.83767205,0.9999232,0.95570874,0,0.6593847870826721
TSBD_Healthy_05ab09d318,1,0,2,0.8646899,0.0048546866,0.074756,0.043232683,4.414834e-06,0.009268656,0,0.12024068087339401,0.115691595,0.076714456,7.681668e-06,0.015616497,0,0.22037452459335327,0.80955243,0.8800529,0.99998796,0.9751149,0,0.6593847870826721
TSBD_Healthy_18405215f8,1,1,2,0.8720136,0.004773545,0.08472825,0.0562745,1.4675798e-05,0.01376269,0,0.12024068087339401,0.09448415,0.054916218,1.7846431e-06,0.009278638,0,0.22037452459335327,0.8207876,0.8888093,0.99998355,0.97695863,1,0.6593847870826721
TSBD_Healthy_fe721e6a35,1,0,2,0.8537971,0.0044914996,0.076281816,0.03396697,1.7059732e-06,0.006970105,0,0.12024068087339401,0.112588674,0.12652782,8.3116414e-05,0.031402647,0,0.22037452459335327,0.8111295,0.8395052,0.99991524,0.96162724,0,0.6593847870826721
TSBD_Healthy_8a0b6768d9,1,0,2,0.86259705,0.0045383647,0.06556564,0.03764492,2.4019541e-06,0.00738769,0,0.12024068087339401,0.12977523,0.088902675,1.4690674e-05,0.019839384,0,0.22037452459335327,0.80465907,0.8734524,0.99998295,0.97277296,0,0.6593847870826721
TSBD_Healthy_fdb9e6ae23,1,1,2,0.8708942,0.004947628,0.0814724,0.055523038,1.4114579e-05,0.01339125,0,0.12024068087339401,0.09824965,0.05544663,1.8870048e-06,0.0095551,0,0.22037452459335327,0.820278,0.8890303,0.999984,0.9770537,1,0.6593847870826721
TSBD_Healthy_4c66cb7f58,1,0,2,0.8695675,0.004347189,0.070941046,0.03993705,3.1386817e-06,0.008186273,0,0.12024068087339401,0.11416233,0.07988242,8.903882e-06,0.016272541,0,0.22037452459335327,0.8148966,0.88018054,0.99998796,0.9755412,0,0.6593847870826721
TSBD_Healthy_f5058ddf56,0,0,1,0.3690577,0.08236584,0.06590248,0.03240387,4.864946e-06,0.00805577,0,0.12024068087339401,0.1698111,0.5520901,0.61863893,0.42168424,0,0.22037452459335327,0.76428646,0.415506,0.38135618,0.57026005,0,0.6593847870826721
TSBD_Healthy_69e2554f5f,1,0,2,0.85404795,0.0030162076,0.06437604,0.03164701,1.1524577e-06,0.005913741,0,0.12024068087339401,0.1386193,0.13804907,0.0001201322,0.03801189,0,0.22037452459335327,0.79700464,0.83030385,0.99987864,0.9560744,0,0.6593847870826721
TSBD_Healthy_d4f8817d0f,1,0,2,0.8583942,0.0050848005,0.070968024,0.04008433,3.208649e-06,0.008289686,0,0.12024068087339401,0.12804574,0.085720845,1.2528498e-05,0.01884125,0,0.22037452459335327,0.80098623,0.8741948,0.99998426,0.9728691,0,0.6593847870826721
TSBD_Healthy_75d585858d,1,0,1,0.4778459,0.07519813,0.05602848,0.062758654,2.7188094e-06,0.010122563,0,0.12024068087339401,0.5653857,0.86833596,0.99998534,0.9621607,0,0.22037452459335327,0.3785859,0.068905406,1.1974449e-05,0.027716693,0,0.6593847870826721
TSBD_Healthy_cb3a9d790a,1,0,2,0.8466869,0.0040882067,0.06899857,0.03158018,1.2176382e-06,0.00611353,0,0.12024068087339401,0.12635973,0.14965734,0.00018812536,0.04169698,0,0.22037452459335327,0.80464166,0.8187625,0.99981076,0.95218956,0,0.6593847870826721
TSBD_Healthy_2c254df731,0,0,1,0.29910538,0.14614558,0.092783764,0.048465103,9.096044e-06,0.015893018,0,0.12024068087339401,0.16915666,0.68781316,0.98020077,0.65675485,0,0.22037452459335327,0.7380596,0.26372173,0.019790206,0.3273521,0,0.6593847870826721
TSBD_Healthy_4e4bdff12a,1,0,1,0.4416612,0.07889198,0.066679694,0.049421284,1.7783543e-06,0.009145039,0,0.12024068087339401,0.49393263,0.84507513,0.99988866,0.9341137,0,0.22037452459335327,0.43938762,0.10550356,0.00010953345,0.05674127,0,0.6593847870826721
TSBD_WSSV_ffd2411af1,1,0,2,0.6426929,0.015488263,0.061171547,0.03618938,6.3505395e-06,0.00833902,0,0.12024068087339401,0.23725034,0.3976684,0.08895211,0.2659729,0,0.22037452459335327,0.7015781,0.56614226,0.9110416,0.7256881,0,0.6593847870826721
TSBD_WSSV_c6b9dfd6bd,1,0,2,0.63807887,0.032818045,0.07452138,0.03700938,5.0196195e-06,0.00890169,0,0.12024068087339401,0.12074117,0.32689708,0.021627584,0.14977373,0,0.22037452459335327,0.80473745,0.6360935,0.9783674,0.84132457,0,0.6593847870826721
TSBD_WSSV_258e8224d8,1,0,1,0.70546293,0.02846735,0.06358206,0.0731624,4.4567855e-06,0.011638346,0,0.12024068087339401,0.7154616,0.8671714,0.99998975,0.9710505,0,0.22037452459335327,0.22095633,0.05966614,5.8043793e-06,0.017311161,0,0.6593847870826721
TSBD_WSSV_7759b4323e,1,0,1,0.8006326,0.010065448,0.11254503,0.13791858,5.405573e-05,0.030840935,0,0.12024068087339401,0.76758724,0.8177557,0.99994445,0.95992047,0,0.22037452459335327,0.119867764,0.044325706,1.5014449e-06,0.009238632,0,0.6593847870826721
TSBD_WSSV_20ac0fab2b,1,1,0,0.8767763,0.005529798,0.83350956,0.90324,0.9999627,0.9757698,1,0.12024068087339401,0.089856155,0.05707589,3.517789e-05,0.016608095,0,0.22037452459335327,0.07663433,0.03968397,2.1435499e-06,0.0076220576,0,0.6593847870826721
TSBD_WSSV_73ccea8db5,1,0,0,0.6217077,0.045123115,0.6581895,0.90025765,0.999943,0.9639238,0,0.12024068087339401,0.18172805,0.06178488,5.503881e-05,0.025881425,0,0.22037452459335327,0.16008247,0.037957426,1.9501938e-06,0.010194814,0,0.6593847870826721
TSBD_WSSV_2ca61b4065,1,0,1,0.7911749,0.0031015165,0.21827666,0.21720725,0.00045043454,0.0748381,0,0.12024068087339401,0.7079944,0.74460024,0.9995486,0.9183053,0,0.22037452459335327,0.07372896,0.038192526,9.704266e-07,0.006856565,0,0.6593847870826721
TSBD_WSSV_0168d43459,1,1,0,0.87388426,0.0057657203,0.8301458,0.90221,0.9999541,0.9746006,1,0.12024068087339401,0.09626498,0.059381932,4.4028347e-05,0.018127717,0,0.22037452459335327,0.07358928,0.038408045,1.950247e-06,0.0072716214,0,0.6593847870826721
TSBD_WSSV_a270f6228b,1,1,0,0.8375268,0.01125371,0.8126945,0.90537626,0.9999728,0.97677326,1,0.12024068087339401,0.0706196,0.053436127,2.4816034e-05,0.0139426235,0,0.22037452459335327,0.11668595,0.041187644,2.4234525e-06,0.009284044,0,0.6593847870826721
TSBD_WSSV_3868efcb84,1,0,0,0.72090006,0.027279245,0.718874,0.8993648,0.99995637,0.96776843,0,0.12024068087339401,0.15969428,0.059061658,4.1043837e-05,0.022261996,0,0.22037452459335327,0.12143173,0.041573517,2.63074e-06,0.009969533,0,0.6593847870826721
TSBD_WSSV_98510bdd07,1,0,0,0.7884465,0.012659895,0.74041677,0.8540619,0.9984206,0.931661,0,0.12024068087339401,0.16554552,0.11500327,0.0015781511,0.061585546,0,0.22037452459335327,0.09403767,0.030934814,1.2920926e-06,0.0067534233,0,0.6593847870826721
TSBD_WSSV_365b81a0b8,1,0,0,0.6665502,0.035907418,0.67938954,0.8939525,0.99989235,0.9597618,0,0.12024068087339401,0.1906929,0.06962799,0.00010597712,0.031278934,0,0.22037452459335327,0.12991755,0.036419578,1.71884e-06,0.00895924,0,0.6593847870826721
TSBD_WSSV_4c515e509e,1,0,0,0.60462177,0.043013677,0.6073083,0.8612279,0.9989322,0.91996497,0,0.12024068087339401,0.32247955,0.10722862,0.0010664242,0.073463105,0,0.22037452459335327,0.070212066,0.03154344,1.381469e-06,0.006571872,0,0.6593847870826721
TSBD_WSSV_d5dc5a32b7,0,0,0,0.27093613,0.1452186,0.19881491,0.70849645,0.8562834,0.5965406,0,0.12024068087339401,0.59840906,0.26018676,0.14371315,0.39114186,0,0.22037452459335327,0.20277603,0.03131677,3.4658647e-06,0.012317573,0,0.6593847870826721
TSBD_WSSV_84d358870a,1,0,0,0.79888165,0.005931466,0.7826467,0.76397324,0.96011543,0.8532895,0,0.12024068087339401,0.14983934,0.20585294,0.039882317,0.14035384,0,0.22037452459335327,0.06751402,0.030173829,2.3069802e-06,0.0063566593,0,0.6593847870826721
TSBD_WSSV_b95089e484,1,0,0,0.39114913,0.10457634,0.5366928,0.9029239,0.99997425,0.9668329,0,0.12024068087339401,0.069103576,0.053148415,2.2692964e-05,0.015537479,0,0.22037452459335327,0.39420357,0.043927677,3.111788e-06,0.017629625,0,0.6593847870826721
TSBD_WSSV_ef2d938994,1,1,0,0.85309607,0.008445967,0.81365395,0.9035016,0.99996746,0.97496927,1,0.12024068087339401,0.105060704,0.055590566,3.0195579e-05,0.016940065,0,0.22037452459335327,0.08128525,0.04090779,2.3442053e-06,0.00809073,0,0.6593847870826721
TSBD_WSSV_32049c3ecf,0,0,0,0.19019343,0.21891147,0.30234638,0.8844982,0.9999292,0.94398415,0,0.12024068087339401,0.07769736,0.066398464,6.515312e-05,0.026618341,0,0.22037452459335327,0.61995625,0.049103335,5.572079e-06,0.029397503,0,0.6593847870826721
TSBD_WSSV_8b8160f809,1,0,0,0.641578,0.014578825,0.77444166,0.66632533,0.68502045,0.7354548,0,0.12024068087339401,0.16637066,0.3034948,0.31497592,0.25799468,0,0.22037452459335327,0.05918766,0.030179836,3.6521299e-06,0.0065504806,0,0.6593847870826721
TSBD_WSSV_cdf58b2135,1,0,1,0.7184395,0.023974713,0.100522265,0.109060585,2.0089123e-05,0.022297453,0,0.12024068087339401,0.712175,0.84107643,0.99997747,0.96493983,0,0.22037452459335327,0.18730271,0.049863003,2.4163605e-06,0.012762735,0,0.6593847870826721
TSBD_WSSV_aa863186fe,0,0,1,0.10190589,0.29346988,0.21654123,0.41431573,0.024988413,0.36471987,0,0.12024068087339401,0.0786048,0.54517716,0.975008,0.6023156,0,0.22037452459335327,0.7048539,0.04050713,3.5747764e-06,0.03296454,0,0.6593847870826721
TSBD_WSSV_dfb2880295,0,0,1,0.29228833,0.14286014,0.056388613,0.08960433,9.144482e-06,0.016680194,0,0.12024068087339401,0.43616807,0.8568796,0.99998736,0.95983315,0,0.22037452459335327,0.5074433,0.053516086,3.4519912e-06,0.023486676,0,0.6593847870826721
TSBD_WSSV_baaf0baf99,1,1,0,0.8767122,0.005409385,0.8321941,0.90230083,0.99995506,0.9747025,1,0.12024068087339401,0.09911104,0.05931615,4.307353e-05,0.018209662,0,0.22037452459335327,0.06869492,0.038382944,1.9462393e-06,0.0070878477,0,0.6593847870826721
TSBD_WSSV_24404c91af,1,0,1,0.7608019,0.013651459,0.15097736,0.14515473,6.766617e-05,0.03739023,0,0.12024068087339401,0.71383536,0.81062824,0.99993074,0.9527169,0,0.22037452459335327,0.13518727,0.044217076,1.5441863e-06,0.0098929,0,0.6593847870826721
TSBD_WSSV_b7563199e4,1,1,1,0.8252664,0.008912476,0.09109279,0.0782803,5.518579e-06,0.01384198,0,0.12024068087339401,0.777165,0.8643439,0.99998975,0.9728761,1,0.22037452459335327,0.13174221,0.057375807,4.734781e-06,0.013281941,0,0.6593847870826721
TSBD_WSSV_11a594f754,1,1,1,0.84940165,0.005603291,0.099591106,0.07409182,4.543713e-06,0.013314208,0,0.12024068087339401,0.7909502,0.86669034,0.99999,0.97375447,1,0.22037452459335327,0.10945873,0.059217874,5.5106498e-06,0.012931275,0,0.6593847870826721
TSBD_WSSV_fc31d39bad,1,1,1,0.8180953,0.009793794,0.09278304,0.08611105,7.829119e-06,0.015639076,0,0.12024068087339401,0.7744219,0.8600169,0.9999887,0.972182,1,0.22037452459335327,0.13279513,0.053872038,3.4396826e-06,0.012178935,0,0.6593847870826721
TSBD_WSSV_d6cd79daa1,0,0,1,0.15595655,0.2520095,0.7655875,0.1944756,0.00025966897,0.17293945,0,0.12024068087339401,0.097371876,0.76569545,0.9997392,0.811665,0,0.22037452459335327,0.13704062,0.039828938,1.0445617e-06,0.0153955715,0,0.6593847870826721
TSBD_WSSV_02f81ef95e,1,0,1,0.7635888,0.018091332,0.08682197,0.08169145,6.443017e-06,0.014541104,0,0.12024068087339401,0.74091226,0.8628905,0.9999895,0.9713531,0,0.22037452459335327,0.17226578,0.05541807,3.995017e-06,0.014105749,0,0.6593847870826721
TSBD_WSSV_3b11acaec9,1,0,1,0.7650262,0.01336742,0.13724093,0.14952545,7.611608e-05,0.03739609,0,0.12024068087339401,0.7260838,0.80571955,0.9999223,0.95260125,0,0.22037452459335327,0.13667528,0.044755,1.5841002e-06,0.010002683,0,0.6593847870826721
TSBD_WSSV_c286bccb7a,1,0,1,0.68496084,0.031824686,0.06804941,0.08413554,7.311736e-06,0.014113357,0,0.12024068087339401,0.7060281,0.86021274,0.99998856,0.9699652,0,0.22037452459335327,0.22592245,0.05565172,4.1463272e-06,0.015921386,0,0.6593847870826721
TSBD_WSSV_6aa52b5d04,1,1,1,0.8148802,0.008870443,0.13486746,0.09206517,9.992533e-06,0.019451594,0,0.12024068087339401,0.7550946,0.85572314,0.999987,0.96952504,1,0.22037452459335327,0.110037945,0.052211605,2.9877076e-06,0.011023316,0,0.6593847870826721
TSBD_WSSV_78ac1c210b,1,1,1,0.8236537,0.008179925,0.12754548,0.08295023,6.8737763e-06,0.016799496,0,0.12024068087339401,0.763953,0.86143416,0.99998903,0.9712451,1,0.22037452459335327,0.10850151,0.055615604,4.093359e-06,0.011955386,0,0.6593847870826721
TSBD_WSSV_f4df9efeef,1,0,1,0.78645885,0.012613629,0.11084413,0.11752302,2.751453e-05,0.025022961,0,0.12024068087339401,0.75037616,0.83430046,0.99997044,0.9641881,0,0.22037452459335327,0.13877974,0.048176512,2.0574682e-06,0.010788927,0,0.6593847870826721
TSBD_WSSV_e332624690,1,0,1,0.742506,0.021504944,0.07967308,0.09536429,1.1903943e-05,0.017187782,0,0.12024068087339401,0.7382282,0.85252136,0.9999851,0.9695759,0,0.22037452459335327,0.18209869,0.05211433,2.9555988e-06,0.013236285,0,0.6593847870826721
TSBD_WSSV_de8ce5aa48,0,0,1,0.18351357,0.22275497,0.107562795,0.09478205,1.12236385e-05,0.02611112,0,0.12024068087339401,0.2692623,0.853544,0.9999858,0.94580656,0,0.22037452459335327,0.62317485,0.051673945,2.9226999e-06,0.028082317,0,0.6593847870826721
TSBD_WSSV_2847167d0b,1,1,1,0.8203205,0.008126476,0.11401007,0.10885035,2.0023468e-05,0.02266773,0,0.12024068087339401,0.77015954,0.8432672,0.99997795,0.9673471,1,0.22037452459335327,0.11583039,0.047882453,2.0498087e-06,0.009985198,0,0.6593847870826721
TSBD_WSSV_ea8e971d58,1,0,1,0.45585713,0.06704812,0.40955862,0.1568827,9.264523e-05,0.066786274,0,0.12024068087339401,0.4523412,0.80063283,0.99990606,0.92247224,0,0.22037452459335327,0.13810022,0.042484503,1.263162e-06,0.010741549,0,0.6593847870826721
TSBD_WSSV_2cd19b2879,1,0,2,0.8677002,0.0049679666,0.09748262,0.060260896,2.0614794e-05,0.015990397,0,0.12024068087339401,0.08776478,0.05412562,1.8018039e-06,0.009020235,0,0.22037452459335327,0.8147526,0.88561356,0.9999776,0.9749894,0,0.6593847870826721
TSBD_WSSV_f00fa9ceb8,1,0,2,0.78337324,0.016529115,0.1668918,0.061828203,2.3475535e-05,0.020493947,0,0.12024068087339401,0.078267366,0.051767755,1.4617684e-06,0.00833052,0,0.22037452459335327,0.75484085,0.88640404,0.9999751,0.97117555,0,0.6593847870826721
TSBD_WSSV_6678622b35,1,0,2,0.8707068,0.0049190056,0.08516055,0.055212542,1.3304004e-05,0.0134125175,0,0.12024068087339401,0.09540175,0.055929486,1.9252188e-06,0.009536575,0,0.22037452459335327,0.81943774,0.888858,0.99998474,0.97705096,0,0.6593847870826721
TSBD_WSSV_9ce26c2bf9,0,0,1,0.20504998,0.20722735,0.66302055,0.09015837,1.6054386e-05,0.05302301,0,0.12024068087339401,0.23971653,0.82042044,0.9999298,0.9125635,0,0.22037452459335327,0.09726288,0.089421146,5.4163356e-05,0.03441352,0,0.6593847870826721
TSBD_WSSV_3319ef6f32,1,0,2,0.85315806,0.0067693265,0.11108945,0.058316052,1.7295877e-05,0.015999798,0,0.12024068087339401,0.08597763,0.05612964,2.084697e-06,0.009417078,0,0.22037452459335327,0.8029329,0.8855543,0.9999807,0.9745831,0,0.6593847870826721
TSBD_WSSV_1bb255e74b,1,0,1,0.34741953,0.114814825,0.05691763,0.07212447,4.2460565e-06,0.012529996,0,0.12024068087339401,0.4811459,0.86608326,0.9999889,0.9606782,0,0.22037452459335327,0.4619365,0.06179223,6.886262e-06,0.026791738,0,0.6593847870826721
TSBD_WSSV_d45bc108bb,1,1,1,0.8495131,0.005488267,0.10959747,0.07317762,4.3688337e-06,0.013590954,0,0.12024068087339401,0.78899735,0.86718065,0.99998987,0.97364676,1,0.22037452459335327,0.10140517,0.05964173,5.789868e-06,0.012762297,0,0.6593847870826721
TSBD_WSSV_319f7dd222,0,0,1,0.18027377,0.233738,0.7709316,0.14203244,6.0587972e-05,0.09850839,0,0.12024068087339401,0.17125535,0.8147625,0.99993813,0.89063543,0,0.22037452459335327,0.057812978,0.043205094,1.3336734e-06,0.010856141,0,0.6593847870826721
TSBD_WSSV_72962540b9,0,0,0,0.27549726,0.15820515,0.37263048,0.88344556,0.99996793,0.94474363,0,0.12024068087339401,0.067175455,0.03870372,3.295574e-06,0.010166864,0,0.22037452459335327,0.560194,0.07785068,2.8675006e-05,0.04508952,0,0.6593847870826721
TSBD_WSSV_cbc299712b,1,1,1,0.8304691,0.0076273456,0.14366646,0.078406,5.5860974e-06,0.016317157,0,0.12024068087339401,0.77135164,0.86491364,0.99998987,0.9724481,1,0.22037452459335327,0.08498191,0.05668035,4.495851e-06,0.011234727,0,0.6593847870826721
TSBD_WSSV_4852ce6b3e,1,0,1,0.76502633,0.018407559,0.07227586,0.077606395,5.4460197e-06,0.012836781,0,0.12024068087339401,0.7484701,0.8644606,0.9999895,0.9719286,0,0.22037452459335327,0.17925394,0.057933036,5.05028e-06,0.0152346585,0,0.6593847870826721
TSBD_WSSV_51c0f376ed,0,0,1,0.16094792,0.24952555,0.0555074,0.06639633,3.225633e-06,0.014227586,0,0.12024068087339401,0.2365237,0.86576396,0.9999858,0.94103384,0,0.22037452459335327,0.70796895,0.06783972,1.097605e-05,0.044738613,0,0.6593847870826721
TSBD_WSSV_27c4e89064,1,0,1,0.41225502,0.09295477,0.058376666,0.06399584,2.8050279e-06,0.010723536,0,0.12024068087339401,0.51866376,0.8669881,0.99998534,0.9596506,0,0.22037452459335327,0.42295957,0.069016,1.1904208e-05,0.029625833,0,0.6593847870826721
TSBD_WSSV_d31ea8472c,0,0,1,0.33573246,0.12441787,0.08102097,0.061317205,4.4838675e-06,0.014176169,0,0.12024068087339401,0.36617312,0.82445914,0.999811,0.9085672,0,0.22037452459335327,0.5528059,0.11422361,0.00018458194,0.07725659,0,0.6593847870826721
TSBD_WSSV_6fd089aca1,1,0,2,0.695261,0.0054767504,0.055035498,0.03239661,3.0854117e-06,0.0067426655,0,0.12024068087339401,0.28330562,0.37327394,0.046426885,0.24607933,0,0.22037452459335327,0.6616589,0.5943294,0.95357,0.747178,0,0.6593847870826721
TSBD_WSSV_7131cb4d1e,0,0,1,0.09504865,0.33207178,0.08952323,0.09754828,1.311919e-05,0.03201351,0,0.12024068087339401,0.13553181,0.8490104,0.99998343,0.928217,0,0.22037452459335327,0.77494496,0.053441357,3.4409045e-06,0.039769486,0,0.6593847870826721
TSBD_WSSV_d1629a0715,1,1,1,0.8515648,0.0052538496,0.10624586,0.07425956,4.564752e-06,0.013642721,0,0.12024068087339401,0.7913335,0.8668267,0.99999,0.9737877,1,0.22037452459335327,0.10242061,0.058913723,5.4397938e-06,0.012569534,0,0.6593847870826721
TSBD_WSSV_8ecaf0ac01,1,1,1,0.81195766,0.010220449,0.10776219,0.08165241,6.3841576e-06,0.015510257,0,0.12024068087339401,0.7614155,0.8624954,0.9999894,0.971642,1,0.22037452459335327,0.13082235,0.05585213,4.16723e-06,0.012847693,0,0.6593847870826721
TSBD_WSSV_af3c48a08c,1,0,2,0.8512996,0.0071472577,0.11601749,0.059227888,1.8883868e-05,0.016640855,0,0.12024068087339401,0.081427544,0.053898416,1.7229734e-06,0.008729156,0,0.22037452459335327,0.8025549,0.88687366,0.9999795,0.97463,0,0.6593847870826721
TSBD_WSSV_3dae79f506,0,0,1,0.1432611,0.23765793,0.096479096,0.38270018,0.097370304,0.29080862,0,0.12024068087339401,0.09850479,0.47118318,0.89879584,0.5017202,0,0.22037452459335327,0.80501616,0.1461166,0.0038338637,0.20747112,0,0.6593847870826721
TSBD_WSSV_80515fe4b2,1,0,2,0.83501333,0.009196901,0.064553194,0.04821633,7.124667e-06,0.010241157,0,0.12024068087339401,0.14456265,0.06696258,4.0629175e-06,0.01407017,0,0.22037452459335327,0.7908842,0.8848212,0.9999888,0.97568864,0,0.6593847870826721
TSBD_WSSV_aee31f5ae6,1,0,2,0.84699416,0.00514677,0.11199762,0.10255979,0.0002705724,0.0359742,0,0.12024068087339401,0.09647449,0.046307173,1.4171972e-06,0.008351105,0,0.22037452459335327,0.7915279,0.85113305,0.999728,0.95567465,0,0.6593847870826721
TSBD_WSSV_0ef579b068,1,0,2,0.76851785,0.015192059,0.20361774,0.09341005,0.00016786378,0.03970627,0,0.12024068087339401,0.07853787,0.04962772,1.6781366e-06,0.008519697,0,0.22037452459335327,0.7178444,0.85696226,0.9998305,0.951774,0,0.6593847870826721
TSBD_WSSV_f70db8236e,1,0,2,0.83162814,0.000556028,0.14467548,0.12946548,0.0008236904,0.05563986,0,0.12024068087339401,0.091657154,0.10824853,0.00010835454,0.029163748,0,0.22037452459335327,0.7636673,0.76228595,0.99906796,0.91519636,0,0.6593847870826721
TSBD_WSSV_36e3c23fc4,1,0,2,0.86683536,0.005021709,0.09819543,0.061412353,2.274692e-05,0.016494846,0,0.12024068087339401,0.088108994,0.053519826,1.7420795e-06,0.00892933,0,0.22037452459335327,0.8136956,0.8850678,0.99997544,0.9745758,0,0.6593847870826721
TSBD_WSSV_7e34390794,1,0,2,0.866667,0.0055310177,0.07596175,0.056292746,1.4636605e-05,0.013257763,0,0.12024068087339401,0.10580485,0.055062033,1.8258534e-06,0.009721294,0,0.22037452459335327,0.8182335,0.8886452,0.99998355,0.97702086,0,0.6593847870826721
TSBD_WSSV_bd80b0d581,1,0,2,0.8310541,0.008631587,0.1452529,0.07570955,6.0721417e-05,0.025600402,0,0.12024068087339401,0.0762681,0.04801475,1.2047022e-06,0.007600315,0,0.22037452459335327,0.778479,0.8762758,0.99993813,0.9667993,0,0.6593847870826721
TSBD_WSSV_a456bae923,1,0,2,0.84791315,0.007123095,0.11762278,0.064447224,2.8179264e-05,0.01886347,0,0.12024068087339401,0.08623524,0.052580707,1.640283e-06,0.008743133,0,0.22037452459335327,0.796142,0.88297206,0.9999702,0.9723934,0,0.6593847870826721
TSBD_WSSV_b6178797f6,1,1,2,0.8715795,0.004810284,0.08557292,0.057090726,1.5918607e-05,0.01412837,0,0.12024068087339401,0.094072446,0.05430455,1.7495737e-06,0.009181498,0,0.22037452459335327,0.82035464,0.8886047,0.99998224,0.9766901,1,0.6593847870826721
TSBD_WSSV_69762898eb,1,0,2,0.8325426,0.0078182975,0.086162865,0.062858984,2.5272919e-05,0.016559545,0,0.12024068087339401,0.13656881,0.0690386,6.1285996e-06,0.01528716,0,0.22037452459335327,0.77726835,0.8681024,0.99996865,0.9681533,0,0.6593847870826721
TSBD_WSSV_a73de688c2,0,0,1,0.31240022,0.14020355,0.066242196,0.059186254,5.06477e-06,0.013849912,0,0.12024068087339401,0.29951462,0.7942317,0.99936336,0.8655773,0,0.22037452459335327,0.63424313,0.14658204,0.00063157454,0.12057279,0,0.6593847870826721
TSBD_WSSV_03cb710db8,0,0,1,0.2506143,0.17810483,0.063813575,0.03574615,2.0937478e-06,0.009445006,0,0.12024068087339401,0.14445862,0.71266097,0.9830088,0.65851206,0,0.22037452459335327,0.79172784,0.25159293,0.016989032,0.33204293,0,0.6593847870826721
TSBD_WSSV_7f2c043791,1,0,2,0.8396473,0.008530537,0.11317219,0.053967,1.218912e-05,0.014567681,0,0.12024068087339401,0.09419685,0.060262274,2.7669305e-06,0.010672406,0,0.22037452459335327,0.792631,0.8857708,0.9999851,0.97475994,0,0.6593847870826721
TSBD_WSSV_426ff318e2,1,0,2,0.8620042,0.0061833803,0.07331913,0.055829734,1.4454377e-05,0.013026934,0,0.12024068087339401,0.11124582,0.055267844,1.8719907e-06,0.009970096,0,0.22037452459335327,0.81543505,0.8889024,0.99998367,0.977003,0,0.6593847870826721
TSBD_WSSV_3cb87dc046,1,0,2,0.8438686,0.007844981,0.07839167,0.05535743,1.3151716e-05,0.013153949,0,0.12024068087339401,0.12583601,0.061189845,3.0154765e-06,0.012096075,0,0.22037452459335327,0.7957724,0.8834527,0.9999839,0.9747499,0,0.6593847870826721
TSBD_WSSV_4c414428d2,1,1,2,0.8718525,0.004820849,0.08283439,0.055570398,1.3985294e-05,0.013446485,0,0.12024068087339401,0.09627293,0.055386335,1.8682533e-06,0.009461632,0,0.22037452459335327,0.8208927,0.8890433,0.99998415,0.9770919,1,0.6593847870826721
TSBD_WSSV_4896029d97,1,0,2,0.86994386,0.0049715824,0.09199954,0.05679935,1.5444837e-05,0.014380449,0,0.12024068087339401,0.08961887,0.054597322,1.7778145e-06,0.009084075,0,0.22037452459335327,0.8183816,0.8886034,0.9999827,0.9765355,0,0.6593847870826721
TSBD_WSSV_c549f00277,1,0,2,0.8552798,0.0062789517,0.072620355,0.049132906,7.827675e-06,0.0109140035,0,0.12024068087339401,0.12410287,0.0677809,4.645947e-06,0.013709012,0,0.22037452459335327,0.80327684,0.8830862,0.9999875,0.975377,0,0.6593847870826721
TSBD_WSSV_254bdb9f4d,1,0,2,0.8705681,0.0049580364,0.08134667,0.05549679,1.3827267e-05,0.013330466,0,0.12024068087339401,0.09883255,0.055791065,1.935878e-06,0.009653915,0,0.22037452459335327,0.81982076,0.8887121,0.99998426,0.9770157,0,0.6593847870826721
TSBD_WSSV_b0447870c0,1,0,2,0.81488025,0.012416579,0.060952257,0.048386145,7.0335946e-06,0.01006153,0,0.12024068087339401,0.15788247,0.06365679,3.2568341e-06,0.013616444,0,0.22037452459335327,0.78116524,0.8879571,0.99998975,0.97632205,0,0.6593847870826721
TSBD_WSSV_754fa3c73d,1,1,2,0.8727479,0.004708519,0.08516311,0.05584119,1.4285097e-05,0.0136607615,0,0.12024068087339401,0.09334917,0.05501915,1.8078533e-06,0.009267943,0,0.22037452459335327,0.82148767,0.8891397,0.9999839,0.9770713,1,0.6593847870826721
TSBD_WSSV_9937a0424b,1,1,2,0.8719591,0.004785669,0.086403966,0.056002315,1.4334593e-05,0.013762091,0,0.12024068087339401,0.09296229,0.05497309,1.8020611e-06,0.009248193,0,0.22037452459335327,0.8206337,0.88902456,0.9999839,0.9769897,1,0.6593847870826721
TSBD_WSSV_6fa84e41c3,1,1,2,0.8709023,0.0048769144,0.085026294,0.057491947,1.6218182e-05,0.014198593,0,0.12024068087339401,0.09518425,0.054178603,1.7092924e-06,0.0091698365,0,0.22037452459335327,0.81978947,0.88832945,0.9999821,0.9766316,1,0.6593847870826721
TSBD_WSSV_577000701d,1,1,2,0.8712671,0.004867385,0.08157447,0.05610241,1.4239519e-05,0.013485491,0,0.12024068087339401,0.09797493,0.055339124,1.8342263e-06,0.009484781,0,0.22037452459335327,0.8204506,0.8885584,0.999984,0.9770298,1,0.6593847870826721
TSBD_WSSV_7562704d32,1,1,2,0.8720361,0.004803921,0.083134055,0.055121236,1.3277172e-05,0.013276082,0,0.12024068087339401,0.09586876,0.05568886,1.8867615e-06,0.009489838,0,0.22037452459335327,0.82099724,0.8891899,0.99998486,0.97723407,1,0.6593847870826721
TSBD_WSSV_ab987277c7,1,0,2,0.8599948,0.005937664,0.08654946,0.0626838,2.3742103e-05,0.01609734,0,0.12024068087339401,0.10353146,0.052952494,1.6396334e-06,0.009308104,0,0.22037452459335327,0.80991906,0.8843636,0.9999746,0.9745946,0,0.6593847870826721
TSBD_WSSV_1beeeafcb8,1,0,2,0.856495,0.0068388227,0.071977824,0.05476419,1.28032625e-05,0.012550721,0,0.12024068087339401,0.11719746,0.056740258,2.0477564e-06,0.0104831,0,0.22037452459335327,0.81082475,0.8884956,0.9999852,0.9769662,0,0.6593847870826721
TSBD_WSSV_e7254cc0d4,1,0,2,0.8702611,0.005030387,0.079055026,0.055716448,1.3932313e-05,0.01324072,0,0.12024068087339401,0.10082909,0.05554567,1.8863697e-06,0.009651886,0,0.22037452459335327,0.8201159,0.88873786,0.99998415,0.9771074,0,0.6593847870826721
TSBD_WSSV_b5a8a126ab,1,0,2,0.8498218,0.0053475928,0.0625078,0.03784127,2.3534826e-06,0.007305959,0,0.12024068087339401,0.14900556,0.095899254,2.1044407e-05,0.023320535,0,0.22037452459335327,0.78848666,0.86625946,0.9999765,0.96937346,0,0.6593847870826721
TSBD_WSSV_13e41ad5ef,1,1,2,0.8713093,0.0049180305,0.07984294,0.05551347,1.3647241e-05,0.0132052405,0,0.12024068087339401,0.09921065,0.055435915,1.8572562e-06,0.00955545,0,0.22037452459335327,0.82094646,0.88905054,0.9999845,0.9772393,1,0.6593847870826721
TSBD_WSSV_5dd3dca816,1,0,2,0.8699106,0.0051143663,0.077580445,0.054628413,1.26060795e-05,0.01278061,0,0.12024068087339401,0.102351636,0.05616404,1.9317526e-06,0.009798598,0,0.22037452459335327,0.82006794,0.88920754,0.99998546,0.9774208,0,0.6593847870826721
TSBD_WSSV_084f7a072a,1,0,2,0.8235855,0.011209184,0.06550232,0.053287283,1.1344264e-05,0.011821832,0,0.12024068087339401,0.14646502,0.059659764,2.5526551e-06,0.012232661,0,0.22037452459335327,0.7880327,0.88705295,0.9999862,0.97594553,0,0.6593847870826721
TSBD_WSSV_7d1aec7b17,1,0,0,0.46541673,0.053882822,0.77511775,0.50397587,0.7581737,0.69158125,0,0.12024068087339401,0.0703847,0.044745356,1.0267166e-05,0.010672609,0,0.22037452459335327,0.15449756,0.4512788,0.241816,0.29774618,0,0.6593847870826721
TSBD_WSSV_93545fad41,1,0,2,0.8656178,0.005191588,0.09148508,0.05961245,1.8946386e-05,0.01532115,0,0.12024068087339401,0.0955681,0.055232905,1.89625e-06,0.009486144,0,0.22037452459335327,0.8129468,0.88515466,0.99997914,0.9751927,0,0.6593847870826721
TSBD_WSSV_ef783ed00d,1,0,2,0.54638827,0.055324137,0.3598593,0.09745817,0.0002095204,0.05495442,0,0.12024068087339401,0.06565884,0.043807864,9.945542e-07,0.007251361,0,0.22037452459335327,0.5744819,0.85873395,0.99978954,0.9377942,0,0.6593847870826721
TSBD_WSSV_8b081aa68f,1,0,2,0.866743,0.0046745976,0.081447504,0.06852889,3.5179277e-05,0.017733956,0,0.12024068087339401,0.10327965,0.05449592,1.9570275e-06,0.009754077,0,0.22037452459335327,0.8152728,0.8769751,0.9999629,0.97251195,0,0.6593847870826721
TSBD_WSSV_6afbaad0ae,1,0,2,0.619991,0.0057929177,0.30708534,0.34440655,0.16028817,0.30774897,0,0.12024068087339401,0.14260018,0.07644369,0.000114836366,0.028083755,0,0.22037452459335327,0.5503145,0.5791498,0.83959705,0.6641672,0,0.6593847870826721
TSBD_WSSV_9223e4a32b,1,0,2,0.6884206,0.03122871,0.09145583,0.049638428,7.8454905e-06,0.012481535,0,0.12024068087339401,0.2198494,0.06567603,3.7914515e-06,0.016639482,0,0.22037452459335327,0.6886948,0.88468546,0.9999883,0.970879,0,0.6593847870826721
TSBD_WSSV_98ea43065f,1,0,2,0.8679362,0.005298566,0.07620589,0.052542128,1.0438823e-05,0.012032315,0,0.12024068087339401,0.105993785,0.058575142,2.3286987e-06,0.010505969,0,0.22037452459335327,0.81780034,0.88888276,0.9999871,0.97746176,0,0.6593847870826721
TSBD_WSSV_eb247f0a00,1,0,2,0.87042683,0.004909111,0.08697484,0.05632134,1.5315325e-05,0.014021674,0,0.12024068087339401,0.09410494,0.055290595,1.926227e-06,0.00944241,0,0.22037452459335327,0.8189202,0.8883881,0.99998283,0.97653586,0,0.6593847870826721
TSBD_WSSV_97fa50601b,1,1,2,0.87266165,0.004696911,0.08725214,0.05646243,1.5308817e-05,0.014038005,0,0.12024068087339401,0.09153471,0.054569855,1.7893884e-06,0.009151206,0,0.22037452459335327,0.82121307,0.88896775,0.99998295,0.97681075,1,0.6593847870826721
TSBD_WSSV_8b6c4507a2,1,0,2,0.86853933,0.0048822477,0.09467653,0.05928968,1.8025656e-05,0.015297708,0,0.12024068087339401,0.08972395,0.054969233,1.8522014e-06,0.009205177,0,0.22037452459335327,0.81559956,0.8857411,0.9999801,0.97549707,0,0.6593847870826721
TSBD_WSSV_5c925439ac,1,0,2,0.86465997,0.004856128,0.10568143,0.067539304,3.4473127e-05,0.019231912,0,0.12024068087339401,0.08504862,0.052145787,1.6100264e-06,0.008596565,0,0.22037452459335327,0.80927,0.88031495,0.9999639,0.97217155,0,0.6593847870826721
TSBD_WSSV_1d810bc413,1,1,2,0.87109494,0.0048711393,0.08478767,0.055500288,1.4032801e-05,0.013563823,0,0.12024068087339401,0.09539346,0.055716988,1.9173312e-06,0.009509758,0,0.22037452459335327,0.81981885,0.88878274,0.999984,0.9769264,1,0.6593847870826721
TSBD_WSSV_26de7fcd80,1,0,2,0.8637688,0.0046055196,0.07673922,0.045437805,5.3591757e-06,0.009963258,0,0.12024068087339401,0.11658605,0.0785637,8.715608e-06,0.01626386,0,0.22037452459335327,0.8066747,0.8759985,0.99998593,0.9737729,0,0.6593847870826721
TSBD_WSSV_8aa47f5a65,1,1,1,0.80532163,0.008576917,0.11752157,0.13250652,5.1021718e-05,0.0304808,0,0.12024068087339401,0.7591181,0.8168086,0.99994624,0.9582638,1,0.22037452459335327,0.12336035,0.05068492,2.7966755e-06,0.011255445,0,0.6593847870826721
TSBD_WSSV_d889bfa7f2,1,1,1,0.84499806,0.006013749,0.10282737,0.076089725,4.978608e-06,0.013908244,0,0.12024068087339401,0.7864308,0.86525863,0.99998975,0.97322214,1,0.22037452459335327,0.11074184,0.0586517,5.328191e-06,0.012869667,0,0.6593847870826721
TSBD_WSSV_8a85146e3e,0,0,1,0.15509944,0.22943759,0.39648208,0.10772569,0.00016016289,0.0893757,0,0.12024068087339401,0.07237701,0.694448,0.99506325,0.6539633,0,0.22037452459335327,0.5311409,0.1978263,0.0047765807,0.256661,0,0.6593847870826721
TSBD_WSSV_439d0a5c3f,1,0,2,0.86891466,0.0051197736,0.08611602,0.057275113,1.5954445e-05,0.014200067,0,0.12024068087339401,0.09589376,0.05421841,1.7259466e-06,0.009220366,0,0.22037452459335327,0.81799024,0.88850653,0.99998236,0.97657955,0,0.6593847870826721
TSBD_WSSV_3f0184301c,1,0,2,0.8629562,0.005872852,0.0836461,0.05681788,1.5291218e-05,0.013913593,0,0.12024068087339401,0.10292756,0.054663785,1.7715561e-06,0.009554295,0,0.22037452459335327,0.8134263,0.8885184,0.99998295,0.97653216,0,0.6593847870826721
TSBD_WSSV_00abe397a8,1,0,2,0.8640665,0.0055451524,0.099152796,0.057719782,1.6887527e-05,0.015172478,0,0.12024068087339401,0.08840998,0.055074316,1.8986804e-06,0.009217926,0,0.22037452459335327,0.81243724,0.88720596,0.99998116,0.97560966,0,0.6593847870826721
TSBD_WSSV_f49daeee4d,1,0,2,0.8606792,0.0060645537,0.10267783,0.055286236,1.3745093e-05,0.014468738,0,0.12024068087339401,0.086704165,0.056759447,2.118212e-06,0.009493609,0,0.22037452459335327,0.81061804,0.8879543,0.99998415,0.9760377,0,0.6593847870826721
TSBD_WSSV_e3a3f70bef,1,0,2,0.84040225,0.0077427,0.12556453,0.06535152,2.7963884e-05,0.01947174,0,0.12024068087339401,0.086181,0.055503506,2.05041e-06,0.00940423,0,0.22037452459335327,0.78825444,0.87914497,0.99996996,0.97112405,0,0.6593847870826721
TSBD_WSSV_4c6acaba53,1,0,2,0.85473144,0.006910216,0.11118786,0.056450494,1.5086617e-05,0.015315898,0,0.12024068087339401,0.08206429,0.054798864,1.8012606e-06,0.00888321,0,0.22037452459335327,0.8067478,0.88875073,0.9999831,0.9758008,0,0.6593847870826721
TSBD_WSSV_1a5ee9d7a4,1,0,2,0.8632626,0.0055281194,0.09925529,0.057968218,1.6833084e-05,0.015211652,0,0.12024068087339401,0.08971058,0.056070987,2.0329521e-06,0.009477575,0,0.22037452459335327,0.8110341,0.88596076,0.99998116,0.97531074,0,0.6593847870826721
TSBD_WSSV_1d745dbab2,0,0,0,0.56047547,0.03210301,0.40989605,0.66070527,0.9791998,0.7330626,0,0.12024068087339401,0.07293328,0.04785916,9.828611e-06,0.012303656,0,0.22037452459335327,0.51717067,0.2914356,0.02079034,0.2546337,0,0.6593847870826721
TSBD_WSSV_04529c8937,1,0,2,0.865001,0.005439384,0.08338506,0.049814034,8.461772e-06,0.011649414,0,0.12024068087339401,0.10337729,0.06285977,3.2046926e-06,0.01148409,0,0.22037452459335327,0.8132376,0.8873262,0.9999883,0.9768664,0,0.6593847870826721
TSBD_WSSV_eb7b8b7c67,1,0,2,0.869143,0.0050422,0.090864815,0.057266112,1.6342103e-05,0.014538191,0,0.12024068087339401,0.091572545,0.05444005,1.7862253e-06,0.009152183,0,0.22037452459335327,0.81756264,0.8882938,0.9999819,0.9763096,0,0.6593847870826721
TSBD_WSSV_4c43a3a8a6,1,0,2,0.8656323,0.004903648,0.09267585,0.071774065,4.7004967e-05,0.020047328,0,0.12024068087339401,0.093711026,0.048806597,1.2940815e-06,0.0082478095,0,0.22037452459335327,0.8136132,0.87941927,0.9999517,0.97170484,0,0.6593847870826721
TSBD_WSSV_417fc1cab3,1,0,2,0.87005734,0.004897571,0.08949201,0.056698855,1.5291449e-05,0.014207092,0,0.12024068087339401,0.092345595,0.055427264,1.9121505e-06,0.009381197,0,0.22037452459335327,0.81816244,0.88787395,0.99998283,0.9764117,0,0.6593847870826721
TSBD_WSSV_59c834cf6e,1,0,2,0.77730775,0.010192607,0.07582947,0.033089723,1.713247e-06,0.0069707,0,0.12024068087339401,0.140506,0.2305437,0.0020995557,0.08591419,0,0.22037452459335327,0.7836646,0.7363667,0.9978988,0.90711516,0,0.6593847870826721
TSBD_WSSV_97681928ee,1,0,2,0.8640632,0.0054178126,0.086698376,0.051307924,9.208607e-06,0.0121839475,0,0.12024068087339401,0.101686865,0.06286188,3.1427603e-06,0.011385224,0,0.22037452459335327,0.8116148,0.88583016,0.9999877,0.97643083,0,0.6593847870826721
TSBD_WSSV_0c09630268,1,0,2,0.82692647,0.0088196285,0.15174174,0.0798058,8.0096535e-05,0.028181922,0,0.12024068087339401,0.07540264,0.047335573,1.2175757e-06,0.0075503057,0,0.22037452459335327,0.7728557,0.8728585,0.9999187,0.96426773,0,0.6593847870826721
TSBD_WSSV_919a1fc43f,1,0,2,0.77342683,0.01663544,0.19372162,0.07793799,7.015751e-05,0.02998405,0,0.12024068087339401,0.06855379,0.047303844,1.1642229e-06,0.007334955,0,0.22037452459335327,0.73772454,0.87475824,0.9999286,0.96268094,0,0.6593847870826721
TSBD_WSSV_df52a25a1c,1,0,2,0.5183414,0.053159926,0.12895706,0.057243258,1.5028995e-05,0.018832544,0,0.12024068087339401,0.3706727,0.13669325,0.00015029791,0.063902035,0,0.22037452459335327,0.5003703,0.8060635,0.99983466,0.91726536,0,0.6593847870826721
TSBD_WSSV_b6df8b235a,1,0,2,0.8691195,0.0049771434,0.08767739,0.056517433,1.4812776e-05,0.014004448,0,0.12024068087339401,0.09511851,0.056027886,1.9822182e-06,0.009599548,0,0.22037452459335327,0.8172042,0.8874547,0.9999832,0.97639596,0,0.6593847870826721
TSBD_WSSV_66dac7b3cb,1,0,2,0.85583866,0.0064902436,0.09827585,0.05467209,1.2290759e-05,0.01390319,0,0.12024068087339401,0.0967189,0.058668368,2.3879156e-06,0.010284006,0,0.22037452459335327,0.80500525,0.88665956,0.99998534,0.9758128,0,0.6593847870826721
TSBD_WSSV_cb728bde71,1,0,2,0.5726015,0.04835183,0.34854904,0.10656909,0.00031761144,0.06111015,0,0.12024068087339401,0.07063452,0.043006785,9.653153e-07,0.007289357,0,0.22037452459335327,0.58081645,0.8504242,0.9996815,0.9316005,0,0.6593847870826721
TSBD_WSSV_11dccea294,1,0,2,0.8630299,0.0030733766,0.11518526,0.10453235,0.00027131746,0.036492523,0,0.12024068087339401,0.08094024,0.04491223,1.13994e-06,0.0073816716,0,0.22037452459335327,0.8038745,0.8505554,0.9997274,0.9561258,0,0.6593847870826721
TSBD_WSSV_6c97d0a038,1,0,2,0.86642957,0.0040993914,0.10260309,0.0857533,0.00010553136,0.026464777,0,0.12024068087339401,0.08537345,0.04471724,9.204328e-07,0.007171304,0,0.22037452459335327,0.8120235,0.86952955,0.99989355,0.9663639,0,0.6593847870826721
TSBD_WSSV_7930144273,1,1,0,0.8594792,0.0015982422,0.78974783,0.83021414,0.9997924,0.949214,1,0.12024068087339401,0.073637694,0.05099266,1.0535412e-05,0.01191295,0,0.22037452459335327,0.13661446,0.11879312,0.00019711134,0.038872987,0,0.6593847870826721
TSBD_WSSV_46e8a68895,0,0,1,0.35284585,0.081483245,0.06755817,0.03906421,9.611294e-06,0.010006307,0,0.12024068087339401,0.14030482,0.51005536,0.44524717,0.35208935,0,0.22037452459335327,0.7921369,0.45088047,0.55474323,0.63790435,0,0.6593847870826721
TSBD_WSSV_68675dc12f,0,0,1,0.21443254,0.20495933,0.064655095,0.043264527,1.8935325e-06,0.0109629,0,0.12024068087339401,0.18464246,0.7928555,0.99876714,0.81704676,0,0.22037452459335327,0.75070244,0.16387993,0.0012310195,0.17199032,0,0.6593847870826721
TSBD_WSSV_33b5dd7e52,0,0,1,0.17502894,0.23462045,0.7131868,0.1333513,4.7888174e-05,0.089651436,0,0.12024068087339401,0.16793865,0.8204178,0.9999503,0.89486164,0,0.22037452459335327,0.118874535,0.046230875,1.8369863e-06,0.015486863,0,0.6593847870826721
TSBD_WSSV_eaf8feba8d,1,0,2,0.74222714,0.021503478,0.18417211,0.065872535,2.9515475e-05,0.023256965,0,0.12024068087339401,0.0991616,0.056956574,2.3732673e-06,0.01059454,0,0.22037452459335327,0.7166663,0.87717086,0.99996805,0.9661485,0,0.6593847870826721
TSBD_WSSV_a092abcd48,1,0,2,0.8541104,0.0056612496,0.08570421,0.044044018,4.648886e-06,0.0099615855,0,0.12024068087339401,0.115641676,0.082254894,1.0660257e-05,0.017299173,0,0.22037452459335327,0.79865414,0.8737011,0.99998474,0.9727392,0,0.6593847870826721
TSBD_WSSV_8c4a48a3c8,0,0,0,0.3868478,0.07921663,0.2651269,0.6564367,0.64326686,0.5278067,0,0.12024068087339401,0.6685028,0.31380615,0.3567299,0.46516034,0,0.22037452459335327,0.06637024,0.02975726,3.2167757e-06,0.0070330333,0,0.6593847870826721
TSBD_WSSV_36e8b7c576,1,0,0,0.7262671,0.028110238,0.74338335,0.9041662,0.99997795,0.97436017,0,0.12024068087339401,0.070211664,0.051354308,1.8785764e-05,0.013312318,0,0.22037452459335327,0.18640502,0.044479497,3.2010673e-06,0.012327537,0,0.6593847870826721
TSBD_WSSV_f62b02d7ce,1,1,0,0.86923116,0.006518838,0.8273882,0.90434504,0.99996364,0.9753725,1,0.12024068087339401,0.10786937,0.056717355,3.4289635e-05,0.017593164,0,0.22037452459335327,0.06474237,0.038937613,1.9956296e-06,0.007034336,0,0.6593847870826721
TSBD_WSSV_7b5c5d4331,1,1,1,0.82580954,0.008528996,0.10343385,0.07967847,5.889766e-06,0.0148031255,0,0.12024068087339401,0.7729282,0.86414564,0.99998975,0.9725465,1,0.22037452459335327,0.12363802,0.05617593,4.3129094e-06,0.012650372,0,0.6593847870826721
TSBD_WSSV_1115f3a7b9,0,0,1,0.33143175,0.07922254,0.12734796,0.28366166,0.10187849,0.19491015,0,0.12024068087339401,0.15071763,0.38593665,0.63721615,0.34265527,0,0.22037452459335327,0.72193444,0.33040175,0.26090533,0.46243453,0,0.6593847870826721
TSBD_WSSV_8b19cf1542,1,0,1,0.6650244,0.021037847,0.3194404,0.18896772,0.00024017633,0.07458546,0,0.12024068087339401,0.5820793,0.76978225,0.99975854,0.9166965,0,0.22037452459335327,0.09848031,0.041249994,1.2613687e-06,0.008718038,0,0.6593847870826721
TSBD_WSSV_e980aeec5d,1,1,0,0.880367,0.005216163,0.83702636,0.90484244,0.99996793,0.97666985,1,0.12024068087339401,0.09006282,0.055281296,2.9880683e-05,0.015836649,0,0.22037452459335327,0.07291085,0.039876316,2.1392664e-06,0.0074935225,0,0.6593847870826721
TSBD_WSSV_78620c7961,1,0,1,0.74218315,0.012206793,0.26991668,0.1637253,0.00011153294,0.05467294,0,0.12024068087339401,0.65644306,0.7950821,0.99988747,0.93800235,0,0.22037452459335327,0.073640235,0.041192662,1.0425729e-06,0.007324699,0,0.6593847870826721
TSBD_WSSV_5cfa598cc4,1,1,0,0.8249556,0.011939136,0.7915912,0.90056163,0.9999522,0.97201836,1,0.12024068087339401,0.11116067,0.059920948,4.5602093e-05,0.019564224,0,0.22037452459335327,0.09724803,0.03951746,2.1674753e-06,0.008417366,0,0.6593847870826721
TSBD_WSSV_2ab0d58abb,1,0,0,0.7409991,0.024678241,0.7646039,0.87218416,0.9994493,0.9562952,0,0.12024068087339401,0.076288514,0.094622,0.00054908515,0.03500648,0,0.22037452459335327,0.15910754,0.03319379,1.5171464e-06,0.008698333,0,0.6593847870826721
TSBD_WSSV_d63f9ec96f,0,0,0,0.120204054,0.29299718,0.10365044,0.816907,0.9996778,0.82555807,0,0.12024068087339401,0.1504749,0.06527426,4.209207e-05,0.040219292,0,0.22037452459335327,0.74587464,0.11781868,0.00028021442,0.1342226,0,0.6593847870826721
TSBD_WSSV_c6d6c44306,1,1,0,0.8042452,0.0065854024,0.73163354,0.81656086,0.99330634,0.8959835,1,0.12024068087339401,0.19513342,0.15081862,0.0066914638,0.09705341,0,0.22037452459335327,0.07323306,0.03262058,2.2155828e-06,0.006963093,0,0.6593847870826721
TSBD_WSSV_0e98c598e2,1,0,1,0.44157588,0.08442195,0.07080341,0.09574892,1.3598863e-05,0.018678907,0,0.12024068087339401,0.54934686,0.8481194,0.999982,0.96022296,0,0.22037452459335327,0.37984973,0.056131653,4.3961454e-06,0.021098122,0,0.6593847870826721
TSBD_WSSV_0e0b18da56,0,0,0,0.15158084,0.2592733,0.16140324,0.83612174,0.99981445,0.8715328,0,0.12024068087339401,0.09427092,0.05289891,1.5503047e-05,0.022760194,0,0.22037452459335327,0.7443259,0.11097932,0.00017005646,0.105707034,0,0.6593847870826721
TSBD_WSSV_0e04e30a96,1,0,0,0.60908437,0.049274303,0.67061085,0.9027352,0.9999831,0.9716486,0,0.12024068087339401,0.06761602,0.048015717,1.2289406e-05,0.012114066,0,0.22037452459335327,0.2617732,0.04924907,4.6999603e-06,0.016237365,0,0.6593847870826721
TSBD_WSSV_b14315239e,1,0,0,0.3331452,0.12309636,0.48313686,0.897514,0.9999784,0.962232,0,0.12024068087339401,0.065315135,0.050718207,1.5610192e-05,0.0143300835,0,0.22037452459335327,0.45154798,0.051767845,5.919499e-06,0.023437915,0,0.6593847870826721
TSBD_WSSV_ad26e82e3c,0,0,0,0.5176297,0.03946451,0.23978117,0.502086,0.094427526,0.3124112,0,0.12024068087339401,0.6716484,0.46351105,0.9055694,0.6792546,0,0.22037452459335327,0.08857045,0.034402966,3.0348267e-06,0.008334269,0,0.6593847870826721
TSBD_WSSV_cda41068f5,1,0,0,0.7950268,0.017283993,0.7860532,0.90330094,0.99997175,0.97531295,0,0.12024068087339401,0.06895595,0.054201968,2.5546411e-05,0.014154239,0,0.22037452459335327,0.14499083,0.04249709,2.7446465e-06,0.010532751,0,0.6593847870826721
TSBD_WSSV_f51f241a0d,1,0,0,0.35551053,0.113456614,0.48275518,0.90015525,0.9999646,0.95569336,0,0.12024068087339401,0.40124908,0.057123214,3.2598244e-05,0.032807555,0,0.22037452459335327,0.11599574,0.042721573,2.9087958e-06,0.011499079,0,0.6593847870826721
TSBD_WSSV_2578508dff,1,1,0,0.8682587,0.006658285,0.82688636,0.90437394,0.99996936,0.9762012,1,0.12024068087339401,0.09185291,0.05502671,2.839581e-05,0.015815064,0,0.22037452459335327,0.08126076,0.04059933,2.2866002e-06,0.007983788,0,0.6593847870826721
TSBD_WSSV_45511a46f0,1,1,0,0.86882955,0.006541671,0.8270104,0.90392065,0.99996006,0.97490156,1,0.12024068087339401,0.11123164,0.05778691,3.7994974e-05,0.018303122,0,0.22037452459335327,0.061757952,0.03829239,1.8943051e-06,0.0067953193,0,0.6593847870826721
TSBD_WSSV_87146ab98c,1,1,0,0.8516536,0.008827271,0.81476146,0.90457493,0.999969,0.97515005,1,0.12024068087339401,0.1202153,0.055108678,2.8710036e-05,0.017496664,0,0.22037452459335327,0.0650232,0.040316433,2.2291126e-06,0.00735327,0,0.6593847870826721
TSBD_WSSV_e143d38f01,0,0,1,0.1422414,0.26824555,0.066206284,0.082935154,7.4974737e-06,0.02046989,0,0.12024068087339401,0.2181289,0.8596567,0.9999875,0.94271463,0,0.22037452459335327,0.71566474,0.057408195,5.0094964e-06,0.03681551,0,0.6593847870826721
TSBD_WSSV_ea73217725,0,0,0,0.4592417,0.048593387,0.19919331,0.48451707,0.7401669,0.44027546,0,0.12024068087339401,0.08703057,0.08623626,0.0002754158,0.031236807,0,0.22037452459335327,0.7137762,0.42924663,0.2595577,0.52848774,0,0.6593847870826721
TSBD_WSSV_7568f33745,0,0,1,0.27480727,0.16349582,0.68021435,0.15528266,9.140075e-05,0.0936454,0,0.12024068087339401,0.25761664,0.8027602,0.9999074,0.8969363,0,0.22037452459335327,0.062169,0.041957192,1.1761567e-06,0.009418291,0,0.6593847870826721
TSBD_WSSV_c0b728f042,0,0,1,0.18346433,0.22401285,0.09911344,0.08258017,6.8226004e-06,0.021553872,0,0.12024068087339401,0.26832473,0.8616037,0.99998903,0.9471384,0,0.22037452459335327,0.6325618,0.05581614,4.1556873e-06,0.03130771,0,0.6593847870826721
TSBD_WSSV_7555e38281,0,0,0,0.09702922,0.2915765,0.15373993,0.5017188,0.18160503,0.46063736,0,0.12024068087339401,0.08784454,0.440621,0.8183541,0.48269057,0,0.22037452459335327,0.7584156,0.05766014,4.0764535e-05,0.056672085,0,0.6593847870826721
TSBD_WSSV_d921343af4,1,0,2,0.8606307,0.0035497905,0.11809561,0.09969043,0.00022863327,0.034848,0,0.12024068087339401,0.081653245,0.044933513,1.1297386e-06,0.007398042,0,0.22037452459335327,0.80025107,0.85537606,0.99977034,0.957754,0,0.6593847870826721
TSBD_WSSV_94a3c39469,1,0,0,0.5314222,0.022784453,0.47163832,0.67088413,0.7481106,0.6436879,0,0.12024068087339401,0.43281242,0.29459402,0.25188303,0.34691498,0,0.22037452459335327,0.095549256,0.034521915,6.4300493e-06,0.009397073,0,0.6593847870826721
TSBD_WSSV_65692fdd3f,0,0,1,0.2516114,0.1759687,0.07385993,0.057782866,1.7158069e-05,0.019055748,0,0.12024068087339401,0.13723895,0.69325227,0.9833813,0.647802,0,0.22037452459335327,0.7889011,0.2489649,0.016601594,0.33314228,0,0.6593847870826721
TSBD_WSSV_0464ee44c0,1,0,2,0.8590946,0.0008219131,0.06591512,0.051700555,1.0092754e-05,0.011542551,0,0.12024068087339401,0.1463795,0.12992948,0.00010831957,0.0371373,0,0.22037452459335327,0.7877054,0.81837,0.9998815,0.9513202,0,0.6593847870826721
TSBD_WSSV_51f7222cef,0,0,1,0.13241902,0.27532753,0.07784533,0.15971985,0.00013945941,0.05453557,0,0.12024068087339401,0.19455448,0.7861137,0.9998561,0.90879905,0,0.22037452459335327,0.72760016,0.05416651,4.368562e-06,0.036665414,0,0.6593847870826721
TSBD_WSSV_148921b882,0,0,1,0.12578216,0.28888798,0.093135975,0.06910982,1.1224227e-05,0.027131274,0,0.12024068087339401,0.097886905,0.79499686,0.99955016,0.8097184,0,0.22037452459335327,0.8089771,0.13589332,0.0004386125,0.16315034,0,0.6593847870826721
TSBD_WSSV_49f573118f,0,0,0,0.4435285,0.07779904,0.24459995,0.62936854,0.9652743,0.6384341,0,0.12024068087339401,0.074689075,0.04620958,9.372471e-06,0.012937758,0,0.22037452459335327,0.68071103,0.32442185,0.034716416,0.34862813,0,0.6593847870826721
TSBD_WSSV_f7bb98aadd,0,0,0,0.25337976,0.17494363,0.29725784,0.8522247,0.9998772,0.9118145,0,0.12024068087339401,0.07126748,0.04036781,3.669326e-06,0.011474038,0,0.22037452459335327,0.6314747,0.10740748,0.0001191225,0.07671141,0,0.6593847870826721
TSBD_WSSV_32f477127b,1,1,1,0.8152187,0.01024577,0.09402759,0.07924402,5.746442e-06,0.014233388,0,0.12024068087339401,0.76943916,0.8642634,0.99998975,0.97253454,1,0.22037452459335327,0.13653326,0.056492615,4.4484837e-06,0.013232027,0,0.6593847870826721
TSBD_WSSV_6532d5dd16,1,1,0,0.83300614,0.0114352405,0.803333,0.90445924,0.999966,0.97406703,1,0.12024068087339401,0.13874139,0.0560535,3.1957843e-05,0.019013494,0,0.22037452459335327,0.057925586,0.039487205,2.069136e-06,0.006919442,0,0.6593847870826721
TSBD_WSSV_399a1e23cc,1,0,2,0.8237278,0.004824944,0.057317127,0.031305518,1.1220344e-06,0.0057162247,0,0.12024068087339401,0.19573626,0.14448342,0.00015545894,0.046881914,0,0.22037452459335327,0.74694663,0.824211,0.9998435,0.9474019,0,0.6593847870826721
TSBD_WSSV_c07e032039,0,0,1,0.29573485,0.12577306,0.076875746,0.031914636,4.277938e-06,0.008817648,0,0.12024068087339401,0.11161286,0.57139444,0.69012475,0.40494025,0,0.22037452459335327,0.8115114,0.39669093,0.309871,0.58624214,0,0.6593847870826721
TSBD_WSSV_a3b514246a,0,0,1,0.18426432,0.22969627,0.066967376,0.0384123,1.4554562e-06,0.010487612,0,0.12024068087339401,0.13842925,0.78036946,0.99767584,0.7705057,0,0.22037452459335327,0.7946034,0.18121828,0.0023227548,0.2190067,0,0.6593847870826721
TSBD_WSSV_9e8ca9f55f,0,0,1,0.16342512,0.24915868,0.0694307,0.038771737,1.2034977e-06,0.0106675215,0,0.12024068087339401,0.13490255,0.8014602,0.99886787,0.80307335,0,0.22037452459335327,0.7956667,0.15976809,0.0011309856,0.1862591,0,0.6593847870826721
TSBD_WSSV_978efa34a6,0,0,1,0.15562351,0.2563577,0.07870161,0.040964697,1.7003371e-06,0.01258025,0,0.12024068087339401,0.117373645,0.79128075,0.99856013,0.78140634,0,0.22037452459335327,0.8039248,0.1677545,0.0014381891,0.20601346,0,0.6593847870826721
TSBD_WSSV_4575fa460f,1,0,2,0.8508627,0.0065080887,0.06531628,0.041218325,3.6215138e-06,0.008355722,0,0.12024068087339401,0.13763939,0.078483716,8.515921e-06,0.0171955,0,0.22037452459335327,0.79704434,0.880298,0.99998796,0.9744488,0,0.6593847870826721
TSBD_WSSV_6e2231b074,0,0,1,0.21205859,0.20646963,0.060078602,0.044489924,1.4248117e-06,0.010039543,0,0.12024068087339401,0.2259129,0.83016706,0.9997031,0.8793682,0,0.22037452459335327,0.7140085,0.12534305,0.00029542952,0.11059226,0,0.6593847870826721
TSBD_WSSV_18c088457d,1,0,2,0.8482256,0.0031496703,0.07123386,0.035935037,2.0953523e-06,0.007333607,0,0.12024068087339401,0.13506529,0.14502345,0.0001613215,0.040974986,0,0.22037452459335327,0.7937009,0.8190415,0.99983656,0.9516914,0,0.6593847870826721
TSBD_WSSV_77302aa089,0,0,1,0.28900525,0.1106516,0.103526965,0.038755924,1.1688249e-05,0.01255995,0,0.12024068087339401,0.09529859,0.5105267,0.4603794,0.323094,0,0.22037452459335327,0.80117446,0.45071742,0.5396089,0.6643461,0,0.6593847870826721
TSBD_WSSV_bc1451b5cd,1,0,2,0.7646934,0.0029112147,0.05449962,0.029584019,1.245539e-06,0.0056650685,0,0.12024068087339401,0.28343177,0.25198454,0.0035379403,0.12976147,0,0.22037452459335327,0.66206855,0.7184314,0.99646086,0.8645734,0,0.6593847870826721
TSBD_WSSV_2c0825dfbc,1,1,2,0.8719674,0.0047909506,0.08688604,0.056372724,1.5104109e-05,0.013972829,0,0.12024068087339401,0.092426464,0.05454077,1.7641231e-06,0.009156105,0,0.22037452459335327,0.8206874,0.8890864,0.9999831,0.9768711,1,0.6593847870826721
TSBD_WSSV_21eca1a9bc,1,0,2,0.8285575,0.010133575,0.10476748,0.055985264,1.4441068e-05,0.014952304,0,0.12024068087339401,0.111199014,0.055510417,1.8505731e-06,0.0100841895,0,0.22037452459335327,0.7840336,0.88850427,0.99998367,0.9749635,0,0.6593847870826721
TSBD_WSSV_a7578fa09c,1,1,2,0.8721663,0.004760583,0.087972395,0.05641995,1.4992831e-05,0.014018017,0,0.12024068087339401,0.09125863,0.05451389,1.7551538e-06,0.009103976,0,0.22037452459335327,0.820769,0.8890662,0.9999832,0.976878,1,0.6593847870826721
TSBD_WSSV_8acd11d1ec,1,0,2,0.8578847,0.006359202,0.06992853,0.0488425,7.7004e-06,0.01067779,0,0.12024068087339401,0.12165267,0.06422498,3.4773125e-06,0.012505433,0,0.22037452459335327,0.80841875,0.88693255,0.9999888,0.97681683,0,0.6593847870826721
TSBD_WSSV_ce8f668353,1,1,2,0.8723101,0.0047730207,0.08524296,0.055909023,1.4456888e-05,0.013706078,0,0.12024068087339401,0.09357078,0.054816037,1.7839833e-06,0.009236055,0,0.22037452459335327,0.82118624,0.88927495,0.9999838,0.9770579,1,0.6593847870826721
TSBD_WSSV_c5bb7f551a,1,0,2,0.8689102,0.0052579567,0.077076666,0.054883547,1.3279084e-05,0.012912479,0,0.12024068087339401,0.103403024,0.05583014,1.9348638e-06,0.0098109655,0,0.22037452459335327,0.8195203,0.8892863,0.99998486,0.97727656,0,0.6593847870826721
TSBD_WSSV_95dc6e27d4,1,0,2,0.82364583,0.01012011,0.13440244,0.06537755,3.2034437e-05,0.020564215,0,0.12024068087339401,0.089532234,0.05308631,1.7660711e-06,0.009097878,0,0.22037452459335327,0.7760653,0.8815361,0.99996614,0.9703379,0,0.6593847870826721
TSBD_WSSV_309436940c,1,0,2,0.7891666,0.011035692,0.10526272,0.03751063,2.4529638e-06,0.0090347035,0,0.12024068087339401,0.16112077,0.1270213,8.490501e-05,0.03688454,0,0.22037452459335327,0.7336165,0.83546805,0.9999126,0.95408076,0,0.6593847870826721
TSBD_WSSV_29362e9f5a,1,0,2,0.867534,0.005252448,0.083278626,0.051505275,9.845598e-06,0.01216519,0,0.12024068087339401,0.100515515,0.059933417,2.5582985e-06,0.0106236385,0,0.22037452459335327,0.8162058,0.8885613,0.9999876,0.97721124,0,0.6593847870826721
TSBD_WSSV_e67891395a,1,0,2,0.8657412,0.0054839775,0.07851564,0.051070165,9.250507e-06,0.011732516,0,0.12024068087339401,0.106521934,0.060414176,2.6076357e-06,0.010929838,0,0.22037452459335327,0.8149623,0.88851565,0.9999881,0.9773376,0,0.6593847870826721
TSBD_WSSV_2653717417,1,0,2,0.86646414,0.0053961147,0.09833968,0.05615816,1.439918e-05,0.014458143,0,0.12024068087339401,0.08613345,0.05527416,1.8122688e-06,0.009054067,0,0.22037452459335327,0.81552684,0.88856775,0.9999838,0.9764878,0,0.6593847870826721
TSBD_WSSV_c98c109e0f,1,0,2,0.8695229,0.005086826,0.07639647,0.051121436,9.521294e-06,0.0116743995,0,0.12024068087339401,0.10485968,0.059915166,2.5432294e-06,0.010757956,0,0.22037452459335327,0.8187438,0.8889634,0.99998796,0.9775676,0,0.6593847870826721
TSBD_WSSV_3339e18081,1,0,2,0.8708225,0.004963396,0.08194144,0.056180827,1.4660201e-05,0.013591854,0,0.12024068087339401,0.09772935,0.054783076,1.7611586e-06,0.009355546,0,0.22037452459335327,0.82032925,0.8890361,0.99998355,0.97705257,0,0.6593847870826721
TSBD_WSSV_f675da990c,1,1,2,0.87134105,0.0048930245,0.08165668,0.056783777,1.5448904e-05,0.0137813995,0,0.12024068087339401,0.09748339,0.054417975,1.7209625e-06,0.009274271,0,0.22037452459335327,0.82085997,0.8887982,0.99998283,0.9769443,1,0.6593847870826721
TSBD_WSSV_e8d0267684,1,1,2,0.87175447,0.004761113,0.0887559,0.05791686,1.7033473e-05,0.014598202,0,0.12024068087339401,0.09105251,0.053639613,1.6584152e-06,0.008930316,0,0.22037452459335327,0.8201916,0.88844347,0.9999813,0.9764715,1,0.6593847870826721
TSBD_WSSV_93ee9c6175,1,1,2,0.87199974,0.004766794,0.08622369,0.057634037,1.681661e-05,0.014379109,0,0.12024068087339401,0.09299674,0.053708263,1.6759143e-06,0.009018664,0,0.22037452459335327,0.8207795,0.8886577,0.9999815,0.9766022,1,0.6593847870826721
TSBD_WSSV_56b93bffca,1,1,2,0.8711731,0.0048403433,0.08982443,0.056995574,1.6261234e-05,0.014421665,0,0.12024068087339401,0.09055585,0.05431203,1.7736066e-06,0.009085807,0,0.22037452459335327,0.8196197,0.8886924,0.999982,0.9764925,1,0.6593847870826721
TSBD_WSSV_05e0a12846,1,0,2,0.8587672,0.0062567517,0.11109135,0.059982445,2.023745e-05,0.016668966,0,0.12024068087339401,0.08021894,0.052454144,1.5383711e-06,0.00836351,0,0.22037452459335327,0.8086897,0.88756335,0.9999782,0.97496754,0,0.6593847870826721
TSBD_WSSV_0bc0ac833f,1,0,2,0.8635328,0.005793035,0.103998266,0.056975566,1.6096621e-05,0.015179279,0,0.12024068087339401,0.08251172,0.054212812,1.7396854e-06,0.008772141,0,0.22037452459335327,0.81349,0.8888116,0.9999821,0.9760486,0,0.6593847870826721
TSBD_WSSV_026c64bd33,1,0,2,0.8574368,0.0064886054,0.11108432,0.05851427,1.7690223e-05,0.016052565,0,0.12024068087339401,0.0807357,0.053377405,1.6175333e-06,0.008537012,0,0.22037452459335327,0.80818,0.8881084,0.9999807,0.97541034,0,0.6593847870826721
TSBD_WSSV_9f2b1f9f8f,1,0,2,0.650465,0.03791784,0.21706384,0.05951581,1.971938e-05,0.02222474,0,0.12024068087339401,0.119430214,0.05498844,1.950819e-06,0.010955273,0,0.22037452459335327,0.6635059,0.8854957,0.9999784,0.96682006,0,0.6593847870826721
TSBD_WSSV_38f10d750a,1,0,2,0.8282782,0.010276234,0.13950293,0.061059136,2.2211194e-05,0.018689224,0,0.12024068087339401,0.07348756,0.05215797,1.5137108e-06,0.008129478,0,0.22037452459335327,0.78700954,0.8867829,0.9999763,0.9731813,0,0.6593847870826721
TSBD_WSSV_76536085a9,1,0,2,0.8511603,0.0074288547,0.11670928,0.05665795,1.5143397e-05,0.015625844,0,0.12024068087339401,0.078386545,0.054502502,1.7304275e-06,0.008656594,0,0.22037452459335327,0.8049042,0.88883954,0.9999831,0.97571754,0,0.6593847870826721
TSBD_WSSV_e36aec3084,0,0,2,0.3155375,0.13093042,0.48962408,0.06342863,2.6166716e-05,0.03669492,0,0.12024068087339401,0.07028231,0.056435432,2.2588922e-06,0.010813074,0,0.22037452459335327,0.4400936,0.8801359,0.9999715,0.95249206,0,0.6593847870826721
TSBD_WSSV_b632ff4665,1,0,2,0.86484677,0.005499092,0.09424424,0.058238447,1.7131055e-05,0.015003083,0,0.12024068087339401,0.0923606,0.054015987,1.6839143e-06,0.009055437,0,0.22037452459335327,0.8133952,0.88774556,0.99998116,0.9759415,0,0.6593847870826721
TSBD_WSSV_f392420764,1,1,1,0.82790834,0.008489111,0.096342415,0.07351532,4.442939e-06,0.013133306,0,0.12024068087339401,0.77556443,0.867099,0.99998987,0.97303843,1,0.22037452459335327,0.12809314,0.05938569,5.6457e-06,0.013828278,0,0.6593847870826721
TSBD_WSSV_08f57edf07,1,0,2,0.86820006,0.0052522104,0.08217022,0.05331215,1.1679759e-05,0.012713708,0,0.12024068087339401,0.10034968,0.057469632,2.1855642e-06,0.0100868195,0,0.22037452459335327,0.8174801,0.8892182,0.9999862,0.9771995,0,0.6593847870826721
TSBD_WSSV_922a715bec,0,0,1,0.114738464,0.30465543,0.08675813,0.052425347,2.0414063e-06,0.016372912,0,0.12024068087339401,0.11901535,0.84223354,0.99989307,0.8766663,0,0.22037452459335327,0.7942265,0.10534109,0.00010487817,0.106960766,0,0.6593847870826721
TSBD_WSSV_aa0b3c4c15,1,0,2,0.8592369,0.0037954338,0.08789213,0.047147453,6.2610466e-06,0.010996959,0,0.12024068087339401,0.093664296,0.116578296,6.7223424e-05,0.027166748,0,0.22037452459335327,0.8184436,0.8362742,0.99992645,0.9618362,0,0.6593847870826721
TSBD_WSSV_daa4ba808b,1,1,2,0.87143505,0.0042856745,0.092066824,0.051682524,9.872458e-06,0.012637895,0,0.12024068087339401,0.08977642,0.06706631,4.5599504e-06,0.012069092,0,0.22037452459335327,0.8181568,0.8812511,0.9999856,0.97529304,1,0.6593847870826721
TSBD_WSSV_311dd1baf7,1,1,2,0.872195,0.004674826,0.086677305,0.05730436,1.642798e-05,0.014305781,0,0.12024068087339401,0.092887715,0.05470269,1.839681e-06,0.009263627,0,0.22037452459335327,0.820435,0.88799304,0.99998176,0.97643065,1,0.6593847870826721
TSBD_WSSV_34ee093e2e,1,0,2,0.86642605,0.0054122563,0.0999372,0.0572491,1.6087737e-05,0.014990061,0,0.12024068087339401,0.08452058,0.054028682,1.6911422e-06,0.008777235,0,0.22037452459335327,0.81554216,0.8887222,0.99998224,0.9762327,0,0.6593847870826721
TSBD_WSSV_cbb32ff38a,0,0,2,0.35388452,0.115964785,0.07293405,0.03443328,1.5115969e-06,0.008368631,0,0.12024068087339401,0.53332114,0.12052163,5.9742215e-05,0.061557803,0,0.22037452459335327,0.3937448,0.8450451,0.9999387,0.9300735,0,0.6593847870826721
TSBD_WSSV_9291ca740d,1,1,2,0.870871,0.004904589,0.08984052,0.05578166,1.4233858e-05,0.013911883,0,0.12024068087339401,0.09068344,0.055154625,1.8248917e-06,0.009208294,0,0.22037452459335327,0.819476,0.8890637,0.999984,0.97687984,1,0.6593847870826721
TSBD_WSSV_73bc44153b,1,1,2,0.8714256,0.004835288,0.091934465,0.056631967,1.52511375e-05,0.014311884,0,0.12024068087339401,0.08811651,0.054350458,1.7304819e-06,0.008957488,0,0.22037452459335327,0.81994903,0.8890176,0.99998295,0.97673064,1,0.6593847870826721
TSBD_WSSV_4491558e57,1,0,2,0.81890136,0.010591969,0.15530582,0.07326426,5.1549363e-05,0.025047367,0,0.12024068087339401,0.072668076,0.04753852,1.1067141e-06,0.007330747,0,0.22037452459335327,0.7720261,0.87919724,0.9999474,0.9676219,0,0.6593847870826721
TSBD_WSSV_1ee4a00587,1,0,2,0.86897385,0.0050499835,0.09697849,0.05837819,1.7447235e-05,0.015199526,0,0.12024068087339401,0.08571575,0.053428657,1.6189596e-06,0.008694657,0,0.22037452459335327,0.8173058,0.8881932,0.9999809,0.9761058,0,0.6593847870826721
TSBD_WSSV_ecb905238d,1,0,2,0.8702849,0.0049454495,0.087211415,0.05682305,1.564261e-05,0.014150737,0,0.12024068087339401,0.09383255,0.054616477,1.7676907e-06,0.009221066,0,0.22037452459335327,0.818956,0.8885605,0.9999826,0.9766282,0,0.6593847870826721
TSBD_WSSV_ccd255a2df,1,0,2,0.8577556,0.006456987,0.11212949,0.05881355,1.8202378e-05,0.016230874,0,0.12024068087339401,0.07926138,0.05312035,1.5850669e-06,0.008427483,0,0.22037452459335327,0.8086091,0.8880662,0.9999802,0.9753416,0,0.6593847870826721
TSBD_WSSV_584c5a10d0,1,0,2,0.8681391,0.00513421,0.092761084,0.057375498,1.6344846e-05,0.01466401,0,0.12024068087339401,0.090777814,0.054578427,1.7732344e-06,0.009125929,0,0.22037452459335327,0.8164611,0.888046,0.9999819,0.9762101,0,0.6593847870826721
TSBD_WSSV_aa58f57ab0,1,0,2,0.85476863,0.006796386,0.11043799,0.057908785,1.6990902e-05,0.015834171,0,0.12024068087339401,0.08389873,0.054050248,1.6910084e-06,0.008788771,0,0.22037452459335327,0.8056633,0.88804096,0.9999813,0.975377,0,0.6593847870826721
TSBD_WSSV_4f3b6f89a8,1,1,2,0.8719057,0.0047727646,0.09034321,0.056921635,1.5635094e-05,0.014326356,0,0.12024068087339401,0.08928685,0.054159775,1.7081169e-06,0.008960068,0,0.22037452459335327,0.82036996,0.8889186,0.9999827,0.97671354,1,0.6593847870826721
TSBD_WSSV_279702ba92,1,0,2,0.8661888,0.0053450866,0.09307868,0.058588117,1.8317322e-05,0.0151694575,0,0.12024068087339401,0.0922515,0.05366002,1.6997631e-06,0.009035389,0,0.22037452459335327,0.81466985,0.8877519,0.99998,0.97579515,0,0.6593847870826721
TSBD_WSSV_9dc876dd17,1,0,2,0.863559,0.0057057696,0.09942469,0.056906715,1.5442349e-05,0.014821273,0,0.12024068087339401,0.08793357,0.054825436,1.7734861e-06,0.009056451,0,0.22037452459335327,0.81264174,0.8882679,0.9999827,0.97612226,0,0.6593847870826721
TSBD_WSSV_0ce34b5766,1,0,2,0.8699081,0.0049203653,0.09359467,0.05907089,1.8681892e-05,0.015294742,0,0.12024068087339401,0.08835053,0.052987743,1.5822843e-06,0.008711865,0,0.22037452459335327,0.8180548,0.8879413,0.99997973,0.9759934,0,0.6593847870826721
TSBD_WSSV_6c3afb6716,1,0,2,0.8197605,0.01127195,0.14355925,0.062335934,2.4084495e-05,0.019426735,0,0.12024068087339401,0.07751673,0.051561803,1.4248207e-06,0.008166712,0,0.22037452459335327,0.778924,0.8861022,0.9999745,0.97240657,0,0.6593847870826721
TSBD_WSSV_366db07a25,1,0,2,0.86463505,0.005614181,0.102465115,0.057532255,1.6504036e-05,0.01524153,0,0.12024068087339401,0.083544776,0.053980112,1.6907127e-06,0.00874258,0,0.22037452459335327,0.8139901,0.88848764,0.9999819,0.9760159,0,0.6593847870826721
TSBD_WSSV_b84a0005bf,1,0,2,0.85779184,0.006354894,0.109882645,0.05931637,1.8860686e-05,0.016301634,0,0.12024068087339401,0.08245459,0.053277075,1.6191796e-06,0.008596925,0,0.22037452459335327,0.8076627,0.8874065,0.9999795,0.9751015,0,0.6593847870826721
TSBD_WSSV_6624c91a73,1,0,2,0.8701681,0.004948143,0.093500726,0.05742905,1.637446e-05,0.014701693,0,0.12024068087339401,0.08789916,0.053933777,1.6827615e-06,0.008873108,0,0.22037452459335327,0.8186001,0.8886372,0.999982,0.9764252,0,0.6593847870826721
TSBD_WSSV_8a1517bc0e,1,0,2,0.8621532,0.005859198,0.081121676,0.050728038,8.9160185e-06,0.011762127,0,0.12024068087339401,0.10754684,0.06119139,2.7868725e-06,0.011194003,0,0.22037452459335327,0.8113315,0.88808054,0.9999883,0.97704387,0,0.6593847870826721
TSBD_WSSV_cada06cffd,1,1,2,0.87115866,0.0048619434,0.08733801,0.056930654,1.570322e-05,0.014174864,0,0.12024068087339401,0.092812516,0.05428686,1.7450482e-06,0.00913336,0,0.22037452459335327,0.8198495,0.88878256,0.9999825,0.97669184,1,0.6593847870826721
TSBD_WSSV_72abeff3dc,1,0,2,0.86727613,0.0052354136,0.097559586,0.058527034,1.7768183e-05,0.015313836,0,0.12024068087339401,0.08676043,0.053427946,1.620788e-06,0.008738843,0,0.22037452459335327,0.81567997,0.888045,0.99998057,0.9759473,0,0.6593847870826721
TSBD_WSSV_71629aa3f2,1,0,2,0.86852026,0.0051475107,0.09298958,0.05691001,1.5414544e-05,0.014448288,0,0.12024068087339401,0.08986426,0.05438364,1.7151821e-06,0.009016157,0,0.22037452459335327,0.8171461,0.8887064,0.99998295,0.97653556,0,0.6593847870826721
TSBD_WSSV_bd69e16b82,0,0,2,0.16971011,0.23867342,0.10862449,0.045084126,5.0504973e-06,0.016518224,0,0.12024068087339401,0.6583661,0.07639504,7.2409434e-06,0.042287603,0,0.22037452459335327,0.23300941,0.87852085,0.9999877,0.94119424,0,0.6593847870826721
TSBD_WSSV_6fd5eb945a,0,0,2,0.13506341,0.27250677,0.80121547,0.16674459,0.0026646731,0.25724176,0,0.12024068087339401,0.13348797,0.11535364,0.00018090465,0.06796509,0,0.22037452459335327,0.06529661,0.7179018,0.99715436,0.6747931,0,0.6593847870826721
TSBD_WSSV_7ed3990ccb,1,0,1,0.8031245,0.011419315,0.08809127,0.07942887,6.607728e-06,0.014394597,0,0.12024068087339401,0.75875247,0.8579095,0.99998593,0.96951556,0,0.22037452459335327,0.15315628,0.06266171,7.4672066e-06,0.016089851,0,0.6593847870826721
TSBD_WSSV_8b1c70a3bc,1,0,1,0.76952213,0.01614131,0.086154975,0.061558127,2.7557298e-06,0.0107814185,0,0.12024068087339401,0.7284233,0.8639531,0.99997914,0.9668413,0,0.22037452459335327,0.1854217,0.07448881,1.8073528e-05,0.022377307,0,0.6593847870826721
TSBD_WSSV_f583f8e371,1,0,2,0.86807483,0.0051849354,0.08934031,0.056595095,1.4847655e-05,0.014111151,0,0.12024068087339401,0.09391814,0.054961283,1.7768493e-06,0.009268981,0,0.22037452459335327,0.81674165,0.8884436,0.9999833,0.97661984,0,0.6593847870826721
TSBD_WSSV_493953f127,1,1,2,0.8710014,0.004871196,0.09005418,0.057106454,1.6046288e-05,0.014409916,0,0.12024068087339401,0.09041538,0.054081645,1.7116041e-06,0.008999943,0,0.22037452459335327,0.8195304,0.8888118,0.99998224,0.97659016,1,0.6593847870826721
TSBD_WSSV_1139b0bbb2,1,0,2,0.87016046,0.004965552,0.09380155,0.057136983,1.6048753e-05,0.014624527,0,0.12024068087339401,0.08750375,0.054042615,1.7072546e-06,0.008892173,0,0.22037452459335327,0.8186947,0.8888204,0.99998224,0.9764833,0,0.6593847870826721
TSBD_WSSV_735499e204,0,0,2,0.3257381,0.1249437,0.47529575,0.062501155,2.3816212e-05,0.034965184,0,0.12024068087339401,0.067645974,0.052587382,1.5395235e-06,0.00945438,0,0.22037452459335327,0.45705825,0.8849115,0.9999746,0.9555804,0,0.6593847870826721
TSBD_WSSV_01066cc969,1,0,2,0.85241103,0.0071757725,0.07279085,0.050543237,8.81428e-06,0.011309171,0,0.12024068087339401,0.12220116,0.0613196,2.8037632e-06,0.011761494,0,0.22037452459335327,0.80500793,0.88813716,0.9999883,0.97692937,0,0.6593847870826721
TSBD_WSSV_941d089361,1,0,2,0.7764552,0.016444162,0.1693972,0.06756254,3.27954e-05,0.023084799,0,0.12024068087339401,0.08990504,0.05431435,1.834857e-06,0.009417488,0,0.22037452459335327,0.7406977,0.8781231,0.9999654,0.9674977,0,0.6593847870826721
TSBD_WSSV_629e5c7c92,1,0,2,0.8599406,0.0060467343,0.10157665,0.058506086,1.7452827e-05,0.015517452,0,0.12024068087339401,0.08959983,0.054172352,1.7111872e-06,0.009015626,0,0.22037452459335327,0.8088235,0.88732153,0.9999809,0.9754669,0,0.6593847870826721
TSBD_WSSV_cf01831715,1,0,2,0.860106,0.0061310157,0.09103484,0.055236954,1.33934955e-05,0.013801775,0,0.12024068087339401,0.099314466,0.056343216,2.02151e-06,0.009835546,0,0.22037452459335327,0.8096507,0.8884198,0.9999846,0.9763627,0,0.6593847870826721
TSBD_WSSV_2c0f3e0b28,1,0,2,0.85832053,0.0063973274,0.10752393,0.057494972,1.6379756e-05,0.01550266,0,0.12024068087339401,0.083643466,0.053991217,1.6885552e-06,0.008761614,0,0.22037452459335327,0.8088326,0.8885138,0.999982,0.9757358,0,0.6593847870826721
TSBD_WSSV_801c0b8b82,1,0,2,0.85458225,0.006880749,0.10881669,0.05690132,1.5303855e-05,0.015305083,0,0.12024068087339401,0.085328266,0.054353554,1.7117115e-06,0.0088848155,0,0.22037452459335327,0.8058551,0.8887452,0.9999831,0.9758101,0,0.6593847870826721
TSBD_WSSV_f2274525f7,1,1,2,0.8723453,0.0047317217,0.088938616,0.05638337,1.4818742e-05,0.01403487,0,0.12024068087339401,0.09021801,0.054596875,1.7550436e-06,0.009073656,0,0.22037452459335327,0.8208434,0.8890197,0.99998343,0.97689146,1,0.6593847870826721
TSBD_WSSV_2e17c58aad,1,1,2,0.87252074,0.004701318,0.08850506,0.056945447,1.5708314e-05,0.014236755,0,0.12024068087339401,0.09050476,0.054197237,1.7225678e-06,0.009018821,0,0.22037452459335327,0.82099015,0.88885736,0.9999826,0.9767444,1,0.6593847870826721
TSBD_WSSV_bb9d07b1e5,1,1,2,0.87205625,0.0048009837,0.0853392,0.05571282,1.4115107e-05,0.013626295,0,0.12024068087339401,0.093737364,0.055007085,1.8172747e-06,0.009291825,0,0.22037452459335327,0.8209234,0.88928,0.99998415,0.9770819,1,0.6593847870826721
TSBD_WSSV_950d6de8a1,1,0,2,0.6588795,0.025748909,0.089363776,0.040883143,8.005736e-06,0.010935164,0,0.12024068087339401,0.14212021,0.32274044,0.021171357,0.15761845,0,0.22037452459335327,0.76851606,0.6363764,0.9788206,0.83144635,0,0.6593847870826721
TSBD_WSSV_0b909fea6f,1,0,2,0.8551706,0.006727023,0.111072026,0.058559436,1.7822658e-05,0.016096584,0,0.12024068087339401,0.08307271,0.053589907,1.6577434e-06,0.0086888075,0,0.22037452459335327,0.8058553,0.8878507,0.99998045,0.97521454,0,0.6593847870826721
TSBD_WSSV_50b41d3123,1,1,2,0.8721884,0.004768702,0.087263554,0.05586043,1.4433222e-05,0.013810314,0,0.12024068087339401,0.091889635,0.054945774,1.814702e-06,0.009219712,0,0.22037452459335327,0.8208468,0.8891938,0.9999838,0.97696996,1,0.6593847870826721
TSBD_WSSV_1d66e28720,1,1,2,0.8713779,0.004887305,0.0836034,0.055870377,1.4404509e-05,0.013603492,0,0.12024068087339401,0.09587362,0.054956153,1.8052344e-06,0.009350814,0,0.22037452459335327,0.820523,0.8891735,0.9999838,0.9770458,1,0.6593847870826721
TSBD_WSSV_f9303a9060,1,0,2,0.8660803,0.0055530705,0.07995062,0.056118447,1.4579391e-05,0.013473498,0,0.12024068087339401,0.10331316,0.055022158,1.8138834e-06,0.009628648,0,0.22037452459335327,0.8167362,0.88885933,0.99998367,0.97689784,0,0.6593847870826721
TSBD_WSSV_ffd6ae5c1c,1,0,2,0.87079805,0.0048875106,0.09087837,0.057123702,1.6038302e-05,0.014457975,0,0.12024068087339401,0.08984419,0.054122444,1.7109284e-06,0.008983284,0,0.22037452459335327,0.81927735,0.88875383,0.99998224,0.97655874,0,0.6593847870826721
TSBD_WSSV_6a97515cc2,1,0,2,0.8633567,0.005895499,0.077790245,0.055421833,1.3765798e-05,0.013130789,0,0.12024068087339401,0.107469805,0.055855576,1.937666e-06,0.0099686505,0,0.22037452459335327,0.81473994,0.8887226,0.9999844,0.9769006,0,0.6593847870826721
TSBD_WSSV_6a19d7effb,1,0,2,0.8599049,0.0061807297,0.100525126,0.056145754,1.4498445e-05,0.014619734,0,0.12024068087339401,0.08977335,0.05522936,1.8271149e-06,0.009217597,0,0.22037452459335327,0.8097015,0.88862497,0.99998367,0.9761626,0,0.6593847870826721
TSBD_WSSV_9872bb742f,1,0,2,0.87002707,0.0049535017,0.09272974,0.05767189,1.6763179e-05,0.014757097,0,0.12024068087339401,0.08885512,0.053826537,1.6789472e-06,0.008895362,0,0.22037452459335327,0.81841516,0.8885016,0.9999815,0.97634757,0,0.6593847870826721
TSBD_WSSV_e44f2c0a8a,1,0,2,0.86066544,0.00616742,0.0811069,0.055891924,1.41168e-05,0.013458,0,0.12024068087339401,0.107101336,0.05565432,1.8654634e-06,0.009876788,0,0.22037452459335327,0.8117918,0.8884538,0.999984,0.9766652,0,0.6593847870826721
TSBD_WSSV_f1294af3d4,1,0,2,0.76259315,0.019134283,0.19015442,0.068880536,3.8255763e-05,0.024993178,0,0.12024068087339401,0.07255763,0.04914308,1.2034283e-06,0.0076724244,0,0.22037452459335327,0.7372879,0.88197637,0.99996054,0.9673344,0,0.6593847870826721
TSBD_WSSV_264790eb51,1,0,2,0.8657241,0.005458921,0.089311846,0.058053005,1.7085877e-05,0.014686239,0,0.12024068087339401,0.09585905,0.053778004,1.6505952e-06,0.0091141425,0,0.22037452459335327,0.8148291,0.888169,0.9999813,0.97619957,0,0.6593847870826721
TSBD_WSSV_11430ce0d0,1,0,2,0.8651523,0.005504363,0.08998638,0.05825493,1.7302187e-05,0.014789126,0,0.12024068087339401,0.09584954,0.053803697,1.6708226e-06,0.009140471,0,0.22037452459335327,0.8141641,0.8879414,0.99998105,0.9760704,0,0.6593847870826721
TSBD_WSSV_74c3607b95,1,0,2,0.8347933,0.009573989,0.12753238,0.05647144,1.4958884e-05,0.016130526,0,0.12024068087339401,0.07972271,0.05479974,1.795019e-06,0.008834791,0,0.22037452459335327,0.79274493,0.8887289,0.9999833,0.9750347,0,0.6593847870826721
TSBD_WSSV_2c43cd74d0,1,0,2,0.6500734,0.039081797,0.25663266,0.06251123,2.4354542e-05,0.024947008,0,0.12024068087339401,0.0658196,0.051519327,1.4252579e-06,0.008051034,0,0.22037452459335327,0.67754775,0.8859694,0.99997425,0.9670019,0,0.6593847870826721
TSBD_WSSV_59d2b7350f,1,1,2,0.87089294,0.0048686415,0.08902887,0.057298183,1.6004888e-05,0.014369032,0,0.12024068087339401,0.09157418,0.05412261,1.7072272e-06,0.009040182,0,0.22037452459335327,0.81939703,0.8885792,0.99998236,0.9765908,1,0.6593847870826721
TSBD_WSSV_5e189248db,1,0,2,0.755454,0.02102138,0.1921454,0.062710375,2.4509205e-05,0.021980437,0,0.12024068087339401,0.067069866,0.051087573,1.3663449e-06,0.007784593,0,0.22037452459335327,0.7407847,0.886202,0.99997413,0.970235,0,0.6593847870826721
TSBD_WSSV_9f5ca0e80d,1,0,2,0.8542018,0.006678176,0.1188704,0.063282825,2.5727366e-05,0.018372532,0,0.12024068087339401,0.0771189,0.05070985,1.3575242e-06,0.007935654,0,0.22037452459335327,0.8040106,0.8860073,0.99997294,0.9736918,0,0.6593847870826721
TSBD_WSSV_b626137b45,1,0,2,0.81859934,0.011689791,0.14712621,0.06086982,2.154832e-05,0.01894186,0,0.12024068087339401,0.071675345,0.051976275,1.4689796e-06,0.008016087,0,0.22037452459335327,0.78119844,0.8871539,0.999977,0.973042,0,0.6593847870826721
TSBD_WSSV_27c2a5d56f,1,0,2,0.87039346,0.0049140947,0.091393895,0.057337474,1.5994268e-05,0.014507335,0,0.12024068087339401,0.08982382,0.0541381,1.6893515e-06,0.008963625,0,0.22037452459335327,0.81878227,0.8885244,0.99998236,0.97652906,0,0.6593847870826721
TSBD_WSSV_eee60542d7,1,0,2,0.5526764,0.059103962,0.31150725,0.05960708,1.9243224e-05,0.025655864,0,0.12024068087339401,0.06782915,0.0533677,1.6247507e-06,0.008732963,0,0.22037452459335327,0.62066364,0.8870252,0.99997914,0.9656112,0,0.6593847870826721
TSBD_WSSV_d9ea0715c2,1,0,2,0.8695055,0.005008766,0.09425499,0.05779588,1.6807855e-05,0.014866889,0,0.12024068087339401,0.08784813,0.053755857,1.6537012e-06,0.008829719,0,0.22037452459335327,0.8178969,0.8884482,0.9999815,0.9763034,0,0.6593847870826721
TSBD_WSSV_514bb3ccf8,1,0,2,0.8464891,0.007711862,0.1187244,0.060332548,2.0862666e-05,0.017281687,0,0.12024068087339401,0.08317769,0.052915625,1.61089e-06,0.008617937,0,0.22037452459335327,0.79809797,0.8867518,0.99997747,0.97410035,0,0.6593847870826721
TSBD_WSSV_d3cfe64d62,1,0,2,0.86107147,0.0060747066,0.10635704,0.05734538,1.6296786e-05,0.015394922,0,0.12024068087339401,0.08231456,0.054082055,1.7085359e-06,0.008731326,0,0.22037452459335327,0.8113285,0.8885725,0.999982,0.9758737,0,0.6593847870826721
TSBD_WSSV_f825fa69cd,1,0,2,0.81365854,0.012541691,0.14760366,0.058142386,1.7379e-05,0.017812682,0,0.12024068087339401,0.07285864,0.053815614,1.6791527e-06,0.008420036,0,0.22037452459335327,0.7795377,0.888042,0.9999809,0.9737673,0,0.6593847870826721
TSBD_WSSV_b899fa53da,1,1,2,0.87130076,0.004856469,0.08403601,0.056627043,1.4878781e-05,0.01380353,0,0.12024068087339401,0.09569568,0.05470743,1.7359702e-06,0.009255385,0,0.22037452459335327,0.8202683,0.8886655,0.9999833,0.9769411,1,0.6593847870826721
TSBD_WSSV_8b9052d96f,1,0,2,0.8705059,0.005009041,0.08039407,0.056019023,1.4546906e-05,0.013463749,0,0.12024068087339401,0.099340424,0.0550342,1.831698e-06,0.009503469,0,0.22037452459335327,0.8202655,0.88894683,0.99998367,0.9770328,0,0.6593847870826721
TSBD_WSSV_376e37e18c,1,0,2,0.86654574,0.005453688,0.08065769,0.055707563,1.3743104e-05,0.013315312,0,0.12024068087339401,0.10270166,0.055663887,1.8660743e-06,0.009716124,0,0.22037452459335327,0.8166407,0.8886286,0.9999844,0.9769686,0,0.6593847870826721
TSBD_WSSV_33b7d18fc1,1,0,2,0.8643497,0.0055975653,0.10415129,0.059159286,1.914849e-05,0.015990436,0,0.12024068087339401,0.08249561,0.052830234,1.590896e-06,0.008515631,0,0.22037452459335327,0.81335306,0.8880105,0.99997926,0.97549385,0,0.6593847870826721
TSBD_WSSV_5ae365cdb5,1,0,2,0.8429923,0.007964116,0.12649375,0.06379858,2.5888494e-05,0.018947262,0,0.12024068087339401,0.07935326,0.051587302,1.4486835e-06,0.008217179,0,0.22037452459335327,0.794153,0.88461417,0.9999727,0.97283554,0,0.6593847870826721
TSBD_WSSV_48983cce39,1,0,2,0.79875666,0.011728805,0.18365078,0.09136216,0.00014158312,0.03622127,0,0.12024068087339401,0.07107982,0.043934368,8.96763e-07,0.0067909043,0,0.22037452459335327,0.74526936,0.8647035,0.9998574,0.95698786,0,0.6593847870826721
TSBD_WSSV_f41afb12de,1,0,2,0.86266,0.0057835095,0.105499886,0.059204757,1.8788303e-05,0.016018845,0,0.12024068087339401,0.082691915,0.053007066,1.589192e-06,0.008539897,0,0.22037452459335327,0.81180817,0.8877881,0.9999796,0.9754412,0,0.6593847870826721
TSBD_WSSV_719214e8fc,1,0,2,0.8691214,0.005163694,0.079806425,0.0546912,1.2815171e-05,0.012962516,0,0.12024068087339401,0.10135814,0.05630744,1.9692889e-06,0.009818281,0,0.22037452459335327,0.8188354,0.88900137,0.9999851,0.9772192,0,0.6593847870826721
TSBD_WSSV_f9b891c236,1,0,2,0.8697554,0.0050046127,0.09313979,0.057193536,1.601098e-05,0.014591361,0,0.12024068087339401,0.08858589,0.054077,1.6907603e-06,0.008917815,0,0.22037452459335327,0.8182743,0.88872945,0.99998236,0.9764908,0,0.6593847870826721
TSBD_WSSV_60bf799ad0,1,0,2,0.83564204,0.009484733,0.13156934,0.05798688,1.7052962e-05,0.016928134,0,0.12024068087339401,0.074312456,0.053697914,1.6537514e-06,0.008396397,0,0.22037452459335327,0.79411817,0.88831526,0.9999813,0.9746754,0,0.6593847870826721
TSBD_WSSV_3221471a09,1,0,2,0.8565312,0.0066882917,0.110753775,0.056979377,1.5744472e-05,0.015480801,0,0.12024068087339401,0.08105718,0.054192256,1.7149443e-06,0.008708993,0,0.22037452459335327,0.80818903,0.8888284,0.9999826,0.97581017,0,0.6593847870826721
TSBD_WSSV_81c77d6283,1,0,2,0.7071571,0.02677275,0.24291353,0.082638524,9.011156e-05,0.035668984,0,0.12024068087339401,0.06486791,0.04461303,8.879983e-07,0.006758418,0,0.22037452459335327,0.6922186,0.8727484,0.99990904,0.9575726,0,0.6593847870826721
TSBD_WSSV_7ba0bac7cd,1,0,2,0.64167655,0.040429406,0.26625666,0.06535686,2.9408939e-05,0.026847066,0,0.12024068087339401,0.06332396,0.049974564,1.2822566e-06,0.007692116,0,0.22037452459335327,0.67041934,0.8846686,0.99996924,0.9654608,0,0.6593847870826721
TSBD_WSSV_b8b164e72b,1,0,2,0.8312624,0.010126004,0.13508236,0.057756014,1.6580785e-05,0.016975466,0,0.12024068087339401,0.07329209,0.05374721,1.6626125e-06,0.008376461,0,0.22037452459335327,0.7916256,0.88849676,0.99998176,0.97464806,0,0.6593847870826721
TSBD_WSSV_7942e3c67c,1,0,2,0.72118086,0.026730053,0.20903063,0.059942927,2.0003781e-05,0.021485299,0,0.12024068087339401,0.06947517,0.052730788,1.5514295e-06,0.008271401,0,0.22037452459335327,0.7214942,0.8873263,0.9999784,0.9702433,0,0.6593847870826721
TSBD_WSSV_e572949946,1,0,2,0.8023561,0.013892377,0.15848546,0.06180817,2.2807208e-05,0.019892862,0,0.12024068087339401,0.072156265,0.051748384,1.4425159e-06,0.008027669,0,0.22037452459335327,0.7693583,0.8864435,0.9999758,0.9720795,0,0.6593847870826721
TSBD_WSSV_a204c36610,0,0,2,0.16279721,0.24982432,0.7585419,0.116591275,0.00048085357,0.12768409,0,0.12024068087339401,0.06319773,0.041786853,8.96175e-07,0.009592542,0,0.22037452459335327,0.17826034,0.8416218,0.99951816,0.86272335,0,0.6593847870826721
TSBD_WSSV_9c4b4f11b8,1,0,2,0.8456252,0.0070758746,0.12900537,0.072431,4.718799e-05,0.02278126,0,0.12024068087339401,0.078948304,0.048011106,1.14578e-06,0.007579258,0,0.22037452459335327,0.79204637,0.87955797,0.9999516,0.9696395,0,0.6593847870826721
TSBD_WSSV_687a703a75,1,0,2,0.85169077,0.007074139,0.11777565,0.06069523,2.1106915e-05,0.017289594,0,0.12024068087339401,0.07956798,0.052616198,1.5776216e-06,0.008413439,0,0.22037452459335327,0.8026564,0.8866886,0.99997735,0.9742969,0,0.6593847870826721
TSBD_WSSV_60273dd644,1,0,2,0.86677945,0.005330411,0.09123517,0.05644996,1.4864556e-05,0.014207805,0,0.12024068087339401,0.09328985,0.055122845,1.8243892e-06,0.009312278,0,0.22037452459335327,0.8154749,0.88842714,0.9999833,0.9764799,0,0.6593847870826721
TSBD_WSSV_c29e86db5b,1,0,2,0.7873763,0.015889995,0.17096761,0.06406474,2.6869786e-05,0.021546327,0,0.12024068087339401,0.07101876,0.051021576,1.3973623e-06,0.007916871,0,0.22037452459335327,0.75801367,0.8849137,0.99997175,0.97053677,0,0.6593847870826721
TSBD_WSSV_79fa511ed0,1,0,2,0.83071053,0.00983065,0.13470076,0.060991537,2.1513968e-05,0.01833832,0,0.12024068087339401,0.07804418,0.052604645,1.5569261e-06,0.008382978,0,0.22037452459335327,0.78725505,0.88640386,0.999977,0.9732787,0,0.6593847870826721
TSBD_WSSV_58e35ef754,0,0,2,0.08320091,0.3564887,0.822766,0.075627334,5.936858e-05,0.08799688,0,0.12024068087339401,0.073824115,0.050283697,1.4538223e-06,0.014997457,0,0.22037452459335327,0.10340984,0.87408894,0.9999392,0.8970057,0,0.6593847870826721
TSBD_WSSV_1ce4e5b49f,1,0,2,0.8301481,0.009783974,0.1020451,0.05202266,1.0440789e-05,0.013442284,0,0.12024068087339401,0.11369045,0.060836647,2.8128752e-06,0.01152313,0,0.22037452459335327,0.78426445,0.8871407,0.99998665,0.9750346,0,0.6593847870826721
TSBD_WSSV_ea57134108,0,0,1,0.40287742,0.06969121,0.061117668,0.030382043,3.834607e-06,0.0070371926,0,0.12024068087339401,0.15027681,0.49166682,0.32029444,0.32553166,0,0.22037452459335327,0.7886055,0.47795114,0.67970175,0.6674311,0,0.6593847870826721
TSBD_WSSV_8b1af1900d,1,0,2,0.8693961,0.0035933452,0.07180312,0.037571583,2.3734292e-06,0.00758648,0,0.12024068087339401,0.114211544,0.0949526,1.9575247e-05,0.020656,0,0.22037452459335327,0.8139854,0.86747587,0.99997807,0.9717575,0,0.6593847870826721
TSBD_WSSV_2f46cb1b79,1,0,2,0.8585716,0.006374546,0.10892803,0.057760745,1.6669157e-05,0.015657494,0,0.12024068087339401,0.08183416,0.05379559,1.6571162e-06,0.008646484,0,0.22037452459335327,0.8092378,0.8884437,0.99998164,0.975696,0,0.6593847870826721
TSBD_WSSV_383e727d4a,1,0,2,0.86726314,0.005227616,0.09950397,0.05896499,1.8594672e-05,0.015611509,0,0.12024068087339401,0.08485058,0.053130135,1.5997074e-06,0.008625737,0,0.22037452459335327,0.8156455,0.8879048,0.99997985,0.9757628,0,0.6593847870826721
TSBD_WSSV_b076b7af44,1,0,2,0.869571,0.004963336,0.0928364,0.05843643,1.7753819e-05,0.015026321,0,0.12024068087339401,0.08939826,0.053578354,1.6730605e-06,0.008891969,0,0.22037452459335327,0.8177654,0.8879853,0.99998057,0.9760817,0,0.6593847870826721
TSBD_WSSV_6a65b3c303,1,0,2,0.8696878,0.004996523,0.094391376,0.05768216,1.676011e-05,0.014850645,0,0.12024068087339401,0.08749142,0.053767912,1.6798522e-06,0.008844483,0,0.22037452459335327,0.8181172,0.8885499,0.9999815,0.9763049,0,0.6593847870826721
TSBD_WSSV_d552ad13be,1,0,1,0.6239998,0.04070188,0.0598567,0.05496625,1.9645465e-06,0.00876473,0,0.12024068087339401,0.6376558,0.8600337,0.9999621,0.95760655,0,0.22037452459335327,0.30248746,0.085000046,3.596284e-05,0.03362871,0,0.6593847870826721
TSBD_WSSV_64069923e3,1,0,2,0.707584,0.022287758,0.27683127,0.12153638,0.0005676431,0.06448815,0,0.12024068087339401,0.06330668,0.039550755,7.164767e-07,0.0061099725,0,0.22037452459335327,0.65986204,0.8389129,0.99943167,0.92940193,0,0.6593847870826721
