sample_id,tri_consensus,selected,consensus_class,tri_score,source_ema_js,p_source_BG,p_ema_BG,p_proto_BG,q_consensus_BG,selected_BG,target_prior_BG,p_source_Healthy,p_ema_Healthy,p_proto_Healthy,q_consensus_Healthy,selected_Healthy,target_prior_Healthy,p_source_WSSV,p_ema_WSSV,p_proto_WSSV,q_consensus_WSSV,selected_WSSV,target_prior_WSSV
TSBD_BG_b9ded89290,1,1,0,0.8953765,0.003387541,0.8499111,0.9038008,0.9999877,0.97968733,1,0.12218945473432541,0.07410187,0.04698521,5.6344197e-06,0.009830321,0,0.3730180561542511,0.07598704,0.04921401,6.6977423e-06,0.010482372,0,0.5047924518585205
TSBD_BG_ec6804e1c1,1,1,0,0.8956216,0.0033798115,0.85025936,0.90403277,0.9999877,0.979744,1,0.12218945473432541,0.07524921,0.047720436,6.176873e-06,0.01013524,0,0.3730180561542511,0.07449144,0.048246685,6.0903494e-06,0.010120776,0,0.5047924518585205
TSBD_BG_e6c7f786d1,1,1,0,0.89472556,0.0034715203,0.8494048,0.9038857,0.9999875,0.9796161,1,0.12218945473432541,0.07775127,0.048060182,6.443907e-06,0.0103752045,0,0.3730180561542511,0.07284393,0.04805403,6.035787e-06,0.010008724,0,0.5047924518585205
TSBD_BG_27046d49de,1,1,0,0.8929104,0.0036488562,0.84751785,0.9035951,0.99998736,0.9794485,1,0.12218945473432541,0.072472475,0.047293965,5.9051454e-06,0.00988352,0,0.3730180561542511,0.08000962,0.04911099,6.684257e-06,0.010668004,0,0.5047924518585205
TSBD_BG_ef94f9e30a,1,0,2,0.85537887,0.0042767944,0.10398955,0.0849033,2.3376093e-05,0.019928426,0,0.12218945473432541,0.101549156,0.056950033,1.7432285e-06,0.009825078,0,0.3730180561542511,0.7944613,0.8581466,0.99997485,0.9702465,0,0.5047924518585205
TSBD_BG_014cc1626a,1,0,2,0.83203346,0.0069630304,0.07721689,0.059025787,5.9714316e-06,0.011704308,0,0.12218945473432541,0.15159628,0.08245404,1.1600943e-05,0.019674195,0,0.3730180561542511,0.7711868,0.8585202,0.9999825,0.9686215,0,0.5047924518585205
TSBD_BG_ab942e7799,0,0,0,0.32160112,0.088845216,0.29466033,0.50903195,0.7345904,0.5494086,0,0.12218945473432541,0.5258504,0.13874541,0.0040209587,0.1322984,0,0.3730180561542511,0.17948927,0.35222262,0.26138863,0.31829304,0,0.5047924518585205
TSBD_BG_92d3bac25d,1,1,0,0.8715628,0.006466791,0.83359283,0.9038935,0.9999877,0.97898185,1,0.12218945473432541,0.10424999,0.04808643,6.3634316e-06,0.011538887,0,0.3730180561542511,0.0621572,0.048020165,5.9037343e-06,0.00947932,0,0.5047924518585205
TSBD_BG_3179613a58,1,1,0,0.8277996,0.012239217,0.80218923,0.90326047,0.9999871,0.97724354,1,0.12218945473432541,0.1346088,0.049751867,7.4767636e-06,0.013392871,0,0.3730180561542511,0.06320201,0.046987712,5.3334493e-06,0.00936357,0,0.5047924518585205
TSBD_BG_72fcb5ad43,0,0,0,0.45541972,0.056448057,0.17707133,0.48726133,0.19501981,0.31271037,0,0.12218945473432541,0.74471706,0.47655946,0.80497766,0.6796545,0,0.3730180561542511,0.07821155,0.036179226,2.456988e-06,0.007635087,0,0.5047924518585205
TSBD_BG_1adf4fa166,1,1,0,0.88939494,0.0039660824,0.8436925,0.902723,0.99998677,0.97896117,1,0.12218945473432541,0.07680259,0.04767719,6.140886e-06,0.010218102,0,0.3730180561542511,0.07950494,0.049599744,7.0429237e-06,0.010820734,0,0.5047924518585205
TSBD_BG_19f57a7d83,1,0,1,0.726006,0.009919316,0.2005929,0.30689442,0.007641064,0.14571674,0,0.12218945473432541,0.7193493,0.6536879,0.992358,0.8474275,0,0.3730180561542511,0.08005777,0.039417665,8.9002674e-07,0.006855764,0,0.5047924518585205
TSBD_BG_b06b80d500,1,1,0,0.8935465,0.0035878671,0.8483024,0.9035873,0.9999875,0.97949296,1,0.12218945473432541,0.07971948,0.047976438,6.3534667e-06,0.010433628,0,0.3730180561542511,0.07197806,0.048436247,6.237797e-06,0.010073401,0,0.5047924518585205
TSBD_BG_5c745e387f,1,1,0,0.89539546,0.0034104935,0.8501283,0.90404207,0.9999877,0.97974724,1,0.12218945473432541,0.07715652,0.047810867,6.2078057e-06,0.010243907,0,0.3730180561542511,0.072715186,0.04814713,6.0360017e-06,0.010008894,0,0.5047924518585205
TSBD_BG_c333741c9b,1,0,0,0.8230007,0.012240276,0.79252684,0.89849365,0.99997544,0.9736232,0,0.12218945473432541,0.15121518,0.060812876,2.165025e-05,0.018941108,0,0.3730180561542511,0.056257956,0.04069348,2.812377e-06,0.007435696,0,0.5047924518585205
TSBD_BG_a3ac70c2de,1,0,1,0.51179755,0.05371779,0.13639897,0.4206327,0.06773928,0.22146544,0,0.12218945473432541,0.7761899,0.5424713,0.9322592,0.77101576,0,0.3730180561542511,0.087411106,0.03689603,1.5896342e-06,0.007518761,0,0.5047924518585205
TSBD_BG_6ff47981ea,0,0,0,0.19037704,0.22074297,0.29809466,0.90041894,0.99997985,0.9487633,0,0.12218945473432541,0.6335148,0.058240037,1.7141081e-05,0.040124338,0,0.3730180561542511,0.06839053,0.04134099,2.9699597e-06,0.0111123435,0,0.5047924518585205
TSBD_BG_64274bed67,1,0,1,0.8439282,0.004393354,0.11048258,0.120705225,6.222305e-05,0.029262168,0,0.12218945473432541,0.7911867,0.82951677,0.9999368,0.9626096,0,0.3730180561542511,0.098330736,0.04977796,9.2580416e-07,0.008128274,0,0.5047924518585205
TSBD_BG_7031e4d230,1,1,0,0.8910046,0.0039156293,0.8464142,0.9038017,0.9999875,0.9794756,1,0.12218945473432541,0.08388107,0.04822437,6.496968e-06,0.010700454,0,0.3730180561542511,0.06970472,0.047973968,5.9280837e-06,0.009823926,0,0.5047924518585205
TSBD_BG_03136a4786,1,0,2,0.7398441,0.017621038,0.074297965,0.1720713,0.00090793695,0.05196286,0,0.12218945473432541,0.1592684,0.075609185,1.6894432e-05,0.021126315,0,0.3730180561542511,0.76643366,0.7523195,0.9990752,0.9269108,0,0.5047924518585205
TSBD_BG_daacfdf534,1,1,0,0.8595119,0.005893112,0.8081808,0.8840049,0.99995255,0.9697684,1,0.12218945473432541,0.08375645,0.043005027,3.7991917e-06,0.009272949,0,0.3730180561542511,0.10806272,0.07299,4.3636555e-05,0.020958718,0,0.5047924518585205
TSBD_BG_873a3617a3,0,0,0,0.2843009,0.14340514,0.11909005,0.61830413,0.8394248,0.47910762,0,0.12218945473432541,0.10152519,0.038448147,4.00975e-06,0.011198443,0,0.3730180561542511,0.7793848,0.34324768,0.16057123,0.509694,0,0.5047924518585205
TSBD_BG_abfa756b67,1,1,0,0.84652823,0.0062481547,0.83816546,0.82110184,0.9987765,0.9419163,1,0.12218945473432541,0.07151996,0.03526428,1.4245447e-06,0.0065397336,0,0.3730180561542511,0.0903146,0.14363381,0.0012221135,0.051543947,0,0.5047924518585205
TSBD_BG_897409ab6a,1,0,2,0.85182965,0.0057803215,0.08269498,0.07013928,1.0322504e-05,0.014289129,0,0.12218945473432541,0.118882164,0.06082438,2.2088445e-06,0.011179113,0,0.3730180561542511,0.7984228,0.8690364,0.99998736,0.9745317,0,0.5047924518585205
TSBD_BG_029a32b87f,1,0,2,0.8116598,0.004310298,0.17207287,0.16127391,0.00046449417,0.059064876,0,0.12218945473432541,0.091657735,0.046724025,9.971094e-07,0.007940191,0,0.3730180561542511,0.7362694,0.7920021,0.9995346,0.9329949,0,0.5047924518585205
TSBD_BG_ad84846145,0,0,2,0.33089203,0.11781936,0.6713929,0.36158866,0.04292586,0.41537383,0,0.12218945473432541,0.18011019,0.043429494,2.5008678e-06,0.014365365,0,0.3730180561542511,0.14849687,0.59498185,0.9570716,0.57026076,0,0.5047924518585205
TSBD_BG_6250909f04,1,0,1,0.6796475,0.005092779,0.3870055,0.31369612,0.010080093,0.20249894,0,0.12218945473432541,0.54634005,0.64272356,0.9899183,0.7896645,0,0.3730180561542511,0.06665442,0.043580353,1.612563e-06,0.007836533,0,0.5047924518585205
TSBD_Healthy_c7fd512124,1,0,1,0.70609915,0.027312625,0.06245415,0.06718663,5.120677e-06,0.011527456,0,0.12218945473432541,0.70437807,0.86303777,0.9999908,0.9707089,0,0.3730180561542511,0.23316778,0.06977561,4.0755613e-06,0.01776366,0,0.5047924518585205
TSBD_Healthy_1ab857c1ee,0,0,1,0.3770439,0.110364,0.05697581,0.03901401,2.0029368e-06,0.008821774,0,0.12218945473432541,0.2623233,0.718931,0.99573034,0.76986074,0,0.3730180561542511,0.6807009,0.24205494,0.0042676586,0.22131743,0,0.5047924518585205
TSBD_Healthy_a4108c60ab,1,0,1,0.7758849,0.015933232,0.070962444,0.06856754,5.696081e-06,0.0122073535,0,0.12218945473432541,0.7445632,0.86275744,0.9999906,0.97209233,0,0.3730180561542511,0.18447433,0.06867502,3.7531536e-06,0.015700344,0,0.5047924518585205
TSBD_Healthy_603954b4fc,1,0,1,0.6752758,0.03128252,0.09193946,0.08330857,1.2827038e-05,0.017748782,0,0.12218945473432541,0.67458147,0.85336006,0.9999846,0.9664458,0,0.3730180561542511,0.23347911,0.06333139,2.6056778e-06,0.015805451,0,0.5047924518585205
TSBD_Healthy_a7669a6337,1,0,1,0.69253755,0.028813358,0.07329964,0.06885704,5.963113e-06,0.012809516,0,0.12218945473432541,0.68739325,0.859803,0.9999894,0.9684476,0,0.3730180561542511,0.23930715,0.071339965,4.6572363e-06,0.018742852,0,0.5047924518585205
TSBD_Healthy_0969d7950f,1,0,1,0.7289803,0.021714678,0.10756807,0.08718086,1.5364798e-05,0.019587839,0,0.12218945473432541,0.70198214,0.85200113,0.9999825,0.9667477,0,0.3730180561542511,0.19044976,0.06081797,2.1001877e-06,0.013664433,0,0.5047924518585205
TSBD_Healthy_3535a7f645,1,0,1,0.8279453,0.008175142,0.084749356,0.071903735,6.932274e-06,0.013625981,0,0.12218945473432541,0.77535343,0.86202145,0.99998987,0.97300243,0,0.3730180561542511,0.13989724,0.066074826,3.1741715e-06,0.013371564,0,0.5047924518585205
TSBD_Healthy_28874652ec,1,0,1,0.72025806,0.024929825,0.06802243,0.07316866,7.4764243e-06,0.013261557,0,0.12218945473432541,0.7144006,0.86112237,0.9999894,0.9708205,0,0.3730180561542511,0.21757701,0.06570896,3.101359e-06,0.015917951,0,0.5047924518585205
TSBD_Healthy_c9a3ba4645,1,0,1,0.81102645,0.010190403,0.15556043,0.07226429,7.000118e-06,0.017031308,0,0.12218945473432541,0.7583324,0.86250687,0.99999,0.9718283,0,0.3730180561542511,0.08610718,0.06522884,2.9714035e-06,0.011140388,0,0.5047924518585205
TSBD_Healthy_ec9cff4659,1,0,1,0.80917,0.00835993,0.17246872,0.09939843,2.668447e-05,0.026883235,0,0.12218945473432541,0.741111,0.8450099,0.99997187,0.96406174,0,0.3730180561542511,0.086420245,0.05559162,1.4331503e-06,0.009054996,0,0.5047924518585205
TSBD_Healthy_d0dd7481d3,1,0,1,0.8271758,0.0073956903,0.15105149,0.08234001,1.2251442e-05,0.019948596,0,0.12218945473432541,0.76531935,0.85742307,0.9999857,0.9701478,0,0.3730180561542511,0.08362914,0.060236957,2.1006852e-06,0.009903576,0,0.5047924518585205
TSBD_Healthy_9b9c4b2008,1,1,1,0.8461277,0.005680943,0.08520995,0.07027997,6.490171e-06,0.013267693,0,0.12218945473432541,0.78776866,0.86150444,0.99998975,0.9732017,1,0.3730180561542511,0.12702139,0.06821559,3.80687e-06,0.013530581,0,0.5047924518585205
TSBD_Healthy_6af33a64f0,1,1,1,0.85029286,0.0049065724,0.09848603,0.07499915,8.44388e-06,0.015148316,0,0.12218945473432541,0.7883644,0.86020386,0.9999887,0.9727997,1,0.3730180561542511,0.11314956,0.06479697,2.9335822e-06,0.012051943,0,0.5047924518585205
TSBD_Healthy_11508a2a47,1,1,0,0.89254963,0.0037169876,0.847476,0.9037753,0.9999877,0.97957236,1,0.12218945473432541,0.07931347,0.047206137,5.7174757e-06,0.010126917,0,0.3730180561542511,0.073210545,0.049018644,6.579544e-06,0.010300736,0,0.5047924518585205
TSBD_Healthy_9c80ffce77,1,0,1,0.83815664,0.006596403,0.086723,0.07164967,6.9327334e-06,0.013687896,0,0.12218945473432541,0.7808765,0.8603863,0.9999894,0.9726966,0,0.3730180561542511,0.13240045,0.067964,3.6259355e-06,0.01361549,0,0.5047924518585205
TSBD_Healthy_fdc6d1fa33,1,1,1,0.85168356,0.004789062,0.10312815,0.07138023,6.8207914e-06,0.014417067,0,0.12218945473432541,0.78861946,0.86212224,0.99998987,0.9732549,1,0.3730180561542511,0.10825242,0.0664975,3.3596984e-06,0.012328025,0,0.5047924518585205
TSBD_Healthy_8c646c1060,1,0,0,0.79762757,0.016361706,0.7806071,0.9017592,0.99998474,0.97529024,0,0.12218945473432541,0.15734114,0.05305196,1.0777476e-05,0.015794538,0,0.3730180561542511,0.062051676,0.04518884,4.514048e-06,0.008915259,0,0.5047924518585205
TSBD_Healthy_1b2ea804f3,1,0,1,0.83479404,0.006343754,0.1104706,0.08668559,1.4805688e-05,0.01897093,0,0.12218945473432541,0.77352434,0.85383195,0.9999833,0.97022504,0,0.3730180561542511,0.11600501,0.05948247,1.9000412e-06,0.010804011,0,0.5047924518585205
TSBD_Healthy_181a36e89e,1,0,1,0.8111039,0.006509954,0.13944586,0.13817605,0.00012332432,0.039370075,0,0.12218945473432541,0.74917865,0.81141454,0.99987555,0.9516412,0,0.3730180561542511,0.11137548,0.050409425,1.096107e-06,0.0089887045,0,0.5047924518585205
TSBD_Healthy_b13db56cba,0,0,1,0.15343575,0.25721887,0.06062612,0.07139806,7.198147e-06,0.018447915,0,0.12218945473432541,0.21634388,0.85664964,0.99998796,0.9407503,0,0.3730180561542511,0.72303003,0.0719523,4.891653e-06,0.040801793,0,0.5047924518585205
TSBD_Healthy_e91e5f3d2c,1,0,1,0.82392806,0.0074460357,0.15593061,0.08760422,1.5264206e-05,0.021736078,0,0.12218945473432541,0.75986,0.8543131,0.9999831,0.96887356,0,0.3730180561542511,0.08420941,0.058082663,1.7021805e-06,0.0093903635,0,0.5047924518585205
TSBD_Healthy_b9f53cb41a,0,0,1,0.2724278,0.16212228,0.609582,0.09567035,2.2491296e-05,0.050987873,0,0.12218945473432541,0.3349758,0.84900224,0.99997604,0.93910575,0,0.3730180561542511,0.05544214,0.055327404,1.4173418e-06,0.009906376,0,0.5047924518585205
TSBD_Healthy_eb22129a24,1,1,0,0.8806059,0.0052232593,0.8388505,0.90372086,0.99998736,0.97906315,1,0.12218945473432541,0.096824996,0.04925124,7.2171006e-06,0.01163222,0,0.3730180561542511,0.06432447,0.04702786,5.3641384e-06,0.009304609,0,0.5047924518585205
TSBD_Healthy_968a78b93d,1,0,1,0.83347815,0.0067252014,0.1381568,0.078119665,9.551871e-06,0.017925775,0,0.12218945473432541,0.77091074,0.85920763,0.99998796,0.97136486,0,0.3730180561542511,0.090932466,0.06267274,2.4814149e-06,0.010709392,0,0.5047924518585205
TSBD_Healthy_c7a3a188a8,1,0,0,0.8148675,0.0031212652,0.73078984,0.7924216,0.9945418,0.89061755,0,0.12218945473432541,0.21404889,0.17547293,0.0054570735,0.10381857,0,0.3730180561542511,0.055161227,0.03210544,1.1821911e-06,0.005563894,0,0.5047924518585205
TSBD_Healthy_f55a2f1b43,1,0,1,0.47953507,0.073512234,0.05459197,0.060353257,3.575103e-06,0.010508609,0,0.12218945473432541,0.5563804,0.86221015,0.9999893,0.96268076,0,0.3730180561542511,0.3890277,0.07743657,7.09661e-06,0.026810588,0,0.5047924518585205
TSBD_Healthy_11a0ec4d06,1,0,1,0.45118886,0.079319134,0.36084762,0.06756681,5.592242e-06,0.023909792,0,0.12218945473432541,0.52089286,0.8615658,0.99998975,0.9601876,0,0.3730180561542511,0.11825949,0.07086741,4.605724e-06,0.015902609,0,0.5047924518585205
TSBD_Healthy_dda7c6bbc5,1,0,1,0.8346125,0.0073378365,0.080283,0.06687331,5.328368e-06,0.012247511,0,0.12218945473432541,0.7798509,0.86334205,0.99999046,0.973268,0,0.3730180561542511,0.13986607,0.06978462,4.239622e-06,0.014484496,0,0.5047924518585205
TSBD_Healthy_b83d452fe7,0,0,1,0.1671566,0.24409084,0.058178436,0.058368903,3.2146463e-06,0.013853212,0,0.12218945473432541,0.22655292,0.86109823,0.9999882,0.9391986,0,0.3730180561542511,0.7152686,0.08053284,8.6289365e-06,0.04694821,0,0.5047924518585205
TSBD_Healthy_ec04a77054,1,1,1,0.8563881,0.004387036,0.10546537,0.06860597,5.7068432e-06,0.013741757,0,0.12218945473432541,0.7936402,0.8639676,0.9999908,0.97409886,1,0.3730180561542511,0.10089439,0.067426376,3.4782981e-06,0.01215939,0,0.5047924518585205
TSBD_Healthy_63480c13ab,1,1,1,0.8574167,0.0042715045,0.10099656,0.06869844,5.724995e-06,0.01354681,0,0.12218945473432541,0.7946969,0.8639331,0.9999908,0.97416884,1,0.3730180561542511,0.10430652,0.06736844,3.4669456e-06,0.012284348,0,0.5047924518585205
TSBD_Healthy_a334fe0843,1,0,1,0.59314686,0.044534173,0.33313224,0.09835604,2.4173409e-05,0.035228286,0,0.12218945473432541,0.60053295,0.8467981,0.9999745,0.95616835,0,0.3730180561542511,0.066334784,0.05484588,1.3166647e-06,0.008603337,0,0.5047924518585205
TSBD_Healthy_af48f4f88b,1,0,1,0.8046588,0.010330273,0.1695247,0.083250545,1.243468e-05,0.021092111,0,0.12218945473432541,0.7474784,0.8569797,0.9999856,0.96913075,0,0.3730180561542511,0.08299686,0.059769724,1.9573704e-06,0.009777104,0,0.5047924518585205
TSBD_Healthy_58fc6d9018,0,0,1,0.22898686,0.18814525,0.09785306,0.06934122,6.186858e-06,0.01879203,0,0.12218945473432541,0.29640248,0.85380095,0.99998736,0.9436268,0,0.3730180561542511,0.6057445,0.07685783,6.4622395e-06,0.03758114,0,0.5047924518585205
TSBD_Healthy_ed8a98aaef,0,0,1,0.2012596,0.21000019,0.08303591,0.082710035,1.2181337e-05,0.022589484,0,0.12218945473432541,0.27727452,0.84985656,0.9999844,0.94481266,0,0.3730180561542511,0.6396896,0.06743343,3.3877425e-06,0.0325978,0,0.5047924518585205
TSBD_Healthy_c1a36abd3d,1,0,1,0.7304291,0.022104075,0.09327836,0.07294782,7.1455497e-06,0.014713539,0,0.12218945473432541,0.7050752,0.85999686,0.9999896,0.9694737,0,0.3730180561542511,0.2016464,0.06705532,3.2126804e-06,0.0158127,0,0.5047924518585205
TSBD_Healthy_ba89f16ead,1,1,1,0.8554857,0.004471319,0.10686079,0.06904452,5.8494625e-06,0.013919099,0,0.12218945473432541,0.79267126,0.863747,0.9999907,0.97397786,1,0.3730180561542511,0.100467935,0.067208484,3.4415334e-06,0.012103034,0,0.5047924518585205
TSBD_Healthy_ff7717e05f,1,1,0,0.89196926,0.0037605567,0.8468259,0.90349334,0.9999871,0.9793156,1,0.12218945473432541,0.08320999,0.04940305,7.5600224e-06,0.011116926,0,0.3730180561542511,0.0699642,0.0471036,5.382005e-06,0.009567518,0,0.5047924518585205
TSBD_Healthy_9697828448,1,0,1,0.832211,0.007571457,0.08671596,0.069325306,5.959033e-06,0.013095988,0,0.12218945473432541,0.77686775,0.8632215,0.9999906,0.9732917,0,0.3730180561542511,0.13641629,0.06745315,3.479807e-06,0.01361233,0,0.5047924518585205
TSBD_Healthy_0dc7202194,1,1,1,0.85373324,0.004668478,0.10064614,0.06920933,5.851042e-06,0.013655573,0,0.12218945473432541,0.79112315,0.8635279,0.9999907,0.9739112,1,0.3730180561542511,0.10823067,0.06726275,3.43761e-06,0.012433197,0,0.5047924518585205
TSBD_Healthy_aafafefd6f,0,0,0,0.4379552,0.05379236,0.6638277,0.51496714,0.27940327,0.57867646,0,0.12218945473432541,0.17303701,0.44201887,0.72059083,0.40785345,0,0.3730180561542511,0.16313526,0.043013986,5.9351078e-06,0.013470109,0,0.5047924518585205
TSBD_Healthy_3e37e6f481,1,1,1,0.84744143,0.0048841927,0.11192341,0.082812935,1.19943425e-05,0.017819079,0,0.12218945473432541,0.783401,0.8565933,0.99998593,0.97155035,1,0.3730180561542511,0.10467557,0.060593758,2.0581776e-06,0.010630617,0,0.5047924518585205
TSBD_Healthy_d5c6d15d07,1,0,1,0.6199239,0.038947396,0.1674287,0.08992372,1.7457507e-05,0.024822276,0,0.12218945473432541,0.61228466,0.84793633,0.9999801,0.95952594,0,0.3730180561542511,0.22028662,0.062139932,2.4728483e-06,0.015651768,0,0.5047924518585205
TSBD_Healthy_968206666f,1,0,1,0.805565,0.011125721,0.07679151,0.062749006,4.195681e-06,0.011273563,0,0.12218945473432541,0.75679123,0.8629126,0.99999,0.9717257,0,0.3730180561542511,0.16641723,0.074338436,5.773272e-06,0.017000737,0,0.5047924518585205
TSBD_Healthy_cacd4fa5f3,1,0,1,0.762529,0.017583296,0.078831,0.06615051,5.0513304e-06,0.012234342,0,0.12218945473432541,0.72989666,0.8634524,0.9999906,0.9710992,0,0.3730180561542511,0.19127235,0.07039712,4.3676328e-06,0.01666644,0,0.5047924518585205
TSBD_Healthy_c00e285b89,1,0,1,0.71285135,0.02578776,0.058277935,0.060889315,3.7479494e-06,0.010105697,0,0.12218945473432541,0.7035082,0.8624261,0.9999896,0.9692946,0,0.3730180561542511,0.23821387,0.0766846,6.680869e-06,0.020599721,0,0.5047924518585205
TSBD_Healthy_e318b96772,1,0,1,0.49492818,0.07012187,0.056353413,0.06435957,4.503272e-06,0.011370615,0,0.12218945473432541,0.5712491,0.8627319,0.99999034,0.964745,0,0.3730180561542511,0.37239745,0.07290853,5.1069023e-06,0.023884399,0,0.5047924518585205
TSBD_Healthy_f874d1c34c,0,0,1,0.23057269,0.18921152,0.05179898,0.06402183,4.4207773e-06,0.01321568,0,0.12218945473432541,0.32340178,0.8632918,0.99999046,0.95237833,0,0.3730180561542511,0.6247992,0.07268638,5.0899e-06,0.03440602,0,0.5047924518585205
TSBD_Healthy_a486752b98,1,0,1,0.6507825,0.037342764,0.056505356,0.066061065,4.9757737e-06,0.011140903,0,0.12218945473432541,0.6735001,0.86363274,0.9999907,0.96963227,0,0.3730180561542511,0.2699945,0.07030621,4.287708e-06,0.01922684,0,0.5047924518585205
TSBD_Healthy_79eca515b7,0,0,1,0.26620376,0.16346526,0.057330407,0.066095114,4.972291e-06,0.0136401,0,0.12218945473432541,0.36800247,0.86312056,0.9999906,0.9555964,0,0.3730180561542511,0.57466716,0.07078438,4.404215e-06,0.030763568,0,0.5047924518585205
TSBD_Healthy_28f91e3b3c,1,0,1,0.44730738,0.08304246,0.05420868,0.06773952,5.4139045e-06,0.012100459,0,0.12218945473432541,0.5457239,0.8632704,0.9999907,0.96494466,0,0.3730180561542511,0.4000674,0.06899014,3.8626654e-06,0.022954864,0,0.5047924518585205
TSBD_Healthy_b4c784db60,1,0,1,0.36671796,0.10665388,0.06063571,0.06671116,5.233846e-06,0.012914864,0,0.12218945473432541,0.48233366,0.8630518,0.99999046,0.9613217,0,0.3730180561542511,0.4570306,0.07023701,4.2947136e-06,0.025763433,0,0.5047924518585205
TSBD_Healthy_46afbf57c8,1,0,1,0.7164191,0.025557907,0.06449123,0.06736384,5.455403e-06,0.011786053,0,0.12218945473432541,0.7100513,0.86339414,0.99999046,0.9708016,0,0.3730180561542511,0.22545743,0.06924196,4.037959e-06,0.017412338,0,0.5047924518585205
TSBD_Healthy_5238685a4f,1,0,1,0.79532176,0.012215247,0.102635354,0.06650313,5.0857434e-06,0.013384444,0,0.12218945473432541,0.7437415,0.86359644,0.9999908,0.9714786,0,0.3730180561542511,0.1536231,0.06990038,4.1527355e-06,0.015136969,0,0.5047924518585205
TSBD_Healthy_115a1b2ce7,0,0,1,0.13971788,0.2738476,0.06347076,0.05305151,2.2479474e-06,0.013763902,0,0.12218945473432541,0.1748017,0.85619795,0.999982,0.92452246,0,0.3730180561542511,0.7617275,0.09075057,1.5730713e-05,0.061713673,0,0.5047924518585205
TSBD_Healthy_2b0f2e29de,0,0,1,0.15332991,0.25919747,0.0731837,0.042708408,1.3786655e-06,0.012254025,0,0.12218945473432541,0.14014608,0.81756145,0.9998348,0.8630465,0,0.3730180561542511,0.7866702,0.13973019,0.00016376698,0.124699414,0,0.5047924518585205
TSBD_Healthy_2cb9913a0d,0,0,1,0.26818007,0.1647425,0.056923393,0.052629367,2.3121004e-06,0.010782832,0,0.12218945473432541,0.33378324,0.85388106,0.9999789,0.9405171,0,0.3730180561542511,0.6092934,0.09348961,1.8829784e-05,0.048700005,0,0.5047924518585205
TSBD_Healthy_f7b6201d8c,0,0,1,0.22567974,0.19425216,0.063631974,0.054759353,2.786001e-06,0.012552447,0,0.12218945473432541,0.27827778,0.85007083,0.9999769,0.93316764,0,0.3730180561542511,0.65809023,0.09516983,2.0364681e-05,0.054279957,0,0.5047924518585205
TSBD_Healthy_1cb0a1deed,1,0,1,0.6394058,0.038233314,0.058179867,0.05920196,3.2833875e-06,0.009945937,0,0.12218945473432541,0.6529303,0.86011845,0.9999883,0.9658579,0,0.3730180561542511,0.2888898,0.0806796,8.441759e-06,0.024196148,0,0.5047924518585205
TSBD_Healthy_e53d9705ff,0,0,1,0.15857953,0.25372988,0.07439816,0.041089416,1.2773723e-06,0.0119143985,0,0.12218945473432541,0.13503636,0.80683935,0.9997377,0.8458094,0,0.3730180561542511,0.7905655,0.15207121,0.00026106424,0.14227618,0,0.5047924518585205
TSBD_Healthy_fea6d00053,1,0,1,0.46655244,0.07750094,0.05888615,0.06669895,5.226618e-06,0.012211645,0,0.12218945473432541,0.55432874,0.8631828,0.99999046,0.96457446,0,0.3730180561542511,0.38678512,0.0701183,4.30215e-06,0.023213863,0,0.5047924518585205
TSBD_Healthy_f69458ce94,0,0,1,0.2617684,0.16722663,0.057049315,0.062198933,4.1143444e-06,0.012910353,0,0.12218945473432541,0.3524252,0.8610529,0.99998903,0.9515328,0,0.3730180561542511,0.59052545,0.07674817,6.8015065e-06,0.035556823,0,0.5047924518585205
TSBD_Healthy_bb30558caa,0,0,1,0.30827382,0.1446299,0.059781265,0.035080988,1.5447825e-06,0.00858099,0,0.12218945473432541,0.19127378,0.7101198,0.9937285,0.724129,0,0.3730180561542511,0.74894494,0.25479922,0.006269908,0.2672899,0,0.5047924518585205
TSBD_Healthy_f8b382f850,1,0,1,0.8440099,0.0060507935,0.08570961,0.06930484,6.054027e-06,0.013032538,0,0.12218945473432541,0.786297,0.86301166,0.99999034,0.9735945,0,0.3730180561542511,0.12799342,0.06768345,3.6007425e-06,0.013372958,0,0.5047924518585205
TSBD_Healthy_4e764a8c1f,0,0,1,0.10744923,0.3154228,0.07315772,0.058396716,3.2643661e-06,0.017758688,0,0.12218945473432541,0.13532102,0.86075664,0.99998796,0.9246094,0,0.3730180561542511,0.79152125,0.08084668,8.756632e-06,0.057631858,0,0.5047924518585205
TSBD_Healthy_63950b8869,1,0,2,0.70071566,0.02338464,0.0972447,0.03816904,3.1343368e-06,0.009087943,0,0.12218945473432541,0.11222761,0.2616273,0.0077943034,0.1085328,0,0.3730180561542511,0.7905277,0.7002037,0.99220264,0.8823793,0,0.5047924518585205
TSBD_Healthy_ea2ac521c5,0,0,1,0.14458282,0.2686062,0.06476562,0.049121708,1.8398814e-06,0.012922639,0,0.12218945473432541,0.1682496,0.84851676,0.99996865,0.9126999,0,0.3730180561542511,0.76698476,0.10236158,2.9462846e-05,0.07437749,0,0.5047924518585205
TSBD_Healthy_1402c548f4,0,0,1,0.21442203,0.20525458,0.06405387,0.037787795,1.1070392e-06,0.009624836,0,0.12218945473432541,0.16986442,0.7810116,0.9992964,0.82154644,0,0.3730180561542511,0.76608175,0.18120064,0.00070239947,0.16882877,0,0.5047924518585205
TSBD_Healthy_44b1d181ba,0,0,1,0.16040921,0.2520616,0.07137463,0.0409168,1.1931407e-06,0.011470967,0,0.12218945473432541,0.14068247,0.8103465,0.9997733,0.85296607,0,0.3730180561542511,0.787943,0.14873673,0.00022546055,0.13556299,0,0.5047924518585205
TSBD_Healthy_5031d03cd3,1,1,1,0.8556734,0.0044702888,0.10456956,0.067000285,5.258152e-06,0.0133376885,0,0.12218945473432541,0.7929858,0.8639547,0.9999908,0.973982,1,0.3730180561542511,0.102444686,0.06904503,3.956522e-06,0.012680354,0,0.5047924518585205
TSBD_Healthy_584e036b15,1,0,1,0.8375692,0.0065500773,0.10829692,0.062275287,4.0572313e-06,0.012486462,0,0.12218945473432541,0.77598417,0.8631907,0.9999901,0.9725933,0,0.3730180561542511,0.11571883,0.07453396,5.8742635e-06,0.014920286,0,0.5047924518585205
TSBD_Healthy_ceedc9841a,1,0,1,0.52864385,0.06100148,0.33897376,0.071642965,7.2111197e-06,0.024397966,0,0.12218945473432541,0.581772,0.8601885,0.9999889,0.962934,0,0.3730180561542511,0.07925421,0.068168536,3.8712255e-06,0.012667978,0,0.5047924518585205
TSBD_Healthy_539b7c9614,1,0,1,0.8280353,0.008172737,0.081593715,0.06939836,6.185636e-06,0.012933258,0,0.12218945473432541,0.7752944,0.86232644,0.9999901,0.97299117,0,0.3730180561542511,0.14311188,0.06827515,3.6651268e-06,0.014075591,0,0.5047924518585205
TSBD_Healthy_9405a524b8,1,1,1,0.8467598,0.0054454226,0.101785555,0.066068895,4.9984164e-06,0.0130433235,0,0.12218945473432541,0.78416526,0.8633273,0.9999906,0.97331566,1,0.3730180561542511,0.114049144,0.07060378,4.4136505e-06,0.013641032,0,0.5047924518585205
TSBD_Healthy_84b5bbabe5,1,1,1,0.8538156,0.004654903,0.104453936,0.06780771,5.5092237e-06,0.013541702,0,0.12218945473432541,0.79098725,0.86369175,0.9999907,0.97381353,1,0.3730180561542511,0.104558766,0.06850051,3.815753e-06,0.012644748,0,0.5047924518585205
TSBD_Healthy_cd1699cbb8,1,0,1,0.81790316,0.008854814,0.15748939,0.07923949,1.0098657e-05,0.019178927,0,0.12218945473432541,0.7601989,0.8592031,0.9999876,0.9706812,0,0.3730180561542511,0.08231174,0.06155733,2.291792e-06,0.010139872,0,0.5047924518585205
TSBD_Healthy_3971c8d6d2,1,0,1,0.8114408,0.009469567,0.1561969,0.078939326,1.0316841e-05,0.019234844,0,0.12218945473432541,0.7526225,0.85792756,0.999987,0.96976274,0,0.3730180561542511,0.091180615,0.063133076,2.6789967e-06,0.011002406,0,0.5047924518585205
TSBD_Healthy_062f8eb68b,1,0,1,0.8105518,0.010475917,0.15383452,0.06880969,5.828502e-06,0.015981087,0,0.12218945473432541,0.7605487,0.8634001,0.99999046,0.9722384,0,0.3730180561542511,0.08561678,0.067790255,3.6584997e-06,0.0117805395,0,0.5047924518585205
TSBD_Healthy_64c2fd2799,1,0,1,0.7377405,0.022206118,0.06094231,0.06570314,4.872062e-06,0.011096639,0,0.12218945473432541,0.7246074,0.86395675,0.9999908,0.971561,0,0.3730180561542511,0.21445027,0.0703401,4.309699e-06,0.01734237,0,0.5047924518585205
TSBD_Healthy_06ad797b28,1,0,1,0.83442634,0.007407397,0.078867055,0.0666428,5.0974404e-06,0.012045093,0,0.12218945473432541,0.78027993,0.8634901,0.9999908,0.9735093,0,0.3730180561542511,0.14085296,0.069867134,4.1212875e-06,0.014445575,0,0.5047924518585205
TSBD_Healthy_d37fadc7b5,1,0,1,0.7886079,0.014230041,0.06649092,0.06705996,5.290978e-06,0.011585993,0,0.12218945473432541,0.7549854,0.8634745,0.9999906,0.9726146,0,0.3730180561542511,0.17852369,0.069465525,4.0926784e-06,0.015799457,0,0.5047924518585205
TSBD_Healthy_23703b21e8,1,0,1,0.8006916,0.011215642,0.11868084,0.06607989,5.100836e-06,0.014042865,0,0.12218945473432541,0.7446329,0.8627316,0.9999901,0.97092575,0,0.3730180561542511,0.13668633,0.07118856,4.7341327e-06,0.015031401,0,0.5047924518585205
TSBD_Healthy_e761f95881,1,0,1,0.77371687,0.015184386,0.092587166,0.0654265,4.8596157e-06,0.012786969,0,0.12218945473432541,0.7288616,0.86098474,0.99998975,0.969925,0,0.3730180561542511,0.17855129,0.07358877,5.3393824e-06,0.017288035,0,0.5047924518585205
TSBD_Healthy_049d7b0b8e,1,0,1,0.7841212,0.014401618,0.068535976,0.06380662,4.428488e-06,0.011089242,0,0.12218945473432541,0.7460847,0.86189973,0.99998987,0.97122574,0,0.3730180561542511,0.18537933,0.0742937,5.6862805e-06,0.017685011,0,0.5047924518585205
TSBD_Healthy_d0a2ad85a2,1,1,1,0.84587985,0.0058275405,0.0866297,0.0690809,5.930844e-06,0.013000802,0,0.12218945473432541,0.78762084,0.8634361,0.9999906,0.97379214,1,0.3730180561542511,0.12574938,0.06748297,3.5233113e-06,0.013207089,0,0.5047924518585205
TSBD_Healthy_427d279e02,1,0,1,0.6168166,0.043531857,0.0572492,0.064437665,4.6535115e-06,0.011044495,0,0.12218945473432541,0.6493038,0.8632512,0.99999034,0.96799916,0,0.3730180561542511,0.29344702,0.07231113,5.057138e-06,0.02095637,0,0.5047924518585205
TSBD_Healthy_194fe9c226,1,0,1,0.79522765,0.01297261,0.06915783,0.0642451,4.5903885e-06,0.011193768,0,0.12218945473432541,0.7550217,0.8633717,0.99999034,0.97209334,0,0.3730180561542511,0.17582048,0.07238328,5.087846e-06,0.016712913,0,0.5047924518585205
TSBD_Healthy_7fd586cd0c,1,0,1,0.64850545,0.03756974,0.06071688,0.06969398,6.1455694e-06,0.012230168,0,0.12218945473432541,0.67115545,0.8614869,0.99999,0.9691097,0,0.3730180561542511,0.26812765,0.06881911,3.886055e-06,0.018660111,0,0.5047924518585205
TSBD_Healthy_8a16be7271,1,1,1,0.8556532,0.0044746976,0.09691081,0.06727402,5.338114e-06,0.01305053,0,0.12218945473432541,0.79312974,0.8638133,0.9999907,0.9739745,1,0.3730180561542511,0.109959446,0.06891275,3.937854e-06,0.012974992,0,0.5047924518585205
TSBD_Healthy_7497e074fb,1,0,1,0.7657429,0.017264634,0.0632131,0.060739104,3.6304423e-06,0.01017609,0,0.12218945473432541,0.7349176,0.8629257,0.99998987,0.97077024,0,0.3730180561542511,0.2018693,0.076335214,6.5487397e-06,0.019053647,0,0.5047924518585205
TSBD_Healthy_0008f80a75,0,0,1,0.3376025,0.11722428,0.083400786,0.07455051,7.902361e-06,0.016885696,0,0.12218945473432541,0.4493588,0.8587735,0.9999888,0.95853364,0,0.3730180561542511,0.4672404,0.06667594,3.2550986e-06,0.024580648,0,0.5047924518585205
TSBD_Healthy_5ceaf1db7f,0,0,1,0.22187212,0.19662666,0.054416537,0.058053054,3.157554e-06,0.0123084355,0,0.12218945473432541,0.29804042,0.8608398,0.99998796,0.945836,0,0.3730180561542511,0.647543,0.081107214,8.87422e-06,0.041855488,0,0.5047924518585205
TSBD_Healthy_e4fa44cd99,1,0,1,0.65219253,0.036701493,0.058288373,0.06392731,4.425522e-06,0.0108553395,0,0.12218945473432541,0.6697197,0.86302584,0.99999034,0.9687471,0,0.3730180561542511,0.27199194,0.073046796,5.183625e-06,0.02039763,0,0.5047924518585205
TSBD_Healthy_441bde1a65,1,0,1,0.79838663,0.012726175,0.070269376,0.06907307,5.913127e-06,0.012213352,0,0.12218945473432541,0.76070213,0.86291385,0.99999046,0.97280055,0,0.3730180561542511,0.16902842,0.0680131,3.6653378e-06,0.014986134,0,0.5047924518585205
TSBD_Healthy_dbb2f8ca89,1,1,1,0.8576601,0.004267877,0.09635177,0.06718506,5.3348263e-06,0.013003315,0,0.12218945473432541,0.7951854,0.8640753,0.9999907,0.974132,1,0.3730180561542511,0.10846278,0.06873965,3.9040065e-06,0.0128647145,0,0.5047924518585205
TSBD_Healthy_9b317a63ad,1,1,1,0.8572382,0.004296433,0.09806048,0.0682002,5.5950054e-06,0.013302285,0,0.12218945473432541,0.79466456,0.8638594,0.9999907,0.974098,1,0.3730180561542511,0.10727499,0.06794042,3.6764852e-06,0.012599649,0,0.5047924518585205
TSBD_Healthy_d85abeff44,1,0,1,0.7290713,0.023334347,0.06305913,0.06506816,4.696814e-06,0.011140853,0,0.12218945473432541,0.71603423,0.8630978,0.99999046,0.9706957,0,0.3730180561542511,0.22090665,0.071834,4.8275806e-06,0.018163422,0,0.5047924518585205
TSBD_Healthy_32490efb09,1,1,1,0.855461,0.0044751447,0.10486569,0.06839261,5.6804856e-06,0.013687723,0,0.12218945473432541,0.7926331,0.8637799,0.9999907,0.97394484,1,0.3730180561542511,0.10250119,0.06782752,3.6271854e-06,0.012367449,0,0.5047924518585205
TSBD_Healthy_003e47f46b,1,1,1,0.85426563,0.004669305,0.09358587,0.06916697,5.9564195e-06,0.013347988,0,0.12218945473432541,0.7927012,0.8634365,0.9999906,0.97393954,1,0.3730180561542511,0.11371292,0.067396455,3.5183718e-06,0.01271245,0,0.5047924518585205
TSBD_Healthy_db7fb385bc,1,1,1,0.846155,0.0057246666,0.08767347,0.06747014,5.5276478e-06,0.012738506,0,0.12218945473432541,0.7867141,0.8634969,0.99999046,0.9735514,1,0.3730180561542511,0.12561248,0.069033004,4.0409636e-06,0.013710095,0,0.5047924518585205
TSBD_Healthy_e07653b53b,1,1,1,0.8495858,0.0052406825,0.08832541,0.06607088,5.0772464e-06,0.012427931,0,0.12218945473432541,0.7887441,0.8633953,0.99999046,0.97355354,1,0.3730180561542511,0.12293052,0.07053379,4.4877015e-06,0.014018545,0,0.5047924518585205
TSBD_Healthy_372dafd03c,0,0,1,0.2668427,0.16354164,0.055201005,0.063817136,4.5137094e-06,0.013019935,0,0.12218945473432541,0.36459988,0.8623783,0.99998987,0.95388865,0,0.3730180561542511,0.5801992,0.07380454,5.6251492e-06,0.033091385,0,0.5047924518585205
TSBD_Healthy_8a4d12c896,1,0,1,0.7609958,0.017814718,0.07254183,0.065817334,5.0602225e-06,0.011862541,0,0.12218945473432541,0.7302654,0.86180127,0.99998987,0.9705887,0,0.3730180561542511,0.19719274,0.07238145,5.030185e-06,0.017548727,0,0.5047924518585205
TSBD_Healthy_ddf26df6fc,1,0,1,0.7494529,0.019758062,0.07260209,0.06664249,5.209022e-06,0.012033114,0,0.12218945473432541,0.7244354,0.8626882,0.99999034,0.9708221,0,0.3730180561542511,0.20296259,0.07066938,4.4348676e-06,0.017144794,0,0.5047924518585205
TSBD_Healthy_f43e3f4c5b,1,0,1,0.5456302,0.058249094,0.06006523,0.065541044,4.8549778e-06,0.01169109,0,0.12218945473432541,0.60352325,0.8628803,0.99999046,0.96624774,0,0.3730180561542511,0.3364115,0.07157872,4.6721225e-06,0.022061205,0,0.5047924518585205
TSBD_Healthy_b5fbb9ed8e,1,1,1,0.85481244,0.0045690946,0.09696664,0.06876312,5.8319993e-06,0.013422138,0,0.12218945473432541,0.7925157,0.8635657,0.9999906,0.97390205,1,0.3730180561542511,0.110517666,0.06767114,3.612544e-06,0.012675811,0,0.5047924518585205
TSBD_Healthy_eb36a09ca4,1,0,1,0.81062216,0.010691306,0.077249214,0.06784315,5.540034e-06,0.012338313,0,0.12218945473432541,0.7642671,0.86313313,0.99999046,0.9727086,0,0.3730180561542511,0.15848367,0.06902372,3.9616407e-06,0.014953113,0,0.5047924518585205
TSBD_Healthy_6b4a97bd93,1,0,1,0.7069438,0.026981508,0.05992786,0.06277611,4.1191597e-06,0.010553093,0,0.12218945473432541,0.7019109,0.86344624,0.99999034,0.9699388,0,0.3730180561542511,0.23816125,0.0737777,5.527294e-06,0.019508075,0,0.5047924518585205
TSBD_Healthy_ba33e2e4e1,1,0,1,0.79531664,0.012991549,0.07039738,0.06617674,4.987575e-06,0.01160647,0,0.12218945473432541,0.75585407,0.86303705,0.9999906,0.97235733,0,0.3730180561542511,0.17374857,0.07078621,4.4407902e-06,0.016036201,0,0.5047924518585205
TSBD_Healthy_c2d1e8a97b,1,1,1,0.8494816,0.005349653,0.08640388,0.06774147,5.503993e-06,0.012670754,0,0.12218945473432541,0.7900364,0.86354554,0.9999906,0.97386694,1,0.3730180561542511,0.12355971,0.06871306,3.8591375e-06,0.0134622725,0,0.5047924518585205
TSBD_Healthy_acaf94d2e8,1,0,1,0.6841631,0.030761082,0.06145895,0.06347764,4.2190636e-06,0.010830488,0,0.12218945473432541,0.6867091,0.86277527,0.99999046,0.9692689,0,0.3730180561542511,0.25183192,0.073747076,5.343879e-06,0.01990059,0,0.5047924518585205
TSBD_Healthy_4c1057862a,1,0,1,0.7212372,0.024754679,0.063215554,0.06622044,5.0527046e-06,0.011422222,0,0.12218945473432541,0.7127893,0.86356205,0.9999907,0.9709094,0,0.3730180561542511,0.22399515,0.07021752,4.2855577e-06,0.017668372,0,0.5047924518585205
TSBD_Healthy_d28eee88b2,1,0,1,0.72864664,0.02359102,0.061091967,0.065330125,4.8050006e-06,0.011078646,0,0.12218945473432541,0.71799093,0.8636646,0.9999906,0.9710657,0,0.3730180561542511,0.22091708,0.07100521,4.568975e-06,0.017855704,0,0.5047924518585205
TSBD_Healthy_9f799d79c9,1,0,1,0.81891245,0.009277144,0.08601509,0.06842356,5.6525237e-06,0.012901636,0,0.12218945473432541,0.76631767,0.862756,0.99999046,0.9726229,0,0.3730180561542511,0.14766732,0.06882034,3.8529447e-06,0.014475491,0,0.5047924518585205
TSBD_Healthy_0797e50b91,0,0,1,0.19897182,0.21531333,0.058051202,0.055885375,2.846675e-06,0.01261743,0,0.12218945473432541,0.26157525,0.85866046,0.99998546,0.93942565,0,0.3730180561542511,0.68037355,0.085454196,1.1698278e-05,0.047956917,0,0.5047924518585205
TSBD_Healthy_35d58d516e,0,0,1,0.3639584,0.10778712,0.05544396,0.055297855,2.5933823e-06,0.010110682,0,0.12218945473432541,0.46010762,0.8592921,0.99998593,0.9545581,0,0.3730180561542511,0.4844484,0.08541006,1.1442484e-05,0.03533126,0,0.5047924518585205
TSBD_Healthy_3369d16a81,0,0,1,0.19347341,0.22178417,0.066441566,0.0429828,1.6834078e-06,0.011532721,0,0.12218945473432541,0.16977815,0.8005984,0.99970895,0.85276103,0,0.3730180561542511,0.76378024,0.15641883,0.0002893126,0.13570626,0,0.5047924518585205
TSBD_Healthy_f12cfc128f,1,1,1,0.8529819,0.0046224855,0.10426497,0.0700998,6.3767684e-06,0.0141576845,0,0.12218945473432541,0.7895653,0.8621568,0.99999,0.9733072,1,0.3730180561542511,0.10616973,0.06774339,3.6301692e-06,0.012535074,0,0.5047924518585205
TSBD_Healthy_8cb3c49027,1,0,1,0.7652128,0.01579881,0.19760405,0.08369976,1.2862445e-05,0.022743087,0,0.12218945473432541,0.71836406,0.8555303,0.999985,0.967065,0,0.3730180561542511,0.08403191,0.06076989,2.1333292e-06,0.010191953,0,0.5047924518585205
TSBD_Healthy_0d4d34f349,1,0,1,0.4945149,0.068356834,0.3725284,0.078943856,1.0102661e-05,0.02863279,0,0.12218945473432541,0.5539513,0.856667,0.9999871,0.95996827,0,0.3730180561542511,0.07352022,0.06438914,2.7346089e-06,0.011398938,0,0.5047924518585205
TSBD_Healthy_aac43b5b94,1,0,1,0.7842524,0.014032524,0.17442037,0.07106469,6.7214833e-06,0.017580753,0,0.12218945473432541,0.740904,0.86197543,0.99998987,0.97079986,0,0.3730180561542511,0.0846757,0.066959895,3.4320258e-06,0.011619393,0,0.5047924518585205
TSBD_Healthy_713f0a2197,0,0,1,0.1944997,0.21214673,0.59560937,0.07383492,7.851828e-06,0.04007274,0,0.12218945473432541,0.2524303,0.8599696,0.9999889,0.9400837,0,0.3730180561542511,0.15196027,0.06619542,3.263672e-06,0.019843575,0,0.5047924518585205
TSBD_Healthy_ac26bcc532,0,0,1,0.20926239,0.20456538,0.6372618,0.07166984,7.0245205e-06,0.03809322,0,0.12218945473432541,0.28719214,0.8601865,0.99998915,0.9463193,0,0.3730180561542511,0.075546086,0.068143666,3.7691711e-06,0.0155874975,0,0.5047924518585205
TSBD_Healthy_46f4698e93,1,0,1,0.7337943,0.022355545,0.064890854,0.06566009,5.124457e-06,0.011492854,0,0.12218945473432541,0.7170444,0.8617062,0.9999896,0.9700637,0,0.3730180561542511,0.21806473,0.07263376,5.210574e-06,0.018443475,0,0.5047924518585205
TSBD_Healthy_ffc31af5e9,1,0,1,0.77608687,0.014920553,0.07198292,0.06157903,4.01373e-06,0.010943423,0,0.12218945473432541,0.733837,0.8584896,0.99998784,0.96896464,0,0.3730180561542511,0.19418007,0.07993143,8.199651e-06,0.020091943,0,0.5047924518585205
TSBD_Healthy_ffc39b3360,1,0,1,0.47624213,0.07301995,0.05467271,0.05668881,3.0247352e-06,0.009949068,0,0.12218945473432541,0.5430904,0.8567639,0.9999845,0.95795006,0,0.3730180561542511,0.40223685,0.086547315,1.24212265e-05,0.032100886,0,0.5047924518585205
TSBD_Healthy_13e3dd820d,0,0,1,0.3581558,0.1135059,0.06831154,0.03861833,5.220886e-06,0.010666769,0,0.12218945473432541,0.15762642,0.6090818,0.9433311,0.556623,0,0.3730180561542511,0.77406204,0.35229984,0.056663625,0.43271026,0,0.5047924518585205
TSBD_Healthy_0e7dca224f,1,0,1,0.800935,0.0113103,0.15822525,0.07329885,7.5699377e-06,0.01759236,0,0.12218945473432541,0.7477231,0.86157995,0.9999894,0.97086036,0,0.3730180561542511,0.09405172,0.065121144,2.9909306e-06,0.011547286,0,0.5047924518585205
TSBD_Healthy_e30ffbbca2,1,0,1,0.5143923,0.06561787,0.05881898,0.06771264,5.622758e-06,0.012248035,0,0.12218945473432541,0.586331,0.86237156,0.9999901,0.96573,0,0.3730180561542511,0.35485002,0.069915846,4.233374e-06,0.022021962,0,0.5047924518585205
TSBD_Healthy_33ee2c0488,1,0,1,0.7011751,0.026122335,0.10600972,0.0734937,7.704928e-06,0.015865976,0,0.12218945473432541,0.6785602,0.8566276,0.9999882,0.9665867,0,0.3730180561542511,0.21543014,0.06987866,4.1290186e-06,0.017547335,0,0.5047924518585205
TSBD_Healthy_cf66e36f26,1,0,2,0.78669095,0.010387724,0.08435207,0.039790586,2.6599182e-06,0.008536215,0,0.12218945473432541,0.118864164,0.20668265,0.0018379607,0.07469288,0,0.3730180561542511,0.79678375,0.75352675,0.99815947,0.9167709,0,0.5047924518585205
TSBD_Healthy_198c19a2fa,1,0,2,0.8089322,0.008667523,0.08318637,0.03520767,1.2376889e-06,0.0068904073,0,0.12218945473432541,0.1145381,0.17950831,0.0007559247,0.057860732,0,0.3730180561542511,0.8022756,0.7852841,0.9992429,0.9352488,0,0.5047924518585205
TSBD_Healthy_0f0af1a35d,1,0,1,0.8321812,0.0073924344,0.09009559,0.067041256,5.349049e-06,0.01280504,0,0.12218945473432541,0.7742249,0.8629797,0.99999046,0.97281057,0,0.3730180561542511,0.13567956,0.06997904,4.2437637e-06,0.014384383,0,0.5047924518585205
TSBD_Healthy_24a755565d,1,0,1,0.3782003,0.10183895,0.07656084,0.06818973,6.0344055e-06,0.014555045,0,0.12218945473432541,0.4817453,0.8608243,0.9999893,0.95941746,0,0.3730180561542511,0.4416939,0.070985936,4.6936243e-06,0.026027506,0,0.5047924518585205
TSBD_Healthy_00488f3c0b,1,0,1,0.8323299,0.007063715,0.14033186,0.07599291,8.84726e-06,0.017517893,0,0.12218945473432541,0.7717184,0.86057234,0.99998844,0.97169834,0,0.3730180561542511,0.0879498,0.06343471,2.65994e-06,0.010783788,0,0.5047924518585205
TSBD_Healthy_7f10feedf0,0,0,1,0.3471752,0.12395293,0.65422547,0.19040293,0.000619642,0.13902879,0,0.12218945473432541,0.28655428,0.76353663,0.9993794,0.8522378,0,0.3730180561542511,0.059220262,0.046060447,9.885852e-07,0.008733409,0,0.5047924518585205
TSBD_Healthy_083843a5b2,1,0,1,0.8085911,0.0030326946,0.19829217,0.17696944,0.00041740987,0.063997716,0,0.12218945473432541,0.7228996,0.7773779,0.99958175,0.9286802,0,0.3730180561542511,0.0788082,0.045652665,8.6728204e-07,0.007322046,0,0.5047924518585205
TSBD_Healthy_846b819a49,1,0,1,0.83738375,0.007047273,0.07963234,0.067816496,5.537045e-06,0.012370692,0,0.12218945473432541,0.7829838,0.8634492,0.9999906,0.9735888,0,0.3730180561542511,0.1373839,0.06873429,3.8957755e-06,0.014040442,0,0.5047924518585205
TSBD_Healthy_ef882f9638,1,0,1,0.80710936,0.010709003,0.08557122,0.06833256,6.070631e-06,0.013108421,0,0.12218945473432541,0.7565198,0.8609912,0.9999893,0.9712742,0,0.3730180561542511,0.157909,0.07067623,4.623153e-06,0.015617422,0,0.5047924518585205
TSBD_Healthy_f510479194,1,0,1,0.828854,0.00734137,0.12512922,0.07067825,6.5674813e-06,0.015382006,0,0.12218945473432541,0.7667019,0.86015874,0.9999895,0.9715337,0,0.3730180561542511,0.10816883,0.06916295,3.962408e-06,0.013084278,0,0.5047924518585205
TSBD_Healthy_78ac2c01e9,1,0,1,0.8382012,0.006320741,0.1088809,0.073122405,7.5985868e-06,0.015257134,0,0.12218945473432541,0.77592677,0.86125153,0.9999893,0.97233397,0,0.3730180561542511,0.11519227,0.06562607,3.125376e-06,0.0124089075,0,0.5047924518585205
TSBD_Healthy_aa968b53a4,1,0,1,0.52991635,0.053308833,0.057117533,0.044106424,1.6858464e-06,0.00800804,0,0.12218945473432541,0.52746594,0.81945634,0.99985373,0.92706317,0,0.3730180561542511,0.4154165,0.13643728,0.00014451155,0.06492876,0,0.5047924518585205
TSBD_Healthy_d6be26c310,0,0,1,0.15633902,0.25626054,0.06604277,0.04618711,1.7074091e-06,0.012509317,0,0.12218945473432541,0.15707354,0.82744235,0.9999058,0.8838992,0,0.3730180561542511,0.7768837,0.12637052,9.243349e-05,0.10359147,0,0.5047924518585205
TSBD_Healthy_8d0baa1858,1,1,1,0.8467112,0.005549725,0.090661466,0.0703983,6.4889964e-06,0.01357154,0,0.12218945473432541,0.7867692,0.862119,0.99999,0.9732931,1,0.3730180561542511,0.122569345,0.067482635,3.575897e-06,0.013135297,0,0.5047924518585205
TSBD_Healthy_9a86700e7b,1,0,1,0.5645054,0.05441429,0.061274458,0.070467606,6.5587396e-06,0.012818684,0,0.12218945473432541,0.619765,0.8618234,0.99998987,0.9672822,0,0.3730180561542511,0.31896055,0.06770896,3.605768e-06,0.019899156,0,0.5047924518585205
TSBD_Healthy_8de20870d1,0,0,1,0.25473714,0.17304778,0.060898073,0.05646355,3.0056826e-06,0.01216039,0,0.12218945473432541,0.3232194,0.85479146,0.99998283,0.94213176,0,0.3730180561542511,0.6158825,0.08874498,1.4215052e-05,0.045707833,0,0.5047924518585205
TSBD_Healthy_2125dc16c6,1,0,1,0.5709792,0.05230003,0.06514428,0.07006678,6.61896e-06,0.01310312,0,0.12218945473432541,0.61694634,0.8587972,0.9999887,0.96541953,0,0.3730180561542511,0.31790942,0.07113604,4.7235776e-06,0.021477334,0,0.5047924518585205
TSBD_Healthy_f1a3293d1d,0,0,1,0.14541416,0.26767784,0.064878926,0.04997198,2.0900254e-06,0.013392874,0,0.12218945473432541,0.16635473,0.8453982,0.99996436,0.90932107,0,0.3730180561542511,0.76876634,0.10462985,3.3514865e-05,0.07728603,0,0.5047924518585205
TSBD_Healthy_db02ad0e48,1,0,1,0.7886994,0.014116632,0.06944138,0.068844475,5.9402496e-06,0.0121885585,0,0.12218945473432541,0.75423205,0.862679,0.9999902,0.9723933,0,0.3730180561542511,0.17632653,0.06847646,3.8126486e-06,0.015418211,0,0.5047924518585205
TSBD_Healthy_6e62793bdf,0,0,1,0.19590783,0.21829477,0.05851922,0.05470615,2.7481467e-06,0.012631501,0,0.12218945473432541,0.2473672,0.8527425,0.9999796,0.93220687,0,0.3730180561542511,0.6941136,0.0925513,1.7637578e-05,0.055161607,0,0.5047924518585205
TSBD_Healthy_097e8db62c,1,0,1,0.5778604,0.0514031,0.05800907,0.06778144,5.681456e-06,0.011962413,0,0.12218945473432541,0.62629426,0.8613437,0.99998987,0.96695095,0,0.3730180561542511,0.31569663,0.0708749,4.5100996e-06,0.02108661,0,0.5047924518585205
TSBD_Healthy_9a88507804,1,0,1,0.7668177,0.01726445,0.06652141,0.06657051,5.3154736e-06,0.011641256,0,0.12218945473432541,0.7387081,0.86211437,0.99999,0.9712855,0,0.3730180561542511,0.19477047,0.07131514,4.713706e-06,0.017073222,0,0.5047924518585205
TSBD_Healthy_d3268932b8,1,0,1,0.4118422,0.09250288,0.05180105,0.06324687,4.2870347e-06,0.011214871,0,0.12218945473432541,0.51520216,0.86236066,0.99999,0.9618965,0,0.3730180561542511,0.43299675,0.07439251,5.736856e-06,0.026888689,0,0.5047924518585205
TSBD_Healthy_7ef69613b9,1,0,1,0.5142701,0.06493534,0.071387,0.069691524,6.3508623e-06,0.0136591215,0,0.12218945473432541,0.5790657,0.8607399,0.9999895,0.9645054,0,0.3730180561542511,0.3495473,0.069568604,4.130127e-06,0.021835553,0,0.5047924518585205
TSBD_Healthy_ddc759b323,1,0,1,0.8261978,0.008648157,0.07798384,0.07108461,6.7579726e-06,0.013088456,0,0.12218945473432541,0.77727437,0.8625792,0.99999,0.97327167,0,0.3730180561542511,0.14474177,0.066336185,3.2881123e-06,0.013639844,0,0.5047924518585205
TSBD_Healthy_cb4b1d8b67,1,0,1,0.58188474,0.04785048,0.05531578,0.051964108,2.1920648e-06,0.008702337,0,0.12218945473432541,0.60185575,0.852418,0.99997675,0.95722806,0,0.3730180561542511,0.34282842,0.0956179,2.1000547e-05,0.034069598,0,0.5047924518585205
TSBD_Healthy_886fdcfd30,1,1,0,0.892402,0.0035886848,0.8463071,0.9022571,0.99998665,0.978988,1,0.12218945473432541,0.07572153,0.04754445,6.0058674e-06,0.010101409,0,0.3730180561542511,0.077971354,0.050198443,7.42302e-06,0.0109106125,0,0.5047924518585205
TSBD_Healthy_784f1bc940,0,0,1,0.18246706,0.231106,0.07099272,0.042491145,1.5899185e-06,0.011838003,0,0.12218945473432541,0.15879796,0.80247265,0.9997137,0.85037166,0,0.3730180561542511,0.77020925,0.15503623,0.00028466372,0.13779032,0,0.5047924518585205
TSBD_Healthy_ba996de886,1,1,1,0.846563,0.0056687538,0.08816812,0.07023692,6.347403e-06,0.013360756,0,0.12218945473432541,0.7877435,0.86265177,0.9999901,0.9735495,1,0.3730180561542511,0.12408839,0.06711126,3.4901914e-06,0.013089766,0,0.5047924518585205
TSBD_Healthy_619dcca295,1,1,1,0.84925056,0.0051494893,0.09755011,0.069046386,6.034733e-06,0.013598793,0,0.12218945473432541,0.78703636,0.86267024,0.9999901,0.97331417,1,0.3730180561542511,0.11541355,0.06828336,3.8055427e-06,0.013087013,0,0.5047924518585205
TSBD_Healthy_e5fac835da,0,0,1,0.12880714,0.28708443,0.07036246,0.048336193,1.7284123e-06,0.013677222,0,0.12218945473432541,0.14386885,0.84746873,0.999966,0.90556103,0,0.3730180561542511,0.7857686,0.1041951,3.230145e-05,0.08076171,0,0.5047924518585205
TSBD_Healthy_7b8508b66d,0,0,1,0.15323062,0.25788125,0.07245275,0.059643555,3.6320323e-06,0.016164267,0,0.12218945473432541,0.19662629,0.85526514,0.9999852,0.9305118,0,0.3730180561542511,0.73092103,0.085091375,1.117075e-05,0.053324006,0,0.5047924518585205
TSBD_Healthy_1bf9b6920f,1,0,1,0.84280926,0.00597265,0.09493288,0.069764376,6.237742e-06,0.013650863,0,0.12218945473432541,0.7822402,0.8624418,0.9999901,0.9731287,0,0.3730180561542511,0.12282693,0.06779385,3.6113472e-06,0.013220439,0,0.5047924518585205
TSBD_Healthy_c2dd44b1c5,1,0,1,0.77014285,0.015899932,0.09625533,0.07661509,9.354674e-06,0.015863974,0,0.12218945473432541,0.7310474,0.8587736,0.9999877,0.96982086,0,0.3730180561542511,0.17269723,0.064611286,2.9525784e-06,0.014315125,0,0.5047924518585205
TSBD_Healthy_6941b60386,1,1,1,0.8499828,0.005063506,0.09325681,0.069990225,6.379e-06,0.013614275,0,0.12218945473432541,0.7884504,0.86186945,0.99998987,0.97321266,1,0.3730180561542511,0.11829275,0.0681403,3.7901088e-06,0.013173051,0,0.5047924518585205
TSBD_Healthy_905510a905,1,0,1,0.8336663,0.0071881097,0.08858628,0.06904366,6.1347646e-06,0.013250767,0,0.12218945473432541,0.7761728,0.8619019,0.99998987,0.9726086,0,0.3730180561542511,0.1352409,0.069054455,4.0479276e-06,0.01414061,0,0.5047924518585205
TSBD_Healthy_9731a208b9,1,0,1,0.3778073,0.102520466,0.06579044,0.069646545,6.2663457e-06,0.014004342,0,0.12218945473432541,0.48732653,0.8599575,0.9999894,0.9603927,0,0.3730180561542511,0.44688302,0.07039593,4.371553e-06,0.02560293,0,0.5047924518585205
TSBD_Healthy_0dca3c0bc2,1,0,1,0.8410583,0.006149538,0.12807666,0.071561664,6.940821e-06,0.01567392,0,0.12218945473432541,0.78011286,0.86246085,0.99998987,0.9727737,0,0.3730180561542511,0.09181053,0.065977514,3.2455982e-06,0.011552458,0,0.5047924518585205
TSBD_Healthy_12ac808983,0,0,1,0.29974717,0.1484788,0.062072556,0.04347363,1.5858756e-06,0.009646719,0,0.12218945473432541,0.2835439,0.8020947,0.9997187,0.88085294,0,0.3730180561542511,0.65438354,0.1544317,0.0002796839,0.10950033,0,0.5047924518585205
TSBD_Healthy_511fba2ceb,1,0,1,0.81500196,0.009216089,0.12006097,0.06957852,6.102538e-06,0.014898057,0,0.12218945473432541,0.7554506,0.8616368,0.99999,0.9713825,0,0.3730180561542511,0.124488465,0.0687847,3.8925123e-06,0.013719414,0,0.5047924518585205
TSBD_Healthy_549679688a,0,0,1,0.2734933,0.16497675,0.060870495,0.037817623,1.6965082e-06,0.009550792,0,0.12218945473432541,0.18834889,0.7402729,0.9974819,0.7706686,0,0.3730180561542511,0.7507806,0.22190952,0.002516436,0.21978052,0,0.5047924518585205
TSBD_Healthy_708f7d8e32,1,1,2,0.8624417,0.0038018418,0.082897365,0.046596177,2.1371986e-06,0.008670353,0,0.12218945473432541,0.114573814,0.09090372,1.6597782e-05,0.0197639,0,0.3730180561542511,0.8025288,0.86250013,0.9999813,0.9715657,1,0.5047924518585205
TSBD_Healthy_30a7ad7ba3,0,0,1,0.16370295,0.24865,0.0667849,0.04743103,1.9283623e-06,0.012771872,0,0.12218945473432541,0.16914275,0.8295001,0.99991965,0.8906365,0,0.3730180561542511,0.76407236,0.12306891,7.8454876e-05,0.09659158,0,0.5047924518585205
TSBD_Healthy_dad4aa07c4,0,0,1,0.24334522,0.18078145,0.08363145,0.07419168,3.4537952e-05,0.028001176,0,0.12218945473432541,0.12661181,0.68193245,0.99467564,0.68487865,0,0.3730180561542511,0.7897567,0.24387582,0.005289773,0.2871202,0,0.5047924518585205
TSBD_Healthy_8eff6e388b,1,0,1,0.6056145,0.045796867,0.05782225,0.065759,4.9702894e-06,0.011371179,0,0.12218945473432541,0.6432551,0.8629712,0.99999034,0.9679381,0,0.3730180561542511,0.29892266,0.07126985,4.666938e-06,0.020690719,0,0.5047924518585205
TSBD_Healthy_fec7f36a5c,1,0,1,0.8373558,0.0064314306,0.09647114,0.06778969,5.678725e-06,0.013336425,0,0.12218945473432541,0.77565473,0.86085266,0.9999896,0.9721371,0,0.3730180561542511,0.12787418,0.07135761,4.737554e-06,0.014526449,0,0.5047924518585205
TSBD_Healthy_1cf19a1878,1,0,1,0.42707434,0.085185826,0.05379401,0.053398784,2.455714e-06,0.009460173,0,0.12218945473432541,0.50174755,0.8529998,0.99997914,0.952385,0,0.3730180561542511,0.44445845,0.09360144,1.8410583e-05,0.038154792,0,0.5047924518585205
TSBD_Healthy_0fbc0f2310,1,0,2,0.58697516,0.03931668,0.08227713,0.042791042,9.609344e-06,0.01097413,0,0.12218945473432541,0.121580385,0.35335478,0.07649124,0.19610757,0,0.3730180561542511,0.7961425,0.6038542,0.9234992,0.79291826,0,0.5047924518585205
TSBD_Healthy_24a6f36a78,1,0,1,0.7995113,0.012422333,0.07353719,0.07123292,6.771952e-06,0.0129339015,0,0.12218945473432541,0.76041275,0.86164415,0.99998975,0.972449,0,0.3730180561542511,0.16605006,0.06712297,3.430952e-06,0.014617113,0,0.5047924518585205
TSBD_Healthy_7bca399e6d,1,0,1,0.82627046,0.00839645,0.08233854,0.06933812,6.0616235e-06,0.012924492,0,0.12218945473432541,0.77369255,0.8624484,0.9999902,0.97291577,0,0.3730180561542511,0.14396892,0.068213515,3.7335249e-06,0.014159787,0,0.5047924518585205
TSBD_Healthy_06733b9af0,0,0,1,0.18687049,0.22564106,0.056754485,0.05842287,3.1962177e-06,0.013273983,0,0.12218945473432541,0.25100663,0.8595374,0.9999876,0.9408481,0,0.3730180561542511,0.69223887,0.08203973,9.224813e-06,0.045877915,0,0.5047924518585205
TSBD_Healthy_2e5b036845,0,0,1,0.2294117,0.19042477,0.05488319,0.062110957,4.0363434e-06,0.01318634,0,0.12218945473432541,0.31251323,0.86045545,0.9999889,0.94847906,0,0.3730180561542511,0.6326036,0.07743357,7.0777633e-06,0.03833456,0,0.5047924518585205
TSBD_Healthy_363f51fde7,1,0,1,0.71605796,0.025008375,0.08142465,0.0734568,7.5895123e-06,0.014255686,0,0.12218945473432541,0.7033564,0.860783,0.9999893,0.9697932,0,0.3730180561542511,0.215219,0.06576022,3.1164914e-06,0.015951121,0,0.5047924518585205
TSBD_Healthy_c6ac85b839,0,0,1,0.3220781,0.1275475,0.060378972,0.0717437,6.958569e-06,0.01452905,0,0.12218945473432541,0.44259697,0.8617356,0.99998975,0.9601543,0,0.3730180561542511,0.49702412,0.066520676,3.3122037e-06,0.025316676,0,0.5047924518585205
TSBD_Healthy_ddbacc20a2,1,0,1,0.4825192,0.07258161,0.059227943,0.06338377,4.4894377e-06,0.0115685165,0,0.12218945473432541,0.5573791,0.86066437,0.99998903,0.96248055,0,0.3730180561542511,0.3833929,0.075951874,6.4618066e-06,0.025950959,0,0.5047924518585205
TSBD_Healthy_8643328d51,0,0,1,0.2449307,0.1826907,0.06951336,0.04055284,2.148651e-06,0.011287947,0,0.12218945473432541,0.16521832,0.74311084,0.99791485,0.76906204,0,0.3730180561542511,0.76526827,0.2163363,0.0020830506,0.21965002,0,0.5047924518585205
TSBD_Healthy_006fc27c69,0,0,1,0.28632632,0.15702218,0.06507748,0.03868001,1.8561803e-06,0.009912206,0,0.12218945473432541,0.19993113,0.7400604,0.99749714,0.77559924,0,0.3730180561542511,0.7349914,0.22125961,0.0025009997,0.21448857,0,0.5047924518585205
TSBD_Healthy_33406626c7,1,0,1,0.78247035,0.014914388,0.070928104,0.06794913,5.581445e-06,0.01208459,0,0.12218945473432541,0.7483014,0.8627322,0.99999034,0.9720383,0,0.3730180561542511,0.18077053,0.06931869,4.0635323e-06,0.015877109,0,0.5047924518585205
TSBD_Healthy_b06da16348,1,0,2,0.8413634,0.0051953746,0.08956255,0.04152787,1.834759e-06,0.0082446225,0,0.12218945473432541,0.10931274,0.13350476,0.00013574441,0.035359863,0,0.3730180561542511,0.8011247,0.82496744,0.99986243,0.9563955,0,0.5047924518585205
TSBD_Healthy_06f251fee4,1,0,2,0.8607554,0.003275178,0.08785858,0.0501404,3.2136259e-06,0.009950121,0,0.12218945473432541,0.11267674,0.09813102,2.7682574e-05,0.022590015,0,0.3730180561542511,0.79946464,0.85172856,0.9999691,0.9674599,0,0.5047924518585205
TSBD_Healthy_4ac4f94767,0,0,1,0.3071983,0.1375002,0.08513071,0.037708316,4.756958e-06,0.011656553,0,0.12218945473432541,0.11915091,0.606966,0.93895364,0.52452266,0,0.3730180561542511,0.7957183,0.35532567,0.061041567,0.4638208,0,0.5047924518585205
TSBD_Healthy_e7cd92f08f,1,0,2,0.82652545,0.004631548,0.073748894,0.037011955,1.4785613e-06,0.0070150704,0,0.12218945473432541,0.13544753,0.17909831,0.0007485768,0.06129911,0,0.3730180561542511,0.7908036,0.7838898,0.99925,0.93168586,0,0.5047924518585205
TSBD_Healthy_1597a65755,0,0,1,0.21658547,0.20350412,0.059479266,0.04229417,1.449383e-06,0.010161201,0,0.12218945473432541,0.20705533,0.8113603,0.9997898,0.87420297,0,0.3730180561542511,0.73346543,0.14634556,0.00020877286,0.11563586,0,0.5047924518585205
TSBD_Healthy_a8ea0e137d,0,0,1,0.21596943,0.2030003,0.06256778,0.049140137,2.3333748e-06,0.011945005,0,0.12218945473432541,0.23392406,0.830193,0.9999237,0.9047332,0,0.3730180561542511,0.7035082,0.12066687,7.3943105e-05,0.08332181,0,0.5047924518585205
TSBD_Healthy_fafc24f635,0,0,1,0.1694238,0.24225843,0.06968231,0.05344927,2.625693e-06,0.01406821,0,0.12218945473432541,0.1975807,0.8437598,0.9999682,0.9162828,0,0.3730180561542511,0.732737,0.102790974,2.9201174e-05,0.069648996,0,0.5047924518585205
TSBD_Healthy_7c877797f5,0,0,1,0.28503916,0.15343271,0.08199206,0.04116737,4.9747855e-06,0.012928042,0,0.12218945473432541,0.12459708,0.64493465,0.97364205,0.5904709,0,0.3730180561542511,0.7934109,0.313898,0.026352927,0.39660105,0,0.5047924518585205
TSBD_Healthy_d249c82c7a,0,0,1,0.14029416,0.27257305,0.065547206,0.061100423,4.0208697e-06,0.016531799,0,0.12218945473432541,0.18175143,0.85514927,0.9999856,0.92934537,0,0.3730180561542511,0.75270134,0.08375036,1.0384363e-05,0.054122802,0,0.5047924518585205
TSBD_Healthy_1dafd9bcec,0,0,1,0.16343004,0.248792,0.06470087,0.04836328,1.8702918e-06,0.012451859,0,0.12218945473432541,0.1836861,0.84139776,0.99995315,0.90714127,0,0.3730180561542511,0.751613,0.11023898,4.5000204e-05,0.080406904,0,0.5047924518585205
TSBD_Healthy_727f8ba7d1,0,0,1,0.31081486,0.13920425,0.07586579,0.04109627,5.345982e-06,0.012402555,0,0.12218945473432541,0.13900751,0.63708985,0.97157794,0.5930998,0,0.3730180561542511,0.78512675,0.32181388,0.028416727,0.3944976,0,0.5047924518585205
TSBD_Healthy_578fae46e9,1,0,1,0.52706194,0.062012378,0.062506326,0.06551911,4.9783407e-06,0.012013808,0,0.12218945473432541,0.5877511,0.8610506,0.9999896,0.96450496,0,0.3730180561542511,0.3497426,0.07343034,5.397665e-06,0.023481281,0,0.5047924518585205
TSBD_Healthy_d1980c5cf7,0,0,1,0.3225765,0.13646154,0.061570734,0.03634202,2.1060807e-06,0.009180657,0,0.12218945473432541,0.18938963,0.69312614,0.9905376,0.6987604,0,0.3730180561542511,0.74903965,0.27053186,0.009460369,0.2920589,0,0.5047924518585205
TSBD_Healthy_5f95d3f8a2,0,0,1,0.17956536,0.23352033,0.06843565,0.046641126,1.869261e-06,0.012351996,0,0.12218945473432541,0.18270257,0.8253592,0.9998958,0.8875628,0,0.3730180561542511,0.74886185,0.12799966,0.000102302,0.100085154,0,0.5047924518585205
TSBD_Healthy_ef7cbd4127,0,0,1,0.2595275,0.16920748,0.06319694,0.059948817,3.7775449e-06,0.013129095,0,0.12218945473432541,0.3342649,0.8556366,0.99998534,0.94516724,0,0.3730180561542511,0.6025382,0.08441458,1.0932441e-05,0.041703634,0,0.5047924518585205
TSBD_Healthy_63b700da46,1,0,1,0.69242144,0.028818008,0.06367664,0.061362177,3.851066e-06,0.010602664,0,0.12218945473432541,0.6861928,0.8609543,0.99998915,0.96793616,0,0.3730180561542511,0.25013053,0.07768355,7.022424e-06,0.021461226,0,0.5047924518585205
TSBD_Healthy_076f98de26,1,0,2,0.37882924,0.06982115,0.07592656,0.036869776,8.0824375e-06,0.009740103,0,0.12218945473432541,0.13094339,0.46423864,0.44480577,0.32701102,0,0.3730180561542511,0.79313004,0.49889162,0.55518615,0.6632489,0,0.5047924518585205
TSBD_Healthy_e3f6aa3d79,1,0,2,0.8494805,0.003937225,0.0854187,0.04273742,1.9783058e-06,0.008337911,0,0.12218945473432541,0.11471099,0.1280101,0.00010794255,0.033701673,0,0.3730180561542511,0.7998703,0.8292525,0.99988997,0.95796037,0,0.5047924518585205
TSBD_Healthy_da00d5de9a,0,0,1,0.2948108,0.15155166,0.05592085,0.041683953,1.3506017e-06,0.008816861,0,0.12218945473432541,0.28912425,0.8107301,0.99977773,0.8890506,0,0.3730180561542511,0.65495485,0.14758591,0.00022092264,0.10213254,0,0.5047924518585205
TSBD_Healthy_1fc6860580,0,0,1,0.13091142,0.28357452,0.06457153,0.06389504,4.5138136e-06,0.017382199,0,0.12218945473432541,0.17725036,0.85953414,0.99998903,0.9346403,0,0.3730180561542511,0.7581781,0.07657085,6.461597e-06,0.047977548,0,0.5047924518585205
TSBD_Healthy_93437b01b9,1,0,2,0.8379731,0.0050211796,0.08279406,0.03863058,1.5029796e-06,0.0074621015,0,0.12218945473432541,0.11728752,0.14786126,0.00023780217,0.042458773,0,0.3730180561542511,0.7999185,0.81350815,0.9997607,0.95007914,0,0.5047924518585205
TSBD_Healthy_d7b2fef984,0,0,1,0.23236868,0.19164208,0.06788003,0.039056454,1.6122248e-06,0.010565747,0,0.12218945473432541,0.16496289,0.75656074,0.9985885,0.7879269,0,0.3730180561542511,0.767157,0.20438279,0.0014098997,0.20150732,0,0.5047924518585205
TSBD_Healthy_6499b6d7a1,0,0,1,0.163242,0.2477537,0.059784003,0.060985714,3.7784728e-06,0.014831159,0,0.12218945473432541,0.22282061,0.8604058,0.9999887,0.9396245,0,0.3730180561542511,0.71739537,0.078608505,7.5337925e-06,0.045544293,0,0.5047924518585205
TSBD_Healthy_b2c3637e41,1,0,1,0.6221076,0.042177435,0.063344955,0.06770583,5.7277516e-06,0.012198753,0,0.12218945473432541,0.6499857,0.8610849,0.9999895,0.9674395,0,0.3730180561542511,0.28666937,0.07120926,4.718098e-06,0.020361787,0,0.5047924518585205
TSBD_Healthy_ca0105e4b8,0,0,1,0.31626347,0.12730649,0.085911535,0.03376014,3.924095e-06,0.010043822,0,0.12218945473432541,0.11243267,0.57560354,0.8745926,0.46417335,0,0.3730180561542511,0.80165577,0.3906363,0.12540342,0.5257829,0,0.5047924518585205
TSBD_Healthy_efb3b53d28,1,0,1,0.69679505,0.025926966,0.13830028,0.0823156,1.3191519e-05,0.020518258,0,0.12218945473432541,0.666981,0.8519373,0.99998355,0.96371406,0,0.3730180561542511,0.19471873,0.06574709,3.2211833e-06,0.015767641,0,0.5047924518585205
TSBD_Healthy_b6298539e0,0,0,1,0.19478033,0.2186709,0.055156924,0.05839186,3.2742812e-06,0.012990493,0,0.12218945473432541,0.26408198,0.86098784,0.9999881,0.94306177,0,0.3730180561542511,0.68076104,0.08062029,8.640142e-06,0.04394771,0,0.5047924518585205
TSBD_Healthy_32b15941da,1,0,1,0.8331177,0.0072779264,0.08155965,0.063747674,4.523293e-06,0.011682359,0,0.12218945473432541,0.77560997,0.8623736,0.99998975,0.9724147,0,0.3730180561542511,0.14283034,0.073878706,5.6913905e-06,0.015902983,0,0.5047924518585205
TSBD_Healthy_0d4ffdc7b0,1,0,1,0.8287762,0.008001402,0.084061235,0.068105884,5.743761e-06,0.0127690295,0,0.12218945473432541,0.77426666,0.8628291,0.9999902,0.9728681,0,0.3730180561542511,0.14167209,0.06906503,4.020199e-06,0.014362898,0,0.5047924518585205
TSBD_Healthy_b36f28e306,0,0,1,0.18503812,0.22663186,0.060102798,0.06279041,4.3077853e-06,0.014793914,0,0.12218945473432541,0.25578308,0.86130893,0.9999893,0.9443716,0,0.3730180561542511,0.6841141,0.075900644,6.3866355e-06,0.040834483,0,0.5047924518585205
TSBD_Healthy_68a56d28bf,0,0,1,0.24968201,0.17856583,0.072517574,0.060258113,7.161328e-06,0.01713764,0,0.12218945473432541,0.2183511,0.78091055,0.99962425,0.85336035,0,0.3730180561542511,0.70913136,0.1588314,0.00036859914,0.12950207,0,0.5047924518585205
TSBD_Healthy_b7798ab5f8,1,0,1,0.8233278,0.0090497285,0.077347904,0.0708901,6.6091297e-06,0.012987565,0,0.12218945473432541,0.775389,0.86259705,0.9999901,0.9732469,0,0.3730180561542511,0.14726314,0.06651287,3.3065398e-06,0.013765554,0,0.5047924518585205
TSBD_Healthy_2a0f79d223,1,0,1,0.81193554,0.010788346,0.07292429,0.07099084,6.6269977e-06,0.012767971,0,0.12218945473432541,0.76996934,0.8625852,0.9999901,0.97316825,0,0.3730180561542511,0.15710638,0.066423945,3.2574753e-06,0.014063792,0,0.5047924518585205
TSBD_Healthy_8fc6471a64,0,0,1,0.22674051,0.19441983,0.07791411,0.045624588,4.1087083e-06,0.014478235,0,0.12218945473432541,0.13600822,0.7265602,0.99668866,0.7299638,0,0.3730180561542511,0.78607774,0.22781521,0.0033073046,0.25555792,0,0.5047924518585205
TSBD_Healthy_78bf1afa4b,1,0,1,0.64734674,0.037507858,0.06375185,0.06942572,6.2938116e-06,0.012497439,0,0.12218945473432541,0.66722757,0.8608562,0.9999894,0.9682674,0,0.3730180561542511,0.2690206,0.0697181,4.3343e-06,0.019235162,0,0.5047924518585205
TSBD_Healthy_d63c012f3e,1,0,1,0.41132993,0.089687355,0.10597655,0.066445366,5.4028524e-06,0.015678478,0,0.12218945473432541,0.48812434,0.85715663,0.9999881,0.9565522,0,0.3730180561542511,0.40589905,0.07639798,6.560342e-06,0.02776933,0,0.5047924518585205
TSBD_Healthy_05ab09d318,0,0,1,0.43067902,0.076192,0.06338434,0.035829037,5.211446e-06,0.009038527,0,0.12218945473432541,0.19403347,0.5668419,0.8710638,0.51337063,0,0.3730180561542511,0.7425822,0.39732903,0.12893097,0.4775909,0,0.5047924518585205
TSBD_Healthy_18405215f8,0,0,1,0.1762986,0.2362468,0.07706439,0.042599723,1.9349511e-06,0.013056139,0,0.12218945473432541,0.13145286,0.7808942,0.9993703,0.80915225,0,0.3730180561542511,0.79148275,0.17650601,0.0006278124,0.17779164,0,0.5047924518585205
TSBD_Healthy_fe721e6a35,0,0,1,0.16974281,0.24265805,0.07274771,0.045332905,1.942483e-06,0.013060732,0,0.12218945473432541,0.15293464,0.8095462,0.99980277,0.86008584,0,0.3730180561542511,0.7743176,0.1451209,0.00019527416,0.12685344,0,0.5047924518585205
TSBD_Healthy_8a0b6768d9,1,1,1,0.851081,0.005090993,0.08900366,0.07039198,6.5576774e-06,0.013486271,0,0.12218945473432541,0.7912579,0.8626185,0.99999,0.97362703,1,0.3730180561542511,0.11973841,0.066989504,3.4751652e-06,0.012886754,0,0.5047924518585205
TSBD_Healthy_fdb9e6ae23,0,0,1,0.23418382,0.18630275,0.053367157,0.06583634,5.052691e-06,0.013825519,0,0.12218945473432541,0.32828107,0.86227256,0.99999,0.9524598,0,0.3730180561542511,0.61835176,0.07189107,4.9125133e-06,0.033714622,0,0.5047924518585205
TSBD_Healthy_4c66cb7f58,1,0,1,0.8163314,0.00997154,0.0741027,0.06788013,5.6749277e-06,0.012195285,0,0.12218945473432541,0.7697071,0.86276,0.9999902,0.9728307,0,0.3730180561542511,0.15619017,0.06935984,4.0919435e-06,0.014973973,0,0.5047924518585205
TSBD_Healthy_f5058ddf56,1,1,1,0.84720904,0.0054315813,0.09590824,0.06983488,6.3055136e-06,0.013714818,0,0.12218945473432541,0.78583014,0.8626319,0.9999901,0.97330594,1,0.3730180561542511,0.118261606,0.06753323,3.5771047e-06,0.0129792085,0,0.5047924518585205
TSBD_Healthy_69e2554f5f,1,1,1,0.857389,0.0042695077,0.09931522,0.06782893,5.4767143e-06,0.013271838,0,0.12218945473432541,0.7946578,0.86385757,0.9999907,0.9740832,1,0.3730180561542511,0.10602697,0.06831351,3.7738746e-06,0.012644919,0,0.5047924518585205
TSBD_Healthy_d4f8817d0f,0,0,1,0.26797777,0.1660839,0.076650545,0.040630396,3.261083e-06,0.012191415,0,0.12218945473432541,0.13925916,0.6863935,0.99070346,0.66958153,0,0.3730180561542511,0.7840902,0.2729761,0.009293347,0.31822705,0,0.5047924518585205
TSBD_Healthy_75d585858d,0,0,1,0.33863795,0.11997958,0.052076682,0.062841035,4.152443e-06,0.011616373,0,0.12218945473432541,0.451799,0.8624822,0.99999,0.95872194,0,0.3730180561542511,0.49612427,0.07467673,5.9176487e-06,0.029661626,0,0.5047924518585205
TSBD_Healthy_cb3a9d790a,1,0,1,0.79824734,0.012558879,0.07380417,0.068717174,5.9184567e-06,0.012409855,0,0.12218945473432541,0.7579501,0.8627028,0.9999902,0.9723627,0,0.3730180561542511,0.16824569,0.06858004,3.9102238e-06,0.015227444,0,0.5047924518585205
TSBD_Healthy_2c254df731,0,0,1,0.32074594,0.1289475,0.079243384,0.06525464,4.9738655e-06,0.014584723,0,0.12218945473432541,0.41401744,0.8584753,0.99998856,0.9538504,0,0.3730180561542511,0.5067392,0.07627002,6.4656992e-06,0.031564884,0,0.5047924518585205
TSBD_Healthy_4e4bdff12a,1,0,1,0.82083374,0.008445848,0.11483771,0.06885965,5.9782565e-06,0.014511461,0,0.12218945473432541,0.76022756,0.86136276,0.99998987,0.97150606,0,0.3730180561542511,0.12493467,0.0697776,4.1586404e-06,0.013982472,0,0.5047924518585205
TSBD_WSSV_ffd2411af1,1,0,2,0.6145656,0.041873846,0.054802403,0.050821457,3.2492146e-06,0.009157485,0,0.12218945473432541,0.31896695,0.09274737,2.0479323e-05,0.03213508,0,0.3730180561542511,0.6262306,0.8564312,0.9999763,0.95870745,0,0.5047924518585205
TSBD_WSSV_c6b9dfd6bd,1,0,2,0.77515215,0.014211889,0.065580904,0.061416157,7.0071924e-06,0.0118361665,0,0.12218945473432541,0.20583113,0.089143164,1.8966843e-05,0.025490029,0,0.3730180561542511,0.7285879,0.8494407,0.999974,0.9626738,0,0.5047924518585205
TSBD_WSSV_258e8224d8,0,0,1,0.27162316,0.15942472,0.0509422,0.07132249,6.587075e-06,0.014150635,0,0.12218945473432541,0.38492998,0.86153424,0.9999901,0.957996,0,0.3730180561542511,0.56412786,0.067143306,3.3164627e-06,0.027853305,0,0.5047924518585205
TSBD_WSSV_7759b4323e,1,0,1,0.558737,0.05349175,0.06818006,0.24285387,0.00218192,0.072744586,0,0.12218945473432541,0.719618,0.70809734,0.9978162,0.91450304,0,0.3730180561542511,0.21220191,0.049048863,1.8112954e-06,0.012752365,0,0.5047924518585205
TSBD_WSSV_20ac0fab2b,1,0,0,0.8061803,0.014903143,0.78311616,0.9014126,0.9999858,0.9755517,0,0.12218945473432541,0.069686376,0.045712452,4.808517e-06,0.00944531,0,0.3730180561542511,0.14719738,0.052874953,9.468094e-06,0.01500295,0,0.5047924518585205
TSBD_WSSV_73ccea8db5,1,0,2,0.76521224,0.003041558,0.17384194,0.13093194,0.00038835008,0.05379565,0,0.12218945473432541,0.1703041,0.1424605,0.00040055823,0.0558216,0,0.3730180561542511,0.6558539,0.72660756,0.9992111,0.8903827,0,0.5047924518585205
TSBD_WSSV_2ca61b4065,1,1,1,0.8512836,0.0047976356,0.11543274,0.07324294,7.571995e-06,0.015495827,0,0.12218945473432541,0.78782207,0.861928,0.9999894,0.9730248,1,0.3730180561542511,0.096745215,0.06482909,3.0282195e-06,0.011479347,0,0.5047924518585205
TSBD_WSSV_0168d43459,1,0,0,0.78601176,0.017585222,0.7650723,0.90226424,0.9999865,0.97491723,0,0.12218945473432541,0.1246708,0.04681837,5.5544015e-06,0.012131246,0,0.3730180561542511,0.11025687,0.050917365,7.9083375e-06,0.0129515445,0,0.5047924518585205
TSBD_WSSV_a270f6228b,1,1,0,0.8900929,0.003929428,0.84461135,0.9032029,0.9999871,0.9791903,1,0.12218945473432541,0.072612844,0.04600059,5.085152e-06,0.009490605,0,0.3730180561542511,0.08277578,0.05079649,7.806001e-06,0.011319103,0,0.5047924518585205
TSBD_WSSV_3868efcb84,0,0,0,0.29706797,0.139425,0.45032814,0.9019069,0.9999863,0.9624149,0,0.12218945473432541,0.47254348,0.04911293,7.2182906e-06,0.02475057,0,0.3730180561542511,0.07712838,0.048980117,6.4967558e-06,0.0128345005,0,0.5047924518585205
TSBD_WSSV_98510bdd07,0,0,0,0.2989686,0.1402443,0.44622457,0.9018913,0.99998343,0.9602575,0,0.12218945473432541,0.4896394,0.05458169,1.2780232e-05,0.029489107,0,0.3730180561542511,0.06413599,0.043527085,3.7895823e-06,0.010253489,0,0.5047924518585205
TSBD_WSSV_365b81a0b8,0,0,0,0.06752216,0.37745556,0.07816976,0.8841428,0.999944,0.88603073,0,0.12218945473432541,0.66126883,0.07026265,5.092652e-05,0.08289,0,0.3730180561542511,0.26056135,0.04559453,5.095467e-06,0.031079289,0,0.5047924518585205
TSBD_WSSV_4c515e509e,0,0,0,0.079964794,0.3334264,0.09469708,0.8563561,0.9997224,0.8568769,0,0.12218945473432541,0.4701834,0.09954174,0.00027312868,0.110458635,0,0.3730180561542511,0.43511957,0.044102248,4.416938e-06,0.032664426,0,0.5047924518585205
TSBD_WSSV_d5dc5a32b7,0,0,0,0.123718895,0.28942215,0.11484427,0.83406806,0.998713,0.80724126,0,0.12218945473432541,0.7422578,0.13129717,0.0012854572,0.17834327,0,0.3730180561542511,0.14289795,0.034634758,1.5895331e-06,0.0144155,0,0.5047924518585205
TSBD_WSSV_84d358870a,0,0,0,0.1763281,0.23397031,0.27244133,0.8980884,0.9999727,0.9428424,0,0.12218945473432541,0.6575029,0.061981853,2.4755447e-05,0.046197638,0,0.3730180561542511,0.07005579,0.03992979,2.5181419e-06,0.010959922,0,0.5047924518585205
TSBD_WSSV_b95089e484,1,0,0,0.4358533,0.08864951,0.5402956,0.90239364,0.9999851,0.9641397,0,0.12218945473432541,0.311915,0.05205158,1.0180555e-05,0.022113336,0,0.3730180561542511,0.14778942,0.04555474,4.7151757e-06,0.013746966,0,0.5047924518585205
TSBD_WSSV_ef2d938994,0,0,0,0.19849427,0.20868781,0.3073134,0.8983408,0.99998295,0.94953656,0,0.12218945473432541,0.565522,0.052945785,1.0687611e-05,0.03331722,0,0.3730180561542511,0.12716457,0.048713345,6.3376797e-06,0.01714616,0,0.5047924518585205
TSBD_WSSV_32049c3ecf,0,0,0,0.092723,0.3322719,0.06819499,0.82424843,0.9993917,0.790312,0,0.12218945473432541,0.1873376,0.051963136,1.186107e-05,0.0335829,0,0.3730180561542511,0.7444674,0.12378847,0.00059640326,0.1761051,0,0.5047924518585205
TSBD_WSSV_8b8160f809,1,0,0,0.7558196,0.01934485,0.72418404,0.87797815,0.99988294,0.9574591,0,0.12218945473432541,0.2056209,0.08351624,0.0001147568,0.034829054,0,0.3730180561542511,0.07019512,0.038505558,2.286924e-06,0.007711854,0,0.5047924518585205
TSBD_WSSV_cdf58b2135,1,0,1,0.8034298,0.011577647,0.071571775,0.06795423,5.4520615e-06,0.012016078,0,0.12218945473432541,0.759962,0.86023736,0.99999,0.97195923,0,0.3730180561542511,0.1684662,0.07180839,4.541357e-06,0.016024671,0,0.5047924518585205
TSBD_WSSV_aa863186fe,1,0,2,0.8477762,0.002027614,0.0825183,0.10428927,8.7297376e-05,0.026494982,0,0.12218945473432541,0.12724054,0.09264898,3.5513636e-05,0.024419645,0,0.3730180561542511,0.7902412,0.8030617,0.9998772,0.94908535,0,0.5047924518585205
TSBD_WSSV_dfb2880295,0,0,1,0.46464035,0.051288515,0.055856936,0.033389837,4.6697296e-06,0.0075681238,0,0.12218945473432541,0.22053774,0.5269816,0.7337362,0.46361935,0,0.3730180561542511,0.72360533,0.4396286,0.26625916,0.5288125,0,0.5047924518585205
TSBD_WSSV_baaf0baf99,0,0,0,0.084435046,0.32795614,0.1286075,0.8860835,0.9999361,0.90953153,0,0.12218945473432541,0.391977,0.07408839,6.126791e-05,0.063196324,0,0.3730180561542511,0.47941554,0.03982819,2.6051962e-06,0.02727216,0,0.5047924518585205
TSBD_WSSV_24404c91af,1,0,1,0.5448059,0.058552843,0.05800646,0.0737011,7.3957754e-06,0.013243131,0,0.12218945473432541,0.60827017,0.8574668,0.9999888,0.9660388,0,0.3730180561542511,0.33372337,0.06883204,3.7819414e-06,0.020718003,0,0.5047924518585205
TSBD_WSSV_b7563199e4,1,0,1,0.83129096,0.007921249,0.07713197,0.071691655,6.6624393e-06,0.013037073,0,0.12218945473432541,0.78121495,0.8615808,0.9999901,0.9734478,0,0.3730180561542511,0.14165309,0.06672754,3.2356477e-06,0.013515103,0,0.5047924518585205
TSBD_WSSV_11a594f754,1,0,1,0.7954811,0.013234982,0.06908148,0.07031748,6.1382384e-06,0.012336516,0,0.12218945473432541,0.7604357,0.86255884,0.99999046,0.9729819,0,0.3730180561542511,0.17048278,0.06712371,3.3481733e-06,0.014681576,0,0.5047924518585205
TSBD_WSSV_fc31d39bad,1,0,1,0.828759,0.008343425,0.07739407,0.07283489,7.1001964e-06,0.01331786,0,0.12218945473432541,0.78040385,0.86186606,0.99999,0.97350633,0,0.3730180561542511,0.14220212,0.065299086,2.9672917e-06,0.013175808,0,0.5047924518585205
TSBD_WSSV_d6cd79daa1,0,0,1,0.12570237,0.2665113,0.07326647,0.36142406,0.027003871,0.20988217,0,0.12218945473432541,0.19250903,0.5740957,0.972982,0.74231404,0,0.3730180561542511,0.7342245,0.06448019,1.417652e-05,0.04780373,0,0.5047924518585205
TSBD_WSSV_02f81ef95e,1,0,1,0.8147225,0.010387003,0.07113158,0.06823405,5.505453e-06,0.011972848,0,0.12218945473432541,0.771052,0.8633161,0.9999907,0.97335565,0,0.3730180561542511,0.15781638,0.06844988,3.7448808e-06,0.014671525,0,0.5047924518585205
TSBD_WSSV_3b11acaec9,1,0,1,0.74909484,0.020140994,0.06792661,0.083861016,1.2722742e-05,0.0155598875,0,0.12218945473432541,0.7372599,0.85297984,0.99998486,0.9702031,0,0.3730180561542511,0.19481349,0.0631592,2.4428666e-06,0.014236968,0,0.5047924518585205
TSBD_WSSV_c286bccb7a,0,0,1,0.2524349,0.17826799,0.05581426,0.04245412,1.3938364e-06,0.009480053,0,0.12218945473432541,0.23426382,0.80125946,0.9997247,0.8711932,0,0.3730180561542511,0.70992196,0.15628643,0.00027386146,0.11932683,0,0.5047924518585205
TSBD_WSSV_6aa52b5d04,1,0,1,0.7935303,0.011324947,0.09469869,0.14400575,0.00014335332,0.035856523,0,0.12218945473432541,0.7779481,0.80569357,0.9998555,0.9547549,0,0.3730180561542511,0.12735324,0.050300676,1.1199974e-06,0.0093885865,0,0.5047924518585205
TSBD_WSSV_78ac1c210b,1,0,1,0.79221493,0.011290105,0.09755814,0.13719161,0.00011476578,0.033999834,0,0.12218945473432541,0.7686276,0.81082684,0.999884,0.9560552,0,0.3730180561542511,0.1338143,0.051981527,1.2548663e-06,0.009944943,0,0.5047924518585205
TSBD_WSSV_f4df9efeef,1,0,1,0.7992045,0.012646565,0.071410395,0.07254643,7.241233e-06,0.013069606,0,0.12218945473432541,0.7629188,0.8616812,0.9999896,0.9726997,0,0.3730180561542511,0.16567081,0.0657723,3.1682068e-06,0.014230637,0,0.5047924518585205
TSBD_WSSV_e332624690,1,0,1,0.2619946,0.13267305,0.0756128,0.47207657,0.1682027,0.24963126,0,0.12218945473432541,0.6391325,0.48045897,0.8317895,0.7311783,0,0.3730180561542511,0.28525463,0.04746449,7.768757e-06,0.019190496,0,0.5047924518585205
TSBD_WSSV_de8ce5aa48,1,0,1,0.5014163,0.06813705,0.05993128,0.07843372,1.0381088e-05,0.015003523,0,0.12218945473432541,0.57804596,0.85206014,0.9999857,0.9630234,0,0.3730180561542511,0.3620227,0.06950615,3.9437537e-06,0.021973008,0,0.5047924518585205
TSBD_WSSV_2847167d0b,1,0,1,0.7421848,0.019893311,0.07973121,0.12058075,6.0355604e-05,0.026606783,0,0.12218945473432541,0.74020153,0.82225066,0.9999379,0.96099895,0,0.3730180561542511,0.1800672,0.057168517,1.7059501e-06,0.012394236,0,0.5047924518585205
TSBD_WSSV_ea8e971d58,0,0,0,0.10702287,0.25869572,0.07484709,0.58646256,0.6191188,0.4339667,0,0.12218945473432541,0.32891735,0.3732952,0.38087535,0.5395016,0,0.3730180561542511,0.5962356,0.04024225,5.809621e-06,0.026531704,0,0.5047924518585205
TSBD_WSSV_2cd19b2879,1,0,2,0.8587741,0.004419212,0.09454244,0.07847443,1.639779e-05,0.017274983,0,0.12218945473432541,0.10458539,0.05761977,1.7327653e-06,0.009935354,0,0.3730180561542511,0.80087215,0.8639058,0.99998176,0.97278965,0,0.5047924518585205
TSBD_WSSV_f00fa9ceb8,1,0,2,0.75648654,0.01965125,0.07306307,0.07348983,1.2637929e-05,0.014920688,0,0.12218945473432541,0.1868858,0.05987396,2.078164e-06,0.013173529,0,0.3730180561542511,0.74005115,0.8666362,0.99998534,0.97190577,0,0.5047924518585205
TSBD_WSSV_6678622b35,1,0,2,0.8487209,0.0058462396,0.082411565,0.07289832,1.2488983e-05,0.015120389,0,0.12218945473432541,0.12270955,0.06257147,2.6744472e-06,0.011922359,0,0.3730180561542511,0.7948789,0.86453027,0.99998486,0.97295725,0,0.5047924518585205
TSBD_WSSV_9ce26c2bf9,1,0,2,0.73747796,0.014329727,0.13600656,0.23964973,0.00398799,0.09938515,0,0.12218945473432541,0.11204634,0.047066092,1.80092e-06,0.00956581,0,0.3730180561542511,0.75194705,0.71328413,0.9960102,0.89104897,0,0.5047924518585205
TSBD_WSSV_3319ef6f32,1,0,2,0.845659,0.00539553,0.106383294,0.088679075,2.8517466e-05,0.021383163,0,0.12218945473432541,0.10694669,0.0549314,1.478937e-06,0.009555259,0,0.3730180561542511,0.78666997,0.85638946,0.9999701,0.96906155,0,0.5047924518585205
TSBD_WSSV_1bb255e74b,1,0,1,0.5986725,0.047186676,0.056696963,0.066278554,4.901444e-06,0.011329591,0,0.12218945473432541,0.6394504,0.86223054,0.9999906,0.96793824,0,0.3730180561542511,0.3038527,0.07149093,4.4933336e-06,0.020732151,0,0.5047924518585205
TSBD_WSSV_d45bc108bb,1,0,1,0.8401492,0.0066940375,0.0807153,0.07038568,6.395955e-06,0.012997815,0,0.12218945473432541,0.78588444,0.8626973,0.9999902,0.9736385,0,0.3730180561542511,0.1334003,0.06691706,3.4175318e-06,0.01336367,0,0.5047924518585205
TSBD_WSSV_319f7dd222,0,0,0,0.084066845,0.3490739,0.08494222,0.86440396,0.9997296,0.84940124,0,0.12218945473432541,0.7401028,0.09939971,0.00026880283,0.13224609,0,0.3730180561542511,0.17495495,0.036196396,1.675992e-06,0.018352639,0,0.5047924518585205
TSBD_WSSV_72962540b9,1,0,0,0.611594,0.04134904,0.6095068,0.85838115,0.9997334,0.9369982,0,0.12218945473432541,0.07928553,0.036828578,1.524084e-06,0.007637764,0,0.3730180561542511,0.31120768,0.10479019,0.00026501023,0.05536404,0,0.5047924518585205
TSBD_WSSV_cbc299712b,0,0,0,0.09353513,0.33724272,0.13211468,0.8926785,0.99995446,0.91373473,0,0.12218945473432541,0.77893656,0.0696765,4.3628897e-05,0.0724516,0,0.3730180561542511,0.0889487,0.037644915,1.9580152e-06,0.013813645,0,0.5047924518585205
TSBD_WSSV_4852ce6b3e,1,1,1,0.84967285,0.005432496,0.084896535,0.06967296,6.0501216e-06,0.01298986,0,0.12218945473432541,0.79181087,0.86362225,0.9999906,0.97414523,1,0.3730180561542511,0.123292595,0.066704825,3.309343e-06,0.012864961,0,0.5047924518585205
TSBD_WSSV_51c0f376ed,0,0,1,0.30002296,0.14867845,0.061449494,0.055035982,5.9140225e-06,0.014212983,0,0.12218945473432541,0.23960456,0.75653905,0.9990638,0.82651776,0,0.3730180561542511,0.698946,0.18842492,0.0009303385,0.15926924,0,0.5047924518585205
TSBD_WSSV_27c4e89064,0,0,1,0.26340288,0.16490188,0.055288095,0.07192142,6.9420953e-06,0.0149641875,0,0.12218945473432541,0.36948168,0.85969436,0.9999894,0.955783,0,0.3730180561542511,0.5752302,0.06838421,3.6832148e-06,0.029252836,0,0.5047924518585205
TSBD_WSSV_d31ea8472c,0,0,0,0.09949989,0.30930248,0.112911575,0.8331363,0.9992743,0.84468067,0,0.12218945473432541,0.31213307,0.11978032,0.00071980304,0.118497714,0,0.3730180561542511,0.57495534,0.047083426,5.852273e-06,0.036821578,0,0.5047924518585205
TSBD_WSSV_6fd089aca1,1,1,2,0.86379784,0.004118067,0.08653673,0.057473075,4.734846e-06,0.011324374,0,0.12218945473432541,0.109619565,0.071887955,5.248088e-06,0.0138876885,0,0.3730180561542511,0.80384374,0.87063897,0.99999,0.9747879,1,0.5047924518585205
TSBD_WSSV_7131cb4d1e,0,0,1,0.32240364,0.13107854,0.060140215,0.06515706,5.73739e-06,0.013826049,0,0.12218945473432541,0.39185524,0.8413177,0.9999753,0.9414315,0,0.3730180561542511,0.5480045,0.09352519,1.8893536e-05,0.04474245,0,0.5047924518585205
TSBD_WSSV_d1629a0715,1,1,1,0.8474392,0.0053406656,0.09773677,0.07485242,8.052656e-06,0.014963036,0,0.12218945473432541,0.78656614,0.8609609,0.9999893,0.9731234,1,0.3730180561542511,0.11569709,0.06418665,2.7104734e-06,0.011913542,0,0.5047924518585205
TSBD_WSSV_8ecaf0ac01,0,0,0,0.13167326,0.28179574,0.11598622,0.8253753,0.9981654,0.79069287,0,0.12218945473432541,0.77675754,0.1414879,0.0018332363,0.19733277,0,0.3730180561542511,0.107256226,0.03313675,1.2637536e-06,0.011974346,0,0.5047924518585205
TSBD_WSSV_af3c48a08c,1,0,2,0.85423106,0.0040291585,0.11063669,0.09626926,4.0439707e-05,0.024070134,0,0.12218945473432541,0.09587079,0.05220426,1.1475089e-06,0.008524949,0,0.3730180561542511,0.7934925,0.8515265,0.9999584,0.96740496,0,0.5047924518585205
TSBD_WSSV_3dae79f506,1,0,2,0.4985564,0.059692293,0.06316087,0.31240267,0.03265744,0.13401127,0,0.12218945473432541,0.21791345,0.09950542,0.00019169429,0.04420981,0,0.3730180561542511,0.7189257,0.5880919,0.96715087,0.82177895,0,0.5047924518585205
TSBD_WSSV_80515fe4b2,1,0,2,0.85495305,0.005071032,0.078441344,0.05998599,5.6092204e-06,0.011580547,0,0.12218945473432541,0.12509029,0.07163512,4.9617033e-06,0.014411078,0,0.3730180561542511,0.7964684,0.86837894,0.9999894,0.9740084,0,0.5047924518585205
TSBD_WSSV_aee31f5ae6,1,0,2,0.8221744,0.0073027266,0.10100899,0.13777758,0.0002289498,0.03899325,0,0.12218945473432541,0.10824915,0.048666038,1.0600123e-06,0.008535864,0,0.3730180561542511,0.79074186,0.81355643,0.99977,0.9524709,0,0.5047924518585205
TSBD_WSSV_0ef579b068,1,0,2,0.82818717,0.0059137475,0.11527938,0.13523696,0.0001947138,0.039283726,0,0.12218945473432541,0.10272949,0.0469863,8.3693226e-07,0.007883979,0,0.3730180561542511,0.7819911,0.81777674,0.99980444,0.9528323,0,0.5047924518585205
TSBD_WSSV_f70db8236e,1,0,2,0.84362257,0.0031578084,0.07095929,0.05224233,4.3025407e-06,0.0100938445,0,0.12218945473432541,0.16036417,0.11568049,7.464213e-05,0.03397813,0,0.3730180561542511,0.76867646,0.8320772,0.9999211,0.955928,0,0.5047924518585205
TSBD_WSSV_36e3c23fc4,1,0,2,0.847341,0.00575976,0.077594794,0.07145346,1.1850845e-05,0.0145432595,0,0.12218945473432541,0.1296248,0.06743952,3.8185067e-06,0.013520446,0,0.3730180561542511,0.79278046,0.861107,0.9999844,0.97193635,0,0.5047924518585205
TSBD_WSSV_7e34390794,1,0,2,0.85379523,0.005526849,0.07944084,0.06322633,6.7739425e-06,0.012355171,0,0.12218945473432541,0.12228683,0.065970145,3.3295883e-06,0.012706573,0,0.3730180561542511,0.7982723,0.87080353,0.99998987,0.9749382,0,0.5047924518585205
TSBD_WSSV_bd80b0d581,1,0,2,0.6200526,0.024956034,0.18781702,0.3793403,0.060466584,0.22773132,0,0.12218945473432541,0.090072714,0.041849583,2.207838e-06,0.008460799,0,0.3730180561542511,0.7221103,0.5788101,0.9395312,0.76380783,0,0.5047924518585205
TSBD_WSSV_a456bae923,1,0,2,0.8517837,0.005253638,0.094914064,0.078908,1.712266e-05,0.017533382,0,0.12218945473432541,0.110083535,0.057596043,1.7092402e-06,0.010109313,0,0.3730180561542511,0.79500234,0.8634959,0.99998116,0.9723573,0,0.5047924518585205
TSBD_WSSV_b6178797f6,1,0,2,0.8502985,0.0057204673,0.08180409,0.06481417,7.5679427e-06,0.012935622,0,0.12218945473432541,0.12437352,0.0668596,3.5026117e-06,0.013020446,0,0.3730180561542511,0.7938224,0.86832625,0.99998903,0.97404397,0,0.5047924518585205
TSBD_WSSV_69762898eb,1,0,2,0.8549282,0.004940315,0.09463596,0.07661383,1.5442507e-05,0.016907567,0,0.12218945473432541,0.10802206,0.058293033,1.8766792e-06,0.01027341,0,0.3730180561542511,0.797342,0.8650931,0.9999826,0.97281903,0,0.5047924518585205
TSBD_WSSV_a73de688c2,1,0,2,0.8507048,0.0010856199,0.069015965,0.051729247,5.435825e-06,0.010398964,0,0.12218945473432541,0.15504512,0.137254,0.00020399048,0.04421726,0,0.3730180561542511,0.7759388,0.8110168,0.9997905,0.9453838,0,0.5047924518585205
TSBD_WSSV_03cb710db8,1,0,2,0.8586415,0.0028734314,0.075365715,0.04668093,2.4591784e-06,0.00867795,0,0.12218945473432541,0.13272162,0.10660578,4.278529e-05,0.027159728,0,0.3730180561542511,0.79191273,0.8467133,0.9999547,0.96416235,0,0.5047924518585205
TSBD_WSSV_7f2c043791,1,0,2,0.76237154,0.017729996,0.070737556,0.07941075,1.8196166e-05,0.016477643,0,0.12218945473432541,0.18982276,0.06629514,3.504011e-06,0.015437526,0,0.3730180561542511,0.7394397,0.85429406,0.9999783,0.9680849,0,0.5047924518585205
TSBD_WSSV_426ff318e2,1,0,2,0.8565815,0.00520132,0.08238513,0.06703965,8.480214e-06,0.013425342,0,0.12218945473432541,0.11631697,0.0626083,2.49605e-06,0.011501583,0,0.3730180561542511,0.8012979,0.870352,0.99998903,0.9750731,0,0.5047924518585205
TSBD_WSSV_3cb87dc046,1,0,2,0.82261395,0.009456061,0.072178125,0.0710419,1.150984e-05,0.014134428,0,0.12218945473432541,0.14898212,0.06542143,3.2465675e-06,0.013626888,0,0.3730180561542511,0.77883977,0.8635366,0.9999852,0.97223866,0,0.5047924518585205
TSBD_WSSV_4c414428d2,1,0,2,0.8604024,0.0046400195,0.08824946,0.06926937,9.753557e-06,0.0143402,0,0.12218945473432541,0.10840736,0.06074598,2.1419266e-06,0.0107274,0,0.3730180561542511,0.8033432,0.8699847,0.9999881,0.9749324,0,0.5047924518585205
TSBD_WSSV_4896029d97,1,0,2,0.84166056,0.0070841685,0.07719198,0.069571294,9.976872e-06,0.013846752,0,0.12218945473432541,0.13097884,0.06283316,2.5691925e-06,0.012133053,0,0.3730180561542511,0.79182917,0.86759555,0.99998736,0.9740202,0,0.5047924518585205
TSBD_WSSV_c549f00277,1,0,2,0.82082975,0.010030534,0.070918,0.07002648,1.0481274e-05,0.01368554,0,0.12218945473432541,0.14909837,0.0634037,2.6822631e-06,0.0129245045,0,0.3730180561542511,0.77998364,0.8665699,0.99998677,0.97339,0,0.5047924518585205
TSBD_WSSV_254bdb9f4d,0,0,2,0.46524444,0.0714656,0.05839497,0.054467782,1.3634633e-05,0.013949847,0,0.12218945473432541,0.6288933,0.26879296,0.011916935,0.25475293,0,0.3730180561542511,0.31271175,0.6767393,0.98806936,0.7312972,0,0.5047924518585205
TSBD_WSSV_b0447870c0,1,0,2,0.5868796,0.035666,0.051225945,0.036331195,1.4059171e-06,0.006656385,0,0.12218945473432541,0.41848016,0.18502231,0.0009628242,0.10659716,0,0.3730180561542511,0.5302938,0.7786464,0.9990357,0.88674647,0,0.5047924518585205
TSBD_WSSV_754fa3c73d,1,0,2,0.8608466,0.0046103066,0.087478764,0.06592172,7.882135e-06,0.013396335,0,0.12218945473432541,0.10941214,0.063010745,2.5643415e-06,0.011340521,0,0.3730180561542511,0.8031091,0.8710676,0.9999895,0.9752632,0,0.5047924518585205
TSBD_WSSV_9937a0424b,1,0,2,0.85785,0.004530563,0.09467738,0.0782088,1.61153e-05,0.017203992,0,0.12218945473432541,0.10535836,0.057772428,1.7193177e-06,0.009961162,0,0.3730180561542511,0.79996425,0.8640188,0.99998224,0.9728348,0,0.5047924518585205
TSBD_WSSV_6fa84e41c3,1,0,2,0.8425912,0.007037922,0.07633614,0.06671717,8.420149e-06,0.0130761275,0,0.12218945473432541,0.1315652,0.06390824,2.8057757e-06,0.012455564,0,0.3730180561542511,0.7920987,0.86937463,0.9999887,0.9744683,0,0.5047924518585205
TSBD_WSSV_577000701d,1,0,2,0.85531664,0.0046703033,0.089530885,0.08090317,1.948405e-05,0.017815111,0,0.12218945473432541,0.11133235,0.0594208,2.0655007e-06,0.010682493,0,0.3730180561542511,0.79913676,0.85967594,0.99997854,0.9715024,0,0.5047924518585205
TSBD_WSSV_7562704d32,1,0,2,0.8488158,0.0057919323,0.0736836,0.05517914,3.97343e-06,0.010205494,0,0.12218945473432541,0.13567425,0.07631438,6.705289e-06,0.016235027,0,0.3730180561542511,0.79064214,0.8685065,0.9999894,0.9735595,0,0.5047924518585205
TSBD_WSSV_ab987277c7,1,0,2,0.69547075,0.029778978,0.061372977,0.08864543,2.9618972e-05,0.018376315,0,0.12218945473432541,0.2229388,0.058680076,2.0065397e-06,0.013992082,0,0.3730180561542511,0.7156882,0.85267454,0.9999684,0.9676316,0,0.5047924518585205
TSBD_WSSV_1beeeafcb8,1,0,2,0.8493749,0.006165183,0.07892658,0.06871454,9.505888e-06,0.013706535,0,0.12218945473432541,0.12364026,0.06200639,2.4289316e-06,0.011656405,0,0.3730180561542511,0.7974332,0.86927915,0.9999881,0.9746371,0,0.5047924518585205
TSBD_WSSV_e7254cc0d4,1,0,2,0.8575986,0.0047518415,0.07704702,0.05706361,4.6259024e-06,0.010816773,0,0.12218945473432541,0.12465055,0.07404932,5.7610214e-06,0.015038672,0,0.3730180561542511,0.7983024,0.868887,0.9999896,0.9741446,0,0.5047924518585205
TSBD_WSSV_b5a8a126ab,1,0,2,0.8263074,0.001397354,0.061095804,0.03900241,2.0567952e-06,0.007253209,0,0.12218945473432541,0.19116996,0.18434422,0.0009467206,0.0741432,0,0.3730180561542511,0.7477342,0.77665335,0.9990513,0.9186036,0,0.5047924518585205
TSBD_WSSV_13e41ad5ef,1,0,2,0.85790235,0.004983904,0.07929827,0.060746126,5.828434e-06,0.01175524,0,0.12218945473432541,0.11995054,0.0680701,3.7609852e-06,0.013101986,0,0.3730180561542511,0.80075127,0.8711838,0.99999034,0.97514284,0,0.5047924518585205
TSBD_WSSV_5dd3dca816,1,0,2,0.8579655,0.004897883,0.07975121,0.061063197,5.8291234e-06,0.011810919,0,0.12218945473432541,0.11993522,0.06858259,3.971229e-06,0.013294338,0,0.3730180561542511,0.8003136,0.87035424,0.9999902,0.97489476,0,0.5047924518585205
TSBD_WSSV_084f7a072a,1,0,2,0.8443298,0.0065984027,0.07312057,0.060192235,5.6076915e-06,0.011341547,0,0.12218945473432541,0.13664721,0.07064906,4.8778156e-06,0.0147540625,0,0.3730180561542511,0.7902322,0.86915874,0.9999895,0.9739044,0,0.5047924518585205
TSBD_WSSV_7d1aec7b17,1,0,2,0.7795874,0.010298462,0.20737633,0.1266943,0.00014508911,0.045325186,0,0.12218945473432541,0.08750867,0.047554683,8.095744e-07,0.007638573,0,0.3730180561542511,0.70511496,0.825751,0.9998541,0.94703627,0,0.5047924518585205
TSBD_WSSV_93545fad41,1,0,2,0.84767574,0.005932104,0.07769403,0.059830613,5.504192e-06,0.01151516,0,0.12218945473432541,0.13207968,0.072272964,5.0447106e-06,0.014834713,0,0.3730180561542511,0.79022634,0.8678964,0.9999895,0.9736501,0,0.5047924518585205
TSBD_WSSV_ef783ed00d,1,0,2,0.8401791,0.0056690443,0.13923581,0.08945383,2.9546292e-05,0.023837907,0,0.12218945473432541,0.08576743,0.053370807,1.1977163e-06,0.008399537,0,0.3730180561542511,0.7749968,0.8571754,0.99996924,0.96776253,0,0.5047924518585205
TSBD_WSSV_8b081aa68f,0,0,2,0.43136266,0.04306978,0.06320879,0.059818424,6.91074e-05,0.01711717,0,0.12218945473432541,0.1958796,0.4656878,0.5402939,0.38463086,0,0.3730180561542511,0.74091166,0.47449374,0.459637,0.59825194,0,0.5047924518585205
TSBD_WSSV_6afbaad0ae,1,0,2,0.849033,0.005095414,0.092658065,0.096406505,4.2132084e-05,0.022811586,0,0.12218945473432541,0.10924511,0.054422483,1.42573e-06,0.009491274,0,0.3730180561542511,0.79809684,0.849171,0.9999565,0.96769714,0,0.5047924518585205
TSBD_WSSV_9223e4a32b,1,0,2,0.8524139,0.005711468,0.08072774,0.06862922,9.496717e-06,0.013795884,0,0.12218945473432541,0.1204331,0.062197182,2.528465e-06,0.011651367,0,0.3730180561542511,0.7988391,0.86917365,0.99998796,0.97455275,0,0.5047924518585205
TSBD_WSSV_98ea43065f,1,0,2,0.8565252,0.005141631,0.07976812,0.06251025,6.434668e-06,0.012176402,0,0.12218945473432541,0.1203039,0.06686013,3.5432943e-06,0.012861752,0,0.3730180561542511,0.799928,0.87062967,0.99999,0.9749619,0,0.5047924518585205
TSBD_WSSV_eb247f0a00,1,0,2,0.85972846,0.004641356,0.08450658,0.06186783,6.0990246e-06,0.0122300675,0,0.12218945473432541,0.11446493,0.0676609,3.746222e-06,0.01284435,0,0.3730180561542511,0.8010285,0.87047124,0.9999902,0.9749256,0,0.5047924518585205
TSBD_WSSV_97fa50601b,1,1,2,0.8618038,0.004425238,0.09049186,0.06707027,8.491309e-06,0.013865841,0,0.12218945473432541,0.10619526,0.062402457,2.5055729e-06,0.011121372,0,0.3730180561542511,0.80331284,0.87052727,0.99998903,0.9750128,1,0.5047924518585205
TSBD_WSSV_8b6c4507a2,1,0,2,0.8516293,0.004951467,0.097707026,0.08642973,2.5849882e-05,0.020052945,0,0.12218945473432541,0.10738174,0.05563818,1.5729464e-06,0.00971181,0,0.3730180561542511,0.79491127,0.8579321,0.9999726,0.9702352,0,0.5047924518585205
TSBD_WSSV_5c925439ac,1,0,2,0.8409592,0.0062773814,0.08940908,0.10298381,5.6697456e-05,0.024646483,0,0.12218945473432541,0.11256408,0.052015435,1.1965592e-06,0.009081322,0,0.3730180561542511,0.79802686,0.84500074,0.99994206,0.96627223,0,0.5047924518585205
TSBD_WSSV_1d810bc413,1,0,2,0.758375,0.018048026,0.06570447,0.08351652,2.2895298e-05,0.01722726,0,0.12218945473432541,0.19557716,0.06935715,4.8933443e-06,0.017048443,0,0.3730180561542511,0.7387184,0.84712636,0.9999722,0.96572423,0,0.5047924518585205
TSBD_WSSV_26de7fcd80,1,0,2,0.5881643,0.0006085651,0.063329734,0.08036803,0.0001964592,0.023326596,0,0.12218945473432541,0.40083274,0.40418276,0.25410572,0.38578624,0,0.3730180561542511,0.53583753,0.5154493,0.74569786,0.5908872,0,0.5047924518585205
TSBD_WSSV_8aa47f5a65,1,0,1,0.7532756,0.001827742,0.16278955,0.15820807,0.00061593094,0.063593626,0,0.12218945473432541,0.6425373,0.6906927,0.9989737,0.87526286,0,0.3730180561542511,0.19467312,0.1510992,0.0004103928,0.061143488,0,0.5047924518585205
TSBD_WSSV_d889bfa7f2,0,0,1,0.2481655,0.17951256,0.05530733,0.048140787,1.8055143e-06,0.010181883,0,0.12218945473432541,0.2858272,0.8407633,0.99995387,0.92286575,0,0.3730180561542511,0.65886545,0.111095965,4.426883e-05,0.06695235,0,0.5047924518585205
TSBD_WSSV_8a85146e3e,1,0,2,0.85596913,0.004652867,0.08215218,0.05934246,5.473233e-06,0.011665095,0,0.12218945473432541,0.12294713,0.0747313,6.45497e-06,0.015401552,0,0.3730180561542511,0.7949007,0.86592627,0.9999881,0.97293335,0,0.5047924518585205
TSBD_WSSV_439d0a5c3f,1,0,2,0.8613418,0.004492541,0.08941193,0.06876798,9.494003e-06,0.014279452,0,0.12218945473432541,0.10701607,0.061213315,2.262699e-06,0.010832348,0,0.3730180561542511,0.803572,0.8700187,0.9999882,0.9748882,0,0.5047924518585205
TSBD_WSSV_3f0184301c,1,0,2,0.85363835,0.0055739656,0.07902697,0.064570576,7.3984397e-06,0.012670066,0,0.12218945473432541,0.1221093,0.06493016,3.061427e-06,0.012398285,0,0.3730180561542511,0.79886377,0.87049925,0.9999895,0.9749316,0,0.5047924518585205
TSBD_WSSV_00abe397a8,1,0,2,0.8607121,0.0046053026,0.085816525,0.06439182,7.2418907e-06,0.012947021,0,0.12218945473432541,0.111427024,0.06465355,2.9681428e-06,0.011890114,0,0.3730180561542511,0.8027564,0.8709547,0.99998975,0.97516286,0,0.5047924518585205
TSBD_WSSV_f49daeee4d,1,0,2,0.8551449,0.0050193267,0.08277158,0.06610017,8.258631e-06,0.013318155,0,0.12218945473432541,0.1198607,0.06681202,3.7250313e-06,0.012991532,0,0.3730180561542511,0.7973677,0.8670878,0.9999881,0.9736903,0,0.5047924518585205
TSBD_WSSV_e3a3f70bef,1,0,2,0.83879435,0.0061452948,0.08546274,0.08844215,3.0139188e-05,0.020047203,0,0.12218945473432541,0.1278062,0.06329195,3.3881472e-06,0.012823348,0,0.3730180561542511,0.78673106,0.8482659,0.9999665,0.96712947,0,0.5047924518585205
TSBD_WSSV_4c6acaba53,1,0,2,0.8607613,0.004317563,0.09741257,0.07478295,1.34947595e-05,0.016410636,0,0.12218945473432541,0.10086459,0.057990585,1.772597e-06,0.009872055,0,0.3730180561542511,0.8017228,0.8672265,0.99998474,0.97371733,0,0.5047924518585205
TSBD_WSSV_1a5ee9d7a4,1,0,2,0.85246456,0.0054462506,0.087572254,0.07389677,1.29283635e-05,0.01562614,0,0.12218945473432541,0.1150476,0.05978875,2.0374239e-06,0.010800287,0,0.3730180561542511,0.79738015,0.8663145,0.9999851,0.9735736,0,0.5047924518585205
TSBD_WSSV_1d745dbab2,1,0,0,0.7546815,0.021484105,0.738265,0.89473855,0.99998,0.97048414,0,0.12218945473432541,0.101023145,0.04914918,7.520089e-06,0.012383028,0,0.3730180561542511,0.16071191,0.05611228,1.25580855e-05,0.017132875,0,0.5047924518585205
TSBD_WSSV_04529c8937,1,0,2,0.86021394,0.0045296364,0.087474056,0.0701098,1.0404683e-05,0.0145691475,0,0.12218945473432541,0.109787144,0.061740503,2.4103308e-06,0.011119747,0,0.3730180561542511,0.80273885,0.86814976,0.99998724,0.97431105,0,0.5047924518585205
TSBD_WSSV_eb7b8b7c67,1,0,2,0.8612357,0.0044670636,0.090890065,0.07065177,1.0613866e-05,0.014867433,0,0.12218945473432541,0.10562426,0.059999906,2.042623e-06,0.010471235,0,0.3730180561542511,0.80348563,0.86934835,0.99998736,0.9746613,0,0.5047924518585205
TSBD_WSSV_4c43a3a8a6,1,0,2,0.8503201,0.005517736,0.08501477,0.07508909,1.3955177e-05,0.015840515,0,0.12218945473432541,0.119525924,0.061807275,2.4687993e-06,0.011562884,0,0.3730180561542511,0.79545933,0.8631036,0.99998355,0.9725966,0,0.5047924518585205
TSBD_WSSV_417fc1cab3,1,0,2,0.8590705,0.0046648905,0.08776973,0.06618166,8.27809e-06,0.013584431,0,0.12218945473432541,0.11163432,0.064464375,2.984475e-06,0.011908295,0,0.3730180561542511,0.800596,0.8693539,0.9999888,0.9745073,0,0.5047924518585205
TSBD_WSSV_59c834cf6e,1,0,2,0.54342633,0.0565717,0.05825188,0.04971088,2.9684443e-06,0.009315813,0,0.12218945473432541,0.36197576,0.09216489,2.010594e-05,0.034175165,0,0.3730180561542511,0.57977235,0.85812426,0.9999769,0.956509,0,0.5047924518585205
TSBD_WSSV_97681928ee,1,0,2,0.8591523,0.0041750213,0.09257697,0.08190832,2.1030737e-05,0.018378492,0,0.12218945473432541,0.10571502,0.058151796,1.956637e-06,0.010262863,0,0.3730180561542511,0.801708,0.8599398,0.9999771,0.97135866,0,0.5047924518585205
TSBD_WSSV_0c09630268,1,0,2,0.85585815,0.0045389794,0.09532794,0.08640683,2.5287574e-05,0.019756371,0,0.12218945473432541,0.10488349,0.055238396,1.4418342e-06,0.009418699,0,0.3730180561542511,0.7997886,0.8583548,0.9999733,0.9708249,0,0.5047924518585205
TSBD_WSSV_919a1fc43f,1,0,2,0.86013204,0.004392186,0.096408255,0.07160072,1.133648e-05,0.015491086,0,0.12218945473432541,0.103031635,0.060523704,2.1918875e-06,0.010582869,0,0.3730180561542511,0.80056006,0.8678755,0.9999865,0.97392607,0,0.5047924518585205
TSBD_WSSV_df52a25a1c,1,0,2,0.5213994,0.06148312,0.09276194,0.14418149,0.00027214488,0.043712627,0,0.12218945473432541,0.3056577,0.049749203,1.275105e-06,0.014062207,0,0.3730180561542511,0.6015803,0.8060693,0.9997265,0.94222516,0,0.5047924518585205
TSBD_WSSV_b6df8b235a,1,0,2,0.859921,0.0046273423,0.08933014,0.06935431,1.014204e-05,0.01452679,0,0.12218945473432541,0.10837182,0.061209336,2.3470711e-06,0.010964936,0,0.3730180561542511,0.80229807,0.8694364,0.9999875,0.9745083,0,0.5047924518585205
TSBD_WSSV_66dac7b3cb,1,0,2,0.83769923,0.0076691955,0.07138667,0.061098475,5.952548e-06,0.011469809,0,0.12218945473432541,0.1412355,0.0685407,4.1874696e-06,0.0142949745,0,0.3730180561542511,0.78737783,0.8703608,0.99998987,0.97423524,0,0.5047924518585205
TSBD_WSSV_cb728bde71,1,0,2,0.8555483,0.0048036566,0.092612505,0.07807067,1.6228558e-05,0.017094227,0,0.12218945473432541,0.108947806,0.05850669,1.8836708e-06,0.0103302235,0,0.3730180561542511,0.7984397,0.8634226,0.9999819,0.9725756,0,0.5047924518585205
TSBD_WSSV_11dccea294,1,0,2,0.8552984,0.004420746,0.0980656,0.08405975,2.2459482e-05,0.01927067,0,0.12218945473432541,0.10555918,0.057630915,1.8320924e-06,0.010107166,0,0.3730180561542511,0.7963752,0.8583094,0.9999758,0.9706222,0,0.5047924518585205
TSBD_WSSV_6c97d0a038,1,0,2,0.8032259,0.0076017,0.12161283,0.17640465,0.0007245156,0.058914892,0,0.12218945473432541,0.1010468,0.046910707,1.0633678e-06,0.008251545,0,0.3730180561542511,0.7773403,0.77668464,0.99927443,0.9328336,0,0.5047924518585205
TSBD_WSSV_7930144273,1,0,2,0.82903194,0.007019629,0.09549401,0.12617785,0.00014664354,0.033538103,0,0.12218945473432541,0.10923328,0.049240656,1.0380063e-06,0.008551885,0,0.3730180561542511,0.7952727,0.82458144,0.9998523,0.95791,0,0.5047924518585205
TSBD_WSSV_46e8a68895,1,0,2,0.7882694,0.011898944,0.062162653,0.05201443,4.022527e-06,0.009619902,0,0.12218945473432541,0.2057419,0.09914977,2.9423865e-05,0.02910811,0,0.3730180561542511,0.7320954,0.8488358,0.9999665,0.961272,0,0.5047924518585205
TSBD_WSSV_68675dc12f,1,0,2,0.8368966,0.00749717,0.071292475,0.05987387,5.7298957e-06,0.011291806,0,0.12218945473432541,0.1443498,0.0719147,5.1259553e-06,0.015350778,0,0.3730180561542511,0.7843577,0.8682114,0.99998915,0.9733575,0,0.5047924518585205
TSBD_WSSV_33b5dd7e52,1,0,1,0.8408172,0.0052070133,0.100684375,0.10456659,3.2463275e-05,0.023344206,0,0.12218945473432541,0.786434,0.8388511,0.999966,0.96666104,0,0.3730180561542511,0.11288161,0.056582313,1.5225064e-06,0.009994779,0,0.5047924518585205
TSBD_WSSV_eaf8feba8d,1,0,2,0.8583699,0.0047323518,0.09075128,0.075028986,1.375092e-05,0.016095826,0,0.12218945473432541,0.10729874,0.058034044,1.7425339e-06,0.010058821,0,0.3730180561542511,0.80195004,0.866937,0.9999845,0.97384536,0,0.5047924518585205
TSBD_WSSV_a092abcd48,1,0,2,0.8217876,0.0065360805,0.08072545,0.10694512,7.7358476e-05,0.02611338,0,0.12218945473432541,0.14464949,0.07647783,1.0709267e-05,0.01854553,0,0.3730180561542511,0.77462506,0.81657696,0.9999119,0.95534104,0,0.5047924518585205
TSBD_WSSV_8c4a48a3c8,0,0,0,0.17022009,0.24069163,0.24235192,0.88701856,0.9999244,0.9241035,0,0.12218945473432541,0.6850992,0.076369286,7.3859424e-05,0.06578238,0,0.3730180561542511,0.072548844,0.036612082,1.6880314e-06,0.010114141,0,0.5047924518585205
TSBD_WSSV_36e8b7c576,1,1,0,0.83620584,0.010544999,0.80013794,0.9023462,0.99998677,0.9766325,1,0.12218945473432541,0.094581425,0.048922606,6.8260993e-06,0.011543896,0,0.3730180561542511,0.10528066,0.048731178,6.4349424e-06,0.011823628,0,0.5047924518585205
TSBD_WSSV_f62b02d7ce,1,1,0,0.85191935,0.008947775,0.8188704,0.90303713,0.9999863,0.97771394,1,0.12218945473432541,0.12078856,0.05030261,8.328486e-06,0.013154008,0,0.3730180561542511,0.060340952,0.046660315,5.3583085e-06,0.009132011,0,0.5047924518585205
TSBD_WSSV_7b5c5d4331,0,0,1,0.36259094,0.11015619,0.05418885,0.05657807,2.9770026e-06,0.010593054,0,0.12218945473432541,0.43550694,0.8457396,0.9999757,0.9453833,0,0.3730180561542511,0.5103043,0.09768233,2.1336156e-05,0.044023633,0,0.5047924518585205
TSBD_WSSV_1115f3a7b9,0,0,1,0.4984094,0.058694065,0.0561249,0.035160907,2.572325e-06,0.007764272,0,0.12218945473432541,0.31222656,0.65047085,0.97468776,0.68690145,0,0.3730180561542511,0.6316485,0.31436825,0.025309717,0.3053343,0,0.5047924518585205
TSBD_WSSV_8b19cf1542,1,0,1,0.3846184,0.09786054,0.069057725,0.06315551,4.5789284e-06,0.012887663,0,0.12218945473432541,0.47293004,0.85173815,0.99998367,0.95263666,0,0.3730180561542511,0.4580122,0.085106336,1.1696373e-05,0.03447562,0,0.5047924518585205
TSBD_WSSV_e980aeec5d,1,0,0,0.6108623,0.049130253,0.6742513,0.90313697,0.999987,0.9722253,0,0.12218945473432541,0.2633668,0.049172807,7.195258e-06,0.017679634,0,0.3730180561542511,0.062381886,0.047690243,5.818036e-06,0.010095094,0,0.5047924518585205
TSBD_WSSV_78620c7961,1,1,1,0.84410846,0.004991429,0.104719475,0.101157926,2.6931948e-05,0.02242515,0,0.12218945473432541,0.78721285,0.8442477,0.99997175,0.9681965,1,0.3730180561542511,0.10806763,0.054594394,1.3060769e-06,0.009378345,0,0.5047924518585205
TSBD_WSSV_5cfa598cc4,0,0,0,0.21043988,0.19951934,0.32831368,0.89854765,0.9999839,0.9527784,0,0.12218945473432541,0.5608581,0.05015954,7.921495e-06,0.02993765,0,0.3730180561542511,0.11082823,0.051292926,8.250032e-06,0.017283957,0,0.5047924518585205
TSBD_WSSV_2ab0d58abb,1,0,0,0.79234225,0.016729929,0.77243125,0.8999156,0.9999795,0.9734624,0,0.12218945473432541,0.16422193,0.058041178,1.7243303e-05,0.018390156,0,0.3730180561542511,0.06334681,0.042043235,3.2200646e-06,0.008147399,0,0.5047924518585205
TSBD_WSSV_d63f9ec96f,1,0,2,0.76091665,0.017047588,0.083123036,0.1757578,0.00072092377,0.051339947,0,0.12218945473432541,0.12006582,0.04612865,1.0276185e-06,0.008624096,0,0.3730180561542511,0.79681116,0.77811354,0.999278,0.94003594,0,0.5047924518585205
TSBD_WSSV_c6d6c44306,1,0,0,0.5757954,0.05575369,0.64551383,0.9019354,0.99998605,0.9701489,0,0.12218945473432541,0.27498403,0.049429994,7.498335e-06,0.01839035,0,0.3730180561542511,0.07950213,0.048634607,6.4128094e-06,0.011460706,0,0.5047924518585205
TSBD_WSSV_0e98c598e2,0,0,1,0.22188225,0.15780132,0.05292408,0.38483965,0.052505746,0.17793855,0,0.12218945473432541,0.4369048,0.53058755,0.9474137,0.7676409,0,0.3730180561542511,0.5101711,0.08457279,8.05699e-05,0.054420564,0,0.5047924518585205
TSBD_WSSV_0e0b18da56,0,0,0,0.08797546,0.34522927,0.09643415,0.86941886,0.99986553,0.87215745,0,0.12218945473432541,0.12277055,0.0392204,2.3178452e-06,0.017569238,0,0.3730180561542511,0.78079534,0.09136068,0.00013223295,0.11027329,0,0.5047924518585205
TSBD_WSSV_0e04e30a96,1,0,0,0.5278175,0.06488487,0.5974403,0.9010439,0.99998534,0.9664738,0,0.12218945473432541,0.20897019,0.0473949,6.0477246e-06,0.016079774,0,0.3730180561542511,0.19358954,0.05156113,8.600043e-06,0.017446427,0,0.5047924518585205
TSBD_WSSV_b14315239e,0,0,0,0.10932481,0.30315804,0.17490049,0.89979637,0.99998426,0.93703496,0,0.12218945473432541,0.20105447,0.051408313,9.226173e-06,0.026702048,0,0.3730180561542511,0.62404513,0.04879527,6.6033645e-06,0.036263026,0,0.5047924518585205
TSBD_WSSV_ad26e82e3c,0,0,0,0.1911329,0.2188045,0.26604855,0.8826621,0.99993515,0.92680794,0,0.12218945473432541,0.6291464,0.074870974,6.127749e-05,0.059308354,0,0.3730180561542511,0.10480505,0.042466864,3.5521944e-06,0.013883767,0,0.5047924518585205
TSBD_WSSV_cda41068f5,1,0,0,0.7180359,0.028472152,0.7266916,0.90032965,0.9999832,0.97217596,0,0.12218945473432541,0.06769828,0.04293866,3.5550559e-06,0.008758833,0,0.3730180561542511,0.20561014,0.056731626,1.3283305e-05,0.01906519,0,0.5047924518585205
TSBD_WSSV_f51f241a0d,0,0,0,0.15478693,0.2541912,0.2482127,0.9002909,0.9999825,0.9455714,0,0.12218945473432541,0.6648199,0.05486326,1.3155122e-05,0.04003846,0,0.3730180561542511,0.08696749,0.04484589,4.3640753e-06,0.014390094,0,0.5047924518585205
TSBD_WSSV_2578508dff,1,1,0,0.8661916,0.006736259,0.82381415,0.90267,0.99998665,0.9779275,1,0.12218945473432541,0.08877353,0.045779895,4.9132987e-06,0.010168502,0,0.3730180561542511,0.08741234,0.051550195,8.497753e-06,0.011904038,0,0.5047924518585205
TSBD_WSSV_45511a46f0,1,0,0,0.75711095,0.023014737,0.76140255,0.9031787,0.99998605,0.9752497,0,0.12218945473432541,0.18409781,0.051533677,9.2827095e-06,0.016113762,0,0.3730180561542511,0.05449963,0.04528765,4.621344e-06,0.008636466,0,0.5047924518585205
TSBD_WSSV_87146ab98c,1,1,0,0.86875385,0.006646796,0.82953614,0.90280515,0.9999869,0.97841823,1,0.12218945473432541,0.100569054,0.046385992,5.280172e-06,0.010818876,0,0.3730180561542511,0.0698948,0.05080892,7.9235815e-06,0.010762894,0,0.5047924518585205
TSBD_WSSV_e143d38f01,0,0,1,0.22314169,0.1912433,0.13755178,0.11546821,0.00019855428,0.05996852,0,0.12218945473432541,0.14531213,0.71087056,0.9987765,0.76169544,0,0.3730180561542511,0.71713614,0.17366129,0.0010248945,0.17833605,0,0.5047924518585205
TSBD_WSSV_ea73217725,1,0,1,0.5232685,0.05906388,0.07139974,0.09782543,3.0919768e-05,0.02208786,0,0.12218945473432541,0.5695829,0.8197045,0.9999585,0.9488473,0,0.3730180561542511,0.3590174,0.082470156,1.0609025e-05,0.029064866,0,0.5047924518585205
TSBD_WSSV_7568f33745,1,0,0,0.45038223,0.07288167,0.47363803,0.82980716,0.99853206,0.89041346,0,0.12218945473432541,0.3928066,0.13580269,0.0014664354,0.100183725,0,0.3730180561542511,0.13355535,0.03439012,1.5507287e-06,0.009402799,0,0.5047924518585205
TSBD_WSSV_c0b728f042,0,0,1,0.18558581,0.22788519,0.06682068,0.05793028,4.724611e-06,0.016389629,0,0.12218945473432541,0.17589302,0.8050454,0.9998603,0.8731999,0,0.3730180561542511,0.7572863,0.13702431,0.00013495944,0.110410444,0,0.5047924518585205
TSBD_WSSV_7555e38281,1,0,2,0.71532905,0.018371161,0.11328671,0.25584617,0.0060772924,0.10408784,0,0.12218945473432541,0.10470658,0.064122505,1.0408241e-05,0.015195875,0,0.3730180561542511,0.78200674,0.6800313,0.99391234,0.88071626,0,0.5047924518585205
TSBD_WSSV_d921343af4,1,0,2,0.5188463,0.04831289,0.11120118,0.3640761,0.093134314,0.20523976,0,0.12218945473432541,0.11071849,0.11537661,0.0005658454,0.044028547,0,0.3730180561542511,0.7780803,0.5205473,0.90629995,0.7507317,0,0.5047924518585205
TSBD_WSSV_94a3c39469,1,0,1,0.5588644,0.037064128,0.17867988,0.41825417,0.065868996,0.24082488,0,0.12218945473432541,0.7256584,0.54040027,0.93412834,0.7501534,0,0.3730180561542511,0.09566166,0.041345537,2.6469374e-06,0.009021739,0,0.5047924518585205
TSBD_WSSV_65692fdd3f,1,0,2,0.82563394,0.0077726375,0.069911234,0.052985493,3.7942393e-06,0.009853723,0,0.12218945473432541,0.16451094,0.08821147,1.4811195e-05,0.021957638,0,0.3730180561542511,0.76557785,0.8588031,0.9999814,0.9681886,0,0.5047924518585205
TSBD_WSSV_0464ee44c0,1,0,2,0.5934958,0.015874881,0.057493534,0.038159974,8.550419e-06,0.008605185,0,0.12218945473432541,0.25128996,0.41795877,0.23611659,0.32731745,0,0.3730180561542511,0.6912165,0.54388124,0.7638749,0.6640774,0,0.5047924518585205
TSBD_WSSV_51f7222cef,1,0,2,0.815825,0.0045422493,0.07975218,0.046889767,4.5180814e-06,0.0100516435,0,0.12218945473432541,0.13743179,0.19246839,0.0013654998,0.0719452,0,0.3730180561542511,0.78281605,0.7606419,0.99863005,0.9180032,0,0.5047924518585205
TSBD_WSSV_148921b882,1,0,2,0.8146261,0.005642944,0.07915598,0.043029565,3.2329144e-06,0.008998459,0,0.12218945473432541,0.13029855,0.19047889,0.0012513835,0.06890058,0,0.3730180561542511,0.7905455,0.76649153,0.9987453,0.92210096,0,0.5047924518585205
TSBD_WSSV_49f573118f,1,0,2,0.45321515,0.048484303,0.08400062,0.0941625,0.00052215176,0.034838952,0,0.12218945473432541,0.14807542,0.4150795,0.34806406,0.3040338,0,0.3730180561542511,0.7679239,0.49075806,0.65141374,0.66112727,0,0.5047924518585205
TSBD_WSSV_f7bb98aadd,0,0,1,0.36400214,0.07042028,0.09293377,0.1460569,0.0037189922,0.06774808,0,0.12218945473432541,0.13561198,0.4340789,0.5889736,0.3476527,0,0.3730180561542511,0.7714542,0.4198642,0.40730748,0.5845992,0,0.5047924518585205
TSBD_WSSV_32f477127b,1,0,1,0.49023765,0.07058298,0.055535007,0.065453306,4.6384284e-06,0.011526516,0,0.12218945473432541,0.5636033,0.8576837,0.99998915,0.9627052,0,0.3730180561542511,0.38086167,0.076863036,6.207856e-06,0.025768317,0,0.5047924518585205
TSBD_WSSV_6532d5dd16,1,1,0,0.88180065,0.005099152,0.84028864,0.90360546,0.9999876,0.97920555,1,0.12218945473432541,0.09373753,0.04723095,5.777923e-06,0.010790974,0,0.3730180561542511,0.065973885,0.049163565,6.6831053e-06,0.01000345,0,0.5047924518585205
TSBD_WSSV_399a1e23cc,1,0,2,0.8464128,0.0066159926,0.07612739,0.06507283,7.5698667e-06,0.01262657,0,0.12218945473432541,0.12894765,0.06418262,2.9144192e-06,0.012467843,0,0.3730180561542511,0.794925,0.8707445,0.9999895,0.9749056,0,0.5047924518585205
TSBD_WSSV_c07e032039,1,0,2,0.85103047,0.0053488035,0.07418903,0.05420597,3.902994e-06,0.010109367,0,0.12218945473432541,0.13464406,0.07876908,8.2581955e-06,0.017118152,0,0.3730180561542511,0.7911669,0.8670249,0.99998784,0.9727724,0,0.5047924518585205
TSBD_WSSV_a3b514246a,1,0,2,0.7271094,0.024713106,0.058528524,0.063809104,6.999408e-06,0.011584366,0,0.12218945473432541,0.21731871,0.06597173,3.275386e-06,0.015989382,0,0.3730180561542511,0.72415274,0.87021923,0.99998975,0.9724263,0,0.5047924518585205
TSBD_WSSV_9e8ca9f55f,0,0,1,0.5525532,0.02595308,0.052960016,0.03331743,4.0314108e-06,0.007116381,0,0.12218945473432541,0.33121762,0.5565031,0.827227,0.55412626,0,0.3730180561542511,0.6158224,0.41017944,0.1727689,0.43875736,0,0.5047924518585205
TSBD_WSSV_978efa34a6,1,0,2,0.8300872,0.008798241,0.071143076,0.062244598,6.3949415e-06,0.011740588,0,0.12218945473432541,0.14571545,0.06688082,3.509878e-06,0.013822972,0,0.3730180561542511,0.78314143,0.8708747,0.9999901,0.97443646,0,0.5047924518585205
TSBD_WSSV_4575fa460f,1,0,2,0.86064446,0.00428934,0.097954184,0.07332194,1.26218865e-05,0.016085396,0,0.12218945473432541,0.10113255,0.059418853,2.0020607e-06,0.010239214,0,0.3730180561542511,0.8009133,0.8672592,0.99998534,0.9736754,0,0.5047924518585205
TSBD_WSSV_6e2231b074,1,0,2,0.85205585,0.005795044,0.08214834,0.06761716,8.742897e-06,0.013563451,0,0.12218945473432541,0.119753726,0.062044963,2.3896941e-06,0.011486604,0,0.3730180561542511,0.79809785,0.8703379,0.9999889,0.97494996,0,0.5047924518585205
TSBD_WSSV_18c088457d,1,0,2,0.6934993,0.030589174,0.056480065,0.063918084,6.944577e-06,0.011526172,0,0.12218945473432541,0.23755606,0.06500974,3.0283888e-06,0.016265333,0,0.3730180561542511,0.7059638,0.8710722,0.9999901,0.9722085,0,0.5047924518585205
TSBD_WSSV_77302aa089,1,0,2,0.84800273,0.006294458,0.08032085,0.0684414,9.590755e-06,0.01379889,0,0.12218945473432541,0.12411031,0.062213518,2.4779008e-06,0.011743241,0,0.3730180561542511,0.7955688,0.869345,0.99998796,0.97445786,0,0.5047924518585205
TSBD_WSSV_bc1451b5cd,1,0,2,0.8091495,0.011761988,0.065521605,0.060686868,5.796194e-06,0.011117685,0,0.12218945473432541,0.16462064,0.06866346,4.140706e-06,0.015169439,0,0.3730180561542511,0.7698577,0.87064964,0.99999,0.97371286,0,0.5047924518585205
TSBD_WSSV_2c0825dfbc,1,1,2,0.86242867,0.0044205673,0.090246856,0.06665457,8.255956e-06,0.01372957,0,0.12218945473432541,0.105518445,0.062004928,2.3868258e-06,0.010952157,0,0.3730180561542511,0.80423474,0.87134045,0.9999894,0.9753183,1,0.5047924518585205
TSBD_WSSV_21eca1a9bc,1,0,2,0.85029805,0.0061237607,0.07959994,0.06536223,7.626723e-06,0.0128559135,0,0.12218945473432541,0.1231668,0.063025974,2.608314e-06,0.011889055,0,0.3730180561542511,0.79723316,0.8716118,0.99998975,0.9752551,0,0.5047924518585205
TSBD_WSSV_a7578fa09c,1,1,2,0.8628256,0.00435578,0.091697186,0.06673241,8.297031e-06,0.013826641,0,0.12218945473432541,0.10400385,0.061922997,2.3722089e-06,0.0108764535,0,0.3730180561542511,0.804299,0.8713446,0.9999893,0.97529685,1,0.5047924518585205
TSBD_WSSV_8acd11d1ec,1,1,2,0.861735,0.0045505147,0.0876404,0.065808095,7.858996e-06,0.013379545,0,0.12218945473432541,0.10824121,0.06256428,2.466642e-06,0.011168664,0,0.3730180561542511,0.80411845,0.8716276,0.9999896,0.9754518,1,0.5047924518585205
TSBD_WSSV_ce8f668353,1,1,2,0.8628403,0.004377492,0.090622194,0.0662772,8.080738e-06,0.013653573,0,0.12218945473432541,0.104874,0.0621772,2.4129124e-06,0.010964437,0,0.3730180561542511,0.8045038,0.8715456,0.9999895,0.975382,1,0.5047924518585205
TSBD_WSSV_c5bb7f551a,1,0,2,0.855868,0.0054026954,0.08096184,0.06669891,8.275213e-06,0.013243553,0,0.12218945473432541,0.11735327,0.062039725,2.4020474e-06,0.011398248,0,0.3730180561542511,0.8016849,0.87126136,0.9999894,0.9753582,0,0.5047924518585205
TSBD_WSSV_95dc6e27d4,1,0,2,0.5956179,0.04790662,0.06153263,0.06258797,6.4340857e-06,0.011988567,0,0.12218945473432541,0.30302605,0.07056186,4.517009e-06,0.02059714,0,0.3730180561542511,0.6354413,0.8668502,0.99998903,0.96741426,0,0.5047924518585205
TSBD_WSSV_309436940c,1,0,2,0.7497667,0.02109106,0.06191916,0.06534934,7.6082397e-06,0.012068874,0,0.12218945473432541,0.1998945,0.06406479,2.8083693e-06,0.014769386,0,0.3730180561542511,0.73818636,0.8705859,0.9999895,0.9731617,0,0.5047924518585205
TSBD_WSSV_29362e9f5a,1,0,2,0.86096895,0.004650714,0.08685895,0.06609206,8.015498e-06,0.01341862,0,0.12218945473432541,0.10943357,0.06241356,2.471516e-06,0.011205739,0,0.3730180561542511,0.8037074,0.8714944,0.9999895,0.97537565,0,0.5047924518585205
TSBD_WSSV_e67891395a,1,0,2,0.8535904,0.0056527127,0.08182803,0.066533044,8.196113e-06,0.013264634,0,0.12218945473432541,0.11881109,0.06228436,2.4486594e-06,0.011522519,0,0.3730180561542511,0.7993609,0.87118256,0.9999893,0.9752128,0,0.5047924518585205
TSBD_WSSV_2653717417,1,1,2,0.86182064,0.0044888435,0.089467265,0.067022994,8.422274e-06,0.013780185,0,0.12218945473432541,0.106657796,0.06189999,2.3421042e-06,0.0109462505,0,0.3730180561542511,0.80387497,0.871077,0.99998915,0.9752736,1,0.5047924518585205
TSBD_WSSV_c98c109e0f,1,1,2,0.8620318,0.0044842763,0.08954644,0.06569577,7.829775e-06,0.013460349,0,0.12218945473432541,0.10657277,0.06267304,2.539937e-06,0.011182142,0,0.3730180561542511,0.80388075,0.87163126,0.9999896,0.97535753,1,0.5047924518585205
TSBD_WSSV_3339e18081,1,0,2,0.8574897,0.0051526343,0.08256743,0.06651537,8.172971e-06,0.013281887,0,0.12218945473432541,0.11518096,0.062248386,2.4475553e-06,0.011380813,0,0.3730180561542511,0.80225164,0.87123626,0.9999893,0.9753373,0,0.5047924518585205
TSBD_WSSV_f675da990c,1,0,2,0.8611439,0.0046403212,0.086450994,0.06642458,8.165362e-06,0.013475523,0,0.12218945473432541,0.1094647,0.06213948,2.3802384e-06,0.011099885,0,0.3730180561542511,0.8040843,0.87143594,0.9999895,0.9754245,0,0.5047924518585205
TSBD_WSSV_e8d0267684,1,0,2,0.86103106,0.004621002,0.08742213,0.06750769,8.7607095e-06,0.013821987,0,0.12218945473432541,0.10867986,0.061533246,2.3043974e-06,0.01095341,0,0.3730180561542511,0.8038981,0.87095904,0.99998903,0.97522455,0,0.5047924518585205
TSBD_WSSV_93ee9c6175,1,0,2,0.8594571,0.004804368,0.08587123,0.06826879,9.090652e-06,0.013915567,0,0.12218945473432541,0.111088015,0.06142914,2.2633537e-06,0.0109960735,0,0.3730180561542511,0.80304086,0.87030214,0.9999887,0.97508836,0,0.5047924518585205
TSBD_WSSV_56b93bffca,1,0,2,0.8612825,0.004485484,0.09159858,0.06700648,8.4995645e-06,0.013924647,0,0.12218945473432541,0.105726466,0.062305845,2.4472606e-06,0.011046626,0,0.3730180561542511,0.80267495,0.87068766,0.99998903,0.9750287,0,0.5047924518585205
TSBD_WSSV_05e0a12846,1,1,2,0.8619973,0.004394111,0.092770055,0.06802571,9.083659e-06,0.014266948,0,0.12218945473432541,0.103911534,0.061408374,2.2618176e-06,0.010735183,0,0.3730180561542511,0.80331844,0.87056595,0.9999887,0.9749979,1,0.5047924518585205
TSBD_WSSV_0bc0ac833f,1,0,2,0.8594367,0.00465185,0.090717256,0.07074521,1.0567869e-05,0.01486548,0,0.12218945473432541,0.10748067,0.060323354,2.0833177e-06,0.010611125,0,0.3730180561542511,0.80180216,0.8689314,0.99998736,0.97452337,0,0.5047924518585205
TSBD_WSSV_026c64bd33,1,0,2,0.8594243,0.0047778115,0.088048816,0.06919859,9.752423e-06,0.014324676,0,0.12218945473432541,0.10929238,0.060646303,2.146366e-06,0.010756579,0,0.3730180561542511,0.80265874,0.87015516,0.9999881,0.9749188,0,0.5047924518585205
TSBD_WSSV_9f2b1f9f8f,1,0,2,0.83486694,0.007871543,0.08509008,0.07247909,1.197311e-05,0.015172717,0,0.12218945473432541,0.12982404,0.0599359,2.047217e-06,0.01134318,0,0.3730180561542511,0.78508586,0.86758506,0.99998605,0.97348404,0,0.5047924518585205
TSBD_WSSV_38f10d750a,1,0,2,0.86138296,0.0043321447,0.09665026,0.07239342,1.17564805e-05,0.015682833,0,0.12218945473432541,0.10100185,0.058924887,1.8309172e-06,0.010008453,0,0.3730180561542511,0.8023479,0.86868167,0.9999864,0.97430867,0,0.5047924518585205
TSBD_WSSV_76536085a9,1,0,2,0.86089844,0.004583123,0.09046811,0.06717603,8.616345e-06,0.013916063,0,0.12218945473432541,0.10667672,0.061796643,2.3404898e-06,0.010940868,0,0.3730180561542511,0.80285525,0.8710274,0.99998903,0.9751431,0,0.5047924518585205
TSBD_WSSV_e36aec3084,1,0,2,0.85486645,0.005115401,0.09264322,0.07232602,1.1846143e-05,0.015501696,0,0.12218945473432541,0.10990664,0.05985497,2.0723276e-06,0.0106645385,0,0.3730180561542511,0.79745007,0.86781895,0.9999862,0.97383374,0,0.5047924518585205
TSBD_WSSV_b632ff4665,1,0,2,0.86146396,0.0044617597,0.095246695,0.06687856,8.4501025e-06,0.014086974,0,0.12218945473432541,0.10237283,0.061977323,2.3745513e-06,0.010830646,0,0.3730180561542511,0.8023805,0.8711442,0.99998915,0.9750824,0,0.5047924518585205
TSBD_WSSV_f392420764,0,0,0,0.525866,0.043254837,0.4622614,0.74722725,0.9787242,0.7820445,0,0.12218945473432541,0.4723011,0.21938159,0.021274095,0.2110678,0,0.3730180561542511,0.06543749,0.0333912,1.7292294e-06,0.0068877796,0,0.5047924518585205
TSBD_WSSV_08f57edf07,1,1,2,0.8624556,0.0044125896,0.089940734,0.0672344,8.700985e-06,0.013911538,0,0.12218945473432541,0.1056557,0.061664924,2.3119915e-06,0.010860189,0,0.3730180561542511,0.80440354,0.87110066,0.99998903,0.97522825,1,0.5047924518585205
TSBD_WSSV_922a715bec,1,0,2,0.8614075,0.0038141683,0.099370286,0.0815342,2.0131287e-05,0.018633164,0,0.12218945473432541,0.09939334,0.057463333,1.8553691e-06,0.009882268,0,0.3730180561542511,0.8012364,0.86100245,0.99997795,0.9714846,0,0.5047924518585205
TSBD_WSSV_aa0b3c4c15,1,0,2,0.85452265,0.004830432,0.09247919,0.08663409,2.5919648e-05,0.019660555,0,0.12218945473432541,0.10697783,0.054837786,1.4479847e-06,0.009457711,0,0.3730180561542511,0.80054295,0.8585282,0.9999727,0.97088176,0,0.5047924518585205
TSBD_WSSV_daa4ba808b,1,0,2,0.8548639,0.0052596815,0.08332003,0.074109636,1.3124013e-05,0.015399565,0,0.12218945473432541,0.11537897,0.059752867,2.1295864e-06,0.010888153,0,0.3730180561542511,0.801301,0.86613744,0.99998474,0.9737123,0,0.5047924518585205
TSBD_WSSV_311dd1baf7,1,1,2,0.8616401,0.004387887,0.09235885,0.070930846,1.0808081e-05,0.015031599,0,0.12218945473432541,0.104189284,0.05983631,2.0431448e-06,0.01040865,0,0.3730180561542511,0.8034519,0.86923283,0.9999871,0.9745597,1,0.5047924518585205
TSBD_WSSV_34ee093e2e,1,0,2,0.8614974,0.0045081275,0.090340815,0.0669679,8.421166e-06,0.013824491,0,0.12218945473432541,0.10633062,0.06200718,2.357711e-06,0.010959804,0,0.3730180561542511,0.80332863,0.87102485,0.99998915,0.9752157,0,0.5047924518585205
TSBD_WSSV_cbb32ff38a,1,0,2,0.84525824,0.0066931136,0.07815141,0.06349422,6.9527205e-06,0.012399881,0,0.12218945473432541,0.12939493,0.06527249,3.1327158e-06,0.012770622,0,0.3730180561542511,0.7924536,0.8712332,0.99999,0.9748295,0,0.5047924518585205
TSBD_WSSV_9291ca740d,1,1,2,0.86294883,0.0043302896,0.092301816,0.06654111,8.253846e-06,0.013826331,0,0.12218945473432541,0.10346426,0.062114477,2.3946507e-06,0.010892391,0,0.3730180561542511,0.80423397,0.8713443,0.9999894,0.97528124,1,0.5047924518585205
TSBD_WSSV_73bc44153b,1,1,2,0.86209005,0.004343167,0.0985272,0.06827021,9.146255e-06,0.014616723,0,0.12218945473432541,0.09888587,0.060976636,2.1846192e-06,0.010445955,0,0.3730180561542511,0.8025869,0.87075317,0.9999887,0.9749374,1,0.5047924518585205
TSBD_WSSV_4491558e57,1,0,2,0.8524189,0.0050960467,0.11676941,0.0747388,1.3298259e-05,0.017498063,0,0.12218945473432541,0.09207907,0.058359906,1.7952393e-06,0.009651669,0,0.3730180561542511,0.7911515,0.86690134,0.99998486,0.97285026,0,0.5047924518585205
TSBD_WSSV_1ee4a00587,1,1,2,0.8626927,0.004328779,0.09369467,0.06745307,8.768089e-06,0.014157258,0,0.12218945473432541,0.10249119,0.06154951,2.2943887e-06,0.010721907,0,0.3730180561542511,0.8038142,0.87099737,0.9999889,0.9751208,1,0.5047924518585205
TSBD_WSSV_ecb905238d,1,0,2,0.8604287,0.0045876373,0.08900358,0.06836605,9.140672e-06,0.0141178565,0,0.12218945473432541,0.10833851,0.0617388,2.3520925e-06,0.01101079,0,0.3730180561542511,0.8026579,0.86989516,0.99998844,0.97487134,0,0.5047924518585205
TSBD_WSSV_ccd255a2df,1,1,2,0.8630572,0.0042992076,0.09435002,0.06694029,8.465469e-06,0.014041991,0,0.12218945473432541,0.101584956,0.06174592,2.3178227e-06,0.010724067,0,0.3730180561542511,0.80406505,0.87131387,0.9999893,0.975234,1,0.5047924518585205
TSBD_WSSV_584c5a10d0,1,0,2,0.8572988,0.0050212983,0.0869727,0.069367595,9.864444e-06,0.014322739,0,0.12218945473432541,0.11197785,0.060957257,2.1824396e-06,0.010918248,0,0.3730180561542511,0.8010494,0.8696751,0.99998796,0.97475904,0,0.5047924518585205
TSBD_WSSV_aa58f57ab0,1,0,2,0.84509295,0.006381724,0.08610797,0.07458541,1.3030928e-05,0.01566096,0,0.12218945473432541,0.12164902,0.05986392,2.0355963e-06,0.011043696,0,0.3730180561542511,0.792243,0.86555064,0.999985,0.97329533,0,0.5047924518585205
TSBD_WSSV_4f3b6f89a8,1,1,2,0.8627639,0.004360023,0.09169316,0.06664902,8.242536e-06,0.013801318,0,0.12218945473432541,0.10409659,0.062022995,2.370149e-06,0.010886544,0,0.3730180561542511,0.80421025,0.87132794,0.9999894,0.9753122,1,0.5047924518585205
TSBD_WSSV_279702ba92,1,0,2,0.8602108,0.0046132384,0.09362115,0.066930726,8.499412e-06,0.0140295625,0,0.12218945473432541,0.1049172,0.06209222,2.384336e-06,0.010946884,0,0.3730180561542511,0.80146164,0.8709771,0.99998915,0.97502357,0,0.5047924518585205
TSBD_WSSV_9dc876dd17,1,0,2,0.85874635,0.0047283275,0.09412811,0.069715045,1.0012812e-05,0.014803359,0,0.12218945473432541,0.10555381,0.060509495,2.1221992e-06,0.010600937,0,0.3730180561542511,0.80031806,0.8697755,0.99998784,0.97459567,0,0.5047924518585205
TSBD_WSSV_0ce34b5766,1,0,2,0.3619458,0.09032348,0.102313176,0.4704813,0.24486987,0.27503666,0,0.12218945473432541,0.11453864,0.041308083,4.443269e-06,0.01078631,0,0.3730180561542511,0.7831483,0.4882106,0.75512576,0.714177,0,0.5047924518585205
TSBD_WSSV_6c3afb6716,1,1,0,0.8858163,0.0038832156,0.8383997,0.89602417,0.9999753,0.9762304,1,0.12218945473432541,0.07381275,0.04097971,2.8258164e-06,0.008082272,0,0.3730180561542511,0.08778748,0.06299615,2.1840977e-05,0.015687354,0,0.5047924518585205
TSBD_WSSV_366db07a25,1,1,2,0.86193514,0.0044386405,0.09454484,0.06615709,8.089172e-06,0.013856479,0,0.12218945473432541,0.102496006,0.06230048,2.4266774e-06,0.010904614,0,0.3730180561542511,0.80295914,0.8715424,0.9999895,0.9752389,1,0.5047924518585205
TSBD_WSSV_b84a0005bf,1,0,2,0.859494,0.004562488,0.09206028,0.07177852,1.1366738e-05,0.015264815,0,0.12218945473432541,0.106574416,0.060194794,2.1071437e-06,0.010596451,0,0.3730180561542511,0.80136526,0.8680267,0.9999865,0.97413874,0,0.5047924518585205
TSBD_WSSV_6624c91a73,1,0,2,0.86071175,0.0045016874,0.09027574,0.07056948,1.0493812e-05,0.014796387,0,0.12218945473432541,0.106776446,0.060485218,2.0893722e-06,0.010601158,0,0.3730180561542511,0.8029478,0.86894536,0.99998736,0.97460246,0,0.5047924518585205
TSBD_WSSV_8a1517bc0e,1,0,2,0.85883325,0.004898932,0.08659709,0.06694359,8.528055e-06,0.013659903,0,0.12218945473432541,0.11130032,0.061986435,2.3764492e-06,0.011157716,0,0.3730180561542511,0.8021026,0.87107,0.99998903,0.97518235,0,0.5047924518585205
TSBD_WSSV_cada06cffd,1,0,2,0.86144996,0.0045319283,0.08940243,0.0660937,8.155275e-06,0.013603406,0,0.12218945473432541,0.10725544,0.06262555,2.509869e-06,0.011179724,0,0.3730180561542511,0.80334216,0.8712807,0.9999894,0.9752168,0,0.5047924518585205
TSBD_WSSV_72abeff3dc,1,0,2,0.85518944,0.005197346,0.08794307,0.07218301,1.1765585e-05,0.015176741,0,0.12218945473432541,0.11257409,0.059801865,2.0424689e-06,0.01071139,0,0.3730180561542511,0.7994829,0.8680151,0.9999862,0.97411186,0,0.5047924518585205
TSBD_WSSV_71629aa3f2,1,1,2,0.86251336,0.004413532,0.09076198,0.06606586,8.026039e-06,0.01362462,0,0.12218945473432541,0.1051007,0.062354073,2.4277867e-06,0.011001736,0,0.3730180561542511,0.8041373,0.87158006,0.9999896,0.9753736,1,0.5047924518585205
TSBD_WSSV_bd69e16b82,1,0,2,0.86078656,0.0045014145,0.093308814,0.06929528,9.844164e-06,0.014656748,0,0.12218945473432541,0.10446568,0.060755476,2.1555452e-06,0.010606641,0,0.3730180561542511,0.8022255,0.8699493,0.99998796,0.9747366,0,0.5047924518585205
TSBD_WSSV_6fd5eb945a,1,0,2,0.85918814,0.0045969496,0.098919615,0.07046218,1.0620011e-05,0.015316825,0,0.12218945473432541,0.10134415,0.060072698,2.0513846e-06,0.010348045,0,0.3730180561542511,0.7997362,0.8694651,0.99998736,0.97433513,0,0.5047924518585205
TSBD_WSSV_7ed3990ccb,1,0,2,0.6737274,0.03356354,0.06275515,0.06983024,1.0362997e-05,0.013589804,0,0.12218945473432541,0.24630973,0.0641053,2.8539964e-06,0.01630537,0,0.3730180561542511,0.69093513,0.8660645,0.99998677,0.9701048,0,0.5047924518585205
TSBD_WSSV_8b1c70a3bc,1,0,2,0.83163697,0.008657964,0.0753451,0.07013723,1.0294057e-05,0.013890179,0,0.12218945473432541,0.13758193,0.060914896,2.1833132e-06,0.011802926,0,0.3730180561542511,0.7870731,0.8689479,0.9999876,0.9743069,0,0.5047924518585205
TSBD_WSSV_f583f8e371,1,0,2,0.8581349,0.004707493,0.101904705,0.06963474,9.815919e-06,0.015162765,0,0.12218945473432541,0.09979057,0.060620148,2.150039e-06,0.010437607,0,0.3730180561542511,0.79830474,0.8697452,0.9999881,0.97439957,0,0.5047924518585205
TSBD_WSSV_493953f127,1,0,2,0.8599048,0.0047758,0.08522783,0.06607951,7.9539695e-06,0.013313329,0,0.12218945473432541,0.11170797,0.06278121,2.5462646e-06,0.011388584,0,0.3730180561542511,0.8030641,0.8711392,0.9999895,0.9752981,0,0.5047924518585205
TSBD_WSSV_1139b0bbb2,1,0,2,0.8612562,0.0045678783,0.08798506,0.06663929,8.27358e-06,0.013617419,0,0.12218945473432541,0.10841422,0.06232197,2.4417038e-06,0.011136313,0,0.3730180561542511,0.8036007,0.87103873,0.9999894,0.9752462,0,0.5047924518585205
TSBD_WSSV_735499e204,1,0,2,0.8135993,0.010072173,0.111452416,0.07188958,1.139011e-05,0.016612371,0,0.12218945473432541,0.1287324,0.06111751,2.2698223e-06,0.0117627485,0,0.3730180561542511,0.75981516,0.8669929,0.9999863,0.97162485,0,0.5047924518585205
TSBD_WSSV_01066cc969,1,0,2,0.8609687,0.0046179295,0.087970294,0.06772453,8.921075e-06,0.013923584,0,0.12218945473432541,0.10829218,0.061384838,2.2657146e-06,0.0108916005,0,0.3730180561542511,0.8037375,0.8708906,0.9999888,0.97518486,0,0.5047924518585205
TSBD_WSSV_941d089361,1,0,2,0.8522324,0.0056617176,0.0844867,0.06660639,8.265715e-06,0.013459872,0,0.12218945473432541,0.11888397,0.063232675,2.6554835e-06,0.011807892,0,0.3730180561542511,0.7966293,0.87016094,0.99998915,0.9747323,0,0.5047924518585205
TSBD_WSSV_629e5c7c92,0,0,2,0.16102175,0.25122476,0.79456365,0.15352273,0.00035984587,0.15186206,0,0.12218945473432541,0.07114646,0.047025755,9.470324e-07,0.011681027,0,0.3730180561542511,0.13428994,0.79945153,0.99963915,0.83645695,0,0.5047924518585205
TSBD_WSSV_cf01831715,1,0,2,0.8536462,0.0053440826,0.091004126,0.06998334,1.0371081e-05,0.014782034,0,0.12218945473432541,0.11241376,0.06100256,2.2590896e-06,0.011031399,0,0.3730180561542511,0.7965821,0.8690141,0.99998736,0.9741866,0,0.5047924518585205
TSBD_WSSV_2c0f3e0b28,1,0,2,0.8525218,0.00580291,0.08040695,0.0668584,8.369819e-06,0.013270911,0,0.12218945473432541,0.1205279,0.062293462,2.4677397e-06,0.011601767,0,0.3730180561542511,0.7990652,0.8708482,0.99998915,0.97512734,0,0.5047924518585205
TSBD_WSSV_801c0b8b82,1,1,2,0.8620433,0.0044089947,0.09568112,0.06674322,8.375161e-06,0.014067577,0,0.12218945473432541,0.10138225,0.0618784,2.3559041e-06,0.010766115,0,0.3730180561542511,0.8029366,0.87137836,0.9999893,0.9751664,1,0.5047924518585205
TSBD_WSSV_f2274525f7,1,1,2,0.8628725,0.0043388475,0.09177093,0.06742394,8.780382e-06,0.014052944,0,0.12218945473432541,0.10382881,0.061493844,2.27941e-06,0.01074983,0,0.3730180561542511,0.80440027,0.87108225,0.9999889,0.9751972,1,0.5047924518585205
TSBD_WSSV_2e17c58aad,1,1,2,0.86259997,0.0043107755,0.09429914,0.06885903,9.548795e-06,0.014569907,0,0.12218945473432541,0.101954654,0.060664017,2.1193705e-06,0.010466699,0,0.3730180561542511,0.8037462,0.87047696,0.9999883,0.97496337,1,0.5047924518585205
TSBD_WSSV_bb9d07b1e5,1,1,2,0.8620669,0.0044728518,0.08901509,0.06603563,7.9791325e-06,0.013514828,0,0.12218945473432541,0.10696926,0.062572114,2.5195245e-06,0.01117076,0,0.3730180561542511,0.80401564,0.8713923,0.9999895,0.97531444,1,0.5047924518585205
TSBD_WSSV_950d6de8a1,1,0,2,0.8452609,0.006143174,0.09570416,0.076807104,1.5361375e-05,0.01702977,0,0.12218945473432541,0.114941664,0.05809179,1.8348994e-06,0.010469054,0,0.3730180561542511,0.78935426,0.86510116,0.99998283,0.97250116,0,0.5047924518585205
TSBD_WSSV_0b909fea6f,1,0,2,0.8599225,0.0047107125,0.08786858,0.06778528,8.867916e-06,0.013914285,0,0.12218945473432541,0.109466285,0.06172195,2.3456732e-06,0.011041885,0,0.3730180561542511,0.8026651,0.87049276,0.9999888,0.97504383,0,0.5047924518585205
TSBD_WSSV_50b41d3123,1,1,2,0.8622891,0.0044323765,0.0903686,0.06610789,8.022755e-06,0.013608205,0,0.12218945473432541,0.10568021,0.0624619,2.463212e-06,0.011064738,0,0.3730180561542511,0.8039512,0.8714302,0.9999895,0.9753271,1,0.5047924518585205
TSBD_WSSV_1d66e28720,1,1,2,0.8625318,0.004382197,0.09119103,0.06748193,8.807831e-06,0.014037416,0,0.12218945473432541,0.10459903,0.061506458,2.281685e-06,0.010781918,0,0.3730180561542511,0.8042099,0.8710117,0.9999889,0.9751807,1,0.5047924518585205
TSBD_WSSV_f9303a9060,1,1,2,0.86280745,0.0043665124,0.09121127,0.06644283,8.205586e-06,0.013742614,0,0.12218945473432541,0.10444791,0.062125705,2.429528e-06,0.0109602455,0,0.3730180561542511,0.80434084,0.8714314,0.9999894,0.97529715,1,0.5047924518585205
TSBD_WSSV_ffd6ae5c1c,1,1,2,0.8622908,0.004424152,0.09130909,0.065743364,7.880174e-06,0.013575106,0,0.12218945473432541,0.10497522,0.06270926,2.5368336e-06,0.0111239925,0,0.3730180561542511,0.8037157,0.8715474,0.9999896,0.9753009,1,0.5047924518585205
TSBD_WSSV_6a97515cc2,1,1,2,0.86246663,0.0044061756,0.09050597,0.066799805,8.3975e-06,0.013803486,0,0.12218945473432541,0.10529182,0.0619602,2.4036603e-06,0.010955609,0,0.3730180561542511,0.8042022,0.87124,0.9999893,0.97524095,1,0.5047924518585205
TSBD_WSSV_6a19d7effb,1,0,2,0.8615441,0.0044541163,0.09323246,0.06735653,8.6642185e-06,0.014096599,0,0.12218945473432541,0.104004234,0.061804816,2.3517257e-06,0.010855617,0,0.3730180561542511,0.8027633,0.8708386,0.9999889,0.97504777,0,0.5047924518585205
TSBD_WSSV_9872bb742f,1,0,2,0.856778,0.0050835237,0.0866679,0.06870968,9.442122e-06,0.014122665,0,0.12218945473432541,0.11286973,0.061481085,2.2951795e-06,0.011104359,0,0.3730180561542511,0.80046237,0.8698093,0.9999883,0.974773,0,0.5047924518585205
TSBD_WSSV_e44f2c0a8a,1,0,2,0.86145896,0.004549262,0.08886907,0.06579565,7.895558e-06,0.013459303,0,0.12218945473432541,0.10765569,0.062738866,2.5310148e-06,0.011221682,0,0.3730180561542511,0.80347526,0.87146544,0.9999896,0.975319,0,0.5047924518585205
TSBD_WSSV_f1294af3d4,1,0,2,0.8200414,0.006604122,0.16304488,0.110463925,7.496666e-05,0.033747636,0,0.12218945473432541,0.087914266,0.04930749,9.055321e-07,0.007818535,0,0.3730180561542511,0.7490409,0.8402286,0.99992406,0.95843387,0,0.5047924518585205
TSBD_WSSV_264790eb51,1,0,2,0.8573845,0.004814595,0.09291115,0.072823495,1.2152058e-05,0.015631903,0,0.12218945473432541,0.10739416,0.05936033,1.934541e-06,0.010386476,0,0.3730180561542511,0.7996947,0.8678162,0.99998593,0.9739816,0,0.5047924518585205
TSBD_WSSV_11430ce0d0,1,1,2,0.8623681,0.0043757977,0.09453875,0.066683695,8.335194e-06,0.013987767,0,0.12218945473432541,0.1021036,0.06198844,2.373596e-06,0.010816291,0,0.3730180561542511,0.8033577,0.8713279,0.9999893,0.97519594,1,0.5047924518585205
TSBD_WSSV_74c3607b95,1,0,2,0.8607499,0.004635087,0.08766276,0.064503334,7.2916705e-06,0.013069047,0,0.12218945473432541,0.109584495,0.063904405,2.8489744e-06,0.011660572,0,0.3730180561542511,0.8027527,0.8715922,0.99998987,0.9752704,0,0.5047924518585205
TSBD_WSSV_2c43cd74d0,1,1,2,0.86171573,0.004469174,0.091623716,0.0663081,8.020773e-06,0.013697202,0,0.12218945473432541,0.10524532,0.06246968,2.469205e-06,0.011058967,0,0.3730180561542511,0.8031309,0.8712222,0.9999895,0.97524387,1,0.5047924518585205
TSBD_WSSV_59d2b7350f,1,1,2,0.86198515,0.0044161826,0.09266217,0.06810654,9.071013e-06,0.014263705,0,0.12218945473432541,0.10387255,0.06113892,2.2024174e-06,0.010654878,0,0.3730180561542511,0.80346525,0.8707544,0.9999888,0.97508144,1,0.5047924518585205
TSBD_WSSV_5e189248db,1,1,2,0.86212015,0.004394045,0.093856946,0.06659449,8.250282e-06,0.013917635,0,0.12218945473432541,0.103019044,0.06225802,2.4287797e-06,0.010923149,0,0.3730180561542511,0.803124,0.87114745,0.9999894,0.9751592,1,0.5047924518585205
TSBD_WSSV_9f5ca0e80d,1,0,2,0.85713655,0.0043240646,0.113400966,0.080979936,1.8825971e-05,0.019228064,0,0.12218945473432541,0.09158423,0.055361584,1.4153021e-06,0.008960853,0,0.3730180561542511,0.7950148,0.8636585,0.99997973,0.97181106,0,0.5047924518585205
TSBD_WSSV_b626137b45,1,0,2,0.86162287,0.0043877577,0.09662684,0.06857093,9.346627e-06,0.014611899,0,0.12218945473432541,0.1010553,0.061023146,2.2255556e-06,0.010570228,0,0.3730180561542511,0.8023178,0.87040585,0.99998844,0.9748179,0,0.5047924518585205
TSBD_WSSV_27c2a5d56f,1,0,2,0.8610266,0.0044671204,0.09615963,0.06837761,9.2096325e-06,0.014528811,0,0.12218945473432541,0.10198621,0.061139517,2.2090076e-06,0.010599775,0,0.3730180561542511,0.8018542,0.8704829,0.99998856,0.9748714,0,0.5047924518585205
TSBD_WSSV_eee60542d7,1,0,2,0.80743396,0.011865923,0.07280226,0.06617437,8.24764e-06,0.012886879,0,0.12218945473432541,0.15913498,0.06487448,3.0812216e-06,0.013791653,0,0.3730180561542511,0.7680628,0.8689511,0.9999887,0.9733215,0,0.5047924518585205
TSBD_WSSV_d9ea0715c2,1,0,2,0.86151785,0.004468997,0.0932629,0.06755431,8.788902e-06,0.014156435,0,0.12218945473432541,0.103891864,0.06151604,2.2889076e-06,0.010769586,0,0.3730180561542511,0.8028452,0.87092966,0.9999889,0.97507393,0,0.5047924518585205
TSBD_WSSV_514bb3ccf8,1,0,2,0.80014086,0.007346982,0.1330286,0.17761289,0.00073851016,0.06142274,0,0.12218945473432541,0.10278846,0.045356058,9.2114834e-07,0.007971607,0,0.3730180561542511,0.7641829,0.7770311,0.9992605,0.93060565,0,0.5047924518585205
TSBD_WSSV_d3cfe64d62,1,0,2,0.86079764,0.0045558596,0.09213333,0.06791977,8.948837e-06,0.014185095,0,0.12218945473432541,0.105421096,0.061388917,2.2546592e-06,0.010784897,0,0.3730180561542511,0.8024456,0.8706913,0.9999888,0.97503,0,0.5047924518585205
TSBD_WSSV_f825fa69cd,1,1,2,0.86176133,0.0044791847,0.08957174,0.06706724,8.577869e-06,0.013841146,0,0.12218945473432541,0.10671448,0.062029086,2.3804323e-06,0.010994712,0,0.3730180561542511,0.80371374,0.8709036,0.99998903,0.9751642,1,0.5047924518585205
TSBD_WSSV_b899fa53da,1,1,2,0.86214226,0.004423173,0.09194213,0.06681599,8.379125e-06,0.013878858,0,0.12218945473432541,0.10446313,0.061972532,2.3663636e-06,0.010895083,0,0.3730180561542511,0.8035948,0.87121147,0.9999893,0.9752261,1,0.5047924518585205
TSBD_WSSV_8b9052d96f,1,0,2,0.7214511,0.025288228,0.059955154,0.06115069,5.8835917e-06,0.011106401,0,0.12218945473432541,0.2240776,0.06912293,4.1443686e-06,0.01735746,0,0.3730180561542511,0.7159672,0.8697264,0.99999,0.97153616,0,0.5047924518585205
TSBD_WSSV_376e37e18c,1,0,2,0.85506195,0.0053462507,0.08670689,0.0670832,8.466429e-06,0.013677737,0,0.12218945473432541,0.1144086,0.06205253,2.3647074e-06,0.011275534,0,0.3730180561542511,0.7988845,0.8708642,0.99998915,0.97504675,0,0.5047924518585205
TSBD_WSSV_33b7d18fc1,1,0,2,0.8615828,0.0043883026,0.09316579,0.06974702,1.0008144e-05,0.014737913,0,0.12218945473432541,0.103898846,0.06062789,2.1321355e-06,0.010551603,0,0.3730180561542511,0.8029353,0.8696251,0.99998784,0.97471046,0,0.5047924518585205
TSBD_WSSV_5ae365cdb5,1,0,2,0.8571288,0.0047621084,0.09950717,0.06947953,1.000337e-05,0.015086896,0,0.12218945473432541,0.103287116,0.061687205,2.4331707e-06,0.010920044,0,0.3730180561542511,0.7972057,0.8688332,0.9999876,0.973993,0,0.5047924518585205
TSBD_WSSV_48983cce39,1,0,2,0.85228926,0.0044460203,0.10480728,0.09533007,3.906521e-05,0.023349268,0,0.12218945473432541,0.1008627,0.052757043,1.216269e-06,0.008819878,0,0.3730180561542511,0.79433,0.85191286,0.9999597,0.9678309,0,0.5047924518585205
TSBD_WSSV_f41afb12de,1,1,2,0.8618697,0.0044106813,0.09197623,0.0675842,8.772856e-06,0.014084956,0,0.12218945473432541,0.104792826,0.061853364,2.3598159e-06,0.0108947065,0,0.3730180561542511,0.803231,0.87056243,0.9999888,0.97502035,1,0.5047924518585205
TSBD_WSSV_719214e8fc,1,0,2,0.8577766,0.0050145816,0.08569364,0.06683786,8.393247e-06,0.013562495,0,0.12218945473432541,0.11303606,0.062390525,2.4864112e-06,0.011358087,0,0.3730180561542511,0.8012703,0.87077165,0.99998915,0.97507936,0,0.5047924518585205
TSBD_WSSV_f9b891c236,1,0,2,0.8587396,0.0049104216,0.086794615,0.06643136,8.128045e-06,0.013494774,0,0.12218945473432541,0.11135938,0.062305123,2.4251067e-06,0.011232182,0,0.3730180561542511,0.80184597,0.8712635,0.9999895,0.975273,0,0.5047924518585205
TSBD_WSSV_60bf799ad0,1,1,2,0.8619856,0.004389867,0.095527776,0.066617556,8.215538e-06,0.013996485,0,0.12218945473432541,0.10174272,0.06228777,2.4299334e-06,0.010880728,0,0.3730180561542511,0.80272955,0.8710946,0.9999894,0.97512287,1,0.5047924518585205
TSBD_WSSV_3221471a09,1,0,2,0.85638815,0.005194349,0.084718056,0.06781331,8.834742e-06,0.013742462,0,0.12218945473432541,0.11460195,0.061873958,2.357056e-06,0.011254137,0,0.3730180561542511,0.80068,0.87031275,0.9999888,0.9750034,0,0.5047924518585205
TSBD_WSSV_81c77d6283,1,0,2,0.85995257,0.004270871,0.100743845,0.07713285,1.5355428e-05,0.01729308,0,0.12218945473432541,0.09909251,0.05720497,1.6457066e-06,0.0096153645,0,0.3730180561542511,0.8001636,0.86566216,0.99998295,0.97309154,0,0.5047924518585205
TSBD_WSSV_7ba0bac7cd,1,0,2,0.85722363,0.004704737,0.1086589,0.07211109,1.1515509e-05,0.0162752,0,0.12218945473432541,0.09467088,0.05917968,1.893631e-06,0.009889136,0,0.3730180561542511,0.79667026,0.8687092,0.9999865,0.97383565,0,0.5047924518585205
TSBD_WSSV_b8b164e72b,1,0,2,0.8494576,0.0057366877,0.11840625,0.069703706,9.972294e-06,0.016084675,0,0.12218945473432541,0.091330715,0.060360845,2.076545e-06,0.0100584505,0,0.3730180561542511,0.790263,0.8699355,0.99998796,0.9738569,0,0.5047924518585205
TSBD_WSSV_7942e3c67c,1,0,2,0.86072195,0.004529072,0.09649488,0.06697157,8.501454e-06,0.014182435,0,0.12218945473432541,0.10201378,0.061997417,2.3706866e-06,0.010819288,0,0.3730180561542511,0.80149126,0.87103105,0.99998915,0.9749983,0,0.5047924518585205
TSBD_WSSV_e572949946,1,0,2,0.85687935,0.0047432864,0.099886514,0.07174476,1.123873e-05,0.01569394,0,0.12218945473432541,0.10307667,0.0603225,2.066428e-06,0.010459752,0,0.3730180561542511,0.79703677,0.86793274,0.99998677,0.9738463,0,0.5047924518585205
TSBD_WSSV_a204c36610,1,0,2,0.82652897,0.008584284,0.14430177,0.07224842,1.1652794e-05,0.018203976,0,0.12218945473432541,0.083761215,0.05927039,1.9152874e-06,0.009592926,0,0.3730180561542511,0.771937,0.8684812,0.9999864,0.9722031,0,0.5047924518585205
TSBD_WSSV_9c4b4f11b8,1,0,2,0.72423893,0.022063643,0.09160578,0.15037173,0.00033384038,0.043330807,0,0.12218945473432541,0.17052115,0.04896168,1.1258793e-06,0.01041232,0,0.3730180561542511,0.73787314,0.80066663,0.99966514,0.9462569,0,0.5047924518585205
TSBD_WSSV_687a703a75,1,0,2,0.8553031,0.0050080987,0.09464444,0.07390153,1.2859222e-05,0.016033057,0,0.12218945473432541,0.107815154,0.05891001,1.8677763e-06,0.0103023,0,0.3730180561542511,0.7975405,0.8671886,0.9999852,0.9736647,0,0.5047924518585205
TSBD_WSSV_60273dd644,1,0,2,0.8567606,0.0049063917,0.10540142,0.06812734,9.032106e-06,0.014947256,0,0.12218945473432541,0.09761617,0.061408147,2.2283998e-06,0.010496527,0,0.3730180561542511,0.7969824,0.8704645,0.9999887,0.9745562,0,0.5047924518585205
TSBD_WSSV_c29e86db5b,1,0,2,0.859299,0.0046116356,0.09683619,0.069946975,1.0266869e-05,0.015049192,0,0.12218945473432541,0.10300444,0.060456168,2.092735e-06,0.010477482,0,0.3730180561542511,0.80015934,0.8695969,0.9999876,0.9744733,0,0.5047924518585205
TSBD_WSSV_79fa511ed0,1,0,2,0.8613286,0.004398212,0.098270774,0.069132365,9.732186e-06,0.014875096,0,0.12218945473432541,0.099898264,0.06064281,2.138734e-06,0.01041693,0,0.3730180561542511,0.80183095,0.8702247,0.9999881,0.97470796,0,0.5047924518585205
TSBD_WSSV_58e35ef754,1,0,2,0.6259865,0.041442476,0.2767486,0.07041201,1.0507171e-05,0.023408484,0,0.12218945473432541,0.076647475,0.060573976,2.10431e-06,0.010118827,0,0.3730180561542511,0.646604,0.869014,0.99998736,0.96647274,0,0.5047924518585205
TSBD_WSSV_1ce4e5b49f,1,0,2,0.52820414,0.040033475,0.17017107,0.28468892,0.015908228,0.16414465,0,0.12218945473432541,0.29888892,0.08713566,6.839858e-05,0.0394595,0,0.3730180561542511,0.53094,0.62817544,0.98402333,0.79639584,0,0.5047924518585205
TSBD_WSSV_ea57134108,1,0,2,0.857838,0.00504189,0.08311093,0.06497635,7.500214e-06,0.012951189,0,0.12218945473432541,0.11538835,0.06384008,2.8278168e-06,0.011858062,0,0.3730180561542511,0.80150074,0.8711835,0.9999896,0.97519076,0,0.5047924518585205
TSBD_WSSV_8b1af1900d,1,0,2,0.86020756,0.0047367746,0.086338244,0.06615584,7.961726e-06,0.01338277,0,0.12218945473432541,0.11053556,0.062532164,2.459046e-06,0.011247175,0,0.3730180561542511,0.80312616,0.871312,0.9999895,0.9753701,0,0.5047924518585205
TSBD_WSSV_2f46cb1b79,1,0,2,0.8601951,0.004592483,0.09485202,0.067939445,8.968769e-06,0.014343753,0,0.12218945473432541,0.10379986,0.061368924,2.2588088e-06,0.010732888,0,0.3730180561542511,0.80134815,0.87069166,0.9999888,0.9749233,0,0.5047924518585205
TSBD_WSSV_383e727d4a,1,0,2,0.8570532,0.0047217095,0.10105328,0.07235079,1.1517321e-05,0.015893828,0,0.12218945473432541,0.10179061,0.05969241,1.9889321e-06,0.010284929,0,0.3730180561542511,0.7971561,0.8679568,0.9999864,0.9738212,0,0.5047924518585205
TSBD_WSSV_b076b7af44,1,1,2,0.8624741,0.0043282257,0.09465732,0.06835384,9.264239e-06,0.014453798,0,0.12218945473432541,0.10183384,0.0609895,2.1903834e-06,0.010557327,0,0.3730180561542511,0.8035088,0.87065667,0.99998856,0.9749889,1,0.5047924518585205
TSBD_WSSV_6a65b3c303,1,0,2,0.8603923,0.00459811,0.08885895,0.067548566,8.636443e-06,0.013876746,0,0.12218945473432541,0.10866467,0.062288243,2.3774126e-06,0.011091307,0,0.3730180561542511,0.80247635,0.8701632,0.99998903,0.975032,0,0.5047924518585205
TSBD_WSSV_d552ad13be,1,0,2,0.85637593,0.0051894085,0.08499654,0.06735514,8.673048e-06,0.013665891,0,0.12218945473432541,0.11458055,0.062175803,2.4363435e-06,0.011353044,0,0.3730180561542511,0.80042297,0.87046903,0.9999889,0.97498107,0,0.5047924518585205
TSBD_WSSV_64069923e3,1,0,2,0.81051475,0.0071827914,0.1876388,0.117794834,9.917204e-05,0.038758073,0,0.12218945473432541,0.07577049,0.047584966,7.7810586e-07,0.0071171895,0,0.3730180561542511,0.7365907,0.83462024,0.9999,0.9541247,0,0.5047924518585205
