sample_id,tri_consensus,selected,consensus_class,tri_score,source_ema_js,p_source_BG,p_ema_BG,p_proto_BG,q_consensus_BG,selected_BG,target_prior_BG,p_source_Healthy,p_ema_Healthy,p_proto_Healthy,q_consensus_Healthy,selected_Healthy,target_prior_Healthy,p_source_WSSV,p_ema_WSSV,p_proto_WSSV,q_consensus_WSSV,selected_WSSV,target_prior_WSSV
TSBD_BG_b9ded89290,0,0,0,0.12387202,0.26827747,0.08357923,0.6344292,0.93003017,0.5811692,0,0.07103951275348663,0.6890771,0.06997716,8.523349e-05,0.07023317,0,0.14599090814590454,0.22734374,0.29559368,0.0698846,0.34859765,0,0.78296959400177
TSBD_BG_ec6804e1c1,1,1,0,0.8881829,0.0039973464,0.8424377,0.9009385,0.9999881,0.97914827,1,0.07103951275348663,0.09091232,0.052384328,7.449654e-06,0.0117729185,0,0.14599090814590454,0.066649966,0.046677087,4.534398e-06,0.009078811,0,0.78296959400177
TSBD_BG_e6c7f786d1,1,1,1,0.835442,0.00631267,0.12545319,0.0768375,1.0727632e-05,0.017597482,0,0.07103951275348663,0.7710505,0.85803163,0.99998593,0.97034794,1,0.14599090814590454,0.103496276,0.06513087,3.2867104e-06,0.012054614,0,0.78296959400177
TSBD_BG_27046d49de,1,1,0,0.82930267,0.0112987105,0.79518855,0.8991123,0.99998736,0.9763112,1,0.07103951275348663,0.08165606,0.050365236,6.0478637e-06,0.01088138,0,0.14599090814590454,0.12315531,0.050522547,6.608954e-06,0.012807431,0,0.78296959400177
TSBD_BG_ef94f9e30a,1,0,2,0.8520385,0.0055939555,0.08639501,0.111788586,7.713529e-05,0.026626345,0,0.07103951275348663,0.09419592,0.043906514,9.153415e-07,0.007424666,0,0.14599090814590454,0.8194091,0.84430486,0.9999219,0.96594906,0,0.78296959400177
TSBD_BG_014cc1626a,1,0,2,0.8687548,0.004426074,0.0839746,0.07000327,9.912436e-06,0.014091672,0,0.07103951275348663,0.09921837,0.052951932,2.0713078e-06,0.009633286,0,0.14599090814590454,0.81680703,0.8770448,0.9999881,0.9762751,0,0.78296959400177
TSBD_BG_ab942e7799,1,0,2,0.8756371,0.0032562027,0.08010112,0.050137285,2.6776913e-06,0.009169103,0,0.07103951275348663,0.101380765,0.07440888,1.1283192e-05,0.015857369,0,0.14599090814590454,0.8185181,0.8754538,0.99998605,0.9749735,0,0.78296959400177
TSBD_BG_92d3bac25d,1,0,2,0.46561795,0.06430368,0.108557135,0.41474268,0.12707986,0.22969183,0,0.07103951275348663,0.103697635,0.05404114,1.5795365e-05,0.014955482,0,0.14599090814590454,0.7877453,0.5312162,0.87290436,0.7553527,0,0.78296959400177
TSBD_BG_3179613a58,1,1,0,0.57305324,0.05501779,0.6327276,0.8938306,0.9999802,0.9660978,1,0.07103951275348663,0.06937848,0.044987913,3.4673383e-06,0.009394056,0,0.14599090814590454,0.2978939,0.06118154,1.638296e-05,0.024508191,0,0.78296959400177
TSBD_BG_72fcb5ad43,1,1,1,0.8521968,0.004455587,0.10880073,0.074304685,9.460045e-06,0.015975133,0,0.07103951275348663,0.78751427,0.8591476,0.9999869,0.9716439,1,0.14599090814590454,0.10368501,0.066547744,3.6879262e-06,0.012380963,0,0.78296959400177
TSBD_BG_1adf4fa166,0,0,0,0.24629171,0.17068374,0.38768467,0.8900694,0.99996865,0.9568219,0,0.07103951275348663,0.102422215,0.06934098,2.8991131e-05,0.023559283,0,0.14599090814590454,0.5098931,0.040589582,2.3346126e-06,0.019618811,0,0.78296959400177
TSBD_BG_19f57a7d83,0,0,1,0.30737922,0.13512158,0.06530067,0.08339122,1.5419566e-05,0.018980565,0,0.07103951275348663,0.4269971,0.85324454,0.99998164,0.956312,0,0.14599090814590454,0.50770223,0.06336422,2.9534615e-06,0.024707489,0,0.78296959400177
TSBD_BG_b06b80d500,1,1,1,0.8434397,0.0054204,0.10469443,0.07628229,1.0919875e-05,0.016467148,0,0.07103951275348663,0.7798502,0.8575078,0.99998546,0.97066844,1,0.14599090814590454,0.115455374,0.06620994,3.6821184e-06,0.012864446,0,0.78296959400177
TSBD_BG_5c745e387f,1,1,0,0.6280785,0.043735895,0.6654445,0.8929519,0.9999701,0.9654699,1,0.07103951275348663,0.2825834,0.068847045,2.8075663e-05,0.027758455,0,0.14599090814590454,0.051972114,0.038201004,1.7672508e-06,0.0067716176,0,0.78296959400177
TSBD_BG_c333741c9b,1,0,1,0.60149485,0.028050624,0.4108663,0.21047832,0.0014142472,0.1226095,0,0.07103951275348663,0.51516634,0.7413243,0.99858415,0.86844605,0,0.14599090814590454,0.073967345,0.048197325,1.6189663e-06,0.008944426,0,0.78296959400177
TSBD_BG_a3ac70c2de,1,0,1,0.46522802,0.07547459,0.06909414,0.07668892,1.1034015e-05,0.016145138,0,0.07103951275348663,0.53823185,0.84644735,0.999982,0.9567945,0,0.14599090814590454,0.39267406,0.07686378,6.9412363e-06,0.027060412,0,0.78296959400177
TSBD_BG_6ff47981ea,1,1,1,0.7510474,0.008120839,0.2285821,0.20062858,0.0011433674,0.08847993,0,0.07103951275348663,0.6630519,0.7524689,0.99885523,0.9022525,1,0.14599090814590454,0.10836597,0.04690255,1.4003874e-06,0.009267586,0,0.78296959400177
TSBD_BG_64274bed67,0,0,1,0.2524491,0.17043984,0.05344303,0.10071081,4.024144e-05,0.024668496,0,0.07103951275348663,0.3638513,0.8346666,0.999956,0.94637287,0,0.14599090814590454,0.5827056,0.06462256,3.7211482e-06,0.028958585,0,0.78296959400177
TSBD_BG_7031e4d230,1,1,0,0.6868008,0.03252463,0.7002758,0.88663137,0.9999666,0.96748906,1,0.07103951275348663,0.111657,0.070673466,3.0573407e-05,0.020385178,0,0.14599090814590454,0.18806715,0.042695113,2.84149e-06,0.0121257715,0,0.78296959400177
TSBD_BG_03136a4786,1,0,2,0.8752258,0.0036898442,0.07715502,0.056677982,4.1469934e-06,0.010427669,0,0.07103951275348663,0.10272302,0.06321517,4.8763623e-06,0.012505443,0,0.14599090814590454,0.820122,0.8801068,0.99999094,0.9770669,0,0.78296959400177
TSBD_BG_daacfdf534,1,0,2,0.8533841,0.0043394165,0.077774584,0.08928619,3.51729e-05,0.019947933,0,0.07103951275348663,0.11952277,0.06623408,7.719685e-06,0.014966644,0,0.14599090814590454,0.8027026,0.84447974,0.9999571,0.9650854,0,0.78296959400177
TSBD_BG_873a3617a3,1,1,2,0.87663144,0.0021402463,0.07177213,0.047089227,2.2921106e-06,0.008334486,0,0.07103951275348663,0.11217607,0.091244966,3.3372777e-05,0.022421781,0,0.14599090814590454,0.81605184,0.8616657,0.99996436,0.9692437,1,0.78296959400177
TSBD_BG_abfa756b67,0,0,0,0.4076379,0.08900547,0.23305716,0.6449751,0.9183005,0.6003208,0,0.07103951275348663,0.08869638,0.04392973,7.677507e-06,0.012329139,0,0.14599090814590454,0.6782465,0.31109515,0.08169185,0.38735002,0,0.78296959400177
TSBD_BG_897409ab6a,0,0,2,0.19463651,0.21785675,0.062316958,0.053471666,3.5030596e-06,0.012871283,0,0.07103951275348663,0.6553837,0.06859469,7.4213613e-06,0.0381211,0,0.14599090814590454,0.28229934,0.87793356,0.99998915,0.9490076,0,0.78296959400177
TSBD_BG_029a32b87f,1,0,2,0.8027092,0.0054474324,0.15309772,0.21593612,0.0021214266,0.086038336,0,0.07103951275348663,0.071947716,0.038238876,8.150958e-07,0.0062879035,0,0.14599090814590454,0.7749546,0.74582493,0.9978777,0.9076738,0,0.78296959400177
TSBD_BG_ad84846145,1,0,2,0.8546607,0.005913347,0.1145936,0.06341886,6.60705e-06,0.0139383245,0,0.07103951275348663,0.085316576,0.058348767,3.338995e-06,0.0105634,0,0.14599090814590454,0.80008984,0.8782323,0.9999901,0.97549826,0,0.78296959400177
TSBD_BG_6250909f04,1,1,1,0.75474024,0.01580822,0.14899054,0.05204614,2.7637816e-06,0.012303104,0,0.07103951275348663,0.70657074,0.83477634,0.99994314,0.95640016,1,0.14599090814590454,0.14443868,0.11317749,5.4127882e-05,0.031296734,0,0.78296959400177
TSBD_Healthy_c7fd512124,1,0,2,0.6080756,0.03819999,0.07494864,0.03659567,4.114873e-06,0.008315056,0,0.07103951275348663,0.10934354,0.33029252,0.06532516,0.17675889,0,0.14599090814590454,0.81570774,0.6331118,0.93467075,0.814926,0,0.78296959400177
TSBD_Healthy_1ab857c1ee,0,0,1,0.25944954,0.17413828,0.055309556,0.039633438,1.5331684e-06,0.009463762,0,0.07103951275348663,0.18909447,0.75338686,0.9986123,0.79655045,0,0.14599090814590454,0.755596,0.2069797,0.0013861635,0.19398579,0,0.78296959400177
TSBD_Healthy_a4108c60ab,0,0,1,0.107038535,0.31603193,0.06280876,0.06722009,6.172029e-06,0.020095875,0,0.07103951275348663,0.14328113,0.858762,0.99998796,0.9294966,0,0.14599090814590454,0.7939101,0.074017875,5.823326e-06,0.050407544,0,0.78296959400177
TSBD_Healthy_603954b4fc,0,0,1,0.11816211,0.30014274,0.07808796,0.05940481,4.310537e-06,0.019580245,0,0.07103951275348663,0.12386453,0.83642787,0.99996305,0.89517677,0,0.14599090814590454,0.79804754,0.10416732,3.2614298e-05,0.085242964,0,0.78296959400177
TSBD_Healthy_a7669a6337,0,0,1,0.15475017,0.25723287,0.060112048,0.057662245,3.5538144e-06,0.014937849,0,0.07103951275348663,0.19029526,0.84795785,0.99997723,0.9218869,0,0.14599090814590454,0.7495927,0.09437991,1.9175806e-05,0.06317522,0,0.78296959400177
TSBD_Healthy_0969d7950f,0,0,1,0.120310746,0.2973775,0.06416486,0.0637982,5.00112e-06,0.018318001,0,0.07103951275348663,0.15789081,0.8569565,0.99998665,0.92811537,0,0.14599090814590454,0.7779443,0.07924538,8.334656e-06,0.05356667,0,0.78296959400177
TSBD_Healthy_3535a7f645,1,0,1,0.5786283,0.051062495,0.059918914,0.06997062,7.3040646e-06,0.012905637,0,0.07103951275348663,0.6259171,0.8594303,0.99998784,0.9657879,0,0.14599090814590454,0.31416398,0.07059906,4.8327825e-06,0.021306438,0,0.78296959400177
TSBD_Healthy_28874652ec,0,0,1,0.17362277,0.23866665,0.07293477,0.041141026,1.5760409e-06,0.012424622,0,0.07103951275348663,0.109772086,0.75847894,0.9989202,0.769789,0,0.14599090814590454,0.8172931,0.20038006,0.001078269,0.21778645,0,0.78296959400177
TSBD_Healthy_c9a3ba4645,0,0,1,0.28696167,0.14911652,0.05967534,0.07312796,8.687696e-06,0.015792495,0,0.07103951275348663,0.3977286,0.85942924,0.9999875,0.9562092,0,0.14599090814590454,0.5425961,0.06744275,3.8344106e-06,0.027998291,0,0.78296959400177
TSBD_Healthy_ec9cff4659,0,0,1,0.2841608,0.14996178,0.09102735,0.07005343,7.328794e-06,0.017685963,0,0.07103951275348663,0.3717976,0.8573014,0.999987,0.9505721,0,0.14599090814590454,0.5371751,0.07264516,5.628653e-06,0.03174192,0,0.78296959400177
TSBD_Healthy_d0dd7481d3,1,1,1,0.84319985,0.005567828,0.12694225,0.07428957,9.454417e-06,0.0169055,0,0.07103951275348663,0.7798962,0.8592547,0.9999869,0.97115386,1,0.14599090814590454,0.09316155,0.06645571,3.6699696e-06,0.011940602,0,0.78296959400177
TSBD_Healthy_9b9c4b2008,0,0,1,0.15937299,0.25262603,0.059750758,0.059892833,4.6360824e-06,0.016129201,0,0.07103951275348663,0.18057387,0.8335215,0.99995625,0.9059031,0,0.14599090814590454,0.75967544,0.10658562,3.9078004e-05,0.07796766,0,0.78296959400177
TSBD_Healthy_6af33a64f0,0,0,1,0.20790134,0.20871773,0.069958486,0.057773672,9.5084715e-06,0.0191728,0,0.07103951275348663,0.12512177,0.72715163,0.99791497,0.7416642,0,0.14599090814590454,0.8049197,0.2150747,0.0020755,0.23916297,0,0.78296959400177
TSBD_Healthy_11508a2a47,1,1,0,0.8674316,0.0065943887,0.8267609,0.90075934,0.99998844,0.97849977,1,0.07103951275348663,0.10732381,0.05104362,6.2732397e-06,0.011987275,0,0.14599090814590454,0.065915346,0.04819704,5.2725513e-06,0.009512909,0,0.78296959400177
TSBD_Healthy_9c80ffce77,0,0,1,0.20425366,0.18369469,0.07677273,0.31386942,0.089494154,0.21630947,0,0.07103951275348663,0.11863787,0.4680705,0.89161146,0.47754085,0,0.14599090814590454,0.80458945,0.21806008,0.01889435,0.30614966,0,0.78296959400177
TSBD_Healthy_fdc6d1fa33,1,1,1,0.765147,0.017126104,0.07370603,0.071302295,7.753388e-06,0.013449726,0,0.07103951275348663,0.7347286,0.8587532,0.9999877,0.96978784,1,0.14599090814590454,0.19156536,0.06994451,4.5758125e-06,0.01676241,0,0.78296959400177
TSBD_Healthy_8c646c1060,1,0,0,0.37261537,0.10756257,0.49473158,0.89886624,0.99998677,0.96241665,0,0.07103951275348663,0.3809058,0.05483974,8.918939e-06,0.024384497,0,0.14599090814590454,0.124362595,0.046294052,4.302068e-06,0.013198828,0,0.78296959400177
TSBD_Healthy_1b2ea804f3,0,0,1,0.19192733,0.2192682,0.064314894,0.07462906,9.2493665e-06,0.01871655,0,0.07103951275348663,0.27401105,0.85765254,0.9999869,0.9473134,0,0.14599090814590454,0.661674,0.067718394,3.8355824e-06,0.033970006,0,0.78296959400177
TSBD_Healthy_181a36e89e,0,0,1,0.19893704,0.2136572,0.058646195,0.071809284,7.913341e-06,0.017061502,0,0.07103951275348663,0.28358597,0.8587808,0.9999877,0.94812506,0,0.14599090814590454,0.65776783,0.06940989,4.395516e-06,0.03481345,0,0.78296959400177
TSBD_Healthy_b13db56cba,1,0,2,0.4169043,0.06406279,0.07216209,0.058060322,5.340687e-05,0.017074926,0,0.07103951275348663,0.1136968,0.42234546,0.38308552,0.2886736,0,0.14599090814590454,0.81414104,0.51959425,0.6168611,0.6942515,0,0.78296959400177
TSBD_Healthy_e91e5f3d2c,1,1,1,0.84311473,0.005511787,0.11576541,0.07401261,9.118372e-06,0.016233535,0,0.07103951275348663,0.7787434,0.8593022,0.99998724,0.97127455,1,0.14599090814590454,0.10549128,0.0666852,3.6602155e-06,0.012491938,0,0.78296959400177
TSBD_Healthy_b9f53cb41a,1,1,1,0.6909355,0.028917557,0.24414147,0.074203506,9.144158e-06,0.021986615,0,0.07103951275348663,0.6843933,0.85938364,0.99998724,0.96672773,1,0.14599090814590454,0.07146523,0.06641283,3.5898622e-06,0.011285642,0,0.78296959400177
TSBD_Healthy_eb22129a24,1,1,0,0.8162754,0.013544889,0.7926919,0.8996243,0.99998605,0.9761255,1,0.07103951275348663,0.15337472,0.056573015,1.0663423e-05,0.016023597,0,0.14599090814590454,0.053933315,0.043802682,3.3342717e-06,0.007850878,0,0.78296959400177
TSBD_Healthy_968a78b93d,1,1,1,0.7767809,0.015219804,0.08214213,0.07202152,8.225693e-06,0.014166403,0,0.07103951275348663,0.73919094,0.8596899,0.9999877,0.97003317,1,0.14599090814590454,0.17866696,0.06828857,4.108113e-06,0.015800448,0,0.78296959400177
TSBD_Healthy_c7a3a188a8,1,1,0,0.6015499,0.05041343,0.6629199,0.90000534,0.999987,0.97109413,1,0.07103951275348663,0.27735636,0.05450358,8.912998e-06,0.019806152,0,0.14599090814590454,0.059723813,0.045491066,4.025595e-06,0.009099662,0,0.78296959400177
TSBD_Healthy_f55a2f1b43,1,1,2,0.8766794,0.0031909938,0.08161274,0.050653182,2.7292974e-06,0.009302373,0,0.07103951275348663,0.09837659,0.07350575,1.0705134e-05,0.015433712,0,0.14599090814590454,0.8200107,0.875841,0.9999865,0.97526395,1,0.78296959400177
TSBD_Healthy_11a0ec4d06,0,0,0,0.120533526,0.2671018,0.096809514,0.55255365,0.813052,0.5349461,0,0.07103951275348663,0.088772155,0.32484722,0.18551889,0.30407217,0,0.14599090814590454,0.8144183,0.12259911,0.0014291275,0.16098174,0,0.78296959400177
TSBD_Healthy_dda7c6bbc5,0,0,1,0.14949293,0.26269722,0.05548418,0.060583632,3.9988527e-06,0.015134262,0,0.07103951275348663,0.19663145,0.8546592,0.9999851,0.9314066,0,0.14599090814590454,0.74788433,0.08475721,1.0894936e-05,0.0534591,0,0.78296959400177
TSBD_Healthy_b83d452fe7,1,0,2,0.8753417,0.0032575838,0.08240524,0.047292016,2.140928e-06,0.008622162,0,0.07103951275348663,0.09747196,0.07982283,1.6506452e-05,0.017412174,0,0.14599090814590454,0.8201228,0.87288517,0.9999814,0.9739657,0,0.78296959400177
TSBD_Healthy_ec04a77054,1,1,1,0.850574,0.004836371,0.09562996,0.07262553,8.317458e-06,0.014727162,0,0.07103951275348663,0.78826684,0.8599565,0.99998784,0.9722361,1,0.14599090814590454,0.11610315,0.06741799,3.8064015e-06,0.013036772,0,0.78296959400177
TSBD_Healthy_63480c13ab,1,1,1,0.8104308,0.010557165,0.078883,0.07251424,8.379199e-06,0.01391494,0,0.07103951275348663,0.764525,0.8599236,0.9999877,0.97140193,1,0.14599090814590454,0.15659198,0.06756212,3.8715525e-06,0.014683138,0,0.78296959400177
TSBD_Healthy_a334fe0843,1,1,1,0.84270877,0.0056130793,0.12248234,0.073006265,8.628996e-06,0.01627244,0,0.07103951275348663,0.7790046,0.8595131,0.9999875,0.9713473,1,0.14599090814590454,0.09851302,0.06748067,3.843875e-06,0.012380275,0,0.78296959400177
TSBD_Healthy_af48f4f88b,1,1,1,0.7398854,0.020685658,0.21088248,0.074067004,9.124444e-06,0.020593222,0,0.07103951275348663,0.71294695,0.8592409,0.99998724,0.9679621,1,0.14599090814590454,0.07617053,0.066692114,3.6394667e-06,0.011444691,0,0.78296959400177
TSBD_Healthy_58fc6d9018,0,0,1,0.2125017,0.20307109,0.09163513,0.038323734,2.0239777e-06,0.0126577495,0,0.07103951275348663,0.09640304,0.6911584,0.9927206,0.6507889,0,0.14599090814590454,0.8119619,0.2705179,0.0072773993,0.33655336,0,0.78296959400177
TSBD_Healthy_ed8a98aaef,1,0,2,0.87345666,0.0032504164,0.07967423,0.042946436,1.5144934e-06,0.0076149986,0,0.07103951275348663,0.10008814,0.09002862,3.1691663e-05,0.02114132,0,0.14599090814590454,0.82023764,0.8670249,0.99996674,0.9712437,0,0.78296959400177
TSBD_Healthy_c1a36abd3d,0,0,1,0.10538504,0.31857923,0.064444035,0.06562652,5.6580516e-06,0.019941062,0,0.07103951275348663,0.13755926,0.857996,0.9999875,0.9265184,0,0.14599090814590454,0.79799676,0.07637745,6.8653867e-06,0.053540587,0,0.78296959400177
TSBD_Healthy_ba89f16ead,1,1,1,0.84527403,0.0054153744,0.0986124,0.07193958,8.126738e-06,0.014784759,0,0.07103951275348663,0.78268546,0.8599,0.99998784,0.9717967,1,0.14599090814590454,0.11870221,0.068160415,4.084896e-06,0.013418552,0,0.78296959400177
TSBD_Healthy_ff7717e05f,1,1,0,0.8507939,0.008779804,0.81511486,0.9005749,0.9999883,0.97786915,1,0.07103951275348663,0.121381015,0.052049562,6.9346174e-06,0.0129379695,0,0.14599090814590454,0.06350407,0.04737552,4.822389e-06,0.009192918,0,0.78296959400177
TSBD_Healthy_9697828448,0,0,1,0.08984424,0.34337065,0.07458163,0.06996697,7.171228e-06,0.024053521,0,0.07103951275348663,0.11494291,0.85943973,0.9999881,0.9247014,0,0.14599090814590454,0.8104755,0.0705933,4.743116e-06,0.051245075,0,0.78296959400177
TSBD_Healthy_0dc7202194,1,1,1,0.8116128,0.009379849,0.094386585,0.065382466,5.5880573e-06,0.01310292,0,0.07103951275348663,0.75238335,0.8572064,0.9999869,0.9691271,1,0.14599090814590454,0.15323009,0.07741109,7.5089174e-06,0.017769981,0,0.78296959400177
TSBD_Healthy_aafafefd6f,0,0,1,0.1125266,0.30729306,0.083778,0.06353359,5.3610966e-06,0.021207087,0,0.07103951275348663,0.13710101,0.8536527,0.9999838,0.9188036,0,0.14599090814590454,0.77912104,0.08281365,1.0799823e-05,0.059989348,0,0.78296959400177
TSBD_Healthy_3e37e6f481,0,0,1,0.19783977,0.21512212,0.05988554,0.066806,6.0655925e-06,0.01591898,0,0.07103951275348663,0.2737151,0.8584968,0.9999876,0.94481516,0,0.14599090814590454,0.6663993,0.074697234,6.3540374e-06,0.03926586,0,0.78296959400177
TSBD_Healthy_d5c6d15d07,1,0,2,0.8677104,0.003824833,0.09275365,0.048533406,2.5662446e-06,0.009455579,0,0.07103951275348663,0.08975292,0.08873441,2.8954155e-05,0.019911086,0,0.14599090814590454,0.8174934,0.8627322,0.9999684,0.9706333,0,0.78296959400177
TSBD_Healthy_968206666f,0,0,1,0.15873823,0.25360042,0.06906931,0.04795127,2.3984874e-06,0.014264442,0,0.07103951275348663,0.12930739,0.79605865,0.99971074,0.836808,0,0.14599090814590454,0.8016233,0.15599005,0.00028686103,0.14892754,0,0.78296959400177
TSBD_Healthy_cacd4fa5f3,0,0,1,0.28450546,0.15289718,0.056889582,0.06295261,4.81134e-06,0.013155949,0,0.07103951275348663,0.36970526,0.8548003,0.9999852,0.94828415,0,0.14599090814590454,0.57340515,0.08224709,1.0002202e-05,0.038559914,0,0.78296959400177
TSBD_Healthy_c00e285b89,1,0,2,0.8734131,0.0036833656,0.084899895,0.044985875,1.6715937e-06,0.008103469,0,0.07103951275348663,0.09340033,0.08214737,1.8479304e-05,0.017765168,0,0.14599090814590454,0.82169974,0.87286675,0.99997985,0.97413135,0,0.78296959400177
TSBD_Healthy_e318b96772,1,0,2,0.6760751,0.028229378,0.07673448,0.03528071,2.4858768e-06,0.007521877,0,0.07103951275348663,0.10547722,0.2836663,0.024198713,0.13480917,0,0.14599090814590454,0.81778836,0.6810529,0.97579885,0.85766894,0,0.78296959400177
TSBD_Healthy_f874d1c34c,1,0,2,0.8649425,0.003867332,0.083545074,0.04153233,1.4579103e-06,0.007584879,0,0.07103951275348663,0.096379355,0.105895735,7.2285184e-05,0.026525028,0,0.14599090814590454,0.8200756,0.85257196,0.9999263,0.9658901,0,0.78296959400177
TSBD_Healthy_a486752b98,1,0,2,0.5946398,0.04134064,0.07706564,0.035448488,3.556467e-06,0.008041267,0,0.07103951275348663,0.10417796,0.3324846,0.07119182,0.17738028,0,0.14599090814590454,0.8187564,0.63206697,0.92880464,0.8145785,0,0.78296959400177
TSBD_Healthy_79eca515b7,1,1,2,0.87749195,0.0028099706,0.084588006,0.051696517,3.0237265e-06,0.009710892,0,0.07103951275348663,0.09470125,0.07743255,1.4022591e-05,0.016467994,0,0.14599090814590454,0.8207107,0.87087095,0.99998295,0.9738211,1,0.78296959400177
TSBD_Healthy_28f91e3b3c,1,0,2,0.8003145,0.011105515,0.08157293,0.036934003,1.4730996e-06,0.007158977,0,0.07103951275348663,0.09736378,0.18223779,0.0015836015,0.0630924,0,0.14599090814590454,0.8210633,0.78082824,0.998415,0.92974865,0,0.78296959400177
TSBD_Healthy_b4c784db60,1,0,2,0.4117629,0.071694665,0.08286372,0.041658103,1.0884351e-05,0.011284333,0,0.07103951275348663,0.09783744,0.41888627,0.3373525,0.26733753,0,0.14599090814590454,0.81929886,0.53945565,0.6626366,0.7213781,0,0.78296959400177
TSBD_Healthy_46afbf57c8,1,0,2,0.8669579,0.0032866101,0.079784535,0.041588157,1.5553688e-06,0.0075638304,0,0.07103951275348663,0.10023852,0.10965993,9.322612e-05,0.028738128,0,0.14599090814590454,0.8199769,0.8487519,0.9999052,0.963698,0,0.78296959400177
TSBD_Healthy_5238685a4f,0,0,1,0.16349983,0.24808112,0.077465005,0.04612192,2.5595248e-06,0.015014462,0,0.07103951275348663,0.10696208,0.76602834,0.99919313,0.78163356,0,0.14599090814590454,0.8155729,0.18784967,0.00080434984,0.20335196,0,0.78296959400177
TSBD_Healthy_115a1b2ce7,1,0,2,0.35706735,0.07734615,0.073422484,0.037269898,6.299935e-06,0.009339846,0,0.07103951275348663,0.11073109,0.455084,0.4836947,0.3154067,0,0.14599090814590454,0.81584644,0.5076461,0.516299,0.67525345,0,0.78296959400177
TSBD_Healthy_2b0f2e29de,1,1,2,0.876681,0.0029131817,0.07713972,0.04833724,2.2895629e-06,0.0086282315,0,0.07103951275348663,0.10400041,0.07944108,1.6242457e-05,0.01772597,0,0.14599090814590454,0.8188598,0.8722217,0.9999815,0.9736458,1,0.78296959400177
TSBD_Healthy_2cb9913a0d,0,0,1,0.3662745,0.091914594,0.06990073,0.040351674,8.4928215e-06,0.010798956,0,0.07103951275348663,0.12080222,0.5082475,0.7509253,0.3989741,0,0.14599090814590454,0.8092971,0.45140082,0.24906626,0.590227,0,0.78296959400177
TSBD_Healthy_f7b6201d8c,1,0,2,0.6236361,0.032016452,0.085470125,0.18212064,0.005156921,0.076070085,0,0.07103951275348663,0.102846235,0.23651151,0.019747203,0.119409725,0,0.14599090814590454,0.8116836,0.5813679,0.9750959,0.80452025,0,0.78296959400177
TSBD_Healthy_1cb0a1deed,0,0,1,0.18150592,0.23067647,0.06108416,0.06698171,7.3230885e-06,0.017810222,0,0.07103951275348663,0.21523295,0.8332392,0.9999645,0.91587555,0,0.14599090814590454,0.7236829,0.09977914,2.8255932e-05,0.06631424,0,0.78296959400177
TSBD_Healthy_e53d9705ff,1,0,2,0.61317945,0.03844738,0.08165953,0.042081416,6.6607417e-06,0.0101094665,0,0.07103951275348663,0.09939381,0.3166172,0.052895978,0.16180113,0,0.14599090814590454,0.8189467,0.6413014,0.94709736,0.8280894,0,0.78296959400177
TSBD_Healthy_fea6d00053,1,0,2,0.8746131,0.0019636683,0.08236012,0.051686507,3.3285528e-06,0.009845277,0,0.07103951275348663,0.1004351,0.09679289,4.6910875e-05,0.02375749,0,0.14599090814590454,0.8172047,0.8515206,0.9999497,0.9663972,0,0.78296959400177
TSBD_Healthy_f69458ce94,1,1,2,0.8766687,0.0019140233,0.08068645,0.051060814,3.5244523e-06,0.009818081,0,0.07103951275348663,0.10019489,0.09425779,4.163112e-05,0.022867084,0,0.14599090814590454,0.81911874,0.8546814,0.9999548,0.96731484,1,0.78296959400177
TSBD_Healthy_bb30558caa,1,0,2,0.86371124,0.0032672975,0.07785549,0.04106557,1.5524862e-06,0.0074631185,0,0.07103951275348663,0.10271683,0.119406454,0.00013824596,0.032626163,0,0.14599090814590454,0.81942767,0.83952796,0.99986017,0.95991075,0,0.78296959400177
TSBD_Healthy_f8b382f850,0,0,1,0.088855006,0.34509656,0.074303955,0.071851544,8.147189e-06,0.025237031,0,0.07103951275348663,0.110366054,0.85543853,0.9999864,0.92058176,0,0.14599090814590454,0.81532997,0.07270994,5.4688308e-06,0.054181255,0,0.78296959400177
TSBD_Healthy_4e764a8c1f,1,0,2,0.87163866,0.0034714062,0.082500994,0.042985633,1.4874864e-06,0.007687214,0,0.07103951275348663,0.09654123,0.09233181,3.4951772e-05,0.021541389,0,0.14599090814590454,0.8209578,0.86468256,0.99996364,0.97077143,0,0.78296959400177
TSBD_Healthy_63950b8869,1,1,2,0.87580115,0.003651339,0.087246574,0.062858015,6.3884713e-06,0.0124307815,0,0.07103951275348663,0.092036635,0.05661562,2.9341472e-06,0.010341858,0,0.14599090814590454,0.8207168,0.8805264,0.9999906,0.9772274,1,0.78296959400177
TSBD_Healthy_ea2ac521c5,0,0,1,0.36229736,0.10806397,0.06280727,0.035273135,3.2967773e-06,0.008803872,0,0.07103951275348663,0.13754685,0.57028514,0.90539396,0.49598575,0,0.14599090814590454,0.79964584,0.39444178,0.09460277,0.4952104,0,0.78296959400177
TSBD_Healthy_1402c548f4,1,1,2,0.8767997,0.0030899276,0.07809949,0.046401806,1.919934e-06,0.008204754,0,0.07103951275348663,0.10124845,0.07984445,1.6599162e-05,0.017658517,0,0.14599090814590454,0.820652,0.8737537,0.9999815,0.97413677,1,0.78296959400177
TSBD_Healthy_44b1d181ba,1,0,2,0.8749996,0.003450261,0.07337884,0.04708038,2.0228545e-06,0.008167793,0,0.07103951275348663,0.10851447,0.07553818,1.2266407e-05,0.016615868,0,0.14599090814590454,0.81810665,0.87738144,0.9999857,0.97521627,0,0.78296959400177
TSBD_Healthy_5031d03cd3,1,0,1,0.39935547,0.096496016,0.055272434,0.07175048,7.959359e-06,0.01380219,0,0.07103951275348663,0.51079875,0.85899,0.9999877,0.96151096,0,0.14599090814590454,0.4339288,0.069259495,4.2845113e-06,0.024686847,0,0.78296959400177
TSBD_Healthy_584e036b15,0,0,1,0.10214365,0.32373384,0.0647619,0.06313924,4.677431e-06,0.019249883,0,0.07103951275348663,0.12939408,0.8576396,0.9999875,0.9236051,0,0.14599090814590454,0.805844,0.07922117,7.850731e-06,0.05714504,0,0.78296959400177
TSBD_Healthy_ceedc9841a,0,0,1,0.09541391,0.333202,0.07863449,0.08165816,1.5160677e-05,0.030963805,0,0.07103951275348663,0.106556855,0.8355004,0.9999734,0.90234643,0,0.14599090814590454,0.8148086,0.08284138,1.1367402e-05,0.06668976,0,0.78296959400177
TSBD_Healthy_539b7c9614,0,0,1,0.4450596,0.07651055,0.05779572,0.07904576,7.8919664e-05,0.023340905,0,0.07103951275348663,0.24022019,0.59888774,0.9685988,0.62837577,0,0.14599090814590454,0.70198417,0.3220665,0.03132231,0.34828335,0,0.78296959400177
TSBD_Healthy_9405a524b8,1,1,1,0.81054735,0.009488702,0.11544996,0.08046811,1.2742992e-05,0.018216608,0,0.07103951275348663,0.7520059,0.8561273,0.9999845,0.96908766,1,0.14599090814590454,0.1325442,0.06340458,2.8129282e-06,0.012695708,0,0.78296959400177
TSBD_Healthy_84b5bbabe5,1,1,1,0.80095184,0.011486918,0.08640681,0.07176254,7.863473e-06,0.0141888,0,0.07103951275348663,0.7526646,0.8590077,0.99998796,0.9704766,1,0.14599090814590454,0.16092853,0.06922973,4.2335505e-06,0.015334553,0,0.78296959400177
TSBD_Healthy_cd1699cbb8,1,1,1,0.7711962,0.011553323,0.21633942,0.12112251,8.008087e-05,0.040294353,0,0.07103951275348663,0.69871134,0.82714766,0.9999186,0.95104104,1,0.14599090814590454,0.084949225,0.051729847,1.2818982e-06,0.008664624,0,0.78296959400177
TSBD_Healthy_3971c8d6d2,0,0,1,0.10940921,0.28299332,0.23130575,0.38006788,0.04762029,0.3791699,0,0.07103951275348663,0.08726783,0.5794051,0.95237744,0.59330165,0,0.14599090814590454,0.6814264,0.040526975,2.2317088e-06,0.02752845,0,0.78296959400177
TSBD_Healthy_062f8eb68b,1,1,1,0.58543444,0.047964398,0.071002275,0.06685422,5.913373e-06,0.012943524,0,0.07103951275348663,0.61314243,0.85406876,0.9999863,0.9621642,1,0.14599090814590454,0.3158553,0.079077005,7.824299e-06,0.024892278,0,0.78296959400177
TSBD_Healthy_64c2fd2799,1,0,2,0.68215615,0.024657965,0.067598596,0.03591987,2.8461243e-06,0.0073935334,0,0.07103951275348663,0.12340068,0.29838166,0.034832712,0.15546349,0,0.14599090814590454,0.80900073,0.66569847,0.9651644,0.83714294,0,0.78296959400177
TSBD_Healthy_06ad797b28,0,0,1,0.28656074,0.15433629,0.056074303,0.05881941,4.300806e-06,0.012860421,0,0.07103951275348663,0.32018,0.8264488,0.99994123,0.9200764,0,0.14599090814590454,0.62374574,0.114731826,5.443792e-05,0.067063235,0,0.78296959400177
TSBD_Healthy_d37fadc7b5,1,0,2,0.8203789,0.008300992,0.078038506,0.035757974,1.1739112e-06,0.00663803,0,0.07103951275348663,0.101780005,0.16871268,0.00096827134,0.056089807,0,0.14599090814590454,0.8201815,0.79552925,0.9990306,0.93727213,0,0.78296959400177
TSBD_Healthy_23703b21e8,0,0,1,0.0953477,0.3332104,0.07941039,0.0800134,1.369677e-05,0.02924639,0,0.07103951275348663,0.12049518,0.8492319,0.9999813,0.91995794,0,0.14599090814590454,0.8000945,0.07075471,5.0101007e-06,0.050795708,0,0.78296959400177
TSBD_Healthy_e761f95881,1,0,1,0.50617945,0.05815538,0.06057018,0.055773687,3.966559e-06,0.01094235,0,0.07103951275348663,0.5114115,0.8115655,0.9998864,0.92682886,0,0.14599090814590454,0.42801836,0.1326608,0.00010964963,0.062228825,0,0.78296959400177
TSBD_Healthy_049d7b0b8e,0,0,1,0.3849032,0.10184853,0.058330253,0.040109336,4.944651e-06,0.010069931,0,0.07103951275348663,0.17022054,0.5981325,0.94753426,0.5628701,0,0.14599090814590454,0.77144927,0.3617582,0.052460775,0.42706004,0,0.78296959400177
TSBD_Healthy_d0a2ad85a2,1,0,2,0.8272665,0.006861696,0.07324685,0.035263572,1.1044793e-06,0.0063706758,0,0.07103951275348663,0.108793184,0.16996065,0.0010127109,0.058095906,0,0.14599090814590454,0.81795996,0.7947758,0.9989862,0.9355334,0,0.78296959400177
TSBD_Healthy_427d279e02,1,1,2,0.8762361,0.0034565488,0.0816356,0.055459406,3.7821994e-06,0.010341776,0,0.07103951275348663,0.098402426,0.06532137,5.7833468e-06,0.012937859,0,0.14599090814590454,0.81996197,0.8792192,0.99999034,0.9767204,1,0.78296959400177
TSBD_Healthy_194fe9c226,0,0,1,0.17151596,0.24115548,0.06342117,0.05332046,3.7438128e-06,0.015477435,0,0.07103951275348663,0.14126313,0.7891396,0.9997008,0.8382147,0,0.14599090814590454,0.7953157,0.15753996,0.00029546488,0.14630789,0,0.78296959400177
TSBD_Healthy_7fd586cd0c,1,0,2,0.87174404,0.0027509276,0.0683374,0.044889446,1.9082097e-06,0.007739078,0,0.07103951275348663,0.12154005,0.091086246,3.3606022e-05,0.023102418,0,0.14599090814590454,0.8101225,0.8640243,0.9999645,0.9691585,0,0.78296959400177
TSBD_Healthy_8a16be7271,0,0,1,0.14097688,0.27255633,0.055877045,0.05787996,3.4517823e-06,0.014871993,0,0.07103951275348663,0.17713743,0.85125345,0.99998116,0.9236864,0,0.14599090814590454,0.76698554,0.090866625,1.5384014e-05,0.06144159,0,0.78296959400177
TSBD_Healthy_7497e074fb,0,0,1,0.35979646,0.1118371,0.06265636,0.03945957,4.561229e-06,0.010199608,0,0.07103951275348663,0.1436867,0.5863759,0.9370579,0.53050464,0,0.14599090814590454,0.79365695,0.37416452,0.0629375,0.45929575,0,0.78296959400177
TSBD_Healthy_0008f80a75,1,0,2,0.86530346,0.0027332949,0.07300007,0.08197402,2.2655508e-05,0.017151771,0,0.07103951275348663,0.11650933,0.073693655,1.1855324e-05,0.016916443,0,0.14599090814590454,0.8104906,0.84433234,0.99996555,0.9659318,0,0.78296959400177
TSBD_Healthy_5ceaf1db7f,1,0,2,0.8746434,0.00369432,0.08439212,0.06443703,6.864345e-06,0.012616513,0,0.07103951275348663,0.095772244,0.056825962,2.9142127e-06,0.010499943,0,0.14599090814590454,0.8198357,0.8787369,0.9999902,0.97688353,0,0.78296959400177
TSBD_Healthy_e4fa44cd99,1,0,2,0.8728989,0.0034448132,0.07510388,0.057894643,4.679843e-06,0.01071587,0,0.07103951275348663,0.10936643,0.0683727,7.4083764e-06,0.014439864,0,0.14599090814590454,0.81552964,0.8737326,0.99998796,0.9748443,0,0.78296959400177
TSBD_Healthy_441bde1a65,1,0,2,0.86728793,0.004621486,0.06972543,0.051362604,2.8246045e-06,0.008936671,0,0.07103951275348663,0.11733449,0.06844514,7.312409e-06,0.014757797,0,0.14599090814590454,0.8129401,0.88019216,0.99998987,0.9763055,0,0.78296959400177
TSBD_Healthy_dbb2f8ca89,0,0,1,0.36781412,0.10536396,0.053138155,0.06033535,3.9673373e-06,0.011227224,0,0.07103951275348663,0.46869028,0.85602695,0.99998546,0.95466524,0,0.14599090814590454,0.4781716,0.08363765,1.0530806e-05,0.03410754,0,0.78296959400177
TSBD_Healthy_9b317a63ad,0,0,1,0.33340353,0.12249585,0.052859604,0.06775353,6.249853e-06,0.013165173,0,0.07103951275348663,0.4471018,0.8588111,0.9999881,0.95749205,0,0.14599090814590454,0.50003856,0.07343541,5.62034e-06,0.02934278,0,0.78296959400177
TSBD_Healthy_d85abeff44,1,0,2,0.87494415,0.002996257,0.07370578,0.044819336,1.720196e-06,0.0077554225,0,0.07103951275348663,0.10937765,0.08462034,2.2258137e-05,0.019778403,0,0.14599090814590454,0.8169165,0.87056035,0.99997604,0.9724662,0,0.78296959400177
TSBD_Healthy_32490efb09,0,0,1,0.1444267,0.26826748,0.055982787,0.0622471,4.650122e-06,0.016056133,0,0.07103951275348663,0.1881133,0.8523635,0.99998355,0.9285431,0,0.14599090814590454,0.75590396,0.08538935,1.1741647e-05,0.05540082,0,0.78296959400177
TSBD_Healthy_003e47f46b,0,0,1,0.21086767,0.20710447,0.05313232,0.051595956,2.396101e-06,0.011560823,0,0.07103951275348663,0.2416808,0.8368212,0.99995315,0.91590524,0,0.14599090814590454,0.70518684,0.111582816,4.4504533e-05,0.07253394,0,0.78296959400177
TSBD_Healthy_db7fb385bc,0,0,1,0.3462991,0.103836104,0.07537911,0.04445998,1.2020993e-05,0.012770362,0,0.07103951275348663,0.10971054,0.5199363,0.78199315,0.40410686,0,0.14599090814590454,0.8149104,0.43560365,0.21799481,0.5831228,0,0.78296959400177
TSBD_Healthy_e07653b53b,1,0,2,0.6588204,0.030503519,0.074745,0.0347205,2.3452994e-06,0.007299377,0,0.07103951275348663,0.10924747,0.2992064,0.031641237,0.14720082,0,0.14599090814590454,0.81600755,0.6660731,0.9683565,0.8454998,0,0.78296959400177
TSBD_Healthy_372dafd03c,0,0,1,0.46834108,0.06933864,0.052155633,0.039394196,4.1422277e-06,0.008869547,0,0.07103951275348663,0.25338793,0.6156565,0.9615483,0.62889236,0,0.14599090814590454,0.69445646,0.34494925,0.038447574,0.3622381,0,0.78296959400177
TSBD_Healthy_8a4d12c896,1,0,2,0.7860205,0.010499576,0.058083374,0.05516356,5.6484555e-06,0.010327132,0,0.07103951275348663,0.2204709,0.114312895,0.00012309515,0.042344406,0,0.14599090814590454,0.72144574,0.8305236,0.99987125,0.94732845,0,0.78296959400177
TSBD_Healthy_ddf26df6fc,1,0,2,0.73359686,0.013592562,0.060875144,0.03718287,3.2311675e-06,0.007437108,0,0.07103951275348663,0.15361945,0.28602096,0.0253915,0.15484484,0,0.14599090814590454,0.78550535,0.6767962,0.97460526,0.83771807,0,0.78296959400177
TSBD_Healthy_f43e3f4c5b,1,0,2,0.7175205,0.020565666,0.07932326,0.21991591,0.0034572778,0.07669348,0,0.07103951275348663,0.11807758,0.08320145,4.6276462e-05,0.024021247,0,0.14599090814590454,0.8025992,0.6968826,0.9964964,0.89928526,0,0.78296959400177
TSBD_Healthy_b5fbb9ed8e,1,0,2,0.8260088,0.007391028,0.07840909,0.038482722,1.588296e-06,0.0073014307,0,0.07103951275348663,0.10107541,0.1645273,0.0008914965,0.054422792,0,0.14599090814590454,0.82051545,0.79699,0.99910694,0.93827575,0,0.78296959400177
TSBD_Healthy_eb36a09ca4,1,0,2,0.8103395,0.006780686,0.066422105,0.037483383,1.8145254e-06,0.0069757137,0,0.07103951275348663,0.12784666,0.20378388,0.0031748484,0.083678015,0,0.14599090814590454,0.80573124,0.7587328,0.99682343,0.9093462,0,0.78296959400177
TSBD_Healthy_6b4a97bd93,0,0,1,0.19574985,0.21814975,0.07805148,0.040596426,2.0726038e-06,0.012855433,0,0.07103951275348663,0.101817414,0.7201789,0.99679357,0.7045919,0,0.14599090814590454,0.82013106,0.23922472,0.003204313,0.28255272,0,0.78296959400177
TSBD_Healthy_ba33e2e4e1,0,0,1,0.13384388,0.28075272,0.062374245,0.05948038,4.2392116e-06,0.016865812,0,0.07103951275348663,0.15707001,0.8433154,0.9999738,0.9123388,0,0.14599090814590454,0.7805558,0.09720419,2.1972226e-05,0.070795365,0,0.78296959400177
TSBD_Healthy_c2d1e8a97b,0,0,1,0.11074611,0.31125432,0.06508236,0.055951856,3.1064376e-06,0.01675649,0,0.07103951275348663,0.12683716,0.8492999,0.9999776,0.9093131,0,0.14599090814590454,0.80808043,0.09474828,1.933202e-05,0.07393045,0,0.78296959400177
TSBD_Healthy_acaf94d2e8,0,0,1,0.13749628,0.27659577,0.059057936,0.05756712,3.6301408e-06,0.0155589515,0,0.07103951275348663,0.16537593,0.84673,0.99997544,0.9160474,0,0.14599090814590454,0.77556616,0.09570289,2.0956382e-05,0.06839364,0,0.78296959400177
TSBD_Healthy_4c1057862a,0,0,1,0.2743529,0.1598386,0.07372663,0.038711075,3.293852e-06,0.011400695,0,0.07103951275348663,0.10909539,0.63465995,0.9736693,0.5718132,0,0.14599090814590454,0.81717795,0.32662898,0.026327398,0.41678607,0,0.78296959400177
TSBD_Healthy_d28eee88b2,1,0,2,0.6278124,0.03556443,0.07364572,0.03335841,2.6193932e-06,0.0072376826,0,0.07103951275348663,0.10774417,0.31651258,0.05305952,0.16537954,0,0.14599090814590454,0.81861013,0.6501291,0.94693786,0.8273828,0,0.78296959400177
TSBD_Healthy_9f799d79c9,0,0,1,0.15807465,0.25461447,0.058416497,0.050555844,2.3065888e-06,0.013096243,0,0.07103951275348663,0.1675247,0.83060426,0.99993455,0.8947826,0,0.14599090814590454,0.77405876,0.1188399,6.308649e-05,0.092121154,0,0.78296959400177
TSBD_Healthy_0797e50b91,1,0,2,0.435599,0.066142686,0.073927015,0.033605795,4.1386265e-06,0.008014481,0,0.07103951275348663,0.10829728,0.41876215,0.30713585,0.26853704,0,0.14599090814590454,0.8177758,0.54763204,0.69286,0.72344846,0,0.78296959400177
TSBD_Healthy_35d58d516e,1,0,2,0.71802443,0.021429887,0.07348643,0.034107473,1.8430758e-06,0.00689267,0,0.07103951275348663,0.109938204,0.26030272,0.01370298,0.11777541,0,0.14599090814590454,0.8165753,0.7055897,0.98629516,0.87533194,0,0.78296959400177
TSBD_Healthy_3369d16a81,1,0,2,0.8551675,0.0053398414,0.06405146,0.045721523,1.9218596e-06,0.0076686367,0,0.07103951275348663,0.13852672,0.08159751,1.8301569e-05,0.020460837,0,0.14599090814590454,0.7974218,0.87268096,0.99997973,0.97187054,0,0.78296959400177
TSBD_Healthy_f12cfc128f,0,0,1,0.20559533,0.20648758,0.06221312,0.098919734,3.708513e-05,0.027298355,0,0.07103951275348663,0.28893328,0.8326058,0.99995804,0.9376347,0,0.14599090814590454,0.6488536,0.068474464,4.903314e-06,0.03506692,0,0.78296959400177
TSBD_Healthy_8cb3c49027,0,0,1,0.21524064,0.18412367,0.08736702,0.25657406,0.004437425,0.11567397,0,0.07103951275348663,0.3410958,0.69652784,0.99556065,0.862253,0,0.14599090814590454,0.57153714,0.046898067,1.9205181e-06,0.022072982,0,0.78296959400177
TSBD_Healthy_0d4d34f349,0,0,1,0.18216676,0.23149556,0.061527334,0.051262755,2.9336636e-06,0.013728828,0,0.07103951275348663,0.17267592,0.80929434,0.9998437,0.8714292,0,0.14599090814590454,0.7657967,0.13944292,0.00015331336,0.114842,0,0.78296959400177
TSBD_Healthy_aac43b5b94,0,0,1,0.33872724,0.11795521,0.062194202,0.079299405,1.2615598e-05,0.01715822,0,0.07103951275348663,0.45450625,0.8509171,0.99998295,0.9558584,0,0.14599090814590454,0.4832995,0.06978351,4.4732724e-06,0.026983386,0,0.78296959400177
TSBD_Healthy_713f0a2197,0,0,1,0.17624468,0.2345104,0.08493195,0.06205034,1.1553485e-05,0.023733992,0,0.07103951275348663,0.0981027,0.73073924,0.99842024,0.73546606,0,0.14599090814590454,0.81696534,0.2072104,0.0015682216,0.24079998,0,0.78296959400177
TSBD_Healthy_ac26bcc532,0,0,1,0.09039768,0.3404163,0.08299254,0.1043109,4.91837e-05,0.044794813,0,0.07103951275348663,0.10630373,0.8249964,0.99994504,0.90082854,0,0.14599090814590454,0.81070375,0.07069268,5.7637153e-06,0.05437662,0,0.78296959400177
TSBD_Healthy_46f4698e93,1,0,2,0.8751203,0.0036761197,0.08210613,0.053821594,3.329718e-06,0.009965641,0,0.07103951275348663,0.09856133,0.065783426,5.9832923e-06,0.013073736,0,0.14599090814590454,0.8193325,0.88039494,0.9999907,0.97696066,0,0.78296959400177
TSBD_Healthy_ffc31af5e9,1,0,2,0.8629213,0.0032054498,0.07750609,0.048967194,2.9853547e-06,0.009245811,0,0.07103951275348663,0.1236518,0.09337584,4.0704977e-05,0.024548555,0,0.14599090814590454,0.7988422,0.857657,0.99995637,0.9662056,0,0.78296959400177
TSBD_Healthy_ffc39b3360,1,0,2,0.8294572,0.0028326008,0.060523987,0.034452207,1.2205713e-06,0.006039082,0,0.07103951275348663,0.15588878,0.193219,0.0020781837,0.08090597,0,0.14599090814590454,0.78358716,0.7723288,0.9979207,0.91305494,0,0.78296959400177
TSBD_Healthy_13e3dd820d,1,0,2,0.87294745,0.0040093334,0.08140892,0.059318032,5.0101935e-06,0.011269717,0,0.07103951275348663,0.10024731,0.05992302,3.8066285e-06,0.011525868,0,0.14599090814590454,0.81834376,0.88075906,0.9999912,0.97720444,0,0.78296959400177
TSBD_Healthy_0e7dca224f,0,0,1,0.21691673,0.20039918,0.081702486,0.050906144,5.922871e-06,0.017289637,0,0.07103951275348663,0.103843026,0.6931345,0.99503845,0.6754893,0,0.14599090814590454,0.81445456,0.2559594,0.0049556517,0.3072211,0,0.78296959400177
TSBD_Healthy_e30ffbbca2,1,0,2,0.7910566,0.011444766,0.08301133,0.04494389,3.7628974e-06,0.009510292,0,0.07103951275348663,0.097734,0.1936397,0.0023206528,0.070222296,0,0.14599090814590454,0.8192547,0.7614164,0.9976756,0.9202674,0,0.78296959400177
TSBD_Healthy_33ee2c0488,0,0,0,0.13921975,0.26072633,0.07579196,0.6630599,0.9848395,0.6232969,0,0.07103951275348663,0.1641889,0.21017337,0.014126723,0.20844601,0,0.14599090814590454,0.76001906,0.12676683,0.0010336795,0.16825709,0,0.78296959400177
TSBD_Healthy_cf66e36f26,1,0,2,0.875103,0.003778574,0.085156195,0.06281544,6.3282e-06,0.012299746,0,0.07103951275348663,0.09423453,0.056408864,2.7852618e-06,0.010303563,0,0.14599090814590454,0.8206093,0.88077575,0.99999094,0.97739667,0,0.78296959400177
TSBD_Healthy_198c19a2fa,1,1,2,0.8759728,0.0033187424,0.07914107,0.04658727,2.0826792e-06,0.008390173,0,0.07103951275348663,0.10058706,0.077728204,1.4824421e-05,0.01701105,0,0.14599090814590454,0.8202718,0.87568456,0.9999832,0.9745988,1,0.78296959400177
TSBD_Healthy_0f0af1a35d,1,0,2,0.41684234,0.055417225,0.07263609,0.05865883,4.7723584e-05,0.016708195,0,0.07103951275348663,0.14412118,0.44057772,0.44053695,0.32673132,0,0.14599090814590454,0.78324276,0.50076354,0.5594153,0.6565605,0,0.78296959400177
TSBD_Healthy_24a755565d,1,0,2,0.66868323,0.029482555,0.08040355,0.037771035,3.2039404e-06,0.008315363,0,0.07103951275348663,0.10298318,0.28534925,0.024523051,0.13473459,0,0.14599090814590454,0.8166133,0.6768797,0.97547364,0.8569501,0,0.78296959400177
TSBD_Healthy_00488f3c0b,1,1,1,0.8387307,0.006275339,0.094305634,0.07387029,9.072962e-06,0.015086758,0,0.07103951275348663,0.77877706,0.8589479,0.9999871,0.97146,1,0.14599090814590454,0.12691727,0.067181826,3.7664147e-06,0.01345326,0,0.78296959400177
TSBD_Healthy_7f10feedf0,1,1,0,0.83252174,0.011006292,0.8010713,0.8976781,0.9999871,0.9765036,1,0.07103951275348663,0.06643705,0.05028701,5.6869753e-06,0.009976101,0,0.14599090814590454,0.13249171,0.052034903,7.1946074e-06,0.013520287,0,0.78296959400177
TSBD_Healthy_083843a5b2,1,1,0,0.87463117,0.0054849572,0.829208,0.9004469,0.9999883,0.9784562,1,0.07103951275348663,0.0881024,0.05075441,6.1115434e-06,0.011090297,0,0.14599090814590454,0.082689576,0.04879867,5.550366e-06,0.010453453,0,0.78296959400177
TSBD_Healthy_846b819a49,1,1,1,0.5922408,0.046039794,0.05758984,0.057279732,3.4010347e-06,0.010028756,0,0.07103951275348663,0.6122804,0.85201967,0.9999807,0.95903975,1,0.14599090814590454,0.3301297,0.090700604,1.5891537e-05,0.030931484,0,0.78296959400177
TSBD_Healthy_ef882f9638,1,0,2,0.86902744,0.0025387183,0.08430054,0.08298225,2.2518492e-05,0.018089395,0,0.07103951275348663,0.10479706,0.06549669,6.0807083e-06,0.013506534,0,0.14599090814590454,0.81090236,0.851521,0.9999714,0.96840405,0,0.78296959400177
TSBD_Healthy_f510479194,0,0,1,0.16473351,0.24728827,0.07358177,0.050302666,2.906199e-06,0.015297559,0,0.07103951275348663,0.1370898,0.79636955,0.9997514,0.84392416,0,0.14599090814590454,0.7893284,0.1533278,0.000245738,0.14077829,0,0.78296959400177
TSBD_Healthy_78ac2c01e9,0,0,1,0.25837404,0.17239371,0.056560945,0.06441706,7.5404832e-06,0.015658863,0,0.07103951275348663,0.27663973,0.8131755,0.9999074,0.9038451,0,0.14599090814590454,0.66679937,0.12240744,8.512754e-05,0.08049611,0,0.78296959400177
TSBD_Healthy_aa968b53a4,1,0,2,0.8537252,0.005361229,0.07971127,0.09149557,3.5475245e-05,0.020283334,0,0.07103951275348663,0.10976275,0.053888753,2.6591947e-06,0.010648195,0,0.14599090814590454,0.81052595,0.8546156,0.99996185,0.9690685,0,0.78296959400177
TSBD_Healthy_d6be26c310,1,0,2,0.8360529,0.004193889,0.06700062,0.037174292,1.5058386e-06,0.0067292885,0,0.07103951275348663,0.12584162,0.1744231,0.0013272623,0.06530226,0,0.14599090814590454,0.80715775,0.78840256,0.9986712,0.92796844,0,0.78296959400177
TSBD_Healthy_8d0baa1858,0,0,1,0.22274233,0.19545087,0.07850961,0.07026918,2.5352008e-05,0.026042338,0,0.07103951275348663,0.106848136,0.6799689,0.994528,0.6680708,0,0.14599090814590454,0.8146423,0.24976195,0.0054466,0.30588686,0,0.78296959400177
TSBD_Healthy_9a86700e7b,1,0,2,0.7654543,0.012135142,0.0681497,0.04379174,5.1307125e-06,0.009253132,0,0.07103951275348663,0.12491928,0.24129425,0.008998373,0.10982817,0,0.14599090814590454,0.80693096,0.714914,0.9909965,0.8809187,0,0.78296959400177
TSBD_Healthy_8de20870d1,1,0,2,0.8709315,0.004424397,0.07658191,0.058129426,4.503077e-06,0.010698344,0,0.07103951275348663,0.10526738,0.059701025,3.7298687e-06,0.01165536,0,0.14599090814590454,0.81815076,0.8821696,0.9999918,0.9776463,0,0.78296959400177
TSBD_Healthy_2125dc16c6,1,0,2,0.8548893,0.001389259,0.06078461,0.04686595,3.0431788e-06,0.0084127365,0,0.07103951275348663,0.1581862,0.13044663,0.00023989005,0.04463899,0,0.14599090814590454,0.78102916,0.82268745,0.999757,0.9469483,0,0.78296959400177
TSBD_Healthy_f1a3293d1d,1,0,2,0.8427068,0.007037909,0.061868455,0.046342276,1.9851732e-06,0.0076970444,0,0.07103951275348663,0.14966978,0.07990704,1.6839314e-05,0.020548746,0,0.14599090814590454,0.78846174,0.8737506,0.99998116,0.9717542,0,0.78296959400177
TSBD_Healthy_db02ad0e48,1,0,2,0.798402,0.006609887,0.061452255,0.03437551,1.5308298e-06,0.006288188,0,0.07103951275348663,0.14755034,0.2267987,0.0060575213,0.104680546,0,0.14599090814590454,0.79099745,0.7388258,0.99394095,0.88903123,0,0.78296959400177
TSBD_Healthy_6e62793bdf,1,0,2,0.87069714,0.004470922,0.07335751,0.055578083,3.7940317e-06,0.009977751,0,0.07103951275348663,0.10868489,0.06193523,4.6234677e-06,0.012506195,0,0.14599090814590454,0.8179576,0.8824867,0.99999154,0.97751606,0,0.78296959400177
TSBD_Healthy_097e8db62c,1,0,2,0.8671347,0.004630938,0.07120372,0.053036805,3.1401346e-06,0.0093310885,0,0.07103951275348663,0.115886845,0.067038395,6.6414805e-06,0.014282939,0,0.14599090814590454,0.8129095,0.8799248,0.9999902,0.97638595,0,0.78296959400177
TSBD_Healthy_9a88507804,1,0,2,0.8170077,0.011413762,0.0607081,0.05422572,3.5132528e-06,0.009237391,0,0.07103951275348663,0.1597618,0.06677468,6.6883927e-06,0.016189523,0,0.14599090814590454,0.7795301,0.87899953,0.99998987,0.9745731,0,0.78296959400177
TSBD_Healthy_d3268932b8,1,0,2,0.7801556,0.0012664679,0.05311151,0.034114607,1.7368976e-06,0.006172561,0,0.07103951275348663,0.26016837,0.24897747,0.0107596805,0.15095313,0,0.14599090814590454,0.6867201,0.7169079,0.9892385,0.8428743,0,0.78296959400177
TSBD_Healthy_7ef69613b9,1,0,2,0.83722085,0.006258009,0.08305578,0.040483434,1.8698927e-06,0.007881795,0,0.07103951275348663,0.09779892,0.14719428,0.00048819507,0.04540398,0,0.14599090814590454,0.81914526,0.8123223,0.99950993,0.9467143,0,0.78296959400177
TSBD_Healthy_ddc759b323,1,0,2,0.7603158,0.008975107,0.059298787,0.036136776,2.5240188e-06,0.006946977,0,0.07103951275348663,0.1662581,0.27163935,0.018921277,0.14712784,0,0.14599090814590454,0.7744431,0.6922239,0.9810761,0.8459252,0,0.78296959400177
TSBD_Healthy_cb4b1d8b67,1,0,2,0.47681448,0.035919756,0.057984084,0.040672563,1.0442294e-05,0.009388837,0,0.07103951275348663,0.19305538,0.43989092,0.42844278,0.34944686,0,0.14599090814590454,0.7489605,0.51943654,0.5715468,0.64116424,0,0.78296959400177
TSBD_Healthy_886fdcfd30,1,1,0,0.8144278,0.01360302,0.78851247,0.89930904,0.9999875,0.97624886,1,0.07103951275348663,0.07302615,0.05055106,6.163308e-06,0.010550628,0,0.14599090814590454,0.13846146,0.05013991,6.2823997e-06,0.0132005615,0,0.78296959400177
TSBD_Healthy_784f1bc940,1,0,2,0.8743358,0.0038402937,0.0793781,0.05689309,4.1575913e-06,0.01055634,0,0.07103951275348663,0.101255484,0.062226772,4.5796314e-06,0.012201843,0,0.14599090814590454,0.81936634,0.8808801,0.9999913,0.9772418,0,0.78296959400177
TSBD_Healthy_ba996de886,1,0,2,0.8511361,0.0037821843,0.074176386,0.03913488,1.5131217e-06,0.007152858,0,0.07103951275348663,0.111501426,0.14384538,0.0004131927,0.045508213,0,0.14599090814590454,0.8143222,0.8170198,0.9995852,0.94733894,0,0.78296959400177
TSBD_Healthy_619dcca295,1,0,2,0.4257555,0.058295693,0.06719501,0.040645283,9.953785e-06,0.01003684,0,0.07103951275348663,0.13254443,0.43412533,0.41080678,0.30964044,0,0.14599090814590454,0.80026054,0.5252294,0.5891833,0.6803227,0,0.78296959400177
TSBD_Healthy_e5fac835da,0,0,1,0.3835662,0.07406551,0.06266856,0.033397768,4.0061927e-06,0.0077824355,0,0.07103951275348663,0.13712578,0.48567197,0.6387063,0.37483066,0,0.14599090814590454,0.8002056,0.4809303,0.36128962,0.6173869,0,0.78296959400177
TSBD_Healthy_7b8508b66d,0,0,1,0.27174225,0.16335827,0.07182617,0.070688054,2.5455976e-05,0.023772143,0,0.07103951275348663,0.1474153,0.6775214,0.995276,0.70064783,0,0.14599090814590454,0.78075856,0.25179055,0.0046985717,0.27558,0,0.78296959400177
TSBD_Healthy_1bf9b6920f,1,0,2,0.8667307,0.0006564965,0.08756415,0.104818486,9.194548e-05,0.027102837,0,0.07103951275348663,0.09852531,0.08453782,2.7792905e-05,0.020183614,0,0.14599090814590454,0.81391054,0.81064373,0.9998803,0.9527136,0,0.78296959400177
TSBD_Healthy_c2dd44b1c5,1,0,2,0.86340153,0.0015029999,0.06902292,0.044755895,2.3492214e-06,0.008138745,0,0.07103951275348663,0.13200182,0.124942854,0.00017198603,0.038252875,0,0.14599090814590454,0.7989753,0.8303012,0.99982566,0.9536084,0,0.78296959400177
TSBD_Healthy_6941b60386,0,0,1,0.2611836,0.17130746,0.06768052,0.04321466,3.2768796e-06,0.012295128,0,0.07103951275348663,0.14432985,0.69939184,0.9943845,0.70041335,0,0.14599090814590454,0.7879896,0.2573935,0.005612237,0.28729156,0,0.78296959400177
TSBD_Healthy_905510a905,1,0,2,0.87303936,0.002638068,0.07366726,0.04383913,1.6821069e-06,0.007658599,0,0.07103951275348663,0.11226492,0.094428115,3.9178605e-05,0.023528036,0,0.14599090814590454,0.8140679,0.8617327,0.9999591,0.9688134,0,0.78296959400177
TSBD_Healthy_9731a208b9,1,0,2,0.78991896,0.010711651,0.072412476,0.037390236,1.9756226e-06,0.007298257,0,0.07103951275348663,0.1134687,0.20968778,0.0037898545,0.0841476,0,0.14599090814590454,0.81411886,0.752922,0.9962081,0.90855414,0,0.78296959400177
TSBD_Healthy_0dca3c0bc2,1,1,1,0.666199,0.032531418,0.08668385,0.076949134,1.0520281e-05,0.016186997,0,0.07103951275348663,0.6644925,0.8528895,0.999985,0.9648567,1,0.14599090814590454,0.24882364,0.07016139,4.505907e-06,0.0189563,0,0.78296959400177
TSBD_Healthy_12ac808983,1,0,2,0.69857436,0.007487178,0.090279825,0.12110427,0.0007517739,0.043498218,0,0.07103951275348663,0.20371437,0.28936115,0.047869958,0.19642365,0,0.14599090814590454,0.7060058,0.5895346,0.9513782,0.76007813,0,0.78296959400177
TSBD_Healthy_511fba2ceb,0,0,1,0.12072682,0.29725853,0.06671835,0.058629066,3.9243987e-06,0.017670203,0,0.07103951275348663,0.1348952,0.8417166,0.9999696,0.90400565,0,0.14599090814590454,0.7983865,0.09965435,2.64385e-05,0.07832413,0,0.78296959400177
TSBD_Healthy_549679688a,1,0,2,0.8741111,0.0040692817,0.079709575,0.059414364,4.9667474e-06,0.011160526,0,0.07103951275348663,0.09943379,0.05794982,3.2593516e-06,0.010960418,0,0.14599090814590454,0.82085663,0.88263583,0.9999918,0.97787905,0,0.78296959400177
TSBD_Healthy_708f7d8e32,1,0,2,0.87500477,0.004002518,0.07959055,0.058273274,4.5342176e-06,0.0108531695,0,0.07103951275348663,0.098757945,0.058417954,3.374516e-06,0.011045403,0,0.14599090814590454,0.82165146,0.8833087,0.99999213,0.97810143,0,0.78296959400177
TSBD_Healthy_30a7ad7ba3,1,0,2,0.8750991,0.0035321885,0.07505069,0.04972098,2.6210832e-06,0.008883402,0,0.07103951275348663,0.10639021,0.07164661,9.638101e-06,0.015350343,0,0.14599090814590454,0.81855905,0.8786324,0.9999877,0.9757662,0,0.78296959400177
TSBD_Healthy_dad4aa07c4,1,0,2,0.87277526,0.0042513516,0.077873774,0.058399495,4.601726e-06,0.010821313,0,0.07103951275348663,0.102234684,0.05876239,3.4979646e-06,0.011299053,0,0.14599090814590454,0.8198916,0.88283813,0.9999919,0.9778796,0,0.78296959400177
TSBD_Healthy_8eff6e388b,1,0,2,0.85617954,0.001825026,0.06284401,0.037016686,1.2709269e-06,0.006373504,0,0.07103951275348663,0.13766462,0.14839329,0.00047389665,0.051196907,0,0.14599090814590454,0.79949147,0.81459004,0.99952483,0.94242954,0,0.78296959400177
TSBD_Healthy_fec7f36a5c,0,0,1,0.40698537,0.09356003,0.05894093,0.04245871,5.2957494e-06,0.010566606,0,0.07103951275348663,0.19588692,0.6100924,0.9632439,0.60158396,0,0.14599090814590454,0.74517214,0.34744892,0.036750756,0.38784936,0,0.78296959400177
TSBD_Healthy_1cf19a1878,1,0,2,0.86468256,0.005346846,0.07342344,0.05962691,4.9669134e-06,0.010887107,0,0.07103951275348663,0.11138666,0.057787385,3.1621735e-06,0.011347957,0,0.14599090814590454,0.81518996,0.8825857,0.9999918,0.9777649,0,0.78296959400177
TSBD_Healthy_0fbc0f2310,1,0,2,0.8728506,0.0041223476,0.08038498,0.060961775,5.4931847e-06,0.01156554,0,0.07103951275348663,0.10019929,0.057734795,3.093676e-06,0.010868219,0,0.14599090814590454,0.81941575,0.8813035,0.9999914,0.97756624,0,0.78296959400177
TSBD_Healthy_24a6f36a78,1,0,2,0.8519894,0.0032149535,0.06944982,0.0378146,1.2593531e-06,0.0066365157,0,0.07103951275348663,0.119006604,0.14911398,0.00048983475,0.048969097,0,0.14599090814590454,0.8115435,0.8130715,0.99950886,0.94439435,0,0.78296959400177
TSBD_Healthy_7bca399e6d,1,0,2,0.82370794,0.005579021,0.06973803,0.04074989,2.424635e-06,0.007839931,0,0.07103951275348663,0.120996766,0.18584357,0.0016545848,0.069412336,0,0.14599090814590454,0.80926526,0.77340657,0.998343,0.92274773,0,0.78296959400177
TSBD_Healthy_06733b9af0,1,0,2,0.8694747,0.004544505,0.07126399,0.05377868,3.3425738e-06,0.0094953915,0,0.07103951275348663,0.112403795,0.06439955,5.3834133e-06,0.013286171,0,0.14599090814590454,0.81633216,0.88182175,0.9999913,0.9772184,0,0.78296959400177
TSBD_Healthy_2e5b036845,0,0,1,0.5104673,0.04430184,0.052036554,0.036631078,4.7229e-06,0.007956791,0,0.07103951275348663,0.25614703,0.5449479,0.85577345,0.52754396,0,0.14599090814590454,0.69181645,0.418421,0.14422189,0.46449924,0,0.78296959400177
TSBD_Healthy_363f51fde7,0,0,1,0.3567517,0.11431053,0.05661812,0.06112357,5.3048175e-06,0.012761044,0,0.07103951275348663,0.40407902,0.8282766,0.99995065,0.93124026,0,0.14599090814590454,0.5393029,0.11059984,4.4016564e-05,0.055998705,0,0.78296959400177
TSBD_Healthy_c6ac85b839,1,0,2,0.8072597,0.0021661678,0.056673042,0.03471654,1.6718129e-06,0.0062912935,0,0.07103951275348663,0.19248918,0.2291537,0.00607138,0.116261594,0,0.14599090814590454,0.75083774,0.73612976,0.99392694,0.8774471,0,0.78296959400177
TSBD_Healthy_ddbacc20a2,1,0,2,0.87458605,0.0038013011,0.07649126,0.051213328,2.8006307e-06,0.009178871,0,0.07103951275348663,0.10434735,0.06761578,7.2313537e-06,0.014017987,0,0.14599090814590454,0.8191614,0.8811709,0.99999,0.97680306,0,0.78296959400177
TSBD_Healthy_8643328d51,1,0,2,0.84149075,0.0081281755,0.062784664,0.05207766,3.0496908e-06,0.008858933,0,0.07103951275348663,0.14141645,0.06697617,6.8264153e-06,0.015486948,0,0.14599090814590454,0.7957989,0.88094616,0.9999901,0.9756541,0,0.78296959400177
TSBD_Healthy_006fc27c69,1,0,2,0.87510216,0.0038466165,0.081622496,0.058561876,4.754718e-06,0.011085346,0,0.07103951275348663,0.09771641,0.05952173,3.6991587e-06,0.011310385,0,0.14599090814590454,0.8206612,0.8819163,0.99999154,0.9776043,0,0.78296959400177
TSBD_Healthy_33406626c7,1,0,2,0.63927054,0.028519392,0.06505604,0.04019337,6.543962e-06,0.008965528,0,0.07103951275348663,0.13493098,0.33354652,0.07759489,0.19580044,0,0.14599090814590454,0.80001295,0.62626016,0.92239845,0.79523396,0,0.78296959400177
TSBD_Healthy_b06da16348,1,0,2,0.8728692,0.004168774,0.08073636,0.061535835,5.793045e-06,0.011752367,0,0.07103951275348663,0.09943099,0.056733873,2.9329685e-06,0.010636173,0,0.14599090814590454,0.8198326,0.88173026,0.9999912,0.9776115,0,0.78296959400177
TSBD_Healthy_06f251fee4,1,0,2,0.86891735,0.004588484,0.078552544,0.06439154,6.8503914e-06,0.012305052,0,0.07103951275348663,0.103982724,0.05592679,2.6332775e-06,0.01052267,0,0.14599090814590454,0.81746465,0.87968165,0.9999906,0.9771723,0,0.78296959400177
TSBD_Healthy_4ac4f94767,1,0,2,0.8747789,0.0037776027,0.08866079,0.065549836,7.3739893e-06,0.013115513,0,0.07103951275348663,0.091172256,0.05419505,2.2656145e-06,0.009601794,0,0.14599090814590454,0.820167,0.88025516,0.99999034,0.9772827,0,0.78296959400177
TSBD_Healthy_e7cd92f08f,1,0,2,0.8733245,0.00421016,0.07880478,0.060543194,5.3333624e-06,0.011371979,0,0.07103951275348663,0.10027602,0.056785095,2.9174316e-06,0.01065461,0,0.14599090814590454,0.8209192,0.88267165,0.9999918,0.97797334,0,0.78296959400177
TSBD_Healthy_1597a65755,1,0,2,0.8720098,0.004289832,0.07581003,0.056460887,4.0880605e-06,0.010315364,0,0.07103951275348663,0.10543646,0.06111861,4.2928104e-06,0.012116121,0,0.14599090814590454,0.81875354,0.8824204,0.99999166,0.9775685,0,0.78296959400177
TSBD_Healthy_a8ea0e137d,1,0,2,0.86769027,0.004599192,0.07478174,0.056341067,4.116722e-06,0.010294439,0,0.07103951275348663,0.11137731,0.063610084,5.253239e-06,0.01312332,0,0.14599090814590454,0.81384087,0.8800489,0.9999906,0.9765822,0,0.78296959400177
TSBD_Healthy_fafc24f635,1,0,2,0.8742891,0.0039691096,0.07936181,0.057585586,4.42241e-06,0.010738309,0,0.07103951275348663,0.10045274,0.060285565,4.00678e-06,0.011671875,0,0.14599090814590454,0.8201854,0.8821289,0.99999154,0.97758985,0,0.78296959400177
TSBD_Healthy_7c877797f5,1,0,2,0.8725834,0.004201754,0.08055739,0.060184903,5.1949305e-06,0.011377895,0,0.07103951275348663,0.10017467,0.05776252,3.1556208e-06,0.0109109515,0,0.14599090814590454,0.8192679,0.8820526,0.99999166,0.97771114,0,0.78296959400177
TSBD_Healthy_d249c82c7a,1,0,2,0.8752345,0.003883562,0.08318424,0.06119268,5.6995145e-06,0.0117988,0,0.07103951275348663,0.095416136,0.056632478,2.890887e-06,0.010437448,0,0.14599090814590454,0.82139957,0.8821748,0.9999914,0.9777637,0,0.78296959400177
TSBD_Healthy_1dafd9bcec,1,0,2,0.8612888,0.005645659,0.06770112,0.053271975,3.271058e-06,0.009264282,0,0.07103951275348663,0.12156715,0.06443947,5.5845226e-06,0.013786131,0,0.14599090814590454,0.81073165,0.88228863,0.9999912,0.9769496,0,0.78296959400177
TSBD_Healthy_727f8ba7d1,1,0,2,0.8701443,0.004397779,0.07383109,0.055504844,3.841701e-06,0.01002788,0,0.07103951275348663,0.10967614,0.06339748,5.071205e-06,0.012926041,0,0.14599090814590454,0.8164928,0.88109773,0.99999106,0.9770461,0,0.78296959400177
TSBD_Healthy_578fae46e9,1,0,2,0.72558874,0.017513748,0.06558675,0.03485625,2.4124697e-06,0.00701916,0,0.07103951275348663,0.13189678,0.27580404,0.019815419,0.13792205,0,0.14599090814590454,0.8025165,0.6893397,0.98018205,0.8550588,0,0.78296959400177
TSBD_Healthy_d1980c5cf7,1,0,2,0.8738624,0.0040797945,0.076479845,0.055305544,3.7052152e-06,0.010045988,0,0.07103951275348663,0.10341722,0.061815932,4.404246e-06,0.012151207,0,0.14599090814590454,0.820103,0.8828785,0.9999919,0.9778028,0,0.78296959400177
TSBD_Healthy_5f95d3f8a2,1,0,2,0.87320817,0.0038733683,0.092383906,0.064633146,6.9354132e-06,0.013073859,0,0.07103951275348663,0.089980796,0.05545019,2.5143736e-06,0.009870073,0,0.14599090814590454,0.81763524,0.87991667,0.9999906,0.977056,0,0.78296959400177
TSBD_Healthy_ef7cbd4127,1,0,2,0.84369266,0.00776973,0.064359106,0.05347834,3.310011e-06,0.00919155,0,0.07103951275348663,0.13856208,0.066399835,6.465007e-06,0.015149341,0,0.14599090814590454,0.7970789,0.8801219,0.9999902,0.9756592,0,0.78296959400177
TSBD_Healthy_63b700da46,1,0,2,0.8536631,0.0064330483,0.06718283,0.05137285,2.7334029e-06,0.008796504,0,0.07103951275348663,0.12981284,0.067532465,6.8829368e-06,0.015069389,0,0.14599090814590454,0.8030044,0.88109463,0.99999034,0.9761341,0,0.78296959400177
TSBD_Healthy_076f98de26,1,0,2,0.8731903,0.0042125043,0.078656785,0.060779043,5.4793627e-06,0.011447088,0,0.07103951275348663,0.10053522,0.056795232,2.9095238e-06,0.010660272,0,0.14599090814590454,0.82080793,0.8824257,0.99999166,0.97789264,0,0.78296959400177
TSBD_Healthy_e3f6aa3d79,1,0,2,0.8742828,0.0040179314,0.08153448,0.06172242,5.832244e-06,0.011818884,0,0.07103951275348663,0.097388856,0.05626428,2.7880137e-06,0.010408366,0,0.14599090814590454,0.82107663,0.8820132,0.9999914,0.9777727,0,0.78296959400177
TSBD_Healthy_da00d5de9a,1,0,2,0.8742455,0.004009694,0.08180211,0.061956562,5.835243e-06,0.011854995,0,0.07103951275348663,0.097219884,0.05618212,2.7851809e-06,0.010394101,0,0.14599090814590454,0.820978,0.8818613,0.9999914,0.9777509,0,0.78296959400177
TSBD_Healthy_1fc6860580,1,0,2,0.8710682,0.004472198,0.07608607,0.059345193,4.9570085e-06,0.010978707,0,0.07103951275348663,0.10479533,0.058269355,3.310773e-06,0.011235195,0,0.14599090814590454,0.81911856,0.88238543,0.99999166,0.9777861,0,0.78296959400177
TSBD_Healthy_93437b01b9,1,0,2,0.8735639,0.004094567,0.07996978,0.059132278,4.9429173e-06,0.011142405,0,0.07103951275348663,0.10000431,0.05855,3.4346513e-06,0.011153409,0,0.14599090814590454,0.82002586,0.8823178,0.99999166,0.97770417,0,0.78296959400177
TSBD_Healthy_d7b2fef984,1,0,2,0.87547,0.0038192272,0.07809092,0.053727977,3.3243964e-06,0.009771646,0,0.07103951275348663,0.101149306,0.06383271,5.1862016e-06,0.012635757,0,0.14599090814590454,0.8207598,0.88243926,0.9999914,0.9775926,0,0.78296959400177
TSBD_Healthy_6499b6d7a1,0,0,1,0.5670704,0.027730513,0.05196124,0.037153337,4.3751065e-06,0.0078730015,0,0.07103951275348663,0.33895737,0.5721575,0.9111382,0.60159653,0,0.14599090814590454,0.60908145,0.39068913,0.088857375,0.39053047,0,0.78296959400177
TSBD_Healthy_b2c3637e41,1,0,2,0.8703216,0.0032093208,0.072935395,0.049743533,2.9858154e-06,0.009070978,0,0.07103951275348663,0.11749863,0.08195058,1.9803578e-05,0.019590264,0,0.14599090814590454,0.809566,0.86830586,0.99997723,0.97133875,0,0.78296959400177
TSBD_Healthy_ca0105e4b8,1,1,2,0.87567616,0.0037137298,0.08587633,0.06145936,5.854175e-06,0.012023567,0,0.07103951275348663,0.09331839,0.05738773,3.0978142e-06,0.010567882,0,0.14599090814590454,0.8208053,0.881153,0.99999106,0.9774085,1,0.78296959400177
TSBD_Healthy_efb3b53d28,0,0,2,0.41254196,0.07079287,0.071275644,0.22918071,0.008715998,0.10161865,0,0.07103951275348663,0.4733402,0.15338935,0.001495796,0.11566272,0,0.14599090814590454,0.45538417,0.6174299,0.9897883,0.7827186,0,0.78296959400177
TSBD_Healthy_b6298539e0,1,1,2,0.8759479,0.003716888,0.08366233,0.058678873,4.8783554e-06,0.0112471245,0,0.07103951275348663,0.095264174,0.05958014,3.7492714e-06,0.011243333,0,0.14599090814590454,0.8210735,0.881741,0.9999914,0.9775095,1,0.78296959400177
TSBD_Healthy_32b15941da,0,0,1,0.25051656,0.17960405,0.05929448,0.043186087,2.0278203e-06,0.010813584,0,0.07103951275348663,0.18226087,0.7536124,0.9987533,0.79791176,0,0.14599090814590454,0.7584447,0.2032015,0.0012447003,0.19127461,0,0.78296959400177
TSBD_Healthy_0d4ffdc7b0,0,0,1,0.36935487,0.11418916,0.054210883,0.039250083,1.803665e-06,0.008647352,0,0.07103951275348663,0.25686094,0.72018445,0.9966629,0.7770467,0,0.14599090814590454,0.6889282,0.24056552,0.0033352203,0.21430597,0,0.78296959400177
TSBD_Healthy_b36f28e306,1,0,2,0.8742243,0.0034649651,0.09003916,0.068174265,8.838304e-06,0.01394381,0,0.07103951275348663,0.09219858,0.0561509,2.7050326e-06,0.010167776,0,0.14599090814590454,0.8177623,0.8756748,0.99998844,0.97588843,0,0.78296959400177
TSBD_Healthy_68a56d28bf,1,0,2,0.8499573,0.006970197,0.06743137,0.053066194,3.1049299e-06,0.009176542,0,0.07103951275348663,0.13150175,0.06574527,6.0092043e-06,0.014568915,0,0.14599090814590454,0.8010668,0.8811885,0.99999094,0.9762545,0,0.78296959400177
TSBD_Healthy_b7798ab5f8,1,0,2,0.8713641,0.0038987435,0.07118557,0.04896859,2.4586147e-06,0.008563015,0,0.07103951275348663,0.11414184,0.07304912,1.0678279e-05,0.016222628,0,0.14599090814590454,0.8146726,0.87798226,0.99998677,0.97521436,0,0.78296959400177
TSBD_Healthy_2a0f79d223,1,0,2,0.87000805,0.0034258245,0.07191847,0.047312792,2.309828e-06,0.008377547,0,0.07103951275348663,0.11793271,0.08218294,1.9864385e-05,0.01963836,0,0.14599090814590454,0.8101488,0.8705043,0.9999778,0.9719841,0,0.78296959400177
TSBD_Healthy_8fc6471a64,1,0,2,0.8639146,0.00532376,0.07471559,0.06328038,6.5269037e-06,0.011891418,0,0.07103951275348663,0.11049902,0.056451865,2.8077834e-06,0.010942854,0,0.14599090814590454,0.81478536,0.8802678,0.9999906,0.9771657,0,0.78296959400177
TSBD_Healthy_78bf1afa4b,1,0,2,0.85119545,0.001135618,0.062291667,0.04273647,2.3218795e-06,0.0077034617,0,0.07103951275348663,0.15789542,0.14786278,0.00046353173,0.05378855,0,0.14599090814590454,0.779813,0.80940074,0.99953425,0.938508,0,0.78296959400177
TSBD_Healthy_d63c012f3e,1,0,2,0.87343425,0.0038473923,0.08514456,0.060769696,5.491412e-06,0.0117924465,0,0.07103951275348663,0.09688109,0.05945271,3.6252982e-06,0.011243008,0,0.14599090814590454,0.8179743,0.8797776,0.99999094,0.97696453,0,0.78296959400177
TSBD_Healthy_05ab09d318,1,0,2,0.8747348,0.0039458824,0.081960045,0.06193876,5.84732e-06,0.0118652135,0,0.07103951275348663,0.09670345,0.056230325,2.7419587e-06,0.010345323,0,0.14599090814590454,0.8213365,0.88183093,0.9999914,0.97778946,0,0.78296959400177
TSBD_Healthy_18405215f8,1,0,2,0.87546194,0.0038384441,0.085873276,0.06223882,5.9468775e-06,0.012126391,0,0.07103951275348663,0.09278239,0.055635393,2.5925137e-06,0.010033702,0,0.14599090814590454,0.8213443,0.8821258,0.9999914,0.9778399,0,0.78296959400177
TSBD_Healthy_fe721e6a35,1,0,2,0.8743251,0.0039174706,0.084390536,0.062803306,6.2372665e-06,0.01222489,0,0.07103951275348663,0.095291026,0.05601189,2.7140477e-06,0.010258148,0,0.14599090814590454,0.8203184,0.8811848,0.99999106,0.97751695,0,0.78296959400177
TSBD_Healthy_8a0b6768d9,0,0,1,0.41118017,0.07988056,0.059474703,0.035172258,4.140641e-06,0.008316931,0,0.07103951275348663,0.16063501,0.5336469,0.8253585,0.4596002,0,0.14599090814590454,0.77989036,0.4311809,0.17463735,0.53208286,0,0.78296959400177
TSBD_Healthy_fdb9e6ae23,1,0,2,0.8744871,0.0040395204,0.07798842,0.056509614,4.0340005e-06,0.010385038,0,0.07103951275348663,0.10110854,0.06029134,3.9335246e-06,0.011650436,0,0.14599090814590454,0.82090306,0.8831991,0.999992,0.9779645,0,0.78296959400177
TSBD_Healthy_4c66cb7f58,0,0,1,0.40086606,0.09223277,0.05777756,0.03626383,3.77431e-06,0.00872571,0,0.07103951275348663,0.16888048,0.5749623,0.9164536,0.5259776,0,0.14599090814590454,0.77334195,0.38877383,0.083542645,0.46529672,0,0.78296959400177
TSBD_Healthy_f5058ddf56,0,0,1,0.16202986,0.25048313,0.061067224,0.050849058,2.4125486e-06,0.013403052,0,0.07103951275348663,0.16824846,0.8272001,0.9999237,0.8909419,0,0.14599090814590454,0.7706843,0.12195084,7.3849515e-05,0.095655024,0,0.78296959400177
TSBD_Healthy_69e2554f5f,0,0,1,0.2895434,0.15174714,0.067145415,0.036280025,2.25778e-06,0.009799192,0,0.07103951275348663,0.12213755,0.63809973,0.97598267,0.5883464,0,0.14599090814590454,0.810717,0.32562023,0.024015045,0.40185437,0,0.78296959400177
TSBD_Healthy_d4f8817d0f,1,0,2,0.86903155,0.0045997174,0.07240684,0.05319287,3.1767138e-06,0.009406793,0,0.07103951275348663,0.1119446,0.06462166,5.4428215e-06,0.013319111,0,0.14599090814590454,0.81564856,0.8821856,0.9999913,0.97727406,0,0.78296959400177
TSBD_Healthy_75d585858d,1,1,2,0.8757155,0.003708114,0.07738249,0.05205275,2.9269147e-06,0.009362702,0,0.07103951275348663,0.10216601,0.0663941,6.3888065e-06,0.013458423,0,0.14599090814590454,0.8204515,0.8815532,0.9999906,0.97717893,1,0.78296959400177
TSBD_Healthy_cb3a9d790a,0,0,1,0.38424152,0.09401828,0.062188752,0.036398552,4.5279085e-06,0.009054987,0,0.07103951275348663,0.14303736,0.54514456,0.8584006,0.4655827,0,0.14599090814590454,0.7947739,0.41845685,0.14159493,0.5253623,0,0.78296959400177
TSBD_Healthy_2c254df731,1,0,2,0.87054175,0.0041999975,0.08393588,0.06421121,6.7843675e-06,0.0125598265,0,0.07103951275348663,0.09966956,0.056859963,2.8422078e-06,0.010611239,0,0.14599090814590454,0.8163945,0.8789288,0.99999034,0.97682893,0,0.78296959400177
TSBD_Healthy_4e4bdff12a,1,0,2,0.8413483,0.0030863127,0.05925002,0.036276285,9.818021e-07,0.0059394417,0,0.07103951275348663,0.17429201,0.13697852,0.00028743033,0.049058784,0,0.14599090814590454,0.766458,0.82674515,0.9997116,0.94500184,0,0.78296959400177
TSBD_WSSV_ffd2411af1,1,0,2,0.86213267,0.0054548513,0.072347745,0.060474876,5.5177893e-06,0.011149944,0,0.07103951275348663,0.115396455,0.05966488,3.7589105e-06,0.012085513,0,0.14599090814590454,0.81225586,0.8798603,0.9999907,0.97676456,0,0.78296959400177
TSBD_WSSV_c6b9dfd6bd,1,0,2,0.8728907,0.0040054796,0.0834437,0.06287407,6.357537e-06,0.012240235,0,0.07103951275348663,0.09784389,0.05700286,2.9027783e-06,0.010586078,0,0.14599090814590454,0.8187125,0.8801231,0.9999908,0.97717375,0,0.78296959400177
TSBD_WSSV_258e8224d8,1,1,2,0.87636995,0.003642771,0.08276282,0.057331193,4.43783e-06,0.01088004,0,0.07103951275348663,0.09599377,0.061143164,4.1903604e-06,0.011661915,0,0.14599090814590454,0.8212434,0.8815257,0.9999914,0.97745806,1,0.78296959400177
TSBD_WSSV_7759b4323e,0,0,1,0.109462775,0.31183472,0.06680161,0.07921514,1.4422996e-05,0.026579361,0,0.07103951275348663,0.13505933,0.8400273,0.99997604,0.91455126,0,0.14599090814590454,0.79813904,0.08075759,9.586891e-06,0.058869466,0,0.78296959400177
TSBD_WSSV_20ac0fab2b,0,0,1,0.14140254,0.26477715,0.15620513,0.10464016,9.5645686e-05,0.06293407,0,0.07103951275348663,0.07833564,0.7370699,0.99946123,0.75737864,0,0.14599090814590454,0.76545924,0.15828992,0.0004430753,0.17968729,0,0.78296959400177
TSBD_WSSV_73ccea8db5,0,0,1,0.3301209,0.117532134,0.08274538,0.058863282,4.3323416e-05,0.020504171,0,0.07103951275348663,0.10326642,0.5389333,0.8604723,0.43439156,0,0.14599090814590454,0.81398815,0.40220344,0.13948432,0.54510427,0,0.78296959400177
TSBD_WSSV_2ca61b4065,1,1,1,0.82272154,0.0077623855,0.10981996,0.08226679,1.4680215e-05,0.018529003,0,0.07103951275348663,0.76189524,0.85367835,0.99998224,0.9686357,1,0.14599090814590454,0.12828478,0.06405484,3.132611e-06,0.012835334,0,0.78296959400177
TSBD_WSSV_0168d43459,0,0,0,0.069790065,0.3799953,0.097365975,0.8781552,0.9999504,0.91416025,0,0.07103951275348663,0.12919132,0.077248715,4.6155707e-05,0.04589918,0,0.14599090814590454,0.7734427,0.04459616,3.459552e-06,0.03994062,0,0.78296959400177
TSBD_WSSV_a270f6228b,0,0,0,0.12954421,0.2603671,0.20366175,0.87924707,0.9999243,0.92265636,0,0.07103951275348663,0.34479868,0.08445833,7.428524e-05,0.057729255,0,0.14599090814590454,0.45153955,0.036294572,1.403193e-06,0.019614356,0,0.78296959400177
TSBD_WSSV_3868efcb84,0,0,0,0.055291828,0.41217124,0.062617935,0.8903162,0.9999813,0.9029506,0,0.07103951275348663,0.21540968,0.058089178,1.16532665e-05,0.042005036,0,0.14599090814590454,0.72197235,0.051594716,7.0820847e-06,0.055044364,0,0.78296959400177
TSBD_WSSV_98510bdd07,0,0,0,0.1866487,0.22289738,0.3073453,0.90076023,0.9999882,0.95685965,0,0.07103951275348663,0.069590405,0.051152427,6.4980136e-06,0.014356352,0,0.14599090814590454,0.62306434,0.048087273,5.220654e-06,0.028783975,0,0.78296959400177
TSBD_WSSV_365b81a0b8,0,0,0,0.06452275,0.3889511,0.07420387,0.7950231,0.997621,0.8194191,0,0.07103951275348663,0.116365515,0.16386496,0.0023757857,0.14080286,0,0.14599090814590454,0.80943054,0.041112017,3.2211212e-06,0.039778,0,0.78296959400177
TSBD_WSSV_4c515e509e,1,1,2,0.87856555,0.0007910812,0.07826447,0.06634878,1.0918936e-05,0.013755629,0,0.07103951275348663,0.10645693,0.08855432,3.233971e-05,0.021675762,0,0.14599090814590454,0.81527865,0.8450968,0.9999567,0.9645686,1,0.78296959400177
TSBD_WSSV_d5dc5a32b7,0,0,0,0.07506107,0.36290368,0.071736105,0.74468887,0.9936666,0.7583431,0,0.07103951275348663,0.11698566,0.19863027,0.006317551,0.18054993,0,0.14599090814590454,0.81127816,0.056680825,1.5906413e-05,0.061106984,0,0.78296959400177
TSBD_WSSV_84d358870a,1,1,0,0.5818878,0.054856658,0.6553176,0.9006373,0.9999883,0.9719934,1,0.07103951275348663,0.066442095,0.05086546,6.2912363e-06,0.01091067,0,0.14599090814590454,0.2782403,0.048497215,5.3960052e-06,0.017095927,0,0.78296959400177
TSBD_WSSV_b95089e484,0,0,0,0.067770034,0.38800445,0.1008544,0.8995396,0.9999876,0.9295652,0,0.07103951275348663,0.08769498,0.04949797,5.4824563e-06,0.021285275,0,0.14599090814590454,0.81145066,0.050962422,6.865676e-06,0.049149558,0,0.78296959400177
TSBD_WSSV_ef2d938994,0,0,0,0.055992316,0.4119268,0.068155035,0.89326674,0.99998295,0.91131735,0,0.07103951275348663,0.18820569,0.058836307,1.2155673e-05,0.03975785,0,0.14599090814590454,0.74363923,0.047896992,4.9208725e-06,0.048924815,0,0.78296959400177
TSBD_WSSV_32049c3ecf,1,0,2,0.85790795,0.00527519,0.07604612,0.09291988,3.6888043e-05,0.020179855,0,0.07103951275348663,0.10425303,0.051022112,1.8865767e-06,0.0094945,0,0.14599090814590454,0.81970084,0.85605806,0.99996126,0.97032565,0,0.78296959400177
TSBD_WSSV_8b8160f809,0,0,0,0.31803337,0.0958824,0.1469813,0.5478662,0.5465919,0.3971873,0,0.07103951275348663,0.7309777,0.41645327,0.45340472,0.59290606,0,0.14599090814590454,0.122040965,0.035680465,3.4095394e-06,0.009906657,0,0.78296959400177
TSBD_WSSV_cdf58b2135,1,0,1,0.43076608,0.08486877,0.053742398,0.06515836,6.115876e-06,0.012361345,0,0.07103951275348663,0.51365435,0.8496154,0.99998176,0.9544645,0,0.14599090814590454,0.43260327,0.08522621,1.2096772e-05,0.033174142,0,0.78296959400177
TSBD_WSSV_aa863186fe,1,0,2,0.84388113,0.0022281888,0.06293427,0.039730016,2.0239872e-06,0.007225211,0,0.07103951275348663,0.13891551,0.17215697,0.0010920509,0.0648892,0,0.14599090814590454,0.7981502,0.788113,0.9989059,0.9278856,0,0.78296959400177
TSBD_WSSV_dfb2880295,1,0,2,0.86923975,0.0036607534,0.066651955,0.04255727,1.4171952e-06,0.0070482283,0,0.07103951275348663,0.123199284,0.0851514,2.2974858e-05,0.020843523,0,0.14599090814590454,0.8101488,0.87229127,0.99997556,0.97210824,0,0.78296959400177
TSBD_WSSV_baaf0baf99,1,0,2,0.859619,0.0028122482,0.08291271,0.048924003,3.5647095e-06,0.009787926,0,0.07103951275348663,0.10276612,0.12573376,0.00019196745,0.035812113,0,0.14599090814590454,0.81432116,0.8253423,0.99980444,0.95439994,0,0.78296959400177
TSBD_WSSV_24404c91af,0,0,1,0.16459148,0.24737792,0.06864218,0.056034487,5.377943e-06,0.017957445,0,0.07103951275348663,0.12509082,0.7791286,0.9996118,0.8198394,0,0.14599090814590454,0.80626696,0.16483687,0.00038285862,0.16220315,0,0.78296959400177
TSBD_WSSV_b7563199e4,0,0,1,0.26177907,0.17167687,0.06028361,0.040716365,2.3915834e-06,0.010795057,0,0.07103951275348663,0.15196414,0.70882255,0.9955058,0.7177647,0,0.14599090814590454,0.7877522,0.25046107,0.004491733,0.27144027,0,0.78296959400177
TSBD_WSSV_11a594f754,0,0,1,0.28960115,0.15369299,0.052682962,0.052993126,3.3912247e-06,0.011537848,0,0.07103951275348663,0.30451143,0.8171984,0.999894,0.9065035,0,0.14599090814590454,0.6428056,0.12980844,0.000102577804,0.08195867,0,0.78296959400177
TSBD_WSSV_fc31d39bad,0,0,1,0.1042652,0.32054853,0.067933835,0.060067073,4.3580703e-06,0.0191189,0,0.07103951275348663,0.12125818,0.8506625,0.9999808,0.91133,0,0.14599090814590454,0.81080806,0.08927039,1.48553645e-05,0.069551095,0,0.78296959400177
TSBD_WSSV_d6cd79daa1,0,0,1,0.19653071,0.2194037,0.060717247,0.044484913,2.1972064e-06,0.012171222,0,0.07103951275348663,0.14508682,0.7698309,0.99927384,0.806287,0,0.14599090814590454,0.79419595,0.18568417,0.0007240037,0.1815418,0,0.78296959400177
TSBD_WSSV_02f81ef95e,0,0,1,0.23598881,0.18818536,0.065676086,0.039351556,2.203616e-06,0.011176277,0,0.07103951275348663,0.12519017,0.7038205,0.9948309,0.6932694,0,0.14599090814590454,0.8091337,0.2568279,0.005166933,0.2955543,0,0.78296959400177
TSBD_WSSV_3b11acaec9,0,0,1,0.2799118,0.15385798,0.053520534,0.07995116,1.3997018e-05,0.017592192,0,0.07103951275348663,0.3863059,0.849459,0.9999809,0.9514761,0,0.14599090814590454,0.5601736,0.070589796,5.1107713e-06,0.030931681,0,0.78296959400177
TSBD_WSSV_c286bccb7a,0,0,1,0.25483894,0.1756407,0.062605575,0.041407946,2.8567833e-06,0.011490008,0,0.07103951275348663,0.13818285,0.6987205,0.9940948,0.69378287,0,0.14599090814590454,0.7992115,0.25987154,0.0059023243,0.29472712,0,0.78296959400177
TSBD_WSSV_6aa52b5d04,0,0,1,0.3306771,0.12840532,0.055495523,0.0625537,6.261949e-06,0.013549944,0,0.07103951275348663,0.37351033,0.82588494,0.9999436,0.9262033,0,0.14599090814590454,0.5709941,0.11156139,5.0083865e-05,0.06024672,0,0.78296959400177
TSBD_WSSV_78ac1c210b,0,0,1,0.13624313,0.27716535,0.062023222,0.07621792,1.3440114e-05,0.023823563,0,0.07103951275348663,0.15387551,0.82417023,0.99995935,0.90099007,0,0.14599090814590454,0.7841012,0.09961186,2.7183978e-05,0.07518641,0,0.78296959400177
TSBD_WSSV_f4df9efeef,1,0,2,0.7462638,0.016945856,0.07323639,0.03695515,2.3918074e-06,0.0075558485,0,0.07103951275348663,0.111089945,0.24208894,0.008157186,0.103636496,0,0.14599090814590454,0.81567365,0.7209559,0.9918405,0.88880765,0,0.78296959400177
TSBD_WSSV_e332624690,1,0,2,0.63258755,0.029209059,0.07045707,0.1281275,0.001194132,0.04485814,0,0.07103951275348663,0.12274012,0.28361404,0.04220003,0.15891084,0,0.14599090814590454,0.80680275,0.58825845,0.9566058,0.79623103,0,0.78296959400177
TSBD_WSSV_de8ce5aa48,0,0,1,0.1484394,0.2646026,0.06697419,0.046325967,2.1260598e-06,0.013867257,0,0.07103951275348663,0.1223092,0.8020246,0.9997694,0.84190315,0,0.14599090814590454,0.8107166,0.15164946,0.00022851992,0.14422959,0,0.78296959400177
TSBD_WSSV_2847167d0b,0,0,1,0.122474305,0.294052,0.057496816,0.0743985,9.742505e-06,0.021067157,0,0.07103951275348663,0.17309277,0.8552373,0.99998534,0.9346044,0,0.14599090814590454,0.76941043,0.070364185,4.865567e-06,0.04432847,0,0.78296959400177
TSBD_WSSV_ea8e971d58,0,0,1,0.32154298,0.13025984,0.07060338,0.046620343,1.05856425e-05,0.014093492,0,0.07103951275348663,0.118870415,0.58990127,0.941008,0.5175741,0,0.14599090814590454,0.8105262,0.36347842,0.058981426,0.46833244,0,0.78296959400177
TSBD_WSSV_2cd19b2879,1,1,2,0.87591153,0.003787187,0.084526904,0.060645234,5.400116e-06,0.011689184,0,0.07103951275348663,0.09384179,0.057082895,3.015511e-06,0.01050112,0,0.14599090814590454,0.8216314,0.8822718,0.99999166,0.97780967,1,0.78296959400177
TSBD_WSSV_f00fa9ceb8,1,0,2,0.86847365,0.0048443256,0.07419542,0.059642266,5.028626e-06,0.010944043,0,0.07103951275348663,0.10796742,0.05792047,3.2155074e-06,0.011262466,0,0.14599090814590454,0.8178372,0.88243735,0.9999918,0.9777935,0,0.78296959400177
TSBD_WSSV_6678622b35,1,0,2,0.8682967,0.0049031926,0.07273834,0.057974968,4.554516e-06,0.010517694,0,0.07103951275348663,0.10954928,0.05895326,3.571967e-06,0.011650112,0,0.14599090814590454,0.8177123,0.8830717,0.9999919,0.9778322,0,0.78296959400177
TSBD_WSSV_9ce26c2bf9,1,0,2,0.866987,0.0046551004,0.074879825,0.07224762,1.1726766e-05,0.014201913,0,0.07103951275348663,0.10602446,0.054493535,2.5037352e-06,0.010374757,0,0.14599090814590454,0.8190957,0.8732588,0.9999858,0.97542334,0,0.78296959400177
TSBD_WSSV_3319ef6f32,1,0,2,0.85787565,0.00613288,0.06783118,0.056237727,4.0494706e-06,0.009922245,0,0.07103951275348663,0.12272544,0.061983295,4.587382e-06,0.013079202,0,0.14599090814590454,0.80944335,0.881779,0.9999914,0.97699857,0,0.78296959400177
TSBD_WSSV_1bb255e74b,1,0,2,0.8735981,0.0030708597,0.07556475,0.042459685,1.4016285e-06,0.0073300526,0,0.07103951275348663,0.10693708,0.09030887,3.0139476e-05,0.02147237,0,0.14599090814590454,0.8174982,0.8672314,0.9999684,0.97119755,0,0.78296959400177
TSBD_WSSV_d45bc108bb,1,1,2,0.8771049,0.0030020876,0.078216836,0.04681475,2.0393595e-06,0.008342571,0,0.07103951275348663,0.10105399,0.080136016,1.7032507e-05,0.017768297,0,0.14599090814590454,0.8207292,0.87304926,0.9999809,0.9738891,1,0.78296959400177
TSBD_WSSV_319f7dd222,1,1,2,0.87698007,0.0026052915,0.08571531,0.07429208,1.4178255e-05,0.015671693,0,0.07103951275348663,0.09447728,0.05895677,3.8379058e-06,0.011251764,0,0.14599090814590454,0.81980747,0.86675113,0.999982,0.9730765,1,0.78296959400177
TSBD_WSSV_72962540b9,1,0,2,0.7363894,0.01693919,0.12091197,0.25493774,0.005511323,0.102851465,0,0.07103951275348663,0.07940801,0.040468235,1.3086194e-06,0.0073066168,0,0.14599090814590454,0.79968005,0.7045941,0.99448735,0.8898419,0,0.78296959400177
TSBD_WSSV_cbc299712b,0,0,1,0.16469356,0.23727496,0.1641217,0.13512765,0.00015941571,0.0661342,0,0.07103951275348663,0.19371246,0.80056727,0.9998363,0.8970091,0,0.14599090814590454,0.6421659,0.06430503,4.1856847e-06,0.036856737,0,0.78296959400177
TSBD_WSSV_4852ce6b3e,1,0,2,0.6068956,0.036688242,0.068690196,0.033858806,3.1982388e-06,0.007358891,0,0.07103951275348663,0.12063803,0.34198478,0.079815246,0.19222257,0,0.14599090814590454,0.8106718,0.6241565,0.9201816,0.8004186,0,0.78296959400177
TSBD_WSSV_51c0f376ed,1,0,2,0.869539,0.004580983,0.07529255,0.060825232,5.6271833e-06,0.0113529395,0,0.07103951275348663,0.106745414,0.058272403,3.3736435e-06,0.011359247,0,0.14599090814590454,0.8179621,0.8809024,0.99999106,0.9772878,0,0.78296959400177
TSBD_WSSV_27c4e89064,1,1,2,0.87584007,0.0020849295,0.07034437,0.04552736,2.0740097e-06,0.00799221,0,0.07103951275348663,0.114553966,0.0950813,4.1541436e-05,0.024046093,0,0.14599090814590454,0.81510174,0.8593914,0.9999565,0.9679617,1,0.78296959400177
TSBD_WSSV_d31ea8472c,1,0,2,0.8733943,0.0036949124,0.084254056,0.05964597,5.2924183e-06,0.011571409,0,0.07103951275348663,0.0987894,0.06228214,4.7647054e-06,0.012215378,0,0.14599090814590454,0.8169566,0.8780719,0.99999,0.97621316,0,0.78296959400177
TSBD_WSSV_6fd089aca1,1,0,2,0.87562096,0.0038774153,0.0821483,0.06080704,5.443477e-06,0.011603563,0,0.07103951275348663,0.09580203,0.056656048,2.8709358e-06,0.010436963,0,0.14599090814590454,0.8220496,0.88253695,0.99999166,0.97795945,0,0.78296959400177
TSBD_WSSV_7131cb4d1e,1,0,2,0.8736461,0.0036469167,0.08795428,0.07188284,1.1115277e-05,0.014819882,0,0.07103951275348663,0.09266682,0.05272182,1.9751005e-06,0.009292367,0,0.14599090814590454,0.8193789,0.87539536,0.9999869,0.9758877,0,0.78296959400177
TSBD_WSSV_d1629a0715,0,0,1,0.35277689,0.11166258,0.053966813,0.0685407,6.8124373e-06,0.013357788,0,0.07103951275348663,0.46805844,0.8570178,0.999987,0.9574193,0,0.14599090814590454,0.47797474,0.074441426,6.2346658e-06,0.029222928,0,0.78296959400177
TSBD_WSSV_8ecaf0ac01,1,0,2,0.86810255,0.00044751912,0.06826419,0.055474136,6.6623443e-06,0.010981603,0,0.07103951275348663,0.1201789,0.13096458,0.00024441848,0.04049654,0,0.14599090814590454,0.8115569,0.8135613,0.9997489,0.94852185,0,0.78296959400177
TSBD_WSSV_af3c48a08c,1,0,2,0.8637039,0.0028341962,0.09535716,0.10865846,7.907848e-05,0.027416537,0,0.07103951275348663,0.09107311,0.053131524,2.4735355e-06,0.0097781615,0,0.14599090814590454,0.81356966,0.83821,0.99991846,0.9628053,0,0.78296959400177
TSBD_WSSV_3dae79f506,1,0,2,0.8514711,0.0043440983,0.06494837,0.051835455,3.8175317e-06,0.009406317,0,0.07103951275348663,0.148141,0.09243487,4.2035943e-05,0.026312904,0,0.14599090814590454,0.7869107,0.8557297,0.9999541,0.9642808,0,0.78296959400177
TSBD_WSSV_80515fe4b2,1,0,2,0.87408584,0.004100009,0.07680982,0.05738992,4.335758e-06,0.010553559,0,0.07103951275348663,0.1022063,0.059645224,3.7422653e-06,0.011523041,0,0.14599090814590454,0.8209839,0.8829649,0.999992,0.9779234,0,0.78296959400177
TSBD_WSSV_aee31f5ae6,1,0,2,0.8699593,0.0043973066,0.07931226,0.064637296,7.2182206e-06,0.012495607,0,0.07103951275348663,0.10288619,0.05624343,2.808459e-06,0.010644755,0,0.14599090814590454,0.8178016,0.8791193,0.99998987,0.9768597,0,0.78296959400177
TSBD_WSSV_0ef579b068,1,1,2,0.8757809,0.0037577478,0.08071321,0.058272954,4.6342125e-06,0.0109592,0,0.07103951275348663,0.09801422,0.05998387,3.8113883e-06,0.011428165,0,0.14599090814590454,0.8212725,0.88174325,0.99999154,0.9776127,1,0.78296959400177
TSBD_WSSV_f70db8236e,1,1,2,0.87635875,0.0030238335,0.07628077,0.045156218,1.8691e-06,0.0079961745,0,0.07103951275348663,0.10387895,0.08269408,2.061713e-05,0.018905208,0,0.14599090814590454,0.81984025,0.8721497,0.99997747,0.9730986,1,0.78296959400177
TSBD_WSSV_36e3c23fc4,1,0,2,0.8595523,0.004690392,0.086863354,0.10466489,5.8051006e-05,0.024427574,0,0.07103951275348663,0.092563,0.045244493,1.0786323e-06,0.0077169803,0,0.14599090814590454,0.8205737,0.8500907,0.9999409,0.96785545,0,0.78296959400177
TSBD_WSSV_7e34390794,1,0,2,0.8737476,0.0041792775,0.078311265,0.06126848,5.6596236e-06,0.011540904,0,0.07103951275348663,0.09998029,0.056170586,2.7908554e-06,0.010495034,0,0.14599090814590454,0.82170844,0.8825609,0.99999166,0.9779641,0,0.78296959400177
TSBD_WSSV_bd80b0d581,1,0,2,0.86871547,0.0041394765,0.091506585,0.072039895,1.147987e-05,0.015168025,0,0.07103951275348663,0.09466276,0.05285616,2.1288408e-06,0.009532565,0,0.14599090814590454,0.8138306,0.87510395,0.9999864,0.97529936,0,0.78296959400177
TSBD_WSSV_a456bae923,1,0,2,0.873844,0.004102558,0.078593455,0.058246385,4.5298852e-06,0.010807192,0,0.07103951275348663,0.100872114,0.058993127,3.5182427e-06,0.011276775,0,0.14599090814590454,0.82053447,0.88276047,0.9999919,0.97791606,0,0.78296959400177
TSBD_WSSV_b6178797f6,1,0,2,0.87413096,0.004025046,0.08102428,0.06289753,6.3090624e-06,0.012082934,0,0.07103951275348663,0.097696126,0.05564075,2.630204e-06,0.010248513,0,0.14599090814590454,0.8212796,0.88146174,0.99999106,0.9776686,0,0.78296959400177
TSBD_WSSV_69762898eb,1,0,2,0.8712774,0.00405363,0.082987405,0.06802641,9.11486e-06,0.0136156455,0,0.07103951275348663,0.099017486,0.055107743,2.5956772e-06,0.010247639,0,0.14599090814590454,0.8179951,0.8768658,0.9999883,0.97613674,0,0.78296959400177
TSBD_WSSV_a73de688c2,1,1,2,0.8759746,0.0036442894,0.08656833,0.0645381,7.3749225e-06,0.012907079,0,0.07103951275348663,0.09207251,0.055224996,2.6148773e-06,0.0099926395,0,0.14599090814590454,0.8213592,0.880237,0.99999,0.97710025,1,0.78296959400177
TSBD_WSSV_03cb710db8,1,0,2,0.8745282,0.0039317086,0.08141056,0.062354807,6.1363635e-06,0.011990308,0,0.07103951275348663,0.09747901,0.05644571,2.8222896e-06,0.010454213,0,0.14599090814590454,0.8211104,0.8811994,0.99999106,0.97755545,0,0.78296959400177
TSBD_WSSV_7f2c043791,1,0,2,0.8597033,0.004283944,0.0878263,0.09734246,4.6369296e-05,0.02274581,0,0.07103951275348663,0.0992731,0.051050384,2.0265509e-06,0.009494954,0,0.14599090814590454,0.8129006,0.85160714,0.9999516,0.96775925,0,0.78296959400177
TSBD_WSSV_426ff318e2,1,0,2,0.8753152,0.00391829,0.08314285,0.061334554,5.7154857e-06,0.011812907,0,0.07103951275348663,0.09507555,0.05604399,2.7481346e-06,0.010268573,0,0.14599090814590454,0.82178164,0.8826214,0.99999154,0.9779185,0,0.78296959400177
TSBD_WSSV_3cb87dc046,1,0,2,0.87108254,0.0043920213,0.07642581,0.061055895,5.711842e-06,0.011460558,0,0.07103951275348663,0.10450771,0.057872135,3.2891598e-06,0.011178131,0,0.14599090814590454,0.8190665,0.8810719,0.99999094,0.9773613,0,0.78296959400177
TSBD_WSSV_4c414428d2,1,0,2,0.8748842,0.0039863586,0.08085871,0.06172825,5.8218466e-06,0.011775971,0,0.07103951275348663,0.09717284,0.055953525,2.7327592e-06,0.010328702,0,0.14599090814590454,0.8219685,0.88231826,0.9999914,0.9778953,0,0.78296959400177
TSBD_WSSV_4896029d97,1,0,2,0.87367177,0.003942672,0.082234345,0.06763339,8.532775e-06,0.013339531,0,0.07103951275348663,0.0965438,0.053678587,2.2290174e-06,0.009722278,0,0.14599090814590454,0.82122195,0.8786879,0.99998915,0.9769382,0,0.78296959400177
TSBD_WSSV_c549f00277,1,0,2,0.8727532,0.004184476,0.07819161,0.061487958,5.8145256e-06,0.01162567,0,0.07103951275348663,0.101602755,0.057257485,3.0757299e-06,0.010863871,0,0.14599090814590454,0.8202057,0.8812546,0.99999106,0.97751045,0,0.78296959400177
TSBD_WSSV_254bdb9f4d,1,0,2,0.87193024,0.00436329,0.07438908,0.057962343,4.5242377e-06,0.010578743,0,0.07103951275348663,0.10587407,0.059621368,3.7724567e-06,0.011689964,0,0.14599090814590454,0.81973684,0.88241625,0.99999166,0.97773135,0,0.78296959400177
TSBD_WSSV_b0447870c0,1,0,2,0.8743724,0.0040049795,0.079991564,0.06095186,5.494061e-06,0.011535715,0,0.07103951275348663,0.098804586,0.057128854,2.9451903e-06,0.010649671,0,0.14599090814590454,0.8212038,0.88191926,0.99999154,0.9778146,0,0.78296959400177
TSBD_WSSV_754fa3c73d,1,0,2,0.87562174,0.0038744789,0.08296989,0.062153585,5.9289046e-06,0.01196273,0,0.07103951275348663,0.09481625,0.05553535,2.5478655e-06,0.010063614,0,0.14599090814590454,0.82221395,0.882311,0.99999154,0.97797364,0,0.78296959400177
TSBD_WSSV_9937a0424b,1,0,2,0.8748514,0.003772067,0.08602905,0.06869632,9.050993e-06,0.013806577,0,0.07103951275348663,0.09242712,0.052401174,1.9230508e-06,0.009194589,0,0.14599090814590454,0.8215439,0.87890255,0.99998903,0.9769988,0,0.78296959400177
TSBD_WSSV_6fa84e41c3,1,0,2,0.8736104,0.004184639,0.07855114,0.060992073,5.5428204e-06,0.011483297,0,0.07103951275348663,0.100056134,0.056429185,2.8265551e-06,0.010547689,0,0.14599090814590454,0.8213927,0.88257873,0.99999166,0.977969,0,0.78296959400177
TSBD_WSSV_577000701d,1,0,2,0.87080944,0.0037500402,0.088505335,0.0845386,2.238002e-05,0.018397452,0,0.07103951275348663,0.09102613,0.047920007,1.2913124e-06,0.008134269,0,0.14599090814590454,0.8204686,0.8675414,0.9999763,0.9734683,0,0.78296959400177
TSBD_WSSV_7562704d32,1,0,2,0.875178,0.0039161677,0.08214074,0.062144537,5.9939935e-06,0.0119477,0,0.07103951275348663,0.09597069,0.055801164,2.6447785e-06,0.0102054,0,0.14599090814590454,0.82188857,0.88205427,0.9999914,0.97784686,0,0.78296959400177
TSBD_WSSV_ab987277c7,1,0,2,0.86972857,0.004649002,0.07427156,0.05925543,4.9964247e-06,0.010899087,0,0.07103951275348663,0.10728839,0.05858169,3.444784e-06,0.011448837,0,0.14599090814590454,0.8184401,0.8821629,0.99999154,0.977652,0,0.78296959400177
TSBD_WSSV_1beeeafcb8,1,0,2,0.86956215,0.004761058,0.07420731,0.06040898,5.3664285e-06,0.011144597,0,0.07103951275348663,0.10646588,0.056912977,2.991425e-06,0.010952665,0,0.14599090814590454,0.8193268,0.8826781,0.99999166,0.9779027,0,0.78296959400177
TSBD_WSSV_e7254cc0d4,1,0,2,0.8744986,0.0040348107,0.080196634,0.062272396,6.082123e-06,0.011893505,0,0.07103951275348663,0.0978825,0.05566993,2.6268056e-06,0.010251156,0,0.14599090814590454,0.8219209,0.8820577,0.9999913,0.9778553,0,0.78296959400177
TSBD_WSSV_b5a8a126ab,1,0,2,0.810266,0.012138873,0.05780564,0.049469326,2.5851516e-06,0.0082141105,0,0.07103951275348663,0.17026961,0.072013624,9.601643e-06,0.018455515,0,0.14599090814590454,0.77192473,0.87851703,0.9999877,0.97333044,0,0.78296959400177
TSBD_WSSV_13e41ad5ef,1,0,2,0.87465847,0.0040232483,0.08058732,0.061847173,5.908228e-06,0.011807331,0,0.07103951275348663,0.09749528,0.055811804,2.6727714e-06,0.010283394,0,0.14599090814590454,0.82191736,0.88234097,0.9999914,0.97790927,0,0.78296959400177
TSBD_WSSV_5dd3dca816,1,0,2,0.8727953,0.0042881668,0.07721193,0.060868174,5.508063e-06,0.0113921175,0,0.07103951275348663,0.1018227,0.05673794,2.897523e-06,0.010693843,0,0.14599090814590454,0.8209654,0.8823939,0.99999166,0.977914,0,0.78296959400177
TSBD_WSSV_084f7a072a,1,0,2,0.8692471,0.0047502443,0.07477292,0.06051148,5.3141134e-06,0.01116501,0,0.07103951275348663,0.10658899,0.0572187,3.095518e-06,0.011063014,0,0.14599090814590454,0.81863815,0.8822699,0.99999154,0.977772,0,0.78296959400177
TSBD_WSSV_7d1aec7b17,1,0,2,0.87234175,0.0041763363,0.08024453,0.06236768,6.17919e-06,0.011956498,0,0.07103951275348663,0.10041572,0.056836646,2.9560895e-06,0.010702801,0,0.14599090814590454,0.8193397,0.8807958,0.9999908,0.97734064,0,0.78296959400177
TSBD_WSSV_93545fad41,1,0,2,0.87509835,0.003902628,0.0823726,0.06351968,6.6105536e-06,0.012317954,0,0.07103951275348663,0.09563688,0.055014137,2.464475e-06,0.009987015,0,0.14599090814590454,0.8219905,0.8814661,0.99999094,0.97769505,0,0.78296959400177
TSBD_WSSV_ef783ed00d,1,0,2,0.8749606,0.00393058,0.08334538,0.061025392,5.5371934e-06,0.011725336,0,0.07103951275348663,0.09546311,0.056575213,2.8420707e-06,0.010399927,0,0.14599090814590454,0.8211915,0.88239944,0.99999166,0.97787476,0,0.78296959400177
TSBD_WSSV_8b081aa68f,1,0,2,0.8708949,0.0039940877,0.084722154,0.07777535,1.6059746e-05,0.01631612,0,0.07103951275348663,0.09491272,0.050076894,1.6075921e-06,0.008788746,0,0.14599090814590454,0.8203651,0.8721478,0.99998236,0.9748951,0,0.78296959400177
TSBD_WSSV_6afbaad0ae,1,0,2,0.8692396,0.0033929422,0.10807456,0.083234996,2.1538599e-05,0.019504616,0,0.07103951275348663,0.081894614,0.04900874,1.4984638e-06,0.008183606,0,0.14599090814590454,0.8100308,0.8677563,0.9999769,0.9723118,0,0.78296959400177
TSBD_WSSV_9223e4a32b,1,0,2,0.8706876,0.004551979,0.07605798,0.06062103,5.47781e-06,0.011304957,0,0.07103951275348663,0.104516156,0.05707327,3.0763588e-06,0.0109567745,0,0.14599090814590454,0.8194259,0.8823057,0.9999914,0.9777383,0,0.78296959400177
TSBD_WSSV_98ea43065f,1,0,2,0.8745429,0.0040641725,0.07925775,0.06019895,5.2692712e-06,0.011333413,0,0.07103951275348663,0.09895215,0.056950934,2.9675375e-06,0.010650854,0,0.14599090814590454,0.82179,0.8828501,0.9999918,0.9780157,0,0.78296959400177
TSBD_WSSV_eb247f0a00,1,0,2,0.8755976,0.0038468856,0.08279246,0.060212497,5.229542e-06,0.011493589,0,0.07103951275348663,0.0955922,0.05739387,3.0500214e-06,0.010619529,0,0.14599090814590454,0.8216153,0.8823937,0.99999166,0.97788686,0,0.78296959400177
TSBD_WSSV_97fa50601b,1,0,2,0.87561196,0.0038500605,0.084481835,0.061604954,5.7455654e-06,0.011916743,0,0.07103951275348663,0.09380624,0.05600544,2.6986152e-06,0.010181456,0,0.14599090814590454,0.82171184,0.88238955,0.99999154,0.9779018,0,0.78296959400177
TSBD_WSSV_8b6c4507a2,1,0,2,0.8697635,0.004588701,0.07476608,0.06006739,5.3195013e-06,0.011132584,0,0.07103951275348663,0.10698471,0.058521,3.4770856e-06,0.011456017,0,0.14599090814590454,0.8182493,0.88141155,0.9999912,0.9774114,0,0.78296959400177
TSBD_WSSV_5c925439ac,1,0,2,0.870296,0.004565927,0.077596195,0.061389744,5.7910293e-06,0.011580751,0,0.07103951275348663,0.10360702,0.056571227,2.9324651e-06,0.0107795205,0,0.14599090814590454,0.8187968,0.882039,0.9999912,0.97763973,0,0.78296959400177
TSBD_WSSV_1d810bc413,1,0,2,0.8727406,0.0040242644,0.08062433,0.066538095,7.813305e-06,0.012927542,0,0.07103951275348663,0.09914174,0.05509365,2.549387e-06,0.01020415,0,0.14599090814590454,0.82023394,0.8783683,0.9999896,0.97686833,0,0.78296959400177
TSBD_WSSV_26de7fcd80,1,0,2,0.8695391,0.004424208,0.07963856,0.07152046,1.0733314e-05,0.01417883,0,0.07103951275348663,0.10048442,0.052382186,2.005822e-06,0.00955944,0,0.14599090814590454,0.819877,0.8760974,0.99998724,0.9762617,0,0.78296959400177
TSBD_WSSV_8aa47f5a65,1,1,1,0.7062164,0.025073111,0.07068594,0.06402911,5.5540913e-06,0.012080847,0,0.07103951275348663,0.68342793,0.8509631,0.9999821,0.96302885,1,0.14599090814590454,0.24588609,0.085007794,1.2299677e-05,0.02489033,0,0.78296959400177
TSBD_WSSV_d889bfa7f2,1,0,2,0.87450373,0.0028256387,0.07146902,0.041142263,1.3392925e-06,0.0070198392,0,0.07103951275348663,0.11122033,0.09297763,3.7125465e-05,0.022985315,0,0.14599090814590454,0.8173107,0.86588013,0.9999616,0.96999484,0,0.78296959400177
TSBD_WSSV_8a85146e3e,1,1,2,0.8760565,0.003101483,0.08770348,0.072131924,1.1982617e-05,0.015056689,0,0.07103951275348663,0.09227254,0.05546884,2.5977322e-06,0.01003049,0,0.14599090814590454,0.820024,0.8723992,0.99998534,0.9749129,1,0.78296959400177
TSBD_WSSV_439d0a5c3f,1,0,2,0.87243813,0.0043380037,0.07734165,0.060156323,5.244875e-06,0.011228708,0,0.07103951275348663,0.10218667,0.057122715,3.0496199e-06,0.010850816,0,0.14599090814590454,0.82047164,0.882721,0.99999166,0.9779205,0,0.78296959400177
TSBD_WSSV_3f0184301c,1,0,2,0.8655351,0.0052690646,0.071837865,0.060349457,5.3362246e-06,0.011013878,0,0.07103951275348663,0.11145054,0.057473987,3.1688953e-06,0.011321114,0,0.14599090814590454,0.8167116,0.8821766,0.9999914,0.977665,0,0.78296959400177
TSBD_WSSV_00abe397a8,1,1,2,0.8759652,0.003877542,0.08175089,0.05930379,4.966146e-06,0.011241937,0,0.07103951275348663,0.09589656,0.057441548,3.0817398e-06,0.010651721,0,0.14599090814590454,0.8223526,0.8832547,0.9999919,0.9781063,1,0.78296959400177
TSBD_WSSV_f49daeee4d,1,0,2,0.87541527,0.0039339103,0.08098574,0.059581086,5.029389e-06,0.011259863,0,0.07103951275348663,0.097044475,0.057421263,3.0458305e-06,0.010672154,0,0.14599090814590454,0.82196975,0.88299763,0.9999919,0.97806793,0,0.78296959400177
TSBD_WSSV_e3a3f70bef,1,0,2,0.87525624,0.0039416403,0.080882974,0.05967508,5.091965e-06,0.011291763,0,0.07103951275348663,0.09732162,0.057484694,3.065357e-06,0.010702756,0,0.14599090814590454,0.8217954,0.8828403,0.9999918,0.9780055,0,0.78296959400177
TSBD_WSSV_4c6acaba53,1,0,2,0.87497663,0.003981429,0.082445264,0.060131956,5.215109e-06,0.0114620235,0,0.07103951275348663,0.0960835,0.05682298,2.9344196e-06,0.010508012,0,0.14599090814590454,0.8214712,0.883045,0.9999918,0.97803,0,0.78296959400177
TSBD_WSSV_1a5ee9d7a4,1,0,2,0.8755165,0.0038403617,0.08283381,0.061929256,6.0197367e-06,0.011974007,0,0.07103951275348663,0.09536652,0.056234766,2.8352958e-06,0.010361168,0,0.14599090814590454,0.82179964,0.881836,0.9999912,0.97766477,0,0.78296959400177
TSBD_WSSV_1d745dbab2,1,0,2,0.63154477,0.037626226,0.09083855,0.29663208,0.013983953,0.12009304,0,0.07103951275348663,0.09031882,0.041233726,1.8854254e-06,0.00829788,0,0.14599090814590454,0.81884265,0.66213423,0.9860141,0.8716091,0,0.78296959400177
TSBD_WSSV_04529c8937,1,1,2,0.876025,0.0038304003,0.08232876,0.059761643,5.063777e-06,0.011355447,0,0.07103951275348663,0.09549547,0.057445493,3.056227e-06,0.010621165,0,0.14599090814590454,0.8221758,0.8827929,0.9999919,0.9780234,1,0.78296959400177
TSBD_WSSV_eb7b8b7c67,1,1,2,0.8757495,0.0038745757,0.083103694,0.06087994,5.5237083e-06,0.01168968,0,0.07103951275348663,0.09477482,0.056321945,2.7864303e-06,0.010307013,0,0.14599090814590454,0.8221215,0.8827981,0.9999918,0.97800326,1,0.78296959400177
TSBD_WSSV_4c43a3a8a6,1,0,2,0.87474394,0.0035845367,0.087119035,0.070301555,9.880093e-06,0.014274741,0,0.07103951275348663,0.092442736,0.053228498,2.0762639e-06,0.009412802,0,0.14599090814590454,0.8204382,0.87646997,0.9999881,0.97631246,0,0.78296959400177
TSBD_WSSV_417fc1cab3,1,0,2,0.87479633,0.0038031274,0.08529719,0.064780034,7.093396e-06,0.012768604,0,0.07103951275348663,0.09401036,0.055026393,2.482763e-06,0.009950672,0,0.14599090814590454,0.8206924,0.88019365,0.99999034,0.97728074,0,0.78296959400177
TSBD_WSSV_59c834cf6e,1,0,2,0.86900896,0.0023932834,0.065345176,0.04251437,1.5965541e-06,0.007190408,0,0.07103951275348663,0.12954709,0.102352716,6.05414e-05,0.028070878,0,0.14599090814590454,0.8051077,0.8551329,0.9999379,0.96473867,0,0.78296959400177
TSBD_WSSV_97681928ee,1,0,2,0.8717813,0.00428571,0.077758424,0.058461677,4.852838e-06,0.010943034,0,0.07103951275348663,0.10371243,0.059641916,3.8011367e-06,0.011630722,0,0.14599090814590454,0.8185291,0.8818964,0.9999913,0.9774263,0,0.78296959400177
TSBD_WSSV_0c09630268,1,0,2,0.87526256,0.003816479,0.08738171,0.062481448,6.1006663e-06,0.012287778,0,0.07103951275348663,0.09186061,0.055752505,2.6222604e-06,0.010033722,0,0.14599090814590454,0.8207577,0.881766,0.9999913,0.97767854,0,0.78296959400177
TSBD_WSSV_919a1fc43f,1,0,2,0.87555724,0.0038325982,0.08606228,0.061192762,5.5674395e-06,0.011885183,0,0.07103951275348663,0.09267908,0.056404766,2.7602043e-06,0.010218784,0,0.14599090814590454,0.8212586,0.88240254,0.99999166,0.97789603,0,0.78296959400177
TSBD_WSSV_df52a25a1c,1,0,2,0.86950356,0.0046580043,0.073088005,0.057537686,4.365306e-06,0.010412303,0,0.07103951275348663,0.109076045,0.060174428,3.905954e-06,0.011953782,0,0.14599090814590454,0.81783605,0.8822879,0.99999166,0.9776339,0,0.78296959400177
TSBD_WSSV_b6df8b235a,1,0,2,0.8750063,0.00395853,0.08138707,0.06215402,6.0105717e-06,0.011915489,0,0.07103951275348663,0.096604064,0.055692594,2.6592961e-06,0.010230197,0,0.14599090814590454,0.8220089,0.88215345,0.9999914,0.9778543,0,0.78296959400177
TSBD_WSSV_66dac7b3cb,1,0,2,0.87531346,0.0038653715,0.08072507,0.05937608,5.0636104e-06,0.011248643,0,0.07103951275348663,0.09789874,0.058506038,3.4178622e-06,0.011050786,0,0.14599090814590454,0.82137614,0.8821179,0.99999154,0.9777006,0,0.78296959400177
TSBD_WSSV_cb728bde71,1,0,2,0.875247,0.003801751,0.084832974,0.06363347,6.616178e-06,0.012462351,0,0.07103951275348663,0.093956046,0.055393085,2.570098e-06,0.010043639,0,0.14599090814590454,0.821211,0.88097346,0.9999907,0.977494,0,0.78296959400177
TSBD_WSSV_11dccea294,1,0,2,0.87404287,0.0036567794,0.088725686,0.07358642,1.2012537e-05,0.015250288,0,0.07103951275348663,0.09078619,0.050836865,1.6881373e-06,0.00879111,0,0.14599090814590454,0.8204881,0.87557673,0.9999863,0.9759585,0,0.78296959400177
TSBD_WSSV_6c97d0a038,1,0,2,0.70361215,0.024952874,0.09715183,0.25394812,0.005195276,0.094105475,0,0.07103951275348663,0.087649226,0.038534798,1.1196925e-06,0.0071806805,0,0.14599090814590454,0.815199,0.707517,0.9948036,0.8987138,0,0.78296959400177
TSBD_WSSV_7930144273,1,1,2,0.8758596,0.0038009365,0.08601653,0.059736222,5.076134e-06,0.011537895,0,0.07103951275348663,0.092624456,0.057613723,3.0909816e-06,0.010549195,0,0.14599090814590454,0.82135904,0.88265014,0.9999918,0.9779129,1,0.78296959400177
TSBD_WSSV_46e8a68895,1,0,2,0.8163951,0.0103540085,0.05860405,0.053125862,3.839608e-06,0.009240489,0,0.07103951275348663,0.17084217,0.07823252,1.6056601e-05,0.021293081,0,0.14599090814590454,0.7705538,0.86864156,0.9999801,0.96946645,0,0.78296959400177
TSBD_WSSV_68675dc12f,1,0,2,0.8733803,0.0041366518,0.07713663,0.05871942,4.8407337e-06,0.010921007,0,0.07103951275348663,0.10251884,0.059119068,3.643281e-06,0.011432583,0,0.14599090814590454,0.82034457,0.8821615,0.9999914,0.97764647,0,0.78296959400177
TSBD_WSSV_33b5dd7e52,0,0,1,0.27143997,0.16407755,0.062042005,0.073263675,3.223202e-05,0.023798585,0,0.07103951275348663,0.15722524,0.6848508,0.9955942,0.7123133,0,0.14599090814590454,0.7807328,0.24188554,0.00437351,0.26388818,0,0.78296959400177
TSBD_WSSV_eaf8feba8d,1,0,2,0.8755907,0.0038581872,0.0841185,0.06096673,5.5403366e-06,0.011756602,0,0.07103951275348663,0.094230965,0.056498718,2.8562076e-06,0.0103541305,0,0.14599090814590454,0.82165056,0.8825345,0.99999166,0.97788924,0,0.78296959400177
TSBD_WSSV_a092abcd48,1,0,2,0.8737327,0.003922567,0.08385252,0.06638054,7.767186e-06,0.013072693,0,0.07103951275348663,0.09571404,0.05425746,2.291461e-06,0.009795669,0,0.14599090814590454,0.82043344,0.879362,0.99999,0.97713166,0,0.78296959400177
TSBD_WSSV_8c4a48a3c8,1,1,1,0.8506411,0.0047248434,0.099690646,0.07235729,8.203094e-06,0.014884442,0,0.07103951275348663,0.78707904,0.8595386,0.99998784,0.9719988,1,0.14599090814590454,0.11323033,0.068104096,3.9980932e-06,0.013116753,0,0.78296959400177
TSBD_WSSV_36e8b7c576,0,0,0,0.14301658,0.26371855,0.2356478,0.8982049,0.9999852,0.9488916,0,0.07103951275348663,0.12840602,0.05712765,1.1157231e-05,0.02269885,0,0.14599090814590454,0.63594615,0.044667415,3.6250938e-06,0.02840949,0,0.78296959400177
TSBD_WSSV_f62b02d7ce,0,0,0,0.16995081,0.23602438,0.27841634,0.90024537,0.99998724,0.95364076,0,0.07103951275348663,0.10966167,0.053978007,8.541348e-06,0.018797597,0,0.14599090814590454,0.611922,0.045776635,4.1395497e-06,0.027561592,0,0.78296959400177
TSBD_WSSV_7b5c5d4331,1,1,2,0.87590724,0.0024590972,0.07323181,0.04546062,1.991248e-06,0.008025149,0,0.07103951275348663,0.10997766,0.090292014,3.215413e-05,0.021978263,0,0.14599090814590454,0.81679046,0.8642474,0.9999658,0.9699966,1,0.78296959400177
TSBD_WSSV_1115f3a7b9,1,0,2,0.8705082,0.0038913954,0.07836399,0.0639216,7.0311903e-06,0.012337385,0,0.07103951275348663,0.10624438,0.061582696,4.680425e-06,0.012441015,0,0.14599090814590454,0.8153916,0.8744956,0.9999883,0.9752216,0,0.78296959400177
TSBD_WSSV_8b19cf1542,0,0,1,0.16121802,0.24998415,0.08348551,0.04709585,2.8117765e-06,0.015950501,0,0.07103951275348663,0.105204254,0.7668778,0.9992224,0.7822455,0,0.14599090814590454,0.81131023,0.18602642,0.00077475957,0.20180395,0,0.78296959400177
TSBD_WSSV_e980aeec5d,0,0,0,0.09465333,0.32416126,0.124302246,0.8820869,0.9999347,0.9024408,0,0.07103951275348663,0.62885946,0.08113984,6.372188e-05,0.0787741,0,0.14599090814590454,0.2468383,0.036773402,1.4980048e-06,0.018785113,0,0.78296959400177
TSBD_WSSV_78620c7961,1,0,1,0.45998394,0.07921388,0.057026263,0.07907484,1.2247424e-05,0.015481517,0,0.07103951275348663,0.5557154,0.8539364,0.9999839,0.96227604,0,0.14599090814590454,0.38725838,0.0669888,3.8115265e-06,0.022242438,0,0.78296959400177
TSBD_WSSV_5cfa598cc4,0,0,1,0.15960212,0.24047935,0.06404891,0.20467722,0.0012342761,0.07923232,0,0.07103951275348663,0.27044243,0.75037134,0.9987645,0.89815795,0,0.14599090814590454,0.6655087,0.044951443,1.1762003e-06,0.022609675,0,0.78296959400177
TSBD_WSSV_2ab0d58abb,0,0,0,0.10551706,0.31420255,0.18355718,0.87102807,0.9998627,0.9315998,0,0.07103951275348663,0.09346635,0.09453162,0.00013618752,0.04565341,0,0.14599090814590454,0.72297645,0.034440365,1.130312e-06,0.022746813,0,0.78296959400177
TSBD_WSSV_d63f9ec96f,1,0,2,0.5779432,0.038793895,0.07086687,0.082810536,0.00017381417,0.024876017,0,0.07103951275348663,0.11605753,0.339277,0.10729756,0.20159197,0,0.14599090814590454,0.81307554,0.57791245,0.89252853,0.773532,0,0.78296959400177
TSBD_WSSV_c6d6c44306,0,0,0,0.1789507,0.22965729,0.0808699,0.7060886,0.9810992,0.60063666,0,0.07103951275348663,0.10178426,0.054729797,1.724317e-05,0.023055231,0,0.14599090814590454,0.81734586,0.23918165,0.018883584,0.37630817,0,0.78296959400177
TSBD_WSSV_0e98c598e2,1,0,2,0.46755344,0.07123203,0.07726675,0.3825021,0.08363111,0.18262856,0,0.07103951275348663,0.102733254,0.052133102,1.19796e-05,0.014015245,0,0.14599090814590454,0.82,0.5653648,0.9163569,0.80335623,0,0.78296959400177
TSBD_WSSV_0e0b18da56,1,0,2,0.8489992,0.0059174923,0.06674144,0.082757466,2.3137865e-05,0.016761545,0,0.07103951275348663,0.12599377,0.06391233,5.881668e-06,0.014172069,0,0.14599090814590454,0.8072648,0.8533302,0.99997103,0.9690663,0,0.78296959400177
TSBD_WSSV_0e04e30a96,0,0,0,0.060550027,0.4039752,0.08508009,0.89410067,0.99998057,0.9230893,0,0.07103951275348663,0.113520704,0.060607307,1.5635449e-05,0.033259545,0,0.14599090814590454,0.8013992,0.04529202,3.835163e-06,0.043651123,0,0.78296959400177
TSBD_WSSV_b14315239e,0,0,0,0.067194626,0.3894235,0.08769548,0.89338595,0.9999788,0.91299313,0,0.07103951275348663,0.09296615,0.04394743,3.1022607e-06,0.019012066,0,0.14599090814590454,0.8193383,0.062666625,1.8121242e-05,0.06799482,0,0.78296959400177
TSBD_WSSV_ad26e82e3c,0,0,1,0.0844008,0.31753325,0.06629608,0.4236548,0.1593384,0.3153511,0,0.07103951275348663,0.1448358,0.5193782,0.8406404,0.63365126,0,0.14599090814590454,0.7888682,0.056966994,2.1113943e-05,0.050997622,0,0.78296959400177
TSBD_WSSV_cda41068f5,0,0,0,0.06343633,0.39679015,0.09388402,0.8987017,0.9999856,0.9294937,0,0.07103951275348663,0.11200707,0.056666523,1.0759605e-05,0.028927155,0,0.14599090814590454,0.7941089,0.04463177,3.66704e-06,0.041579057,0,0.78296959400177
TSBD_WSSV_f51f241a0d,0,0,1,0.09154306,0.31902653,0.069674544,0.3510531,0.03865213,0.24189465,0,0.07103951275348663,0.11822933,0.58000237,0.96132076,0.69385517,0,0.14599090814590454,0.8120961,0.06894454,2.706729e-05,0.06425019,0,0.78296959400177
TSBD_WSSV_2578508dff,1,1,0,0.70028865,0.030984389,0.7086261,0.9006297,0.9999881,0.97271883,1,0.07103951275348663,0.18025617,0.05264375,7.435274e-06,0.01582062,0,0.14599090814590454,0.111117736,0.046726637,4.522651e-06,0.011460496,0,0.78296959400177
TSBD_WSSV_45511a46f0,1,1,0,0.861854,0.007104337,0.819285,0.90069735,0.99998796,0.9779364,1,0.07103951275348663,0.08747636,0.05265536,7.563339e-06,0.011778839,0,0.14599090814590454,0.093238644,0.046647176,4.50899e-06,0.010284774,0,0.78296959400177
TSBD_WSSV_87146ab98c,1,1,0,0.71670103,0.029148374,0.7322421,0.9006252,0.99998784,0.974294,1,0.07103951275348663,0.2067084,0.053013068,7.6961705e-06,0.016600445,0,0.14599090814590454,0.061049424,0.04636163,4.3665545e-06,0.009105523,0,0.78296959400177
TSBD_WSSV_e143d38f01,1,0,2,0.8596364,0.0040545845,0.07752815,0.03759623,1.0696255e-06,0.006641614,0,0.07103951275348663,0.10213841,0.12247901,0.00015697576,0.03375297,0,0.14599090814590454,0.8203335,0.83992475,0.9998419,0.9596054,0,0.78296959400177
TSBD_WSSV_ea73217725,1,0,2,0.7168253,0.016995233,0.072355166,0.07147622,5.817664e-05,0.019101415,0,0.07103951275348663,0.1252163,0.26937687,0.021645932,0.13735597,0,0.14599090814590454,0.8024285,0.65914685,0.97829586,0.84354264,0,0.78296959400177
TSBD_WSSV_7568f33745,0,0,1,0.35113704,0.102892265,0.07383488,0.0861987,0.00023313529,0.03140652,0,0.07103951275348663,0.11472617,0.51053536,0.8181993,0.41753867,0,0.14599090814590454,0.811439,0.4032659,0.18156752,0.55105484,0,0.78296959400177
TSBD_WSSV_c0b728f042,1,0,2,0.83645725,0.0050430857,0.07701333,0.04695953,4.254823e-06,0.009683286,0,0.07103951275348663,0.104433015,0.16154332,0.00082786736,0.053899936,0,0.14599090814590454,0.8185536,0.7914971,0.9991679,0.9364168,0,0.78296959400177
TSBD_WSSV_7555e38281,1,0,2,0.8700607,0.004261677,0.098379835,0.05947444,4.8833544e-06,0.012012668,0,0.07103951275348663,0.086823,0.060248617,3.8529884e-06,0.011030321,0,0.14599090814590454,0.81479716,0.880277,0.9999913,0.976957,0,0.78296959400177
TSBD_WSSV_d921343af4,1,0,2,0.36158708,0.08936885,0.10219611,0.47298113,0.2797493,0.28097448,0,0.07103951275348663,0.08637655,0.04378423,7.939473e-06,0.011184617,0,0.14599090814590454,0.8114274,0.48323467,0.72024286,0.7078409,0,0.78296959400177
TSBD_WSSV_94a3c39469,0,0,0,0.14543174,0.18976203,0.07056078,0.5240747,0.4665376,0.3416913,0,0.07103951275348663,0.48948923,0.4282668,0.5334495,0.63129556,0,0.14599090814590454,0.43995005,0.0476585,1.2895462e-05,0.027013084,0,0.78296959400177
TSBD_WSSV_65692fdd3f,1,1,2,0.87621164,0.0018401477,0.085142426,0.061447456,7.2117764e-06,0.012580355,0,0.07103951275348663,0.10128451,0.08067541,1.8708726e-05,0.018284738,0,0.14599090814590454,0.81357306,0.8578771,0.99997413,0.9691349,1,0.78296959400177
TSBD_WSSV_0464ee44c0,1,1,2,0.87577015,0.0035110647,0.07735629,0.05624984,4.2481743e-06,0.010452079,0,0.07103951275348663,0.10277797,0.06487163,5.989138e-06,0.013185501,0,0.14599090814590454,0.81986576,0.8788786,0.99998975,0.97636247,1,0.78296959400177
TSBD_WSSV_51f7222cef,1,0,2,0.83554566,0.0026203203,0.06752448,0.10212487,8.796234e-05,0.02452894,0,0.07103951275348663,0.14585806,0.11622029,0.00016162312,0.03844607,0,0.14599090814590454,0.7866175,0.7816549,0.99975044,0.93702495,0,0.78296959400177
TSBD_WSSV_148921b882,1,0,2,0.8732319,0.0039198454,0.08271288,0.06506318,7.335682e-06,0.012751986,0,0.07103951275348663,0.09784955,0.05606668,2.7352216e-06,0.010383643,0,0.14599090814590454,0.81943756,0.8788701,0.99998987,0.9768644,0,0.78296959400177
TSBD_WSSV_49f573118f,1,0,2,0.8149178,0.009429584,0.07286661,0.121192396,0.00012993338,0.029275851,0,0.07103951275348663,0.12864174,0.06027881,5.01904e-06,0.013608127,0,0.14599090814590454,0.7984916,0.8185288,0.99986506,0.957116,0,0.78296959400177
TSBD_WSSV_f7bb98aadd,1,0,2,0.49804285,0.056674633,0.0825327,0.3259388,0.06419218,0.16330229,0,0.07103951275348663,0.11499009,0.16056421,0.004487374,0.07833163,0,0.14599090814590454,0.8024773,0.51349694,0.9313204,0.75836605,0,0.78296959400177
TSBD_WSSV_32f477127b,1,0,2,0.7287915,0.01736602,0.06568307,0.036552463,2.7712117e-06,0.007382454,0,0.07103951275348663,0.12814736,0.27117124,0.018377302,0.13358569,0,0.14599090814590454,0.80616957,0.6922763,0.98161983,0.85903186,0,0.78296959400177
TSBD_WSSV_6532d5dd16,0,0,0,0.21410012,0.20056675,0.32564616,0.897941,0.99998283,0.95150226,0,0.07103951275348663,0.603547,0.06021828,1.4474105e-05,0.037690658,0,0.14599090814590454,0.070806816,0.041840747,2.7062563e-06,0.01080708,0,0.78296959400177
TSBD_WSSV_399a1e23cc,1,0,2,0.8737776,0.0041774716,0.07850899,0.060727704,5.4231864e-06,0.011407701,0,0.07103951275348663,0.0999393,0.056484085,2.8283623e-06,0.010548306,0,0.14599090814590454,0.8215517,0.88278824,0.9999918,0.978044,0,0.78296959400177
TSBD_WSSV_c07e032039,1,0,2,0.87407243,0.0040435176,0.08186141,0.0620437,5.966401e-06,0.011918224,0,0.07103951275348663,0.09721357,0.05596519,2.6858256e-06,0.010300552,0,0.14599090814590454,0.82092506,0.88199115,0.9999913,0.9777812,0,0.78296959400177
TSBD_WSSV_a3b514246a,1,0,2,0.8717059,0.0044205636,0.07747766,0.061608993,5.744031e-06,0.011569063,0,0.07103951275348663,0.102287844,0.056180753,2.7342505e-06,0.010544445,0,0.14599090814590454,0.8202346,0.88221025,0.99999154,0.9778865,0,0.78296959400177
TSBD_WSSV_9e8ca9f55f,1,0,2,0.87438923,0.0040218504,0.08152178,0.060074482,5.19037e-06,0.011405138,0,0.07103951275348663,0.09758923,0.05731926,3.0393248e-06,0.010685285,0,0.14599090814590454,0.82088894,0.8826062,0.9999918,0.97790956,0,0.78296959400177
TSBD_WSSV_978efa34a6,1,0,2,0.8708699,0.0045691896,0.07573794,0.060491286,5.3297167e-06,0.0112142,0,0.07103951275348663,0.10439351,0.056821942,2.9107953e-06,0.010808767,0,0.14599090814590454,0.81986856,0.8826868,0.9999918,0.97797704,0,0.78296959400177
TSBD_WSSV_4575fa460f,1,0,2,0.87419665,0.004045423,0.080940515,0.06162244,5.7350544e-06,0.011740227,0,0.07103951275348663,0.09787225,0.056258824,2.7745346e-06,0.010415574,0,0.14599090814590454,0.8211872,0.88211864,0.99999154,0.9778442,0,0.78296959400177
TSBD_WSSV_6e2231b074,1,0,2,0.8670873,0.0050582485,0.07341247,0.0590853,4.806245e-06,0.010762422,0,0.07103951275348663,0.109591305,0.058023147,3.2089981e-06,0.0113286935,0,0.14599090814590454,0.81699616,0.8828916,0.999992,0.97790885,0,0.78296959400177
TSBD_WSSV_18c088457d,1,0,2,0.8688258,0.004856676,0.0738909,0.059435878,4.9520722e-06,0.010873763,0,0.07103951275348663,0.107606515,0.057553317,3.1061413e-06,0.011135587,0,0.14599090814590454,0.81850266,0.8830108,0.9999919,0.9779907,0,0.78296959400177
TSBD_WSSV_77302aa089,1,0,2,0.8734436,0.004165752,0.08003609,0.062756784,6.210558e-06,0.011980999,0,0.07103951275348663,0.09873967,0.05532185,2.510865e-06,0.010165059,0,0.14599090814590454,0.8212243,0.8819214,0.9999913,0.97785395,0,0.78296959400177
TSBD_WSSV_bc1451b5cd,1,0,2,0.8720972,0.004411298,0.076712325,0.060565464,5.3754693e-06,0.011285939,0,0.07103951275348663,0.102640904,0.056643475,2.8898899e-06,0.010710411,0,0.14599090814590454,0.82064676,0.88279116,0.9999918,0.9780036,0,0.78296959400177
TSBD_WSSV_2c0825dfbc,1,1,2,0.8758249,0.0038615884,0.08435173,0.061173722,5.5653954e-06,0.011794304,0,0.07103951275348663,0.09358963,0.055961773,2.706502e-06,0.010172979,0,0.14599090814590454,0.8220587,0.88286453,0.99999166,0.97803277,1,0.78296959400177
TSBD_WSSV_21eca1a9bc,1,0,2,0.8716958,0.0043605724,0.08060141,0.060227584,5.2922755e-06,0.011425389,0,0.07103951275348663,0.100550495,0.05715871,3.0730225e-06,0.010815566,0,0.14599090814590454,0.8188481,0.8826137,0.99999166,0.97775906,0,0.78296959400177
TSBD_WSSV_a7578fa09c,1,1,2,0.8758688,0.003856673,0.08404921,0.061341934,5.620156e-06,0.0118169235,0,0.07103951275348663,0.09377974,0.055868085,2.6903974e-06,0.010160201,0,0.14599090814590454,0.82217103,0.8827899,0.99999166,0.9780229,1,0.78296959400177
TSBD_WSSV_8acd11d1ec,1,0,2,0.87499005,0.003998802,0.08141622,0.06006568,5.1748316e-06,0.011387464,0,0.07103951275348663,0.096853666,0.056820236,2.9146238e-06,0.010522054,0,0.14599090814590454,0.82173014,0.883114,0.999992,0.97809047,0,0.78296959400177
TSBD_WSSV_ce8f668353,1,1,2,0.8757598,0.0038675964,0.08415383,0.060787324,5.4198417e-06,0.011689411,0,0.07103951275348663,0.09390418,0.056314204,2.7807632e-06,0.010269615,0,0.14599090814590454,0.82194203,0.88289857,0.9999919,0.978041,1,0.78296959400177
TSBD_WSSV_c5bb7f551a,1,0,2,0.8749175,0.004001621,0.08115528,0.060716078,5.427154e-06,0.011539633,0,0.07103951275348663,0.09702655,0.05643409,2.8309876e-06,0.010435734,0,0.14599090814590454,0.8218181,0.8828499,0.99999166,0.97802466,0,0.78296959400177
TSBD_WSSV_95dc6e27d4,1,0,2,0.8699424,0.004589161,0.07912915,0.059897564,5.005865e-06,0.011205429,0,0.07103951275348663,0.103230126,0.057482865,3.0559443e-06,0.010937914,0,0.14599090814590454,0.8176407,0.88261956,0.9999919,0.9778567,0,0.78296959400177
TSBD_WSSV_309436940c,1,0,2,0.86876625,0.004761284,0.07602035,0.058249,4.58777e-06,0.01072422,0,0.07103951275348663,0.10702237,0.05893741,3.44449e-06,0.011475121,0,0.14599090814590454,0.8169572,0.8828135,0.999992,0.97780067,0,0.78296959400177
TSBD_WSSV_29362e9f5a,1,0,2,0.874202,0.0040934235,0.080632344,0.06067363,5.358175e-06,0.011483223,0,0.07103951275348663,0.09805375,0.056480575,2.8224074e-06,0.010474257,0,0.14599090814590454,0.8213139,0.88284576,0.9999918,0.97804254,0,0.78296959400177
TSBD_WSSV_e67891395a,1,0,2,0.87487173,0.0039767195,0.08322602,0.060683325,5.379865e-06,0.01162125,0,0.07103951275348663,0.09549397,0.056467045,2.8000163e-06,0.010359967,0,0.14599090814590454,0.82128,0.8828497,0.9999919,0.9780188,0,0.78296959400177
TSBD_WSSV_2653717417,1,0,2,0.87546283,0.003908581,0.083148636,0.0615234,5.6657104e-06,0.011808714,0,0.07103951275348663,0.09485123,0.055814482,2.660329e-06,0.01017472,0,0.14599090814590454,0.8220001,0.8826621,0.99999166,0.97801656,0,0.78296959400177
TSBD_WSSV_c98c109e0f,1,0,2,0.87498605,0.0040024696,0.08065429,0.06050937,5.3052026e-06,0.0114444485,0,0.07103951275348663,0.09738122,0.056575574,2.84602e-06,0.010471568,0,0.14599090814590454,0.8219645,0.882915,0.9999918,0.97808397,0,0.78296959400177
TSBD_WSSV_3339e18081,1,0,2,0.8750704,0.0039737048,0.0820359,0.061079845,5.542652e-06,0.011663619,0,0.07103951275348663,0.096125305,0.056122683,2.7545295e-06,0.010319278,0,0.14599090814590454,0.8218388,0.8827975,0.9999918,0.97801715,0,0.78296959400177
TSBD_WSSV_f675da990c,1,0,2,0.8754924,0.003925762,0.0827261,0.0604763,5.355222e-06,0.011564054,0,0.07103951275348663,0.09528245,0.05645956,2.8379322e-06,0.010375362,0,0.14599090814590454,0.8219914,0.8830641,0.9999918,0.9780606,0,0.78296959400177
TSBD_WSSV_e8d0267684,1,0,2,0.8753451,0.0039046537,0.084091194,0.061781336,5.8067094e-06,0.011937707,0,0.07103951275348663,0.09420192,0.055667087,2.6160665e-06,0.0101054665,0,0.14599090814590454,0.82170683,0.8825516,0.99999154,0.97795683,0,0.78296959400177
TSBD_WSSV_93ee9c6175,1,0,2,0.87390697,0.004130359,0.07978146,0.062094957,5.9117283e-06,0.011790831,0,0.07103951275348663,0.098613344,0.05561371,2.6057676e-06,0.01025786,0,0.14599090814590454,0.82160515,0.88229126,0.9999914,0.9779513,0,0.78296959400177
TSBD_WSSV_56b93bffca,1,0,2,0.8752047,0.0038711145,0.087344445,0.06185731,5.8320275e-06,0.012118307,0,0.07103951275348663,0.09175942,0.05573649,2.633222e-06,0.010034781,0,0.14599090814590454,0.82089615,0.8824061,0.99999154,0.97784686,0,0.78296959400177
TSBD_WSSV_05e0a12846,1,0,2,0.87517875,0.0037719356,0.08745528,0.06621772,7.778483e-06,0.013247523,0,0.07103951275348663,0.09142893,0.053437095,2.1593685e-06,0.0094551,0,0.14599090814590454,0.82111573,0.8803451,0.9999901,0.97729737,0,0.78296959400177
TSBD_WSSV_0bc0ac833f,1,0,2,0.8746914,0.0038597519,0.08807229,0.06485345,7.140481e-06,0.012933716,0,0.07103951275348663,0.09146016,0.054031424,2.2762836e-06,0.00960465,0,0.14599090814590454,0.82046753,0.88111514,0.9999906,0.97746164,0,0.78296959400177
TSBD_WSSV_026c64bd33,1,0,2,0.8740802,0.0040778993,0.08168908,0.06175735,5.753138e-06,0.011796913,0,0.07103951275348663,0.09719726,0.055824474,2.6490857e-06,0.010258635,0,0.14599090814590454,0.82111365,0.8824182,0.99999166,0.97794443,0,0.78296959400177
TSBD_WSSV_9f2b1f9f8f,1,0,2,0.8646162,0.005416302,0.07258347,0.060848765,5.459141e-06,0.011147777,0,0.07103951275348663,0.11119545,0.05665797,2.8840361e-06,0.011032016,0,0.14599090814590454,0.8162211,0.8824932,0.99999166,0.97782016,0,0.78296959400177
TSBD_WSSV_38f10d750a,1,1,2,0.87580407,0.0038594725,0.08369369,0.061159197,5.594786e-06,0.011773104,0,0.07103951275348663,0.094212174,0.056114815,2.7643136e-06,0.010252363,0,0.14599090814590454,0.8220942,0.882726,0.99999166,0.97797453,1,0.78296959400177
TSBD_WSSV_76536085a9,1,0,2,0.87543046,0.00392998,0.0824874,0.061306678,5.6241934e-06,0.011738571,0,0.07103951275348663,0.0953818,0.055891894,2.6907053e-06,0.010223091,0,0.14599090814590454,0.82213074,0.8828015,0.99999166,0.9780383,0,0.78296959400177
TSBD_WSSV_e36aec3084,1,0,2,0.8468495,0.0078790095,0.06686795,0.06136867,5.7062043e-06,0.011016353,0,0.07103951275348663,0.12712467,0.05652807,2.8796878e-06,0.011594028,0,0.14599090814590454,0.80600744,0.8821034,0.9999914,0.97738963,0,0.78296959400177
TSBD_WSSV_b632ff4665,1,0,2,0.8714515,0.004485051,0.07698277,0.06109192,5.5150754e-06,0.011405252,0,0.07103951275348663,0.10282876,0.05628313,2.7828878e-06,0.010608983,0,0.14599090814590454,0.8201884,0.882625,0.9999918,0.9779858,0,0.78296959400177
TSBD_WSSV_f392420764,1,0,1,0.5441264,0.053824462,0.062161747,0.06768073,8.136066e-06,0.013548237,0,0.07103951275348663,0.56799144,0.83231455,0.999962,0.94733393,0,0.14599090814590454,0.36984682,0.100004725,2.992265e-05,0.03911779,0,0.78296959400177
TSBD_WSSV_08f57edf07,1,0,2,0.8719391,0.0044227447,0.07699015,0.060630158,5.472658e-06,0.011346823,0,0.07103951275348663,0.102582805,0.05662005,2.8967547e-06,0.010711928,0,0.14599090814590454,0.82042706,0.8827498,0.99999166,0.9779413,0,0.78296959400177
TSBD_WSSV_922a715bec,1,1,2,0.8757255,0.003772772,0.0868221,0.061825566,5.829008e-06,0.012088578,0,0.07103951275348663,0.091985025,0.056247637,2.7901417e-06,0.010201952,0,0.14599090814590454,0.82119286,0.8819268,0.9999914,0.9777095,1,0.78296959400177
TSBD_WSSV_aa0b3c4c15,1,0,2,0.87405455,0.004008271,0.0815075,0.064919785,7.1788468e-06,0.012604677,0,0.07103951275348663,0.09694201,0.054435145,2.3581706e-06,0.009903114,0,0.14599090814590454,0.8215505,0.8806451,0.99999046,0.9774922,0,0.78296959400177
TSBD_WSSV_daa4ba808b,1,0,2,0.8755475,0.003833091,0.08515081,0.062991254,6.2503377e-06,0.012276956,0,0.07103951275348663,0.09315029,0.055099197,2.4695012e-06,0.009906481,0,0.14599090814590454,0.8216989,0.8819096,0.9999913,0.9778166,0,0.78296959400177
TSBD_WSSV_311dd1baf7,1,1,2,0.87588626,0.003813194,0.0848251,0.06213502,5.9249583e-06,0.01205301,0,0.07103951275348663,0.0931866,0.055593457,2.5910974e-06,0.010041638,0,0.14599090814590454,0.8219883,0.88227147,0.9999914,0.97790533,1,0.78296959400177
TSBD_WSSV_34ee093e2e,1,0,2,0.8745629,0.0039205784,0.086113155,0.06357128,6.576014e-06,0.012507613,0,0.07103951275348663,0.09324636,0.054815583,2.4523117e-06,0.009877186,0,0.14599090814590454,0.82064044,0.88161314,0.99999094,0.9776152,0,0.78296959400177
TSBD_WSSV_cbb32ff38a,1,0,2,0.8583588,0.006363133,0.06815272,0.060195964,5.24973e-06,0.010777892,0,0.07103951275348663,0.11840123,0.056824334,2.9676423e-06,0.011367878,0,0.14599090814590454,0.81344604,0.88297975,0.9999918,0.9778542,0,0.78296959400177
TSBD_WSSV_9291ca740d,1,0,2,0.8750204,0.0038275123,0.08718131,0.06443228,6.877835e-06,0.012753129,0,0.07103951275348663,0.09198401,0.05442128,2.3188143e-06,0.009690139,0,0.14599090814590454,0.82083464,0.8811465,0.9999908,0.97755665,0,0.78296959400177
TSBD_WSSV_73bc44153b,1,0,2,0.8749829,0.003770501,0.090359494,0.06588317,7.572688e-06,0.013301128,0,0.07103951275348663,0.089349926,0.05350344,2.141292e-06,0.009371066,0,0.14599090814590454,0.82029057,0.8806134,0.9999902,0.9773278,0,0.78296959400177
TSBD_WSSV_4491558e57,1,0,2,0.8732236,0.0035038926,0.094803534,0.0784983,1.6127866e-05,0.017063132,0,0.07103951275348663,0.086768575,0.04885603,1.4048251e-06,0.008202235,0,0.14599090814590454,0.8184279,0.87264574,0.9999825,0.9747346,0,0.78296959400177
TSBD_WSSV_1ee4a00587,1,1,2,0.8758044,0.0038561076,0.0845622,0.061153326,5.586384e-06,0.011812381,0,0.07103951275348663,0.09347556,0.056037296,2.6947446e-06,0.010166539,0,0.14599090814590454,0.82196224,0.88280934,0.99999166,0.9780211,1,0.78296959400177
TSBD_WSSV_ecb905238d,1,0,2,0.8739806,0.003943704,0.084040105,0.06610421,7.75868e-06,0.013050614,0,0.07103951275348663,0.095105365,0.053864393,2.2182462e-06,0.009675187,0,0.14599090814590454,0.82085454,0.8800313,0.99999,0.9772742,0,0.78296959400177
TSBD_WSSV_ccd255a2df,1,1,2,0.87577766,0.0038231001,0.087484024,0.06161584,5.7849043e-06,0.012080444,0,0.07103951275348663,0.09103768,0.05571858,2.6291068e-06,0.009999455,0,0.14599090814590454,0.8214783,0.8826656,0.99999154,0.9779201,1,0.78296959400177
TSBD_WSSV_584c5a10d0,1,0,2,0.8739932,0.0038305381,0.088311456,0.06773536,8.649346e-06,0.013727163,0,0.07103951275348663,0.09188134,0.053062506,2.0764644e-06,0.009374757,0,0.14599090814590454,0.81980723,0.8792021,0.9999893,0.97689813,0,0.78296959400177
TSBD_WSSV_aa58f57ab0,1,0,2,0.8734375,0.0037903888,0.09308551,0.06827463,8.814825e-06,0.0140960775,0,0.07103951275348663,0.088871315,0.05301262,2.0774428e-06,0.009269859,0,0.14599090814590454,0.8180432,0.8787127,0.99998915,0.976634,0,0.78296959400177
TSBD_WSSV_4f3b6f89a8,1,0,2,0.8751487,0.0037740376,0.086893864,0.06745433,8.384219e-06,0.013529424,0,0.07103951275348663,0.09160305,0.052669264,2.0029977e-06,0.009259584,0,0.14599090814590454,0.8215031,0.87987643,0.9999896,0.97721094,0,0.78296959400177
TSBD_WSSV_279702ba92,1,0,2,0.8749165,0.003955289,0.08447967,0.06134247,5.611732e-06,0.011839602,0,0.07103951275348663,0.0943335,0.055950396,2.6647654e-06,0.010172746,0,0.14599090814590454,0.8211868,0.8827072,0.9999918,0.97798765,0,0.78296959400177
TSBD_WSSV_9dc876dd17,1,0,2,0.8670235,0.0051123733,0.07395057,0.061313655,5.595176e-06,0.011307305,0,0.07103951275348663,0.1081158,0.05604618,2.7193503e-06,0.010736583,0,0.14599090814590454,0.8179336,0.8826401,0.99999166,0.9779561,0,0.78296959400177
TSBD_WSSV_0ce34b5766,1,0,2,0.87508076,0.0038491488,0.085256055,0.06474081,6.99257e-06,0.0127211055,0,0.07103951275348663,0.09330468,0.05419757,2.255967e-06,0.009665789,0,0.14599090814590454,0.8214393,0.8810616,0.9999907,0.97761315,0,0.78296959400177
TSBD_WSSV_6c3afb6716,1,0,2,0.86525714,0.004428922,0.085156344,0.08948659,2.8198765e-05,0.019527765,0,0.07103951275348663,0.09504469,0.047117196,1.2152803e-06,0.008107379,0,0.14599090814590454,0.81979895,0.8633963,0.99997056,0.97236484,0,0.78296959400177
TSBD_WSSV_366db07a25,1,1,2,0.8757045,0.003873445,0.08392626,0.061499517,5.7026045e-06,0.01185994,0,0.07103951275348663,0.094016105,0.05578968,2.6425835e-06,0.010127142,0,0.14599090814590454,0.82205766,0.8827109,0.99999166,0.9780129,1,0.78296959400177
TSBD_WSSV_b84a0005bf,1,0,2,0.874827,0.0039197383,0.08286405,0.06344045,6.4147316e-06,0.0122655695,0,0.07103951275348663,0.09558562,0.055139866,2.490966e-06,0.010019118,0,0.14599090814590454,0.8215503,0.8814196,0.99999106,0.9777153,0,0.78296959400177
TSBD_WSSV_6624c91a73,1,0,2,0.8753909,0.0037907558,0.0858684,0.06574309,7.5376147e-06,0.013034969,0,0.07103951275348663,0.092406325,0.053594057,2.1442124e-06,0.009487253,0,0.14599090814590454,0.8217253,0.88066286,0.99999034,0.9774777,0,0.78296959400177
TSBD_WSSV_8a1517bc0e,1,0,2,0.8746392,0.0040445887,0.08076451,0.061674923,5.7907496e-06,0.011753546,0,0.07103951275348663,0.097289175,0.055696562,2.64315e-06,0.010242728,0,0.14599090814590454,0.8219464,0.8826285,0.99999154,0.97800374,0,0.78296959400177
TSBD_WSSV_cada06cffd,1,0,2,0.8748283,0.0039559007,0.08300857,0.06274897,6.2844424e-06,0.012159856,0,0.07103951275348663,0.09541107,0.0552223,2.5113557e-06,0.010033484,0,0.14599090814590454,0.82158035,0.8820288,0.9999912,0.9778066,0,0.78296959400177
TSBD_WSSV_72abeff3dc,1,0,2,0.87471163,0.0037790174,0.08896552,0.066972464,8.2650495e-06,0.013563481,0,0.07103951275348663,0.09069058,0.053139634,2.0983148e-06,0.009354063,0,0.14599090814590454,0.82034385,0.8798879,0.9999896,0.97708243,0,0.78296959400177
TSBD_WSSV_71629aa3f2,1,1,2,0.87580055,0.0038808063,0.083163045,0.061078526,5.522101e-06,0.011708692,0,0.07103951275348663,0.09456157,0.056024186,2.694853e-06,0.010205594,0,0.14599090814590454,0.8222754,0.88289726,0.9999918,0.9780857,1,0.78296959400177
TSBD_WSSV_bd69e16b82,1,0,2,0.87257415,0.0043388754,0.077723674,0.060629055,5.381086e-06,0.011345029,0,0.07103951275348663,0.1015113,0.056537457,2.840957e-06,0.010623213,0,0.14599090814590454,0.82076496,0.8828335,0.9999918,0.9780318,0,0.78296959400177
TSBD_WSSV_6fd5eb945a,1,0,2,0.85675883,0.0064763557,0.069758385,0.05991576,5.095351e-06,0.010789779,0,0.07103951275348663,0.11923871,0.057390958,3.0601843e-06,0.011529238,0,0.14599090814590454,0.81100285,0.88269323,0.9999918,0.977681,0,0.78296959400177
TSBD_WSSV_7ed3990ccb,1,0,2,0.8456388,0.007660241,0.0652169,0.05453677,3.5530836e-06,0.009438096,0,0.07103951275348663,0.13498932,0.064177684,5.486821e-06,0.014289559,0,0.14599090814590454,0.7997938,0.88128555,0.99999094,0.97627234,0,0.78296959400177
TSBD_WSSV_8b1c70a3bc,1,0,2,0.87114406,0.0044720024,0.07648463,0.05885287,4.729629e-06,0.010855085,0,0.07103951275348663,0.10449172,0.058432784,3.3243725e-06,0.01124702,0,0.14599090814590454,0.8190237,0.8827144,0.9999919,0.97789794,0,0.78296959400177
TSBD_WSSV_f583f8e371,1,0,2,0.8485345,0.007628182,0.068078764,0.060476016,5.363952e-06,0.0108742835,0,0.07103951275348663,0.12567222,0.05684966,2.9619164e-06,0.011638933,0,0.14599090814590454,0.806249,0.8826743,0.99999166,0.9774868,0,0.78296959400177
TSBD_WSSV_493953f127,1,0,2,0.87238604,0.004326637,0.07882324,0.061647117,5.766309e-06,0.011649346,0,0.07103951275348663,0.10071412,0.055980895,2.7083427e-06,0.010448945,0,0.14599090814590454,0.8204626,0.88237196,0.99999154,0.97790176,0,0.78296959400177
TSBD_WSSV_1139b0bbb2,1,0,2,0.8726786,0.004260241,0.08043107,0.061617658,5.7849697e-06,0.01173772,0,0.07103951275348663,0.09937705,0.05600328,2.7201743e-06,0.010411746,0,0.14599090814590454,0.8201919,0.8823791,0.9999914,0.97785056,0,0.78296959400177
TSBD_WSSV_735499e204,1,0,2,0.8634818,0.0053986944,0.0793739,0.06216911,5.903441e-06,0.011812064,0,0.07103951275348663,0.10751286,0.055757508,2.6295932e-06,0.010639819,0,0.14599090814590454,0.8131133,0.8820733,0.9999914,0.9775481,0,0.78296959400177
TSBD_WSSV_01066cc969,1,0,2,0.8689287,0.0048485612,0.07504175,0.062086966,5.9655254e-06,0.01157151,0,0.07103951275348663,0.1056771,0.055570457,2.630175e-06,0.010534743,0,0.14599090814590454,0.8192812,0.88234264,0.9999914,0.97789377,0,0.78296959400177
TSBD_WSSV_941d089361,1,0,2,0.8671595,0.005035354,0.07593527,0.060347367,5.2507066e-06,0.011191366,0,0.07103951275348663,0.107234895,0.05676524,2.9089751e-06,0.010916689,0,0.14599090814590454,0.81682986,0.8828875,0.9999919,0.9778919,0,0.78296959400177
TSBD_WSSV_629e5c7c92,1,0,2,0.8314163,0.0077474928,0.09005788,0.12558502,0.00013788755,0.032173358,0,0.07103951275348663,0.102470264,0.043259177,9.530873e-07,0.0077047376,0,0.14599090814590454,0.8074719,0.83115584,0.9998611,0.9601219,0,0.78296959400177
TSBD_WSSV_cf01831715,1,0,2,0.86904633,0.0047427528,0.07734055,0.06355412,6.58801e-06,0.012059563,0,0.07103951275348663,0.10393552,0.055011082,2.5324257e-06,0.010351434,0,0.14599090814590454,0.818724,0.8814348,0.99999094,0.977589,0,0.78296959400177
TSBD_WSSV_2c0f3e0b28,1,0,2,0.87322825,0.0041723642,0.07998175,0.063145384,6.375201e-06,0.012075885,0,0.07103951275348663,0.09897457,0.05527489,2.551378e-06,0.01020341,0,0.14599090814590454,0.82104367,0.88157976,0.9999912,0.97772074,0,0.78296959400177
TSBD_WSSV_801c0b8b82,1,0,2,0.87348515,0.004204316,0.07959914,0.06088292,5.5442947e-06,0.011527901,0,0.07103951275348663,0.09930774,0.056248344,2.8099075e-06,0.01049233,0,0.14599090814590454,0.8210931,0.8828687,0.99999154,0.9779798,0,0.78296959400177
TSBD_WSSV_f2274525f7,1,1,2,0.87611145,0.0038036816,0.08540887,0.06170923,5.802674e-06,0.011992269,0,0.07103951275348663,0.09245469,0.05566605,2.6299244e-06,0.01004781,0,0.14599090814590454,0.82213646,0.8826248,0.99999154,0.9779599,1,0.78296959400177
TSBD_WSSV_2e17c58aad,1,1,2,0.8760399,0.0037927907,0.08638119,0.061985966,5.8911805e-06,0.012102346,0,0.07103951275348663,0.0917276,0.05553394,2.5906334e-06,0.009980633,0,0.14599090814590454,0.8218912,0.88248014,0.99999154,0.977917,1,0.78296959400177
TSBD_WSSV_bb9d07b1e5,1,1,2,0.8758823,0.0038415296,0.08416369,0.061564367,5.711258e-06,0.011880813,0,0.07103951275348663,0.09370733,0.05582712,2.6645976e-06,0.010135263,0,0.14599090814590454,0.8221289,0.88260853,0.99999166,0.97798395,1,0.78296959400177
TSBD_WSSV_950d6de8a1,1,0,2,0.86489916,0.0052730404,0.074058,0.06271515,6.1469063e-06,0.011659021,0,0.07103951275348663,0.109919414,0.056237783,2.7627332e-06,0.0108622415,0,0.14599090814590454,0.8160225,0.88104707,0.99999106,0.9774788,0,0.78296959400177
TSBD_WSSV_0b909fea6f,1,0,2,0.8677197,0.00489425,0.07694413,0.06431862,7.035686e-06,0.012268122,0,0.07103951275348663,0.10510695,0.054780163,2.4719636e-06,0.010326756,0,0.14599090814590454,0.81794894,0.8809013,0.99999046,0.97740513,0,0.78296959400177
TSBD_WSSV_50b41d3123,1,0,2,0.8755364,0.0038835322,0.084376164,0.061043277,5.52473e-06,0.011768855,0,0.07103951275348663,0.09392352,0.056192603,2.7451233e-06,0.010235214,0,0.14599090814590454,0.82170033,0.8827641,0.9999918,0.97799593,0,0.78296959400177
TSBD_WSSV_1d66e28720,1,0,2,0.87565166,0.003911445,0.082047805,0.061086655,5.555103e-06,0.011667504,0,0.07103951275348663,0.095563516,0.056047,2.720445e-06,0.010264055,0,0.14599090814590454,0.8223887,0.8828664,0.99999166,0.9780684,0,0.78296959400177
TSBD_WSSV_f9303a9060,1,0,2,0.86901975,0.004847748,0.07478098,0.062149864,5.952046e-06,0.011556732,0,0.07103951275348663,0.10570574,0.055494588,2.6040534e-06,0.0105076125,0,0.14599090814590454,0.81951326,0.88235563,0.9999914,0.9779356,0,0.78296959400177
TSBD_WSSV_ffd6ae5c1c,1,1,2,0.87584776,0.003791334,0.08621971,0.0625504,6.128283e-06,0.012242235,0,0.07103951275348663,0.0920863,0.055364095,2.545791e-06,0.0099474685,0,0.14599090814590454,0.82169396,0.88208544,0.9999914,0.9778103,1,0.78296959400177
TSBD_WSSV_6a97515cc2,1,0,2,0.8540584,0.006950833,0.06735237,0.061232816,5.5922364e-06,0.010965787,0,0.07103951275348663,0.12147019,0.056246873,2.7989477e-06,0.0112970155,0,0.14599090814590454,0.8111775,0.8825202,0.99999166,0.9777372,0,0.78296959400177
TSBD_WSSV_6a19d7effb,1,0,2,0.86028767,0.0059485203,0.07437957,0.0609025,5.4744064e-06,0.011270002,0,0.07103951275348663,0.11327381,0.056299128,2.8018053e-06,0.011023526,0,0.14599090814590454,0.8123467,0.8827984,0.99999166,0.97770643,0,0.78296959400177
TSBD_WSSV_9872bb742f,1,0,2,0.8740868,0.0039522136,0.08425333,0.06550966,7.444507e-06,0.01290063,0,0.07103951275348663,0.09487825,0.05400379,2.2471195e-06,0.009702316,0,0.14599090814590454,0.8208685,0.8804866,0.99999034,0.9773971,0,0.78296959400177
TSBD_WSSV_e44f2c0a8a,1,0,2,0.8752657,0.0039540147,0.0820415,0.061374594,5.6504027e-06,0.011733476,0,0.07103951275348663,0.09585936,0.055864204,2.675116e-06,0.010227153,0,0.14599090814590454,0.8220992,0.88276124,0.9999918,0.9780394,0,0.78296959400177
TSBD_WSSV_f1294af3d4,1,0,2,0.83199066,0.0032244911,0.14574505,0.17243677,0.00065013784,0.060356665,0,0.07103951275348663,0.07412873,0.039645463,7.7020195e-07,0.006388314,0,0.14599090814590454,0.7801262,0.7879177,0.9993492,0.933255,0,0.78296959400177
TSBD_WSSV_264790eb51,1,0,2,0.8741064,0.0038312757,0.08906542,0.067881666,8.60706e-06,0.01376689,0,0.07103951275348663,0.091031976,0.052664094,2.00163e-06,0.009243878,0,0.14599090814590454,0.81990266,0.8794543,0.9999894,0.9769892,0,0.78296959400177
TSBD_WSSV_11430ce0d0,1,0,2,0.87496716,0.003882463,0.08788326,0.06270563,6.191203e-06,0.012367844,0,0.07103951275348663,0.09145339,0.055156097,2.4967694e-06,0.009871805,0,0.14599090814590454,0.82066333,0.88213825,0.9999913,0.9777604,0,0.78296959400177
TSBD_WSSV_74c3607b95,1,0,2,0.8747116,0.0039498173,0.08255981,0.062078565,5.9160257e-06,0.011935557,0,0.07103951275348663,0.096179426,0.05600999,2.6770063e-06,0.010258216,0,0.14599090814590454,0.82126075,0.8819114,0.9999914,0.9778062,0,0.78296959400177
TSBD_WSSV_2c43cd74d0,1,0,2,0.8742792,0.0037609288,0.09220088,0.06677882,8.0650025e-06,0.013656514,0,0.07103951275348663,0.08875807,0.05355848,2.1800824e-06,0.009393211,0,0.14599090814590454,0.8190411,0.87966275,0.99998975,0.9769503,0,0.78296959400177
TSBD_WSSV_59d2b7350f,1,0,2,0.8756071,0.0038882922,0.08381682,0.06156537,5.714712e-06,0.011865503,0,0.07103951275348663,0.09416216,0.05571698,2.625815e-06,0.010114019,0,0.14599090814590454,0.82202107,0.88271755,0.99999166,0.97802055,0,0.78296959400177
TSBD_WSSV_5e189248db,1,0,2,0.87460655,0.0036664996,0.09091107,0.071130894,1.0481683e-05,0.01473343,0,0.07103951275348663,0.08887229,0.051137723,1.7311635e-06,0.008789112,0,0.14599090814590454,0.8202167,0.8777314,0.9999877,0.97647744,0,0.78296959400177
TSBD_WSSV_9f5ca0e80d,1,0,2,0.80708814,0.0047946144,0.15599328,0.2128309,0.0019684476,0.08476302,0,0.07103951275348663,0.0703698,0.037745833,7.57833e-07,0.006113219,0,0.14599090814590454,0.7736369,0.74942327,0.99803084,0.9091237,0,0.78296959400177
TSBD_WSSV_b626137b45,1,0,2,0.8736082,0.0037418352,0.091195606,0.07125089,1.0492845e-05,0.014772185,0,0.07103951275348663,0.08974815,0.051459614,1.7878003e-06,0.008906406,0,0.14599090814590454,0.8190563,0.8772895,0.9999877,0.9763214,0,0.78296959400177
TSBD_WSSV_27c2a5d56f,1,0,2,0.87559974,0.003864267,0.08441487,0.061852887,5.8333126e-06,0.011970519,0,0.07103951275348663,0.09374677,0.055679597,2.6226785e-06,0.010094113,0,0.14599090814590454,0.8218384,0.88246757,0.99999154,0.9779354,0,0.78296959400177
TSBD_WSSV_eee60542d7,1,0,2,0.66089517,0.037422393,0.057808384,0.060089804,5.3342587e-06,0.010745022,0,0.07103951275348663,0.249657,0.058847222,3.59424e-06,0.01641359,0,0.14599090814590454,0.6925346,0.8810629,0.99999106,0.9728414,0,0.78296959400177
TSBD_WSSV_d9ea0715c2,1,1,2,0.875792,0.00386988,0.08351321,0.061215136,5.558437e-06,0.011754031,0,0.07103951275348663,0.09431234,0.055997923,2.6777425e-06,0.010181825,0,0.14599090814590454,0.82217455,0.88278687,0.9999918,0.9780642,1,0.78296959400177
TSBD_WSSV_514bb3ccf8,0,0,0,0.39066306,0.102483034,0.2859847,0.7295179,0.9834277,0.73303366,0,0.07103951275348663,0.06868091,0.035257738,1.8814914e-06,0.0081761135,0,0.14599090814590454,0.6453344,0.23522435,0.016570449,0.25879022,0,0.78296959400177
TSBD_WSSV_d3cfe64d62,1,0,2,0.87397844,0.003952312,0.09275904,0.062897526,6.211239e-06,0.012636701,0,0.07103951275348663,0.0881349,0.05504837,2.4715014e-06,0.009722262,0,0.14599090814590454,0.819106,0.8820541,0.9999913,0.977641,0,0.78296959400177
TSBD_WSSV_f825fa69cd,1,1,2,0.8759298,0.0038145874,0.08514956,0.06152876,5.713927e-06,0.011928403,0,0.07103951275348663,0.09294149,0.05595859,2.6947214e-06,0.010140568,0,0.14599090814590454,0.82190895,0.8825126,0.99999154,0.977931,1,0.78296959400177
TSBD_WSSV_b899fa53da,1,0,2,0.8752443,0.0039340546,0.08268635,0.062061455,5.9062345e-06,0.011931326,0,0.07103951275348663,0.0953131,0.055488255,2.5897757e-06,0.0101111615,0,0.14599090814590454,0.8220005,0.8824502,0.9999914,0.9779575,0,0.78296959400177
TSBD_WSSV_8b9052d96f,1,0,2,0.8628937,0.0056056418,0.07366897,0.06210217,5.8017167e-06,0.011456292,0,0.07103951275348663,0.11143767,0.055905726,2.6420464e-06,0.010791697,0,0.14599090814590454,0.8148933,0.88199216,0.99999154,0.97775203,0,0.78296959400177
TSBD_WSSV_376e37e18c,1,0,2,0.8535881,0.006982757,0.06681834,0.060927104,5.5230275e-06,0.010886253,0,0.07103951275348663,0.12255228,0.056850627,2.9527273e-06,0.011512053,0,0.14599090814590454,0.8106293,0.8822223,0.99999154,0.9776017,0,0.78296959400177
TSBD_WSSV_33b7d18fc1,1,0,2,0.87485635,0.0037273709,0.092551365,0.06710896,8.141866e-06,0.013726517,0,0.07103951275348663,0.087665156,0.052873988,2.0250943e-06,0.009159419,0,0.14599090814590454,0.8197835,0.8800171,0.99998987,0.9771141,0,0.78296959400177
TSBD_WSSV_5ae365cdb5,1,0,2,0.8738005,0.003976384,0.08492437,0.06522672,7.4747268e-06,0.012922728,0,0.07103951275348663,0.094719335,0.054176435,2.313823e-06,0.009768243,0,0.14599090814590454,0.82035625,0.8805969,0.9999902,0.97730905,0,0.78296959400177
TSBD_WSSV_48983cce39,1,0,2,0.8139158,0.0065619783,0.12567817,0.1902945,0.00107472,0.06596956,0,0.07103951275348663,0.07612386,0.038639065,7.209963e-07,0.006264448,0,0.14599090814590454,0.798198,0.7710664,0.99892455,0.92776597,0,0.78296959400177
TSBD_WSSV_f41afb12de,1,0,2,0.8752354,0.0038114786,0.087077454,0.064471364,6.99744e-06,0.012793082,0,0.07103951275348663,0.09181661,0.05430618,2.3161333e-06,0.009670806,0,0.14599090814590454,0.82110584,0.8812225,0.9999907,0.9775361,0,0.78296959400177
TSBD_WSSV_719214e8fc,1,0,2,0.87343514,0.004189416,0.0790879,0.061584275,5.661956e-06,0.011612666,0,0.07103951275348663,0.09970638,0.05608287,2.6912085e-06,0.010405309,0,0.14599090814590454,0.8212057,0.8823328,0.99999166,0.97798204,0,0.78296959400177
TSBD_WSSV_f9b891c236,1,0,2,0.8749719,0.0039976584,0.08116583,0.061072975,5.4931033e-06,0.011598786,0,0.07103951275348663,0.0968684,0.056140874,2.7330886e-06,0.010332524,0,0.14599090814590454,0.8219657,0.8827862,0.9999918,0.9780687,0,0.78296959400177
TSBD_WSSV_60bf799ad0,1,0,2,0.8743259,0.0037537683,0.09253556,0.068041176,8.636357e-06,0.013979785,0,0.07103951275348663,0.088188685,0.05253279,1.9424604e-06,0.009078996,0,0.14599090814590454,0.8192757,0.87942606,0.9999895,0.9769413,0,0.78296959400177
TSBD_WSSV_3221471a09,1,0,2,0.87280804,0.0039636623,0.089113794,0.068570726,9.126669e-06,0.014001628,0,0.07103951275348663,0.09207136,0.052400075,1.9726006e-06,0.009236847,0,0.14599090814590454,0.8188149,0.87902915,0.9999888,0.9767615,0,0.78296959400177
TSBD_WSSV_81c77d6283,1,0,2,0.872115,0.003460587,0.09766525,0.08182269,1.9392857e-05,0.018243615,0,0.07103951275348663,0.085508086,0.047897745,1.2867432e-06,0.007954687,0,0.14599090814590454,0.81682664,0.87027943,0.99997926,0.9738016,0,0.78296959400177
TSBD_WSSV_7ba0bac7cd,1,0,2,0.87408173,0.0039927466,0.08653825,0.06240912,5.990868e-06,0.012198398,0,0.07103951275348663,0.09344553,0.055490755,2.5549193e-06,0.010022838,0,0.14599090814590454,0.82001615,0.8821001,0.99999154,0.97777873,0,0.78296959400177
TSBD_WSSV_b8b164e72b,1,0,2,0.8736285,0.004152882,0.08164991,0.06096669,5.480911e-06,0.011613897,0,0.07103951275348663,0.09767995,0.056183603,2.7532349e-06,0.010386191,0,0.14599090814590454,0.8206701,0.8828497,0.9999918,0.9779999,0,0.78296959400177
TSBD_WSSV_7942e3c67c,1,0,2,0.87550515,0.0039107045,0.08359225,0.060619026,5.3486433e-06,0.011616982,0,0.07103951275348663,0.09457348,0.05637541,2.798033e-06,0.01031318,0,0.14599090814590454,0.82183427,0.8830055,0.9999919,0.97806984,0,0.78296959400177
TSBD_WSSV_e572949946,1,0,2,0.8704411,0.003477523,0.10220721,0.08363792,2.1203412e-05,0.019081676,0,0.07103951275348663,0.08402149,0.04753986,1.2821705e-06,0.007883833,0,0.14599090814590454,0.81377125,0.8688222,0.99997747,0.97303456,0,0.78296959400177
TSBD_WSSV_a204c36610,1,0,2,0.87446505,0.004021189,0.08271827,0.061400283,5.5973e-06,0.011752612,0,0.07103951275348663,0.0961541,0.05603225,2.6857754e-06,0.010264819,0,0.14599090814590454,0.8211276,0.88256747,0.99999166,0.9779826,0,0.78296959400177
TSBD_WSSV_9c4b4f11b8,1,0,2,0.77869076,0.0070106075,0.1655364,0.24709083,0.0045290017,0.1092158,0,0.07103951275348663,0.07114611,0.03799308,9.074053e-07,0.0063733393,0,0.14599090814590454,0.76331747,0.7149161,0.99547005,0.8844109,0,0.78296959400177
TSBD_WSSV_687a703a75,1,0,2,0.8706372,0.004435935,0.08254585,0.06355642,6.5578715e-06,0.0123287,0,0.07103951275348663,0.099290945,0.054977458,2.4628866e-06,0.010129543,0,0.14599090814590454,0.81816316,0.8814662,0.99999094,0.97754174,0,0.78296959400177
TSBD_WSSV_60273dd644,1,0,2,0.8752745,0.0038707834,0.086331785,0.062111247,5.924405e-06,0.012128678,0,0.07103951275348663,0.09250771,0.05556171,2.5734994e-06,0.01000263,0,0.14599090814590454,0.8211605,0.8823271,0.9999914,0.9778687,0,0.78296959400177
TSBD_WSSV_c29e86db5b,1,0,2,0.8739717,0.0040886803,0.08207151,0.061790533,5.81363e-06,0.011844309,0,0.07103951275348663,0.09697731,0.055755213,2.6187647e-06,0.010221627,0,0.14599090814590454,0.82095116,0.8824542,0.99999154,0.9779341,0,0.78296959400177
TSBD_WSSV_79fa511ed0,1,0,2,0.8749465,0.0038826591,0.089527994,0.061725903,5.7206994e-06,0.012167594,0,0.07103951275348663,0.090131454,0.05584829,2.6346293e-06,0.009984447,0,0.14599090814590454,0.8203406,0.8824258,0.99999166,0.977848,0,0.78296959400177
TSBD_WSSV_58e35ef754,1,0,2,0.8750941,0.003886179,0.08632615,0.062541306,6.102581e-06,0.012239327,0,0.07103951275348663,0.09262908,0.055280827,2.519933e-06,0.009943236,0,0.14599090814590454,0.8210447,0.8821778,0.9999914,0.9778174,0,0.78296959400177
TSBD_WSSV_1ce4e5b49f,1,0,2,0.8716046,0.0039852327,0.09046419,0.059610363,5.002324e-06,0.011733239,0,0.07103951275348663,0.0941117,0.060974054,4.005307e-06,0.01149581,0,0.14599090814590454,0.81542414,0.8794156,0.99999094,0.97677094,0,0.78296959400177
TSBD_WSSV_ea57134108,1,0,2,0.8746116,0.0040274654,0.080939114,0.060240105,5.197716e-06,0.011391464,0,0.07103951275348663,0.097653575,0.056938723,2.9389735e-06,0.010582211,0,0.14599090814590454,0.8214074,0.88282126,0.9999918,0.97802633,0,0.78296959400177
TSBD_WSSV_8b1af1900d,1,0,2,0.875128,0.0039142165,0.0834307,0.06272997,6.1674655e-06,0.012133947,0,0.07103951275348663,0.09484001,0.055230066,2.5018535e-06,0.01000533,0,0.14599090814590454,0.82172924,0.88204,0.9999913,0.97786075,0,0.78296959400177
TSBD_WSSV_2f46cb1b79,1,1,2,0.8758001,0.0038689384,0.08374494,0.061123002,5.5183373e-06,0.01174041,0,0.07103951275348663,0.094123185,0.056036606,2.6937303e-06,0.010189921,0,0.14599090814590454,0.8221319,0.8828404,0.9999918,0.97806966,1,0.78296959400177
TSBD_WSSV_383e727d4a,1,0,2,0.86590713,0.003102528,0.10920511,0.10320917,5.389193e-05,0.025967097,0,0.07103951275348663,0.080825485,0.04385321,9.040033e-07,0.0070199915,0,0.14599090814590454,0.8099694,0.8529376,0.99994516,0.96701294,0,0.78296959400177
TSBD_WSSV_b076b7af44,1,1,2,0.8757176,0.0038178954,0.08603835,0.06250438,6.1474175e-06,0.012236279,0,0.07103951275348663,0.092301264,0.05529871,2.549238e-06,0.009952575,0,0.14599090814590454,0.82166034,0.88219684,0.9999913,0.9778111,1,0.78296959400177
TSBD_WSSV_6a65b3c303,1,0,2,0.8752547,0.003826321,0.086438216,0.06368557,6.5400473e-06,0.012519217,0,0.07103951275348663,0.09241099,0.05482053,2.4115632e-06,0.009812578,0,0.14599090814590454,0.8211509,0.8814939,0.99999106,0.97766817,0,0.78296959400177
TSBD_WSSV_d552ad13be,1,0,2,0.8728849,0.004221092,0.07945031,0.05912501,4.838788e-06,0.0110704675,0,0.07103951275348663,0.100747675,0.058141787,3.207352e-06,0.010996883,0,0.14599090814590454,0.819802,0.88273317,0.9999919,0.9779327,0,0.78296959400177
TSBD_WSSV_64069923e3,1,0,2,0.8307118,0.004836701,0.12448371,0.17096579,0.0006202554,0.056070525,0,0.07103951275348663,0.07569776,0.039009716,7.0959493e-07,0.006252173,0,0.14599090814590454,0.79981846,0.7900244,0.99937904,0.9376773,0,0.78296959400177
