sample_id,tri_consensus,selected,consensus_class,tri_score,source_ema_js,p_source_BG,p_ema_BG,p_proto_BG,q_consensus_BG,selected_BG,target_prior_BG,p_source_Healthy,p_ema_Healthy,p_proto_Healthy,q_consensus_Healthy,selected_Healthy,target_prior_Healthy,p_source_WSSV,p_ema_WSSV,p_proto_WSSV,q_consensus_WSSV,selected_WSSV,target_prior_WSSV
TSBD_BG_b9ded89290,1,1,0,0.88852024,0.003960846,0.84227574,0.90148014,0.99998856,0.9793759,1,0.12382497638463974,0.08082424,0.05156863,6.3883363e-06,0.010879316,0,0.21459929645061493,0.07690009,0.04695125,4.962811e-06,0.009744784,0,0.6615757346153259
TSBD_BG_ec6804e1c1,1,1,0,0.88864315,0.0039658565,0.8424779,0.9017281,0.9999888,0.9794469,1,0.12382497638463974,0.081102766,0.050744306,5.979106e-06,0.010670048,0,0.21459929645061493,0.076419264,0.047527544,5.24154e-06,0.009883039,0,0.6615757346153259
TSBD_BG_e6c7f786d1,0,0,1,0.27535596,0.16313387,0.67083925,0.14084746,0.000111221125,0.090384565,0,0.12382497638463974,0.27656063,0.81297374,0.9998878,0.901062,0,0.21459929645061493,0.052600116,0.046178795,8.9323436e-07,0.008553441,0,0.6615757346153259
TSBD_BG_27046d49de,1,1,0,0.8805838,0.00487482,0.83551854,0.9009551,0.99998856,0.9789356,1,0.12382497638463974,0.075116895,0.050158422,5.5047426e-06,0.010192117,0,0.21459929645061493,0.08936456,0.04888649,5.944598e-06,0.010872301,0,0.6615757346153259
TSBD_BG_ef94f9e30a,1,0,2,0.87200534,0.0040076827,0.09668987,0.06510659,1.0451234e-05,0.014457585,0,0.12382497638463974,0.08705666,0.054760437,2.3709306e-06,0.00958235,0,0.21459929645061493,0.81625354,0.88013303,0.9999871,0.97596,0,0.6615757346153259
TSBD_BG_014cc1626a,1,0,2,0.85023296,0.0042115618,0.13133794,0.100198865,7.446588e-05,0.029359821,0,0.12382497638463974,0.08374364,0.047872026,1.4131841e-06,0.008140415,0,0.21459929645061493,0.78491837,0.8519291,0.99992406,0.9624998,0,0.6615757346153259
TSBD_BG_ab942e7799,0,0,1,0.37242067,0.10382273,0.07636594,0.035768222,3.2456826e-06,0.00954142,0,0.12382497638463974,0.1491765,0.57673365,0.9224042,0.51937544,0,0.21459929645061493,0.7744575,0.38749817,0.07759251,0.4710832,0,0.6615757346153259
TSBD_BG_92d3bac25d,1,0,1,0.70081043,0.026997332,0.24223943,0.07782392,8.289876e-06,0.021952491,0,0.12382497638463974,0.68763715,0.85890085,0.9999887,0.9674683,0,0.21459929645061493,0.07012336,0.0632752,3.0046626e-06,0.01057922,0,0.6615757346153259
TSBD_BG_3179613a58,1,0,1,0.6604981,0.025433999,0.3240991,0.1480544,0.00017177175,0.06191699,0,0.12382497638463974,0.5986764,0.8005987,0.9998265,0.9288199,0,0.21459929645061493,0.07722452,0.05134696,1.7162913e-06,0.009263112,0,0.6615757346153259
TSBD_BG_72fcb5ad43,1,0,1,0.7159801,0.023995757,0.2403717,0.08437711,1.199076e-05,0.024378018,0,0.12382497638463974,0.692541,0.85642254,0.9999857,0.96601343,0,0.21459929645061493,0.06708725,0.05920035,2.3623143e-06,0.009608515,0,0.6615757346153259
TSBD_BG_1adf4fa166,0,0,1,0.39549568,0.093942694,0.7895969,0.41439402,0.062173683,0.47739163,0,0.12382497638463974,0.14442803,0.5468577,0.9378239,0.5135364,0,0.21459929645061493,0.065975,0.038748223,2.4541323e-06,0.009071959,0,0.6615757346153259
TSBD_BG_19f57a7d83,1,1,1,0.8351279,0.006801104,0.13770121,0.07400755,6.7269857e-06,0.016261727,0,0.12382497638463974,0.77510285,0.8609496,0.99998987,0.9723329,1,0.21459929645061493,0.08719593,0.06504291,3.3960682e-06,0.011405363,0,0.6615757346153259
TSBD_BG_b06b80d500,0,0,1,0.14789595,0.2650345,0.7622416,0.09295544,1.7616801e-05,0.06269895,0,0.12382497638463974,0.18567643,0.8508342,0.99998057,0.924937,0,0.21459929645061493,0.052082047,0.056210402,1.7840575e-06,0.012363995,0,0.6615757346153259
TSBD_BG_5c745e387f,0,0,1,0.23108432,0.19339532,0.78492516,0.20694953,0.0008356787,0.18883005,0,0.12382497638463974,0.16244282,0.7527608,0.9991636,0.80260605,0,0.21459929645061493,0.052631985,0.040289637,7.2080024e-07,0.008563899,0,0.6615757346153259
TSBD_BG_c333741c9b,0,0,1,0.20253348,0.21182913,0.6693735,0.07947721,9.224429e-06,0.04346061,0,0.12382497638463974,0.27478328,0.8585222,0.99998796,0.94373167,0,0.21459929645061493,0.055843238,0.062000632,2.7682236e-06,0.012807748,0,0.6615757346153259
TSBD_BG_a3ac70c2de,1,0,1,0.66922724,0.031800725,0.27131504,0.08526109,1.2098654e-05,0.025977537,0,0.12382497638463974,0.66192037,0.8553402,0.9999857,0.964362,0,0.21459929645061493,0.066764645,0.05939871,2.257051e-06,0.009660422,0,0.6615757346153259
TSBD_BG_6ff47981ea,1,0,1,0.76222104,0.01698174,0.20370647,0.08000191,9.349003e-06,0.021074137,0,0.12382497638463974,0.7244994,0.858443,0.99998796,0.96879625,0,0.21459929645061493,0.07179412,0.061555058,2.6836174e-06,0.010129635,0,0.6615757346153259
TSBD_BG_64274bed67,1,1,1,0.852049,0.004550794,0.11688045,0.07617592,7.640559e-06,0.015880827,0,0.12382497638463974,0.7876981,0.8601343,0.9999893,0.97274756,1,0.21459929645061493,0.095421426,0.06368971,3.0687922e-06,0.011371585,0,0.6615757346153259
TSBD_BG_7031e4d230,0,0,1,0.12896001,0.2867096,0.7740335,0.08144015,9.911322e-06,0.054588057,0,0.12382497638463974,0.17162669,0.85691744,0.99998736,0.93079555,0,0.21459929645061493,0.054339822,0.061642475,2.6660528e-06,0.014616358,0,0.6615757346153259
TSBD_BG_03136a4786,1,0,2,0.8172485,0.008124922,0.08268274,0.035092194,1.3891081e-06,0.0069653443,0,0.12382497638463974,0.109804176,0.16889904,0.0009945546,0.05809382,0,0.21459929645061493,0.80751306,0.79600877,0.99900407,0.9349409,0,0.6615757346153259
TSBD_BG_daacfdf534,1,1,0,0.87619585,0.005115891,0.83175,0.8958917,0.99998,0.97675025,1,0.12382497638463974,0.08324816,0.062386308,1.713587e-05,0.014654643,0,0.21459929645061493,0.08500184,0.04172198,2.8350962e-06,0.008595088,0,0.6615757346153259
TSBD_BG_873a3617a3,1,0,2,0.85995775,0.005655148,0.107640125,0.054227713,5.029497e-06,0.011975542,0,0.12382497638463974,0.08261513,0.066328555,6.429543e-06,0.012553702,0,0.21459929645061493,0.80974483,0.87944376,0.99998856,0.97547084,0,0.6615757346153259
TSBD_BG_abfa756b67,1,1,0,0.88588417,0.004249611,0.8398153,0.90128857,0.99998844,0.9791732,1,0.12382497638463974,0.08051773,0.051519886,6.4141705e-06,0.010878932,0,0.21459929645061493,0.07966691,0.047191568,5.089506e-06,0.009947843,0,0.6615757346153259
TSBD_BG_897409ab6a,1,0,2,0.86952424,0.0044233035,0.08498283,0.058233645,6.635075e-06,0.012005193,0,0.12382497638463974,0.10021559,0.06027481,3.89166e-06,0.011609707,0,0.21459929645061493,0.8148016,0.8814915,0.9999894,0.9763851,0,0.6615757346153259
TSBD_BG_029a32b87f,1,0,2,0.8526737,0.0059156846,0.12154743,0.07097366,1.5365253e-05,0.017725961,0,0.12382497638463974,0.082072586,0.052794926,2.053428e-06,0.009042301,0,0.21459929645061493,0.79638,0.8762314,0.9999826,0.97323173,0,0.6615757346153259
TSBD_BG_ad84846145,0,0,1,0.3377745,0.12157369,0.51499254,0.08736356,1.3900053e-05,0.039110135,0,0.12382497638463974,0.419264,0.8512602,0.99998343,0.9491925,0,0.21459929645061493,0.06574347,0.061376233,2.7003307e-06,0.011697392,0,0.6615757346153259
TSBD_BG_6250909f04,1,1,1,0.8547473,0.0043023303,0.110368766,0.07442781,6.944753e-06,0.015092392,0,0.12382497638463974,0.7906559,0.8607949,0.9999896,0.97308195,1,0.21459929645061493,0.098975316,0.064777255,3.3923511e-06,0.011825632,0,0.6615757346153259
TSBD_Healthy_c7fd512124,1,0,2,0.8603001,0.0026979814,0.0676059,0.035472006,1.1620945e-06,0.0062914155,0,0.12382497638463974,0.12811938,0.12878853,0.00020817282,0.03967818,0,0.21459929645061493,0.8042747,0.8357395,0.9997906,0.95403033,0,0.6615757346153259
TSBD_Healthy_1ab857c1ee,0,0,1,0.4761091,0.06055215,0.054300755,0.033029422,2.5324764e-06,0.007073495,0,0.12382497638463974,0.23016393,0.5666908,0.89349365,0.5422188,0,0.21459929645061493,0.71553534,0.40027976,0.106503814,0.45070773,0,0.6615757346153259
TSBD_Healthy_a4108c60ab,1,0,1,0.44331592,0.0831123,0.06386942,0.06786655,4.6884124e-06,0.0125456145,0,0.12382497638463974,0.5336332,0.8606084,0.9999901,0.9624668,0,0.21459929645061493,0.40249744,0.07152511,5.209702e-06,0.024987634,0,0.6615757346153259
TSBD_Healthy_603954b4fc,1,0,2,0.30031306,0.10329754,0.19542544,0.046319243,1.8353674e-05,0.018899782,0,0.12382497638463974,0.07626996,0.4356026,0.43342233,0.27930126,0,0.21459929645061493,0.7283046,0.5180782,0.5665593,0.701799,0,0.6615757346153259
TSBD_Healthy_a7669a6337,1,0,1,0.66175175,0.032356672,0.1109167,0.06490444,4.136913e-06,0.013650262,0,0.12382497638463974,0.6463439,0.8563941,0.9999871,0.96360165,0,0.21459929645061493,0.24273935,0.07870148,8.75185e-06,0.022748072,0,0.6615757346153259
TSBD_Healthy_0969d7950f,0,0,1,0.2837808,0.15291281,0.09642839,0.0407448,3.7745983e-06,0.013064524,0,0.12382497638463974,0.11825278,0.63567173,0.9746616,0.584016,0,0.21459929645061493,0.7853188,0.32358345,0.025334679,0.40291947,0,0.6615757346153259
TSBD_Healthy_3535a7f645,1,0,1,0.54054075,0.058908455,0.060105193,0.06501412,4.1512994e-06,0.01133246,0,0.12382497638463974,0.5963512,0.86032027,0.9999893,0.96435404,0,0.21459929645061493,0.34354362,0.07466564,6.541539e-06,0.024313565,0,0.6615757346153259
TSBD_Healthy_28874652ec,0,0,1,0.21481602,0.20425263,0.073623195,0.04195998,1.3292517e-06,0.011060174,0,0.12382497638463974,0.17062785,0.78016776,0.99942505,0.827869,0,0.21459929645061493,0.755749,0.17787223,0.00057363114,0.16107082,0,0.6615757346153259
TSBD_Healthy_c9a3ba4645,1,0,1,0.6459673,0.03570477,0.2810835,0.084648706,1.1348496e-05,0.026116736,0,0.12382497638463974,0.643778,0.8551238,0.9999863,0.9635608,0,0.21459929645061493,0.07513847,0.060227487,2.3689756e-06,0.010322416,0,0.6615757346153259
TSBD_Healthy_ec9cff4659,0,0,1,0.108953856,0.30953896,0.75160867,0.09547855,1.9979821e-05,0.07586131,0,0.12382497638463974,0.11094384,0.84017,0.99997675,0.8996979,0,0.21459929645061493,0.13744748,0.06435143,3.2949372e-06,0.024440829,0,0.6615757346153259
TSBD_Healthy_d0dd7481d3,1,1,1,0.8475648,0.00505157,0.11591804,0.0757599,7.659869e-06,0.015830047,0,0.12382497638463974,0.7832828,0.8599682,0.99998903,0.9723553,1,0.21459929645061493,0.100799166,0.06427184,3.2796283e-06,0.011814667,0,0.6615757346153259
TSBD_Healthy_9b9c4b2008,0,0,1,0.4983297,0.059010595,0.05997442,0.03778554,1.7456446e-06,0.0078643765,0,0.12382497638463974,0.35251382,0.6909081,0.9923683,0.76519805,0,0.21459929645061493,0.5875118,0.2713064,0.007630012,0.22693756,0,0.6615757346153259
TSBD_Healthy_6af33a64f0,1,0,1,0.7436449,0.019502379,0.07161141,0.0606753,3.3488332e-06,0.010575143,0,0.12382497638463974,0.70944405,0.85621035,0.99998546,0.9664731,0,0.21459929645061493,0.21894452,0.083114296,1.1237804e-05,0.022951754,0,0.6615757346153259
TSBD_Healthy_11508a2a47,1,1,0,0.84481823,0.009366226,0.8075747,0.90046346,0.99998844,0.9775152,1,0.12382497638463974,0.11366509,0.049452927,5.058739e-06,0.011634966,0,0.21459929645061493,0.07876019,0.05008364,6.587943e-06,0.0108497925,0,0.6615757346153259
TSBD_Healthy_9c80ffce77,0,0,1,0.24374673,0.18291667,0.063292265,0.048101183,1.771501e-06,0.010924668,0,0.12382497638463974,0.25266686,0.8214428,0.999887,0.8989575,0,0.21459929645061493,0.68404084,0.13045602,0.00011127058,0.090117864,0,0.6615757346153259
TSBD_Healthy_fdc6d1fa33,1,0,1,0.52978,0.060088918,0.06361643,0.06182549,3.5654205e-06,0.011062228,0,0.12382497638463974,0.5779729,0.8556793,0.9999857,0.9601792,0,0.21459929645061493,0.35841066,0.082495265,1.073936e-05,0.028758615,0,0.6615757346153259
TSBD_Healthy_8c646c1060,0,0,0,0.15979612,0.24812515,0.24891572,0.8967821,0.9999838,0.9449865,0,0.12382497638463974,0.65043867,0.05751356,1.1625735e-05,0.039600674,0,0.21459929645061493,0.10064559,0.04570438,4.561651e-06,0.0154128615,0,0.6615757346153259
TSBD_Healthy_1b2ea804f3,1,0,1,0.8061203,0.009917527,0.14360954,0.080097616,9.173119e-06,0.01843159,0,0.12382497638463974,0.7452881,0.8570836,0.99998796,0.969593,0,0.21459929645061493,0.111102425,0.06281882,2.8750842e-06,0.011975408,0,0.6615757346153259
TSBD_Healthy_181a36e89e,0,0,1,0.23396125,0.16920988,0.44231042,0.07169441,6.0739735e-06,0.031915415,0,0.12382497638463974,0.30219904,0.8539814,0.9999875,0.940993,0,0.21459929645061493,0.25549057,0.07432418,6.4499013e-06,0.027091533,0,0.6615757346153259
TSBD_Healthy_b13db56cba,1,0,2,0.83523875,0.0020534408,0.060929805,0.034080483,1.1659489e-06,0.0060121715,0,0.12382497638463974,0.17352757,0.17202912,0.0010621063,0.07021193,0,0.21459929645061493,0.7655426,0.7938904,0.9989367,0.92377585,0,0.6615757346153259
TSBD_Healthy_e91e5f3d2c,1,0,1,0.705038,0.026282866,0.24149422,0.07903439,8.755252e-06,0.022295987,0,0.12382497638463974,0.6900241,0.85914856,0.99998856,0.96754384,0,0.21459929645061493,0.06848172,0.061817,2.71372e-06,0.010160172,0,0.6615757346153259
TSBD_Healthy_b9f53cb41a,1,0,1,0.5178259,0.06112538,0.37868077,0.0949209,1.9097442e-05,0.03546706,0,0.12382497638463974,0.5554782,0.848832,0.99997914,0.9550434,0,0.21459929645061493,0.06584101,0.056247067,1.8156994e-06,0.009489627,0,0.6615757346153259
TSBD_Healthy_eb22129a24,1,1,0,0.87590027,0.0053804955,0.8312197,0.90030134,0.9999877,0.9783304,1,0.12382497638463974,0.097594246,0.05209093,6.9643443e-06,0.011926936,0,0.21459929645061493,0.07118613,0.047607817,5.3872873e-06,0.009742698,0,0.6615757346153259
TSBD_Healthy_968a78b93d,1,0,1,0.7836817,0.01328643,0.18329033,0.08221988,1.0347043e-05,0.020913277,0,0.12382497638463974,0.7324252,0.8571678,0.9999871,0.96864825,0,0.21459929645061493,0.0842845,0.0606124,2.4788962e-06,0.010438459,0,0.6615757346153259
TSBD_Healthy_c7a3a188a8,0,0,1,0.25602192,0.17158845,0.62599796,0.11760224,5.4654614e-05,0.0712153,0,0.12382497638463974,0.2752372,0.82924175,0.99994373,0.91592395,0,0.21459929645061493,0.09876481,0.053155996,1.5866592e-06,0.012860748,0,0.6615757346153259
TSBD_Healthy_f55a2f1b43,0,0,1,0.18330769,0.23039915,0.06880145,0.039545275,1.1433644e-06,0.010844379,0,0.12382497638463974,0.13001908,0.77160454,0.9991691,0.79592836,0,0.21459929645061493,0.80117947,0.18885027,0.0008297918,0.19322722,0,0.6615757346153259
TSBD_Healthy_11a0ec4d06,1,0,2,0.86730105,0.004422322,0.08774751,0.067482345,1.2363359e-05,0.014718394,0,0.12382497638463974,0.09948945,0.055589505,2.608083e-06,0.010325192,0,0.21459929645061493,0.81276304,0.8769281,0.999985,0.9749564,0,0.6615757346153259
TSBD_Healthy_dda7c6bbc5,1,0,1,0.6346375,0.036669955,0.06008177,0.052105796,1.8714727e-06,0.008574525,0,0.12382497638463974,0.6281533,0.8472969,0.9999702,0.9562052,0,0.21459929645061493,0.31176496,0.10059726,2.791718e-05,0.035220243,0,0.6615757346153259
TSBD_Healthy_b83d452fe7,1,0,2,0.8478904,0.00535478,0.07901298,0.034984767,1.1093133e-06,0.0065270965,0,0.12382497638463974,0.104051225,0.13429946,0.0002527859,0.038993284,0,0.21459929645061493,0.8169357,0.8307158,0.99974614,0.95447963,0,0.6615757346153259
TSBD_Healthy_ec04a77054,1,1,1,0.84984326,0.0049732532,0.09846837,0.074356325,6.9335088e-06,0.014508987,0,0.12382497638463974,0.7878944,0.86049855,0.9999896,0.9729715,1,0.21459929645061493,0.113637224,0.065145135,3.4757272e-06,0.012519521,0,0.6615757346153259
TSBD_Healthy_63480c13ab,1,1,1,0.833664,0.007053748,0.098885104,0.073039494,6.406936e-06,0.014260675,0,0.12382497638463974,0.77454555,0.86138743,0.99999,0.9725643,1,0.21459929645061493,0.12656933,0.06557299,3.5684975e-06,0.013175032,0,0.6615757346153259
TSBD_Healthy_a334fe0843,1,1,1,0.8341966,0.006937202,0.1381306,0.07384292,6.7468127e-06,0.016275248,0,0.12382497638463974,0.7744015,0.8611907,0.99998987,0.9722985,1,0.21459929645061493,0.08746792,0.06496642,3.4150385e-06,0.011426255,0,0.6615757346153259
TSBD_Healthy_af48f4f88b,1,0,1,0.6299488,0.037441157,0.30145732,0.09509076,1.8988458e-05,0.031573597,0,0.12382497638463974,0.6234049,0.8479384,0.99997914,0.9586643,0,0.21459929645061493,0.07513776,0.056970794,1.9323247e-06,0.009762131,0,0.6615757346153259
TSBD_Healthy_58fc6d9018,0,0,1,0.32385242,0.12860224,0.52190787,0.08502934,1.1928775e-05,0.03813559,0,0.12382497638463974,0.40355113,0.8520768,0.9999851,0.94913083,0,0.21459929645061493,0.074541,0.06289385,2.940776e-06,0.012733617,0,0.6615757346153259
TSBD_Healthy_ed8a98aaef,1,0,2,0.47138625,0.063986495,0.1263567,0.0337081,3.8986127e-06,0.00965505,0,0.12382497638463974,0.09935784,0.37793967,0.17325063,0.22393838,0,0.21459929645061493,0.7742854,0.58835226,0.82674545,0.7664066,0,0.6615757346153259
TSBD_Healthy_c1a36abd3d,0,0,1,0.1797748,0.22702606,0.12929319,0.06918765,5.0892304e-06,0.021403307,0,0.12382497638463974,0.23661998,0.8589452,0.9999896,0.94034606,0,0.21459929645061493,0.6340868,0.07186715,5.2699943e-06,0.038250662,0,0.6615757346153259
TSBD_Healthy_ba89f16ead,1,1,1,0.8420047,0.0058671385,0.10577161,0.07389847,6.781025e-06,0.014814712,0,0.12382497638463974,0.7796943,0.8609639,0.99998975,0.97260135,1,0.21459929645061493,0.114534095,0.06513765,3.4652328e-06,0.0125839515,0,0.6615757346153259
TSBD_Healthy_ff7717e05f,1,1,0,0.8756779,0.0054863812,0.8327275,0.89989114,0.99998677,0.97839,1,0.12382497638463974,0.07649536,0.055340976,9.2745395e-06,0.011913885,0,0.21459929645061493,0.09077707,0.044767834,3.9546126e-06,0.009696142,0,0.6615757346153259
TSBD_Healthy_9697828448,0,0,1,0.23212214,0.15961736,0.33126542,0.056774445,2.4830401e-06,0.021483056,0,0.12382497638463974,0.30967543,0.8480324,0.999977,0.9359868,0,0.21459929645061493,0.35905918,0.09519311,2.0499172e-05,0.042530123,0,0.6615757346153259
TSBD_Healthy_0dc7202194,1,0,1,0.7461836,0.019273374,0.10265787,0.07068273,5.5860924e-06,0.014237758,0,0.12382497638463974,0.71003646,0.86033416,0.99999,0.9691462,0,0.21459929645061493,0.18730569,0.06898314,4.4595545e-06,0.016616022,0,0.6615757346153259
TSBD_Healthy_aafafefd6f,0,0,1,0.29473412,0.13668811,0.16977653,0.04331176,6.3251396e-06,0.017124975,0,0.12382497638463974,0.10978077,0.5829766,0.93820643,0.5124753,0,0.21459929645061493,0.7204427,0.37371168,0.061787177,0.47039968,0,0.6615757346153259
TSBD_Healthy_3e37e6f481,0,0,1,0.22982132,0.18854168,0.066307895,0.07226081,5.980473e-06,0.016247043,0,0.12382497638463974,0.31962487,0.85824645,0.9999895,0.95087135,0,0.21459929645061493,0.61406714,0.06949277,4.5097713e-06,0.03288155,0,0.6615757346153259
TSBD_Healthy_d5c6d15d07,0,0,2,0.107892565,0.27437633,0.7259581,0.054799758,3.6863883e-05,0.048893634,0,0.12382497638463974,0.07250929,0.39215478,0.24399291,0.3074905,0,0.21459929645061493,0.20153254,0.55304545,0.7559702,0.6436159,0,0.6615757346153259
TSBD_Healthy_968206666f,1,0,2,0.8661214,0.0044088624,0.079172626,0.04983972,3.5173439e-06,0.00964302,0,0.12382497638463974,0.111754514,0.07305937,1.0173997e-05,0.015981045,0,0.21459929645061493,0.80907285,0.8771009,0.9999863,0.97437596,0,0.6615757346153259
TSBD_Healthy_cacd4fa5f3,1,0,2,0.6258662,0.025166184,0.07010772,0.040921535,8.637913e-06,0.009735239,0,0.12382497638463974,0.164626,0.35782602,0.118606366,0.2341084,0,0.21459929645061493,0.76526624,0.60125244,0.88138497,0.7561564,0,0.6615757346153259
TSBD_Healthy_c00e285b89,1,1,2,0.8750221,0.0038846508,0.083059296,0.05459519,5.036836e-06,0.010922812,0,0.12382497638463974,0.09666079,0.06264846,4.6089476e-06,0.012038307,0,0.21459929645061493,0.82027984,0.8827564,0.99999034,0.9770389,1,0.6615757346153259
TSBD_Healthy_e318b96772,1,1,2,0.8749112,0.0038963468,0.082143106,0.053002343,4.441306e-06,0.010469495,0,0.12382497638463974,0.097686484,0.06425276,5.2804317e-06,0.01255794,0,0.21459929645061493,0.8201704,0.88274497,0.99999034,0.9769726,1,0.6615757346153259
TSBD_Healthy_f874d1c34c,1,1,2,0.87547266,0.0038247313,0.081525475,0.053356644,4.5886104e-06,0.010539961,0,0.12382497638463974,0.09780754,0.063997895,5.199914e-06,0.012500267,0,0.21459929645061493,0.820667,0.8826455,0.9999902,0.97695976,1,0.6615757346153259
TSBD_Healthy_a486752b98,1,0,2,0.86406404,0.0030864216,0.07035347,0.035519518,1.0736303e-06,0.0062640603,0,0.12382497638463974,0.11513391,0.12189384,0.00015146912,0.0348821,0,0.21459929645061493,0.81451267,0.8425867,0.9998474,0.95885384,0,0.6615757346153259
TSBD_Healthy_79eca515b7,1,1,2,0.8745365,0.0039003193,0.087217465,0.05811823,6.497913e-06,0.012030245,0,0.12382497638463974,0.09316066,0.05961002,3.5970613e-06,0.011063246,0,0.21459929645061493,0.8196219,0.88227177,0.99998987,0.9769065,1,0.6615757346153259
TSBD_Healthy_28f91e3b3c,1,1,2,0.8751532,0.003873825,0.08402004,0.056538712,5.7276247e-06,0.0114308875,0,0.12382497638463974,0.095499426,0.060715206,3.9434526e-06,0.011456577,0,0.21459929645061493,0.8204806,0.8827461,0.99999034,0.97711253,1,0.6615757346153259
TSBD_Healthy_b4c784db60,1,0,2,0.8670474,0.004682092,0.09952611,0.05971041,7.353068e-06,0.013110607,0,0.12382497638463974,0.088242546,0.058993746,3.4259538e-06,0.01073087,0,0.21459929645061493,0.81223136,0.8812958,0.99998915,0.97615856,0,0.6615757346153259
TSBD_Healthy_46afbf57c8,1,0,2,0.87227184,0.004177345,0.079261385,0.055955786,5.625606e-06,0.011119422,0,0.12382497638463974,0.102803916,0.061929192,4.3887576e-06,0.012130285,0,0.21459929645061493,0.8179347,0.88211507,0.99999,0.9767503,0,0.6615757346153259
TSBD_Healthy_5238685a4f,0,0,1,0.55152106,0.018050771,0.08656881,0.043932572,1.2117506e-05,0.011894639,0,0.12382497638463974,0.34154978,0.5236055,0.8038281,0.54029554,0,0.21459929645061493,0.57188135,0.43246186,0.1961598,0.4478098,0,0.6615757346153259
TSBD_Healthy_115a1b2ce7,1,0,2,0.8737496,0.0040725535,0.08065254,0.05698621,5.980455e-06,0.011409931,0,0.12382497638463974,0.09965145,0.060165502,3.745383e-06,0.011465643,0,0.21459929645061493,0.81969607,0.88284826,0.99999034,0.97712445,0,0.6615757346153259
TSBD_Healthy_2b0f2e29de,1,1,2,0.87510556,0.0038948152,0.084823295,0.059025865,6.9118228e-06,0.012140525,0,0.12382497638463974,0.094464086,0.05825065,3.1655045e-06,0.010719806,0,0.21459929645061493,0.82071257,0.8827234,0.99998987,0.97713965,1,0.6615757346153259
TSBD_Healthy_2cb9913a0d,1,0,2,0.8073266,0.0058747465,0.14284436,0.080513455,4.134333e-05,0.025005957,0,0.12382497638463974,0.12748416,0.10832029,0.00010180274,0.03288521,0,0.21459929645061493,0.72967154,0.8111663,0.9998568,0.94210887,0,0.6615757346153259
TSBD_Healthy_f7b6201d8c,1,0,2,0.8701676,0.004270834,0.0909348,0.062323306,8.718364e-06,0.013387857,0,0.12382497638463974,0.0941161,0.05707551,2.901437e-06,0.01045161,0,0.21459929645061493,0.81494904,0.8806012,0.99998844,0.9761606,0,0.6615757346153259
TSBD_Healthy_1cb0a1deed,1,0,2,0.87275636,0.0040375283,0.08158609,0.054421972,5.0652343e-06,0.010864312,0,0.12382497638463974,0.10085293,0.06405654,5.237897e-06,0.012676346,0,0.21459929645061493,0.8175609,0.8815214,0.99998975,0.9764593,0,0.6615757346153259
TSBD_Healthy_e53d9705ff,1,0,2,0.87403893,0.0039930567,0.083929785,0.058991272,6.936334e-06,0.01210639,0,0.12382497638463974,0.096408784,0.05864941,3.3185431e-06,0.010937358,0,0.21459929645061493,0.81966144,0.8823593,0.99998975,0.97695625,0,0.6615757346153259
TSBD_Healthy_fea6d00053,1,0,2,0.871857,0.0042349976,0.09047529,0.054258287,4.823466e-06,0.011139396,0,0.12382497638463974,0.09202919,0.06339483,4.9276236e-06,0.0120703615,0,0.21459929645061493,0.81749547,0.8823469,0.99999034,0.97679025,0,0.6615757346153259
TSBD_Healthy_f69458ce94,1,0,2,0.8725294,0.00392458,0.08932818,0.061812725,8.691886e-06,0.013240108,0,0.12382497638463974,0.093919925,0.0584685,3.2889775e-06,0.010820064,0,0.21459929645061493,0.8167519,0.8797187,0.99998796,0.97593987,0,0.6615757346153259
TSBD_Healthy_bb30558caa,1,0,2,0.8716169,0.004202284,0.08430607,0.055224337,5.282213e-06,0.01115954,0,0.12382497638463974,0.099059336,0.06280529,4.6471287e-06,0.012194738,0,0.21459929645061493,0.8166346,0.88197047,0.9999901,0.97664577,0,0.6615757346153259
TSBD_Healthy_f8b382f850,1,0,2,0.84553057,0.0069951946,0.06409292,0.04756313,2.9516846e-06,0.008517899,0,0.12382497638463974,0.14310162,0.07546209,1.1581368e-05,0.018254448,0,0.21459929645061493,0.79280543,0.87697476,0.99998546,0.9732277,0,0.6615757346153259
TSBD_Healthy_4e764a8c1f,1,1,2,0.87495697,0.0039027878,0.08142706,0.053756695,4.680998e-06,0.0106147155,0,0.12382497638463974,0.098292075,0.06336514,4.922585e-06,0.012331889,0,0.21459929645061493,0.82028085,0.8828781,0.99999046,0.9770534,1,0.6615757346153259
TSBD_Healthy_63950b8869,1,0,2,0.8723995,0.0040349774,0.09241044,0.061650723,8.390859e-06,0.01328346,0,0.12382497638463974,0.090599194,0.05733786,3.0040037e-06,0.010396991,0,0.21459929645061493,0.8169904,0.8810115,0.9999887,0.97631955,0,0.6615757346153259
TSBD_Healthy_ea2ac521c5,1,0,2,0.5007497,0.04622009,0.061798677,0.03167687,3.3821732e-06,0.006879101,0,0.12382497638463974,0.14568606,0.4127833,0.28120703,0.28417915,0,0.21459929645061493,0.7925153,0.55553985,0.71878964,0.70894176,0,0.6615757346153259
TSBD_Healthy_1402c548f4,1,0,2,0.86973965,0.003348988,0.0712341,0.04045069,1.5987831e-06,0.0072209435,0,0.12382497638463974,0.11737508,0.092502736,3.4807737e-05,0.02310654,0,0.21459929645061493,0.81139076,0.8670466,0.99996364,0.9696725,0,0.6615757346153259
TSBD_Healthy_44b1d181ba,1,0,2,0.8734984,0.0039080917,0.07652636,0.04792664,2.9691457e-06,0.009012882,0,0.12382497638463974,0.10538188,0.07115708,8.899596e-06,0.014999761,0,0.21459929645061493,0.81809175,0.8809163,0.9999881,0.9759874,0,0.6615757346153259
TSBD_Healthy_5031d03cd3,1,1,1,0.85221756,0.0047816318,0.095965415,0.07175349,5.8510122e-06,0.013661171,0,0.12382497638463974,0.79031485,0.8617637,0.99999034,0.973478,1,0.21459929645061493,0.11371976,0.06648284,3.816469e-06,0.012860756,0,0.6615757346153259
TSBD_Healthy_584e036b15,1,0,1,0.73006994,0.023074318,0.06558017,0.06800227,4.751121e-06,0.0115500325,0,0.12382497638463974,0.7165931,0.8614815,0.9999902,0.97033876,0,0.21459929645061493,0.21782678,0.07051621,5.0792837e-06,0.01811121,0,0.6615757346153259
TSBD_Healthy_ceedc9841a,0,0,2,0.33356655,0.08360307,0.14430632,0.07183249,0.00010853409,0.029242953,0,0.12382497638463974,0.09230959,0.4411582,0.53141534,0.30960247,0,0.21459929645061493,0.7633841,0.48700932,0.4684761,0.66115457,0,0.6615757346153259
TSBD_Healthy_539b7c9614,1,0,2,0.83890516,0.0055454625,0.0775614,0.037835225,1.3237275e-06,0.007048221,0,0.12382497638463974,0.1467661,0.111677065,9.2184506e-05,0.033506166,0,0.21459929645061493,0.7756725,0.85048765,0.99990654,0.9594456,0,0.6615757346153259
TSBD_Healthy_9405a524b8,1,0,0,0.57950556,0.051915202,0.6210564,0.8850967,0.99995565,0.9585658,0,0.12382497638463974,0.30303636,0.07298582,4.120166e-05,0.03219938,0,0.21459929645061493,0.07590727,0.04191738,3.1392988e-06,0.009234792,0,0.6615757346153259
TSBD_Healthy_84b5bbabe5,1,0,1,0.76331586,0.017273093,0.06909108,0.065604515,4.035091e-06,0.0111326715,0,0.12382497638463974,0.7311464,0.859301,0.9999895,0.9700117,0,0.21459929645061493,0.1997625,0.07509455,6.4733435e-06,0.018855605,0,0.6615757346153259
TSBD_Healthy_cd1699cbb8,1,0,1,0.7019815,0.024200868,0.10125816,0.21648875,0.0009919027,0.06593083,0,0.12382497638463974,0.75886905,0.740368,0.99900717,0.92506427,0,0.21459929645061493,0.13987282,0.043143272,1.009391e-06,0.009004875,0,0.6615757346153259
TSBD_Healthy_3971c8d6d2,1,0,2,0.60175604,0.033157174,0.14296506,0.36267206,0.06959683,0.20731598,0,0.12382497638463974,0.08290335,0.05013806,8.020472e-06,0.011466179,0,0.21459929645061493,0.77413166,0.58719,0.93039525,0.7812178,0,0.6615757346153259
TSBD_Healthy_062f8eb68b,1,1,1,0.840378,0.005618755,0.12261612,0.08164054,9.968466e-06,0.017670907,0,0.12382497638463974,0.7751913,0.8566915,0.99998736,0.97106206,1,0.21459929645061493,0.10219255,0.06166801,2.7165186e-06,0.011267051,0,0.6615757346153259
TSBD_Healthy_64c2fd2799,1,0,2,0.85481673,0.0031689233,0.06900235,0.034879975,1.1418009e-06,0.0062618814,0,0.12382497638463974,0.12367784,0.14051339,0.00034064578,0.044942874,0,0.21459929645061493,0.80731976,0.82460666,0.9996581,0.9487952,0,0.6615757346153259
TSBD_Healthy_06ad797b28,0,0,1,0.13110878,0.28377232,0.08127302,0.04811886,1.577764e-06,0.014496871,0,0.12382497638463974,0.12489885,0.82798016,0.9999169,0.87708133,0,0.21459929645061493,0.7938281,0.123900965,8.145734e-05,0.1084218,0,0.6615757346153259
TSBD_Healthy_d37fadc7b5,1,1,2,0.8748128,0.003842873,0.079169996,0.050377697,3.6259287e-06,0.009701523,0,0.12382497638463974,0.1010633,0.067683786,6.9787834e-06,0.013757337,0,0.21459929645061493,0.8197667,0.8819386,0.9999894,0.9765411,1,0.6615757346153259
TSBD_Healthy_23703b21e8,0,0,1,0.3554959,0.115936436,0.075609714,0.043211475,5.0459444e-06,0.012032384,0,0.12382497638463974,0.16155614,0.6191432,0.96670425,0.59226954,0,0.21459929645061493,0.76283413,0.33764526,0.033290744,0.39569807,0,0.6615757346153259
TSBD_Healthy_e761f95881,0,0,1,0.23456073,0.18253718,0.14429511,0.053270116,2.1193978e-06,0.015805893,0,0.12382497638463974,0.26416424,0.8400322,0.999961,0.9215236,0,0.21459929645061493,0.59154063,0.10669768,3.6846122e-05,0.06267054,0,0.6615757346153259
TSBD_Healthy_049d7b0b8e,1,0,2,0.85633093,0.0029582193,0.07166212,0.037167475,1.4263672e-06,0.0068461616,0,0.12382497638463974,0.12884296,0.12934546,0.00021708869,0.040254362,0,0.21459929645061493,0.79949486,0.83348703,0.99978155,0.9528995,0,0.6615757346153259
TSBD_Healthy_d0a2ad85a2,1,0,2,0.8699856,0.0033004165,0.073822014,0.038784716,1.3704961e-06,0.0069513046,0,0.12382497638463974,0.11096261,0.098332874,4.6563062e-05,0.024663974,0,0.21459929645061493,0.8152154,0.86288244,0.9999521,0.9683847,0,0.6615757346153259
TSBD_Healthy_427d279e02,1,0,2,0.8740591,0.0038343598,0.08169319,0.049048785,3.2798764e-06,0.0095047,0,0.12382497638463974,0.0993273,0.07059334,8.401617e-06,0.014471363,0,0.21459929645061493,0.81897956,0.88035786,0.9999883,0.9760239,0,0.6615757346153259
TSBD_Healthy_194fe9c226,1,0,2,0.84931886,0.0035228343,0.06826552,0.0342753,1.0798678e-06,0.006121993,0,0.12382497638463974,0.1244305,0.15104178,0.00049250334,0.050096393,0,0.21459929645061493,0.8073039,0.81468296,0.9995065,0.9437816,0,0.6615757346153259
TSBD_Healthy_7fd586cd0c,1,0,2,0.8669494,0.0041854633,0.08396277,0.041208733,1.7175037e-06,0.007815178,0,0.12382497638463974,0.09921221,0.09138822,3.1173277e-05,0.021170868,0,0.21459929645061493,0.816825,0.86740303,0.9999671,0.97101396,0,0.6615757346153259
TSBD_Healthy_8a16be7271,1,0,1,0.7975048,0.011619704,0.07056354,0.05857513,2.5950735e-06,0.009687629,0,0.12382497638463974,0.74633855,0.8574275,0.9999865,0.9691224,0,0.21459929645061493,0.18309796,0.08399746,1.0884029e-05,0.02118997,0,0.6615757346153259
TSBD_Healthy_7497e074fb,1,0,2,0.55535156,0.03696409,0.060800444,0.032083802,3.3978154e-06,0.006845161,0,0.12382497638463974,0.15371203,0.3908683,0.2085551,0.26457775,0,0.21459929645061493,0.78548753,0.5770478,0.7914415,0.7285771,0,0.6615757346153259
TSBD_Healthy_0008f80a75,1,0,2,0.8537888,0.0064602797,0.11156444,0.056015365,5.5277346e-06,0.012566262,0,0.12382497638463974,0.08501175,0.062480778,4.5321153e-06,0.011534216,0,0.21459929645061493,0.80342376,0.8815039,0.99999,0.97589946,0,0.6615757346153259
TSBD_Healthy_5ceaf1db7f,1,0,2,0.87089604,0.0038050672,0.08118171,0.042605136,1.9132774e-06,0.008003135,0,0.12382497638463974,0.10110815,0.08570748,2.2976425e-05,0.01945927,0,0.21459929645061493,0.81771016,0.87168735,0.9999751,0.97253764,0,0.6615757346153259
TSBD_Healthy_e4fa44cd99,1,0,2,0.8609718,0.004223028,0.08018417,0.037456267,1.2772593e-06,0.0069527538,0,0.12382497638463974,0.103750475,0.11147712,9.295654e-05,0.029300159,0,0.21459929645061493,0.8160653,0.85106665,0.9999057,0.9637471,0,0.6615757346153259
TSBD_Healthy_441bde1a65,1,0,2,0.8575289,0.0025496313,0.06637643,0.036391616,1.2908938e-06,0.0064763846,0,0.12382497638463974,0.13854593,0.12882137,0.00021313223,0.041094262,0,0.21459929645061493,0.7950777,0.834787,0.9997856,0.9524293,0,0.6615757346153259
TSBD_Healthy_dbb2f8ca89,1,0,1,0.6108906,0.03832714,0.055455543,0.044966143,1.1823931e-06,0.007220959,0,0.12382497638463974,0.5917018,0.8293382,0.9999105,0.9408502,0,0.21459929645061493,0.35284266,0.1256957,8.8305846e-05,0.051928826,0,0.6615757346153259
TSBD_Healthy_9b317a63ad,1,0,1,0.6418651,0.036744922,0.059671663,0.056036394,2.2861389e-06,0.009135752,0,0.12382497638463974,0.64483607,0.85516834,0.9999831,0.96232665,0,0.21459929645061493,0.29549226,0.08879528,1.4682203e-05,0.028537657,0,0.6615757346153259
TSBD_Healthy_d85abeff44,1,0,2,0.8732427,0.003501799,0.07750387,0.042377837,1.8541404e-06,0.007801144,0,0.12382497638463974,0.10385793,0.085173756,2.2686976e-05,0.019525444,0,0.21459929645061493,0.8186382,0.8724484,0.99997544,0.9726734,0,0.6615757346153259
TSBD_Healthy_32490efb09,0,0,1,0.470157,0.06991493,0.05250157,0.038208723,1.1431507e-06,0.0071202414,0,0.12382497638463974,0.37719235,0.73924035,0.9979492,0.8306398,0,0.21459929645061493,0.5703061,0.22255099,0.0020496573,0.16223995,0,0.6615757346153259
TSBD_Healthy_003e47f46b,0,0,1,0.15657862,0.25633729,0.059427705,0.04573962,1.2587539e-06,0.011205285,0,0.12382497638463974,0.16333307,0.8321349,0.9999225,0.8913812,0,0.21459929645061493,0.77723926,0.12212545,7.62561e-05,0.097413465,0,0.6615757346153259
TSBD_Healthy_db7fb385bc,1,0,2,0.759243,0.009615475,0.062151853,0.03331413,2.0253508e-06,0.0065309745,0,0.12382497638463974,0.16431786,0.269297,0.016646178,0.14260769,0,0.21459929645061493,0.77353036,0.6973889,0.9833519,0.8508613,0,0.6615757346153259
TSBD_Healthy_e07653b53b,1,0,2,0.8553997,0.0054890187,0.065211706,0.04529094,2.395498e-06,0.00802227,0,0.12382497638463974,0.13627242,0.079909205,1.5816273e-05,0.019553801,0,0.21459929645061493,0.7985159,0.87479985,0.99998176,0.972424,0,0.6615757346153259
TSBD_Healthy_372dafd03c,0,0,1,0.22592016,0.19676906,0.059885092,0.040702045,1.2648449e-06,0.009931133,0,0.12382497638463974,0.16847695,0.7655234,0.9990959,0.8075964,0,0.21459929645061493,0.7716379,0.19377464,0.0009027817,0.18247248,0,0.6615757346153259
TSBD_Healthy_8a4d12c896,0,0,1,0.4571159,0.07394285,0.059414994,0.04226679,1.6729623e-06,0.008462242,0,0.12382497638463974,0.3842246,0.75427336,0.99874204,0.85037047,0,0.21459929645061493,0.55636036,0.20345989,0.0012563089,0.14116731,0,0.6615757346153259
TSBD_Healthy_ddf26df6fc,1,0,2,0.50890446,0.038776256,0.07369092,0.0353088,5.130082e-06,0.008326548,0,0.12382497638463974,0.17227487,0.4205087,0.3024383,0.30746925,0,0.21459929645061493,0.7540342,0.5441824,0.6975565,0.68420416,0,0.6615757346153259
TSBD_Healthy_f43e3f4c5b,1,0,2,0.8400844,0.0081769,0.11061418,0.04428216,2.2459064e-06,0.0094391415,0,0.12382497638463974,0.089241944,0.08308096,1.9008128e-05,0.017814761,0,0.21459929645061493,0.8001439,0.8726369,0.9999788,0.97274613,0,0.6615757346153259
TSBD_Healthy_b5fbb9ed8e,1,0,2,0.76665366,0.016696192,0.05734499,0.042334814,1.8836477e-06,0.0072959512,0,0.12382497638463974,0.21627189,0.0913657,3.234997e-05,0.02898492,0,0.21459929645061493,0.72638315,0.8662995,0.9999658,0.9637191,0,0.6615757346153259
TSBD_Healthy_eb36a09ca4,1,0,2,0.8622389,0.0033331153,0.074625604,0.03747234,1.3076846e-06,0.0068218852,0,0.12382497638463974,0.1120811,0.11987794,0.00013777027,0.03369173,0,0.21459929645061493,0.8132933,0.84264976,0.9998609,0.9594864,0,0.6615757346153259
TSBD_Healthy_6b4a97bd93,1,0,2,0.8733112,0.004097539,0.07691009,0.054347277,4.908638e-06,0.010561559,0,0.12382497638463974,0.1039777,0.06306335,4.7898284e-06,0.012488333,0,0.21459929645061493,0.8191122,0.8825894,0.99999034,0.97695005,0,0.6615757346153259
TSBD_Healthy_ba33e2e4e1,1,0,2,0.86745936,0.0046690023,0.07407203,0.05119959,3.869176e-06,0.00969867,0,0.12382497638463974,0.11295763,0.06728129,6.6009065e-06,0.014145977,0,0.21459929645061493,0.8129703,0.8815191,0.9999896,0.97615534,0,0.6615757346153259
TSBD_Healthy_c2d1e8a97b,1,0,2,0.8535115,0.0029973323,0.060603403,0.035791453,1.1087849e-06,0.006058215,0,0.12382497638463974,0.15447778,0.122990996,0.00016093925,0.03964414,0,0.21459929645061493,0.78491884,0.8412176,0.999838,0.95429766,0,0.6615757346153259
TSBD_Healthy_acaf94d2e8,1,0,2,0.86364937,0.004862831,0.0684558,0.046497926,2.6555158e-06,0.008395089,0,0.12382497638463974,0.1236736,0.07465236,1.1377915e-05,0.017093686,0,0.21459929645061493,0.80787057,0.8788497,0.99998605,0.9745112,0,0.6615757346153259
TSBD_Healthy_4c1057862a,1,0,2,0.85847235,0.0035792904,0.07317829,0.03564478,1.1651921e-06,0.0064732092,0,0.12382497638463974,0.11428592,0.12776653,0.00019732564,0.03750853,0,0.21459929645061493,0.81253576,0.8365886,0.99980146,0.95601827,0,0.6615757346153259
TSBD_Healthy_d28eee88b2,1,0,2,0.8117541,0.007661797,0.067982614,0.032092832,1.0737891e-06,0.0059084943,0,0.12382497638463974,0.12303019,0.19551252,0.002202197,0.07536577,0,0.21459929645061493,0.80898714,0.7723946,0.9977968,0.9187257,0,0.6615757346153259
TSBD_Healthy_9f799d79c9,1,0,2,0.75252753,0.01570603,0.07132587,0.032229997,1.4763788e-06,0.006378051,0,0.12382497638463974,0.1184141,0.24170439,0.00828168,0.10599562,0,0.21459929645061493,0.81026006,0.7260656,0.9917169,0.88762635,0,0.6615757346153259
TSBD_Healthy_0797e50b91,1,0,2,0.6908054,0.025247492,0.07358361,0.032305934,1.901778e-06,0.0067481655,0,0.12382497638463974,0.113319755,0.2811956,0.021449795,0.13432251,0,0.21459929645061493,0.8130967,0.68649846,0.9785484,0.8589293,0,0.6615757346153259
TSBD_Healthy_35d58d516e,1,0,2,0.77283937,0.014394525,0.07871342,0.03252084,1.2721908e-06,0.00646798,0,0.12382497638463974,0.10532926,0.21033227,0.0035629158,0.081157655,0,0.21459929645061493,0.8159573,0.75714684,0.99643576,0.9123744,0,0.6615757346153259
TSBD_Healthy_3369d16a81,1,0,1,0.74766505,0.003019208,0.062022608,0.03850428,1.7184659e-06,0.0071567306,0,0.12382497638463974,0.6356967,0.7018987,0.9949961,0.8478911,0,0.21459929645061493,0.30228066,0.25959703,0.005002152,0.14495218,0,0.6615757346153259
TSBD_Healthy_f12cfc128f,1,0,1,0.8075246,0.003834418,0.17838363,0.16940482,0.00034148406,0.058081068,0,0.12382497638463974,0.72848624,0.780729,0.9996569,0.93285143,0,0.21459929645061493,0.09313017,0.04986618,1.5474322e-06,0.009067472,0,0.6615757346153259
TSBD_Healthy_8cb3c49027,0,0,2,0.41818625,0.085742004,0.703198,0.32150462,0.04889973,0.37771803,0,0.12382497638463974,0.08274445,0.07096375,3.9310882e-05,0.021760685,0,0.21459929645061493,0.21405758,0.60753167,0.951061,0.60052127,0,0.6615757346153259
TSBD_Healthy_0d4d34f349,0,0,1,0.12825952,0.28556898,0.8122958,0.13511562,0.00015187552,0.13571796,0,0.12382497638463974,0.09939631,0.7853217,0.9998337,0.83360213,0,0.21459929645061493,0.08830788,0.07956268,1.4340371e-05,0.030679857,0,0.6615757346153259
TSBD_Healthy_aac43b5b94,0,0,1,0.20566656,0.20857728,0.7954849,0.23680353,0.0020472745,0.259093,0,0.12382497638463974,0.106021665,0.71027994,0.99794954,0.72339875,0,0.21459929645061493,0.09849342,0.052916482,3.251287e-06,0.017508298,0,0.6615757346153259
TSBD_Healthy_713f0a2197,0,0,1,0.14057569,0.2526771,0.70715535,0.10465075,0.00021338598,0.11504061,0,0.12382497638463974,0.07083744,0.6227385,0.98772395,0.62052655,0,0.21459929645061493,0.2220072,0.27261075,0.012062693,0.26443288,0,0.6615757346153259
TSBD_Healthy_ac26bcc532,1,0,0,0.7547542,0.015935326,0.8115881,0.7390396,0.9858838,0.8853973,0,0.12382497638463974,0.096537426,0.21399646,0.014107339,0.102901235,0,0.21459929645061493,0.09187444,0.046963938,8.873494e-06,0.011701359,0,0.6615757346153259
TSBD_Healthy_46f4698e93,1,0,2,0.87163013,0.0039730957,0.07678324,0.048830498,3.3810547e-06,0.009350952,0,0.12382497638463974,0.107781544,0.071898535,9.36505e-06,0.01536412,0,0.21459929645061493,0.8154353,0.879271,0.99998724,0.97528493,0,0.6615757346153259
TSBD_Healthy_ffc31af5e9,1,0,2,0.72450644,0.014680743,0.10155539,0.050569434,6.8914283e-06,0.012877976,0,0.12382497638463974,0.25603712,0.15487958,0.0006616427,0.07338681,0,0.21459929645061493,0.64240754,0.794551,0.9993315,0.9137352,0,0.6615757346153259
TSBD_Healthy_ffc39b3360,1,0,1,0.6742781,0.0066983867,0.059918944,0.036812548,2.1267924e-06,0.0071899113,0,0.12382497638463974,0.5445426,0.65537137,0.98215324,0.77232367,0,0.21459929645061493,0.39553842,0.30781606,0.017844707,0.22048646,0,0.6615757346153259
TSBD_Healthy_13e3dd820d,1,0,2,0.8000052,0.006646782,0.07521313,0.034370024,1.7007847e-06,0.006954413,0,0.12382497638463974,0.14814493,0.2099015,0.0036185698,0.092151344,0,0.21459929645061493,0.77664196,0.75572854,0.9963798,0.9008942,0,0.6615757346153259
TSBD_Healthy_0e7dca224f,1,0,2,0.82478446,0.008821512,0.10211696,0.04427401,2.4423869e-06,0.009431835,0,0.12382497638463974,0.12568021,0.088912055,2.8065293e-05,0.022619952,0,0.21459929645061493,0.77220285,0.8668139,0.9999696,0.9679482,0,0.6615757346153259
TSBD_Healthy_e30ffbbca2,1,0,2,0.87191206,0.0041363332,0.08570823,0.049937736,3.5648704e-06,0.009912914,0,0.12382497638463974,0.09687094,0.0692062,7.664449e-06,0.013965951,0,0.21459929645061493,0.8174208,0.88085604,0.9999888,0.9761212,0,0.6615757346153259
TSBD_Healthy_33ee2c0488,1,0,2,0.4995717,0.016900735,0.38013265,0.33808196,0.20881732,0.33351192,0,0.12382497638463974,0.08980883,0.22077131,0.043556772,0.12144169,0,0.21459929645061493,0.53005856,0.4411468,0.7476259,0.5450464,0,0.6615757346153259
TSBD_Healthy_cf66e36f26,1,0,2,0.8728045,0.004056848,0.08897413,0.059934746,7.4779855e-06,0.012642846,0,0.12382497638463974,0.09323053,0.05830944,3.2523385e-06,0.0107462555,0,0.21459929645061493,0.8177954,0.88175577,0.9999893,0.97661096,0,0.6615757346153259
TSBD_Healthy_198c19a2fa,1,0,2,0.8734497,0.0041202307,0.07943005,0.057453915,6.190186e-06,0.011469536,0,0.12382497638463974,0.100842744,0.05979872,3.7076861e-06,0.011458408,0,0.21459929645061493,0.8197273,0.88274735,0.9999901,0.97707206,0,0.6615757346153259
TSBD_Healthy_0f0af1a35d,1,0,2,0.8684266,0.0033900063,0.073270895,0.04343057,2.176338e-06,0.008020696,0,0.12382497638463974,0.118041374,0.08985208,2.9515875e-05,0.022143366,0,0.21459929645061493,0.80868775,0.86671734,0.9999683,0.96983594,0,0.6615757346153259
TSBD_Healthy_24a755565d,1,0,2,0.7450359,0.0008900248,0.06844183,0.04968906,1.3973215e-05,0.012053827,0,0.12382497638463974,0.2867738,0.28009632,0.025817987,0.19507302,0,0.21459929645061493,0.64478445,0.67021465,0.97416806,0.79287314,0,0.6615757346153259
TSBD_Healthy_00488f3c0b,1,1,1,0.8323742,0.0050710645,0.1489775,0.10751234,3.5300473e-05,0.027785856,0,0.12382497638463974,0.76061,0.8391828,0.99996316,0.96307087,1,0.21459929645061493,0.09041249,0.05330486,1.5823243e-06,0.009143307,0,0.6615757346153259
TSBD_Healthy_7f10feedf0,1,1,0,0.8489371,0.008434277,0.81264836,0.89123976,0.99997365,0.9745042,1,0.12382497638463974,0.08168879,0.067019254,2.3474586e-05,0.016143162,0,0.21459929645061493,0.10566288,0.041740924,2.8343352e-06,0.009352734,0,0.6615757346153259
TSBD_Healthy_083843a5b2,1,1,0,0.8815538,0.004691816,0.8355187,0.90063304,0.99998844,0.9788988,1,0.12382497638463974,0.08479291,0.04935468,5.069944e-06,0.0103856,0,0.21459929645061493,0.07968833,0.050012246,6.414868e-06,0.010715633,0,0.6615757346153259
TSBD_Healthy_846b819a49,1,1,1,0.8489938,0.005105447,0.0950194,0.07526946,7.2229614e-06,0.014528168,0,0.12382497638463974,0.7882232,0.8598334,0.9999894,0.9728987,1,0.21459929645061493,0.1167574,0.06489711,3.4133404e-06,0.012573081,0,0.6615757346153259
TSBD_Healthy_ef882f9638,0,0,1,0.24960756,0.1750798,0.12204672,0.06682718,1.9721221e-05,0.027124599,0,0.12382497638463974,0.14453322,0.705756,0.9965283,0.72517824,0,0.21459929645061493,0.73342,0.22741683,0.0034519853,0.24769716,0,0.6615757346153259
TSBD_Healthy_f510479194,0,0,2,0.43389308,0.04792007,0.06174554,0.04099943,1.1723962e-05,0.010121476,0,0.12382497638463974,0.18564442,0.47295016,0.5822713,0.3887745,0,0.21459929645061493,0.75261,0.48605037,0.417717,0.60110396,0,0.6615757346153259
TSBD_Healthy_78ac2c01e9,1,0,2,0.7332774,0.013365036,0.10596504,0.05458358,1.8993962e-05,0.015664892,0,0.12382497638463974,0.1391235,0.25378665,0.013423402,0.12778893,0,0.21459929645061493,0.7549115,0.6916297,0.98655754,0.85654616,0,0.6615757346153259
TSBD_Healthy_aa968b53a4,1,0,2,0.8319936,0.0068950197,0.14902401,0.0894807,4.5945653e-05,0.026619304,0,0.12382497638463974,0.08207802,0.05071163,1.7984418e-06,0.00875159,0,0.21459929645061493,0.76889795,0.85980767,0.9999523,0.9646291,0,0.6615757346153259
TSBD_Healthy_d6be26c310,1,0,1,0.5003959,0.059835453,0.060766533,0.045316875,1.2670893e-06,0.007939669,0,0.12382497638463974,0.50649744,0.8187349,0.9998728,0.92714316,0,0.21459929645061493,0.43273604,0.13594824,0.00012592471,0.06491721,0,0.6615757346153259
TSBD_Healthy_8d0baa1858,1,0,2,0.8521582,0.005468731,0.06941815,0.044882935,2.446618e-06,0.0082215,0,0.12382497638463974,0.13772038,0.08440528,2.122969e-05,0.021388974,0,0.21459929645061493,0.79286146,0.8707118,0.9999763,0.9703895,0,0.6615757346153259
TSBD_Healthy_9a86700e7b,1,0,2,0.8386317,0.006823227,0.07333969,0.04420155,2.3781836e-06,0.00832092,0,0.12382497638463974,0.14757349,0.0880251,2.6853186e-05,0.023530526,0,0.21459929645061493,0.77908677,0.86777335,0.9999708,0.9681485,0,0.6615757346153259
TSBD_Healthy_8de20870d1,1,0,2,0.87187886,0.0041807145,0.07531667,0.051410142,3.9829197e-06,0.009813818,0,0.12382497638463974,0.10761655,0.06667093,6.405388e-06,0.013745227,0,0.21459929645061493,0.8170668,0.88191897,0.9999896,0.9764409,0,0.6615757346153259
TSBD_Healthy_2125dc16c6,1,0,1,0.81071836,0.010006933,0.07915503,0.064049415,3.9642027e-06,0.011374089,0,0.12382497638463974,0.757517,0.8592939,0.99998856,0.9705909,0,0.21459929645061493,0.16332805,0.07665669,7.4656023e-06,0.018035073,0,0.6615757346153259
TSBD_Healthy_f1a3293d1d,0,0,1,0.3084708,0.14272738,0.060078662,0.04517115,1.2713408e-06,0.009091354,0,0.12382497638463974,0.31828427,0.8201098,0.9998789,0.9073059,0,0.21459929645061493,0.62163705,0.13471903,0.000119816104,0.083602734,0,0.6615757346153259
TSBD_Healthy_db02ad0e48,1,0,1,0.4695674,0.073797725,0.05698564,0.055137288,2.2926752e-06,0.0094911475,0,0.12382497638463974,0.5311256,0.8529116,0.99998,0.95456636,0,0.21459929645061493,0.41188878,0.091951154,1.7732167e-05,0.03594248,0,0.6615757346153259
TSBD_Healthy_6e62793bdf,1,0,1,0.5850152,0.043619175,0.06298858,0.047109313,1.3726469e-06,0.008022162,0,0.12382497638463974,0.57581717,0.8319912,0.99992955,0.9425121,0,0.21459929645061493,0.36119422,0.12089952,6.907541e-05,0.049465798,0,0.6615757346153259
TSBD_Healthy_097e8db62c,1,0,1,0.52104884,0.047824442,0.06412002,0.041604858,1.3843136e-06,0.007914023,0,0.12382497638463974,0.4778748,0.770982,0.9992514,0.8829835,0,0.21459929645061493,0.45800525,0.18741314,0.0007471531,0.109102435,0,0.6615757346153259
TSBD_Healthy_9a88507804,1,0,1,0.7637393,0.015040481,0.07507636,0.055076607,2.3870607e-06,0.0096142115,0,0.12382497638463974,0.7102697,0.8473517,0.9999734,0.96184283,0,0.21459929645061493,0.21465398,0.097571716,2.4186666e-05,0.028542971,0,0.6615757346153259
TSBD_Healthy_d3268932b8,1,0,1,0.78425956,0.014507666,0.07210358,0.06913675,5.2490486e-06,0.012100485,0,0.12382497638463974,0.74859834,0.861285,0.99998987,0.9714828,0,0.21459929645061493,0.17929809,0.069578305,4.829903e-06,0.016416673,0,0.6615757346153259
TSBD_Healthy_7ef69613b9,1,0,2,0.86563444,0.0047626616,0.09102977,0.05556787,5.6277213e-06,0.011671773,0,0.12382497638463974,0.09866228,0.0639389,5.1807483e-06,0.012577985,0,0.21459929645061493,0.810308,0.88049316,0.9999893,0.97575027,0,0.6615757346153259
TSBD_Healthy_ddc759b323,1,0,2,0.8271722,0.0038894871,0.060132705,0.034911193,1.211141e-06,0.0061480976,0,0.12382497638463974,0.19139329,0.14741255,0.00042843007,0.057012472,0,0.21459929645061493,0.748474,0.8176762,0.9995704,0.93683946,0,0.6615757346153259
TSBD_Healthy_cb4b1d8b67,1,0,2,0.8742852,0.0039048484,0.08356796,0.05525793,5.267544e-06,0.011111349,0,0.12382497638463974,0.09720097,0.062730305,4.621301e-06,0.012082472,0,0.21459929645061493,0.8192311,0.88201183,0.9999901,0.97680616,0,0.6615757346153259
TSBD_Healthy_886fdcfd30,1,1,0,0.8815691,0.0044520525,0.8340776,0.89792234,0.99998605,0.97788125,1,0.12382497638463974,0.08004072,0.047242105,4.214529e-06,0.009626412,0,0.21459929645061493,0.08588167,0.05483551,9.805187e-06,0.012492282,0,0.6615757346153259
TSBD_Healthy_784f1bc940,1,0,2,0.873335,0.0039690677,0.08733259,0.06112112,8.270387e-06,0.012928034,0,0.12382497638463974,0.09429075,0.057689544,3.105598e-06,0.010636938,0,0.21459929645061493,0.8183766,0.88118935,0.9999887,0.97643507,0,0.6615757346153259
TSBD_Healthy_ba996de886,1,0,2,0.8729713,0.0041127196,0.07691532,0.053540453,4.7387757e-06,0.010418415,0,0.12382497638463974,0.10454283,0.064017914,5.2698447e-06,0.01284119,0,0.21459929645061493,0.8185419,0.8824416,0.99999,0.9767404,0,0.6615757346153259
TSBD_Healthy_619dcca295,1,0,2,0.5982302,0.033907324,0.070868745,0.035374504,4.6034643e-06,0.008099718,0,0.12382497638463974,0.13996236,0.35881007,0.11770832,0.22194101,0,0.21459929645061493,0.7891689,0.6058154,0.8822871,0.7699593,0,0.6615757346153259
TSBD_Healthy_e5fac835da,1,0,1,0.8175803,0.008697914,0.073942706,0.057372198,2.4367396e-06,0.009583096,0,0.12382497638463974,0.7589014,0.8569614,0.9999856,0.9694182,0,0.21459929645061493,0.1671559,0.08566634,1.19839115e-05,0.020998674,0,0.6615757346153259
TSBD_Healthy_7b8508b66d,1,0,2,0.8702981,0.004081946,0.080110244,0.050310396,3.692962e-06,0.00979912,0,0.12382497638463974,0.10594311,0.07093232,8.593259e-06,0.014933518,0,0.21459929645061493,0.81394655,0.87875724,0.9999877,0.97526735,0,0.6615757346153259
TSBD_Healthy_1bf9b6920f,1,0,2,0.86513996,0.0046223123,0.070712894,0.047734156,3.0047288e-06,0.008805321,0,0.12382497638463974,0.12047798,0.07411702,1.1094784e-05,0.016795421,0,0.21459929645061493,0.8088091,0.8781489,0.99998593,0.97439927,0,0.6615757346153259
TSBD_Healthy_c2dd44b1c5,1,0,2,0.8257018,0.0030037407,0.16159308,0.13987333,0.0004389345,0.05315753,0,0.12382497638463974,0.09304669,0.05773517,4.600682e-06,0.011825352,0,0.21459929645061493,0.7453602,0.80239147,0.99955636,0.9350171,0,0.6615757346153259
TSBD_Healthy_6941b60386,0,0,1,0.5003182,0.046828814,0.06386247,0.04823903,1.6820683e-05,0.012579168,0,0.12382497638463974,0.24651028,0.54168445,0.8553188,0.52344584,0,0.21459929645061493,0.6896272,0.41007647,0.14466444,0.46397498,0,0.6615757346153259
TSBD_Healthy_905510a905,1,0,2,0.8257468,0.0071537415,0.08826671,0.035139337,1.1723236e-06,0.0069219945,0,0.12382497638463974,0.11430386,0.1498021,0.00046786366,0.048207443,0,0.21459929645061493,0.7974294,0.8150586,0.9995309,0.9448706,0,0.6615757346153259
TSBD_Healthy_9731a208b9,1,0,1,0.7997102,0.011350634,0.090398185,0.06610124,4.2381544e-06,0.012306701,0,0.12382497638463974,0.7467667,0.8594249,0.9999895,0.9704282,0,0.21459929645061493,0.16283512,0.07447388,6.2877893e-06,0.017265106,0,0.6615757346153259
TSBD_Healthy_0dca3c0bc2,1,0,1,0.8192528,0.008535864,0.09022501,0.075440645,7.943633e-06,0.014716298,0,0.12382497638463974,0.7632265,0.8545697,0.999987,0.9698884,0,0.21459929645061493,0.14654846,0.06998963,5.0421827e-06,0.015395368,0,0.6615757346153259
TSBD_Healthy_12ac808983,0,0,1,0.2824205,0.1464167,0.20838194,0.072587594,1.3554845e-05,0.02969878,0,0.12382497638463974,0.24715841,0.7737997,0.9996629,0.86044973,0,0.21459929645061493,0.54445964,0.1536127,0.00032357522,0.10985144,0,0.6615757346153259
TSBD_Healthy_511fba2ceb,1,0,1,0.59516114,0.024375394,0.06658531,0.044620425,3.0154458e-06,0.009284789,0,0.12382497638463974,0.48957384,0.70442885,0.99533737,0.8203256,0,0.21459929645061493,0.44384086,0.25095072,0.00465959,0.17038956,0,0.6615757346153259
TSBD_Healthy_549679688a,1,0,2,0.8603903,0.005535865,0.070079364,0.05137006,3.9013103e-06,0.0095628435,0,0.12382497638463974,0.12237814,0.067561485,6.8275754e-06,0.014705622,0,0.21459929645061493,0.8075425,0.88106847,0.9999893,0.9757315,0,0.6615757346153259
TSBD_Healthy_708f7d8e32,1,0,2,0.86898255,0.0045967,0.073658675,0.05294076,4.4464573e-06,0.0100934105,0,0.12382497638463974,0.111013964,0.06472741,5.5687947e-06,0.013342134,0,0.21459929645061493,0.8153274,0.8823318,0.99999,0.9765644,0,0.6615757346153259
TSBD_Healthy_30a7ad7ba3,1,0,2,0.7963036,0.013747206,0.058551878,0.046643976,2.7265849e-06,0.008160561,0,0.12382497638463974,0.18323644,0.0766398,1.3214972e-05,0.020857915,0,0.21459929645061493,0.7582117,0.8767162,0.999984,0.97098154,0,0.6615757346153259
TSBD_Healthy_dad4aa07c4,1,0,2,0.85701585,0.005906576,0.110847786,0.060257625,7.732669e-06,0.0138509255,0,0.12382497638463974,0.08515667,0.05864964,3.4167645e-06,0.01059673,0,0.21459929645061493,0.80399555,0.8810927,0.9999888,0.9755523,0,0.6615757346153259
TSBD_Healthy_8eff6e388b,1,0,2,0.8742891,0.0039926516,0.078876816,0.054685336,5.098692e-06,0.010762156,0,0.12382497638463974,0.10119724,0.062489793,4.631237e-06,0.012231958,0,0.21459929645061493,0.819926,0.88282496,0.9999902,0.97700596,0,0.6615757346153259
TSBD_Healthy_fec7f36a5c,1,0,2,0.7646294,0.017320715,0.058715794,0.043891773,2.273887e-06,0.007761532,0,0.12382497638463974,0.21363837,0.08736581,2.575493e-05,0.027015965,0,0.21459929645061493,0.7276459,0.86874235,0.999972,0.96522254,0,0.6615757346153259
TSBD_Healthy_1cf19a1878,1,0,2,0.8605921,0.0056543984,0.07251561,0.05622062,5.6792182e-06,0.0108584715,0,0.12382497638463974,0.11789607,0.062231503,4.560513e-06,0.01289553,0,0.21459929645061493,0.80958825,0.8815478,0.99998975,0.976246,0,0.6615757346153259
TSBD_Healthy_0fbc0f2310,1,0,2,0.87076735,0.0041859727,0.089256085,0.061988328,8.749046e-06,0.0132747395,0,0.12382497638463974,0.09524329,0.057680245,3.1304257e-06,0.010703996,0,0.21459929645061493,0.81550056,0.88033146,0.9999882,0.9760213,0,0.6615757346153259
TSBD_Healthy_24a6f36a78,1,0,2,0.87177783,0.0042564785,0.07882259,0.055061296,5.1914803e-06,0.0108432295,0,0.12382497638463974,0.10365072,0.062486745,4.5559595e-06,0.012307302,0,0.21459929645061493,0.8175267,0.882452,0.9999902,0.97684944,0,0.6615757346153259
TSBD_Healthy_7bca399e6d,1,0,2,0.8688589,0.004568561,0.0736778,0.053295936,4.5925713e-06,0.010193798,0,0.12382497638463974,0.11130419,0.06491033,5.447352e-06,0.013316867,0,0.21459929645061493,0.815018,0.8817937,0.99998987,0.9764893,0,0.6615757346153259
TSBD_Healthy_06733b9af0,1,0,2,0.86824113,0.004768571,0.0730704,0.054258518,4.892374e-06,0.010372708,0,0.12382497638463974,0.11133288,0.06292793,4.7701724e-06,0.012784177,0,0.21459929645061493,0.8155968,0.88281363,0.99999034,0.9768431,0,0.6615757346153259
TSBD_Healthy_2e5b036845,1,0,1,0.40896687,0.08996031,0.05582542,0.05477975,2.2105996e-06,0.009592059,0,0.12382497638463974,0.48626804,0.85032266,0.9999777,0.9505104,0,0.21459929645061493,0.45790645,0.09489762,2.0107107e-05,0.039897565,0,0.6615757346153259
TSBD_Healthy_363f51fde7,1,1,1,0.8407413,0.0059219487,0.10333156,0.0764442,7.711366e-06,0.015323122,0,0.12382497638463974,0.7788699,0.85894305,0.99998903,0.97214276,1,0.21459929645061493,0.11779853,0.06461277,3.2778712e-06,0.012534146,0,0.6615757346153259
TSBD_Healthy_c6ac85b839,1,0,1,0.8226151,0.008863481,0.081499316,0.07245063,6.2756117e-06,0.013242075,0,0.12382497638463974,0.77231556,0.86057127,0.99998975,0.9724857,0,0.21459929645061493,0.14618514,0.06697811,3.917605e-06,0.014272231,0,0.6615757346153259
TSBD_Healthy_ddbacc20a2,1,0,2,0.6959724,0.0266562,0.05957403,0.03924715,1.4830347e-06,0.006975326,0,0.12382497638463974,0.2710472,0.10240566,5.8624824e-05,0.03807838,0,0.21459929645061493,0.6693787,0.8583472,0.9999399,0.9549463,0,0.6615757346153259
TSBD_Healthy_8643328d51,1,0,2,0.86943656,0.004542025,0.08009035,0.058344778,6.680908e-06,0.011779493,0,0.12382497638463974,0.10393394,0.059606705,3.6034335e-06,0.011515866,0,0.21459929645061493,0.8159757,0.88204855,0.99998975,0.9767046,0,0.6615757346153259
TSBD_Healthy_006fc27c69,1,0,2,0.6633708,0.034432802,0.054684516,0.04297052,2.016736e-06,0.0075213187,0,0.12382497638463974,0.27878454,0.08498475,2.2081487e-05,0.029176828,0,0.21459929645061493,0.6665309,0.87204474,0.9999759,0.9633019,0,0.6615757346153259
TSBD_Healthy_33406626c7,1,0,2,0.82462955,0.007971313,0.059780955,0.040218644,1.5920768e-06,0.0068882043,0,0.12382497638463974,0.176372,0.09872781,4.873379e-05,0.02987019,0,0.21459929645061493,0.763847,0.8610536,0.9999497,0.96324164,0,0.6615757346153259
TSBD_Healthy_b06da16348,1,0,2,0.8719736,0.004266022,0.08073031,0.05838974,6.66889e-06,0.011800545,0,0.12382497638463974,0.101004,0.05919233,3.5439728e-06,0.011316522,0,0.21459929645061493,0.81826574,0.8824179,0.99998975,0.97688293,0,0.6615757346153259
TSBD_Healthy_06f251fee4,1,0,2,0.8724488,0.004189335,0.0801549,0.055716123,5.5202395e-06,0.011097349,0,0.12382497638463974,0.101674855,0.061674614,4.2838806e-06,0.012000543,0,0.21459929645061493,0.81817025,0.88260925,0.9999902,0.9769022,0,0.6615757346153259
TSBD_Healthy_4ac4f94767,1,0,2,0.86849934,0.0045524407,0.091119684,0.058986932,6.9283137e-06,0.012485369,0,0.12382497638463974,0.09523175,0.05911544,3.4473442e-06,0.011038435,0,0.21459929645061493,0.8136485,0.88189757,0.9999896,0.9764762,0,0.6615757346153259
TSBD_Healthy_e7cd92f08f,1,0,2,0.85584307,0.0064675976,0.068834536,0.057100404,6.087994e-06,0.010891078,0,0.12382497638463974,0.12265789,0.060471162,3.9488255e-06,0.012545552,0,0.21459929645061493,0.8085076,0.8824284,0.99999,0.9765634,0,0.6615757346153259
TSBD_Healthy_1597a65755,1,0,2,0.8492681,0.0065425243,0.06631329,0.047438532,2.879594e-06,0.008556263,0,0.12382497638463974,0.13812217,0.07496884,1.1698602e-05,0.017989287,0,0.21459929645061493,0.79556453,0.8775926,0.99998546,0.9734544,0,0.6615757346153259
TSBD_Healthy_a8ea0e137d,1,0,2,0.77630734,0.017165158,0.062990926,0.051501207,3.9661695e-06,0.009473319,0,0.12382497638463974,0.18738608,0.06875191,7.5331523e-06,0.017963644,0,0.21459929645061493,0.749623,0.87974685,0.99998856,0.972563,0,0.6615757346153259
TSBD_Healthy_fafc24f635,1,0,2,0.8571135,0.005871554,0.07386601,0.052193414,4.3122486e-06,0.010022705,0,0.12382497638463974,0.12210546,0.06706637,6.6030816e-06,0.01456784,0,0.21459929645061493,0.8040286,0.88074017,0.99998915,0.9754095,0,0.6615757346153259
TSBD_Healthy_7c877797f5,1,0,2,0.86096066,0.0055713,0.0740332,0.055078838,5.2224104e-06,0.010657758,0,0.12382497638463974,0.11694282,0.06309189,4.8480806e-06,0.013099119,0,0.21459929645061493,0.809024,0.8818293,0.99998987,0.9762431,0,0.6615757346153259
TSBD_Healthy_d249c82c7a,1,0,2,0.86271805,0.004834747,0.081097424,0.047798663,3.0298581e-06,0.009269225,0,0.12382497638463974,0.11265216,0.07492305,1.1996596e-05,0.01676358,0,0.21459929645061493,0.8062504,0.8772782,0.999985,0.9739672,0,0.6615757346153259
TSBD_Healthy_1dafd9bcec,1,0,2,0.80704963,0.013101265,0.061578505,0.053790484,4.780462e-06,0.009846703,0,0.12382497638463974,0.16382627,0.06429485,5.3954327e-06,0.015395655,0,0.21459929645061493,0.7745952,0.8819146,0.99998987,0.9747576,0,0.6615757346153259
TSBD_Healthy_727f8ba7d1,1,0,2,0.8696226,0.004436221,0.07971378,0.05604816,5.797319e-06,0.01122883,0,0.12382497638463974,0.10506973,0.062382244,4.6359532e-06,0.012411438,0,0.21459929645061493,0.8152165,0.88156956,0.9999895,0.9763598,0,0.6615757346153259
TSBD_Healthy_578fae46e9,1,0,2,0.8458853,0.00753262,0.06520558,0.053246874,4.6343434e-06,0.009843182,0,0.12382497638463974,0.13600202,0.065840855,6.0423636e-06,0.0147710405,0,0.21459929645061493,0.79879236,0.8809122,0.9999893,0.9753857,0,0.6615757346153259
TSBD_Healthy_d1980c5cf7,1,0,2,0.86755913,0.004818771,0.07505635,0.05500148,5.223214e-06,0.010677665,0,0.12382497638463974,0.11026257,0.062387906,4.572971e-06,0.012589821,0,0.21459929645061493,0.81468105,0.8826107,0.9999902,0.97673255,0,0.6615757346153259
TSBD_Healthy_5f95d3f8a2,1,0,2,0.8659635,0.0045507615,0.102386564,0.06597396,1.1650497e-05,0.01520432,0,0.12382497638463974,0.08802331,0.055474836,2.5531072e-06,0.009846039,0,0.21459929645061493,0.80959016,0.8785513,0.9999858,0.9749496,0,0.6615757346153259
TSBD_Healthy_ef7cbd4127,0,0,2,0.35589072,0.11330257,0.061039284,0.042811844,2.0747798e-06,0.008961033,0,0.12382497638463974,0.50407624,0.094992496,4.0336567e-05,0.04861499,0,0.21459929645061493,0.43488452,0.8621956,0.9999577,0.94242394,0,0.6615757346153259
TSBD_Healthy_63b700da46,1,0,1,0.60128444,0.020832477,0.07258877,0.03878225,5.599508e-06,0.008848585,0,0.12382497638463974,0.6989884,0.54722357,0.8620924,0.7013003,0,0.21459929645061493,0.22842282,0.41399422,0.13790205,0.28985113,0,0.6615757346153259
TSBD_Healthy_076f98de26,0,0,1,0.5094582,0.03784257,0.056642696,0.03476953,4.1908124e-06,0.007575181,0,0.12382497638463974,0.25720468,0.52351236,0.78464717,0.49413213,0,0.21459929645061493,0.68615264,0.4417181,0.21534866,0.49829268,0,0.6615757346153259
TSBD_Healthy_e3f6aa3d79,1,0,2,0.8720737,0.0041325716,0.085738026,0.059453376,7.245679e-06,0.012359984,0,0.12382497638463974,0.09701889,0.059075452,3.5024088e-06,0.011128028,0,0.21459929645061493,0.8172431,0.8814712,0.9999893,0.976512,0,0.6615757346153259
TSBD_Healthy_da00d5de9a,1,0,2,0.8699958,0.0044419235,0.07850281,0.057537433,6.3240655e-06,0.011496526,0,0.12382497638463974,0.10520257,0.060822953,4.0187124e-06,0.011927147,0,0.21459929645061493,0.81629467,0.88163966,0.9999896,0.97657627,0,0.6615757346153259
TSBD_Healthy_1fc6860580,0,0,1,0.48159093,0.061297946,0.059514686,0.035246916,2.9814516e-06,0.007977734,0,0.12382497638463974,0.24778974,0.5891372,0.9326168,0.5863249,0,0.21459929645061493,0.6926956,0.37561586,0.06738027,0.4056974,0,0.6615757346153259
TSBD_Healthy_93437b01b9,1,0,2,0.86858094,0.004567638,0.07377365,0.051476594,3.976179e-06,0.00975591,0,0.12382497638463974,0.11199927,0.06673625,6.4968513e-06,0.013999534,0,0.21459929645061493,0.8142271,0.88178724,0.9999895,0.97624457,0,0.6615757346153259
TSBD_Healthy_d7b2fef984,1,0,2,0.8427273,0.008186543,0.06521338,0.054527313,4.984482e-06,0.01009414,0,0.12382497638463974,0.13606773,0.062841944,4.807727e-06,0.013818648,0,0.21459929645061493,0.79871887,0.8826307,0.9999902,0.97608715,0,0.6615757346153259
TSBD_Healthy_6499b6d7a1,1,0,2,0.8722689,0.004082593,0.07726609,0.051235862,3.956641e-06,0.009875163,0,0.12382497638463974,0.1057126,0.067343116,6.621257e-06,0.013814617,0,0.21459929645061493,0.81702125,0.881421,0.9999894,0.97631025,0,0.6615757346153259
TSBD_Healthy_b2c3637e41,1,0,2,0.86844236,0.0045131613,0.0844134,0.06189072,8.568248e-06,0.012962366,0,0.12382497638463974,0.10124679,0.057824515,3.114257e-06,0.010942975,0,0.21459929645061493,0.8143398,0.8802848,0.9999883,0.97609466,0,0.6615757346153259
TSBD_Healthy_ca0105e4b8,1,1,2,0.8743881,0.003895055,0.08787419,0.060023755,7.5345874e-06,0.012607218,0,0.12382497638463974,0.09266705,0.058070112,3.1692875e-06,0.010641562,0,0.21459929645061493,0.8194587,0.8819062,0.9999893,0.97675127,1,0.6615757346153259
TSBD_Healthy_efb3b53d28,1,0,2,0.82851905,0.0048477417,0.08998527,0.045799278,3.5689845e-06,0.009949356,0,0.12382497638463974,0.15121654,0.12820597,0.00020174382,0.042493053,0,0.21459929645061493,0.7587982,0.8259948,0.99979466,0.94755757,0,0.6615757346153259
TSBD_Healthy_b6298539e0,1,0,2,0.8727369,0.004126735,0.082939886,0.05940601,7.182915e-06,0.012185074,0,0.12382497638463974,0.09850708,0.058627322,3.3375159e-06,0.011036223,0,0.21459929645061493,0.818553,0.88196665,0.9999895,0.9767787,0,0.6615757346153259
TSBD_Healthy_32b15941da,1,1,1,0.8296942,0.0073779654,0.09155008,0.0693793,5.330415e-06,0.013100468,0,0.12382497638463974,0.7704096,0.85925335,0.9999894,0.97164327,1,0.21459929645061493,0.13804032,0.07136737,5.222238e-06,0.0152562875,0,0.6615757346153259
TSBD_Healthy_0d4ffdc7b0,0,0,1,0.35129297,0.11788069,0.057287086,0.051767558,2.071753e-06,0.009906077,0,0.12382497638463974,0.3931476,0.8335124,0.9999436,0.93001115,0,0.21459929645061493,0.5495653,0.11472006,5.4273103e-05,0.060082722,0,0.6615757346153259
TSBD_Healthy_b36f28e306,1,0,2,0.8720204,0.004052983,0.090317585,0.058144614,6.6592265e-06,0.012258296,0,0.12382497638463974,0.09323627,0.061088767,4.0984105e-06,0.011501539,0,0.21459929645061493,0.81644607,0.88076663,0.9999893,0.97624016,0,0.6615757346153259
TSBD_Healthy_68a56d28bf,1,0,2,0.75685114,0.005779084,0.122228265,0.06266064,2.5082183e-05,0.018959112,0,0.12382497638463974,0.18931252,0.2257001,0.0066535217,0.12008794,0,0.21459929645061493,0.68845916,0.71163934,0.99332136,0.8609529,0,0.6615757346153259
TSBD_Healthy_b7798ab5f8,1,1,2,0.8743268,0.0035448112,0.07669606,0.046368558,2.6977818e-06,0.008722083,0,0.12382497638463974,0.105281375,0.07652384,1.3167381e-05,0.016764063,0,0.21459929645061493,0.81802255,0.8771076,0.99998415,0.9745139,1,0.6615757346153259
TSBD_Healthy_2a0f79d223,1,0,2,0.8689203,0.0045321677,0.072998896,0.051673826,4.111099e-06,0.009800299,0,0.12382497638463974,0.11233119,0.06661025,6.4074275e-06,0.013961139,0,0.21459929645061493,0.8146699,0.8817159,0.9999895,0.97623855,0,0.6615757346153259
TSBD_Healthy_8fc6471a64,1,0,2,0.8670721,0.004723098,0.08643319,0.056540847,5.922028e-06,0.011658683,0,0.12382497638463974,0.10116692,0.061548773,4.2419724e-06,0.011972371,0,0.21459929645061493,0.8124,0.8819104,0.99998975,0.97636896,0,0.6615757346153259
TSBD_Healthy_78bf1afa4b,0,0,1,0.27220115,0.16326144,0.057049554,0.049978044,1.6902524e-06,0.0100345025,0,0.12382497638463974,0.3150275,0.8411097,0.99995756,0.92761683,0,0.21459929645061493,0.6279229,0.10891231,4.0789157e-05,0.062348694,0,0.6615757346153259
TSBD_Healthy_d63c012f3e,1,0,2,0.8039281,0.012279557,0.082402244,0.05695985,6.537177e-06,0.011993974,0,0.12382497638463974,0.15805416,0.06853218,7.560886e-06,0.016855808,0,0.21459929645061493,0.75954366,0.874508,0.99998593,0.97115016,0,0.6615757346153259
TSBD_Healthy_05ab09d318,1,0,2,0.8616245,0.0054588094,0.074756,0.056253538,5.837563e-06,0.011036967,0,0.12382497638463974,0.115691595,0.06243735,4.794376e-06,0.012957231,0,0.21459929645061493,0.80955243,0.88130903,0.9999894,0.97600585,0,0.6615757346153259
TSBD_Healthy_18405215f8,1,1,2,0.8750843,0.0038904632,0.08472825,0.059931416,7.443656e-06,0.012401099,0,0.12382497638463974,0.09448415,0.05756681,3.0524475e-06,0.010585983,0,0.21459929645061493,0.8207876,0.8825017,0.9999895,0.97701293,1,0.6615757346153259
TSBD_Healthy_fe721e6a35,1,0,2,0.86470485,0.005041849,0.076281816,0.05421979,4.9297464e-06,0.010562364,0,0.12382497638463974,0.112588674,0.064100765,5.2486484e-06,0.013215969,0,0.21459929645061493,0.8111295,0.8816795,0.99998987,0.9762217,0,0.6615757346153259
TSBD_Healthy_8a0b6768d9,1,0,2,0.85989755,0.005282905,0.06556564,0.046384625,2.6915761e-06,0.00829265,0,0.12382497638463974,0.12977523,0.07535885,1.1980902e-05,0.017660888,0,0.21459929645061493,0.80465907,0.8782565,0.9999852,0.97404647,0,0.6615757346153259
TSBD_Healthy_fdb9e6ae23,1,1,2,0.87432086,0.0040027592,0.0814724,0.05805088,6.4383034e-06,0.011715857,0,0.12382497638463974,0.09824965,0.059228387,3.44849e-06,0.011141205,0,0.21459929645061493,0.820278,0.8827207,0.9999901,0.97714293,1,0.6615757346153259
TSBD_Healthy_4c66cb7f58,1,0,2,0.8712448,0.003993214,0.070941046,0.046400137,2.6709913e-06,0.008479841,0,0.12382497638463974,0.11416233,0.07455954,1.1294874e-05,0.01654402,0,0.21459929645061493,0.8148966,0.8790403,0.99998605,0.97497606,0,0.6615757346153259
TSBD_Healthy_f5058ddf56,1,0,2,0.81510913,0.0103011895,0.06590248,0.047128692,2.919909e-06,0.008647142,0,0.12382497638463974,0.1698111,0.08215742,1.8762568e-05,0.022435851,0,0.21459929645061493,0.76428646,0.8707139,0.9999784,0.9689171,0,0.6615757346153259
TSBD_Healthy_69e2554f5f,1,0,2,0.8530596,0.002414604,0.06437604,0.034586187,1.1222381e-06,0.006081345,0,0.12382497638463974,0.1386193,0.14761263,0.00045355994,0.05075674,0,0.21459929645061493,0.79700464,0.8178012,0.9995454,0.9431619,0,0.6615757346153259
TSBD_Healthy_d4f8817d0f,1,0,2,0.8518622,0.0066035055,0.070968024,0.05306528,4.4882227e-06,0.010050426,0,0.12382497638463974,0.12804574,0.06620033,6.1847577e-06,0.014553331,0,0.21459929645061493,0.80098623,0.8807343,0.9999893,0.9753962,0,0.6615757346153259
TSBD_Healthy_75d585858d,1,0,1,0.53844655,0.05600763,0.05602848,0.05045226,1.6820578e-06,0.008337742,0,0.12382497638463974,0.5653857,0.84639543,0.9999671,0.9514078,0,0.21459929645061493,0.3785859,0.103152335,3.1170955e-05,0.040254466,0,0.6615757346153259
TSBD_Healthy_cb3a9d790a,1,0,2,0.8626146,0.0046032425,0.06899857,0.04624204,2.691311e-06,0.0084353015,0,0.12382497638463974,0.12635973,0.07909883,1.5101171e-05,0.018740842,0,0.21459929645061493,0.80464166,0.8746592,0.9999821,0.97282386,0,0.6615757346153259
TSBD_Healthy_2c254df731,1,0,2,0.78925496,0.013131451,0.092783764,0.047961738,3.3325618e-06,0.010199486,0,0.12382497638463974,0.16915666,0.0858133,2.3983761e-05,0.024265474,0,0.21459929645061493,0.7380596,0.866225,0.9999727,0.96553504,0,0.6615757346153259
TSBD_Healthy_4e4bdff12a,0,0,2,0.46472627,0.06776688,0.066679694,0.040065695,2.4063681e-06,0.008901146,0,0.12382497638463974,0.49393263,0.1710915,0.0010353419,0.11595288,0,0.21459929645061493,0.43938762,0.78884286,0.9989623,0.875146,0,0.6615757346153259
TSBD_WSSV_ffd2411af1,1,0,2,0.6836056,0.009033795,0.061171547,0.034145657,3.9164993e-06,0.0072338902,0,0.12382497638463974,0.23725034,0.35204464,0.11125838,0.25825983,0,0.21459929645061493,0.7015781,0.6138097,0.88873774,0.73450625,0,0.6615757346153259
TSBD_WSSV_c6b9dfd6bd,1,0,2,0.820733,0.0062973015,0.07452138,0.03760656,2.0309242e-06,0.007461483,0,0.12382497638463974,0.12074117,0.18187732,0.0016838543,0.06885411,0,0.21459929645061493,0.80473745,0.78051615,0.99831414,0.9236844,0,0.6615757346153259
TSBD_WSSV_258e8224d8,1,0,1,0.7312299,0.02275337,0.06358206,0.065210514,4.097831e-06,0.010886988,0,0.12382497638463974,0.7154616,0.8614164,0.99998987,0.9699225,0,0.21459929645061493,0.22095633,0.07337314,6.046495e-06,0.019190505,0,0.6615757346153259
TSBD_WSSV_7759b4323e,1,1,1,0.82925504,0.007183511,0.11254503,0.07919248,8.802872e-06,0.01655021,0,0.12382497638463974,0.76758724,0.857703,0.9999883,0.97118485,1,0.21459929645061493,0.119867764,0.06310454,2.9371113e-06,0.012264892,0,0.6615757346153259
TSBD_WSSV_20ac0fab2b,1,1,0,0.88140213,0.0042017535,0.83350956,0.8935482,0.9999763,0.9758597,1,0.12382497638463974,0.089856155,0.065191105,2.1016343e-05,0.015984744,0,0.21459929645061493,0.07663433,0.04126076,2.6868613e-06,0.008155613,0,0.6615757346153259
TSBD_WSSV_73ccea8db5,1,0,0,0.5815793,0.029219227,0.6581895,0.6365073,0.8423016,0.7393522,0,0.12382497638463974,0.18172805,0.32307026,0.1576923,0.24840881,0,0.21459929645061493,0.16008247,0.040422514,6.139072e-06,0.012238974,0,0.6615757346153259
TSBD_WSSV_2ca61b4065,1,0,1,0.7820313,0.010096805,0.21827666,0.12409647,6.5318585e-05,0.039143465,0,0.12382497638463974,0.7079944,0.8267442,0.9999336,0.95308,0,0.21459929645061493,0.07372896,0.049159285,1.084992e-06,0.007776583,0,0.6615757346153259
TSBD_WSSV_0168d43459,1,1,0,0.8758534,0.005309526,0.8301458,0.9000434,0.99998724,0.9781814,1,0.12382497638463974,0.09626498,0.054695267,8.619618e-06,0.012667381,0,0.21459929645061493,0.07358928,0.045261394,4.1550775e-06,0.009151164,0,0.6615757346153259
TSBD_WSSV_a270f6228b,1,1,0,0.84746724,0.009207276,0.8126945,0.90036744,0.99998856,0.9778638,1,0.12382497638463974,0.0706196,0.05141247,6.136623e-06,0.010399356,0,0.21459929645061493,0.11668595,0.048220202,5.390632e-06,0.011736897,0,0.6615757346153259
TSBD_WSSV_3868efcb84,1,0,0,0.7255454,0.026119454,0.718874,0.8958142,0.9999858,0.9715638,0,0.12382497638463974,0.15969428,0.054322913,7.949505e-06,0.0155277215,0,0.21459929645061493,0.12143173,0.049862962,6.180945e-06,0.012908431,0,0.6615757346153259
TSBD_WSSV_98510bdd07,1,0,0,0.7694316,0.01832969,0.74041677,0.8876881,0.999961,0.96727294,0,0.12382497638463974,0.16554552,0.072691426,3.6669797e-05,0.024080679,0,0.21459929645061493,0.09403767,0.039620552,2.306681e-06,0.008646413,0,0.6615757346153259
TSBD_WSSV_365b81a0b8,1,0,0,0.663328,0.036790006,0.67938954,0.89665794,0.9999845,0.969543,0,0.12382497638463974,0.1906929,0.058341525,1.1561074e-05,0.018709032,0,0.21459929645061493,0.12991755,0.045000598,3.962214e-06,0.011748011,0,0.6615757346153259
TSBD_WSSV_4c515e509e,0,0,1,0.54035425,0.041425053,0.6073083,0.35074183,0.020834547,0.3081972,0,0.12382497638463974,0.32247955,0.6075537,0.97916335,0.68295825,0,0.21459929645061493,0.070212066,0.04170442,2.1309422e-06,0.008844525,0,0.6615757346153259
TSBD_WSSV_d5dc5a32b7,0,0,0,0.20411931,0.2021403,0.19881491,0.8112299,0.99834013,0.82596046,0,0.12382497638463974,0.59840906,0.15127704,0.0016576179,0.15858999,0,0.21459929645061493,0.20277603,0.037493113,2.229739e-06,0.015449577,0,0.6615757346153259
TSBD_WSSV_84d358870a,1,1,0,0.8444483,0.0031983498,0.7826467,0.82142234,0.9985446,0.92908615,1,0.12382497638463974,0.14983934,0.14520237,0.001454092,0.064677775,0,0.21459929645061493,0.06751402,0.03337533,1.336567e-06,0.0062360135,0,0.6615757346153259
TSBD_WSSV_b95089e484,1,0,0,0.4474685,0.083342865,0.5366928,0.8840686,0.9999598,0.95458317,0,0.12382497638463974,0.069103576,0.042191975,2.2978122e-06,0.008829499,0,0.21459929645061493,0.39420357,0.07373944,3.796143e-05,0.036587287,0,0.6615757346153259
TSBD_WSSV_ef2d938994,1,1,0,0.855932,0.007744003,0.81365395,0.8998017,0.9999881,0.9775028,1,0.12382497638463974,0.105060704,0.052898224,7.0126857e-06,0.012425923,0,0.21459929645061493,0.08128525,0.04730004,4.9428104e-06,0.010071301,0,0.6615757346153259
TSBD_WSSV_32049c3ecf,1,0,2,0.73260975,0.0058758575,0.30234638,0.23690599,0.0057371734,0.14291492,0,0.12382497638463974,0.07769736,0.04564024,2.2417778e-06,0.008811894,0,0.21459929645061493,0.61995625,0.7174537,0.99426055,0.84827316,0,0.6615757346153259
TSBD_WSSV_8b8160f809,1,1,0,0.8379188,0.006164848,0.77444166,0.85958534,0.9997131,0.95159465,1,0.12382497638463974,0.16637066,0.106708445,0.00028570413,0.042476665,0,0.21459929645061493,0.05918766,0.03370624,1.2346644e-06,0.005928723,0,0.6615757346153259
TSBD_WSSV_cdf58b2135,1,0,1,0.7406845,0.02025298,0.100522265,0.08260723,1.0861122e-05,0.017328454,0,0.12382497638463974,0.712175,0.8555277,0.9999864,0.9683768,0,0.21459929645061493,0.18730271,0.061865095,2.676125e-06,0.014294768,0,0.6615757346153259
TSBD_WSSV_aa863186fe,0,0,1,0.08287824,0.34771585,0.21654123,0.07510823,8.294672e-06,0.04132417,0,0.12382497638463974,0.0786048,0.84615755,0.9999833,0.8947554,0,0.21459929645061493,0.7048539,0.078734204,8.373938e-06,0.06392044,0,0.6615757346153259
TSBD_WSSV_dfb2880295,0,0,1,0.32894185,0.1252285,0.056388613,0.06649007,4.428021e-06,0.012564762,0,0.12382497638463974,0.43616807,0.85841155,0.9999893,0.9567438,0,0.21459929645061493,0.5074433,0.07509837,6.2620734e-06,0.030691477,0,0.6615757346153259
TSBD_WSSV_baaf0baf99,0,0,1,0.20406693,0.21161191,0.8321941,0.2535446,0.0027613211,0.2872066,0,0.12382497638463974,0.09911104,0.7052327,0.99723756,0.7018107,0,0.21459929645061493,0.06869492,0.041222725,1.0580799e-06,0.010982639,0,0.6615757346153259
TSBD_WSSV_24404c91af,1,0,1,0.76691014,0.015071504,0.15097736,0.08524472,1.186725e-05,0.0205968,0,0.12382497638463974,0.71383536,0.85418314,0.9999858,0.96708846,0,0.21459929645061493,0.13518727,0.06057218,2.3731352e-06,0.01231474,0,0.6615757346153259
TSBD_WSSV_b7563199e4,1,1,1,0.83248246,0.0073578693,0.09109279,0.075824894,7.5696917e-06,0.014562068,0,0.12382497638463974,0.777165,0.8600552,0.9999893,0.97249687,1,0.21459929645061493,0.13174221,0.06411986,3.2079922e-06,0.012941061,0,0.6615757346153259
TSBD_WSSV_11a594f754,1,1,1,0.85335773,0.004559016,0.099591106,0.07482233,7.096917e-06,0.01465782,0,0.12382497638463974,0.7909502,0.86069214,0.9999896,0.9731885,1,0.21459929645061493,0.10945873,0.064485475,3.294106e-06,0.01215366,0,0.6615757346153259
TSBD_WSSV_fc31d39bad,1,1,1,0.82922643,0.007732598,0.09278304,0.07714498,8.108344e-06,0.014993777,0,0.12382497638463974,0.7744219,0.85943156,0.9999888,0.9722065,1,0.21459929645061493,0.13279513,0.06342347,3.0497424e-06,0.012799735,0,0.6615757346153259
TSBD_WSSV_d6cd79daa1,0,0,1,0.09255069,0.3356623,0.7655875,0.08544983,1.2722107e-05,0.06951021,0,0.12382497638463974,0.097371876,0.8524651,0.9999845,0.90619874,0,0.21459929645061493,0.13704062,0.062085014,2.7617486e-06,0.024291076,0,0.6615757346153259
TSBD_WSSV_02f81ef95e,1,0,1,0.7766004,0.015382266,0.08682197,0.07653879,7.76421e-06,0.014676182,0,0.12382497638463974,0.74091226,0.85988295,0.99998915,0.97105026,0,0.21459929645061493,0.17226578,0.063578255,3.091923e-06,0.014273509,0,0.6615757346153259
TSBD_WSSV_3b11acaec9,1,0,1,0.781046,0.012995908,0.13724093,0.090857595,1.6212329e-05,0.021716371,0,0.12382497638463974,0.7260838,0.8510045,0.99998176,0.9666059,0,0.21459929645061493,0.13667528,0.058137972,2.0050154e-06,0.011677725,0,0.6615757346153259
TSBD_WSSV_c286bccb7a,1,0,1,0.7054173,0.027254065,0.06804941,0.07717534,8.080482e-06,0.013865184,0,0.12382497638463974,0.7060281,0.85752547,0.99998856,0.9696878,0,0.21459929645061493,0.22592245,0.06529924,3.3847953e-06,0.016446935,0,0.6615757346153259
TSBD_WSSV_6aa52b5d04,1,0,1,0.81704813,0.00862146,0.13486746,0.07841503,8.626198e-06,0.017564919,0,0.12382497638463974,0.7550946,0.85828537,0.99998844,0.97044027,0,0.21459929645061493,0.110037945,0.06329966,2.9610792e-06,0.011994867,0,0.6615757346153259
TSBD_WSSV_78ac1c210b,1,1,1,0.82751137,0.0072746165,0.12754548,0.07850439,8.640696e-06,0.017179651,0,0.12382497638463974,0.763953,0.85792017,0.9999883,0.97082955,1,0.21459929645061493,0.10850151,0.06357546,3.0530407e-06,0.011990819,0,0.6615757346153259
TSBD_WSSV_f4df9efeef,1,0,1,0.80404586,0.010461777,0.11084413,0.085931785,1.3288222e-05,0.018688178,0,0.12382497638463974,0.75037616,0.85396516,0.99998426,0.96905655,0,0.21459929645061493,0.13877974,0.060103063,2.4307901e-06,0.012255247,0,0.6615757346153259
TSBD_WSSV_e332624690,1,0,1,0.7703313,0.016282525,0.07967308,0.07610456,7.803295e-06,0.014244195,0,0.12382497638463974,0.7382282,0.85758114,0.99998844,0.970349,0,0.21459929645061493,0.18209869,0.066314295,3.7065136e-06,0.015406788,0,0.6615757346153259
TSBD_WSSV_de8ce5aa48,0,0,1,0.19398832,0.21452191,0.107562795,0.082956344,1.0615854e-05,0.024302494,0,0.12382497638463974,0.2692623,0.85513794,0.99998677,0.94595927,0,0.21459929645061493,0.62317485,0.061905693,2.6009786e-06,0.029738251,0,0.6615757346153259
TSBD_WSSV_2847167d0b,1,1,1,0.83228815,0.0068477206,0.11401007,0.079134494,8.773572e-06,0.016587898,0,0.12382497638463974,0.77015954,0.85846794,0.99998844,0.97149205,1,0.21459929645061493,0.11583039,0.062397566,2.7910914e-06,0.011920085,0,0.6615757346153259
TSBD_WSSV_ea8e971d58,1,0,1,0.3832861,0.096259244,0.40955862,0.086905874,1.341635e-05,0.034848806,0,0.12382497638463974,0.4523412,0.85350674,0.9999844,0.95111525,0,0.21459929645061493,0.13810022,0.05958744,2.2278186e-06,0.014035953,0,0.6615757346153259
TSBD_WSSV_2cd19b2879,1,0,2,0.8700231,0.0043186992,0.09748262,0.061496124,8.372681e-06,0.0135231605,0,0.12382497638463974,0.08776478,0.057285935,2.971476e-06,0.010263076,0,0.21459929645061493,0.8147526,0.88121796,0.9999887,0.9762138,0,0.6615757346153259
TSBD_WSSV_f00fa9ceb8,1,0,2,0.7952396,0.013718661,0.1668918,0.06963413,1.4047446e-05,0.01960756,0,0.12382497638463974,0.078267366,0.053760003,2.1866638e-06,0.00922993,0,0.21459929645061493,0.75484085,0.87660587,0.9999838,0.9711625,0,0.6615757346153259
TSBD_WSSV_6678622b35,1,0,2,0.8742586,0.00392613,0.08516055,0.05831886,6.6313382e-06,0.011997685,0,0.12382497638463974,0.09540175,0.059596326,3.7361515e-06,0.011239781,0,0.21459929645061493,0.81943774,0.8820848,0.9999896,0.97676253,0,0.6615757346153259
TSBD_WSSV_9ce26c2bf9,0,0,1,0.25284186,0.17327493,0.66302055,0.13020515,0.00010673805,0.090374306,0,0.12382497638463974,0.23971653,0.7800475,0.9998752,0.88227093,0,0.21459929645061493,0.09726288,0.089747384,1.801519e-05,0.027354775,0,0.6615757346153259
TSBD_WSSV_3319ef6f32,1,0,2,0.85840034,0.0054563805,0.11108945,0.064818546,1.0952547e-05,0.01536655,0,0.12382497638463974,0.08597763,0.05658407,2.9569155e-06,0.010170405,0,0.21459929645061493,0.8029329,0.8785974,0.99998605,0.97446305,0,0.6615757346153259
TSBD_WSSV_1bb255e74b,1,0,1,0.40156913,0.09223485,0.05691763,0.0541813,2.1265225e-06,0.009566139,0,0.12382497638463974,0.4811459,0.8514426,0.9999783,0.9506026,0,0.21459929645061493,0.4619365,0.094376154,1.956551e-05,0.039831266,0,0.6615757346153259
TSBD_WSSV_d45bc108bb,1,1,1,0.8531896,0.0044282656,0.10959747,0.0757294,7.434759e-06,0.015394953,0,0.12382497638463974,0.78899735,0.8600608,0.9999894,0.97283554,1,0.21459929645061493,0.10140517,0.06420977,3.224445e-06,0.011769509,0,0.6615757346153259
TSBD_WSSV_319f7dd222,0,0,1,0.13270357,0.28206444,0.7709316,0.08531343,1.2236188e-05,0.057978865,0,0.12382497638463974,0.17125535,0.8543163,0.99998534,0.9275335,0,0.21459929645061493,0.057812978,0.060370263,2.4151814e-06,0.014487599,0,0.6615757346153259
TSBD_WSSV_72962540b9,0,0,0,0.40106335,0.09644666,0.37263048,0.7943092,0.9977825,0.8485127,0,0.12382497638463974,0.067175455,0.03611095,1.1693359e-06,0.0075501804,0,0.21459929645061493,0.560194,0.16957979,0.002216346,0.1439371,0,0.6615757346153259
TSBD_WSSV_cbc299712b,1,1,1,0.8304609,0.0073859617,0.14366646,0.07537026,7.295974e-06,0.016937863,0,0.12382497638463974,0.77135164,0.8607232,0.9999895,0.9719714,1,0.21459929645061493,0.08498191,0.063906595,3.1905895e-06,0.011090762,0,0.6615757346153259
TSBD_WSSV_4852ce6b3e,1,0,1,0.7801791,0.015204014,0.07227586,0.07302547,6.411341e-06,0.012930632,0,0.12382497638463974,0.7484701,0.85995007,0.99998975,0.97161007,0,0.21459929645061493,0.17925394,0.06702444,3.8749113e-06,0.0154593075,0,0.6615757346153259
TSBD_WSSV_51c0f376ed,0,0,1,0.23701732,0.18840854,0.0555074,0.045902003,1.4309065e-06,0.009961094,0,0.12382497638463974,0.2365237,0.8144822,0.9998622,0.8903864,0,0.21459929645061493,0.70796895,0.13961577,0.00013634092,0.099652536,0,0.6615757346153259
TSBD_WSSV_27c4e89064,1,0,1,0.46198568,0.07481049,0.058376666,0.053223602,1.961912e-06,0.009196133,0,0.12382497638463974,0.51866376,0.84880143,0.9999752,0.95128226,0,0.21459929645061493,0.42295957,0.09797491,2.277433e-05,0.039521556,0,0.6615757346153259
TSBD_WSSV_d31ea8472c,0,0,1,0.46922612,0.06784024,0.08102097,0.04377029,2.1339347e-06,0.010069908,0,0.12382497638463974,0.36617312,0.7274367,0.99777263,0.8232918,0,0.21459929645061493,0.5528059,0.228793,0.002225252,0.16663828,0,0.6615757346153259
TSBD_WSSV_6fd089aca1,1,0,2,0.6469454,0.0067613088,0.055035498,0.032516107,3.5655137e-06,0.006591149,0,0.12382497638463974,0.28330562,0.38646173,0.19368248,0.31533533,0,0.21459929645061493,0.6616589,0.58102214,0.80631393,0.6780735,0,0.6615757346153259
TSBD_WSSV_7131cb4d1e,0,0,1,0.115047425,0.3035208,0.08952323,0.062660314,3.682174e-06,0.020087712,0,0.12382497638463974,0.13553181,0.85057914,0.99998426,0.9172129,0,0.21459929645061493,0.77494496,0.086760506,1.2007187e-05,0.062699415,0,0.6615757346153259
TSBD_WSSV_d1629a0715,1,1,1,0.8551252,0.0042586084,0.10624586,0.07545386,7.343435e-06,0.01515136,0,0.12382497638463974,0.7913335,0.8604468,0.9999895,0.9730982,1,0.21459929645061493,0.10242061,0.06409934,3.170558e-06,0.011750402,0,0.6615757346153259
TSBD_WSSV_8ecaf0ac01,1,0,1,0.81912535,0.008728016,0.10776219,0.077032164,7.8821695e-06,0.01578122,0,0.12382497638463974,0.7614155,0.85949767,0.99998915,0.9714544,0,0.21459929645061493,0.13082235,0.06347013,3.0047188e-06,0.012764425,0,0.6615757346153259
TSBD_WSSV_af3c48a08c,1,0,2,0.85955256,0.005099308,0.11601749,0.07067187,1.51516415e-05,0.01731787,0,0.12382497638463974,0.081427544,0.05304973,2.048431e-06,0.009011975,0,0.21459929645061493,0.8025549,0.87627834,0.99998283,0.9736702,0,0.6615757346153259
TSBD_WSSV_3dae79f506,1,0,2,0.8487463,0.0026729298,0.096479096,0.13043551,0.00031646577,0.039635874,0,0.12382497638463974,0.09850479,0.06809138,1.2678832e-05,0.015658878,0,0.21459929645061493,0.80501616,0.801473,0.99967086,0.9447053,0,0.6615757346153259
TSBD_WSSV_80515fe4b2,1,0,2,0.83455074,0.009026847,0.064553194,0.05401529,4.8067814e-06,0.009976747,0,0.12382497638463974,0.14456265,0.06563294,6.1077317e-06,0.015150079,0,0.21459929645061493,0.7908842,0.88035166,0.99998915,0.9748732,0,0.6615757346153259
TSBD_WSSV_aee31f5ae6,1,0,2,0.8498768,0.0044090226,0.11199762,0.10341944,9.039956e-05,0.029247921,0,0.12382497638463974,0.09647449,0.049473997,1.6359585e-06,0.008929682,0,0.21459929645061493,0.7915279,0.8471065,0.999908,0.9618224,0,0.6615757346153259
TSBD_WSSV_0ef579b068,1,0,2,0.75340855,0.018757438,0.20361774,0.079617925,2.6184165e-05,0.025697568,0,0.12382497638463974,0.07853787,0.0534228,2.314572e-06,0.00947093,0,0.21459929645061493,0.7178444,0.8669593,0.9999715,0.9648315,0,0.6615757346153259
TSBD_WSSV_f70db8236e,1,0,2,0.8200475,0.008236482,0.14467548,0.06911174,1.6948388e-05,0.0193099,0,0.12382497638463974,0.091657154,0.07941848,1.7991175e-05,0.017731797,0,0.21459929645061493,0.7636673,0.8514698,0.9999651,0.9629583,0,0.6615757346153259
TSBD_WSSV_36e3c23fc4,1,0,2,0.868735,0.0044932268,0.09819543,0.06108959,8.088851e-06,0.013429445,0,0.12382497638463974,0.088108994,0.05738984,2.9588732e-06,0.010280671,0,0.21459929645061493,0.8136956,0.8815207,0.9999889,0.9762899,0,0.6615757346153259
TSBD_WSSV_7e34390794,1,0,2,0.8708422,0.0044646636,0.07596175,0.057591997,6.2967024e-06,0.011349386,0,0.12382497638463974,0.10580485,0.059886884,3.8013343e-06,0.01172579,0,0.21459929645061493,0.8182335,0.88252115,0.99998987,0.9769248,0,0.6615757346153259
TSBD_WSSV_bd80b0d581,1,0,2,0.8394414,0.0064752745,0.1452529,0.08558523,3.546311e-05,0.024452234,0,0.12382497638463974,0.0762681,0.04947925,1.5225077e-06,0.008125728,0,0.21459929645061493,0.778479,0.8649356,0.99996305,0.967422,0,0.6615757346153259
TSBD_WSSV_a456bae923,1,0,2,0.8523345,0.00596319,0.11762278,0.06820467,1.3226269e-05,0.01670855,0,0.12382497638463974,0.08623524,0.05551682,2.6128853e-06,0.00987797,0,0.21459929645061493,0.796142,0.8762785,0.99998415,0.97341347,0,0.6615757346153259
TSBD_WSSV_b6178797f6,1,1,2,0.87483513,0.0039107874,0.08557292,0.059363324,7.143485e-06,0.012291048,0,0.12382497638463974,0.094072446,0.058064558,3.1980471e-06,0.010711613,0,0.21459929645061493,0.82035464,0.8825721,0.9999896,0.9769973,1,0.6615757346153259
TSBD_WSSV_69762898eb,1,0,2,0.8245293,0.009706666,0.086162865,0.06294237,1.0124392e-05,0.013807145,0,0.12382497638463974,0.13656881,0.06133895,4.534835e-06,0.013655582,0,0.21459929645061493,0.77726835,0.87571865,0.99998534,0.9725372,0,0.6615757346153259
TSBD_WSSV_a73de688c2,1,0,2,0.676216,0.02680602,0.066242196,0.042216197,2.7726112e-06,0.008576427,0,0.12382497638463974,0.29951462,0.124246635,0.00020508688,0.055902082,0,0.21459929645061493,0.63424313,0.83353716,0.99979216,0.9355215,0,0.6615757346153259
TSBD_WSSV_03cb710db8,1,0,2,0.84991366,0.005863337,0.063813575,0.04269999,2.0120451e-06,0.00750324,0,0.12382497638463974,0.14445862,0.08535707,2.387963e-05,0.02237086,0,0.21459929645061493,0.79172784,0.87194294,0.99997413,0.9701259,0,0.6615757346153259
TSBD_WSSV_7f2c043791,1,0,2,0.84866554,0.006381887,0.11317219,0.06589969,1.1232866e-05,0.015734663,0,0.12382497638463974,0.09419685,0.057952557,3.2641155e-06,0.010876804,0,0.21459929645061493,0.792631,0.87614775,0.9999856,0.97338855,0,0.6615757346153259
TSBD_WSSV_426ff318e2,1,0,2,0.8663108,0.005064034,0.07331913,0.058073737,6.442404e-06,0.011317298,0,0.12382497638463974,0.11124582,0.059615243,3.6463168e-06,0.011824891,0,0.21459929645061493,0.81543505,0.8823111,0.99998987,0.97685784,0,0.6615757346153259
TSBD_WSSV_3cb87dc046,1,0,2,0.8476695,0.0068886643,0.07839167,0.05692811,6.4021265e-06,0.011557901,0,0.12382497638463974,0.12583601,0.06459513,5.8485584e-06,0.014179267,0,0.21459929645061493,0.7957724,0.87847674,0.9999877,0.97426283,0,0.6615757346153259
TSBD_WSSV_4c414428d2,1,1,2,0.87504125,0.0039046723,0.08283439,0.059242323,7.022985e-06,0.012098303,0,0.12382497638463974,0.09627293,0.058248755,3.1952675e-06,0.010811071,0,0.21459929645061493,0.8208927,0.882509,0.99998975,0.97709066,1,0.6615757346153259
TSBD_WSSV_4896029d97,1,0,2,0.8733336,0.0040276903,0.09199954,0.059873044,7.3334268e-06,0.012732068,0,0.12382497638463974,0.08961887,0.0579143,3.1272373e-06,0.010480552,0,0.21459929645061493,0.8183816,0.88221264,0.9999895,0.9767874,0,0.6615757346153259
TSBD_WSSV_c549f00277,1,0,2,0.8545069,0.0062827,0.072620355,0.054483406,5.177991e-06,0.010539772,0,0.12382497638463974,0.12410287,0.064757556,5.740392e-06,0.014028204,0,0.21459929645061493,0.80327684,0.88075906,0.99998915,0.97543204,0,0.6615757346153259
TSBD_WSSV_254bdb9f4d,1,0,2,0.8738446,0.0040306533,0.08134667,0.05875427,6.8151785e-06,0.011910679,0,0.12382497638463974,0.09883255,0.05898278,3.431328e-06,0.0111349495,0,0.21459929645061493,0.81982076,0.88226295,0.99998975,0.97695434,0,0.6615757346153259
TSBD_WSSV_b0447870c0,1,0,2,0.8179244,0.0115332045,0.060952257,0.05222129,4.246181e-06,0.009427043,0,0.12382497638463974,0.15788247,0.065557934,6.0836906e-06,0.01565776,0,0.21459929645061493,0.78116524,0.8822207,0.9999896,0.9749152,0,0.6615757346153259
TSBD_WSSV_754fa3c73d,1,1,2,0.87591594,0.0038095093,0.08516311,0.059073064,6.92325e-06,0.012161889,0,0.12382497638463974,0.09334917,0.058091853,3.143157e-06,0.01064362,0,0.21459929645061493,0.82148767,0.8828351,0.99999,0.9771945,1,0.6615757346153259
TSBD_WSSV_9937a0424b,1,1,2,0.87519014,0.0038680006,0.086403966,0.059575386,7.208836e-06,0.012374033,0,0.12382497638463974,0.09296229,0.057833675,3.1004256e-06,0.010581427,0,0.21459929645061493,0.8206337,0.8825909,0.99998975,0.9770445,1,0.6615757346153259
TSBD_WSSV_6fa84e41c3,1,0,2,0.8742405,0.003950607,0.085026294,0.060098514,7.478678e-06,0.012449687,0,0.12382497638463974,0.09518425,0.0578179,3.116043e-06,0.010683355,0,0.21459929645061493,0.81978947,0.8820836,0.9999894,0.97686696,0,0.6615757346153259
TSBD_WSSV_577000701d,1,1,2,0.8745119,0.003975436,0.08157447,0.05830148,6.5519753e-06,0.011783528,0,0.12382497638463974,0.09797493,0.059067182,3.5193764e-06,0.011160673,0,0.21459929645061493,0.8204506,0.88263136,0.99998987,0.9770558,1,0.6615757346153259
TSBD_WSSV_7562704d32,1,1,2,0.8752693,0.0039012283,0.083134055,0.05780026,6.323043e-06,0.011728707,0,0.12382497638463974,0.09586876,0.05917403,3.513147e-06,0.011077942,0,0.21459929645061493,0.82099724,0.8830257,0.9999902,0.9771933,1,0.6615757346153259
TSBD_WSSV_ab987277c7,1,0,2,0.86326593,0.0049096374,0.08654946,0.0684593,1.3822721e-05,0.015090674,0,0.12382497638463974,0.10353146,0.055258516,2.655608e-06,0.010490363,0,0.21459929645061493,0.80991906,0.87628216,0.99998355,0.974419,0,0.6615757346153259
TSBD_WSSV_1beeeafcb8,1,0,2,0.8587486,0.006039368,0.071977824,0.06045534,7.887408e-06,0.011945889,0,0.12382497638463974,0.11719746,0.058225352,3.3193503e-06,0.011716534,0,0.21459929645061493,0.81082475,0.88131934,0.9999888,0.9763376,0,0.6615757346153259
TSBD_WSSV_e7254cc0d4,1,0,2,0.8734277,0.004145572,0.079055026,0.05848024,6.6906705e-06,0.011721498,0,0.12382497638463974,0.10082909,0.058809675,3.423905e-06,0.011191061,0,0.21459929645061493,0.8201159,0.88271004,0.99998987,0.97708744,0,0.6615757346153259
TSBD_WSSV_b5a8a126ab,1,0,2,0.84291905,0.0070308065,0.0625078,0.045656998,2.6180376e-06,0.008103401,0,0.12382497638463974,0.14900556,0.0800826,1.7357053e-05,0.020645486,0,0.21459929645061493,0.78848666,0.87426037,0.99998,0.97125113,0,0.6615757346153259
TSBD_WSSV_13e41ad5ef,1,1,2,0.87445956,0.0040233694,0.07984294,0.05865744,6.745899e-06,0.01179391,0,0.12382497638463974,0.09921065,0.058556613,3.3367658e-06,0.011045651,0,0.21459929645061493,0.82094646,0.8827859,0.99998987,0.97716045,1,0.6615757346153259
TSBD_WSSV_5dd3dca816,1,0,2,0.8731763,0.0042012436,0.077580445,0.057546303,6.2296995e-06,0.01139622,0,0.12382497638463974,0.102351636,0.059471764,3.6178144e-06,0.011431641,0,0.21459929645061493,0.82006794,0.8829819,0.9999902,0.9771721,0,0.6615757346153259
TSBD_WSSV_084f7a072a,1,0,2,0.8291477,0.009908525,0.06550232,0.05418903,4.9000714e-06,0.010090449,0,0.12382497638463974,0.14646502,0.063909516,5.218288e-06,0.014586026,0,0.21459929645061493,0.7880327,0.88190144,0.99998987,0.97532356,0,0.6615757346153259
TSBD_WSSV_7d1aec7b17,1,0,0,0.79436564,0.0055012996,0.77511775,0.72937214,0.98975617,0.8735269,0,0.12382497638463974,0.0703847,0.043164194,3.5585051e-06,0.008614719,0,0.21459929645061493,0.15449756,0.2274637,0.010240327,0.11785839,0,0.6615757346153259
TSBD_WSSV_93545fad41,1,0,2,0.86866206,0.004358433,0.09148508,0.06168046,8.432197e-06,0.013276302,0,0.12382497638463974,0.0955681,0.058583304,3.4163124e-06,0.010994345,0,0.21459929645061493,0.8129468,0.87973624,0.9999881,0.9757293,0,0.6615757346153259
TSBD_WSSV_ef783ed00d,1,0,2,0.64299065,0.02640386,0.3598593,0.1720979,0.0010313521,0.09708311,0,0.12382497638463974,0.06565884,0.042436354,1.0448013e-06,0.007178903,0,0.21459929645061493,0.5744819,0.7854658,0.9989675,0.89573795,0,0.6615757346153259
TSBD_WSSV_8b081aa68f,1,0,2,0.86896175,0.004394426,0.081447504,0.063265994,9.577466e-06,0.013218129,0,0.12382497638463974,0.10327965,0.057966433,3.2930395e-06,0.011154236,0,0.21459929645061493,0.8152728,0.87876767,0.9999871,0.9756276,0,0.6615757346153259
TSBD_WSSV_6afbaad0ae,1,0,2,0.56466293,0.046455473,0.30708534,0.118170746,0.00019042351,0.056908656,0,0.12382497638463974,0.14260018,0.05322343,2.7465896e-06,0.013017002,0,0.21459929645061493,0.5503145,0.8286059,0.9998068,0.93007433,0,0.6615757346153259
TSBD_WSSV_9223e4a32b,1,0,2,0.70100874,0.028091822,0.09145583,0.049643334,3.5809012e-06,0.01067589,0,0.12382497638463974,0.2198494,0.073048435,1.0862242e-05,0.021557415,0,0.21459929645061493,0.6886948,0.8773082,0.9999856,0.96776664,0,0.6615757346153259
TSBD_WSSV_98ea43065f,1,0,2,0.87131834,0.0043718396,0.07620589,0.055104535,5.2266223e-06,0.010731652,0,0.12382497638463974,0.105993785,0.062098347,4.5387037e-06,0.012356987,0,0.21459929645061493,0.81780034,0.88279706,0.9999902,0.97691137,0,0.6615757346153259
TSBD_WSSV_eb247f0a00,1,0,2,0.87363636,0.0040244763,0.08697484,0.058441203,6.6868943e-06,0.0121204145,0,0.12382497638463974,0.09410494,0.05906615,3.417446e-06,0.010946321,0,0.21459929645061493,0.8189202,0.88249266,0.99998987,0.97693324,0,0.6615757346153259
TSBD_WSSV_97fa50601b,1,1,2,0.8758716,0.0037929625,0.08725214,0.059313707,7.130778e-06,0.012361761,0,0.12382497638463974,0.09153471,0.057981946,3.1136797e-06,0.010542727,0,0.21459929645061493,0.82121307,0.8827044,0.99998975,0.97709554,1,0.6615757346153259
TSBD_WSSV_8b6c4507a2,1,0,2,0.87210023,0.003797757,0.09467653,0.06737576,1.2821045e-05,0.015190626,0,0.12382497638463974,0.08972395,0.055187557,2.6593766e-06,0.009949067,0,0.21459929645061493,0.81559956,0.8774367,0.9999845,0.97486025,0,0.6615757346153259
TSBD_WSSV_5c925439ac,1,0,2,0.8650791,0.0047082943,0.10568143,0.06364141,9.855041e-06,0.014629163,0,0.12382497638463974,0.08504862,0.05738583,3.182458e-06,0.010322944,0,0.21459929645061493,0.80927,0.8789728,0.9999869,0.9750479,0,0.6615757346153259
TSBD_WSSV_1d810bc413,1,1,2,0.87438345,0.0039692116,0.08478767,0.057340574,6.0966986e-06,0.0116880685,0,0.12382497638463974,0.09539346,0.059847303,3.6534502e-06,0.011208348,0,0.21459929645061493,0.81981885,0.88281214,0.9999902,0.9771036,1,0.6615757346153259
TSBD_WSSV_26de7fcd80,1,0,2,0.8605837,0.005387865,0.07673922,0.05466107,5.2237647e-06,0.0107673835,0,0.12382497638463974,0.11658605,0.06533598,5.977555e-06,0.013875603,0,0.21459929645061493,0.8066747,0.880003,0.9999888,0.97535706,0,0.6615757346153259
TSBD_WSSV_8aa47f5a65,1,0,1,0.7800146,0.00840315,0.11752157,0.19103831,0.00073164364,0.06160326,0,0.12382497638463974,0.7591181,0.7401317,0.9992605,0.922426,0,0.21459929645061493,0.12336035,0.06883003,7.826737e-06,0.015970778,0,0.6615757346153259
TSBD_WSSV_d889bfa7f2,1,1,1,0.84914345,0.0049610958,0.10282737,0.07609136,7.655912e-06,0.015193986,0,0.12382497638463974,0.7864308,0.85976344,0.99998915,0.9727114,1,0.21459929645061493,0.11074184,0.06414521,3.155944e-06,0.012094615,0,0.6615757346153259
TSBD_WSSV_8a85146e3e,1,0,2,0.42214432,0.09077772,0.39648208,0.059023358,7.549934e-06,0.024415838,0,0.12382497638463974,0.07237701,0.07068335,9.430543e-06,0.015265263,0,0.21459929645061493,0.5311409,0.87029326,0.9999831,0.9603189,0,0.6615757346153259
TSBD_WSSV_439d0a5c3f,1,0,2,0.872478,0.0041397884,0.08611602,0.0600923,7.5335815e-06,0.012531015,0,0.12382497638463974,0.09589376,0.057889104,3.1730285e-06,0.01076287,0,0.21459929645061493,0.81799024,0.8820187,0.9999893,0.97670615,0,0.6615757346153259
TSBD_WSSV_3f0184301c,1,0,2,0.8672469,0.004763894,0.0836461,0.058587514,6.7579385e-06,0.012020541,0,0.12382497638463974,0.10292756,0.059362315,3.613716e-06,0.011472279,0,0.21459929645061493,0.8134263,0.8820501,0.9999896,0.9765072,0,0.6615757346153259
TSBD_WSSV_00abe397a8,1,0,2,0.86712193,0.00470752,0.099152796,0.05984394,7.357173e-06,0.013105732,0,0.12382497638463974,0.08840998,0.05840874,3.2768035e-06,0.010593359,0,0.21459929645061493,0.81243724,0.8817474,0.9999894,0.9763009,0,0.6615757346153259
TSBD_WSSV_f49daeee4d,1,0,2,0.8646489,0.0050302,0.10267783,0.059330285,7.1994154e-06,0.013166601,0,0.12382497638463974,0.086704165,0.058810044,3.3961703e-06,0.010636233,0,0.21459929645061493,0.81061804,0.88185966,0.9999895,0.9761971,0,0.6615757346153259
TSBD_WSSV_e3a3f70bef,1,0,2,0.84174234,0.00732158,0.12556453,0.065038934,1.0971587e-05,0.016170003,0,0.12382497638463974,0.086181,0.059026152,3.718419e-06,0.010928496,0,0.21459929645061493,0.78825444,0.87593484,0.99998534,0.97290146,0,0.6615757346153259
TSBD_WSSV_4c6acaba53,1,0,2,0.85947996,0.0056853658,0.11118786,0.060633082,7.862439e-06,0.013934557,0,0.12382497638463974,0.08206429,0.057594273,3.0868637e-06,0.010154776,0,0.21459929645061493,0.8067478,0.88177264,0.99998903,0.9759106,0,0.6615757346153259
TSBD_WSSV_1a5ee9d7a4,1,0,2,0.8673117,0.0042908476,0.09925529,0.05849527,7.074524e-06,0.012893408,0,0.12382497638463974,0.08971058,0.064984165,6.0410875e-06,0.012642761,0,0.21459929645061493,0.8110341,0.8765206,0.9999869,0.9744638,0,0.6615757346153259
TSBD_WSSV_1d745dbab2,1,0,2,0.5068849,0.05941228,0.40989605,0.12410538,0.00021559923,0.06703364,0,0.12382497638463974,0.07293328,0.049405415,1.9856648e-06,0.009478186,0,0.21459929645061493,0.51717067,0.82648915,0.9997824,0.9234882,0,0.6615757346153259
TSBD_WSSV_04529c8937,1,0,2,0.86738527,0.004761385,0.08338506,0.055711765,5.5266023e-06,0.011274192,0,0.12382497638463974,0.10337729,0.061656028,4.362527e-06,0.01213451,0,0.21459929645061493,0.8132376,0.8826322,0.9999901,0.9765913,0,0.6615757346153259
TSBD_WSSV_eb7b8b7c67,1,0,2,0.8726712,0.0040585757,0.090864815,0.0607463,7.839902e-06,0.012936909,0,0.12382497638463974,0.091572545,0.057620205,3.0454328e-06,0.010484613,0,0.21459929645061493,0.81756264,0.8816334,0.99998903,0.97657853,0,0.6615757346153259
TSBD_WSSV_4c43a3a8a6,1,0,2,0.8688587,0.0042347927,0.09267585,0.06887749,1.3719622e-05,0.015450121,0,0.12382497638463974,0.093711026,0.053678725,2.1794986e-06,0.0095962025,0,0.21459929645061493,0.8136132,0.87744373,0.99998415,0.9749537,0,0.6615757346153259
TSBD_WSSV_417fc1cab3,1,0,2,0.87314916,0.0040340424,0.08949201,0.059491806,7.2167168e-06,0.012534469,0,0.12382497638463974,0.092345595,0.05850617,3.312013e-06,0.010763723,0,0.21459929645061493,0.81816244,0.882002,0.9999894,0.9767018,0,0.6615757346153259
TSBD_WSSV_59c834cf6e,1,0,2,0.8378894,0.0077153835,0.07582947,0.047923636,3.1392838e-06,0.009207759,0,0.12382497638463974,0.140506,0.07618128,1.348432e-05,0.018840304,0,0.21459929645061493,0.7836646,0.87589514,0.99998343,0.9719519,0,0.6615757346153259
TSBD_WSSV_97681928ee,1,0,2,0.86762786,0.004427478,0.086698376,0.053519506,4.848756e-06,0.010945164,0,0.12382497638463974,0.101686865,0.067230746,7.1911836e-06,0.013876194,0,0.21459929645061493,0.8116148,0.8792499,0.99998796,0.9751786,0,0.6615757346153259
TSBD_WSSV_0c09630268,1,0,2,0.83185166,0.007532922,0.15174174,0.084236376,3.3486318e-05,0.024419684,0,0.12382497638463974,0.07540264,0.0498299,1.568852e-06,0.008184212,0,0.21459929645061493,0.7728557,0.8659337,0.99996495,0.96739614,0,0.6615757346153259
TSBD_WSSV_919a1fc43f,1,0,2,0.76187843,0.019036792,0.19372162,0.068403274,1.3212156e-05,0.02038738,0,0.12382497638463974,0.06855379,0.05435164,2.3174136e-06,0.009022505,0,0.21459929645061493,0.73772454,0.8772452,0.9999845,0.97059005,0,0.6615757346153259
TSBD_WSSV_df52a25a1c,1,0,2,0.46961123,0.07020028,0.12895706,0.055145398,6.7789933e-06,0.01578577,0,0.12382497638463974,0.3706727,0.102080084,7.532129e-05,0.048781075,0,0.21459929645061493,0.5003703,0.84277457,0.99991786,0.9354332,0,0.6615757346153259
TSBD_WSSV_b6df8b235a,1,0,2,0.87227905,0.0041153054,0.08767739,0.057569765,6.376973e-06,0.011966417,0,0.12382497638463974,0.09511851,0.060599223,4.0619093e-06,0.011513094,0,0.21459929645061493,0.8172042,0.881831,0.9999896,0.9765205,0,0.6615757346153259
TSBD_WSSV_66dac7b3cb,1,0,2,0.8588446,0.0056981426,0.09827585,0.056617532,6.0034968e-06,0.0122674685,0,0.12382497638463974,0.0967189,0.061434384,4.4444423e-06,0.01191701,0,0.21459929645061493,0.80500525,0.8819481,0.9999896,0.97581553,0,0.6615757346153259
TSBD_WSSV_cb728bde71,1,0,2,0.518158,0.0647612,0.34854904,0.07260186,1.6967078e-05,0.029160995,0,0.12382497638463974,0.07063452,0.052686855,2.0047462e-06,0.009418806,0,0.21459929645061493,0.58081645,0.8747113,0.99998105,0.96142024,0,0.6615757346153259
TSBD_WSSV_11dccea294,1,0,2,0.8614648,0.0048029064,0.11518526,0.07197047,1.647354e-05,0.017701425,0,0.12382497638463974,0.08094024,0.0525422,2.0469756e-06,0.008948519,0,0.21459929645061493,0.8038745,0.87548727,0.9999815,0.97335005,0,0.6615757346153259
TSBD_WSSV_6c97d0a038,1,0,2,0.8697205,0.0037702825,0.10260309,0.07489606,1.93609e-05,0.017828697,0,0.12382497638463974,0.08537345,0.051472973,1.847038e-06,0.0088265445,0,0.21459929645061493,0.8120235,0.87363094,0.9999789,0.97334474,0,0.6615757346153259
TSBD_WSSV_7930144273,1,0,0,0.8052984,0.0059880908,0.78974783,0.7502502,0.9935457,0.8926294,0,0.12382497638463974,0.073637694,0.042626105,3.1979835e-06,0.008532655,0,0.21459929645061493,0.13661446,0.20712359,0.0064511043,0.09883797,0,0.6615757346153259
TSBD_WSSV_46e8a68895,1,0,2,0.8574703,0.0029454557,0.06755817,0.03855492,1.6515584e-06,0.007028478,0,0.12382497638463974,0.14030482,0.11713119,0.00014328367,0.036540683,0,0.21459929645061493,0.7921369,0.84431386,0.99985504,0.95643085,0,0.6615757346153259
TSBD_WSSV_68675dc12f,0,0,1,0.40345207,0.09343962,0.064655095,0.041343335,5.5627243e-06,0.010725869,0,0.12382497638463974,0.18464246,0.597377,0.94899917,0.57314235,0,0.21459929645061493,0.75070244,0.36127967,0.05099532,0.41613176,0,0.6615757346153259
TSBD_WSSV_33b5dd7e52,0,0,1,0.17002279,0.23884004,0.7131868,0.11898561,5.92363e-05,0.08862902,0,0.12382497638463974,0.16793865,0.8182451,0.9999374,0.8913731,0,0.21459929645061493,0.118874535,0.06276923,3.3593558e-06,0.019997837,0,0.6615757346153259
TSBD_WSSV_eaf8feba8d,1,0,2,0.7408878,0.021583728,0.18417211,0.062194653,9.373604e-06,0.018092329,0,0.12382497638463974,0.0991616,0.06398742,5.8301525e-06,0.01341821,0,0.21459929645061493,0.7166663,0.87381786,0.99998474,0.96848947,0,0.6615757346153259
TSBD_WSSV_a092abcd48,1,0,2,0.85574424,0.0054186927,0.08570421,0.04852361,3.261803e-06,0.009687733,0,0.12382497638463974,0.115641676,0.0770023,1.4162277e-05,0.01776414,0,0.21459929645061493,0.79865414,0.8744741,0.9999826,0.9725481,0,0.6615757346153259
TSBD_WSSV_8c4a48a3c8,0,0,0,0.20994233,0.20695993,0.2651269,0.86877024,0.99982244,0.90819037,0,0.12382497638463974,0.6685028,0.097241245,0.00017626022,0.08318136,0,0.21459929645061493,0.06637024,0.033988517,1.2832022e-06,0.008628305,0,0.6615757346153259
TSBD_WSSV_36e8b7c576,1,0,0,0.7417386,0.024640154,0.74338335,0.89860094,0.9999875,0.9741842,0,0.12382497638463974,0.070211664,0.049257185,4.8986253e-06,0.010011101,0,0.21459929645061493,0.18640502,0.052141827,7.654146e-06,0.015804684,0,0.6615757346153259
TSBD_WSSV_f62b02d7ce,1,1,0,0.86963725,0.0062550968,0.8273882,0.900827,0.99998796,0.97836035,1,0.12382497638463974,0.10786937,0.053712495,7.841217e-06,0.012842158,0,0.21459929645061493,0.06474237,0.045460593,4.2069914e-06,0.008797494,0,0.6615757346153259
TSBD_WSSV_7b5c5d4331,1,1,1,0.8316198,0.0070806574,0.10343385,0.08117659,9.899809e-06,0.016601803,0,0.12382497638463974,0.7729282,0.85731906,0.9999875,0.9714397,1,0.21459929645061493,0.12363802,0.06150437,2.6230107e-06,0.0119584575,0,0.6615757346153259
TSBD_WSSV_1115f3a7b9,1,0,2,0.6894176,0.020518336,0.12734796,0.24962105,0.009788862,0.11839849,0,0.12382497638463974,0.15071763,0.05943024,9.803964e-06,0.016543102,0,0.21459929645061493,0.72193444,0.6909487,0.9902013,0.8650584,0,0.6615757346153259
TSBD_WSSV_8b19cf1542,1,0,1,0.633591,0.03043244,0.3194404,0.13362834,0.000115285286,0.054954607,0,0.12382497638463974,0.5820793,0.8032108,0.9998809,0.93189144,0,0.21459929645061493,0.09848031,0.06316092,3.833662e-06,0.0131539265,0,0.6615757346153259
TSBD_WSSV_e980aeec5d,1,1,0,0.8827793,0.0045955777,0.83702636,0.9010293,0.9999887,0.9790759,1,0.12382497638463974,0.09006282,0.051696405,6.2823055e-06,0.01129791,0,0.21459929645061493,0.07291085,0.047274306,4.9927953e-06,0.00962617,0,0.6615757346153259
TSBD_WSSV_78620c7961,0,0,0,0.4315283,0.044648442,0.26991668,0.5607788,0.5331515,0.46210647,0,0.12382497638463974,0.65644306,0.40408766,0.46684462,0.5299718,0,0.21459929645061493,0.073640235,0.035133537,3.9025226e-06,0.00792172,0,0.6615757346153259
TSBD_WSSV_5cfa598cc4,1,0,0,0.82829386,0.011249035,0.7915912,0.8990121,0.99998784,0.9761979,0,0.12382497638463974,0.11116067,0.05211281,6.5388163e-06,0.012522086,0,0.21459929645061493,0.09724803,0.0488752,5.6618e-06,0.011279977,0,0.6615757346153259
TSBD_WSSV_2ab0d58abb,1,0,0,0.7727462,0.019742792,0.7646039,0.89570475,0.9999839,0.9744062,0,0.12382497638463974,0.076288514,0.058445267,1.1886074e-05,0.013181657,0,0.21459929645061493,0.15910754,0.04584994,4.1970475e-06,0.012412164,0,0.6615757346153259
TSBD_WSSV_d63f9ec96f,0,0,0,0.19059098,0.21728985,0.10365044,0.72414064,0.9889488,0.66062105,0,0.12382497638463974,0.1504749,0.042873204,3.6926183e-06,0.017322503,0,0.21459929645061493,0.74587464,0.2329862,0.011047514,0.32205644,0,0.6615757346153259
TSBD_WSSV_c6d6c44306,1,0,0,0.75668705,0.020117568,0.73163354,0.88555205,0.9999546,0.96527046,0,0.12382497638463974,0.19513342,0.0746438,4.318164e-05,0.026756352,0,0.21459929645061493,0.07323306,0.039804075,2.320385e-06,0.007973163,0,0.6615757346153259
TSBD_WSSV_0e98c598e2,0,0,2,0.3797363,0.10427718,0.07080341,0.058193903,1.059414e-05,0.015351201,0,0.12382497638463974,0.54934686,0.13919307,0.0003724476,0.09488615,0,0.21459929645061493,0.37984973,0.802613,0.99961686,0.88976264,0,0.6615757346153259
TSBD_WSSV_0e0b18da56,0,0,0,0.37770844,0.084626034,0.16140324,0.54655826,0.71965265,0.4407944,0,0.12382497638463974,0.09427092,0.044721734,8.763752e-06,0.012314293,0,0.21459929645061493,0.7443259,0.40872002,0.28033862,0.54689133,0,0.6615757346153259
TSBD_WSSV_0e04e30a96,1,0,0,0.6680094,0.03410305,0.67061085,0.87926173,0.9999405,0.9589804,0,0.12382497638463974,0.06761602,0.040370353,1.8183395e-06,0.0076362044,0,0.21459929645061493,0.2617732,0.08036792,5.7724494e-05,0.033383366,0,0.6615757346153259
TSBD_WSSV_b14315239e,1,0,0,0.43378434,0.08056745,0.48313686,0.84661907,0.9996853,0.9194602,0,0.12382497638463974,0.065315135,0.03905313,1.5806903e-06,0.007905793,0,0.21459929645061493,0.45154798,0.11432777,0.00031314662,0.072634056,0,0.6615757346153259
TSBD_WSSV_ad26e82e3c,0,0,0,0.37275547,0.107502215,0.23978117,0.6934663,0.9546785,0.65615535,0,0.12382497638463974,0.6716484,0.2655667,0.045315694,0.33209792,0,0.21459929645061493,0.08857045,0.040966984,5.82991e-06,0.011746743,0,0.6615757346153259
TSBD_WSSV_cda41068f5,1,0,0,0.8065918,0.014910344,0.7860532,0.899548,0.99998796,0.9764352,0,0.12382497638463974,0.06895595,0.051245842,6.114596e-06,0.01040029,0,0.21459929645061493,0.14499083,0.049206197,5.929409e-06,0.013164538,0,0.6615757346153259
TSBD_WSSV_f51f241a0d,1,0,0,0.35072625,0.11537337,0.48275518,0.89805657,0.99998724,0.9627592,0,0.12382497638463974,0.40124908,0.05086409,5.883262e-06,0.022296228,0,0.21459929645061493,0.11599574,0.051079262,6.9177268e-06,0.014944631,0,0.6615757346153259
TSBD_WSSV_2578508dff,1,1,0,0.8719071,0.005813946,0.82688636,0.90046966,0.99998844,0.9783575,1,0.12382497638463974,0.09185291,0.052108526,6.605483e-06,0.011575876,0,0.21459929645061493,0.08126076,0.047421873,5.032313e-06,0.010066621,0,0.6615757346153259
TSBD_WSSV_45511a46f0,1,1,0,0.8666978,0.0067687966,0.8270104,0.901343,0.99998844,0.97858226,1,0.12382497638463974,0.11123164,0.05237969,6.9562907e-06,0.012532791,0,0.21459929645061493,0.061757952,0.04627728,4.6092905e-06,0.008884926,0,0.6615757346153259
TSBD_WSSV_87146ab98c,1,1,0,0.85329354,0.008300771,0.81476146,0.90026414,0.9999875,0.9775245,1,0.12382497638463974,0.1202153,0.05444109,8.400937e-06,0.013671626,0,0.21459929645061493,0.0650232,0.045294743,4.1245207e-06,0.008803829,0,0.6615757346153259
TSBD_WSSV_e143d38f01,0,0,1,0.20970996,0.20780477,0.066206284,0.051100574,1.9189656e-06,0.012180602,0,0.12382497638463974,0.2181289,0.8225351,0.9999137,0.8980708,0,0.21459929645061493,0.71566474,0.12636435,8.433265e-05,0.08974857,0,0.6615757346153259
TSBD_WSSV_ea73217725,1,0,2,0.55263156,0.028557636,0.19919331,0.4176966,0.20358731,0.30078006,0,0.12382497638463974,0.08703057,0.05669092,1.8864755e-05,0.0143041415,0,0.21459929645061493,0.7137762,0.52561253,0.7963938,0.6849158,0,0.6615757346153259
TSBD_WSSV_7568f33745,0,0,1,0.3263667,0.13473882,0.68021435,0.1985515,0.0007328209,0.1522744,0,0.12382497638463974,0.25761664,0.75703686,0.9992661,0.83856755,0,0.21459929645061493,0.062169,0.044411663,1.1030412e-06,0.009158011,0,0.6615757346153259
TSBD_WSSV_c0b728f042,0,0,1,0.21147628,0.20231193,0.09911344,0.06210057,3.5472078e-06,0.016539156,0,0.12382497638463974,0.26832473,0.854963,0.9999857,0.9384324,0,0.21459929645061493,0.6325618,0.08293638,1.0798e-05,0.04502842,0,0.6615757346153259
TSBD_WSSV_7555e38281,1,0,2,0.53772503,0.053810097,0.15373993,0.043658648,9.8253195e-06,0.014225854,0,0.12382497638463974,0.08784454,0.31915265,0.056159716,0.16150516,0,0.21459929645061493,0.7584156,0.6371888,0.9438305,0.82426894,0,0.6615757346153259
TSBD_WSSV_d921343af4,1,0,2,0.8611536,0.0041793934,0.11809561,0.081777506,2.8617087e-05,0.02117624,0,0.12382497638463974,0.081653245,0.050600465,1.6413715e-06,0.00846561,0,0.21459929645061493,0.80025107,0.867622,0.9999697,0.9703582,0,0.6615757346153259
TSBD_WSSV_94a3c39469,1,0,0,0.5260315,0.04449652,0.47163832,0.75908697,0.9899803,0.8159333,0,0.12382497638463974,0.43281242,0.20025197,0.010015275,0.1734531,0,0.21459929645061493,0.095549256,0.0406611,4.366077e-06,0.010613616,0,0.6615757346153259
TSBD_WSSV_65692fdd3f,1,0,2,0.8450252,0.004557876,0.07385993,0.0835284,3.743623e-05,0.019341324,0,0.12382497638463974,0.13723895,0.07855688,1.8321542e-05,0.020258239,0,0.21459929645061493,0.7889011,0.8379147,0.9999442,0.96040046,0,0.6615757346153259
TSBD_WSSV_0464ee44c0,1,0,2,0.82947963,0.009435646,0.06591512,0.060793057,8.0691e-06,0.011787729,0,0.12382497638463974,0.1463795,0.06419043,5.4202e-06,0.014749213,0,0.21459929645061493,0.7877054,0.8750165,0.9999865,0.97346306,0,0.6615757346153259
TSBD_WSSV_51f7222cef,1,0,2,0.6770336,0.012684332,0.07784533,0.061079957,5.179432e-05,0.017390298,0,0.12382497638463974,0.19455448,0.33425725,0.09087401,0.22937891,0,0.21459929645061493,0.72760016,0.6046628,0.90907425,0.7532308,0,0.6615757346153259
TSBD_WSSV_148921b882,1,0,2,0.7900706,0.01243183,0.093135975,0.037277047,1.9696756e-06,0.008016821,0,0.12382497638463974,0.097886905,0.17990473,0.0014196103,0.06176466,0,0.21459929645061493,0.8089771,0.7828182,0.9985783,0.9302185,0,0.6615757346153259
TSBD_WSSV_49f573118f,1,0,2,0.75118333,0.013885124,0.24459995,0.12781258,0.00027074173,0.054772083,0,0.12382497638463974,0.074689075,0.049948223,2.112806e-06,0.008975864,0,0.21459929645061493,0.68071103,0.8222392,0.9997271,0.93625206,0,0.6615757346153259
TSBD_WSSV_f7bb98aadd,0,0,0,0.28828806,0.15398201,0.29725784,0.82583326,0.9993149,0.873455,0,0.12382497638463974,0.07126748,0.03812912,1.3996909e-06,0.008961608,0,0.21459929645061493,0.6314747,0.13603762,0.00068369845,0.117583394,0,0.6615757346153259
TSBD_WSSV_32f477127b,1,1,1,0.823694,0.0083629005,0.09402759,0.07762623,8.176109e-06,0.015166823,0,0.12382497638463974,0.76943916,0.8585535,0.9999888,0.97184604,1,0.21459929645061493,0.13653326,0.063820235,3.044578e-06,0.012987107,0,0.6615757346153259
TSBD_WSSV_6532d5dd16,1,0,0,0.832726,0.01126854,0.803333,0.9005202,0.9999875,0.97710115,0,0.12382497638463974,0.13874139,0.054604586,8.54491e-06,0.014506811,0,0.21459929645061493,0.057925586,0.044875167,3.9699003e-06,0.008392056,0,0.6615757346153259
TSBD_WSSV_399a1e23cc,1,0,2,0.7822696,0.015624212,0.057317127,0.044450015,2.2991596e-06,0.007692334,0,0.12382497638463974,0.19573626,0.07956215,1.634247e-05,0.022744102,0,0.21459929645061493,0.74694663,0.87598777,0.9999814,0.96956354,0,0.6615757346153259
TSBD_WSSV_c07e032039,1,0,2,0.8204159,0.007719109,0.076875746,0.033213235,1.0852655e-06,0.0062911734,0,0.12382497638463974,0.11161286,0.1718611,0.001084125,0.05977974,0,0.21459929645061493,0.8115114,0.79492575,0.99891484,0.93392915,0,0.6615757346153259
TSBD_WSSV_a3b514246a,1,0,2,0.6198367,0.031383548,0.066967376,0.033138268,3.126545e-06,0.0071392544,0,0.12382497638463974,0.13842925,0.3466243,0.09485345,0.20855291,0,0.21459929645061493,0.7946034,0.6202374,0.9051434,0.78430784,0,0.6615757346153259
TSBD_WSSV_9e8ca9f55f,0,0,2,0.37723342,0.0742733,0.0694307,0.032444924,3.8240464e-06,0.007861916,0,0.12382497638463974,0.13490255,0.48225135,0.61406654,0.3673565,0,0.21459929645061493,0.7956667,0.48530367,0.38592964,0.62478155,0,0.6615757346153259
TSBD_WSSV_978efa34a6,0,0,1,0.3500599,0.105815835,0.07870161,0.036781996,4.821893e-06,0.010079904,0,0.12382497638463974,0.117373645,0.53604287,0.82626015,0.4311175,0,0.21459929645061493,0.8039248,0.4271751,0.173735,0.55880255,0,0.6615757346153259
TSBD_WSSV_4575fa460f,1,0,2,0.8593549,0.0040995274,0.06531628,0.04032039,1.6265948e-06,0.007056441,0,0.12382497638463974,0.13763939,0.09538599,3.9643208e-05,0.025559243,0,0.21459929645061493,0.79704434,0.8642937,0.99995863,0.96738434,0,0.6615757346153259
TSBD_WSSV_6e2231b074,1,0,2,0.7818161,0.0025434927,0.060078602,0.032399777,1.6352348e-06,0.0061838976,0,0.12382497638463974,0.2259129,0.2549972,0.011774438,0.14698024,0,0.21459929645061493,0.7140085,0.7126031,0.9882239,0.84683585,0,0.6615757346153259
TSBD_WSSV_18c088457d,1,0,2,0.85177666,0.002877443,0.07123386,0.037183814,1.4227139e-06,0.006841698,0,0.12382497638463974,0.13506529,0.13782305,0.00031354337,0.045403115,0,0.21459929645061493,0.7937009,0.8249931,0.99968505,0.94775516,0,0.6615757346153259
TSBD_WSSV_77302aa089,1,0,2,0.74647105,0.018557657,0.103526965,0.03852153,2.5482213e-06,0.008911679,0,0.12382497638463974,0.09529859,0.20652765,0.0032551468,0.07705684,0,0.21459929645061493,0.80117446,0.75495076,0.9967424,0.91403145,0,0.6615757346153259
TSBD_WSSV_bc1451b5cd,1,0,2,0.6542142,0.036243904,0.05449962,0.0429989,2.080352e-06,0.0075747827,0,0.12382497638463974,0.28343177,0.083873235,2.1820362e-05,0.029154735,0,0.21459929645061493,0.66206855,0.87312794,0.99997616,0.9632705,0,0.6615757346153259
TSBD_WSSV_2c0825dfbc,1,1,2,0.87525874,0.0038682916,0.08688604,0.059319023,7.0556384e-06,0.012320543,0,0.12382497638463974,0.092426464,0.057935342,3.1135967e-06,0.010576902,0,0.21459929645061493,0.8206874,0.8827457,0.99998987,0.9771026,1,0.6615757346153259
TSBD_WSSV_21eca1a9bc,1,0,2,0.8339644,0.008807872,0.10476748,0.058739413,6.761195e-06,0.013170101,0,0.12382497638463974,0.111199014,0.05896013,3.4461548e-06,0.011771728,0,0.21459929645061493,0.7840336,0.8823005,0.99998975,0.9750582,0,0.6615757346153259
TSBD_WSSV_a7578fa09c,1,1,2,0.87542677,0.0038447347,0.087972395,0.059383236,7.1407208e-06,0.012408974,0,0.12382497638463974,0.09125863,0.057866145,3.1249601e-06,0.010531098,0,0.21459929645061493,0.820769,0.88275063,0.99998975,0.97705996,1,0.6615757346153259
TSBD_WSSV_8acd11d1ec,1,0,2,0.8637983,0.0048838668,0.06992853,0.048771355,3.256733e-06,0.009001297,0,0.12382497638463974,0.12165267,0.07215158,9.57208e-06,0.01616777,0,0.21459929645061493,0.80841875,0.879077,0.99998724,0.9748309,0,0.6615757346153259
TSBD_WSSV_ce8f668353,1,1,2,0.8755976,0.003852847,0.08524296,0.058722142,6.7492197e-06,0.012072682,0,0.12382497638463974,0.09357078,0.058316343,3.2063547e-06,0.01071442,0,0.21459929645061493,0.82118624,0.88296145,0.99999,0.9772129,1,0.6615757346153259
TSBD_WSSV_c5bb7f551a,1,0,2,0.8731557,0.0041828007,0.077076666,0.05528131,5.2912046e-06,0.0108092,0,0.12382497638463974,0.103403024,0.061535206,4.239565e-06,0.012026961,0,0.21459929645061493,0.8195203,0.88318354,0.99999046,0.97716385,0,0.6615757346153259
TSBD_WSSV_95dc6e27d4,1,0,2,0.82040775,0.010625944,0.13440244,0.058423772,6.8256527e-06,0.014414304,0,0.12382497638463974,0.089532234,0.06155807,4.214549e-06,0.011624602,0,0.21459929645061493,0.7760653,0.8800181,0.99998903,0.9739611,0,0.6615757346153259
TSBD_WSSV_309436940c,1,0,2,0.789538,0.011297758,0.10526272,0.038809072,1.6002634e-06,0.008377677,0,0.12382497638463974,0.16112077,0.120096564,0.00014494258,0.039810747,0,0.21459929645061493,0.7336165,0.84109443,0.9998535,0.95181155,0,0.6615757346153259
TSBD_WSSV_29362e9f5a,1,0,2,0.87092936,0.004324817,0.083278626,0.053119607,4.513233e-06,0.010580193,0,0.12382497638463974,0.100515515,0.06437297,5.3599238e-06,0.012751894,0,0.21459929645061493,0.8162058,0.8825075,0.9999901,0.97666794,0,0.6615757346153259
TSBD_WSSV_e67891395a,1,0,2,0.8690423,0.0045623183,0.07851564,0.05467829,5.0447097e-06,0.010742971,0,0.12382497638463974,0.106521934,0.063019894,4.8178013e-06,0.012625375,0,0.21459929645061493,0.8149623,0.8823018,0.9999902,0.9766317,0,0.6615757346153259
TSBD_WSSV_2653717417,1,0,2,0.8694781,0.00452561,0.09833968,0.057528596,6.214389e-06,0.012395786,0,0.12382497638463974,0.08613345,0.060100757,3.834786e-06,0.010958372,0,0.21459929645061493,0.81552684,0.8823706,0.99999,0.9766458,0,0.6615757346153259
TSBD_WSSV_c98c109e0f,1,0,2,0.87410855,0.003863242,0.07639647,0.048957493,3.203404e-06,0.009231369,0,0.12382497638463974,0.10485968,0.06977314,8.053773e-06,0.014545277,0,0.21459929645061493,0.8187438,0.88126934,0.9999887,0.9762234,0,0.6615757346153259
TSBD_WSSV_3339e18081,1,1,2,0.8744962,0.003990627,0.08194144,0.057333026,6.1026435e-06,0.011547982,0,0.12382497638463974,0.09772935,0.05968461,3.655179e-06,0.0112881465,0,0.21459929645061493,0.82032925,0.8829824,0.9999902,0.9771639,1,0.6615757346153259
TSBD_WSSV_f675da990c,1,1,2,0.874609,0.003976696,0.08165668,0.059667163,7.2146604e-06,0.012142153,0,0.12382497638463974,0.09748339,0.05782532,3.092942e-06,0.010752952,0,0.21459929645061493,0.82085997,0.8825075,0.9999896,0.9771049,1,0.6615757346153259
TSBD_WSSV_e8d0267684,1,1,2,0.87504447,0.0038200426,0.0887559,0.06172198,8.3790255e-06,0.013083095,0,0.12382497638463974,0.09105251,0.05649796,2.7616315e-06,0.010160263,0,0.21459929645061493,0.8201916,0.88178,0.9999889,0.97675663,1,0.6615757346153259
TSBD_WSSV_93ee9c6175,1,1,2,0.87520957,0.0038423548,0.08622369,0.061416205,8.211212e-06,0.012867296,0,0.12382497638463974,0.09299674,0.05654293,2.7337328e-06,0.010216314,0,0.21459929645061493,0.8207795,0.88204086,0.99998903,0.9769164,1,0.6615757346153259
TSBD_WSSV_56b93bffca,1,1,2,0.8746011,0.003867459,0.08982443,0.061062522,8.053752e-06,0.012974281,0,0.12382497638463974,0.09055585,0.05704676,2.8412935e-06,0.010245302,0,0.21459929645061493,0.8196197,0.8818907,0.99998903,0.9767804,1,0.6615757346153259
TSBD_WSSV_05e0a12846,1,0,2,0.8626924,0.0052080564,0.11109135,0.06341504,9.385506e-06,0.014717686,0,0.12382497638463974,0.08021894,0.055479817,2.4948074e-06,0.009487209,0,0.21459929645061493,0.8086897,0.8811052,0.9999881,0.9757951,0,0.6615757346153259
TSBD_WSSV_0bc0ac833f,1,0,2,0.8684642,0.004506798,0.103998266,0.0631364,9.260818e-06,0.014289385,0,0.12382497638463974,0.08251172,0.055704653,2.530241e-06,0.009608656,0,0.21459929645061493,0.81349,0.8811589,0.9999882,0.976102,0,0.6615757346153259
TSBD_WSSV_026c64bd33,1,0,2,0.86431104,0.0047490303,0.11108432,0.06786234,1.2793118e-05,0.016150191,0,0.12382497638463974,0.0807357,0.05360468,2.171099e-06,0.009110055,0,0.21459929645061493,0.80818,0.878533,0.9999851,0.9747398,0,0.6615757346153259
TSBD_WSSV_9f2b1f9f8f,1,0,2,0.7044459,0.023864564,0.21706384,0.09791926,7.282555e-05,0.036250837,0,0.12382497638463974,0.119430214,0.052869324,2.3941375e-06,0.011257099,0,0.21459929645061493,0.6635059,0.8492114,0.9999248,0.95249206,0,0.6615757346153259
TSBD_WSSV_38f10d750a,1,0,2,0.84307915,0.006833759,0.13950293,0.076614864,2.1570297e-05,0.020681364,0,0.12382497638463974,0.07348756,0.050429095,1.5998537e-06,0.008136928,0,0.21459929645061493,0.78700954,0.87295604,0.9999769,0.97118175,0,0.6615757346153259
TSBD_WSSV_76536085a9,1,0,2,0.85909325,0.0055231377,0.11670928,0.06563917,1.1009774e-05,0.01572539,0,0.12382497638463974,0.078386545,0.054617714,2.3835844e-06,0.009273977,0,0.21459929645061493,0.8049042,0.8797431,0.99998665,0.9750006,0,0.6615757346153259
TSBD_WSSV_e36aec3084,0,0,2,0.41226944,0.087509066,0.48962408,0.1268575,0.00024161236,0.07721493,0,0.12382497638463974,0.07028231,0.04923089,1.9249335e-06,0.009725665,0,0.21459929645061493,0.4400936,0.82391167,0.9997565,0.9130595,0,0.6615757346153259
TSBD_WSSV_b632ff4665,1,0,2,0.8689266,0.0040442115,0.09424424,0.07329708,1.8099154e-05,0.016900022,0,0.12382497638463974,0.0923606,0.05215434,1.9997906e-06,0.009267772,0,0.21459929645061493,0.8133952,0.8745486,0.99997985,0.9738322,0,0.6615757346153259
TSBD_WSSV_f392420764,1,1,1,0.83380234,0.0070567746,0.096342415,0.07412123,6.761233e-06,0.014376642,0,0.12382497638463974,0.77556443,0.8607365,0.99998975,0.9725208,1,0.21459929645061493,0.12809314,0.06514224,3.4530433e-06,0.013102515,0,0.6615757346153259
TSBD_WSSV_08f57edf07,1,0,2,0.8725818,0.004074352,0.08217022,0.054591984,5.1301736e-06,0.010934414,0,0.12382497638463974,0.10034968,0.06367906,5.099239e-06,0.01255281,0,0.21459929645061493,0.8174801,0.88172895,0.99998975,0.9765128,0,0.6615757346153259
TSBD_WSSV_922a715bec,1,0,2,0.8500887,0.006247863,0.08675813,0.04899331,3.451016e-06,0.0098975925,0,0.12382497638463974,0.11901535,0.07456512,1.1409599e-05,0.016963916,0,0.21459929645061493,0.7942265,0.87644154,0.9999851,0.9731385,0,0.6615757346153259
TSBD_WSSV_aa0b3c4c15,1,0,2,0.8727024,0.004001409,0.08789213,0.05037114,3.8305516e-06,0.010181307,0,0.12382497638463974,0.093664296,0.06985519,8.5378815e-06,0.014157848,0,0.21459929645061493,0.8184436,0.8797736,0.9999876,0.9756608,0,0.6615757346153259
TSBD_WSSV_daa4ba808b,1,0,2,0.8731068,0.0040357867,0.092066824,0.057621643,6.395866e-06,0.012180768,0,0.12382497638463974,0.08977642,0.0604679,3.9303877e-06,0.011193739,0,0.21459929645061493,0.8181568,0.88191044,0.9999896,0.9766255,0,0.6615757346153259
TSBD_WSSV_311dd1baf7,1,1,2,0.87506753,0.0038987752,0.086677305,0.05720605,6.1339006e-06,0.011776457,0,0.12382497638463974,0.092887715,0.059817336,3.6790368e-06,0.011113635,0,0.21459929645061493,0.820435,0.8829766,0.9999902,0.9771099,1,0.6615757346153259
TSBD_WSSV_34ee093e2e,1,0,2,0.87082106,0.0042296574,0.0999372,0.062995605,9.070204e-06,0.014008417,0,0.12382497638463974,0.08452058,0.05578544,2.5898123e-06,0.009734108,0,0.21459929645061493,0.81554216,0.88121885,0.9999883,0.97625744,0,0.6615757346153259
TSBD_WSSV_cbb32ff38a,0,0,2,0.29393342,0.14566827,0.07293405,0.04794021,3.046516e-06,0.011247037,0,0.12382497638463974,0.53332114,0.07501143,1.28092215e-05,0.036787044,0,0.21459929645061493,0.3937448,0.8770484,0.99998415,0.95196587,0,0.6615757346153259
TSBD_WSSV_9291ca740d,1,1,2,0.87438965,0.003918624,0.08984052,0.059470188,7.1754043e-06,0.012528156,0,0.12382497638463974,0.09068344,0.05822225,3.223923e-06,0.010608877,0,0.21459929645061493,0.819476,0.8823076,0.9999896,0.97686297,1,0.6615757346153259
TSBD_WSSV_73bc44153b,1,1,2,0.87485623,0.0038713212,0.091934465,0.060588483,7.735853e-06,0.012926484,0,0.12382497638463974,0.08811651,0.057035428,2.8681186e-06,0.0101634385,0,0.21459929645061493,0.81994903,0.8823761,0.9999894,0.97691005,1,0.6615757346153259
TSBD_WSSV_4491558e57,1,0,2,0.82841074,0.008251763,0.15530582,0.08243237,2.9365498e-05,0.023749452,0,0.12382497638463974,0.072668076,0.049022395,1.4162e-06,0.007857765,0,0.21459929645061493,0.7720261,0.86854523,0.99996924,0.9683927,0,0.6615757346153259
TSBD_WSSV_1ee4a00587,1,0,2,0.8725196,0.0040654624,0.09697849,0.06224622,8.688559e-06,0.013659352,0,0.12382497638463974,0.08571575,0.0561813,2.6942507e-06,0.009883898,0,0.21459929645061493,0.8173058,0.88157254,0.99998856,0.9764567,0,0.6615757346153259
TSBD_WSSV_ecb905238d,1,0,2,0.87378645,0.0039701215,0.087211415,0.059823398,7.3393944e-06,0.012492093,0,0.12382497638463974,0.09383255,0.058226477,3.1926495e-06,0.010719356,0,0.21459929645061493,0.818956,0.88195014,0.9999894,0.9767885,0,0.6615757346153259
TSBD_WSSV_ccd255a2df,1,0,2,0.8627131,0.0051813866,0.11212949,0.06401577,9.768094e-06,0.014948308,0,0.12382497638463974,0.07926138,0.055197034,2.4498308e-06,0.009392037,0,0.21459929645061493,0.8086091,0.88078713,0.9999877,0.9756596,0,0.6615757346153259
TSBD_WSSV_584c5a10d0,1,0,2,0.87175816,0.0041263257,0.092761084,0.061392132,8.244801e-06,0.013231589,0,0.12382497638463974,0.090777814,0.05735951,2.9797627e-06,0.010390795,0,0.21459929645061493,0.8164611,0.8812483,0.9999888,0.97637767,0,0.6615757346153259
TSBD_WSSV_aa58f57ab0,1,0,2,0.8596821,0.005535813,0.11043799,0.062684506,8.77118e-06,0.014432871,0,0.12382497638463974,0.08389873,0.056370933,2.7190304e-06,0.009887798,0,0.21459929645061493,0.8056633,0.88094455,0.99998844,0.97567934,0,0.6615757346153259
TSBD_WSSV_4f3b6f89a8,1,1,2,0.8752849,0.0038104323,0.09034321,0.061219133,8.067683e-06,0.013015339,0,0.12382497638463974,0.08928685,0.056635275,2.7753165e-06,0.010110448,0,0.21459929645061493,0.82036996,0.88214564,0.99998915,0.97687423,1,0.6615757346153259
TSBD_WSSV_279702ba92,1,0,2,0.8697331,0.003962856,0.09307868,0.07414839,1.9111709e-05,0.017093576,0,0.12382497638463974,0.0922515,0.051660378,1.8221873e-06,0.009051276,0,0.21459929645061493,0.81466985,0.8741912,0.99997914,0.97385514,0,0.6615757346153259
TSBD_WSSV_9dc876dd17,1,0,2,0.8681224,0.0044844113,0.09942469,0.06293742,9.17122e-06,0.014024536,0,0.12382497638463974,0.08793357,0.05641914,2.8156435e-06,0.0100991,0,0.21459929645061493,0.81264174,0.8806435,0.99998796,0.97587633,0,0.6615757346153259
TSBD_WSSV_0ce34b5766,1,0,2,0.87344044,0.0039214743,0.09359467,0.06320208,9.260561e-06,0.01375574,0,0.12382497638463974,0.08835053,0.055781145,2.6135535e-06,0.009895281,0,0.21459929645061493,0.8180548,0.88101673,0.9999881,0.976349,0,0.6615757346153259
TSBD_WSSV_6c3afb6716,1,0,2,0.8280116,0.00927893,0.14355925,0.06871541,1.3215886e-05,0.018087728,0,0.12382497638463974,0.07751673,0.053846095,2.2494394e-06,0.009167529,0,0.21459929645061493,0.778924,0.8774384,0.9999845,0.97274476,0,0.6615757346153259
TSBD_WSSV_366db07a25,1,0,2,0.8711449,0.0038159098,0.102465115,0.07102361,1.5644562e-05,0.016652664,0,0.12382497638463974,0.083544776,0.05237087,1.9432196e-06,0.00890727,0,0.21459929645061493,0.8139901,0.8766055,0.9999825,0.97444004,0,0.6615757346153259
TSBD_WSSV_b84a0005bf,1,0,2,0.86170185,0.005303741,0.109882645,0.06240596,8.8723955e-06,0.014399382,0,0.12382497638463974,0.08245459,0.0567202,2.8479271e-06,0.009938521,0,0.21459929645061493,0.8076627,0.8808739,0.9999883,0.97566205,0,0.6615757346153259
TSBD_WSSV_6624c91a73,1,0,2,0.8737514,0.003944054,0.093500726,0.061698366,8.333681e-06,0.013314737,0,0.12382497638463974,0.08789916,0.05653383,2.7444844e-06,0.01003188,0,0.21459929645061493,0.8186001,0.8817678,0.9999889,0.97665334,0,0.6615757346153259
TSBD_WSSV_8a1517bc0e,1,0,2,0.86392576,0.0050048297,0.081121676,0.06391714,1.0262589e-05,0.01346464,0,0.12382497638463974,0.10754684,0.057650857,3.3062122e-06,0.011311114,0,0.21459929645061493,0.8113315,0.87843204,0.9999864,0.97522426,0,0.6615757346153259
TSBD_WSSV_cada06cffd,1,1,2,0.8746059,0.003894119,0.08733801,0.060156833,7.718938e-06,0.012650331,0,0.12382497638463974,0.092812516,0.057715014,3.137129e-06,0.010593502,0,0.21459929645061493,0.8198495,0.8821281,0.99998915,0.97675616,1,0.6615757346153259
TSBD_WSSV_72abeff3dc,1,0,2,0.8711502,0.0041660927,0.097559586,0.06315051,9.2280825e-06,0.013954179,0,0.12382497638463974,0.08676043,0.05590084,2.6438067e-06,0.009873353,0,0.21459929645061493,0.81567997,0.8809487,0.9999882,0.97617245,0,0.6615757346153259
TSBD_WSSV_71629aa3f2,1,0,2,0.87256694,0.0039890166,0.09298958,0.06385027,9.697449e-06,0.0139213065,0,0.12382497638463974,0.08986426,0.05560806,2.598467e-06,0.009933086,0,0.21459929645061493,0.8171461,0.8805417,0.9999877,0.9761456,0,0.6615757346153259
TSBD_WSSV_bd69e16b82,0,0,2,0.16610372,0.2405567,0.10862449,0.083993636,3.7494534e-05,0.032703016,0,0.12382497638463974,0.6583661,0.06066779,4.979064e-06,0.035443198,0,0.21459929645061493,0.23300941,0.85533863,0.99995744,0.9318538,0,0.6615757346153259
TSBD_WSSV_6fd5eb945a,1,0,0,0.83108836,0.010838305,0.80121547,0.88989985,0.9999802,0.9743127,0,0.12382497638463974,0.13348797,0.050843064,5.902981e-06,0.0129153915,0,0.21459929645061493,0.06529661,0.05925716,1.3823994e-05,0.012771919,0,0.6615757346153259
TSBD_WSSV_7ed3990ccb,1,1,1,0.8325235,0.0047909915,0.08809127,0.06194542,4.091999e-06,0.011735548,0,0.12382497638463974,0.75875247,0.8369847,0.9999677,0.9621456,1,0.21459929645061493,0.15315628,0.101069905,2.8213075e-05,0.02611878,0,0.6615757346153259
TSBD_WSSV_8b1c70a3bc,1,0,1,0.8019725,0.008149525,0.086154975,0.050765216,1.8328678e-06,0.009161247,0,0.12382497638463974,0.7284233,0.83349925,0.99994314,0.9565599,0,0.21459929645061493,0.1854217,0.115735605,5.503934e-05,0.034278866,0,0.6615757346153259
TSBD_WSSV_f583f8e371,1,0,2,0.8716821,0.0041458244,0.08934031,0.062140312,8.69038e-06,0.0132676205,0,0.12382497638463974,0.09391814,0.05680071,2.9353275e-06,0.010436469,0,0.21459929645061493,0.81674165,0.88105893,0.9999883,0.9762959,0,0.6615757346153259
TSBD_WSSV_493953f127,1,1,2,0.8744779,0.0038776346,0.09005418,0.06174724,8.3807445e-06,0.013156145,0,0.12382497638463974,0.09041538,0.0564592,2.717163e-06,0.010101977,0,0.21459929645061493,0.8195304,0.88179356,0.9999889,0.97674185,1,0.6615757346153259
TSBD_WSSV_1139b0bbb2,1,0,2,0.87373686,0.003967512,0.09380155,0.061381087,8.188331e-06,0.0132507635,0,0.12382497638463974,0.08750375,0.056583453,2.7484448e-06,0.010021894,0,0.21459929645061493,0.8186947,0.88203555,0.99998903,0.9767273,0,0.6615757346153259
TSBD_WSSV_735499e204,0,0,2,0.3618526,0.10808942,0.47529575,0.084435895,3.3591736e-05,0.042948525,0,0.12382497638463974,0.067645974,0.049601506,1.6157405e-06,0.009312341,0,0.21459929645061493,0.45705825,0.8659627,0.9999647,0.9477391,0,0.6615757346153259
TSBD_WSSV_01066cc969,1,0,2,0.85457516,0.006446737,0.07279085,0.056130636,5.7584457e-06,0.010912357,0,0.12382497638463974,0.12220116,0.06190565,4.539676e-06,0.0130361905,0,0.21459929645061493,0.80500793,0.8819638,0.99998975,0.97605145,0,0.6615757346153259
TSBD_WSSV_941d089361,1,0,2,0.802881,0.010013386,0.1693972,0.09301226,5.2538788e-05,0.029451407,0,0.12382497638463974,0.08990504,0.05327519,2.5446848e-06,0.010021603,0,0.21459929645061493,0.7406977,0.8537125,0.9999449,0.96052694,0,0.6615757346153259
TSBD_WSSV_629e5c7c92,1,0,2,0.8634534,0.0050893086,0.10157665,0.060003668,7.5017765e-06,0.013303275,0,0.12382497638463974,0.08959983,0.0587995,3.4680834e-06,0.010812129,0,0.21459929645061493,0.8088235,0.88119686,0.99998903,0.9758846,0,0.6615757346153259
TSBD_WSSV_cf01831715,1,0,2,0.8644424,0.004769096,0.09103484,0.066896744,1.2301778e-05,0.01484764,0,0.12382497638463974,0.099314466,0.055413943,2.66003e-06,0.010353073,0,0.21459929645061493,0.8096507,0.87768924,0.9999851,0.9747993,0,0.6615757346153259
TSBD_WSSV_2c0f3e0b28,1,0,2,0.8637266,0.0050100954,0.10752393,0.0637593,9.654791e-06,0.014669309,0,0.12382497638463974,0.083643466,0.055612426,2.5454005e-06,0.00967653,0,0.21459929645061493,0.8088326,0.8806283,0.99998784,0.9756542,0,0.6615757346153259
TSBD_WSSV_801c0b8b82,1,0,2,0.8629317,0.0047388584,0.10881669,0.070505425,1.5278649e-05,0.016920716,0,0.12382497638463974,0.085328266,0.0528145,2.077148e-06,0.009155307,0,0.21459929645061493,0.8058551,0.8766801,0.9999827,0.973924,0,0.6615757346153259
TSBD_WSSV_f2274525f7,1,1,2,0.8756561,0.0037888698,0.088938616,0.060364217,7.6281526e-06,0.012716301,0,0.12382497638463974,0.09021801,0.05725756,2.9471169e-06,0.0103181405,0,0.21459929645061493,0.8208434,0.8823782,0.9999894,0.9769656,1,0.6615757346153259
TSBD_WSSV_2e17c58aad,1,1,2,0.87581635,0.0037611513,0.08850506,0.060675845,7.802476e-06,0.012781397,0,0.12382497638463974,0.09050476,0.057108633,2.9113435e-06,0.010292134,0,0.21459929645061493,0.82099015,0.8822156,0.9999894,0.97692645,1,0.6615757346153259
TSBD_WSSV_bb9d07b1e5,1,1,2,0.8753658,0.00387437,0.0853392,0.058617357,6.754776e-06,0.012070411,0,0.12382497638463974,0.093737364,0.058459554,3.2924893e-06,0.010790592,0,0.21459929645061493,0.8209234,0.88292307,0.99998987,0.977139,1,0.6615757346153259
TSBD_WSSV_950d6de8a1,1,0,2,0.5883538,0.034645367,0.089363776,0.035982516,5.0711947e-06,0.009054997,0,0.12382497638463974,0.14212021,0.35751465,0.126308,0.2266817,0,0.21459929645061493,0.76851606,0.60650283,0.8736869,0.7642633,0,0.6615757346153259
TSBD_WSSV_0b909fea6f,1,0,2,0.85974437,0.0055426294,0.111072026,0.06279515,9.028779e-06,0.014554938,0,0.12382497638463974,0.08307271,0.05615881,2.6626553e-06,0.00979417,0,0.21459929645061493,0.8058553,0.881046,0.9999883,0.9756509,0,0.6615757346153259
TSBD_WSSV_50b41d3123,1,1,2,0.87550074,0.0038289991,0.087263554,0.05955247,7.1759396e-06,0.012402653,0,0.12382497638463974,0.091889635,0.057834785,3.0712356e-06,0.010518007,0,0.21459929645061493,0.8208468,0.8826127,0.99998975,0.97707933,1,0.6615757346153259
TSBD_WSSV_1d66e28720,1,1,2,0.87466013,0.003971467,0.0836034,0.05873465,6.7847473e-06,0.012007521,0,0.12382497638463974,0.09587362,0.058333084,3.245778e-06,0.010836421,0,0.21459929645061493,0.820523,0.8829323,0.99999,0.97715604,1,0.6615757346153259
TSBD_WSSV_f9303a9060,1,0,2,0.8693833,0.0046097264,0.07995062,0.05995661,7.4804393e-06,0.012185926,0,0.12382497638463974,0.10331316,0.057784364,3.1333686e-06,0.01101616,0,0.21459929645061493,0.8167362,0.88225913,0.9999894,0.9767979,0,0.6615757346153259
TSBD_WSSV_ffd6ae5c1c,1,0,2,0.8742087,0.0039300527,0.09087837,0.060699806,7.743522e-06,0.012891956,0,0.12382497638463974,0.08984419,0.057124756,2.8654147e-06,0.010241544,0,0.21459929645061493,0.81927735,0.88217545,0.9999894,0.9768665,0,0.6615757346153259
TSBD_WSSV_6a97515cc2,1,0,2,0.86645716,0.004980364,0.077790245,0.059779756,7.4439463e-06,0.01205167,0,0.12382497638463974,0.107469805,0.058185387,3.2584735e-06,0.01130141,0,0.21459929645061493,0.81473994,0.8820349,0.9999894,0.97664696,0,0.6615757346153259
TSBD_WSSV_6a19d7effb,1,0,2,0.86510813,0.0048131323,0.100525126,0.06292968,9.180347e-06,0.01409749,0,0.12382497638463974,0.08977335,0.056634475,2.8187571e-06,0.010204419,0,0.21459929645061493,0.8097015,0.8804359,0.99998796,0.9756981,0,0.6615757346153259
TSBD_WSSV_9872bb742f,1,0,2,0.87353086,0.003971086,0.09272974,0.06159225,8.346224e-06,0.013270641,0,0.12382497638463974,0.08885512,0.05663155,2.7687754e-06,0.010096088,0,0.21459929645061493,0.81841516,0.8817762,0.9999889,0.9766333,0,0.6615757346153259
TSBD_WSSV_e44f2c0a8a,1,0,2,0.8645666,0.0050480207,0.0811069,0.060889706,7.8895755e-06,0.012492709,0,0.12382497638463974,0.107101336,0.058463,3.366851e-06,0.011402505,0,0.21459929645061493,0.8117918,0.88064736,0.9999888,0.97610474,0,0.6615757346153259
TSBD_WSSV_f1294af3d4,1,0,2,0.76487345,0.018412262,0.19015442,0.069171704,1.3666864e-05,0.020498216,0,0.12382497638463974,0.07255763,0.05369555,2.1766093e-06,0.009040546,0,0.21459929645061493,0.7372879,0.87713283,0.99998415,0.97046125,0,0.6615757346153259
TSBD_WSSV_264790eb51,1,0,2,0.8694201,0.0044479994,0.089311846,0.061336413,8.120224e-06,0.0130201485,0,0.12382497638463974,0.09585905,0.057082705,2.9138978e-06,0.010526997,0,0.21459929645061493,0.8148291,0.8815809,0.99998903,0.9764528,0,0.6615757346153259
TSBD_WSSV_11430ce0d0,1,0,2,0.86908215,0.004364726,0.08998638,0.06418373,1.0048698e-05,0.013910816,0,0.12382497638463974,0.09584954,0.056008875,2.738558e-06,0.01031345,0,0.21459929645061493,0.8141641,0.8798074,0.99998724,0.9757757,0,0.6615757346153259
TSBD_WSSV_74c3607b95,1,0,2,0.83882,0.008492088,0.12753238,0.05870453,6.8577847e-06,0.014095197,0,0.12382497638463974,0.07972271,0.058950238,3.4962595e-06,0.010470272,0,0.21459929645061493,0.79274493,0.88234526,0.9999896,0.9754346,0,0.6615757346153259
TSBD_WSSV_2c43cd74d0,1,0,2,0.6584031,0.036783166,0.25663266,0.066221386,1.1187716e-05,0.022031134,0,0.12382497638463974,0.0658196,0.05468276,2.3532948e-06,0.009191203,0,0.21459929645061493,0.67754775,0.87909585,0.9999864,0.9687776,0,0.6615757346153259
TSBD_WSSV_59d2b7350f,1,1,2,0.87434953,0.0038537784,0.08902887,0.0627893,9.1217635e-06,0.013429797,0,0.12382497638463974,0.09157418,0.05608168,2.6927391e-06,0.010099468,0,0.21459929645061493,0.81939703,0.881129,0.9999881,0.97647077,1,0.6615757346153259
TSBD_WSSV_5e189248db,1,0,2,0.768022,0.018049233,0.1921454,0.070293255,1.4399206e-05,0.020906465,0,0.12382497638463974,0.067069866,0.052282214,1.8906065e-06,0.008435198,0,0.21459929645061493,0.7407847,0.8774245,0.99998367,0.97065836,0,0.6615757346153259
TSBD_WSSV_9f5ca0e80d,1,0,2,0.861389,0.0048370133,0.1188704,0.073166125,1.7689126e-05,0.018285973,0,0.12382497638463974,0.0771189,0.051127825,1.7058995e-06,0.00837827,0,0.21459929645061493,0.8040106,0.875706,0.9999807,0.9733358,0,0.6615757346153259
TSBD_WSSV_b626137b45,1,0,2,0.82488716,0.010142671,0.14712621,0.065272115,1.0610441e-05,0.017040841,0,0.12382497638463974,0.071675345,0.054639973,2.3281386e-06,0.009029969,0,0.21459929645061493,0.78119844,0.8800879,0.999987,0.97392917,0,0.6615757346153259
TSBD_WSSV_27c2a5d56f,1,0,2,0.87386906,0.0039302665,0.091393895,0.06171144,8.365036e-06,0.013219109,0,0.12382497638463974,0.08982382,0.05660374,2.8212742e-06,0.010169028,0,0.21459929645061493,0.81878227,0.8816848,0.9999888,0.97661185,0,0.6615757346153259
TSBD_WSSV_eee60542d7,1,0,2,0.5691046,0.054214094,0.31150725,0.06719475,1.2153385e-05,0.02481038,0,0.12382497638463974,0.06782915,0.054543205,2.3839136e-06,0.0095645925,0,0.21459929645061493,0.62066364,0.8782621,0.99998546,0.965625,0,0.6615757346153259
TSBD_WSSV_d9ea0715c2,1,0,2,0.87331265,0.0039388575,0.09425499,0.0627552,8.993923e-06,0.013666494,0,0.12382497638463974,0.08784813,0.056138642,2.6616556e-06,0.009940836,0,0.21459929645061493,0.8178969,0.88110626,0.99998844,0.9763927,0,0.6615757346153259
TSBD_WSSV_514bb3ccf8,1,0,2,0.8563779,0.0052152514,0.1187244,0.07504853,1.9626006e-05,0.018927842,0,0.12382497638463974,0.08317769,0.051480427,1.7778443e-06,0.008724923,0,0.21459929645061493,0.79809797,0.873471,0.99997854,0.97234726,0,0.6615757346153259
TSBD_WSSV_d3cfe64d62,1,0,2,0.8676755,0.0043730447,0.10635704,0.06744302,1.2267856e-05,0.01571247,0,0.12382497638463974,0.08231456,0.053807113,2.1595522e-06,0.0091678705,0,0.21459929645061493,0.8113285,0.8787499,0.9999856,0.97511965,0,0.6615757346153259
TSBD_WSSV_f825fa69cd,1,0,2,0.821046,0.010774743,0.14760366,0.063251875,9.435736e-06,0.016440196,0,0.12382497638463974,0.07285864,0.055985652,2.6632665e-06,0.009437799,0,0.21459929645061493,0.7795377,0.88076246,0.99998796,0.974122,0,0.6615757346153259
TSBD_WSSV_b899fa53da,1,1,2,0.8746093,0.0039279964,0.08403601,0.05959588,7.2107327e-06,0.012259178,0,0.12382497638463974,0.09569568,0.058118995,3.2432677e-06,0.010812028,0,0.21459929645061493,0.8202683,0.8822851,0.9999896,0.97692883,1,0.6615757346153259
TSBD_WSSV_8b9052d96f,1,0,2,0.87375826,0.0040806253,0.08039407,0.059460964,7.1295126e-06,0.012031946,0,0.12382497638463974,0.099340424,0.05813414,3.1603518e-06,0.010899999,0,0.21459929645061493,0.8202655,0.8824049,0.9999896,0.97706807,0,0.6615757346153259
TSBD_WSSV_376e37e18c,1,0,2,0.86958903,0.004477632,0.08065769,0.062032558,8.567423e-06,0.012758762,0,0.12382497638463974,0.10270166,0.057306994,3.0349584e-06,0.01088704,0,0.21459929645061493,0.8166407,0.8806605,0.99998844,0.97635424,0,0.6615757346153259
TSBD_WSSV_33b7d18fc1,1,0,2,0.8681178,0.0045736223,0.10415129,0.06272141,8.975185e-06,0.014165619,0,0.12382497638463974,0.08249561,0.05584861,2.55124e-06,0.009635267,0,0.21459929645061493,0.81335306,0.88143,0.99998856,0.9761991,0,0.6615757346153259
TSBD_WSSV_5ae365cdb5,1,0,2,0.85135716,0.0058850143,0.12649375,0.073842846,1.8084214e-05,0.018926043,0,0.12382497638463974,0.07935326,0.052066606,1.9177076e-06,0.008769866,0,0.21459929645061493,0.794153,0.8740905,0.99998,0.97230405,0,0.6615757346153259
TSBD_WSSV_48983cce39,1,0,2,0.79004145,0.013679519,0.18365078,0.08070546,2.7051376e-05,0.024796622,0,0.12382497638463974,0.07107982,0.0493982,1.5012248e-06,0.007998732,0,0.21459929645061493,0.74526936,0.86989635,0.9999714,0.96720463,0,0.6615757346153259
TSBD_WSSV_f41afb12de,1,0,2,0.8667855,0.0046792096,0.105499886,0.063481264,9.437258e-06,0.014460684,0,0.12382497638463974,0.082691915,0.0556124,2.52753e-06,0.009613234,0,0.21459929645061493,0.81180817,0.88090634,0.9999881,0.9759261,0,0.6615757346153259
TSBD_WSSV_719214e8fc,1,0,2,0.8733185,0.0040741935,0.079806425,0.055150837,5.212555e-06,0.010901319,0,0.12382497638463974,0.10135814,0.062351167,4.5831744e-06,0.012207338,0,0.21459929645061493,0.8188354,0.88249797,0.9999902,0.97689134,0,0.6615757346153259
TSBD_WSSV_f9b891c236,1,0,2,0.8734807,0.003957626,0.09313979,0.062144633,8.706201e-06,0.013458486,0,0.12382497638463974,0.08858589,0.056316514,2.7383082e-06,0.010038334,0,0.21459929645061493,0.8182743,0.8815389,0.99998856,0.9765032,0,0.6615757346153259
TSBD_WSSV_60bf799ad0,1,0,2,0.84263784,0.007812917,0.13156934,0.06385741,9.606719e-06,0.015825786,0,0.12382497638463974,0.074312456,0.055285975,2.473877e-06,0.009258166,0,0.21459929645061493,0.79411817,0.88085663,0.99998784,0.97491604,0,0.6615757346153259
TSBD_WSSV_3221471a09,1,0,2,0.8634025,0.004982447,0.110753775,0.065730706,1.0968328e-05,0.0154196685,0,0.12382497638463974,0.08105718,0.05441718,2.286725e-06,0.009279546,0,0.21459929645061493,0.80818903,0.8798521,0.99998677,0.9753007,0,0.6615757346153259
TSBD_WSSV_81c77d6283,1,0,2,0.73407626,0.020052541,0.24291353,0.10158995,7.638822e-05,0.03814403,0,0.12382497638463974,0.06486791,0.044940643,9.95687e-07,0.0069880025,0,0.21459929645061493,0.6922186,0.8534694,0.99992263,0.95486796,0,0.6615757346153259
TSBD_WSSV_7ba0bac7cd,1,0,2,0.6922729,0.027554447,0.26625666,0.095235474,5.8107227e-05,0.036580626,0,0.12382497638463974,0.06332396,0.046055533,1.1204392e-06,0.0072442596,0,0.21459929645061493,0.67041934,0.858709,0.9999409,0.9561751,0,0.6615757346153259
TSBD_WSSV_b8b164e72b,1,0,2,0.8480251,0.006295909,0.13508236,0.075861484,2.1050686e-05,0.02021952,0,0.12382497638463974,0.07329209,0.050359175,1.6232948e-06,0.008131737,0,0.21459929645061493,0.7916256,0.8737793,0.99997723,0.9716487,0,0.6615757346153259
TSBD_WSSV_7942e3c67c,1,0,2,0.76054305,0.0047906516,0.20903063,0.27922896,0.013819895,0.15492934,0,0.12382497638463974,0.06947517,0.040324215,1.5382097e-06,0.0071420865,0,0.21459929645061493,0.7214942,0.68044674,0.98617864,0.8379286,0,0.6615757346153259
TSBD_WSSV_e572949946,1,0,2,0.8242639,0.008869577,0.15848546,0.0817223,2.8784136e-05,0.023750756,0,0.12382497638463974,0.072156265,0.049070343,1.43613e-06,0.007870466,0,0.21459929645061493,0.7693583,0.86920744,0.99996984,0.9683788,0,0.6615757346153259
TSBD_WSSV_a204c36610,1,0,0,0.8343836,0.003536731,0.7585419,0.8226489,0.999132,0.93178624,0,0.12382497638463974,0.06319773,0.03673204,1.2127429e-06,0.006321526,0,0.21459929645061493,0.17826034,0.14061914,0.000866908,0.06189223,0,0.6615757346153259
TSBD_WSSV_9c4b4f11b8,1,0,2,0.85326463,0.0050038635,0.12900537,0.08433791,3.3438202e-05,0.022907514,0,0.12382497638463974,0.078948304,0.04874237,1.4256078e-06,0.008019263,0,0.21459929645061493,0.79204637,0.8669197,0.9999651,0.96907324,0,0.6615757346153259
TSBD_WSSV_687a703a75,1,0,2,0.86176544,0.0044976487,0.11777565,0.076403394,2.2308348e-05,0.019485196,0,0.12382497638463974,0.07956798,0.051199645,1.7849579e-06,0.008560422,0,0.21459929645061493,0.8026564,0.87239695,0.9999759,0.97195435,0,0.6615757346153259
TSBD_WSSV_60273dd644,1,0,2,0.85972,0.0043767532,0.09123517,0.10302615,8.34817e-05,0.02652139,0,0.12382497638463974,0.09328985,0.04639763,1.1910137e-06,0.007978906,0,0.21459929645061493,0.8154749,0.8505762,0.99991536,0.9654997,0,0.6615757346153259
TSBD_WSSV_c29e86db5b,1,0,2,0.82856005,0.005889791,0.17096761,0.111201435,0.00012181431,0.037565693,0,0.12382497638463974,0.07101876,0.0444797,1.0236166e-06,0.007031744,0,0.21459929645061493,0.75801367,0.8443188,0.9998771,0.9554025,0,0.6615757346153259
TSBD_WSSV_79fa511ed0,1,0,2,0.7861276,0.008662706,0.13470076,0.22190006,0.003883247,0.09318891,0,0.12382497638463974,0.07804418,0.041388776,1.2045081e-06,0.0071870913,0,0.21459929645061493,0.78725505,0.73671114,0.99611557,0.899624,0,0.6615757346153259
TSBD_WSSV_58e35ef754,1,1,0,0.87319386,0.004825884,0.822766,0.89121616,0.9999763,0.97476494,1,0.12382497638463974,0.073824115,0.04423143,2.9065338e-06,0.00847591,0,0.21459929645061493,0.10340984,0.064552374,2.0804526e-05,0.016759127,0,0.6615757346153259
TSBD_WSSV_1ce4e5b49f,1,0,2,0.8350834,0.008528223,0.1020451,0.05214195,4.124174e-06,0.011205123,0,0.12382497638463974,0.11369045,0.06720072,6.620573e-06,0.01433965,0,0.21459929645061493,0.78426445,0.8806573,0.99998915,0.97445524,0,0.6615757346153259
TSBD_WSSV_ea57134108,1,0,2,0.851947,0.0047476515,0.061117668,0.03833363,1.3224296e-06,0.006482475,0,0.12382497638463974,0.15027681,0.09940656,5.0789018e-05,0.02828785,0,0.21459929645061493,0.7886055,0.86225975,0.9999479,0.9652297,0,0.6615757346153259
TSBD_WSSV_8b1af1900d,1,0,2,0.86990356,0.004210877,0.07180312,0.04771171,2.8978648e-06,0.00876907,0,0.12382497638463974,0.114211544,0.0725015,9.564483e-06,0.015812244,0,0.21459929645061493,0.8139854,0.87978673,0.9999876,0.9754187,0,0.6615757346153259
TSBD_WSSV_2f46cb1b79,1,0,2,0.86790264,0.003836386,0.10892803,0.07748641,2.3108521e-05,0.019170808,0,0.12382497638463974,0.08183416,0.050205067,1.6266822e-06,0.008391887,0,0.21459929645061493,0.8092378,0.8723085,0.9999752,0.9724373,0,0.6615757346153259
TSBD_WSSV_383e727d4a,1,0,2,0.87108934,0.004175738,0.09950397,0.063543454,9.469687e-06,0.014163277,0,0.12382497638463974,0.08485058,0.05548527,2.5075285e-06,0.009661155,0,0.21459929645061493,0.8156455,0.88097125,0.9999881,0.9761756,0,0.6615757346153259
TSBD_WSSV_b076b7af44,1,0,2,0.873364,0.003801168,0.0928364,0.066915646,1.2101966e-05,0.014854204,0,0.12382497638463974,0.08939826,0.054102466,2.2134102e-06,0.009484503,0,0.21459929645061493,0.8177654,0.8789818,0.9999856,0.9756613,0,0.6615757346153259
TSBD_WSSV_6a65b3c303,1,0,2,0.8732438,0.0040049544,0.094391376,0.061635517,8.33639e-06,0.013355648,0,0.12382497638463974,0.08749142,0.056539573,2.7534895e-06,0.010024033,0,0.21459929645061493,0.8181172,0.8818249,0.9999889,0.9766203,0,0.6615757346153259
TSBD_WSSV_d552ad13be,1,0,1,0.72502315,0.01366261,0.0598567,0.041095164,1.1525339e-06,0.0068852403,0,0.12382497638463974,0.6376558,0.78586257,0.9995272,0.9159315,0,0.21459929645061493,0.30248746,0.17304233,0.0004715944,0.07718319,0,0.6615757346153259
TSBD_WSSV_64069923e3,1,0,2,0.67640257,0.030229997,0.27683127,0.09560303,5.715695e-05,0.037211403,0,0.12382497638463974,0.06330668,0.045853425,1.0701618e-06,0.0071992823,0,0.21459929645061493,0.65986204,0.8585435,0.9999418,0.9555893,0,0.6615757346153259
